ts_utc,wall_offset_s,node,host,cpu_busy_pct,cpu_seconds_idle_cum,cpu_seconds_total_cum,mem_total_bytes,mem_available_bytes,disk_read_bytes_per_s,disk_write_bytes_per_s,disk_busy_pct,disk_read_bytes_cum,disk_write_bytes_cum,disk_io_time_seconds_cum,net_rx_bytes_per_s,net_tx_bytes_per_s,net_rx_bytes_cum,net_tx_bytes_cum,load1
2026-09-11T07:55:51.397950Z,9.375,linode-1,crdb-linode-1,,30658.48,35951.0,8322887680.0,5377728512.0,,,,2480035840.0,97461911552.0,4196.612,,,48796239675.0,4269487396.0,0.28
2026-09-11T07:55:51.698108Z,9.675,linode-2,crdb-linode-2,,30746.6,36076.95,8322887680.0,5381902336.0,,,,3105933312.0,97249370112.0,4128.524,,,48636202901.0,4181545242.0,0.63
2026-09-11T07:55:50.707689Z,8.685,azure-1,crdb-azure-1,,50284.72,55686.409999999996,8327364608.0,5373906944.0,,,,2600169984.0,85107307520.0,3669.26,,,47630157805.0,1501195026.0,0.95
2026-09-11T07:55:51.624122Z,9.601,gcp-1,crdb-gcp-1,,26417.79,35335.3,8324030464.0,4973387776.0,,,,10729134080.0,101082878976.0,1943.789,,,29692712850.0,194499603672.0,1.03
2026-09-11T07:55:51.537517Z,9.515,client-1,crdb-client-1,,33527.78,36274.54,8324026368.0,7704715264.0,,,,571320320.0,6203798528.0,19.199,,,3571778079.0,18276288559.0,0.04
2026-09-11T07:55:56.409264Z,14.387,linode-1,crdb-linode-1,1.7223910840756917,30677.88,35970.74,8322887680.0,5374046208.0,227221.94818907257,3637185.861299903,6.305690024633815,2481174528.0,97480138752.0,4196.928,21683.791345799353,77195.81374940605,48796348340.0,4269874251.0,0.26
2026-09-11T07:55:56.720868Z,14.698,linode-2,crdb-linode-2,2.247191011247651,30765.739999999998,36096.53,8322887680.0,5377564672.0,83179.10605491746,3663958.0735759228,6.1320381110309246,3106351104.0,97267773440.0,4128.831999999999,46542.76653930264,103449.07567057131,48636436676.0,4182064846.0,0.58
2026-09-11T07:55:55.654050Z,13.631,azure-1,crdb-azure-1,17.384693360400462,50301.02,55706.14,8327364608.0,5367717888.0,0.0,29050467.349798907,39.321351552360824,2600169984.0,85251003392.0,3671.205,32522404.612268206,211728.7993871139,47791027344.0,1502242326.0,0.87
2026-09-11T07:55:55.781129Z,13.758,azure-2,crdb-azure-2,,32912.82,38245.18,8327364608.0,5360930816.0,,,,2621071872.0,85831418880.0,3558.684,,,48008504908.0,1578079662.0,0.58
2026-09-11T07:55:56.959170Z,14.936,gcp-1,crdb-gcp-1,5.487179487177995,26436.22,35354.8,8324030464.0,4981612544.0,352395.11219216767,122839.25479465538,0.7122637454526132,10731014144.0,101083534336.0,1943.827,170490.44911673252,35545862.79133547,29693622434.0,194689244489.0,0.95
2026-09-11T07:55:56.682257Z,14.66,client-1,crdb-client-1,1.502253380084595,33547.45,36294.51,8324026368.0,7707881472.0,0.0,12738.447010437725,0.038874655183199054,571320320.0,6203864064.0,19.201,11829.94631880586,68744.5796130759,3571838941.0,18276642232.0,0.03
2026-09-11T07:56:01.373456Z,19.351,linode-1,crdb-linode-1,1.5067805123380018,30697.489999999998,35990.65,8322887680.0,5374246912.0,1650.1974679848274,3748423.5485275355,6.446083859309869,2481182720.0,97498746880.0,4197.248,24986.632559672606,81756.48734818384,48796472380.0,4270280111.0,0.24
2026-09-11T07:56:01.697235Z,19.675,linode-2,crdb-linode-2,2.2601707684613226,30785.2,36116.44,8322887680.0,5376045056.0,0.0,3756544.632898605,5.948050958305584,3106351104.0,97286467584.0,4129.128,52551.43211191576,111271.9576163927,48636698194.0,4182618582.0,0.54
2026-09-11T07:56:00.658431Z,18.636,azure-1,crdb-azure-1,15.486500254712954,50317.61,55725.770000000004,8327364608.0,5357731840.0,0.0,26176403.209852945,36.827288161302526,2600169984.0,85382001664.0,3673.0480000000002,26678582.14940996,192262.62272539426,47924538741.0,1503204493.0,0.8
2026-09-11T07:56:00.789807Z,18.767,azure-2,crdb-azure-2,1.210287443294089,32932.409999999996,38265.01,8327364608.0,5362192384.0,28622.14904351505,56426.52240007253,0.8385395227575595,2621215232.0,85831701504.0,3558.726,21721.16842347391,83256.59269209071,48008613703.0,1578496670.0,0.54
2026-09-11T07:56:01.576946Z,19.554,gcp-1,crdb-gcp-1,10.596707818920759,26453.6,35374.24,8324030464.0,4717350912.0,172965.17238409494,31045.030940734992,0.43310590040048486,10731812864.0,101083677696.0,1943.847,526136.6147010871,26710267.798513025,29696052032.0,194812587384.0,0.87
2026-09-11T07:56:01.562142Z,19.539,client-1,crdb-client-1,10.86394205896718,33564.68,36313.840000000004,8324026368.0,7504101376.0,10911.516310102335,23501.72743714349,0.020491880089610257,571373568.0,6203978752.0,19.202,339374.83767205925,439318.65492018784,3573495084.0,18278786099.0,0.03
2026-09-11T07:56:06.328420Z,24.306,linode-1,crdb-linode-1,17.37804878047867,30713.75,36010.33,8322887680.0,5377896448.0,6212190.571118582,37871629.91686317,51.907104245018154,2511964160.0,97686401024.0,4199.82,34176681.6314867,442617.6498380795,48965818034.0,4272473284.0,0.38
2026-09-11T07:56:06.659592Z,24.637,linode-2,crdb-linode-2,15.171706816997865,30801.75,36135.95,8322887680.0,5367779328.0,6141048.386824301,37944910.67079301,47.960819238307806,3136825344.0,97474764800.0,4131.508000000001,34484589.75540681,396656.9327695467,48807823969.0,4184586946.0,0.49
2026-09-11T07:56:05.659945Z,23.637,azure-1,crdb-azure-1,15.482233502518195,50334.26,55745.47,8327364608.0,5367390208.0,4644241.781546068,40286402.0383699,31.750145808883136,2623398400.0,85583496192.0,3674.636,23351595.440079708,141673.02939541038,48041332956.0,1503913078.0,0.74
2026-09-11T07:56:05.758716Z,23.736,azure-2,crdb-azure-2,11.689637570158274,32949.71,38284.6,8327364608.0,5347459072.0,3469541.769540851,30224333.219763566,22.741111631497077,2638455296.0,85981885440.0,3559.856,17742756.37028393,125874.26661685467,48096777004.0,1579122136.0,0.73
2026-09-11T07:56:06.856095Z,24.833,gcp-1,crdb-gcp-1,79.8421052631487,26457.43,35393.24,8324030464.0,4413755392.0,35659946.03150524,17650358.179123882,38.85052792647852,10920069120.0,101176857600.0,1945.8980000000001,2850404.702453421,117538792.55262917,29711099910.0,195433099064.0,3.68
2026-09-11T07:56:06.524820Z,24.502,client-1,crdb-client-1,36.456102783688124,33576.55,36332.52,8324026368.0,7502962688.0,0.0,8253.563814525744,0.020150302281510032,571373568.0,6204019712.0,19.203,11468912.085061777,2319886.7709126715,3630411908.0,18290299012.0,0.03
2026-09-11T07:56:11.344918Z,29.322,linode-1,crdb-linode-1,11.491935483848792,30731.31,36030.17,8322887680.0,5373517824.0,5723651.055817624,31294735.75854178,32.293134216845395,2540677120.0,97843392512.0,4201.4400000000005,27337302.262100603,282109.03305186325,49102956874.0,4273888497.0,0.51
2026-09-11T07:56:11.636786Z,29.614,linode-2,crdb-linode-2,12.728194726175913,30818.96,36155.67,8322887680.0,5371101184.0,5652806.860917615,46114526.89742022,35.20017192674858,3164960768.0,97704288256.0,4133.259999999999,27364345.033559807,271389.3072709837,48944023112.0,4185937718.0,0.45
2026-09-11T07:56:10.655423Z,28.633,azure-1,crdb-azure-1,18.727735368956832,50350.23,55765.12,8327364608.0,5365075968.0,6262636.654727139,60340397.5772034,43.95921711657919,2654683648.0,85884929024.0,3676.832,30563604.75590037,172835.19059445156,48194014647.0,1504776483.0,0.76
2026-09-11T07:56:10.773722Z,28.751,azure-2,crdb-azure-2,17.41318570708944,32966.12,38304.47,8327364608.0,5364920320.0,6878595.13358095,61603528.44282555,41.25580386613786,2672951808.0,86290830336.0,3561.925,32558858.878058054,150496.14763051082,48260061373.0,1579876882.0,0.76
2026-09-11T07:56:11.627569Z,29.605,gcp-1,crdb-gcp-1,95.85767392459499,26458.21,35412.07,8324030464.0,4304171008.0,33543919.90072281,15233657.55344014,54.25950330501366,11080124416.0,101249545216.0,1948.487,2483409.682698675,133409340.29997268,29722949535.0,196069663649.0,10.19
2026-09-11T07:56:11.610441Z,29.588,client-1,crdb-client-1,32.57820927724158,33589.05,36351.06,8324026368.0,7497973760.0,0.0,252896.24267036092,0.3146101745003847,571373568.0,6205305856.0,19.219,9463725.737110112,1871415.167484976,3678541188.0,18299816391.0,0.19
2026-09-11T07:56:16.333751Z,34.311,linode-1,crdb-linode-1,12.119675456404233,30748.64,36049.89,8322887680.0,5377335296.0,5455722.983659474,49818263.23589008,37.523489764876096,2567895040.0,98091929600.0,4203.312000000001,26874716.845082927,299072.0352796392,49237031477.0,4275380530.0,0.63
2026-09-11T07:56:16.644237Z,34.622,linode-2,crdb-linode-2,12.997481108303766,30836.23,36175.52,8322887680.0,5370068992.0,5789624.019489274,48411007.05982667,36.585190810873705,3193952256.0,97946705920.0,4135.092000000001,26618904.15409218,267856.9168552089,49077317025.0,4187279009.0,0.42
2026-09-11T07:56:15.670866Z,33.648,azure-1,crdb-azure-1,16.835699797157776,50366.630000000005,55784.840000000004,8327364608.0,5366407168.0,6496620.028101725,57165356.21961842,42.00992152884556,2687267328.0,86171640832.0,3678.939,30239907.705504846,159276.61985475657,48345682356.0,1505575332.0,0.7
2026-09-11T07:56:15.796441Z,33.774,azure-2,crdb-azure-2,18.84205180294596,32982.1,38324.159999999996,8327364608.0,5364219904.0,6887621.709697623,63511113.70743081,42.02875202218399,2707546624.0,86609830912.0,3564.036,32268071.104665555,168546.64396929578,48422135893.0,1580723450.0,0.69
2026-09-11T07:56:16.571899Z,34.549,gcp-1,crdb-gcp-1,94.56869009584399,26459.23,35430.85,8324030464.0,4218437632.0,32292401.238908995,15150861.349334462,50.86574448670457,11239790592.0,101324456960.0,1951.002,2440028.347280974,129192687.28441045,29735013983.0,196708442481.0,14.98
2026-09-11T07:56:16.569297Z,34.547,client-1,crdb-client-1,33.00865800868379,33601.43,36369.54,8324026368.0,7505219584.0,0.0,152807.25173268773,0.14115957059339274,571373568.0,6206063616.0,19.226,9712033.955651112,1925851.9193414715,3726702455.0,18309366550.0,0.57
2026-09-11T07:56:21.347196Z,39.325,linode-1,crdb-linode-1,12.563323201601728,30765.9,36069.63,8322887680.0,5375729664.0,5904426.535445071,51882482.7323791,39.09451160749722,2597496832.0,98352041984.0,4205.272,26887844.355290473,273994.08406306023,49371833455.0,4276754197.0,0.74
2026-09-11T07:56:21.662789Z,39.64,linode-2,crdb-linode-2,13.693784739780924,30853.309999999998,36195.31,8322887680.0,5367275520.0,5974329.45243485,52130105.29862278,38.656263133302176,3223934976.0,98208325632.0,4137.032,27553040.414997455,284416.24563056586,49215594484.0,4188706378.0,0.38
2026-09-11T07:56:20.669717Z,38.647,azure-1,crdb-azure-1,15.529531568243382,50383.22,55804.48,8327364608.0,5365841920.0,6267440.212222336,54095489.97397289,39.20862949799659,2718597632.0,86442058752.0,3680.899,28465044.522998035,154753.860056225,48487976254.0,1506348931.0,0.64
2026-09-11T07:56:20.811703Z,38.789,azure-2,crdb-azure-2,16.10772357722666,32998.61,38343.84,8327364608.0,5362950144.0,6772876.891660212,56888735.75815451,35.411516818326085,2741514752.0,86895145984.0,3565.8120000000004,30472933.966872633,172184.9115239991,48574967332.0,1581587012.0,0.64
2026-09-11T07:56:21.601089Z,39.579,gcp-1,crdb-gcp-1,91.73819742488776,26460.77,35449.49,8324030464.0,4162281472.0,33346429.094053544,27167273.233937673,48.755047468261736,11407497216.0,101461087232.0,1953.454,2370193.426744068,121621805.634879,29746934214.0,197320105648.0,17.87
2026-09-11T07:56:21.589993Z,39.568,client-1,crdb-client-1,32.90253096392395,33613.89,36388.11,8324026368.0,7530659840.0,0.0,5710.717796070737,0.039834806055229606,571373568.0,6206092288.0,19.228,9489366.832982937,1901945.6788196086,3774346050.0,18318915715.0,1.41
2026-09-11T07:56:26.558158Z,44.536,linode-1,crdb-linode-1,12.613521695257502,30783.22,36089.45,8322887680.0,5381808128.0,5462879.751199745,48251769.68156817,35.30975558610726,2625964032.0,98603483136.0,4207.112,24598174.12274209,293923.5868215641,49500015142.0,4278285840.0,1.16
2026-09-11T07:56:26.679871Z,44.657,linode-2,crdb-linode-2,13.20081549439246,30870.34,36214.93,8322887680.0,5364547584.0,5589907.742678892,50465102.55673332,37.15269073259408,3251980288.0,98461515776.0,4138.896,25185190.367631044,289919.94582000753,49341951940.0,4190160945.0,0.43
2026-09-11T07:56:25.659842Z,43.637,azure-1,crdb-azure-1,14.771573604043887,50400.01,55824.18,8327364608.0,5355159552.0,5609443.255201944,47651539.17727446,34.54793534327818,2746589696.0,86679847936.0,3682.623,26031947.034051623,156419.58475375126,48617880042.0,1507129491.0,0.59
2026-09-11T07:56:25.924798Z,43.902,azure-2,crdb-azure-2,13.812436289531306,33015.52,38363.46,8327364608.0,5350567936.0,5336743.409244848,46848308.02453576,31.252770376664916,2768802304.0,87134688256.0,3567.4100000000003,24817269.133998834,156567.9698929391,48701861670.0,1582387567.0,0.59
2026-09-11T07:56:26.607827Z,44.585,gcp-1,crdb-gcp-1,86.22151563328997,26463.37,35468.36,8324030464.0,4118921216.0,33356045.826000966,26538889.132403094,45.39848732000718,11574503424.0,101593961472.0,1955.727,2410154.361369227,110456850.691126,29759001314.0,197873138219.0,17.88
2026-09-11T07:56:26.590129Z,44.568,client-1,crdb-client-1,32.70777479891726,33626.44,36406.76,8324026368.0,7530049536.0,0.0,7372.521993982689,0.019999245860366503,571373568.0,6206129152.0,19.229,9520796.185997538,1904872.7702933156,3821951826.0,18328440438.0,1.38
2026-09-11T07:56:31.346190Z,49.324,linode-1,crdb-linode-1,11.569826707460606,30800.57,36109.07,8322887680.0,5386424320.0,5782066.051369201,47671462.16579378,37.59353447597075,2653648896.0,98831736832.0,4208.912,24901511.33579103,298007.28943849896,49619245007.0,4279712716.0,1.07
2026-09-11T07:56:31.621888Z,49.599,linode-2,crdb-linode-2,13.06558210472769,30887.44,36234.6,8322887680.0,5360463872.0,5727867.832261849,45356325.730072305,36.17925851085613,3280287744.0,98685669376.0,4140.684,24409693.47653689,271143.9150887091,49462586065.0,4191500954.0,0.72
2026-09-11T07:56:30.726235Z,48.704,azure-1,crdb-azure-1,16.462167689169462,50416.35,55843.74,8327364608.0,5363937280.0,5861315.764561694,47518697.4749852,41.44922920790351,2776285696.0,86920598528.0,3684.723,24009664.382847495,155681.33113207287,48739523547.0,1507918241.0,0.54
2026-09-11T07:56:30.782808Z,48.76,azure-2,crdb-azure-2,14.11764705883185,33032.31,38383.01,8327364608.0,5361311744.0,6153225.517249644,48486371.584060736,33.94373912755946,2798694912.0,87370236928.0,3569.059,25367923.01238551,164545.82623650128,48825100023.0,1583186937.0,0.62
2026-09-11T07:56:31.604892Z,49.583,gcp-1,crdb-gcp-1,91.93981730252577,26464.87,35486.97,8324030464.0,4086517760.0,33842645.53012748,22502474.029708143,46.606876638444035,11743619072.0,101706408960.0,1958.056,2358947.326608022,106094009.69315071,29770789249.0,198403302363.0,24.3
2026-09-11T07:56:31.596214Z,49.574,client-1,crdb-client-1,33.242950108454586,33638.75,36425.2,8324026368.0,7527571456.0,0.0,17182.186615439303,0.019975570376976726,571373568.0,6206215168.0,19.23,9516625.405109057,1888129.6646360639,3869593146.0,18337892632.0,1.51
2026-09-11T07:56:36.690760Z,54.668,linode-1,crdb-linode-1,10.471464019853249,30818.61,36129.22,8322887680.0,5391626240.0,5041218.153471531,46857731.88500401,31.43337083093716,2680592384.0,99082174464.0,4210.592,21031331.235600453,230124.45626696688,49731649867.0,4280942648.0,0.98
2026-09-11T07:56:36.719205Z,54.697,linode-2,crdb-linode-2,10.346559517834997,30905.29,36254.51,8322887680.0,5362327552.0,5196563.796101094,48461352.40127739,30.447046557401855,3306776576.0,98932695040.0,4142.236000000001,21573808.848931406,232094.38314912916,49572555849.0,4192684026.0,0.74
2026-09-11T07:56:35.776237Z,53.754,azure-1,crdb-azure-1,16.044399596363125,50432.990000000005,55863.560000000005,8327364608.0,5366157312.0,5223351.370472997,49105180.438283645,36.51441463551956,2802663936.0,87168582656.0,3686.567,21908976.698180087,143502.04555245378,48850165203.0,1508642935.0,0.66
2026-09-11T07:56:35.974103Z,53.952,azure-2,crdb-azure-2,15.392405063258717,33049.020000000004,38402.76,8327364608.0,5360984064.0,5019642.7333231475,47905160.043453045,33.4787294131153,2824753664.0,87618929664.0,3570.797,21028204.339235008,132631.6305676056,48934264916.0,1583875475.0,0.97
2026-09-11T07:56:36.709564Z,54.687,gcp-1,crdb-gcp-1,92.51449657352765,26466.29,35505.94,8324030464.0,4068798464.0,31236476.009608924,26431728.43465097,51.12924078397592,11903072256.0,101841335296.0,1960.666,2131362.1692673946,94893609.06282505,29781669237.0,198887706817.0,29.16
2026-09-11T07:56:36.645223Z,54.623,client-1,crdb-client-1,30.13404825738435,33651.78,36443.85,8324026368.0,7526109184.0,0.0,8112.402726951824,0.019805670720121432,571373568.0,6206256128.0,19.231,8912781.17371069,1779600.3176098464,3914594304.0,18346877939.0,1.63
2026-09-11T07:56:41.321535Z,59.299,linode-1,crdb-linode-1,8.978963571063026,30836.35,36148.71,8322887680.0,5397647360.0,5009860.491430582,41958466.124998674,28.504693192698443,2703792128.0,99276476416.0,4211.912,20414068.13517687,227260.79265198004,49826183668.0,4281995051.0,0.9
2026-09-11T07:56:41.643209Z,59.621,linode-2,crdb-linode-2,10.48843187659404,30922.7,36273.96,8322887680.0,5362466816.0,4822156.707411438,37730444.01151769,26.238595537246596,3330521088.0,99118481408.0,4143.528,19470534.828952402,223287.6048305947,49668429620.0,4193783504.0,0.84
2026-09-11T07:56:40.637654Z,58.615,azure-1,crdb-azure-1,11.435897435918118,50450.259999999995,55883.06,8327364608.0,5368430592.0,4586822.990021277,37767988.12466821,26.144447389748777,2824962560.0,87352189952.0,3687.838,19312278.576444864,159225.85559821,48944050936.0,1509417004.0,0.61
2026-09-11T07:56:40.871860Z,58.85,azure-2,crdb-azure-2,11.842776927004195,33066.29,38422.35,8327364608.0,5356650496.0,4730075.459125291,38579887.03684015,25.92999549483296,2847920640.0,87807886336.0,3572.067,19701669.7872003,149051.12678050954,49030759806.0,1584605498.0,0.89
2026-09-11T07:56:41.598931Z,59.577,gcp-1,crdb-gcp-1,94.17211328976211,26467.36,35524.3,8324030464.0,4053192704.0,30817523.131269064,28212187.09032398,55.466797997913716,12053751808.0,101979276288.0,1963.378,1944638.940692793,86769051.03992847,29791177377.0,199311956413.0,27.14
2026-09-11T07:56:41.585426Z,59.563,client-1,crdb-client-1,28.820010875452972,33664.87,36462.24,8324026368.0,7511097344.0,0.0,0.0,0.0,571373568.0,6206256128.0,19.231,8097069.3298850795,1611224.8456146752,3954595843.0,18354837791.0,1.82
2026-09-11T07:56:46.480798Z,64.459,linode-1,crdb-linode-1,9.277833500511367,30854.44,36168.65,8322887680.0,5385883648.0,4181508.5220186533,25425667.72853036,24.344415922422954,2725365760.0,99407654912.0,4213.168,17066526.40854389,202531.7789019602,49914234896.0,4283039972.0,1.07
2026-09-11T07:56:46.790120Z,64.768,linode-2,crdb-linode-2,11.105552776376948,30940.47,36293.95,8322887680.0,5350895616.0,4401605.850605578,25139527.90103602,22.926066678313248,3353176064.0,99247874048.0,4144.7080000000005,17183635.452393517,194342.90721110883,49756873443.0,4194783783.0,0.77
2026-09-11T07:56:45.668093Z,63.646,azure-1,crdb-azure-1,13.702770780826635,50467.39,55902.909999999996,8327364608.0,5364043776.0,4663134.882413777,27644972.154306363,30.514005940987403,2848420352.0,87491257344.0,3689.373,18584516.355850928,145914.00064356922,49037539915.0,1510151021.0,0.56
2026-09-11T07:56:45.801652Z,63.779,azure-2,crdb-azure-2,12.772427774980565,33083.5,38442.08,8327364608.0,5362327552.0,4631216.722784356,26669792.892833702,26.552648045953593,2870751744.0,87939363840.0,3573.376,18426770.374388967,148776.37347683246,49121600623.0,1585338940.0,0.9
2026-09-11T07:56:46.787411Z,64.765,gcp-1,crdb-gcp-1,94.32475039412415,26468.44,35543.33,8324030464.0,4034736128.0,36078610.51800305,28646110.451769654,57.2607854839649,12240947200.0,102127907840.0,1966.349,1687518.3275297203,74533333.94077809,29799933137.0,199698675759.0,30.01
2026-09-11T07:56:46.783658Z,64.761,client-1,crdb-client-1,27.27759914256608,33678.44,36480.9,8324026368.0,7519285248.0,0.0,158380.67590624638,0.2693234830106481,571373568.0,6207079424.0,19.245,6947275.424330901,1394224.9576494324,3990709239.0,18362085265.0,1.91
2026-09-11T07:56:51.364360Z,69.342,linode-1,crdb-linode-1,10.317060895803298,30872.26,36188.52,8322887680.0,5382410240.0,4937559.7979660425,29592648.60737827,31.69781606009169,2749478912.0,99552174080.0,4214.715999999999,21738641.759950235,263470.07656923216,50020398101.0,4284326659.0,0.99
2026-09-11T07:56:51.722327Z,69.7,linode-2,crdb-linode-2,9.633027522950066,30958.2,36313.57,8322887680.0,5345968128.0,4820798.957339147,29423897.9943985,26.84385185990648,3376953344.0,99392999424.0,4146.032,21164062.213441696,228254.24555585525,49861259425.0,4195909585.0,0.71
2026-09-11T07:56:50.677727Z,68.655,azure-1,crdb-azure-1,17.29019211323789,50483.75,55922.689999999995,8327364608.0,5363052544.0,4432352.399380273,26938335.086216908,40.86135551383802,2870624768.0,87626208256.0,3691.42,19960044.96812791,153924.5465664004,49137532222.0,1510922125.0,0.51
2026-09-11T07:56:50.804149Z,68.782,azure-2,crdb-azure-2,15.481593545099791,33100.26,38461.909999999996,8327364608.0,5363531776.0,4506592.183114498,27532461.618715134,37.20114088180685,2893296128.0,88077095936.0,3575.237,20155543.14749855,146539.11199787917,49222429428.0,1586072007.0,0.91
2026-09-11T07:56:52.169271Z,70.147,gcp-1,crdb-gcp-1,96.09416800428167,26469.17,35562.02,8324030464.0,4021215232.0,36124877.29794045,13830136.73488758,51.39442050363704,12435367936.0,102202340352.0,1969.115,1914403.8873662702,85201634.26422584,29810236281.0,200157223045.0,28.33
2026-09-11T07:56:51.872910Z,69.851,client-1,crdb-client-1,29.67986977754248,33691.4,36499.33,8324026368.0,7517802496.0,0.0,0.0,0.0,571373568.0,6207079424.0,19.245,8364780.11886457,1657362.934755897,4033280593.0,18370520177.0,1.76
2026-09-11T07:56:56.382547Z,74.36,linode-1,crdb-linode-1,12.430800201312731,30889.66,36208.39,8322887680.0,5377036288.0,4952034.254364695,39742788.83785584,33.796797155906965,2774329344.0,99751612416.0,4216.412,27354367.987136103,286014.16396872204,50157668529.0,4285761943.0,0.91
2026-09-11T07:56:56.709455Z,74.687,linode-2,crdb-linode-2,11.910795742519165,30975.579999999998,36333.299999999996,8322887680.0,5330182144.0,5097033.721626533,39833408.878325306,30.07717527660275,3402373120.0,99591655424.0,4147.532,27854558.4454121,260276.64603161693,50000174856.0,4197207629.0,0.66
2026-09-11T07:56:55.700252Z,73.678,azure-1,crdb-azure-1,25.050607287468907,50498.56,55942.45,8327364608.0,5357604864.0,4959914.007749673,42208199.49015124,62.357620785271706,2895536640.0,87838204928.0,3694.552,27033469.68467798,130766.83762344101,49273311660.0,1511578920.0,0.47
2026-09-11T07:56:55.828400Z,73.806,azure-2,crdb-azure-2,29.791560752446422,33114.07,38481.58,8327364608.0,5364326400.0,5140888.00022597,42710295.326964565,69.3031531880084,2919125504.0,88291685376.0,3578.719,28008651.221198346,124943.31511554336,49363153362.0,1586699760.0,1.08
2026-09-11T07:56:56.636341Z,74.614,gcp-1,crdb-gcp-1,94.5989304812738,26470.18,35580.72,8324030464.0,4012011520.0,37311558.87457521,19132581.035016377,61.80744869897078,12602042368.0,102287807488.0,1971.876,2422047.6638885806,134132275.16047077,29821055808.0,200756405214.0,28.7
2026-09-11T07:56:56.861362Z,74.839,client-1,crdb-client-1,30.760986066447625,33704.32,36517.99,8324026368.0,7514525696.0,0.0,9853.054554921104,0.040092181619936704,571373568.0,6207128576.0,19.247,8869310.689903092,1758395.5766161787,4077525183.0,18379291940.0,1.62
2026-09-11T07:57:01.368219Z,79.346,linode-1,crdb-linode-1,12.037037037055054,30906.76,36227.83,8322887680.0,5372665856.0,5289939.512178326,43449142.87631234,37.30656620610991,2800703488.0,99968237568.0,4218.272000000001,27912206.618002705,303996.5661891234,50296830906.0,4287277584.0,1.07
2026-09-11T07:57:01.691920Z,79.67,linode-2,crdb-linode-2,12.116564417188236,30992.77,36352.86,8322887680.0,5331128320.0,5345960.710865635,43054590.236839294,31.47009971749233,3429009408.0,99806175232.0,4149.1,27747004.482639845,264606.3385066037,50138424507.0,4198526032.0,0.84
2026-09-11T07:57:00.680947Z,78.659,azure-1,crdb-azure-1,27.587965323794272,50512.76,55962.06,8327364608.0,5367521280.0,5240133.4201040445,42551824.16140043,64.44832907939434,2921636352.0,88050144256.0,3697.762,27582551.9099781,134186.44048356847,49410693021.0,1512247267.0,0.51
2026-09-11T07:57:00.846435Z,78.824,azure-2,crdb-azure-2,26.393110435661924,33128.6,38501.32,8327364608.0,5357412352.0,5095013.23622989,42110178.28534124,60.54096983070542,2944692736.0,88502998016.0,3581.757,27097791.948545583,143168.63258190596,49499132505.0,1587418193.0,1.31
2026-09-11T07:57:01.635266Z,79.613,gcp-1,crdb-gcp-1,96.03429796355057,26470.920000000002,35599.380000000005,8324030464.0,3989757952.0,32319224.57510045,17177269.647916183,54.85137068888174,12763604992.0,102373676032.0,1974.618,2199163.0864973543,119031786.68881354,29832049344.0,201351440771.0,35.7
2026-09-11T07:57:01.595019Z,79.573,client-1,crdb-client-1,30.342577487735976,33717.130000000005,36536.38,8324026368.0,7504314368.0,0.0,12113.971121834813,0.021125089149430835,571373568.0,6207185920.0,19.248,9325395.76759501,1860352.034570218,4121668882.0,18388098303.0,1.49
2026-09-11T07:57:06.385152Z,84.363,linode-1,crdb-linode-1,2.4660291897052877,30926.14,36247.7,8322887680.0,5372485632.0,587011.7191114824,11252826.87693124,7.33509515143925,2803648512.0,100024692736.0,4218.64,2904938.063798821,97496.96854293565,50311404912.0,4287766724.0,0.99
2026-09-11T07:57:06.702683Z,84.681,linode-2,crdb-linode-2,3.3049574361533107,31012.08,36372.83,8322887680.0,5331410944.0,615524.9730409458,11461189.438256443,5.1089390192704025,3432093696.0,99863605248.0,4149.356000000001,2784951.9094727556,119572.12336278192,50152379414.0,4199125187.0,0.78
2026-09-11T07:57:05.674710Z,83.652,azure-1,crdb-azure-1,7.175341081345077,50531.130000000005,55981.85,8327364608.0,5367918592.0,1045001.4323389982,13652279.309144652,17.442376825246114,2926854656.0,88118318080.0,3698.633,5279803.059352172,94414.72465038503,49437058169.0,1512718735.0,0.47
2026-09-11T07:57:05.824684Z,83.803,azure-2,crdb-azure-2,7.989949748725589,33146.91,38521.22,8327364608.0,5361881088.0,909985.4848445607,12921629.33045554,16.933509067281836,2949222912.0,88567325696.0,3582.6,4396442.339083326,94156.33657391451,49521019291.0,1587886931.0,1.21
2026-09-11T07:57:06.629492Z,84.607,gcp-1,crdb-gcp-1,40.58408862032603,26482.72,35619.24,8324030464.0,4819857408.0,3180488.339249998,28377534.044968847,58.046263675690774,12779489280.0,102515401728.0,1977.517,248992.84191119933,12014104.500389615,29833292887.0,201411442719.0,32.92
2026-09-11T07:57:06.885132Z,84.863,client-1,crdb-client-1,5.252525252565632,33735.89,36556.18,8324026368.0,7660929024.0,0.0,16259.629834289735,0.03780605895247564,571373568.0,6207271936.0,19.25,787390.0033186575,232154.53202782726,4125834299.0,18389326437.0,1.37
2026-09-11T07:57:11.413357Z,89.391,linode-1,crdb-linode-1,1.4456630109892288,30945.91,36267.76,8322887680.0,5372170240.0,0.0,451287.35740411957,2.068315534136938,2803648512.0,100026961920.0,4218.744000000001,22802.781010813378,78456.77675143363,50311519570.0,4288161224.0,0.99
2026-09-11T07:57:11.679916Z,89.658,linode-2,crdb-linode-2,1.9716885743146673,31031.47,36392.61,8322887680.0,5330800640.0,0.0,379376.3094420101,1.768039674217771,3432093696.0,99865493504.0,4149.444,48968.470654398385,107728.86740000223,50152623143.0,4199661382.0,0.71
2026-09-11T07:57:10.711465Z,88.689,azure-1,crdb-azure-1,0.9571788413216265,50550.79,56001.7,8327364608.0,5366820864.0,0.0,417974.7039652388,0.8338275154414257,2926854656.0,88120423424.0,3698.675,27688.23530179201,91759.34305738428,49437197635.0,1513180928.0,0.43
2026-09-11T07:57:10.861139Z,88.839,azure-2,crdb-azure-2,1.0606060606018874,33166.5,38541.02,8327364608.0,5361119232.0,0.0,307414.64641989884,1.0721771987318494,2949222912.0,88568873984.0,3582.654,22603.87796522802,84030.49809114114,49521133135.0,1588310149.0,1.11
2026-09-11T07:57:11.609107Z,89.587,gcp-1,crdb-gcp-1,1.002004008019719,26502.48,35639.2,8324030464.0,4834971648.0,0.0,1403264.886116013,0.5622878697210163,12779489280.0,102522389504.0,1977.545,26396.403226937917,84503.23168386622,29833424332.0,201411863516.0,30.28
2026-09-11T07:57:11.629018Z,89.607,client-1,crdb-client-1,0.5486284289305088,33755.83,36576.23,8324026368.0,7661461504.0,0.0,11224.482151801145,0.042159262889854734,571373568.0,6207325184.0,19.252,10080.068960655404,70241.9694934548,4125882118.0,18389659659.0,1.26
2026-09-11T07:57:16.738230Z,94.716,linode-1,crdb-linode-1,1.1122345803717848,30965.47,36287.54,8322887680.0,5372338176.0,0.0,253839.7559855324,1.9530757740414673,2803648512.0,100028313600.0,4218.848000000001,19340.708443890573,73140.99757593608,50311622558.0,4288550695.0,0.91
2026-09-11T07:57:16.674001Z,94.652,linode-2,crdb-linode-2,2.5062656641607672,31050.92,36412.56,8322887680.0,5330956288.0,0.0,385476.5333348941,1.8421626218974831,3432093696.0,99867418624.0,4149.536,48332.74061688453,107683.21559329948,50152864523.0,4200199166.0,0.66
2026-09-11T07:57:15.779623Z,93.758,azure-1,crdb-azure-1,1.3078470825049093,50570.41,56021.58,8327364608.0,5366120448.0,0.0,288518.69245609915,1.0260041912602298,2926854656.0,88121885696.0,3698.727,19761.23534079033,82909.62291976473,49437297789.0,1513601131.0,0.4
2026-09-11T07:57:15.845019Z,93.823,azure-2,crdb-azure-2,1.0116337885904159,33186.07,38560.79,8327364608.0,5361164288.0,0.0,348460.06243374787,0.9831579278475802,2949222912.0,88570610688.0,3582.703,21183.441744573513,83834.27779655065,49521238712.0,1588727974.0,1.02
2026-09-11T07:57:16.637748Z,94.616,gcp-1,crdb-gcp-1,1.0558069381555235,26522.16,35659.09,8324030464.0,4836696064.0,0.0,1299173.9948232959,0.517035105209963,12779489280.0,102528922624.0,1977.5710000000001,22442.70418020375,83051.54780931721,29833537189.0,201412281155.0,27.86
2026-09-11T07:57:16.624788Z,94.603,client-1,crdb-client-1,7.268170426051634,33774.33,36596.18,8324026368.0,7663800320.0,0.0,30335.763980841653,0.08006694462851505,571373568.0,6207476736.0,19.256,9175.271519701619,66589.87634125959,4125927956.0,18389992330.0,1.16
2026-09-11T07:57:21.361124Z,99.339,linode-1,crdb-linode-1,1.362260343090016,30985.02,36307.36,8322887680.0,5372080128.0,0.0,756660.639528367,2.595760207688813,2803648512.0,100031811584.0,4218.968000000001,24767.013394984057,86831.20733417875,50311737054.0,4288952109.0,0.84
2026-09-11T07:57:21.692233Z,99.67,linode-2,crdb-linode-2,2.2670025189130194,31070.32,36432.41,8322887680.0,5330669568.0,0.0,705212.0024505128,2.072427488398889,3432093696.0,99870957568.0,4149.64,50426.5447738399,108781.91813764999,50153117577.0,4200745063.0,0.6
2026-09-11T07:57:20.701822Z,98.68,azure-1,crdb-azure-1,1.263902932254879,50589.94,56041.36,8327364608.0,5366497280.0,0.0,670705.7078458512,1.0564291013224347,2926854656.0,88125187072.0,3698.779,26724.405712307427,92102.13012580475,49437429333.0,1514054480.0,0.37
2026-09-11T07:57:20.858298Z,98.836,azure-2,crdb-azure-2,1.0632911392360889,33205.61,38580.54,8327364608.0,5361086464.0,0.0,502470.0269321949,0.8377691950639385,2949222912.0,88573129728.0,3582.7450000000003,23699.692652725564,84772.26909692324,49521357526.0,1589152964.0,0.94
2026-09-11T07:57:21.645444Z,99.624,gcp-1,crdb-gcp-1,0.9495252373928453,26541.98,35679.1,8324030464.0,4840091648.0,0.0,4105198.0483748442,1.0583585916650948,12779489280.0,102549480448.0,1977.624,22431.810505240795,82305.7520097708,29833649522.0,201412693322.0,25.62
2026-09-11T07:57:21.626991Z,99.605,client-1,crdb-client-1,0.49900199600070305,33794.270000000004,36616.22,8324026368.0,7663583232.0,0.0,442171.4474525424,0.41981338598197615,571373568.0,6209688576.0,19.277,7962.460554124513,65879.71537305956,4125967786.0,18390321875.0,1.06
2026-09-11T07:57:26.374294Z,104.352,linode-1,crdb-linode-1,1.6516516516425161,31004.67,36327.34,8322887680.0,5371645952.0,0.0,685495.1511994672,2.1543002600589056,2803648512.0,100035248128.0,4219.076,22799.67775244522,79389.15613965169,50311851354.0,4289350105.0,0.77
2026-09-11T07:57:26.615124Z,104.593,linode-2,crdb-linode-2,2.441505595096738,31089.5,36452.07,8322887680.0,5330227200.0,24960.836188113768,684758.9394272544,1.9500653272056994,3432216576.0,99874328576.0,4149.736000000001,49036.83023401217,109248.75358368915,50153358981.0,4201282885.0,0.55
2026-09-11T07:57:25.694188Z,103.672,azure-1,crdb-azure-1,1.1116725619057855,50609.51,56061.15,8327364608.0,5366304768.0,0.0,601386.1683901974,0.8412765880910658,2926854656.0,88128189440.0,3698.821,23021.53383315788,86342.82018730219,49437544266.0,1514485539.0,0.34
2026-09-11T07:57:25.825018Z,103.803,azure-2,crdb-azure-2,1.2115093387076725,33225.18,38600.35,8327364608.0,5360889856.0,0.0,654794.8587932237,0.7046814751280215,2949222912.0,88576381952.0,3582.78,22447.729059078618,83967.42852583229,49521469019.0,1589570012.0,0.86
2026-09-11T07:57:26.848936Z,104.827,gcp-1,crdb-gcp-1,1.1692933401097338,26561.42,35698.77,8324030464.0,4837367808.0,0.0,1107532.4221129103,0.5188790873530111,12779489280.0,102555243520.0,1977.651,22298.92486767948,79602.97038765458,29833765555.0,201413107538.0,23.57
2026-09-11T07:57:26.562436Z,104.541,client-1,crdb-client-1,1.5696202531896075,33813.71,36635.97,8324026368.0,7673536512.0,0.0,9958.80005390268,0.04052246115680811,571373568.0,6209737728.0,19.279,11892.73451261242,70711.89733097513,4126026483.0,18390670876.0,0.98
2026-09-11T07:57:31.404572Z,109.383,linode-1,crdb-linode-1,8.826479438324132,31022.85,36347.28,8322887680.0,5370527744.0,649781.6705429753,14744669.787208268,30.45533509285719,2806917120.0,100109418496.0,4220.608,10163905.697272856,291188.78651847364,50362979025.0,4290814877.0,0.71
2026-09-11T07:57:31.739661Z,109.718,linode-2,crdb-linode-2,10.005002501251647,31107.489999999998,36472.06,8322887680.0,5329764352.0,676188.5578206126,14767446.56535891,30.129005905402067,3435681792.0,99950006272.0,4151.280000000001,10256435.989401864,307570.9030506606,50205919418.0,4202859072.0,0.51
2026-09-11T07:57:30.764870Z,108.743,azure-1,crdb-azure-1,1.8981018980891218,50629.15,56081.17,8327364608.0,5369335808.0,122781.26204738347,1602618.5783026896,2.5637277809822887,2927477248.0,88136315904.0,3698.951,1817636.2579853712,96880.31469579977,49446761029.0,1514976794.0,0.39
2026-09-11T07:57:30.863198Z,108.841,azure-2,crdb-azure-2,2.763819095491815,33244.53,38620.25,8327364608.0,5360058368.0,255277.90245105472,2808869.913912083,4.842988669860729,2950509056.0,88590533632.0,3583.0240000000003,4130140.8312495537,88699.13900530546,49542277541.0,1590016897.0,0.79
2026-09-11T07:57:31.661216Z,109.639,gcp-1,crdb-gcp-1,22.24500256278674,26576.59,35718.28,8324030464.0,4843393024.0,8064621.74656988,11032572.778790373,17.683751201584258,12818298880.0,102608335872.0,1978.502,1046785.3924848584,34562652.130491264,29838803029.0,201579434335.0,21.68
2026-09-11T07:57:31.637870Z,109.616,client-1,crdb-client-1,13.449691991797685,33830.57,36655.450000000004,8324026368.0,7474245632.0,0.0,8070.174727701762,0.019702575018827207,571373568.0,6209778688.0,19.28,2396944.5445432714,607437.2837309571,4138192124.0,18393753911.0,0.9
2026-09-11T07:57:36.552630Z,114.531,linode-1,crdb-linode-1,21.882951653938697,31038.2,36366.93,8322887680.0,5366046720.0,1790970.3449732559,41020461.16205516,82.74896128615647,2816137216.0,100320595968.0,4224.868,24589019.344102707,632112.516641337,50489565777.0,4294069056.0,0.65
2026-09-11T07:57:36.865906Z,114.844,linode-2,crdb-linode-2,40.02062919027847,31119.120000000003,36491.45,8322887680.0,5319589888.0,4429760.673466488,41344432.95235389,82.39882205107332,3458390016.0,100161949696.0,4155.504,24779264.035780847,633161.0148074088,50332945034.0,4206104837.0,0.79
2026-09-11T07:57:35.830699Z,113.809,azure-1,crdb-azure-1,26.016260162614547,50643.71,56100.85,8327364608.0,5367369728.0,3100783.8243077053,42201384.85682304,58.90402779023104,2943185408.0,88350102528.0,3701.935,26040092.639754828,109408.70443276271,49578676688.0,1515531044.0,0.52
2026-09-11T07:57:36.081030Z,114.059,azure-2,crdb-azure-2,31.04674796748217,33258.1,38639.93,8327364608.0,5364035584.0,3447685.5715416376,43326857.339633234,74.34044416255811,2968498688.0,88816608256.0,3586.9030000000002,27893987.728543814,117790.79518109931,49687825203.0,1590631516.0,0.89
2026-09-11T07:57:37.163545Z,115.142,gcp-1,crdb-gcp-1,59.31293612455065,26584.17,35736.91,8324030464.0,4794814464.0,18170154.580913376,23278254.08249999,40.43697895449075,12918278144.0,102736421888.0,1980.727,2188161.6078138268,102968884.59414628,29850843146.0,202146009223.0,20.19
2026-09-11T07:57:36.855077Z,114.833,client-1,crdb-client-1,24.01511063136449,33844.65,36673.979999999996,8324026368.0,7482368000.0,0.0,146026.31989412318,0.11500308711420168,571373568.0,6210540544.0,19.286,6023175.134611584,1218091.23147065,4169616542.0,18400108999.0,0.83
2026-09-11T07:57:41.465054Z,119.443,linode-1,crdb-linode-1,19.760790431629104,31053.63,36386.16,8322887680.0,5363863552.0,1851030.1073701032,39035890.33186762,87.04388305789723,2825230336.0,100512358400.0,4229.144,25915390.466893688,689977.8888533425,50616874217.0,4297458548.0,0.6
2026-09-11T07:57:41.749057Z,119.727,linode-2,crdb-linode-2,21.204188481722262,31134.17,36510.55,8322887680.0,5336862720.0,1875551.2992408248,39336249.431662664,86.82865159233722,3467548672.0,100354035712.0,4159.744,26125558.63332678,691386.2445155818,50460520859.0,4209481001.0,0.73
2026-09-11T07:57:40.768060Z,118.746,azure-1,crdb-azure-1,21.2929707542053,50659.05,56120.34,8327364608.0,5368791040.0,3662617.964336298,44733714.26747592,49.07433005151389,2961269248.0,88570971136.0,3704.358,31073504.46544268,164447.81670657336,49732099264.0,1516342990.0,0.56
2026-09-11T07:57:40.846970Z,118.825,azure-2,crdb-azure-2,30.025706940860573,33271.71,38659.38,8327364608.0,5359214592.0,2848127.2801637743,44447630.258150294,77.63341052375344,2982072832.0,89028445184.0,3590.603,27412300.184890952,305719.5313624423,49818471931.0,1592088572.0,0.9
2026-09-11T07:57:41.733882Z,119.712,gcp-1,crdb-gcp-1,61.55913978493541,26591.32,35755.51,8324030464.0,4725059584.0,22032323.28866703,33394420.370253455,49.71141524642915,13018974208.0,102889047040.0,1982.999,2920746.7231512624,123269521.97791348,29864192065.0,202709397637.0,18.57
2026-09-11T07:57:41.963160Z,119.941,client-1,crdb-client-1,23.871669385563333,33858.65,36692.37,8324026368.0,7477624832.0,0.0,15235.3265413943,0.03915328572518981,571373568.0,6210618368.0,19.288,6053650.425979282,1233146.2417991115,4200539364.0,18406408068.0,0.76
2026-09-11T07:57:46.418150Z,124.396,linode-1,crdb-linode-1,43.654042988730765,31064.64,36405.7,8322887680.0,5388943360.0,10766045.244952505,44911584.396141835,91.09356874677201,2878556160.0,100734812160.0,4233.656,26113667.77595491,649122.2321388986,50746219099.0,4300673747.0,0.63
2026-09-11T07:57:46.750681Z,124.729,linode-2,crdb-linode-2,23.131672597844634,31149.29,36530.22,8322887680.0,5363298304.0,1860599.3782977723,43175405.11558765,88.85024849428065,3476854784.0,100569985024.0,4164.188,25901730.205635007,664988.3286580042,50590072876.0,4212807056.0,0.75
2026-09-11T07:57:45.752846Z,123.731,azure-1,crdb-azure-1,29.062019477216495,50672.89,56139.85,8327364608.0,5367742464.0,2576832.1649685963,41895708.4168539,76.05082249073268,2974114304.0,88779813888.0,3708.149,25762251.62650758,331901.75781560806,49860519566.0,1517997462.0,0.67
2026-09-11T07:57:45.882508Z,123.861,azure-2,crdb-azure-2,29.134664618511984,33285.55,38678.909999999996,8327364608.0,5357563904.0,2544351.696167869,41571843.50631312,74.90695337120923,2994885120.0,89237783552.0,3594.375,25563968.415068496,330027.8830393799,49947201354.0,1593750454.0,0.91
2026-09-11T07:57:46.665864Z,124.644,gcp-1,crdb-gcp-1,62.86019210245526,26598.28,35774.25,8324030464.0,4760010752.0,21581940.876570527,30978934.027699765,47.749113781203235,13125416960.0,103041836032.0,1985.354,2882048.714346071,110858415.72618899,29878406412.0,203256154526.0,17.48
2026-09-11T07:57:46.621141Z,124.599,client-1,crdb-client-1,24.638457418312665,33872.72,36711.04,8324026368.0,7480426496.0,0.0,8793.412396714195,0.04293658396830723,571373568.0,6210659328.0,19.29,6806879.8500070525,1376519.6172938729,4232246031.0,18412819941.0,0.7
2026-09-11T07:57:51.397833Z,129.376,linode-1,crdb-linode-1,21.08527131785094,31079.91,36425.05,8322887680.0,5411819520.0,1873737.2598440668,44536217.70599517,88.19771966693688,2887886848.0,100956590080.0,4238.048000000001,26414853.766848642,695889.0448236207,50877757690.0,4304139080.0,0.74
2026-09-11T07:57:51.961311Z,129.94,linode-2,crdb-linode-2,23.659793814450715,31164.1,36549.62,8322887680.0,5366566912.0,1789898.6058673307,41871207.351835415,82.59955618999437,3486181376.0,100788162560.0,4168.491999999999,25105105.872030146,649003.7508008346,50720887593.0,4216188808.0,0.93
2026-09-11T07:57:50.704213Z,128.683,azure-1,crdb-azure-1,28.355879292386888,50686.66,56159.07,8327364608.0,5354897408.0,2607450.015745606,39409555.44102813,75.79636866453271,2987024896.0,88974947328.0,3711.902,26646433.13875852,331818.85052750894,49992457369.0,1519640438.0,0.7
2026-09-11T07:57:50.836832Z,128.815,azure-2,crdb-azure-2,28.92819979193435,33299.21,38698.130000000005,8327364608.0,5358006272.0,2518270.0531377913,39390340.34200593,75.91293581306644,3007361536.0,89432937472.0,3598.136,26482307.38614609,351064.73058389634,50078404234.0,1595489755.0,0.92
2026-09-11T07:57:51.950436Z,129.929,gcp-1,crdb-gcp-1,62.008733624458316,26605.239999999998,35792.57,8324030464.0,4824449024.0,16728535.649698826,29604927.38154549,43.7685138270661,13213820928.0,103198286848.0,1987.6670000000001,2762065.7112897853,105059042.93699485,29893002882.0,203811351733.0,16.08
2026-09-11T07:57:51.623181Z,129.602,client-1,crdb-client-1,24.7965274009747,33886.58,36729.47,8324026368.0,7479275520.0,0.0,224367.87243799082,0.4198261185202927,571373568.0,6211781632.0,19.311,6271960.910633386,1272601.920108575,4263618824.0,18419185586.0,0.64
2026-09-11T07:57:56.411514Z,134.39,linode-1,crdb-linode-1,20.40082219937155,31095.4,36444.51,8322887680.0,5379215360.0,1803017.6790305304,43141711.642158695,84.80685535411243,2896926720.0,101172891648.0,4242.3,26180251.2169805,658609.2009830488,51009018810.0,4307441179.0,0.68
2026-09-11T07:57:56.718147Z,134.697,linode-2,crdb-linode-2,22.939979654097808,31179.25,36569.28,8322887680.0,5340360704.0,1988210.3221987672,44248658.30972293,89.80689625297337,3495639040.0,100998647808.0,4172.764,27712990.025136538,661083.6572673297,50852714767.0,4219333499.0,0.85
2026-09-11T07:57:55.759515Z,133.738,azure-1,crdb-azure-1,27.80061664955671,50700.71,56178.53,8327364608.0,5352751104.0,2417719.717455638,41010489.68456253,70.6773409229814,2999247360.0,89182270464.0,3715.475,25715919.043114327,293877.68910058914,50122460815.0,1521126098.0,0.96
2026-09-11T07:57:55.947067Z,133.925,azure-2,crdb-azure-2,27.492291880774843,33313.32,38717.590000000004,8327364608.0,5358555136.0,2330825.5147382305,40531356.4749941,69.76136143862566,3019272704.0,89640064000.0,3601.701,25442384.149574373,311990.02854934015,50208421908.0,1597084111.0,0.92
2026-09-11T07:57:56.685868Z,134.664,gcp-1,crdb-gcp-1,59.06401291017196,26612.85,35811.16,8324030464.0,4807999488.0,19943401.378191575,33173841.9160247,45.71875371000574,13308262400.0,103355380736.0,1989.832,2923490.457357999,117367860.26426168,29906846997.0,204367144262.0,15.68
2026-09-11T07:57:56.631769Z,134.61,client-1,crdb-client-1,23.4541577825212,33900.94,36748.23,8324026368.0,7493099520.0,0.0,0.0,0.0,571373568.0,6211781632.0,19.311,6181522.889600634,1253418.8759996302,4294579862.0,18425463513.0,0.67
2026-09-11T07:58:01.414812Z,139.393,linode-1,crdb-linode-1,21.261073475745295,31110.510000000002,36463.7,8322887680.0,5396783104.0,2680270.9595543267,30653654.798274957,85.54287588776388,2910337024.0,101326262272.0,4246.58,27126299.907305714,668303.7178731951,51144740882.0,4310784929.0,0.79
2026-09-11T07:58:01.738512Z,139.717,linode-2,crdb-linode-2,23.87130254281894,31193.920000000002,36588.55,8322887680.0,5351813120.0,2733159.711356815,30756613.372754987,84.53481966386914,3509360640.0,101153058816.0,4177.008,27090976.43800011,649390.1505220156,50988722751.0,4222593708.0,0.79
2026-09-11T07:58:00.724790Z,138.703,azure-1,crdb-azure-1,31.993817619773356,50713.91,56197.94,8327364608.0,5365465088.0,3644524.7978070597,32846094.13179803,77.65908607821977,3017343488.0,89345360896.0,3719.331,27204557.073975693,323766.48984416114,50257539371.0,1522733693.0,0.89
2026-09-11T07:58:00.896555Z,138.875,azure-2,crdb-azure-2,32.989158492481565,33326.3,38736.96,8327364608.0,5360979968.0,3490617.742479569,32824054.560860503,79.40142905003552,3036549632.0,89802527744.0,3605.6310000000003,27386317.79999233,321126.6543783752,50343971394.0,1598673538.0,0.85
2026-09-11T07:58:01.666325Z,139.645,gcp-1,crdb-gcp-1,60.242959690759854,26620.05,35829.27,8324030464.0,4807888896.0,19383298.66883819,25345745.753953256,45.37692083903551,13404801024.0,103481615360.0,1992.092,2816198.7245219145,115066731.4123365,29920873090.0,204940234741.0,14.82
2026-09-11T07:58:01.627800Z,139.606,client-1,crdb-client-1,24.29501084597141,33914.9,36766.67,8324026368.0,7509274624.0,0.0,15577.100716081466,0.06004741743966664,571373568.0,6211859456.0,19.314,6228524.257541939,1264947.6869327142,4325697891.0,18431783257.0,0.62
2026-09-11T07:58:06.408991Z,144.387,linode-1,crdb-linode-1,23.6438075742191,31125.43,36483.24,8322887680.0,5398286336.0,2027407.2992707463,46470438.90937692,85.45884169581741,2920462336.0,101558345728.0,4250.848,31211568.49994861,611636.2184467589,51300618228.0,4313839573.0,0.72
2026-09-11T07:58:06.748234Z,144.727,linode-2,crdb-linode-2,22.193614830080833,31209.03,36607.97,8322887680.0,5348659200.0,1986770.6550214367,49619392.708887234,81.44073383334255,3519313920.0,101401640960.0,4181.088,31270987.40071019,651558.2074287153,51145383457.0,4225857870.0,0.8
2026-09-11T07:58:05.715570Z,143.694,azure-1,crdb-azure-1,27.466937945078808,50728.17,56217.6,8327364608.0,5367259136.0,2613121.4103160277,43287209.69400395,67.72410611765844,3030385152.0,89561400320.0,3722.7110000000002,29140164.880687997,179482.10544552802,50402973195.0,1523629459.0,0.98
2026-09-11T07:58:05.890246Z,143.869,azure-2,crdb-azure-2,42.53578732108835,33337.54,38756.520000000004,8327364608.0,5360648192.0,3700856.933782175,43812338.9002604,74.47310068514352,3055030784.0,90021315584.0,3609.35,30858623.536814258,198659.54926945083,50498071626.0,1599665594.0,0.78
2026-09-11T07:58:06.630016Z,144.609,gcp-1,crdb-gcp-1,63.38028169014252,26626.81,35847.73,8324030464.0,4808429568.0,19910874.945056602,34822782.65495414,43.515584812078764,13503633408.0,103654466560.0,1994.252,2497579.004899837,130253863.92838158,29933270420.0,205586780909.0,13.87
2026-09-11T07:58:06.610941Z,144.589,client-1,crdb-client-1,22.420313344143693,33929.26,36785.18,8324026368.0,7509397504.0,0.0,6575.674209592538,0.020067365141603316,571373568.0,6211892224.0,19.315,6149240.492923823,1247627.0215403282,4356340880.0,18438000451.0,0.65
2026-09-11T07:58:11.468041Z,149.447,linode-1,crdb-linode-1,21.336760925471264,31140.73,36502.69,8322887680.0,5398552576.0,1933403.4259028689,47660661.42069689,86.8141554796159,2930243584.0,101799464960.0,4255.240000000001,30256626.610859975,647676.0976998393,51453689007.0,4317116220.0,0.66
2026-09-11T07:58:11.775384Z,149.754,linode-2,crdb-linode-2,23.230769230763258,31224.0,36627.47,8322887680.0,5344227328.0,1970931.6367073255,44704053.787193395,84.50068945487817,3529222144.0,101626376192.0,4185.336,30324436.79465763,654902.4232576425,51297829796.0,4229150181.0,1.14
2026-09-11T07:58:10.787518Z,148.766,azure-1,crdb-azure-1,26.0301507537684,50742.89,56237.5,8327364608.0,5366816768.0,2800668.3684403272,41955110.46055706,63.170622564803104,3044590080.0,89774195712.0,3725.915,29406067.15469707,143563.3234100042,50552120117.0,1524357609.0,1.06
2026-09-11T07:58:10.910160Z,148.889,azure-2,crdb-azure-2,32.959755476322094,33350.7,38776.15,8327364608.0,5364281344.0,2698331.6546543925,48222377.01544439,80.0606647007696,3068576256.0,90263389184.0,3613.369,30359514.020446062,213602.6104022975,50650474666.0,1600737867.0,0.8
2026-09-11T07:58:11.717249Z,149.696,gcp-1,crdb-gcp-1,64.02569593149133,26633.53,35866.41,8324030464.0,4805406720.0,19459589.82188951,35302460.810565904,45.48606909275029,13602629632.0,103834059776.0,1996.566,2474935.546862571,125085280.40868282,29945861090.0,206223123738.0,13.72
2026-09-11T07:58:11.671380Z,149.65,client-1,crdb-client-1,22.573726541587536,33943.7,36803.83,8324026368.0,7512064000.0,0.0,8094.118432828042,0.019761031330100532,571373568.0,6211933184.0,19.316,6026598.792776993,1224937.7200187147,4386838270.0,18444199205.0,0.6
2026-09-11T07:58:16.426033Z,154.405,linode-1,crdb-linode-1,21.4248569942601,31155.84,36521.92,8322887680.0,5413699584.0,1911666.9207868285,43516445.571497925,86.40490257006125,2939721728.0,102015221760.0,4259.524,28970643.914002016,648172.1046854667,51597326966.0,4320329891.0,0.61
2026-09-11T07:58:16.757070Z,154.736,linode-2,crdb-linode-2,23.247422680421124,31238.89,36646.87,8322887680.0,5356552192.0,1917374.9276006513,43145869.082663715,82.94283257611846,3538774016.0,101841317888.0,4189.468,28953040.24527711,640488.0860518151,51442066445.0,4232340929.0,1.05
2026-09-11T07:58:15.747836Z,153.726,azure-1,crdb-azure-1,23.88746803067805,50757.770000000004,56257.05,8327364608.0,5367422976.0,2987551.9575548605,42173366.81265876,65.98313740729317,3059409408.0,89983390720.0,3729.188,30050992.18380179,128881.41698199185,50701183804.0,1524996907.0,0.97
2026-09-11T07:58:15.968644Z,153.947,azure-2,crdb-azure-2,30.02583979327188,33364.24,38795.5,8327364608.0,5361037312.0,2524708.1888507744,41523271.530614674,76.60318669911814,3081347584.0,90473436160.0,3617.244,28491071.661985565,245761.80306686496,50794597786.0,1601981062.0,0.81
2026-09-11T07:58:16.685626Z,154.664,gcp-1,crdb-gcp-1,63.09267241377672,26640.38,35884.97,8324030464.0,4805750784.0,20539261.94144574,34001819.038010284,45.99044691885124,13704677376.0,104002995200.0,1998.851,2505060.7983469567,121681594.70150702,29958307292.0,206827689387.0,12.63
2026-09-11T07:58:16.926328Z,154.905,client-1,crdb-client-1,23.595505617963532,33957.979999999996,36822.52,8324026368.0,7511625728.0,0.0,11691.725969413155,0.01902950190336498,571373568.0,6211994624.0,19.317,5819825.488137292,1179743.2949536028,4417421443.0,18450398754.0,0.55
2026-09-11T07:58:21.468674Z,159.447,linode-1,crdb-linode-1,16.983068240112964,31172.02,36541.409999999996,8322887680.0,5416550400.0,1907200.8751003796,35543953.61734136,76.94317840513453,2949339136.0,102194458624.0,4263.404,25508176.328324255,526420.0416384892,51725956594.0,4322984460.0,1.04
2026-09-11T07:58:21.766196Z,159.745,linode-2,crdb-linode-2,19.222903885456077,31254.690000000002,36666.43,8322887680.0,5364604928.0,1903608.99855496,35811235.43458525,76.73936552010093,3548309504.0,102020702208.0,4193.312,25521545.1782133,522674.533581779,51569908028.0,4234959091.0,0.96
2026-09-11T07:58:20.948193Z,158.927,azure-1,crdb-azure-1,27.710233029390718,50772.04,56276.79,8327364608.0,5367721984.0,2577115.5239603217,38325929.52197716,66.93675697461177,3072811520.0,90182702080.0,3732.669,26180570.51968913,166450.42789952733,50837334060.0,1525862521.0,0.98
2026-09-11T07:58:20.942522Z,158.921,azure-2,crdb-azure-2,26.56170644998772,33378.7,38815.19,8327364608.0,5358755840.0,2402136.826786748,36298864.994149156,69.44223617514463,3093295616.0,90653983744.0,3620.6980000000003,26227954.028565835,270145.77947458613,50925053483.0,1603324745.0,0.83
2026-09-11T07:58:22.215004Z,160.194,gcp-1,crdb-gcp-1,73.76788553258109,26645.33,35903.84,8324030464.0,4806066176.0,18905129.078440487,25908345.65724133,46.352228377067796,13809211392.0,104146252800.0,2001.414,2039752.1448878828,99099787.82059373,29969585897.0,207375651729.0,13.46
2026-09-11T07:58:21.720720Z,159.699,client-1,crdb-client-1,21.6302610548577,33972.69,36841.29,8324026368.0,7507984384.0,0.0,8543.225899447662,0.02085748510609888,571373568.0,6212035584.0,19.318,6025669.88048571,1214479.2140138885,4446311167.0,18456221504.0,0.5
2026-09-11T07:58:26.461178Z,164.44,linode-1,crdb-linode-1,19.084362139929635,31187.75,36560.85,8322887680.0,5427556352.0,2001830.627532924,41282834.15853656,84.68617817071967,2959333376.0,102400565248.0,4267.6320000000005,26957127.972680576,627709.2554017719,51860541410.0,4326118330.0,1.12
2026-09-11T07:58:26.784498Z,164.763,linode-2,crdb-linode-2,21.638330757330802,31269.9,36685.84,8322887680.0,5364719616.0,1956441.8670684951,41225666.35951715,82.73634108134513,3558127616.0,102227587072.0,4197.464,26794338.419257037,625397.8647596393,51704371423.0,4238097557.0,1.05
2026-09-11T07:58:25.772321Z,163.751,azure-1,crdb-azure-1,39.59493670885929,50783.97,56296.54,8327364608.0,5364142080.0,3549922.605628875,33537895.939330436,42.63959401404945,3089936896.0,90344494080.0,3734.726,23164855.356371373,135766.58170075112,50949084907.0,1526517480.0,0.9
2026-09-11T07:58:25.937705Z,163.916,azure-2,crdb-azure-2,26.066838046237486,33393.08,38834.64,8327364608.0,5361098752.0,2399265.5801431313,39988032.99618595,69.98669382011761,3105280512.0,90853733376.0,3624.194,26551146.91554761,315019.3977361932,51057682708.0,1604898341.0,0.84
2026-09-11T07:58:26.713550Z,164.692,gcp-1,crdb-gcp-1,63.82525306342161,26652.12,35922.61,8324030464.0,4788654080.0,21600740.225454293,31699113.59590251,52.32716779536972,13906384896.0,104288855040.0,2003.768,2827972.4350247057,122191688.73643646,29982307868.0,207925345602.0,12.7
2026-09-11T07:58:26.710688Z,164.689,client-1,crdb-client-1,23.695420660301604,33987.02,36860.07,8324026368.0,7511568384.0,0.0,119021.4298991454,0.18035979072810296,571373568.0,6212629504.0,19.327,6129043.722855661,1242435.6727988669,4476895253.0,18462421290.0,0.46
2026-09-11T07:58:31.483141Z,169.462,linode-1,crdb-linode-1,11.818644931227807,31205.059999999998,36580.479999999996,8322887680.0,5430157312.0,1136142.20017875,22008371.234474797,48.02848973577855,2965039104.0,102511091712.0,4270.044000000001,14529420.412008189,394391.5587364907,51933508439.0,4328098972.0,1.03
2026-09-11T07:58:31.764797Z,169.744,linode-2,crdb-linode-2,13.928571428602188,31286.77,36705.44,8322887680.0,5366587392.0,1103704.3904696892,22229527.548439067,46.502774112936024,3563624448.0,102338297856.0,4199.78,14444755.345131505,401430.57937881176,51776311332.0,4240096821.0,1.44
2026-09-11T07:58:30.775261Z,168.754,azure-1,crdb-azure-1,13.719512195143935,50800.95,56316.22,8327364608.0,5365895168.0,2325966.5644034245,30051717.252021156,30.901657548708503,3101573632.0,90494841856.0,3736.272,20524437.607008222,154963.61747121857,51051768009.0,1527292758.0,0.83
2026-09-11T07:58:30.903573Z,168.882,azure-2,crdb-azure-2,17.041965199598764,33409.29,38854.18,8327364608.0,5358764032.0,1557266.876758126,23330134.326855715,44.523556783806626,3113013760.0,90969588736.0,3626.405,16083620.783035466,234518.924606131,51137552530.0,1606062941.0,0.78
2026-09-11T07:58:31.674386Z,169.653,gcp-1,crdb-gcp-1,38.137356919862974,26664.010000000002,35941.83,8324030464.0,5129228288.0,9852589.918282317,20279012.903958097,22.85882343272949,13955262464.0,104389456896.0,2004.902,1492869.644583227,64461884.9023733,29989713823.0,208245133616.0,11.68
2026-09-11T07:58:31.669525Z,169.648,client-1,crdb-client-1,13.054830287205277,34003.67,36879.22,8324026368.0,7648854016.0,0.0,8259.927579430418,0.06049751645090867,571373568.0,6212670464.0,19.330000000000002,3309626.1379516097,714628.3246850488,4493307296.0,18465965047.0,0.43
2026-09-11T07:58:36.504126Z,174.483,linode-1,crdb-linode-1,1.4471057884092975,31224.81,36600.52,8322887680.0,5429596160.0,815.7711844873486,3148061.000936678,1.9916288683664476,2965043200.0,102526898176.0,4270.144,21114.850936762625,78317.22031697487,51933614457.0,4328492204.0,0.95
2026-09-11T07:58:37.068512Z,175.047,linode-2,crdb-linode-2,1.8527791687661388,31306.37,36725.41,8322887680.0,5366575104.0,772.2837676058942,2948579.4247193043,1.5083667336038904,3563628544.0,102353936384.0,4199.86,45858.685255959084,102038.74697829557,51776554555.0,4240638009.0,1.33
2026-09-11T07:58:35.801701Z,173.78,azure-1,crdb-azure-1,1.0531594784308096,50820.68,56336.16,8327364608.0,5364908032.0,13852.93741286466,149122.79685613135,0.8156744513007946,3101643264.0,90495591424.0,3736.313,21261.6487705031,86847.64405947483,51051874881.0,1527729299.0,0.76
2026-09-11T07:58:35.915516Z,173.894,azure-2,crdb-azure-2,1.054216867465585,33429.0,38874.1,8327364608.0,5357670400.0,0.0,71100.1932475485,0.578614853902503,3113013760.0,90969945088.0,3626.434,21515.294536458736,83521.25845956606,51137660364.0,1606481547.0,0.71
2026-09-11T07:58:36.700084Z,174.679,gcp-1,crdb-gcp-1,0.8995502249070975,26683.84,35961.840000000004,8324030464.0,5124829184.0,0.0,71720.20746699869,0.27856525893625306,13955262464.0,104389817344.0,2004.916,23746.295498196756,83591.86290220989,29989833166.0,208245553728.0,10.75
2026-09-11T07:58:36.697463Z,174.676,client-1,crdb-client-1,1.9920318724815256,34023.35,36899.299999999996,8324026368.0,7672066048.0,0.0,16292.853029220385,0.05966620982380738,571373568.0,6212752384.0,19.333000000000002,10828.024871458074,68132.4472230709,4493361739.0,18466307615.0,0.39
2026-09-11T07:58:41.513966Z,179.493,linode-1,crdb-linode-1,1.6048144433465916,31244.43,36620.46,8322887680.0,5429387264.0,817.5819167614658,219111.95369207286,1.8363656333619862,2965047296.0,102527995904.0,4270.236000000001,22355.356326526038,80504.67252642442,51933726455.0,4328895524.0,0.87
2026-09-11T07:58:41.815820Z,179.795,linode-2,crdb-linode-2,2.6659959758313256,31325.72,36745.29,8322887680.0,5366759424.0,0.0,157891.20994674912,1.348114839032642,3563628544.0,102354685952.0,4199.924,52987.23246203779,115166.92298268552,51776806105.0,4241184749.0,1.22
2026-09-11T07:58:40.798130Z,178.777,azure-1,crdb-azure-1,1.711983887193469,50840.2,56356.02,8327364608.0,5364301824.0,0.0,3018436.911266982,3.342372443361851,3101643264.0,90510672896.0,3736.48,25996.65263718154,87295.36296434364,51052004772.0,1528165466.0,0.7
2026-09-11T07:58:40.919718Z,178.899,azure-2,crdb-azure-2,1.157523905400959,33448.64,38893.97,8327364608.0,5357572096.0,0.0,2843469.0180795854,1.9783081180505946,3113013760.0,90984174592.0,3626.5330000000004,22885.228172854542,84465.76347651049,51137774888.0,1606904237.0,0.66
2026-09-11T07:58:41.965280Z,179.944,gcp-1,crdb-gcp-1,1.0010010009866344,26703.62,35981.82,8324030464.0,5130665984.0,0.0,154030.93166650794,0.30388046809352,13955262464.0,104390628352.0,2004.932,21649.96394921946,77394.36679190627,29989947158.0,208245961227.0,9.89
2026-09-11T07:58:41.690100Z,179.669,client-1,crdb-client-1,0.4987531171996573,34043.3,36919.35,8324026368.0,7672889344.0,0.0,0.0,0.0,571373568.0,6212752384.0,19.333000000000002,7772.382135979087,66746.54587095,4493400544.0,18466640859.0,0.36
2026-09-11T07:58:46.496809Z,184.476,linode-1,crdb-linode-1,1.3500000000021828,31264.16,36640.46,8322887680.0,5429334016.0,0.0,97819.57446447198,1.7660440505284745,2965047296.0,102528483328.0,4270.3240000000005,21955.138537317067,78676.66039080595,51933835855.0,4329287561.0,0.8
2026-09-11T07:58:46.808427Z,184.787,linode-2,crdb-linode-2,2.2278481012776075,31345.03,36765.04,8322887680.0,5367029760.0,18869.36249311254,124701.87386752634,2.243300568136586,3563722752.0,102355308544.0,4200.036,49160.930477210226,108214.21557581497,51777051548.0,4241725024.0,1.12
2026-09-11T07:58:45.832507Z,183.811,azure-1,crdb-azure-1,1.258811681772365,50859.81,56375.88,8327364608.0,5364203520.0,0.0,185499.9659075705,0.4369902225914032,3101643264.0,90511606784.0,3736.502,23139.824077799833,87852.11708619847,51052121268.0,1528607752.0,0.64
2026-09-11T07:58:45.947578Z,183.926,azure-2,crdb-azure-2,1.1099899091518206,33468.240000000005,38913.79,8327364608.0,5356969984.0,0.0,145822.91370198524,0.6364477727854804,3113013760.0,90984907776.0,3626.565,23345.1031959207,84538.56210017708,51137892265.0,1607329289.0,0.6
2026-09-11T07:58:46.799923Z,184.779,gcp-1,crdb-gcp-1,0.9045226130667272,26723.34,36001.72,8324030464.0,5131493376.0,0.0,505786.7706466089,0.39299478521711456,13955262464.0,104393073664.0,2004.951,26570.584267882125,88113.77447222524,29990075618.0,208246387228.0,9.09
2026-09-11T07:58:46.796945Z,184.776,client-1,crdb-client-1,0.5505505505897901,34063.17,36939.33,8324026368.0,7675084800.0,0.0,14436.940142744636,0.01958135327516139,571373568.0,6212826112.0,19.334,8115.296051376799,64701.68655960281,4493441988.0,18466971284.0,0.33
2026-09-11T07:58:51.609859Z,189.589,linode-1,crdb-linode-1,1.4070351758917243,31283.78,36660.36,8322887680.0,5428563968.0,0.0,128974.18020927682,1.7210743185872261,2965047296.0,102529142784.0,4270.412,19964.65767229836,76617.9259779349,51933937936.0,4329679315.0,0.74
2026-09-11T07:58:51.921879Z,189.901,linode-2,crdb-linode-2,2.2143935581392604,31364.46,36784.91,8322887680.0,5367267328.0,801.0141812599953,157799.79370821908,1.4080327404983621,3563726848.0,102356115456.0,4200.108,47440.14310916436,104761.15597476,51777294134.0,4242260722.0,1.03
2026-09-11T07:58:50.848583Z,188.827,azure-1,crdb-azure-1,1.2600806451610547,50879.4,56395.72,8327364608.0,5363683328.0,0.0,135551.33468302022,1.0366665985527017,3101643264.0,90512286720.0,3736.554,26490.6194132169,87920.09294094957,51052254147.0,1529048766.0,0.59
2026-09-11T07:58:50.923204Z,188.902,azure-2,crdb-azure-2,1.0606060606018874,33487.83,38933.59,8327364608.0,5356863488.0,0.0,126776.88157442884,0.6230474027243615,3113013760.0,90985538560.0,3626.596,20913.289513093536,82200.05072279203,51137996320.0,1607738279.0,0.56
2026-09-11T07:58:51.919553Z,189.898,gcp-1,crdb-gcp-1,1.0536879076907257,26743.059999999998,36021.65,8324030464.0,5130145792.0,0.0,723241.1943753731,0.5273737881595753,13955262464.0,104396776448.0,2004.978,20760.36215630598,80058.0755732475,29990181905.0,208246797102.0,8.37
2026-09-11T07:58:51.916807Z,189.896,client-1,crdb-client-1,1.054216867465585,34082.88,36959.25,8324026368.0,7673290752.0,0.0,5600.117216362205,0.01953165881825143,571373568.0,6212854784.0,19.335,9651.178571850784,66153.72841733674,4493491401.0,18467309984.0,0.3
2026-09-11T07:58:56.480828Z,194.46,linode-1,crdb-linode-1,1.3065326633267205,31303.42,36680.26,8322887680.0,5428486144.0,0.0,124451.80634347543,2.0529555258909182,2965047296.0,102529748992.0,4270.512000000001,21651.70074928239,80686.69514713946,51934043402.0,4330072342.0,0.68
2026-09-11T07:58:56.789429Z,194.768,linode-2,crdb-linode-2,2.3499999999876287,31383.99,36804.91,8322887680.0,5367201792.0,5048.921052742612,100978.42105485224,1.4791760896730788,3563751424.0,102356606976.0,4200.18,49812.07658415465,110943.1373122671,51777536598.0,4242800746.0,0.95
2026-09-11T07:58:55.797858Z,193.777,azure-1,crdb-azure-1,1.6633064515853224,50898.91,56415.56,8327364608.0,5363384320.0,0.0,187035.56606046532,0.7879894777889543,3101643264.0,90513212416.0,3736.593,20560.463912896837,87043.74230011237,51052355907.0,1529479572.0,0.54
2026-09-11T07:58:55.921360Z,193.9,azure-2,crdb-azure-2,0.9090909091289956,33507.45,38953.39,8327364608.0,5356625920.0,0.0,131935.64692976233,0.6402156780395588,3113013760.0,90986198016.0,3626.628,20573.73094850176,82531.80359488055,51138099154.0,1608150799.0,0.51
2026-09-11T07:58:56.706423Z,194.685,gcp-1,crdb-gcp-1,2.0120724345786267,26762.54,36041.53,8324030464.0,5102473216.0,34226.866267592726,782939.5658711835,0.7520551670137514,13955426304.0,104400524288.0,2005.0140000000001,80317.82060323432,136347.39287515962,29990566377.0,208247449781.0,7.7
2026-09-11T07:58:56.709025Z,194.688,client-1,crdb-client-1,4.927099044725757,34101.79,36979.14,8324026368.0,7460360192.0,0.0,372651.6332956723,0.3130025320874302,571373568.0,6214640640.0,19.35,62008.72296348371,128639.03264741553,4493788565.0,18467926460.0,0.28
2026-09-11T07:59:01.525239Z,199.504,linode-1,crdb-linode-1,17.44659206507464,31319.65,36699.92,8322887680.0,5433561088.0,2232951.664663898,37848124.72484131,61.453747873374155,2976311296.0,102720671744.0,4273.612,24882046.23636884,487081.4144549674,52059559495.0,4332529397.0,0.62
2026-09-11T07:59:01.804546Z,199.783,linode-2,crdb-linode-2,17.478216299318973,31400.09,36824.42,8322887680.0,5387993088.0,2210067.609249086,39467593.18157902,50.64674464273365,3574835200.0,102554542080.0,4202.72,25627758.857876755,488880.4640484705,51906063136.0,4245252545.0,0.87
2026-09-11T07:59:00.895912Z,198.875,azure-1,crdb-azure-1,6.208985360943431,50917.490000000005,56435.37,8327364608.0,5364883456.0,873324.9641410348,14803942.768410955,12.769308259007172,3106095616.0,90588685312.0,3737.244,9249306.817736952,108021.67880078609,51099510370.0,1530030284.0,0.66
2026-09-11T07:59:00.949169Z,198.928,azure-2,crdb-azure-2,8.215725806439856,33525.659999999996,38973.229999999996,8327364608.0,5360685056.0,1246428.2426891113,17600707.30934526,18.67589805269751,3119280640.0,91074692096.0,3627.567,11887480.99502349,112908.23443814086,51197867871.0,1608718487.0,0.55
2026-09-11T07:59:02.069404Z,200.048,gcp-1,crdb-gcp-1,42.99947561615549,26773.41,36060.6,8324030464.0,4798976000.0,1072298.934640265,26459205.335952524,25.246866470775462,13961177088.0,104542426112.0,2006.368,2214460.834092484,79226099.38137685,30002442623.0,208672342663.0,7.16
2026-09-11T07:59:01.732391Z,199.711,client-1,crdb-client-1,26.536016949167017,34115.659999999996,36998.02,8324026368.0,7464513536.0,0.0,13046.14025935524,0.03981366045943606,571373568.0,6214706176.0,19.352,7081259.2418656405,1566461.3043184974,4529360573.0,18475795424.0,0.26
2026-09-11T07:59:06.553569Z,204.533,linode-1,crdb-linode-1,30.082987551884134,31333.129999999997,36719.2,8322887680.0,5417865216.0,5119606.119183281,43061711.676134445,91.32153417148267,3002054656.0,102937202688.0,4278.204,44649497.63316459,812064.2137509553,52284074441.0,4336612770.0,0.65
2026-09-11T07:59:06.857528Z,204.837,linode-2,crdb-linode-2,33.7708228167809,31413.21,36844.23,8322887680.0,5373661184.0,5090558.765535443,42793928.17020902,90.47989445982968,3600558080.0,102770782208.0,4207.292,44518932.899286516,825720.8625605997,52131019810.0,4249424959.0,0.96
2026-09-11T07:59:05.913687Z,203.893,azure-1,crdb-azure-1,21.330624682607525,50932.979999999996,56455.06,8327364608.0,5366403072.0,3380264.107921599,39109353.70070797,50.59972498960075,3123057152.0,90784928768.0,3739.783,31061420.607966777,194054.23006962828,51255370796.0,1531004012.0,0.61
2026-09-11T07:59:05.977898Z,203.957,azure-2,crdb-azure-2,20.63894523326303,33541.31,38992.95,8327364608.0,5358927872.0,3725589.8103143102,39496627.785734855,44.66308120822971,3138015744.0,91273311232.0,3629.813,34950936.90431955,182512.71840145686,51373627810.0,1609636300.0,0.51
2026-09-11T07:59:06.749574Z,204.729,gcp-1,crdb-gcp-1,70.61333333334187,26778.92,36079.35,8324030464.0,4617748480.0,15086234.898617078,52008915.26395853,53.352230851386985,14031783936.0,104785839104.0,2008.865,4322957.555981148,180060365.39257967,30022675001.0,209515064186.0,6.91
2026-09-11T07:59:06.736245Z,204.715,client-1,crdb-client-1,42.91084854992931,34126.29,37016.64,8324026368.0,7469826048.0,0.0,140793.02023960248,0.17986026954210438,571373568.0,6215410688.0,19.361,12270276.026229821,2418524.688314796,4590759616.0,18487897442.0,0.72
2026-09-11T07:59:11.560489Z,209.54,linode-1,crdb-linode-1,29.560723514227817,31346.76,36738.55,8322887680.0,5417492480.0,3754093.769147251,78438390.25215644,88.9963699461138,3020851200.0,103329939456.0,4282.660000000001,50026445.14405302,845872.1496072962,52534554140.0,4340848006.0,1.08
2026-09-11T07:59:11.838274Z,209.817,linode-2,crdb-linode-2,31.692307692309186,31426.53,36863.73,8322887680.0,5366009856.0,3808340.2418277636,78522860.71926668,85.12691002924461,3619526656.0,103161888768.0,4211.532,50065368.76342148,792519.0845694265,52380385332.0,4253372337.0,1.21
2026-09-11T07:59:10.861903Z,208.841,azure-1,crdb-azure-1,22.023505365343567,50948.24,56474.63,8327364608.0,5364932608.0,3231606.4310843553,26202169.561870947,53.45328290481606,3139047936.0,90914583552.0,3742.428,31426540.44948994,198817.51536934814,51410877053.0,1531987810.0,0.56
2026-09-11T07:59:10.961704Z,208.941,azure-2,crdb-azure-2,28.709349593502907,33555.34,39012.63,8327364608.0,5355802624.0,3389324.476598937,35976643.78349138,65.23062097335999,3154907648.0,91452613632.0,3633.0640000000003,33261587.629358273,177658.43538822723,51539398762.0,1610521724.0,0.79
2026-09-11T07:59:11.781970Z,209.761,gcp-1,crdb-gcp-1,67.95077581593978,26784.91,36098.04,8324030464.0,4632322048.0,1810151.768486438,51049698.32339833,47.769942814025775,14040893440.0,105042744320.0,2011.269,3890771.8264615787,172255356.63026327,30042255128.0,210381931201.0,6.43
2026-09-11T07:59:11.779148Z,209.758,client-1,crdb-client-1,39.63381798600268,34137.5,37035.21,8324026368.0,7467114496.0,0.0,6497.779579505364,0.0,571373568.0,6215443456.0,19.361,11680037.202441216,2310642.5821637516,4649661500.0,18499549905.0,0.9
2026-09-11T07:59:16.520641Z,214.5,linode-1,crdb-linode-1,31.03983445418749,31360.09,36757.88,8322887680.0,5425729536.0,3785334.6321003335,77472191.21169047,89.35101142318453,3039627264.0,103714217984.0,4287.092,48539858.531597145,848525.1459696223,52775322151.0,4345056871.0,0.99
2026-09-11T07:59:16.902205Z,214.881,linode-2,crdb-linode-2,30.92621664050065,31439.73,36882.840000000004,8322887680.0,5388529664.0,3656843.74891303,75587712.52729987,82.70249696537762,3638044672.0,103544659968.0,4215.72,47653190.599944696,793865.573323921,52621697952.0,4257392420.0,1.19
2026-09-11T07:59:15.831310Z,213.81,azure-1,crdb-azure-1,28.767123287689945,50962.28,56494.340000000004,8327364608.0,5366792192.0,2593033.866221994,42836161.17654903,70.1683832420843,3151933952.0,91127456768.0,3745.915,28014728.41800112,126379.55667151595,51550095535.0,1532615850.0,0.67
2026-09-11T07:59:15.972856Z,213.952,azure-2,crdb-azure-2,34.008097165957466,33568.380000000005,39032.39,8327364608.0,5356077056.0,2538744.857304769,45239681.37865562,78.76345958255148,3167629824.0,91679319040.0,3637.011,28839457.83951581,110406.33524140464,51683919255.0,1611074993.0,0.8
2026-09-11T07:59:17.186303Z,215.165,gcp-1,crdb-gcp-1,65.48387096772906,26791.33,36116.64,8324030464.0,4540477440.0,586619.4887223061,51703610.98339406,43.81645890407937,14044063744.0,105322169344.0,2013.637,3576383.5670044357,154129104.09436396,30061583199.0,211214900655.0,6.4
2026-09-11T07:59:17.171929Z,215.151,client-1,crdb-client-1,40.173253925272256,34148.55,37053.68,8324026368.0,7528726528.0,0.0,126081.24358504047,0.20397415042523834,571373568.0,6216123392.0,19.372,11065121.10278214,2185163.391349843,4709333930.0,18511334142.0,1.47
2026-09-11T07:59:21.548876Z,219.528,linode-1,crdb-linode-1,25.466804979253897,31374.46,36777.159999999996,8322887680.0,5427531776.0,3640410.150099697,64536839.23736822,81.85691631878554,3057932288.0,104038727680.0,4291.2080000000005,40705174.12925737,775384.8668314914,52979999415.0,4348955728.0,1.08
2026-09-11T07:59:22.221720Z,220.201,linode-2,crdb-linode-2,27.512953367850955,31453.72,36902.14,8322887680.0,5384396800.0,3389455.293881903,61536092.14714853,74.14072526887432,3656075264.0,103872008192.0,4219.664000000001,38542708.898005195,693753.4143122513,52826730265.0,4261082920.0,1.26
2026-09-11T07:59:20.840080Z,218.819,azure-1,crdb-azure-1,33.62025316452956,50975.39,56514.09,8327364608.0,5368041472.0,2574307.1510380846,43684716.64817487,73.84991890692359,3164828160.0,91346265088.0,3749.614,28659951.445154883,130324.64291643827,51693647704.0,1533268621.0,0.62
2026-09-11T07:59:21.086022Z,219.065,azure-2,crdb-azure-2,32.11937278707391,33581.8,39052.16,8327364608.0,5360680960.0,2637901.2301443857,44977297.40932792,74.66941963104014,3181117952.0,91909297152.0,3640.829,29554279.891517762,129923.61672553072,51835036327.0,1611739319.0,0.98
2026-09-11T07:59:22.225371Z,220.205,gcp-1,crdb-gcp-1,61.51385927507067,26798.55,36135.4,8324030464.0,4590014464.0,45519.036680172016,47250385.753899984,41.574699116281394,14044293120.0,105560269824.0,2015.732,3650032.947884899,150704658.26834506,30079976162.0,211974319883.0,6.2
2026-09-11T07:59:21.832624Z,219.812,client-1,crdb-client-1,38.46566523608237,34160.02,37072.32,8324026368.0,7528546304.0,0.0,13182.465788209909,0.0,571373568.0,6216184832.0,19.372,12577952.965999024,2475937.204004131,4767956455.0,18522873833.0,1.59
2026-09-11T07:59:26.606369Z,224.586,linode-1,crdb-linode-1,30.301455301475034,31387.87,36796.4,8322887680.0,5431595008.0,3736797.5362693164,66936782.915617466,90.08360242371984,3076831232.0,104377262080.0,4295.764,42066715.10624331,797888.4201153792,53192752845.0,4352991068.0,0.99
2026-09-11T07:59:26.913896Z,224.893,linode-2,crdb-linode-2,32.185089974289646,31466.91,36921.59,8322887680.0,5382397952.0,3850523.2504668394,72207567.95105782,91.55604355147236,3674142720.0,104210821120.0,4223.96,45234003.479878,917961.2242267008,53038977618.0,4265390185.0,1.32
2026-09-11T07:59:25.848693Z,223.828,azure-1,crdb-azure-1,26.737696600722284,50989.83,56533.8,8327364608.0,5358387200.0,2638174.0376805156,47228712.65471951,67.46325988824181,3178041856.0,91582817280.0,3752.993,29635730.990085427,143014.52409158877,51842082771.0,1533984931.0,0.57
2026-09-11T07:59:26.002433Z,223.982,azure-2,crdb-azure-2,32.558139534897414,33595.14,39071.94,8327364608.0,5362851840.0,3145867.618058371,45795034.75355735,80.36288865266376,3196584448.0,92134446080.0,3644.78,30319768.88850307,120155.43436319164,51984101908.0,1612330057.0,1.06
2026-09-11T07:59:27.312883Z,225.292,gcp-1,crdb-gcp-1,64.0692640692593,26805.19,36153.88,8324030464.0,4579606528.0,33009.11115886434,49653754.18565364,41.67022893054277,14044461056.0,105812886528.0,2017.852,3831416.765977981,152795474.76631555,30099468744.0,212751676799.0,6.35
2026-09-11T07:59:27.309140Z,225.288,client-1,crdb-client-1,41.942485078653306,34170.72,37090.75,8324026368.0,7524614144.0,0.0,6731.231105044862,0.03651926597787072,571373568.0,6216221696.0,19.374,10918478.102115821,2164604.626344232,4827752170.0,18534728423.0,1.46
2026-09-11T07:59:31.510671Z,229.49,linode-1,crdb-linode-1,29.718456725759335,31401.35,36815.58,8322887680.0,5400928256.0,4784714.634920927,51843456.26858379,94.60960983366525,3100297216.0,104631521280.0,4300.4039999999995,47442405.62274071,889481.0145522268,53425427689.0,4357353407.0,0.99
2026-09-11T07:59:31.819503Z,229.799,linode-2,crdb-linode-2,33.01936159079602,31479.71,36940.7,8322887680.0,5358768128.0,4883659.898633647,51088476.3579581,94.01413207527283,3698100224.0,104461443072.0,4228.572,47554396.66374883,869956.0611472388,53272262628.0,4269657881.0,1.21
2026-09-11T07:59:30.843194Z,228.822,azure-1,crdb-azure-1,24.416243654814117,51004.72,56553.5,8327364608.0,5367713792.0,3249217.733463983,45526772.65409378,60.72629793583441,3194270208.0,91810202624.0,3756.026,29601613.361418977,156702.27971404535,51989929250.0,1534767587.0,0.6
2026-09-11T07:59:30.952101Z,228.931,azure-2,crdb-azure-2,22.648261758658194,33610.270000000004,39091.5,8327364608.0,5359661056.0,3714735.3870161376,55823643.23295202,49.82088086188441,3214971392.0,92410758144.0,3647.246,33911817.373013824,176017.21249127455,52151956310.0,1613201295.0,0.98
2026-09-11T07:59:31.795593Z,229.775,gcp-1,crdb-gcp-1,74.41489361701828,26810.0,36172.68,8324030464.0,4573384704.0,19017368.407323312,61679211.05076373,57.442458740736896,14129711104.0,106089378816.0,2020.4270000000001,4438059.239376633,189060921.47792566,30119363440.0,213599189046.0,6.4
2026-09-11T07:59:31.787915Z,229.767,client-1,crdb-client-1,44.65065502183636,34180.86,37109.07,8324026368.0,7520595968.0,0.0,46640.935701283895,0.08930938974666719,571373568.0,6216430592.0,19.378,13028304.629558582,2590953.812845799,4886103502.0,18546332819.0,1.35
2026-09-11T07:59:36.712254Z,234.692,linode-1,crdb-linode-1,21.23217922606099,31416.82,36835.22,8322887680.0,5405110272.0,3712019.212437286,59970292.57123437,62.211289320675725,3119605760.0,104943464448.0,4303.64,39136894.10609875,525863.6081872715,53629003263.0,4360088754.0,0.99
2026-09-11T07:59:37.336993Z,235.316,linode-2,crdb-linode-2,21.71922685657841,31495.1,36960.36,8322887680.0,5357420544.0,3503943.191633181,56434271.488973394,54.8071093103438,3717433344.0,104772820992.0,4231.5960000000005,36785203.820388556,478031.4497021104,53475226181.0,4272295435.0,1.11
2026-09-11T07:59:36.295177Z,234.274,azure-1,crdb-azure-1,18.218623481772134,51020.880000000005,56573.26,8327364608.0,5366046720.0,3128326.3791204654,45547801.005508274,38.15089431790113,3211325952.0,92058530816.0,3758.106,28549766.70333067,163684.39447555214,52145583569.0,1535660000.0,0.56
2026-09-11T07:59:36.330760Z,234.31,azure-2,crdb-azure-2,21.849593495949428,33625.65,39111.18,8327364608.0,5360029696.0,3653795.7749871276,50807408.61100275,45.21553233428146,3234624000.0,92684035072.0,3649.6780000000003,32924760.94930974,193885.20661267967,52329048151.0,1614244142.0,0.9
2026-09-11T07:59:37.041389Z,235.021,gcp-1,crdb-gcp-1,92.09968186639492,26811.489999999998,36191.54,8324030464.0,4570357760.0,26971527.948155195,27835104.068082813,51.945993418416315,14271199232.0,106235397120.0,2023.152,2696242.396006831,148174714.58176786,30133507477.0,214376488835.0,8.77
2026-09-11T07:59:37.037319Z,235.017,client-1,crdb-client-1,35.768398268434595,34192.729999999996,37127.55,8324026368.0,7520571392.0,0.0,3121.092939164824,0.03809927904251824,571373568.0,6216446976.0,19.38,8453504.609266514,1679263.4420861744,4930479694.0,18555148017.0,1.24
2026-09-11T07:59:41.542630Z,239.522,linode-1,crdb-linode-1,16.124109867727498,31433.31,36854.88,8322887680.0,5422841856.0,3526672.2321221707,53123097.37869433,54.90220028045907,3136641024.0,105200070656.0,4306.2919999999995,35007763.21683844,393406.7674434187,53798105025.0,4361989069.0,1.15
2026-09-11T07:59:41.834598Z,239.814,linode-2,crdb-linode-2,16.921508664593375,31511.4,36979.979999999996,8322887680.0,5364666368.0,3922357.766247187,57098673.60765408,53.27202405744375,3735074816.0,105029632000.0,4233.992,37548711.89622552,379415.3170854637,53644107907.0,4274001920.0,1.02
2026-09-11T07:59:40.932129Z,238.911,azure-1,crdb-azure-1,19.24858466291911,51036.57,56592.69,8327364608.0,5367316480.0,3683487.560990566,48771318.634285875,46.73283372130175,3228406272.0,92284683264.0,3760.273,32332861.280173928,173816.5964583862,52295510943.0,1536465987.0,0.59
2026-09-11T07:59:41.086295Z,239.066,azure-2,crdb-azure-2,21.74586776858988,33640.8,39130.54,8327364608.0,5341954048.0,3955094.795430596,52732300.469390854,51.01358751949272,3253432832.0,92934808576.0,3652.1040000000003,36248903.19997683,211086.0663461213,52501433281.0,1615247982.0,0.83
2026-09-11T07:59:41.745471Z,239.725,gcp-1,crdb-gcp-1,97.37124463518447,26811.98,36210.18,8324030464.0,4568838144.0,26531272.9652598,27606629.778915722,61.542375212192134,14396004352.0,106365260800.0,2026.047,2291911.18097484,148982706.64366588,30144288801.0,215077314785.0,9.35
2026-09-11T07:59:41.733135Z,239.712,client-1,crdb-client-1,26.623725174409817,34206.4,37146.18,8324026368.0,7519191040.0,0.0,7850.302011666704,0.021295307106326763,571373568.0,6216483840.0,19.381,7850022.617237469,1573941.259100393,4967342382.0,18562539041.0,1.14
2026-09-11T07:59:46.529762Z,244.509,linode-1,crdb-linode-1,16.1565479177176,31450.02,36874.81,8322887680.0,5421903872.0,3447081.269858144,47205383.84205309,54.540800709206295,3153831936.0,105435488256.0,4309.012,32818453.22255442,374573.38614121516,53961773676.0,4363857101.0,1.06
2026-09-11T07:59:47.200925Z,245.18,linode-2,crdb-linode-2,15.725806451623104,31528.120000000003,36999.82,8322887680.0,5372530688.0,3313358.2512904126,43720910.84822993,44.49928003025994,3752855552.0,105264254976.0,4236.38,30540899.605318878,322580.08865052415,53808001948.0,4275733007.0,1.02
2026-09-11T07:59:45.830562Z,243.81,azure-1,crdb-azure-1,19.209325899616726,51052.51,56612.42,8327364608.0,5361377280.0,3536185.310287477,40119690.51491917,41.17591709384574,3245728256.0,92481209344.0,3762.29,32884091.985535853,231254.11678810715,52456593484.0,1537598784.0,0.54
2026-09-11T07:59:45.970412Z,243.95,azure-2,crdb-azure-2,22.07001522069375,33656.16,39150.25,8327364608.0,5353897984.0,4174702.997884707,33952797.42313384,50.24412668087199,3273822720.0,93100639232.0,3654.558,37297585.79016252,230323.25347851028,52683600395.0,1616372916.0,0.76
2026-09-11T07:59:46.803545Z,244.783,gcp-1,crdb-gcp-1,97.16274089936388,26812.51,36228.86,8324030464.0,4568272896.0,25316044.8869245,25239116.11283827,56.8978751593766,14524057600.0,106492924928.0,2028.925,2207670.3742772527,138913062.27569193,30155455607.0,215779962805.0,10.84
2026-09-11T07:59:46.800853Z,244.78,client-1,crdb-client-1,26.44230769232937,34220.17,37164.9,8324026368.0,7519297536.0,0.0,5657.7214199009095,0.01973256633617405,571373568.0,6216512512.0,19.382,7185944.749120792,1446888.0586902336,5003759058.0,18569871529.0,1.05
2026-09-11T07:59:51.531443Z,249.511,linode-1,crdb-linode-1,14.863498483342052,31466.86,36894.590000000004,8322887680.0,5419696128.0,3495932.2803988955,49275529.90774475,54.46079939845644,3171317760.0,105681952768.0,4311.736,31551165.577774726,361375.99392912624,54119585122.0,4365664618.0,1.05
2026-09-11T07:59:51.813815Z,249.793,linode-2,crdb-linode-2,16.14372469638481,31544.69,37019.58,8322887680.0,5370138624.0,4126265.384103479,53577518.18623194,52.37469007219615,3771889664.0,105511403520.0,4238.796,34315171.36374561,370488.93242069316,53966294921.0,4277442041.0,1.02
2026-09-11T07:59:50.870715Z,248.85,azure-1,crdb-azure-1,24.018357980616965,51067.41,56632.03,8327364608.0,5364989952.0,3496099.375295722,32544930.6560827,51.347308842010726,3263349248.0,92645241856.0,3764.878,31262941.12642997,221989.21716433438,52614164530.0,1538717651.0,0.9
2026-09-11T07:59:50.978907Z,248.958,azure-2,crdb-azure-2,29.162410623114877,33670.03,39169.83,8327364608.0,5352275968.0,3508369.915364074,51984392.08392371,66.90561481543998,3291394560.0,93361005568.0,3657.909,34807386.95079912,173783.8903713252,52857934872.0,1617243321.0,0.86
2026-09-11T07:59:52.038905Z,250.018,gcp-1,crdb-gcp-1,97.20730397421931,26813.03,36247.48,8324030464.0,4566065152.0,24462293.992105927,23561788.654692236,53.0046543962086,14652127232.0,106616280064.0,2031.7,2087949.031556147,130749283.5679705,30166386833.0,216464486204.0,12.22
2026-09-11T07:59:51.747338Z,249.727,client-1,crdb-client-1,27.18498659514217,34233.75,37183.549999999996,8324026368.0,7519453184.0,0.0,0.0,0.0,571373568.0,6216512512.0,19.382,7472676.743777767,1505500.5809556546,5040722571.0,18577318471.0,1.04
2026-09-11T07:59:56.584636Z,254.564,linode-1,crdb-linode-1,11.212121212092818,31484.440000000002,36914.39,8322887680.0,5411319808.0,4273276.325307334,32890934.508406866,48.285357757485336,3192911872.0,105848160256.0,4314.176,22093595.922055,294588.7697875461,54231230508.0,4367153261.0,1.53
2026-09-11T07:59:56.838379Z,254.818,linode-2,crdb-linode-2,12.814070351754204,31562.04,37039.48,8322887680.0,5383802880.0,4450922.851212843,33304478.58723456,45.376638786183555,3794253824.0,105678745600.0,4241.076,22034373.764206808,299796.88478894497,54077009098.0,4278948404.0,0.94
2026-09-11T07:59:55.968241Z,253.948,azure-1,crdb-azure-1,28.077314343861104,51081.55,56651.69,8327364608.0,5364936704.0,3011611.3614189834,47174143.92143732,62.14762973178359,3278701056.0,92885713920.0,3768.046,30346518.889189795,182135.12467112683,52768857110.0,1539646092.0,0.91
2026-09-11T07:59:55.991195Z,253.971,azure-2,crdb-azure-2,28.593194514976105,33684.09,39189.52,8327364608.0,5354860544.0,3838316.8871831726,51893684.753415585,64.18172413319756,3310633472.0,93621113856.0,3661.126,34386956.164928816,172500.2044570614,53030293654.0,1618107949.0,0.87
2026-09-11T07:59:57.078304Z,255.058,gcp-1,crdb-gcp-1,98.39743589741983,26813.33,36266.2,8324030464.0,4565696512.0,27004050.76450642,19826324.65382269,56.05772927124689,14788212736.0,106716193792.0,2034.525,2056983.9053546197,117385448.05249509,30176752896.0,217056044041.0,13.8
2026-09-11T07:59:57.057262Z,255.037,client-1,crdb-client-1,27.087794432574242,34247.369999999995,37202.229999999996,8324026368.0,7516311552.0,0.0,10799.222130555561,0.01883234886043944,571373568.0,6216569856.0,19.383,7115973.073043836,1428359.8382601275,5078508474.0,18584903079.0,1.04
2026-09-11T08:00:01.512696Z,259.492,linode-1,crdb-linode-1,4.69223007063726,31503.33,36934.21,8322887680.0,5415624704.0,1645676.2715270815,10171609.197448699,23.051415577330463,3201021952.0,105898287104.0,4315.312,6257506.429181434,144534.60776122112,54262068212.0,4367865544.0,1.41
2026-09-11T08:00:01.856971Z,259.836,linode-2,crdb-linode-2,4.352278545819743,31580.72,37059.01,8322887680.0,5383688192.0,1402166.630637701,9808637.116998771,14.98422758112805,3801290752.0,105727971328.0,4241.828,5856573.992355031,157479.8481939696,54106400961.0,4279738734.0,1.02
2026-09-11T08:00:00.843027Z,258.823,azure-1,crdb-azure-1,28.818737270894403,51095.53,56671.33,8327364608.0,5366157312.0,3118938.282941017,43355930.87277922,63.79685276917398,3293905408.0,93097067520.0,3771.156,31049464.433482036,179383.00597039692,52920218549.0,1540520557.0,1.0
2026-09-11T08:00:00.961780Z,258.941,azure-2,crdb-azure-2,29.53156822808455,33697.93,39209.159999999996,8327364608.0,5352861696.0,3780697.511682676,50732873.36622835,64.98170415443009,3329425920.0,93873288192.0,3664.356,34480265.139267005,168871.95810287402,53201682290.0,1618947349.0,1.12
2026-09-11T08:00:01.863125Z,259.843,gcp-1,crdb-gcp-1,52.647975077891914,26822.45,36285.46,8324030464.0,5030715392.0,8749499.302167546,41962670.55985257,68.15232297945884,14830077952.0,106916979712.0,2037.786,774724.0916222,80236661.73948024,30180459850.0,217439966030.0,12.78
2026-09-11T08:00:01.860245Z,259.84,client-1,crdb-client-1,10.323574730326868,34264.83,37221.7,8324026368.0,7639912448.0,0.0,317239.17544043635,0.3955829141838415,571373568.0,6218093568.0,19.402,2346024.0435112123,529315.5479665819,5089776518.0,18587445402.0,0.96
2026-09-11T08:00:06.546104Z,264.526,linode-1,crdb-linode-1,1.4550928248914685,31522.97,36954.14,8322887680.0,5419192320.0,202631.80747477402,4221089.097878124,2.940424540591944,3202041856.0,105919533056.0,4315.460000000001,21765.697952242484,78429.46694505251,54262177765.0,4368260302.0,1.3
2026-09-11T08:00:06.872576Z,264.852,linode-2,crdb-linode-2,2.055137844611099,31600.26,37078.96,8322887680.0,5383241728.0,80030.62662863011,4171392.253255537,1.9937476738927322,3801692160.0,105748893696.0,4241.928,48013.83023248157,107915.38097061342,54106641783.0,4280280003.0,0.94
2026-09-11T08:00:05.905884Z,263.885,azure-1,crdb-azure-1,39.70810266734407,51107.509999999995,56691.2,8327364608.0,5351759872.0,2978809.410306121,37307120.354931146,78.45275963603905,3308986880.0,93285950464.0,3775.128,26341025.01781177,124024.68781464381,53053581036.0,1541148484.0,1.24
2026-09-11T08:00:05.990293Z,263.97,azure-2,crdb-azure-2,19.868220983299,33713.74,39228.89,8327364608.0,5351739392.0,4950823.856846163,53558986.68298877,43.372304378133414,3354321408.0,94142612480.0,3666.5370000000003,34992705.76863582,200098.25551031146,53377645021.0,1619953554.0,1.03
2026-09-11T08:00:06.772677Z,264.752,gcp-1,crdb-gcp-1,7.247106190247299,26840.88,36305.33,8324030464.0,5040664576.0,1151316.6209303052,3831882.057922385,2.220149592414574,14835730432.0,106935792640.0,2037.895,193057.89436959245,61191938.23393938,30181407683.0,217740392690.0,11.75
2026-09-11T08:00:06.760201Z,264.74,client-1,crdb-client-1,0.5007511267191567,34284.7,37241.67,8324026368.0,7666446336.0,0.0,10866.991910679884,0.020408263053362678,571373568.0,6218146816.0,19.403,9738.210881195764,68475.84502310738,5089824235.0,18587780932.0,0.88
2026-09-11T08:00:11.554834Z,269.534,linode-1,crdb-linode-1,1.640974639491477,31542.75,36974.25,8322887680.0,5419036672.0,0.0,119390.07775124264,1.5172914953942782,3202041856.0,105920131072.0,4315.536000000001,20178.97867064903,77431.37788230408,54262278840.0,4368648150.0,1.19
2026-09-11T08:00:11.849349Z,269.829,linode-2,crdb-linode-2,1.9607843137226189,31619.76,37098.85,8322887680.0,5383299072.0,823.0171672810014,128390.67809583622,1.3663370941230897,3801696256.0,105749532672.0,4241.996,45515.90351590858,106321.52097885832,54106868307.0,4280809145.0,0.87
2026-09-11T08:00:10.878778Z,268.858,azure-1,crdb-azure-1,58.758202927796624,51115.68,56711.01,8327364608.0,5362507776.0,1502352.533385474,17422017.974873655,98.95561374583528,3316457984.0,93372589056.0,3780.049,13927172.742798496,93768.3367448479,53122839984.0,1541614788.0,1.3
2026-09-11T08:00:11.024829Z,269.004,azure-2,crdb-azure-2,10.775427995968556,33731.46,39248.75,8327364608.0,5355458560.0,3663513.7176413485,25502220.962288633,23.517309216199674,3372765696.0,94271005696.0,3667.721,15756167.94423884,136642.71707935754,53456970860.0,1620641494.0,0.95
2026-09-11T08:00:12.124264Z,270.104,gcp-1,crdb-gcp-1,3.6646586345362775,26860.07,36325.25,8324030464.0,5056729088.0,577856.372564183,69648.91377925915,1.102465528678243,14838822912.0,106936165376.0,2037.954,75018.48147961755,25987039.02275653,30181809155.0,217879466000.0,10.81
2026-09-11T08:00:11.842545Z,269.822,client-1,crdb-client-1,0.496031746024439,34304.76,37261.83,8324026368.0,7666200576.0,0.0,805.9183646038383,0.0,571373568.0,6218150912.0,19.403,8853.29656584822,65767.1491603164,5089869231.0,18588115187.0,0.81
2026-09-11T08:00:16.564266Z,274.544,linode-1,crdb-linode-1,1.506780512283734,31562.36,36994.159999999996,8322887680.0,5418110976.0,0.0,155353.47959833912,1.7566696911766488,3202041856.0,105920909312.0,4315.624000000001,21883.313434786607,79022.18908537024,54262388464.0,4369044010.0,1.1
2026-09-11T08:00:16.804230Z,274.784,linode-2,crdb-linode-2,2.3725391216435243,31639.1,37118.659999999996,8322887680.0,5383385088.0,0.0,64479.004501452284,1.2916467247948749,3801696256.0,105749852160.0,4242.06,46257.70379089783,105648.4274758856,54107097510.0,4281332624.0,0.8
2026-09-11T08:00:15.866409Z,273.846,azure-1,crdb-azure-1,51.675126903562415,51125.2,56730.71,8327364608.0,5367431168.0,1399361.362971401,15765809.534228262,98.68291045061241,3323437568.0,93451224064.0,3784.971,10298813.386565527,92979.47129256933,53174207297.0,1542078541.0,1.43
2026-09-11T08:00:16.107335Z,274.087,azure-2,crdb-azure-2,1.1639676113521125,33750.99,39268.51,8327364608.0,5354766336.0,0.0,163597.52911995436,0.846036713960716,3372765696.0,94271837184.0,3667.764,21531.43761751593,82946.81670554625,53457080294.0,1621063073.0,0.87
2026-09-11T08:00:16.760678Z,274.74,gcp-1,crdb-gcp-1,1.9706922688196071,26879.47,36345.04,8324030464.0,5055819776.0,0.0,928487.9912163556,0.4960682859261765,14838822912.0,106940470272.0,2037.977,35708.720675659126,13722021.145388566,30181974717.0,217943087581.0,9.95
2026-09-11T08:00:17.022056Z,275.002,client-1,crdb-client-1,0.45408678101165334,34324.490000000005,37281.65,8324026368.0,7677194240.0,0.0,13443.627786336825,0.038613361059148824,571373568.0,6218220544.0,19.405,9139.010295468175,63796.22287462654,5089916567.0,18588445623.0,0.74
2026-09-11T08:00:21.536266Z,279.516,linode-1,crdb-linode-1,1.6145307770276118,31581.86,37013.98,8322887680.0,5418586112.0,1647.605460035395,154051.11051330942,1.8503381631185172,3202050048.0,105921675264.0,4315.716,22596.048074892162,80857.56536774534,54262500813.0,4369446039.0,1.01
2026-09-11T08:00:21.768164Z,279.748,linode-2,crdb-linode-2,2.2738756947989325,31658.44,37138.45,8322887680.0,5383241728.0,6601.12429926984,160902.40479470234,1.5310224815205442,3801729024.0,105750650880.0,4242.136,46550.13419963923,107528.74513531983,54107328585.0,4281866397.0,0.73
2026-09-11T08:00:20.838340Z,278.818,azure-1,crdb-azure-1,61.22967479672488,51132.83,56750.39,8327364608.0,5368508416.0,1281866.180850827,15794304.896704404,99.39759816092437,3329810944.0,93529752576.0,3789.913,11756970.760613257,99055.88120569273,53232662381.0,1542571042.0,1.56
2026-09-11T08:00:20.995742Z,278.975,azure-2,crdb-azure-2,1.115053218418316,33770.5,39288.24,8327364608.0,5354070016.0,0.0,171767.78868571966,0.675059192384227,3372765696.0,94272676864.0,3667.797,24735.805316164755,87642.32125733016,53457201214.0,1621491509.0,0.8
2026-09-11T08:00:21.752722Z,279.732,gcp-1,crdb-gcp-1,2.019182231185579,26898.88,36364.85,8324030464.0,5055438848.0,35281.260888523124,3637251.8492749534,1.382180573961371,14838999040.0,106958627840.0,2038.046,34644.456244374465,11138535.122811489,30182147666.0,217998692394.0,9.15
2026-09-11T08:00:21.750004Z,279.73,client-1,crdb-client-1,1.4580191050823643,34344.090000000004,37301.54,8324026368.0,7665537024.0,0.0,9529.736132522208,0.02115087032248757,571373568.0,6218265600.0,19.406,12975.42441676669,73758.5840409699,5089977914.0,18588794349.0,0.68
2026-09-11T08:00:26.552633Z,284.532,linode-1,crdb-linode-1,2.6633165828912175,31601.23,37033.88,8322887680.0,5416861696.0,84918.08045000759,1273771.2067501137,13.07707819429853,3202476032.0,105928065024.0,4316.372,1501687.9346376036,120843.9639118745,54270033897.0,4370052242.0,0.93
2026-09-11T08:00:26.780565Z,284.76,linode-2,crdb-linode-2,4.154154154162226,31677.59,37158.43,8322887680.0,5382799360.0,79265.19545464884,1268243.1272743815,13.64604987791038,3802126336.0,105757007872.0,4242.82,1556567.0038807543,153595.86755139436,54115130783.0,4282636287.0,0.67
2026-09-11T08:00:25.862395Z,283.842,azure-1,crdb-azure-1,38.87195121951902,51144.86,56770.07,8327364608.0,5365325824.0,5338378.338129474,45906955.68749734,77.74508985304679,3356631552.0,93760394240.0,3793.819,24016013.378636677,128124.14692602509,53353321510.0,1543214752.0,1.52
2026-09-11T08:00:25.990018Z,283.97,azure-2,crdb-azure-2,1.705970898161835,33790.090000000004,39308.170000000006,8327364608.0,5353242624.0,127940.29709062086,1055507.4509976222,2.3426568070830274,3373404672.0,94277948416.0,3667.914,1221830.4779420774,89756.19249769443,53463303438.0,1621939781.0,0.74
2026-09-11T08:00:26.784174Z,284.764,gcp-1,crdb-gcp-1,7.525252525277882,26917.19,36384.65,8324030464.0,5055135744.0,739179.136806102,3165933.549602347,5.604708272905812,14842718208.0,106974557184.0,2038.328,261146.81076014813,29764294.788364932,30183461622.0,218148450967.0,8.42
2026-09-11T08:00:26.763724Z,284.743,client-1,crdb-client-1,5.3400503778590735,34362.88,37321.39,8324026368.0,7446720512.0,0.0,8169.414224745452,0.03988971789431365,571373568.0,6218306560.0,19.408,464942.98375736235,170825.72239629473,5092309056.0,18589650839.0,0.63
2026-09-11T08:00:31.583091Z,289.563,linode-1,crdb-linode-1,4.900459418083614,31619.86,37053.47,8322887680.0,5433196544.0,200301.43635096494,8216430.05779507,46.59578319584763,3203483648.0,105969397760.0,4318.716,4306479.887608391,209087.64378045822,54291697636.0,4371104057.0,0.85
2026-09-11T08:00:31.960723Z,289.941,linode-2,crdb-linode-2,8.38353413653815,31695.84,37178.35,8322887680.0,5385154560.0,194512.4024709818,8129195.161805543,45.78960820999536,3803133952.0,105799118848.0,4245.192,4228119.761857738,234732.9364514183,54137033351.0,4283852254.0,0.62
2026-09-11T08:00:30.898681Z,288.878,azure-1,crdb-azure-1,13.034623217911134,51161.94,56789.71,8327364608.0,5359366144.0,1301262.0479931687,16674859.856252462,32.60303165901409,3363185152.0,93844374528.0,3795.4610000000002,9390536.045782216,211084.77430897488,53400615456.0,1544277847.0,1.39
2026-09-11T08:00:31.011021Z,288.991,azure-2,crdb-azure-2,9.667519181584861,33807.75,39327.72,8327364608.0,5338333184.0,210467.3919402917,10161985.664341915,25.17400067115533,3374461440.0,94328972288.0,3669.1780000000003,4380946.095722511,207369.0380760423,53485300402.0,1622980992.0,0.68
2026-09-11T08:00:31.964428Z,289.944,gcp-1,crdb-gcp-1,16.339193381557127,26933.370000000003,36403.99,8324030464.0,5053288448.0,2193365.5170866516,6397447.872656127,16.118739709546883,14854080512.0,107007697920.0,2039.163,779247.2481002844,20613650.07271001,30187498361.0,218255235977.0,7.74
2026-09-11T08:00:31.967122Z,289.947,client-1,crdb-client-1,5.834186284541287,34381.28,37340.93,8324026368.0,7441453056.0,0.0,406965.7039161361,0.4035771929324445,571373568.0,6220424192.0,19.429000000000002,1328522.6932003973,316129.7024085991,5099221978.0,18591295809.0,0.58
2026-09-11T08:00:36.530231Z,294.51,linode-1,crdb-linode-1,5.569620253157193,31638.510000000002,37073.22,8322887680.0,5431586816.0,200362.76849053227,4829405.076881301,42.20580657284862,3204474880.0,105993289728.0,4320.804,4266689.49029079,211861.42516056754,54312805745.0,4372152175.0,0.78
2026-09-11T08:00:36.855126Z,294.835,linode-2,crdb-linode-2,6.744421906702169,31714.23,37198.07,8322887680.0,5383659520.0,227628.26623404986,4857185.504494212,42.49723490697588,3804248064.0,105822892032.0,4247.272,4355983.740310047,250509.55389975806,54158353435.0,4285078357.0,0.73
2026-09-11T08:00:35.876301Z,293.856,azure-1,crdb-azure-1,9.063136456243203,51179.799999999996,56809.35,8327364608.0,5358174208.0,222176.90115084936,7051236.5405986225,26.81985704538221,3364291072.0,93879473152.0,3796.796,4262128.108166354,202669.72422869632,53421830860.0,1545286667.0,1.28
2026-09-11T08:00:35.997596Z,293.977,azure-2,crdb-azure-2,8.320571720253556,33825.71,39347.31,8327364608.0,5340590080.0,205349.49302362514,4728788.125348039,22.66063741373295,3375485440.0,94352552960.0,3670.308,4241448.657664764,202548.7986685783,53506450897.0,1623991026.0,0.62
2026-09-11T08:00:36.787678Z,294.768,gcp-1,crdb-gcp-1,14.759192128457233,26949.83,36423.3,8324030464.0,5054844928.0,1946394.1931872426,6920229.616179249,14.222644495952892,14863468544.0,107041076224.0,2039.849,781085.6590368223,18756578.70786613,30191265767.0,218345704476.0,7.12
2026-09-11T08:00:37.043576Z,295.023,client-1,crdb-client-1,5.257784583966407,34399.84,37360.52,8324026368.0,7438372864.0,0.0,13716.592936685262,0.01969869160250071,571373568.0,6220493824.0,19.43,1192194.3638235251,298019.1414119355,5105274128.0,18592808697.0,0.53
2026-09-11T08:00:41.578153Z,299.558,linode-1,crdb-linode-1,5.372529143425697,31657.18,37092.95,8322887680.0,5441687552.0,197985.31895009024,8002988.5278882785,41.4423995464906,3205474304.0,106033688576.0,4322.896,4135371.637725779,206875.42681074116,54333680978.0,4373196476.0,0.72
2026-09-11T08:00:41.975307Z,299.955,linode-2,crdb-linode-2,6.852791878182152,31732.58,37217.770000000004,8322887680.0,5394640896.0,307189.07289132854,7871719.992840294,39.764210536115186,3805820928.0,105863196672.0,4249.308,4098590.5360114807,232079.24464409574,54179338965.0,4286266645.0,0.67
2026-09-11T08:00:40.906029Z,298.886,azure-1,crdb-azure-1,9.511698880951226,51197.590000000004,56829.01,8327364608.0,5358424064.0,239418.791748212,8106850.584535547,25.309254913994987,3365495296.0,93920248832.0,3798.069,4249420.122558564,203604.50611037435,53443204511.0,1546310753.0,1.18
2026-09-11T08:00:41.039535Z,299.019,azure-2,crdb-azure-2,8.73786407766557,33843.57,39366.88,8327364608.0,5329285120.0,237214.55681163148,8095352.940506533,22.947315977423166,3376681472.0,94393369600.0,3671.465,4216152.609806278,201561.92483150144,53527708671.0,1625007298.0,0.65
2026-09-11T08:00:42.138231Z,300.118,gcp-1,crdb-gcp-1,14.425553838208039,26966.440000000002,36442.71,8324030464.0,5049671680.0,1853329.250796148,5896817.521223763,12.465901090487703,14873384960.0,107072627712.0,2040.516,711924.2471663606,16730102.718648857,30195074986.0,218435220496.0,6.55
2026-09-11T08:00:41.844812Z,299.825,client-1,crdb-client-1,5.1908396946398145,34418.47,37380.17,8324026368.0,7455866880.0,0.0,853.1033953083697,0.0,571373568.0,6220497920.0,19.43,1316013.0017032786,323986.4255335732,5111592693.0,18594364251.0,0.57
2026-09-11T08:00:46.710960Z,304.691,linode-1,crdb-linode-1,6.004036326954321,31675.809999999998,37112.77,8322887680.0,5440589824.0,197105.3662781545,4587687.24993162,45.27700286547506,3206486016.0,106057236480.0,4325.219999999999,4061185.4534521247,206030.04022077454,54354526428.0,4374253997.0,0.66
2026-09-11T08:00:47.056737Z,305.037,linode-2,crdb-linode-2,6.481481481456186,31750.760000000002,37237.21,8322887680.0,5393563648.0,201514.1274431719,4635630.987702726,44.55351411437332,3806844928.0,105886752768.0,4251.571999999999,4145678.5119133857,242317.5895921729,54200405353.0,4287497989.0,0.62
2026-09-11T08:00:45.891524Z,303.871,azure-1,crdb-azure-1,9.221311475426264,51215.31,56848.53,8327364608.0,5351067648.0,193891.64216337336,4574528.235447724,24.310268627309654,3366461952.0,93943055360.0,3799.281,4048755.694333064,214859.44943420228,53463389775.0,1547381945.0,1.08
2026-09-11T08:00:45.998137Z,303.978,azure-2,crdb-azure-2,8.693415637871016,33861.32,39386.32,8327364608.0,5326888960.0,203203.71504213059,4582821.996153416,23.050631023441586,3377689088.0,94416094208.0,3672.608,4088766.3061958845,213207.04356930245,53547983430.0,1626064517.0,0.6
2026-09-11T08:00:47.523806Z,305.504,gcp-1,crdb-gcp-1,16.08355091384601,26982.510000000002,36461.86,8324030464.0,5047074816.0,2061067.1149194546,5634090.475027055,15.745583067736028,14884485120.0,107102970880.0,2041.364,730111.360429175,16602450.085442208,30199007101.0,218524635271.0,6.03
2026-09-11T08:00:47.520826Z,305.501,client-1,crdb-client-1,5.627258647411648,34436.75,37399.54,8324026368.0,7449739264.0,0.0,5773.019879313037,0.035235717036865795,571373568.0,6220530688.0,19.432000000000002,1111805.0883424159,273131.59857536847,5117903364.0,18595914562.0,0.52
2026-09-11T08:00:51.565253Z,309.545,linode-1,crdb-linode-1,6.397984886668528,31694.39,37132.62,8322887680.0,5442940928.0,246384.06252785694,8562689.953879083,49.934698032138265,3207682048.0,106098802688.0,4327.644,4547932.404049915,215476.0500553189,54376603638.0,4375299991.0,0.61
2026-09-11T08:00:51.930088Z,309.91,linode-2,crdb-linode-2,7.606490872228955,31768.98,37256.93,8322887680.0,5395193856.0,293328.0721147892,8565347.802068243,48.59034145886985,3808274432.0,105928495104.0,4253.9400000000005,4547276.216892549,247553.8364252922,54222566033.0,4288704417.0,0.57
2026-09-11T08:00:50.875996Z,308.856,azure-1,crdb-azure-1,9.897959183648963,51232.97,56868.13,8327364608.0,5342932992.0,248167.03330959537,8357969.853615545,26.762891145219335,3367698944.0,93984715776.0,3800.6150000000002,4424012.235631442,215556.22976564246,53485441325.0,1548456388.0,1.0
2026-09-11T08:00:51.021583Z,309.002,azure-2,crdb-azure-2,9.730005094225525,33879.04,39405.95,8327364608.0,5330370560.0,251133.4964770872,8292297.59471421,26.435775425626314,3378950656.0,94457750528.0,3673.936,4391430.989746384,212389.7575063468,53570043764.0,1627131456.0,0.55
2026-09-11T08:00:52.231573Z,310.212,gcp-1,crdb-gcp-1,16.062176165830845,26998.71,36481.16,8324030464.0,5046255616.0,2453526.298065552,6199069.104154985,18.310024560656842,14896035840.0,107132154880.0,2042.226,844844.2876634791,20117059.57691466,30202984462.0,218619342437.0,5.62
2026-09-11T08:00:51.933049Z,309.913,client-1,crdb-client-1,5.228088159938327,34455.24,37419.05,8324026368.0,7442493440.0,0.0,4641.592466256905,0.022664025714092227,571373568.0,6220551168.0,19.433,1459773.124869054,356278.9375068744,5124344290.0,18597486564.0,0.48
2026-09-11T08:00:56.569715Z,314.55,linode-1,crdb-linode-1,5.986808726536497,31712.92,37152.33,8322887680.0,5441609728.0,216892.75314411754,8179721.414801173,49.075821945200204,3208767488.0,106139738112.0,4330.1,4175016.6500212345,208647.5754530561,54397497513.0,4376344168.0,0.56
2026-09-11T08:00:56.877502Z,314.858,linode-2,crdb-linode-2,7.219115404160547,31787.23,37276.6,8322887680.0,5396103168.0,223532.72915750416,8283957.362777729,47.94376026850615,3809380352.0,105969479680.0,4256.312,4287155.904435685,249095.92980017004,54243776580.0,4289936810.0,0.52
2026-09-11T08:00:55.867634Z,313.848,azure-1,crdb-azure-1,10.677618069822403,51250.37,56887.61,8327364608.0,5327392768.0,226475.59487471095,8059577.148041344,25.802883530647623,3368829440.0,94024946688.0,3801.9030000000002,4209110.000241965,216003.5907536121,53506451898.0,1549534611.0,0.92
2026-09-11T08:00:55.998985Z,313.979,azure-2,crdb-azure-2,9.82510288067523,33896.57,39425.39,8327364608.0,5323157504.0,225478.2574690506,8127092.2290669475,27.54429200912495,3380072960.0,94498202624.0,3675.3070000000002,4236089.506513365,209788.25725938994,53591128636.0,1628175664.0,0.59
2026-09-11T08:00:56.782334Z,314.762,gcp-1,crdb-gcp-1,15.28861154443929,27015.0,36500.39,8324030464.0,5042020352.0,1399599.5453945927,6096133.582609373,16.12907685514727,14902405120.0,107159897088.0,2042.96,875612.203973207,19964870.620168176,30206969187.0,218710198319.0,5.17
2026-09-11T08:00:56.766343Z,314.746,client-1,crdb-client-1,5.298353909422948,34473.65,37438.49,8324026368.0,7435845632.0,0.0,5932.1465743743065,0.02068968531801603,571373568.0,6220579840.0,19.434,1389766.9214895149,334937.45353253133,5131061487.0,18599105426.0,0.44
2026-09-11T08:01:01.603726Z,319.584,linode-1,crdb-linode-1,6.143001007055027,31731.559999999998,37172.19,8322887680.0,5439737856.0,183072.6346050264,5218790.570473952,43.22548317062083,3209689088.0,106166009856.0,4332.276,4098559.8623978742,207093.76662214685,54418129940.0,4377386692.0,0.52
2026-09-11T08:01:01.909627Z,319.89,linode-2,crdb-linode-2,7.261724659617763,31805.62,37296.43,8322887680.0,5401350144.0,280003.22892858885,5287502.834651492,45.22899177312973,3810789376.0,105996087296.0,4258.588,4133509.353571413,237203.60633131952,54264577104.0,4291130459.0,0.48
2026-09-11T08:01:00.884440Z,318.864,azure-1,crdb-azure-1,9.294057897454577,51268.229999999996,56907.3,8327364608.0,5326123008.0,171454.57811648873,4682342.883324108,25.713402828574242,3369689600.0,94048437248.0,3803.193,4131399.341842193,206358.4295048862,53527178463.0,1550569878.0,1.0
2026-09-11T08:01:01.043352Z,319.023,azure-2,crdb-azure-2,8.883248730965775,33914.52,39445.09,8327364608.0,5347053568.0,168892.95515278805,5143927.263908233,22.460434921038928,3380924928.0,94524150784.0,3676.44,4091440.204245785,206222.87200284723,53611767603.0,1629215940.0,0.54
2026-09-11T08:01:01.796248Z,319.776,gcp-1,crdb-gcp-1,15.765069551800092,27031.35,36519.8,8324030464.0,5026156544.0,1882172.5046692907,5382653.920688349,15.536545447639577,14911842304.0,107186885632.0,2043.739,767332.0298631547,17625123.052723672,30210816578.0,218798570415.0,4.76
2026-09-11T08:01:01.793085Z,319.773,client-1,crdb-client-1,5.1609606540728326,34492.21,37458.06,8324026368.0,7427973120.0,0.0,16296.683724604103,0.05968023824928486,571373568.0,6220661760.0,19.437,1255915.5092028356,308125.4892667511,5137374710.0,18600654308.0,0.41
2026-09-11T08:01:06.581916Z,324.562,linode-1,crdb-linode-1,6.297229219125711,31750.16,37192.04,8322887680.0,5444739072.0,208986.87165900992,8059159.086220481,48.61168851258951,3210729472.0,106206130176.0,4334.696,4093052.949699704,209023.63173751326,54438506085.0,4378427259.0,0.47
2026-09-11T08:01:06.867051Z,324.847,linode-2,crdb-linode-2,7.135575942921857,31823.84,37316.05,8322887680.0,5399166976.0,213166.83796473173,8080510.369360762,47.84699571262635,3811846144.0,106036146176.0,4260.96,4098447.5803471035,245071.42449037384,54284895031.0,4292345393.0,0.84
2026-09-11T08:01:05.904670Z,323.885,azure-1,crdb-azure-1,9.769820971812615,51285.87,56926.85,8327364608.0,5333196800.0,207236.67119930137,8417561.9557606,26.49260010679285,3370729984.0,94090695680.0,3804.523,4035574.3503068984,212990.74442700788,53547438135.0,1551639149.0,1.0
2026-09-11T08:01:06.153915Z,324.134,azure-2,crdb-azure-2,9.49691991785545,33932.15,39464.57,8327364608.0,5333479424.0,209985.52883831967,7769464.567017828,23.774117509783235,3381998080.0,94563857408.0,3677.655,3947643.2945617703,204404.57921186736,53631942428.0,1630260570.0,0.5
2026-09-11T08:01:06.819294Z,324.799,gcp-1,crdb-gcp-1,16.735751295319456,27047.42,36539.1,8324030464.0,5027508224.0,2119326.624555372,5246536.1686761305,18.016907374442336,14922487808.0,107213239296.0,2044.644,773103.5046188496,17305802.138458908,30214699923.0,218885498491.0,4.7
2026-09-11T08:01:06.806711Z,324.787,client-1,crdb-client-1,5.578300921206425,34510.659999999996,37477.6,8324026368.0,7436636160.0,0.0,816.9658910862254,0.0,571373568.0,6220665856.0,19.437,1251464.4931327417,307919.3509326544,5143649144.0,18602198115.0,0.37
2026-09-11T08:01:11.599784Z,329.58,linode-1,crdb-linode-1,7.7039274924593615,31768.489999999998,37211.9,8322887680.0,5427720192.0,223659.27226591166,5076412.460663156,49.90116917999238,3211851776.0,106231603200.0,4337.2,4334865.542354527,205550.36914204227,54460258087.0,4379458694.0,0.44
2026-09-11T08:01:11.893906Z,329.874,linode-2,crdb-linode-2,8.539666498224442,31841.940000000002,37335.840000000004,8322887680.0,5368135680.0,218371.1073782729,5126832.118000347,47.66364466229172,3812943872.0,106061918208.0,4263.356000000001,4348271.945490922,238929.33648502815,54306753325.0,4293546465.0,0.85
2026-09-11T08:01:10.999326Z,328.979,azure-1,crdb-azure-1,10.351861295288378,51303.45,56946.46,8327364608.0,5341753344.0,213856.75834154093,5112462.88080398,25.2811751740105,3371819520.0,94116742144.0,3805.811,4307664.541242427,213004.69637391376,53569384393.0,1552724344.0,0.92
2026-09-11T08:01:11.180077Z,329.16,azure-2,crdb-azure-2,10.152284263960887,33949.85,39484.27,8327364608.0,5321306112.0,221660.63414441727,5209839.831195807,25.008923440331515,3383112192.0,94590043136.0,3678.9120000000003,4408987.054050916,212257.51767952554,53654102905.0,1631327420.0,0.46
2026-09-11T08:01:11.820526Z,329.801,gcp-1,crdb-gcp-1,15.925542916241698,27063.68,36558.44,8324030464.0,5042425856.0,2017992.9844266511,6062168.8598725945,17.275584218851982,14932580352.0,107243557888.0,2045.508,790033.0610638877,18651038.24151147,30218651098.0,218978777519.0,4.32
2026-09-11T08:01:11.791643Z,329.772,client-1,crdb-client-1,5.49059481444556,34529.25,37497.270000000004,8324026368.0,7446114304.0,0.0,102709.56405818972,0.14042323211076407,571373568.0,6221177856.0,19.444,1263153.3125032987,310524.1119097622,5149945875.0,18603746056.0,0.34
2026-09-11T08:01:16.606849Z,334.587,linode-1,crdb-linode-1,6.320081549411927,31786.87,37231.52,8322887680.0,5430005760.0,539903.9146616305,2591538.7903758264,49.44965127478443,3214555136.0,106244579328.0,4339.6759999999995,4352316.648995324,204461.1267733453,54482050629.0,4380482454.0,0.4
2026-09-11T08:01:16.915680Z,334.896,linode-2,crdb-linode-2,7.430025445271859,31860.13,37355.49,8322887680.0,5370175488.0,548926.8517135868,2599450.039243984,47.31358973314649,3815700480.0,106074972160.0,4265.732,4426084.76258951,245129.59761604364,54328980295.0,4294777460.0,0.79
2026-09-11T08:01:15.894959Z,333.875,azure-1,crdb-azure-1,9.84615384614489,51321.03,56965.96,8327364608.0,5338648576.0,960479.0907787374,2591954.8982861745,25.839053692116142,3376521728.0,94129431552.0,3807.076,4374329.349526527,223819.1086488966,53590799754.0,1553820093.0,1.09
2026-09-11T08:01:16.029407Z,334.01,azure-2,crdb-azure-2,9.3202883625357,33967.46,39503.69,8327364608.0,5332189184.0,1022862.7145523108,2597277.330510616,24.97223424199535,3388072448.0,94602638336.0,3680.123,4398919.275538323,222173.90568100952,53675434962.0,1632404827.0,0.5
2026-09-11T08:01:16.921902Z,334.902,gcp-1,crdb-gcp-1,17.56756756755581,27079.54,36577.68,8324030464.0,5026246656.0,2215224.293075045,5588242.508083478,17.602825900578868,14943881216.0,107272066048.0,2046.406,794202.4563703309,18620352.155177116,30222702685.0,219073768382.0,3.97
2026-09-11T08:01:16.918937Z,334.899,client-1,crdb-client-1,6.189258312017376,34547.59,37516.82,8324026368.0,7461638144.0,0.0,11183.854402399338,0.019503094312243664,571373568.0,6221235200.0,19.445,1378893.9268656047,324106.12686838844,5157016004.0,18605407875.0,0.32
2026-09-11T08:01:21.580066Z,339.56,linode-1,crdb-linode-1,6.161616161621131,31805.45,37251.32,8322887680.0,5432033280.0,705004.9318665148,2390922.099542632,43.43223651156044,3218061312.0,106256470016.0,4341.835999999999,4012654.464661419,208107.16984650816,54502006621.0,4381517426.0,0.37
2026-09-11T08:01:21.877385Z,339.858,linode-2,crdb-linode-2,7.292197858236859,31878.31,37375.1,8322887680.0,5374427136.0,730578.6129437233,2384905.7771688327,43.210422905397934,3819325440.0,106086805504.0,4267.876,4016025.0747036347,236546.63269313474,54348906871.0,4295951149.0,0.72
2026-09-11T08:01:20.927298Z,338.908,azure-1,crdb-azure-1,9.258312020447068,51338.770000000004,56985.51,8327364608.0,5337296896.0,1626231.4262818147,2393767.0794268353,24.143664940974194,3384705536.0,94141477888.0,3808.291,4035927.959310815,207315.59009272387,53611110061.0,1554863383.0,1.08
2026-09-11T08:01:21.039268Z,339.02,azure-2,crdb-azure-2,8.648925281451413,33985.31,39523.229999999996,8327364608.0,5338841088.0,1604911.5272293945,2441296.902856328,22.096244645110485,3396112896.0,94614868992.0,3681.23,4050422.2857379625,208207.70360718475,53695727177.0,1633447927.0,0.78
2026-09-11T08:01:21.830864Z,339.811,gcp-1,crdb-gcp-1,15.92920353983055,27095.69,36596.89,8324030464.0,4978237440.0,2181086.500646182,5241616.448760258,17.15218491424163,14954588160.0,107297797120.0,2047.248,769702.2609499103,17262340.849551976,30226481150.0,219158509137.0,3.82
2026-09-11T08:01:21.825639Z,339.806,client-1,crdb-client-1,5.1530612244634515,34566.18,37536.42,8324026368.0,7461609472.0,0.0,5008.621858733678,0.0407602690326408,571373568.0,6221259776.0,19.447,1226017.3307621886,306093.11252634384,5163031751.0,18606909794.0,0.29
2026-09-11T08:01:26.600812Z,344.581,linode-1,crdb-linode-1,4.332493702755702,31824.440000000002,37271.17,8322887680.0,5432860672.0,350797.0468015999,1792328.1670305,31.070777673677966,3219822592.0,106265468928.0,4343.396000000001,2867204.9902317394,165090.79290756595,54516402269.0,4382346313.0,0.34
2026-09-11T08:01:26.908898Z,344.889,linode-2,crdb-linode-2,5.513404147716539,31896.99,37394.87,8322887680.0,5376020480.0,319926.43758869136,1719299.3287209063,30.845324870899777,3820935168.0,106095456256.0,4269.428000000001,2836610.0085086445,199334.13581076523,54363179435.0,4296954110.0,0.66
2026-09-11T08:01:25.935766Z,343.916,azure-1,crdb-azure-1,7.193515704182762,51357.09,57005.25,8327364608.0,5338214400.0,1185003.2527970686,1848245.23900716,17.450289715974588,3390640640.0,94150734848.0,3809.165,3139848.198681795,185876.53278530974,53626836031.0,1555794348.0,1.0
2026-09-11T08:01:26.041986Z,344.022,azure-2,crdb-azure-2,6.812404677190676,34003.64,39542.9,8327364608.0,5332238336.0,1117590.019443632,1829900.1417263867,16.950627011936085,3401703936.0,94624023552.0,3682.078,3069670.000826803,176733.87355684146,53711084014.0,1634332085.0,0.72
2026-09-11T08:01:26.836119Z,344.816,gcp-1,crdb-gcp-1,11.942593541762502,27112.870000000003,36616.4,8324030464.0,4972007424.0,1354342.7443047923,3742241.3110004924,11.527800513711153,14961367040.0,107316528128.0,2047.825,543151.600800549,12213749.596705351,30229199782.0,219219642512.0,3.51
2026-09-11T08:01:26.810847Z,344.791,client-1,crdb-client-1,3.850050658572013,34585.159999999996,37556.159999999996,8324026368.0,7670456320.0,0.0,6573.001693359382,0.04011841853861948,571373568.0,6221292544.0,19.449,864383.8233325166,233836.62139902404,5167340913.0,18608075526.0,0.27
2026-09-11T08:01:31.584699Z,349.565,linode-1,crdb-linode-1,1.2096774193810167,31844.04,37291.01,8322887680.0,5432614912.0,1643.6873038483154,304082.15121193836,1.8459378900568728,3219830784.0,106266984448.0,4343.488,18779.809640904637,77775.58331650525,54516495866.0,4382733940.0,0.31
2026-09-11T08:01:31.967816Z,349.948,linode-2,crdb-linode-2,2.464788732402745,31916.379999999997,37414.75,8322887680.0,5375807488.0,7286.875892045372,264756.4907443152,1.027879628862919,3820972032.0,106096795648.0,4269.4800000000005,45298.062236789534,102223.22209852484,54363408596.0,4297471253.0,0.61
2026-09-11T08:01:30.935142Z,348.915,azure-1,crdb-azure-1,1.0627530364327176,51376.64,57025.01,8327364608.0,5337501696.0,0.0,74555.54090172441,0.5800648947645886,3390640640.0,94151107584.0,3809.194,25146.613277558088,86905.72257839657,53626961750.0,1556228828.0,0.92
2026-09-11T08:01:31.038214Z,349.019,azure-2,crdb-azure-2,1.1111111110804872,34023.22,39562.7,8327364608.0,5332013056.0,0.0,22134.937746820306,0.5203887997539158,3401703936.0,94624134144.0,3682.1040000000003,21333.33884566999,82662.55994274245,53711190601.0,1634745089.0,0.66
2026-09-11T08:01:31.972846Z,349.953,gcp-1,crdb-gcp-1,0.9533366783859742,27132.61,36636.33,8324030464.0,4968611840.0,0.0,128378.73638491353,0.23360843431733477,14961367040.0,107317187584.0,2047.837,20682.328058687155,78693.53185820243,30229306023.0,219220046745.0,3.23
2026-09-11T08:01:31.970566Z,349.951,client-1,crdb-client-1,2.1073758153806854,34604.67,37576.090000000004,8324026368.0,7666036736.0,0.0,15876.610004358176,0.05814188234018107,571373568.0,6221374464.0,19.452,10720.006459607712,66169.14442233843,5167396226.0,18608416945.0,0.33
2026-09-11T08:01:36.608603Z,354.589,linode-1,crdb-linode-1,1.3052208835262147,31863.7,37310.93,8322887680.0,5432635392.0,0.0,25274.093283026585,1.8312252567827163,3219830784.0,106267111424.0,4343.580000000001,20864.821338678008,77679.77920736167,54516600690.0,4383124200.0,0.29
2026-09-11T08:01:36.902862Z,354.883,linode-2,crdb-linode-2,2.664655605826305,31935.739999999998,37434.64,8322887680.0,5374283776.0,3319.904814146568,36518.95295561224,1.7020996361557381,3820988416.0,106096975872.0,4269.564,52044.12794647417,113168.55219003916,54363665438.0,4298029749.0,0.56
2026-09-11T08:01:35.946342Z,353.927,azure-1,crdb-azure-1,1.0510510510104765,51396.41,57044.99,8327364608.0,5336981504.0,0.0,264825.4437481481,0.6186092993600429,3390640640.0,94152434688.0,3809.225,21932.29383037913,87269.20937473353,53627071658.0,1556666155.0,0.84
2026-09-11T08:01:36.042122Z,354.023,azure-2,crdb-azure-2,1.1546184739113285,34042.91,39582.62,8327364608.0,5331496960.0,0.0,306956.86204568396,0.6794618040003939,3401703936.0,94625670144.0,3682.138,21452.207886169264,84299.02744783126,53711297947.0,1635166918.0,0.61
2026-09-11T08:01:36.806482Z,354.787,gcp-1,crdb-gcp-1,0.9552538964238133,27152.31,36656.22,8324030464.0,4967333888.0,0.0,85586.51204157909,0.24825914306498562,14961367040.0,107317601280.0,2047.849,24687.096069117397,87405.01026453865,30229425352.0,219220469231.0,2.97
2026-09-11T08:01:36.799636Z,354.78,client-1,crdb-client-1,0.40080160317872426,34624.55,37596.05,8324026368.0,7680466944.0,0.0,15267.432443860118,0.02070778054989222,571373568.0,6221448192.0,19.453,7652.3532244250055,68392.20805570493,5167433180.0,18608747218.0,0.3
2026-09-11T08:01:41.671091Z,359.652,linode-1,crdb-linode-1,1.1610297829358407,31883.28,37330.74,8322887680.0,5432639488.0,0.0,84953.61679330266,1.7382622483696946,3219830784.0,106267541504.0,4343.668000000001,20905.76401352302,79289.05469141106,54516706526.0,4383525603.0,0.26
2026-09-11T08:01:42.006128Z,359.987,linode-2,crdb-linode-2,2.1169354838801,31955.16,37454.48,8322887680.0,5374074880.0,1605.2260507357043,17657.486558092747,1.0189423173552579,3820996608.0,106097065984.0,4269.616,46765.14145709005,103032.11597402203,54363904096.0,4298555556.0,0.52
2026-09-11T08:01:40.908335Z,358.889,azure-1,crdb-azure-1,1.1704834605759995,51415.83,57064.64,8327364608.0,5336727552.0,0.0,55306.45296335947,0.8061225070445017,3390640640.0,94152709120.0,3809.265,24074.04255039889,86792.59043541254,53627191114.0,1557096822.0,0.77
2026-09-11T08:01:41.075693Z,359.056,azure-2,crdb-azure-2,1.012145748973392,34062.47,39602.38,8327364608.0,5331501056.0,0.0,84628.83612874056,0.5364000937780972,3401703936.0,94626096128.0,3682.165,22142.397204422654,82895.46915903452,53711409402.0,1635584177.0,0.56
2026-09-11T08:01:41.959073Z,359.94,gcp-1,crdb-gcp-1,0.8004002000994048,27172.14,36676.21,8324030464.0,4969377792.0,0.0,350565.93245706643,0.2134832753760077,14961367040.0,107319407616.0,2047.8600000000001,19941.860903929806,77743.03993807583,30229528105.0,219220869812.0,2.73
2026-09-11T08:01:41.944422Z,359.925,client-1,crdb-client-1,0.5991013479911489,34644.46,37616.08,8324026368.0,7694344192.0,0.0,251580.2554849293,0.1360590904058042,571373568.0,6222742528.0,19.46,7900.17389934681,64840.12575364747,5167473825.0,18609080809.0,0.28
2026-09-11T08:01:46.605876Z,364.586,linode-1,crdb-linode-1,1.4499999999861735,31902.99,37350.74,8322887680.0,5432651776.0,0.0,38180.74506385023,1.783237923323295,3219830784.0,106267729920.0,4343.756,21804.744348173597,79974.57332917194,54516814129.0,4383920265.0,0.24
2026-09-11T08:01:46.887212Z,364.868,linode-2,crdb-linode-2,2.517623363509025,31974.52,37474.34,8322887680.0,5373865984.0,0.0,122516.06434424754,1.63896704229357,3820996608.0,106097664000.0,4269.696000000001,52703.03395320138,114445.58575719812,54364161346.0,4299114179.0,0.47
2026-09-11T08:01:46.020039Z,364.0,azure-1,crdb-azure-1,0.906344410914206,51435.509999999995,57084.5,8327364608.0,5336469504.0,0.0,74520.22207754894,0.5281958785117069,3390640640.0,94153090048.0,3809.292,24899.153713001604,89000.6142728724,53627318392.0,1557551770.0,0.79
2026-09-11T08:01:46.034740Z,364.015,azure-2,crdb-azure-2,1.1586901763386281,34082.09,39622.229999999996,8327364608.0,5343170560.0,0.0,45427.28095577594,0.5847794512239599,3401703936.0,94626321408.0,3682.194,23238.530447383197,85486.28654931525,53711524645.0,1636008115.0,0.51
2026-09-11T08:01:46.850425Z,364.831,gcp-1,crdb-gcp-1,0.9063444108775687,27191.82,36696.07,8324030464.0,4970328064.0,0.0,86251.15990929469,0.2657731622643753,14961367040.0,107319829504.0,2047.873,28382.52932106953,89024.8095188816,30229666935.0,219221305267.0,2.51
2026-09-11T08:01:46.824242Z,364.805,client-1,crdb-client-1,0.45180722889817115,34664.29,37636.0,8324026368.0,7693864960.0,0.0,9233.04349008409,0.04098474560581931,571373568.0,6222787584.0,19.462,8890.001169363193,68693.50749131167,5167517207.0,18609416024.0,0.25
2026-09-11T08:01:51.650578Z,369.631,linode-1,crdb-linode-1,1.3479780329528346,31922.75,37370.77,8322887680.0,5432659968.0,0.0,22734.160896688496,1.6650996750471097,3219830784.0,106267844608.0,4343.84,18889.961134991718,76831.86175601432,54516909424.0,4384307862.0,0.22
2026-09-11T08:01:51.958398Z,369.939,linode-2,crdb-linode-2,2.148925537250801,31994.1,37494.35,8322887680.0,5373636608.0,5653.854992932874,13730.790697122695,1.104268553299024,3821025280.0,106097733632.0,4269.752,46165.13001588612,101877.05605673918,54364395460.0,4299630821.0,0.44
2026-09-11T08:01:50.946595Z,368.927,azure-1,crdb-azure-1,1.1022044087870664,51455.25,57104.46,8327364608.0,5336477696.0,0.0,19953.629995719206,0.5683406981252787,3390640640.0,94153188352.0,3809.32,24539.1245354459,87218.78140645924,53627439287.0,1557981464.0,0.73
2026-09-11T08:01:51.087717Z,369.068,azure-2,crdb-azure-2,1.1060834590305157,34101.759999999995,39642.119999999995,8327364608.0,5343604736.0,0.0,22696.762946123592,0.4947501688538941,3401703936.0,94626436096.0,3682.219,20831.5548095512,81168.91060194212,53711629908.0,1636418266.0,0.47
2026-09-11T08:01:51.876060Z,369.857,gcp-1,crdb-gcp-1,1.2475049900199098,27211.61,36716.11,8324030464.0,4969975808.0,0.0,195602.2264171817,0.2586699364631863,14961367040.0,107320812544.0,2047.886,21086.17628998616,80915.9356636669,30229772908.0,219221711927.0,2.31
2026-09-11T08:01:51.873347Z,369.854,client-1,crdb-client-1,3.605408112173869,34683.54,37655.97,8324026368.0,7535734784.0,0.0,3244.895966108283,0.0,571373568.0,6222803968.0,19.462,12735.58289823163,69142.78353368903,5167581511.0,18609765137.0,0.23
2026-09-11T08:01:56.727660Z,374.708,linode-1,crdb-linode-1,11.704834605611914,31940.1,37390.42,8322887680.0,5435871232.0,1222237.321835566,4100747.3972872496,52.155599413107666,3226036224.0,106288664576.0,4346.488,5572255.197700007,400549.8824745767,54545200407.0,4386341500.0,0.2
2026-09-11T08:01:56.960813Z,374.941,linode-2,crdb-linode-2,11.641025641009229,32011.33,37513.85,8322887680.0,5380161536.0,1300249.5521583909,4249556.155983658,55.17284116893947,3827529728.0,106118991872.0,4272.512,5754857.571362448,403165.3418606058,54393183912.0,4301647640.0,0.4
2026-09-11T08:01:56.005478Z,373.986,azure-1,crdb-azure-1,9.36386768449693,51473.06,57124.11,8327364608.0,5370036224.0,2164211.801346647,2858897.0709147067,23.99714307823153,3401589248.0,94167651328.0,3810.534,4991659.5686061075,164810.5600969172,53652691771.0,1558815230.0,0.67
2026-09-11T08:01:56.074669Z,374.055,azure-2,crdb-azure-2,10.070850202417802,34119.53,39661.88,8327364608.0,5381545984.0,2267709.0954647916,3092330.584724716,25.646702369317655,3413012992.0,94641857536.0,3683.498,5164512.549983056,193424.46155090278,53737385311.0,1637382873.0,0.52
2026-09-11T08:01:56.898771Z,374.879,gcp-1,crdb-gcp-1,30.72000000001086,27224.6,36734.86,8324030464.0,4965433344.0,24464.72849913087,8430545.440800497,20.008994255883135,14961489920.0,107363156992.0,2048.891,1850059.0839356421,27382576.421235524,30239065276.0,219359247522.0,2.37
2026-09-11T08:01:56.875438Z,374.856,client-1,crdb-client-1,20.791556728209272,34698.55,37674.92,8324026368.0,7469752320.0,0.0,162133.04476644692,0.23989856292384748,571373568.0,6223614976.0,19.474,4802035.140132697,1078909.2013738083,5191601839.0,18615161964.0,0.21
2026-09-11T08:02:01.658231Z,379.639,linode-1,crdb-linode-1,20.39877300615659,31955.67,37409.98,8322887680.0,5436678144.0,1919810.7983460526,6759628.068430044,94.83595876661215,3235502080.0,106321993728.0,4351.164000000001,7710932.722300641,568612.7606191528,54583220080.0,4389145113.0,0.19
2026-09-11T08:02:01.971313Z,379.952,linode-2,crdb-linode-2,16.946484784889606,32027.16,37532.909999999996,8322887680.0,5384740864.0,1903895.9621098284,6787483.114382956,91.08763202955012,3837069312.0,106153000960.0,4277.076,7620961.291816623,578079.154630969,54431369192.0,4304544140.0,0.37
2026-09-11T08:02:00.975769Z,378.956,azure-1,crdb-azure-1,27.235142118848554,51487.14,57143.46,8327364608.0,5351411712.0,3859218.964489845,5982901.918043193,75.00517319344485,3420770816.0,94197388288.0,3814.262,7805098.278361697,445284.66834304715,53691485637.0,1561028439.0,0.7
2026-09-11T08:02:01.062464Z,379.043,azure-2,crdb-azure-2,26.663201663218604,34133.64,39681.12,8327364608.0,5361942528.0,3926974.3905902538,6273961.59433491,69.24858164150025,3432600064.0,94673150976.0,3686.952,7721835.960207276,466301.98504217947,53775900499.0,1639708707.0,0.55
2026-09-11T08:02:01.974037Z,379.955,gcp-1,crdb-gcp-1,45.79180509411886,27234.39,36752.92,8324030464.0,4935614464.0,25825.425829408698,11188865.74059132,28.234737559160216,14961620992.0,107419943936.0,2050.324,2913158.1585903442,36451722.99504152,30253850452.0,219544251257.0,2.18
2026-09-11T08:02:01.968453Z,379.949,client-1,crdb-client-1,26.58708627238946,34712.08,37693.35,8324026368.0,7486828544.0,0.0,12867.69119576555,0.01963453856778149,571373568.0,6223680512.0,19.475,6429275.266340358,1299556.1128188071,5224346562.0,18621780689.0,0.28
2026-09-11T08:02:06.617839Z,384.599,linode-1,crdb-linode-1,16.484659386350952,31971.73,37429.21,8322887680.0,5434789888.0,1471687.7314331436,17047462.48722949,78.79571066623143,3242801152.0,106406543360.0,4355.072,11434012.10474783,567751.9279670261,54639928902.0,4391960970.0,0.25
2026-09-11T08:02:06.925285Z,384.906,linode-2,crdb-linode-2,18.38610827375823,32043.14,37552.49,8322887680.0,5384531968.0,1538692.0264489765,17313385.832263067,80.33937600316287,3844691968.0,106238771200.0,4281.0560000000005,11741070.128180876,548954.5153595163,54489534268.0,4307263652.0,0.58
2026-09-11T08:02:05.939570Z,383.92,azure-1,crdb-azure-1,23.875968992225793,51501.87,57162.81,8327364608.0,5355257856.0,2671885.2376591456,15297739.475281933,61.18230011208988,3434033664.0,94273324032.0,3817.299,10510920.724731497,333763.44832931075,53743660312.0,1562685192.0,0.72
2026-09-11T08:02:06.064865Z,384.046,azure-2,crdb-azure-2,23.216132368142574,34148.49,39700.46,8327364608.0,5383512064.0,2411363.657275668,15283705.951343842,59.091075403451214,3444662784.0,94749606912.0,3689.9080000000004,10744517.446871487,362857.1843855866,53829649383.0,1641523881.0,0.67
2026-09-11T08:02:06.849519Z,384.83,gcp-1,crdb-gcp-1,45.07348938487367,27244.48,36771.29,8324030464.0,4918501376.0,3756158.141006136,10348547.524248173,32.078643819485535,14979934208.0,107470398464.0,2051.888,2757276.962262721,53566060.04657413,30267293605.0,219805413538.0,2.48
2026-09-11T08:02:06.833742Z,384.814,client-1,crdb-client-1,24.258760107812904,34726.130000000005,37711.9,8324026368.0,7487410176.0,0.0,18521.186037723306,0.041107035772623056,571373568.0,6223770624.0,19.477,6482420.04604745,1313277.302105546,5255885786.0,18628170239.0,0.25
2026-09-11T08:02:11.657224Z,389.638,linode-1,crdb-linode-1,17.70138532581369,31987.769999999997,37448.7,8322887680.0,5431771136.0,1223251.9326477293,34598116.29037601,77.78673263566738,3248965632.0,106580897792.0,4358.992,21962389.2368462,601917.5074100893,54750606601.0,4394994285.0,0.31
2026-09-11T08:02:11.961277Z,389.942,linode-2,crdb-linode-2,20.30379746836475,32058.879999999997,37572.24,8322887680.0,5383401472.0,1249281.0621678338,34738309.53531924,76.56777343303165,3850983424.0,106413715456.0,4284.912,21956055.851794463,556461.4561893973,54600106311.0,4310066026.0,0.53
2026-09-11T08:02:10.995157Z,388.976,azure-1,crdb-azure-1,36.90899847484841,51514.28,57182.479999999996,8327364608.0,5359980544.0,1359493.3272679101,28327368.709532306,78.19013990058056,3440906752.0,94416536576.0,3821.252,19230228.191977356,256085.2684422595,53840881128.0,1563979863.0,0.82
2026-09-11T08:02:11.109142Z,389.09,azure-2,crdb-azure-2,28.57142857142326,34162.49,39720.06,8327364608.0,5384884224.0,1611012.5166588866,33407397.66148181,65.1822139958253,3452789248.0,94918124544.0,3693.196,21463770.561891686,333312.46280013904,53937919528.0,1643205216.0,0.62
2026-09-11T08:02:11.947529Z,389.928,gcp-1,crdb-gcp-1,51.91082802546184,27253.54,36790.13,8324030464.0,4906508288.0,9658970.862535931,23554487.504322566,37.994768706775034,15029176320.0,107590480896.0,2053.825,2551914.0306033557,88817749.22563769,30280303442.0,220258212663.0,2.44
2026-09-11T08:02:12.368900Z,390.35,client-1,crdb-client-1,23.117709437966315,34740.630000000005,37730.76,8324026368.0,7487029248.0,0.0,167237.61719137427,0.2529260837984749,571373568.0,6224696320.0,19.491,5570937.817425744,1127964.5195342477,5286722119.0,18634413764.0,0.39
2026-09-11T08:02:16.718842Z,394.7,linode-1,crdb-linode-1,18.956611570238348,32003.46,37468.06,8322887680.0,5430853632.0,1148283.6209526907,38332766.12017545,81.63325986364447,3254777856.0,106774925312.0,4363.124000000001,22426215.063405447,614179.6448844876,54864120530.0,4398103055.0,0.29
2026-09-11T08:02:17.043448Z,395.024,linode-2,crdb-linode-2,19.06250000001386,32074.42,37591.44,8322887680.0,5379784704.0,1172654.6071587126,37910190.660846405,79.88646546567672,3856943104.0,106606383104.0,4288.972000000001,22200612.264369477,544216.5109855125,54712934542.0,4312831850.0,0.49
2026-09-11T08:02:15.938481Z,393.919,azure-1,crdb-azure-1,53.81097560975463,51523.37,57202.16,8327364608.0,5369507840.0,1279332.0197709172,16487142.829923388,97.80757790350928,3447230976.0,94498038784.0,3826.087,14360962.457051307,102487.97899958606,53911872819.0,1564486500.0,0.92
2026-09-11T08:02:16.082192Z,394.063,azure-2,crdb-azure-2,31.246766683912707,34175.78,39739.39,8327364608.0,5383217152.0,1640674.3079935517,34842914.62116426,70.21781809260716,3460948480.0,95091401728.0,3696.688,22833953.101513293,335221.9146100121,54051474985.0,1644872307.0,0.65
2026-09-11T08:02:17.027669Z,395.008,gcp-1,crdb-gcp-1,52.99191374663182,27262.260000000002,36808.68,8324030464.0,5002911744.0,9982451.82583783,28576693.325512495,41.4552862493451,15079888896.0,107735655424.0,2055.931,2406040.9958222955,86486193.09957486,30292526545.0,220697577432.0,2.25
2026-09-11T08:02:17.282906Z,395.264,client-1,crdb-client-1,22.855591748136817,34754.84,37749.18,8324026368.0,7482753024.0,0.0,5834.70479874533,0.02034983537511321,571373568.0,6224724992.0,19.492,6154996.55566775,1253805.453037753,5316968047.0,18640575020.0,0.36
2026-09-11T08:02:21.632674Z,399.613,linode-1,crdb-linode-1,23.39121552605382,32018.46,37487.64,8322887680.0,5429485568.0,1761302.3080315907,35933734.593910955,100.53132535285835,3263432704.0,106951499776.0,4368.064,22842049.058479838,632366.0500249788,54976363875.0,4401210433.0,0.26
2026-09-11T08:02:22.046003Z,400.027,linode-2,crdb-linode-2,21.103730199271553,32089.86,37611.01,8322887680.0,5392633856.0,1201142.096300211,35603587.53614068,82.75698636077985,3862951936.0,106784493568.0,4293.112,22592900.749948703,579459.2211996017,54825957760.0,4315730652.0,0.45
2026-09-11T08:02:20.953088Z,398.934,azure-1,crdb-azure-1,57.518987341775095,51531.76,57221.91,8327364608.0,5372399616.0,1021826.1434928963,14258191.175709032,98.7507467185832,3452355072.0,94569538560.0,3831.039,11872126.656953145,88889.2323269649,53971407327.0,1564932248.0,1.01
2026-09-11T08:02:21.190456Z,399.171,azure-2,crdb-azure-2,31.330916623518178,34189.04,39758.700000000004,8327364608.0,5381427200.0,1536308.5545590904,33678513.522229075,70.02319717768101,3468796416.0,95263441920.0,3700.2650000000003,21880396.84099935,334379.0700429364,54163246773.0,1646580418.0,0.68
2026-09-11T08:02:22.043504Z,400.024,gcp-1,crdb-gcp-1,54.5992469069555,27270.7,36827.270000000004,8324030464.0,5013577728.0,10972691.57226019,27488482.823950473,41.3484904395941,15134926848.0,107873534976.0,2058.005,2487192.4431364303,86834133.59627408,30305002060.0,221133128987.0,2.55
2026-09-11T08:02:22.040365Z,400.021,client-1,crdb-client-1,24.557640750638676,34768.91,37767.83,8324026368.0,7485358080.0,0.0,2582.8720270227245,0.0,571373568.0,6224737280.0,19.492,6593265.768064562,1337329.4959850023,5348335474.0,18646937358.0,0.73
2026-09-11T08:02:26.655440Z,404.636,linode-1,crdb-linode-1,19.346605410924667,32034.260000000002,37507.23,8322887680.0,5467938816.0,1177552.6772668327,36977926.697136104,83.45924987121026,3269347328.0,107137232896.0,4372.256,21452629.980702695,592058.9629460989,55084116371.0,4404184233.0,0.24
2026-09-11T08:02:26.956579Z,404.937,linode-2,crdb-linode-2,20.246659814999312,32105.38,37630.47,8322887680.0,5395492864.0,1298710.0763946841,37575844.72158261,80.23426368623362,3869329408.0,106969014272.0,4297.052000000001,21857265.383203562,603678.9344504067,54933290490.0,4318695090.0,0.41
2026-09-11T08:02:25.939670Z,403.921,azure-1,crdb-azure-1,50.860323886631065,51541.47,57241.67,8327364608.0,5377740800.0,1540937.934477564,25925705.77074379,95.8562116715143,3460039168.0,94698820608.0,3835.819,14244098.093654614,107270.11962069904,54042437454.0,1565467165.0,1.0
2026-09-11T08:02:26.084125Z,404.065,azure-2,crdb-azure-2,29.179487179472694,34202.85,39778.2,8327364608.0,5375160320.0,1629618.9875067943,39113366.66932717,70.5188361437215,3476771328.0,95454852096.0,3703.7160000000003,22208719.800823197,342945.0951123853,54271930206.0,1648258698.0,0.7
2026-09-11T08:02:26.902793Z,404.884,gcp-1,crdb-gcp-1,51.04111051788443,27279.87,36846.0,8324030464.0,5011918848.0,11135745.660439752,25464452.07795662,40.66404739257259,15189039104.0,107997275136.0,2059.981,2530036.3591980203,87430215.8211665,30317296340.0,221557981203.0,2.42
2026-09-11T08:02:26.892632Z,404.873,client-1,crdb-client-1,23.28548644340882,34783.34,37786.64,8324026368.0,7485968384.0,0.0,7597.2053005736925,0.0206087383370849,571373568.0,6224774144.0,19.493000000000002,6253414.578179548,1269034.1727755277,5378678984.0,18653095106.0,1.08
2026-09-11T08:02:31.668736Z,409.65,linode-1,crdb-linode-1,20.3268641470738,32049.86,37526.81,8322887680.0,5476278272.0,1181409.672857286,33824592.29342437,84.89339475816747,3275270144.0,107306807296.0,4376.512,21670027.77273444,601462.7204970004,55192755728.0,4407199574.0,0.3
2026-09-11T08:02:31.982208Z,409.963,linode-2,crdb-linode-2,20.75962539022559,32120.61,37649.69,8322887680.0,5411278848.0,1217632.3695572787,34279529.76143182,81.81986251679288,3875448832.0,107141292032.0,4301.164000000001,21711085.966573432,622039.0863926735,55042403342.0,4321821256.0,0.38
2026-09-11T08:02:30.936556Z,408.917,azure-1,crdb-azure-1,39.675291730086535,51553.36,57261.38,8327364608.0,5360300032.0,2016489.298022033,42488904.989298396,81.19062303571876,3470115328.0,94911132672.0,3839.876,23618400.070911463,135585.53872272946,54160455823.0,1566144670.0,1.08
2026-09-11T08:02:31.082952Z,409.064,azure-2,crdb-azure-2,29.46336429307407,34216.520000000004,39797.58,8327364608.0,5378801664.0,1655977.18852391,34352718.272570476,68.89555948280699,3485049344.0,95626576896.0,3707.1600000000003,21743110.298636187,348425.88905733946,54380621205.0,1650000434.0,0.65
2026-09-11T08:02:31.933918Z,409.915,gcp-1,crdb-gcp-1,53.67047308319355,27288.39,36864.39,8324030464.0,5010010112.0,11657465.17870058,24957021.792937096,40.40814076981881,15247689728.0,108122838016.0,2062.014,2585029.611821568,93680987.924657,30330302049.0,222029305656.0,2.71
2026-09-11T08:02:31.912703Z,409.894,client-1,crdb-client-1,24.61126005359866,34797.4,37805.29,8324026368.0,7527055360.0,0.0,35084.42611403577,0.07967938343481178,571373568.0,6224950272.0,19.497,6337744.5716492925,1282106.2181643315,5410495217.0,18659531432.0,0.99
2026-09-11T08:02:36.749943Z,414.731,linode-1,crdb-linode-1,19.151086407279973,32065.86,37546.6,8322887680.0,5481742336.0,1265577.9470402119,34060974.88804912,86.2779551873734,3281700864.0,107479879680.0,4380.896000000001,21231977.465663597,629222.9230000447,55300640748.0,4410396814.0,0.28
2026-09-11T08:02:36.993240Z,414.974,linode-2,crdb-linode-2,20.487551867206054,32135.940000000002,37668.97,8322887680.0,5428146176.0,1285752.9500493188,34580460.46076699,84.61253669415996,3881891840.0,107314577408.0,4305.4039999999995,21448002.078957275,654901.2335708418,55149880948.0,4325103017.0,0.43
2026-09-11T08:02:36.148992Z,414.13,azure-1,crdb-azure-1,55.02248875562677,51562.36,57281.39,8327364608.0,5371891712.0,1261993.604295653,17652194.475029606,94.31125829891245,3476693504.0,95003145216.0,3844.792,15560821.794780316,88011.81875965175,54241567030.0,1566603434.0,1.24
2026-09-11T08:02:36.376870Z,414.358,azure-2,crdb-azure-2,25.922182920689384,34231.18,39817.37,8327364608.0,5376442368.0,1527311.0248689563,32343557.63556078,61.22085935026765,3493134848.0,95797801984.0,3710.4010000000003,20502994.056088466,391277.41592059145,54489162974.0,1652071836.0,0.67
2026-09-11T08:02:36.941207Z,414.922,gcp-1,crdb-gcp-1,54.236373448461435,27296.87,36882.92,8324030464.0,5009911808.0,11788992.66459287,23558353.368045703,41.978334875851786,15306721280.0,108240802816.0,2064.116,2684220.746849422,87505291.11566877,30343742868.0,222467474827.0,2.89
2026-09-11T08:02:36.902250Z,414.883,client-1,crdb-client-1,24.57264957264027,34811.520000000004,37824.01,8324026368.0,7525806080.0,0.0,7388.164611894755,0.04008335835444152,571373568.0,6224987136.0,19.499,6377074.523661289,1293206.3843381868,5442314280.0,18665984017.0,0.91
2026-09-11T08:02:41.683432Z,419.664,linode-1,crdb-linode-1,20.411311053974913,32081.34,37566.049999999996,8322887680.0,5481091072.0,1408082.388082039,34718861.6184049,85.94252856945597,3288647680.0,107651166208.0,4385.136,21669632.25830731,653424.287827893,55407548518.0,4413620502.0,0.42
2026-09-11T08:02:41.977592Z,419.959,linode-2,crdb-linode-2,20.40063257776691,32151.04,37687.94,8322887680.0,5440561152.0,1348516.256373797,34588907.82878092,82.89874771684964,3888613376.0,107486982144.0,4309.536,21439573.669452354,653742.8950152308,55256744225.0,4328361529.0,0.48
2026-09-11T08:02:41.062412Z,419.043,azure-1,crdb-azure-1,63.877551020396574,51569.44,57300.99,8327364608.0,5359210496.0,1382157.3032625534,16485852.128661191,99.78721271358094,3483484672.0,95084147712.0,3849.695,12243499.218629079,89094.73709796682,54301724915.0,1567041197.0,1.3
2026-09-11T08:02:41.114927Z,419.096,azure-2,crdb-azure-2,25.90042372881407,34245.17,39836.25,8327364608.0,5368410112.0,1572489.8528988706,33448475.749512423,65.84909319064154,3500585472.0,95956284416.0,3713.521,21980635.82916535,407139.2447185325,54593309562.0,1654000905.0,0.78
2026-09-11T08:02:41.901298Z,419.882,gcp-1,crdb-gcp-1,53.43886462880671,27305.4,36901.24,8324030464.0,5007974400.0,12038307.314170368,25942890.834269192,39.25305686686473,15366432768.0,108369482752.0,2066.063,2688848.911148406,81493710.86650085,30357079890.0,222871693677.0,2.74
2026-09-11T08:02:41.855785Z,419.837,client-1,crdb-client-1,24.823081110499878,34825.33,37842.38,8324026368.0,7525801984.0,0.0,7441.893328302732,0.0,571373568.0,6225024000.0,19.499,6502560.409240802,1310005.3811992372,5474525221.0,18672473231.0,1.08
2026-09-11T08:02:46.646921Z,424.628,linode-1,crdb-linode-1,19.204956117711212,32096.99,37585.42,8322887680.0,5482303488.0,1367387.9455331108,34195426.48581837,86.87364479319852,3295434752.0,107820896256.0,4389.448,21259443.347935963,648614.9107609596,55513070417.0,4416839922.0,0.38
2026-09-11T08:02:46.956521Z,424.938,linode-2,crdb-linode-2,21.910695742445675,32166.08,37707.2,8322887680.0,5435887616.0,1371372.8742778504,34407720.73585548,85.80078299156898,3895441408.0,107658297344.0,4313.808,21240116.58779721,642898.7194241753,55362498246.0,4331562506.0,0.44
2026-09-11T08:02:45.954410Z,423.935,azure-1,crdb-azure-1,56.34800202328982,51578.07,57320.76,8327364608.0,5374574592.0,1677901.976476516,21862962.28031676,100.77570376859744,3491693056.0,95191102464.0,3854.625,15263267.53095786,101194.34198628455,54376393616.0,1567536245.0,1.36
2026-09-11T08:02:46.090422Z,424.071,azure-2,crdb-azure-2,26.897263810007345,34259.33,39855.62,8327364608.0,5376000000.0,1611055.5493811287,33499582.76492911,67.22887806441462,3508601344.0,96122962944.0,3716.866,21284706.81051421,392828.4841816455,54699212481.0,1655955439.0,0.8
2026-09-11T08:02:46.922781Z,424.904,gcp-1,crdb-gcp-1,53.71273712739721,27313.94,36919.69,8324030464.0,5007994880.0,12018358.075843444,25075903.622069985,41.97929418384358,15426783232.0,108495401984.0,2068.171,2681298.769769253,85976707.8864608,30370544094.0,223303427711.0,2.84
2026-09-11T08:02:46.894028Z,424.875,client-1,crdb-client-1,25.98382749329503,34839.06,37860.93,8324026368.0,7527927808.0,0.0,7316.787673925054,0.039696113682367605,571373568.0,6225060864.0,19.501,6522952.731728774,1307783.5032497921,5507389661.0,18679062206.0,1.23
2026-09-11T08:02:51.656159Z,429.637,linode-1,crdb-linode-1,19.45724526369431,32112.72,37604.95,8322887680.0,5483372544.0,1369615.004129505,33550252.67727625,85.44123451602114,3302295552.0,107988959232.0,4393.728000000001,20817105.0009686,632637.0443434675,55617349352.0,4420008985.0,0.35
2026-09-11T08:02:51.951482Z,429.933,linode-2,crdb-linode-2,20.90248962658109,32181.33,37726.48,8322887680.0,5443489792.0,1387472.519733094,34113619.55875676,83.36328200274197,3902371840.0,107828695040.0,4317.972,20989579.514660526,638619.1965423966,55467341298.0,4334752412.0,0.4
2026-09-11T08:02:51.011959Z,428.993,azure-1,crdb-azure-1,23.47299343763113,51593.23,57340.57,8327364608.0,5376040960.0,2873419.6146657863,54093662.999541104,52.91046788604939,3506225664.0,95464686592.0,3857.301,29246053.51567644,160841.2975401106,54524308466.0,1568349716.0,1.33
2026-09-11T08:02:51.122402Z,429.103,azure-2,crdb-azure-2,26.728586171315747,34273.53,39875.0,8327364608.0,5380268032.0,1575875.7723027295,30361656.150254037,64.50675468627438,3516531200.0,96275743744.0,3720.112,20756017.51144374,393260.8790986424,54803657408.0,1657934340.0,0.89
2026-09-11T08:02:51.890037Z,429.871,gcp-1,crdb-gcp-1,56.41438539987246,27322.06,36938.32,8324030464.0,5006594048.0,12395260.291335547,25578005.52001978,41.67247372770546,15488354304.0,108622455808.0,2070.241,2720406.4639609526,99059542.07551177,30384057190.0,223795486938.0,2.62
2026-09-11T08:02:51.865928Z,429.847,client-1,crdb-client-1,23.87411828541175,34853.09,37879.36,8324026368.0,7528534016.0,0.0,4942.930249928763,0.04022566935161152,571373568.0,6225085440.0,19.503,6281563.896051022,1277119.7480363532,5538621280.0,18685411981.0,1.29
2026-09-11T08:02:56.644437Z,434.626,linode-1,crdb-linode-1,5.042864346966969,32131.55,37624.78,8322887680.0,5476737024.0,503348.38736225566,7841724.468694195,20.528074525366097,3304806400.0,108028076032.0,4394.752,4784157.778934746,194083.72304146583,55641214121.0,4420977131.0,0.32
2026-09-11T08:02:56.945312Z,434.926,linode-2,crdb-linode-2,6.5697091273721036,32199.96,37746.42,8322887680.0,5414744064.0,307575.8910793975,7493368.909070335,17.941926979626132,3903907840.0,107866116096.0,4318.8679999999995,4495183.601628452,210153.63051664742,55489789748.0,4335801896.0,0.37
2026-09-11T08:02:56.010902Z,433.992,azure-1,crdb-azure-1,49.74541751529718,51603.1,57360.21,8327364608.0,5360594944.0,1704282.3384618638,23620697.71787433,92.61882168201875,3514745344.0,95582766080.0,3861.931,19095449.71236155,106038.7488339815,54619766312.0,1568879802.0,1.46
2026-09-11T08:02:56.083693Z,434.065,azure-2,crdb-azure-2,9.030612244882297,34291.36,39894.6,8327364608.0,5379825664.0,515164.4637646183,12662808.566060442,20.438043301211106,3519087104.0,96338568192.0,3721.126,5904379.788015821,162533.84169078016,54832951020.0,1658740725.0,0.82
2026-09-11T08:02:56.911809Z,434.893,gcp-1,crdb-gcp-1,16.556627729838958,27338.489999999998,36958.01,8324030464.0,5250150400.0,3091291.3096711305,5378357.492340748,8.801628713479797,15503878144.0,108649464832.0,2070.683,566974.8354472129,32106263.406564407,30386904423.0,223956718102.0,2.41
2026-09-11T08:02:56.856238Z,434.837,client-1,crdb-client-1,6.449974606384545,34871.509999999995,37899.049999999996,8324026368.0,7636869120.0,0.0,9849.37416335527,0.06011580910251247,571373568.0,6225134592.0,19.506,1189881.42732338,300924.91180092073,5544559226.0,18686913707.0,1.19
2026-09-11T08:03:01.645677Z,439.627,linode-1,crdb-linode-1,1.3581488933803398,32151.16,37644.66,8322887680.0,5476519936.0,0.0,140865.56013511005,1.3596444190045318,3304806400.0,108028780544.0,4394.820000000001,21990.648895660648,80317.59494139598,55641324103.0,4421378824.0,0.3
2026-09-11T08:03:01.955074Z,439.936,linode-2,crdb-linode-2,2.116935483898441,32219.379999999997,37766.26,8322887680.0,5414649856.0,25345.532048945515,56414.248754104534,1.1976530391151663,3904034816.0,107866398720.0,4318.928,47199.90548889361,107220.28754374986,55490026210.0,4336339048.0,0.34
2026-09-11T08:03:01.001528Z,438.983,azure-1,crdb-azure-1,58.16894284267895,51611.37,57379.98,8327364608.0,5368553472.0,1423147.7772465462,23399044.48056461,96.78055058217423,3521847808.0,95699543040.0,3866.761,14348143.620398208,93557.3374627867,54691373193.0,1569346716.0,1.5
2026-09-11T08:03:01.117887Z,439.099,azure-2,crdb-azure-2,0.9027081243744739,34311.12,39914.54,8327364608.0,5379837952.0,0.0,69158.53490237643,0.6555123080685974,3519087104.0,96338916352.0,3721.159,23079.396526603887,83914.51423723118,54833067207.0,1659163170.0,0.76
2026-09-11T08:03:01.869731Z,439.851,gcp-1,crdb-gcp-1,1.8564977420922002,27358.05,36977.94,8324030464.0,5255020544.0,0.0,2328061.9996606447,0.6252523016566337,15503878144.0,108661007360.0,2070.714,30624.857735192232,14391851.347990785,30387056261.0,224028072880.0,2.21
2026-09-11T08:03:01.861462Z,439.843,client-1,crdb-client-1,0.7507507507579114,34891.34,37919.03,8324026368.0,7663992832.0,0.0,395259.7235439963,0.29968619858186996,571373568.0,6227112960.0,19.521,7722.114174258278,66354.71997280364,5544597877.0,18687245828.0,1.09
2026-09-11T08:03:06.672765Z,444.654,linode-1,crdb-linode-1,1.4485514485378714,32170.89,37664.68,8322887680.0,5476532224.0,0.0,22813.801857846527,1.8300692059446035,3304806400.0,108028895232.0,4394.912,21467.109626945115,78220.93735312688,55641432021.0,4421772051.0,0.27
2026-09-11T08:03:06.985889Z,444.967,linode-2,crdb-linode-2,2.0592667001320675,32238.879999999997,37786.17,8322887680.0,5414526976.0,20354.38107268355,78974.99856201217,1.590186021301956,3904137216.0,107866796032.0,4319.008,48574.21975323906,107235.98330586891,55490270580.0,4336878537.0,0.31
2026-09-11T08:03:05.990231Z,443.971,azure-1,crdb-azure-1,53.252647503785255,51620.64,57399.81,8327364608.0,5375811584.0,1350622.3373278896,15531746.355763946,98.78221882052152,3528585728.0,95777027072.0,3871.689,10331629.660576485,94763.97945673282,54742915132.0,1569819470.0,1.54
2026-09-11T08:03:06.116094Z,444.097,azure-2,crdb-azure-2,2.011060834597622,34330.61,39934.43,8327364608.0,5379133440.0,0.0,28682.069316450925,0.6602317853237049,3519087104.0,96339059712.0,3721.192,21996.92238467155,84715.74086680256,54833177153.0,1659586600.0,0.7
2026-09-11T08:03:06.928707Z,444.91,gcp-1,crdb-gcp-1,1.7543859648870064,27377.65,36997.89,8324030464.0,5256810496.0,0.0,106872.68776651866,0.1778997599099312,15503878144.0,108661548032.0,2070.723,33856.103308404265,10191037.163023906,30387227540.0,224079629630.0,2.04
2026-09-11T08:03:06.926147Z,444.907,client-1,crdb-client-1,0.4982561036300237,34911.31,37939.1,8324026368.0,7671943168.0,0.0,7278.550654630801,0.03948866457588306,571373568.0,6227149824.0,19.523,7805.329440073373,65526.89766728804,5544637409.0,18687577705.0,1.01
2026-09-11T08:03:11.656524Z,449.638,linode-1,crdb-linode-1,1.1066398390219057,32190.55,37684.56,8322887680.0,5476028416.0,821.8633096861302,18080.992813094865,1.5249416878946247,3304810496.0,108028985344.0,4394.988,19518.85230460141,77690.56209243444,55641529299.0,4422159245.0,0.25
2026-09-11T08:03:11.980618Z,449.962,linode-2,crdb-linode-2,2.5012506252947153,32258.37,37806.159999999996,8322887680.0,5414535168.0,0.0,22141.52885500321,1.0410875112603792,3904137216.0,107866906624.0,4319.0599999999995,43661.408340298076,103189.39077057558,55490488659.0,4337393945.0,0.29
2026-09-11T08:03:11.005047Z,448.986,azure-1,crdb-azure-1,38.24419777999284,51632.880000000005,57419.63,8327364608.0,5376610304.0,816.7798066097195,6466445.728929149,91.2695599329314,3528589824.0,95809455104.0,3876.266,21473.17302123072,81900.12243454695,54743022816.0,1570230184.0,1.58
2026-09-11T08:03:11.149655Z,449.131,azure-2,crdb-azure-2,1.1083123425752128,34350.24,39954.28,8327364608.0,5379141632.0,0.0,69980.73643044913,1.072787906309719,3519087104.0,96339411968.0,3721.246,21186.766491874314,81459.76569237166,54833283799.0,1659996637.0,0.64
2026-09-11T08:03:11.924557Z,449.906,gcp-1,crdb-gcp-1,0.9495252373928453,27397.47,37017.9,8324030464.0,5257117696.0,0.0,134460.03206009362,0.180149028282024,15503878144.0,108662219776.0,2070.732,20854.05151389338,80273.80650557917,30387331724.0,224080030667.0,1.87
2026-09-11T08:03:11.912406Z,449.894,client-1,crdb-client-1,0.5491762356494734,34931.229999999996,37959.13,8324026368.0,7687962624.0,0.0,4928.724213185204,0.02005503016435232,571373568.0,6227174400.0,19.524,8879.164054954495,66607.76893327375,5544681683.0,18687909830.0,0.93
2026-09-11T08:03:16.656956Z,454.638,linode-1,crdb-linode-1,1.7051153460386437,32210.15,37704.5,8322887680.0,5476032512.0,0.0,46689.74153116872,1.6798323947241467,3304810496.0,108029218816.0,4395.072,21384.066404833997,78657.3519629269,55641636230.0,4422552571.0,0.23
2026-09-11T08:03:16.940154Z,454.921,linode-2,crdb-linode-2,2.329113924046211,32277.66,37825.909999999996,8322887680.0,5414539264.0,0.0,52030.076725722036,1.6130356127751337,3904137216.0,107867164672.0,4319.139999999999,51795.984932417836,112583.23199990403,55490745546.0,4337952312.0,0.26
2026-09-11T08:03:15.981474Z,453.963,azure-1,crdb-azure-1,1.2658227848469705,51652.38,57439.38,8327364608.0,5375639552.0,0.0,30453.598655849393,0.9042519660020577,3528589824.0,95809606656.0,3876.311,23013.011589833826,89293.07313862682,54743137340.0,1570674550.0,1.45
2026-09-11T08:03:16.085639Z,454.067,azure-2,crdb-azure-2,1.013684744029686,34369.770000000004,39974.01,8327364608.0,5379145728.0,0.0,18255.901653810484,0.6888102097739286,3519087104.0,96339502080.0,3721.28,22509.102107913128,85752.21151811014,54833394905.0,1660419914.0,0.59
2026-09-11T08:03:16.876809Z,454.858,gcp-1,crdb-gcp-1,1.213346814972771,27417.01,37037.68,8324030464.0,5241982976.0,0.0,96775.04364183047,0.26251910709970344,15503878144.0,108662699008.0,2070.745,24545.334576198697,85908.36811003339,30387453273.0,224080456087.0,1.72
2026-09-11T08:03:16.862794Z,454.844,client-1,crdb-client-1,1.3643254168609786,34950.75,37978.92,8324026368.0,7693602816.0,0.0,15720.671771757188,0.020200287535691305,571373568.0,6227252224.0,19.525000000000002,14567.841362096695,70391.3359669114,5544753800.0,18688258297.0,0.85
2026-09-11T08:03:22.310240Z,460.292,linode-1,crdb-linode-1,1.6352824578877212,32230.0,37724.68,8322887680.0,5475012608.0,40573.70990182511,345601.0646994746,1.9103832438459982,3305039872.0,108031172608.0,4395.18,695020.5963512489,76676.59235104563,55645565401.0,4422986048.0,0.21
2026-09-11T08:03:22.265380Z,460.247,linode-2,crdb-linode-2,2.104208416860698,32297.2,37845.87,8322887680.0,5414293504.0,4614.99272411846,27689.956344710758,0.9764795803095693,3904161792.0,107867312128.0,4319.192,118858.97235928041,101283.65440565007,55491378500.0,4338491673.0,0.24
2026-09-11T08:03:21.669984Z,459.651,azure-1,crdb-azure-1,1.0416666666621555,51672.33,57459.54,8327364608.0,5375123456.0,0.0,12240.657995885333,0.4218976790841388,3528589824.0,95809676288.0,3876.335,22290.61229311598,75971.99402653595,54743264142.0,1571106723.0,1.34
2026-09-11T08:03:21.751087Z,459.732,azure-2,crdb-azure-2,1.1465603190589646,34389.6,39994.07,8327364608.0,5378637824.0,0.0,15182.450057727268,0.49422037947964936,3519087104.0,96339588096.0,3721.308,21080.440765025407,74898.21597430362,54833514336.0,1660844249.0,0.54
2026-09-11T08:03:22.257454Z,460.239,gcp-1,crdb-gcp-1,5.793450881601514,27435.71,37057.53,8324030464.0,5029765120.0,0.0,501631.36205313465,0.538936150726238,15503878144.0,108665398272.0,2070.774,273296.19459377736,1350550.0203534171,30388923872.0,224087723358.0,1.58
2026-09-11T08:03:22.244313Z,460.226,client-1,crdb-client-1,8.083375699017026,34968.83,37998.59,8324026368.0,7475138560.0,0.0,7611.12585140314,0.037163700446283796,571373568.0,6227293184.0,19.527,439246.5090444765,307340.0863208927,5547117647.0,18689912277.0,0.78
2026-09-11T08:03:27.070766Z,465.052,linode-1,crdb-linode-1,28.550074738413787,32244.34,37744.75,8322887680.0,5478490112.0,6585498.742155827,29651091.932607014,99.23163662492516,3336390656.0,108172328960.0,4399.904,35149577.20478418,946265.6608427651,55812897724.0,4427490820.0,0.52
2026-09-11T08:03:27.307518Z,465.289,linode-2,crdb-linode-2,28.927300457545478,32311.18,37865.54,8322887680.0,5432725504.0,6511759.29239636,28898368.895672172,93.61009383852704,3936995328.0,108013023232.0,4323.911999999999,33971486.022419736,852762.9657338801,55662669231.0,4342791467.0,0.3
2026-09-11T08:03:27.117378Z,465.099,azure-1,crdb-azure-1,9.778911564608617,51693.55,57483.06,8327364608.0,5375025152.0,1854215.6651849719,13367496.38915589,22.3591100707415,3538690560.0,95882494976.0,3877.553,24571288.11241327,169300.31772729245,54877114858.0,1572028977.0,1.47
2026-09-11T08:03:27.168341Z,465.15,azure-2,crdb-azure-2,16.12903225804758,34409.36,40017.63,8327364608.0,5385715712.0,2634237.2715456756,26347665.38506089,37.029489487668016,3533357568.0,96482321408.0,3723.3140000000003,34165099.725238435,165642.54226770133,55018597066.0,1661741585.0,0.5
2026-09-11T08:03:27.568783Z,465.55,gcp-1,crdb-gcp-1,67.76689014956065,27441.96,37076.92,8324030464.0,4770639872.0,58609.13630584579,32120120.21414188,43.84915914638328,15504189440.0,108836000768.0,2073.103,3859136.6318290425,129484837.84514397,30409421253.0,224775467874.0,1.54
2026-09-11T08:03:27.197842Z,465.179,client-1,crdb-client-1,46.031746031765586,34979.03,38017.49,8324026368.0,7475322880.0,0.0,9922.49731387192,0.040374744929469485,571373568.0,6227342336.0,19.529,12384903.95180654,2453759.376939345,5608467404.0,18702067199.0,0.8
2026-09-11T08:03:31.778241Z,469.76,linode-1,crdb-linode-1,29.051819184126828,32257.21,37762.89,8322887680.0,5479071744.0,2229196.224385143,59537463.251279384,91.42847756263654,3346884608.0,108452601856.0,4404.2080000000005,36834645.98579495,927820.8212089879,55986296998.0,4431858541.0,0.64
2026-09-11T08:03:32.083700Z,470.065,linode-2,crdb-linode-2,29.994526546233637,32323.97,37883.81,8322887680.0,5443817472.0,2269157.1341908104,58720229.51334587,89.86167228346834,3947833344.0,108293484544.0,4328.204000000001,36782586.71464756,817249.8260159226,55838351319.0,4346694840.0,0.28
2026-09-11T08:03:31.003750Z,468.985,azure-1,crdb-azure-1,25.048293625239594,51705.19,57498.59,8327364608.0,5374992384.0,2242759.6214098306,44978502.050238416,58.434359904378354,3547406848.0,96057299968.0,3879.824,29680693.594210293,170603.88678078444,54992466263.0,1572692014.0,1.35
2026-09-11T08:03:31.204832Z,469.186,azure-2,crdb-azure-2,38.757206918659094,34418.92,40033.24,8327364608.0,5383819264.0,2814865.255771695,58553053.29985368,81.9762359055682,3544719872.0,96718672896.0,3726.623,36560137.50648417,155970.87504957226,55166173365.0,1662371167.0,0.54
2026-09-11T08:03:32.080084Z,470.062,gcp-1,crdb-gcp-1,67.06014614952055,27447.82,37094.71,8324030464.0,4761841664.0,29053.87060972767,41264667.66692228,46.438491002940104,15504320512.0,109022159872.0,2075.198,4303519.6869678,161012165.0862564,30428835910.0,225501849112.0,1.97
2026-09-11T08:03:32.382624Z,470.364,client-1,crdb-client-1,46.94808899028221,34988.33,38035.02,8324026368.0,7479062528.0,0.0,146149.77806332087,0.1542966406918336,571373568.0,6228100096.0,19.537,11257874.625473976,2232143.539075107,5666837435.0,18713640457.0,0.9
2026-09-11T08:03:36.691516Z,474.673,linode-1,crdb-linode-1,28.689370485054756,32271.03,37782.270000000004,8322887680.0,5481275392.0,2455929.3887952645,58332908.05233233,94.1111349819751,3358951424.0,108739211264.0,4408.831999999999,36107989.57866779,924560.8972367896,56163707826.0,4436401223.0,1.15
2026-09-11T08:03:37.101605Z,475.083,linode-2,crdb-linode-2,28.3464566929167,32337.620000000003,37902.86,8322887680.0,5443657728.0,2505952.121535392,57006737.545208044,89.91735778106373,3960408064.0,108579540992.0,4332.716,35231004.21456651,873296.6296934197,56015138421.0,4351076991.0,0.5
2026-09-11T08:03:36.014419Z,473.996,azure-1,crdb-azure-1,32.37518910743804,51718.6,57518.42,8327364608.0,5370032128.0,2378771.8736037943,41043215.46452677,67.71481830515853,3559326208.0,96262956032.0,3883.217,28601584.328274574,146454.0001917392,55135780796.0,1573425854.0,1.49
2026-09-11T08:03:36.116818Z,474.098,azure-2,crdb-azure-2,42.49871991805494,34430.15,40052.77,8327364608.0,5377155072.0,3115344.994216644,55972809.79437849,88.94496667593496,3560022528.0,96993612800.0,3730.992,36023224.73392184,230208.05900101596,55343120386.0,1663501955.0,0.58
2026-09-11T08:03:37.386075Z,475.368,gcp-1,crdb-gcp-1,67.93565683646597,27453.8,37113.36,8324030464.0,4713164800.0,60212.11148931906,40802196.985633954,42.91334192870534,15504640000.0,109238658048.0,2077.475,4003928.822904947,137901153.77086797,30450080925.0,226233558443.0,1.98
2026-09-11T08:03:37.373184Z,475.355,client-1,crdb-client-1,44.26318651440824,34998.58,38053.409999999996,8324026368.0,7480356864.0,0.0,0.0,0.0,571373568.0,6228100096.0,19.537,12674024.631279705,2488414.0574808675,5730088294.0,18726059111.0,0.82
2026-09-11T08:03:41.692449Z,479.674,linode-1,crdb-linode-1,29.50904392764628,32284.67,37801.62,8322887680.0,5479292928.0,2400607.461326113,56673501.63304687,91.34220272099924,3370956800.0,109022633984.0,4413.4,35169337.94296321,916715.9854092124,56339588778.0,4440985696.0,1.05
2026-09-11T08:03:41.985562Z,479.967,linode-2,crdb-linode-2,30.70539419088304,32350.98,37922.14,8322887680.0,5445697536.0,2749948.689063807,58426555.450139746,90.58125721043702,3973838848.0,108864897024.0,4337.14,36111855.16061042,921801.8838993057,56191509176.0,4355579083.0,0.62
2026-09-11T08:03:41.020171Z,479.002,azure-1,crdb-azure-1,61.1729019211287,51726.28,57538.2,8327364608.0,5377798144.0,870620.3460040502,15460875.411415912,98.26617665671004,3563684352.0,96340349952.0,3888.136,10454696.75124259,87595.3368675381,55188114829.0,1573864338.0,1.61
2026-09-11T08:03:41.166599Z,479.148,azure-2,crdb-azure-2,40.38954382369981,34441.78,40072.28,8327364608.0,5375533056.0,3077380.0922159785,52870265.99125512,83.23064408584895,3575562752.0,97260598272.0,3735.195,34675573.51409639,236563.74869896786,55518225886.0,1664696560.0,0.69
2026-09-11T08:03:41.960547Z,479.942,gcp-1,crdb-gcp-1,67.05882352940742,27459.96,37132.06,8324030464.0,4681109504.0,66259.43121456489,47462346.89716812,48.923342172394634,15504943104.0,109455774720.0,2079.713,4607834.7081673425,140490887.15266186,30471159481.0,226876234498.0,1.98
2026-09-11T08:03:41.915676Z,479.897,client-1,crdb-client-1,44.66124661248395,35008.79,38071.86,8324026368.0,7523876864.0,0.0,246162.6020727622,0.2641683143809791,571373568.0,6229218304.0,19.549,13841310.606922904,2729085.211884992,5792963256.0,18738456140.0,0.76
2026-09-11T08:03:46.725362Z,484.707,linode-1,crdb-linode-1,27.291666666641245,32298.63,37820.82,8322887680.0,5473771520.0,2238863.6707373504,55793361.61798248,90.84129832237342,3382224896.0,109303439360.0,4417.972,34877708.21790506,935026.1853698032,56515126650.0,4445691639.0,0.97
2026-09-11T08:03:47.135898Z,485.117,linode-2,crdb-linode-2,30.67010309278495,32364.43,37941.54,8322887680.0,5451653120.0,2453440.245754031,54953880.38301574,86.28482428308679,3986475008.0,109147930624.0,4341.584,34161934.8111093,878284.955150108,56367456267.0,4360102588.0,0.81
2026-09-11T08:03:46.019406Z,484.001,azure-1,crdb-azure-1,58.0171977743996,51734.58,57557.97,8327364608.0,5371101184.0,1291244.2136004812,17066381.325696714,99.3342329265746,3570139648.0,96425669632.0,3893.102,15564512.133075634,94887.39576952731,55265926239.0,1574338707.0,1.8
2026-09-11T08:03:46.150664Z,484.132,azure-2,crdb-azure-2,31.12377006729925,34455.08,40091.59,8327364608.0,5378723840.0,2825381.103265428,52733050.97534402,76.00132892012208,3589644800.0,97523426304.0,3738.983,35207878.055557504,435354.7929600672,55693706294.0,1666866422.0,0.71
2026-09-11T08:03:47.141742Z,485.123,gcp-1,crdb-gcp-1,67.83405172414024,27465.93,37150.62,8324030464.0,4657434624.0,61662.084297807276,41666967.65492985,43.81163967223225,15505262592.0,109671662592.0,2081.983,4278466.781792097,127394240.19873099,30493327379.0,227536298644.0,3.26
2026-09-11T08:03:47.139000Z,485.121,client-1,crdb-client-1,44.51054624119434,35019.05,38090.35,8324026368.0,7522824192.0,0.0,7057.492861439701,0.03828934929171184,571373568.0,6229255168.0,19.551000000000002,11971843.160415033,2365250.079708236,5855496798.0,18750810751.0,0.94
2026-09-11T08:03:51.722184Z,489.704,linode-1,crdb-linode-1,27.362409138128328,32312.62,37840.08,8322887680.0,5468667904.0,2389467.2310853237,55646306.34038669,91.17720760767098,3394164736.0,109581496320.0,4422.527999999999,34346565.37562716,925366.4056105551,56686751726.0,4450315568.0,1.05
2026-09-11T08:03:52.031142Z,490.013,linode-2,crdb-linode-2,30.06263048017217,32377.83,37960.700000000004,8322887680.0,5447954432.0,2516029.085633313,56724030.52954412,90.61786352572265,3998791680.0,109425610752.0,4346.02,34708698.81304702,899171.2759863132,56537365137.0,4364504285.0,0.99
2026-09-11T08:03:51.026158Z,489.008,azure-1,crdb-azure-1,58.7878787878888,51742.74,57577.77,8327364608.0,5375258624.0,1547860.7927844343,18349349.747020125,97.94928749926268,3577889280.0,96517538816.0,3898.006,14696935.463177154,88269.00575387273,55339508981.0,1574780641.0,1.81
2026-09-11T08:03:51.164992Z,489.147,azure-2,crdb-azure-2,33.8122113904796,34467.979999999996,40111.079999999994,8327364608.0,5375827968.0,2971718.3908182853,52892176.339712694,77.75677584723212,3604546048.0,97788646400.0,3742.882,33816922.37894601,347867.34243038297,55863276314.0,1668610752.0,0.74
2026-09-11T08:03:51.991511Z,489.973,gcp-1,crdb-gcp-1,65.73426573426477,27472.3,37169.21,8324030464.0,4644769792.0,60809.16873653813,43570613.97151758,43.71318824647834,15505557504.0,109882971136.0,2084.103,4404459.400973133,133386167.14059277,30514688104.0,228183194205.0,3.16
2026-09-11T08:03:51.952011Z,489.934,client-1,crdb-client-1,43.3333333333678,35029.42,38108.65,8324026368.0,7522508800.0,0.0,22977.562662209184,0.04155375192092819,571373568.0,6229365760.0,19.553,12636217.133485874,2508011.810109384,5916315456.0,18762881920.0,0.86
2026-09-11T08:03:56.716301Z,494.698,linode-1,crdb-linode-1,24.948347107427495,32327.15,37859.44,8322887680.0,5457883136.0,4470671.3697703285,50425662.78253332,80.573937802219,3416492032.0,109833330688.0,4426.552,39418295.35075049,753347.8969738502,56883613422.0,4454077916.0,0.97
2026-09-11T08:03:57.015345Z,494.997,linode-2,crdb-linode-2,25.628930817595375,32392.02,37979.78,8322887680.0,5446963200.0,4484490.830010167,50602346.95779844,78.56731682393567,4021143552.0,109677826048.0,4349.936000000001,39523723.29622664,707486.0482115637,56734361683.0,4368030580.0,1.07
2026-09-11T08:03:56.050548Z,494.032,azure-1,crdb-azure-1,51.41414141413533,51752.36,57597.57,8327364608.0,5375074304.0,1752673.1626116938,32403258.391001035,96.36677249915964,3586695680.0,96680350720.0,3902.848,18514465.171287365,111222.42099080293,55432535901.0,1575339484.0,1.75
2026-09-11T08:03:56.154916Z,494.137,azure-2,crdb-azure-2,25.140809011786768,34482.6,40130.61,8327364608.0,5376184320.0,4231451.137970165,53617534.109061345,55.05025970312587,3625660928.0,98056197120.0,3745.629,39657781.637999624,212342.69941048181,56061168071.0,1669670339.0,0.84
2026-09-11T08:03:56.983960Z,494.966,gcp-1,crdb-gcp-1,83.54020507285772,27475.35,37187.74,8324030464.0,4632240128.0,27852020.48405657,49495012.71833877,50.85635913478092,15644608512.0,110130074624.0,2086.642,3513190.739255399,147617652.40410894,30532227683.0,228920174252.0,3.95
2026-09-11T08:03:57.220957Z,495.203,client-1,crdb-client-1,37.411250682683864,35040.88,38126.96,8324026368.0,7536283648.0,0.0,8551.152079833193,0.01897894193857343,571373568.0,6229410816.0,19.554000000000002,10211006.3106335,2025431.165366726,5970117224.0,18773553912.0,0.87
2026-09-11T08:04:01.720951Z,499.703,linode-1,crdb-linode-1,23.254620123202173,32342.1,37878.92,8322887680.0,5466333184.0,4638861.011650657,40876484.33784264,76.00848551629163,3439708160.0,110037905408.0,4430.356000000001,36351414.4629563,536668.8616853396,57065541505.0,4456763785.0,0.89
2026-09-11T08:04:02.016543Z,499.998,linode-2,crdb-linode-2,22.463768115943118,32407.0,37999.1,8322887680.0,5444423680.0,5057299.046432524,41957973.67575459,75.18125480208911,4046436352.0,109887668224.0,4353.696,36637729.99020303,564793.778046863,56917596008.0,4370855253.0,0.98
2026-09-11T08:04:01.051562Z,499.033,azure-1,crdb-azure-1,60.21233569264,51760.229999999996,57617.35,8327364608.0,5371932672.0,1012317.0949422222,15482063.143764423,99.01905747011278,3591758336.0,96757777408.0,3907.8,12383247.943155468,89024.77126156435,55494465236.0,1575784702.0,1.85
2026-09-11T08:04:01.163000Z,499.145,azure-2,crdb-azure-2,26.248725790014106,34497.07,40150.23,8327364608.0,5379792896.0,4148248.616847529,37233639.25117976,58.505029755911686,3646435840.0,98242667520.0,3748.559,34571813.54867793,225440.64593993063,56234307738.0,1670799372.0,0.85
2026-09-11T08:04:01.995649Z,499.977,gcp-1,crdb-gcp-1,88.03465078504263,27477.56,37206.21,8324030464.0,4623503360.0,26398264.42743899,27736975.174564224,52.41709849894557,15776909312.0,110269084672.0,2089.2690000000002,2953937.551639104,129476346.55870137,30547032001.0,229569073890.0,5.72
2026-09-11T08:04:01.976813Z,499.959,client-1,crdb-client-1,34.53749315816237,35052.840000000004,38145.23,8324026368.0,7533985792.0,0.0,861.2482195495887,0.0,571373568.0,6229414912.0,19.554000000000002,10323192.612512443,2040842.6715489451,6019213171.0,18783259931.0,0.8
2026-09-11T08:04:07.348438Z,505.33,linode-1,crdb-linode-1,16.49382716047658,32359.010000000002,37899.17,8322887680.0,5460619264.0,2896841.3376003597,44427938.504303,53.45145370099214,3456010240.0,110287925248.0,4433.364,30217141.155213784,323395.5107032751,57235589566.0,4458583705.0,0.9
2026-09-11T08:04:07.253481Z,505.235,linode-2,crdb-linode-2,16.780487804871658,32424.06,38019.6,8322887680.0,5442781184.0,3205174.4407194993,48253596.17378953,51.93841269010473,4063221760.0,110140370944.0,4356.416,32743582.204481553,356665.0898938955,57089073223.0,4372723098.0,1.06
2026-09-11T08:04:06.513413Z,504.495,azure-1,crdb-azure-1,55.661801711103244,51769.04,57637.22,8327364608.0,5371424768.0,1495347.444248816,18701592.05851403,90.84766529033645,3599925760.0,96859923456.0,3912.762,13931734.076224813,96717.97704407317,55570558842.0,1576312965.0,1.94
2026-09-11T08:04:06.527632Z,504.509,azure-2,crdb-azure-2,28.760162601643337,34511.09,40169.91,8327364608.0,5370822656.0,3157882.70929168,46843708.3808444,59.966206804296284,3663376896.0,98493969408.0,3751.7760000000003,32311575.181603286,167338.52410986763,56407649263.0,1671697091.0,1.02
2026-09-11T08:04:07.224830Z,505.207,gcp-1,crdb-gcp-1,96.01837672282447,27478.34,37225.8,8324030464.0,4624060416.0,21296848.17459485,29744621.44919139,59.83671118064864,15888275456.0,110424626176.0,2092.398,2191662.3022003234,122472419.05897881,30558492710.0,230209510491.0,6.78
2026-09-11T08:04:07.215934Z,505.198,client-1,crdb-client-1,29.387545033459496,35066.56,38164.659999999996,8324026368.0,7534620672.0,0.0,6254.410624695179,0.03817389297297188,571373568.0,6229447680.0,19.556,7943140.43073371,1591099.1204127767,6060828735.0,18791595990.0,0.9
2026-09-11T08:04:12.353027Z,510.332,linode-1,crdb-linode-1,15.219665271982707,32375.22,37918.29,8322887680.0,5455450112.0,3183638.240318763,43050355.06295241,55.815256170397895,3471935488.0,110503272448.0,4436.156,30645113.512462292,357288.00829483994,57388883061.0,4460370937.0,0.83
2026-09-11T08:04:12.355847Z,510.335,linode-2,crdb-linode-2,16.867469879539886,32439.93,38038.69,8322887680.0,5438341120.0,3079221.794892684,42554138.446110815,49.88224860906441,4078925824.0,110357397504.0,4358.96,30086808.836102597,330739.30823628284,57242516269.0,4374409872.0,1.22
2026-09-11T08:04:11.142081Z,509.122,azure-1,crdb-azure-1,55.16014234875195,51777.86,57656.89,8327364608.0,5365628928.0,1529736.1900872565,41583505.82000504,102.98542369935188,3607003648.0,97052324864.0,3917.527,16761803.603303185,110239.57429965923,55648113501.0,1576823029.0,1.95
2026-09-11T08:04:11.175227Z,509.155,azure-2,crdb-azure-2,26.499231163494173,34525.43,40189.420000000006,8327364608.0,5379751936.0,3334438.4096981026,47209370.46157975,61.410551722097665,3678867968.0,98713293824.0,3754.629,33595097.14080415,235675.9609883708,56563724741.0,1672791990.0,1.02
2026-09-11T08:04:12.008713Z,509.988,gcp-1,crdb-gcp-1,96.1430967020754,27479.03,37243.69,8324030464.0,4621758464.0,21834816.337981723,29234155.040511586,59.74891183354413,15992682496.0,110564414464.0,2095.255,2247443.084417377,118640831.45201698,30569239257.0,230776812631.0,9.12
2026-09-11T08:04:11.977028Z,509.957,client-1,crdb-client-1,27.574563871695734,35079.43,38182.43,8324026368.0,7535833088.0,0.0,117056.50248699942,0.18912075668927983,571373568.0,6230004736.0,19.565,8046398.957037507,1613026.0634633417,6099120455.0,18799272162.0,0.99
2026-09-11T08:04:16.938345Z,514.916,linode-1,crdb-linode-1,14.783047426843254,32392.11,37938.11,8322887680.0,5457223680.0,3871231.9208637984,51419825.65247067,60.47752646454052,3489679360.0,110738956288.0,4438.928,34650647.87676066,390058.664752596,57547705026.0,4462158779.0,0.76
2026-09-11T08:04:17.343470Z,515.321,linode-2,crdb-linode-2,16.90918213747583,32456.49,38058.62,8322887680.0,5440053248.0,3697797.8297337554,47436313.41675784,49.74230237107391,4097361920.0,110593900544.0,4361.4400000000005,31780994.80955669,340278.46584705677,57400966649.0,4376106397.0,1.12
2026-09-11T08:04:16.127730Z,514.106,azure-1,crdb-azure-1,53.35335335336229,51787.18,57676.87,8327364608.0,5373190144.0,1813106.6013052457,27952745.018309794,92.563834603921,3616039424.0,97191629824.0,3922.14,15949234.095527167,112321.48778068752,55727597910.0,1577382793.0,1.87
2026-09-11T08:04:16.272389Z,514.25,azure-2,crdb-azure-2,24.41742654508716,34540.35,40209.16,8327364608.0,5379604480.0,3376459.249646946,46336275.76932159,53.718895125813575,3696071168.0,98949379072.0,3757.366,31719028.981431145,191378.0290112592,56725334510.0,1673767069.0,0.94
2026-09-11T08:04:17.340062Z,515.318,gcp-1,crdb-gcp-1,97.35449735449654,27479.53,37262.59,8324030464.0,4622479360.0,23574841.291291803,24381088.104924805,55.16706834078105,16118319104.0,110694347776.0,2098.195,1938998.2324531064,113198665.50148593,30579572695.0,231380078468.0,10.87
2026-09-11T08:04:17.649713Z,515.627,client-1,crdb-client-1,25.56029882604799,35093.38,38201.17,8324026368.0,7530708992.0,0.0,7223.340525302646,0.01763510870431106,571373568.0,6230045696.0,19.566,6386145.482759194,1288354.2048779794,6135333135.0,18806577783.0,0.91
2026-09-11T08:04:21.726771Z,519.703,linode-1,crdb-linode-1,11.556006082104952,32409.559999999998,37957.84,8322887680.0,5456252928.0,4286749.515045869,32261854.384192515,53.059621812119666,3510200320.0,110893395968.0,4441.468,22057455.700473312,303964.1595273661,57653295559.0,4463613876.0,0.7
2026-09-11T08:04:22.040487Z,520.017,linode-2,crdb-linode-2,13.59715880264033,32473.52,38078.33,8322887680.0,5440110592.0,4345741.399969817,32115918.680065986,45.40329887170936,4117768192.0,110744707072.0,4363.572,21809003.543155763,294158.00681205804,57503375057.0,4377487673.0,1.35
2026-09-11T08:04:21.042410Z,519.019,azure-1,crdb-azure-1,21.31062951495325,51802.43,57696.25,8327364608.0,5373911040.0,3072928.402246251,44915108.681339934,50.496808063168906,3631137280.0,97412305920.0,3924.621,30286952.744306505,188849.3101903069,55876403216.0,1578310644.0,1.72
2026-09-11T08:04:21.184153Z,519.161,azure-2,crdb-azure-2,13.612836438910048,34557.04,40228.48,8327364608.0,5377617920.0,4325149.690546297,32758525.264695004,30.059295063353296,3717308928.0,99110233088.0,3758.842,22672532.65159483,220911.78757188,56836663329.0,1674851811.0,0.86
2026-09-11T08:04:21.990356Z,519.967,gcp-1,crdb-gcp-1,97.50542299349746,27479.989999999998,37281.03,8324030464.0,4950581248.0,26287080.01316472,22238644.14171775,57.86208522230653,16240527360.0,110797734912.0,2100.885,2125548.4284925,105220694.1209355,30589454339.0,231869247958.0,12.08
2026-09-11T08:04:21.951722Z,519.928,client-1,crdb-client-1,25.639629831238185,35107.04,38219.54,8324026368.0,7665610752.0,0.0,10476.14145459124,0.023251379293776728,571373568.0,6230090752.0,19.567,8169169.130317234,1653375.1222715676,6170467262.0,18813688652.0,0.84
2026-09-11T08:04:26.762590Z,524.738,linode-1,crdb-linode-1,1.4529058116453775,32429.23,37977.8,8322887680.0,5456003072.0,813.5409481554098,3665001.971440121,1.986183955464769,3510204416.0,110911848448.0,4441.568,22685.398665653876,79433.05769382244,57653409775.0,4464013804.0,0.64
2026-09-11T08:04:27.055458Z,525.031,linode-2,crdb-linode-2,2.70541082164778,32492.94,38098.29,8322887680.0,5439717376.0,22873.745081534264,3785604.8109939205,1.8348777095370055,4117882880.0,110763687936.0,4363.664000000001,52833.70809996613,112927.34918954693,57503639963.0,4378053886.0,1.24
2026-09-11T08:04:26.244506Z,524.22,azure-1,crdb-azure-1,42.90060851926282,51813.69,57715.97,8327364608.0,5365264384.0,1647535.6190219822,20039766.425254952,81.23438515736713,3639706112.0,97516532736.0,3928.846,16161568.621731555,99548.36485115478,55960459527.0,1578828395.0,1.58
2026-09-11T08:04:26.206559Z,524.182,azure-2,crdb-azure-2,1.4112903225750206,34576.6,40248.32,8327364608.0,5376757760.0,30997.269303454068,3004287.969595298,2.0512430215986064,3717464576.0,99125318656.0,3758.945,134539.43658810368,85851.09239750852,56837338898.0,1675282899.0,0.79
2026-09-11T08:04:26.984893Z,524.96,gcp-1,crdb-gcp-1,9.035840484605885,27498.010000000002,37300.840000000004,8324030464.0,4951924736.0,69721.87090566066,14194552.659087738,25.492860082400032,16240875520.0,110868616192.0,2102.158,42553.250782644885,16151932.305001667,30589666831.0,231949903521.0,11.12
2026-09-11T08:04:26.981590Z,524.957,client-1,crdb-client-1,2.1031547321257116,35126.59,38239.51,8324026368.0,7657938944.0,0.0,10588.510031837632,0.03977054549215656,571373568.0,6230144000.0,19.569,10913.634241236192,68739.80853413642,6170522145.0,18814034334.0,0.77
2026-09-11T08:04:31.764954Z,529.739,linode-1,crdb-linode-1,0.9542943244354007,32448.95,37997.71,8322887680.0,5455765504.0,0.0,122840.31643534577,1.9193799442932584,3510204416.0,110912462848.0,4441.664,19555.082730455506,77260.44101426002,57653507582.0,4464400231.0,0.59
2026-09-11T08:04:32.077635Z,530.052,linode-2,crdb-linode-2,1.6210739614797576,32512.36,38118.03,8322887680.0,5439885312.0,346670.85226298356,177821.7548078363,1.7524721391918514,4119623680.0,110764580864.0,4363.752,44270.035115414474,101560.7390805019,57503862264.0,4378563871.0,1.14
2026-09-11T08:04:31.185297Z,529.16,azure-1,crdb-azure-1,29.54545454545371,51827.64,57735.77,8327364608.0,5359632384.0,2336528.1271879254,16077104.46634985,57.772883678462,3651248640.0,97595954176.0,3931.7,22861633.911532544,139979.40568433813,56073396772.0,1579519898.0,1.62
2026-09-11T08:04:31.200860Z,529.175,azure-2,crdb-azure-2,1.1557788944517977,34596.270000000004,40268.22,8327364608.0,5376262144.0,0.0,988411.2234430447,1.3617569046997804,3717464576.0,99130254336.0,3759.013,20496.443999488543,82052.86255134772,56837441248.0,1675692634.0,0.73
2026-09-11T08:04:32.074926Z,530.049,gcp-1,crdb-gcp-1,2.8672032193148067,27517.32,37320.72,8324030464.0,4953423872.0,221327.15600059117,180281.02888775428,0.7859629119332027,16242001920.0,110869533696.0,2102.198,71515.94430123505,20839479.059884276,30590030797.0,232055961854.0,10.23
2026-09-11T08:04:32.071655Z,530.046,client-1,crdb-client-1,0.49950049945696184,35146.51,38259.53,8324026368.0,7671275520.0,0.0,9657.866243056602,0.03929795834581871,571373568.0,6230193152.0,19.571,7029.815278683188,65011.79143015881,6170557922.0,18814365200.0,0.71
2026-09-11T08:04:36.791934Z,534.766,linode-1,crdb-linode-1,1.45000000000437,32468.66,38017.71,8322887680.0,5455519744.0,0.0,162977.3824558097,1.9894700006885087,3510204416.0,110913282048.0,4441.764,21529.24855937244,78511.6483188854,57653615798.0,4464794867.0,0.54
2026-09-11T08:04:37.073690Z,535.048,linode-2,crdb-linode-2,1.9076305220753764,32531.9,38137.95,8322887680.0,5439537152.0,20498.359183307293,127909.7613038375,1.6815060267523263,4119726080.0,110765219840.0,4363.836,48752.66491502514,107508.88943422426,57504105809.0,4379100934.0,1.05
2026-09-11T08:04:36.084593Z,534.059,azure-1,crdb-azure-1,60.663983903431195,51835.46,57755.65,8327364608.0,5365469184.0,1623767.0329068739,15331303.972904447,101.65854487003297,3659203072.0,97671058432.0,3936.68,13849059.515543107,116011.7923910097,56141239880.0,1580088211.0,1.73
2026-09-11T08:04:36.235091Z,534.209,azure-2,crdb-azure-2,1.2048192771348387,34615.95,40288.14,8327364608.0,5376004096.0,0.0,74862.25077245051,0.7747823380555894,3717464576.0,99130631168.0,3759.052,22313.92999801613,84426.83940462513,56837553569.0,1676117611.0,0.67
2026-09-11T08:04:37.004334Z,534.978,gcp-1,crdb-gcp-1,1.9990004997571975,27536.93,37340.73,8324030464.0,4952776704.0,28254.695495139684,157893.88659048645,0.38548312156352865,16242141184.0,110870311936.0,2102.217,51818.06140090871,14444044.855145987,30590286202.0,232127154816.0,9.41
2026-09-11T08:04:36.968860Z,534.943,client-1,crdb-client-1,0.4497751124626359,35166.43,38279.54,8324026368.0,7674806272.0,0.0,7528.328235878999,0.0612656920237572,571373568.0,6230230016.0,19.574,8105.655273716183,67563.19250687664,6170597613.0,18814696037.0,0.65
2026-09-11T08:04:41.882078Z,539.856,linode-1,crdb-linode-1,1.5663240332829398,32488.77,38038.14,8322887680.0,5455020032.0,804.7496800757016,67598.97312635893,1.4145990469924874,3510208512.0,110913626112.0,4441.835999999999,22456.366927073374,79169.41097043562,57653730096.0,4465197822.0,0.5
2026-09-11T08:04:42.507156Z,540.481,linode-2,crdb-linode-2,2.0761245675010587,32551.71,38158.18,8322887680.0,5439541248.0,0.0,125901.81892926841,1.0307269046040715,4119726080.0,110765903872.0,4363.892000000001,44477.70651703094,99271.70094042674,57504347459.0,4379640283.0,0.97
2026-09-11T08:04:41.212208Z,539.186,azure-1,crdb-azure-1,60.10874938209918,51843.53,57775.88,8327364608.0,5381283840.0,1230262.034533791,16547024.364479491,98.78622801012263,3665510912.0,97755898880.0,3941.745,12327773.873973666,87056.89935010044,56204447248.0,1580534572.0,1.75
2026-09-11T08:04:41.331055Z,539.305,azure-2,crdb-azure-2,1.0360138135129926,34636.01,40308.41,8327364608.0,5375492096.0,0.0,151924.7172514684,0.6672454203050019,3717464576.0,99131405312.0,3759.0860000000002,23280.388963022306,83445.31976577853,56837672196.0,1676542813.0,0.62
2026-09-11T08:04:42.142371Z,540.116,gcp-1,crdb-gcp-1,1.9607843136975167,27556.93,37361.13,8324030464.0,4938321920.0,0.0,341221.49459751934,0.29196038184730844,16242141184.0,110872065024.0,2102.232,26054.349836020407,13596203.950473147,30590420061.0,232197007807.0,8.65
2026-09-11T08:04:42.117000Z,540.091,client-1,crdb-client-1,0.4878048780416866,35186.83,38300.04,8324026368.0,7674834944.0,0.0,5569.774049173911,0.01942583024958472,571373568.0,6230258688.0,19.575,8619.823656668317,65135.97437682434,6170641986.0,18815031343.0,0.6
2026-09-11T08:04:46.770874Z,544.744,linode-1,crdb-linode-1,1.2873326467373047,32507.940000000002,38057.56,8322887680.0,5455028224.0,0.0,133222.79232936987,2.045603508406031,3510208512.0,110914277376.0,4441.936,23419.500886602924,81290.6469409532,57653844583.0,4465595214.0,0.46
2026-09-11T08:04:47.150694Z,545.124,linode-2,crdb-linode-2,2.540176257117366,32570.510000000002,38177.47,8322887680.0,5438271488.0,0.0,139375.93093738603,1.8090477586526377,4119726080.0,110766551040.0,4363.976000000001,57887.15928588721,122035.77744500914,57504616248.0,4380206935.0,0.89
2026-09-11T08:04:46.099544Z,544.073,azure-1,crdb-azure-1,31.578947368405085,51856.66,57795.07,8327364608.0,5377916928.0,2921727.4723322242,46341983.7636814,67.81173832684172,3679789568.0,97982374912.0,3945.059,27790787.896215834,153788.38747590437,56340262482.0,1581286145.0,1.69
2026-09-11T08:04:46.212388Z,544.186,azure-2,crdb-azure-2,1.1328527291513124,34655.21,40327.83,8327364608.0,5374976000.0,0.0,73845.94077818224,0.6760797800716776,3717464576.0,99131765760.0,3759.119,23819.11014263861,87400.93062333847,56837788459.0,1676969424.0,0.57
2026-09-11T08:04:47.156884Z,545.13,gcp-1,crdb-gcp-1,3.5288012454977813,27575.519999999997,37380.4,8324030464.0,4949913600.0,0.0,3211119.389266309,0.9373274141017407,16242141184.0,110888166400.0,2102.279,86591.50310286011,27743567.831428964,30590854253.0,232336121170.0,7.96
2026-09-11T08:04:47.154031Z,545.127,client-1,crdb-client-1,1.3874614593875179,35206.020000000004,38319.5,8324026368.0,7672717312.0,0.0,813.2160377820443,0.0,571373568.0,6230262784.0,19.575,11869.658403027226,68541.2466531786,6170701771.0,18815376571.0,0.55
2026-09-11T08:04:51.898151Z,549.871,linode-1,crdb-linode-1,1.4105793451185344,32527.510000000002,38077.41,8322887680.0,5454524416.0,1597.7790895738244,102257.86173272476,1.716364256373023,3510216704.0,110914801664.0,4442.023999999999,33335.10956254041,75985.9811679659,57654015496.0,4465984803.0,0.42
2026-09-11T08:04:52.202431Z,550.176,linode-2,crdb-linode-2,2.4181360201491087,32589.88,38197.32,8322887680.0,5438078976.0,62434.60401974009,141896.82731759112,1.4253029529691794,4120041472.0,110767267840.0,4364.048000000001,58440.786370280824,101328.15222505409,57504911465.0,4380718800.0,0.98
2026-09-11T08:04:51.259740Z,549.233,azure-1,crdb-azure-1,55.487804878076055,51865.42,57814.75,8327364608.0,5372567552.0,1530433.4131983207,18173102.98846595,93.81721659038001,3687686656.0,98076148736.0,3949.9,16321947.251802118,89814.52955989713,56424484280.0,1581749591.0,1.71
2026-09-11T08:04:51.608700Z,549.582,azure-2,crdb-azure-2,1.013171225922549,34674.75,40347.57,8327364608.0,5374722048.0,0.0,116896.13613065975,0.7042114532021019,3717464576.0,99132396544.0,3759.157,17553.026427467772,74095.6465554761,56837883177.0,1677369252.0,0.52
2026-09-11T08:04:52.185068Z,550.158,gcp-1,crdb-gcp-1,11.919504643933676,27592.59,37399.78,8324030464.0,4566691840.0,38287.83497260655,3957495.793551545,1.6308606568676969,16242333696.0,110908064768.0,2102.361,534958.0948336605,15900120.72338023,30593544033.0,232416067295.0,7.48
2026-09-11T08:04:52.774821Z,550.748,client-1,crdb-client-1,13.253012048189095,35222.58,38338.59,8324026368.0,7456129024.0,0.0,8016.247657225505,0.053375228541542585,571373568.0,6230307840.0,19.578,699951.5382957691,505170.740118553,6174635908.0,18818215926.0,0.5
2026-09-11T08:04:56.819710Z,554.793,linode-1,crdb-linode-1,28.144329896892405,32541.45,38096.81,8322887680.0,5459058688.0,3156836.388745403,74328391.08085571,88.91736755226609,3525752832.0,111280603136.0,4446.4,50474744.272458665,884781.4501638222,57902423076.0,4470339187.0,0.39
2026-09-11T08:04:57.100714Z,555.074,linode-2,crdb-linode-2,29.819121447032927,32603.46,38216.67,8322887680.0,5433712640.0,3266296.9790808936,74991870.65719289,86.64407259076012,4136040448.0,111134593024.0,4368.292,51231129.36387883,809242.7761302445,57755851785.0,4384682633.0,1.22
2026-09-11T08:04:56.119963Z,554.093,azure-1,crdb-azure-1,58.27482447342659,51873.74,57834.69,8327364608.0,5374226432.0,1399016.0614530114,16912081.509143118,102.59045090132808,3694486016.0,98158343168.0,3954.886,12847220.894437727,103689.81066700614,56486923077.0,1582253534.0,1.82
2026-09-11T08:04:56.233238Z,554.206,azure-2,crdb-azure-2,12.159434914209143,34692.16,40367.39,8327364608.0,5376823296.0,1865341.799681586,37151833.70733339,29.517036941571302,3726090752.0,99304203264.0,3760.522,28422808.162089497,155908.12415728904,56969322973.0,1678090241.0,0.56
2026-09-11T08:04:57.112242Z,555.085,gcp-1,crdb-gcp-1,78.6673553718962,27596.72,37419.14,8324030464.0,4188647424.0,6531753.720080454,57601970.66445903,44.52969529887838,16274515968.0,111191872512.0,2104.555,5521567.138039897,164470740.11710224,30620749066.0,233226422725.0,8.24
2026-09-11T08:04:57.036068Z,555.009,client-1,crdb-client-1,58.00842992623909,35230.55,38357.57,8324026368.0,7464820736.0,0.0,700743.2196355336,0.6805647106424688,571373568.0,6233293824.0,19.607,23757639.640214223,4629481.836063854,6275871182.0,18837942922.0,0.79
2026-09-11T08:05:01.825528Z,559.798,linode-1,crdb-linode-1,35.574948665312064,32554.0,38116.29,8322887680.0,5458915328.0,7757066.800750407,60471572.550195925,96.6884521372095,3564582912.0,111583309824.0,4451.240000000001,55157268.37473918,883334.911170776,58178527588.0,4474760957.0,0.36
2026-09-11T08:05:02.113515Z,560.086,linode-2,crdb-linode-2,35.84415584414451,32615.81,38235.92,8322887680.0,5419474944.0,8138524.1357488725,60960487.41198885,94.00082195886156,4176836608.0,111440171008.0,4373.004000000001,55176803.761245556,852506.4612497413,58032437770.0,4388956011.0,1.44
2026-09-11T08:05:01.103394Z,559.076,azure-1,crdb-azure-1,62.47464503040696,51881.14,57854.409999999996,8327364608.0,5368352768.0,1244414.6295605644,16565345.075405294,97.60517652596963,3700687360.0,98240893952.0,3959.75,12756808.34485619,88871.27911002269,56550494619.0,1582696410.0,1.91
2026-09-11T08:05:01.252334Z,559.225,azure-2,crdb-azure-2,21.64634146342467,34707.58,40387.07,8327364608.0,5378060288.0,2587841.12265446,50514724.001912884,48.05722874785682,3739079168.0,99557737472.0,3762.934,33512090.617122162,154443.0222983195,57137520692.0,1678865393.0,0.52
2026-09-11T08:05:02.116243Z,560.089,gcp-1,crdb-gcp-1,87.2999483737801,27599.18,37438.51,8324030464.0,4149710848.0,17392654.74107828,55886836.523301944,49.98061112029331,16361547776.0,111471526912.0,2107.056,5794243.853789818,180282731.20914558,30649743117.0,234128546770.0,9.19
2026-09-11T08:05:02.000767Z,559.974,client-1,crdb-client-1,62.76824034337303,35237.49,38376.21,8324026368.0,7468212224.0,0.0,825.0383633530847,0.0,571373568.0,6233297920.0,19.607,21689079.226942874,4239325.077934865,6383549167.0,18858989550.0,1.04
2026-09-11T08:05:06.814375Z,564.787,linode-1,crdb-linode-1,36.092194866406714,32566.2,38135.38,8322887680.0,5459759104.0,4222605.856080927,94490145.3534765,96.21555974322548,3585648640.0,112054702080.0,4456.04,61682706.11107528,810350.6962511725,58486250154.0,4478803633.0,0.33
2026-09-11T08:05:07.120783Z,565.094,linode-2,crdb-linode-2,36.16352201258294,32627.99,38255.0,8322887680.0,5437198336.0,4688052.75965413,95464165.6180695,92.50616670298385,4200310784.0,111918182400.0,4377.6359999999995,61848261.826992825,909086.7786998444,58342126474.0,4393508021.0,1.41
2026-09-11T08:05:06.113760Z,564.087,azure-1,crdb-azure-1,57.976849521868544,51889.490000000005,57874.28,8327364608.0,5368455168.0,2219547.4457829245,32851754.73620141,96.54076559669211,3711808000.0,98405491712.0,3964.587,16774153.81835469,107377.20208068409,56634538475.0,1583234404.0,1.92
2026-09-11T08:05:06.237364Z,564.21,azure-2,crdb-azure-2,22.708757637470768,34722.76,40406.71,8327364608.0,5379723264.0,3316256.1910281563,36293120.90131657,45.69731548849328,3755610624.0,99738657792.0,3765.212,39248131.588693775,200554.4444050251,57333171668.0,1679865152.0,0.47
2026-09-11T08:05:07.096271Z,565.069,gcp-1,crdb-gcp-1,81.00208768267152,27602.82,37457.67,8324030464.0,4068532224.0,5773893.2861663215,64058138.291523024,52.53024574253185,16390301696.0,111790535680.0,2109.672,5795978.680195345,201370340.61790603,30678607022.0,235131368675.0,9.09
2026-09-11T08:05:07.077078Z,565.05,client-1,crdb-client-1,59.563132658486225,35245.08,38394.98,8324026368.0,7485718528.0,0.0,8068.973769000991,0.039399285981498305,571373568.0,6233338880.0,19.609,20923245.7338294,4092074.456862422,6489760461.0,18879761878.0,0.96
2026-09-11T08:05:11.833235Z,569.806,linode-1,crdb-linode-1,31.246739697462232,32579.38,38154.55,8322887680.0,5459357696.0,4475626.885220702,96541002.09819973,88.22752413876242,3608111104.0,112539226112.0,4460.468000000001,60299577.17959937,847524.1969316422,58788884202.0,4483057223.0,0.46
2026-09-11T08:05:12.122750Z,570.096,linode-2,crdb-linode-2,31.873350923473154,32640.9,38273.95,8322887680.0,5433110528.0,4576718.464626302,95649239.62438275,83.24743500199376,4223203328.0,112396615680.0,4381.799999999999,60011167.43949569,755986.0709497415,58642299688.0,4397289430.0,1.38
2026-09-11T08:05:11.172258Z,569.145,azure-1,crdb-azure-1,52.76938569995051,51898.869999999995,57894.14,8327364608.0,5370847232.0,3034859.985131534,23308016.187836498,96.1354135466919,3727159808.0,98523395072.0,3969.45,15938390.637138115,89228.21356865387,56715162660.0,1583685764.0,1.93
2026-09-11T08:05:11.256222Z,569.229,azure-2,crdb-azure-2,35.953346856000834,34735.39,40426.43,8327364608.0,5374324736.0,2507133.8274079636,56039174.56346609,73.72216511893392,3768193536.0,100019909632.0,3768.9120000000003,35082696.717736974,138753.8817139997,57509246228.0,1680561536.0,0.6
2026-09-11T08:05:12.117311Z,570.09,gcp-1,crdb-gcp-1,84.71570161710716,27605.75,37476.84,8324030464.0,4019556352.0,27647276.203783665,63572990.89908415,50.84623901425284,16529119232.0,112109736960.0,2112.225,5271533.122572806,189046853.00016975,30705075497.0,236080576768.0,9.24
2026-09-11T08:05:12.102600Z,570.075,client-1,crdb-client-1,56.818181818187064,35253.25,38413.9,8324026368.0,7500570624.0,0.0,5705.2478005913645,0.01989832519732864,571373568.0,6233367552.0,19.61,19613293.428934485,3831465.298153734,6588328020.0,18899017093.0,0.88
2026-09-11T08:05:16.825110Z,574.798,linode-1,crdb-linode-1,16.202531645573302,32595.93,38174.3,8322887680.0,5458968576.0,3701427.8087327266,53854913.05660913,43.19020495271308,3626588160.0,112808062976.0,4462.624000000001,38337204.28163582,380934.0018216715,58980258641.0,4484958797.0,0.51
2026-09-11T08:05:17.116880Z,575.09,linode-2,crdb-linode-2,16.454406520662623,32657.3,38293.58,8322887680.0,5438255104.0,3957292.3574968907,53453382.820207745,38.68548025970874,4242966528.0,112663568384.0,4383.732,38068017.94531496,334519.0745381655,58832416006.0,4398960059.0,1.59
2026-09-11T08:05:16.201063Z,574.174,azure-1,crdb-azure-1,30.255102040782933,51912.54,57913.74,8327364608.0,5364465664.0,2852415.900699945,32963241.433845453,59.04008262841352,3741504000.0,98689160192.0,3972.419,26140454.3481965,145793.01131698274,56846617437.0,1584418926.0,2.01
2026-09-11T08:05:16.266699Z,574.24,azure-2,crdb-azure-2,32.38143804180702,34748.65,40446.04,8327364608.0,5374783488.0,2411589.307729527,47984904.80851111,67.49863478831277,3780276736.0,100260336640.0,3772.2940000000003,33482745.88600564,188985.59956089803,57677010579.0,1681508443.0,0.63
2026-09-11T08:05:17.085688Z,575.059,gcp-1,crdb-gcp-1,94.77296726505891,27606.739999999998,37495.78,8324030464.0,3997184000.0,41451561.27024904,36604828.400165625,57.88613559634634,16735066112.0,112291603456.0,2115.101,2942130.2681633183,146821895.1693431,30719693102.0,236810042928.0,13.15
2026-09-11T08:05:17.044126Z,575.017,client-1,crdb-client-1,38.31978319783644,35264.63,38432.35,8324026368.0,7500382208.0,0.0,9946.762952441553,0.040473482065648235,571373568.0,6233416704.0,19.612000000000002,11748872.061012734,2302159.9913287037,6646385155.0,18910393233.0,1.05
2026-09-11T08:05:22.171872Z,580.145,linode-1,crdb-linode-1,15.32625189680995,32612.67,38194.07,8322887680.0,5456736256.0,3525500.792031182,49546232.882359125,39.80025713515196,3645437952.0,113072971776.0,4464.752,32870899.575715307,320736.02046842966,59156009451.0,4486673676.0,0.47
2026-09-11T08:05:22.181594Z,580.154,linode-2,crdb-linode-2,15.207373271877644,32673.86,38313.11,8322887680.0,5427736576.0,4147980.330203704,52837618.81332205,38.85698819025789,4263974912.0,112931176448.0,4385.700000000001,34783540.81539974,291682.11424575205,59008585111.0,4400437349.0,1.54
2026-09-11T08:05:21.118062Z,579.091,azure-1,crdb-azure-1,53.73360242180429,51921.71,57933.56,8327364608.0,5360529408.0,1017958.2418550111,22444229.87749555,96.56272640601907,3746509312.0,98799518720.0,3977.167,15404568.156187803,91160.05406613632,56922361870.0,1584867161.0,2.01
2026-09-11T08:05:21.248312Z,579.221,azure-2,crdb-azure-2,31.904032669735138,34761.99,40465.63,8327364608.0,5375766528.0,2277559.9736878243,50487009.048503056,66.80568514878495,3791622656.0,100511843328.0,3775.6220000000003,32344247.87764513,207494.48345504247,57838137071.0,1682542100.0,0.82
2026-09-11T08:05:22.175584Z,580.148,gcp-1,crdb-gcp-1,96.01275917065341,27607.489999999998,37514.59,8324030464.0,3978076160.0,44240819.58463481,25073767.7644436,55.855627838911914,16960247808.0,112419226624.0,2117.944,2752834.4999796003,127241067.40356775,30733704776.0,237457688239.0,16.66
2026-09-11T08:05:22.178384Z,580.151,client-1,crdb-client-1,38.73050026895343,35276.02,38450.939999999995,8324026368.0,7496642560.0,0.0,7977.74049446751,0.0,571373568.0,6233457664.0,19.612000000000002,11129578.262444288,2203281.1121106553,6703527591.0,18921705508.0,0.97
2026-09-11T08:05:26.853559Z,584.826,linode-1,crdb-linode-1,29.897435897426195,32626.34,38213.57,8322887680.0,5453676544.0,8310513.7688238025,82598580.4219838,82.27659613198537,3684345856.0,113459679232.0,4468.603999999999,72691412.19760881,727903.0964869412,59496333836.0,4490081550.0,0.91
2026-09-11T08:05:27.137145Z,585.11,linode-2,crdb-linode-2,28.227459016389865,32687.87,38332.63,8322887680.0,5426466816.0,8005103.158027025,76981237.76210687,66.75331851452104,4303644672.0,113312661504.0,4389.008,68953274.61939241,571869.3030367172,59350287123.0,4403271281.0,1.41
2026-09-11T08:05:26.161414Z,584.134,azure-1,crdb-azure-1,46.327967806862404,51932.38,57953.44,8327364608.0,5365661696.0,1583702.9080896608,29603062.051214427,87.34238919940996,3754496512.0,98948817920.0,3981.572,17803986.228910916,107854.86331395071,57012153963.0,1585411113.0,1.85
2026-09-11T08:05:26.302722Z,584.276,azure-2,crdb-azure-2,17.243133265507705,34778.26,40485.29,8327364608.0,5372268544.0,3585110.567404903,53152667.7477594,37.412697006481174,3809743360.0,100780499968.0,3777.513,38119672.73256217,236768.7557586948,58030810433.0,1683738832.0,0.83
2026-09-11T08:05:27.116628Z,585.09,gcp-1,crdb-gcp-1,85.35564853555164,27610.29,37533.71,8324030464.0,3956379648.0,20162259.486074068,82487698.0684683,71.98861742966353,17059870720.0,112826803200.0,2121.501,4726835.562405015,215990637.46196857,30757060349.0,238524910704.0,15.73
2026-09-11T08:05:27.107726Z,585.081,client-1,crdb-client-1,50.92250922508801,35285.33,38469.91,8324026368.0,7499997184.0,0.0,7478.489882393359,0.040573404309837316,571373568.0,6233494528.0,19.614,18073516.87725803,3537290.0097762663,6792618054.0,18939142004.0,1.53
2026-09-11T08:05:32.001419Z,589.974,linode-1,crdb-linode-1,12.620865139945959,32643.510000000002,38233.22,8322887680.0,5458739200.0,5128078.472062404,44164332.60982092,34.111145528828104,3710744576.0,113687031808.0,4470.360000000001,27485939.369242743,265141.50518561236,59637828086.0,4491446466.0,0.84
2026-09-11T08:05:32.599724Z,590.573,linode-2,crdb-linode-2,12.906504065026414,32705.010000000002,38352.31,8322887680.0,5424713728.0,4884369.759393164,42187487.837386794,28.41139436821874,4330326016.0,113543114752.0,4390.56,25669326.305639394,224088.64893356676,59490508310.0,4404495387.0,1.54
2026-09-11T08:05:31.156957Z,589.13,azure-1,crdb-azure-1,59.71515768053381,51940.3,57973.1,8327364608.0,5351559168.0,1279089.8355947705,19601231.801108066,96.20558127173037,3760886272.0,99046736896.0,3986.378,17206665.47488535,97697.90879645021,57098110758.0,1585899168.0,1.94
2026-09-11T08:05:31.275291Z,589.248,azure-2,crdb-azure-2,21.621621621610586,34793.630000000005,40504.9,8327364608.0,5371527168.0,3347589.4356023064,55078719.29158066,49.97409458594229,3826389504.0,101054383104.0,3779.998,34117254.84733414,195298.3594358598,58200461087.0,1684709968.0,0.77
2026-09-11T08:05:32.589953Z,590.563,gcp-1,crdb-gcp-1,94.75093733262102,27611.27,37552.38,8324030464.0,3953459200.0,29467180.160118844,17141044.330747716,52.65516893957376,17221154816.0,112920622080.0,2124.3830000000003,1989598.944438741,103198567.79784894,30767950114.0,239089752254.0,16.55
2026-09-11T08:05:32.569698Z,590.543,client-1,crdb-client-1,29.92424242424272,35298.28,38488.39,8324026368.0,7494602752.0,0.0,77240.63191446992,0.09154163180092176,571373568.0,6233916416.0,19.619,8026288.6211708505,1606380.9766730203,6836457608.0,18947916050.0,1.41
2026-09-11T08:05:36.890279Z,594.863,linode-1,crdb-linode-1,11.684370257956733,32660.97,38252.99,8322887680.0,5454401536.0,5464246.285448107,39454505.68450203,40.49997112082507,3737458688.0,113879920640.0,4472.34,25523511.55004315,281000.04962832434,59762609787.0,4492820245.0,0.77
2026-09-11T08:05:37.154052Z,595.127,linode-2,crdb-linode-2,12.095141700419077,32722.38,38372.07,8322887680.0,5431472128.0,6030208.703126517,42300497.56045527,34.42862444691917,4357789696.0,113735766016.0,4392.128000000001,27529059.821386773,257605.3757444599,59615885279.0,4405668612.0,1.42
2026-09-11T08:05:36.208894Z,594.182,azure-1,crdb-azure-1,38.90010090816973,51952.41,57992.92,8327364608.0,5361201152.0,1875317.2557633629,21761139.275697645,60.451655924705825,3770360320.0,99156673536.0,3989.4320000000002,20371048.499145232,153175.46993274777,57201024700.0,1586673006.0,1.79
2026-09-11T08:05:36.433788Z,594.407,azure-2,crdb-azure-2,22.9984701683283,34808.729999999996,40524.51,8327364608.0,5365473280.0,3893915.7442624974,47186731.43031962,48.92890439065857,3846476288.0,101297796096.0,3782.522,36917632.23036974,190015.71036851231,58390900879.0,1685690165.0,0.87
2026-09-11T08:05:37.129732Z,595.103,gcp-1,crdb-gcp-1,96.25868519508023,27611.97,37571.090000000004,8324030464.0,3945357312.0,37693082.706114866,17063254.42559409,58.306691725866685,17392273408.0,112998085632.0,2127.03,2396281.8964209976,131397710.58845499,30778828725.0,239686269960.0,15.78
2026-09-11T08:05:37.367553Z,595.341,client-1,crdb-client-1,29.446534121417265,35311.41,38507.0,8324026368.0,7499231232.0,0.0,11951.910256070254,0.020842477427603343,571373568.0,6233973760.0,19.62,8961864.284592777,1795658.2149505098,6879455684.0,18956531428.0,1.29
2026-09-11T08:05:41.838431Z,599.811,linode-1,crdb-linode-1,10.890585241745022,32678.48,38272.64,8322887680.0,5455208448.0,5427745.5652000075,40533844.30244757,37.83207778472634,3764316160.0,114080489472.0,4474.2119999999995,24309206.706432942,251026.74920110218,59882896162.0,4494062371.0,0.71
2026-09-11T08:05:42.121038Z,600.094,linode-2,crdb-linode-2,12.253164556971608,32739.71,38391.82,8322887680.0,5430947840.0,5430252.069142857,40675350.540694214,28.991237555922627,4384761856.0,113937801216.0,4393.568,24237414.678627882,235863.44766527723,59736272955.0,4406840150.0,1.38
2026-09-11T08:05:41.148485Z,599.121,azure-1,crdb-azure-1,58.49822425168251,51960.59,58012.63,8327364608.0,5356908544.0,1099537.8976285374,14226826.327008156,99.52188768098026,3775791616.0,99226948608.0,3994.348,15053804.626873432,94701.67583052984,57275384728.0,1587140796.0,1.8
2026-09-11T08:05:41.400484Z,599.373,azure-2,crdb-azure-2,23.802242609541725,34823.68,40544.13,8327364608.0,5364576256.0,4087132.279546308,36956549.40341176,49.10653018937103,3866776064.0,101481350144.0,3784.9610000000002,38627662.947585486,212351.01212821723,58582754935.0,1686744860.0,0.88
2026-09-11T08:05:42.111244Z,600.084,gcp-1,crdb-gcp-1,98.01821103374925,27612.34,37589.76,8324030464.0,3940147200.0,33182085.67043829,15698918.666510018,55.58512346889796,17557571584.0,113076290560.0,2129.799,2065399.457702089,108097943.34365329,30789117613.0,240224765130.0,16.68
2026-09-11T08:05:42.085474Z,600.058,client-1,crdb-client-1,29.086021505397397,35324.6,38525.6,8324026368.0,7499423744.0,0.0,0.0,0.0,571373568.0,6233973760.0,19.62,8831229.699796505,1778556.704230745,6921120862.0,18964922545.0,1.43
2026-09-11T08:05:46.869582Z,604.843,linode-1,crdb-linode-1,10.207175341083108,32696.25,38292.43,8322887680.0,5453856768.0,5125727.279753543,34129723.47868933,35.856455909024575,3790104576.0,114252201984.0,4476.016,22340478.744079184,253978.3928417548,59995294955.0,4495340180.0,0.65
2026-09-11T08:05:47.131149Z,605.104,linode-2,crdb-linode-2,11.30085384230659,32757.37,38411.73,8322887680.0,5436792832.0,5129260.838912966,34828940.111471176,27.144961554349866,4410460160.0,114112299008.0,4394.928,22595901.71439828,238907.19773661272,59849481538.0,4408037108.0,1.27
2026-09-11T08:05:46.175324Z,604.148,azure-1,crdb-azure-1,57.73299748110814,51968.979999999996,58032.479999999996,8327364608.0,5360537600.0,893858.9880736269,21064760.765432455,98.11276246072708,3780284928.0,99332838400.0,3999.28,11064119.726295527,99998.0314182248,57331002608.0,1587643473.0,1.82
2026-09-11T08:05:46.412307Z,604.385,azure-2,crdb-azure-2,36.87150837989426,34836.11,40563.82,8327364608.0,5362528256.0,4834929.585987927,56185216.223376945,78.35431920987676,3891008000.0,101762941952.0,3788.888,34953804.13617707,129714.00916368603,58757938116.0,1687394967.0,0.89
2026-09-11T08:05:47.117520Z,605.091,gcp-1,crdb-gcp-1,93.67693942614926,27613.53,37608.58,8324030464.0,3935236096.0,30741019.498444,16431264.327768633,56.82830682903492,17711470592.0,113158550528.0,2132.6440000000002,1949814.1632045237,102616401.91314948,30798878983.0,240738494431.0,16.31
2026-09-11T08:05:47.093645Z,605.067,client-1,crdb-client-1,27.98066595058214,35338.01,38544.22,8324026368.0,7495262208.0,0.0,7360.698765359329,0.03993434660023464,571373568.0,6234010624.0,19.622,8088711.887468659,1626732.9966155807,6961630912.0,18973069582.0,1.48
2026-09-11T08:05:51.952755Z,609.926,linode-1,crdb-linode-1,9.641595153944682,32714.15,38312.24,8322887680.0,5453213696.0,4774317.58406889,31294543.79957527,29.351603027080156,3814373376.0,114411278336.0,4477.508000000001,20570709.59481987,224422.51412613908,60099859938.0,4496480964.0,1.0
2026-09-11T08:05:52.243741Z,610.217,linode-2,crdb-linode-2,9.239407861124837,32775.15,38431.32,8322887680.0,5422452736.0,4528910.56724859,30148940.821988136,22.532391598066766,4433614848.0,114266439680.0,4396.08,19835510.576216847,206878.0630775445,59950893357.0,4409094801.0,1.17
2026-09-11T08:05:51.182725Z,609.156,azure-1,crdb-azure-1,21.47959183676098,51984.369999999995,58052.08,8327364608.0,5354024960.0,1501824.1449765468,34318644.88153105,50.06575748825965,3787805184.0,99504686080.0,4001.7870000000003,21768938.840609673,167957.53577033282,57440008708.0,1588484506.0,1.67
2026-09-11T08:05:51.300716Z,609.274,azure-2,crdb-azure-2,29.569620253146876,34850.020000000004,40583.57,8327364608.0,5361557504.0,7306476.237017451,52674498.69725941,70.77952472114394,3926725120.0,102020436992.0,3792.348,33702705.59081501,137014.02204270734,58922691075.0,1688064749.0,0.9
2026-09-11T08:05:52.240720Z,610.214,gcp-1,crdb-gcp-1,93.59110169491899,27614.739999999998,37627.46,8324030464.0,4059090944.0,32591575.09518874,14134342.109845253,54.22383081670208,17878444032.0,113230963712.0,2135.422,1876713.7208104492,100236688.25052567,30808493779.0,241252027901.0,19.01
2026-09-11T08:05:52.577975Z,610.551,client-1,crdb-client-1,27.23358449948585,35351.53,38562.8,8324026368.0,7667982336.0,0.0,5974.848582831827,0.018233790841183865,571373568.0,6234043392.0,19.623,7155393.365125841,1432785.7569912996,7000873401.0,18980927442.0,1.52
2026-09-11T08:05:56.870816Z,614.844,linode-1,crdb-linode-1,1.103309929813323,32733.87,38332.18,8322887680.0,5452259328.0,18322.463626429293,425580.85968660767,2.6026226742026406,3814463488.0,114413371392.0,4477.636,23470.77660384839,80663.4098695847,60099975370.0,4496877676.0,0.92
2026-09-11T08:05:57.165842Z,615.139,linode-2,crdb-linode-2,1.8200202224499695,32794.57,38451.1,8322887680.0,5422288896.0,0.0,473501.4634844016,2.2754491462497115,4433614848.0,114268770304.0,4396.192,53736.96640477432,114279.55740785385,59951157856.0,4409657297.0,1.08
2026-09-11T08:05:56.178884Z,614.152,azure-1,crdb-azure-1,24.071246819287794,51999.29,58071.729999999996,8327364608.0,5354954752.0,1644570.418376163,37131547.053386435,53.32069702213798,3796021760.0,99690202112.0,4004.451,23481139.779999018,195874.30106080128,57557324797.0,1589463130.0,1.62
2026-09-11T08:05:56.288089Z,614.261,azure-2,crdb-azure-2,27.157360406114893,34864.37,40603.270000000004,8327364608.0,5358817280.0,7516214.350772128,49956709.2158127,62.477068913081894,3964211712.0,102269592576.0,3795.464,34083991.20594131,164532.43866386957,59092682591.0,1688885343.0,0.9
2026-09-11T08:05:57.108266Z,615.081,gcp-1,crdb-gcp-1,30.304568527917976,27628.47,37647.16,8324030464.0,4824039424.0,1797406.6481078672,40345720.57592687,49.202895972071836,17887193088.0,113427350528.0,2137.817,220008.64357843733,58520055.58089601,30809564693.0,241536880104.0,17.56
2026-09-11T08:05:57.111449Z,615.085,client-1,crdb-client-1,2.3511755877635654,35371.05,38582.79,8324026368.0,7642742784.0,0.0,20780.143000610547,0.06617317956206904,571373568.0,6234137600.0,19.626,18222.99076506709,83524.89012956643,7000956016.0,18981306107.0,1.4
2026-09-11T08:06:01.848929Z,619.822,linode-1,crdb-linode-1,1.409869083579196,32753.45,38352.04,8322887680.0,5450616832.0,0.0,4112347.6374995643,2.1694886199141328,3814463488.0,114433843200.0,4477.744000000001,21626.185726142416,80177.67039889142,60100083028.0,4497276811.0,0.84
2026-09-11T08:06:02.131070Z,620.104,linode-2,crdb-linode-2,1.5720081136152642,32813.979999999996,38470.82,8322887680.0,5421830144.0,0.0,391840.8284528155,1.3695094744487115,4433614848.0,114270715904.0,4396.26,45785.5213090081,104711.08322840657,59951385194.0,4410177217.0,0.99
2026-09-11T08:06:01.179488Z,619.153,azure-1,crdb-azure-1,48.22335025379642,52009.490000000005,58091.43,8327364608.0,5358399488.0,923937.4188447671,19344530.160334103,85.18891905177577,3800642048.0,99786937344.0,4008.7110000000002,14950073.569253672,119112.50644130779,57632084888.0,1590058770.0,1.73
2026-09-11T08:06:01.300999Z,619.274,azure-2,crdb-azure-2,19.287531806625935,34880.229999999996,40622.92,8327364608.0,5360599040.0,7843993.2062237095,57841279.06964338,37.20359123130563,4003533312.0,102559548416.0,3797.329,35053022.18023819,185189.90196239663,59268401881.0,1689813692.0,0.83
2026-09-11T08:06:02.101460Z,620.075,gcp-1,crdb-gcp-1,6.052899287888702,27646.94,37666.82,8324030464.0,4826304512.0,547147.2007648654,6948851.480778373,2.7236876912131254,17889925120.0,113462047744.0,2137.953,157987.10398654785,48749961.59189562,30810353559.0,241780299891.0,16.16
2026-09-11T08:06:02.081604Z,620.055,client-1,crdb-client-1,0.40100250627447265,35390.92,38602.74,8324026368.0,7660056576.0,0.0,9889.376202835656,0.040239974783651426,571373568.0,6234186752.0,19.628,9391.004115139856,66953.88564343729,7001002691.0,18981638880.0,1.29
2026-09-11T08:06:07.025710Z,624.999,linode-1,crdb-linode-1,1.7438963627413484,32773.17,38372.11,8322887680.0,5450285056.0,31648.799038185567,151123.01540733606,2.3180272733024987,3814627328.0,114434625536.0,4477.8640000000005,22386.927898757567,77410.13445412846,60100198921.0,4497677549.0,0.78
2026-09-11T08:06:07.374264Z,625.347,linode-2,crdb-linode-2,1.6145307769914963,32833.479999999996,38490.64,8322887680.0,5421096960.0,781.1943914855606,3225551.6424438795,1.9072128698273867,4433618944.0,114287628288.0,4396.36,49031.009900363984,106738.69403076803,59951642276.0,4410736875.0,0.91
2026-09-11T08:06:06.203844Z,624.177,azure-1,crdb-azure-1,58.7582029278182,52017.66,58111.24,8327364608.0,5360746496.0,898370.9657009672,13204096.671015033,98.69798207163613,3805155840.0,99853280256.0,4013.67,10966740.397310942,94945.3092505853,57687186385.0,1590535815.0,1.83
2026-09-11T08:06:06.297451Z,624.271,azure-2,crdb-azure-2,2.87153652392822,34899.509999999995,40642.77,8327364608.0,5361692672.0,391854.2294921594,5614664.472367782,3.7426421181903096,4005491200.0,102587601920.0,3797.516,1699626.8515708758,88925.1767282502,59276894016.0,1690258004.0,0.77
2026-09-11T08:06:07.371173Z,625.344,gcp-1,crdb-gcp-1,2.399999999997815,27666.46,37686.82,8324030464.0,4827115520.0,146126.17331843008,1407630.3185089198,0.7400734447008678,17890695168.0,113469465600.0,2137.992,37954.76149248597,10954425.945160197,30810553571.0,241838026947.0,14.86
2026-09-11T08:06:07.357596Z,625.331,client-1,crdb-client-1,0.5513784461180893,35410.76,38622.69,8324026368.0,7663288320.0,0.0,450278.8050615822,0.2084904892778934,571373568.0,6236562432.0,19.639,6970.405666985766,62483.46241573841,7001039467.0,18981968544.0,1.18
2026-09-11T08:06:11.908453Z,629.882,linode-1,crdb-linode-1,1.4028056112166731,32792.85,38392.07,8322887680.0,5450268672.0,41104.44577887887,63753.83426928151,1.7203311570367041,3814828032.0,114434936832.0,4477.948,18622.78957628764,78764.13321711309,60100289852.0,4498062137.0,0.71
2026-09-11T08:06:12.217573Z,630.191,linode-2,crdb-linode-2,2.0100502512268803,32852.98,38510.54,8322887680.0,5421109248.0,0.0,69347.24808733276,0.99105251650611,4433618944.0,114287964160.0,4396.408,44374.99583375161,104070.42475682375,59951857199.0,4411240923.0,0.84
2026-09-11T08:06:11.205963Z,629.179,azure-1,crdb-azure-1,59.41591137967052,52025.72,58131.1,8327364608.0,5351641088.0,651805.4874540595,16537517.11635953,98.81789699490056,3808416256.0,99936003072.0,4018.613,10103664.166191557,86946.55497720066,57737726230.0,1590970733.0,1.85
2026-09-11T08:06:11.602058Z,629.575,azure-2,crdb-azure-2,1.1038635222974658,34919.22,40662.7,8327364608.0,5361623040.0,0.0,372177.76684058324,1.0368265961413194,4005491200.0,102589576192.0,3797.571,20047.51352126851,77764.44539187585,59277000361.0,1690670517.0,0.7
2026-09-11T08:06:12.141618Z,630.115,gcp-1,crdb-gcp-1,1.6112789526671722,27686.0,37706.68,8324030464.0,4819079168.0,70406.06785952991,572693.25929642,0.41924344904883926,17891031040.0,113472197632.0,2138.012,24490.734941383795,9693172.036525708,30810670404.0,241884268204.0,13.67
2026-09-11T08:06:12.112755Z,630.086,client-1,crdb-client-1,0.5976095617299615,35430.72,38642.77,8324026368.0,7663063040.0,0.0,7752.389076481454,0.02102970127086298,571373568.0,6236599296.0,19.64,11381.90521881526,70134.26403525502,7001093590.0,18982302045.0,1.09
2026-09-11T08:06:16.851894Z,634.825,linode-1,crdb-linode-1,1.358832410689681,32812.45,38411.94,8322887680.0,5450031104.0,0.0,163227.65874677722,2.184697605771192,3814828032.0,114435743744.0,4478.0560000000005,22095.991127371042,80642.24579926804,60100399083.0,4498460790.0,0.66
2026-09-11T08:06:17.192906Z,635.166,linode-2,crdb-linode-2,2.5666834423853535,32872.340000000004,38530.41,8322887680.0,5420642304.0,8232.580240297362,129251.50977266858,2.00990728521788,4433659904.0,114288607232.0,4396.508,54740.42788539324,113991.08771884002,59952129552.0,4411808069.0,0.77
2026-09-11T08:06:16.299555Z,634.273,azure-1,crdb-azure-1,36.511156186632554,52038.24,58150.82,8327364608.0,5350891520.0,1489273.2234412278,27972925.675284315,70.95150288218615,3816002048.0,100078486528.0,4022.227,14463227.881054644,128778.94097142354,57811396418.0,1591626684.0,1.78
2026-09-11T08:06:16.312772Z,634.286,azure-2,crdb-azure-2,1.2594458438650036,34938.82,40682.55,8327364608.0,5359452160.0,0.0,710380.9555427858,1.4647327641125485,4005491200.0,102592922624.0,3797.6400000000003,25802.859740518008,91231.41091247858,59277121912.0,1691100286.0,0.73
2026-09-11T08:06:17.179587Z,635.153,gcp-1,crdb-gcp-1,4.177151484658459,27705.04,37726.55,8324030464.0,4829220864.0,813.0218402087686,5808228.026451443,1.806274107883598,17891035136.0,113501459456.0,2138.103,72294.63248067327,16378580.82675565,30811034624.0,241966783413.0,12.58
2026-09-11T08:06:17.159226Z,635.132,client-1,crdb-client-1,1.6533066132711216,35450.35,38662.73,8324026368.0,7666655232.0,0.0,21102.845409464397,0.039631245134939715,571373568.0,6236705792.0,19.642,15067.799400312431,69563.33749181851,7001169630.0,18982653098.0,1.0
2026-09-11T08:06:21.858469Z,639.832,linode-1,crdb-linode-1,1.3567839195457343,32832.08,38431.84,8322887680.0,5449801728.0,0.0,67085.62224135645,1.1984140787107052,3814828032.0,114436079616.0,4478.116,20663.854488024524,78944.92822869848,60100502539.0,4498856037.0,0.6
2026-09-11T08:06:22.179704Z,640.153,linode-2,crdb-linode-2,2.269288956113036,32891.72,38550.24,8322887680.0,5420654592.0,0.0,154415.97135500552,1.1229552438233341,4433659904.0,114289377280.0,4396.564,46406.12545058928,104396.73740744658,59952360972.0,4412328679.0,0.71
2026-09-11T08:06:21.158523Z,639.132,azure-1,crdb-azure-1,12.685421994899393,52055.31,58170.37,8327364608.0,5357596672.0,1856211.6738430448,30418436.98938523,30.15003785377474,3825021440.0,100226290688.0,4023.692,20146484.969263967,212232.18762073133,57909288834.0,1592657927.0,1.64
2026-09-11T08:06:21.295711Z,639.269,azure-2,crdb-azure-2,1.1645569620415297,34958.34,40702.3,8327364608.0,5359288320.0,0.0,660065.5853609922,1.0034173384193281,4005491200.0,102596211712.0,3797.69,21578.289179357722,83126.50393406139,59277229436.0,1691514503.0,0.67
2026-09-11T08:06:22.185245Z,640.159,gcp-1,crdb-gcp-1,10.129198966404518,27722.43,37745.9,8324030464.0,4594393088.0,118648.442186126,4218974.951114936,1.3584479506714116,17891629056.0,113522578432.0,2138.171,500894.1201566266,19880309.41662712,30813541956.0,242066298528.0,11.57
2026-09-11T08:06:22.182879Z,640.156,client-1,crdb-client-1,10.255075481526566,35467.59,38681.94,8324026368.0,7445536768.0,0.0,3261.3415132479686,0.0,571373568.0,6236722176.0,19.642,324400.7674199285,425097.27437581454,7002799322.0,18984788659.0,0.92
2026-09-11T08:06:26.876313Z,644.85,linode-1,crdb-linode-1,23.638232271347924,32846.94,38451.3,8322887680.0,5459136512.0,1799914.863851502,56176118.374329485,75.49068948710196,3823859712.0,114717962240.0,4481.9039999999995,35702015.452541254,748800.6785936924,60279649445.0,4502613397.0,0.56
2026-09-11T08:06:27.184370Z,645.158,linode-2,crdb-linode-2,22.515212981754896,32907.0,38569.96,8322887680.0,5427560448.0,1963417.60912468,56206614.30773094,63.939975286726515,4443486208.0,114570674176.0,4399.764,36191976.9807852,552095.311361109,60133490736.0,4415091747.0,0.81
2026-09-11T08:06:26.171386Z,644.145,azure-1,crdb-azure-1,27.800407331971943,52069.49,58190.01,8327364608.0,5358055424.0,1626014.7113247616,22611409.60125132,55.23754926559854,3833172480.0,100339639296.0,4026.4610000000002,17949299.201170824,181560.37848044574,57999266775.0,1593568070.0,1.91
2026-09-11T08:06:26.308518Z,644.282,azure-2,crdb-azure-2,11.56773211563501,34975.770000000004,40722.01,8327364608.0,5358858240.0,1088379.4687317426,26577867.101679724,25.614223314837158,4010947072.0,102729442304.0,3798.974,19371876.90437017,137962.71519618537,59374337553.0,1692206088.0,0.78
2026-09-11T08:06:27.173054Z,645.146,gcp-1,crdb-gcp-1,71.94616977226535,27727.85,37765.22,8324030464.0,4263395328.0,15459998.472267939,45029934.995662384,39.47636542368106,17968740352.0,113747178496.0,2140.14,4550444.05070762,129098438.91364677,30836238636.0,242710215017.0,12.41
2026-09-11T08:06:27.114454Z,645.088,client-1,crdb-client-1,50.239489089912794,35476.94,38700.73,8324026368.0,7457894400.0,0.0,176079.6494213268,0.16221960626233195,571373568.0,6237590528.0,19.650000000000002,16988635.629462272,3372123.0321184415,7086580246.0,19001418575.0,0.85
2026-09-11T08:06:31.894976Z,649.868,linode-1,crdb-linode-1,29.885654885658052,32860.43,38470.54,8322887680.0,5440753664.0,4247196.9602523465,59165314.45744304,91.97524763350904,3845175296.0,115014897664.0,4486.52,45213281.49707659,845008.8391663082,60506563221.0,4506854278.0,0.51
2026-09-11T08:06:32.212407Z,650.186,linode-2,crdb-linode-2,25.341028331587058,32921.23,38589.020000000004,8322887680.0,5401735168.0,4179819.1824404574,57859254.970184356,76.76846144785334,4464502784.0,114861596672.0,4403.624,45221030.02404172,587635.3255460139,60360866891.0,4418046440.0,0.91
2026-09-11T08:06:31.205532Z,649.179,azure-1,crdb-azure-1,54.929577464787194,52078.45,58209.89,8327364608.0,5352259584.0,1021926.1534297686,18240893.657437883,95.8445106127006,3838317056.0,100431467520.0,4031.286,13064130.812716758,90717.97148339298,58065034163.0,1594024762.0,2.07
2026-09-11T08:06:31.308396Z,649.282,azure-2,crdb-azure-2,25.58494404886612,34990.399999999994,40741.67,8327364608.0,5347700736.0,2295431.7411460537,59087296.64298409,54.98079859609586,4022424064.0,103024874496.0,3801.723,36818396.18720484,172296.90261251148,59558426860.0,1693067560.0,0.87
2026-09-11T08:06:32.209694Z,650.183,gcp-1,crdb-gcp-1,86.76318510857408,27730.41,37784.56,8324030464.0,4009951232.0,22144184.12951489,49224659.0289951,49.47663247928821,18080274432.0,113995109376.0,2142.632,5158338.005111807,159120928.8974304,30862219746.0,243511662761.0,12.61
2026-09-11T08:06:32.206381Z,650.18,client-1,crdb-client-1,58.675920982383104,35484.68,38719.46,8324026368.0,7455551488.0,0.0,4826.423095027375,0.019638765848861192,571373568.0,6237615104.0,19.651,19561594.14017773,3818098.7459504106,7186187290.0,19020860218.0,1.26
2026-09-11T08:06:36.907435Z,654.881,linode-1,crdb-linode-1,21.91295546559362,32875.86,38490.3,8322887680.0,5453406208.0,2505409.0849815253,64258104.633596614,67.19216461652628,3857733632.0,115336990720.0,4489.888,43623362.3511185,588572.8382843691,60725224854.0,4509804493.0,0.63
2026-09-11T08:06:37.240559Z,655.214,linode-2,crdb-linode-2,21.18427769271156,32936.67,38608.61,8322887680.0,5417312256.0,2517137.4278105977,63970318.79240727,58.072610813036704,4477159424.0,115183251456.0,4406.544,43616433.5182422,483851.2482328062,60580178515.0,4420479335.0,1.08
2026-09-11T08:06:36.233763Z,654.207,azure-1,crdb-azure-1,36.55207280079045,52091.0,58229.67,8327364608.0,5350846464.0,2355806.5711581693,33478194.488747735,72.09238663203756,3850162688.0,100599804928.0,4034.911,19074033.019883174,131166.37980494913,58160943555.0,1594684302.0,1.99
2026-09-11T08:06:36.344486Z,654.318,azure-2,crdb-azure-2,26.737696600695237,35004.84,40761.38,8327364608.0,5353709568.0,2557899.594381769,44910860.95458407,58.00086256699199,4035305984.0,103251051520.0,3804.6440000000002,37842208.06777598,182333.58458511042,59749005215.0,1693985816.0,0.88
2026-09-11T08:06:37.234283Z,655.208,gcp-1,crdb-gcp-1,91.5049816465705,27732.03,37803.63,8324030464.0,4052840448.0,18663698.56933445,38859948.05853563,57.85516648381421,18174052352.0,114190365696.0,2145.539,4283267.944143303,163000480.52800584,30883741523.0,244330677597.0,14.65
2026-09-11T08:06:37.237513Z,655.211,client-1,crdb-client-1,50.8528784648179,35493.9,38738.22,8324026368.0,7492395008.0,0.0,225511.95899203414,0.29814059898894407,571373568.0,6238749696.0,19.666,16754649.57734611,3297199.6925047943,7270483003.0,19037449034.0,1.16
2026-09-11T08:06:41.898198Z,659.872,linode-1,crdb-linode-1,17.75844421696533,32891.93,38509.84,8322887680.0,5452419072.0,2531063.2703672047,60541162.21309261,56.82440680131133,3870365696.0,115639140352.0,4492.724,41354209.905050024,436116.1015837339,60931615991.0,4511981067.0,0.58
2026-09-11T08:06:42.223949Z,660.197,linode-2,crdb-linode-2,18.033622007138796,32952.759999999995,38628.24,8322887680.0,5422874624.0,2551257.6848419197,60927715.74161141,47.91891630036895,4489873408.0,115486879744.0,4408.932,41189430.71435073,360250.3191704215,60785442674.0,4422274613.0,0.99
2026-09-11T08:06:41.214096Z,659.187,azure-1,crdb-azure-1,51.650584052803715,52100.520000000004,58249.36,8327364608.0,5358829568.0,1588937.228543599,21024633.18348269,90.1140521089024,3858076160.0,100704515072.0,4039.399,16844800.097676307,112799.38125622376,58244836645.0,1595246083.0,1.99
2026-09-11T08:06:41.331534Z,659.305,azure-2,crdb-azure-2,29.009193054135775,35018.74,40780.96,8327364608.0,5360340992.0,2145296.366544653,52977814.521910325,67.5345887307441,4046004736.0,103515255808.0,3808.012,36737518.915638626,148266.6953548739,59932217945.0,1694725233.0,0.89
2026-09-11T08:06:42.160310Z,660.134,gcp-1,crdb-gcp-1,94.10503751338705,27733.13,37822.29,8324030464.0,4012789760.0,18295306.13335854,37506084.341108195,61.87465591347884,18264176640.0,114375123968.0,2148.587,3812034.8235702734,152199826.71825346,30902519942.0,245080427337.0,16.12
2026-09-11T08:06:42.157629Z,660.131,client-1,crdb-client-1,49.16800858828505,35503.37,38756.85,8324026368.0,7491211264.0,0.0,12487.448696423824,0.0,571373568.0,6238811136.0,19.666,16071440.981796872,3157418.6802468817,7349556748.0,19052983977.0,1.07
2026-09-11T08:06:46.903062Z,664.877,linode-1,crdb-linode-1,16.904276985742396,32908.25,38529.479999999996,8322887680.0,5457424384.0,3037894.9083107617,59710348.19783221,50.91013563994793,3885570048.0,115937984512.0,4495.272,39750426.91042006,404754.5597461219,61130562795.0,4514006822.0,0.61
2026-09-11T08:06:47.206050Z,665.18,linode-2,crdb-linode-2,16.11740473733464,32969.05,38647.659999999996,8322887680.0,5413068800.0,3115078.403830342,59739788.106605425,45.20149665759435,4505393152.0,115784511488.0,4411.184,40123732.537649475,348485.2739715709,60985344563.0,4424010814.0,0.91
2026-09-11T08:06:46.204976Z,664.178,azure-1,crdb-azure-1,43.61054766736974,52111.64,58269.08,8327364608.0,5357428736.0,2409540.480006606,22721572.796138585,76.83933468707275,3870102016.0,100817916928.0,4043.234,20619039.820516866,118068.69692061277,58347744899.0,1595835356.0,1.83
2026-09-11T08:06:46.336153Z,664.31,azure-2,crdb-azure-2,29.8165137614565,35032.51,40800.58,8327364608.0,5361504256.0,2319448.773755553,53301489.35765849,68.99562765830603,4057612800.0,103782011904.0,3811.465,37056164.70924813,169165.76975621248,60117671634.0,1695571851.0,0.98
2026-09-11T08:06:47.208586Z,665.182,gcp-1,crdb-gcp-1,94.44444444445956,27734.17,37841.01,8324030464.0,3980099584.0,20422745.865321126,34120127.602175094,60.15870895514681,18367277056.0,114547373056.0,2151.6240000000003,3354882.6272681532,150396357.3977478,30919456440.0,245839675242.0,20.43
2026-09-11T08:06:47.714685Z,665.688,client-1,crdb-client-1,44.27194860815816,35513.78,38775.53,8324026368.0,7488765952.0,0.0,5896.603397710497,0.017995005486199048,571373568.0,6238843904.0,19.667,12603075.796277545,2476832.375167355,7419593269.0,19066747976.0,1.14
2026-09-11T08:06:51.921681Z,669.895,linode-1,crdb-linode-1,18.32061068704438,32924.3,38549.130000000005,8322887680.0,5447323648.0,3782054.2650795574,64206777.95291515,56.827859701256884,3904550912.0,116260216832.0,4498.124,44567594.08239941,452694.2771400614,61354232627.0,4516278743.0,0.56
2026-09-11T08:06:52.253482Z,670.227,linode-2,crdb-linode-2,18.910741301094024,32985.13,38667.49,8322887680.0,5417086976.0,3825387.857785059,63958797.072377436,51.03543344156036,4524701696.0,116107341824.0,4413.76,44059522.680043735,390827.2096111446,61207733838.0,4425983504.0,0.84
2026-09-11T08:06:51.228821Z,669.202,azure-1,crdb-azure-1,33.299646285996154,52124.84,58288.869999999995,8327364608.0,5351985152.0,2620394.3208101406,21382221.98430826,59.19728560358625,3883266560.0,100925338624.0,4046.208,26423303.18870666,156594.93391505463,58480492377.0,1596622070.0,1.84
2026-09-11T08:06:51.355124Z,669.329,azure-2,crdb-azure-2,18.920282542886248,35048.58,40820.4,8327364608.0,5363630080.0,2471144.6147622983,49049119.43079381,42.99656718492634,4070015488.0,104028189696.0,3813.623,32941510.92335884,142853.20545327652,60283005253.0,1696288832.0,0.9
2026-09-11T08:06:52.187040Z,670.161,gcp-1,crdb-gcp-1,96.54806160381628,27734.82,37859.840000000004,8324030464.0,3968335872.0,26425717.9826174,50771538.86196082,55.13751402733557,18498836480.0,114800137216.0,2154.369,3732933.63351654,161957255.66011557,30938040707.0,246645973231.0,22.64
2026-09-11T08:06:52.179742Z,670.153,client-1,crdb-client-1,47.826086956528535,35523.5,38794.16,8324026368.0,7486042112.0,0.0,19264.097560861712,0.02239594675504187,571373568.0,6238929920.0,19.668,17005692.977591638,3320824.625235565,7495525281.0,19081575769.0,1.05
2026-09-11T08:06:56.913518Z,674.887,linode-1,crdb-linode-1,18.820512820510892,32940.13,38568.63,8322887680.0,5447782400.0,4004200.9918850684,53672703.951062724,50.882661009681215,3924539392.0,116528144384.0,4500.664,44153687.91161617,452084.0294026681,61574642419.0,4518535491.0,0.52
2026-09-11T08:06:57.192332Z,675.166,linode-2,crdb-linode-2,19.522114895764354,33000.96,38687.159999999996,8322887680.0,5400846336.0,4223817.011162016,54555493.93839774,50.213807303700946,4545562624.0,116376784896.0,4416.240000000001,45395920.86207086,391686.729621561,61431938872.0,4427917998.0,0.85
2026-09-11T08:06:56.192478Z,674.166,azure-1,crdb-azure-1,53.26864147088539,52133.99,58308.45,8327364608.0,5358747648.0,2095166.324870579,32872408.711124215,94.4056834316676,3893666304.0,101088506880.0,4050.8940000000002,18103283.213354595,117963.58822551493,58570351358.0,1597207604.0,1.77
2026-09-11T08:06:56.320032Z,674.294,azure-2,crdb-azure-2,18.526100307075012,35064.5,40839.94,8327364608.0,5363634176.0,3164645.225937635,53407925.60916336,39.819257092541434,4085727744.0,104293356544.0,3815.6,37337205.57587374,208523.39890842943,60468382030.0,1697324137.0,0.83
2026-09-11T08:06:57.177116Z,675.151,gcp-1,crdb-gcp-1,95.90425531914566,27735.59,37878.64,8324030464.0,3951587328.0,21994753.265151452,39859949.742835484,58.716045417235705,18608592896.0,114999043072.0,2157.299,3697124.335148783,161079625.6976561,30956489794.0,247449779584.0,22.51
2026-09-11T08:06:57.139754Z,675.113,client-1,crdb-client-1,47.30312837107004,35533.270000000004,38812.700000000004,8324026368.0,7490658304.0,0.0,10735.390440611696,0.020161114859947444,571373568.0,6238983168.0,19.669,15074711.344754424,2959937.949267679,7570296500.0,19096257189.0,1.12
2026-09-11T08:07:01.964661Z,679.938,linode-1,crdb-linode-1,15.369059656218065,32956.87,38588.41,8322887680.0,5447774208.0,3825827.4586544386,39237031.208544366,35.872834067384126,3943864320.0,116726337536.0,4502.476,39117995.7611555,361697.94614301587,61772234302.0,4520362491.0,0.48
2026-09-11T08:07:02.324946Z,680.299,linode-2,crdb-linode-2,13.87047424783826,33017.85,38706.77,8322887680.0,5424549888.0,3727575.2225506613,37402638.21574116,30.393533922621863,4564695040.0,116568760320.0,4417.8,37590049.032175705,282773.06191130285,61624876214.0,4429369379.0,0.78
2026-09-11T08:07:01.251017Z,679.225,azure-1,crdb-azure-1,61.317907444665366,52141.68,58328.33,8327364608.0,5353144320.0,948983.6801660903,15886569.799367484,97.91280946412843,3898466816.0,101168870400.0,4055.847,12151113.091095187,87288.48878607493,58631818763.0,1597649160.0,1.87
2026-09-11T08:07:01.353958Z,679.328,azure-2,crdb-azure-2,23.10432569971981,35079.61,40859.59,8327364608.0,5357662208.0,3126128.9386623492,55476990.413049884,53.158863485748924,4101464576.0,104572625920.0,3818.2760000000003,35978255.519681856,171348.14068432164,60649495405.0,1698186698.0,0.84
2026-09-11T08:07:02.319172Z,680.293,gcp-1,crdb-gcp-1,93.19148936169003,27736.870000000003,37897.44,8324030464.0,3950993408.0,28402198.333013147,44020380.48231169,54.53023835684988,18754639872.0,115225400320.0,2160.103,2604733.4882120835,131211365.8603027,30969883597.0,248124481696.0,21.43
2026-09-11T08:07:02.322702Z,680.296,client-1,crdb-client-1,35.85722011901237,35545.13,38831.19,8324026368.0,7487492096.0,0.0,6322.199033456912,0.03858764058504277,571373568.0,6239015936.0,19.671,10462244.803935109,2077751.3143645767,7624522385.0,19107026188.0,1.03
2026-09-11T08:07:06.934881Z,684.908,linode-1,crdb-linode-1,21.591485048127936,32972.340000000004,38608.14,8322887680.0,5451227136.0,5266828.855342874,80152053.58639461,56.81789411916479,3970041856.0,117124714496.0,4505.299999999999,51577121.821306966,438541.3910093997,62028586274.0,4522542158.0,0.44
2026-09-11T08:07:07.230123Z,685.204,linode-2,crdb-linode-2,19.362992922146425,33033.8,38726.55,8322887680.0,5417902080.0,5396826.930672373,82995732.98675358,42.077902220865354,4591167488.0,116975869952.0,4419.8640000000005,52243640.22781508,384451.97049038816,61881141065.0,4431255188.0,0.96
2026-09-11T08:07:06.241523Z,684.215,azure-1,crdb-azure-1,57.83375314859832,52150.05,58348.18,8327364608.0,5343916032.0,2990823.063380861,16267319.735512806,99.16761272724861,3913392640.0,101250053120.0,4060.796,12701188.861668443,93649.97404457755,58695204562.0,1598116524.0,1.96
2026-09-11T08:07:06.362648Z,684.336,azure-2,crdb-azure-2,19.050051072537634,35095.46,40879.17,8327364608.0,5362778112.0,3537686.1442835685,28851850.406026024,37.394748348034206,4119183872.0,104717136896.0,3820.1490000000003,38741859.9170184,257806.742290942,60843542716.0,1699477981.0,0.78
2026-09-11T08:07:07.181625Z,685.155,gcp-1,crdb-gcp-1,94.42675159237882,27737.92,37916.28,8324030464.0,3941806080.0,26579177.541735902,38174346.90319106,62.99236726507577,18883880960.0,115411022848.0,2163.166,3076806.343516613,169264671.00076008,30984844549.0,248947530122.0,25.4
2026-09-11T08:07:07.175052Z,685.149,client-1,crdb-client-1,36.392742796121524,35557.05,38849.93,8324026368.0,7486312448.0,0.0,7597.085331565081,0.041216825800642176,571373568.0,6239052800.0,19.673000000000002,11586315.168904511,2295138.1302089253,7680743673.0,19118163087.0,1.11
2026-09-11T08:07:11.943944Z,689.918,linode-1,crdb-linode-1,17.974683544318538,32988.54,38627.89,8322887680.0,5449195520.0,4285639.229246119,64206905.60587774,42.24323453808008,3991508992.0,117446332416.0,4507.416,40000114.791346826,347027.97209296684,62228950294.0,4524280451.0,0.56
2026-09-11T08:07:12.188406Z,690.162,linode-2,crdb-linode-2,15.660184237454832,33050.28,38746.09,8322887680.0,5424779264.0,4514559.979688251,65128620.09123911,34.12445089861867,4613552128.0,117298798592.0,4421.5560000000005,41207914.66804117,301845.28924121644,62085463156.0,4432751834.0,1.12
2026-09-11T08:07:11.228266Z,689.202,azure-1,crdb-azure-1,63.296258847344845,52157.31,58367.96,8327364608.0,5352951808.0,2661237.3033191436,13748904.697610848,99.20202892554097,3926663680.0,101318616064.0,4065.743,13244602.651030311,87918.22426081242,58761252656.0,1598554954.0,1.97
2026-09-11T08:07:11.472064Z,689.446,azure-2,crdb-azure-2,29.713114754107075,35109.18,40898.69,8327364608.0,5361496064.0,3382166.718470264,47507457.707984075,61.27856772567365,4136464896.0,104959874048.0,3823.28,34669626.34393869,165162.86513943318,61020685564.0,1700321873.0,0.95
2026-09-11T08:07:12.160024Z,690.134,gcp-1,crdb-gcp-1,95.3912111468359,27738.78,37934.94,8324030464.0,3929067520.0,34146550.73393285,24589498.63347351,55.2382735076635,19053877248.0,115533440000.0,2165.916,2284170.1006687894,140087910.15361643,30996216135.0,249644948286.0,32.73
2026-09-11T08:07:12.162388Z,690.136,client-1,crdb-client-1,30.49109552078688,35569.93,38868.46,8324026368.0,7488811008.0,0.0,107586.53593342038,0.16040454427094547,571373568.0,6239589376.0,19.681,8832282.637630079,1775321.0039571982,7724793710.0,19127017305.0,1.34
2026-09-11T08:07:17.064284Z,695.038,linode-1,crdb-linode-1,15.303030303027798,33005.31,38647.689999999995,8322887680.0,5445713920.0,4137279.6711262814,56999586.80705785,39.7625463848936,4012693504.0,117738192896.0,4509.452,36789351.38919904,334719.7874458468,62417326357.0,4525994349.0,0.52
2026-09-11T08:07:17.367334Z,695.341,linode-2,crdb-linode-2,14.882772680926937,33066.98,38765.71,8322887680.0,5426647040.0,4107876.5465003327,56176042.20665617,29.65833086133391,4634826752.0,117589733376.0,4423.092000000001,36298945.063159205,296120.86263407726,62273454786.0,4434285439.0,1.11
2026-09-11T08:07:16.232615Z,694.206,azure-1,crdb-azure-1,47.95969773298487,52167.64,58387.81,8327364608.0,5358272512.0,5739205.630218778,51257523.18774258,96.11584897901035,3955384832.0,101575128064.0,4070.553,23368543.252541326,114805.08624160808,58878197670.0,1599129482.0,1.97
2026-09-11T08:07:16.337217Z,694.311,azure-2,crdb-azure-2,37.925775292322264,35121.39,40918.36,8327364608.0,5359546368.0,3376001.5752478377,53371975.028138824,79.52378632662949,4152889856.0,105219539968.0,3827.1490000000003,33569304.59935571,172384.09598177,61184007314.0,1701160558.0,1.04
2026-09-11T08:07:17.643693Z,695.617,gcp-1,crdb-gcp-1,98.2409381663015,27739.11,37953.7,8324030464.0,3919290368.0,39235994.441013895,19156015.02854123,48.61672818328057,19269036032.0,115638486016.0,2168.582,2121495.060878549,129932874.07811353,31007849797.0,250357462384.0,32.91
2026-09-11T08:07:17.637487Z,695.611,client-1,crdb-client-1,30.81081081083441,35582.729999999996,38886.96,8324026368.0,7487574016.0,0.0,11221.677317958935,0.018264448759721108,571373568.0,6239650816.0,19.682000000000002,8211038.642205224,1639225.691892049,7769750110.0,19135992258.0,1.4
2026-09-11T08:07:21.899360Z,699.873,linode-1,crdb-linode-1,13.32655137332085,33022.350000000006,38667.35,8322887680.0,5443117056.0,4133201.8519510645,57050723.24649404,36.400597884001705,4032677888.0,118014038016.0,4511.212,35768434.284728445,321481.80764830776,62590269792.0,4527548741.0,0.48
2026-09-11T08:07:22.205754Z,700.179,linode-2,crdb-linode-2,14.155251141557567,33083.9,38785.42,8322887680.0,5418807296.0,4077858.559663823,56286638.52470166,28.68699317282739,4654557184.0,117862072320.0,4424.48,34643102.02206735,284504.9082207198,62441073000.0,4435661996.0,1.02
2026-09-11T08:07:21.255957Z,699.23,azure-1,crdb-azure-1,55.24439918533028,52176.43,58407.45,8327364608.0,5342330880.0,2526069.0695241774,19091472.30272404,97.14572231642532,3968074240.0,101671031808.0,4075.433,12942906.334308194,93024.59374389325,58943214823.0,1599596780.0,2.05
2026-09-11T08:07:21.376365Z,699.35,azure-2,crdb-azure-2,35.33604887984997,35134.09,40938.0,8327364608.0,5360271360.0,3445596.684694174,49112961.28393286,75.74661615839852,4170252800.0,105467028480.0,3830.9660000000003,31260418.53331847,166410.77129992258,61341533846.0,1701999130.0,1.04
2026-09-11T08:07:22.196005Z,700.17,gcp-1,crdb-gcp-1,96.24664879358158,27739.809999999998,37972.35,8324030464.0,3918032896.0,51995970.101179816,21409681.92143096,61.37492293434668,19505739776.0,115735950336.0,2171.376,2356800.116014792,130478207.13759956,31018578771.0,250951444573.0,33.16
2026-09-11T08:07:22.172097Z,700.146,client-1,crdb-client-1,28.98864250943156,35595.86,38905.45,8324026368.0,7489224704.0,0.0,42453.7096945761,0.11026250232340751,571373568.0,6239843328.0,19.687,9364229.353446173,1867702.7865308605,7812213455.0,19144461605.0,1.28
2026-09-11T08:07:26.956823Z,704.931,linode-1,crdb-linode-1,2.8614457831678486,33041.7,38687.27,8322887680.0,5441732608.0,506176.4984057031,8158755.271902485,8.620818488466089,4035237888.0,118055301120.0,4511.648,4244670.362406404,110308.11796467347,62611737316.0,4528106627.0,0.44
2026-09-11T08:07:27.208671Z,705.182,linode-2,crdb-linode-2,3.6272040302681607,33103.03,38805.270000000004,8322887680.0,5419474944.0,519065.7725961842,8264935.290786246,4.637257062453006,4657154048.0,117903421440.0,4424.7119999999995,4316793.616581405,129491.20595184783,62462669735.0,4436309835.0,0.94
2026-09-11T08:07:26.250400Z,704.224,azure-1,crdb-azure-1,62.33048719237225,52183.93,58427.36,8327364608.0,5352542208.0,2945829.7902275473,14173115.377147125,99.83059232970368,3982787072.0,101741818880.0,4080.419,13282096.90689003,95475.76805539586,59009551738.0,1600073630.0,2.21
2026-09-11T08:07:26.485629Z,704.459,azure-2,crdb-azure-2,22.087132725398973,35149.47,40957.74,8327364608.0,5361901568.0,3859263.0580343697,55572907.03074378,45.36822415194214,4189970944.0,105750967296.0,3833.284,35702714.629033476,200419.90397298767,61523949830.0,1703023136.0,0.95
2026-09-11T08:07:27.171681Z,705.145,gcp-1,crdb-gcp-1,50.50658561294284,27749.58,37992.09,8324030464.0,4852805632.0,13420588.649549954,64313950.15784759,76.2502751488516,19572516864.0,116055958528.0,2175.17,379877.7051310861,59410182.61746914,31020468936.0,251247052992.0,30.59
2026-09-11T08:07:27.160286Z,705.134,client-1,crdb-client-1,5.098435133779833,35614.66,38925.26,8324026368.0,7639638016.0,0.0,19707.18628240498,0.020047186566527354,571373568.0,6239941632.0,19.688,792430.8038157787,239335.94295929826,7816166283.0,19145655468.0,1.18
2026-09-11T08:07:32.034676Z,710.008,linode-1,crdb-linode-1,2.355889724316096,33061.18,38707.22,8322887680.0,5440356352.0,806.6361116302168,4723661.069706549,11.57963949312393,4035241984.0,118079287296.0,4512.236,1148001.914561218,100841.32991244356,62617566730.0,4528618687.0,0.4
2026-09-11T08:07:32.207797Z,710.182,linode-2,crdb-linode-2,2.9618473895409614,33122.36,38825.19,8322887680.0,5419343872.0,0.0,1304378.0353381238,9.441531888575845,4657154048.0,117909942272.0,4425.184,1202495.304864957,126301.692449783,62468681236.0,4436941241.0,0.86
2026-09-11T08:07:31.535269Z,709.509,azure-1,crdb-azure-1,61.32075471697568,52191.72,58447.5,8327364608.0,5357342720.0,2239848.514861384,15047286.822157014,94.45727949783443,3994624512.0,101821342720.0,4085.411,8280427.490035937,81799.39854974013,59053313208.0,1600505934.0,2.35
2026-09-11T08:07:31.470338Z,709.444,azure-2,crdb-azure-2,15.300000000024738,35166.409999999996,40977.74,8327364608.0,5360357376.0,4060871.0414956985,58715823.78411911,35.94963740700698,4210213376.0,106043651072.0,3835.076,35573909.129691504,160831.6964677639,61701276918.0,1703824842.0,0.88
2026-09-11T08:07:32.204294Z,710.178,gcp-1,crdb-gcp-1,18.131030980226328,27765.699999999997,38011.78,8324030464.0,4742758400.0,25957345.151752274,14966595.177486364,48.344498561820956,19703150592.0,116131279872.0,2177.603,143899.69499169532,45301749.67091842,31021193130.0,251475039961.0,28.14
2026-09-11T08:07:32.194112Z,710.168,client-1,crdb-client-1,0.6470881035211762,35634.62,38945.35,8324026368.0,7638831104.0,0.0,459732.87678130664,0.39730786502815485,571373568.0,6242255872.0,19.708000000000002,7452.303624331936,65626.71718354282,7816203797.0,19145985825.0,1.09
2026-09-11T08:07:36.954383Z,714.928,linode-1,crdb-linode-1,2.657973921795631,33080.59,38727.16,8322887680.0,5439533056.0,86586.56340298262,2321185.9496876495,11.220088782324556,4035667968.0,118090706944.0,4512.7880000000005,2005184.751407448,106416.64748837451,62627431732.0,4529142230.0,0.37
2026-09-11T08:07:37.217181Z,715.191,linode-2,crdb-linode-2,2.7932960893640058,33141.5,38844.88,8322887680.0,5416800256.0,85036.94046670108,5114481.371338609,9.182737524087349,4657580032.0,117935562752.0,4425.643999999999,1984653.682475225,136856.72531305463,62478623159.0,4437626811.0,0.8
2026-09-11T08:07:36.352243Z,714.326,azure-1,crdb-azure-1,54.853620955314085,52200.51,58466.97,8327364608.0,5349412864.0,3777115.57934534,31497504.56778705,99.31456465136425,4012818944.0,101973066752.0,4090.195,16407757.56527285,100862.20277735684,59132349664.0,1600991789.0,2.48
2026-09-11T08:07:36.376725Z,714.351,azure-2,crdb-azure-2,14.10916580846786,35183.09,40997.16,8327364608.0,5359546368.0,1946808.8795003542,32212507.471869927,30.490631404322777,4219765248.0,106201699328.0,3836.572,19648481.031193167,152600.5148190997,61797680719.0,1704573565.0,0.81
2026-09-11T08:07:37.183176Z,715.157,gcp-1,crdb-gcp-1,17.300862506323533,27782.0,38031.49,8324030464.0,4728963072.0,16145785.76780206,3746454.111208121,43.66434833734752,19783538688.0,116149933056.0,2179.777,151496.00732562784,38186693.999541655,31021947412.0,251665167321.0,25.96
2026-09-11T08:07:37.177339Z,715.151,client-1,crdb-client-1,0.551654964934023,35654.45,38965.29,8324026368.0,7649787904.0,0.0,4931.728400679063,0.02006725423448718,571373568.0,6242280448.0,19.709,7817.198887062699,66374.04876105979,7816242752.0,19146316583.0,1.0
2026-09-11T08:07:41.928798Z,719.903,linode-1,crdb-linode-1,1.7042606516118108,33100.2,38747.11,8322887680.0,5439668224.0,0.0,169622.50814221418,1.6082231126939843,4035667968.0,118091550720.0,4512.868,20539.62251167899,79218.65819670868,62627533905.0,4529536298.0,0.34
2026-09-11T08:07:42.229318Z,720.203,linode-2,crdb-linode-2,1.7712550607211996,33160.91,38864.64,8322887680.0,5416615936.0,0.0,98065.15333670082,1.1970843913251328,4657580032.0,117936054272.0,4425.704,47178.09343213493,105139.32354718952,62478859624.0,4438153788.0,0.73
2026-09-11T08:07:41.246791Z,719.221,azure-1,crdb-azure-1,18.386108273776813,52216.49,58486.55,8327364608.0,5356052480.0,3871254.6699776016,49005765.99089675,42.68001917228509,4031767040.0,102212928512.0,4092.284,31412675.536638148,185295.02742017698,59286100952.0,1601898727.0,2.29
2026-09-11T08:07:41.357653Z,719.332,azure-2,crdb-azure-2,1.1122345803533884,35202.65,41016.94,8327364608.0,5359161344.0,0.0,138974.2502007448,0.7227534739094429,4219765248.0,106202391552.0,3836.608,22529.631135697953,84195.35905925964,61797792938.0,1704992938.0,0.74
2026-09-11T08:07:42.457813Z,720.432,gcp-1,crdb-gcp-1,3.857868020332522,27800.94,38051.19,8324030464.0,4746211328.0,0.0,1536763.334192388,0.6445849555427611,19783538688.0,116158039040.0,2179.811,109075.3390899344,28955246.845792435,31022522753.0,251817897909.0,23.96
2026-09-11T08:07:42.177811Z,720.152,client-1,crdb-client-1,0.45158053184398694,35674.29,38985.22,8324026368.0,7652229120.0,0.0,0.0,0.0,571373568.0,6242280448.0,19.709,8256.179885589412,66133.03078126795,7816284037.0,19146647281.0,0.92
2026-09-11T08:07:46.899441Z,724.873,linode-1,crdb-linode-1,1.2619888944611524,33119.76,38766.92,8322887680.0,5439250432.0,0.0,91467.14642205568,2.011787954443723,4035667968.0,118092005376.0,4512.968,23500.298632371705,80052.2615684797,62627650718.0,4529934214.0,0.31
2026-09-11T08:07:47.217200Z,725.191,linode-2,crdb-linode-2,1.6284987277707996,33180.24,38884.29,8322887680.0,5416239104.0,0.0,153561.2991547341,1.76426124947469,4657580032.0,117936820224.0,4425.7919999999995,53907.00247785961,112886.85750067273,62479128508.0,4438716859.0,0.67
2026-09-11T08:07:46.241987Z,724.216,azure-1,crdb-azure-1,34.08048904735581,52229.43,58506.18,8327364608.0,5350612992.0,1454647.9886754497,41743641.37964476,68.46529021177952,4039033344.0,102421447680.0,4095.704,25136217.925598964,157754.83895691746,59411662189.0,1602686749.0,2.34
2026-09-11T08:07:46.359749Z,724.334,azure-2,crdb-azure-2,1.2102874432578403,35222.24,41036.77,8327364608.0,5358686208.0,0.0,107269.25657723007,0.7996575066878318,4219765248.0,106202928128.0,3836.648,25018.884411764946,86293.04069052913,61797918086.0,1705424588.0,0.68
2026-09-11T08:07:47.173616Z,725.148,gcp-1,crdb-gcp-1,3.3855482566863326,27820.06,38070.98,8324030464.0,4745871360.0,30399.5144736085,3204108.8255183357,1.1450709971941357,19783682048.0,116173149184.0,2179.8650000000002,97926.47167988415,25529131.412804756,31022984561.0,251938289841.0,22.04
2026-09-11T08:07:47.170787Z,725.145,client-1,crdb-client-1,1.5015015014799626,35693.97,39005.2,8324026368.0,7666126848.0,0.0,13125.468683645588,0.04005575159808846,571373568.0,6242345984.0,19.711000000000002,12700.877716706369,70054.90592111723,7816347453.0,19146997068.0,0.85
2026-09-11T08:07:51.938513Z,729.912,linode-1,crdb-linode-1,3.3033033033202486,33139.08,38786.9,8322887680.0,5438459904.0,34139.82994648668,1828919.4614189293,21.432649938501633,4035840000.0,118101221376.0,4514.048,1684685.069999912,139903.60697820276,62636139915.0,4530639194.0,0.29
2026-09-11T08:07:52.219802Z,730.194,linode-2,crdb-linode-2,4.1372351160429925,33199.24,38904.11,8322887680.0,5416034304.0,31113.177948093653,1922466.890055892,21.66856297268729,4657735680.0,117946437632.0,4426.875999999999,1754633.0755298152,167702.48384459107,62487906304.0,4439555814.0,0.62
2026-09-11T08:07:51.268355Z,729.242,azure-1,crdb-azure-1,56.77581863978652,52238.01,58526.03,8327364608.0,5357051904.0,836078.3797232928,17798038.880639803,98.35991537771663,4043235840.0,102510908416.0,4100.648,12677453.119867561,87083.53996588687,59475384619.0,1603124469.0,2.4
2026-09-11T08:07:51.381930Z,729.356,azure-2,crdb-azure-2,2.5265285497725,35241.53,41056.56,8327364608.0,5355343872.0,42409.82190267714,1556929.807927128,5.475652148080712,4219978240.0,106210747392.0,3836.9230000000002,1502449.2593146022,106937.09707649813,61805463736.0,1705961651.0,0.63
2026-09-11T08:07:52.159888Z,730.134,gcp-1,crdb-gcp-1,7.880020335533356,27838.18,38090.65,8324030464.0,4743778304.0,634981.4067653344,2364956.623644758,6.417583752069422,19786848256.0,116184941568.0,2180.185,336212.8006823933,19464273.21229824,31024661019.0,252035344553.0,20.28
2026-09-11T08:07:52.156834Z,730.131,client-1,crdb-client-1,5.903307888058052,35712.46,39024.85,8324026368.0,7455940608.0,0.0,8214.87603428444,0.04011169938613226,571373568.0,6242386944.0,19.713,709224.5836544503,218872.295519509,7819883701.0,19148088382.0,0.78
2026-09-11T08:07:56.968397Z,734.942,linode-1,crdb-linode-1,5.645161290300105,33157.8,38806.74,8322887680.0,5438316544.0,48859.088542298785,6883431.257467528,45.407779227943266,4036085760.0,118135844864.0,4516.331999999999,2755030.72192302,204687.4933583992,62649997651.0,4531668767.0,0.26
2026-09-11T08:07:57.247753Z,735.222,linode-2,crdb-linode-2,5.92441266596585,33217.66,38923.69,8322887680.0,5417164800.0,48878.5149334105,6815294.2655485375,45.02805900443191,4657981440.0,117980704768.0,4429.14,2764802.377745424,237103.95594649302,62501807664.0,4440747967.0,0.57
2026-09-11T08:07:56.245749Z,734.22,azure-1,crdb-azure-1,58.636363636394705,52246.2,58545.83,8327364608.0,5356826624.0,1150443.888160593,19796193.257218335,96.19499215733012,4048962048.0,102609441792.0,4105.436,14113267.56158047,95187.03418813818,59545631857.0,1603598252.0,2.44
2026-09-11T08:07:56.376962Z,734.351,azure-2,crdb-azure-2,8.970438328245677,35259.39,41076.18,8327364608.0,5347471360.0,47560.55772781893,6895460.860917748,23.983679686624747,4220215808.0,106245190656.0,3838.121,2815182.500071372,203861.27733633324,61819525751.0,1706979951.0,0.58
2026-09-11T08:07:57.180911Z,735.155,gcp-1,crdb-gcp-1,14.23414130996452,27854.809999999998,38110.04,8324030464.0,4745981952.0,1083338.4871938073,6930755.863854357,13.463340986190959,19792287744.0,116219741184.0,2180.861,660408.5421067104,24897015.205363847,31027976958.0,252160353511.0,18.65
2026-09-11T08:07:57.166943Z,735.141,client-1,crdb-client-1,5.32786885246238,35730.94,39044.37,8324026368.0,7448838144.0,0.0,24526.25156442034,0.01995951461943618,571373568.0,6242509824.0,19.714,1365132.9983509812,325403.3599589118,7826723211.0,19149718699.0,0.71
2026-09-11T08:08:02.021794Z,739.996,linode-1,crdb-linode-1,6.535947712433121,33176.39,38826.63,8322887680.0,5437562880.0,89969.30740152339,3360475.2115920354,44.00947961997695,4036540416.0,118152826880.0,4518.556,2633093.4979622574,198889.60331134556,62663303875.0,4532673847.0,0.48
2026-09-11T08:08:02.324796Z,740.299,linode-2,crdb-linode-2,6.30676084766546,33236.229999999996,38943.51,8322887680.0,5417680896.0,74221.89650005031,3357734.0568827107,42.93789656136721,4658358272.0,117997752320.0,4431.320000000001,2674126.3055026075,227277.18019827548,62515384471.0,4441901876.0,0.52
2026-09-11T08:08:01.367184Z,739.341,azure-1,crdb-azure-1,54.536290322552105,52255.22,58565.67,8327364608.0,5350608896.0,972515.3208328139,18166682.165063623,94.05449918348756,4053942784.0,102702482432.0,4110.253,17194316.214568935,91867.63933118296,59633692526.0,1604068752.0,2.41
2026-09-11T08:08:01.390265Z,739.364,azure-2,crdb-azure-2,8.620689655157143,35277.41,41095.9,8327364608.0,5345173504.0,83336.23185586823,3307304.5740446527,22.38033570347712,4220633600.0,106261771264.0,3839.243,2618439.4368373924,201521.75810648454,61832652851.0,1707990246.0,0.53
2026-09-11T08:08:02.611000Z,740.585,gcp-1,crdb-gcp-1,12.086776859504521,27871.829999999998,38129.4,8324030464.0,4742828032.0,282864.5347042927,4157731.5074401638,7.918733718940637,19793823744.0,116242318336.0,2181.291,592910.7674469241,23559142.36327054,31031196559.0,252288283450.0,17.16
2026-09-11T08:08:02.608561Z,740.583,client-1,crdb-client-1,5.268542199483717,35749.46,39063.92,8324026368.0,7445237760.0,0.0,356032.5178360803,0.2205209338473427,571373568.0,6244447232.0,19.726,1173801.3228688426,287561.1354113727,7833110639.0,19151283509.0,0.66
2026-09-11T08:08:07.138989Z,745.113,linode-1,crdb-linode-1,4.740061162080367,33195.08,38846.25,8322887680.0,5437607936.0,70438.31343439333,3216949.791963941,38.22391609266318,4036900864.0,118169288704.0,4520.512,2512339.971819049,195833.2771916828,62676160059.0,4533675968.0,0.44
2026-09-11T08:08:07.447241Z,745.421,linode-2,crdb-linode-2,6.401209677367669,33254.8,38963.35,8322887680.0,5415890944.0,70365.96802193111,3302402.8173929034,39.824489181445564,4658718720.0,118014668800.0,4433.360000000001,2527813.3793244255,226490.06913442232,62528333135.0,4443062066.0,0.48
2026-09-11T08:08:06.293524Z,744.268,azure-1,crdb-azure-1,49.29149797569311,52265.240000000005,58585.43,8327364608.0,5349036032.0,1132422.7487175951,32296497.24756701,95.48581134218341,4059521536.0,102861587456.0,4114.957,19994725.44424526,104639.7827458409,59732194269.0,1604584248.0,2.62
2026-09-11T08:08:06.448943Z,744.423,azure-2,crdb-azure-2,8.410256410253425,35295.270000000004,41115.4,8327364608.0,5338918912.0,71252.75362298869,3629841.9828620264,20.953901489367823,4220994048.0,106280133632.0,3840.3030000000003,2545922.35699851,194284.37693102917,61845531969.0,1708973077.0,0.57
2026-09-11T08:08:07.452309Z,745.426,gcp-1,crdb-gcp-1,13.165983606539411,27888.78,38148.92,8324030464.0,4728909824.0,678529.3053256695,4697250.2533268295,11.050656389700018,19797108736.0,116265059328.0,2181.826,667133.9097674728,29602146.574720915,31034426382.0,252431597547.0,15.79
2026-09-11T08:08:07.449975Z,745.424,client-1,crdb-client-1,5.861365953115705,35767.93,39083.54,8324026368.0,7439249408.0,0.0,9306.25272500571,0.0,571373568.0,6244492288.0,19.726,1248112.1243043242,312627.796509103,7839153344.0,19152797089.0,0.6
2026-09-11T08:08:11.921192Z,749.895,linode-1,crdb-linode-1,5.313765182200414,33213.79,38866.01,8322887680.0,5436293120.0,65094.006556724926,7064412.7115772,43.74507276569713,4037212160.0,118203072512.0,4522.604,2789058.7028085557,207799.76006679158,62689498043.0,4534669719.0,0.41
2026-09-11T08:08:12.248112Z,750.222,linode-2,crdb-linode-2,6.445012787770466,33273.09,38982.9,8322887680.0,5420515328.0,64840.903237534534,6983194.644726581,42.99175841714385,4659030016.0,118048194560.0,4435.424,2810607.03586192,238563.43370819415,62541826635.0,4444207390.0,0.44
2026-09-11T08:08:11.284033Z,749.258,azure-1,crdb-azure-1,52.347299343785146,52274.68,58605.24,8327364608.0,5357510656.0,820753.5564715003,17381918.818953432,99.20778462134805,4063617536.0,102948332544.0,4119.908,12292548.447017558,90031.21482833764,59793540672.0,1605033552.0,2.65
2026-09-11T08:08:11.487456Z,749.462,azure-2,crdb-azure-2,8.43924758517356,35313.28,41135.07,8327364608.0,5338517504.0,60157.01598462694,6715636.608770313,21.930922278496443,4221297152.0,106313970688.0,3841.4080000000004,2653322.257653265,193896.94025590277,61858900860.0,1709950036.0,0.52
2026-09-11T08:08:12.241852Z,750.216,gcp-1,crdb-gcp-1,12.85938316781059,27905.45,38168.05,8324030464.0,4730757120.0,971498.7742184647,4611198.407205952,12.08878187308866,19801761792.0,116287144960.0,2182.405,651886.8317507243,23376725.166039098,31037548636.0,252543561879.0,14.52
2026-09-11T08:08:12.239252Z,750.213,client-1,crdb-client-1,5.812757201669349,35786.24,39102.98,8324026368.0,7432396800.0,0.0,5986.682075350697,0.04175978010154864,571373568.0,6244520960.0,19.728,1351474.0602126727,329138.8940215757,7845625955.0,19154373433.0,0.8
2026-09-11T08:08:16.952216Z,754.926,linode-1,crdb-linode-1,5.630970336831497,33232.56,38885.899999999994,8322887680.0,5436641280.0,55361.75002001169,3124682.3026000718,41.97926816774943,4037490688.0,118218792960.0,4524.716,2408338.688855237,197487.01474854586,62701614527.0,4535663287.0,0.46
2026-09-11T08:08:17.249188Z,755.223,linode-2,crdb-linode-2,6.57894736839828,33291.55,39002.66,8322887680.0,5417553920.0,90092.12868619351,3177795.084567553,41.430861736018166,4659480576.0,118064087040.0,4437.496,2437766.3101924313,229901.0914997096,62554018155.0,4445357149.0,0.49
2026-09-11T08:08:16.270151Z,754.244,azure-1,crdb-azure-1,61.53457849569149,52282.3,58625.049999999996,8327364608.0,5334347776.0,870760.8147286756,17222991.737359826,99.35484863662705,4067959296.0,103034209280.0,4124.862,14181892.643351203,94079.25458458047,59864253976.0,1605502647.0,2.76
2026-09-11T08:08:16.388144Z,754.362,azure-2,crdb-azure-2,7.924335378301728,35331.29,41154.63,8327364608.0,5333303296.0,63520.42827529068,3173514.0284378775,22.22121273379287,4221608448.0,106329523200.0,3842.4970000000003,2492236.1322045824,200546.5469482615,61871114618.0,1710932859.0,0.48
2026-09-11T08:08:17.208918Z,755.183,gcp-1,crdb-gcp-1,12.085062240654821,27922.4,38187.33,8324030464.0,4740210688.0,1037377.338459695,4252587.388264425,10.99230601491875,19806914560.0,116308268032.0,2182.951,627363.3174816618,20411312.663274597,31040664819.0,252644947127.0,13.36
2026-09-11T08:08:17.204534Z,755.179,client-1,crdb-client-1,5.063938618879327,35804.8,39122.53,8324026368.0,7428227072.0,0.0,6599.369875638178,0.0402793571510896,571373568.0,6244553728.0,19.73,1286019.5782356975,313297.6734442067,7852011457.0,19155929057.0,0.73
2026-09-11T08:08:21.985748Z,759.96,linode-1,crdb-linode-1,5.130784708268788,33251.42,38905.78,8322887680.0,5435764736.0,60216.59709131084,3337952.4495750954,43.706620038294744,4037793792.0,118235594752.0,4526.916,2629025.708559619,204387.05528318707,62714847892.0,4536692082.0,0.42
2026-09-11T08:08:22.398019Z,760.372,linode-2,crdb-linode-2,6.028368794338657,33310.1,39022.4,8322887680.0,5418434560.0,60458.96235264819,3319674.3407579064,43.6599722992854,4659791872.0,118081179648.0,4439.744000000001,2588656.080542055,224898.57688267803,62567346837.0,4446515125.0,0.45
2026-09-11T08:08:21.397923Z,759.372,azure-1,crdb-azure-1,58.71975806454894,52290.49,58644.89,8327364608.0,5356711936.0,813159.0787417653,13270947.8725105,96.39586386020186,4072129024.0,103102260224.0,4129.805,11604494.674036179,99773.52188580694,59923759659.0,1606014267.0,2.69
2026-09-11T08:08:21.407119Z,759.381,azure-2,crdb-azure-2,8.697863682635298,35349.24,41174.29,8327364608.0,5327368192.0,65287.53630672792,3337009.1994776307,24.088327452033425,4221936128.0,106346271744.0,3843.706,2623904.251143304,199704.58756582168,61884284068.0,1711935182.0,0.44
2026-09-11T08:08:22.403732Z,760.378,gcp-1,crdb-gcp-1,12.874870734221366,27939.25,38206.67,8324030464.0,4743028736.0,994264.4891467649,4149733.549864729,11.049402306002332,19812079616.0,116329825280.0,2183.525,638574.7964999899,22229489.3965441,31043982120.0,252760426015.0,12.37
2026-09-11T08:08:22.400836Z,760.375,client-1,crdb-client-1,5.300713557635117,35823.38,39142.15,8324026368.0,7433850880.0,0.0,0.0,0.0,571373568.0,6244553728.0,19.73,1269379.4523366005,307490.35890769213,7858607603.0,19157526886.0,0.67
2026-09-11T08:08:26.949361Z,764.924,linode-1,crdb-linode-1,4.869297796023919,33269.979999999996,38925.29,8322887680.0,5437304832.0,53637.83487076084,6834285.35999448,45.85325727382928,4038060032.0,118269517824.0,4529.192,2539196.245730496,203217.76812453402,62727451600.0,4537700786.0,0.39
2026-09-11T08:08:27.251130Z,765.225,linode-2,crdb-linode-2,7.069672131098004,33328.240000000005,39041.92,8322887680.0,5418029056.0,52327.41939142213,6843076.071381462,46.40300075189657,4660045824.0,118114390016.0,4441.996,2631522.208684288,245585.40885065284,62580117968.0,4447706984.0,0.41
2026-09-11T08:08:26.254155Z,764.228,azure-1,crdb-azure-1,53.2217148655425,52299.71,58664.6,8327364608.0,5357780992.0,1184200.319142048,37945017.063790925,98.45025870938764,4077879808.0,103286531072.0,4134.586,19258300.716601267,111114.53262883256,60017282964.0,1606553868.0,2.64
2026-09-11T08:08:26.428313Z,764.403,azure-2,crdb-azure-2,8.371854134552049,35367.08,41193.76,8327364608.0,5314023424.0,52207.25633581034,6477778.477541718,22.36509279827785,4222198272.0,106378798080.0,3844.829,2467961.303536206,200195.06391774095,61896676239.0,1712940405.0,0.41
2026-09-11T08:08:27.190865Z,765.165,gcp-1,crdb-gcp-1,13.52480417756442,27955.809999999998,38225.82,8324030464.0,4742402048.0,1001930.845741737,3911893.9596338356,11.718816809494086,19816876032.0,116348552192.0,2184.0860000000002,677977.0018746208,28233556.682675775,31047227713.0,252895584927.0,11.38
2026-09-11T08:08:27.206975Z,765.181,client-1,crdb-client-1,5.328504914633947,35841.68,39161.48,8324026368.0,7430889472.0,0.0,5113.431637243736,0.02080660659688308,571373568.0,6244578304.0,19.731,1318741.035922643,323530.6647493103,7864945691.0,19159081828.0,0.86
2026-09-11T08:08:31.984297Z,769.959,linode-1,crdb-linode-1,5.471887550183752,33288.81,38945.21,8322887680.0,5437009920.0,61013.205512994355,3236140.4204092207,44.72712852058355,4038367232.0,118285811712.0,4531.4439999999995,2531206.9124958166,200444.07035509378,62740196165.0,4538710017.0,0.35
2026-09-11T08:08:32.285154Z,770.259,linode-2,crdb-linode-2,6.8582955118897555,33346.71,39061.75,8322887680.0,5417062400.0,63465.23777472201,3193603.3110997933,46.48332844828561,4660365312.0,118130466816.0,4444.336,2555722.725785851,226878.96810828208,62592983637.0,4448849107.0,0.38
2026-09-11T08:08:31.422608Z,769.397,azure-1,crdb-azure-1,23.672230652500392,52314.8,58684.37,8327364608.0,5356851200.0,2173025.893987225,44393286.47100014,53.57478770317568,4089111040.0,103515976704.0,4137.3550000000005,29112998.573968336,151254.25997148745,60167752796.0,1607335622.0,2.43
2026-09-11T08:08:31.450831Z,769.425,azure-2,crdb-azure-2,8.15078960773693,35385.11,41213.39,8327364608.0,5315960832.0,63610.5958744378,3325692.435589197,22.14010623634688,4222517760.0,106395501568.0,3845.9410000000003,2622401.6077046,198700.28581090661,61909847407.0,1713938389.0,0.37
2026-09-11T08:08:32.252099Z,770.226,gcp-1,crdb-gcp-1,14.595152140250411,27972.370000000003,38245.21,8324030464.0,4744183808.0,862695.8330930887,3857852.7545541776,11.202723229815286,19821242368.0,116368077824.0,2184.6530000000002,705105.5250302462,39289246.08934162,31050796442.0,253094438385.0,10.55
2026-09-11T08:08:32.248924Z,770.223,client-1,crdb-client-1,5.27650938610309,35860.35,39181.19,8324026368.0,7460900864.0,0.0,1624.7610248219576,0.0,571373568.0,6244586496.0,19.731,1302419.901265254,316340.49552862864,7871512456.0,19160676808.0,0.79
2026-09-11T08:08:37.021609Z,774.996,linode-1,crdb-linode-1,5.5639858371205,33307.479999999996,38964.979999999996,8322887680.0,5436383232.0,72368.0945447789,3218347.3955981447,40.33860607087259,4038731776.0,118302023680.0,4533.476,2535343.924334232,201259.86677931514,62752967600.0,4539723835.0,0.33
2026-09-11T08:08:37.349830Z,775.324,linode-2,crdb-linode-2,6.588355464729123,33365.0,39081.329999999994,8322887680.0,5413679104.0,59846.297158483525,3193689.5605250197,39.725886125835316,4660668416.0,118146641920.0,4446.348,2554772.5265318775,234366.14278244865,62605922813.0,4450036103.0,0.35
2026-09-11T08:08:36.355494Z,774.33,azure-1,crdb-azure-1,18.03444782170879,52330.979999999996,58704.11,8327364608.0,5357248512.0,2691949.9350123107,49056262.23335204,43.96970705114083,4102390272.0,103757968384.0,4139.524,32449985.384916697,200628.15796369314,60327826681.0,1608325309.0,2.31
2026-09-11T08:08:36.539278Z,774.514,azure-2,crdb-azure-2,7.914764079136183,35403.26,41233.1,8327364608.0,5313613824.0,54736.818522338595,3283404.158126752,20.57583043460259,4222796288.0,106412209152.0,3846.9880000000003,2475667.017018187,195488.46913254014,61922444825.0,1714933131.0,0.34
2026-09-11T08:08:37.355187Z,775.329,gcp-1,crdb-gcp-1,14.017717561259202,27988.87,38264.4,8324030464.0,4744241152.0,126817.79279632395,3871153.257320699,7.152469586047296,19821889536.0,116387832832.0,2185.018,721736.6979955917,39313525.56476397,31054479560.0,253295060515.0,10.26
2026-09-11T08:08:37.352693Z,775.327,client-1,crdb-client-1,5.263157894721038,35878.71,39200.57,8324026368.0,7459332096.0,0.0,7222.8142887190625,0.019593137718918806,571373568.0,6244623360.0,19.732,1265146.9282002372,307828.3744967824,7877969548.0,19162247911.0,0.89
2026-09-11T08:08:42.821808Z,780.796,linode-1,crdb-linode-1,4.934948407350836,33328.67,38987.27,8322887680.0,5435305984.0,60732.32453292496,6157975.231710532,45.791996150369506,4039084032.0,118337740800.0,4536.132,2509940.8587539815,189910.40776960104,62767525609.0,4540825342.0,0.3
2026-09-11T08:08:43.228467Z,781.203,linode-2,crdb-linode-2,6.684256816199319,33386.22,39104.07,8322887680.0,5412405248.0,73159.20805163473,6278453.559555054,45.65646261407227,4661098496.0,118183550976.0,4449.032,2549756.0889036553,218233.8087501573,62620912028.0,4451319031.0,0.29
2026-09-11T08:08:42.441182Z,780.416,azure-1,crdb-azure-1,19.609856262828963,52346.64,58723.590000000004,8327364608.0,5355577344.0,2164526.761445688,36039774.40769038,38.023345537206666,4115563008.0,103977296896.0,4141.838,25094794.65288235,152990.72653079694,60480546948.0,1609256370.0,2.21
2026-09-11T08:08:42.511178Z,780.486,azure-2,crdb-azure-2,8.724832214775946,35420.94,41252.47,8327364608.0,5317619712.0,53498.148058610066,5542545.313610614,19.18972783802607,4223115776.0,106445308928.0,3848.134,2135459.0359586496,169070.3770835504,61935197669.0,1715942810.0,0.31
2026-09-11T08:08:43.195232Z,781.17,gcp-1,crdb-gcp-1,15.412186379922643,28007.75,38286.72,8324030464.0,4743311360.0,873192.6581758512,3813993.31338175,10.890251054997583,19826989056.0,116410106880.0,2185.654,746225.3443821229,39892811.676745564,31058837580.0,253528037956.0,9.68
2026-09-11T08:08:43.188226Z,781.163,client-1,crdb-client-1,5.7104913678647895,35900.01,39223.16,8324026368.0,7461249024.0,0.0,101073.96644916554,0.17136292597314004,571373568.0,6245213184.0,19.742,1345151.3299955183,313465.28961046546,7885819270.0,19164077159.0,0.75
2026-09-11T08:08:47.176205Z,785.151,linode-1,crdb-linode-1,5.057471264352342,33345.19,39004.67,8322887680.0,5434949632.0,65844.01012292545,3130412.366987084,41.42808114598328,4039370752.0,118351372288.0,4537.936,2552778.151395295,210860.8954341527,62778641769.0,4541743543.0,0.27
2026-09-11T08:08:47.497220Z,785.472,linode-2,crdb-linode-2,6.194163192381296,33401.97,39120.86,8322887680.0,5410873344.0,71004.51438428751,3211514.995192031,41.5105044766657,4661401600.0,118197260288.0,4450.804,2573000.743293032,243540.8647718066,62631895651.0,4452358658.0,0.29
2026-09-11T08:08:46.322919Z,784.297,azure-1,crdb-azure-1,45.12379989891816,52357.5,58743.38,8327364608.0,5356023808.0,2218012.090844262,36359781.45875908,105.77674402596533,4124172800.0,104118436864.0,4145.944,28053358.133119475,178786.65560452026,60589443369.0,1609950377.0,2.27
2026-09-11T08:08:46.444799Z,784.419,azure-2,crdb-azure-2,7.840161861385364,35439.16,41272.24,8327364608.0,5312446464.0,83301.99748607895,4116159.950780876,26.31151348819503,4223443456.0,106461500416.0,3849.1690000000003,3255545.9350353014,258047.81702332062,61948003812.0,1716957877.0,0.29
2026-09-11T08:08:47.771446Z,785.746,gcp-1,crdb-gcp-1,13.86377335742085,28022.04,38303.31,8324030464.0,4744511488.0,843143.6996851292,3548901.028929445,10.554505222537669,19830847488.0,116426347520.0,2186.137,615749.1791232944,26413004.851067927,31061655399.0,253648910333.0,8.99
2026-09-11T08:08:47.759223Z,785.734,client-1,crdb-client-1,5.376344086030849,35915.85,39239.9,8324026368.0,7459287040.0,0.0,4480.384998104863,0.0,571373568.0,6245233664.0,19.742,1171398.845442504,298096.1153075035,7891173776.0,19165439767.0,0.75
2026-09-11T08:08:51.963056Z,789.937,linode-1,crdb-linode-1,3.1440162271936245,33364.29,39024.39,8322887680.0,5415002112.0,23103.109594713645,1781506.4509701412,20.305467417223625,4039481344.0,118359900160.0,4538.907999999999,1145095.2904927658,135700.0599830339,62784123212.0,4542393124.0,0.25
2026-09-11T08:08:52.268834Z,790.243,linode-2,crdb-linode-2,4.196157735095019,33420.92,39140.64,8322887680.0,5399420928.0,22318.49672138143,1656719.1797025448,19.53203777075485,4661508096.0,118205165568.0,4451.736000000001,1142371.4666961187,164080.85326257788,62637346645.0,4453141594.0,0.27
2026-09-11T08:08:51.276546Z,789.251,azure-1,crdb-azure-1,55.578093306280316,52366.26,58763.1,8327364608.0,5354283008.0,1287434.3234031356,21045458.18834721,97.88783132534081,4130550272.0,104222688256.0,4150.793,13086477.812539525,90614.57771673304,60654268925.0,1610399248.0,2.33
2026-09-11T08:08:51.397865Z,789.372,azure-2,crdb-azure-2,5.357142857158104,35457.71,41291.84,8327364608.0,5323558912.0,28943.45414413022,1819302.8319167567,11.669445099962703,4223586816.0,106470511616.0,3849.7470000000003,1252483.3596206766,138120.6020494366,61954207495.0,1717642003.0,0.27
2026-09-11T08:08:52.218805Z,790.193,gcp-1,crdb-gcp-1,7.227063044609661,28040.14,38322.82,8324030464.0,4745871360.0,666797.2740652891,2175380.0571025037,6.678082052744081,19833812992.0,116436022272.0,2186.434,325581.6834109736,18526183.456128933,31063103386.0,253731303398.0,8.27
2026-09-11T08:08:52.208136Z,790.183,client-1,crdb-client-1,2.89634146341311,35934.96,39259.58,8324026368.0,7658287104.0,0.0,10127.359971603466,0.04495454532847058,571373568.0,6245278720.0,19.744,606069.0883006172,193099.32741310608,7893870140.0,19166298854.0,0.69
2026-09-11T08:08:56.992695Z,794.967,linode-1,crdb-linode-1,1.6475287069120825,33383.990000000005,39044.42,8322887680.0,5414293504.0,6514.948277730867,70850.06252032318,1.9882044304670923,4039514112.0,118360256512.0,4539.008,23798.807032604516,79725.20827745294,62784242912.0,4542794115.0,0.31
2026-09-11T08:08:57.290236Z,795.265,linode-2,crdb-linode-2,2.3453093812432324,33440.49,39160.68,8322887680.0,5399433216.0,0.0,65256.34068908957,1.5931723801032769,4661508096.0,118205493248.0,4451.816000000001,54849.539555697986,113379.5064559854,62637622068.0,4453710921.0,0.25
2026-09-11T08:08:56.318824Z,794.293,azure-1,crdb-azure-1,15.851172273228553,52382.77,58782.72,8327364608.0,5346283520.0,3038077.8858512617,21779931.624450274,32.72286325811695,4145869312.0,104332510208.0,4152.443,30826166.77551295,237451.7715091884,60809705125.0,1611596562.0,2.14
2026-09-11T08:08:56.466183Z,794.441,azure-2,crdb-azure-2,1.1060834590305157,35477.38,41311.729999999996,8327364608.0,5323583488.0,0.0,107483.99375226433,0.8878604688254151,4223586816.0,106471056384.0,3849.792,24622.14652167542,85296.36063612887,61954332289.0,1718074316.0,0.24
2026-09-11T08:08:57.246155Z,795.221,gcp-1,crdb-gcp-1,4.678068410446556,28059.09,38342.7,8324030464.0,4745609216.0,276195.64602389705,24442.092568486463,0.676294879003909,19835201536.0,116436145152.0,2186.468,175023.52340594126,31536021.066934228,31063983298.0,253889847363.0,7.6
2026-09-11T08:08:57.236378Z,795.211,client-1,crdb-client-1,1.9940179461327312,35954.62,39279.64,8324026368.0,7642824704.0,0.0,14662.673540077587,0.039775047580483565,571373568.0,6245352448.0,19.746,11030.01844455001,68283.2163081193,7893925602.0,19166642201.0,0.63
2026-09-11T08:09:02.026937Z,800.001,linode-1,crdb-linode-1,1.741293532367394,33403.74,39064.52,8322887680.0,5413531648.0,0.0,17899.77549731781,1.589113591734866,4039514112.0,118360346624.0,4539.088,18767.82879680377,78059.64329647522,62784337394.0,4543187087.0,0.29
2026-09-11T08:09:02.314173Z,800.289,linode-2,crdb-linode-2,1.417004048576953,33459.97,39180.44,8322887680.0,5399179264.0,0.0,44025.719787393864,1.0350375383980697,4661508096.0,118205714432.0,4451.868,42235.70198299557,101444.22818469982,62637834259.0,4454220574.0,0.23
2026-09-11T08:09:01.342711Z,799.317,azure-1,crdb-azure-1,56.76767676764225,52391.33,58802.52,8327364608.0,5356777472.0,1418616.0445897882,23981133.52618622,97.73208483375501,4152996352.0,104452989952.0,4157.353,15630668.725370072,89629.67700230586,60888232646.0,1612046856.0,2.13
2026-09-11T08:09:01.456084Z,799.431,azure-2,crdb-azure-2,0.9547738693583607,35497.09,41331.63,8327364608.0,5323087872.0,0.0,23804.739369812756,0.48096860257580704,4223586816.0,106471175168.0,3849.8160000000003,20763.815380070544,82677.90157084995,61954435899.0,1718486873.0,0.22
2026-09-11T08:09:02.242333Z,800.217,gcp-1,crdb-gcp-1,1.9124308002061774,28078.58,38362.57,8324030464.0,4744896512.0,489435.50891933165,63946.34789900816,0.5003814532880796,19837646848.0,116436464640.0,2186.493,29439.842727806405,15676633.089159373,31064130385.0,253968170775.0,6.99
2026-09-11T08:09:02.231408Z,800.206,client-1,crdb-client-1,0.5002501250917057,35974.509999999995,39299.63,8324026368.0,7651561472.0,0.0,7380.089376310999,0.04003954739756955,571373568.0,6245389312.0,19.748,8333.83139531994,66828.00658383178,7893967230.0,19166976011.0,0.58
2026-09-11T08:09:07.107241Z,805.082,linode-1,crdb-linode-1,1.68567178980511,33423.57,39084.69,8322887680.0,5413855232.0,0.0,1696326.2353558277,4.409117918065024,4039514112.0,118368964608.0,4539.312,23112.438657983268,79303.69398936172,62784454814.0,4543589980.0,0.26
2026-09-11T08:09:07.382734Z,805.357,linode-2,crdb-linode-2,1.9076305221119028,33479.509999999995,39200.36,8322887680.0,5399846912.0,12929.73039949986,1725310.9001832625,4.182591010589156,4661573632.0,118214459392.0,4452.080000000001,52063.19618825712,111769.0909882059,62638098148.0,4454787090.0,0.21
2026-09-11T08:09:06.547799Z,804.522,azure-1,crdb-azure-1,50.19550342131408,52401.520000000004,58822.98,8327364608.0,5356834816.0,1630495.0499402178,25081452.088197183,94.656915389896,4161483264.0,104583541760.0,4162.28,17455514.431607764,100549.77426092807,60979090582.0,1612570229.0,2.2
2026-09-11T08:09:06.664147Z,804.639,azure-2,crdb-azure-2,2.247191011231564,35517.1,41352.1,8327364608.0,5339947008.0,0.0,1627982.914829606,3.264137694382542,4223586816.0,106479653888.0,3849.9860000000003,23875.43916150105,84104.34785772358,61954560245.0,1718924898.0,0.21
2026-09-11T08:09:07.380473Z,805.355,gcp-1,crdb-gcp-1,2.097902097929294,28098.18,38382.590000000004,8324030464.0,4745338880.0,30292.19941046995,43843.97283094335,0.3697778248393696,19837802496.0,116436689920.0,2186.512,44113.910643072784,16946774.277308583,31064357052.0,254055247038.0,6.43
2026-09-11T08:09:07.377876Z,805.352,client-1,crdb-client-1,0.5459057071627749,35994.55,39319.78,8324026368.0,7657934848.0,0.0,7162.903469810179,0.019430619221445,571373568.0,6245426176.0,19.749,7507.602654799416,64240.93035151454,7894005868.0,19167306628.0,0.54
2026-09-11T08:09:11.968081Z,809.943,linode-1,crdb-linode-1,1.6811003565690985,33442.87,39104.32,8322887680.0,5414756352.0,0.0,2047641.1888091294,5.266566843651316,4039514112.0,118378917888.0,4539.568,19262.468230631148,78719.12774163923,62784548446.0,4543972622.0,0.24
2026-09-11T08:09:12.273187Z,810.248,linode-2,crdb-linode-2,1.7364657813916051,33498.75,39219.94,8322887680.0,5400076288.0,0.0,2019332.6235416525,4.743934545013461,4661573632.0,118224334848.0,4452.312000000001,42977.59321857993,102559.97974439549,62638308328.0,4455288655.0,0.19
2026-09-11T08:09:11.285665Z,809.26,azure-1,crdb-azure-1,53.56200527706076,52410.32,58841.93,8327364608.0,5341286400.0,1122149.3541177707,15521625.195555048,99.93923177613051,4166799872.0,104657081344.0,4167.015,11325173.898367196,97185.8901108184,61032747887.0,1613030684.0,2.18
2026-09-11T08:09:11.442508Z,809.417,azure-2,crdb-azure-2,1.2552301255121856,35535.98,41371.22,8327364608.0,5339369472.0,0.0,1944111.0989695773,2.9717100011253343,4223586816.0,106488943616.0,3850.128,19746.17585609336,83262.08234782946,61954654600.0,1719322757.0,0.19
2026-09-11T08:09:12.229074Z,810.204,gcp-1,crdb-gcp-1,1.5267175572301395,28117.53,38402.24,8324030464.0,4744118272.0,295672.7237192846,13516.467370024438,0.4331143413801185,19839236096.0,116436755456.0,2186.533,30711.10672303557,9690971.337570487,31064505958.0,254102234722.0,5.92
2026-09-11T08:09:12.226310Z,810.201,client-1,crdb-client-1,1.1681056374324594,36014.009999999995,39339.47,8324026368.0,7652438016.0,0.0,9292.862479965628,0.0,571373568.0,6245471232.0,19.749,11546.777634019792,69923.96387929216,7894061852.0,19167645651.0,0.49
2026-09-11T08:09:17.078242Z,815.053,linode-1,crdb-linode-1,1.6940707523493415,33462.600000000006,39124.39,8322887680.0,5415010304.0,3206.15596032415,2003045.9362125127,6.26202336000241,4039530496.0,118389153792.0,4539.888,51797.69603991704,80554.66850314426,62784813141.0,4544384270.0,0.22
2026-09-11T08:09:17.379929Z,815.355,linode-2,crdb-linode-2,2.2681451612760473,33518.14,39239.78,8322887680.0,5399961600.0,8020.687474136746,1928975.3375298874,5.952853984712576,4661614592.0,118234185728.0,4452.616000000001,98842.83242968762,108787.62330032993,62638813098.0,4455844211.0,0.18
2026-09-11T08:09:16.404898Z,814.379,azure-1,crdb-azure-1,58.78208354302341,52418.51,58861.8,8327364608.0,5350989824.0,1403389.7912105487,13716254.954801846,97.22017908361674,4173984256.0,104727299072.0,4171.992,13147463.970316116,89698.65407736112,61100053799.0,1613489879.0,2.33
2026-09-11T08:09:16.575122Z,814.55,azure-2,crdb-azure-2,1.1551983927833298,35555.66,41391.130000000005,8327364608.0,5339377664.0,0.0,1912878.204732305,2.6497093926360877,4223586816.0,106498761728.0,3850.264,22263.988340057098,82990.65166153913,61954768873.0,1719748718.0,0.17
2026-09-11T08:09:17.659470Z,815.634,gcp-1,crdb-gcp-1,2.6065162907466743,28136.96,38422.19,8324030464.0,4744146944.0,70146.61587185512,116911.02645309186,0.607683951769423,19839617024.0,116437390336.0,2186.5660000000003,66928.83727394477,13099917.89583931,31064869412.0,254173373229.0,5.44
2026-09-11T08:09:17.646072Z,815.621,client-1,crdb-client-1,3.8038038037783606,36033.229999999996,39359.45,8324026368.0,7461838848.0,0.0,8313.196964962346,0.018450810025240825,571373568.0,6245516288.0,19.75,99913.35038375999,95696.41775249636,7894603364.0,19168164308.0,0.45
2026-09-11T08:09:21.996516Z,819.971,linode-1,crdb-linode-1,5.2498738011523045,33481.369999999995,39144.2,8322887680.0,5415825408.0,59963.328091559,2898227.5244253515,43.51180084769555,4039825408.0,118403407872.0,4542.028,946707.8036174189,194154.1285581759,62789469245.0,4545339160.0,0.2
2026-09-11T08:09:22.601610Z,820.576,linode-2,crdb-linode-2,6.284845413065188,33536.630000000005,39259.51,8322887680.0,5400145920.0,83932.3834716113,2839581.5716563826,42.8976843093766,4662052864.0,118249013248.0,4454.856000000001,907584.2003508576,214899.20517567007,62643552255.0,4456966356.0,0.16
2026-09-11T08:09:21.309011Z,819.284,azure-1,crdb-azure-1,58.76705406771674,52426.67,58881.59,8327364608.0,5341859840.0,1680446.9913610092,19301754.458425906,100.73116158181178,4182225408.0,104821957632.0,4176.932,14856447.923791865,91014.8865830877,61172911941.0,1613936229.0,2.3
2026-09-11T08:09:21.576094Z,819.551,azure-2,crdb-azure-2,6.3710499490331145,35574.03,41410.75,8327364608.0,5336899584.0,72074.95315882668,2781437.965083812,17.3164810001839,4223947264.0,106512671744.0,3851.13,909275.8198796833,171294.59006194904,61959316176.0,1720605365.0,0.16
2026-09-11T08:09:22.604296Z,820.579,gcp-1,crdb-gcp-1,11.306143520885792,28154.14,38441.56,8324030464.0,4745957376.0,125906.42389322592,1515847.077135549,6.350004031926873,19840239616.0,116444886016.0,2186.88,615994.6793418806,18743650.488845233,31067915431.0,254266058308.0,5.01
2026-09-11T08:09:22.291790Z,820.266,client-1,crdb-client-1,5.791901588914728,36051.61,39378.96,8324026368.0,7461048320.0,0.0,474336.60110475024,0.5596516153543312,571373568.0,6247719936.0,19.776,1518818.500602351,358826.8754524496,7901659411.0,19169831327.0,0.42
2026-09-11T08:09:27.012728Z,824.987,linode-1,crdb-linode-1,5.055611728982723,33500.15,39163.979999999996,8322887680.0,5416259584.0,31027.75939756415,2832507.825003948,43.93579211568591,4039981056.0,118417616896.0,4544.232,677709.5933845402,187787.23692032398,62792868915.0,4546281178.0,0.19
2026-09-11T08:09:27.300051Z,825.275,linode-2,crdb-linode-2,5.756495160493158,33555.13,39279.14,8322887680.0,5400281088.0,36614.54542921456,3053827.4437747286,47.33465229409589,4662224896.0,118263361536.0,4457.080000000001,749275.8333011323,237176.83065808754,62647072698.0,4458080722.0,0.15
2026-09-11T08:09:26.338542Z,824.313,azure-1,crdb-azure-1,45.94731509627445,52437.34,58901.33,8327364608.0,5354033152.0,2671179.778030107,49739321.98870939,94.64033726705331,4195660288.0,105072124928.0,4181.692,22551103.95530905,120944.3863001499,61286334249.0,1614544527.0,2.28
2026-09-11T08:09:26.458924Z,824.434,azure-2,crdb-azure-2,26.3211382113832,35588.53,41430.43,8327364608.0,5335572480.0,50331.14463863411,2604636.7350493153,51.9367605808834,4224193024.0,106525389824.0,3853.666,688857.7763390128,142816.67089164248,61962679773.0,1721302719.0,0.39
2026-09-11T08:09:27.242820Z,825.217,gcp-1,crdb-gcp-1,11.444847229426191,28171.24,38460.87,8324030464.0,4744056832.0,3532.1436695221505,1510874.4546380998,6.510665211158233,19840256000.0,116451894272.0,2187.1820000000002,626707.3630733592,30410615.687909298,31070822440.0,254407119254.0,4.61
2026-09-11T08:09:27.227917Z,825.203,client-1,crdb-client-1,5.427547363019636,36070.08,39398.49,8324026368.0,7453913088.0,0.0,11617.07786554582,0.04051715215380644,571373568.0,6247777280.0,19.778,1263802.9065518,313583.10685184103,7907897771.0,19171379230.0,0.38
2026-09-11T08:09:32.134275Z,830.109,linode-1,crdb-linode-1,5.08816120911344,33518.99,39183.83,8322887680.0,5416644608.0,211934.8672806584,2792741.72280777,46.0014876283518,4041066496.0,118431920128.0,4546.588,765737.3266177223,183484.6263539699,62796790695.0,4547220908.0,0.17
2026-09-11T08:09:32.550282Z,830.525,linode-2,crdb-linode-2,6.7839195979821465,33573.68,39299.04,8322887680.0,5402132480.0,212200.78858095894,2717262.3037774996,44.18818121587084,4663339008.0,118277627904.0,4459.400000000001,770177.9045021174,206631.93494996845,62651116342.0,4459165596.0,0.14
2026-09-11T08:09:31.360135Z,829.335,azure-1,crdb-azure-1,52.268145161276045,52446.81,58921.17,8327364608.0,5356568576.0,1571797.8593826466,24887751.05629648,97.93626893886793,4203553280.0,105197102080.0,4186.61,15777489.513879804,102363.11574349269,61365563011.0,1615058557.0,2.34
2026-09-11T08:09:31.468477Z,829.443,azure-2,crdb-azure-2,7.28848114169266,35606.72,41450.05,8327364608.0,5334290432.0,219942.38415373678,2881326.995382039,19.42269725306186,4225294848.0,106539824128.0,3854.639,791091.4495327777,187943.83975840322,61966642827.0,1722244243.0,0.36
2026-09-11T08:09:32.553597Z,830.528,gcp-1,crdb-gcp-1,10.880829015538962,28188.44,38480.17,8324030464.0,4743491584.0,9255.069191193696,1358952.6595736076,5.535869023050403,19840305152.0,116459111424.0,2187.476,583985.7901518422,17579689.099658597,31073923883.0,254500481806.0,4.24
2026-09-11T08:09:32.556452Z,830.531,client-1,crdb-client-1,5.362614913191099,36088.61,39418.07,8324026368.0,7444250624.0,0.0,0.0,0.0,571373568.0,6247777280.0,19.778,1240607.3644092898,300830.88658177544,7914508453.0,19172982233.0,0.35
2026-09-11T08:09:37.047886Z,835.023,linode-1,crdb-linode-1,4.83953132958338,33537.67,39203.46,8322887680.0,5423341568.0,294258.8744866286,2860062.8848827844,47.70375034557812,4042512384.0,118445973504.0,4548.932,742854.0343703156,194112.74699066897,62800440827.0,4548174712.0,0.16
2026-09-11T08:09:37.347643Z,835.322,linode-2,crdb-linode-2,6.755373592628711,33591.9,39318.58,8322887680.0,5404008448.0,316757.79836848035,2919977.5483024335,47.025405965677564,4664858624.0,118291636224.0,4461.656000000001,805464.118718006,235384.04368276865,62654980481.0,4460294829.0,0.29
2026-09-11T08:09:36.287582Z,834.262,azure-1,crdb-azure-1,44.77307496174694,52457.64,58940.78,8327364608.0,5353025536.0,2528679.737019225,35485473.14056992,88.30062022129705,4216013312.0,105371956224.0,4190.961,21569543.79626749,101393.09990948548,61471846619.0,1615558170.0,2.15
2026-09-11T08:09:36.451483Z,834.426,azure-2,crdb-azure-2,7.37327188941328,35624.81,41469.58,8327364608.0,5331959808.0,320575.485528179,2773388.944030964,19.486102542058727,4226892288.0,106553644032.0,3855.61,721559.1390094417,195426.14246238302,61970238384.0,1723218059.0,0.33
2026-09-11T08:09:37.641734Z,835.616,gcp-1,crdb-gcp-1,11.746361746354673,28205.42,38499.409999999996,8324030464.0,4745129984.0,11270.048468923827,1404731.0413051483,6.033595284523641,19840362496.0,116466258944.0,2187.783,597253.2155703593,24287340.05033372,31076962813.0,254624060088.0,3.9
2026-09-11T08:09:37.638569Z,835.613,client-1,crdb-client-1,5.295629820081649,36107.03,39437.520000000004,8324026368.0,7435853824.0,0.0,4835.754477717216,0.019676735342297875,571373568.0,6247801856.0,19.779,1211639.644889738,301538.2951935629,7920666180.0,19174514694.0,0.32
2026-09-11T08:09:42.044403Z,840.019,linode-1,crdb-linode-1,5.591612581139682,33556.58,39223.490000000005,8322887680.0,5446467584.0,325447.24883660895,2947879.8660363876,45.871692376271035,4044138496.0,118460702720.0,4551.224,809633.3690583138,189705.26581318222,62804486197.0,4549122583.0,0.15
2026-09-11T08:09:42.276014Z,840.251,linode-2,crdb-linode-2,6.596173212512135,33610.45,39338.44,8322887680.0,5405052928.0,354048.6814481636,2889735.364777617,46.66822362653812,4666603520.0,118305878016.0,4463.956,835154.0365834588,222002.363034073,62659096460.0,4461388947.0,0.26
2026-09-11T08:09:41.348432Z,839.323,azure-1,crdb-azure-1,30.92470944922865,52471.31,58960.57,8327364608.0,5339082752.0,2683792.2526390804,40281164.17787908,66.43120559948453,4229595648.0,105575814144.0,4194.323,25078740.81731946,144047.03928270514,61598766981.0,1616287174.0,2.14
2026-09-11T08:09:41.499733Z,839.475,azure-2,crdb-azure-2,6.884242733291712,35643.07,41489.19,8327364608.0,5329715200.0,358622.5840273169,2820298.8734817957,18.79843221076232,4228702720.0,106567881728.0,3856.559,797774.9576657859,189062.11209347626,61974265786.0,1724172500.0,0.3
2026-09-11T08:09:42.281386Z,840.256,gcp-1,crdb-gcp-1,12.725399278726012,28222.36,38518.82,8324030464.0,4823887872.0,8828.14240460891,1568760.9052990032,6.616796187053435,19840403456.0,116473537536.0,2188.09,722814.7203875553,31069313.70383509,31080316462.0,254768212621.0,3.75
2026-09-11T08:09:42.278903Z,840.254,client-1,crdb-client-1,5.595116988766435,36125.590000000004,39457.18,8324026368.0,7427186688.0,0.0,882.68711637602,0.0,571373568.0,6247805952.0,19.779,1434162.270315543,347287.3843440128,7927321232.0,19176126238.0,0.3
2026-09-11T08:09:47.015104Z,844.99,linode-1,crdb-linode-1,6.8078668683758,33575.06,39243.32,8322887680.0,5448986624.0,305712.6482028715,2867601.120609145,47.96073174510206,4045658112.0,118474956800.0,4553.608,784433.3761203294,189205.89144469064,62808385406.0,4550063075.0,0.13
2026-09-11T08:09:47.262074Z,845.237,linode-2,crdb-linode-2,6.4056939501518695,33628.86,39358.11,8322887680.0,5405704192.0,312163.75799742603,2890800.6957709007,47.01068107177622,4668160000.0,118320291840.0,4466.3,820840.5862904228,225872.88519650183,62663189254.0,4462515172.0,0.24
2026-09-11T08:09:46.340910Z,844.316,azure-1,crdb-azure-1,49.94934143867439,52481.19,58980.31,8327364608.0,5346590720.0,2369401.5105698705,28330264.391097024,87.89175633464107,4241424896.0,105717253120.0,4198.711,17837949.824636478,118410.70652991197,61687823028.0,1616878340.0,2.05
2026-09-11T08:09:46.460978Z,844.436,azure-2,crdb-azure-2,7.708014292981269,35661.15,41508.78,8327364608.0,5345882112.0,410320.0276829731,2869763.4129296066,19.32969430586952,4230738432.0,106582119424.0,3857.518,783847.3226349792,195418.37196977495,61978154671.0,1725142025.0,0.28
2026-09-11T08:09:47.264671Z,845.24,gcp-1,crdb-gcp-1,11.232449297988211,28239.43,38538.05,8324030464.0,4823916544.0,0.0,1453193.2711105254,6.0000153010720005,19840403456.0,116480779264.0,2188.389,642635.3512054128,22608624.746188134,31083518920.0,254880878647.0,3.45
2026-09-11T08:09:47.245297Z,845.22,client-1,crdb-client-1,5.38185545875346,36144.05,39476.69,8324026368.0,7423717376.0,0.0,16494.794159866873,0.04027049355434017,571373568.0,6247887872.0,19.781,1339292.3150397905,324228.81799189985,7933972714.0,19177736493.0,0.27
2026-09-11T08:09:52.072278Z,850.047,linode-1,crdb-linode-1,4.964539007072066,33593.82,39263.06,8322887680.0,5451997184.0,328831.47985170747,2873630.7648124583,44.68850689755183,4047321088.0,118489489408.0,4555.8679999999995,684099.3753214239,183417.8467216159,62811845053.0,4550990661.0,0.12
2026-09-11T08:09:52.363278Z,850.338,linode-2,crdb-linode-2,5.498458376154969,33647.25,39377.57,8322887680.0,5406175232.0,293877.30138201,2870522.8208761904,44.85191907619961,4669659136.0,118334935040.0,4468.588000000001,702411.4375559436,210748.3468214797,62666772417.0,4463590248.0,0.22
2026-09-11T08:09:51.443724Z,849.419,azure-1,crdb-azure-1,19.694656488561492,52496.97,58999.96,8327364608.0,5350522880.0,1470515.5045252081,51378142.147188604,45.503667993106816,4248928768.0,105979429888.0,4201.033,30308074.923738435,159409.81364767824,61842481659.0,1617691790.0,2.04
2026-09-11T08:09:51.494042Z,849.469,azure-2,crdb-azure-2,7.241203467646551,35679.34,41528.39,8327364608.0,5346521088.0,288903.3371250284,2846715.135953097,18.2591168861407,4232192512.0,106596447232.0,3858.4370000000004,702452.6648182577,181243.88843038646,61981690187.0,1726054244.0,0.25
2026-09-11T08:09:53.274400Z,851.249,gcp-1,crdb-gcp-1,12.277951933117116,28256.22,38557.19,8324030464.0,4825649152.0,0.0,1311999.339073106,4.975241000188084,19840403456.0,116488664064.0,2188.688,564330.6045140508,27768653.20700487,31086910411.0,255047761564.0,3.41
2026-09-11T08:09:52.854131Z,850.829,client-1,crdb-client-1,5.518308406431238,36162.369999999995,39496.08,8324026368.0,7428493312.0,0.0,78139.03235362496,0.10697333941519593,571373568.0,6248326144.0,19.787,1205682.0671478065,289270.3511794999,7940735233.0,19179358974.0,0.25
2026-09-11T08:09:57.050648Z,855.026,linode-1,crdb-linode-1,4.641775983880958,33612.72,39282.880000000005,8322887680.0,5454372864.0,257522.02644909555,2891980.5845641242,47.645817218803934,4048603136.0,118503886848.0,4558.24,755068.4944487644,194428.88089312552,62815604087.0,4551958606.0,0.11
2026-09-11T08:09:57.260686Z,855.236,linode-2,crdb-linode-2,6.325910931173439,33665.76,39397.33,8322887680.0,5405941760.0,273487.8942247016,2907167.952064412,48.841791125035726,4670998528.0,118349172736.0,4470.9800000000005,795890.2586083645,233861.72416507368,62670670246.0,4464735573.0,0.2
2026-09-11T08:09:56.358524Z,854.333,azure-1,crdb-azure-1,14.39471007121691,52513.8,59019.62,8327364608.0,5346123776.0,1250099.3278547684,11215891.169512982,32.12738995251194,4255072768.0,106034553856.0,4202.612,9759842.453661265,199629.30575055783,61890449425.0,1618672930.0,1.88
2026-09-11T08:09:56.490319Z,854.465,azure-2,crdb-azure-2,7.477110885016125,35697.53,41548.049999999996,8327364608.0,5347291136.0,348416.83547089633,2855378.44222384,20.25493092236031,4233933312.0,106610713600.0,3859.449,737134.1784609832,197824.42627618663,61985373141.0,1727042637.0,0.23
2026-09-11T08:09:57.281844Z,855.257,gcp-1,crdb-gcp-1,21.81536874677509,28271.38,38576.58,8324030464.0,4796284928.0,21569245.583325487,1836702.568982415,14.922170308959538,19926841344.0,116496024576.0,2189.286,893946.0499974402,14335583.537134694,31090492864.0,255105210841.0,3.14
2026-09-11T08:09:57.270603Z,855.245,client-1,crdb-client-1,5.386178861776703,36180.99,39515.76,8324026368.0,7425994752.0,0.0,8346.856917766529,0.04528459699314632,571373568.0,6248363008.0,19.789,1441890.0975561223,355284.38132302463,7947103359.0,19180928092.0,0.23
2026-09-11T08:10:02.076794Z,860.052,linode-1,crdb-linode-1,6.3991874047489965,33631.15,39302.57,8322887680.0,5456785408.0,303969.71316559834,2813960.9103507,38.359113644072956,4050130944.0,118518030336.0,4560.168,788176.1282373623,177858.5562350679,62819565606.0,4552852556.0,0.1
2026-09-11T08:10:02.679743Z,860.655,linode-2,crdb-linode-2,5.867475973716141,33684.369999999995,39417.1,8322887680.0,5406277632.0,309895.98170455336,2617487.279616752,34.02773617706818,4672677888.0,118363357184.0,4472.8240000000005,753114.2576341445,195333.04557075468,62674751454.0,4465794104.0,0.19
2026-09-11T08:10:01.365362Z,859.34,azure-1,crdb-azure-1,8.256880733923177,52531.8,59039.24,8327364608.0,5343039488.0,334591.9163649492,2344597.633990084,23.966986674212432,4256748032.0,106046292992.0,4203.812,754769.7424186349,166509.8410195603,61894228472.0,1619506626.0,1.73
2026-09-11T08:10:01.479766Z,859.455,azure-2,crdb-azure-2,6.574923547404188,35715.86,41567.67,8327364608.0,5347680256.0,335758.7355605162,2810029.7110602614,18.017882749755632,4235608576.0,106624734208.0,3860.348,768585.3571664161,178701.72187059655,61989207988.0,1727934267.0,0.21
2026-09-11T08:10:02.693359Z,860.668,gcp-1,crdb-gcp-1,10.75819672130578,28288.8,38596.1,8324030464.0,4795056128.0,1513.7941535666264,1371497.5031313635,5.691511221905639,19926849536.0,116503446528.0,2189.594,605946.9270295235,4087573.324418405,31093771987.0,255127331022.0,2.88
2026-09-11T08:10:02.550441Z,860.525,client-1,crdb-client-1,5.079527963048058,36199.49,39535.25,8324026368.0,7495380992.0,0.0,0.0,0.0,571373568.0,6248363008.0,19.789,1194303.506795833,293302.5085768214,7953409138.0,19182476694.0,0.21
2026-09-11T08:10:07.002756Z,864.978,linode-1,crdb-linode-1,5.963302752283884,33649.600000000006,39322.19,8322887680.0,5461987328.0,760827.7304611271,2919416.570108216,46.772196544743196,4053878784.0,118532411392.0,4562.472,869412.9170150042,189036.2066713863,62823848337.0,4553783749.0,0.26
2026-09-11T08:10:07.263541Z,865.238,linode-2,crdb-linode-2,7.139240506309951,33702.71,39436.85,8322887680.0,5406920704.0,440533.5414830727,3222239.250685517,50.612769012295196,4674697216.0,118378127360.0,4475.144,988687.7188822425,247171.82064131706,62679283424.0,4466927096.0,0.25
2026-09-11T08:10:06.314898Z,864.29,azure-1,crdb-azure-1,8.85496183208707,52549.71,59058.89,8327364608.0,5339885568.0,422875.87144710415,2883169.3466178295,23.55757639104707,4258841088.0,106060563456.0,4204.978,885468.8873168544,195850.53798645592,61898611167.0,1620476003.0,1.59
2026-09-11T08:10:06.461226Z,864.436,azure-2,crdb-azure-2,7.956878850116301,35733.79,41587.15,8327364608.0,5348081664.0,421810.8943899516,2815361.6031017434,19.652742827494716,4237709824.0,106638758912.0,3861.327,867304.0464876397,190618.55712956985,61993528457.0,1728883832.0,0.2
2026-09-11T08:10:07.260791Z,865.236,gcp-1,crdb-gcp-1,10.948905109500263,28305.879999999997,38615.28,8324030464.0,4800192512.0,17935.524338077845,1607022.980691775,6.414927528148147,19926931456.0,116510786560.0,2189.887,782947.1593583064,5300060.852566153,31097348076.0,255151538900.0,2.81
2026-09-11T08:10:07.257975Z,865.233,client-1,crdb-client-1,5.658436213983609,36217.83,39554.69,8324026368.0,7498493952.0,0.0,5220.526263386138,0.0,571373568.0,6248387584.0,19.789,1484342.8688293516,351172.5831234563,7960396788.0,19184129864.0,0.2
2026-09-11T08:10:12.055095Z,870.03,linode-1,crdb-linode-1,5.840886203406881,33668.3,39342.049999999996,8322887680.0,5464207360.0,278073.5191168928,2840727.7288209694,47.10668272667605,4055283712.0,118546763776.0,4564.852,745459.0976776091,183392.64952656857,62827614666.0,4554710315.0,0.24
2026-09-11T08:10:12.302857Z,870.278,linode-2,crdb-linode-2,6.663326653315648,33721.34,39456.81,8322887680.0,5406711808.0,287731.16881103005,2830982.0931322533,45.71999504412727,4676147200.0,118392393728.0,4477.448,768312.6104678202,215095.90793441748,62683155236.0,4468011044.0,0.23
2026-09-11T08:10:11.368769Z,869.344,azure-1,crdb-azure-1,8.33333333333025,52567.75,59078.57,8327364608.0,5337255936.0,345256.86490014975,2775832.775312237,24.79270121083346,4260585984.0,106074592256.0,4206.231,710401.1169192161,186742.85986805416,61902201468.0,1621419784.0,1.46
2026-09-11T08:10:11.602617Z,869.578,azure-2,crdb-azure-2,7.40740740740331,35752.04,41606.86,8327364608.0,5348507648.0,337785.6982739846,2785138.6819949294,19.391464589193657,4239446528.0,106653078528.0,3862.324,701464.3504734054,183812.02348783406,61997134992.0,1729828890.0,0.18
2026-09-11T08:10:12.597240Z,870.572,gcp-1,crdb-gcp-1,10.699588477355238,28323.24,38634.72,8324030464.0,4812402688.0,0.0,1357026.3019345102,6.7085565225892845,19926931456.0,116518028288.0,2190.245,655920.4940637186,3984132.8276433065,31100848375.0,255172800099.0,2.59
2026-09-11T08:10:12.300217Z,870.275,client-1,crdb-client-1,5.513404147681755,36236.51,39574.46,8324026368.0,7508013056.0,0.0,0.0,0.0,571373568.0,6248387584.0,19.789,1260981.509873098,310897.6936563906,7966755013.0,19185697498.0,0.18
2026-09-11T08:10:17.034969Z,875.01,linode-1,crdb-linode-1,5.305709954571769,33687.04,39361.840000000004,8322887680.0,5475041280.0,440039.82328957587,6412243.854888847,41.20553981956724,4057475072.0,118578696192.0,4566.9039999999995,1303678.4193193729,191240.2919228518,62834106871.0,4555662675.0,0.22
2026-09-11T08:10:17.333201Z,875.308,linode-2,crdb-linode-2,7.560483870966294,33739.68,39476.65,8322887680.0,5407174656.0,419352.68800307624,6370903.749390424,41.74760338318375,4678256640.0,118424440832.0,4479.548,1307311.6876826105,220394.14657867228,62689731313.0,4469119677.0,0.21
2026-09-11T08:10:16.385650Z,874.361,azure-1,crdb-azure-1,9.095528455288859,52585.64,59098.25,8327364608.0,5325991936.0,563343.5139327863,6384559.824571579,23.95900219894051,4263412224.0,106106622976.0,4207.433,1339529.0762852188,193353.5329205249,61908921756.0,1622389820.0,1.34
2026-09-11T08:10:16.523397Z,874.498,azure-2,crdb-azure-2,8.048904737656425,35770.09,41626.49,8327364608.0,5348962304.0,565189.0029189881,6560021.40206855,21.09411621201315,4242227712.0,106685359104.0,3863.362,1392845.9160111356,196527.6622506377,62003988913.0,1730795964.0,0.25
2026-09-11T08:10:17.337556Z,875.313,gcp-1,crdb-gcp-1,11.596463858554529,28340.239999999998,38653.95,8324030464.0,4863533056.0,311065.16831139784,1749741.5717516127,7.720937201739304,19928406016.0,116526322688.0,2190.611,728067.7127131454,6730336.317755915,31104299676.0,255204704297.0,2.46
2026-09-11T08:10:17.694039Z,875.669,client-1,crdb-client-1,5.025641025657446,36255.03,39593.96,8324026368.0,7713423360.0,0.0,10631.381412305289,0.055618973627436306,571373568.0,6248444928.0,19.792,1179457.0671228422,287238.4420049424,7973116819.0,19187246817.0,0.16
2026-09-11T08:10:22.007595Z,879.983,linode-1,crdb-linode-1,1.8108651911500462,33706.56,39381.72,8322887680.0,5475893248.0,0.0,2121033.9606328984,4.745942190430651,4057475072.0,118589243392.0,4567.139999999999,19498.381730601977,78511.55857844841,62834203830.0,4556053087.0,0.2
2026-09-11T08:10:22.312590Z,880.288,linode-2,crdb-linode-2,1.6368286444629399,33758.91,39496.2,8322887680.0,5406449664.0,822.5602408396838,2126318.2225705828,4.739360762648038,4678260736.0,118435028992.0,4479.784,44685.14327879897,104585.4419890478,62689953826.0,4469640468.0,0.2
2026-09-11T08:10:21.332264Z,879.307,azure-1,crdb-azure-1,1.2232415902039717,52605.02,59117.869999999995,8327364608.0,5336715264.0,3312.1312492544753,2369829.9088415774,3.73989429390505,4263428608.0,106118345728.0,4207.618,54377.86087681348,85720.39878060152,61909190745.0,1622813850.0,1.24
2026-09-11T08:10:21.457992Z,879.433,azure-2,crdb-azure-2,1.272264631043163,35789.49,41646.14,8327364608.0,5349924864.0,0.0,1969710.8251896542,2.8168231790340466,4242227712.0,106695078912.0,3863.501,21276.336862568372,82790.08091642923,62004093904.0,1731204503.0,0.23
2026-09-11T08:10:22.309538Z,880.285,gcp-1,crdb-gcp-1,0.7575757575829956,28359.89,38673.75,8324030464.0,4861976576.0,0.0,144990.54898772578,0.18101292570518382,19928406016.0,116527043584.0,2190.62,20041.95225951855,80163.18315219508,31104399325.0,255205102870.0,2.26
2026-09-11T08:10:22.304110Z,880.279,client-1,crdb-client-1,2.2635814889550354,36274.46,39613.840000000004,8324026368.0,7686250496.0,0.0,18658.132061236887,0.04338293355009892,571373568.0,6248530944.0,19.794,12953.493214063466,75015.38263352738,7973176536.0,19187592646.0,0.15
2026-09-11T08:10:27.025266Z,885.0,linode-1,crdb-linode-1,1.55155155154022,33726.229999999996,39401.7,8322887680.0,5476892672.0,0.0,1982817.0000665896,5.42080862126967,4057475072.0,118599192576.0,4567.411999999999,24006.01112041159,80138.28509923792,62834324285.0,4556455197.0,0.18
2026-09-11T08:10:27.275984Z,885.251,linode-2,crdb-linode-2,2.269288956148896,33778.29,39516.03,8322887680.0,5404209152.0,27232.82193200933,1959937.942076429,5.238320980060643,4678395904.0,118444756992.0,4480.044,55722.23647758061,115209.21394875088,62690230399.0,4470212300.0,0.18
2026-09-11T08:10:26.348347Z,884.323,azure-1,crdb-azure-1,1.3554216867670665,52624.67,59137.79,8327364608.0,5336928256.0,0.0,2044679.26736279,3.6681639961344605,4263428608.0,106128602112.0,4207.802,29598.893741097072,94385.64739894492,61909339217.0,1623287301.0,1.14
2026-09-11T08:10:26.488741Z,884.464,azure-2,crdb-azure-2,1.3052208835440005,35809.15,41666.060000000005,8327364608.0,5351092224.0,0.0,2079428.112138971,2.9021237402164988,4242227712.0,106705540096.0,3863.647,25463.949288861637,86402.98211675842,62004222008.0,1731639179.0,0.21
2026-09-11T08:10:27.281140Z,885.256,gcp-1,crdb-gcp-1,0.8525576730284423,28379.66,38693.69,8324030464.0,4860469248.0,0.0,48608.43698088113,0.28159681116688806,19928406016.0,116527285248.0,2190.634,29923.885138384976,89427.10160263735,31104548096.0,255205547470.0,2.08
2026-09-11T08:10:27.270692Z,885.246,client-1,crdb-client-1,0.34999999999854037,36294.39,39633.840000000004,8324026368.0,7696801792.0,0.0,0.0,0.0,571373568.0,6248530944.0,19.794,7485.764546940057,66633.35152795888,7973213715.0,19187923589.0,0.14
2026-09-11T08:10:32.050445Z,890.026,linode-1,crdb-linode-1,1.6417910447843354,33746.0,39421.8,8322887680.0,5477965824.0,0.0,1974144.8952591282,4.775910506066172,4057475072.0,118609113088.0,4567.652,18351.237123235325,76964.79278639013,62834416504.0,4556841962.0,0.17
2026-09-11T08:10:32.307903Z,890.283,linode-2,crdb-linode-2,1.8126888217551484,33797.79,39535.89,8322887680.0,5430476800.0,0.0,1970682.7530078536,4.3720453605640355,4678395904.0,118454673408.0,4480.264,43322.59747777887,102220.6065525491,62690448397.0,4470726671.0,0.17
2026-09-11T08:10:31.379960Z,889.355,azure-1,crdb-azure-1,1.0045203415221193,52644.380000000005,59157.700000000004,8327364608.0,5336100864.0,0.0,1943946.0737127562,3.120251460480296,4263428608.0,106138383360.0,4207.959,19987.297396734873,81363.83607711001,61909439786.0,1623696695.0,1.05
2026-09-11T08:10:31.491124Z,889.466,azure-2,crdb-azure-2,1.2060301507438864,35828.81,41685.96,8327364608.0,5352067072.0,0.0,1987241.4935524054,2.0789989100683828,4242227712.0,106715481088.0,3863.751,18503.490107043417,80773.305634516,62004314570.0,1732043240.0,0.19
2026-09-11T08:10:32.301181Z,890.276,gcp-1,crdb-gcp-1,0.847880299225201,28399.54,38713.74,8324030464.0,4860469248.0,0.0,57930.50089409452,0.17927985669553728,19928406016.0,116527576064.0,2190.643,20005.24160910034,80139.68954150176,31104648524.0,255205949778.0,1.91
2026-09-11T08:10:32.295770Z,890.271,client-1,crdb-client-1,0.7458975633725995,36314.35,39653.95,8324026368.0,7703244800.0,0.0,207036.7199819783,0.2985004382737328,571373568.0,6249571328.0,19.809,8974.515176845527,66420.92452262323,7973258813.0,19188257362.0,0.13
2026-09-11T08:10:37.043189Z,895.018,linode-1,crdb-linode-1,1.8145161289988332,33765.48,39441.64,8322887680.0,5479165952.0,63169.73342864036,1919703.5873119277,5.527992601681281,4057790464.0,118618697728.0,4567.928,25253.913158282317,82049.63076967603,62834542591.0,4557251617.0,0.15
2026-09-11T08:10:37.393233Z,895.368,linode-2,crdb-linode-2,2.4353120243325588,33817.020000000004,39555.6,8322887680.0,5430538240.0,18525.303448505987,1929853.3505487107,4.955392821219226,4678490112.0,118464487424.0,4480.516,54229.891938322995,112401.87752296265,62690724176.0,4471298276.0,0.15
2026-09-11T08:10:36.392429Z,894.368,azure-1,crdb-azure-1,1.4170040485774749,52663.86,59177.46,8327364608.0,5335670784.0,0.0,1964457.5575575386,3.411491938310846,4263428608.0,106148230144.0,4208.13,25855.71735066135,91214.71582482563,61909569387.0,1624153906.0,0.96
2026-09-11T08:10:36.678237Z,894.653,azure-2,crdb-azure-2,1.4683544303473295,35848.270000000004,41705.71,8327364608.0,5353037824.0,0.0,1912515.4333750498,1.2723740327351811,4242227712.0,106725401600.0,3863.817,23292.156156897297,82632.2109328444,62004435390.0,1732471866.0,0.18
2026-09-11T08:10:37.301167Z,895.276,gcp-1,crdb-gcp-1,0.8088978766423893,28419.16,38733.52,8324030464.0,4860260352.0,0.0,23756.693888356192,0.19999910668839868,19928406016.0,116527694848.0,2190.6530000000002,25594.48567967577,84813.42117239124,31104776497.0,255206373847.0,1.76
2026-09-11T08:10:37.293518Z,895.269,client-1,crdb-client-1,0.6039255158295287,36334.100000000006,39673.82,8324026368.0,7702274048.0,0.0,8195.63961471252,0.06002665733432249,571373568.0,6249612288.0,19.812,8121.006470760182,66359.86986080656,7973299400.0,19188589014.0,0.12
2026-09-11T08:10:42.051284Z,900.027,linode-1,crdb-linode-1,1.544593921300208,33785.24,39461.71,8322887680.0,5480181760.0,0.0,1981689.975713791,4.7921851842498695,4057790464.0,118628622336.0,4568.168,19673.517576425023,78373.79259588578,62834641119.0,4557644125.0,0.14
2026-09-11T08:10:42.363533Z,900.339,linode-2,crdb-linode-2,2.450000000026198,33836.53,39575.6,8322887680.0,5431549952.0,7416.818819691832,2046217.9032549798,4.7481804509721,4678526976.0,118474657792.0,4480.7519999999995,46056.143209932074,106059.06052416748,62690953090.0,4471825424.0,0.14
2026-09-11T08:10:41.357834Z,899.333,azure-1,crdb-azure-1,1.1066398390398025,52683.520000000004,59197.340000000004,8327364608.0,5335199744.0,0.0,1973981.7506739516,3.3229547775772823,4263428608.0,106158031872.0,4208.295,22084.961625379412,84407.88473924897,61909679049.0,1624573030.0,0.88
2026-09-11T08:10:41.501952Z,899.477,azure-2,crdb-azure-2,1.3039117352521723,35867.95,41725.65,8327364608.0,5353807872.0,0.0,2038761.481405826,1.2853044207642228,4242227712.0,106735236096.0,3863.8790000000004,21487.59492191519,85126.33370822389,62004539041.0,1732882495.0,0.16
2026-09-11T08:10:42.312109Z,900.287,gcp-1,crdb-gcp-1,0.8461921354000035,28439.08,38753.61,8324030464.0,4857462784.0,0.0,15530.753224979635,0.09978125786329489,19928406016.0,116527772672.0,2190.658,20383.315357722808,80589.33073143922,31104878637.0,255206777677.0,1.62
2026-09-11T08:10:42.314794Z,900.29,client-1,crdb-client-1,1.4413518887083088,36353.93,39693.94,8324026368.0,7706456064.0,0.0,7341.496471326848,0.019915083743787268,571373568.0,6249649152.0,19.813,12565.6212390093,69362.6434730732,7973362496.0,19188937306.0,0.11
2026-09-11T08:10:47.193450Z,905.169,linode-1,crdb-linode-1,6.1933534742995455,33803.87,39481.57,8322887680.0,5480628224.0,124261.0983774358,3288936.3794899513,22.6362051957046,4058429440.0,118645534720.0,4569.331999999999,1336833.798963264,239174.64971756784,62841515392.0,4558874010.0,0.13
2026-09-11T08:10:47.779981Z,905.755,linode-2,crdb-linode-2,6.954314720823939,33854.86,39595.3,8322887680.0,5433364480.0,138386.126727996,3205567.165027186,22.449935176167003,4679276544.0,118492020736.0,4481.968,1297568.959704238,224258.97498858446,62697981368.0,4473040122.0,0.13
2026-09-11T08:10:46.409773Z,904.385,azure-1,crdb-azure-1,3.2630522088429315,52702.79,59217.26,8327364608.0,5340413952.0,165396.9146902746,2607433.7139407992,8.372933770147448,4264264192.0,106171204608.0,4208.718,1143833.8061832304,114534.01424950709,61915457689.0,1625151655.0,0.81
2026-09-11T08:10:46.522596Z,904.498,azure-2,crdb-azure-2,4.589006555705854,35886.869999999995,41745.479999999996,8327364608.0,5372932096.0,158270.50054011538,2671834.4807674116,10.456771099728046,4243022336.0,106748650496.0,3864.404,1204271.6708294402,126979.06117149035,62010585292.0,1733520015.0,0.15
2026-09-11T08:10:47.776850Z,905.752,gcp-1,crdb-gcp-1,15.148360229047297,28455.38,38772.82,8324030464.0,4858396672.0,1499.0530159916411,2234338.520335541,8.692018830524596,19928414208.0,116539982848.0,2191.1330000000003,980470.8864645006,7795178.157483798,31110236698.0,255249376637.0,1.65
2026-09-11T08:10:47.745587Z,905.721,client-1,crdb-client-1,15.968992248045167,36370.19,39713.29,8324026368.0,7502843904.0,0.0,13575.846466851443,0.055240260688687974,571373568.0,6249722880.0,19.816,2826153.9741935455,683740.0093582554,7988710834.0,19192650576.0,0.1
2026-09-11T08:10:52.035020Z,910.01,linode-1,crdb-linode-1,12.051282051274592,33821.020000000004,39501.07,8322887680.0,5481213952.0,229270.01633761986,5101469.3672171505,56.01543439983989,4059539456.0,118670233600.0,4572.044,2491875.3092520656,472780.1805707483,62853579863.0,4561162986.0,0.2
2026-09-11T08:10:52.359119Z,910.334,linode-2,crdb-linode-2,13.144590495443364,33872.04,39615.08,8322887680.0,5435011072.0,216465.86068018113,5306991.534774854,56.691609464368526,4680267776.0,118516322304.0,4484.564,2606125.7347720135,438578.82586397877,62709915237.0,4475048445.0,0.12
2026-09-11T08:10:51.359833Z,909.335,azure-1,crdb-azure-1,15.534979423855798,52719.21,59236.7,8327364608.0,5334040576.0,256512.0565573704,4100055.61368313,43.11025144069999,4265533952.0,106191500288.0,4210.852,2408518.8399161515,282373.1570174509,61927380095.0,1626549430.0,0.91
2026-09-11T08:10:51.515351Z,909.491,azure-2,crdb-azure-2,14.587628865949787,35903.44,41764.88,8327364608.0,5367926784.0,257599.59957998857,4026429.40999549,40.79872738546416,4244308480.0,106768753664.0,3866.4410000000003,2361802.87731453,268277.7701829751,62022377308.0,1734859473.0,0.14
2026-09-11T08:10:52.311866Z,910.287,gcp-1,crdb-gcp-1,32.021563342325585,28467.99,38791.37,8324030464.0,4859777024.0,0.0,5432669.042005091,21.82995616258773,19928414208.0,116564620288.0,2192.123,2442491.6127331075,16946194.532653004,31121313526.0,255326228521.0,1.52
2026-09-11T08:10:52.285006Z,910.26,client-1,crdb-client-1,22.110817941968186,36384.95,39732.24,8324026368.0,7503118336.0,0.0,184973.34784467844,0.11014514329552513,571373568.0,6250562560.0,19.821,6529265.311674837,1321086.3559430174,8018350204.0,19198647601.0,0.41
2026-09-11T08:10:57.052807Z,915.028,linode-1,crdb-linode-1,13.959390862978005,33837.97,39520.770000000004,8322887680.0,5482532864.0,199987.7472437472,5304164.822815793,62.89474353288983,4060542976.0,118696849408.0,4575.2,2657298.330680667,511035.73410550685,62866913940.0,4563727316.0,0.18
2026-09-11T08:10:57.356585Z,915.332,linode-2,crdb-linode-2,13.455657492317885,33889.020000000004,39634.7,8322887680.0,5436895232.0,196706.36467117394,5277467.842157038,62.99149942878254,4681250816.0,118542696448.0,4487.7119999999995,2666370.9412027495,432274.36242864485,62723240425.0,4477208736.0,0.11
2026-09-11T08:10:56.379786Z,914.355,azure-1,crdb-azure-1,17.035512094686677,52735.33,59256.13,8327364608.0,5326876672.0,282314.6730103238,4219217.266290128,46.155497635146816,4266951168.0,106212680704.0,4213.169,2503505.8651188924,304060.346676036,61939947662.0,1628075809.0,1.0
2026-09-11T08:10:56.608277Z,914.584,azure-2,crdb-azure-2,16.237113402068136,35919.69,41784.28,8327364608.0,5361041408.0,263793.3971670721,4214260.369376396,45.94581785403868,4245651968.0,106790216704.0,3868.781,2499910.1822917345,302399.0760944598,62035109239.0,1736399578.0,0.2
2026-09-11T08:10:57.335134Z,915.31,gcp-1,crdb-gcp-1,34.22635319845245,28480.02,38809.659999999996,8324030464.0,4858245120.0,1630.7946937116371,5566717.686984673,22.077042423414074,19928422400.0,116592583680.0,2193.232,2386307.5155469915,16605253.430920577,31133300707.0,255409641986.0,1.4
2026-09-11T08:10:57.297279Z,915.273,client-1,crdb-client-1,23.273113708806846,36399.39,39751.06,8324026368.0,7496921088.0,0.0,10623.449406223406,0.03990177811830498,571373568.0,6250615808.0,19.823,6069186.740925295,1236750.6250552835,8048770837.0,19204846576.0,0.38
2026-09-11T08:11:02.060209Z,920.036,linode-1,crdb-linode-1,16.58110882955134,33854.22,39540.25,8322887680.0,5492973568.0,394267.4343581935,16906056.708122704,85.63251459414494,4062517248.0,118781505536.0,4579.488,12800725.519917749,595729.5076970693,62931012853.0,4566710398.0,0.33
2026-09-11T08:11:02.423996Z,920.399,linode-2,crdb-linode-2,17.458677685973946,33905.0,39654.06,8322887680.0,5461143552.0,403339.34223720455,16827091.03545917,80.90846258792253,4683294720.0,118627966976.0,4491.812000000001,12789776.512717312,555668.862154857,62788052043.0,4480024563.0,0.18
2026-09-11T08:11:01.410306Z,919.386,azure-1,crdb-azure-1,24.833247819444626,52749.979999999996,59275.62,8327364608.0,5336465408.0,521103.4498971862,15844801.773436317,67.82550701329558,4269572608.0,106292388864.0,4216.581,12266861.364081344,382996.2460562554,62001656793.0,1630002493.0,1.08
2026-09-11T08:11:01.516541Z,919.492,azure-2,crdb-azure-2,25.179856115116518,35934.25,41803.74,8327364608.0,5391892480.0,557459.3362605375,16229744.26885469,69.51616500840238,4248388096.0,106869875712.0,3872.193,12695269.8354058,391312.4420468574,62097420301.0,1738320222.0,0.27
2026-09-11T08:11:02.324000Z,920.299,gcp-1,crdb-gcp-1,47.58771929825348,28489.58,38827.9,8324030464.0,4867223552.0,5124813.022100476,13633053.545654982,33.87513363726697,19953989632.0,116660597760.0,2194.922,2823582.1878369357,58132565.612323195,31147387305.0,255699660136.0,1.28
2026-09-11T08:11:02.279663Z,920.255,client-1,crdb-client-1,24.499729583584795,36413.35,39769.55,8324026368.0,7502229504.0,0.0,3288.36086266661,0.040141123811826024,571373568.0,6250632192.0,19.825,6389254.648907127,1293696.0362892952,8080604797.0,19211292315.0,0.35
2026-09-11T08:11:07.160202Z,925.136,linode-1,crdb-linode-1,18.55087358684864,33870.07,39559.71,8322887680.0,5494734848.0,469030.7581396137,17313178.173314475,82.980144697083,4064909312.0,118869803008.0,4583.72,14372449.099891586,574706.129273627,63004312562.0,4569641408.0,0.46
2026-09-11T08:11:07.476195Z,925.452,linode-2,crdb-linode-2,17.22689075629562,33920.76,39673.1,8322887680.0,5467156480.0,437793.95788648486,17492300.806219995,82.89392974304846,4685506560.0,118716342272.0,4496.000000000001,14506018.880879985,565157.6703019997,62861339927.0,4482879875.0,0.16
2026-09-11T08:11:06.389115Z,924.365,azure-1,crdb-azure-1,24.232969318720375,52764.55,59294.85,8327364608.0,5337300992.0,580812.6279887244,16865778.59263008,64.95482495584811,4272464384.0,106376360960.0,4219.815,14422480.155888181,377458.432972542,62073464085.0,1631881800.0,0.99
2026-09-11T08:11:06.498971Z,924.474,azure-2,crdb-azure-2,24.90974729242853,35948.81,41823.13,8327364608.0,5385474048.0,616550.3168891919,16833467.78525331,64.76588126957478,4251460096.0,106953749504.0,3875.42,14437357.571348289,359871.3081894496,62169355326.0,1740113303.0,0.33
2026-09-11T08:11:07.731477Z,925.707,gcp-1,crdb-gcp-1,49.02386117136476,28498.98,38846.34,8324030464.0,4841639936.0,5420414.230401033,18913125.058535967,33.194539627647494,19983300608.0,116762870784.0,2196.717,2550409.15621642,59830146.12965204,31161178683.0,256023192601.0,1.18
2026-09-11T08:11:07.464546Z,925.44,client-1,crdb-client-1,23.79141770775818,36427.38,39787.96,8324026368.0,7500369920.0,0.0,208555.07593082485,0.30858646414957414,571373568.0,6251713536.0,19.841,6059890.798054096,1229943.8706870654,8112024922.0,19217669491.0,0.32
2026-09-11T08:11:12.148695Z,930.124,linode-1,crdb-linode-1,17.352056168499107,33886.55,39579.65,8322887680.0,5495943168.0,479512.2376473499,18049037.68486994,84.8345106871543,4067301376.0,118959841280.0,4587.952,14728109.978794875,627629.4444824408,63077784267.0,4572772360.0,0.43
2026-09-11T08:11:12.499599Z,930.475,linode-2,crdb-linode-2,17.48856126081665,33936.99,39692.77,8322887680.0,5478363136.0,464765.5123302531,17806226.768891346,83.05071774952098,4687841280.0,118805790720.0,4500.1720000000005,14635817.376201462,584236.7169364052,62934862025.0,4485814751.0,0.31
2026-09-11T08:11:11.439688Z,929.415,azure-1,crdb-azure-1,24.263959390860624,52779.47,59314.549999999996,8327364608.0,5339455488.0,629328.6788452459,16877524.659083005,65.61578940773677,4275642880.0,106461602816.0,4223.129,14533293.46679457,388179.5650101974,62146866135.0,1633842345.0,0.91
2026-09-11T08:11:11.575914Z,929.551,azure-2,crdb-azure-2,24.67071935157714,35963.68,41842.87,8327364608.0,5400530944.0,619607.1760483106,16750370.03791019,67.08723836328235,4254605824.0,107038790656.0,3878.826,14391063.726860179,368185.4397933634,62242418347.0,1741982570.0,0.3
2026-09-11T08:11:12.427661Z,930.403,gcp-1,crdb-gcp-1,50.58262711866628,28508.309999999998,38865.22,8324030464.0,4971032576.0,6885095.942246818,23705348.697026383,40.202671787170736,20015634432.0,116874195968.0,2198.605,3074931.3758829962,68971364.50802983,31175619192.0,256347096288.0,1.25
2026-09-11T08:11:12.376264Z,930.352,client-1,crdb-client-1,24.60148777894502,36441.57,39806.78,8324026368.0,7495585792.0,0.0,7505.272883301653,0.020359355694672746,571373568.0,6251750400.0,19.842,6565443.084160637,1327930.424258733,8144272716.0,19224191949.0,0.53
2026-09-11T08:11:17.098484Z,935.074,linode-1,crdb-linode-1,17.458677685973946,33902.53,39599.01,8322887680.0,5497266176.0,407131.7945266586,18397888.592908945,80.00279403689416,4069316608.0,119050907648.0,4591.912,14033094.135571536,610648.8011936321,63147245657.0,4575794966.0,0.39
2026-09-11T08:11:17.469707Z,935.445,linode-2,crdb-linode-2,18.423799582492006,33952.619999999995,39711.93,8322887680.0,5478936576.0,433486.21320896706,18307787.502732325,81.12414279990435,4689995776.0,118896783360.0,4504.204,14087373.589026352,593400.5700973006,63004878531.0,4488764047.0,0.29
2026-09-11T08:11:16.406486Z,934.382,azure-1,crdb-azure-1,24.555903866262916,52793.91,59333.69,8327364608.0,5315395584.0,562423.2096407728,18431317.793946147,64.64861384530279,4278436352.0,106553148416.0,4226.34,14002896.604275748,362871.19976939994,62216416429.0,1635644672.0,1.0
2026-09-11T08:11:16.510816Z,934.486,azure-2,crdb-azure-2,24.228152799566928,35978.16,41861.98,8327364608.0,5400772608.0,556099.3530674486,17576059.55306909,64.58024713684635,4257350144.0,107125527552.0,3882.013,14069834.205731314,367651.47659325245,62311852212.0,1743796910.0,0.52
2026-09-11T08:11:18.011221Z,935.987,gcp-1,crdb-gcp-1,49.97295835584284,28517.56,38883.71,8324030464.0,4970471424.0,5352904.715469476,18892518.575058363,31.932767705804658,20045522944.0,116979684352.0,2200.388,2466539.4526438112,55424071.73305508,31189391377.0,256656562479.0,1.15
2026-09-11T08:11:17.981252Z,935.957,client-1,crdb-client-1,24.945652173892086,36455.380000000005,39825.18,8324026368.0,7503822848.0,0.0,14615.443302349282,0.03568223462491978,571373568.0,6251832320.0,19.844,5504134.913094921,1119327.793085167,8175123558.0,19230465815.0,0.49
2026-09-11T08:11:22.068352Z,940.044,linode-1,crdb-linode-1,16.881111682958238,33918.68,39618.44,8322887680.0,5496258560.0,436804.1083580796,18002098.37521799,86.52056612707402,4071487488.0,119140376576.0,4596.2119999999995,14865674.934718253,633642.0180883466,63221126822.0,4578944114.0,0.44
2026-09-11T08:11:22.766752Z,940.742,linode-2,crdb-linode-2,19.274611398966858,33968.2,39731.23,8322887680.0,5476888576.0,426837.5449775831,16843844.641751256,79.36450191270157,4692256768.0,118986006528.0,4508.408,13916463.844971407,582031.5813949816,63078595133.0,4491847114.0,0.26
2026-09-11T08:11:21.399899Z,939.375,azure-1,crdb-azure-1,25.530813050275302,52808.28999999999,59353.0,8327364608.0,5326434304.0,595519.6234622853,22170391.712036703,67.82888918929814,4281410048.0,106663855104.0,4229.727,14566021.64896999,370696.5947724169,62289151094.0,1637495726.0,1.0
2026-09-11T08:11:21.508112Z,939.484,azure-2,crdb-azure-2,25.051975051976193,35992.58,41881.22,8327364608.0,5382168576.0,606532.4292245352,16975531.27252615,67.47609240872156,4260381184.0,107210359808.0,3885.385,14639076.72213949,381153.075655787,62385008444.0,1745701656.0,0.56
2026-09-11T08:11:22.356782Z,940.332,gcp-1,crdb-gcp-1,51.95920558240209,28526.510000000002,38902.340000000004,8324030464.0,4968374272.0,7330298.38307775,22711954.46041423,44.0905088408547,20077377536.0,117078381568.0,2202.304,3370480.53894058,75389341.64654204,31204038159.0,256984174889.0,1.05
2026-09-11T08:11:22.866059Z,940.842,client-1,crdb-client-1,26.417112299481804,36469.14,39843.88,8324026368.0,7540068352.0,0.0,1677.0423254155492,0.0,571373568.0,6251840512.0,19.844,6703855.093902699,1350200.0418588906,8207870484.0,19237061259.0,0.53
2026-09-11T08:11:27.121764Z,945.097,linode-1,crdb-linode-1,18.14070351758954,33934.97,39638.340000000004,8322887680.0,5496508416.0,432830.2951100675,17763874.059236404,82.63745539540764,4073674752.0,119230144512.0,4600.388,14739053.683629602,621022.2582760731,63295609135.0,4582082387.0,0.57
2026-09-11T08:11:27.835958Z,945.812,linode-2,crdb-linode-2,19.2604006163015,33983.92,39750.7,8322887680.0,5476651008.0,454101.32738965395,17629958.829741742,81.19548381268632,4694558720.0,119075377152.0,4512.524,14706535.16185989,638871.1591200962,63153146199.0,4495085710.0,0.24
2026-09-11T08:11:26.441251Z,944.417,azure-1,crdb-azure-1,26.291560102257684,52822.700000000004,59372.55,8327364608.0,5330702336.0,612606.7744418192,22252087.9819795,66.13267605287822,4284498432.0,106776036352.0,4233.061,14753558.73483135,376542.6763281487,62363529401.0,1639394021.0,1.0
2026-09-11T08:11:26.585311Z,944.561,azure-2,crdb-azure-2,24.55516014235981,36007.42,41900.89,8327364608.0,5401559040.0,593758.5701342761,16901144.081947125,65.35043917798194,4263395840.0,107296171008.0,3888.703,14665175.260240527,375412.0777538127,62459467089.0,1747607714.0,0.59
2026-09-11T08:11:27.366187Z,945.342,gcp-1,crdb-gcp-1,50.080688542223896,28535.79,38920.93,8324030464.0,4960419840.0,6012244.069047247,17861753.2555878,35.93226498579893,20107495424.0,117167858688.0,2204.1040000000003,2900754.85955036,65238967.85306183,31218569274.0,257310984630.0,1.13
2026-09-11T08:11:27.344479Z,945.32,client-1,crdb-client-1,24.879614767259906,36483.18,39862.57,8324026368.0,7541415936.0,0.0,8231.31933510663,0.022328882744920373,571373568.0,6251877376.0,19.845,7075216.1993481815,1441810.1220334684,8239556871.0,19243518412.0,0.49
2026-09-11T08:11:32.392928Z,950.369,linode-1,crdb-linode-1,15.046535677335793,33951.4,39657.68,8322887680.0,5491019776.0,438254.16872845445,16851028.196888763,76.56638828523536,4075984896.0,119318970368.0,4604.424,13922537.42834149,574324.3647023861,63368998206.0,4585109790.0,0.68
2026-09-11T08:11:32.854225Z,950.83,linode-2,crdb-linode-2,19.30998970134056,33999.59,39770.119999999995,8322887680.0,5473071104.0,518294.2698876855,17691383.14931588,78.59223519149756,4697159680.0,119164157952.0,4516.468,14581128.919034671,606699.9731483515,63226318787.0,4498130317.0,0.38
2026-09-11T08:11:31.455694Z,949.431,azure-1,crdb-azure-1,25.20533880905811,52837.27,59392.03,8327364608.0,5327654912.0,588120.4405712399,21779243.481876347,65.11139724613751,4287447552.0,106885248000.0,4236.326,14474520.264379255,353080.0624313518,62436111638.0,1641164535.0,1.0
2026-09-11T08:11:31.578933Z,949.555,azure-2,crdb-azure-2,23.550724637658917,36022.19,41920.21,8327364608.0,5400059904.0,631584.001179929,16753380.810519546,64.38154943034586,4266549760.0,107379831808.0,3891.918,14502309.271847766,351091.51301386586,62531886788.0,1749360948.0,0.7
2026-09-11T08:11:32.395590Z,950.371,gcp-1,crdb-gcp-1,48.24945295404962,28545.25,38939.21,8324030464.0,4941709312.0,5998061.423993949,16543736.560354795,34.51659371304826,20137662464.0,117251064832.0,2205.84,2834926.975318165,64792278.303584784,31232827440.0,257636855126.0,1.36
2026-09-11T08:11:32.366134Z,950.342,client-1,crdb-client-1,24.797843665795682,36497.13,39881.12,8324026368.0,7535628288.0,0.0,7340.94543545064,0.039827177926755705,571373568.0,6251914240.0,19.847,6554096.210295639,1316051.059633114,8272469553.0,19250127221.0,0.61
2026-09-11T08:11:38.186991Z,956.163,linode-1,crdb-linode-1,17.664543524428776,33970.79,39681.23,8322887680.0,5489074176.0,458793.37765034434,24185268.16051399,85.39691595145065,4078643200.0,119459102720.0,4609.372,15018206.085784879,620563.7516779528,63456015498.0,4588705411.0,0.71
2026-09-11T08:11:38.492612Z,956.468,linode-2,crdb-linode-2,19.73171787106619,34018.14,39793.23,8322887680.0,5474635776.0,486716.94284217217,24775345.27706311,86.97454698060838,4699904000.0,119303852032.0,4521.372,15487677.472339913,651997.1361470419,63313644991.0,4501806558.0,0.64
2026-09-11T08:11:37.461714Z,955.437,azure-1,crdb-azure-1,25.940170940136987,52854.600000000006,59415.43,8327364608.0,5321539584.0,589227.3622190184,24026700.461039625,64.96754872014463,4290986496.0,107029554176.0,4240.228,14619230.410817038,380881.66151306016,62523915839.0,1643452139.0,0.92
2026-09-11T08:11:37.567685Z,955.543,azure-2,crdb-azure-2,25.643224699842527,36039.53,41943.53,8327364608.0,5400944640.0,605974.370055339,22428575.07587441,67.97695214665279,4270178816.0,107514151936.0,3895.989,14657123.797435388,364100.15149048064,62619665291.0,1751541469.0,0.81
2026-09-11T08:11:38.778970Z,956.755,gcp-1,crdb-gcp-1,49.11242603550433,28556.43,38961.18,8324030464.0,4950675456.0,5808328.259542588,14505420.750687115,32.94472844457944,20174739456.0,117343659008.0,2207.943,2719784.0928665977,60687069.44302694,31250188961.0,258024246108.0,1.25
2026-09-11T08:11:38.769890Z,956.746,client-1,crdb-client-1,25.324966382764536,36513.79,39903.43,8324026368.0,7537758208.0,0.0,5756.572665268807,0.015615702759481855,571373568.0,6251951104.0,19.848,6180894.096270478,1231268.4927527707,8312050827.0,19258012031.0,0.52
2026-09-11T08:11:42.129645Z,960.105,linode-1,crdb-linode-1,17.741935483870964,33983.54,39696.73,8322887680.0,5493108736.0,411406.7048041441,20068543.729044575,86.9474890548896,4080265216.0,119538225152.0,4612.8,14050291.16122471,642076.5163373137,63511410310.0,4591236868.0,0.73
2026-09-11T08:11:42.440601Z,960.416,linode-2,crdb-linode-2,19.009900990040997,34030.41,39808.38,8322887680.0,5470167040.0,417069.34532638633,19950854.504045792,85.91680388019797,4701550592.0,119382618112.0,4524.764,13964532.044849945,642208.6054847642,63368777038.0,4504342001.0,0.64
2026-09-11T08:11:41.446081Z,959.422,azure-1,crdb-azure-1,23.945489941653264,52866.32,59430.840000000004,8327364608.0,5311234048.0,555127.5592602547,19057323.50660482,62.89558302166396,4293198336.0,107105485824.0,4242.734,13867460.842255527,411931.9355145492,62579169094.0,1645093433.0,0.93
2026-09-11T08:11:41.550189Z,959.526,azure-2,crdb-azure-2,24.88687782804302,36051.15,41959.0,8327364608.0,5392171008.0,573898.7119533968,18874890.97091172,66.21421473442075,4272464384.0,107589321728.0,3898.626,13790016.92883057,378233.5730907645,62674584427.0,1753047795.0,0.74
2026-09-11T08:11:42.443754Z,960.419,gcp-1,crdb-gcp-1,51.5710382513632,28563.52,38975.82,8324030464.0,4951326720.0,6580749.466590714,19194597.713863604,40.49314502392692,20198856704.0,117414003712.0,2209.427,3162159.9020526083,66942375.35833651,31261777701.0,258269577719.0,1.31
2026-09-11T08:11:42.433179Z,960.409,client-1,crdb-client-1,25.25597269622336,36524.740000000005,39918.08,8324026368.0,7533789184.0,0.0,174425.76553725186,0.10919080875482655,571373568.0,6252590080.0,19.852,6852386.856503285,1412275.2853195644,8337153258.0,19263185636.0,0.52
2026-09-11T08:11:47.135174Z,965.111,linode-1,crdb-linode-1,7.73117736229797,34001.8,39716.520000000004,8322887680.0,5489229824.0,217662.32444254105,10597536.706223117,37.158196100271596,4081354752.0,119591272448.0,4614.66,6521601.6350934245,306145.778344448,63544055003.0,4592769319.0,0.67
2026-09-11T08:11:47.464063Z,965.44,linode-2,crdb-linode-2,9.058524173058425,34048.28,39828.03,8322887680.0,5470793728.0,220148.74502452693,11349075.48887552,34.796369204190505,4702656512.0,119439630336.0,4526.512000000001,6410419.840489783,326731.1386547553,63400979863.0,4505983339.0,0.59
2026-09-11T08:11:46.521760Z,964.497,azure-1,crdb-azure-1,12.276214833732556,52883.47,59450.39,8327364608.0,5323345920.0,321178.14123621956,11226709.298689162,31.818191181519445,4294828544.0,107162469376.0,4244.349,7279755.674486391,245864.18718455738,62616119043.0,1646341369.0,0.85
2026-09-11T08:11:46.712328Z,964.688,azure-2,crdb-azure-2,12.436289500519893,36068.33,41978.62,8327364608.0,5390254080.0,304689.6109984177,10692701.03597572,32.89305111409965,4274037248.0,107644519424.0,3900.324,6985222.962626174,213870.6958304679,62710643437.0,1754151835.0,0.68
2026-09-11T08:11:47.392405Z,965.368,gcp-1,crdb-gcp-1,26.942740286304012,28577.809999999998,38995.38,8324030464.0,5190320128.0,3085654.647359093,9255308.54795316,16.34782527358884,20214126592.0,117459805184.0,2210.236,1267254.1144096954,28300883.673888765,31268048924.0,258409629466.0,1.45
2026-09-11T08:11:47.384817Z,965.361,client-1,crdb-client-1,11.242299794675493,36542.03,39937.56,8324026368.0,7675133952.0,0.0,12407.928628175257,0.04039039266981895,571373568.0,6252651520.0,19.854,2706660.582931852,591005.7563266627,8350555755.0,19266112103.0,0.47
2026-09-11T08:11:52.102403Z,970.078,linode-1,crdb-linode-1,1.3622603430721525,34021.35,39736.34,8322887680.0,5488455680.0,0.0,961478.8613390676,1.6910658843066737,4081354752.0,119596048384.0,4614.744,17964.353942919326,77603.81870045657,63544144237.0,4593154799.0,0.62
2026-09-11T08:11:52.427188Z,970.403,linode-2,crdb-linode-2,1.5664477008471844,34067.76,39847.82,8322887680.0,5470285824.0,0.0,96558.02703950452,1.1283156204452558,4702656512.0,119440109568.0,4526.568,43081.50820810559,102620.305680256,63401193683.0,4506492659.0,0.54
2026-09-11T08:11:51.518506Z,969.494,azure-1,crdb-azure-1,1.263264274923015,52903.009999999995,59470.18,8327364608.0,5346766848.0,0.0,995964.2801500043,0.62039634541778,4294828544.0,107167446016.0,4244.38,20230.324312693603,81212.28314956116,62616220130.0,1646747171.0,0.86
2026-09-11T08:11:51.550161Z,969.526,azure-2,crdb-azure-2,1.0116337885539783,36087.9,41998.39,8327364608.0,5389770752.0,0.0,1011749.4096437513,0.5994363902258987,4274037248.0,107649414144.0,3900.353,19302.058467479885,82720.56823355619,62710736818.0,1754552027.0,0.63
2026-09-11T08:11:52.654595Z,970.63,gcp-1,crdb-gcp-1,0.7056451612872494,28597.510000000002,39015.22,8324030464.0,5185875968.0,0.0,158789.0475538231,0.19003361428329063,20214126592.0,117460640768.0,2210.246,17920.929960980262,75456.64722181915,31268143228.0,258410026536.0,1.33
2026-09-11T08:11:52.329396Z,970.305,client-1,crdb-client-1,1.6096579477208772,36561.59,39957.44,8324026368.0,7674953728.0,0.0,18224.222021723417,0.020223967975126163,571373568.0,6252741632.0,19.855,9003.306063155662,68382.49395549152,8350600273.0,19266450229.0,0.44
2026-09-11T08:11:57.168919Z,975.145,linode-1,crdb-linode-1,1.6865079365264157,34041.17,39756.5,8322887680.0,5488472064.0,0.0,120458.49918063225,1.6579465202838177,4081354752.0,119596658688.0,4614.8279999999995,24495.172964313468,80007.76207899848,63544268342.0,4593560159.0,0.57
2026-09-11T08:11:59.773823Z,977.75,linode-2,crdb-linode-2,2.201100550287005,34087.31,39867.81,8322887680.0,5470035968.0,0.0,109276.00130235497,1.0889269900176934,4702656512.0,119440912384.0,4526.648,36347.702347454906,76631.33130033234,63401460718.0,4507055645.0,0.5
2026-09-11T08:11:56.490110Z,974.466,azure-1,crdb-azure-1,1.5469061876130619,52922.74,59490.22,8327364608.0,5349294080.0,0.0,159831.7693712651,0.7039948362962886,4294828544.0,107168240640.0,4244.415,26422.93762012756,93001.74070276237,62616351495.0,1647209541.0,0.79
2026-09-11T08:11:56.604677Z,974.58,azure-2,crdb-azure-2,1.0978043912233226,36107.72,42018.43,8327364608.0,5389545472.0,0.0,125605.87439156338,0.8507202304139845,4274037248.0,107650049024.0,3900.396,23632.61231700641,84405.09794890104,62710856270.0,1754978656.0,0.58
2026-09-11T08:11:57.411480Z,975.387,gcp-1,crdb-gcp-1,0.9935419771522791,28617.44,39035.35,8324030464.0,5185855488.0,0.0,109354.52151602774,0.31532930585754726,20214126592.0,117461160960.0,2210.261,26171.491508249626,89404.2669928631,31268267724.0,258410451826.0,1.22
2026-09-11T08:11:57.392457Z,975.368,client-1,crdb-client-1,0.4459861248587993,36581.68,39977.62,8324026368.0,7678976000.0,0.0,8898.925958556852,0.0197508122304859,571373568.0,6252786688.0,19.856,6633.112779478278,65448.068979958836,8350633857.0,19266781598.0,0.4
2026-09-11T08:12:02.154503Z,980.13,linode-1,crdb-linode-1,1.3527054108056658,34060.86,39776.46,8322887680.0,5487706112.0,0.0,138021.5551051866,1.4441429454388577,4081354752.0,119597346816.0,4614.9,20220.608716429466,78594.6717496555,63544369155.0,4593952005.0,0.52
2026-09-11T08:12:02.491848Z,980.468,linode-2,crdb-linode-2,1.9066733567354444,34106.86,39887.74,8322887680.0,5469519872.0,0.0,221523.83793866102,2.0603035522750948,4702656512.0,119441514496.0,4526.704000000001,82439.36753007336,191653.8513671195,63401684792.0,4507576569.0,0.46
2026-09-11T08:12:01.599755Z,979.576,azure-1,crdb-azure-1,1.0590015128185026,52942.36,59510.049999999996,8327364608.0,5349011456.0,0.0,83367.74976955156,0.41098321653821257,4294828544.0,107168666624.0,4244.436,20256.188505666632,79580.05016336941,62616454998.0,1647616171.0,0.73
2026-09-11T08:12:01.625743Z,979.602,azure-2,crdb-azure-2,1.210287443294089,36127.31,42038.26,8327364608.0,5389545472.0,0.0,174571.63635121303,0.6572247371008053,4274037248.0,107650925568.0,3900.429,20363.212263578473,82225.58601793773,62710958516.0,1755391520.0,0.53
2026-09-11T08:12:02.415033Z,980.391,gcp-1,crdb-gcp-1,0.7017543859800801,28637.25,39055.3,8324030464.0,5185961984.0,0.0,154718.73309271495,0.15988625692155578,20214126592.0,117461935104.0,2210.2690000000002,22104.2750186713,79687.91002052149,31268378324.0,258410850549.0,1.13
2026-09-11T08:12:02.408168Z,980.384,client-1,crdb-client-1,0.6493506493376655,36601.57,39997.64,8324026368.0,7688114176.0,0.0,816.6301397462206,0.0,571373568.0,6252790784.0,19.856,8390.595564262621,66608.19012638553,8350675942.0,19267115687.0,0.37
2026-09-11T08:12:07.154408Z,985.13,linode-1,crdb-linode-1,1.5136226034455857,34080.38,39796.28,8322887680.0,5485490176.0,21299.465178377002,137627.31346028217,2.3200288843631895,4081461248.0,119598034944.0,4615.016,23657.69453833647,79851.19414750034,63544487442.0,4594351256.0,0.48
2026-09-11T08:12:07.492489Z,985.468,linode-2,crdb-linode-2,2.573158425842814,34126.17,39907.56,8322887680.0,5468798976.0,0.0,127777.78920204898,1.59978201625016,4702656512.0,119442153472.0,4526.784000000001,53345.531222918224,111774.36980247595,63401951556.0,4508135517.0,0.42
2026-09-11T08:12:06.460546Z,984.436,azure-1,crdb-azure-1,1.4705882353348132,52961.79,59529.770000000004,8327364608.0,5348765696.0,0.0,130612.20907854778,0.7611913646579637,4294828544.0,107169301504.0,4244.473,29494.931015912167,97607.98014419139,62616598367.0,1648090624.0,0.67
2026-09-11T08:12:06.590085Z,984.566,azure-2,crdb-azure-2,1.8200202224499695,36146.729999999996,42058.04,8327364608.0,5388840960.0,0.0,82508.02298029215,0.7654552913212896,4274037248.0,107651335168.0,3900.467,24488.324818581877,86259.35821457434,62711080085.0,1755819743.0,0.49
2026-09-11T08:12:07.380609Z,985.356,gcp-1,crdb-gcp-1,1.1598587997780574,28656.85,39075.13,8324030464.0,5180887040.0,0.0,122905.23063717604,0.2416603475663336,20214126592.0,117462545408.0,2210.281,31365.499278622076,89383.11414009641,31268534074.0,258411294394.0,1.04
2026-09-11T08:12:07.377935Z,985.354,client-1,crdb-client-1,1.3602015113189814,36621.15,40017.49,8324026368.0,7688851456.0,0.0,7417.600701623622,0.04024305936208502,571373568.0,6252827648.0,19.858,10058.953902855535,68703.15215828642,8350725933.0,19267457128.0,0.34
2026-09-11T08:12:12.180232Z,990.156,linode-1,crdb-linode-1,1.640159045734113,34100.17,39816.4,8322887680.0,5485273088.0,0.0,167886.67605741284,1.8305301640926999,4081461248.0,119598878720.0,4615.108,17718.537134960785,76398.76816330971,63544576493.0,4594735226.0,0.44
2026-09-11T08:12:12.443313Z,990.419,linode-2,crdb-linode-2,2.304609218432596,34145.67,39927.52,8322887680.0,5466746880.0,4136.630119210493,100933.77490873603,1.3734904692550007,4702676992.0,119442653184.0,4526.852,43917.96370655738,104213.79133968618,63402168989.0,4508651468.0,0.39
2026-09-11T08:12:11.482465Z,989.458,azure-1,crdb-azure-1,0.7518796992555199,52981.59,59549.72,8327364608.0,5348859904.0,0.0,100320.7613214784,0.5973749602266746,4294828544.0,107169805312.0,4244.503,20318.315397375613,81458.84607714778,62616700405.0,1648499708.0,0.62
2026-09-11T08:12:11.726119Z,989.702,azure-2,crdb-azure-2,0.9523809523559468,36166.490000000005,42077.990000000005,8327364608.0,5388587008.0,0.0,150727.09987696464,0.525694405263701,4274037248.0,107652109312.0,3900.494,18005.228081884226,78057.63641463865,62711172561.0,1756220652.0,0.45
2026-09-11T08:12:12.438163Z,990.414,gcp-1,crdb-gcp-1,2.861445783148542,28676.2,39095.05,8324030464.0,5078949888.0,0.0,93135.31477605712,0.19772273008256214,20214126592.0,117463016448.0,2210.291,143389.90791185474,190075.8034924701,31269259281.0,258412255719.0,0.95
2026-09-11T08:12:12.440833Z,990.417,client-1,crdb-client-1,5.748865355555188,36639.84,40037.32,8324026368.0,7470817280.0,0.0,6472.079999905824,0.0395024414056533,571373568.0,6252860416.0,19.86,123116.66659244678,191558.00403529854,8351349270.0,19268426982.0,0.31
2026-09-11T08:12:17.194601Z,995.171,linode-1,crdb-linode-1,17.952674897106714,34116.12,39835.840000000004,8322887680.0,5489680384.0,333274.4915358299,23228741.95050097,66.84762367566013,4083132416.0,119715356672.0,4618.46,15249619.934367059,694626.9792762878,63621044022.0,4598218356.0,0.49
2026-09-11T08:12:17.532837Z,995.509,linode-2,crdb-linode-2,21.41764405913802,34161.08,39947.13,8322887680.0,5469466624.0,347667.7004775921,23400772.515710525,65.15311317635675,4704446464.0,119561752576.0,4530.168000000001,15272096.23010877,625793.4907673218,63479897080.0,4511836475.0,0.35
2026-09-11T08:12:16.507877Z,994.484,azure-1,crdb-azure-1,10.212335692603226,52999.35,59569.5,8327364608.0,5388713984.0,454798.31645904237,19841595.368958652,24.157021632314198,4297114112.0,107269518336.0,4245.717,13793900.325307395,156976.26650935784,62686021016.0,1649288585.0,0.81
2026-09-11T08:12:16.644928Z,994.621,azure-2,crdb-azure-2,12.107396149952109,36183.84,42097.729999999996,8327364608.0,5395365888.0,454661.31108527107,20611312.769198954,31.450367384642476,4276273664.0,107753493504.0,3902.041,14367745.786081443,189934.80661847285,62781845512.0,1757154915.0,0.49
2026-09-11T08:12:17.492799Z,995.469,gcp-1,crdb-gcp-1,51.92102454642807,28685.21,39113.79,8324030464.0,4839190528.0,34034.239565781754,19969995.234741084,31.73300331537599,20214298624.0,117563958272.0,2211.895,3221526.583110182,70853711.54050605,31285543049.0,258770398162.0,1.12
2026-09-11T08:12:17.460769Z,995.437,client-1,crdb-client-1,43.13408723745227,36650.4,40055.89,8324026368.0,7473487872.0,0.0,559741.3118557954,0.617539854979436,571373568.0,6255670272.0,19.891000000000002,9500031.332914826,1966301.2816028937,8399038657.0,19278297655.0,0.37
2026-09-11T08:12:22.319810Z,1000.296,linode-1,crdb-linode-1,23.75832053251251,34131.01,39855.37,8322887680.0,5494648832.0,552232.0700850637,30395940.01970378,84.60049463697831,4085962752.0,119871143936.0,4622.795999999999,17584874.434554454,838381.9267078582,63711171173.0,4602515286.0,0.45
2026-09-11T08:12:23.031762Z,1001.008,linode-2,crdb-linode-2,24.57983193277351,34175.44,39966.17,8322887680.0,5464870912.0,537795.9199339041,27919950.78515585,77.2511344044526,4707403776.0,119715282944.0,4534.416,16317135.36500802,698588.4823846561,63569624165.0,4515677977.0,0.33
2026-09-11T08:12:21.494933Z,999.471,azure-1,crdb-azure-1,35.5648535564957,53011.67,59588.62,8327364608.0,5377830912.0,624202.176327171,25654709.447046727,79.3647272661158,4300227072.0,107397460992.0,4249.675,18596881.45041298,289930.0964276432,62778765563.0,1650734496.0,0.9
2026-09-11T08:12:21.732210Z,999.708,azure-2,crdb-azure-2,28.393782383394296,36197.66,42117.03,8327364608.0,5387010048.0,710935.622367085,28959153.41483501,73.65348778272083,4279890432.0,107900818432.0,3905.788,18101825.94815532,350917.295458509,62873935573.0,1758940149.0,0.53
2026-09-11T08:12:23.037677Z,1001.014,gcp-1,crdb-gcp-1,63.542795232917015,28691.940000000002,39132.25,8324030464.0,4758028288.0,47276.32402665736,21979797.209581092,35.02297258749731,20214560768.0,117685834752.0,2213.837,3829328.142700048,74837827.77994093,31306776413.0,259185368825.0,1.27
2026-09-11T08:12:23.034914Z,1001.011,client-1,crdb-client-1,42.7152317881022,36660.78,40074.01,8324026368.0,7474528256.0,0.0,27922.72714266121,0.0,571373568.0,6255825920.0,19.891000000000002,10803800.024289874,2138710.6876024003,8459261638.0,19290219343.0,0.34
2026-09-11T08:12:27.211246Z,1005.187,linode-1,crdb-linode-1,24.39150699119469,34145.61,39874.68,8322887680.0,5493456896.0,793832.9345927745,16348101.668834109,98.94781065168719,4089845760.0,119951110144.0,4627.636,9329479.752218453,968728.7097354769,63756806020.0,4607253791.0,0.41
2026-09-11T08:12:27.521643Z,1005.498,linode-2,crdb-linode-2,23.665768194102455,34189.6,39984.72,8322887680.0,5464416256.0,848403.9255934893,17685116.668339122,106.90573659190532,4711213056.0,119794688000.0,4539.215999999999,10028366.78685996,902833.1996169896,63614650898.0,4519731641.0,0.3
2026-09-11T08:12:26.493649Z,1004.47,azure-1,crdb-azure-1,53.28205128203087,53020.78,59608.119999999995,8327364608.0,5387370496.0,1437239.5354008756,15366335.808080172,97.86469942559908,4307411456.0,107474273280.0,4254.567,8866690.005372256,137074.59535245888,62823087824.0,1651419696.0,0.99
2026-09-11T08:12:26.639486Z,1004.616,azure-2,crdb-azure-2,30.761263594034606,36211.03,42136.340000000004,8327364608.0,5360189440.0,1023309.1515458947,14155220.147689093,86.99265682250902,4284912128.0,107970282496.0,3910.0570000000002,9131797.28827941,507181.8612622958,62918748140.0,1761429048.0,0.65
2026-09-11T08:12:27.825688Z,1005.802,gcp-1,crdb-gcp-1,68.57760951866787,28697.75,39150.74,8324030464.0,4704833536.0,56460.99713078064,17942620.51243929,47.34740489446301,20214831104.0,117771744256.0,2216.1040000000003,4778224.287621414,51338818.90476105,31329654614.0,259431179768.0,1.65
2026-09-11T08:12:27.469940Z,1005.446,client-1,crdb-client-1,49.861802100599995,36669.85,40092.1,8324026368.0,7475429376.0,0.0,0.0,0.0,571373568.0,6255825920.0,19.891000000000002,14848941.504882934,2917296.161720641,8525117475.0,19303157705.0,0.31
2026-09-11T08:12:32.197517Z,1010.174,linode-1,crdb-linode-1,23.292558613663573,34160.659999999996,39894.299999999996,8322887680.0,5490749440.0,783659.8485756007,15307653.331453165,86.63692311787455,4093753344.0,120027439104.0,4631.956,8784817.950050429,852733.7426609617,63800609992.0,4611505800.0,0.54
2026-09-11T08:12:32.593101Z,1010.569,linode-2,crdb-linode-2,22.748815165839375,34204.270000000004,40003.71,8322887680.0,5466554368.0,804421.5009365116,15044135.841309639,85.10318613424786,4715292672.0,119870984192.0,4543.532,8648868.414512267,796413.0071810854,63658513552.0,4523770642.0,0.28
2026-09-11T08:12:31.745833Z,1009.722,azure-1,crdb-azure-1,34.33144037171169,53033.5,59627.49,8327364608.0,5377495040.0,1196303.4386266659,11816420.927034706,82.25073552323836,4313694720.0,107536335872.0,4258.887,8365188.822659563,169056.8671069719,62867023742.0,1652307622.0,1.15
2026-09-11T08:12:31.697640Z,1009.674,azure-2,crdb-azure-2,28.57878475796155,36224.9,42155.76,8327364608.0,5377097728.0,1018698.7647152047,13449576.934145339,76.9445779874312,4290064896.0,108038312960.0,3913.949,8776157.407927467,427432.8640006765,62963139578.0,1763591083.0,0.68
2026-09-11T08:12:32.505031Z,1010.481,gcp-1,crdb-gcp-1,62.7993613624394,28704.739999999998,39169.53,8324030464.0,4686204928.0,89283.28118493262,16960322.119992692,40.795846684954526,20215248896.0,117851108352.0,2218.013,4630807.506508618,50500564.00233034,31351324005.0,259667492002.0,1.83
2026-09-11T08:12:32.465650Z,1010.442,client-1,crdb-client-1,45.577862181193964,36679.880000000005,40110.53,8324026368.0,7480844288.0,0.0,39355.080020094996,0.1201021729128921,571373568.0,6256022528.0,19.897000000000002,12477515.22940456,2462073.526833935,8587451977.0,19315457600.0,0.28
2026-09-11T08:12:37.205124Z,1015.181,linode-1,crdb-linode-1,19.244697361611106,34176.270000000004,39913.630000000005,8322887680.0,5491531776.0,783596.3170121037,14199615.932494907,71.0114991583702,4097677312.0,120098545664.0,4635.512,8193062.745750931,737210.5913118629,63841637898.0,4615197485.0,0.5
2026-09-11T08:12:37.532776Z,1015.509,linode-2,crdb-linode-2,39.29121725732407,34216.090000000004,40023.18,8322887680.0,5434408960.0,9916373.608327664,14346776.166174866,75.22700511037439,4764276736.0,119941853184.0,4547.2480000000005,8271268.122160686,613096.447714908,63699371263.0,4526799164.0,0.41
2026-09-11T08:12:36.504065Z,1014.48,azure-1,crdb-azure-1,25.563524590185438,53048.03,59647.01,8327364608.0,5356732416.0,1150052.672104055,12234804.36273573,78.6210850943606,4319166976.0,107594552320.0,4262.628,8266244.21464908,235882.59005942242,62906356727.0,1653430014.0,1.06
2026-09-11T08:12:36.657257Z,1014.633,azure-2,crdb-azure-2,22.033898305087916,36240.08,42175.23,8327364608.0,5379178496.0,982777.0204268141,12440800.87034414,60.02427434452324,4294939136.0,108100015104.0,3916.926,8066009.361843662,364977.2271424598,63003144243.0,1765401246.0,0.71
2026-09-11T08:12:37.458946Z,1015.435,gcp-1,crdb-gcp-1,53.99463806969932,28713.32,39188.18,8324030464.0,4668235776.0,26457.99501378208,14261686.124772722,34.57835804642777,20215379968.0,117921760256.0,2219.726,3861251.1930015613,44334087.062112555,31370452511.0,259887121549.0,1.69
2026-09-11T08:12:37.455986Z,1015.432,client-1,crdb-client-1,39.82637004885332,36690.97,40128.96,8324026368.0,7525466112.0,0.0,7387.025379455577,0.04007717762289217,571373568.0,6256059392.0,19.899,11671597.487081436,2308756.2295923335,8645697583.0,19326979151.0,0.5
2026-09-11T08:12:42.231463Z,1020.208,linode-1,crdb-linode-1,19.85633658287852,34191.89,39933.12,8322887680.0,5461442560.0,748080.9255876009,14198869.332721522,73.0547778894237,4101437440.0,120169914368.0,4639.184,8330160.377803609,759035.5611544498,63883508327.0,4619012675.0,0.54
2026-09-11T08:12:42.560381Z,1020.537,linode-2,crdb-linode-2,19.8359815479355,34231.73,40042.69,8322887680.0,5421072384.0,765001.6811582331,14214040.821264848,72.95686709827149,4768122880.0,120013316096.0,4550.916,8237386.621342368,590642.128128361,63740785780.0,4529768693.0,0.54
2026-09-11T08:12:41.622217Z,1019.598,azure-1,crdb-azure-1,23.577652485866242,53062.94,59666.52,8327364608.0,5367762944.0,982747.0004871815,12860540.959144142,61.17394380403048,4324196864.0,107660375040.0,4265.759,8123728.973754171,327229.4094017486,62947935533.0,1655104837.0,1.22
2026-09-11T08:12:41.652209Z,1019.628,azure-2,crdb-azure-2,24.314536989127955,36254.71,42194.56,8327364608.0,5369565184.0,977469.0496418251,12699717.426009182,62.94327687664929,4299821568.0,108163449856.0,3920.07,8164327.398385551,376079.87309881946,63043924842.0,1767279755.0,1.05
2026-09-11T08:12:42.501266Z,1020.477,gcp-1,crdb-gcp-1,55.52589428722072,28721.65,39206.909999999996,8324030464.0,4663029760.0,40616.07290744809,14551926.601280501,35.717552395659766,20215584768.0,117995136000.0,2221.527,4001202.5832144213,44662053.9177603,31390627930.0,260112322756.0,2.03
2026-09-11T08:12:42.458888Z,1020.435,client-1,crdb-client-1,40.56806002146607,36702.06,40147.62,8324026368.0,7524188160.0,0.0,1637.4416738252576,0.0,571373568.0,6256067584.0,19.899,11911701.179149924,2363084.3854743987,8705290946.0,19338801488.0,0.7
2026-09-11T08:12:47.307357Z,1025.284,linode-1,crdb-linode-1,49.35666495108782,34201.73,39952.55,8322887680.0,5471936512.0,22270822.046046335,14297417.479323488,86.44692949314422,4214482944.0,120242487296.0,4643.572,22970256.1146658,749182.0306562689,64000104121.0,4622815483.0,0.73
2026-09-11T08:12:47.621579Z,1025.598,linode-2,crdb-linode-2,27.24032586561089,34246.02,40062.33,8322887680.0,5459054592.0,6980911.642655567,15522938.351237703,83.22064968596356,4803454976.0,120091881472.0,4555.128000000001,23420023.992423136,705852.7741180572,63859320232.0,4533341186.0,0.5
2026-09-11T08:12:46.560998Z,1024.537,azure-1,crdb-azure-1,15.864892528176465,53079.38,59686.06,8327364608.0,5381763072.0,2416724.0854750574,7893747.373216059,39.138973299220126,4336132608.0,107699360768.0,4267.692,15670949.493787708,285469.50685517164,63025331394.0,1656514717.0,1.12
2026-09-11T08:12:46.693100Z,1024.669,azure-2,crdb-azure-2,27.595066803677206,36268.8,42214.02,8327364608.0,5402120192.0,4741211.161183831,11586106.246327378,71.97070686043809,4323721728.0,108221854720.0,3923.6980000000003,21769445.291862436,375694.42971266643,63153663305.0,1769173608.0,1.05
2026-09-11T08:12:47.877913Z,1025.854,gcp-1,crdb-gcp-1,67.80859162590485,28727.57,39225.3,8324030464.0,4650979328.0,10856488.464654543,33989470.62153475,42.29358967788857,20273956864.0,118177887232.0,2223.801,3824688.359319292,92051833.70684159,31411192137.0,260607257973.0,2.27
2026-09-11T08:12:47.594581Z,1025.571,client-1,crdb-client-1,43.98475775719389,36712.35,40165.99,8324026368.0,7526346752.0,0.0,78957.16943089479,0.1752422972099116,571373568.0,6256473088.0,19.908,11867024.78113754,2342181.451992628,8766236976.0,19350830338.0,0.65
2026-09-11T08:12:52.454657Z,1030.431,linode-1,crdb-linode-1,30.65769031593083,34215.119999999995,39971.86,8322887680.0,5485813760.0,2745348.1343936245,50433238.858434536,90.06619360739006,4228614144.0,120502083584.0,4648.208,33279764.522090584,806351.2079585405,64171405896.0,4626966035.0,0.84
2026-09-11T08:12:52.510686Z,1030.487,linode-2,crdb-linode-2,32.71962125197526,34258.81,40081.340000000004,8322887680.0,5466234880.0,2788106.719625448,55758783.30270172,91.71317563276311,4817086464.0,120364494848.0,4559.612,34964612.85741913,897032.9897873068,64030267670.0,4537726920.0,0.7
2026-09-11T08:12:51.625820Z,1029.602,azure-1,crdb-azure-1,20.473251028820606,53094.84,59705.5,8327364608.0,5393981440.0,1449212.2546461113,20828382.599559486,42.15333344145862,4343472640.0,107804853248.0,4269.827,21347528.83858037,213468.23189804167,63133453268.0,1657595900.0,1.27
2026-09-11T08:12:51.656738Z,1029.633,azure-2,crdb-azure-2,39.390810531768835,36280.54,42233.39,8327364608.0,5399089152.0,3169581.8450947995,46509755.780586585,87.95923567066687,4339454464.0,108452713472.0,3928.0640000000003,31440563.206894007,183469.7495626077,63309723664.0,1770084290.0,1.12
2026-09-11T08:12:52.506356Z,1030.483,gcp-1,crdb-gcp-1,75.53017944534997,28732.07,39243.69,8324030464.0,4650803200.0,20461985.39985397,33887674.37577234,51.31283852011247,20368664576.0,118334735360.0,2226.176,4475178.669882023,143037526.9147992,31431905373.0,261269303060.0,2.49
2026-09-11T08:12:52.488832Z,1030.465,client-1,crdb-client-1,43.680709534351436,36722.51,40184.03,8324026368.0,7521492992.0,0.0,7532.059049660219,0.04086403564266517,571373568.0,6256509952.0,19.91,12546064.576767856,2472351.798050334,8827640919.0,19362930718.0,0.91
2026-09-11T08:12:57.235652Z,1035.212,linode-1,crdb-linode-1,28.593429158104687,34229.03,39991.340000000004,8322887680.0,5490442240.0,1720289.2823794454,57156782.7506111,95.20945531098566,4236838912.0,120775352320.0,4652.76,35549736.8744924,950954.8423848003,64341370530.0,4631512586.0,0.85
2026-09-11T08:12:57.526020Z,1035.502,linode-2,crdb-linode-2,30.97854526422319,34272.0,40100.45,8322887680.0,5458604032.0,1701986.722122666,50752525.36448702,89.24596357548948,4825622528.0,120619036672.0,4564.088,33856935.34080465,899170.6291464377,64200072148.0,4542236578.0,0.8
2026-09-11T08:12:56.529884Z,1034.506,azure-1,crdb-azure-1,54.04040404036451,53103.94,59725.299999999996,8327364608.0,5395853312.0,858600.5207457407,16630791.409619834,97.9786557964578,4347683328.0,107886412800.0,4274.632,11362713.991525779,96994.58713284135,63189177487.0,1658071574.0,1.41
2026-09-11T08:12:56.643456Z,1034.62,azure-2,crdb-azure-2,12.82180716810284,36297.81,42253.2,8327364608.0,5400801280.0,977433.2948391238,21409896.01956017,32.40571257180627,4344328704.0,108559479808.0,3929.6800000000003,14237713.114837859,132044.85645332947,63380723937.0,1770742768.0,1.03
2026-09-11T08:12:57.540376Z,1035.517,gcp-1,crdb-gcp-1,69.91341991340619,28737.63,39262.17,8324030464.0,4638240768.0,16845130.88099637,42109165.748162344,45.70858512397089,20453464064.0,118546715648.0,2228.477,4005681.491699929,103394905.93577753,31452070235.0,261789799763.0,2.93
2026-09-11T08:12:57.461889Z,1035.438,client-1,crdb-client-1,42.660802638818275,36732.94,40202.22,8324026368.0,7514689536.0,0.0,52712.337459752176,0.060324482871727945,571373568.0,6256772096.0,19.913,12229853.470594646,2422489.2685121447,8888461267.0,19374978012.0,0.84
2026-09-11T08:13:02.243842Z,1040.22,linode-1,crdb-linode-1,22.41025641024089,34244.159999999996,40010.84,8322887680.0,5485551616.0,1810729.9681288619,51063566.526690885,76.03491496137299,4245907456.0,121031090176.0,4656.568,31609786.340481337,712906.9966995055,64499679468.0,4635082985.0,0.78
2026-09-11T08:13:02.549453Z,1040.526,linode-2,crdb-linode-2,26.250644662179788,34286.3,40119.84,8322887680.0,5464702976.0,1865573.298537376,51195636.48101607,73.81354689140687,4834994176.0,120876216320.0,4567.796,31668767.481412094,623264.6295566796,64359159192.0,4545367528.0,0.74
2026-09-11T08:13:01.549012Z,1039.525,azure-1,crdb-azure-1,57.9425113464661,53112.28,59745.13,8327364608.0,5384495104.0,729568.9519895467,11895074.993511893,99.00061069117726,4351345152.0,107946116096.0,4279.601,11794584.293129915,88891.35131007283,63248376404.0,1658517734.0,1.46
2026-09-11T08:13:01.677541Z,1039.654,azure-2,crdb-azure-2,19.294710327459065,36313.83,42273.05,8327364608.0,5402341376.0,1194435.4395383913,22993695.85923361,40.70227043487196,4350341632.0,108675232768.0,3931.7290000000003,16483973.767729685,124508.6226849395,63463706193.0,1771369559.0,1.03
2026-09-11T08:13:02.517989Z,1040.494,gcp-1,crdb-gcp-1,74.1746538871201,28742.48,39280.95,8324030464.0,4632764416.0,26021956.296047017,37027985.62468848,46.9700944990615,20582991872.0,118731027456.0,2230.815,3282643.473207403,103913736.29471736,31468410037.0,262307044444.0,2.7
2026-09-11T08:13:02.468747Z,1040.445,client-1,crdb-client-1,36.73139158578548,36744.67,40220.76,8324026368.0,7512502272.0,0.0,8998.893264686745,0.03994537138086718,571373568.0,6256817152.0,19.915,10657538.529275991,2109795.479131859,8941821835.0,19385541416.0,0.93
2026-09-11T08:13:07.273883Z,1045.25,linode-1,crdb-linode-1,24.591002044971656,34258.91,40030.4,8322887680.0,5481676800.0,2877735.6184094595,58081564.361712374,83.02041290905917,4260382720.0,121323245568.0,4660.744,38641252.19306645,706248.0523355858,64694048375.0,4638635475.0,0.72
2026-09-11T08:13:07.580502Z,1045.557,linode-2,crdb-linode-2,26.68407310708861,34300.34,40138.99,8322887680.0,5467537408.0,2895064.113324245,57871159.27093006,80.30042628374196,4849559552.0,121167372288.0,4571.836,38810760.68866479,679125.5505105363,64554420264.0,4548784281.0,0.76
2026-09-11T08:13:06.671627Z,1044.648,azure-1,crdb-azure-1,55.54430379747425,53121.06,59764.88,8327364608.0,5396180992.0,598088.583104016,14632381.110699859,96.88314796311059,4354408960.0,108021072896.0,4284.564,8465181.353382181,95508.6683241534,63291740700.0,1659006993.0,1.58
2026-09-11T08:13:06.720953Z,1044.697,azure-2,crdb-azure-2,29.420654911860012,36327.84,42292.9,8327364608.0,5396967424.0,2144058.5964590893,23598450.998981725,39.81406159084848,4361155072.0,108794250240.0,3933.737,16441028.767157627,132042.89905622328,63546625605.0,1772035510.0,0.95
2026-09-11T08:13:07.565904Z,1045.542,gcp-1,crdb-gcp-1,80.26666666667043,28746.18,39299.700000000004,8324030464.0,4625547264.0,26991731.129152227,44640826.08752259,49.74277116621816,20719245312.0,118956372992.0,2233.326,3404453.301754015,115694257.79575658,31485595614.0,262891065548.0,3.36
2026-09-11T08:13:07.563180Z,1045.54,client-1,crdb-client-1,39.40379403792924,36755.85,40239.21,8324026368.0,7516844032.0,0.0,36983.98387793069,0.09814448846687546,571373568.0,6257005568.0,19.92,11009323.054328227,2170023.7122457395,8997909157.0,19396596666.0,1.18
2026-09-11T08:13:12.260607Z,1050.237,linode-1,crdb-linode-1,28.318135764966367,34273.06,40050.14,8322887680.0,5478379520.0,3154077.7110736705,66584716.054215394,87.91272917014452,4276111360.0,121655287808.0,4665.128,42916394.29772933,853892.8892988131,64908062289.0,4642893637.0,0.74
2026-09-11T08:13:13.643679Z,1051.62,linode-2,crdb-linode-2,26.881252718568437,34317.15,40161.98,8322887680.0,5458280448.0,3082541.4532318744,62201403.52976657,78.83633121994966,4868249600.0,121544511488.0,4576.616,39644489.378460035,715514.9137019103,64794792509.0,4553122587.0,0.8
2026-09-11T08:13:11.586215Z,1049.563,azure-1,crdb-azure-1,41.25379170880168,53132.68,59784.66,8327364608.0,5385437184.0,1913570.0219988984,42799460.513810724,88.06427804991095,4363813376.0,108231414784.0,4288.892,26698860.232042436,124801.81363659629,63422954706.0,1659620343.0,1.45
2026-09-11T08:13:11.696271Z,1049.673,azure-2,crdb-azure-2,22.528032619735107,36343.04,42312.52,8327364608.0,5392052224.0,3139911.257162184,60157209.06747643,51.61450379917859,4376777216.0,109093553152.0,3936.3050000000003,38667591.81206884,143636.24998069298,63739010242.0,1772750150.0,0.87
2026-09-11T08:13:12.557426Z,1050.534,gcp-1,crdb-gcp-1,78.52598091197926,28750.23,39318.56,8324030464.0,4623077376.0,44129713.19267646,49775375.48516808,48.02136981024464,20939520000.0,119204828160.0,2235.723,3804886.7904356015,159872729.1464715,31504587812.0,263689074712.0,4.13
2026-09-11T08:13:12.496619Z,1050.473,client-1,crdb-client-1,39.55627705627318,36767.02,40257.689999999995,8324026368.0,7518306304.0,0.0,6642.02006554855,0.04053967325161663,571373568.0,6257038336.0,19.922,11681654.209172076,2303225.4554826813,9055539884.0,19407959488.0,1.25
2026-09-11T08:13:17.461307Z,1055.438,linode-1,crdb-linode-1,5.160320641240501,34291.990000000005,40070.1,8322887680.0,5478207488.0,510353.4275592319,9421848.848597363,14.613346239071227,4278765568.0,121704288256.0,4665.888,5728610.739205704,148855.77497031123,64937855220.0,4643667795.0,0.68
2026-09-11T08:13:18.210551Z,1056.187,linode-2,crdb-linode-2,2.586750788619896,34332.590000000004,40177.83,8322887680.0,5455044608.0,1793.772607153152,3386642.6823051507,1.6641445085898279,4868257792.0,121559977984.0,4576.692,46010.96806590301,113079.93315694258,64795002637.0,4553639013.0,0.8
2026-09-11T08:13:16.557743Z,1054.534,azure-1,crdb-azure-1,57.69230769229353,53141.04,59804.42,8327364608.0,5377376256.0,1135311.8857574207,20401010.823748365,98.8218052432253,4369457664.0,108332839936.0,4293.805,14862808.560037514,109151.73121527088,63496846271.0,1660162999.0,1.5
2026-09-11T08:13:16.688364Z,1054.665,azure-2,crdb-azure-2,17.24489795920231,36359.26,42332.12,8327364608.0,5380128768.0,3800511.62349515,59992618.498859756,40.16316629047539,4395749888.0,109393044480.0,3938.31,39793218.05743202,184603.9343241257,63937663410.0,1773671718.0,1.04
2026-09-11T08:13:18.077122Z,1056.054,gcp-1,crdb-gcp-1,24.605998983226108,28765.059999999998,39338.229999999996,8324030464.0,4991442944.0,9812985.43795548,5701237.682986385,10.308385045574902,20993685504.0,119236297728.0,2236.292,505215.58158393233,60068343.23063233,31507376490.0,264020638649.0,3.96
2026-09-11T08:13:18.074065Z,1056.05,client-1,crdb-client-1,7.128309572306401,36785.26,40277.33,8324026368.0,7647772672.0,0.0,284938.48546153517,0.32272450481660686,571373568.0,6258627584.0,19.94,1287388.031693715,318023.66382115777,9062720307.0,19409733269.0,1.31
