ts_utc,elapsed_s,wall_offset_s,concurrency,repetition,op,tps,tps_cum,errors_cum,p50_ms,p95_ms,p99_ms,pmax_ms,gateway_cpu_pct,gateway_disk_iops,gateway_rss_bytes
2026-09-11T07:57:01.173362Z,6.0,25.116,200,2,read,3799.7,4708.0,0,14.2,28.3,30.4,58.7,nan,nan,
2026-09-11T07:57:01.173621Z,6.0,25.116,200,2,update,955.4,1136.1,0,142.6,251.7,285.2,285.2,nan,nan,
2026-09-11T07:57:01.173681Z,7.0,26.124,200,2,read,3665.5,4559.2,0,14.7,29.4,32.5,52.4,nan,nan,
2026-09-11T07:57:01.173732Z,7.0,26.124,200,2,update,1029.9,1121.0,0,151.0,268.4,285.2,302.0,nan,nan,
2026-09-11T07:57:01.173776Z,8.0,27.128,200,2,read,3791.7,4463.2,0,13.1,32.5,33.6,58.7,nan,nan,
2026-09-11T07:57:01.173818Z,8.0,27.128,200,2,update,878.2,1090.6,0,167.8,234.9,260.0,285.2,nan,nan,
2026-09-11T07:57:01.173860Z,9.0,28.119,200,2,read,3828.6,4392.6,0,14.2,30.4,46.1,56.6,nan,nan,
2026-09-11T07:57:01.173903Z,9.0,28.119,200,2,update,922.4,1071.9,0,159.4,226.5,234.9,260.0,nan,nan,
2026-09-11T07:57:01.173946Z,10.0,29.116,200,2,read,3800.5,4333.4,0,17.8,28.3,31.5,52.4,nan,nan,
2026-09-11T07:57:01.174072Z,10.0,29.116,200,2,update,941.4,1058.9,0,142.6,260.0,302.0,318.8,nan,nan,
2026-09-11T07:57:01.174132Z,11.0,30.147,200,2,read,3794.6,4284.4,0,16.3,28.3,30.4,50.3,nan,nan,
2026-09-11T07:57:01.174178Z,11.0,30.147,200,2,update,937.4,1047.8,0,151.0,226.5,260.0,285.2,nan,nan,
2026-09-11T07:57:01.174224Z,12.0,31.129,200,2,read,3840.6,4247.5,0,12.6,28.3,32.5,54.5,nan,nan,
2026-09-11T07:57:01.174269Z,12.0,31.129,200,2,update,985.9,1042.7,0,159.4,243.3,285.2,302.0,nan,nan,
2026-09-11T07:57:01.174364Z,13.0,32.243,200,2,read,3806.0,4213.5,0,14.7,27.3,31.5,56.6,nan,nan,
2026-09-11T07:57:01.174458Z,13.0,32.243,200,2,update,870.0,1029.4,0,142.6,251.7,268.4,285.2,nan,nan,
2026-09-11T07:57:01.174519Z,14.0,33.122,200,2,read,3828.8,4186.0,0,14.7,30.4,33.6,60.8,nan,nan,
2026-09-11T07:57:01.174566Z,14.0,33.122,200,2,update,1024.4,1029.0,0,151.0,251.7,285.2,318.8,nan,nan,
2026-09-11T07:57:01.174622Z,15.0,34.116,200,2,read,3717.8,4154.8,0,12.1,29.4,32.5,58.7,nan,nan,
2026-09-11T07:57:01.174711Z,15.0,34.116,200,2,update,922.5,1021.9,0,142.6,335.5,352.3,369.1,nan,nan,
2026-09-11T07:57:01.174784Z,16.0,35.128,200,2,read,3453.2,4111.1,0,18.9,29.4,32.5,58.7,nan,nan,
2026-09-11T07:57:01.174859Z,16.0,35.128,200,2,update,813.6,1008.9,0,151.0,226.5,335.5,335.5,nan,nan,
2026-09-11T07:57:01.174905Z,17.0,36.286,200,2,read,4160.8,4113.9,0,16.8,29.4,32.5,60.8,nan,nan,
2026-09-11T07:57:01.174946Z,17.0,36.286,200,2,update,1078.2,1013.0,0,142.6,285.2,335.5,335.5,nan,nan,
2026-09-11T07:57:01.174989Z,18.0,37.309,200,2,read,3769.8,4094.8,0,14.2,28.3,33.6,50.3,nan,nan,
2026-09-11T07:57:01.175029Z,18.0,37.309,200,2,update,995.5,1012.0,0,130.0,335.5,352.3,369.1,nan,nan,
2026-09-11T07:57:01.175071Z,19.0,38.119,200,2,read,3690.5,4073.5,0,15.7,29.4,32.5,56.6,nan,nan,
2026-09-11T07:57:01.175112Z,19.0,38.119,200,2,update,1004.9,1011.6,0,142.6,268.4,302.0,318.8,nan,nan,
2026-09-11T07:57:01.175160Z,20.0,39.118,200,2,read,3313.9,4035.5,0,16.8,28.3,29.4,54.5,nan,nan,
2026-09-11T07:57:01.175201Z,20.0,39.118,200,2,update,833.2,1002.7,0,130.0,192.9,201.3,352.3,nan,nan,
2026-09-11T07:57:01.175242Z,21.0,40.278,200,2,read,4305.7,4048.4,0,17.8,29.4,31.5,58.7,nan,nan,
2026-09-11T07:57:01.175282Z,21.0,40.278,200,2,update,1166.6,1010.5,0,134.2,335.5,369.1,385.9,nan,nan,
2026-09-11T07:57:01.175324Z,22.0,41.124,200,2,read,3703.0,4032.8,0,6.3,27.3,30.4,39.8,nan,nan,
2026-09-11T07:57:01.175364Z,22.0,41.124,200,2,update,937.0,1007.2,0,142.6,419.4,453.0,469.8,nan,nan,
2026-09-11T07:57:01.175405Z,23.0,42.117,200,2,read,3765.6,4021.1,0,18.9,27.3,29.4,54.5,nan,nan,
2026-09-11T07:57:01.175445Z,23.0,42.117,200,2,update,983.2,1006.1,0,130.0,318.8,335.5,335.5,nan,nan,
2026-09-11T07:57:01.175487Z,24.0,43.128,200,2,read,3803.8,4012.0,0,13.1,28.3,32.5,46.1,nan,nan,
2026-09-11T07:57:01.175526Z,24.0,43.128,200,2,update,977.9,1005.0,0,159.4,243.3,285.2,285.2,nan,nan,
2026-09-11T07:57:01.175567Z,25.0,44.121,200,2,read,3591.4,3995.3,0,13.1,28.3,30.4,58.7,nan,nan,
2026-09-11T07:57:01.175607Z,25.0,44.121,200,2,update,898.9,1000.7,0,142.6,302.0,318.8,318.8,nan,nan,
2026-09-11T07:57:01.175670Z,26.0,45.254,200,2,read,3916.5,3992.1,0,14.7,30.4,33.6,62.9,nan,nan,
2026-09-11T07:57:01.175707Z,26.0,45.254,200,2,update,1001.9,1000.7,0,130.0,352.3,385.9,402.7,nan,nan,
2026-09-11T07:57:01.175747Z,27.0,46.125,200,2,read,3422.4,3971.0,0,21.0,28.3,29.4,50.3,nan,nan,
2026-09-11T07:57:01.175784Z,27.0,46.125,200,2,update,773.1,992.3,0,142.6,218.1,243.3,251.7,nan,nan,
2026-09-11T07:57:01.175822Z,28.0,47.12,200,2,read,4226.2,3980.2,0,18.9,27.3,30.4,54.5,nan,nan,
2026-09-11T07:57:01.175860Z,28.0,47.12,200,2,update,1126.3,997.1,0,134.2,318.8,352.3,369.1,nan,nan,
2026-09-11T07:57:01.175898Z,29.0,48.124,200,2,read,3761.9,3972.6,0,19.9,30.4,32.5,48.2,nan,nan,
2026-09-11T07:57:01.175936Z,29.0,48.124,200,2,update,955.0,995.7,0,142.6,260.0,285.2,302.0,nan,nan,
2026-09-11T07:57:01.175974Z,30.0,49.119,200,2,read,3650.6,3961.9,0,17.8,26.2,28.3,50.3,nan,nan,
2026-09-11T07:57:01.176012Z,30.0,49.119,200,2,update,802.5,989.2,0,142.6,260.0,285.2,302.0,nan,nan,
2026-09-11T07:57:01.176050Z,31.0,50.117,200,2,read,3902.1,3960.0,0,14.7,28.3,30.4,50.3,nan,nan,
2026-09-11T07:57:01.176087Z,31.0,50.117,200,2,update,1089.6,992.4,0,142.6,268.4,285.2,302.0,nan,nan,
2026-09-11T07:57:01.176126Z,32.0,51.132,200,2,read,3387.3,3942.1,0,17.8,30.4,32.5,58.7,nan,nan,
2026-09-11T07:57:01.176163Z,32.0,51.132,200,2,update,799.1,986.4,0,167.8,302.0,318.8,318.8,nan,nan,
2026-09-11T07:57:01.176201Z,33.0,52.157,200,2,read,3631.2,3932.7,0,15.7,31.5,35.7,62.9,nan,nan,
2026-09-11T07:57:01.176238Z,33.0,52.157,200,2,update,918.1,984.3,0,167.8,234.9,234.9,243.3,nan,nan,
2026-09-11T07:57:01.176277Z,34.0,53.13,200,2,read,3195.6,3911.0,0,11.5,31.5,35.7,67.1,nan,nan,
2026-09-11T07:57:01.176314Z,34.0,53.13,200,2,update,859.6,980.7,0,192.9,352.3,369.1,369.1,nan,nan,
2026-09-11T07:57:01.176353Z,35.0,54.119,200,2,read,3141.9,3889.0,0,11.0,32.5,35.7,62.9,nan,nan,
2026-09-11T07:57:01.176390Z,35.0,54.119,200,2,update,809.5,975.8,0,209.7,352.3,369.1,385.9,nan,nan,
2026-09-11T07:57:01.176429Z,36.0,55.128,200,2,read,3410.3,3875.7,0,15.7,33.6,37.7,67.1,nan,nan,
2026-09-11T07:57:01.176466Z,36.0,55.128,200,2,update,825.8,971.6,0,176.2,285.2,318.8,318.8,nan,nan,
2026-09-11T07:57:01.176505Z,37.0,56.356,200,2,read,2985.7,3851.6,0,15.2,39.8,50.3,79.7,nan,nan,
2026-09-11T07:57:01.176542Z,37.0,56.356,200,2,update,690.9,964.0,0,192.9,402.7,419.4,436.2,nan,nan,
2026-09-11T07:57:01.176581Z,38.0,57.279,200,2,read,3391.0,3839.5,0,15.2,35.7,39.8,71.3,nan,nan,
2026-09-11T07:57:01.176618Z,38.0,57.279,200,2,update,867.0,961.5,0,184.5,285.2,302.0,318.8,nan,nan,
2026-09-11T07:57:01.176656Z,39.0,58.118,200,2,read,3069.0,3819.8,0,14.2,37.7,44.0,71.3,nan,nan,
2026-09-11T07:57:01.176693Z,39.0,58.118,200,2,update,767.7,956.5,0,201.3,335.5,352.3,369.1,nan,nan,
2026-09-11T07:57:01.176737Z,40.0,59.117,200,2,read,3502.4,3811.8,0,13.6,31.5,37.7,54.5,nan,nan,
2026-09-11T07:57:01.176775Z,40.0,59.117,200,2,update,815.9,953.0,0,167.8,251.7,285.2,285.2,nan,nan,
2026-09-11T07:57:01.176822Z,41.0,60.118,200,2,read,2675.5,3784.1,0,15.2,41.9,48.2,83.9,nan,nan,
2026-09-11T07:57:01.176860Z,41.0,60.118,200,2,update,690.4,946.6,0,209.7,402.7,436.2,436.2,nan,nan,
2026-09-11T07:57:01.176900Z,42.0,61.271,200,2,read,3298.9,3772.6,0,16.8,35.7,41.9,65.0,nan,nan,
2026-09-11T07:57:01.176938Z,42.0,61.271,200,2,update,925.0,946.1,0,176.2,302.0,318.8,335.5,nan,nan,
2026-09-11T07:57:01.176977Z,43.0,62.176,200,2,read,2570.0,3744.6,0,13.6,46.1,71.3,88.1,nan,nan,
2026-09-11T07:57:01.177014Z,43.0,62.176,200,2,update,709.7,940.6,0,226.5,385.9,419.4,453.0,nan,nan,
2026-09-11T07:57:01.177053Z,44.0,63.127,200,2,read,3017.1,3728.1,0,18.9,46.1,65.0,92.3,nan,nan,
2026-09-11T07:57:01.177091Z,44.0,63.127,200,2,update,698.8,935.1,0,184.5,285.2,302.0,318.8,nan,nan,
2026-09-11T07:57:01.177130Z,45.0,64.119,200,2,read,2507.4,3701.0,0,17.8,44.0,71.3,117.4,nan,nan,
2026-09-11T07:57:01.177167Z,45.0,64.119,200,2,update,631.4,928.3,0,243.3,385.9,402.7,402.7,nan,nan,
2026-09-11T07:57:01.177208Z,46.0,65.163,200,2,read,3438.0,3695.2,0,15.7,39.8,56.6,88.1,nan,nan,
2026-09-11T07:57:01.177256Z,46.0,65.163,200,2,update,766.2,924.8,0,192.9,268.4,285.2,302.0,nan,nan,
2026-09-11T07:57:01.177296Z,47.0,66.118,200,2,read,3524.3,3691.6,0,13.1,39.8,52.4,79.7,nan,nan,
2026-09-11T07:57:01.177407Z,47.0,66.118,200,2,update,867.1,923.6,0,167.8,268.4,285.2,302.0,nan,nan,
2026-09-11T07:57:01.177451Z,48.0,67.128,200,2,read,3540.7,3688.5,0,14.7,52.4,79.7,83.9,nan,nan,
2026-09-11T07:57:01.177490Z,48.0,67.128,200,2,update,914.4,923.4,0,167.8,251.7,268.4,285.2,nan,nan,
2026-09-11T07:57:01.177531Z,49.0,68.14,200,2,read,3153.4,3677.5,0,14.2,33.6,41.9,234.9,nan,nan,
2026-09-11T07:57:01.177570Z,49.0,68.14,200,2,update,738.3,919.6,0,209.7,318.8,352.3,369.1,nan,nan,
2026-09-11T07:57:01.177609Z,50.0,69.12,200,2,read,3405.8,3672.1,0,19.9,35.7,58.7,96.5,nan,nan,
2026-09-11T07:57:01.177647Z,50.0,69.12,200,2,update,789.7,917.0,0,167.8,285.2,318.8,335.5,nan,nan,
2026-09-11T07:57:01.177686Z,51.0,70.115,200,2,read,3178.9,3662.4,0,12.6,29.4,35.7,52.4,nan,nan,
2026-09-11T07:57:01.177724Z,51.0,70.115,200,2,update,860.5,915.9,0,192.9,302.0,318.8,335.5,nan,nan,
2026-09-11T07:57:01.177763Z,52.0,71.117,200,2,read,3611.7,3661.5,0,17.8,32.5,37.7,71.3,nan,nan,
2026-09-11T07:57:01.177802Z,52.0,71.117,200,2,update,795.5,913.6,0,167.8,251.7,285.2,285.2,nan,nan,
2026-09-11T07:57:01.177841Z,53.0,72.122,200,2,read,3510.3,3658.6,0,11.5,32.5,35.7,65.0,nan,nan,
2026-09-11T07:57:01.177878Z,53.0,72.122,200,2,update,919.8,913.7,0,184.5,260.0,268.4,285.2,nan,nan,
2026-09-11T07:57:01.177928Z,54.0,73.151,200,2,read,3380.0,3653.4,0,12.6,29.4,31.5,62.9,nan,nan,
2026-09-11T07:57:01.177966Z,54.0,73.151,200,2,update,952.6,914.4,0,176.2,285.2,318.8,318.8,nan,nan,
2026-09-11T07:57:01.178042Z,55.0,74.116,200,2,read,3455.0,3649.9,0,14.2,33.6,37.7,65.0,nan,nan,
2026-09-11T07:57:01.178093Z,55.0,74.116,200,2,update,737.0,911.2,0,184.5,285.2,302.0,302.0,nan,nan,
2026-09-11T07:57:01.178139Z,56.0,75.117,200,2,read,3700.0,3650.7,0,15.7,33.6,41.9,75.5,nan,nan,
2026-09-11T07:57:01.178182Z,56.0,75.117,200,2,update,992.0,912.6,0,159.4,218.1,226.5,260.0,nan,nan,
2026-09-11T07:57:01.178227Z,57.0,76.153,200,2,read,3588.3,3649.6,0,13.1,31.5,35.7,60.8,nan,nan,
2026-09-11T07:57:01.178269Z,57.0,76.153,200,2,update,821.6,911.0,0,184.5,260.0,285.2,285.2,nan,nan,
2026-09-11T07:57:01.178313Z,58.0,77.245,200,2,read,3440.3,3646.0,0,14.2,31.5,37.7,67.1,nan,nan,
2026-09-11T07:57:01.178356Z,58.0,77.245,200,2,update,876.3,910.4,0,184.5,285.2,302.0,318.8,nan,nan,
2026-09-11T07:57:01.178397Z,59.0,78.148,200,2,read,3380.9,3641.5,0,14.2,32.5,35.7,60.8,nan,nan,
2026-09-11T07:57:01.178436Z,59.0,78.148,200,2,update,768.0,908.0,0,176.2,285.2,285.2,285.2,nan,nan,
2026-09-11T07:57:01.178476Z,60.0,79.117,200,2,read,3629.3,3641.4,0,14.7,29.4,31.5,209.7,nan,nan,
2026-09-11T07:57:01.178516Z,60.0,79.117,200,2,update,1008.5,909.7,0,176.2,234.9,260.0,260.0,nan,nan,
2026-09-11T07:58:28.545415Z,6.0,112.574,50,2,read,2711.3,2330.4,0,1.2,2.0,4.1,7.9,nan,nan,
2026-09-11T07:58:28.545892Z,6.0,112.574,50,2,update,619.1,577.5,0,75.5,79.7,96.5,109.1,nan,nan,
2026-09-11T07:58:28.545961Z,7.0,113.492,50,2,read,2553.4,2362.2,0,1.2,2.2,3.9,7.9,nan,nan,
2026-09-11T07:58:28.546013Z,7.0,113.492,50,2,update,633.1,585.4,0,75.5,79.7,96.5,109.1,nan,nan,
2026-09-11T07:58:28.546063Z,8.0,114.526,50,2,read,2448.1,2373.0,0,1.2,2.4,3.9,5.8,nan,nan,
2026-09-11T07:58:28.546119Z,8.0,114.526,50,2,update,631.5,591.2,0,75.5,79.7,79.7,79.7,nan,nan,
2026-09-11T07:58:28.546170Z,9.0,115.491,50,2,read,2326.9,2367.9,0,1.2,2.0,4.5,13.1,nan,nan,
2026-09-11T07:58:28.546218Z,9.0,115.491,50,2,update,631.2,595.6,0,75.5,79.7,100.7,117.4,nan,nan,
2026-09-11T07:58:28.546267Z,10.0,116.494,50,2,read,2309.6,2362.0,0,1.2,2.1,3.3,7.1,nan,nan,
2026-09-11T07:58:28.546315Z,10.0,116.494,50,2,update,620.1,598.1,0,75.5,79.7,100.7,121.6,nan,nan,
2026-09-11T07:58:28.546367Z,11.0,117.495,50,2,read,2525.4,2376.9,0,1.2,2.4,4.1,21.0,nan,nan,
2026-09-11T07:58:28.546416Z,11.0,117.495,50,2,update,638.1,601.7,0,75.5,79.7,88.1,96.5,nan,nan,
2026-09-11T07:58:28.546466Z,12.0,118.491,50,2,read,2643.8,2399.1,0,1.2,1.9,2.9,4.7,nan,nan,
2026-09-11T07:58:28.546561Z,12.0,118.491,50,2,update,631.7,604.2,0,75.5,79.7,100.7,104.9,nan,nan,
2026-09-11T07:58:28.546610Z,13.0,119.515,50,2,read,2516.9,2408.2,0,1.3,2.5,3.3,5.5,nan,nan,
2026-09-11T07:58:28.546655Z,13.0,119.515,50,2,update,631.0,606.3,0,75.5,79.7,104.9,104.9,nan,nan,
2026-09-11T07:58:28.546702Z,14.0,120.494,50,2,read,2500.0,2414.7,0,1.2,1.9,2.8,5.0,nan,nan,
2026-09-11T07:58:28.546748Z,14.0,120.494,50,2,update,621.2,607.3,0,75.5,79.7,100.7,109.1,nan,nan,
2026-09-11T07:58:28.546800Z,15.0,121.51,50,2,read,2475.4,2418.8,0,1.2,2.0,3.0,8.9,nan,nan,
2026-09-11T07:58:28.546844Z,15.0,121.51,50,2,update,640.1,609.5,0,75.5,75.5,79.7,83.9,nan,nan,
2026-09-11T07:58:28.546891Z,16.0,122.495,50,2,read,2520.1,2425.1,0,1.2,2.1,3.3,5.0,nan,nan,
2026-09-11T07:58:28.546935Z,16.0,122.495,50,2,update,616.8,610.0,0,75.5,79.7,104.9,113.2,nan,nan,
2026-09-11T07:58:28.546988Z,17.0,123.488,50,2,read,2524.5,2431.0,0,1.2,2.5,3.1,4.5,nan,nan,
2026-09-11T07:58:28.547032Z,17.0,123.488,50,2,update,629.1,611.1,0,75.5,79.7,100.7,113.2,nan,nan,
2026-09-11T07:58:28.547078Z,18.0,124.488,50,2,read,2454.0,2432.2,0,1.2,1.9,2.9,5.0,nan,nan,
2026-09-11T07:58:28.547122Z,18.0,124.488,50,2,update,638.0,612.6,0,75.5,75.5,79.7,79.7,nan,nan,
2026-09-11T07:58:28.547169Z,19.0,125.489,50,2,read,2564.0,2439.2,0,1.2,2.2,3.0,6.0,nan,nan,
2026-09-11T07:58:28.547212Z,19.0,125.489,50,2,update,626.7,613.3,0,75.5,79.7,100.7,109.1,nan,nan,
2026-09-11T07:58:28.547259Z,20.0,126.493,50,2,read,2547.6,2444.6,0,1.2,2.0,2.8,6.8,nan,nan,
2026-09-11T07:58:28.547304Z,20.0,126.493,50,2,update,628.9,614.1,0,75.5,79.7,96.5,109.1,nan,nan,
2026-09-11T07:58:28.547357Z,21.0,127.513,50,2,read,2549.9,2449.6,0,1.1,1.8,2.4,4.7,nan,nan,
2026-09-11T07:58:28.547401Z,21.0,127.513,50,2,update,642.5,615.5,0,75.5,79.7,96.5,109.1,nan,nan,
2026-09-11T07:58:28.547448Z,22.0,128.491,50,2,read,2439.0,2449.1,0,1.1,1.7,2.4,4.1,nan,nan,
2026-09-11T07:58:28.547492Z,22.0,128.491,50,2,update,639.5,616.6,0,75.5,75.5,79.7,79.7,nan,nan,
2026-09-11T07:58:28.547573Z,23.0,129.491,50,2,read,2197.3,2438.2,0,1.2,3.0,5.0,6.0,nan,nan,
2026-09-11T07:58:28.547654Z,23.0,129.491,50,2,update,601.1,615.9,0,75.5,113.2,159.4,167.8,nan,nan,
2026-09-11T07:58:28.547713Z,24.0,130.588,50,2,read,2310.4,2432.9,0,1.2,2.5,3.8,5.5,nan,nan,
2026-09-11T07:58:28.547773Z,24.0,130.588,50,2,update,613.1,615.8,0,75.5,121.6,159.4,167.8,nan,nan,
2026-09-11T07:58:28.547824Z,25.0,131.615,50,2,read,2591.8,2439.2,0,1.3,3.1,5.8,11.0,nan,nan,
2026-09-11T07:58:28.547871Z,25.0,131.615,50,2,update,586.0,614.6,0,75.5,83.9,100.7,109.1,nan,nan,
2026-09-11T07:58:28.547919Z,26.0,132.521,50,2,read,2501.2,2441.6,0,1.2,2.0,2.8,6.3,nan,nan,
2026-09-11T07:58:28.547966Z,26.0,132.521,50,2,update,637.3,615.5,0,75.5,79.7,83.9,92.3,nan,nan,
2026-09-11T07:58:28.548014Z,27.0,133.491,50,2,read,2547.5,2445.5,0,1.2,2.4,3.5,5.5,nan,nan,
2026-09-11T07:58:28.548061Z,27.0,133.491,50,2,update,620.9,615.7,0,75.5,83.9,113.2,117.4,nan,nan,
2026-09-11T07:58:28.548121Z,28.0,134.491,50,2,read,2372.8,2442.9,0,1.2,2.0,2.9,5.0,nan,nan,
2026-09-11T07:58:28.548235Z,28.0,134.491,50,2,update,636.9,616.4,0,75.5,79.7,83.9,88.1,nan,nan,
2026-09-11T07:58:28.548285Z,29.0,135.494,50,2,read,2423.9,2442.3,0,1.2,2.0,2.8,3.5,nan,nan,
2026-09-11T07:58:28.548330Z,29.0,135.494,50,2,update,635.0,617.1,0,75.5,79.7,100.7,104.9,nan,nan,
2026-09-11T07:58:28.548381Z,30.0,136.638,50,2,read,2604.9,2447.7,0,1.2,1.8,2.5,5.2,nan,nan,
2026-09-11T07:58:28.548427Z,30.0,136.638,50,2,update,632.2,617.6,0,75.5,79.7,79.7,88.1,nan,nan,
2026-09-11T07:58:28.548473Z,31.0,137.526,50,2,read,2325.8,2443.8,0,1.3,2.6,3.5,7.1,nan,nan,
2026-09-11T07:58:28.548518Z,31.0,137.526,50,2,update,621.9,617.7,0,75.5,79.7,109.1,121.6,nan,nan,
2026-09-11T07:58:28.548565Z,32.0,138.493,50,2,read,2527.0,2446.4,0,1.3,2.4,3.3,4.5,nan,nan,
2026-09-11T07:58:28.548609Z,32.0,138.493,50,2,update,615.5,617.6,0,75.5,88.1,121.6,125.8,nan,nan,
2026-09-11T07:58:28.548656Z,33.0,139.491,50,2,read,2429.5,2445.8,0,1.3,2.5,3.7,6.6,nan,nan,
2026-09-11T07:58:28.548701Z,33.0,139.491,50,2,update,624.4,617.8,0,75.5,79.7,121.6,125.8,nan,nan,
2026-09-11T07:58:28.548783Z,34.0,140.56,50,2,read,2469.6,2446.5,0,1.3,2.5,3.8,10.0,nan,nan,
2026-09-11T07:58:28.548854Z,34.0,140.56,50,2,update,607.1,617.5,0,75.5,79.7,121.6,125.8,nan,nan,
2026-09-11T07:58:28.548908Z,35.0,141.553,50,2,read,2392.0,2445.0,0,1.3,2.9,5.5,8.9,nan,nan,
2026-09-11T07:58:28.548955Z,35.0,141.553,50,2,update,631.0,617.9,0,75.5,83.9,113.2,125.8,nan,nan,
2026-09-11T07:58:28.549003Z,36.0,142.499,50,2,read,2436.3,2444.7,0,1.4,4.7,8.9,22.0,nan,nan,
2026-09-11T07:58:28.549053Z,36.0,142.499,50,2,update,587.1,617.1,0,75.5,83.9,92.3,109.1,nan,nan,
2026-09-11T07:58:28.549100Z,37.0,143.491,50,2,read,2439.6,2444.6,0,1.3,2.8,4.7,8.1,nan,nan,
2026-09-11T07:58:28.549145Z,37.0,143.491,50,2,update,612.9,616.9,0,75.5,79.7,104.9,117.4,nan,nan,
2026-09-11T07:58:28.549191Z,38.0,144.492,50,2,read,2567.4,2447.8,0,1.4,3.4,5.2,10.5,nan,nan,
2026-09-11T07:58:28.549241Z,38.0,144.492,50,2,update,613.6,616.9,0,75.5,83.9,96.5,113.2,nan,nan,
2026-09-11T07:58:28.549287Z,39.0,145.528,50,2,read,2437.3,2447.6,0,1.3,2.8,5.5,8.4,nan,nan,
2026-09-11T07:58:28.549331Z,39.0,145.528,50,2,update,625.3,617.1,0,75.5,83.9,100.7,109.1,nan,nan,
2026-09-11T07:58:28.549377Z,40.0,146.494,50,2,read,2385.4,2446.0,0,1.4,3.1,6.0,9.4,nan,nan,
2026-09-11T07:58:28.549422Z,40.0,146.494,50,2,update,607.8,616.8,0,75.5,83.9,104.9,113.2,nan,nan,
2026-09-11T07:58:28.549469Z,41.0,147.494,50,2,read,2415.0,2445.3,0,1.4,4.2,7.3,19.9,nan,nan,
2026-09-11T07:58:28.549512Z,41.0,147.494,50,2,update,595.2,616.3,0,75.5,96.5,121.6,125.8,nan,nan,
2026-09-11T07:58:28.549558Z,42.0,148.502,50,2,read,2307.4,2442.0,0,1.3,3.0,4.5,10.5,nan,nan,
2026-09-11T07:58:28.549603Z,42.0,148.502,50,2,update,614.6,616.3,0,75.5,83.9,121.6,125.8,nan,nan,
2026-09-11T07:58:28.549649Z,43.0,149.501,50,2,read,2355.6,2440.0,0,1.3,2.4,3.9,8.1,nan,nan,
2026-09-11T07:58:28.549693Z,43.0,149.501,50,2,update,631.4,616.6,0,75.5,79.7,88.1,88.1,nan,nan,
2026-09-11T07:58:28.549740Z,44.0,150.494,50,2,read,2373.3,2438.5,0,1.3,3.1,5.2,209.7,nan,nan,
2026-09-11T07:58:28.549785Z,44.0,150.494,50,2,update,605.1,616.4,0,75.5,83.9,109.1,117.4,nan,nan,
2026-09-11T07:58:28.549831Z,45.0,151.494,50,2,read,2553.9,2441.0,0,1.3,2.6,4.5,6.6,nan,nan,
2026-09-11T07:58:28.549875Z,45.0,151.494,50,2,update,621.0,616.5,0,75.5,83.9,104.9,109.1,nan,nan,
2026-09-11T07:58:28.549921Z,46.0,152.539,50,2,read,2403.1,2440.2,0,1.4,3.8,5.8,9.4,nan,nan,
2026-09-11T07:58:28.549967Z,46.0,152.539,50,2,update,609.0,616.3,0,75.5,83.9,104.9,113.2,nan,nan,
2026-09-11T07:58:28.550012Z,47.0,153.488,50,2,read,2396.1,2439.3,0,1.6,4.2,6.3,8.9,nan,nan,
2026-09-11T07:58:28.550057Z,47.0,153.488,50,2,update,576.5,615.5,0,75.5,109.1,151.0,167.8,nan,nan,
2026-09-11T07:58:28.550103Z,48.0,154.492,50,2,read,2452.9,2439.5,0,1.5,5.5,12.1,21.0,nan,nan,
2026-09-11T07:58:28.550148Z,48.0,154.492,50,2,update,596.0,615.1,0,75.5,83.9,96.5,104.9,nan,nan,
2026-09-11T07:58:28.550194Z,49.0,155.561,50,2,read,2147.7,2433.6,0,1.8,12.6,15.2,26.2,nan,nan,
2026-09-11T07:58:28.550239Z,49.0,155.561,50,2,update,519.4,613.1,0,79.7,100.7,117.4,125.8,nan,nan,
2026-09-11T07:58:28.550285Z,50.0,156.495,50,2,read,2187.0,2428.7,0,1.8,8.4,12.6,16.8,nan,nan,
2026-09-11T07:58:28.550329Z,50.0,156.495,50,2,update,556.7,612.0,0,79.7,104.9,113.2,117.4,nan,nan,
2026-09-11T07:58:28.550375Z,51.0,157.501,50,2,read,2260.2,2425.4,0,2.1,11.0,14.7,27.3,nan,nan,
2026-09-11T07:58:28.550419Z,51.0,157.501,50,2,update,541.9,610.6,0,79.7,104.9,117.4,117.4,nan,nan,
2026-09-11T07:58:28.550465Z,52.0,158.488,50,2,read,2418.3,2425.2,0,1.7,8.4,14.7,21.0,nan,nan,
2026-09-11T07:58:28.550509Z,52.0,158.488,50,2,update,540.2,609.2,0,75.5,96.5,113.2,117.4,nan,nan,
2026-09-11T07:58:28.550556Z,53.0,159.492,50,2,read,2289.4,2422.6,0,1.5,7.3,14.2,16.3,nan,nan,
2026-09-11T07:58:28.550601Z,53.0,159.492,50,2,update,570.9,608.5,0,75.5,100.7,125.8,142.6,nan,nan,
2026-09-11T07:58:28.550648Z,54.0,160.492,50,2,read,2449.5,2423.1,0,1.4,5.5,13.1,16.3,nan,nan,
2026-09-11T07:58:28.550693Z,54.0,160.492,50,2,update,595.9,608.3,0,75.5,92.3,96.5,109.1,nan,nan,
2026-09-11T07:58:28.550739Z,55.0,161.541,50,2,read,2510.7,2424.7,0,1.2,2.8,9.4,13.1,nan,nan,
2026-09-11T07:58:28.550802Z,55.0,161.541,50,2,update,617.2,608.4,0,75.5,79.7,88.1,100.7,nan,nan,
2026-09-11T07:58:28.550848Z,56.0,162.493,50,2,read,2298.9,2422.5,0,1.3,3.3,5.0,9.4,nan,nan,
2026-09-11T07:58:28.550893Z,56.0,162.493,50,2,update,618.0,608.6,0,75.5,83.9,104.9,113.2,nan,nan,
2026-09-11T07:58:28.550939Z,57.0,163.493,50,2,read,2447.3,2422.9,0,1.4,3.1,6.6,11.5,nan,nan,
2026-09-11T07:58:28.550983Z,57.0,163.493,50,2,update,615.3,608.7,0,75.5,83.9,109.1,113.2,nan,nan,
2026-09-11T07:58:28.551030Z,58.0,164.49,50,2,read,2321.4,2421.2,0,1.4,3.3,4.5,11.0,nan,nan,
2026-09-11T07:58:28.551074Z,58.0,164.49,50,2,update,605.8,608.7,0,75.5,88.1,121.6,134.2,nan,nan,
2026-09-11T07:58:28.551121Z,59.0,165.617,50,2,read,2437.8,2421.5,0,1.2,2.6,4.5,8.9,nan,nan,
2026-09-11T07:58:28.551165Z,59.0,165.617,50,2,update,626.0,609.0,0,75.5,79.7,88.1,88.1,nan,nan,
2026-09-11T07:59:57.330928Z,6.0,201.276,100,1,read,4763.7,4293.3,0,1.1,2.8,3.7,6.0,nan,nan,
2026-09-11T07:59:57.331385Z,6.0,201.276,100,1,update,1249.9,1072.5,0,75.5,83.9,88.1,92.3,nan,nan,
2026-09-11T07:59:57.331465Z,7.0,202.379,100,1,read,4912.3,4381.7,0,1.2,4.1,5.8,7.1,nan,nan,
2026-09-11T07:59:57.331523Z,7.0,202.379,100,1,update,1192.1,1089.6,0,75.5,96.5,125.8,142.6,nan,nan,
2026-09-11T07:59:57.331578Z,8.0,203.289,100,1,read,4963.2,4454.3,0,1.0,2.5,4.1,6.8,nan,nan,
2026-09-11T07:59:57.331627Z,8.0,203.289,100,1,update,1241.1,1108.5,0,75.5,79.7,88.1,96.5,nan,nan,
2026-09-11T07:59:57.331678Z,9.0,204.297,100,1,read,4373.2,4445.3,0,1.4,4.2,6.0,9.4,nan,nan,
2026-09-11T07:59:57.331728Z,9.0,204.297,100,1,update,1169.0,1115.2,0,79.7,109.1,121.6,134.2,nan,nan,
2026-09-11T07:59:57.331778Z,10.0,205.278,100,1,read,4539.4,4454.7,0,1.2,3.9,7.1,12.6,nan,nan,
2026-09-11T07:59:57.331827Z,10.0,205.278,100,1,update,1153.1,1119.0,0,75.5,125.8,159.4,167.8,nan,nan,
2026-09-11T07:59:57.331877Z,11.0,206.28,100,1,read,4684.9,4475.7,0,1.2,3.0,4.7,6.6,nan,nan,
2026-09-11T07:59:57.331925Z,11.0,206.28,100,1,update,1218.8,1128.1,0,79.7,88.1,100.7,113.2,nan,nan,
2026-09-11T07:59:57.331974Z,12.0,207.278,100,1,read,4789.6,4501.8,0,1.3,3.7,5.5,7.6,nan,nan,
2026-09-11T07:59:57.332021Z,12.0,207.278,100,1,update,1175.2,1132.0,0,79.7,92.3,117.4,125.8,nan,nan,
2026-09-11T07:59:57.332070Z,13.0,208.278,100,1,read,4865.1,4529.8,0,1.2,3.4,5.2,11.5,nan,nan,
2026-09-11T07:59:57.332119Z,13.0,208.278,100,1,update,1190.0,1136.5,0,79.7,88.1,113.2,125.8,nan,nan,
2026-09-11T07:59:57.332168Z,14.0,209.279,100,1,read,4752.3,4545.7,0,1.3,4.2,7.3,12.1,nan,nan,
2026-09-11T07:59:57.332219Z,14.0,209.279,100,1,update,1159.9,1138.1,0,79.7,100.7,125.8,130.0,nan,nan,
2026-09-11T07:59:57.332270Z,15.0,210.277,100,1,read,4805.4,4563.0,0,1.2,3.8,7.6,10.5,nan,nan,
2026-09-11T07:59:57.332317Z,15.0,210.277,100,1,update,1198.1,1142.1,0,75.5,83.9,104.9,117.4,nan,nan,
2026-09-11T07:59:57.332376Z,16.0,211.277,100,1,read,4721.1,4573.0,0,1.2,5.0,6.8,14.2,nan,nan,
2026-09-11T07:59:57.332423Z,16.0,211.277,100,1,update,1202.5,1145.9,0,79.7,104.9,117.4,142.6,nan,nan,
2026-09-11T07:59:57.332472Z,17.0,212.517,100,1,read,4738.0,4582.6,0,1.2,3.5,6.6,13.6,nan,nan,
2026-09-11T07:59:57.332518Z,17.0,212.517,100,1,update,1150.2,1146.2,0,79.7,88.1,117.4,130.0,nan,nan,
2026-09-11T07:59:57.332567Z,18.0,213.278,100,1,read,4659.3,4586.8,0,1.1,3.3,5.5,13.1,nan,nan,
2026-09-11T07:59:57.332615Z,18.0,213.278,100,1,update,1234.8,1151.1,0,75.5,88.1,121.6,130.0,nan,nan,
2026-09-11T07:59:57.332664Z,19.0,214.276,100,1,read,4758.8,4595.9,0,1.1,3.8,5.8,9.4,nan,nan,
2026-09-11T07:59:57.332711Z,19.0,214.276,100,1,update,1214.5,1154.4,0,75.5,92.3,117.4,125.8,nan,nan,
2026-09-11T07:59:57.332760Z,20.0,215.279,100,1,read,4645.5,4598.3,0,1.4,5.0,10.5,16.3,nan,nan,
2026-09-11T07:59:57.332809Z,20.0,215.279,100,1,update,1108.9,1152.1,0,79.7,113.2,125.8,134.2,nan,nan,
2026-09-11T07:59:57.332861Z,21.0,216.276,100,1,read,4138.8,4576.5,0,1.2,5.5,7.6,218.1,nan,nan,
2026-09-11T07:59:57.332908Z,21.0,216.276,100,1,update,1031.7,1146.4,0,79.7,176.2,218.1,226.5,nan,nan,
2026-09-11T07:59:57.332957Z,22.0,217.277,100,1,read,4983.0,4594.9,0,1.2,3.4,5.2,8.9,nan,nan,
2026-09-11T07:59:57.333026Z,22.0,217.277,100,1,update,1230.5,1150.2,0,75.5,92.3,121.6,125.8,nan,nan,
2026-09-11T07:59:57.333073Z,23.0,218.301,100,1,read,4514.9,4591.4,0,1.4,4.5,7.1,9.4,nan,nan,
2026-09-11T07:59:57.333117Z,23.0,218.301,100,1,update,1107.5,1148.4,0,79.7,130.0,159.4,167.8,nan,nan,
2026-09-11T07:59:57.333163Z,24.0,219.277,100,1,read,4862.1,4602.7,0,1.0,3.7,5.2,8.4,nan,nan,
2026-09-11T07:59:57.333208Z,24.0,219.277,100,1,update,1218.3,1151.3,0,75.5,83.9,121.6,130.0,nan,nan,
2026-09-11T07:59:57.333253Z,25.0,220.403,100,1,read,4477.2,4597.7,0,1.0,3.4,5.0,10.5,nan,nan,
2026-09-11T07:59:57.333298Z,25.0,220.403,100,1,update,1233.3,1154.6,0,75.5,96.5,125.8,130.0,nan,nan,
2026-09-11T07:59:57.333348Z,26.0,221.415,100,1,read,4938.6,4610.8,0,1.0,3.5,5.5,9.4,nan,nan,
2026-09-11T07:59:57.333427Z,26.0,221.415,100,1,update,1218.9,1157.0,0,75.5,100.7,121.6,125.8,nan,nan,
2026-09-11T07:59:57.333508Z,27.0,222.277,100,1,read,4732.5,4615.4,0,1.1,3.5,5.8,8.4,nan,nan,
2026-09-11T07:59:57.333580Z,27.0,222.277,100,1,update,1187.6,1158.2,0,75.5,92.3,130.0,134.2,nan,nan,
2026-09-11T07:59:57.333636Z,28.0,223.294,100,1,read,4701.8,4618.5,0,1.0,3.8,6.6,11.0,nan,nan,
2026-09-11T07:59:57.333685Z,28.0,223.294,100,1,update,1229.2,1160.7,0,75.5,83.9,113.2,130.0,nan,nan,
2026-09-11T07:59:57.333734Z,29.0,224.283,100,1,read,4830.5,4625.8,0,1.0,3.9,6.3,11.5,nan,nan,
2026-09-11T07:59:57.333780Z,29.0,224.283,100,1,update,1211.9,1162.5,0,75.5,88.1,117.4,125.8,nan,nan,
2026-09-11T07:59:57.333828Z,30.0,225.292,100,1,read,4525.8,4622.4,0,1.2,3.9,6.6,11.5,nan,nan,
2026-09-11T07:59:57.333874Z,30.0,225.292,100,1,update,1186.9,1163.3,0,75.5,83.9,113.2,130.0,nan,nan,
2026-09-11T07:59:57.333920Z,31.0,226.341,100,1,read,4546.2,4620.0,0,1.3,4.1,8.4,209.7,nan,nan,
2026-09-11T07:59:57.333966Z,31.0,226.341,100,1,update,1200.8,1164.5,0,75.5,88.1,121.6,130.0,nan,nan,
2026-09-11T07:59:57.334013Z,32.0,227.287,100,1,read,4651.3,4620.9,0,1.6,5.0,7.1,11.5,nan,nan,
2026-09-11T07:59:57.334058Z,32.0,227.287,100,1,update,1185.3,1165.1,0,79.7,83.9,88.1,96.5,nan,nan,
2026-09-11T07:59:57.334104Z,33.0,228.277,100,1,read,4578.5,4619.6,0,1.8,4.7,6.6,13.1,nan,nan,
2026-09-11T07:59:57.334149Z,33.0,228.277,100,1,update,1163.4,1165.1,0,79.7,92.3,117.4,121.6,nan,nan,
2026-09-11T07:59:57.334196Z,34.0,229.279,100,1,read,4591.6,4618.8,0,1.8,4.5,5.8,8.1,nan,nan,
2026-09-11T07:59:57.334241Z,34.0,229.279,100,1,update,1147.7,1164.6,0,79.7,88.1,117.4,125.8,nan,nan,
2026-09-11T07:59:57.334288Z,35.0,230.326,100,1,read,4788.1,4623.7,0,1.8,4.7,6.8,10.0,nan,nan,
2026-09-11T07:59:57.334332Z,35.0,230.326,100,1,update,1173.5,1164.8,0,79.7,88.1,117.4,130.0,nan,nan,
2026-09-11T07:59:57.334379Z,36.0,231.278,100,1,read,3246.8,4585.4,0,5.0,18.9,26.2,39.8,nan,nan,
2026-09-11T07:59:57.334425Z,36.0,231.278,100,1,update,785.9,1154.3,0,92.3,151.0,176.2,184.5,nan,nan,
2026-09-11T07:59:57.334471Z,37.0,232.276,100,1,read,2837.3,4538.2,0,6.8,16.3,18.9,27.3,nan,nan,
2026-09-11T07:59:57.334516Z,37.0,232.276,100,1,update,751.4,1143.4,0,109.1,151.0,159.4,167.8,nan,nan,
2026-09-11T07:59:57.334563Z,38.0,233.285,100,1,read,3083.6,4499.9,0,6.3,13.1,15.2,30.4,nan,nan,
2026-09-11T07:59:57.334609Z,38.0,233.285,100,1,update,772.2,1133.7,0,104.9,130.0,142.6,142.6,nan,nan,
2026-09-11T07:59:57.334656Z,39.0,234.282,100,1,read,3059.4,4463.0,0,7.1,15.2,17.8,24.1,nan,nan,
2026-09-11T07:59:57.334700Z,39.0,234.282,100,1,update,722.6,1123.1,0,109.1,142.6,151.0,151.0,nan,nan,
2026-09-11T07:59:57.334747Z,40.0,235.276,100,1,read,3083.7,4428.5,0,7.1,19.9,25.2,46.1,nan,nan,
2026-09-11T07:59:57.334793Z,40.0,235.276,100,1,update,741.7,1113.6,0,104.9,142.6,151.0,151.0,nan,nan,
2026-09-11T07:59:57.334840Z,41.0,236.432,100,1,read,2755.6,4387.7,0,8.1,15.7,18.9,29.4,nan,nan,
2026-09-11T07:59:57.334884Z,41.0,236.432,100,1,update,724.4,1104.1,0,109.1,142.6,159.4,167.8,nan,nan,
2026-09-11T07:59:57.334931Z,42.0,237.28,100,1,read,3078.1,4356.5,0,6.6,15.2,17.8,29.4,nan,nan,
2026-09-11T07:59:57.334976Z,42.0,237.28,100,1,update,758.0,1095.8,0,104.9,134.2,142.6,151.0,nan,nan,
2026-09-11T07:59:57.335047Z,43.0,238.276,100,1,read,2924.7,4323.2,0,6.8,16.8,21.0,37.7,nan,nan,
2026-09-11T07:59:57.335093Z,43.0,238.276,100,1,update,701.2,1086.7,0,109.1,159.4,167.8,167.8,nan,nan,
2026-09-11T07:59:57.335140Z,44.0,239.277,100,1,read,2823.7,4289.1,0,8.1,16.3,17.8,31.5,nan,nan,
2026-09-11T07:59:57.335192Z,44.0,239.277,100,1,update,717.9,1078.3,0,109.1,151.0,159.4,176.2,nan,nan,
2026-09-11T07:59:57.335239Z,45.0,240.276,100,1,read,2659.0,4252.9,0,8.1,19.9,23.1,35.7,nan,nan,
2026-09-11T07:59:57.335287Z,45.0,240.276,100,1,update,701.0,1069.9,0,109.1,151.0,176.2,176.2,nan,nan,
2026-09-11T07:59:57.335336Z,46.0,241.369,100,1,read,2957.2,4224.7,0,7.1,14.2,16.3,29.4,nan,nan,
2026-09-11T07:59:57.335382Z,46.0,241.369,100,1,update,757.1,1063.1,0,104.9,130.0,134.2,142.6,nan,nan,
2026-09-11T07:59:57.335428Z,47.0,242.327,100,1,read,2655.0,4191.4,0,8.9,19.9,23.1,44.0,nan,nan,
2026-09-11T07:59:57.335473Z,47.0,242.327,100,1,update,644.0,1054.2,0,117.4,159.4,192.9,192.9,nan,nan,
2026-09-11T07:59:57.335519Z,48.0,243.292,100,1,read,3026.0,4167.1,0,8.9,14.7,19.9,32.5,nan,nan,
2026-09-11T07:59:57.335565Z,48.0,243.292,100,1,update,748.0,1047.8,0,109.1,134.2,151.0,176.2,nan,nan,
2026-09-11T07:59:57.335612Z,49.0,244.278,100,1,read,2950.3,4142.2,0,6.3,15.7,18.9,35.7,nan,nan,
2026-09-11T07:59:57.335657Z,49.0,244.278,100,1,update,746.8,1041.7,0,104.9,151.0,159.4,176.2,nan,nan,
2026-09-11T07:59:57.335704Z,50.0,245.277,100,1,read,2976.8,4118.9,0,7.1,15.7,18.9,30.4,nan,nan,
2026-09-11T07:59:57.335749Z,50.0,245.277,100,1,update,790.9,1036.6,0,104.9,142.6,159.4,176.2,nan,nan,
2026-09-11T07:59:57.335796Z,51.0,246.279,100,1,read,2781.1,4092.7,0,7.3,15.7,17.8,30.4,nan,nan,
2026-09-11T07:59:57.335841Z,51.0,246.279,100,1,update,730.3,1030.6,0,104.9,134.2,142.6,151.0,nan,nan,
2026-09-11T07:59:57.335887Z,52.0,247.279,100,1,read,3100.0,4073.6,0,6.8,13.1,15.2,19.9,nan,nan,
2026-09-11T07:59:57.335931Z,52.0,247.279,100,1,update,784.5,1025.9,0,104.9,142.6,167.8,184.5,nan,nan,
2026-09-11T07:59:57.335978Z,53.0,248.279,100,1,read,2881.9,4051.1,0,6.8,15.7,17.8,30.4,nan,nan,
2026-09-11T07:59:57.336023Z,53.0,248.279,100,1,update,736.5,1020.5,0,109.1,142.6,159.4,167.8,nan,nan,
2026-09-11T07:59:57.336070Z,54.0,249.276,100,1,read,3052.0,4032.6,0,7.9,16.3,19.9,35.7,nan,nan,
2026-09-11T07:59:57.336115Z,54.0,249.276,100,1,update,695.0,1014.4,0,109.1,142.6,159.4,167.8,nan,nan,
2026-09-11T07:59:57.336162Z,55.0,250.277,100,1,read,2967.2,4013.2,0,6.6,13.1,15.2,23.1,nan,nan,
2026-09-11T07:59:57.336206Z,55.0,250.277,100,1,update,767.8,1009.9,0,104.9,142.6,167.8,176.2,nan,nan,
2026-09-11T07:59:57.336253Z,56.0,251.286,100,1,read,3169.6,3998.2,0,7.1,11.5,13.1,24.1,nan,nan,
2026-09-11T07:59:57.336299Z,56.0,251.286,100,1,update,789.1,1006.0,0,100.7,121.6,130.0,134.2,nan,nan,
2026-09-11T07:59:57.336345Z,57.0,252.352,100,1,read,2863.2,3978.3,0,7.3,16.8,19.9,31.5,nan,nan,
2026-09-11T07:59:57.336394Z,57.0,252.352,100,1,update,741.1,1001.3,0,109.1,134.2,142.6,159.4,nan,nan,
2026-09-11T07:59:57.336443Z,58.0,253.318,100,1,read,2885.7,3959.4,0,6.8,17.8,19.9,37.7,nan,nan,
2026-09-11T07:59:57.336490Z,58.0,253.318,100,1,update,733.4,996.7,0,104.9,134.2,151.0,159.4,nan,nan,
2026-09-11T07:59:57.336537Z,59.0,254.276,100,1,read,2960.5,3942.5,0,7.6,14.2,16.3,25.2,nan,nan,
2026-09-11T07:59:57.336583Z,59.0,254.276,100,1,update,754.6,992.6,0,109.1,142.6,151.0,151.0,nan,nan,
2026-09-11T07:59:57.336631Z,60.0,255.282,100,1,read,3217.6,3930.4,0,6.8,14.2,17.8,29.4,nan,nan,
2026-09-11T07:59:57.336677Z,60.0,255.282,100,1,update,759.7,988.7,0,104.9,142.6,159.4,167.8,nan,nan,
2026-09-11T08:01:24.104197Z,6.0,288.056,10,3,read,607.6,533.6,0,0.7,1.2,1.4,1.9,nan,nan,
2026-09-11T08:01:24.104408Z,6.0,288.056,10,3,update,127.9,124.7,0,75.5,75.5,100.7,117.4,nan,nan,
2026-09-11T08:01:24.104471Z,7.0,289.053,10,3,read,489.8,527.4,0,0.7,1.3,1.4,1.8,nan,nan,
2026-09-11T08:01:24.104526Z,7.0,289.053,10,3,update,130.0,125.4,0,75.5,75.5,75.5,75.5,nan,nan,
2026-09-11T08:01:24.104579Z,8.0,290.052,10,3,read,474.2,520.7,0,0.7,1.2,1.4,1.7,nan,nan,
2026-09-11T08:01:24.104674Z,8.0,290.052,10,3,update,131.1,126.1,0,75.5,75.5,75.5,79.7,nan,nan,
2026-09-11T08:01:24.104724Z,9.0,291.056,10,3,read,472.9,515.4,0,0.7,1.2,1.4,1.7,nan,nan,
2026-09-11T08:01:24.104772Z,9.0,291.056,10,3,update,136.0,127.2,0,75.5,75.5,75.5,75.5,nan,nan,
2026-09-11T08:01:24.104819Z,10.0,292.05,10,3,read,423.2,506.2,0,0.7,1.4,1.6,15.2,nan,nan,
2026-09-11T08:01:24.104866Z,10.0,292.05,10,3,update,124.1,126.9,0,75.5,109.1,167.8,167.8,nan,nan,
2026-09-11T08:01:24.104916Z,11.0,293.106,10,3,read,497.8,505.4,0,0.7,1.2,1.4,2.2,nan,nan,
2026-09-11T08:01:24.104961Z,11.0,293.106,10,3,update,130.9,127.3,0,75.5,75.5,75.5,75.5,nan,nan,
2026-09-11T08:01:24.105008Z,12.0,294.052,10,3,read,526.0,507.1,0,0.7,1.3,1.5,2.5,nan,nan,
2026-09-11T08:01:24.105054Z,12.0,294.052,10,3,update,131.0,127.6,0,75.5,75.5,79.7,79.7,nan,nan,
2026-09-11T08:01:24.105100Z,13.0,295.049,10,3,read,575.8,512.4,0,0.7,1.2,1.4,1.6,nan,nan,
2026-09-11T08:01:24.105152Z,13.0,295.049,10,3,update,130.0,127.8,0,75.5,75.5,75.5,75.5,nan,nan,
2026-09-11T08:01:24.105198Z,14.0,296.052,10,3,read,480.4,510.1,0,0.7,1.3,1.5,2.1,nan,nan,
2026-09-11T08:01:24.105244Z,14.0,296.052,10,3,update,134.1,128.2,0,75.5,75.5,75.5,75.5,nan,nan,
2026-09-11T08:01:24.105291Z,15.0,297.056,10,3,read,514.7,510.4,0,0.7,1.3,1.6,2.2,nan,nan,
2026-09-11T08:01:24.105336Z,15.0,297.056,10,3,update,128.9,128.3,0,75.5,83.9,113.2,117.4,nan,nan,
2026-09-11T08:01:24.105382Z,16.0,298.226,10,3,read,466.2,507.7,0,0.7,1.3,1.5,1.7,nan,nan,
2026-09-11T08:01:24.105431Z,16.0,298.226,10,3,update,132.0,128.5,0,75.5,75.5,75.5,75.5,nan,nan,
2026-09-11T08:01:24.105478Z,17.0,299.053,10,3,read,407.0,501.8,0,0.7,1.3,1.4,1.8,nan,nan,
2026-09-11T08:01:24.105522Z,17.0,299.053,10,3,update,131.0,128.6,0,75.5,75.5,79.7,79.7,nan,nan,
2026-09-11T08:01:24.105568Z,18.0,300.063,10,3,read,476.8,500.4,0,0.7,1.3,1.5,3.4,nan,nan,
2026-09-11T08:01:24.105612Z,18.0,300.063,10,3,update,131.9,128.8,0,75.5,75.5,75.5,75.5,nan,nan,
2026-09-11T08:01:24.105659Z,19.0,301.056,10,3,read,467.1,498.6,0,0.8,1.4,1.6,4.1,nan,nan,
2026-09-11T08:01:24.105703Z,19.0,301.056,10,3,update,131.0,128.9,0,75.5,75.5,75.5,75.5,nan,nan,
2026-09-11T08:01:24.105748Z,20.0,302.052,10,3,read,513.1,499.3,0,0.8,1.4,1.7,2.4,nan,nan,
2026-09-11T08:01:24.105792Z,20.0,302.052,10,3,update,134.0,129.2,0,75.5,75.5,75.5,79.7,nan,nan,
2026-09-11T08:01:24.105837Z,21.0,303.056,10,3,read,547.6,501.6,0,0.7,1.3,1.6,2.5,nan,nan,
2026-09-11T08:01:24.105881Z,21.0,303.056,10,3,update,129.9,129.2,0,75.5,75.5,75.5,75.5,nan,nan,
2026-09-11T08:01:24.105932Z,22.0,304.048,10,3,read,525.3,502.7,0,0.8,1.4,2.2,2.9,nan,nan,
2026-09-11T08:01:24.106018Z,22.0,304.048,10,3,update,132.1,129.4,0,75.5,75.5,79.7,79.7,nan,nan,
2026-09-11T08:01:24.106079Z,23.0,305.061,10,3,read,500.0,502.6,0,0.8,1.3,1.5,2.6,nan,nan,
2026-09-11T08:01:24.106129Z,23.0,305.061,10,3,update,132.0,129.5,0,75.5,75.5,75.5,75.5,nan,nan,
2026-09-11T08:01:24.106178Z,24.0,306.049,10,3,read,538.0,504.1,0,0.8,1.3,1.6,2.0,nan,nan,
2026-09-11T08:01:24.106225Z,24.0,306.049,10,3,update,127.0,129.4,0,75.5,75.5,117.4,121.6,nan,nan,
2026-09-11T08:01:24.106273Z,25.0,307.126,10,3,read,487.8,503.4,0,0.7,1.3,1.6,1.8,nan,nan,
2026-09-11T08:01:24.106319Z,25.0,307.126,10,3,update,131.9,129.5,0,75.5,75.5,75.5,75.5,nan,nan,
2026-09-11T08:01:24.106367Z,26.0,308.089,10,3,read,485.9,502.7,0,0.7,1.3,1.5,3.0,nan,nan,
2026-09-11T08:01:24.106411Z,26.0,308.089,10,3,update,132.0,129.6,0,75.5,75.5,75.5,75.5,nan,nan,
2026-09-11T08:01:24.106457Z,27.0,309.053,10,3,read,485.2,502.1,0,0.7,1.3,1.6,7.3,nan,nan,
2026-09-11T08:01:24.106502Z,27.0,309.053,10,3,update,133.1,129.7,0,75.5,75.5,75.5,75.5,nan,nan,
2026-09-11T08:01:24.106548Z,28.0,310.212,10,3,read,584.0,505.0,0,0.7,1.1,1.4,1.8,nan,nan,
2026-09-11T08:01:24.106592Z,28.0,310.212,10,3,update,132.0,129.8,0,75.5,75.5,75.5,75.5,nan,nan,
2026-09-11T08:01:24.106638Z,29.0,311.231,10,3,read,533.1,506.0,0,0.7,0.9,1.4,2.4,nan,nan,
2026-09-11T08:01:24.106682Z,29.0,311.231,10,3,update,133.0,129.9,0,75.5,75.5,75.5,79.7,nan,nan,
2026-09-11T08:01:24.106728Z,30.0,312.056,10,3,read,490.9,505.5,0,0.7,1.4,2.6,10.0,nan,nan,
2026-09-11T08:01:24.106793Z,30.0,312.056,10,3,update,130.0,129.9,0,75.5,75.5,79.7,79.7,nan,nan,
2026-09-11T08:01:24.106839Z,31.0,313.074,10,3,read,510.9,505.7,0,0.8,1.6,3.4,7.9,nan,nan,
2026-09-11T08:01:24.106884Z,31.0,313.074,10,3,update,133.0,130.0,0,75.5,75.5,79.7,79.7,nan,nan,
2026-09-11T08:01:24.106929Z,32.0,314.055,10,3,read,517.1,506.0,0,0.7,1.4,1.9,3.5,nan,nan,
2026-09-11T08:01:24.106972Z,32.0,314.055,10,3,update,125.0,129.8,0,75.5,75.5,117.4,117.4,nan,nan,
2026-09-11T08:01:24.107019Z,33.0,315.053,10,3,read,492.1,505.6,0,0.7,1.4,1.6,2.4,nan,nan,
2026-09-11T08:01:24.107063Z,33.0,315.053,10,3,update,133.0,129.9,0,75.5,75.5,75.5,79.7,nan,nan,
2026-09-11T08:01:24.107110Z,34.0,316.146,10,3,read,484.0,505.0,0,0.8,1.4,2.0,3.9,nan,nan,
2026-09-11T08:01:24.107154Z,34.0,316.146,10,3,update,121.0,129.7,0,75.5,121.6,167.8,176.2,nan,nan,
2026-09-11T08:01:24.107200Z,35.0,317.068,10,3,read,507.8,505.0,0,0.7,1.3,1.8,2.5,nan,nan,
2026-09-11T08:01:24.107243Z,35.0,317.068,10,3,update,131.9,129.7,0,75.5,75.5,75.5,75.5,nan,nan,
2026-09-11T08:01:24.107290Z,36.0,318.055,10,3,read,559.3,506.6,0,0.7,1.4,1.6,2.8,nan,nan,
2026-09-11T08:01:24.107334Z,36.0,318.055,10,3,update,132.1,129.8,0,75.5,75.5,79.7,79.7,nan,nan,
2026-09-11T08:01:24.107380Z,37.0,319.05,10,3,read,481.8,505.9,0,0.7,1.5,2.6,3.3,nan,nan,
2026-09-11T08:01:24.107423Z,37.0,319.05,10,3,update,131.0,129.8,0,75.5,75.5,79.7,79.7,nan,nan,
2026-09-11T08:01:24.107470Z,38.0,320.048,10,3,read,482.8,505.3,0,0.7,1.4,1.8,8.1,nan,nan,
2026-09-11T08:01:24.107515Z,38.0,320.048,10,3,update,131.9,129.9,0,75.5,75.5,79.7,79.7,nan,nan,
2026-09-11T08:01:24.107562Z,39.0,321.059,10,3,read,544.4,506.3,0,0.7,1.4,2.6,4.5,nan,nan,
2026-09-11T08:01:24.107605Z,39.0,321.059,10,3,update,131.1,129.9,0,75.5,75.5,79.7,79.7,nan,nan,
2026-09-11T08:01:24.107652Z,40.0,322.097,10,3,read,470.9,505.4,0,0.7,1.3,1.4,2.2,nan,nan,
2026-09-11T08:01:24.107696Z,40.0,322.097,10,3,update,128.0,129.9,0,75.5,75.5,75.5,75.5,nan,nan,
2026-09-11T08:01:24.107741Z,41.0,323.051,10,3,read,442.1,503.9,0,0.7,1.4,2.2,6.6,nan,nan,
2026-09-11T08:01:24.107784Z,41.0,323.051,10,3,update,124.0,129.7,0,75.5,113.2,142.6,167.8,nan,nan,
2026-09-11T08:01:24.107841Z,42.0,324.048,10,3,read,516.1,504.1,0,0.7,1.4,1.8,3.0,nan,nan,
2026-09-11T08:01:24.107885Z,42.0,324.048,10,3,update,131.0,129.8,0,75.5,75.5,83.9,96.5,nan,nan,
2026-09-11T08:01:24.107930Z,43.0,325.052,10,3,read,510.8,504.3,0,0.7,1.4,1.8,2.5,nan,nan,
2026-09-11T08:01:24.107974Z,43.0,325.052,10,3,update,126.9,129.7,0,75.5,113.2,151.0,167.8,nan,nan,
2026-09-11T08:01:24.108021Z,44.0,326.051,10,3,read,464.1,503.4,0,0.7,1.4,2.0,2.4,nan,nan,
2026-09-11T08:01:24.108070Z,44.0,326.051,10,3,update,126.0,129.6,0,75.5,75.5,121.6,125.8,nan,nan,
2026-09-11T08:01:24.108142Z,45.0,327.051,10,3,read,519.0,503.7,0,0.7,1.4,1.9,3.7,nan,nan,
2026-09-11T08:01:24.108197Z,45.0,327.051,10,3,update,132.0,129.7,0,75.5,75.5,75.5,79.7,nan,nan,
2026-09-11T08:01:24.108250Z,46.0,328.052,10,3,read,534.0,504.4,0,0.7,1.4,1.9,2.6,nan,nan,
2026-09-11T08:01:24.108294Z,46.0,328.052,10,3,update,131.0,129.7,0,75.5,75.5,75.5,79.7,nan,nan,
2026-09-11T08:01:24.108349Z,47.0,329.049,10,3,read,440.0,503.0,0,0.7,1.4,1.6,2.8,nan,nan,
2026-09-11T08:01:24.108392Z,47.0,329.049,10,3,update,131.0,129.7,0,75.5,75.5,79.7,79.7,nan,nan,
2026-09-11T08:01:24.108437Z,48.0,330.05,10,3,read,604.6,505.1,0,0.7,1.3,1.7,8.4,nan,nan,
2026-09-11T08:01:24.108481Z,48.0,330.05,10,3,update,130.9,129.7,0,75.5,75.5,75.5,83.9,nan,nan,
2026-09-11T08:01:24.108553Z,49.0,331.052,10,3,read,543.0,505.9,0,0.7,1.3,1.6,2.4,nan,nan,
2026-09-11T08:01:24.108597Z,49.0,331.052,10,3,update,132.0,129.8,0,75.5,75.5,75.5,75.5,nan,nan,
2026-09-11T08:01:24.108642Z,50.0,332.09,10,3,read,509.9,506.0,0,0.7,1.3,1.6,2.6,nan,nan,
2026-09-11T08:01:24.108686Z,50.0,332.09,10,3,update,131.0,129.8,0,75.5,75.5,75.5,75.5,nan,nan,
2026-09-11T08:01:24.108732Z,51.0,333.052,10,3,read,545.5,506.8,0,0.7,1.6,2.8,8.4,nan,nan,
2026-09-11T08:01:24.108775Z,51.0,333.052,10,3,update,130.1,129.8,0,75.5,75.5,79.7,79.7,nan,nan,
2026-09-11T08:01:24.108836Z,52.0,334.05,10,3,read,575.5,508.1,0,0.7,1.5,2.0,3.7,nan,nan,
2026-09-11T08:01:24.108882Z,52.0,334.05,10,3,update,129.9,129.8,0,75.5,75.5,79.7,79.7,nan,nan,
2026-09-11T08:01:24.108929Z,53.0,335.193,10,3,read,454.0,507.1,0,0.7,1.5,2.5,6.3,nan,nan,
2026-09-11T08:01:24.108979Z,53.0,335.193,10,3,update,130.0,129.8,0,75.5,75.5,75.5,79.7,nan,nan,
2026-09-11T08:01:24.109026Z,54.0,336.049,10,3,read,459.4,506.2,0,0.8,1.8,2.2,2.6,nan,nan,
2026-09-11T08:01:24.109071Z,54.0,336.049,10,3,update,117.1,129.6,0,75.5,142.6,167.8,167.8,nan,nan,
2026-09-11T08:01:24.109124Z,55.0,337.138,10,3,read,464.9,505.4,0,0.8,1.4,2.0,5.5,nan,nan,
2026-09-11T08:01:24.109167Z,55.0,337.138,10,3,update,131.0,129.6,0,75.5,75.5,79.7,121.6,nan,nan,
2026-09-11T08:01:24.109212Z,56.0,338.05,10,3,read,452.9,504.5,0,0.7,1.4,2.0,3.0,nan,nan,
2026-09-11T08:01:24.109255Z,56.0,338.05,10,3,update,133.0,129.7,0,75.5,75.5,75.5,75.5,nan,nan,
2026-09-11T08:01:24.109316Z,57.0,339.052,10,3,read,533.2,505.0,0,0.7,1.4,1.9,3.4,nan,nan,
2026-09-11T08:01:24.109360Z,57.0,339.052,10,3,update,130.1,129.7,0,75.5,75.5,83.9,83.9,nan,nan,
2026-09-11T08:01:24.109407Z,58.0,340.049,10,3,read,556.8,505.9,0,0.7,1.4,2.0,3.5,nan,nan,
2026-09-11T08:01:24.109476Z,58.0,340.049,10,3,update,132.0,129.7,0,75.5,75.5,79.7,79.7,nan,nan,
2026-09-11T08:01:24.109523Z,59.0,341.049,10,3,read,564.0,506.9,0,0.7,1.3,1.6,4.1,nan,nan,
2026-09-11T08:01:24.109568Z,59.0,341.049,10,3,update,131.0,129.7,0,75.5,75.5,75.5,79.7,nan,nan,
2026-09-11T08:01:24.109614Z,60.0,342.053,10,3,read,493.9,506.7,0,0.7,1.4,1.6,2.9,nan,nan,
2026-09-11T08:01:24.109658Z,60.0,342.053,10,3,update,129.0,129.7,0,75.5,75.5,75.5,75.5,nan,nan,
2026-09-11T08:02:51.912291Z,6.0,375.948,50,3,read,2806.1,2424.0,0,0.7,0.9,1.0,1.6,nan,nan,
2026-09-11T08:02:51.912714Z,6.0,375.948,50,3,update,660.2,602.1,0,75.5,75.5,79.7,79.7,nan,nan,
2026-09-11T08:02:51.912780Z,7.0,376.972,50,3,read,2743.3,2469.6,0,0.7,1.0,1.4,5.8,nan,nan,
2026-09-11T08:02:51.912828Z,7.0,376.972,50,3,update,661.1,610.6,0,75.5,75.5,79.7,83.9,nan,nan,
2026-09-11T08:02:51.912872Z,8.0,377.859,50,3,read,2383.5,2458.9,0,0.7,0.9,1.0,1.4,nan,nan,
2026-09-11T08:02:51.912913Z,8.0,377.859,50,3,update,663.1,617.1,0,75.5,75.5,79.7,79.7,nan,nan,
2026-09-11T08:02:51.912956Z,9.0,378.857,50,3,read,2396.0,2451.9,0,0.7,1.9,2.9,3.9,nan,nan,
2026-09-11T08:02:51.912996Z,9.0,378.857,50,3,update,623.5,617.8,0,75.5,125.8,167.8,167.8,nan,nan,
2026-09-11T08:02:51.913038Z,10.0,379.952,50,3,read,2452.5,2451.9,0,0.8,1.3,2.2,3.0,nan,nan,
2026-09-11T08:02:51.913078Z,10.0,379.952,50,3,update,636.4,619.7,0,75.5,79.7,104.9,104.9,nan,nan,
2026-09-11T08:02:51.913120Z,11.0,380.86,50,3,read,2366.1,2444.1,0,0.8,1.6,2.6,4.1,nan,nan,
2026-09-11T08:02:51.913161Z,11.0,380.86,50,3,update,605.0,618.4,0,75.5,117.4,151.0,167.8,nan,nan,
2026-09-11T08:02:51.913203Z,12.0,381.991,50,3,read,2759.8,2470.5,0,0.8,1.0,1.3,1.6,nan,nan,
2026-09-11T08:02:51.913244Z,12.0,381.991,50,3,update,648.5,620.9,0,75.5,79.7,104.9,104.9,nan,nan,
2026-09-11T08:02:51.913285Z,13.0,382.911,50,3,read,2416.2,2466.3,0,0.9,2.4,3.3,25.2,nan,nan,
2026-09-11T08:02:51.913325Z,13.0,382.911,50,3,update,623.3,621.1,0,75.5,83.9,121.6,130.0,nan,nan,
2026-09-11T08:02:51.913366Z,14.0,383.859,50,3,read,2590.3,2475.1,0,1.0,1.8,2.4,4.7,nan,nan,
2026-09-11T08:02:51.913406Z,14.0,383.859,50,3,update,651.1,623.2,0,75.5,79.7,92.3,100.7,nan,nan,
2026-09-11T08:02:51.913446Z,15.0,384.857,50,3,read,2435.6,2472.5,0,1.0,2.1,3.3,6.3,nan,nan,
2026-09-11T08:02:51.913486Z,15.0,384.857,50,3,update,622.1,623.1,0,75.5,88.1,113.2,125.8,nan,nan,
2026-09-11T08:02:51.913527Z,16.0,385.881,50,3,read,2657.6,2484.1,0,1.0,1.7,2.6,8.4,nan,nan,
2026-09-11T08:02:51.913566Z,16.0,385.881,50,3,update,644.7,624.5,0,75.5,79.7,83.9,96.5,nan,nan,
2026-09-11T08:02:51.913606Z,17.0,386.864,50,3,read,2377.1,2477.8,0,1.1,3.4,6.3,12.1,nan,nan,
2026-09-11T08:02:51.913645Z,17.0,386.864,50,3,update,608.0,623.5,0,75.5,117.4,151.0,167.8,nan,nan,
2026-09-11T08:02:51.913686Z,18.0,387.862,50,3,read,2228.0,2463.9,0,1.0,2.6,3.9,8.1,nan,nan,
2026-09-11T08:02:51.913725Z,18.0,387.862,50,3,update,582.3,621.2,0,75.5,88.1,104.9,117.4,nan,nan,
2026-09-11T08:02:51.913786Z,19.0,388.862,50,3,read,2455.0,2463.5,0,1.0,2.4,3.9,5.8,nan,nan,
2026-09-11T08:02:51.913823Z,19.0,388.862,50,3,update,577.0,618.9,0,75.5,151.0,167.8,167.8,nan,nan,
2026-09-11T08:02:51.913860Z,20.0,389.857,50,3,read,2388.1,2459.7,0,1.1,2.4,4.2,6.3,nan,nan,
2026-09-11T08:02:51.913897Z,20.0,389.857,50,3,update,614.0,618.6,0,75.5,104.9,113.2,121.6,nan,nan,
2026-09-11T08:02:51.913935Z,21.0,390.877,50,3,read,2519.2,2462.5,0,1.0,2.1,3.4,6.0,nan,nan,
2026-09-11T08:02:51.913971Z,21.0,390.877,50,3,update,632.1,619.3,0,75.5,79.7,100.7,109.1,nan,nan,
2026-09-11T08:02:51.914010Z,22.0,391.862,50,3,read,2347.7,2457.3,0,0.9,1.7,2.6,4.7,nan,nan,
2026-09-11T08:02:51.914047Z,22.0,391.862,50,3,update,607.9,618.8,0,75.5,83.9,100.7,104.9,nan,nan,
2026-09-11T08:02:51.914085Z,23.0,392.859,50,3,read,2211.2,2446.6,0,1.1,2.8,4.1,8.9,nan,nan,
2026-09-11T08:02:51.914123Z,23.0,392.859,50,3,update,598.0,617.9,0,75.5,117.4,159.4,167.8,nan,nan,
2026-09-11T08:02:51.914161Z,24.0,393.86,50,3,read,2507.1,2449.1,0,0.9,1.8,2.6,7.6,nan,nan,
2026-09-11T08:02:51.914197Z,24.0,393.86,50,3,update,638.8,618.7,0,75.5,79.7,83.9,88.1,nan,nan,
2026-09-11T08:02:51.914236Z,25.0,394.858,50,3,read,2621.0,2456.0,0,1.0,2.6,5.0,12.1,nan,nan,
2026-09-11T08:02:51.914272Z,25.0,394.858,50,3,update,621.2,618.8,0,75.5,83.9,104.9,113.2,nan,nan,
2026-09-11T08:02:51.914310Z,26.0,395.861,50,3,read,2500.6,2457.7,0,1.0,2.4,3.5,5.8,nan,nan,
2026-09-11T08:02:51.914347Z,26.0,395.861,50,3,update,629.9,619.3,0,75.5,83.9,113.2,121.6,nan,nan,
2026-09-11T08:02:51.914385Z,27.0,396.938,50,3,read,2485.7,2458.7,0,0.9,2.0,3.9,10.0,nan,nan,
2026-09-11T08:02:51.914421Z,27.0,396.938,50,3,update,631.2,619.7,0,75.5,79.7,92.3,96.5,nan,nan,
2026-09-11T08:02:51.914460Z,28.0,397.862,50,3,read,2387.6,2456.2,0,1.0,2.5,3.5,5.8,nan,nan,
2026-09-11T08:02:51.914497Z,28.0,397.862,50,3,update,615.6,619.6,0,75.5,92.3,117.4,125.8,nan,nan,
2026-09-11T08:02:51.914534Z,29.0,398.861,50,3,read,2455.2,2456.2,0,1.0,1.9,3.3,11.0,nan,nan,
2026-09-11T08:02:51.914571Z,29.0,398.861,50,3,update,644.0,620.4,0,75.5,79.7,104.9,113.2,nan,nan,
2026-09-11T08:02:51.914609Z,30.0,400.022,50,3,read,2623.9,2461.8,0,1.0,1.8,3.8,9.4,nan,nan,
2026-09-11T08:02:51.914646Z,30.0,400.022,50,3,update,634.2,620.9,0,75.5,79.7,79.7,109.1,nan,nan,
2026-09-11T08:02:51.914684Z,31.0,400.897,50,3,read,2444.4,2461.2,0,1.0,1.9,3.5,6.6,nan,nan,
2026-09-11T08:02:51.914721Z,31.0,400.897,50,3,update,632.1,621.2,0,75.5,79.7,96.5,113.2,nan,nan,
2026-09-11T08:02:51.914759Z,32.0,401.862,50,3,read,2567.1,2464.5,0,1.0,2.1,3.8,13.1,nan,nan,
2026-09-11T08:02:51.914797Z,32.0,401.862,50,3,update,650.8,622.2,0,75.5,79.7,113.2,121.6,nan,nan,
2026-09-11T08:02:51.914835Z,33.0,402.861,50,3,read,1904.6,2447.5,0,1.0,1.8,2.4,11.5,nan,nan,
2026-09-11T08:02:51.914872Z,33.0,402.861,50,3,update,487.9,618.1,0,75.5,209.7,234.9,285.2,nan,nan,
2026-09-11T08:02:51.914910Z,34.0,403.858,50,3,read,2350.1,2444.7,0,1.1,2.6,4.5,9.4,nan,nan,
2026-09-11T08:02:51.914946Z,34.0,403.858,50,3,update,591.3,617.3,0,75.5,184.5,209.7,218.1,nan,nan,
2026-09-11T08:02:51.914984Z,35.0,404.874,50,3,read,2430.2,2444.3,0,1.1,2.2,2.9,6.8,nan,nan,
2026-09-11T08:02:51.915022Z,35.0,404.874,50,3,update,640.8,618.0,0,75.5,79.7,92.3,96.5,nan,nan,
2026-09-11T08:02:51.915061Z,36.0,405.862,50,3,read,2617.8,2449.1,0,1.1,2.4,3.8,6.6,nan,nan,
2026-09-11T08:02:51.915098Z,36.0,405.862,50,3,update,630.2,618.3,0,75.5,79.7,121.6,125.8,nan,nan,
2026-09-11T08:02:51.915162Z,37.0,407.078,50,3,read,2512.4,2450.8,0,1.0,2.1,4.1,6.8,nan,nan,
2026-09-11T08:02:51.915215Z,37.0,407.078,50,3,update,631.8,618.7,0,75.5,79.7,79.7,125.8,nan,nan,
2026-09-11T08:02:51.915257Z,38.0,407.861,50,3,read,2633.5,2455.6,0,1.1,2.2,3.7,6.3,nan,nan,
2026-09-11T08:02:51.915295Z,38.0,407.861,50,3,update,623.1,618.8,0,75.5,83.9,113.2,117.4,nan,nan,
2026-09-11T08:02:51.915348Z,39.0,408.861,50,3,read,2463.1,2455.8,0,1.0,1.8,2.4,7.1,nan,nan,
2026-09-11T08:02:51.915385Z,39.0,408.861,50,3,update,647.0,619.5,0,75.5,75.5,109.1,117.4,nan,nan,
2026-09-11T08:02:51.915449Z,40.0,409.894,50,3,read,2566.0,2458.5,0,1.0,2.4,4.7,9.4,nan,nan,
2026-09-11T08:02:51.915487Z,40.0,409.894,50,3,update,623.0,619.6,0,75.5,79.7,79.7,88.1,nan,nan,
2026-09-11T08:02:51.915525Z,41.0,410.863,50,3,read,2493.2,2459.4,0,1.1,2.4,3.8,6.3,nan,nan,
2026-09-11T08:02:51.915562Z,41.0,410.863,50,3,update,639.0,620.1,0,75.5,83.9,109.1,117.4,nan,nan,
2026-09-11T08:02:51.915601Z,42.0,411.92,50,3,read,2379.8,2457.5,0,0.9,1.7,3.0,6.8,nan,nan,
2026-09-11T08:02:51.915638Z,42.0,411.92,50,3,update,648.9,620.8,0,75.5,75.5,79.7,79.7,nan,nan,
2026-09-11T08:02:51.915677Z,43.0,412.915,50,3,read,2355.1,2455.1,0,1.0,2.0,5.0,8.4,nan,nan,
2026-09-11T08:02:51.915713Z,43.0,412.915,50,3,update,631.0,621.0,0,75.5,79.7,121.6,121.6,nan,nan,
2026-09-11T08:02:51.915751Z,44.0,413.931,50,3,read,2622.3,2458.9,0,1.0,1.8,2.8,7.6,nan,nan,
2026-09-11T08:02:51.915794Z,44.0,413.931,50,3,update,632.1,621.2,0,75.5,79.7,109.1,117.4,nan,nan,
2026-09-11T08:02:51.915833Z,45.0,414.862,50,3,read,2572.9,2461.4,0,1.0,1.9,3.0,6.3,nan,nan,
2026-09-11T08:02:51.915869Z,45.0,414.862,50,3,update,640.7,621.7,0,75.5,75.5,79.7,79.7,nan,nan,
2026-09-11T08:02:51.915909Z,46.0,415.866,50,3,read,2587.5,2464.2,0,1.0,1.9,2.8,5.5,nan,nan,
2026-09-11T08:02:51.915946Z,46.0,415.866,50,3,update,630.1,621.9,0,75.5,79.7,121.6,125.8,nan,nan,
2026-09-11T08:02:51.915985Z,47.0,416.86,50,3,read,2543.2,2465.9,0,1.0,1.7,2.2,5.8,nan,nan,
2026-09-11T08:02:51.916022Z,47.0,416.86,50,3,update,646.8,622.4,0,75.5,75.5,79.7,83.9,nan,nan,
2026-09-11T08:02:51.916060Z,48.0,417.867,50,3,read,2695.0,2470.6,0,1.1,2.0,3.1,7.9,nan,nan,
2026-09-11T08:02:51.916097Z,48.0,417.867,50,3,update,631.2,622.6,0,75.5,79.7,109.1,121.6,nan,nan,
2026-09-11T08:02:51.916142Z,49.0,418.857,50,3,read,2546.5,2472.2,0,1.0,2.0,3.5,7.9,nan,nan,
2026-09-11T08:02:51.916179Z,49.0,418.857,50,3,update,644.1,623.0,0,75.5,79.7,96.5,109.1,nan,nan,
2026-09-11T08:02:51.916217Z,50.0,419.878,50,3,read,2739.5,2477.5,0,1.0,1.8,3.1,6.8,nan,nan,
2026-09-11T08:02:51.916254Z,50.0,419.878,50,3,update,628.9,623.1,0,75.5,75.5,79.7,79.7,nan,nan,
2026-09-11T08:02:51.916293Z,51.0,420.889,50,3,read,2586.3,2479.7,0,1.1,2.1,3.7,7.3,nan,nan,
2026-09-11T08:02:51.916404Z,51.0,420.889,50,3,update,626.8,623.2,0,75.5,79.7,109.1,121.6,nan,nan,
2026-09-11T08:02:51.916460Z,52.0,421.891,50,3,read,2648.2,2482.9,0,0.9,1.5,1.9,5.5,nan,nan,
2026-09-11T08:02:51.916502Z,52.0,421.891,50,3,update,650.1,623.7,0,75.5,79.7,79.7,83.9,nan,nan,
2026-09-11T08:02:51.916543Z,53.0,422.86,50,3,read,2552.6,2484.2,0,1.0,1.8,2.9,4.7,nan,nan,
2026-09-11T08:02:51.916582Z,53.0,422.86,50,3,update,636.1,624.0,0,75.5,79.7,117.4,125.8,nan,nan,
2026-09-11T08:02:51.916622Z,54.0,423.858,50,3,read,2435.4,2483.3,0,1.0,2.6,3.9,6.3,nan,nan,
2026-09-11T08:02:51.916660Z,54.0,423.858,50,3,update,582.9,623.2,0,75.5,125.8,151.0,167.8,nan,nan,
2026-09-11T08:02:51.916700Z,55.0,424.876,50,3,read,2345.6,2480.8,0,1.0,1.6,3.0,5.0,nan,nan,
2026-09-11T08:02:51.916738Z,55.0,424.876,50,3,update,657.2,623.8,0,75.5,75.5,79.7,79.7,nan,nan,
2026-09-11T08:02:51.916780Z,56.0,425.859,50,3,read,2574.1,2482.5,0,1.2,2.5,3.9,6.8,nan,nan,
2026-09-11T08:02:51.916820Z,56.0,425.859,50,3,update,618.8,623.7,0,75.5,83.9,117.4,121.6,nan,nan,
2026-09-11T08:02:51.916861Z,57.0,427.13,50,3,read,2434.3,2481.6,0,1.1,2.4,3.9,7.6,nan,nan,
2026-09-11T08:02:51.916902Z,57.0,427.13,50,3,update,641.1,624.0,0,75.5,79.7,83.9,88.1,nan,nan,
2026-09-11T08:02:51.916941Z,58.0,427.865,50,3,read,2522.4,2482.3,0,1.1,2.2,3.4,5.8,nan,nan,
2026-09-11T08:02:51.916980Z,58.0,427.865,50,3,update,633.8,624.2,0,75.5,79.7,117.4,125.8,nan,nan,
2026-09-11T08:02:51.917020Z,59.0,428.858,50,3,read,2528.9,2483.1,0,1.1,2.1,3.0,4.7,nan,nan,
2026-09-11T08:02:51.917059Z,59.0,428.858,50,3,update,642.0,624.5,0,75.5,79.7,113.2,121.6,nan,nan,
2026-09-11T08:04:20.791077Z,6.0,464.732,100,2,read,5095.7,4600.4,0,1.1,2.9,4.7,10.0,nan,nan,
2026-09-11T08:04:20.791601Z,6.0,464.732,100,2,update,1228.9,1143.1,0,75.5,79.7,83.9,100.7,nan,nan,
2026-09-11T08:04:20.791692Z,7.0,465.848,100,2,read,5068.1,4667.3,0,1.1,2.5,5.2,7.3,nan,nan,
2026-09-11T08:04:20.791770Z,7.0,465.848,100,2,update,1247.8,1158.1,0,75.5,79.7,100.7,113.2,nan,nan,
2026-09-11T08:04:20.791823Z,8.0,466.88,100,2,read,4639.4,4663.7,0,1.2,3.3,5.8,7.9,nan,nan,
2026-09-11T08:04:20.791872Z,8.0,466.88,100,2,update,1185.4,1161.5,0,75.5,100.7,117.4,121.6,nan,nan,
2026-09-11T08:04:20.791921Z,9.0,467.734,100,2,read,4633.3,4660.3,0,1.0,3.3,5.2,7.1,nan,nan,
2026-09-11T08:04:20.791968Z,9.0,467.734,100,2,update,1241.0,1170.3,0,75.5,83.9,113.2,121.6,nan,nan,
2026-09-11T08:04:20.792015Z,10.0,468.733,100,2,read,4760.3,4670.3,0,1.0,2.5,3.8,6.6,nan,nan,
2026-09-11T08:04:20.792061Z,10.0,468.733,100,2,update,1242.1,1177.5,0,75.5,83.9,113.2,121.6,nan,nan,
2026-09-11T08:04:20.792107Z,11.0,469.76,100,2,read,5046.6,4704.5,0,1.0,3.1,4.2,7.3,nan,nan,
2026-09-11T08:04:20.792153Z,11.0,469.76,100,2,update,1255.6,1184.6,0,75.5,83.9,117.4,121.6,nan,nan,
2026-09-11T08:04:20.792199Z,12.0,470.808,100,2,read,5027.9,4731.5,0,1.0,3.3,6.3,9.4,nan,nan,
2026-09-11T08:04:20.792245Z,12.0,470.808,100,2,update,1240.0,1189.2,0,75.5,88.1,121.6,130.0,nan,nan,
2026-09-11T08:04:20.792292Z,13.0,471.795,100,2,read,5025.4,4754.1,0,1.0,2.8,4.7,7.1,nan,nan,
2026-09-11T08:04:20.792336Z,13.0,471.795,100,2,update,1239.4,1193.1,0,75.5,83.9,113.2,121.6,nan,nan,
2026-09-11T08:04:20.792383Z,14.0,472.819,100,2,read,5193.4,4785.5,0,1.0,3.0,4.5,6.6,nan,nan,
2026-09-11T08:04:20.792428Z,14.0,472.819,100,2,update,1245.4,1196.8,0,75.5,79.7,109.1,117.4,nan,nan,
2026-09-11T08:04:20.792474Z,15.0,473.731,100,2,read,4748.6,4783.1,0,1.0,3.1,4.7,7.6,nan,nan,
2026-09-11T08:04:20.792518Z,15.0,473.731,100,2,update,1208.1,1197.6,0,75.5,92.3,113.2,117.4,nan,nan,
2026-09-11T08:04:20.792564Z,16.0,474.734,100,2,read,5001.9,4796.7,0,1.0,2.5,3.9,6.3,nan,nan,
2026-09-11T08:04:20.792608Z,16.0,474.734,100,2,update,1235.2,1199.9,0,75.5,79.7,104.9,113.2,nan,nan,
2026-09-11T08:04:20.792654Z,17.0,475.736,100,2,read,4923.0,4804.1,0,1.0,2.5,3.4,6.0,nan,nan,
2026-09-11T08:04:20.792698Z,17.0,475.736,100,2,update,1271.0,1204.1,0,75.5,79.7,117.4,125.8,nan,nan,
2026-09-11T08:04:20.792743Z,18.0,476.734,100,2,read,4854.7,4806.9,0,1.0,2.6,3.9,10.0,nan,nan,
2026-09-11T08:04:20.792787Z,18.0,476.734,100,2,update,1277.5,1208.2,0,75.5,83.9,121.6,125.8,nan,nan,
2026-09-11T08:04:20.792833Z,19.0,477.898,100,2,read,5080.9,4821.4,0,1.0,2.9,4.5,9.4,nan,nan,
2026-09-11T08:04:20.792877Z,19.0,477.898,100,2,update,1241.2,1209.9,0,75.5,83.9,117.4,121.6,nan,nan,
2026-09-11T08:04:20.792923Z,20.0,478.732,100,2,read,5083.4,4834.4,0,1.0,2.5,3.9,8.1,nan,nan,
2026-09-11T08:04:20.792967Z,20.0,478.732,100,2,update,1235.6,1211.2,0,75.5,83.9,121.6,125.8,nan,nan,
2026-09-11T08:04:20.793013Z,21.0,479.733,100,2,read,4798.2,4832.7,0,1.0,2.5,4.1,12.6,nan,nan,
2026-09-11T08:04:20.793057Z,21.0,479.733,100,2,update,1240.8,1212.6,0,75.5,83.9,121.6,130.0,nan,nan,
2026-09-11T08:04:20.793104Z,22.0,480.746,100,2,read,5121.8,4845.9,0,1.0,3.3,4.7,13.6,nan,nan,
2026-09-11T08:04:20.793148Z,22.0,480.746,100,2,update,1243.9,1214.0,0,75.5,88.1,117.4,121.6,nan,nan,
2026-09-11T08:04:20.793195Z,23.0,481.894,100,2,read,4826.3,4845.0,0,1.0,2.5,3.4,6.3,nan,nan,
2026-09-11T08:04:20.793239Z,23.0,481.894,100,2,update,1188.3,1212.9,0,75.5,79.7,83.9,83.9,nan,nan,
2026-09-11T08:04:20.793319Z,24.0,482.74,100,2,read,4893.9,4847.0,0,1.0,2.6,5.0,8.1,nan,nan,
2026-09-11T08:04:20.793374Z,24.0,482.74,100,2,update,1303.0,1216.7,0,75.5,79.7,117.4,125.8,nan,nan,
2026-09-11T08:04:20.793447Z,25.0,483.749,100,2,read,5057.0,4855.4,0,1.0,2.2,3.5,6.3,nan,nan,
2026-09-11T08:04:20.793493Z,25.0,483.749,100,2,update,1250.5,1218.0,0,75.5,79.7,117.4,125.8,nan,nan,
2026-09-11T08:04:20.793541Z,26.0,484.734,100,2,read,4966.7,4859.7,0,1.1,2.9,4.7,7.6,nan,nan,
2026-09-11T08:04:20.793586Z,26.0,484.734,100,2,update,1245.2,1219.1,0,75.5,83.9,117.4,125.8,nan,nan,
2026-09-11T08:04:20.793633Z,27.0,485.736,100,2,read,4807.7,4857.8,0,1.0,2.4,4.5,7.1,nan,nan,
2026-09-11T08:04:20.793678Z,27.0,485.736,100,2,update,1245.2,1220.0,0,75.5,83.9,117.4,125.8,nan,nan,
2026-09-11T08:04:20.793725Z,28.0,486.77,100,2,read,4800.6,4855.7,0,1.0,2.4,5.2,10.5,nan,nan,
2026-09-11T08:04:20.793790Z,28.0,486.77,100,2,update,1246.1,1221.0,0,75.5,88.1,113.2,121.6,nan,nan,
2026-09-11T08:04:20.793846Z,29.0,487.784,100,2,read,4715.4,4850.9,0,1.0,2.8,5.0,8.9,nan,nan,
2026-09-11T08:04:20.793891Z,29.0,487.784,100,2,update,1243.8,1221.8,0,75.5,83.9,113.2,117.4,nan,nan,
2026-09-11T08:04:20.793939Z,30.0,488.732,100,2,read,4893.9,4852.4,0,1.0,3.3,6.3,8.9,nan,nan,
2026-09-11T08:04:20.793984Z,30.0,488.732,100,2,update,1238.0,1222.3,0,75.5,92.3,121.6,125.8,nan,nan,
2026-09-11T08:04:20.794031Z,31.0,489.737,100,2,read,4693.7,4847.2,0,1.2,4.1,7.6,14.7,nan,nan,
2026-09-11T08:04:20.794076Z,31.0,489.737,100,2,update,1211.9,1222.0,0,75.5,92.3,117.4,125.8,nan,nan,
2026-09-11T08:04:20.794123Z,32.0,490.841,100,2,read,4510.9,4836.7,0,1.5,3.7,6.3,11.0,nan,nan,
2026-09-11T08:04:20.794168Z,32.0,490.841,100,2,update,1143.5,1219.5,0,75.5,88.1,117.4,125.8,nan,nan,
2026-09-11T08:04:20.794223Z,33.0,491.737,100,2,read,4844.4,4836.9,0,1.6,3.5,5.5,10.0,nan,nan,
2026-09-11T08:04:20.794267Z,33.0,491.737,100,2,update,1197.4,1218.8,0,75.5,113.2,121.6,130.0,nan,nan,
2026-09-11T08:04:20.794314Z,34.0,492.787,100,2,read,4464.0,4826.0,0,1.6,10.0,23.1,44.0,nan,nan,
2026-09-11T08:04:20.794358Z,34.0,492.787,100,2,update,1113.5,1215.7,0,75.5,113.2,142.6,167.8,nan,nan,
2026-09-11T08:04:20.794411Z,35.0,493.731,100,2,read,3220.8,4780.1,0,4.5,21.0,24.1,37.7,nan,nan,
2026-09-11T08:04:20.794482Z,35.0,493.731,100,2,update,795.5,1203.7,0,96.5,125.8,134.2,151.0,nan,nan,
2026-09-11T08:04:20.794542Z,36.0,494.732,100,2,read,3042.3,4731.8,0,3.1,22.0,25.2,41.9,nan,nan,
2026-09-11T08:04:20.794589Z,36.0,494.732,100,2,update,805.3,1192.7,0,96.5,134.2,142.6,159.4,nan,nan,
2026-09-11T08:04:20.794636Z,37.0,495.771,100,2,read,3643.4,4702.4,0,3.8,21.0,24.1,46.1,nan,nan,
2026-09-11T08:04:20.794682Z,37.0,495.771,100,2,update,837.8,1183.1,0,96.5,125.8,134.2,142.6,nan,nan,
2026-09-11T08:04:20.794731Z,38.0,496.782,100,2,read,4132.8,4687.4,0,2.0,5.8,8.1,13.1,nan,nan,
2026-09-11T08:04:20.794778Z,38.0,496.782,100,2,update,1004.7,1178.4,0,83.9,159.4,176.2,184.5,nan,nan,
2026-09-11T08:04:20.794826Z,39.0,497.735,100,2,read,4635.5,4686.1,0,1.5,6.8,10.0,12.6,nan,nan,
2026-09-11T08:04:20.794873Z,39.0,497.735,100,2,update,1160.4,1177.9,0,75.5,92.3,117.4,125.8,nan,nan,
2026-09-11T08:04:20.794921Z,40.0,498.733,100,2,read,3856.1,4665.4,0,2.4,18.9,25.2,39.8,nan,nan,
2026-09-11T08:04:20.794969Z,40.0,498.733,100,2,update,968.8,1172.7,0,83.9,125.8,142.6,151.0,nan,nan,
2026-09-11T08:04:20.795017Z,41.0,499.734,100,2,read,3172.9,4629.0,0,4.7,12.1,15.7,29.4,nan,nan,
2026-09-11T08:04:20.795064Z,41.0,499.734,100,2,update,822.2,1164.1,0,100.7,121.6,125.8,134.2,nan,nan,
2026-09-11T08:04:20.795116Z,42.0,500.745,100,2,read,3208.9,4595.1,0,4.7,13.6,17.8,19.9,nan,nan,
2026-09-11T08:04:20.795161Z,42.0,500.745,100,2,update,807.5,1155.6,0,100.7,125.8,134.2,142.6,nan,nan,
2026-09-11T08:04:20.795209Z,43.0,501.901,100,2,read,3194.0,4562.6,0,5.8,13.6,15.2,25.2,nan,nan,
2026-09-11T08:04:20.795254Z,43.0,501.901,100,2,update,791.5,1147.2,0,100.7,151.0,184.5,192.9,nan,nan,
2026-09-11T08:04:20.795304Z,44.0,502.822,100,2,read,3175.5,4531.0,0,5.5,14.7,18.9,26.2,nan,nan,
2026-09-11T08:04:20.795358Z,44.0,502.822,100,2,update,774.9,1138.7,0,104.9,130.0,151.0,159.4,nan,nan,
2026-09-11T08:04:20.795405Z,45.0,503.94,100,2,read,3259.5,4502.8,0,4.7,12.6,17.8,35.7,nan,nan,
2026-09-11T08:04:20.795450Z,45.0,503.94,100,2,update,847.1,1132.2,0,100.7,142.6,167.8,184.5,nan,nan,
2026-09-11T08:04:20.795499Z,46.0,504.733,100,2,read,2946.2,4468.9,0,5.2,14.7,18.9,31.5,nan,nan,
2026-09-11T08:04:20.795566Z,46.0,504.733,100,2,update,778.8,1124.6,0,104.9,130.0,142.6,142.6,nan,nan,
2026-09-11T08:04:20.795738Z,47.0,505.745,100,2,read,3134.7,4440.6,0,4.5,13.1,15.7,21.0,nan,nan,
2026-09-11T08:04:20.795810Z,47.0,505.745,100,2,update,844.9,1118.6,0,100.7,125.8,142.6,142.6,nan,nan,
2026-09-11T08:04:20.795864Z,48.0,506.734,100,2,read,3367.3,4418.2,0,5.2,12.1,15.2,26.2,nan,nan,
2026-09-11T08:04:20.795912Z,48.0,506.734,100,2,update,820.3,1112.4,0,100.7,130.0,142.6,159.4,nan,nan,
2026-09-11T08:04:20.795981Z,49.0,507.734,100,2,read,2936.0,4388.0,0,5.5,19.9,25.2,44.0,nan,nan,
2026-09-11T08:04:20.796027Z,49.0,507.734,100,2,update,744.0,1104.9,0,113.2,142.6,176.2,184.5,nan,nan,
2026-09-11T08:04:20.796075Z,50.0,508.734,100,2,read,3330.4,4366.8,0,5.2,14.2,21.0,27.3,nan,nan,
2026-09-11T08:04:20.796120Z,50.0,508.734,100,2,update,778.9,1098.4,0,104.9,130.0,134.2,142.6,nan,nan,
2026-09-11T08:04:20.796166Z,51.0,509.732,100,2,read,2800.3,4336.1,0,7.3,17.8,22.0,39.8,nan,nan,
2026-09-11T08:04:20.796217Z,51.0,509.732,100,2,update,739.1,1091.3,0,109.1,159.4,192.9,201.3,nan,nan,
2026-09-11T08:04:20.796265Z,52.0,510.734,100,2,read,2693.7,4304.5,0,8.4,17.8,19.9,35.7,nan,nan,
2026-09-11T08:04:20.796311Z,52.0,510.734,100,2,update,671.7,1083.2,0,113.2,151.0,167.8,184.5,nan,nan,
2026-09-11T08:04:20.796359Z,53.0,511.806,100,2,read,3018.2,4280.2,0,6.8,14.2,16.3,28.3,nan,nan,
2026-09-11T08:04:20.796408Z,53.0,511.806,100,2,update,749.3,1076.9,0,104.9,142.6,176.2,184.5,nan,nan,
2026-09-11T08:04:20.796456Z,54.0,512.733,100,2,read,2761.8,4252.1,0,7.6,19.9,23.1,44.0,nan,nan,
2026-09-11T08:04:20.796502Z,54.0,512.733,100,2,update,745.9,1070.8,0,104.9,151.0,184.5,192.9,nan,nan,
2026-09-11T08:04:20.796616Z,55.0,513.734,100,2,read,3012.4,4229.6,0,7.1,12.1,13.1,31.5,nan,nan,
2026-09-11T08:04:20.796797Z,55.0,513.734,100,2,update,715.6,1064.3,0,109.1,142.6,151.0,167.8,nan,nan,
2026-09-11T08:04:20.796860Z,56.0,514.911,100,2,read,2901.8,4205.9,0,7.9,16.8,18.9,33.6,nan,nan,
2026-09-11T08:04:20.796913Z,56.0,514.911,100,2,update,721.4,1058.2,0,113.2,142.6,151.0,159.4,nan,nan,
2026-09-11T08:04:20.796963Z,57.0,515.733,100,2,read,2950.4,4183.8,0,6.0,14.7,19.9,37.7,nan,nan,
2026-09-11T08:04:20.797010Z,57.0,515.733,100,2,update,779.1,1053.3,0,100.7,134.2,151.0,159.4,nan,nan,
2026-09-11T08:04:20.797061Z,58.0,516.737,100,2,read,3070.7,4164.6,0,6.6,12.6,15.2,24.1,nan,nan,
2026-09-11T08:04:20.797109Z,58.0,516.737,100,2,update,798.9,1048.9,0,100.7,130.0,142.6,159.4,nan,nan,
2026-09-11T08:04:20.797156Z,59.0,517.773,100,2,read,3032.4,4145.5,0,8.9,15.7,17.8,33.6,nan,nan,
2026-09-11T08:04:20.797201Z,59.0,517.773,100,2,update,668.1,1042.5,0,113.2,130.0,134.2,142.6,nan,nan,
2026-09-11T08:04:20.797248Z,60.0,518.733,100,2,read,2938.7,4125.3,0,6.8,15.7,19.9,35.7,nan,nan,
2026-09-11T08:04:20.797293Z,60.0,518.733,100,2,update,758.7,1037.8,0,104.9,151.0,184.5,192.9,nan,nan,
2026-09-11T08:05:51.014752Z,6.0,554.948,200,3,read,8238.5,7999.5,0,2.9,8.9,12.6,17.8,nan,nan,
2026-09-11T08:05:51.015202Z,6.0,554.948,200,3,update,2102.4,1955.1,0,83.9,109.1,125.8,130.0,nan,nan,
2026-09-11T08:05:51.015295Z,7.0,555.969,200,3,read,8717.1,8102.4,0,2.5,7.3,14.7,23.1,nan,nan,
2026-09-11T08:05:51.015356Z,7.0,555.969,200,3,update,2148.5,1982.8,0,79.7,96.5,121.6,142.6,nan,nan,
2026-09-11T08:05:51.015409Z,8.0,556.992,200,3,read,8008.4,8090.7,0,3.4,10.0,16.3,24.1,nan,nan,
2026-09-11T08:05:51.015459Z,8.0,556.992,200,3,update,2002.3,1985.3,0,83.9,96.5,100.7,104.9,nan,nan,
2026-09-11T08:05:51.015510Z,9.0,557.95,200,3,read,9218.4,8215.6,0,1.8,3.5,4.5,12.1,nan,nan,
2026-09-11T08:05:51.015559Z,9.0,557.95,200,3,update,2352.1,2026.0,0,79.7,83.9,88.1,92.3,nan,nan,
2026-09-11T08:05:51.015608Z,10.0,558.954,200,3,read,8470.9,8241.5,0,2.0,6.3,13.6,23.1,nan,nan,
2026-09-11T08:05:51.015657Z,10.0,558.954,200,3,update,2252.2,2048.7,0,79.7,92.3,113.2,125.8,nan,nan,
2026-09-11T08:05:51.015715Z,11.0,559.955,200,3,read,8244.8,8241.7,0,2.4,6.6,10.5,15.7,nan,nan,
2026-09-11T08:05:51.015802Z,11.0,559.955,200,3,update,2109.5,2054.2,0,79.7,117.4,130.0,142.6,nan,nan,
2026-09-11T08:05:51.015864Z,12.0,560.948,200,3,read,8334.0,8249.2,0,2.2,6.8,12.1,15.2,nan,nan,
2026-09-11T08:05:51.015917Z,12.0,560.948,200,3,update,2174.5,2064.2,0,79.7,104.9,117.4,125.8,nan,nan,
2026-09-11T08:05:51.015970Z,13.0,561.957,200,3,read,8350.8,8257.5,0,2.4,8.1,25.2,27.3,nan,nan,
2026-09-11T08:05:51.016021Z,13.0,561.957,200,3,update,2055.5,2063.6,0,79.7,125.8,159.4,176.2,nan,nan,
2026-09-11T08:05:51.016072Z,14.0,562.971,200,3,read,8452.1,8270.9,0,2.2,7.1,11.5,15.7,nan,nan,
2026-09-11T08:05:51.016121Z,14.0,562.971,200,3,update,2151.3,2069.8,0,79.7,104.9,121.6,125.8,nan,nan,
2026-09-11T08:05:51.016216Z,15.0,563.951,200,3,read,8491.7,8285.7,0,2.1,8.9,13.6,15.7,nan,nan,
2026-09-11T08:05:51.016262Z,15.0,563.951,200,3,update,2102.9,2072.0,0,79.7,117.4,130.0,142.6,nan,nan,
2026-09-11T08:05:51.016310Z,16.0,564.954,200,3,read,8679.8,8310.4,0,2.4,7.3,11.0,16.3,nan,nan,
2026-09-11T08:05:51.016354Z,16.0,564.954,200,3,update,2195.2,2079.7,0,79.7,109.1,121.6,130.0,nan,nan,
2026-09-11T08:05:51.016401Z,17.0,565.954,200,3,read,8962.3,8348.8,0,2.0,5.8,7.6,11.5,nan,nan,
2026-09-11T08:05:51.016446Z,17.0,565.954,200,3,update,2219.8,2087.9,0,79.7,88.1,117.4,125.8,nan,nan,
2026-09-11T08:05:51.016492Z,18.0,566.958,200,3,read,8432.6,8353.4,0,2.4,7.1,8.9,16.3,nan,nan,
2026-09-11T08:05:51.016537Z,18.0,566.958,200,3,update,2115.6,2089.5,0,79.7,113.2,125.8,142.6,nan,nan,
2026-09-11T08:05:51.016584Z,19.0,567.957,200,3,read,7883.1,8328.7,0,3.0,8.9,13.1,18.9,nan,nan,
2026-09-11T08:05:51.016628Z,19.0,567.957,200,3,update,2000.0,2084.8,0,83.9,113.2,130.0,142.6,nan,nan,
2026-09-11T08:05:51.016675Z,20.0,568.976,200,3,read,5712.9,8197.9,0,3.7,24.1,27.3,50.3,nan,nan,
2026-09-11T08:05:51.016720Z,20.0,568.976,200,3,update,1440.7,2052.6,0,96.5,167.8,184.5,209.7,nan,nan,
2026-09-11T08:05:51.016766Z,21.0,569.954,200,3,read,4270.2,8010.9,0,5.0,27.3,30.4,54.5,nan,nan,
2026-09-11T08:05:51.016811Z,21.0,569.954,200,3,update,1090.8,2006.8,0,134.2,218.1,243.3,251.7,nan,nan,
2026-09-11T08:05:51.016859Z,22.0,571.022,200,3,read,4634.7,7857.2,0,3.5,27.3,32.5,52.4,nan,nan,
2026-09-11T08:05:51.016904Z,22.0,571.022,200,3,update,1138.7,1967.3,0,159.4,226.5,243.3,251.7,nan,nan,
2026-09-11T08:05:51.016951Z,23.0,571.954,200,3,read,4689.1,7719.7,0,5.5,24.1,30.4,48.2,nan,nan,
2026-09-11T08:05:51.016996Z,23.0,571.954,200,3,update,1118.5,1930.4,0,125.8,260.0,285.2,302.0,nan,nan,
2026-09-11T08:05:51.017042Z,24.0,572.953,200,3,read,4739.2,7595.6,0,3.5,33.6,50.3,54.5,nan,nan,
2026-09-11T08:05:51.017087Z,24.0,572.953,200,3,update,1125.8,1896.9,0,130.0,234.9,260.0,285.2,nan,nan,
2026-09-11T08:05:51.017133Z,25.0,573.954,200,3,read,4786.3,7483.1,0,5.2,25.2,37.7,46.1,nan,nan,
2026-09-11T08:05:51.017178Z,25.0,573.954,200,3,update,1165.8,1867.6,0,142.6,226.5,260.0,268.4,nan,nan,
2026-09-11T08:05:51.017224Z,26.0,574.969,200,3,read,4756.6,7378.3,0,4.5,22.0,24.1,41.9,nan,nan,
2026-09-11T08:05:51.017269Z,26.0,574.969,200,3,update,1203.7,1842.1,0,134.2,184.5,201.3,209.7,nan,nan,
2026-09-11T08:05:51.017316Z,27.0,575.954,200,3,read,4498.9,7271.6,0,5.8,26.2,28.3,48.2,nan,nan,
2026-09-11T08:05:51.017360Z,27.0,575.954,200,3,update,1139.2,1816.1,0,151.0,192.9,201.3,226.5,nan,nan,
2026-09-11T08:05:51.017412Z,28.0,577.063,200,3,read,3868.6,7150.1,0,5.8,31.5,41.9,62.9,nan,nan,
2026-09-11T08:05:51.017457Z,28.0,577.063,200,3,update,989.4,1786.6,0,159.4,302.0,318.8,352.3,nan,nan,
2026-09-11T08:05:51.017504Z,29.0,577.955,200,3,read,4149.9,7046.5,0,5.5,28.3,33.6,56.6,nan,nan,
2026-09-11T08:05:51.017549Z,29.0,577.955,200,3,update,997.7,1759.3,0,151.0,226.5,260.0,268.4,nan,nan,
2026-09-11T08:05:51.017596Z,30.0,578.953,200,3,read,5227.7,6985.9,0,5.0,22.0,26.2,41.9,nan,nan,
2026-09-11T08:05:51.017641Z,30.0,578.953,200,3,update,1337.7,1745.3,0,130.0,176.2,209.7,218.1,nan,nan,
2026-09-11T08:05:51.017688Z,31.0,580.137,200,3,read,6322.2,6964.5,0,2.0,19.9,24.1,39.8,nan,nan,
2026-09-11T08:05:51.017773Z,31.0,580.137,200,3,update,1481.1,1736.8,0,109.1,159.4,176.2,184.5,nan,nan,
2026-09-11T08:05:51.017821Z,32.0,580.965,200,3,read,7719.7,6988.2,0,1.8,4.7,8.9,19.9,nan,nan,
2026-09-11T08:05:51.017866Z,32.0,580.965,200,3,update,2017.4,1745.6,0,92.3,117.4,125.8,142.6,nan,nan,
2026-09-11T08:05:51.017917Z,33.0,582.012,200,3,read,6101.0,6961.3,0,1.8,6.6,10.0,17.8,nan,nan,
2026-09-11T08:05:51.017962Z,33.0,582.012,200,3,update,1584.5,1740.7,0,104.9,184.5,192.9,201.3,nan,nan,
2026-09-11T08:05:51.018009Z,34.0,582.957,200,3,read,7818.8,6986.5,0,2.9,8.4,14.2,18.9,nan,nan,
2026-09-11T08:05:51.018057Z,34.0,582.957,200,3,update,1949.7,1746.8,0,83.9,121.6,130.0,134.2,nan,nan,
2026-09-11T08:05:51.018127Z,35.0,583.954,200,3,read,6838.1,6982.3,0,2.4,6.8,10.0,17.8,nan,nan,
2026-09-11T08:05:51.018173Z,35.0,583.954,200,3,update,1699.5,1745.5,0,109.1,142.6,159.4,167.8,nan,nan,
2026-09-11T08:05:51.018237Z,36.0,584.952,200,3,read,5035.6,6928.2,0,2.4,26.2,29.4,54.5,nan,nan,
2026-09-11T08:05:51.018286Z,36.0,584.952,200,3,update,1279.2,1732.5,0,117.4,209.7,234.9,243.3,nan,nan,
2026-09-11T08:05:51.018339Z,37.0,586.064,200,3,read,3330.2,6830.9,0,12.6,32.5,35.7,62.9,nan,nan,
2026-09-11T08:05:51.018385Z,37.0,586.064,200,3,update,778.6,1706.7,0,192.9,302.0,335.5,352.3,nan,nan,
2026-09-11T08:05:51.018434Z,38.0,586.951,200,3,read,3196.2,6735.3,0,12.1,33.6,35.7,56.6,nan,nan,
2026-09-11T08:05:51.018480Z,38.0,586.951,200,3,update,968.4,1687.3,0,184.5,285.2,318.8,318.8,nan,nan,
2026-09-11T08:05:51.018528Z,39.0,587.956,200,3,read,3446.9,6650.9,0,14.2,33.6,37.7,67.1,nan,nan,
2026-09-11T08:05:51.018582Z,39.0,587.956,200,3,update,849.5,1665.8,0,176.2,251.7,285.2,302.0,nan,nan,
2026-09-11T08:05:51.018630Z,40.0,588.952,200,3,read,3130.4,6563.0,0,13.1,32.5,35.7,65.0,nan,nan,
2026-09-11T08:05:51.018675Z,40.0,588.952,200,3,update,691.3,1641.4,0,201.3,318.8,318.8,335.5,nan,nan,
2026-09-11T08:05:51.018736Z,41.0,589.975,200,3,read,3475.8,6487.6,0,12.6,30.4,33.6,65.0,nan,nan,
2026-09-11T08:05:51.018814Z,41.0,589.975,200,3,update,842.0,1621.9,0,192.9,285.2,335.5,335.5,nan,nan,
2026-09-11T08:05:51.018873Z,42.0,590.951,200,3,read,3008.7,6404.8,0,13.6,33.6,37.7,71.3,nan,nan,
2026-09-11T08:05:51.018919Z,42.0,590.951,200,3,update,816.9,1602.8,0,184.5,285.2,318.8,335.5,nan,nan,
2026-09-11T08:05:51.018969Z,43.0,591.983,200,3,read,3552.7,6338.5,0,15.2,33.6,39.8,71.3,nan,nan,
2026-09-11T08:05:51.019016Z,43.0,591.983,200,3,update,977.5,1588.2,0,176.2,251.7,285.2,285.2,nan,nan,
2026-09-11T08:05:51.019064Z,44.0,593.038,200,3,read,3483.8,6273.6,0,12.1,33.6,37.7,71.3,nan,nan,
2026-09-11T08:05:51.019110Z,44.0,593.038,200,3,update,882.4,1572.2,0,176.2,234.9,251.7,251.7,nan,nan,
2026-09-11T08:05:51.019159Z,45.0,593.954,200,3,read,3433.2,6210.5,0,13.6,27.3,29.4,56.6,nan,nan,
2026-09-11T08:05:51.019205Z,45.0,593.954,200,3,update,972.5,1558.9,0,176.2,251.7,285.2,302.0,nan,nan,
2026-09-11T08:05:51.019253Z,46.0,594.955,200,3,read,3120.3,6143.4,0,12.1,32.5,35.7,60.8,nan,nan,
2026-09-11T08:05:51.019302Z,46.0,594.955,200,3,update,770.3,1541.7,0,209.7,302.0,335.5,335.5,nan,nan,
2026-09-11T08:05:51.019353Z,47.0,595.965,200,3,read,3065.4,6077.8,0,13.6,35.7,58.7,88.1,nan,nan,
2026-09-11T08:05:51.019399Z,47.0,595.965,200,3,update,851.1,1527.0,0,184.5,302.0,335.5,335.5,nan,nan,
2026-09-11T08:05:51.019449Z,48.0,596.976,200,3,read,3587.8,6025.9,0,14.7,27.3,31.5,50.3,nan,nan,
2026-09-11T08:05:51.019495Z,48.0,596.976,200,3,update,881.4,1513.6,0,167.8,218.1,234.9,234.9,nan,nan,
2026-09-11T08:05:51.019543Z,49.0,598.055,200,3,read,3535.0,5975.1,0,13.1,27.3,30.4,52.4,nan,nan,
2026-09-11T08:05:51.019588Z,49.0,598.055,200,3,update,859.0,1500.2,0,192.9,234.9,251.7,260.0,nan,nan,
2026-09-11T08:05:51.019635Z,50.0,598.953,200,3,read,3227.8,5920.2,0,13.1,33.6,39.8,62.9,nan,nan,
2026-09-11T08:05:51.019681Z,50.0,598.953,200,3,update,842.2,1487.1,0,184.5,251.7,285.2,285.2,nan,nan,
2026-09-11T08:05:51.019731Z,51.0,599.954,200,3,read,3546.3,5873.6,0,13.6,30.4,35.7,52.4,nan,nan,
2026-09-11T08:05:51.019777Z,51.0,599.954,200,3,update,853.8,1474.6,0,176.2,260.0,268.4,285.2,nan,nan,
2026-09-11T08:05:51.019827Z,52.0,601.127,200,3,read,2528.5,5809.3,0,10.0,26.2,29.4,44.0,nan,nan,
2026-09-11T08:05:51.019875Z,52.0,601.127,200,3,update,617.1,1458.2,0,201.3,436.2,453.0,453.0,nan,nan,
2026-09-11T08:05:51.019931Z,53.0,601.955,200,3,read,3358.7,5763.1,0,15.2,31.5,35.7,44.0,nan,nan,
2026-09-11T08:05:51.019977Z,53.0,601.955,200,3,update,953.9,1448.6,0,184.5,453.0,469.8,503.3,nan,nan,
2026-09-11T08:05:51.020024Z,54.0,602.957,200,3,read,3332.8,5718.0,0,15.2,29.4,31.5,56.6,nan,nan,
2026-09-11T08:05:51.020070Z,54.0,602.957,200,3,update,887.4,1438.2,0,159.4,285.2,302.0,318.8,nan,nan,
2026-09-11T08:05:51.020117Z,55.0,603.953,200,3,read,3307.8,5674.2,0,15.2,29.4,33.6,50.3,nan,nan,
2026-09-11T08:05:51.020162Z,55.0,603.953,200,3,update,869.5,1427.9,0,176.2,251.7,260.0,268.4,nan,nan,
2026-09-11T08:05:51.020210Z,56.0,604.956,200,3,read,3286.8,5631.6,0,12.6,30.4,33.6,56.6,nan,nan,
2026-09-11T08:05:51.020255Z,56.0,604.956,200,3,update,748.7,1415.8,0,218.1,318.8,335.5,335.5,nan,nan,
2026-09-11T08:05:51.020303Z,57.0,605.957,200,3,read,3442.9,5593.2,0,15.7,29.4,33.6,54.5,nan,nan,
2026-09-11T08:05:51.020348Z,57.0,605.957,200,3,update,766.4,1404.4,0,184.5,285.2,318.8,318.8,nan,nan,
2026-09-11T08:05:51.020400Z,58.0,606.958,200,3,read,2990.7,5548.3,0,11.0,32.5,37.7,209.7,nan,nan,
2026-09-11T08:05:51.020450Z,58.0,606.958,200,3,update,720.7,1392.6,0,201.3,285.2,302.0,318.8,nan,nan,
2026-09-11T08:05:51.020501Z,59.0,607.956,200,3,read,3168.5,5508.0,0,18.9,35.7,39.8,67.1,nan,nan,
2026-09-11T08:05:51.020546Z,59.0,607.956,200,3,update,826.9,1383.0,0,201.3,335.5,369.1,385.9,nan,nan,
2026-09-11T08:05:51.020595Z,60.0,608.953,200,3,read,3179.0,5469.2,0,14.2,30.4,35.7,62.9,nan,nan,
2026-09-11T08:05:51.020641Z,60.0,608.953,200,3,update,840.3,1374.0,0,209.7,302.0,318.8,318.8,nan,nan,
2026-09-11T08:07:21.714957Z,6.0,645.651,200,1,read,8012.7,7510.0,0,2.0,6.0,9.4,18.9,nan,nan,
2026-09-11T08:07:21.715389Z,6.0,645.651,200,1,update,1986.7,1830.0,0,88.1,113.2,130.0,142.6,nan,nan,
2026-09-11T08:07:21.715449Z,7.0,646.651,200,1,read,7461.2,7502.9,0,2.5,8.9,15.2,22.0,nan,nan,
2026-09-11T08:07:21.715493Z,7.0,646.651,200,1,update,1901.0,1840.1,0,88.1,142.6,167.8,184.5,nan,nan,
2026-09-11T08:07:21.715536Z,8.0,647.65,200,1,read,8190.9,7588.8,0,1.9,6.6,19.9,26.2,nan,nan,
2026-09-11T08:07:21.715578Z,8.0,647.65,200,1,update,1980.2,1857.6,0,88.1,113.2,134.2,151.0,nan,nan,
2026-09-11T08:07:21.715619Z,9.0,648.651,200,1,read,7658.8,7597.0,0,2.4,7.3,19.9,54.5,nan,nan,
2026-09-11T08:07:21.715659Z,9.0,648.651,200,1,update,1938.9,1866.7,0,92.3,117.4,134.2,151.0,nan,nan,
2026-09-11T08:07:21.715701Z,10.0,649.652,200,1,read,7761.4,7613.2,0,2.2,7.1,14.7,17.8,nan,nan,
2026-09-11T08:07:21.715742Z,10.0,649.652,200,1,update,2005.6,1880.6,0,88.1,121.6,142.6,151.0,nan,nan,
2026-09-11T08:07:21.715784Z,11.0,650.657,200,1,read,7116.7,7568.0,0,2.0,5.0,15.2,25.2,nan,nan,
2026-09-11T08:07:21.715825Z,11.0,650.657,200,1,update,1945.4,1886.5,0,83.9,134.2,142.6,142.6,nan,nan,
2026-09-11T08:07:21.715868Z,12.0,651.659,200,1,read,5978.1,7435.7,0,1.8,11.5,19.9,26.2,nan,nan,
2026-09-11T08:07:21.715908Z,12.0,651.659,200,1,update,1484.3,1853.0,0,113.2,176.2,184.5,201.3,nan,nan,
2026-09-11T08:07:21.715951Z,13.0,652.732,200,1,read,6746.2,7382.5,0,1.8,9.4,13.6,18.9,nan,nan,
2026-09-11T08:07:21.715991Z,13.0,652.732,200,1,update,1739.6,1844.2,0,100.7,130.0,151.0,159.4,nan,nan,
2026-09-11T08:07:21.716032Z,14.0,653.684,200,1,read,6257.8,7302.2,0,2.0,12.6,18.9,26.2,nan,nan,
2026-09-11T08:07:21.716072Z,14.0,653.684,200,1,update,1587.0,1825.8,0,109.1,151.0,167.8,184.5,nan,nan,
2026-09-11T08:07:21.716113Z,15.0,654.654,200,1,read,6635.7,7257.9,0,2.0,13.1,19.9,32.5,nan,nan,
2026-09-11T08:07:21.716152Z,15.0,654.654,200,1,update,1643.2,1813.7,0,104.9,151.0,176.2,192.9,nan,nan,
2026-09-11T08:07:21.716193Z,16.0,655.657,200,1,read,5966.6,7177.3,0,1.7,14.2,22.0,28.3,nan,nan,
2026-09-11T08:07:21.716231Z,16.0,655.657,200,1,update,1510.9,1794.8,0,113.2,167.8,176.2,184.5,nan,nan,
2026-09-11T08:07:21.716273Z,17.0,656.728,200,1,read,6522.3,7138.6,0,2.0,14.2,17.8,22.0,nan,nan,
2026-09-11T08:07:21.716312Z,17.0,656.728,200,1,update,1602.8,1783.5,0,109.1,151.0,176.2,184.5,nan,nan,
2026-09-11T08:07:21.716363Z,18.0,657.693,200,1,read,6351.4,7094.7,0,1.8,12.6,15.7,21.0,nan,nan,
2026-09-11T08:07:21.716438Z,18.0,657.693,200,1,update,1630.1,1774.9,0,104.9,151.0,167.8,176.2,nan,nan,
2026-09-11T08:07:21.716498Z,19.0,658.654,200,1,read,5982.9,7036.2,0,2.0,15.7,21.0,26.2,nan,nan,
2026-09-11T08:07:21.716544Z,19.0,658.654,200,1,update,1490.5,1759.9,0,113.2,167.8,176.2,201.3,nan,nan,
2026-09-11T08:07:21.716590Z,20.0,659.65,200,1,read,6507.5,7009.9,0,2.2,12.6,17.8,21.0,nan,nan,
2026-09-11T08:07:21.716632Z,20.0,659.65,200,1,update,1692.4,1756.6,0,109.1,151.0,184.5,201.3,nan,nan,
2026-09-11T08:07:21.716673Z,21.0,660.653,200,1,read,6291.6,6975.6,0,1.9,16.8,25.2,50.3,nan,nan,
2026-09-11T08:07:21.716712Z,21.0,660.653,200,1,update,1475.1,1743.2,0,113.2,159.4,176.2,184.5,nan,nan,
2026-09-11T08:07:21.716755Z,22.0,661.651,200,1,read,5598.2,6913.0,0,2.4,17.8,26.2,31.5,nan,nan,
2026-09-11T08:07:21.716796Z,22.0,661.651,200,1,update,1438.0,1729.3,0,121.6,159.4,167.8,167.8,nan,nan,
2026-09-11T08:07:21.716837Z,23.0,662.667,200,1,read,4625.2,6813.6,0,2.6,27.3,32.5,44.0,nan,nan,
2026-09-11T08:07:21.716877Z,23.0,662.667,200,1,update,1144.8,1703.9,0,142.6,209.7,218.1,226.5,nan,nan,
2026-09-11T08:07:21.716918Z,24.0,663.651,200,1,read,5294.4,6750.3,0,2.6,21.0,26.2,31.5,nan,nan,
2026-09-11T08:07:21.716957Z,24.0,663.651,200,1,update,1398.1,1691.2,0,125.8,159.4,176.2,192.9,nan,nan,
2026-09-11T08:07:21.716998Z,25.0,664.665,200,1,read,5943.8,6718.0,0,3.1,17.8,22.0,30.4,nan,nan,
2026-09-11T08:07:21.717037Z,25.0,664.665,200,1,update,1511.2,1684.0,0,113.2,142.6,151.0,167.8,nan,nan,
2026-09-11T08:07:21.717078Z,26.0,665.65,200,1,read,5700.0,6678.8,0,2.9,18.9,25.2,44.0,nan,nan,
2026-09-11T08:07:21.717117Z,26.0,665.65,200,1,update,1326.1,1670.2,0,117.4,167.8,192.9,218.1,nan,nan,
2026-09-11T08:07:21.717159Z,27.0,666.656,200,1,read,6120.1,6658.2,0,3.8,18.9,24.1,41.9,nan,nan,
2026-09-11T08:07:21.717199Z,27.0,666.656,200,1,update,1475.7,1663.0,0,113.2,176.2,209.7,234.9,nan,nan,
2026-09-11T08:07:21.717239Z,28.0,667.652,200,1,read,7094.9,6673.7,0,2.9,14.2,15.7,23.1,nan,nan,
2026-09-11T08:07:21.717279Z,28.0,667.652,200,1,update,1726.7,1665.3,0,96.5,117.4,142.6,159.4,nan,nan,
2026-09-11T08:07:21.717321Z,29.0,668.672,200,1,read,5483.4,6632.8,0,2.4,21.0,31.5,54.5,nan,nan,
2026-09-11T08:07:21.717361Z,29.0,668.672,200,1,update,1383.9,1655.6,0,117.4,176.2,192.9,201.3,nan,nan,
2026-09-11T08:07:21.717402Z,30.0,669.654,200,1,read,5222.5,6585.7,0,3.3,22.0,26.2,28.3,nan,nan,
2026-09-11T08:07:21.717454Z,30.0,669.654,200,1,update,1282.1,1643.1,0,121.6,167.8,192.9,201.3,nan,nan,
2026-09-11T08:07:21.717496Z,31.0,670.657,200,1,read,5406.0,6547.8,0,2.5,19.9,26.2,44.0,nan,nan,
2026-09-11T08:07:21.717536Z,31.0,670.657,200,1,update,1474.9,1637.7,0,121.6,176.2,192.9,226.5,nan,nan,
2026-09-11T08:07:21.717577Z,32.0,671.653,200,1,read,7328.1,6572.0,0,2.1,11.0,15.7,21.0,nan,nan,
2026-09-11T08:07:21.717616Z,32.0,671.653,200,1,update,1696.2,1639.5,0,100.7,125.8,134.2,151.0,nan,nan,
2026-09-11T08:07:21.717656Z,33.0,672.657,200,1,read,6542.4,6571.1,0,2.2,16.3,35.7,60.8,nan,nan,
2026-09-11T08:07:21.717696Z,33.0,672.657,200,1,update,1645.3,1639.7,0,104.9,151.0,167.8,176.2,nan,nan,
2026-09-11T08:07:21.717743Z,34.0,673.651,200,1,read,5353.6,6535.3,0,3.5,18.9,22.0,25.2,nan,nan,
2026-09-11T08:07:21.717782Z,34.0,673.651,200,1,update,1433.6,1633.6,0,121.6,159.4,167.8,184.5,nan,nan,
2026-09-11T08:07:21.717823Z,35.0,674.65,200,1,read,4294.0,6471.3,0,6.0,25.2,32.5,46.1,nan,nan,
2026-09-11T08:07:21.717862Z,35.0,674.65,200,1,update,1097.7,1618.3,0,134.2,260.0,268.4,285.2,nan,nan,
2026-09-11T08:07:21.717903Z,36.0,675.758,200,1,read,4148.4,6406.7,0,4.5,26.2,30.4,52.4,nan,nan,
2026-09-11T08:07:21.717949Z,36.0,675.758,200,1,update,1102.4,1604.0,0,142.6,268.4,285.2,285.2,nan,nan,
2026-09-11T08:07:21.717997Z,37.0,676.699,200,1,read,4397.6,6352.4,0,5.2,25.2,31.5,44.0,nan,nan,
2026-09-11T08:07:21.718036Z,37.0,676.699,200,1,update,1069.1,1589.5,0,142.6,260.0,302.0,302.0,nan,nan,
2026-09-11T08:07:21.718078Z,38.0,677.654,200,1,read,4386.5,6300.7,0,6.8,23.1,28.3,46.1,nan,nan,
2026-09-11T08:07:21.718118Z,38.0,677.654,200,1,update,1089.9,1576.4,0,142.6,285.2,302.0,318.8,nan,nan,
2026-09-11T08:07:21.718160Z,39.0,678.657,200,1,read,4446.2,6253.2,0,8.9,21.0,23.1,37.7,nan,nan,
2026-09-11T08:07:21.718258Z,39.0,678.657,200,1,update,1145.5,1565.4,0,130.0,209.7,243.3,243.3,nan,nan,
2026-09-11T08:07:21.718334Z,40.0,679.652,200,1,read,4575.6,6211.2,0,7.3,26.2,33.6,46.1,nan,nan,
2026-09-11T08:07:21.718383Z,40.0,679.652,200,1,update,1016.6,1551.6,0,159.4,201.3,218.1,234.9,nan,nan,
2026-09-11T08:07:21.718430Z,41.0,680.741,200,1,read,6555.0,6219.6,0,1.8,7.1,12.1,17.8,nan,nan,
2026-09-11T08:07:21.718480Z,41.0,680.741,200,1,update,1664.0,1554.4,0,109.1,142.6,159.4,167.8,nan,nan,
2026-09-11T08:07:21.718731Z,42.0,681.717,200,1,read,4015.9,6167.2,0,5.2,29.4,37.7,41.9,nan,nan,
2026-09-11T08:07:21.718862Z,42.0,681.717,200,1,update,1067.4,1542.8,0,142.6,243.3,260.0,285.2,nan,nan,
2026-09-11T08:07:21.718963Z,43.0,682.74,200,1,read,3739.0,6110.7,0,10.5,28.3,31.5,50.3,nan,nan,
2026-09-11T08:07:21.719019Z,43.0,682.74,200,1,update,948.3,1528.9,0,159.4,285.2,335.5,335.5,nan,nan,
2026-09-11T08:07:21.719068Z,44.0,683.684,200,1,read,3562.8,6052.8,0,13.1,28.3,31.5,35.7,nan,nan,
2026-09-11T08:07:21.719111Z,44.0,683.684,200,1,update,898.2,1514.6,0,184.5,243.3,260.0,260.0,nan,nan,
2026-09-11T08:07:21.719155Z,45.0,684.651,200,1,read,3746.7,6001.5,0,11.0,30.4,32.5,37.7,nan,nan,
2026-09-11T08:07:21.719200Z,45.0,684.651,200,1,update,964.9,1502.4,0,151.0,226.5,243.3,260.0,nan,nan,
2026-09-11T08:07:21.719244Z,46.0,685.651,200,1,read,3680.6,5951.1,0,13.1,30.4,35.7,39.8,nan,nan,
2026-09-11T08:07:21.719287Z,46.0,685.651,200,1,update,996.6,1491.4,0,159.4,234.9,260.0,285.2,nan,nan,
2026-09-11T08:07:21.719329Z,47.0,686.65,200,1,read,3214.1,5892.8,0,8.9,26.2,30.4,226.5,nan,nan,
2026-09-11T08:07:21.719369Z,47.0,686.65,200,1,update,869.3,1478.2,0,184.5,285.2,318.8,335.5,nan,nan,
2026-09-11T08:07:21.719413Z,48.0,687.661,200,1,read,3590.7,5844.9,0,14.2,27.3,30.4,56.6,nan,nan,
2026-09-11T08:07:21.719455Z,48.0,687.661,200,1,update,911.9,1466.4,0,167.8,243.3,251.7,260.0,nan,nan,
2026-09-11T08:07:21.719497Z,49.0,688.675,200,1,read,3584.3,5798.7,0,15.2,27.3,29.4,48.2,nan,nan,
2026-09-11T08:07:21.719538Z,49.0,688.675,200,1,update,939.8,1455.6,0,159.4,260.0,285.2,302.0,nan,nan,
2026-09-11T08:07:21.719582Z,50.0,689.653,200,1,read,3571.4,5754.2,0,13.1,25.2,29.4,41.9,nan,nan,
2026-09-11T08:07:21.719623Z,50.0,689.653,200,1,update,924.1,1445.0,0,176.2,251.7,285.2,302.0,nan,nan,
2026-09-11T08:07:21.719666Z,51.0,690.654,200,1,read,3508.9,5710.2,0,12.1,27.3,30.4,39.8,nan,nan,
2026-09-11T08:07:21.719708Z,51.0,690.654,200,1,update,868.2,1433.7,0,184.5,251.7,285.2,302.0,nan,nan,
2026-09-11T08:07:21.719755Z,52.0,691.855,200,1,read,3462.8,5666.9,0,14.2,28.3,31.5,44.0,nan,nan,
2026-09-11T08:07:21.719796Z,52.0,691.855,200,1,update,893.0,1423.3,0,167.8,251.7,260.0,285.2,nan,nan,
2026-09-11T08:07:21.719840Z,53.0,692.654,200,1,read,3800.3,5631.7,0,12.6,29.4,32.5,56.6,nan,nan,
2026-09-11T08:07:21.719880Z,53.0,692.654,200,1,update,907.6,1413.6,0,159.4,226.5,251.7,260.0,nan,nan,
2026-09-11T08:07:21.719923Z,54.0,693.651,200,1,read,3294.7,5588.5,0,11.5,29.4,31.5,52.4,nan,nan,
2026-09-11T08:07:21.719964Z,54.0,693.651,200,1,update,911.5,1404.3,0,167.8,251.7,260.0,285.2,nan,nan,
2026-09-11T08:07:21.720006Z,55.0,694.65,200,1,read,3357.1,5547.9,0,14.2,28.3,31.5,50.3,nan,nan,
2026-09-11T08:07:21.720049Z,55.0,694.65,200,1,update,848.8,1394.2,0,192.9,285.2,318.8,318.8,nan,nan,
2026-09-11T08:07:21.720092Z,56.0,695.652,200,1,read,3097.1,5504.1,0,13.1,31.5,71.3,88.1,nan,nan,
2026-09-11T08:07:21.720134Z,56.0,695.652,200,1,update,818.3,1383.9,0,184.5,285.2,302.0,302.0,nan,nan,
2026-09-11T08:07:21.720175Z,57.0,696.656,200,1,read,3425.4,5467.7,0,14.2,30.4,33.6,37.7,nan,nan,
2026-09-11T08:07:21.720215Z,57.0,696.656,200,1,update,876.9,1375.0,0,184.5,285.2,318.8,318.8,nan,nan,
2026-09-11T08:07:21.720258Z,58.0,697.692,200,1,read,3526.9,5434.2,0,14.7,29.4,31.5,56.6,nan,nan,
2026-09-11T08:07:21.720299Z,58.0,697.692,200,1,update,794.5,1365.0,0,184.5,268.4,302.0,302.0,nan,nan,
2026-09-11T08:07:21.720360Z,59.0,698.653,200,1,read,3430.5,5400.2,0,11.5,30.4,35.7,54.5,nan,nan,
2026-09-11T08:07:21.720400Z,59.0,698.653,200,1,update,858.9,1356.4,0,192.9,285.2,302.0,302.0,nan,nan,
2026-09-11T08:07:21.720450Z,60.0,699.657,200,1,read,3547.9,5369.3,0,14.2,27.3,29.4,41.9,nan,nan,
2026-09-11T08:07:21.720491Z,60.0,699.657,200,1,update,862.5,1348.2,0,184.5,268.4,302.0,318.8,nan,nan,
2026-09-11T08:08:48.510372Z,6.0,732.456,10,2,read,611.0,533.8,0,0.7,1.2,1.6,5.5,nan,nan,
2026-09-11T08:08:48.510574Z,6.0,732.456,10,2,update,130.0,124.8,0,75.5,75.5,79.7,79.7,nan,nan,
2026-09-11T08:08:48.510625Z,7.0,733.633,10,2,read,494.8,528.2,0,0.7,1.2,1.5,2.5,nan,nan,
2026-09-11T08:08:48.510668Z,7.0,733.633,10,2,update,131.0,125.7,0,75.5,75.5,117.4,117.4,nan,nan,
2026-09-11T08:08:48.510714Z,8.0,734.455,10,2,read,469.2,520.8,0,0.7,1.3,1.6,3.7,nan,nan,
2026-09-11T08:08:48.510755Z,8.0,734.455,10,2,update,131.1,126.4,0,75.5,75.5,79.7,79.7,nan,nan,
2026-09-11T08:08:48.510832Z,9.0,735.455,10,2,read,445.1,512.4,0,0.7,1.2,1.6,2.0,nan,nan,
2026-09-11T08:08:48.510875Z,9.0,735.455,10,2,update,131.0,126.9,0,75.5,75.5,79.7,79.7,nan,nan,
2026-09-11T08:08:48.510917Z,10.0,736.458,10,2,read,492.9,510.5,0,0.7,1.0,1.4,5.5,nan,nan,
2026-09-11T08:08:48.511146Z,10.0,736.458,10,2,update,135.0,127.7,0,75.5,75.5,79.7,79.7,nan,nan,
2026-09-11T08:08:48.511208Z,11.0,737.458,10,2,read,488.9,508.5,0,0.7,0.8,1.5,3.9,nan,nan,
2026-09-11T08:08:48.511255Z,11.0,737.458,10,2,update,133.0,128.2,0,75.5,75.5,79.7,79.7,nan,nan,
2026-09-11T08:08:48.511300Z,12.0,738.458,10,2,read,538.3,511.0,0,0.7,0.8,1.0,1.7,nan,nan,
2026-09-11T08:08:48.511341Z,12.0,738.458,10,2,update,132.1,128.5,0,75.5,75.5,79.7,79.7,nan,nan,
2026-09-11T08:08:48.511384Z,13.0,739.456,10,2,read,543.8,513.5,0,0.7,1.0,1.7,2.9,nan,nan,
2026-09-11T08:08:48.511424Z,13.0,739.456,10,2,update,122.0,128.0,0,75.5,142.6,167.8,167.8,nan,nan,
2026-09-11T08:08:48.511467Z,14.0,740.453,10,2,read,458.2,509.6,0,0.7,1.2,1.9,5.5,nan,nan,
2026-09-11T08:08:48.511508Z,14.0,740.453,10,2,update,130.1,128.1,0,75.5,75.5,79.7,83.9,nan,nan,
2026-09-11T08:08:48.511550Z,15.0,741.455,10,2,read,545.1,511.9,0,0.7,1.3,1.8,5.2,nan,nan,
2026-09-11T08:08:48.511590Z,15.0,741.455,10,2,update,134.0,128.5,0,75.5,75.5,75.5,79.7,nan,nan,
2026-09-11T08:08:48.511630Z,16.0,742.458,10,2,read,449.8,508.0,0,0.7,1.3,1.5,8.4,nan,nan,
2026-09-11T08:08:48.511670Z,16.0,742.458,10,2,update,133.0,128.8,0,75.5,75.5,75.5,79.7,nan,nan,
2026-09-11T08:08:48.511711Z,17.0,743.457,10,2,read,415.8,502.6,0,0.7,1.2,1.4,1.7,nan,nan,
2026-09-11T08:08:48.511750Z,17.0,743.457,10,2,update,132.9,129.1,0,75.5,75.5,75.5,75.5,nan,nan,
2026-09-11T08:08:48.511791Z,18.0,744.452,10,2,read,481.3,501.4,0,0.7,1.4,3.3,6.6,nan,nan,
2026-09-11T08:08:48.511831Z,18.0,744.452,10,2,update,129.1,129.1,0,75.5,75.5,79.7,79.7,nan,nan,
2026-09-11T08:08:48.511872Z,19.0,745.456,10,2,read,468.0,499.7,0,0.7,1.2,1.4,2.0,nan,nan,
2026-09-11T08:08:48.511912Z,19.0,745.456,10,2,update,132.0,129.2,0,75.5,75.5,75.5,75.5,nan,nan,
2026-09-11T08:08:48.511952Z,20.0,746.456,10,2,read,506.1,500.0,0,0.7,1.2,1.6,3.9,nan,nan,
2026-09-11T08:08:48.511996Z,20.0,746.456,10,2,update,132.0,129.3,0,75.5,75.5,75.5,79.7,nan,nan,
2026-09-11T08:08:48.512036Z,21.0,747.455,10,2,read,538.8,501.8,0,0.7,1.3,6.8,9.4,nan,nan,
2026-09-11T08:08:48.512075Z,21.0,747.455,10,2,update,127.0,129.2,0,75.5,104.9,117.4,117.4,nan,nan,
2026-09-11T08:08:48.512123Z,22.0,748.585,10,2,read,522.9,502.8,0,0.7,1.2,1.4,2.4,nan,nan,
2026-09-11T08:08:48.512163Z,22.0,748.585,10,2,update,132.0,129.4,0,75.5,75.5,75.5,75.5,nan,nan,
2026-09-11T08:08:48.512204Z,23.0,749.453,10,2,read,515.2,503.3,0,0.7,1.2,1.5,3.1,nan,nan,
2026-09-11T08:08:48.512244Z,23.0,749.453,10,2,update,133.1,129.5,0,75.5,75.5,75.5,75.5,nan,nan,
2026-09-11T08:08:48.512285Z,24.0,750.458,10,2,read,572.9,506.2,0,0.7,1.2,1.6,3.3,nan,nan,
2026-09-11T08:08:48.512325Z,24.0,750.458,10,2,update,132.0,129.6,0,75.5,75.5,75.5,79.7,nan,nan,
2026-09-11T08:08:48.512366Z,25.0,751.456,10,2,read,462.0,504.5,0,0.7,1.2,1.5,1.8,nan,nan,
2026-09-11T08:08:48.512405Z,25.0,751.456,10,2,update,134.0,129.8,0,75.5,75.5,75.5,75.5,nan,nan,
2026-09-11T08:08:48.512446Z,26.0,752.681,10,2,read,415.9,501.1,0,0.7,1.3,1.6,2.0,nan,nan,
2026-09-11T08:08:48.512485Z,26.0,752.681,10,2,update,112.0,129.1,0,75.5,159.4,167.8,167.8,nan,nan,
2026-09-11T08:08:48.512526Z,27.0,753.458,10,2,read,488.3,500.6,0,0.7,1.2,1.7,5.8,nan,nan,
2026-09-11T08:08:48.512569Z,27.0,753.458,10,2,update,130.1,129.1,0,75.5,83.9,130.0,130.0,nan,nan,
2026-09-11T08:08:48.512609Z,28.0,754.454,10,2,read,556.7,502.6,0,0.7,1.2,1.6,2.5,nan,nan,
2026-09-11T08:08:48.512649Z,28.0,754.454,10,2,update,130.9,129.2,0,75.5,75.5,75.5,75.5,nan,nan,
2026-09-11T08:08:48.512689Z,29.0,755.455,10,2,read,497.0,502.4,0,0.7,1.2,1.7,2.5,nan,nan,
2026-09-11T08:08:48.512729Z,29.0,755.455,10,2,update,135.0,129.4,0,75.5,79.7,83.9,83.9,nan,nan,
2026-09-11T08:08:48.512772Z,30.0,756.455,10,2,read,551.9,504.1,0,0.7,1.2,1.5,3.0,nan,nan,
2026-09-11T08:08:48.512812Z,30.0,756.455,10,2,update,131.0,129.5,0,75.5,75.5,75.5,75.5,nan,nan,
2026-09-11T08:08:48.512852Z,31.0,757.53,10,2,read,515.1,504.4,0,0.7,1.2,1.3,2.6,nan,nan,
2026-09-11T08:08:48.512892Z,31.0,757.53,10,2,update,131.0,129.5,0,75.5,75.5,75.5,75.5,nan,nan,
2026-09-11T08:08:48.512933Z,32.0,758.459,10,2,read,516.0,504.8,0,0.7,1.2,1.6,7.6,nan,nan,
2026-09-11T08:08:48.512971Z,32.0,758.459,10,2,update,132.0,129.6,0,75.5,75.5,79.7,79.7,nan,nan,
2026-09-11T08:08:48.513017Z,33.0,759.452,10,2,read,510.2,504.9,0,0.7,1.3,2.6,4.5,nan,nan,
2026-09-11T08:08:48.513056Z,33.0,759.452,10,2,update,133.0,129.7,0,75.5,79.7,79.7,79.7,nan,nan,
2026-09-11T08:08:48.513098Z,34.0,760.457,10,2,read,518.7,505.3,0,0.7,1.2,1.4,1.6,nan,nan,
2026-09-11T08:08:48.513138Z,34.0,760.457,10,2,update,130.9,129.7,0,75.5,75.5,75.5,75.5,nan,nan,
2026-09-11T08:08:48.513192Z,35.0,761.455,10,2,read,507.2,505.4,0,0.7,1.3,1.6,6.3,nan,nan,
2026-09-11T08:08:48.513242Z,35.0,761.455,10,2,update,131.0,129.8,0,75.5,75.5,79.7,79.7,nan,nan,
2026-09-11T08:08:48.513283Z,36.0,762.458,10,2,read,576.2,507.4,0,0.7,1.3,1.7,4.2,nan,nan,
2026-09-11T08:08:48.513334Z,36.0,762.458,10,2,update,131.1,129.8,0,75.5,75.5,96.5,113.2,nan,nan,
2026-09-11T08:08:48.513386Z,37.0,763.46,10,2,read,462.9,506.2,0,0.7,1.2,1.8,3.7,nan,nan,
2026-09-11T08:08:48.513433Z,37.0,763.46,10,2,update,135.0,129.9,0,75.5,75.5,75.5,79.7,nan,nan,
2026-09-11T08:08:48.513475Z,38.0,764.457,10,2,read,483.9,505.6,0,0.7,1.2,1.6,6.0,nan,nan,
2026-09-11T08:08:48.513531Z,38.0,764.457,10,2,update,130.0,129.9,0,75.5,75.5,79.7,79.7,nan,nan,
2026-09-11T08:08:48.513596Z,39.0,765.461,10,2,read,566.8,507.1,0,0.7,1.2,2.0,6.0,nan,nan,
2026-09-11T08:08:48.513641Z,39.0,765.461,10,2,update,130.9,130.0,0,75.5,75.5,75.5,75.5,nan,nan,
2026-09-11T08:08:48.513684Z,40.0,766.607,10,2,read,448.3,505.7,0,0.7,1.2,1.4,2.9,nan,nan,
2026-09-11T08:08:48.513724Z,40.0,766.607,10,2,update,133.1,130.0,0,75.5,75.5,75.5,75.5,nan,nan,
2026-09-11T08:08:48.513774Z,41.0,767.529,10,2,read,471.0,504.8,0,0.7,1.2,1.6,2.6,nan,nan,
2026-09-11T08:08:48.513825Z,41.0,767.529,10,2,update,131.0,130.1,0,75.5,75.5,75.5,75.5,nan,nan,
2026-09-11T08:08:48.513877Z,42.0,768.456,10,2,read,534.8,505.5,0,0.7,1.2,1.7,3.1,nan,nan,
2026-09-11T08:08:48.513918Z,42.0,768.456,10,2,update,131.0,130.1,0,75.5,75.5,79.7,79.7,nan,nan,
2026-09-11T08:08:48.513959Z,43.0,769.458,10,2,read,511.2,505.7,0,0.7,1.2,1.6,2.9,nan,nan,
2026-09-11T08:08:48.513998Z,43.0,769.458,10,2,update,133.1,130.2,0,75.5,75.5,75.5,79.7,nan,nan,
2026-09-11T08:08:48.514049Z,44.0,770.495,10,2,read,504.7,505.7,0,0.7,0.8,1.3,2.2,nan,nan,
2026-09-11T08:08:48.514092Z,44.0,770.495,10,2,update,135.9,130.3,0,75.5,75.5,75.5,75.5,nan,nan,
2026-09-11T08:08:48.514146Z,45.0,771.456,10,2,read,546.2,506.6,0,0.7,0.9,1.4,2.0,nan,nan,
2026-09-11T08:08:48.514197Z,45.0,771.456,10,2,update,130.1,130.3,0,75.5,75.5,75.5,75.5,nan,nan,
2026-09-11T08:08:48.514241Z,46.0,772.463,10,2,read,442.1,505.2,0,0.7,1.0,1.8,2.1,nan,nan,
2026-09-11T08:08:48.514292Z,46.0,772.463,10,2,update,118.0,130.0,0,75.5,142.6,151.0,167.8,nan,nan,
2026-09-11T08:08:48.514344Z,47.0,773.57,10,2,read,496.8,505.0,0,0.7,0.9,1.2,1.5,nan,nan,
2026-09-11T08:08:48.514382Z,47.0,773.57,10,2,update,135.9,130.1,0,75.5,75.5,125.8,130.0,nan,nan,
2026-09-11T08:08:48.514422Z,48.0,774.457,10,2,read,583.9,506.6,0,0.7,0.9,1.2,2.8,nan,nan,
2026-09-11T08:08:48.514473Z,48.0,774.457,10,2,update,130.0,130.1,0,75.5,75.5,75.5,79.7,nan,nan,
2026-09-11T08:08:48.514521Z,49.0,775.455,10,2,read,528.2,507.1,0,0.7,1.0,1.3,1.6,nan,nan,
2026-09-11T08:08:48.514560Z,49.0,775.455,10,2,update,132.1,130.2,0,75.5,75.5,75.5,75.5,nan,nan,
2026-09-11T08:08:48.514607Z,50.0,776.642,10,2,read,567.7,508.3,0,0.7,1.2,1.7,2.9,nan,nan,
2026-09-11T08:08:48.514657Z,50.0,776.642,10,2,update,130.9,130.2,0,75.5,75.5,104.9,109.1,nan,nan,
2026-09-11T08:08:48.514700Z,51.0,777.47,10,2,read,521.2,508.5,0,0.7,1.2,1.8,2.4,nan,nan,
2026-09-11T08:08:48.514739Z,51.0,777.47,10,2,update,132.1,130.2,0,75.5,75.5,75.5,75.5,nan,nan,
2026-09-11T08:08:48.514779Z,52.0,778.693,10,2,read,560.1,509.5,0,0.7,1.2,1.4,1.8,nan,nan,
2026-09-11T08:08:48.514818Z,52.0,778.693,10,2,update,133.0,130.3,0,75.5,75.5,75.5,75.5,nan,nan,
2026-09-11T08:08:48.514858Z,53.0,779.805,10,2,read,483.9,509.0,0,0.7,1.1,1.4,1.6,nan,nan,
2026-09-11T08:08:48.514898Z,53.0,779.805,10,2,update,131.0,130.3,0,75.5,75.5,75.5,75.5,nan,nan,
2026-09-11T08:08:48.514942Z,54.0,780.532,10,2,read,489.0,508.7,0,0.7,1.2,1.5,2.0,nan,nan,
2026-09-11T08:08:48.514992Z,54.0,780.532,10,2,update,135.0,130.4,0,75.5,75.5,75.5,75.5,nan,nan,
2026-09-11T08:08:48.515032Z,55.0,781.455,10,2,read,482.6,508.2,0,0.7,1.3,2.0,4.5,nan,nan,
2026-09-11T08:08:48.515100Z,55.0,781.455,10,2,update,129.9,130.4,0,75.5,75.5,79.7,79.7,nan,nan,
2026-09-11T08:08:48.515158Z,56.0,782.459,10,2,read,396.2,506.2,0,0.7,1.3,2.0,3.1,nan,nan,
2026-09-11T08:08:48.515202Z,56.0,782.459,10,2,update,120.1,130.2,0,75.5,159.4,167.8,167.8,nan,nan,
2026-09-11T08:08:48.515245Z,57.0,783.456,10,2,read,570.7,507.3,0,0.7,1.2,1.4,3.7,nan,nan,
2026-09-11T08:08:48.515285Z,57.0,783.456,10,2,update,132.9,130.2,0,75.5,75.5,79.7,79.7,nan,nan,
2026-09-11T08:08:48.515327Z,58.0,784.457,10,2,read,558.9,508.2,0,0.7,1.3,1.6,3.1,nan,nan,
2026-09-11T08:08:48.515366Z,58.0,784.457,10,2,update,131.0,130.3,0,75.5,75.5,75.5,79.7,nan,nan,
2026-09-11T08:08:48.515407Z,59.0,785.457,10,2,read,577.5,509.4,0,0.7,1.3,1.4,1.8,nan,nan,
2026-09-11T08:08:48.515447Z,59.0,785.457,10,2,update,130.1,130.3,0,75.5,75.5,75.5,75.5,nan,nan,
2026-09-11T08:08:48.515491Z,60.0,786.464,10,2,read,413.8,507.8,0,0.7,1.3,1.6,6.8,nan,nan,
2026-09-11T08:08:48.515532Z,60.0,786.464,10,2,update,122.0,130.1,0,75.5,75.5,79.7,83.9,nan,nan,
2026-09-11T08:10:16.112021Z,6.0,820.055,10,1,read,564.2,554.8,0,0.7,0.7,0.9,4.1,nan,nan,
2026-09-11T08:10:16.112198Z,6.0,820.055,10,1,update,134.0,130.8,0,75.5,75.5,75.5,79.7,nan,nan,
2026-09-11T08:10:16.112251Z,7.0,821.057,10,1,read,518.9,549.6,0,0.7,0.7,1.8,6.0,nan,nan,
2026-09-11T08:10:16.112296Z,7.0,821.057,10,1,update,132.0,131.0,0,75.5,75.5,79.7,79.7,nan,nan,
2026-09-11T08:10:16.112342Z,8.0,822.058,10,1,read,512.3,545.0,0,0.7,0.8,1.8,3.5,nan,nan,
2026-09-11T08:10:16.112385Z,8.0,822.058,10,1,update,134.1,131.4,0,75.5,75.5,75.5,79.7,nan,nan,
2026-09-11T08:10:16.112427Z,9.0,823.099,10,1,read,422.8,531.4,0,0.7,0.8,1.1,2.8,nan,nan,
2026-09-11T08:10:16.112467Z,9.0,823.099,10,1,update,135.0,131.8,0,75.5,75.5,75.5,75.5,nan,nan,
2026-09-11T08:10:16.112508Z,10.0,824.059,10,1,read,457.1,524.0,0,0.7,0.9,1.8,5.2,nan,nan,
2026-09-11T08:10:16.112551Z,10.0,824.059,10,1,update,130.0,131.6,0,75.5,75.5,75.5,75.5,nan,nan,
2026-09-11T08:10:16.112593Z,11.0,825.057,10,1,read,566.1,527.8,0,0.7,0.9,1.0,5.2,nan,nan,
2026-09-11T08:10:16.112633Z,11.0,825.057,10,1,update,136.0,132.0,0,75.5,75.5,75.5,79.7,nan,nan,
2026-09-11T08:10:16.112674Z,12.0,826.123,10,1,read,504.0,525.8,0,0.7,0.8,0.8,1.6,nan,nan,
2026-09-11T08:10:16.112713Z,12.0,826.123,10,1,update,135.0,132.2,0,75.5,75.5,75.5,75.5,nan,nan,
2026-09-11T08:10:16.112762Z,13.0,827.124,10,1,read,567.1,529.0,0,0.6,0.7,1.3,6.3,nan,nan,
2026-09-11T08:10:16.112801Z,13.0,827.124,10,1,update,132.0,132.2,0,75.5,75.5,79.7,79.7,nan,nan,
2026-09-11T08:10:16.112842Z,14.0,828.056,10,1,read,511.8,527.8,0,0.7,0.7,0.9,2.6,nan,nan,
2026-09-11T08:10:16.112886Z,14.0,828.056,10,1,update,134.0,132.4,0,75.5,75.5,75.5,79.7,nan,nan,
2026-09-11T08:10:16.112926Z,15.0,829.054,10,1,read,512.9,526.8,0,0.7,0.7,0.8,5.5,nan,nan,
2026-09-11T08:10:16.112967Z,15.0,829.054,10,1,update,133.0,132.4,0,75.5,75.5,75.5,79.7,nan,nan,
2026-09-11T08:10:16.113006Z,16.0,830.109,10,1,read,431.1,520.8,0,0.7,0.8,1.2,3.8,nan,nan,
2026-09-11T08:10:16.113045Z,16.0,830.109,10,1,update,134.0,132.5,0,75.5,75.5,79.7,79.7,nan,nan,
2026-09-11T08:10:16.113097Z,17.0,831.153,10,1,read,449.8,516.6,0,0.7,0.7,0.9,0.9,nan,nan,
2026-09-11T08:10:16.113145Z,17.0,831.153,10,1,update,134.9,132.6,0,75.5,75.5,75.5,79.7,nan,nan,
2026-09-11T08:10:16.113185Z,18.0,832.111,10,1,read,463.9,513.7,0,0.7,0.8,1.3,5.5,nan,nan,
2026-09-11T08:10:16.113228Z,18.0,832.111,10,1,update,133.0,132.7,0,75.5,75.5,79.7,79.7,nan,nan,
2026-09-11T08:10:16.113307Z,19.0,833.167,10,1,read,533.2,514.7,0,0.7,0.8,1.0,5.8,nan,nan,
2026-09-11T08:10:16.113364Z,19.0,833.167,10,1,update,135.0,132.8,0,75.5,75.5,79.7,79.7,nan,nan,
2026-09-11T08:10:16.113412Z,20.0,834.055,10,1,read,482.9,513.1,0,0.7,0.7,0.9,2.6,nan,nan,
2026-09-11T08:10:16.113458Z,20.0,834.055,10,1,update,132.0,132.7,0,75.5,75.5,75.5,75.5,nan,nan,
2026-09-11T08:10:16.113500Z,21.0,835.056,10,1,read,569.5,515.8,0,0.7,0.9,1.2,2.0,nan,nan,
2026-09-11T08:10:16.113540Z,21.0,835.056,10,1,update,137.1,133.0,0,75.5,75.5,75.5,75.5,nan,nan,
2026-09-11T08:10:16.113582Z,22.0,836.058,10,1,read,536.9,516.8,0,0.7,0.8,3.3,6.0,nan,nan,
2026-09-11T08:10:16.113623Z,22.0,836.058,10,1,update,131.0,132.9,0,75.5,75.5,75.5,75.5,nan,nan,
2026-09-11T08:10:16.113664Z,23.0,837.058,10,1,read,568.8,519.0,0,0.7,0.8,1.3,2.5,nan,nan,
2026-09-11T08:10:16.113704Z,23.0,837.058,10,1,update,134.9,133.0,0,75.5,75.5,75.5,75.5,nan,nan,
2026-09-11T08:10:16.113743Z,24.0,838.083,10,1,read,448.9,516.1,0,0.7,0.8,0.9,1.8,nan,nan,
2026-09-11T08:10:16.113783Z,24.0,838.083,10,1,update,131.0,132.9,0,75.5,75.5,75.5,75.5,nan,nan,
2026-09-11T08:10:16.113822Z,25.0,839.055,10,1,read,510.3,515.9,0,0.7,0.7,1.0,2.9,nan,nan,
2026-09-11T08:10:16.113860Z,25.0,839.055,10,1,update,135.1,133.0,0,75.5,75.5,75.5,75.5,nan,nan,
2026-09-11T08:10:16.113901Z,26.0,840.058,10,1,read,517.8,515.9,0,0.7,0.8,1.5,3.4,nan,nan,
2026-09-11T08:10:16.113940Z,26.0,840.058,10,1,update,132.9,133.0,0,75.5,75.5,75.5,79.7,nan,nan,
2026-09-11T08:10:16.113981Z,27.0,841.058,10,1,read,538.1,516.8,0,0.7,0.7,0.9,11.0,nan,nan,
2026-09-11T08:10:16.114022Z,27.0,841.058,10,1,update,132.0,132.9,0,75.5,75.5,79.7,83.9,nan,nan,
2026-09-11T08:10:16.114061Z,28.0,842.281,10,1,read,528.2,517.2,0,0.7,0.7,0.8,0.9,nan,nan,
2026-09-11T08:10:16.114099Z,28.0,842.281,10,1,update,136.1,133.0,0,75.5,75.5,75.5,79.7,nan,nan,
2026-09-11T08:10:16.114138Z,29.0,843.058,10,1,read,515.5,517.1,0,0.7,0.7,0.9,5.2,nan,nan,
2026-09-11T08:10:16.114177Z,29.0,843.058,10,1,update,132.9,133.0,0,75.5,75.5,75.5,79.7,nan,nan,
2026-09-11T08:10:16.114217Z,30.0,844.054,10,1,read,567.0,518.8,0,0.7,0.8,1.3,3.3,nan,nan,
2026-09-11T08:10:16.114262Z,30.0,844.054,10,1,update,133.0,133.0,0,75.5,75.5,75.5,75.5,nan,nan,
2026-09-11T08:10:16.114301Z,31.0,845.058,10,1,read,514.2,518.6,0,0.7,0.8,1.6,3.0,nan,nan,
2026-09-11T08:10:16.114339Z,31.0,845.058,10,1,update,134.1,133.1,0,75.5,75.5,75.5,75.5,nan,nan,
2026-09-11T08:10:16.114381Z,32.0,846.058,10,1,read,508.0,518.3,0,0.7,0.8,2.0,4.5,nan,nan,
2026-09-11T08:10:16.114420Z,32.0,846.058,10,1,update,131.0,133.0,0,75.5,75.5,75.5,75.5,nan,nan,
2026-09-11T08:10:16.114459Z,33.0,847.129,10,1,read,519.8,518.3,0,0.7,0.8,1.0,3.7,nan,nan,
2026-09-11T08:10:16.114498Z,33.0,847.129,10,1,update,137.0,133.1,0,75.5,75.5,75.5,75.5,nan,nan,
2026-09-11T08:10:16.114537Z,34.0,848.092,10,1,read,511.3,518.1,0,0.7,0.8,1.0,3.9,nan,nan,
2026-09-11T08:10:16.114576Z,34.0,848.092,10,1,update,132.1,133.1,0,75.5,75.5,75.5,75.5,nan,nan,
2026-09-11T08:10:16.114615Z,35.0,849.056,10,1,read,571.1,519.7,0,0.7,0.9,1.7,2.4,nan,nan,
2026-09-11T08:10:16.114665Z,35.0,849.056,10,1,update,131.0,133.0,0,75.5,75.5,75.5,75.5,nan,nan,
2026-09-11T08:10:16.114704Z,36.0,850.055,10,1,read,475.7,518.4,0,0.7,0.9,2.0,3.4,nan,nan,
2026-09-11T08:10:16.114747Z,36.0,850.055,10,1,update,135.9,133.1,0,75.5,75.5,75.5,79.7,nan,nan,
2026-09-11T08:10:16.114786Z,37.0,851.168,10,1,read,494.0,517.8,0,0.7,0.8,1.0,1.9,nan,nan,
2026-09-11T08:10:16.114825Z,37.0,851.168,10,1,update,132.0,133.1,0,75.5,75.5,75.5,83.9,nan,nan,
2026-09-11T08:10:16.114876Z,38.0,852.139,10,1,read,568.6,519.1,0,0.7,0.7,0.7,0.9,nan,nan,
2026-09-11T08:10:16.114922Z,38.0,852.139,10,1,update,135.1,133.1,0,75.5,75.5,75.5,75.5,nan,nan,
2026-09-11T08:10:16.114962Z,39.0,853.136,10,1,read,486.9,518.3,0,0.7,0.7,0.8,0.9,nan,nan,
2026-09-11T08:10:16.115000Z,39.0,853.136,10,1,update,133.0,133.1,0,75.5,75.5,75.5,75.5,nan,nan,
2026-09-11T08:10:16.115039Z,40.0,854.055,10,1,read,464.7,516.9,0,0.7,0.7,0.8,3.1,nan,nan,
2026-09-11T08:10:16.115078Z,40.0,854.055,10,1,update,134.9,133.2,0,75.5,75.5,75.5,75.5,nan,nan,
2026-09-11T08:10:16.115118Z,41.0,855.06,10,1,read,532.3,517.3,0,0.7,0.8,1.0,1.4,nan,nan,
2026-09-11T08:10:16.115168Z,41.0,855.06,10,1,update,134.1,133.2,0,75.5,75.5,75.5,79.7,nan,nan,
2026-09-11T08:10:16.115214Z,42.0,856.101,10,1,read,491.8,516.7,0,0.7,0.8,0.9,1.2,nan,nan,
2026-09-11T08:10:16.115255Z,42.0,856.101,10,1,update,121.9,132.9,0,75.5,142.6,167.8,176.2,nan,nan,
2026-09-11T08:10:16.115303Z,43.0,857.129,10,1,read,439.2,514.9,0,0.7,0.9,1.0,1.1,nan,nan,
2026-09-11T08:10:16.115353Z,43.0,857.129,10,1,update,118.1,132.6,0,75.5,184.5,192.9,201.3,nan,nan,
2026-09-11T08:10:16.115394Z,44.0,858.06,10,1,read,540.1,515.5,0,0.7,0.7,0.9,0.9,nan,nan,
2026-09-11T08:10:16.115433Z,44.0,858.06,10,1,update,134.0,132.6,0,75.5,75.5,75.5,75.5,nan,nan,
2026-09-11T08:10:16.115472Z,45.0,859.062,10,1,read,540.1,516.0,0,0.7,0.7,0.9,1.4,nan,nan,
2026-09-11T08:10:16.115511Z,45.0,859.062,10,1,update,135.0,132.7,0,75.5,75.5,75.5,75.5,nan,nan,
2026-09-11T08:10:16.115553Z,46.0,860.056,10,1,read,436.9,514.3,0,0.7,0.9,1.0,1.1,nan,nan,
2026-09-11T08:10:16.115599Z,46.0,860.056,10,1,update,130.0,132.6,0,75.5,92.3,113.2,121.6,nan,nan,
2026-09-11T08:10:16.115638Z,47.0,861.077,10,1,read,591.0,515.9,0,0.7,0.7,0.9,1.1,nan,nan,
2026-09-11T08:10:16.115676Z,47.0,861.077,10,1,update,134.0,132.6,0,75.5,75.5,79.7,88.1,nan,nan,
2026-09-11T08:10:16.115715Z,48.0,862.058,10,1,read,557.1,516.8,0,0.7,0.7,0.8,1.0,nan,nan,
2026-09-11T08:10:16.115754Z,48.0,862.058,10,1,update,134.0,132.7,0,75.5,75.5,75.5,75.5,nan,nan,
2026-09-11T08:10:16.115793Z,49.0,863.171,10,1,read,535.6,517.2,0,0.7,0.8,0.9,1.1,nan,nan,
2026-09-11T08:10:16.115841Z,49.0,863.171,10,1,update,131.9,132.7,0,75.5,75.5,75.5,75.5,nan,nan,
2026-09-11T08:10:16.115881Z,50.0,864.056,10,1,read,570.3,518.2,0,0.7,0.7,0.8,0.9,nan,nan,
2026-09-11T08:10:16.115931Z,50.0,864.056,10,1,update,135.1,132.7,0,75.5,75.5,75.5,79.7,nan,nan,
2026-09-11T08:10:16.115971Z,51.0,865.058,10,1,read,573.9,519.3,0,0.7,0.8,0.9,1.3,nan,nan,
2026-09-11T08:10:16.116009Z,51.0,865.058,10,1,update,131.0,132.7,0,75.5,75.5,75.5,75.5,nan,nan,
2026-09-11T08:10:16.116048Z,52.0,866.058,10,1,read,482.2,518.6,0,0.7,0.7,0.9,0.9,nan,nan,
2026-09-11T08:10:16.116086Z,52.0,866.058,10,1,update,135.1,132.7,0,75.5,75.5,75.5,75.5,nan,nan,
2026-09-11T08:10:16.116126Z,53.0,867.059,10,1,read,502.8,518.3,0,0.7,0.7,0.8,0.9,nan,nan,
2026-09-11T08:10:16.116165Z,53.0,867.059,10,1,update,134.0,132.7,0,75.5,75.5,75.5,75.5,nan,nan,
2026-09-11T08:10:16.116205Z,54.0,868.058,10,1,read,485.8,517.7,0,0.6,0.7,0.9,0.9,nan,nan,
2026-09-11T08:10:16.116254Z,54.0,868.058,10,1,update,135.0,132.8,0,75.5,75.5,75.5,75.5,nan,nan,
2026-09-11T08:10:16.116294Z,55.0,869.056,10,1,read,459.3,516.7,0,0.7,0.9,0.9,1.2,nan,nan,
2026-09-11T08:10:16.116342Z,55.0,869.056,10,1,update,129.1,132.7,0,75.5,75.5,121.6,121.6,nan,nan,
2026-09-11T08:10:16.116382Z,56.0,870.056,10,1,read,564.1,517.5,0,0.7,0.9,1.0,1.5,nan,nan,
2026-09-11T08:10:16.116423Z,56.0,870.056,10,1,update,136.0,132.8,0,75.5,75.5,75.5,75.5,nan,nan,
2026-09-11T08:10:16.116471Z,57.0,871.056,10,1,read,545.7,518.0,0,0.7,0.7,0.9,0.9,nan,nan,
2026-09-11T08:10:16.116508Z,57.0,871.056,10,1,update,133.9,132.8,0,75.5,75.5,75.5,75.5,nan,nan,
2026-09-11T08:10:16.116556Z,58.0,872.056,10,1,read,589.1,519.2,0,0.7,0.8,0.9,1.3,nan,nan,
2026-09-11T08:10:16.116606Z,58.0,872.056,10,1,update,130.0,132.7,0,75.5,75.5,75.5,75.5,nan,nan,
2026-09-11T08:10:16.116644Z,59.0,873.056,10,1,read,447.0,518.0,0,0.7,1.0,1.2,50.3,nan,nan,
2026-09-11T08:10:16.116694Z,59.0,873.056,10,1,update,134.0,132.8,0,75.5,75.5,75.5,79.7,nan,nan,
2026-09-11T08:10:16.116733Z,60.0,874.055,10,1,read,508.7,517.8,0,0.7,1.2,1.4,1.8,nan,nan,
2026-09-11T08:10:16.116772Z,60.0,874.055,10,1,update,126.9,132.7,0,75.5,88.1,121.6,121.6,nan,nan,
2026-09-11T08:11:43.503164Z,6.0,907.447,50,1,read,2444.3,2194.1,0,0.8,1.2,2.0,6.0,nan,nan,
2026-09-11T08:11:43.503425Z,6.0,907.447,50,1,update,613.8,549.6,0,75.5,117.4,121.6,121.6,nan,nan,
2026-09-11T08:11:43.503489Z,7.0,908.572,50,1,read,2687.8,2264.6,0,0.7,1.0,1.1,1.8,nan,nan,
2026-09-11T08:11:43.503552Z,7.0,908.572,50,1,update,617.7,559.4,0,75.5,92.3,104.9,104.9,nan,nan,
2026-09-11T08:11:43.503656Z,8.0,909.449,50,1,read,2061.4,2239.2,0,1.0,2.4,3.3,3.9,nan,nan,
2026-09-11T08:11:43.503716Z,8.0,909.449,50,1,update,527.3,555.4,0,75.5,159.4,176.2,176.2,nan,nan,
2026-09-11T08:11:43.503770Z,9.0,910.447,50,1,read,2064.8,2219.9,0,0.9,1.2,1.4,1.8,nan,nan,
2026-09-11T08:11:43.503822Z,9.0,910.447,50,1,update,579.9,558.1,0,75.5,121.6,125.8,125.8,nan,nan,
2026-09-11T08:11:43.503874Z,10.0,911.453,50,1,read,2321.0,2230.0,0,0.8,1.2,1.5,2.2,nan,nan,
2026-09-11T08:11:43.503924Z,10.0,911.453,50,1,update,591.0,561.4,0,75.5,117.4,125.8,125.8,nan,nan,
2026-09-11T08:11:43.503976Z,11.0,912.454,50,1,read,2350.6,2241.0,0,0.8,1.0,1.1,1.4,nan,nan,
2026-09-11T08:11:43.504024Z,11.0,912.454,50,1,update,620.9,566.8,0,75.5,109.1,113.2,113.2,nan,nan,
2026-09-11T08:11:43.504075Z,12.0,913.559,50,1,read,2613.4,2272.0,0,0.8,1.0,1.3,1.8,nan,nan,
2026-09-11T08:11:43.504129Z,12.0,913.559,50,1,update,634.9,572.5,0,75.5,104.9,109.1,109.1,nan,nan,
2026-09-11T08:11:43.504182Z,13.0,914.446,50,1,read,2633.0,2299.7,0,0.7,1.0,1.2,3.1,nan,nan,
2026-09-11T08:11:43.504230Z,13.0,914.446,50,1,update,652.3,578.6,0,75.5,79.7,92.3,96.5,nan,nan,
2026-09-11T08:11:43.504282Z,14.0,915.446,50,1,read,2485.8,2313.0,0,0.7,1.4,2.1,3.4,nan,nan,
2026-09-11T08:11:43.504329Z,14.0,915.446,50,1,update,631.9,582.4,0,75.5,79.7,109.1,117.4,nan,nan,
2026-09-11T08:11:43.504380Z,15.0,916.449,50,1,read,2597.7,2332.0,0,0.8,1.4,1.7,2.8,nan,nan,
2026-09-11T08:11:43.504427Z,15.0,916.449,50,1,update,651.7,587.0,0,75.5,88.1,104.9,109.1,nan,nan,
2026-09-11T08:11:43.504476Z,16.0,917.462,50,1,read,2616.0,2349.8,0,0.7,1.3,1.6,2.5,nan,nan,
2026-09-11T08:11:43.504524Z,16.0,917.462,50,1,update,651.0,591.0,0,75.5,79.7,79.7,83.9,nan,nan,
2026-09-11T08:11:43.504574Z,17.0,918.447,50,1,read,2554.9,2361.8,0,0.9,1.8,2.8,4.5,nan,nan,
2026-09-11T08:11:43.504621Z,17.0,918.447,50,1,update,649.5,594.5,0,75.5,79.7,109.1,121.6,nan,nan,
2026-09-11T08:11:43.504670Z,18.0,919.447,50,1,read,2402.5,2364.1,0,1.0,2.5,3.1,4.5,nan,nan,
2026-09-11T08:11:43.504717Z,18.0,919.447,50,1,update,588.4,594.1,0,75.5,125.8,176.2,184.5,nan,nan,
2026-09-11T08:11:43.504766Z,19.0,920.449,50,1,read,2249.2,2358.0,0,0.9,2.2,3.4,5.2,nan,nan,
2026-09-11T08:11:43.504821Z,19.0,920.449,50,1,update,598.6,594.4,0,75.5,113.2,151.0,167.8,nan,nan,
2026-09-11T08:11:43.504870Z,20.0,921.448,50,1,read,2629.9,2371.6,0,0.8,1.4,1.8,2.6,nan,nan,
2026-09-11T08:11:43.504917Z,20.0,921.448,50,1,update,646.7,597.0,0,75.5,83.9,92.3,96.5,nan,nan,
2026-09-11T08:11:43.504966Z,21.0,922.449,50,1,read,2679.8,2386.3,0,0.8,1.4,1.7,2.2,nan,nan,
2026-09-11T08:11:43.505013Z,21.0,922.449,50,1,update,642.2,599.1,0,75.5,79.7,83.9,83.9,nan,nan,
2026-09-11T08:11:43.505062Z,22.0,923.447,50,1,read,2372.7,2385.7,0,0.9,1.8,2.8,4.1,nan,nan,
2026-09-11T08:11:43.505113Z,22.0,923.447,50,1,update,627.9,600.4,0,75.5,96.5,109.1,121.6,nan,nan,
2026-09-11T08:11:43.505191Z,23.0,924.447,50,1,read,2430.0,2387.6,0,0.8,1.4,1.9,3.0,nan,nan,
2026-09-11T08:11:43.505242Z,23.0,924.447,50,1,update,652.0,602.7,0,75.5,79.7,83.9,92.3,nan,nan,
2026-09-11T08:11:43.505291Z,24.0,925.448,50,1,read,2258.6,2382.2,0,0.9,2.4,3.7,5.5,nan,nan,
2026-09-11T08:11:43.505340Z,24.0,925.448,50,1,update,605.2,602.8,0,75.5,121.6,159.4,167.8,nan,nan,
2026-09-11T08:11:43.505390Z,25.0,926.478,50,1,read,2639.7,2392.5,0,0.9,1.5,1.9,3.4,nan,nan,
2026-09-11T08:11:43.505437Z,25.0,926.478,50,1,update,630.7,603.9,0,75.5,83.9,88.1,92.3,nan,nan,
2026-09-11T08:11:43.505487Z,26.0,927.446,50,1,read,2702.6,2404.5,0,0.8,1.4,1.7,2.5,nan,nan,
2026-09-11T08:11:43.505534Z,26.0,927.446,50,1,update,651.2,605.7,0,75.5,79.7,79.7,83.9,nan,nan,
2026-09-11T08:11:43.505582Z,27.0,928.562,50,1,read,2507.4,2408.3,0,0.9,1.7,2.4,3.5,nan,nan,
2026-09-11T08:11:43.505630Z,27.0,928.562,50,1,update,625.1,606.4,0,75.5,92.3,113.2,121.6,nan,nan,
2026-09-11T08:11:43.505678Z,28.0,929.445,50,1,read,2482.7,2410.9,0,0.8,1.5,1.8,2.8,nan,nan,
2026-09-11T08:11:43.505725Z,28.0,929.445,50,1,update,648.9,608.0,0,75.5,79.7,83.9,88.1,nan,nan,
2026-09-11T08:11:43.505773Z,29.0,930.448,50,1,read,2510.5,2414.4,0,0.9,1.6,2.4,4.2,nan,nan,
2026-09-11T08:11:43.505821Z,29.0,930.448,50,1,update,645.1,609.2,0,75.5,79.7,117.4,121.6,nan,nan,
2026-09-11T08:11:43.505872Z,30.0,931.472,50,1,read,2375.2,2413.1,0,0.8,1.4,1.9,3.9,nan,nan,
2026-09-11T08:11:43.505919Z,30.0,931.472,50,1,update,619.8,609.6,0,75.5,79.7,83.9,104.9,nan,nan,
2026-09-11T08:11:43.505968Z,31.0,932.45,50,1,read,2568.8,2418.1,0,0.9,2.2,3.8,6.0,nan,nan,
2026-09-11T08:11:43.506016Z,31.0,932.45,50,1,update,611.9,609.7,0,75.5,125.8,159.4,167.8,nan,nan,
2026-09-11T08:11:43.506065Z,32.0,933.448,50,1,read,2452.3,2419.2,0,0.9,1.7,2.6,3.9,nan,nan,
2026-09-11T08:11:43.506113Z,32.0,933.448,50,1,update,633.1,610.4,0,75.5,88.1,113.2,121.6,nan,nan,
2026-09-11T08:11:43.506162Z,33.0,934.445,50,1,read,2436.9,2419.7,0,0.8,1.4,1.8,3.1,nan,nan,
2026-09-11T08:11:43.506209Z,33.0,934.445,50,1,update,654.2,611.7,0,75.5,75.5,79.7,83.9,nan,nan,
2026-09-11T08:11:43.506258Z,34.0,935.446,50,1,read,2633.7,2426.0,0,0.9,1.6,2.2,10.0,nan,nan,
2026-09-11T08:11:43.506307Z,34.0,935.446,50,1,update,635.9,612.4,0,75.5,83.9,117.4,121.6,nan,nan,
2026-09-11T08:11:43.506356Z,35.0,936.444,50,1,read,2445.5,2426.5,0,0.9,1.6,2.4,3.8,nan,nan,
2026-09-11T08:11:43.506403Z,35.0,936.444,50,1,update,646.9,613.4,0,75.5,75.5,83.9,88.1,nan,nan,
2026-09-11T08:11:43.506451Z,36.0,937.448,50,1,read,2643.9,2432.6,0,0.8,1.5,1.8,3.3,nan,nan,
2026-09-11T08:11:43.506499Z,36.0,937.448,50,1,update,647.0,614.4,0,75.5,75.5,79.7,83.9,nan,nan,
2026-09-11T08:11:43.506546Z,37.0,938.449,50,1,read,2523.8,2435.1,0,0.9,1.9,2.9,5.8,nan,nan,
2026-09-11T08:11:43.506594Z,37.0,938.449,50,1,update,640.0,615.0,0,75.5,83.9,117.4,121.6,nan,nan,
2026-09-11T08:11:43.506649Z,38.0,939.457,50,1,read,2802.7,2444.7,0,0.9,1.6,2.0,4.5,nan,nan,
2026-09-11T08:11:43.506696Z,38.0,939.457,50,1,update,647.9,615.9,0,75.5,75.5,79.7,83.9,nan,nan,
2026-09-11T08:11:43.506744Z,39.0,940.75,50,1,read,2436.1,2444.5,0,0.9,1.7,2.5,3.4,nan,nan,
2026-09-11T08:11:43.506790Z,39.0,940.75,50,1,update,629.3,616.3,0,75.5,88.1,104.9,121.6,nan,nan,
2026-09-11T08:11:43.506850Z,40.0,941.446,50,1,read,2568.7,2447.6,0,0.9,1.4,1.7,3.5,nan,nan,
2026-09-11T08:11:43.506897Z,40.0,941.446,50,1,update,652.9,617.2,0,75.5,75.5,79.7,79.7,nan,nan,
2026-09-11T08:11:43.506946Z,41.0,942.449,50,1,read,2632.5,2452.1,0,0.8,1.4,1.8,2.6,nan,nan,
2026-09-11T08:11:43.506993Z,41.0,942.449,50,1,update,655.1,618.1,0,75.5,75.5,75.5,88.1,nan,nan,
2026-09-11T08:11:43.507042Z,42.0,943.446,50,1,read,2397.8,2450.8,0,0.9,1.8,2.6,3.4,nan,nan,
2026-09-11T08:11:43.507090Z,42.0,943.446,50,1,update,636.9,618.5,0,75.5,79.7,113.2,121.6,nan,nan,
2026-09-11T08:11:43.507138Z,43.0,944.445,50,1,read,2369.6,2448.9,0,0.8,1.4,1.8,3.4,nan,nan,
2026-09-11T08:11:43.507190Z,43.0,944.445,50,1,update,654.6,619.4,0,75.5,75.5,75.5,79.7,nan,nan,
2026-09-11T08:11:43.507239Z,44.0,945.448,50,1,read,2560.2,2451.5,0,0.9,2.0,2.9,7.6,nan,nan,
2026-09-11T08:11:43.507287Z,44.0,945.448,50,1,update,619.3,619.4,0,75.5,88.1,113.2,121.6,nan,nan,
2026-09-11T08:11:43.507347Z,45.0,946.449,50,1,read,2386.5,2450.0,0,1.0,2.0,2.8,3.9,nan,nan,
2026-09-11T08:11:43.507404Z,45.0,946.449,50,1,update,605.6,619.1,0,75.5,142.6,159.4,167.8,nan,nan,
2026-09-11T08:11:43.507465Z,46.0,947.449,50,1,read,2729.4,2456.1,0,0.8,1.4,1.8,2.5,nan,nan,
2026-09-11T08:11:43.507514Z,46.0,947.449,50,1,update,656.6,619.9,0,75.5,75.5,79.7,88.1,nan,nan,
2026-09-11T08:11:43.507576Z,47.0,948.449,50,1,read,2528.9,2457.6,0,0.9,1.7,2.2,3.3,nan,nan,
2026-09-11T08:11:43.507623Z,47.0,948.449,50,1,update,640.5,620.3,0,75.5,79.7,109.1,117.4,nan,nan,
2026-09-11T08:11:43.507683Z,48.0,949.445,50,1,read,2794.0,2464.6,0,0.8,1.4,1.7,4.1,nan,nan,
2026-09-11T08:11:43.507758Z,48.0,949.445,50,1,update,650.2,621.0,0,75.5,75.5,75.5,75.5,nan,nan,
2026-09-11T08:11:43.507807Z,49.0,950.445,50,1,read,2515.5,2465.7,0,0.9,1.7,2.4,3.4,nan,nan,
2026-09-11T08:11:43.507854Z,49.0,950.445,50,1,update,634.1,621.2,0,75.5,83.9,113.2,130.0,nan,nan,
2026-09-11T08:11:43.507902Z,50.0,951.445,50,1,read,2756.8,2471.5,0,0.8,1.4,1.9,3.5,nan,nan,
2026-09-11T08:11:43.507949Z,50.0,951.445,50,1,update,650.2,621.8,0,75.5,75.5,79.7,88.1,nan,nan,
2026-09-11T08:11:43.507998Z,51.0,952.5,50,1,read,2637.8,2474.8,0,0.8,1.4,1.6,2.8,nan,nan,
2026-09-11T08:11:43.508045Z,51.0,952.5,50,1,update,623.7,621.8,0,75.5,75.5,75.5,79.7,nan,nan,
2026-09-11T08:11:43.508094Z,52.0,953.511,50,1,read,2636.1,2477.9,0,0.9,1.8,2.8,4.7,nan,nan,
2026-09-11T08:11:43.508141Z,52.0,953.511,50,1,update,656.0,622.5,0,75.5,79.7,117.4,125.8,nan,nan,
2026-09-11T08:11:43.508189Z,53.0,954.446,50,1,read,2672.1,2481.5,0,0.8,1.5,1.8,2.2,nan,nan,
2026-09-11T08:11:43.508236Z,53.0,954.446,50,1,update,652.0,623.1,0,75.5,75.5,75.5,88.1,nan,nan,
2026-09-11T08:11:43.508295Z,54.0,955.445,50,1,read,2478.7,2481.5,0,0.9,2.4,3.9,5.5,nan,nan,
2026-09-11T08:11:43.508342Z,54.0,955.445,50,1,update,610.2,622.8,0,75.5,113.2,121.6,167.8,nan,nan,
2026-09-11T08:11:43.508390Z,55.0,956.469,50,1,read,2387.6,2479.8,0,0.8,1.5,1.8,6.8,nan,nan,
2026-09-11T08:11:43.508446Z,55.0,956.469,50,1,update,642.9,623.2,0,75.5,79.7,92.3,100.7,nan,nan,
2026-09-11T08:11:43.508501Z,56.0,957.457,50,1,read,2658.7,2483.0,0,0.8,1.4,1.6,3.1,nan,nan,
2026-09-11T08:11:43.508558Z,56.0,957.457,50,1,update,651.2,623.7,0,75.5,75.5,79.7,79.7,nan,nan,
2026-09-11T08:11:43.508606Z,57.0,958.448,50,1,read,2368.3,2481.0,0,0.9,1.8,2.6,7.1,nan,nan,
2026-09-11T08:11:43.508652Z,57.0,958.448,50,1,update,633.6,623.9,0,75.5,79.7,113.2,121.6,nan,nan,
2026-09-11T08:11:43.508711Z,58.0,959.446,50,1,read,2585.8,2482.8,0,0.9,1.7,2.5,11.5,nan,nan,
2026-09-11T08:11:43.508771Z,58.0,959.446,50,1,update,654.4,624.4,0,75.5,75.5,79.7,83.9,nan,nan,
2026-09-11T08:11:43.508820Z,59.0,960.445,50,1,read,2590.3,2484.6,0,0.9,2.0,3.0,5.2,nan,nan,
2026-09-11T08:11:43.508867Z,59.0,960.445,50,1,update,631.8,624.5,0,75.5,79.7,117.4,125.8,nan,nan,
2026-09-11T08:11:43.508957Z,60.0,961.45,50,1,read,2618.7,2486.8,0,0.9,1.6,1.9,2.8,nan,nan,
2026-09-11T08:11:43.509004Z,60.0,961.45,50,1,update,644.2,624.8,0,75.5,75.5,79.7,92.3,nan,nan,
2026-09-11T08:13:12.393374Z,6.0,996.331,100,3,read,4398.6,4516.0,0,1.2,4.1,5.8,7.3,nan,nan,
2026-09-11T08:13:12.393920Z,6.0,996.331,100,3,update,1093.1,1127.0,0,75.5,151.0,167.8,176.2,nan,nan,
2026-09-11T08:13:12.393978Z,7.0,997.333,100,3,read,5078.4,4596.4,0,1.0,2.8,5.2,7.1,nan,nan,
2026-09-11T08:13:12.394025Z,7.0,997.333,100,3,update,1226.1,1141.1,0,75.5,96.5,121.6,130.0,nan,nan,
2026-09-11T08:13:12.394069Z,8.0,998.337,100,3,read,5086.6,4657.6,0,0.9,1.4,1.8,3.5,nan,nan,
2026-09-11T08:13:12.394112Z,8.0,998.337,100,3,update,1288.1,1159.5,0,75.5,79.7,88.1,92.3,nan,nan,
2026-09-11T08:13:12.394154Z,9.0,999.331,100,3,read,4619.5,4653.4,0,1.0,1.8,3.4,4.7,nan,nan,
2026-09-11T08:13:12.394201Z,9.0,999.331,100,3,update,1235.9,1168.0,0,75.5,96.5,121.6,125.8,nan,nan,
2026-09-11T08:13:12.394245Z,10.0,1000.334,100,3,read,4923.3,4680.4,0,0.9,1.8,3.1,5.8,nan,nan,
2026-09-11T08:13:12.394290Z,10.0,1000.334,100,3,update,1296.1,1180.8,0,75.5,79.7,83.9,88.1,nan,nan,
2026-09-11T08:13:12.394333Z,11.0,1001.414,100,3,read,5225.0,4729.9,0,0.9,1.2,1.4,2.4,nan,nan,
2026-09-11T08:13:12.394375Z,11.0,1001.414,100,3,update,1294.0,1191.1,0,75.5,75.5,79.7,79.7,nan,nan,
2026-09-11T08:13:12.394419Z,12.0,1002.331,100,3,read,5297.3,4777.2,0,0.9,1.2,1.4,4.7,nan,nan,
2026-09-11T08:13:12.394460Z,12.0,1002.331,100,3,update,1304.1,1200.5,0,75.5,79.7,79.7,83.9,nan,nan,
2026-09-11T08:13:12.394516Z,13.0,1003.46,100,3,read,5080.3,4800.5,0,0.9,2.2,3.3,5.0,nan,nan,
2026-09-11T08:13:12.394556Z,13.0,1003.46,100,3,update,1254.1,1204.6,0,75.5,88.1,117.4,125.8,nan,nan,
2026-09-11T08:13:12.394599Z,14.0,1004.331,100,3,read,5379.6,4841.9,0,0.9,1.2,1.6,2.9,nan,nan,
2026-09-11T08:13:12.394652Z,14.0,1004.331,100,3,update,1295.4,1211.1,0,75.5,79.7,79.7,83.9,nan,nan,
2026-09-11T08:13:12.394704Z,15.0,1005.332,100,3,read,5198.7,4865.6,0,0.9,1.4,2.0,3.5,nan,nan,
2026-09-11T08:13:12.394745Z,15.0,1005.332,100,3,update,1298.2,1216.9,0,75.5,75.5,79.7,79.7,nan,nan,
2026-09-11T08:13:12.394786Z,16.0,1006.43,100,3,read,5151.7,4883.5,0,0.9,1.2,1.4,1.8,nan,nan,
2026-09-11T08:13:12.394832Z,16.0,1006.43,100,3,update,1308.2,1222.6,0,75.5,75.5,75.5,79.7,nan,nan,
2026-09-11T08:13:12.394873Z,17.0,1007.333,100,3,read,4529.9,4862.7,0,1.1,3.5,5.0,7.1,nan,nan,
2026-09-11T08:13:12.394912Z,17.0,1007.333,100,3,update,1159.0,1218.9,0,75.5,117.4,167.8,167.8,nan,nan,
2026-09-11T08:13:12.394966Z,18.0,1008.331,100,3,read,5003.6,4870.5,0,0.9,1.3,1.8,3.5,nan,nan,
2026-09-11T08:13:12.395017Z,18.0,1008.331,100,3,update,1311.6,1224.0,0,75.5,75.5,92.3,100.7,nan,nan,
2026-09-11T08:13:12.395070Z,19.0,1009.331,100,3,read,4567.3,4854.6,0,1.0,2.6,5.8,7.6,nan,nan,
2026-09-11T08:13:12.395121Z,19.0,1009.331,100,3,update,1084.6,1216.7,0,75.5,125.8,159.4,167.8,nan,nan,
2026-09-11T08:13:12.395162Z,20.0,1010.334,100,3,read,5273.5,4875.5,0,1.0,2.9,4.2,5.5,nan,nan,
2026-09-11T08:13:12.395203Z,20.0,1010.334,100,3,update,1277.8,1219.7,0,75.5,125.8,159.4,167.8,nan,nan,
2026-09-11T08:13:12.395243Z,21.0,1011.33,100,3,read,4364.7,4851.2,0,1.0,3.4,4.7,6.6,nan,nan,
2026-09-11T08:13:12.395282Z,21.0,1011.33,100,3,update,1099.9,1214.0,0,75.5,130.0,159.4,167.8,nan,nan,
2026-09-11T08:13:12.395331Z,22.0,1012.412,100,3,read,4884.3,4852.7,0,1.0,1.6,2.1,3.1,nan,nan,
2026-09-11T08:13:12.395372Z,22.0,1012.412,100,3,update,1202.8,1213.5,0,75.5,109.1,113.2,113.2,nan,nan,
2026-09-11T08:13:12.395423Z,23.0,1013.334,100,3,read,4411.4,4833.5,0,1.0,2.5,3.8,5.2,nan,nan,
2026-09-11T08:13:12.395469Z,23.0,1013.334,100,3,update,1162.4,1211.3,0,75.5,121.6,167.8,176.2,nan,nan,
2026-09-11T08:13:12.395513Z,24.0,1014.329,100,3,read,4368.8,4814.1,0,1.1,1.8,2.2,3.0,nan,nan,
2026-09-11T08:13:12.395552Z,24.0,1014.329,100,3,update,1166.0,1209.4,0,75.5,117.4,121.6,125.8,nan,nan,
2026-09-11T08:13:12.395829Z,25.0,1015.333,100,3,read,5046.7,4823.5,0,1.0,1.8,2.6,4.7,nan,nan,
2026-09-11T08:13:12.395920Z,25.0,1015.333,100,3,update,1223.9,1210.0,0,75.5,100.7,109.1,113.2,nan,nan,
2026-09-11T08:13:12.395978Z,26.0,1016.333,100,3,read,4581.7,4814.1,0,1.0,3.1,6.3,10.0,nan,nan,
2026-09-11T08:13:12.396038Z,26.0,1016.333,100,3,update,1132.4,1207.0,0,75.5,134.2,159.4,167.8,nan,nan,
2026-09-11T08:13:12.396094Z,27.0,1017.331,100,3,read,4534.3,4803.8,0,1.1,1.7,2.2,2.9,nan,nan,
2026-09-11T08:13:12.396147Z,27.0,1017.331,100,3,update,1189.6,1206.4,0,75.5,113.2,121.6,121.6,nan,nan,
2026-09-11T08:13:12.396197Z,28.0,1018.333,100,3,read,4776.6,4802.8,0,1.0,1.6,2.0,2.6,nan,nan,
2026-09-11T08:13:12.396241Z,28.0,1018.333,100,3,update,1229.7,1207.2,0,75.5,104.9,109.1,109.1,nan,nan,
2026-09-11T08:13:12.396295Z,29.0,1019.331,100,3,read,4682.1,4798.7,0,1.0,1.6,1.9,2.5,nan,nan,
2026-09-11T08:13:12.396343Z,29.0,1019.331,100,3,update,1223.5,1207.8,0,75.5,109.1,109.1,113.2,nan,nan,
2026-09-11T08:13:12.396420Z,30.0,1020.331,100,3,read,4787.6,4798.3,0,1.0,1.8,2.5,3.5,nan,nan,
2026-09-11T08:13:12.396464Z,30.0,1020.331,100,3,update,1241.9,1208.9,0,75.5,100.7,109.1,109.1,nan,nan,
2026-09-11T08:13:12.396510Z,31.0,1021.332,100,3,read,4851.3,4800.0,0,1.0,1.6,1.8,2.6,nan,nan,
2026-09-11T08:13:12.396553Z,31.0,1021.332,100,3,update,1235.6,1209.8,0,75.5,100.7,104.9,104.9,nan,nan,
2026-09-11T08:13:12.396597Z,32.0,1022.407,100,3,read,4340.9,4785.7,0,1.2,2.9,6.6,10.5,nan,nan,
2026-09-11T08:13:12.396641Z,32.0,1022.407,100,3,update,1145.2,1207.7,0,75.5,130.0,142.6,151.0,nan,nan,
2026-09-11T08:13:12.396686Z,33.0,1023.333,100,3,read,4827.6,4786.9,0,1.2,2.8,3.8,8.1,nan,nan,
2026-09-11T08:13:12.396728Z,33.0,1023.333,100,3,update,1161.4,1206.3,0,75.5,79.7,83.9,134.2,nan,nan,
2026-09-11T08:13:12.396772Z,34.0,1024.333,100,3,read,5157.1,4797.8,0,1.2,3.0,6.0,11.0,nan,nan,
2026-09-11T08:13:12.396814Z,34.0,1024.333,100,3,update,1260.8,1207.9,0,75.5,96.5,134.2,142.6,nan,nan,
2026-09-11T08:13:12.396858Z,35.0,1025.334,100,3,read,4908.5,4801.0,0,1.2,2.2,3.4,7.9,nan,nan,
2026-09-11T08:13:12.396899Z,35.0,1025.334,100,3,update,1259.9,1209.4,0,75.5,79.7,79.7,83.9,nan,nan,
2026-09-11T08:13:12.396942Z,36.0,1026.332,100,3,read,5012.2,4806.8,0,1.4,3.3,6.3,10.5,nan,nan,
2026-09-11T08:13:12.396984Z,36.0,1026.332,100,3,update,1200.1,1209.2,0,75.5,88.1,121.6,125.8,nan,nan,
2026-09-11T08:13:12.397028Z,37.0,1027.422,100,3,read,4926.4,4810.1,0,1.3,3.4,5.2,8.9,nan,nan,
2026-09-11T08:13:12.397071Z,37.0,1027.422,100,3,update,1210.1,1209.2,0,75.5,92.3,121.6,134.2,nan,nan,
2026-09-11T08:13:12.397114Z,38.0,1028.343,100,3,read,4838.6,4810.8,0,1.3,3.4,7.6,10.5,nan,nan,
2026-09-11T08:13:12.397156Z,38.0,1028.343,100,3,update,1217.9,1209.4,0,75.5,83.9,117.4,130.0,nan,nan,
2026-09-11T08:13:12.397199Z,39.0,1029.331,100,3,read,4903.1,4813.2,0,1.2,3.0,4.7,7.9,nan,nan,
2026-09-11T08:13:12.397241Z,39.0,1029.331,100,3,update,1211.0,1209.5,0,75.5,83.9,117.4,121.6,nan,nan,
2026-09-11T08:13:12.397284Z,40.0,1030.331,100,3,read,4718.5,4810.8,0,1.3,3.3,5.2,6.8,nan,nan,
2026-09-11T08:13:12.397326Z,40.0,1030.331,100,3,update,1217.1,1209.6,0,75.5,83.9,125.8,134.2,nan,nan,
2026-09-11T08:13:12.397370Z,41.0,1031.333,100,3,read,4834.9,4811.4,0,1.2,3.0,4.7,12.1,nan,nan,
2026-09-11T08:13:12.397411Z,41.0,1031.333,100,3,update,1232.0,1210.2,0,75.5,88.1,121.6,125.8,nan,nan,
2026-09-11T08:13:12.397454Z,42.0,1032.483,100,3,read,4970.1,4815.2,0,1.2,2.8,3.9,6.3,nan,nan,
2026-09-11T08:13:12.397495Z,42.0,1032.483,100,3,update,1226.0,1210.6,0,75.5,83.9,113.2,125.8,nan,nan,
2026-09-11T08:13:12.397538Z,43.0,1033.464,100,3,read,4695.0,4812.4,0,1.1,3.0,4.7,6.8,nan,nan,
2026-09-11T08:13:12.397572Z,43.0,1033.464,100,3,update,1254.0,1211.6,0,75.5,83.9,117.4,125.8,nan,nan,
2026-09-11T08:13:12.397606Z,44.0,1034.334,100,3,read,4949.6,4815.5,0,1.1,3.0,4.1,7.6,nan,nan,
2026-09-11T08:13:12.397638Z,44.0,1034.334,100,3,update,1228.9,1212.0,0,75.5,83.9,121.6,130.0,nan,nan,
2026-09-11T08:13:12.397676Z,45.0,1035.333,100,3,read,3920.2,4795.6,0,1.5,5.0,13.6,15.2,nan,nan,
2026-09-11T08:13:12.397712Z,45.0,1035.333,100,3,update,986.8,1207.0,0,79.7,151.0,201.3,209.7,nan,nan,
2026-09-11T08:13:12.397756Z,46.0,1036.331,100,3,read,4942.9,4798.8,0,1.2,3.1,4.7,6.6,nan,nan,
2026-09-11T08:13:12.397792Z,46.0,1036.331,100,3,update,1227.0,1207.4,0,75.5,88.1,117.4,125.8,nan,nan,
2026-09-11T08:13:12.397831Z,47.0,1037.457,100,3,read,4821.2,4799.3,0,1.2,3.4,6.3,14.2,nan,nan,
2026-09-11T08:13:12.397863Z,47.0,1037.457,100,3,update,1207.3,1207.4,0,75.5,92.3,117.4,125.8,nan,nan,
2026-09-11T08:13:12.397901Z,48.0,1038.334,100,3,read,3903.5,4780.6,0,1.2,15.2,19.9,22.0,nan,nan,
2026-09-11T08:13:12.397937Z,48.0,1038.334,100,3,update,1030.9,1203.7,0,79.7,121.6,142.6,142.6,nan,nan,
2026-09-11T08:13:12.397971Z,49.0,1039.336,100,3,read,3605.1,4756.6,0,1.3,18.9,22.0,37.7,nan,nan,
2026-09-11T08:13:12.398007Z,49.0,1039.336,100,3,update,854.0,1196.6,0,92.3,125.8,142.6,159.4,nan,nan,
2026-09-11T08:13:12.398043Z,50.0,1040.335,100,3,read,3695.2,4735.4,0,1.5,18.9,22.0,25.2,nan,nan,
2026-09-11T08:13:12.398084Z,50.0,1040.335,100,3,update,930.0,1191.3,0,92.3,130.0,142.6,151.0,nan,nan,
2026-09-11T08:13:12.398120Z,51.0,1041.334,100,3,read,4183.5,4724.6,0,1.7,5.8,7.6,14.7,nan,nan,
2026-09-11T08:13:12.398155Z,51.0,1041.334,100,3,update,1109.6,1189.7,0,79.7,100.7,121.6,151.0,nan,nan,
2026-09-11T08:13:12.398191Z,52.0,1042.333,100,3,read,4604.3,4722.3,0,1.7,7.1,14.2,17.8,nan,nan,
2026-09-11T08:13:12.398224Z,52.0,1042.333,100,3,update,1115.6,1188.2,0,79.7,96.5,121.6,130.0,nan,nan,
2026-09-11T08:13:12.398257Z,53.0,1043.341,100,3,read,4467.2,4717.5,0,1.1,7.6,11.0,16.8,nan,nan,
2026-09-11T08:13:12.398321Z,53.0,1043.341,100,3,update,1106.8,1186.7,0,79.7,117.4,142.6,159.4,nan,nan,
2026-09-11T08:13:12.398355Z,54.0,1044.329,100,3,read,4950.7,4721.8,0,1.2,4.2,8.9,10.5,nan,nan,
2026-09-11T08:13:12.398388Z,54.0,1044.329,100,3,update,1169.9,1186.4,0,75.5,83.9,113.2,117.4,nan,nan,
2026-09-11T08:13:12.398421Z,55.0,1045.332,100,3,read,5011.0,4727.0,0,1.5,5.0,7.9,15.2,nan,nan,
2026-09-11T08:13:12.398454Z,55.0,1045.332,100,3,update,1164.3,1186.0,0,75.5,88.1,117.4,134.2,nan,nan,
2026-09-11T08:13:12.398488Z,56.0,1046.331,100,3,read,4209.0,4717.8,0,1.6,5.0,8.9,13.1,nan,nan,
2026-09-11T08:13:12.398524Z,56.0,1046.331,100,3,update,1084.8,1184.2,0,79.7,151.0,167.8,167.8,nan,nan,
2026-09-11T08:13:12.398558Z,57.0,1047.333,100,3,read,4555.3,4714.9,0,1.6,4.2,10.0,14.2,nan,nan,
2026-09-11T08:13:12.398590Z,57.0,1047.333,100,3,update,1138.1,1183.4,0,75.5,88.1,113.2,125.8,nan,nan,
2026-09-11T08:13:12.398627Z,58.0,1048.468,100,3,read,4819.8,4716.8,0,1.6,4.1,6.3,10.5,nan,nan,
2026-09-11T08:13:12.398660Z,58.0,1048.468,100,3,update,1245.9,1184.4,0,79.7,96.5,117.4,121.6,nan,nan,
2026-09-11T08:13:12.398701Z,59.0,1049.337,100,3,read,4382.3,4711.1,0,1.6,8.9,15.7,21.0,nan,nan,
2026-09-11T08:13:12.398736Z,59.0,1049.337,100,3,update,1078.6,1182.7,0,79.7,100.7,117.4,125.8,nan,nan,
2026-09-11T08:13:12.398772Z,60.0,1050.335,100,3,read,3780.0,4695.6,0,3.0,14.2,21.0,24.1,nan,nan,
2026-09-11T08:13:12.398806Z,60.0,1050.335,100,3,update,959.7,1178.9,0,83.9,117.4,134.2,151.0,nan,nan,
