I260911 04:45:03.936484 1 workload/cli/run.go:702  [-] 1  random seed: 42
I260911 04:45:03.936586 1 workload/cli/run.go:487  [-] 2  creating load generator...
I260911 04:45:05.483950 1 workload/cli/run.go:536  [-] 3  creating load generator... done (took 1.547362051s)
_elapsed___errors__ops/sec(inst)___ops/sec(cum)__p50(ms)__p95(ms)__p99(ms)_pMax(ms)
    1.0s        0         1129.8         2878.2      9.4     26.2     37.7     62.9 read
    1.0s        0          243.3          619.8    104.9    134.2    151.0    151.0 update
    2.0s        0         3020.9         2949.7      7.6     17.8     23.1     31.5 read
    2.0s        0          802.7          711.3     96.5    113.2    117.4    125.8 update
    3.0s        0         2995.8         2964.9      8.1     19.9     28.3     44.0 read
    3.0s        0          765.5          729.3     96.5    113.2    117.4    130.0 update
    4.0s        0         2962.2         2964.2      7.9     18.9     25.2     37.7 read
    4.0s        0          802.8          747.7     92.3    109.1    121.6    125.8 update
    5.0s        0         3029.7         2977.4      8.9     22.0     29.4     39.8 read
    5.0s        0          747.2          747.6     96.5    113.2    117.4    125.8 update
    6.0s        0         2713.6         2933.4     11.0     30.4     44.0     79.7 read
    6.0s        0          657.9          732.6    100.7    130.0    142.6    159.4 update
    7.0s        0         3006.1         2943.8      8.9     24.1     31.5     41.9 read
    7.0s        0          733.0          732.7     96.5    113.2    117.4    142.6 update
    8.0s        0         2959.0         2945.7      8.4     21.0     27.3     37.7 read
    8.0s        0          793.0          740.2     92.3    109.1    113.2    117.4 update
    9.0s        0         3049.3         2957.2      8.9     21.0     29.4     46.1 read
    9.0s        0          763.1          742.8     92.3    109.1    117.4    121.6 update
   10.0s        0         3104.0         2971.8      9.4     22.0     29.4     46.1 read
   10.0s        0          743.0          742.8     96.5    113.2    117.4    125.8 update
_elapsed___errors__ops/sec(inst)___ops/sec(cum)__p50(ms)__p95(ms)__p99(ms)_pMax(ms)
   11.0s        0         3065.1         2980.4      8.9     23.1     29.4     41.9 read
   11.0s        0          737.0          742.3     92.3    113.2    125.8    130.0 update
   12.0s        0         3059.5         2987.0      8.1     18.9     26.2     39.8 read
   12.0s        0          794.9          746.7     92.3    104.9    113.2    121.6 update
   13.0s        0         3033.2         2990.5      8.4     18.9     26.2     39.8 read
   13.0s        0          804.0          751.1     92.3    109.1    117.4    121.6 update
   14.0s        0         3035.3         2993.7      8.1     18.9     26.2     37.7 read
   14.0s        0          810.1          755.3     92.3    104.9    113.2    117.4 update
   15.0s        0         3093.9         3000.4      8.9     18.9     25.2     35.7 read
   15.0s        0          790.5          757.6     92.3    104.9    109.1    121.6 update
   16.0s        0         2990.8         2999.8      8.9     22.0     30.4     48.2 read
   16.0s        0          753.5          757.4     92.3    113.2    121.6    134.2 update
   17.0s        0         2758.0         2985.6      8.9     28.3     41.9    176.2 read
   17.0s        0          708.7          754.5     96.5    134.2    151.0    184.5 update
   18.0s        0         3152.6         2994.8      8.9     21.0     27.3     37.7 read
   18.0s        0          757.2          754.7     96.5    109.1    117.4    130.0 update
   19.0s        0         2967.4         2993.4     10.5     23.1     29.4     41.9 read
   19.0s        0          745.1          754.2     88.1    104.9    109.1    113.2 update
   20.0s        0         2926.3         2990.0     12.1     25.2     31.5     41.9 read
   20.0s        0          713.3          752.1     88.1    104.9    117.4    121.6 update
_elapsed___errors__ops/sec(inst)___ops/sec(cum)__p50(ms)__p95(ms)__p99(ms)_pMax(ms)
   21.0s        0         2921.0         2986.8     12.1     26.2     32.5     44.0 read
   21.0s        0          704.7          749.9     88.1    109.1    117.4    121.6 update
   22.0s        0         2987.0         2986.8     12.6     26.2     30.4     48.2 read
   22.0s        0          730.8          749.0     88.1    100.7    109.1    117.4 update
   23.0s        0         2902.7         2983.1     12.1     25.2     31.5     41.9 read
   23.0s        0          730.9          748.2     88.1    100.7    104.9    117.4 update
   24.0s        0         2927.9         2980.8     11.5     24.1     29.4     41.9 read
   24.0s        0          747.0          748.2     88.1     96.5    104.9    109.1 update
   25.0s        0         2957.4         2979.9     13.1     26.2     32.5     56.6 read
   25.0s        0          699.3          746.2     88.1    100.7    104.9    113.2 update
   26.0s        0         2899.8         2976.8     11.0     23.1     30.4     41.9 read
   26.0s        0          733.9          745.7     92.3    109.1    117.4    130.0 update
   27.0s        0         2973.8         2976.7     10.5     21.0     27.3     41.9 read
   27.0s        0          778.9          747.0     88.1    100.7    113.2    125.8 update
   28.0s        0         2931.1         2975.1     11.0     23.1     28.3     37.7 read
   28.0s        0          759.0          747.4     88.1    100.7    104.9    113.2 update
   29.0s        0         2730.0         2966.6     10.0     27.3     39.8    151.0 read
   29.0s        0          698.0          745.7     96.5    117.4    142.6    151.0 update
   30.0s        0         2918.5         2965.0     12.6     26.2     31.5     46.1 read
   30.0s        0          728.1          745.1     88.1    104.9    113.2    117.4 update
_elapsed___errors__ops/sec(inst)___ops/sec(cum)__p50(ms)__p95(ms)__p99(ms)_pMax(ms)
   31.0s        0         2893.1         2962.7     11.5     24.1     29.4     35.7 read
   31.0s        0          746.8          745.2     88.1    104.9    113.2    117.4 update
   32.0s        0         2945.3         2962.1     13.6     26.2     31.5     48.2 read
   32.0s        0          670.1          742.8     88.1    100.7    109.1    109.1 update
   33.0s        0         3246.8         2970.8      7.6     16.3     21.0     27.3 read
   33.0s        0          830.0          745.4     88.1    100.7    109.1    113.2 update
   34.0s        0         3234.6         2978.5      7.6     17.8     23.1     37.7 read
   34.0s        0          825.2          747.8     92.3    104.9    109.1    113.2 update
   35.0s        0         3392.2         2990.3      7.9     17.8     24.1     41.9 read
   35.0s        0          773.0          748.5     92.3    104.9    113.2    117.4 update
   36.0s        0         3168.8         2995.3      7.6     18.9     25.2     39.8 read
   36.0s        0          823.9          750.6     92.3    104.9    109.1    117.4 update
   37.0s        0         3083.0         2997.7      7.1     18.9     26.2     46.1 read
   37.0s        0          792.0          751.7     92.3    142.6    176.2    192.9 update
   38.0s        0         3044.5         2998.9      7.1     21.0     28.3     41.9 read
   38.0s        0          783.4          752.6     96.5    117.4    125.8    130.0 update
   39.0s        0         3002.9         2999.0      7.1     21.0     30.4     39.8 read
   39.0s        0          791.5          753.6     96.5    113.2    121.6    134.2 update
   40.0s        0         2588.4         2988.7     10.5     35.7     56.6    109.1 read
   40.0s        0          633.8          750.6    104.9    130.0    142.6    167.8 update
_elapsed___errors__ops/sec(inst)___ops/sec(cum)__p50(ms)__p95(ms)__p99(ms)_pMax(ms)
   41.0s        0         2730.2         2982.4      9.4     25.2     35.7     48.2 read
   41.0s        0          691.3          749.1    100.7    125.8    142.6    151.0 update
   42.0s        0         2755.0         2977.0      9.4     24.1     31.5     46.1 read
   42.0s        0          716.0          748.3    100.7    117.4    125.8    142.6 update
   43.0s        0         2845.4         2974.0      9.4     25.2     35.7     46.1 read
   43.0s        0          704.8          747.3    100.7    121.6    130.0    151.0 update
   44.0s        0         2848.7         2971.1      8.1     26.2     33.6     41.9 read
   44.0s        0          706.9          746.4    100.7    121.6    134.2    142.6 update
   45.0s        0         2820.4         2967.8      8.1     27.3     37.7     54.5 read
   45.0s        0          720.8          745.8    100.7    121.6    134.2    151.0 update
   46.0s        0         2383.5         2955.1     12.6     31.5     46.1     62.9 read
   46.0s        0          643.1          743.6    104.9    125.8    142.6    159.4 update
   47.0s        0         2544.6         2946.3     12.1     28.3     37.7     50.3 read
   47.0s        0          668.9          742.0    100.7    125.8    142.6    151.0 update
   48.0s        0         3035.3         2948.2      8.4     19.9     26.2     48.2 read
   48.0s        0          800.3          743.2     92.3    109.1    117.4    130.0 update
   49.0s        0         3146.2         2952.2      8.1     19.9     27.3     41.9 read
   49.0s        0          778.8          744.0     92.3    109.1    113.2    125.8 update
   50.0s        0         2998.7         2953.2      8.4     19.9     25.2     31.5 read
   50.0s        0          800.9          745.1     92.3    104.9    113.2    121.6 update
_elapsed___errors__ops/sec(inst)___ops/sec(cum)__p50(ms)__p95(ms)__p99(ms)_pMax(ms)
   51.0s        0         2823.8         2950.6      9.4     25.2     35.7     60.8 read
   51.0s        0          738.2          745.0     96.5    113.2    117.4    125.8 update
   52.0s        0         2892.3         2949.5      8.9     24.1     35.7     56.6 read
   52.0s        0          741.8          744.9     96.5    125.8    151.0    167.8 update
   53.0s        0         3133.4         2953.0      8.9     21.0     28.3     41.9 read
   53.0s        0          758.1          745.1     92.3    109.1    121.6    125.8 update
   54.0s        0         3202.2         2957.6      8.9     19.9     27.3     37.7 read
   54.0s        0          752.1          745.3     92.3    109.1    117.4    134.2 update
   55.0s        0         3114.9         2960.4      8.4     19.9     28.3     37.7 read
   55.0s        0          774.0          745.8     92.3    109.1    113.2    121.6 update
   56.0s        0         2987.6         2960.9      9.4     22.0     29.4     46.1 read
   56.0s        0          733.7          745.6     96.5    113.2    117.4    121.6 update
   57.0s        0         3040.4         2962.3      7.9     18.9     26.2     37.7 read
   57.0s        0          823.1          746.9     92.3    104.9    113.2    121.6 update
   58.0s        0         3185.8         2966.2      7.9     18.9     25.2     31.5 read
   58.0s        0          803.5          747.9     92.3    104.9    109.1    113.2 update
   59.0s        0         3263.5         2971.2      8.1     22.0     30.4     50.3 read
   59.0s        0          760.9          748.1     92.3    109.1    117.4    130.0 update
   60.0s        0         3152.9         2974.2      7.6     17.8     24.1     30.4 read
   60.0s        0          812.0          749.2     92.3    104.9    109.1    121.6 update
_elapsed___errors__ops/sec(inst)___ops/sec(cum)__p50(ms)__p95(ms)__p99(ms)_pMax(ms)
   61.0s        0         3205.8         2978.0      8.4     22.0     29.4     48.2 read
   61.0s        0          741.2          749.1     96.5    109.1    117.4    125.8 update
   62.0s        0         3136.2         2980.6      8.4     19.9     26.2     37.7 read
   62.0s        0          763.6          749.3     92.3    125.8    167.8    176.2 update
   63.0s        0         2770.3         2977.3     10.0     28.3     41.9     56.6 read
   63.0s        0          688.1          748.3     96.5    121.6    142.6    159.4 update
   64.0s        0         2905.1         2976.1      8.1     21.0     29.4     52.4 read
   64.0s        0          800.3          749.1     92.3    109.1    113.2    125.8 update
   65.0s        0         2877.6         2974.6      9.4     23.1     32.5     48.2 read
   65.0s        0          708.7          748.5     96.5    117.4    142.6    159.4 update
   66.0s        0            0.0         2929.5      0.0      0.0      0.0      0.0 read
   66.0s        0            0.0          737.2      0.0      0.0      0.0      0.0 update
   67.0s        0            0.0         2885.8      0.0      0.0      0.0      0.0 read
   67.0s        0            0.0          726.2      0.0      0.0      0.0      0.0 update
   68.0s        0            0.0         2843.4      0.0      0.0      0.0      0.0 read
   68.0s        0            0.0          715.5      0.0      0.0      0.0      0.0 update
   69.0s        0            0.0         2802.1      0.0      0.0      0.0      0.0 read
   69.0s        0            0.0          705.1      0.0      0.0      0.0      0.0 update
   70.0s        0            0.0         2762.1      0.0      0.0      0.0      0.0 read
   70.0s        0            0.0          695.1      0.0      0.0      0.0      0.0 update
_elapsed___errors__ops/sec(inst)___ops/sec(cum)__p50(ms)__p95(ms)__p99(ms)_pMax(ms)
   71.0s        0            0.0         2723.3      0.0      0.0      0.0      0.0 read
   71.0s        0            0.0          685.3      0.0      0.0      0.0      0.0 update
   72.0s        0            0.0         2685.4      0.0      0.0      0.0      0.0 read
   72.0s        0            0.0          675.7      0.0      0.0      0.0      0.0 update
   73.0s        0            0.0         2648.6      0.0      0.0      0.0      0.0 read
   73.0s        0            0.0          666.5      0.0      0.0      0.0      0.0 update
   74.0s        0            0.0         2612.8      0.0      0.0      0.0      0.0 read
   74.0s        0            0.0          657.5      0.0      0.0      0.0      0.0 update
   75.0s        0            0.0         2578.0      0.0      0.0      0.0      0.0 read
   75.0s        0            0.0          648.7      0.0      0.0      0.0      0.0 update
   76.0s        0            0.0         2544.1      0.0      0.0      0.0      0.0 read
   76.0s        0            0.0          640.2      0.0      0.0      0.0      0.0 update
   77.0s        0            0.0         2511.0      0.0      0.0      0.0      0.0 read
   77.0s        0            0.0          631.9      0.0      0.0      0.0      0.0 update
   78.0s        0            0.0         2478.9      0.0      0.0      0.0      0.0 read
   78.0s        0            0.0          623.8      0.0      0.0      0.0      0.0 update
   79.0s        0            0.0         2447.5      0.0      0.0      0.0      0.0 read
   79.0s        0            0.0          615.9      0.0      0.0      0.0      0.0 update
   80.0s        0            0.0         2416.9      0.0      0.0      0.0      0.0 read
   80.0s        0            0.0          608.2      0.0      0.0      0.0      0.0 update
_elapsed___errors__ops/sec(inst)___ops/sec(cum)__p50(ms)__p95(ms)__p99(ms)_pMax(ms)
   81.0s        0            0.0         2387.0      0.0      0.0      0.0      0.0 read
   81.0s        0            0.0          600.7      0.0      0.0      0.0      0.0 update
   82.0s        0            0.0         2357.9      0.0      0.0      0.0      0.0 read
   82.0s        0            0.0          593.3      0.0      0.0      0.0      0.0 update
E260911 04:46:27.495004 1 workload/cli/run.go:624  [-] 4  unexpected EOF
   83.0s      100            0.0         2329.5      0.0      0.0      0.0      0.0 read
   83.0s      100            0.0          586.2      0.0      0.0      0.0      0.0 update
   84.0s      100            0.0         2301.8      0.0      0.0      0.0      0.0 read
   84.0s      100            0.0          579.2      0.0      0.0      0.0      0.0 update
   85.0s      100          184.0         2276.9    100.7    125.8    134.2    159.4 read
   85.0s      100            1.0          572.4    243.3    243.3    243.3    243.3 update
   86.0s      100          897.5         2260.8     46.1     92.3    130.0    167.8 read
   86.0s      100          215.9          568.3    285.2    369.1    385.9    385.9 update
   87.0s      100         1054.3         2247.0     33.6     50.3     56.6     65.0 read
   87.0s      100          265.1          564.8    234.9    260.0    268.4    285.2 update
   88.0s      100         1034.4         2233.2     29.4     71.3    117.4    159.4 read
   88.0s      100          278.1          561.5    226.5    251.7    268.4    268.4 update
   89.0s      100         1025.1         2219.6     37.7     75.5    109.1    226.5 read
   89.0s      100          235.8          557.9    243.3    302.0    335.5    385.9 update
   90.0s      100         1225.0         2208.6     28.3     37.7     44.0     56.6 read
   90.0s      100          294.2          554.9    226.5    243.3    251.7    251.7 update
_elapsed___errors__ops/sec(inst)___ops/sec(cum)__p50(ms)__p95(ms)__p99(ms)_pMax(ms)
   91.0s      100         1217.3         2197.7     27.3     37.7     44.0     58.7 read
   91.0s      100          305.1          552.2    218.1    234.9    251.7    268.4 update
   92.0s      100         1221.8         2187.1     28.3     37.7     44.0     71.3 read
   92.0s      100          287.0          549.3    218.1    243.3    251.7    260.0 update
   93.0s      100         1012.3         2174.4     31.5     56.6     65.0     83.9 read
   93.0s      100          282.8          546.4    226.5    268.4    285.2    302.0 update
   94.0s      100         1192.0         2164.0     27.3     30.4     33.6     46.1 read
   94.0s      100          311.0          543.9    218.1    234.9    243.3    251.7 update
   95.0s      100         1327.5         2155.2     27.3     31.5     35.7     44.0 read
   95.0s      100          306.1          541.4    218.1    234.9    234.9    243.3 update
   96.0s      100         1161.4         2144.8     28.3     44.0     58.7     75.5 read
   96.0s      100          287.1          538.8    226.5    243.3    251.7    268.4 update
   97.0s      100         1083.4         2133.9     27.3     54.5     71.3     88.1 read
   97.0s      100          302.8          536.3    218.1    243.3    260.0    260.0 update
   98.0s      100         1080.0         2123.1     27.3     52.4     67.1     88.1 read
   98.0s      100          303.0          534.0    226.5    268.4    302.0    318.8 update
   99.0s      100         1136.2         2113.2     27.3     33.6     39.8     54.5 read
   99.0s      100          312.1          531.7    218.1    234.9    234.9    234.9 update
  100.0s      100         1210.0         2104.1     27.3     33.6     39.8     48.2 read
  100.0s      100          311.0          529.5    218.1    234.9    234.9    243.3 update
_elapsed___errors__ops/sec(inst)___ops/sec(cum)__p50(ms)__p95(ms)__p99(ms)_pMax(ms)
  101.0s      100         1205.1         2095.2     27.3     33.6     37.7     50.3 read
  101.0s      100          320.0          527.4    218.1    234.9    234.9    243.3 update
  102.0s      100         1127.3         2085.7     28.3     37.7     44.0     65.0 read
  102.0s      100          292.1          525.1    226.5    234.9    243.3    251.7 update
  103.0s      100         1312.6         2078.2     26.2     31.5     35.7     41.9 read
  103.0s      100          309.9          523.0    218.1    234.9    234.9    243.3 update
  104.0s      100         1256.0         2070.3     27.3     32.5     37.7     41.9 read
  104.0s      100          308.0          521.0    218.1    226.5    234.9    243.3 update
  105.0s      100         1234.1         2062.4     27.3     35.7     39.8     46.1 read
  105.0s      100          304.0          518.9    218.1    234.9    243.3    243.3 update
  106.0s      100         1133.3         2053.6     27.3     39.8     48.2     67.1 read
  106.0s      100          298.1          516.8    226.5    251.7    260.0    268.4 update
  107.0s      100         1206.0         2045.7     28.3     48.2     65.0    260.0 read
  107.0s      100          277.0          514.6    226.5    260.0    268.4    285.2 update
  108.0s      100         1157.0         2037.4     29.4     41.9     50.3     71.3 read
  108.0s      100          285.0          512.5    226.5    251.7    260.0    260.0 update
  109.0s      100         1104.0         2028.9     31.5     44.0     52.4     60.8 read
  109.0s      100          286.0          510.4    226.5    251.7    251.7    260.0 update
  110.0s      100         1293.1         2022.2     28.3     44.0     54.5     65.0 read
  110.0s      100          273.0          508.2    226.5    251.7    260.0    268.4 update
_elapsed___errors__ops/sec(inst)___ops/sec(cum)__p50(ms)__p95(ms)__p99(ms)_pMax(ms)
  111.0s      100         1187.0         2014.7     26.2     31.5     37.7     62.9 read
  111.0s      100          299.0          506.3    226.5    243.3    260.0    268.4 update
  112.0s      100         1188.8         2007.3     26.2     29.4     31.5     33.6 read
  112.0s      100          318.9          504.7    218.1    234.9    234.9    243.3 update
  113.0s      100         1307.9         2001.1     26.2     29.4     31.5     35.7 read
  113.0s      100          303.0          502.9    218.1    226.5    234.9    234.9 update
  114.0s      100         1370.9         1995.6     27.3     33.6     37.7     44.0 read
  114.0s      100          343.0          501.5    218.1    234.9    243.3    251.7 update
  115.0s      100         1811.0         1994.0     29.4     37.7     48.2     65.0 read
  115.0s      100          437.0          500.9    109.1    130.0    226.5    234.9 update
  116.0s      100         1519.6         1989.9     32.5     52.4     65.0    104.9 read
  116.0s      100          392.9          500.0    117.4    142.6    167.8    184.5 update
  117.0s      100         1469.8         1985.4     32.5     48.2     56.6     67.1 read
  117.0s      100          439.3          499.5    117.4    134.2    142.6    159.4 update
E260911 04:47:02.598995 1 workload/cli/run.go:624  [-] 5  unexpected EOF
  118.0s      200          193.0         1970.2     30.4     58.7     71.3     83.9 read
  118.0s      200           45.0          495.6    121.6    142.6    151.0    151.0 update
  119.0s      200            0.0         1953.7      0.0      0.0      0.0      0.0 read
  119.0s      200            0.0          491.5      0.0      0.0      0.0      0.0 update
  120.0s      200            0.0         1937.4      0.0      0.0      0.0      0.0 read
  120.0s      200            0.0          487.4      0.0      0.0      0.0      0.0 update
_elapsed___errors__ops/sec(inst)___ops/sec(cum)__p50(ms)__p95(ms)__p99(ms)_pMax(ms)
  121.0s      200         1028.3         1929.9     28.3     56.6     75.5     75.5 read
  121.0s      200          240.1          485.3    125.8    151.0    167.8    176.2 update
  122.0s      200         1743.7         1928.4     28.3     33.6     35.7     39.8 read
  122.0s      200          413.7          484.7    125.8    134.2    142.6    142.6 update
  123.0s      200         1626.5         1925.9     28.3     39.8     44.0     46.1 read
  123.0s      200          405.4          484.1    125.8    142.6    151.0    151.0 update
  124.0s      200         1628.8         1923.5     28.3     35.7     39.8     48.2 read
  124.0s      200          431.9          483.7    125.8    142.6    142.6    151.0 update
  125.0s      200         1740.2         1922.0     28.3     32.5     37.7     39.8 read
  125.0s      200          405.0          483.0    125.8    142.6    142.6    151.0 update
  126.0s      200         1630.6         1919.7     28.3     35.7     41.9     52.4 read
  126.0s      200          422.6          482.6    125.8    142.6    151.0    151.0 update
  127.0s      200         1571.4         1917.0     29.4     46.1     60.8     67.1 read
  127.0s      200          391.3          481.8    130.0    159.4    176.2    184.5 update
  128.0s      200         1717.9         1915.4     28.3     32.5     37.7     48.2 read
  128.0s      200          421.0          481.4    125.8    134.2    142.6    142.6 update
  129.0s      200         1745.0         1914.1     27.3     32.5     37.7     44.0 read
  129.0s      200          411.8          480.8    125.8    134.2    142.6    142.6 update
  130.0s      200         1656.4         1912.1     28.3     35.7     39.8     46.1 read
  130.0s      200          407.9          480.3    130.0    142.6    142.6    151.0 update
_elapsed___errors__ops/sec(inst)___ops/sec(cum)__p50(ms)__p95(ms)__p99(ms)_pMax(ms)
  131.0s      200         1702.1         1910.5     28.3     37.7     44.0     50.3 read
  131.0s      200          396.3          479.6    130.0    142.6    151.0    151.0 update
  132.0s      200         1676.5         1908.8     27.3     31.5     35.7     41.9 read
  132.0s      200          425.1          479.2    125.8    134.2    134.2    142.6 update
  133.0s      200         1640.9         1906.7     28.3     37.7     44.0     48.2 read
  133.0s      200          424.0          478.8    125.8    142.6    142.6    151.0 update
  134.0s      200         1780.1         1905.8     28.3     32.5     35.7     39.8 read
  134.0s      200          402.0          478.2    125.8    134.2    134.2    142.6 update
  135.0s      200         1766.6         1904.8     27.3     31.5     35.7     41.9 read
  135.0s      200          421.9          477.8    125.8    130.0    134.2    142.6 update
  136.0s      200         1713.5         1903.4     28.3     39.8     46.1     56.6 read
  136.0s      200          395.9          477.2    125.8    142.6    151.0    159.4 update
  137.0s      200         1721.0         1902.0     28.3     35.7     37.7     44.0 read
  137.0s      200          402.0          476.6    125.8    142.6    142.6    159.4 update
  138.0s      200         1693.8         1900.5     27.3     32.5     35.7     50.3 read
  138.0s      200          428.2          476.3    125.8    134.2    142.6    142.6 update
  139.0s      200         1699.3         1899.1     27.3     30.4     33.6     37.7 read
  139.0s      200          433.8          476.0    125.8    130.0    130.0    134.2 update
  140.0s      200         1631.3         1897.2     27.3     35.7     44.0     46.1 read
  140.0s      200          431.8          475.7    125.8    142.6    151.0    151.0 update
_elapsed___errors__ops/sec(inst)___ops/sec(cum)__p50(ms)__p95(ms)__p99(ms)_pMax(ms)
  141.0s      200         1646.1         1895.4     28.3     37.7     44.0     48.2 read
  141.0s      200          415.0          475.2    125.8    142.6    151.0    167.8 update
  142.0s      200         1678.3         1893.9     28.3     35.7     44.0     48.2 read
  142.0s      200          422.3          474.9    125.8    142.6    142.6    151.0 update
  143.0s      200         1692.9         1892.4     27.3     32.5     37.7     39.8 read
  143.0s      200          414.7          474.5    125.8    134.2    134.2    151.0 update
  144.0s      200         1736.3         1891.4     27.3     31.5     32.5     39.8 read
  144.0s      200          430.3          474.1    125.8    130.0    134.2    142.6 update
  145.0s      200         1576.7         1889.2     28.3     35.7     44.0     52.4 read
  145.0s      200          437.9          473.9    125.8    142.6    151.0    151.0 update
  146.0s      200         1686.8         1887.8     28.3     35.7     37.7     46.1 read
  146.0s      200          413.7          473.5    125.8    142.6    151.0    159.4 update
  147.0s      200         1743.4         1886.8     27.3     35.7     44.0     50.3 read
  147.0s      200          410.3          473.1    125.8    134.2    151.0    159.4 update
  148.0s      200         1637.1         1885.1     27.3     35.7     44.0     52.4 read
  148.0s      200          436.0          472.8    125.8    142.6    151.0    159.4 update
  149.0s      200         1718.0         1884.0     27.3     31.5     35.7     41.9 read
  149.0s      200          423.8          472.5    125.8    134.2    134.2    142.6 update
  150.0s      200         1736.2         1883.0     27.3     33.6     35.7     41.9 read
  150.0s      200          412.0          472.1    125.8    134.2    142.6    142.6 update
_elapsed___errors__ops/sec(inst)___ops/sec(cum)__p50(ms)__p95(ms)__p99(ms)_pMax(ms)
  151.0s      200         1557.3         1880.9     28.3     39.8     54.5     71.3 read
  151.0s      200          424.8          471.8    125.8    142.6    159.4    167.8 update
  152.0s      200         1539.7         1878.6     29.4     48.2     56.6     75.5 read
  152.0s      200          375.2          471.1    134.2    176.2    176.2    184.5 update
  153.0s      200         1705.4         1877.5     27.3     32.5     41.9     46.1 read
  153.0s      200          425.1          470.8    125.8    134.2    142.6    142.6 update
  154.0s      200         1764.9         1876.8     27.3     30.4     33.6     41.9 read
  154.0s      200          419.0          470.5    125.8    130.0    134.2    134.2 update
  155.0s      200         1697.1         1875.6     27.3     30.4     35.7     44.0 read
  155.0s      200          439.0          470.3    125.8    130.0    142.6    142.6 update
  156.0s      200         1709.4         1874.5     27.3     39.8     48.2     52.4 read
  156.0s      200          402.9          469.9    125.8    151.0    159.4    167.8 update
  157.0s      200         1684.5         1873.3     29.4     41.9     46.1     48.2 read
  157.0s      200          399.1          469.4    130.0    142.6    151.0    159.4 update
  158.0s      200         1430.1         1870.5     32.5     44.0     50.3     58.7 read
  158.0s      200          374.8          468.8    142.6    159.4    167.8    176.2 update
  159.0s      200         1584.9         1868.7     28.3     39.8     48.2     54.5 read
  159.0s      200          423.2          468.5    130.0    151.0    159.4    167.8 update
  160.0s      200         1677.8         1867.5     27.3     32.5     37.7     48.2 read
  160.0s      200          433.9          468.3    125.8    134.2    142.6    151.0 update
_elapsed___errors__ops/sec(inst)___ops/sec(cum)__p50(ms)__p95(ms)__p99(ms)_pMax(ms)
  161.0s      200         1702.2         1866.5     27.3     35.7     39.8     56.6 read
  161.0s      200          410.8          467.9    125.8    142.6    142.6    151.0 update
  162.0s      200         1665.5         1865.3     27.3     33.6     44.0     54.5 read
  162.0s      200          430.1          467.7    125.8    142.6    151.0    159.4 update
  163.0s      200         1627.8         1863.8     27.3     37.7     52.4     60.8 read
  163.0s      200          429.2          467.5    125.8    151.0    159.4    159.4 update
  164.0s      200         1723.8         1863.0     27.3     33.6     39.8     48.2 read
  164.0s      200          417.7          467.2    125.8    134.2    142.6    142.6 update
  165.0s      200         1636.3         1861.6     27.3     33.6     39.8     50.3 read
  165.0s      200          428.1          466.9    125.8    134.2    142.6    151.0 update
  166.0s      200         1606.2         1860.0     28.3     39.8     46.1     56.6 read
  166.0s      200          420.1          466.6    125.8    142.6    159.4    167.8 update
  167.0s      200         1612.2         1858.6     28.3     33.6     37.7     56.6 read
  167.0s      200          436.1          466.5    125.8    134.2    142.6    151.0 update
  168.0s      200         1602.1         1857.0     27.3     32.5     35.7     46.1 read
  168.0s      200          447.0          466.4    125.8    134.2    142.6    142.6 update
  169.0s      200         1656.5         1855.8     27.3     32.5     37.7     41.9 read
  169.0s      200          421.9          466.1    125.8    134.2    142.6    151.0 update
  170.0s      200         1660.7         1854.7     28.3     32.5     37.7     48.2 read
  170.0s      200          433.2          465.9    125.8    134.2    142.6    151.0 update
_elapsed___errors__ops/sec(inst)___ops/sec(cum)__p50(ms)__p95(ms)__p99(ms)_pMax(ms)
  171.0s      200         1656.5         1853.5     27.3     35.7     46.1     58.7 read
  171.0s      200          418.9          465.6    125.8    151.0    159.4    167.8 update
  172.0s      200         1717.0         1852.7     27.3     31.5     35.7     44.0 read
  172.0s      200          427.0          465.4    125.8    130.0    134.2    142.6 update
  173.0s      200         1732.3         1852.0     27.3     31.5     37.7     39.8 read
  173.0s      200          435.8          465.2    125.8    134.2    134.2    142.6 update
  174.0s      200         1383.9         1849.4     31.5     58.7     79.7    117.4 read
  174.0s      200          364.2          464.6    134.2    176.2    192.9    209.7 update
  175.0s      200         1450.8         1847.1     33.6     52.4     60.8     71.3 read
  175.0s      200          367.0          464.1    142.6    159.4    184.5    209.7 update
  176.0s      200         1573.0         1845.5     32.5     54.5     62.9    104.9 read
  176.0s      200          322.8          463.3    142.6    159.4    176.2    201.3 update
  177.0s      200         1485.5         1843.5     30.4     46.1     54.5     60.8 read
  177.0s      200          400.1          462.9    134.2    159.4    167.8    184.5 update
  178.0s      200         1723.9         1842.8     27.3     31.5     35.7     46.1 read
  178.0s      200          437.0          462.8    125.8    134.2    142.6    142.6 update
  179.0s      200         1719.9         1842.1     27.3     31.5     35.7     39.8 read
  179.0s      200          444.2          462.7    125.8    130.0    134.2    142.6 update
  180.0s      200         1675.2         1841.2     27.3     32.5     39.8     41.9 read
  180.0s      200          443.8          462.6    125.8    134.2    142.6    151.0 update
_elapsed___errors__ops/sec(inst)___ops/sec(cum)__p50(ms)__p95(ms)__p99(ms)_pMax(ms)
  181.0s      200         1671.7         1840.3     27.3     35.7     39.8     48.2 read
  181.0s      200          438.2          462.4    125.8    134.2    142.6    151.0 update
  182.0s      200         1813.6         1840.1     27.3     31.5     35.7    176.2 read
  182.0s      200          415.7          462.2    125.8    134.2    142.6    302.0 update
  183.0s      200         1707.2         1839.4     27.3     31.5     33.6     46.1 read
  183.0s      200          449.3          462.1    125.8    130.0    134.2    167.8 update
  184.0s      200         1694.1         1838.6     27.3     31.5     35.7     41.9 read
  184.0s      200          469.0          462.1    125.8    130.0    134.2    142.6 update
  185.0s      200         1632.0         1837.5     27.3     41.9     56.6     71.3 read
  185.0s      200          445.7          462.1    125.8    142.6    151.0    151.0 update
  186.0s      200         1580.5         1836.1     27.3     44.0     52.4     62.9 read
  186.0s      200          449.1          462.0    125.8    159.4    176.2    201.3 update
  187.0s      200         1747.9         1835.6     27.3     33.6     37.7     41.9 read
  187.0s      200          440.2          461.9    125.8    134.2    142.6    142.6 update
  188.0s      200         1792.9         1835.4     28.3     33.6     37.7    167.8 read
  188.0s      200          429.0          461.7    125.8    134.2    142.6    285.2 update
  189.0s      200         1835.9         1835.4     27.3     32.5     37.7     48.2 read
  189.0s      200          437.0          461.6    125.8    134.2    142.6    159.4 update
  190.0s      200         1763.0         1835.0     27.3     35.7     54.5    167.8 read
  190.0s      200          433.0          461.4    125.8    142.6    159.4    486.5 update
_elapsed___errors__ops/sec(inst)___ops/sec(cum)__p50(ms)__p95(ms)__p99(ms)_pMax(ms)
  191.0s      200         1817.5         1834.9     27.3     35.7     48.2    167.8 read
  191.0s      200          470.9          461.5    125.8    142.6    159.4    218.1 update
  192.0s      200         1785.5         1834.7     27.3     33.6     37.7     44.0 read
  192.0s      200          478.9          461.6    125.8    134.2    142.6    142.6 update
  193.0s      200         1822.8         1834.6     27.3     32.5     37.7     44.0 read
  193.0s      200          470.2          461.6    125.8    130.0    142.6    142.6 update
  194.0s      200         1816.8         1834.5     27.3     30.4     33.6     41.9 read
  194.0s      200          498.0          461.8    125.8    130.0    134.2    142.6 update
  195.0s      200         1937.5         1835.1     27.3     33.6     37.7     46.1 read
  195.0s      200          454.1          461.7    125.8    134.2    142.6    142.6 update
  196.0s      200         1937.8         1835.6     27.3     37.7     50.3    100.7 read
  196.0s      200          453.9          461.7    125.8    142.6    151.0    159.4 update
  197.0s      200         1758.7         1835.2     27.3     33.6     41.9     48.2 read
  197.0s      200          488.9          461.8    125.8    134.2    142.6    151.0 update
  198.0s      200         1866.5         1835.3     27.3     31.5     35.7     39.8 read
  198.0s      200          473.1          461.9    125.8    134.2    142.6    142.6 update
  199.0s      200         1971.8         1836.0     27.3     29.4     31.5     39.8 read
  199.0s      200          471.7          462.0    125.8    130.0    130.0    134.2 update
  200.0s      200         1915.7         1836.4     27.3     33.6     37.7    151.0 read
  200.0s      200          467.9          462.0    125.8    134.2    142.6    167.8 update
_elapsed___errors__ops/sec(inst)___ops/sec(cum)__p50(ms)__p95(ms)__p99(ms)_pMax(ms)
  201.0s      200         1924.1         1836.9     26.2     29.4     32.5     39.8 read
  201.0s      200          506.0          462.2    125.8    130.0    134.2    142.6 update
  202.0s      200         1938.1         1837.4     27.3     30.4     37.7    142.6 read
  202.0s      200          499.3          462.4    125.8    130.0    134.2    268.4 update
  203.0s      200         2037.6         1838.4     27.3     30.4     41.9     54.5 read
  203.0s      200          478.9          462.5    125.8    130.0    142.6    151.0 update
  204.0s      200         1935.3         1838.8     27.3     32.5     46.1    167.8 read
  204.0s      200          516.1          462.7    125.8    142.6    151.0    260.0 update
  205.0s      200         2046.2         1839.8     27.3     35.7     44.0     54.5 read
  205.0s      200          490.0          462.9    125.8    142.6    142.6    192.9 update
  206.0s      200         1962.2         1840.4     27.3     35.7     41.9     56.6 read
  206.0s      200          509.5          463.1    125.8    142.6    159.4    167.8 update
  207.0s      200         2139.8         1841.9     27.3     31.5     37.7     46.1 read
  207.0s      200          500.4          463.3    125.8    134.2    142.6    151.0 update
  208.0s      200         1709.2         1841.2     29.4     60.8     79.7    109.1 read
  208.0s      200          406.1          463.0    130.0    201.3    218.1    226.5 update
  209.0s      200         1819.3         1841.1     29.4     44.0     54.5     71.3 read
  209.0s      200          454.8          463.0    134.2    176.2    201.3    218.1 update
  210.0s      200         1892.6         1841.4     28.3     39.8     44.0    117.4 read
  210.0s      200          482.9          463.1    130.0    151.0    159.4    369.1 update
_elapsed___errors__ops/sec(inst)___ops/sec(cum)__p50(ms)__p95(ms)__p99(ms)_pMax(ms)
  211.0s      200         2039.2         1842.3     27.3     35.7     39.8     75.5 read
  211.0s      200          509.1          463.3    125.8    142.6    142.6    436.2 update
  212.0s      200         2113.0         1843.6     27.3     31.5     37.7     62.9 read
  212.0s      200          534.3          463.6    125.8    134.2    142.6    385.9 update
  213.0s      200         2157.1         1845.1     27.3     30.4     31.5     52.4 read
  213.0s      200          540.0          464.0    125.8    130.0    130.0    134.2 update
  214.0s      200         2282.1         1847.1     26.2     29.4     32.5    121.6 read
  214.0s      200          541.0          464.3    125.8    130.0    134.2    176.2 update
  215.0s      200         2256.3         1849.0     26.2     30.4     32.5     44.0 read
  215.0s      200          544.6          464.7    125.8    130.0    134.2    142.6 update
  216.0s      200         2124.7         1850.3     27.3     35.7     52.4     58.7 read
  216.0s      200          539.2          465.0    125.8    142.6    159.4    167.8 update
  217.0s      200         2193.3         1851.9     27.3     30.4     35.7     41.9 read
  217.0s      200          550.1          465.4    125.8    130.0    134.2    142.6 update
  218.0s      200         2100.4         1853.0     26.2     30.4     35.7    151.0 read
  218.0s      200          563.1          465.9    125.8    130.0    130.0    134.2 update
  219.0s      200         2158.2         1854.4     26.2     31.5     46.1     54.5 read
  219.0s      200          559.1          466.3    125.8    134.2    151.0    159.4 update
  220.0s      200         2198.5         1856.0     27.3     35.7     39.8     48.2 read
  220.0s      200          544.9          466.7    125.8    134.2    142.6    142.6 update
_elapsed___errors__ops/sec(inst)___ops/sec(cum)__p50(ms)__p95(ms)__p99(ms)_pMax(ms)
  221.0s      200         2191.3         1857.5     26.2     31.5     37.7     48.2 read
  221.0s      200          564.1          467.1    125.8    134.2    151.0    159.4 update
  222.0s      200         2194.8         1859.0     26.2     31.5     37.7     41.9 read
  222.0s      200          566.7          467.6    125.8    130.0    134.2    142.6 update
  223.0s      200         2180.2         1860.4     27.3     37.7     44.0     62.9 read
  223.0s      200          525.0          467.8    125.8    142.6    151.0    159.4 update
  224.0s      200         1939.3         1860.8     28.3     54.5     67.1     88.1 read
  224.0s      200          474.1          467.8    130.0    159.4    167.8    385.9 update
  225.0s      200         2001.7         1861.4     27.3     50.3     62.9    176.2 read
  225.0s      200          499.7          468.0    130.0    159.4    167.8    369.1 update
  226.0s      200         2097.2         1862.5     26.2     35.7     50.3     58.7 read
  226.0s      200          578.6          468.5    121.6    142.6    151.0    167.8 update
  227.0s      200         2303.5         1864.4     26.2     30.4     35.7     48.2 read
  227.0s      200          571.9          468.9    125.8    130.0    134.2    142.6 update
  228.0s      200         2454.2         1867.0     26.2     30.4     32.5     41.9 read
  228.0s      200          549.1          469.3    125.8    130.0    134.2    134.2 update
  229.0s      200         2290.2         1868.8     26.2     31.5     44.0    109.1 read
  229.0s      200          548.8          469.6    125.8    134.2    151.0    151.0 update
  230.0s      200         2210.5         1870.3     26.2     30.4     35.7    167.8 read
  230.0s      200          595.1          470.2    121.6    130.0    167.8    486.5 update
_elapsed___errors__ops/sec(inst)___ops/sec(cum)__p50(ms)__p95(ms)__p99(ms)_pMax(ms)
  231.0s      200         2293.5         1872.2     26.2     35.7     48.2    117.4 read
  231.0s      200          578.1          470.6    121.6    142.6    151.0    419.4 update
  232.0s      200         2514.7         1874.9     26.2     30.4     32.5    159.4 read
  232.0s      200          597.9          471.2    121.6    130.0    130.0    453.0 update
  233.0s      200         2500.4         1877.6     26.2     29.4     33.6    142.6 read
  233.0s      200          639.1          471.9     79.7    130.0    134.2    226.5 update
  234.0s      200         2357.9         1879.7     26.2     35.7     46.1    159.4 read
  234.0s      200          617.7          472.5     88.1    134.2    151.0    159.4 update
  235.0s      200         2525.1         1882.4      5.2     30.4     33.6    130.0 read
  235.0s      200          627.3          473.2    121.6    130.0    134.2    369.1 update
  236.0s      200         2568.1         1885.3      5.2     31.5     35.7     44.0 read
  236.0s      200          619.8          473.8    121.6    134.2    142.6    167.8 update
  237.0s      200         2634.0         1888.5      5.0     30.4     35.7     50.3 read
  237.0s      200          614.8          474.4    121.6    130.0    134.2    142.6 update
  238.0s      200         2612.6         1891.5      4.5     30.4     33.6     41.9 read
  238.0s      200          635.4          475.1     83.9    130.0    134.2    142.6 update
  239.0s      200         2504.5         1894.1      4.5     29.4     32.5     44.0 read
  239.0s      200          643.1          475.8    121.6    130.0    142.6    159.4 update
  240.0s      200         2712.6         1897.5      4.7     32.5     37.7    117.4 read
  240.0s      200          627.9          476.4     79.7    130.0    134.2    134.2 update
_elapsed___errors__ops/sec(inst)___ops/sec(cum)__p50(ms)__p95(ms)__p99(ms)_pMax(ms)
  241.0s      200         2406.0         1899.6      7.9     37.7     41.9     50.3 read
  241.0s      200          587.0          476.9     88.1    142.6    142.6    159.4 update
  242.0s      200         2577.4         1902.4      5.8     32.5     37.7     44.0 read
  242.0s      200          631.4          477.5     79.7    134.2    134.2    142.6 update
  243.0s      200         2656.8         1905.5      4.7     32.5     39.8    176.2 read
  243.0s      200          631.4          478.1     83.9    134.2    167.8    385.9 update
  244.0s      200         2665.8         1908.6      3.9     31.5     35.7     44.0 read
  244.0s      200          692.2          479.0     79.7    134.2    142.6    142.6 update
  245.0s      200         2745.5         1912.0      3.8     30.4     37.7     46.1 read
  245.0s      200          688.6          479.9     79.7    130.0    142.6    151.0 update
  246.0s      200         2577.2         1914.8      6.0     41.9     58.7    100.7 read
  246.0s      200          613.3          480.4     83.9    151.0    167.8    302.0 update
  247.0s      200         2872.5         1918.6      3.9     30.4     33.6     46.1 read
  247.0s      200          689.1          481.3     79.7    130.0    134.2    142.6 update
  248.0s      200         2856.0         1922.4      3.9     31.5     35.7    100.7 read
  248.0s      200          661.0          482.0     83.9    134.2    159.4    167.8 update
  249.0s      200         3006.9         1926.8      3.8     30.4     33.6     50.3 read
  249.0s      200          687.0          482.8     79.7    130.0    134.2    142.6 update
  250.0s      200         2903.4         1930.7      4.1     31.5     35.7     39.8 read
  250.0s      200          676.6          483.6     79.7    130.0    134.2    142.6 update
_elapsed___errors__ops/sec(inst)___ops/sec(cum)__p50(ms)__p95(ms)__p99(ms)_pMax(ms)
  251.0s      200         2783.6         1934.1      4.5     32.5     37.7     44.0 read
  251.0s      200          702.9          484.5     79.7    134.2    142.6    151.0 update
  252.0s      200         2855.1         1937.7      3.9     31.5     35.7     41.9 read
  252.0s      200          691.3          485.3     79.7    130.0    134.2    142.6 update
  253.0s      200         2902.9         1941.5      4.1     31.5     35.7    159.4 read
  253.0s      200          690.0          486.1     79.7    134.2    142.6    469.8 update
  254.0s      200         2879.2         1945.2      4.1     31.5     35.7     37.7 read
  254.0s      200          718.3          487.0     79.7    130.0    134.2    142.6 update
  255.0s      200         2898.7         1949.0      4.2     33.6     37.7     83.9 read
  255.0s      200          716.7          487.9     79.7    134.2    142.6    226.5 update
  256.0s      200         2743.1         1952.1      4.5     35.7     41.9     48.2 read
  256.0s      200          684.0          488.7     79.7    142.6    151.0    167.8 update
  257.0s      200         2942.6         1955.9      4.1     31.5     35.7     39.8 read
  257.0s      200          721.1          489.6     79.7    130.0    134.2    142.6 update
  258.0s      200         2580.9         1958.3      5.8     44.0     62.9    142.6 read
  258.0s      200          652.0          490.2     83.9    151.0    176.2    335.5 update
  259.0s      200         2853.3         1961.8      4.2     33.6     39.8    184.5 read
  259.0s      200          723.1          491.1     79.7    134.2    142.6    159.4 update
  260.0s      200         2854.6         1965.2      4.7     37.7     44.0    142.6 read
  260.0s      200          691.7          491.9     83.9    142.6    142.6    192.9 update
_elapsed___errors__ops/sec(inst)___ops/sec(cum)__p50(ms)__p95(ms)__p99(ms)_pMax(ms)
  261.0s      200         2868.5         1968.7      5.0     37.7     44.0     58.7 read
  261.0s      200          717.4          492.7     83.9    142.6    151.0    159.4 update
  262.0s      200         2911.3         1972.3      4.5     35.7     39.8    167.8 read
  262.0s      200          696.6          493.5     83.9    134.2    151.0    436.2 update
  263.0s      200         2863.5         1975.7      4.5     35.7     39.8     60.8 read
  263.0s      200          731.1          494.4     83.9    142.6    142.6    151.0 update
  264.0s      200         2857.2         1979.0      5.0     37.7     44.0    167.8 read
  264.0s      200          710.3          495.2     83.9    142.6    151.0    486.5 update
  265.0s      200         2828.2         1982.2      5.0     37.7     44.0     50.3 read
  265.0s      200          738.8          496.2     83.9    142.6    151.0    159.4 update
  266.0s      200         2761.7         1985.2      4.7     37.7     44.0     56.6 read
  266.0s      200          734.2          497.1     83.9    142.6    151.0    159.4 update
  267.0s      200         2857.8         1988.4      5.0     37.7     41.9     54.5 read
  267.0s      200          707.9          497.8     83.9    142.6    142.6    151.0 update
  268.0s      200         2801.5         1991.5      4.7     35.7     41.9     50.3 read
  268.0s      200          757.1          498.8     83.9    142.6    142.6    151.0 update
  269.0s      200         2720.0         1994.2      5.2     39.8     46.1    192.9 read
  269.0s      200          715.5          499.6     88.1    142.6    151.0    503.3 update
  270.0s      200         2435.3         1995.8      8.1     50.3     83.9    192.9 read
  270.0s      200          599.3          500.0     92.3    159.4    192.9    352.3 update
_elapsed___errors__ops/sec(inst)___ops/sec(cum)__p50(ms)__p95(ms)__p99(ms)_pMax(ms)
  271.0s      200         2681.0         1998.3      6.8     44.0     58.7    184.5 read
  271.0s      200          654.8          500.6     92.3    151.0    167.8    352.3 update
  272.0s      200         2811.7         2001.3      6.3     41.9     54.5     79.7 read
  272.0s      200          705.7          501.3     92.3    151.0    159.4    176.2 update
  273.0s      200         2836.8         2004.4      6.6     41.9     52.4     65.0 read
  273.0s      200          697.2          502.0     88.1    151.0    159.4    167.8 update
  274.0s      200         2830.0         2007.4      6.3     39.8     48.2     62.9 read
  274.0s      200          715.5          502.8     88.1    142.6    159.4    176.2 update
  275.0s      200         2821.2         2010.4      7.1     44.0     56.6     71.3 read
  275.0s      200          666.1          503.4     92.3    151.0    159.4    176.2 update
  276.0s      200         2818.1         2013.3      7.1     41.9     54.5     75.5 read
  276.0s      200          662.5          504.0     92.3    151.0    159.4    176.2 update
  277.0s      200         2775.5         2016.0      6.3     41.9     56.6     83.9 read
  277.0s      200          693.4          504.7     92.3    151.0    167.8    176.2 update
  278.0s      200         2802.0         2018.9      6.6     41.9     54.5     71.3 read
  278.0s      200          705.8          505.4     92.3    151.0    167.8    184.5 update
  279.0s      200         2805.9         2021.7      6.3     41.9     54.5     65.0 read
  279.0s      200          715.2          506.1     88.1    151.0    167.8    167.8 update
  280.0s      200         3025.5         2025.3      6.0     37.7     46.1     58.7 read
  280.0s      200          747.6          507.0     83.9    142.6    151.0    167.8 update
_elapsed___errors__ops/sec(inst)___ops/sec(cum)__p50(ms)__p95(ms)__p99(ms)_pMax(ms)
  281.0s      200         3010.5         2028.8      6.0     37.7     44.0     60.8 read
  281.0s      200          770.4          507.9     83.9    142.6    151.0    159.4 update
  282.0s      200         2854.5         2031.7      7.6     41.9     58.7     88.1 read
  282.0s      200          670.9          508.5     88.1    151.0    167.8    318.8 update
  283.0s      200         3206.0         2035.9      6.0     35.7     41.9     52.4 read
  283.0s      200          765.8          509.4     83.9    142.6    142.6    151.0 update
  284.0s      200         3040.4         2039.4      5.5     35.7     39.8     46.1 read
  284.0s      200          790.4          510.4     83.9    134.2    142.6    151.0 update
  285.0s      200         2501.9         2041.0      9.4     46.1     56.6     79.7 read
  285.0s      200          648.0          510.9     92.3    151.0    167.8    176.2 update
  286.0s      200         2633.3         2043.1      8.9     46.1     58.7     79.7 read
  286.0s      200          651.1          511.4     92.3    151.0    167.8    184.5 update
  287.0s      200         3175.5         2047.0      6.6     37.7     46.1     65.0 read
  287.0s      200          729.2          512.1     88.1    142.6    151.0    159.4 update
  288.0s      200         3134.5         2050.8      6.3     37.7     41.9     52.4 read
  288.0s      200          749.6          513.0     88.1    142.6    151.0    151.0 update
  289.0s      200         3162.2         2054.7      6.3     37.7     41.9     50.3 read
  289.0s      200          746.8          513.8     83.9    134.2    142.6    151.0 update
  290.0s      200         3075.6         2058.2      6.0     35.7     44.0     52.4 read
  290.0s      200          760.9          514.6     83.9    142.6    142.6    167.8 update
_elapsed___errors__ops/sec(inst)___ops/sec(cum)__p50(ms)__p95(ms)__p99(ms)_pMax(ms)
  291.0s      200         3128.2         2061.8      6.6     37.7     46.1     71.3 read
  291.0s      200          708.3          515.3     88.1    142.6    151.0    167.8 update
  292.0s      200         3109.8         2065.4      5.8     35.7     41.9     52.4 read
  292.0s      200          782.9          516.2     83.9    142.6    151.0    159.4 update
  293.0s      200         2808.5         2068.0      7.1     41.9     54.5    184.5 read
  293.0s      200          689.6          516.8     88.1    151.0    201.3    335.5 update
  294.0s      200         3048.5         2071.3      6.3     37.7     44.0     54.5 read
  294.0s      200          777.6          517.7     83.9    142.6    151.0    159.4 update
  295.0s      200         3072.1         2074.7      6.6     37.7     44.0     60.8 read
  295.0s      200          764.8          518.5     88.1    142.6    151.0    167.8 update
  296.0s      200         2905.1         2077.5      6.6     37.7     46.1     65.0 read
  296.0s      200          769.0          519.4     88.1    142.6    151.0    176.2 update
  297.0s      200         3072.8         2080.9      6.0     35.7     41.9     52.4 read
  297.0s      200          789.2          520.3     83.9    142.6    142.6    151.0 update
  298.0s      200         3062.8         2084.2      6.0     35.7     44.0     50.3 read
  298.0s      200          790.9          521.2     83.9    142.6    151.0    159.4 update
  299.0s      200         3094.2         2087.5      5.8     35.7     41.9     58.7 read
  299.0s      200          792.1          522.1     83.9    142.6    151.0    167.8 update
  300.0s      200         3087.2         2090.9      6.6     37.7     44.0     60.8 read
  300.0s      200          755.1          522.9     88.1    142.6    151.0    159.4 update
_elapsed___errors__ops/sec(inst)___ops/sec(cum)__p50(ms)__p95(ms)__p99(ms)_pMax(ms)
  301.0s      200         3075.7         2094.1      6.6     37.7     46.1     58.7 read
  301.0s      200          750.4          523.6     88.1    142.6    151.0    176.2 update
  302.0s      200         3053.1         2097.3      6.0     39.8     50.3     75.5 read
  302.0s      200          776.3          524.5     83.9    142.6    159.4    176.2 update
  303.0s      200         3070.9         2100.5      6.0     37.7     48.2     65.0 read
  303.0s      200          760.2          525.2     88.1    142.6    151.0    167.8 update
  304.0s      200         2661.3         2102.4      6.8     48.2     71.3    142.6 read
  304.0s      200          662.1          525.7     96.5    142.6    151.0    192.9 update
  305.0s      200         2608.5         2104.0      6.6     41.9     60.8    100.7 read
  305.0s      200          660.6          526.1     92.3    151.0    167.8    184.5 update
  306.0s      200         2679.5         2105.9      6.8     41.9     54.5     75.5 read
  306.0s      200          738.1          526.8     92.3    159.4    176.2    192.9 update
  307.0s      200         2764.3         2108.1      7.3     44.0     54.5     79.7 read
  307.0s      200          696.1          527.4     92.3    151.0    159.4    176.2 update
  308.0s      200         2798.1         2110.3      6.6     41.9     54.5     79.7 read
  308.0s      200          702.0          528.0     92.3    151.0    167.8    192.9 update
  309.0s      200         2786.6         2112.5      6.3     39.8     54.5     71.3 read
  309.0s      200          705.9          528.5     92.3    151.0    159.4    167.8 update
  310.0s      200         2783.4         2114.6      6.8     44.0     54.5     79.7 read
  310.0s      200          684.8          529.0     92.3    151.0    159.4    176.2 update
_elapsed___errors__ops/sec(inst)___ops/sec(cum)__p50(ms)__p95(ms)__p99(ms)_pMax(ms)
  311.0s      200         2843.7         2117.0      7.1     44.0     56.6     92.3 read
  311.0s      200          665.4          529.5     96.5    151.0    167.8    184.5 update
  312.0s      200         2869.7         2119.4      6.8     41.9     54.5     75.5 read
  312.0s      200          685.7          530.0     92.3    151.0    167.8    176.2 update
  313.0s      200         2895.9         2121.9      6.8     41.9     52.4     67.1 read
  313.0s      200          709.2          530.5     92.3    151.0    159.4    184.5 update
  314.0s      200         2903.2         2124.4      7.1     41.9     56.6     71.3 read
  314.0s      200          689.8          531.1     92.3    151.0    159.4    159.4 update
  315.0s      200         2839.0         2126.6      6.3     39.8     52.4     65.0 read
  315.0s      200          719.0          531.6     92.3    151.0    159.4    167.8 update
  316.0s      200         2810.8         2128.8      7.1     41.9     54.5    100.7 read
  316.0s      200          690.2          532.1     92.3    151.0    176.2    192.9 update
  317.0s      200         2597.5         2130.3      9.4     48.2     62.9    100.7 read
  317.0s      200          610.9          532.4    100.7    159.4    184.5    201.3 update
  318.0s      200         2762.7         2132.3      6.3     41.9     52.4     71.3 read
  318.0s      200          740.2          533.1     92.3    142.6    159.4    176.2 update
  319.0s      200         2959.0         2134.9      6.8     41.9     54.5     79.7 read
  319.0s      200          682.0          533.5     92.3    151.0    167.8    176.2 update
  320.0s      200         2792.1         2136.9      6.8     41.9     54.5     71.3 read
  320.0s      200          698.8          534.0     92.3    151.0    159.4    184.5 update
_elapsed___errors__ops/sec(inst)___ops/sec(cum)__p50(ms)__p95(ms)__p99(ms)_pMax(ms)
  321.0s      200         2818.2         2139.0      6.8     44.0     56.6     67.1 read
  321.0s      200          693.1          534.5     92.3    151.0    167.8    176.2 update
  322.0s      200         2804.6         2141.1      6.3     41.9     50.3     58.7 read
  322.0s      200          739.9          535.2     88.1    142.6    159.4    167.8 update
  323.0s      200         2841.7         2143.3      7.1     44.0     52.4     67.1 read
  323.0s      200          686.9          535.6     92.3    151.0    159.4    184.5 update
  324.0s      200         2866.4         2145.5      6.6     41.9     52.4     71.3 read
  324.0s      200          720.4          536.2     92.3    151.0    167.8    176.2 update
  325.0s      200         2795.7         2147.5      6.6     41.9     52.4     62.9 read
  325.0s      200          724.9          536.8     92.3    142.6    159.4    176.2 update
  326.0s      200         2848.1         2149.7      7.1     41.9     54.5     79.7 read
  326.0s      200          687.8          537.3     92.3    151.0    159.4    176.2 update
  327.0s      200         2849.1         2151.8      7.1     41.9     54.5     92.3 read
  327.0s      200          694.3          537.7     92.3    151.0    167.8    184.5 update
  328.0s      200         2424.9         2152.6     11.0     48.2     62.9     79.7 read
  328.0s      200          594.0          537.9    100.7    159.4    167.8    201.3 update
  329.0s      200         2206.7         2152.8     11.0     50.3     71.3     92.3 read
  329.0s      200          617.6          538.1    100.7    167.8    192.9    209.7 update
  330.0s      200         3037.1         2155.5      6.6     35.7     44.0     58.7 read
  330.0s      200          773.5          538.9     88.1    142.6    151.0    159.4 update
_elapsed___errors__ops/sec(inst)___ops/sec(cum)__p50(ms)__p95(ms)__p99(ms)_pMax(ms)
  331.0s      200         2887.2         2157.7      6.3     35.7     48.2    184.5 read
  331.0s      200          760.8          539.5     88.1    142.6    260.0    536.9 update
  332.0s      200         3044.4         2160.4      7.1     35.7     44.0     58.7 read
  332.0s      200          783.6          540.3     88.1    142.6    151.0    159.4 update
  333.0s      200         3122.5         2163.2      6.6     35.7     44.0     58.7 read
  333.0s      200          782.6          541.0     88.1    142.6    151.0    151.0 update
  334.0s      200         2818.8         2165.2      8.1     37.7     50.3    192.9 read
  334.0s      200          737.7          541.6     92.3    142.6    159.4    369.1 update
  335.0s      200         2863.8         2167.3      7.9     37.7     50.3     83.9 read
  335.0s      200          749.2          542.2     92.3    142.6    159.4    176.2 update
  336.0s      200         2999.9         2169.8      6.8     35.7     44.0     58.7 read
  336.0s      200          779.0          542.9     88.1    142.6    159.4    176.2 update
  337.0s      200         3135.3         2172.6      7.3     35.7     46.1     56.6 read
  337.0s      200          748.1          543.5     88.1    142.6    151.0    159.4 update
  338.0s      200         3180.3         2175.6      7.1     35.7     44.0     58.7 read
  338.0s      200          760.1          544.2     88.1    142.6    151.0    167.8 update
  339.0s      200         3032.3         2178.1      7.1     35.7     46.1     62.9 read
  339.0s      200          755.6          544.8     88.1    142.6    151.0    167.8 update
  340.0s      200         2806.8         2180.0      7.9     39.8     52.4     96.5 read
  340.0s      200          724.2          545.3     88.1    142.6    151.0    184.5 update
_elapsed___errors__ops/sec(inst)___ops/sec(cum)__p50(ms)__p95(ms)__p99(ms)_pMax(ms)
  341.0s      200         3003.8         2182.4      7.9     35.7     56.6     71.3 read
  341.0s      200          715.2          545.8     92.3    142.6    167.8    209.7 update
  342.0s      200         3036.9         2184.9      7.1     29.4     46.1    218.1 read
  342.0s      200          775.7          546.5     88.1    134.2    151.0    536.9 update
  343.0s      200         3125.8         2187.6      7.1     29.4     46.1     79.7 read
  343.0s      200          782.7          547.2     92.3    130.0    159.4    167.8 update
  344.0s      200         3110.2         2190.3      8.1     23.1     44.0    184.5 read
  344.0s      200          749.5          547.8     92.3    104.9    151.0    385.9 update
  345.0s      200         3020.7         2192.7      8.1     22.0     44.0     65.0 read
  345.0s      200          750.7          548.3     92.3    130.0    151.0    167.8 update
  346.0s      200         2982.2         2195.0     10.0     24.1     41.9    176.2 read
  346.0s      200          699.3          548.8     96.5    121.6    167.8    402.7 update
  347.0s      200         3075.3         2197.6      8.9     23.1     35.7     75.5 read
  347.0s      200          734.1          549.3     96.5    109.1    142.6    176.2 update
  348.0s      200         2994.1         2199.8      8.9     21.0     35.7     54.5 read
  348.0s      200          759.8          549.9     92.3    109.1    142.6    151.0 update
  349.0s      200         3018.4         2202.2      8.1     19.9     30.4     58.7 read
  349.0s      200          790.1          550.6     92.3    104.9    142.6    176.2 update
  350.0s      200         3070.8         2204.7      8.4     22.0     41.9     75.5 read
  350.0s      200          725.9          551.1     96.5    113.2    151.0    176.2 update
_elapsed___errors__ops/sec(inst)___ops/sec(cum)__p50(ms)__p95(ms)__p99(ms)_pMax(ms)
  351.0s      200         2992.9         2206.9      9.4     23.1     39.8     75.5 read
  351.0s      200          742.0          551.6     96.5    117.4    134.2    302.0 update
  352.0s      200         2769.7         2208.5     11.0     32.5     48.2     83.9 read
  352.0s      200          647.9          551.9    100.7    125.8    151.0    201.3 update
  353.0s      200         2839.0         2210.3     11.5     25.2     33.6     79.7 read
  353.0s      200          726.2          552.4     88.1    109.1    134.2    192.9 update
  354.0s      200         2912.8         2212.3     12.6     26.2     33.6     50.3 read
  354.0s      200          696.7          552.8     88.1    100.7    121.6    159.4 update
  355.0s      200         2875.9         2214.2     12.6     26.2     35.7     67.1 read
  355.0s      200          693.2          553.2     88.1    104.9    134.2    159.4 update
  356.0s      200         2885.6         2216.0     11.5     26.2     35.7     50.3 read
  356.0s      200          706.1          553.6     88.1    113.2    134.2    151.0 update
  357.0s      200         2769.5         2217.6     13.1     27.3     37.7    159.4 read
  357.0s      200          693.4          554.0     88.1    100.7    109.1    159.4 update
  358.0s      200         2830.8         2219.3     12.1     24.1     29.4     44.0 read
  358.0s      200          745.5          554.6     88.1    100.7    109.1    117.4 update
  359.0s      200         2681.8         2220.6     10.0     27.3     37.7     54.5 read
  359.0s      200          637.2          554.8    104.9    167.8    176.2    184.5 update
  360.0s      200         2707.1         2221.9     10.0     29.4     37.7     65.0 read
  360.0s      200          662.8          555.1    104.9    134.2    151.0    151.0 update
_elapsed___errors__ops/sec(inst)___ops/sec(cum)__p50(ms)__p95(ms)__p99(ms)_pMax(ms)
  361.0s      200         2590.6         2223.0      8.9     25.2     33.6     52.4 read
  361.0s      200          713.9          555.5    100.7    125.8    134.2    167.8 update
  362.0s      200         2956.7         2225.0      9.4     23.1     32.5     48.2 read
  362.0s      200          757.9          556.1     92.3    109.1    117.4    125.8 update
  363.0s      200         2837.0         2226.7     13.1     26.2     31.5     41.9 read
  363.0s      200          701.3          556.5     88.1    100.7    104.9    113.2 update
  364.0s      200         2602.1         2227.7     13.6     31.5     44.0     71.3 read
  364.0s      200          656.0          556.8     92.3    121.6    142.6    260.0 update
  365.0s      200         2637.7         2228.8     10.0     31.5     50.3    117.4 read
  365.0s      200          618.9          556.9    104.9    142.6    184.5    201.3 update
  366.0s      200         2670.1         2230.0     11.5     28.3     37.7     58.7 read
  366.0s      200          630.0          557.1    109.1    130.0    134.2    159.4 update
  367.0s      200         2632.2         2231.1      9.4     29.4     44.0     62.9 read
  367.0s      200          684.1          557.5    104.9    130.0    151.0    167.8 update
  368.0s      200         2685.3         2232.4     10.0     31.5     44.0     83.9 read
  368.0s      200          630.1          557.7    104.9    130.0    151.0    159.4 update
  369.0s      200         2716.4         2233.7      9.4     27.3     35.7     54.5 read
  369.0s      200          697.8          558.1    104.9    130.0    151.0    151.0 update
  370.0s      200         2607.5         2234.7     10.0     28.3     41.9     54.5 read
  370.0s      200          668.1          558.4    104.9    130.0    142.6    167.8 update
_elapsed___errors__ops/sec(inst)___ops/sec(cum)__p50(ms)__p95(ms)__p99(ms)_pMax(ms)
  371.0s      200         2338.9         2235.0     14.7     31.5     41.9     60.8 read
  371.0s      200          577.0          558.4    109.1    142.6    192.9    234.9 update
  372.0s      200         2691.4         2236.2     11.5     28.3     33.6     52.4 read
  372.0s      200          678.1          558.7     96.5    121.6    130.0    192.9 update
  373.0s      200         2963.9         2238.1      9.4     23.1     29.4     46.1 read
  373.0s      200          747.5          559.2     92.3    109.1    117.4    121.6 update
  374.0s      200         2601.5         2239.1     14.7     30.4     39.8     56.6 read
  374.0s      200          689.4          559.6     88.1    100.7    104.9    109.1 update
  375.0s      200         2760.9         2240.5     13.1     26.2     33.6     46.1 read
  375.0s      200          713.7          560.0     88.1    100.7    113.2    117.4 update
  376.0s      200         2803.6         2242.0     13.1     27.3     33.6     50.3 read
  376.0s      200          697.9          560.4     88.1    109.1    117.4    130.0 update
  377.0s      200         2715.9         2243.3     13.6     33.6     46.1    201.3 read
  377.0s      200          615.2          560.5     92.3    125.8    151.0    159.4 update
  378.0s      200         2877.0         2244.9     11.5     23.1     28.3     41.9 read
  378.0s      200          726.0          561.0     92.3    113.2    121.6    121.6 update
  379.0s      200         2854.4         2246.6     12.6     25.2     31.5     54.5 read
  379.0s      200          712.1          561.4     88.1    100.7    109.1    117.4 update
  380.0s      200         2925.3         2248.3     13.1     26.2     31.5     44.0 read
  380.0s      200          682.1          561.7     92.3    104.9    117.4    125.8 update
_elapsed___errors__ops/sec(inst)___ops/sec(cum)__p50(ms)__p95(ms)__p99(ms)_pMax(ms)
  381.0s      200         2858.2         2249.9     11.5     25.2     30.4     46.1 read
  381.0s      200          729.1          562.1     88.1    109.1    113.2    130.0 update
  382.0s      200         2882.8         2251.6     12.1     24.1     29.4     46.1 read
  382.0s      200          718.0          562.5     88.1    100.7    109.1    121.6 update
  383.0s      200         2872.5         2253.2     12.1     25.2     29.4     44.0 read
  383.0s      200          743.9          563.0     88.1    100.7    104.9    113.2 update
  384.0s      200         2846.8         2254.8     12.1     25.2     32.5     50.3 read
  384.0s      200          693.9          563.3     92.3    134.2    176.2    184.5 update
  385.0s      200         2277.1         2254.8     18.9     39.8     48.2     65.0 read
  385.0s      200          606.0          563.4     92.3    104.9    117.4    130.0 update
  386.0s      200         2223.9         2254.7     21.0     44.0     56.6     79.7 read
  386.0s      200          551.7          563.4     92.3    113.2    121.6    130.0 update
  387.0s      200         2334.7         2254.9     19.9     39.8     50.3     65.0 read
  387.0s      200          562.4          563.4     92.3    104.9    113.2    121.6 update
  388.0s      200         2271.0         2255.0     19.9     39.8     48.2     58.7 read
  388.0s      200          587.0          563.5     92.3    109.1    117.4    302.0 update
  389.0s      200         2153.0         2254.7     21.0     41.9     56.6     71.3 read
  389.0s      200          563.0          563.5     96.5    113.2    117.4    125.8 update
  390.0s      200         2052.2         2254.2     21.0     44.0     58.7     83.9 read
  390.0s      200          559.8          563.5     96.5    117.4    130.0    151.0 update
_elapsed___errors__ops/sec(inst)___ops/sec(cum)__p50(ms)__p95(ms)__p99(ms)_pMax(ms)
  391.0s      200         1875.9         2253.2     22.0     56.6     75.5    100.7 read
  391.0s      200          486.0          563.3    100.7    167.8    176.2    201.3 update
  392.0s      200         2110.6         2252.9     23.1     48.2     60.8     75.5 read
  392.0s      200          526.1          563.2     96.5    113.2    121.6    125.8 update
  393.0s      200         2138.3         2252.6     22.0     46.1     58.7     71.3 read
  393.0s      200          542.6          563.1     96.5    113.2    121.6    125.8 update
  394.0s      200         2147.6         2252.3     23.1     48.2     58.7     79.7 read
  394.0s      200          527.4          563.0     96.5    113.2    121.6    125.8 update
  395.0s      200         2089.9         2251.9     22.0     48.2     58.7     79.7 read
  395.0s      200          522.0          562.9     96.5    142.6    167.8    184.5 update
  396.0s      200         2138.5         2251.6     22.0     46.1     56.6     79.7 read
  396.0s      200          520.9          562.8     96.5    117.4    130.0    142.6 update
  397.0s      200         2156.6         2251.4     22.0     44.0     58.7     83.9 read
  397.0s      200          545.1          562.8     96.5    113.2    117.4    125.8 update
  398.0s      200         2263.1         2251.4     22.0     44.0     52.4     71.3 read
  398.0s      200          535.0          562.7     96.5    113.2    121.6    125.8 update
  399.0s      200         2050.6         2250.9     22.0     46.1     58.7     71.3 read
  399.0s      200          552.9          562.7     96.5    109.1    117.4    121.6 update
  400.0s      200         2160.4         2250.7     22.0     46.1     60.8     83.9 read
  400.0s      200          530.1          562.6     96.5    109.1    117.4    125.8 update
_elapsed___errors__ops/sec(inst)___ops/sec(cum)__p50(ms)__p95(ms)__p99(ms)_pMax(ms)
  401.0s      200         2110.0         2250.3     22.0     46.1     58.7     75.5 read
  401.0s      200          528.0          562.5     96.5    117.4    125.8    142.6 update
  402.0s      200         2027.1         2249.8     21.0     46.1     88.1    117.4 read
  402.0s      200          474.0          562.3    104.9    176.2    201.3    209.7 update
  403.0s      200         1505.9         2247.9     23.1    100.7    125.8    167.8 read
  403.0s      200          397.7          561.9    109.1    209.7    243.3    260.0 update
  404.0s      200         1594.6         2246.3     23.1     83.9    109.1    134.2 read
  404.0s      200          383.2          561.4    134.2    201.3    226.5    234.9 update
  405.0s      200         1445.6         2244.3     24.1     88.1    113.2    159.4 read
  405.0s      200          374.9          561.0    159.4    234.9    251.7    260.0 update
  406.0s      200         1472.0         2242.4     29.4     96.5    125.8    159.4 read
  406.0s      200          366.2          560.5    125.8    184.5    209.7    352.3 update
  407.0s      200         1654.6         2241.0     24.1     92.3    125.8    159.4 read
  407.0s      200          397.9          560.1    104.9    167.8    192.9    218.1 update
  408.0s      200         1327.3         2238.7     33.6    109.1    151.0    184.5 read
  408.0s      200          336.8          559.6    125.8    201.3    218.1    226.5 update
  409.0s      200         1647.9         2237.3     29.4     92.3    125.8    151.0 read
  409.0s      200          395.2          559.1    109.1    176.2    201.3    209.7 update
  410.0s      200         1659.0         2235.9     25.2     83.9    134.2    167.8 read
  410.0s      200          389.0          558.7    109.1    192.9    209.7    218.1 update
_elapsed___errors__ops/sec(inst)___ops/sec(cum)__p50(ms)__p95(ms)__p99(ms)_pMax(ms)
  411.0s      200         1581.1         2234.3     28.3     88.1    117.4    201.3 read
  411.0s      200          374.8          558.3    109.1    184.5    192.9    218.1 update
  412.0s      200         1660.0         2232.9     27.3     75.5     88.1    113.2 read
  412.0s      200          422.3          558.0    100.7    159.4    184.5    209.7 update
  413.0s      200         1720.3         2231.7     28.3     71.3     88.1    125.8 read
  413.0s      200          425.8          557.6    104.9    176.2    201.3    234.9 update
  414.0s      200         1571.9         2230.1     26.2     83.9    159.4    402.7 read
  414.0s      200          377.0          557.2    109.1    176.2    604.0    738.2 update
  415.0s      200         1578.9         2228.5     28.3     83.9    100.7    121.6 read
  415.0s      200          411.0          556.8    109.1    151.0    167.8    176.2 update
  416.0s      200         1456.6         2226.6     31.5     88.1    117.4    142.6 read
  416.0s      200          350.1          556.4    121.6    184.5    209.7    226.5 update
  417.0s      200         1571.9         2225.1     27.3     96.5    125.8    151.0 read
  417.0s      200          401.0          556.0    104.9    184.5    192.9    209.7 update
  418.0s      200         1629.0         2223.6     26.2     92.3    104.9    134.2 read
  418.0s      200          392.0          555.6    104.9    184.5    201.3    209.7 update
  419.0s      200         1617.6         2222.2     25.2     71.3    113.2    352.3 read
  419.0s      200          423.9          555.3    104.9    184.5    209.7    352.3 update
  420.0s      200         1320.5         2220.1     25.2     71.3    130.0    159.4 read
  420.0s      200          370.9          554.8    159.4    285.2    369.1    671.1 update
_elapsed___errors__ops/sec(inst)___ops/sec(cum)__p50(ms)__p95(ms)__p99(ms)_pMax(ms)
  421.0s      200         1368.5         2218.0     24.1     79.7    100.7    117.4 read
  421.0s      200          359.1          554.4    167.8    243.3    285.2    302.0 update
  422.0s      200         1493.5         2216.3     28.3     79.7    104.9    125.8 read
  422.0s      200          372.1          553.9    130.0    192.9    209.7    243.3 update
  423.0s      200         1548.1         2214.7     26.2     71.3    100.7    125.8 read
  423.0s      200          444.0          553.7    113.2    184.5    201.3    209.7 update
  424.0s      200         1418.5         2212.9     35.7     92.3    113.2    142.6 read
  424.0s      200          344.9          553.2    142.6    184.5    201.3    251.7 update
  425.0s      200         1586.5         2211.4     25.2     65.0     79.7     96.5 read
  425.0s      200          403.9          552.8    130.0    209.7    243.3    268.4 update
  426.0s      200         1512.2         2209.7     27.3     79.7    100.7    130.0 read
  426.0s      200          391.3          552.5    130.0    201.3    226.5    243.3 update
  427.0s      200         1170.0         2207.3     31.5     96.5    109.1    151.0 read
  427.0s      200          295.0          551.9    176.2    243.3    268.4    318.8 update
  428.0s      200         1555.3         2205.8     28.3     83.9    117.4    142.6 read
  428.0s      200          362.8          551.4    130.0    209.7    234.9    260.0 update
  429.0s      200         1419.0         2204.0     30.4     88.1    117.4    159.4 read
  429.0s      200          344.0          550.9    151.0    201.3    226.5    251.7 update
  430.0s      200         1768.9         2202.9     27.3     54.5     75.5     96.5 read
  430.0s      200          412.2          550.6    121.6    192.9    226.5    243.3 update
_elapsed___errors__ops/sec(inst)___ops/sec(cum)__p50(ms)__p95(ms)__p99(ms)_pMax(ms)
  431.0s      200         1803.5         2202.0     26.2     56.6     71.3    100.7 read
  431.0s      200          452.9          550.4    104.9    159.4    167.8    192.9 update
  432.0s      200         1869.9         2201.2     24.1     52.4     71.3     83.9 read
  432.0s      200          499.0          550.3    100.7    134.2    151.0    159.4 update
  433.0s      200         1825.0         2200.4     25.2     56.6     71.3     92.3 read
  433.0s      200          460.0          550.0    104.9    151.0    167.8    201.3 update
  434.0s      200         1837.4         2199.5     25.2     56.6     71.3     88.1 read
  434.0s      200          460.1          549.8    104.9    142.6    159.4    176.2 update
  435.0s      200         1811.3         2198.6     24.1     52.4     67.1     83.9 read
  435.0s      200          524.8          549.8     96.5    125.8    142.6    151.0 update
  436.0s      200         1924.6         2198.0     25.2     54.5     75.5     92.3 read
  436.0s      200          445.1          549.5    100.7    134.2    151.0    159.4 update
  437.0s      200         1905.3         2197.3     23.1     48.2     60.8     88.1 read
  437.0s      200          496.1          549.4    100.7    159.4    176.2    184.5 update
  438.0s      200         1919.5         2196.7     22.0     46.1     60.8     96.5 read
  438.0s      200          458.9          549.2    100.7    184.5    218.1    234.9 update
  439.0s      200         2036.4         2196.3     22.0     46.1     60.8     83.9 read
  439.0s      200          542.1          549.2     96.5    167.8    184.5    201.3 update
  440.0s      200         2011.0         2195.9     23.1     48.2     58.7    209.7 read
  440.0s      200          524.0          549.1     96.5    113.2    130.0    486.5 update
_elapsed___errors__ops/sec(inst)___ops/sec(cum)__p50(ms)__p95(ms)__p99(ms)_pMax(ms)
  441.0s      200         2091.8         2195.7     22.0     48.2     60.8    201.3 read
  441.0s      200          480.9          549.0     96.5    130.0    151.0    486.5 update
  442.0s      200         1883.8         2195.0     25.2     58.7     79.7    117.4 read
  442.0s      200          453.0          548.8    100.7    159.4    167.8    209.7 update
  443.0s      200         2020.4         2194.6     22.0     48.2     65.0    218.1 read
  443.0s      200          528.1          548.7     96.5    121.6    151.0    268.4 update
  444.0s      200         2032.5         2194.2     23.1     48.2     62.9     83.9 read
  444.0s      200          478.1          548.6     96.5    113.2    121.6    125.8 update
  445.0s      200         1986.0         2193.8     22.0     46.1     60.8    184.5 read
  445.0s      200          472.0          548.4    104.9    151.0    260.0    604.0 update
  446.0s      200         1889.7         2193.1     24.1     48.2     62.9     88.1 read
  446.0s      200          473.9          548.2    104.9    167.8    184.5    201.3 update
  447.0s      200         1816.6         2192.2     25.2     52.4     67.1     96.5 read
  447.0s      200          466.9          548.0    104.9    151.0    167.8    184.5 update
  448.0s      200         1570.3         2190.8     24.1     50.3     65.0     79.7 read
  448.0s      200          406.8          547.7    125.8    318.8    335.5    352.3 update
  449.0s      200         1733.2         2189.8     24.1     54.5     67.1     92.3 read
  449.0s      200          426.3          547.5    117.4    167.8    184.5    209.7 update
  450.0s      200         1661.6         2188.7     24.1     50.3     62.9     79.7 read
  450.0s      200          396.9          547.1    142.6    201.3    234.9    251.7 update
_elapsed___errors__ops/sec(inst)___ops/sec(cum)__p50(ms)__p95(ms)__p99(ms)_pMax(ms)
  451.0s      200         1706.2         2187.6     26.2     56.6     67.1     92.3 read
  451.0s      200          467.0          546.9    117.4    176.2    209.7    243.3 update
  452.0s      200         1839.9         2186.8     22.0     48.2     58.7     83.9 read
  452.0s      200          504.7          546.9    109.1    167.8    184.5    201.3 update
  453.0s      200         1971.2         2186.3     22.0     52.4     62.9     83.9 read
  453.0s      200          466.3          546.7    104.9    159.4    167.8    192.9 update
  454.0s      200         1977.3         2185.9     23.1     50.3     65.0     83.9 read
  454.0s      200          461.1          546.5    100.7    151.0    176.2    184.5 update
  455.0s      200         1839.3         2185.1     23.1     56.6     67.1     96.5 read
  455.0s      200          460.8          546.3    109.1    142.6    159.4    176.2 update
  456.0s      200         1736.6         2184.1     25.2     58.7     71.3     92.3 read
  456.0s      200          467.2          546.1    109.1    142.6    167.8    176.2 update
  457.0s      200         2001.2         2183.7     24.1     54.5     65.0    100.7 read
  457.0s      200          484.8          546.0     96.5    113.2    125.8    134.2 update
  458.0s      200         1818.5         2182.9     24.1     60.8     79.7    113.2 read
  458.0s      200          457.1          545.8    100.7    159.4    184.5    218.1 update
  459.0s      200         2067.3         2182.7     23.1     56.6     65.0     83.9 read
  459.0s      200          491.8          545.7     96.5    113.2    121.6    130.0 update
  460.0s      200         2131.6         2182.6     22.0     48.2     62.9     92.3 read
  460.0s      200          504.9          545.6     92.3    113.2    130.0    167.8 update
_elapsed___errors__ops/sec(inst)___ops/sec(cum)__p50(ms)__p95(ms)__p99(ms)_pMax(ms)
  461.0s      200         2081.8         2182.4     22.0     46.1     62.9    318.8 read
  461.0s      200          510.0          545.5     92.3    117.4    285.2    385.9 update
  462.0s      200         2058.6         2182.1     22.0     48.2     62.9     88.1 read
  462.0s      200          511.4          545.4     96.5    113.2    121.6    486.5 update
  463.0s      200         2085.1         2181.9     23.1     50.3     65.0     79.7 read
  463.0s      200          515.8          545.4     96.5    109.1    117.4    125.8 update
  464.0s      200         2144.9         2181.8     21.0     46.1     60.8    184.5 read
  464.0s      200          530.2          545.3     92.3    113.2    226.5    503.3 update
  465.0s      200         2048.7         2181.5     23.1     50.3     62.9     88.1 read
  465.0s      200          534.9          545.3     96.5    113.2    121.6    134.2 update
  466.0s      200         2031.1         2181.2     22.0     48.2     62.9     75.5 read
  466.0s      200          519.0          545.3     96.5    117.4    125.8    142.6 update
  467.0s      200         2013.0         2180.8     24.1     52.4     71.3     79.7 read
  467.0s      200          488.7          545.1     96.5    117.4    130.0    142.6 update
  468.0s      200         2075.2         2180.6     22.0     46.1     60.8    192.9 read
  468.0s      200          544.3          545.1     92.3    109.1    121.6    130.0 update
  469.0s      200         2014.6         2180.2     23.1     48.2     67.1     79.7 read
  469.0s      200          519.9          545.1     96.5    113.2    130.0    469.8 update
  470.0s      200         2018.3         2179.9     24.1     50.3     65.0     75.5 read
  470.0s      200          481.8          545.0     96.5    117.4    121.6    130.0 update
_elapsed___errors__ops/sec(inst)___ops/sec(cum)__p50(ms)__p95(ms)__p99(ms)_pMax(ms)
  471.0s      200         2003.4         2179.5     24.1     52.4     71.3     79.7 read
  471.0s      200          515.1          544.9     96.5    117.4    134.2    151.0 update
  472.0s      200         1972.9         2179.1     24.1     50.3     71.3     92.3 read
  472.0s      200          513.2          544.8     96.5    117.4    125.8    134.2 update
  473.0s      200         1993.6         2178.7     24.1     50.3     67.1     92.3 read
  473.0s      200          469.9          544.7     96.5    117.4    130.0    142.6 update
  474.0s      200         1977.0         2178.3     24.1     50.3     67.1     96.5 read
  474.0s      200          524.7          544.6     96.5    117.4    125.8    142.6 update
  475.0s      200         2030.3         2178.0     23.1     46.1     62.9     96.5 read
  475.0s      200          528.1          544.6     96.5    113.2    117.4    125.8 update
  476.0s      200         1685.2         2176.9     26.2     60.8     79.7    104.9 read
  476.0s      200          459.1          544.4    109.1    151.0    167.8    184.5 update
  477.0s      200         2101.0         2176.8     21.0     44.0     58.7     71.3 read
  477.0s      200          536.8          544.4     96.5    151.0    184.5    209.7 update
  478.0s      200         2141.3         2176.7     22.0     46.1     62.9     79.7 read
  478.0s      200          507.3          544.3     96.5    109.1    117.4    130.0 update
  479.0s      200         2127.5         2176.6     22.0     44.0     58.7     75.5 read
  479.0s      200          518.1          544.3     96.5    130.0    151.0    176.2 update
  480.0s      200         2068.2         2176.4     21.0     41.9     52.4     75.5 read
  480.0s      200          546.8          544.3     96.5    142.6    159.4    192.9 update
_elapsed___errors__ops/sec(inst)___ops/sec(cum)__p50(ms)__p95(ms)__p99(ms)_pMax(ms)
  481.0s      200         1971.1         2175.9     19.9     41.9     54.5     79.7 read
  481.0s      200          494.0          544.2    117.4    176.2    201.3    209.7 update
  482.0s      200         2046.8         2175.7     22.0     50.3     65.0    218.1 read
  482.0s      200          556.0          544.2     92.3    109.1    121.6    486.5 update
  483.0s      200         1969.3         2175.2     23.1     52.4     67.1     83.9 read
  483.0s      200          481.1          544.1     96.5    159.4    184.5    192.9 update
  484.0s      200         1967.5         2174.8     22.0     46.1     60.8     79.7 read
  484.0s      200          536.1          544.0     96.5    142.6    167.8    184.5 update
  485.0s      200         2106.6         2174.7     22.0     48.2     62.9    260.0 read
  485.0s      200          481.7          543.9     96.5    130.0    218.1    469.8 update
  486.0s      200         2007.5         2174.3     23.1     50.3     62.9     96.5 read
  486.0s      200          489.1          543.8     96.5    121.6    130.0    151.0 update
  487.0s      200         1977.4         2173.9     23.1     48.2     65.0     75.5 read
  487.0s      200          469.1          543.6    100.7    142.6    159.4    260.0 update
  488.0s      200         1958.0         2173.5     22.0     46.1     60.8     83.9 read
  488.0s      200          487.0          543.5    104.9    184.5    209.7    218.1 update
  489.0s      200         1910.1         2172.9     24.1     52.4     67.1     88.1 read
  489.0s      200          464.8          543.4    104.9    142.6    176.2    192.9 update
  490.0s      200         1888.4         2172.4     23.1     52.4     65.0     88.1 read
  490.0s      200          456.1          543.2    104.9    184.5    209.7    218.1 update
_elapsed___errors__ops/sec(inst)___ops/sec(cum)__p50(ms)__p95(ms)__p99(ms)_pMax(ms)
  491.0s      200         1972.9         2172.0     25.2     58.7     71.3     79.7 read
  491.0s      200          458.0          543.0    100.7    125.8    134.2    142.6 update
  492.0s      200         1864.1         2171.3     24.1     54.5     71.3    100.7 read
  492.0s      200          503.7          542.9     96.5    134.2    167.8    201.3 update
  493.0s      200         1799.8         2170.6     25.2     60.8     79.7    184.5 read
  493.0s      200          437.4          542.7    100.7    159.4    184.5    201.3 update
  494.0s      200         1764.8         2169.8     25.2     56.6     67.1     88.1 read
  494.0s      200          474.9          542.6    104.9    167.8    192.9    201.3 update
  495.0s      200         1879.9         2169.2     22.0     48.2     60.8     71.3 read
  495.0s      200          491.0          542.5    104.9    142.6    151.0    159.4 update
  496.0s      200         1988.9         2168.8     22.0     46.1     58.7    260.0 read
  496.0s      200          499.0          542.4    100.7    134.2    151.0    570.4 update
  497.0s      200         2032.2         2168.5     21.0     48.2     58.7     92.3 read
  497.0s      200          480.8          542.3    109.1    159.4    184.5    436.2 update
  498.0s      200         1772.1         2167.7     25.2     58.7     65.0     92.3 read
  498.0s      200          462.0          542.1    109.1    151.0    167.8    671.1 update
  499.0s      200         1758.9         2166.9     25.2     62.9     71.3     92.3 read
  499.0s      200          427.2          541.9    100.7    167.8    192.9    209.7 update
  500.0s      200         1828.9         2166.2     24.1     58.7     75.5    302.0 read
  500.0s      200          470.0          541.7    100.7    159.4    176.2    318.8 update
_elapsed___errors__ops/sec(inst)___ops/sec(cum)__p50(ms)__p95(ms)__p99(ms)_pMax(ms)
  501.0s      200         1819.0         2165.5     26.2     65.0     79.7    117.4 read
  501.0s      200          452.0          541.6     96.5    121.6    130.0    142.6 update
  502.0s      200         1937.9         2165.1     23.1     58.7     67.1    251.7 read
  502.0s      200          497.7          541.5     96.5    113.2    121.6    486.5 update
  503.0s      200         1201.8         2163.2     32.5    134.2    176.2    268.4 read
  503.0s      200          260.9          540.9    100.7    218.1    226.5    234.9 update
  504.0s      200         1343.3         2161.6     35.7    113.2    243.3    369.1 read
  504.0s      200          348.1          540.5    117.4    453.0    469.8    503.3 update
  505.0s      200         1461.3         2160.2     33.6     96.5    117.4    142.6 read
  505.0s      200          350.1          540.1    125.8    192.9    209.7    260.0 update
  506.0s      200         1494.0         2158.8     31.5     96.5    125.8    167.8 read
  506.0s      200          367.0          539.8    113.2    184.5    192.9    209.7 update
  507.0s      200         1379.4         2157.3     29.4     96.5    117.4    151.0 read
  507.0s      200          366.1          539.5    130.0    201.3    226.5    243.3 update
  508.0s      200         1521.6         2156.1     26.2     92.3    109.1    142.6 read
  508.0s      200          386.9          539.2    113.2    192.9    201.3    209.7 update
  509.0s      200         1316.9         2154.4     30.4    113.2    151.0    243.3 read
  509.0s      200          357.0          538.8    130.0    209.7    243.3    243.3 update
  510.0s      200         1482.5         2153.1     37.7     92.3    113.2    125.8 read
  510.0s      200          339.1          538.4    121.6    184.5    201.3    209.7 update
_elapsed___errors__ops/sec(inst)___ops/sec(cum)__p50(ms)__p95(ms)__p99(ms)_pMax(ms)
  511.0s      200         1346.1         2151.5     39.8    104.9    121.6    167.8 read
  511.0s      200          325.0          538.0    142.6    218.1    234.9    243.3 update
  512.0s      200         1340.7         2149.9     41.9    100.7    125.8    176.2 read
  512.0s      200          325.9          537.6    125.8    192.9    218.1    234.9 update
  513.0s      200         1519.0         2148.7     35.7     96.5    151.0    201.3 read
  513.0s      200          363.7          537.2    113.2    192.9    226.5    268.4 update
  514.0s      200         1677.2         2147.8     35.7     75.5    100.7    184.5 read
  514.0s      200          417.3          537.0     96.5    142.6    151.0    243.3 update
  515.0s      200         1654.1         2146.8     30.4     71.3     96.5    142.6 read
  515.0s      200          412.0          536.8    100.7    192.9    243.3    251.7 update
  516.0s      200         1480.1         2145.5     35.7    100.7    117.4    159.4 read
  516.0s      200          358.0          536.4    113.2    184.5    201.3    226.5 update
  517.0s      200         1538.5         2144.4     29.4     79.7    100.7    117.4 read
  517.0s      200          395.9          536.1    125.8    184.5    201.3    201.3 update
  518.0s      200         1689.3         2143.5     26.2     71.3    117.4    260.0 read
  518.0s      200          354.1          535.8    125.8    218.1    234.9    352.3 update
  519.0s      200         1298.5         2141.9     33.6    109.1    125.8    201.3 read
  519.0s      200          366.9          535.5    125.8    192.9    201.3    226.5 update
  520.0s      200         1404.7         2140.4     35.7    100.7    134.2    167.8 read
  520.0s      200          325.2          535.1    125.8    192.9    209.7    234.9 update
_elapsed___errors__ops/sec(inst)___ops/sec(cum)__p50(ms)__p95(ms)__p99(ms)_pMax(ms)
  521.0s      200         1416.0         2139.0     31.5    109.1    130.0    151.0 read
  521.0s      200          394.0          534.8    117.4    184.5    209.7    226.5 update
  522.0s      200         1631.7         2138.1     26.2     88.1    104.9    125.8 read
  522.0s      200          407.9          534.6    109.1    159.4    176.2    184.5 update
  523.0s      200         1603.9         2137.0     27.3     71.3     96.5    176.2 read
  523.0s      200          447.0          534.4    113.2    176.2    184.5    251.7 update
  524.0s      200         1640.2         2136.1     28.3     83.9    104.9    201.3 read
  524.0s      200          379.8          534.1    113.2    176.2    192.9    209.7 update
  525.0s      200         1515.1         2134.9     32.5     96.5    117.4    167.8 read
  525.0s      200          393.3          533.8    109.1    176.2    201.3    436.2 update
  526.0s      200         1390.0         2133.5     39.8    104.9    151.0    260.0 read
  526.0s      200          312.0          533.4    121.6    192.9    243.3    486.5 update
  527.0s      200         1589.3         2132.5     28.3     79.7     96.5    117.4 read
  527.0s      200          392.6          533.1    121.6    201.3    226.5    268.4 update
  528.0s      200         1528.6         2131.3     29.4     92.3    117.4    159.4 read
  528.0s      200          399.4          532.9    113.2    192.9    209.7    226.5 update
  529.0s      200         1458.4         2130.1     33.6    100.7    184.5    218.1 read
  529.0s      200          372.9          532.6    104.9    218.1    243.3    260.0 update
  530.0s      200         1504.8         2128.9     31.5     88.1    117.4    151.0 read
  530.0s      200          382.2          532.3    113.2    167.8    184.5    201.3 update
_elapsed___errors__ops/sec(inst)___ops/sec(cum)__p50(ms)__p95(ms)__p99(ms)_pMax(ms)
  531.0s      200         1530.0         2127.7     30.4     96.5    121.6    151.0 read
  531.0s      200          398.0          532.0    104.9    176.2    192.9    192.9 update
  532.0s      200         1466.7         2126.5     33.6    113.2    142.6    176.2 read
  532.0s      200          350.9          531.7    104.9    201.3    218.1    234.9 update
  533.0s      200         1614.0         2125.5     29.4     71.3    117.4    142.6 read
  533.0s      200          425.7          531.5    100.7    167.8    184.5    192.9 update
  534.0s      200         1564.4         2124.5     27.3    100.7    125.8    151.0 read
  534.0s      200          417.4          531.3     96.5    176.2    201.3    243.3 update
  535.0s      200         1532.7         2123.4     31.5    100.7    125.8    134.2 read
  535.0s      200          339.9          530.9    109.1    184.5    201.3    226.5 update
  536.0s      200         1327.7         2121.9     33.6    100.7    159.4    184.5 read
  536.0s      200          371.9          530.6    130.0    226.5    243.3    268.4 update
  537.0s      200         1423.4         2120.6     39.8    104.9    134.2    176.2 read
  537.0s      200          325.9          530.3    134.2    192.9    226.5    243.3 update
  538.0s      200         1468.3         2119.4     32.5     83.9    100.7    134.2 read
  538.0s      200          391.1          530.0    117.4    184.5    209.7    218.1 update
  539.0s      200         1543.9         2118.3     29.4     83.9    113.2    285.2 read
  539.0s      200          401.0          529.8    104.9    184.5    201.3    486.5 update
  540.0s      200         1654.7         2117.5     26.2     75.5    104.9    268.4 read
  540.0s      200          366.1          529.4    109.1    201.3    226.5    243.3 update
_elapsed___errors__ops/sec(inst)___ops/sec(cum)__p50(ms)__p95(ms)__p99(ms)_pMax(ms)
  541.0s      200         1538.6         2116.4     31.5     88.1    109.1    142.6 read
  541.0s      200          385.9          529.2    113.2    167.8    192.9    385.9 update
  542.0s      200         1522.4         2115.3     35.7     92.3    109.1    218.1 read
  542.0s      200          358.1          528.9    121.6    184.5    209.7    302.0 update
  543.0s      200         1559.6         2114.3     32.5     83.9    104.9    125.8 read
  543.0s      200          364.9          528.6    109.1    167.8    184.5    209.7 update
  544.0s      200         1370.2         2112.9     32.5     96.5    113.2    142.6 read
  544.0s      200          330.1          528.2    142.6    226.5    251.7    268.4 update
  545.0s      200         1285.1         2111.4     35.7     96.5    121.6    159.4 read
  545.0s      200          340.0          527.9    130.0    218.1    251.7    260.0 update
  546.0s      200         1486.5         2110.2     33.6     96.5    130.0    142.6 read
  546.0s      200          373.9          527.6    113.2    184.5    201.3    218.1 update
  547.0s      200         1447.4         2109.0     27.3     88.1    113.2    130.0 read
  547.0s      200          342.9          527.2    117.4    251.7    285.2    302.0 update
  548.0s      200         1538.1         2108.0     28.3     71.3    117.4    151.0 read
  548.0s      200          381.3          527.0    134.2    201.3    218.1    218.1 update
  549.0s      200         1472.1         2106.8     22.0    117.4    142.6    352.3 read
  549.0s      200          395.0          526.7    134.2    234.9    251.7    402.7 update
  550.0s      200         1579.9         2105.9     28.3     71.3    100.7    134.2 read
  550.0s      200          394.0          526.5    109.1    209.7    243.3    671.1 update
_elapsed___errors__ops/sec(inst)___ops/sec(cum)__p50(ms)__p95(ms)__p99(ms)_pMax(ms)
  551.0s      200         1490.0         2104.8     35.7     96.5    109.1    134.2 read
  551.0s      200          362.0          526.2    113.2    184.5    201.3    209.7 update
  552.0s      200         1788.9         2104.2     26.2     67.1    109.1    234.9 read
  552.0s      200          462.0          526.1     96.5    167.8    184.5    243.3 update
  553.0s      200         1193.9         2102.5     39.8    130.0    159.4    184.5 read
  553.0s      200          297.0          525.7    134.2    209.7    226.5    453.0 update
  554.0s      200         1599.0         2101.6     37.7     88.1    109.1    125.8 read
  554.0s      200          384.8          525.4    104.9    159.4    167.8    176.2 update
  555.0s      200         1728.6         2101.0     28.3     67.1    100.7    121.6 read
  555.0s      200          443.2          525.3    100.7    151.0    159.4    176.2 update

_elapsed___errors_____ops(total)___ops/sec(cum)__avg(ms)__p50(ms)__p95(ms)__p99(ms)_pMax(ms)__total
  555.0s      200        1166031         2101.0     19.0     16.8     46.1     75.5    402.7  read

_elapsed___errors_____ops(total)___ops/sec(cum)__avg(ms)__p50(ms)__p95(ms)__p99(ms)_pMax(ms)__total
  555.0s      200         291518          525.3    106.5     96.5    167.8    226.5    738.2  update

_elapsed___errors_____ops(total)___ops/sec(cum)__avg(ms)__p50(ms)__p95(ms)__p99(ms)_pMax(ms)__result
  555.0s      200        1457549         2626.2     36.5     25.2    125.8    167.8    738.2  
