I260911 08:14:03.477259 1 workload/cli/run.go:702  [-] 1  random seed: 42
I260911 08:14:03.477401 1 workload/cli/run.go:487  [-] 2  creating load generator...
I260911 08:14:05.283195 1 workload/cli/run.go:536  [-] 3  creating load generator... done (took 1.805793023s)
_elapsed___errors__ops/sec(inst)___ops/sec(cum)__p50(ms)__p95(ms)__p99(ms)_pMax(ms)
    1.0s        0         1372.6         3851.5      1.0      3.8     18.9     29.4 read
    1.0s        0          295.0          827.9     75.5    385.9    385.9    385.9 update
    2.0s        0         4377.9         4114.8      1.0      3.1      4.7      7.6 read
    2.0s        0         1186.0         1006.9     75.5    130.0    167.8    176.2 update
    3.0s        0         4846.2         4358.4      1.0      2.1      4.7      6.3 read
    3.0s        0         1252.8         1088.8     75.5     79.7    113.2    121.6 update
    4.0s        0         5213.6         4572.3      1.0      2.0      2.8      5.0 read
    4.0s        0         1296.1         1140.7     75.5     79.7     79.7     79.7 update
    5.0s        0         4948.3         4647.4      1.0      3.0      4.5      6.0 read
    5.0s        0         1249.1         1162.4     75.5     83.9    121.6    125.8 update
    6.0s        0         5342.8         4763.3      1.0      1.6      2.6      5.5 read
    6.0s        0         1280.9         1182.1     75.5     75.5     79.7     79.7 update
    7.0s        0         5225.5         4829.4      0.9      1.6      2.1      3.8 read
    7.0s        0         1293.1         1198.0     75.5     75.5     75.5     79.7 update
    8.0s        0         4918.9         4840.5      0.9      1.4      1.6      2.9 read
    8.0s        0         1298.0         1210.5     75.5     75.5     75.5     79.7 update
    9.0s        0         4910.2         4848.2      0.9      1.4      1.8      5.8 read
    9.0s        0         1303.0         1220.8     75.5     75.5     79.7     79.7 update
   10.0s        0         5041.4         4867.6      1.0      1.8      3.0      4.7 read
   10.0s        0         1285.1         1227.2     75.5     75.5     79.7     79.7 update
_elapsed___errors__ops/sec(inst)___ops/sec(cum)__p50(ms)__p95(ms)__p99(ms)_pMax(ms)
   11.0s        0         4928.4         4873.1      1.0      2.8      4.7      6.3 read
   11.0s        0         1207.4         1225.4     75.5    109.1    159.4    167.8 update
   12.0s        0         4774.6         4864.9      1.0      3.1      5.5      8.1 read
   12.0s        0         1188.2         1222.3     75.5    125.8    159.4    167.8 update
   13.0s        0         5138.4         4886.0      1.0      2.4      3.5      4.5 read
   13.0s        0         1252.1         1224.6     75.5     79.7    104.9    113.2 update
   14.0s        0         5221.7         4910.0      0.9      1.4      1.8      2.9 read
   14.0s        0         1286.2         1229.0     75.5     79.7     83.9     83.9 update
   15.0s        0         5025.3         4917.6      1.0      2.8      5.0      8.4 read
   15.0s        0         1242.8         1229.9     75.5     83.9    117.4    125.8 update
   16.0s        0         4881.9         4915.4      1.0      2.4      4.7      6.0 read
   16.0s        0         1241.2         1230.6     75.5     83.9    117.4    121.6 update
   17.0s        0         4973.8         4918.8      1.0      1.8      2.5      6.0 read
   17.0s        0         1295.2         1234.4     75.5     79.7     79.7     83.9 update
   18.0s        0         4856.6         4915.4      1.0      2.8      3.5      5.0 read
   18.0s        0         1246.6         1235.1     75.5     83.9    117.4    125.8 update
   19.0s        0         5143.4         4927.4      1.0      3.1      4.5      6.8 read
   19.0s        0         1230.3         1234.8     75.5     88.1    117.4    125.8 update
   20.0s        0         4997.6         4930.9      1.0      2.9      4.7      8.4 read
   20.0s        0         1226.2         1234.4     75.5     83.9    117.4    125.8 update
_elapsed___errors__ops/sec(inst)___ops/sec(cum)__p50(ms)__p95(ms)__p99(ms)_pMax(ms)
   21.0s        0         5174.7         4942.5      1.0      1.6      2.2      3.3 read
   21.0s        0         1303.7         1237.7     75.5     75.5     79.7     83.9 update
   22.0s        0         5073.0         4948.4      1.0      2.6      4.1      5.8 read
   22.0s        0         1232.2         1237.5     75.5     83.9    113.2    125.8 update
   23.0s        0         4685.7         4937.0      1.0      2.2      3.8      6.8 read
   23.0s        0         1249.9         1238.0     75.5     83.9    117.4    125.8 update
   24.0s        0         4864.8         4934.0      1.0      3.5      5.2      7.3 read
   24.0s        0         1211.0         1236.9     75.5    125.8    159.4    167.8 update
   25.0s        0         4824.3         4929.6      1.0      2.8      3.9      5.5 read
   25.0s        0         1235.8         1236.8     75.5     79.7    117.4    121.6 update
   26.0s        0         4789.5         4924.2      1.0      2.8      4.1      7.3 read
   26.0s        0         1232.1         1236.6     75.5     83.9    121.6    130.0 update
   27.0s        0         5063.6         4929.4      1.0      1.6      2.0      3.0 read
   27.0s        0         1296.1         1238.8     75.5     75.5     79.7     79.7 update
   28.0s        0         4579.1         4916.9      1.1      3.8      5.8      8.9 read
   28.0s        0         1174.5         1236.6     75.5    121.6    159.4    167.8 update
   29.0s        0         4631.3         4907.0      1.0      2.9      4.5      6.8 read
   29.0s        0         1219.1         1235.9     75.5     92.3    121.6    125.8 update
   30.0s        0         4869.1         4905.7      0.9      1.6      2.4      5.5 read
   30.0s        0         1232.8         1235.8     75.5     75.5     79.7     83.9 update
_elapsed___errors__ops/sec(inst)___ops/sec(cum)__p50(ms)__p95(ms)__p99(ms)_pMax(ms)
   31.0s        0         5006.7         4909.0      1.0      3.0      4.7      7.9 read
   31.0s        0         1285.2         1237.4     75.5     88.1    121.6    130.0 update
   32.0s        0         4847.7         4907.1      1.0      3.0      5.0      6.8 read
   32.0s        0         1234.2         1237.3     75.5     83.9    121.6    130.0 update
   33.0s        0         5108.5         4913.2      1.0      2.8      3.9      6.6 read
   33.0s        0         1238.9         1237.4     75.5     79.7    113.2    121.6 update
   34.0s        0         4878.4         4912.2      1.0      3.1      5.8     11.5 read
   34.0s        0         1244.4         1237.6     75.5     83.9    121.6    125.8 update
   35.0s        0         4868.0         4910.9      1.0      3.1      5.2      7.9 read
   35.0s        0         1176.0         1235.8     75.5    142.6    167.8    167.8 update
   36.0s        0         4872.8         4909.8      1.0      2.6      3.5      8.4 read
   36.0s        0         1205.9         1235.0     75.5     83.9    117.4    125.8 update
   37.0s        0         5129.9         4915.8      1.0      2.0      2.8      8.9 read
   37.0s        0         1285.0         1236.3     75.5     79.7     83.9     83.9 update
   38.0s        0         5111.4         4921.0      1.0      2.8      4.1      6.8 read
   38.0s        0         1242.6         1236.5     75.5     88.1    117.4    125.8 update
   39.0s        0         4850.9         4919.1      1.0      2.0      3.7     10.0 read
   39.0s        0         1260.5         1237.1     75.5     79.7    104.9    113.2 update
   40.0s        0         5006.5         4921.3      1.0      2.6      3.8      8.1 read
   40.0s        0         1252.1         1237.5     75.5     83.9    113.2    121.6 update
_elapsed___errors__ops/sec(inst)___ops/sec(cum)__p50(ms)__p95(ms)__p99(ms)_pMax(ms)
   41.0s        0         4893.0         4920.6      0.9      2.4      4.1      5.8 read
   41.0s        0         1223.7         1237.2     75.5     88.1    117.4    125.8 update
   42.0s        0         4637.3         4913.9      1.0      2.9      8.9     14.7 read
   42.0s        0         1234.1         1237.1     75.5    130.0    159.4    167.8 update
   43.0s        0         4844.2         4912.3      1.1      2.6      4.5      9.4 read
   43.0s        0         1197.8         1236.2     75.5     83.9    104.9    130.0 update
   44.0s        0         4921.6         4912.5      1.0      2.4      4.5      8.9 read
   44.0s        0         1245.2         1236.4     75.5     83.9    117.4    125.8 update
   45.0s        0         4971.5         4913.8      1.0      2.9      7.9     15.2 read
   45.0s        0         1231.9         1236.3     75.5     88.1    109.1    125.8 update
   46.0s        0         5113.3         4918.1      1.0      2.2      3.7      9.4 read
   46.0s        0         1271.1         1237.0     75.5     83.9    117.4    121.6 update
   47.0s        0         4854.2         4916.8      1.0      2.2      4.2     11.0 read
   47.0s        0         1261.1         1237.5     75.5     79.7     79.7     83.9 update
   48.0s        0         5050.4         4919.6      1.0      3.3      5.0      7.6 read
   48.0s        0         1227.9         1237.3     75.5     83.9    117.4    125.8 update
   49.0s        0         4342.9         4907.8      1.1      4.7      8.9     13.1 read
   49.0s        0         1158.2         1235.7     75.5    117.4    142.6    176.2 update
   50.0s        0         5067.0         4911.0      1.0      3.9      6.3    218.1 read
   50.0s        0         1220.8         1235.4     75.5     83.9    113.2    121.6 update
_elapsed___errors__ops/sec(inst)___ops/sec(cum)__p50(ms)__p95(ms)__p99(ms)_pMax(ms)
   51.0s        0         4738.2         4907.6      1.0      4.2      6.0      8.9 read
   51.0s        0         1146.8         1233.7     75.5    134.2    167.8    176.2 update
   52.0s        0         5155.9         4912.4      1.0      1.8      3.3      6.0 read
   52.0s        0         1275.5         1234.5     75.5     79.7     79.7     83.9 update
   53.0s        0         5337.8         4920.4      1.0      2.0      3.1      6.8 read
   53.0s        0         1264.5         1235.1     75.5     79.7     83.9     92.3 update
   54.0s        0         4933.7         4920.6      1.0      3.0      5.2     11.5 read
   54.0s        0         1236.9         1235.1     75.5     83.9    113.2    121.6 update
   55.0s        0         4889.3         4920.1      1.1      2.9      5.0     13.6 read
   55.0s        0         1211.6         1234.7     75.5     88.1    121.6    121.6 update
   56.0s        0         4813.6         4918.2      1.1      3.9      6.8     10.5 read
   56.0s        0         1212.9         1234.3     75.5    109.1    130.0    134.2 update
   57.0s        0         4387.6         4908.9      1.3      4.2      7.1     10.0 read
   57.0s        0         1123.9         1232.3     79.7    125.8    151.0    159.4 update
   58.0s        0         4955.9         4909.7      1.4      3.3      4.7     14.7 read
   58.0s        0         1232.2         1232.3     75.5     96.5    113.2    121.6 update
   59.0s        0         4641.6         4905.1      1.5      3.7      6.8     10.0 read
   59.0s        0         1172.6         1231.3     75.5     88.1    113.2    121.6 update
   60.0s        0         3618.6         4883.7      1.9     17.8     23.1     33.6 read
   60.0s        0          884.9         1225.6     79.7    130.0    142.6    142.6 update
_elapsed___errors__ops/sec(inst)___ops/sec(cum)__p50(ms)__p95(ms)__p99(ms)_pMax(ms)
   61.0s        0         3010.9         4853.0      6.3     14.7     17.8     23.1 read
   61.0s        0          757.7         1217.9    104.9    142.6    151.0    151.0 update
   62.0s        0         2940.2         4822.1      6.0     16.8     21.0     22.0 read
   62.0s        0          784.3         1210.9    109.1    142.6    167.8    176.2 update
   63.0s        0         2973.0         4792.8      6.0     15.2     19.9     32.5 read
   63.0s        0          772.3         1203.9    104.9    159.4    192.9    209.7 update
   64.0s        0         3425.2         4771.4      6.0     15.7     19.9     25.2 read
   64.0s        0          761.6         1197.0    100.7    134.2    151.0    159.4 update
   65.0s        0         3044.2         4744.9      5.2     15.2     17.8     21.0 read
   65.0s        0          815.3         1191.2    100.7    134.2    151.0    159.4 update
   66.0s        0         2864.0         4716.4      5.8     15.7     17.8     30.4 read
   66.0s        0          761.7         1184.6    104.9    142.6    159.4    159.4 update
   67.0s        0         2687.8         4686.1      6.6     13.6     17.8     21.0 read
   67.0s        0          702.7         1177.4    104.9    130.0    151.0    151.0 update
   68.0s        0            0.0         4617.2      0.0      0.0      0.0      0.0 read
   68.0s        0            0.0         1160.1      0.0      0.0      0.0      0.0 update
   69.0s        0            0.0         4550.2      0.0      0.0      0.0      0.0 read
   69.0s        0            0.0         1143.3      0.0      0.0      0.0      0.0 update
   70.0s        0            0.0         4485.3      0.0      0.0      0.0      0.0 read
   70.0s        0            0.0         1127.0      0.0      0.0      0.0      0.0 update
_elapsed___errors__ops/sec(inst)___ops/sec(cum)__p50(ms)__p95(ms)__p99(ms)_pMax(ms)
   71.0s        0            0.0         4422.1      0.0      0.0      0.0      0.0 read
   71.0s        0            0.0         1111.1      0.0      0.0      0.0      0.0 update
   72.0s        0            0.0         4360.7      0.0      0.0      0.0      0.0 read
   72.0s        0            0.0         1095.7      0.0      0.0      0.0      0.0 update
   73.0s        0            0.0         4301.0      0.0      0.0      0.0      0.0 read
   73.0s        0            0.0         1080.7      0.0      0.0      0.0      0.0 update
   74.0s        0            0.0         4242.8      0.0      0.0      0.0      0.0 read
   74.0s        0            0.0         1066.1      0.0      0.0      0.0      0.0 update
   75.0s        0            0.0         4186.2      0.0      0.0      0.0      0.0 read
   75.0s        0            0.0         1051.9      0.0      0.0      0.0      0.0 update
   76.0s        0            0.0         4131.2      0.0      0.0      0.0      0.0 read
   76.0s        0            0.0         1038.0      0.0      0.0      0.0      0.0 update
   77.0s        0            0.0         4077.5      0.0      0.0      0.0      0.0 read
   77.0s        0            0.0         1024.5      0.0      0.0      0.0      0.0 update
   78.0s        0            0.0         4025.2      0.0      0.0      0.0      0.0 read
   78.0s        0            0.0         1011.4      0.0      0.0      0.0      0.0 update
   79.0s        0            0.0         3974.3      0.0      0.0      0.0      0.0 read
   79.0s        0            0.0          998.6      0.0      0.0      0.0      0.0 update
   80.0s        0            0.0         3924.6      0.0      0.0      0.0      0.0 read
   80.0s        0            0.0          986.1      0.0      0.0      0.0      0.0 update
_elapsed___errors__ops/sec(inst)___ops/sec(cum)__p50(ms)__p95(ms)__p99(ms)_pMax(ms)
   81.0s        0            0.0         3876.2      0.0      0.0      0.0      0.0 read
   81.0s        0            0.0          973.9      0.0      0.0      0.0      0.0 update
   82.0s        0            0.0         3828.9      0.0      0.0      0.0      0.0 read
   82.0s        0            0.0          962.1      0.0      0.0      0.0      0.0 update
E260911 08:15:27.779181 1 workload/cli/run.go:624  [-] 4  FATAL: server conn crashed? (SQLSTATE 08P01)
   83.0s      100            0.0         3782.7      0.0      0.0      0.0      0.0 read
   83.0s      100            0.0          950.5      0.0      0.0      0.0      0.0 update
   84.0s      100            0.0         3737.7      0.0      0.0      0.0      0.0 read
   84.0s      100            0.0          939.2      0.0      0.0      0.0      0.0 update
   85.0s      100            0.0         3693.7      0.0      0.0      0.0      0.0 read
   85.0s      100            0.0          928.1      0.0      0.0      0.0      0.0 update
   86.0s      100            0.0         3650.8      0.0      0.0      0.0      0.0 read
   86.0s      100            0.0          917.3      0.0      0.0      0.0      0.0 update
   87.0s      100            0.0         3608.8      0.0      0.0      0.0      0.0 read
   87.0s      100            0.0          906.8      0.0      0.0      0.0      0.0 update
   88.0s      100            0.0         3567.8      0.0      0.0      0.0      0.0 read
   88.0s      100            0.0          896.5      0.0      0.0      0.0      0.0 update
   89.0s      100            0.0         3527.7      0.0      0.0      0.0      0.0 read
   89.0s      100            0.0          886.4      0.0      0.0      0.0      0.0 update
   90.0s      100            0.0         3488.5      0.0      0.0      0.0      0.0 read
   90.0s      100            0.0          876.5      0.0      0.0      0.0      0.0 update
_elapsed___errors__ops/sec(inst)___ops/sec(cum)__p50(ms)__p95(ms)__p99(ms)_pMax(ms)
   91.0s      100            0.0         3450.2      0.0      0.0      0.0      0.0 read
   91.0s      100            0.0          866.9      0.0      0.0      0.0      0.0 update
   92.0s      100            0.0         3412.7      0.0      0.0      0.0      0.0 read
   92.0s      100            0.0          857.5      0.0      0.0      0.0      0.0 update
   93.0s      100            0.0         3376.0      0.0      0.0      0.0      0.0 read
   93.0s      100            0.0          848.3      0.0      0.0      0.0      0.0 update
   94.0s      100            0.0         3340.1      0.0      0.0      0.0      0.0 read
   94.0s      100            0.0          839.2      0.0      0.0      0.0      0.0 update
   95.0s      100            0.0         3304.9      0.0      0.0      0.0      0.0 read
   95.0s      100            0.0          830.4      0.0      0.0      0.0      0.0 update
   96.0s      100            0.0         3270.5      0.0      0.0      0.0      0.0 read
   96.0s      100            0.0          821.8      0.0      0.0      0.0      0.0 update
   97.0s      100            0.0         3236.8      0.0      0.0      0.0      0.0 read
   97.0s      100            0.0          813.3      0.0      0.0      0.0      0.0 update
   98.0s      100            0.0         3203.8      0.0      0.0      0.0      0.0 read
   98.0s      100            0.0          805.0      0.0      0.0      0.0      0.0 update
   99.0s      100            0.0         3171.4      0.0      0.0      0.0      0.0 read
   99.0s      100            0.0          796.9      0.0      0.0      0.0      0.0 update
  100.0s      100            0.0         3139.7      0.0      0.0      0.0      0.0 read
  100.0s      100            0.0          788.9      0.0      0.0      0.0      0.0 update
_elapsed___errors__ops/sec(inst)___ops/sec(cum)__p50(ms)__p95(ms)__p99(ms)_pMax(ms)
  101.0s      100            0.0         3108.6      0.0      0.0      0.0      0.0 read
  101.0s      100            0.0          781.1      0.0      0.0      0.0      0.0 update
  102.0s      100            0.0         3078.1      0.0      0.0      0.0      0.0 read
  102.0s      100            0.0          773.4      0.0      0.0      0.0      0.0 update
  103.0s      100            0.0         3048.2      0.0      0.0      0.0      0.0 read
  103.0s      100            0.0          765.9      0.0      0.0      0.0      0.0 update
  104.0s      100            0.0         3018.9      0.0      0.0      0.0      0.0 read
  104.0s      100            0.0          758.6      0.0      0.0      0.0      0.0 update
  105.0s      100            0.0         2990.2      0.0      0.0      0.0      0.0 read
  105.0s      100            0.0          751.3      0.0      0.0      0.0      0.0 update
  106.0s      100            0.0         2962.0      0.0      0.0      0.0      0.0 read
  106.0s      100            0.0          744.2      0.0      0.0      0.0      0.0 update
  107.0s      100            0.0         2934.3      0.0      0.0      0.0      0.0 read
  107.0s      100            0.0          737.3      0.0      0.0      0.0      0.0 update
  108.0s      100            0.0         2907.1      0.0      0.0      0.0      0.0 read
  108.0s      100            0.0          730.5      0.0      0.0      0.0      0.0 update
  109.0s      100            0.0         2880.4      0.0      0.0      0.0      0.0 read
  109.0s      100            0.0          723.8      0.0      0.0      0.0      0.0 update
  110.0s      100            0.0         2854.3      0.0      0.0      0.0      0.0 read
  110.0s      100            0.0          717.2      0.0      0.0      0.0      0.0 update
_elapsed___errors__ops/sec(inst)___ops/sec(cum)__p50(ms)__p95(ms)__p99(ms)_pMax(ms)
  111.0s      100            0.0         2828.6      0.0      0.0      0.0      0.0 read
  111.0s      100            0.0          710.7      0.0      0.0      0.0      0.0 update
  112.0s      100            0.0         2803.3      0.0      0.0      0.0      0.0 read
  112.0s      100            0.0          704.4      0.0      0.0      0.0      0.0 update
  113.0s      100            0.0         2778.5      0.0      0.0      0.0      0.0 read
  113.0s      100            0.0          698.1      0.0      0.0      0.0      0.0 update
  114.0s      100            0.0         2754.1      0.0      0.0      0.0      0.0 read
  114.0s      100            0.0          692.0      0.0      0.0      0.0      0.0 update
  115.0s      100            1.0         2730.2     79.7     79.7     79.7     79.7 read
  115.0s      100            0.0          686.0      0.0      0.0      0.0      0.0 update
  116.0s      100           33.0         2706.9     71.3     75.5     75.5     75.5 read
  116.0s      100            4.0          680.1    226.5    234.9    234.9    234.9 update
  117.0s      100           63.9         2684.3     71.3     75.5     75.5     75.5 read
  117.0s      100           15.0          674.4    226.5    226.5    226.5    226.5 update
  118.0s      100           93.1         2662.4     71.3     75.5     75.5     75.5 read
  118.0s      100           26.0          668.9    226.5    226.5    234.9    234.9 update
  119.0s      100          139.0         2641.2     71.3     71.3     71.3     75.5 read
  119.0s      100           36.0          663.6    226.5    226.5    226.5    226.5 update
  120.0s      100          165.0         2620.5     71.3     71.3     75.5     75.5 read
  120.0s      100           44.0          658.5    226.5    226.5    234.9    234.9 update
_elapsed___errors__ops/sec(inst)___ops/sec(cum)__p50(ms)__p95(ms)__p99(ms)_pMax(ms)
  121.0s      100          215.1         2600.7     71.3     71.3     75.5     75.5 read
  121.0s      100           54.0          653.5    226.5    226.5    226.5    234.9 update
  122.0s      100          227.0         2581.2     71.3     71.3     71.3     75.5 read
  122.0s      100           68.0          648.7    226.5    318.8    335.5    352.3 update
  123.0s      100          293.0         2562.6     71.3     71.3     71.3     75.5 read
  123.0s      100           69.0          643.9    226.5    226.5    234.9    234.9 update
  124.0s      100          329.1         2544.6     71.3     71.3     75.5     75.5 read
  124.0s      100           80.0          639.4    226.5    226.5    226.5    226.5 update
  125.0s      100          359.9         2527.1     71.3     71.3     71.3     75.5 read
  125.0s      100           91.0          635.0    226.5    226.5    234.9    234.9 update
  126.0s      100          365.1         2509.9     71.3     71.3     75.5     75.5 read
  126.0s      100          103.0          630.8    226.5    226.5    226.5    234.9 update
  127.0s      100          437.9         2493.6     71.3     71.3     71.3     75.5 read
  127.0s      100          112.0          626.7    226.5    226.5    226.5    226.5 update
  128.0s      100          427.0         2477.5     71.3     71.3     75.5     75.5 read
  128.0s      100          129.0          622.8    226.5    260.0    318.8    318.8 update
  129.0s      100          479.8         2462.0     71.3     71.3     71.3    369.1 read
  129.0s      100          136.9          619.0    226.5    226.5    234.9    234.9 update
  130.0s      100          547.0         2447.3     71.3     71.3     75.5     75.5 read
  130.0s      100          134.0          615.3    226.5    226.5    234.9    234.9 update
_elapsed___errors__ops/sec(inst)___ops/sec(cum)__p50(ms)__p95(ms)__p99(ms)_pMax(ms)
  131.0s      100          620.6         2433.3     71.3     71.3     71.3     75.5 read
  131.0s      100          135.1          611.7    226.5    234.9    234.9    234.9 update
  132.0s      100          617.5         2419.6     71.3     71.3     71.3    385.9 read
  132.0s      100          148.9          608.1    226.5    243.3    285.2    302.0 update
  133.0s      100          668.4         2406.4     71.3     71.3     71.3     75.5 read
  133.0s      100          168.1          604.8    226.5    226.5    234.9    234.9 update
  134.0s      100          721.5         2393.8     71.3     71.3     75.5     79.7 read
  134.0s      100          165.9          601.6    226.5    226.5    234.9    234.9 update
  135.0s      100          763.2         2381.7     71.3     71.3     75.5    369.1 read
  135.0s      100          167.0          598.3    226.5    226.5    234.9    234.9 update
  136.0s      100          741.4         2369.7     71.3     75.5     79.7    369.1 read
  136.0s      100          194.1          595.4    226.5    285.2    335.5    520.1 update
  137.0s      100          800.7         2358.2     71.3     71.3     71.3     75.5 read
  137.0s      100          203.9          592.5    226.5    234.9    234.9    243.3 update
  138.0s      100          801.2         2347.0     71.3     79.7     88.1     88.1 read
  138.0s      100          171.0          589.5    226.5    234.9    234.9    243.3 update
  139.0s      100          745.7         2335.4     71.3     83.9     88.1     88.1 read
  139.0s      100          220.9          586.8    226.5    302.0    352.3    369.1 update
  140.0s      100          738.4         2324.0     71.3     83.9     88.1     92.3 read
  140.0s      100          203.1          584.1    226.5    243.3    243.3    251.7 update
_elapsed___errors__ops/sec(inst)___ops/sec(cum)__p50(ms)__p95(ms)__p99(ms)_pMax(ms)
  141.0s      100          776.7         2313.0     71.3     83.9     88.1     92.3 read
  141.0s      100          182.9          581.2    234.9    318.8    352.3    352.3 update
  142.0s      100          780.7         2302.3     71.3     79.7     83.9     88.1 read
  142.0s      100          193.9          578.5    226.5    243.3    243.3    251.7 update
  143.0s      100          805.1         2291.8     71.3     79.7     83.9     83.9 read
  143.0s      100          192.0          575.8    226.5    234.9    243.3    243.3 update
  144.0s      100          814.4         2281.5     71.3     75.5     75.5     83.9 read
  144.0s      100          179.1          573.0    226.5    285.2    285.2    318.8 update
  145.0s      100          739.9         2270.9     71.3     75.5     79.7     79.7 read
  145.0s      100          215.0          570.6    226.5    234.9    234.9    243.3 update
  146.0s      100          783.3         2260.7     71.3     75.5     83.9     88.1 read
  146.0s      100          204.1          568.1    226.5    234.9    234.9    234.9 update
  147.0s      100          811.3         2250.8     71.3     79.7     79.7     83.9 read
  147.0s      100          182.9          565.4    226.5    285.2    352.3    352.3 update
  148.0s      100          773.5         2240.9     71.3     71.3     75.5     75.5 read
  148.0s      100          199.1          563.0    226.5    234.9    234.9    243.3 update
  149.0s      100          780.9         2231.1     71.3     75.5     75.5     79.7 read
  149.0s      100          201.0          560.5    226.5    234.9    234.9    234.9 update
  150.0s      100          742.0         2221.1     71.3     75.5     75.5     79.7 read
  150.0s      100          218.0          558.3    226.5    226.5    234.9    234.9 update
_elapsed___errors__ops/sec(inst)___ops/sec(cum)__p50(ms)__p95(ms)__p99(ms)_pMax(ms)
  151.0s      100          788.1         2211.7     71.3     75.5     75.5     79.7 read
  151.0s      100          196.0          555.9    226.5    318.8    335.5    352.3 update
  152.0s      100          750.1         2202.0     71.3     75.5     75.5     79.7 read
  152.0s      100          210.0          553.6    226.5    234.9    234.9    234.9 update
  153.0s      100          778.7         2192.7     71.3     71.3     75.5     79.7 read
  153.0s      100          208.9          551.3    226.5    226.5    234.9    234.9 update
  154.0s      100          793.1         2183.6     71.3     71.3     75.5     75.5 read
  154.0s      100          189.0          549.0    226.5    302.0    318.8    352.3 update
  155.0s      100          779.5         2174.6     71.3     71.3     75.5     75.5 read
  155.0s      100          202.9          546.7    226.5    226.5    234.9    234.9 update
  156.0s      100          840.8         2166.0     71.3     71.3     71.3     71.3 read
  156.0s      100          187.2          544.4    226.5    226.5    234.9    234.9 update
  157.0s      100          778.4         2157.2     71.3     71.3     75.5     75.5 read
  157.0s      100          183.8          542.1    226.5    226.5    234.9    234.9 update
  158.0s      100          749.1         2148.3     71.3     75.5     79.7    369.1 read
  158.0s      100          225.0          540.1    226.5    318.8    352.3    369.1 update
  159.0s      100          772.3         2139.6     71.3     71.3     75.5     79.7 read
  159.0s      100          210.1          538.1    226.5    226.5    234.9    234.9 update
  160.0s      100          780.2         2131.1     71.3     71.3     75.5     75.5 read
  160.0s      100          200.1          535.9    226.5    226.5    234.9    234.9 update
_elapsed___errors__ops/sec(inst)___ops/sec(cum)__p50(ms)__p95(ms)__p99(ms)_pMax(ms)
  161.0s      100          784.0         2122.8     71.3     75.5     75.5     79.7 read
  161.0s      100          195.0          533.8    226.5    302.0    335.5    335.5 update
  162.0s      100          757.1         2114.3     71.3     71.3     75.5    369.1 read
  162.0s      100          208.0          531.8    226.5    234.9    234.9    234.9 update
  163.0s      100          731.8         2105.9     71.3     75.5     79.7     79.7 read
  163.0s      100          220.9          529.9    226.5    226.5    234.9    234.9 update
  164.0s      100          815.1         2098.0     71.3     75.5     75.5     75.5 read
  164.0s      100          196.0          527.9    226.5    285.2    302.0    318.8 update
  165.0s      100          764.0         2089.9     71.3     75.5     75.5     83.9 read
  165.0s      100          197.0          525.9    226.5    234.9    234.9    234.9 update
  166.0s      100          764.6         2081.9     71.3     71.3     75.5    369.1 read
  166.0s      100          212.9          524.0    226.5    226.5    234.9    243.3 update
  167.0s      100          770.3         2074.1     71.3     71.3     75.5     79.7 read
  167.0s      100          203.1          522.1    226.5    226.5    234.9    234.9 update
  168.0s      100          761.6         2066.2     71.3     75.5     79.7    385.9 read
  168.0s      100          200.9          520.1    226.5    335.5    352.3    369.1 update
  169.0s      100          820.9         2058.9     71.3     71.3     71.3     75.5 read
  169.0s      100          192.0          518.2    226.5    226.5    234.9    234.9 update
  170.0s      100          802.8         2051.5     71.3     75.5     75.5     83.9 read
  170.0s      100          195.2          516.3    226.5    234.9    234.9    234.9 update
_elapsed___errors__ops/sec(inst)___ops/sec(cum)__p50(ms)__p95(ms)__p99(ms)_pMax(ms)
  171.0s      100          762.8         2044.0     71.3     75.5     75.5     79.7 read
  171.0s      100          214.0          514.5    226.5    302.0    335.5    352.3 update
  172.0s      100          859.9         2037.1     71.3     71.3     75.5     75.5 read
  172.0s      100          169.0          512.5    226.5    234.9    234.9    234.9 update
  173.0s      100          772.8         2029.8     71.3     71.3     71.3    385.9 read
  173.0s      100          206.9          510.8    226.5    226.5    234.9    234.9 update
  174.0s      100          800.5         2022.7     71.3     71.3     71.3     75.5 read
  174.0s      100          201.1          509.0    226.5    226.5    234.9    234.9 update
  175.0s      100          794.4         2015.7     71.3     71.3     75.5     79.7 read
  175.0s      100          194.9          507.2    226.5    226.5    234.9    234.9 update
  176.0s      100          779.0         2008.7     71.3     71.3     75.5     79.7 read
  176.0s      100          209.0          505.5    226.5    234.9    234.9    234.9 update
  177.0s      100          767.1         2001.6     71.3     71.3     75.5     79.7 read
  177.0s      100          205.0          503.8    226.5    234.9    234.9    234.9 update
  178.0s      100          759.4         1994.7     71.3     71.3     71.3     75.5 read
  178.0s      100          212.1          502.2    226.5    226.5    234.9    234.9 update
  179.0s      100          824.6         1988.1     71.3     71.3     79.7     79.7 read
  179.0s      100          195.9          500.4    226.5    226.5    234.9    234.9 update
  180.0s      100          767.5         1981.3     71.3     71.3     75.5     79.7 read
  180.0s      100          207.9          498.8    226.5    234.9    243.3    243.3 update
_elapsed___errors__ops/sec(inst)___ops/sec(cum)__p50(ms)__p95(ms)__p99(ms)_pMax(ms)
  181.0s      100          788.5         1974.8     71.3     71.3     75.5     79.7 read
  181.0s      100          198.1          497.2    226.5    234.9    234.9    234.9 update
  182.0s      100          733.2         1967.9     71.3     71.3     79.7     88.1 read
  182.0s      100          221.0          495.6    226.5    234.9    243.3    251.7 update
  183.0s      100          746.7         1961.3     71.3     71.3     79.7     79.7 read
  183.0s      100          215.9          494.1    226.5    226.5    234.9    234.9 update
  184.0s      100          796.1         1954.9     71.3     71.3     75.5     79.7 read
  184.0s      100          197.0          492.5    226.5    234.9    234.9    234.9 update
  185.0s      100          811.3         1948.7     71.3     75.5     79.7     96.5 read
  185.0s      100          191.1          490.9    226.5    243.3    260.0    268.4 update
  186.0s      100          794.0         1942.5     71.3     71.3     75.5    369.1 read
  186.0s      100          189.0          489.2    226.5    226.5    234.9    520.1 update
  187.0s      100          847.6         1936.7     71.3     71.3     83.9     88.1 read
  187.0s      100          191.9          487.7    226.5    234.9    243.3    243.3 update
  188.0s      100          788.6         1930.6     71.3     71.3     75.5     75.5 read
  188.0s      100          195.9          486.1    226.5    234.9    234.9    234.9 update
  189.0s      100          740.7         1924.3     71.3     75.5     88.1     96.5 read
  189.0s      100          196.2          484.6    226.5    369.1    402.7    402.7 update
  190.0s      100          779.4         1918.2     71.3     71.3     75.5     75.5 read
  190.0s      100          206.8          483.1    226.5    226.5    234.9    234.9 update
_elapsed___errors__ops/sec(inst)___ops/sec(cum)__p50(ms)__p95(ms)__p99(ms)_pMax(ms)
  191.0s      100          800.6         1912.4     71.3     71.3     71.3     75.5 read
  191.0s      100          198.1          481.6    226.5    226.5    234.9    243.3 update
  192.0s      100          855.1         1906.9     71.3     75.5     79.7     92.3 read
  192.0s      100          179.0          480.0    226.5    234.9    243.3    251.7 update
  193.0s      100          783.9         1901.1     71.3     75.5     75.5     75.5 read
  193.0s      100          195.0          478.6    226.5    318.8    369.1    369.1 update
  194.0s      100          823.1         1895.5     71.3     71.3     75.5     79.7 read
  194.0s      100          187.0          477.1    226.5    234.9    234.9    503.3 update
  195.0s      100          811.8         1890.0     71.3     75.5     79.7     79.7 read
  195.0s      100          198.9          475.6    226.5    234.9    234.9    243.3 update
  196.0s      100          797.4         1884.4     71.3     75.5     75.5     79.7 read
  196.0s      100          187.1          474.2    226.5    352.3    369.1    369.1 update
  197.0s      100          735.8         1878.6     71.3     71.3     75.5     79.7 read
  197.0s      100          209.0          472.8    226.5    234.9    234.9    234.9 update
  198.0s      100          827.7         1873.2     71.3     71.3     75.5     75.5 read
  198.0s      100          191.9          471.4    226.5    226.5    234.9    234.9 update
  199.0s      100          792.3         1867.8     71.3     71.3     75.5     75.5 read
  199.0s      100          195.1          470.0    226.5    234.9    234.9    243.3 update
  200.0s      100          817.9         1862.6     71.3     75.5     75.5     79.7 read
  200.0s      100          191.0          468.6    226.5    268.4    369.1    385.9 update
_elapsed___errors__ops/sec(inst)___ops/sec(cum)__p50(ms)__p95(ms)__p99(ms)_pMax(ms)
  201.0s      100          779.9         1857.2     71.3     71.3     75.5     79.7 read
  201.0s      100          207.0          467.3    226.5    234.9    234.9    234.9 update
  202.0s      100          801.3         1852.0     71.3     71.3     75.5     75.5 read
  202.0s      100          187.1          465.9    226.5    234.9    268.4    285.2 update
  203.0s      100          738.7         1846.5     71.3     75.5     75.5     79.7 read
  203.0s      100          210.9          464.7    226.5    318.8    352.3    352.3 update
  204.0s      100          814.4         1841.4     71.3     71.3     75.5     79.7 read
  204.0s      100          191.9          463.3    226.5    234.9    243.3    251.7 update
  205.0s      100          807.2         1836.4     71.3     71.3     75.5     75.5 read
  205.0s      100          199.1          462.0    226.5    234.9    234.9    234.9 update
  206.0s      100          739.9         1831.0     71.3     71.3     75.5     79.7 read
  206.0s      100          211.0          460.8    226.5    226.5    234.9    234.9 update
  207.0s      100          752.0         1825.8     71.3     75.5     88.1    369.1 read
  207.0s      100          204.0          459.6    226.5    369.1    402.7    402.7 update
  208.0s      100          802.9         1820.9     71.3     71.3     75.5     75.5 read
  208.0s      100          198.0          458.3    226.5    226.5    234.9    234.9 update
  209.0s      100          779.4         1815.9     71.3     71.3     79.7     83.9 read
  209.0s      100          202.1          457.1    226.5    234.9    234.9    243.3 update
  210.0s      100          808.4         1811.1     71.3     71.3     75.5     79.7 read
  210.0s      100          194.1          455.8    226.5    234.9    234.9    234.9 update
_elapsed___errors__ops/sec(inst)___ops/sec(cum)__p50(ms)__p95(ms)__p99(ms)_pMax(ms)
  211.0s      100          798.8         1806.3     71.3     71.3     75.5    352.3 read
  211.0s      100          183.0          454.6    226.5    335.5    369.1    385.9 update
  212.0s      100          823.5         1801.7     71.3     71.3     75.5     75.5 read
  212.0s      100          190.9          453.3    226.5    226.5    234.9    234.9 update
  213.0s      100          814.5         1797.1     71.3     71.3     75.5     83.9 read
  213.0s      100          192.1          452.1    226.5    234.9    260.0    260.0 update
  214.0s      100          785.1         1792.3     71.3     75.5     75.5     79.7 read
  214.0s      100          188.0          450.9    226.5    352.3    385.9    402.7 update
  215.0s      100          806.9         1787.8     71.3     75.5     83.9     88.1 read
  215.0s      100          191.0          449.6    226.5    234.9    243.3    243.3 update
  216.0s      100          768.1         1783.0     71.3     75.5     79.7     92.3 read
  216.0s      100          214.0          448.6    226.5    234.9    243.3    243.3 update
  217.0s      100          794.1         1778.5     71.3     71.3     75.5    352.3 read
  217.0s      100          201.0          447.4    226.5    226.5    234.9    234.9 update
  218.0s      100          804.3         1774.0     71.3     71.3     75.5     75.5 read
  218.0s      100          178.9          446.2    226.5    318.8    352.3    385.9 update
  219.0s      100          809.1         1769.6     71.3     75.5     83.9     88.1 read
  219.0s      100          200.0          445.1    226.5    234.9    243.3    243.3 update
  220.0s      100          789.1         1765.1     71.3     71.3     75.5     75.5 read
  220.0s      100          197.0          443.9    226.5    234.9    234.9    234.9 update
_elapsed___errors__ops/sec(inst)___ops/sec(cum)__p50(ms)__p95(ms)__p99(ms)_pMax(ms)
  221.0s      100          711.4         1760.4     71.3    113.2    134.2    151.0 read
  221.0s      100          188.1          442.8    234.9    285.2    318.8    318.8 update
  222.0s      100          784.6         1756.0     71.3     75.5     79.7     83.9 read
  222.0s      100          188.9          441.6    226.5    335.5    385.9    385.9 update
  223.0s      100          797.0         1751.7     71.3     71.3     75.5     79.7 read
  223.0s      100          202.0          440.6    226.5    226.5    243.3    243.3 update
  224.0s      100          776.3         1747.3     71.3     71.3     79.7     83.9 read
  224.0s      100          207.1          439.5    226.5    226.5    234.9    234.9 update
  225.0s      100          782.5         1743.0     71.3     75.5     75.5     79.7 read
  225.0s      100          191.9          438.4    226.5    335.5    369.1    369.1 update
  226.0s      100          785.2         1738.8     71.3     71.3     75.5     79.7 read
  226.0s      100          202.0          437.4    226.5    234.9    234.9    234.9 update
  227.0s      100          746.0         1734.4     71.3     71.3     75.5     83.9 read
  227.0s      100          220.0          436.4    226.5    226.5    234.9    234.9 update
  228.0s      100          818.6         1730.4     71.3     71.3     79.7    369.1 read
  228.0s      100          188.9          435.3    226.5    226.5    234.9    234.9 update
  229.0s      100          806.5         1726.4     71.3     75.5     75.5     79.7 read
  229.0s      100          184.1          434.2    226.5    318.8    352.3    369.1 update
  230.0s      100          797.7         1722.3     71.3     71.3     75.5     79.7 read
  230.0s      100          198.9          433.2    226.5    234.9    234.9    234.9 update
_elapsed___errors__ops/sec(inst)___ops/sec(cum)__p50(ms)__p95(ms)__p99(ms)_pMax(ms)
  231.0s      100          790.2         1718.3     71.3     71.3     75.5     88.1 read
  231.0s      100          208.1          432.2    226.5    226.5    234.9    243.3 update
  232.0s      100          790.2         1714.3     71.3     71.3     75.5     79.7 read
  232.0s      100          204.1          431.2    226.5    226.5    234.9    234.9 update
  233.0s      100          803.7         1710.4     71.3     75.5     88.1     88.1 read
  233.0s      100          169.9          430.1    226.5    352.3    385.9    402.7 update
  234.0s      100          842.3         1706.7     71.3     71.3     75.5     75.5 read
  234.0s      100          196.1          429.1    226.5    226.5    234.9    234.9 update
  235.0s      100          794.4         1702.8     71.3     71.3     75.5     79.7 read
  235.0s      100          200.8          428.1    226.5    226.5    226.5    234.9 update
  236.0s      100          769.7         1698.8     71.3     71.3     75.5     75.5 read
  236.0s      100          184.2          427.1    226.5    226.5    234.9    234.9 update
  237.0s      100          765.7         1694.9     71.3     71.3     79.7     88.1 read
  237.0s      100          216.9          426.2    226.5    302.0    369.1    369.1 update
  238.0s      100          772.0         1691.0     71.3     71.3     75.5     83.9 read
  238.0s      100          209.0          425.3    226.5    234.9    234.9    243.3 update
  239.0s      100          844.3         1687.5     71.3     71.3     75.5     79.7 read
  239.0s      100          188.1          424.3    226.5    226.5    226.5    234.9 update
  240.0s      100          785.9         1683.7     71.3     75.5     79.7     83.9 read
  240.0s      100          185.0          423.3    226.5    352.3    369.1    385.9 update
_elapsed___errors__ops/sec(inst)___ops/sec(cum)__p50(ms)__p95(ms)__p99(ms)_pMax(ms)
  241.0s      100          802.0         1680.1     71.3     75.5     79.7     79.7 read
  241.0s      100          199.0          422.4    226.5    234.9    234.9    234.9 update
  242.0s      100          780.5         1676.4     71.3     71.3     71.3     75.5 read
  242.0s      100          204.9          421.5    226.5    226.5    234.9    234.9 update
  243.0s      100          756.9         1672.6     71.3     71.3     75.5     75.5 read
  243.0s      100          197.0          420.6    226.5    318.8    352.3    369.1 update
  244.0s      100          754.1         1668.8     71.3     71.3     75.5     75.5 read
  244.0s      100          211.0          419.7    226.5    234.9    234.9    234.9 update
  245.0s      100          767.0         1665.1     71.3     75.5     75.5    369.1 read
  245.0s      100          208.0          418.8    226.5    234.9    243.3    520.1 update
  246.0s      100          790.6         1661.6     71.3     71.3     75.5    369.1 read
  246.0s      100          193.2          417.9    226.5    226.5    234.9    520.1 update
  247.0s      100          767.1         1658.0     71.3     75.5     79.7     83.9 read
  247.0s      100          195.0          417.0    226.5    385.9    402.7    419.4 update
  248.0s      100          722.8         1654.2     71.3     71.3     75.5     75.5 read
  248.0s      100          222.9          416.2    226.5    226.5    234.9    234.9 update
  249.0s      100          809.1         1650.8     71.3     71.3     75.5     79.7 read
  249.0s      100          196.0          415.4    226.5    226.5    234.9    234.9 update
  250.0s      100          762.5         1647.2     71.3     75.5     79.7     79.7 read
  250.0s      100          196.9          414.5    226.5    335.5    369.1    369.1 update
_elapsed___errors__ops/sec(inst)___ops/sec(cum)__p50(ms)__p95(ms)__p99(ms)_pMax(ms)
  251.0s      100          798.6         1643.9     71.3     71.3     71.3     71.3 read
  251.0s      100          201.2          413.6    226.5    226.5    226.5    234.9 update
  252.0s      100          792.8         1640.5     71.3     71.3     71.3    352.3 read
  252.0s      100          204.9          412.8    226.5    226.5    234.9    234.9 update
  253.0s      100          751.5         1637.0     71.3     75.5     75.5     79.7 read
  253.0s      100          204.9          412.0    226.5    318.8    352.3    369.1 update
  254.0s      100          800.4         1633.7     71.3     75.5     75.5     75.5 read
  254.0s      100          190.1          411.1    226.5    234.9    234.9    234.9 update
  255.0s      100          841.6         1630.6     71.3     71.3     75.5     75.5 read
  255.0s      100          183.9          410.2    226.5    226.5    234.9    234.9 update
  256.0s      100          847.6         1627.5     71.3     71.3     79.7     79.7 read
  256.0s      100          186.1          409.3    226.5    234.9    234.9    234.9 update
  257.0s      100          787.1         1624.2     71.3     71.3     75.5     79.7 read
  257.0s      100          196.0          408.5    226.5    285.2    352.3    385.9 update
  258.0s      100          765.7         1620.9     71.3     71.3     71.3     75.5 read
  258.0s      100          210.9          407.8    226.5    226.5    226.5    234.9 update
  259.0s      100          784.2         1617.7     71.3     75.5     75.5     79.7 read
  259.0s      100          196.1          406.9    226.5    226.5    234.9    234.9 update
  260.0s      100          748.7         1614.3     71.3     75.5     75.5     75.5 read
  260.0s      100          204.9          406.2    226.5    352.3    419.4    419.4 update
_elapsed___errors__ops/sec(inst)___ops/sec(cum)__p50(ms)__p95(ms)__p99(ms)_pMax(ms)
  261.0s      100          810.6         1611.3     71.3     71.3     75.5     79.7 read
  261.0s      100          190.9          405.3    226.5    226.5    234.9    234.9 update
  262.0s      100          824.2         1608.2     71.3     75.5     75.5     79.7 read
  262.0s      100          192.0          404.5    226.5    226.5    234.9    234.9 update
  263.0s      100          786.3         1605.1     71.3     71.3     75.5     75.5 read
  263.0s      100          202.1          403.7    226.5    226.5    234.9    234.9 update
  264.0s      100          787.8         1602.0     71.3     71.3     75.5     75.5 read
  264.0s      100          190.0          402.9    226.5    369.1    402.7    402.7 update
  265.0s      100          793.1         1599.0     71.3     71.3     75.5     75.5 read
  265.0s      100          203.0          402.2    226.5    226.5    234.9    234.9 update
  266.0s      100          823.0         1596.1     71.3     71.3     71.3     75.5 read
  266.0s      100          190.0          401.4    226.5    234.9    234.9    234.9 update
  267.0s      100          798.2         1593.1     71.3     75.5     83.9     92.3 read
  267.0s      100          177.0          400.5    226.5    369.1    385.9    402.7 update
  268.0s      100          800.0         1590.1     71.3     75.5     75.5    369.1 read
  268.0s      100          195.0          399.8    226.5    234.9    243.3    520.1 update
  269.0s      100          800.1         1587.2     71.3     71.3     75.5     75.5 read
  269.0s      100          203.0          399.0    226.5    234.9    234.9    234.9 update
  270.0s      100          767.3         1584.1     71.3     71.3     75.5    352.3 read
  270.0s      100          198.8          398.3    226.5    234.9    234.9    536.9 update
_elapsed___errors__ops/sec(inst)___ops/sec(cum)__p50(ms)__p95(ms)__p99(ms)_pMax(ms)
  271.0s      100          714.1         1580.9     71.3     75.5     75.5    352.3 read
  271.0s      100          210.0          397.6    226.5    335.5    369.1    369.1 update
  272.0s      100          818.9         1578.1     71.3     71.3     71.3     79.7 read
  272.0s      100          196.0          396.9    226.5    226.5    234.9    234.9 update
  273.0s      100          784.5         1575.2     71.3     71.3     71.3     79.7 read
  273.0s      100          203.1          396.2    226.5    226.5    234.9    234.9 update
  274.0s      100          743.1         1572.2     71.3     75.5     75.5     83.9 read
  274.0s      100          188.0          395.4    226.5    369.1    419.4    419.4 update
  275.0s      100          797.3         1569.4     71.3     71.3     75.5     75.5 read
  275.0s      100          206.8          394.7    226.5    234.9    234.9    234.9 update
  276.0s      100          815.0         1566.6     71.3     71.3     75.5     79.7 read
  276.0s      100          192.0          394.0    226.5    226.5    234.9    234.9 update
  277.0s      100          803.5         1563.9     71.3     71.3     75.5     75.5 read
  277.0s      100          201.1          393.3    226.5    226.5    234.9    234.9 update
  278.0s      100          792.1         1561.1     71.3     71.3     75.5    369.1 read
  278.0s      100          182.0          392.5    226.5    352.3    520.1    637.5 update
  279.0s      100          788.4         1558.3     71.3     71.3     71.3     75.5 read
  279.0s      100          199.8          391.8    226.5    226.5    234.9    234.9 update
  280.0s      100          812.0         1555.7     71.3     71.3     71.3     75.5 read
  280.0s      100          194.0          391.1    226.5    234.9    234.9    234.9 update
_elapsed___errors__ops/sec(inst)___ops/sec(cum)__p50(ms)__p95(ms)__p99(ms)_pMax(ms)
  281.0s      100          805.3         1553.0     71.3     71.3     75.5     75.5 read
  281.0s      100          189.1          390.4    226.5    251.7    285.2    285.2 update
  282.0s      100          761.9         1550.2     71.3     71.3     71.3     75.5 read
  282.0s      100          216.0          389.8    226.5    226.5    234.9    234.9 update
  283.0s      100          767.0         1547.4     71.3     71.3     71.3    352.3 read
  283.0s      100          206.0          389.1    226.5    226.5    234.9    234.9 update
  284.0s      100          764.7         1544.7     71.3     71.3     71.3     75.5 read
  284.0s      100          209.9          388.5    226.5    234.9    234.9    234.9 update
  285.0s      100          828.7         1542.2     71.3     71.3     75.5     75.5 read
  285.0s      100          188.2          387.8    226.5    234.9    285.2    285.2 update
  286.0s      100          829.0         1539.7     71.3     71.3     71.3     75.5 read
  286.0s      100          189.0          387.1    226.5    226.5    226.5    234.9 update
  287.0s      100          746.9         1536.9     71.3     71.3     71.3     75.5 read
  287.0s      100          216.0          386.5    226.5    226.5    234.9    234.9 update
  288.0s      100          824.1         1534.4     71.3     71.3     71.3     75.5 read
  288.0s      100          187.0          385.8    226.5    243.3    285.2    285.2 update
  289.0s      100          782.8         1531.8     71.3     71.3     71.3     75.5 read
  289.0s      100          204.0          385.2    226.5    226.5    234.9    234.9 update
  290.0s      100          781.2         1529.2     71.3     71.3     75.5     79.7 read
  290.0s      100          203.0          384.6    226.5    226.5    234.9    234.9 update
_elapsed___errors__ops/sec(inst)___ops/sec(cum)__p50(ms)__p95(ms)__p99(ms)_pMax(ms)
  291.0s      100          793.4         1526.7     71.3     71.3     75.5     75.5 read
  291.0s      100          202.8          383.9    226.5    226.5    234.9    234.9 update
  292.0s      100          809.2         1524.2     71.3     71.3     75.5     75.5 read
  292.0s      100          193.1          383.3    226.5    251.7    285.2    302.0 update
  293.0s      100          764.8         1521.7     71.3     71.3     71.3    369.1 read
  293.0s      100          202.9          382.7    226.5    226.5    234.9    520.1 update
  294.0s      100          796.9         1519.2     71.3     71.3     71.3     75.5 read
  294.0s      100          198.0          382.0    226.5    226.5    234.9    234.9 update
  295.0s      100          778.3         1516.7     71.3     71.3     75.5     79.7 read
  295.0s      100          201.1          381.4    226.5    260.0    302.0    302.0 update
  296.0s      100          820.8         1514.3     71.3     71.3     71.3     75.5 read
  296.0s      100          192.0          380.8    226.5    226.5    234.9    234.9 update
  297.0s      100          836.5         1512.0     71.3     71.3     71.3    369.1 read
  297.0s      100          189.1          380.1    226.5    226.5    234.9    234.9 update
  298.0s      100          773.8         1509.6     71.3     71.3     71.3     75.5 read
  298.0s      100          206.9          379.6    226.5    226.5    226.5    234.9 update
  299.0s      100          795.0         1507.2     71.3     71.3     71.3     79.7 read
  299.0s      100          200.0          379.0    226.5    234.9    285.2    285.2 update
  300.0s      100          798.9         1504.8     71.3     71.3     75.5     79.7 read
  300.0s      100          198.0          378.4    226.5    226.5    234.9    234.9 update
_elapsed___errors__ops/sec(inst)___ops/sec(cum)__p50(ms)__p95(ms)__p99(ms)_pMax(ms)
  301.0s      100          799.2         1502.5     71.3     71.3     71.3     75.5 read
  301.0s      100          196.1          377.8    226.5    226.5    226.5    234.9 update
  302.0s      100          851.0         1500.3     71.3     71.3     75.5     75.5 read
  302.0s      100          183.0          377.1    226.5    234.9    268.4    285.2 update
  303.0s      100          811.5         1498.0     71.3     71.3     71.3     75.5 read
  303.0s      100          188.9          376.5    226.5    226.5    234.9    234.9 update
  304.0s      100          782.3         1495.7     71.3     71.3     71.3     75.5 read
  304.0s      100          205.1          375.9    226.5    226.5    234.9    234.9 update
  305.0s      100          806.4         1493.4     71.3     71.3     75.5     75.5 read
  305.0s      100          198.1          375.3    226.5    226.5    234.9    234.9 update
  306.0s      100          839.4         1491.3     71.3     71.3     71.3     75.5 read
  306.0s      100          189.9          374.7    226.5    234.9    268.4    285.2 update
  307.0s      100          840.6         1489.2     71.3     71.3     71.3     75.5 read
  307.0s      100          182.1          374.1    226.5    226.5    234.9    234.9 update
  308.0s      100          781.9         1486.9     71.3     71.3     71.3    352.3 read
  308.0s      100          202.0          373.5    226.5    226.5    226.5    234.9 update
  309.0s      100          824.1         1484.7     71.3     71.3     75.5    352.3 read
  309.0s      100          187.0          372.9    226.5    234.9    285.2    285.2 update
  310.0s      100          803.9         1482.5     71.3     71.3     75.5     79.7 read
  310.0s      100          205.0          372.4    226.5    226.5    234.9    234.9 update
_elapsed___errors__ops/sec(inst)___ops/sec(cum)__p50(ms)__p95(ms)__p99(ms)_pMax(ms)
  311.0s      100          830.9         1480.4     71.3     71.3     75.5     75.5 read
  311.0s      100          185.0          371.8    226.5    226.5    234.9    234.9 update
  312.0s      100          818.1         1478.3     71.3     71.3     71.3     75.5 read
  312.0s      100          193.0          371.2    226.5    234.9    243.3    243.3 update
  313.0s      100          794.5         1476.1     71.3     71.3     71.3     75.5 read
  313.0s      100          193.9          370.7    226.5    260.0    285.2    285.2 update
  314.0s      100          834.7         1474.1     71.3     71.3     71.3     75.5 read
  314.0s      100          188.2          370.1    226.5    226.5    234.9    234.9 update
  315.0s      100          775.3         1471.9     71.3     75.5     75.5     79.7 read
  315.0s      100          211.8          369.6    226.5    234.9    234.9    234.9 update
  316.0s      100          882.6         1470.0     71.3     71.3     71.3     75.5 read
  316.0s      100          167.1          368.9    226.5    234.9    234.9    243.3 update
  317.0s      100          806.0         1467.9     71.3     71.3     75.5     79.7 read
  317.0s      100          194.0          368.4    226.5    234.9    268.4    285.2 update
  318.0s      100          839.9         1465.9     71.3     71.3     71.3     71.3 read
  318.0s      100          183.0          367.8    226.5    226.5    234.9    234.9 update
  319.0s      100          801.2         1463.9     71.3     71.3     71.3    385.9 read
  319.0s      100          202.1          367.3    226.5    234.9    234.9    234.9 update
  320.0s      100          780.7         1461.7     71.3     71.3     75.5     75.5 read
  320.0s      100          191.9          366.7    226.5    285.2    318.8    318.8 update
_elapsed___errors__ops/sec(inst)___ops/sec(cum)__p50(ms)__p95(ms)__p99(ms)_pMax(ms)
  321.0s      100          766.2         1459.6     71.3     71.3     71.3     75.5 read
  321.0s      100          221.1          366.3    226.5    226.5    234.9    234.9 update
  322.0s      100          797.9         1457.5     71.3     71.3     75.5     75.5 read
  322.0s      100          195.0          365.7    226.5    234.9    234.9    234.9 update
  323.0s      100          849.2         1455.6     71.3     71.3     71.3     75.5 read
  323.0s      100          180.1          365.2    226.5    226.5    234.9    234.9 update
  324.0s      100          743.6         1453.4     71.3     71.3     75.5    369.1 read
  324.0s      100          209.9          364.7    226.5    251.7    268.4    285.2 update
  325.0s      100          862.2         1451.6     71.3     71.3     75.5     75.5 read
  325.0s      100          181.0          364.1    226.5    234.9    234.9    234.9 update
  326.0s      100          823.1         1449.7     71.3     71.3     71.3     75.5 read
  326.0s      100          188.0          363.6    226.5    226.5    234.9    234.9 update
  327.0s      100          824.1         1447.8     71.3     71.3     71.3     75.5 read
  327.0s      100          191.0          363.1    226.5    234.9    285.2    285.2 update
  328.0s      100          811.5         1445.8     71.3     71.3     71.3     75.5 read
  328.0s      100          198.9          362.6    226.5    226.5    234.9    234.9 update
  329.0s      100          813.5         1443.9     71.3     71.3     75.5     75.5 read
  329.0s      100          188.1          362.0    226.5    234.9    234.9    234.9 update
  330.0s      100          762.1         1441.8     71.3     71.3     75.5     75.5 read
  330.0s      100          214.0          361.6    226.5    234.9    234.9    234.9 update
_elapsed___errors__ops/sec(inst)___ops/sec(cum)__p50(ms)__p95(ms)__p99(ms)_pMax(ms)
  331.0s      100          828.0         1440.0     71.3     71.3     75.5     75.5 read
  331.0s      100          185.0          361.0    226.5    243.3    268.4    285.2 update
  332.0s      100          717.8         1437.8     71.3     71.3     75.5     75.5 read
  332.0s      100          227.9          360.6    226.5    226.5    234.9    234.9 update
  333.0s      100          853.2         1436.0     71.3     71.3     71.3     75.5 read
  333.0s      100          182.0          360.1    226.5    226.5    234.9    234.9 update
  334.0s      100          706.0         1433.9     71.3     71.3     75.5     75.5 read
  334.0s      100          194.0          359.6    226.5    335.5    335.5    637.5 update
  335.0s      100          722.2         1431.7     71.3     71.3     75.5     75.5 read
  335.0s      100          161.1          359.0    335.5    335.5    335.5    335.5 update
  336.0s      100          764.6         1429.7     71.3     71.3     75.5     75.5 read
  336.0s      100          199.9          358.5    226.5    335.5    335.5    335.5 update
  337.0s      100          776.9         1427.8     71.3     71.3     71.3     75.5 read
  337.0s      100          204.0          358.1    226.5    226.5    234.9    234.9 update
  338.0s      100          791.2         1425.9     71.3     71.3     71.3     75.5 read
  338.0s      100          205.1          357.6    226.5    234.9    268.4    285.2 update
  339.0s      100          802.8         1424.1     71.3     71.3     71.3     75.5 read
  339.0s      100          194.9          357.2    226.5    226.5    226.5    234.9 update
  340.0s      100          786.8         1422.2     71.3     71.3     75.5     75.5 read
  340.0s      100          207.0          356.7    226.5    226.5    234.9    234.9 update
_elapsed___errors__ops/sec(inst)___ops/sec(cum)__p50(ms)__p95(ms)__p99(ms)_pMax(ms)
  341.0s      100          804.7         1420.4     71.3     71.3     71.3     75.5 read
  341.0s      100          199.2          356.3    226.5    234.9    234.9    234.9 update
  342.0s      100          877.8         1418.8     71.3     71.3     75.5    352.3 read
  342.0s      100          168.0          355.7    226.5    234.9    260.0    260.0 update
  343.0s      100          812.4         1417.0     71.3     71.3     71.3     75.5 read
  343.0s      100          190.9          355.2    226.5    226.5    234.9    234.9 update
  344.0s      100          804.5         1415.3     71.3     71.3     71.3     75.5 read
  344.0s      100          202.1          354.8    226.5    243.3    285.2    285.2 update
  345.0s      100          796.7         1413.5     71.3     71.3     71.3     75.5 read
  345.0s      100          196.9          354.3    226.5    234.9    234.9    234.9 update
  346.0s      100          838.7         1411.8     71.3     75.5     75.5     75.5 read
  346.0s      100          175.1          353.8    226.5    302.0    335.5    352.3 update
  347.0s      100          814.5         1410.1     71.3     71.3     75.5     79.7 read
  347.0s      100          189.9          353.3    226.5    234.9    234.9    243.3 update
  348.0s      100          862.6         1408.5     71.3     71.3     71.3     75.5 read
  348.0s      100          188.1          352.9    226.5    226.5    234.9    234.9 update
  349.0s      100          832.1         1406.9     71.3     71.3     71.3     75.5 read
  349.0s      100          182.8          352.4    226.5    226.5    226.5    234.9 update
  350.0s      100          784.6         1405.1     71.3     75.5     75.5     79.7 read
  350.0s      100          201.2          351.9    226.5    260.0    302.0    318.8 update
_elapsed___errors__ops/sec(inst)___ops/sec(cum)__p50(ms)__p95(ms)__p99(ms)_pMax(ms)
  351.0s      100          807.1         1403.4     71.3     71.3     75.5     79.7 read
  351.0s      100          194.0          351.5    226.5    226.5    234.9    234.9 update
  352.0s      100          833.1         1401.8     71.3     71.3     71.3     71.3 read
  352.0s      100          191.0          351.0    226.5    226.5    234.9    234.9 update
  353.0s      100          786.3         1400.0     71.3     71.3     75.5     75.5 read
  353.0s      100          194.8          350.6    226.5    302.0    318.8    352.3 update
  354.0s      100          800.0         1398.3     71.3     71.3     75.5     75.5 read
  354.0s      100          203.0          350.2    226.5    234.9    234.9    243.3 update
  355.0s      100          858.8         1396.8     71.3     71.3     79.7     83.9 read
  355.0s      100          171.2          349.7    226.5    234.9    234.9    234.9 update
  356.0s      100          780.5         1395.1     71.3     71.3     71.3     79.7 read
  356.0s      100          202.9          349.3    226.5    234.9    234.9    234.9 update
  357.0s      100          726.1         1393.2     71.3     75.5     75.5     79.7 read
  357.0s      100          206.0          348.9    226.5    318.8    352.3    352.3 update
  358.0s      100          756.4         1391.4     71.3     71.3     75.5     75.5 read
  358.0s      100          215.1          348.5    226.5    234.9    243.3    251.7 update
  359.0s      100          827.4         1389.8     71.3     71.3     71.3     71.3 read
  359.0s      100          192.9          348.0    226.5    234.9    234.9    234.9 update
  360.0s      100          756.3         1388.1     71.3     75.5     75.5     75.5 read
  360.0s      100          209.1          347.7    226.5    285.2    335.5    335.5 update
_elapsed___errors__ops/sec(inst)___ops/sec(cum)__p50(ms)__p95(ms)__p99(ms)_pMax(ms)
  361.0s      100          691.8         1386.2     71.3    184.5    226.5    234.9 read
  361.0s      100          186.0          347.2    226.5    352.3    385.9    402.7 update
  362.0s      100          852.8         1384.7     71.3     71.3     75.5     79.7 read
  362.0s      100          187.0          346.8    226.5    226.5    234.9    234.9 update
  363.0s      100          788.3         1383.0     71.3     71.3     75.5     75.5 read
  363.0s      100          180.1          346.3    226.5    226.5    234.9    234.9 update
  364.0s      100          778.3         1381.4     71.3     71.3     71.3     75.5 read
  364.0s      100          223.1          346.0    226.5    260.0    302.0    318.8 update
  365.0s      100          792.6         1379.8     71.3     71.3     71.3     75.5 read
  365.0s      100          201.9          345.6    226.5    226.5    226.5    234.9 update
  366.0s      100          802.9         1378.2     71.3     71.3     71.3     75.5 read
  366.0s      100          192.0          345.2    226.5    226.5    234.9    234.9 update
  367.0s      100          752.7         1376.5     71.3     71.3     75.5    369.1 read
  367.0s      100          207.9          344.8    226.5    260.0    302.0    318.8 update
  368.0s      100          780.7         1374.9     71.3     71.3     71.3     75.5 read
  368.0s      100          210.2          344.4    226.5    226.5    226.5    234.9 update
  369.0s      100          726.9         1373.1     71.3     71.3     71.3     75.5 read
  369.0s      100          219.0          344.1    226.5    226.5    234.9    234.9 update
  370.0s      100          774.1         1371.5     71.3     71.3     75.5    385.9 read
  370.0s      100          199.0          343.7    226.5    268.4    302.0    318.8 update
_elapsed___errors__ops/sec(inst)___ops/sec(cum)__p50(ms)__p95(ms)__p99(ms)_pMax(ms)
  371.0s      100          752.9         1369.8     71.3     75.5     79.7     79.7 read
  371.0s      100          213.0          343.3    226.5    234.9    234.9    234.9 update
  372.0s      100          791.3         1368.3     71.3     71.3     71.3    385.9 read
  372.0s      100          200.1          342.9    226.5    226.5    234.9    234.9 update
  373.0s      100          771.3         1366.7     71.3     71.3     75.5     75.5 read
  373.0s      100          208.8          342.6    226.5    226.5    234.9    234.9 update
  374.0s      100          792.1         1365.1     71.3     75.5     75.5     79.7 read
  374.0s      100          192.0          342.2    226.5    302.0    318.8    352.3 update
  375.0s      100          859.1         1363.8     71.3     71.3     75.5     79.7 read
  375.0s      100          182.0          341.8    226.5    234.9    234.9    234.9 update
  376.0s      100          697.3         1362.0     71.3    218.1    251.7    260.0 read
  376.0s      100          168.1          341.3    226.5    385.9    402.7    402.7 update
  377.0s      100          859.9         1360.7     71.3     75.5     75.5     79.7 read
  377.0s      100          182.0          340.9    226.5    251.7    318.8    335.5 update
  378.0s      100          752.1         1359.1     71.3    176.2    209.7    218.1 read
  378.0s      100          178.0          340.4    226.5    352.3    369.1    385.9 update
  379.0s      100          751.5         1357.5     71.3     71.3     75.5     75.5 read
  379.0s      100          203.9          340.1    226.5    226.5    234.9    234.9 update
  380.0s      100          773.5         1355.9     71.3     75.5     79.7     79.7 read
  380.0s      100          203.1          339.7    226.5    234.9    234.9    243.3 update
_elapsed___errors__ops/sec(inst)___ops/sec(cum)__p50(ms)__p95(ms)__p99(ms)_pMax(ms)
  381.0s      100          769.5         1354.4     71.3     75.5     75.5    385.9 read
  381.0s      100          196.9          339.3    226.5    285.2    352.3    536.9 update
  382.0s      100          790.1         1352.9     71.3     71.3     75.5     79.7 read
  382.0s      100          205.0          339.0    226.5    226.5    234.9    234.9 update
  383.0s      100          655.9         1351.1     71.3    285.2    318.8    335.5 read
  383.0s      100          153.0          338.5    226.5    469.8    486.5    503.3 update
  384.0s      100          816.5         1349.7     71.3     75.5     75.5     79.7 read
  384.0s      100          199.1          338.1    226.5    234.9    234.9    234.9 update
  385.0s      100          825.7         1348.3     71.3     71.3     75.5     75.5 read
  385.0s      100          156.9          337.7    226.5    335.5    369.1    385.9 update
  386.0s      100          694.2         1346.6     71.3     71.3     71.3    352.3 read
  386.0s      100          165.1          337.2    335.5    335.5    335.5    352.3 update
  387.0s      100          686.8         1344.9     71.3     71.3     71.3     75.5 read
  387.0s      100          155.0          336.8    335.5    335.5    335.5    335.5 update
  388.0s      100          633.8         1343.1     71.3     71.3     71.3     71.3 read
  388.0s      100          169.9          336.3    335.5    335.5    335.5    335.5 update
  389.0s      100          637.6         1341.3     71.3     71.3     75.5     75.5 read
  389.0s      100          162.2          335.9    335.5    402.7    453.0    469.8 update
  390.0s      100          635.6         1339.5     71.3    218.1    260.0    260.0 read
  390.0s      100          147.9          335.4    335.5    469.8    520.1    520.1 update
_elapsed___errors__ops/sec(inst)___ops/sec(cum)__p50(ms)__p95(ms)__p99(ms)_pMax(ms)
  391.0s      100          644.0         1337.7     71.3     75.5     75.5     75.5 read
  391.0s      100          163.0          335.0    335.5    335.5    335.5    335.5 update
  392.0s      100          618.4         1335.9     71.3    285.2    335.5    335.5 read
  392.0s      100          168.1          334.5    226.5    335.5    335.5    352.3 update
  393.0s      100          795.5         1334.5     71.3     75.5     79.7     83.9 read
  393.0s      100          185.9          334.2    226.5    453.0    486.5    503.3 update
  394.0s      100          794.4         1333.1     71.3     75.5     79.7     79.7 read
  394.0s      100          201.1          333.8    226.5    234.9    234.9    243.3 update
  395.0s      100          801.3         1331.8     71.3     71.3     75.5     75.5 read
  395.0s      100          199.8          333.5    226.5    226.5    234.9    234.9 update
  396.0s      100          752.2         1330.3     71.3     71.3     75.5     75.5 read
  396.0s      100          204.1          333.1    226.5    268.4    318.8    318.8 update
  397.0s      100          764.5         1328.9     71.3     71.3     71.3     75.5 read
  397.0s      100          213.1          332.8    226.5    226.5    234.9    234.9 update
  398.0s      100          849.9         1327.7     71.3     71.3     71.3     75.5 read
  398.0s      100          182.0          332.5    226.5    234.9    234.9    234.9 update
  399.0s      100          767.0         1326.3     71.3     71.3     75.5     79.7 read
  399.0s      100          203.0          332.1    226.5    234.9    234.9    234.9 update
  400.0s      100          730.2         1324.8     71.3     75.5     75.5     79.7 read
  400.0s      100          215.0          331.8    226.5    302.0    335.5    335.5 update
_elapsed___errors__ops/sec(inst)___ops/sec(cum)__p50(ms)__p95(ms)__p99(ms)_pMax(ms)
  401.0s      100          845.7         1323.6     71.3     71.3     71.3    369.1 read
  401.0s      100          180.9          331.5    226.5    226.5    234.9    234.9 update
  402.0s      100          772.1         1322.2     71.3     71.3     71.3     75.5 read
  402.0s      100          207.0          331.2    226.5    226.5    234.9    234.9 update
  403.0s      100          748.0         1320.8     71.3     71.3     75.5    352.3 read
  403.0s      100          205.0          330.9    226.5    352.3    369.1    369.1 update
  404.0s      100          808.9         1319.5     71.3     71.3     75.5     75.5 read
  404.0s      100          198.0          330.5    226.5    234.9    234.9    234.9 update
  405.0s      100          837.0         1318.3     71.3     71.3     71.3     75.5 read
  405.0s      100          187.0          330.2    226.5    226.5    234.9    234.9 update
  406.0s      100          795.0         1317.1     71.3     71.3     71.3     75.5 read
  406.0s      100          205.0          329.9    226.5    226.5    226.5    234.9 update
  407.0s      100          765.0         1315.7     71.3     71.3     75.5     79.7 read
  407.0s      100          196.0          329.5    226.5    268.4    318.8    335.5 update
  408.0s      100          733.2         1314.3     71.3     71.3     71.3     75.5 read
  408.0s      100          218.1          329.3    226.5    226.5    234.9    234.9 update
  409.0s      100          806.2         1313.0     71.3     71.3     71.3     75.5 read
  409.0s      100          200.0          328.9    226.5    226.5    234.9    234.9 update
  410.0s      100          770.9         1311.7     71.3     71.3     75.5     75.5 read
  410.0s      100          201.0          328.6    226.5    318.8    352.3    369.1 update
_elapsed___errors__ops/sec(inst)___ops/sec(cum)__p50(ms)__p95(ms)__p99(ms)_pMax(ms)
  411.0s      100          792.9         1310.4     71.3     71.3     75.5     75.5 read
  411.0s      100          195.0          328.3    226.5    226.5    234.9    234.9 update
  412.0s      100          768.8         1309.1     71.3     71.3     71.3     75.5 read
  412.0s      100          207.9          328.0    226.5    226.5    234.9    234.9 update
  413.0s      100          791.1         1307.9     71.3     71.3     71.3     75.5 read
  413.0s      100          209.0          327.7    226.5    234.9    234.9    243.3 update
  414.0s      100          831.6         1306.7     71.3     71.3     71.3     75.5 read
  414.0s      100          180.9          327.4    226.5    260.0    302.0    318.8 update
  415.0s      100          826.5         1305.6     71.3     71.3     75.5     79.7 read
  415.0s      100          190.1          327.0    226.5    234.9    234.9    234.9 update
  416.0s      100          781.9         1304.3     71.3     71.3     71.3     75.5 read
  416.0s      100          208.0          326.8    226.5    226.5    234.9    234.9 update
  417.0s      100          765.9         1303.0     71.3     71.3     71.3     75.5 read
  417.0s      100          199.0          326.4    226.5    318.8    335.5    352.3 update
  418.0s      100          795.8         1301.8     71.3     71.3     75.5     75.5 read
  418.0s      100          198.0          326.1    226.5    234.9    234.9    243.3 update
  419.0s      100          802.3         1300.6     71.3     71.3     71.3     75.5 read
  419.0s      100          198.1          325.8    226.5    234.9    234.9    243.3 update
  420.0s      100          785.5         1299.4     71.3     71.3     75.5     75.5 read
  420.0s      100          206.9          325.5    226.5    226.5    234.9    234.9 update
_elapsed___errors__ops/sec(inst)___ops/sec(cum)__p50(ms)__p95(ms)__p99(ms)_pMax(ms)
  421.0s      100          770.4         1298.1     71.3     71.3     71.3     75.5 read
  421.0s      100          203.1          325.3    226.5    243.3    302.0    302.0 update
  422.0s      100          790.7         1296.9     71.3     71.3     71.3    369.1 read
  422.0s      100          198.9          325.0    226.5    234.9    234.9    234.9 update
  423.0s      100          793.0         1295.7     71.3     71.3     71.3     75.5 read
  423.0s      100          196.0          324.7    226.5    234.9    243.3    243.3 update
  424.0s      100          815.4         1294.6     71.3     71.3     71.3     75.5 read
  424.0s      100          176.1          324.3    226.5    234.9    234.9    234.9 update
  425.0s      100          775.5         1293.4     71.3     71.3     75.5     75.5 read
  425.0s      100          214.9          324.0    226.5    285.2    318.8    335.5 update
  426.0s      100          821.4         1292.3     71.3     71.3     71.3     75.5 read
  426.0s      100          196.1          323.7    226.5    226.5    234.9    234.9 update
  427.0s      100          824.7         1291.2     71.3     75.5     88.1     96.5 read
  427.0s      100          186.9          323.4    226.5    234.9    243.3    251.7 update
  428.0s      100          847.4         1290.1     71.3     71.3     75.5    385.9 read
  428.0s      100          170.1          323.1    226.5    260.0    302.0    318.8 update
  429.0s      100          779.5         1289.0     71.3     75.5     79.7     88.1 read
  429.0s      100          199.9          322.8    226.5    234.9    234.9    243.3 update
  430.0s      100          824.4         1287.9     71.3     75.5     75.5     79.7 read
  430.0s      100          190.1          322.5    226.5    234.9    234.9    520.1 update
_elapsed___errors__ops/sec(inst)___ops/sec(cum)__p50(ms)__p95(ms)__p99(ms)_pMax(ms)
  431.0s      100          764.5         1286.7     71.3     71.3     71.3     75.5 read
  431.0s      100          211.9          322.2    226.5    226.5    234.9    234.9 update
  432.0s      100          772.0         1285.5     71.3     75.5     79.7     88.1 read
  432.0s      100          198.0          321.9    226.5    302.0    335.5    352.3 update
  433.0s      100          770.6         1284.3     71.3     71.3     71.3     75.5 read
  433.0s      100          205.1          321.7    226.5    234.9    234.9    234.9 update
  434.0s      100          779.9         1283.1     71.3     71.3     75.5     75.5 read
  434.0s      100          209.0          321.4    226.5    226.5    234.9    234.9 update
  435.0s      100          755.1         1281.9     71.3     79.7     88.1     96.5 read
  435.0s      100          201.0          321.1    226.5    318.8    352.3    369.1 update
  436.0s      100          790.8         1280.8     71.3     75.5     75.5    369.1 read
  436.0s      100          187.9          320.8    226.5    234.9    243.3    536.9 update
  437.0s      100          813.9         1279.7     71.3     71.3     75.5     75.5 read
  437.0s      100          193.0          320.5    226.5    226.5    234.9    234.9 update
  438.0s      100          780.8         1278.6     71.3     71.3     71.3    369.1 read
  438.0s      100          207.0          320.3    226.5    226.5    226.5    234.9 update
  439.0s      100          762.4         1277.4     71.3     71.3     75.5     75.5 read
  439.0s      100          203.1          320.0    226.5    268.4    318.8    520.1 update
  440.0s      100          789.2         1276.3     71.3     71.3     75.5     75.5 read
  440.0s      100          196.1          319.7    226.5    226.5    234.9    234.9 update
_elapsed___errors__ops/sec(inst)___ops/sec(cum)__p50(ms)__p95(ms)__p99(ms)_pMax(ms)
  441.0s      100          773.9         1275.1     71.3     71.3     71.3    385.9 read
  441.0s      100          209.0          319.5    226.5    226.5    234.9    234.9 update
  442.0s      100          794.1         1274.1     71.3     71.3     71.3     79.7 read
  442.0s      100          202.0          319.2    226.5    226.5    234.9    234.9 update
  443.0s      100          778.0         1272.9     71.3     71.3     75.5     75.5 read
  443.0s      100          201.0          318.9    226.5    302.0    335.5    352.3 update
  444.0s      100          827.5         1271.9     71.3     71.3     71.3     79.7 read
  444.0s      100          190.9          318.6    226.5    226.5    234.9    234.9 update
  445.0s      100          808.2         1270.9     71.3     71.3     79.7     88.1 read
  445.0s      100          190.0          318.4    226.5    234.9    234.9    243.3 update
  446.0s      100          782.1         1269.8     71.3     71.3     75.5     75.5 read
  446.0s      100          200.0          318.1    226.5    285.2    318.8    318.8 update
  447.0s      100          760.0         1268.7     71.3     71.3     75.5    369.1 read
  447.0s      100          215.0          317.9    226.5    226.5    234.9    234.9 update
  448.0s      100          811.6         1267.6     71.3     75.5     79.7     92.3 read
  448.0s      100          189.9          317.6    226.5    234.9    251.7    251.7 update
  449.0s      100          811.9         1266.6     71.3     71.3     75.5     75.5 read
  449.0s      100          194.0          317.3    226.5    226.5    234.9    234.9 update
  450.0s      100          827.4         1265.6     71.3     75.5     83.9     88.1 read
  450.0s      100          189.1          317.0    226.5    234.9    243.3    243.3 update
_elapsed___errors__ops/sec(inst)___ops/sec(cum)__p50(ms)__p95(ms)__p99(ms)_pMax(ms)
  451.0s      100          805.3         1264.6     71.3     71.3     75.5     79.7 read
  451.0s      100          187.1          316.7    226.5    234.9    234.9    234.9 update
  452.0s      100          796.8         1263.6     71.3     71.3     71.3     75.5 read
  452.0s      100          200.9          316.5    226.5    226.5    234.9    234.9 update
  453.0s      100          857.0         1262.7     71.3     75.5     83.9     88.1 read
  453.0s      100          182.0          316.2    226.5    251.7    302.0    302.0 update
  454.0s      100          796.6         1261.7     71.3     71.3     75.5     75.5 read
  454.0s      100          189.9          315.9    226.5    234.9    243.3    243.3 update
  455.0s      100          813.8         1260.7     71.3     71.3     75.5     75.5 read
  455.0s      100          196.0          315.6    226.5    234.9    234.9    234.9 update
  456.0s      100          765.4         1259.6     71.3     71.3     83.9     88.1 read
  456.0s      100          205.1          315.4    226.5    234.9    234.9    243.3 update
  457.0s      100          797.4         1258.6     71.3     75.5     79.7     92.3 read
  457.0s      100          188.1          315.1    226.5    318.8    318.8    318.8 update
  458.0s      100          769.9         1257.5     71.3     71.3     75.5    352.3 read
  458.0s      100          210.0          314.9    226.5    234.9    243.3    536.9 update
  459.0s      100          756.8         1256.4     71.3     71.3     79.7     92.3 read
  459.0s      100          207.9          314.6    226.5    234.9    243.3    243.3 update
  460.0s      100          766.3         1255.4     71.3     71.3     71.3     75.5 read
  460.0s      100          206.1          314.4    226.5    226.5    234.9    234.9 update
_elapsed___errors__ops/sec(inst)___ops/sec(cum)__p50(ms)__p95(ms)__p99(ms)_pMax(ms)
  461.0s      100          811.9         1254.4     71.3     71.3     71.3    385.9 read
  461.0s      100          193.0          314.1    226.5    226.5    234.9    234.9 update
  462.0s      100          801.3         1253.4     71.3     75.5     88.1    369.1 read
  462.0s      100          190.8          313.9    226.5    234.9    234.9    243.3 update
  463.0s      100          810.1         1252.5     71.3     71.3     75.5     75.5 read
  463.0s      100          194.0          313.6    226.5    226.5    234.9    234.9 update
  464.0s      100          761.0         1251.4     71.3     71.3     83.9    385.9 read
  464.0s      100          172.0          313.3    226.5    234.9    234.9    536.9 update
  465.0s      100          769.1         1250.4     71.3     75.5     79.7     88.1 read
  465.0s      100          233.0          313.1    226.5    302.0    352.3    352.3 update
  466.0s      100          782.5         1249.4     71.3     71.3     75.5     79.7 read
  466.0s      100          201.1          312.9    226.5    226.5    226.5    234.9 update
  467.0s      100          804.0         1248.4     71.3     71.3     75.5     83.9 read
  467.0s      100          197.0          312.7    226.5    234.9    234.9    234.9 update
  468.0s      100          793.0         1247.4     71.3     71.3     71.3     75.5 read
  468.0s      100          198.0          312.4    226.5    285.2    352.3    369.1 update
  469.0s      100          801.8         1246.5     71.3     71.3     83.9    352.3 read
  469.0s      100          188.0          312.1    226.5    226.5    243.3    520.1 update
  470.0s      100          838.3         1245.6     71.3     71.3     83.9     88.1 read
  470.0s      100          183.1          311.9    226.5    234.9    243.3    243.3 update
_elapsed___errors__ops/sec(inst)___ops/sec(cum)__p50(ms)__p95(ms)__p99(ms)_pMax(ms)
  471.0s      100          823.8         1244.7     71.3     71.3     75.5     75.5 read
  471.0s      100          191.9          311.6    226.5    226.5    234.9    234.9 update
  472.0s      100          810.0         1243.8     71.3     75.5     75.5     79.7 read
  472.0s      100          196.0          311.4    226.5    285.2    302.0    318.8 update
  473.0s      100          836.2         1242.9     71.3     75.5     79.7     92.3 read
  473.0s      100          185.0          311.1    226.5    234.9    234.9    243.3 update
  474.0s      100          789.4         1242.0     71.3     71.3     75.5     79.7 read
  474.0s      100          195.8          310.9    226.5    226.5    234.9    234.9 update
  475.0s      100          791.1         1241.0     71.3     75.5     75.5     79.7 read
  475.0s      100          202.0          310.6    226.5    260.0    318.8    318.8 update
  476.0s      100          776.9         1240.1     71.3     71.3     79.7     83.9 read
  476.0s      100          202.0          310.4    226.5    234.9    234.9    234.9 update
  477.0s      100          814.0         1239.2     71.3     71.3     71.3     75.5 read
  477.0s      100          196.0          310.2    226.5    226.5    234.9    234.9 update
  478.0s      100          822.7         1238.3     71.3     71.3     75.5    369.1 read
  478.0s      100          188.2          309.9    226.5    226.5    234.9    234.9 update
  479.0s      100          765.9         1237.3     71.3     75.5     83.9    352.3 read
  479.0s      100          201.0          309.7    226.5    285.2    318.8    335.5 update
  480.0s      100          814.7         1236.4     71.3     71.3     71.3     79.7 read
  480.0s      100          195.9          309.4    226.5    226.5    234.9    234.9 update
_elapsed___errors__ops/sec(inst)___ops/sec(cum)__p50(ms)__p95(ms)__p99(ms)_pMax(ms)
  481.0s      100          814.8         1235.5     71.3     71.3     71.3     75.5 read
  481.0s      100          193.9          309.2    226.5    234.9    234.9    234.9 update
  482.0s      100          845.4         1234.7     71.3     75.5     75.5     88.1 read
  482.0s      100          179.1          308.9    226.5    302.0    335.5    335.5 update
  483.0s      100          797.0         1233.8     71.3     71.3     75.5     75.5 read
  483.0s      100          195.0          308.7    226.5    234.9    234.9    234.9 update
  484.0s      100          804.8         1232.9     71.3     71.3     75.5     83.9 read
  484.0s      100          197.9          308.5    226.5    226.5    234.9    234.9 update
  485.0s      100          808.1         1232.1     71.3     71.3     75.5     75.5 read
  485.0s      100          189.0          308.2    226.5    234.9    234.9    234.9 update
  486.0s      100          805.0         1231.2     71.3     71.3     75.5     75.5 read
  486.0s      100          193.0          308.0    226.5    285.2    335.5    352.3 update
  487.0s      100          804.1         1230.3     71.3     71.3     71.3     79.7 read
  487.0s      100          199.0          307.8    226.5    234.9    234.9    234.9 update
  488.0s      100          827.7         1229.5     71.3     71.3     75.5     75.5 read
  488.0s      100          191.9          307.5    226.5    226.5    234.9    234.9 update
  489.0s      100          817.1         1228.6     71.3     71.3     75.5     75.5 read
  489.0s      100          187.0          307.3    226.5    302.0    335.5    335.5 update
  490.0s      100          795.3         1227.8     71.3     71.3     79.7     83.9 read
  490.0s      100          195.1          307.0    226.5    234.9    234.9    234.9 update
_elapsed___errors__ops/sec(inst)___ops/sec(cum)__p50(ms)__p95(ms)__p99(ms)_pMax(ms)
  491.0s      100          802.6         1226.9     71.3     71.3     71.3     75.5 read
  491.0s      100          197.9          306.8    226.5    234.9    234.9    243.3 update
  492.0s      100          826.2         1226.1     71.3     71.3     75.5     75.5 read
  492.0s      100          188.1          306.6    226.5    285.2    318.8    335.5 update
  493.0s      100          785.9         1225.2     71.3     71.3     75.5     79.7 read
  493.0s      100          204.0          306.4    226.5    234.9    234.9    234.9 update
  494.0s      100          806.4         1224.3     71.3     71.3     75.5     75.5 read
  494.0s      100          187.1          306.1    226.5    234.9    234.9    243.3 update
  495.0s      100          787.2         1223.5     71.3     71.3     75.5     79.7 read
  495.0s      100          202.8          305.9    226.5    234.9    234.9    234.9 update
  496.0s      100          764.6         1222.5     71.3     71.3     75.5     75.5 read
  496.0s      100          204.2          305.7    226.5    285.2    318.8    520.1 update
  497.0s      100          805.9         1221.7     71.3     75.5     79.7    369.1 read
  497.0s      100          195.0          305.5    226.5    234.9    234.9    243.3 update
  498.0s      100          821.3         1220.9     71.3     71.3     79.7     88.1 read
  498.0s      100          192.1          305.3    226.5    234.9    234.9    234.9 update
  499.0s      100          765.8         1220.0     71.3     71.3     75.5     75.5 read
  499.0s      100          200.0          305.1    226.5    302.0    335.5    352.3 update
  500.0s      100          790.9         1219.1     71.3     71.3     75.5    352.3 read
  500.0s      100          198.0          304.8    226.5    234.9    234.9    234.9 update
_elapsed___errors__ops/sec(inst)___ops/sec(cum)__p50(ms)__p95(ms)__p99(ms)_pMax(ms)
  501.0s      100          829.3         1218.3     71.3     71.3     71.3     75.5 read
  501.0s      100          190.1          304.6    226.5    226.5    226.5    234.9 update
  502.0s      100          819.5         1217.5     71.3     71.3     71.3     75.5 read
  502.0s      100          188.9          304.4    226.5    226.5    234.9    234.9 update
  503.0s      100          755.0         1216.6     71.3     71.3     75.5     79.7 read
  503.0s      100          211.0          304.2    226.5    251.7    302.0    318.8 update
  504.0s      100          816.5         1215.8     71.3     71.3     71.3     75.5 read
  504.0s      100          191.1          304.0    226.5    226.5    226.5    234.9 update
  505.0s      100          795.3         1215.0     71.3     71.3     75.5     75.5 read
  505.0s      100          200.8          303.8    226.5    226.5    234.9    234.9 update
  506.0s      100          716.5         1214.0     71.3     71.3     75.5     79.7 read
  506.0s      100          208.1          303.6    226.5    335.5    369.1    402.7 update
  507.0s      100          789.9         1213.2     71.3     71.3     75.5    369.1 read
  507.0s      100          201.0          303.4    226.5    234.9    234.9    234.9 update
  508.0s      100          764.2         1212.3     71.3     71.3     71.3     75.5 read
  508.0s      100          210.1          303.2    226.5    226.5    234.9    234.9 update
  509.0s      100          785.3         1211.5     71.3     71.3     75.5     79.7 read
  509.0s      100          198.8          303.0    226.5    234.9    234.9    234.9 update
  510.0s      100          708.0         1210.5     71.3     75.5     75.5     79.7 read
  510.0s      100          217.0          302.8    226.5    335.5    385.9    385.9 update
_elapsed___errors__ops/sec(inst)___ops/sec(cum)__p50(ms)__p95(ms)__p99(ms)_pMax(ms)
  511.0s      100          815.6         1209.7     71.3     71.3     71.3     75.5 read
  511.0s      100          193.1          302.6    226.5    226.5    234.9    234.9 update
  512.0s      100          763.9         1208.8     71.3     71.3     75.5     79.7 read
  512.0s      100          212.0          302.4    226.5    226.5    234.9    234.9 update
  513.0s      100          769.1         1208.0     71.3     71.3     75.5    385.9 read
  513.0s      100          194.0          302.2    226.5    302.0    318.8    318.8 update
  514.0s      100          761.9         1207.1     71.3     71.3     71.3     75.5 read
  514.0s      100          214.0          302.0    226.5    226.5    234.9    234.9 update
  515.0s      100          813.1         1206.3     71.3     71.3     75.5     79.7 read
  515.0s      100          192.0          301.8    226.5    226.5    234.9    234.9 update
  516.0s      100          802.0         1205.5     71.3     71.3     71.3     75.5 read
  516.0s      100          195.0          301.6    226.5    226.5    234.9    234.9 update
  517.0s      100          760.8         1204.7     71.3     71.3     75.5    369.1 read
  517.0s      100          188.9          301.4    226.5    352.3    402.7    520.1 update
  518.0s      100          787.3         1203.9     71.3     71.3     75.5    369.1 read
  518.0s      100          207.1          301.2    226.5    234.9    234.9    243.3 update
  519.0s      100          847.6         1203.2     71.3     71.3     75.5     75.5 read
  519.0s      100          177.9          301.0    226.5    234.9    234.9    234.9 update
  520.0s      100          723.0         1202.3     71.3     71.3     75.5     75.5 read
  520.0s      100          220.0          300.8    226.5    285.2    352.3    352.3 update
_elapsed___errors__ops/sec(inst)___ops/sec(cum)__p50(ms)__p95(ms)__p99(ms)_pMax(ms)
  521.0s      100          820.1         1201.5     71.3     71.3     75.5     79.7 read
  521.0s      100          186.0          300.6    226.5    234.9    234.9    234.9 update
  522.0s      100          793.8         1200.8     71.3     71.3     71.3     75.5 read
  522.0s      100          203.0          300.4    226.5    226.5    234.9    234.9 update
  523.0s      100          770.3         1199.9     71.3     71.3     71.3    352.3 read
  523.0s      100          203.1          300.2    226.5    234.9    503.3    536.9 update
  524.0s      100          749.9         1199.1     71.3     75.5     75.5     79.7 read
  524.0s      100          192.0          300.0    226.5    369.1    385.9    402.7 update
  525.0s      100          820.6         1198.4     71.3     71.3     75.5     75.5 read
  525.0s      100          193.9          299.8    226.5    226.5    234.9    234.9 update
  526.0s      100          801.1         1197.6     71.3     71.3     75.5     75.5 read
  526.0s      100          199.0          299.6    226.5    226.5    234.9    234.9 update
  527.0s      100          773.9         1196.8     71.3     71.3     75.5     79.7 read
  527.0s      100          187.0          299.4    226.5    369.1    402.7    419.4 update
  528.0s      100          823.9         1196.1     71.3     71.3     75.5    385.9 read
  528.0s      100          186.0          299.2    226.5    234.9    234.9    536.9 update
  529.0s      100          798.5         1195.3     71.3     71.3     71.3    369.1 read
  529.0s      100          200.1          299.0    226.5    234.9    234.9    234.9 update
  530.0s      100          765.7         1194.5     71.3     71.3     75.5     75.5 read
  530.0s      100          204.9          298.8    226.5    234.9    234.9    243.3 update
_elapsed___errors__ops/sec(inst)___ops/sec(cum)__p50(ms)__p95(ms)__p99(ms)_pMax(ms)
  531.0s      100          747.2         1193.7     71.3     71.3     75.5     75.5 read
  531.0s      100          207.1          298.7    226.5    318.8    369.1    385.9 update
  532.0s      100          758.0         1192.9     71.3     71.3     71.3     75.5 read
  532.0s      100          203.0          298.5    226.5    234.9    234.9    234.9 update
  533.0s      100          783.8         1192.1     71.3     71.3     71.3     79.7 read
  533.0s      100          211.0          298.3    226.5    234.9    234.9    234.9 update
  534.0s      100          797.2         1191.4     71.3     71.3     75.5     75.5 read
  534.0s      100          187.0          298.1    226.5    302.0    335.5    352.3 update
  535.0s      100          813.9         1190.7     71.3     71.3     71.3    352.3 read
  535.0s      100          189.0          297.9    226.5    234.9    234.9    234.9 update
  536.0s      100          794.3         1189.9     71.3     71.3     75.5    369.1 read
  536.0s      100          191.1          297.7    226.5    234.9    234.9    536.9 update
  537.0s      100          818.7         1189.2     71.3     71.3     71.3     75.5 read
  537.0s      100          193.9          297.5    226.5    234.9    243.3    243.3 update
  538.0s      100          780.2         1188.5     71.3     71.3     75.5    369.1 read
  538.0s      100          190.1          297.3    226.5    318.8    369.1    385.9 update
  539.0s      100          771.9         1187.7     71.3     71.3     75.5     75.5 read
  539.0s      100          206.0          297.2    226.5    226.5    234.9    234.9 update
  540.0s      100          777.5         1186.9     71.3     71.3     75.5     79.7 read
  540.0s      100          204.9          297.0    226.5    234.9    234.9    234.9 update
_elapsed___errors__ops/sec(inst)___ops/sec(cum)__p50(ms)__p95(ms)__p99(ms)_pMax(ms)
  541.0s      100          839.2         1186.3     71.3     71.3     71.3     75.5 read
  541.0s      100          177.1          296.8    226.5    234.9    234.9    234.9 update
  542.0s      100          741.5         1185.5     71.3     75.5     75.5     75.5 read
  542.0s      100          209.1          296.6    226.5    369.1    385.9    402.7 update
  543.0s      100          754.5         1184.7     71.3     71.3     71.3     71.3 read
  543.0s      100          209.8          296.4    226.5    226.5    234.9    234.9 update
  544.0s      100          833.1         1184.0     71.3     71.3     71.3     75.5 read
  544.0s      100          186.0          296.2    226.5    226.5    234.9    234.9 update
  545.0s      100          814.9         1183.3     71.3     71.3     75.5     75.5 read
  545.0s      100          190.0          296.0    226.5    285.2    318.8    318.8 update
  546.0s      100          782.7         1182.6     71.3     71.3     71.3    352.3 read
  546.0s      100          192.9          295.9    226.5    234.9    234.9    234.9 update
  547.0s      100          739.4         1181.8     71.3     71.3     71.3    385.9 read
  547.0s      100          215.1          295.7    226.5    226.5    234.9    234.9 update
  548.0s      100          782.1         1181.1     71.3     71.3     71.3     75.5 read
  548.0s      100          202.0          295.5    226.5    226.5    234.9    234.9 update
  549.0s      100          772.1         1180.3     71.3     75.5     75.5    352.3 read
  549.0s      100          194.0          295.4    226.5    318.8    369.1    369.1 update
  550.0s      100          757.3         1179.6     71.3     71.3     75.5    369.1 read
  550.0s      100          213.1          295.2    226.5    234.9    234.9    234.9 update
_elapsed___errors__ops/sec(inst)___ops/sec(cum)__p50(ms)__p95(ms)__p99(ms)_pMax(ms)
  551.0s      100          816.3         1178.9     71.3     71.3     75.5     79.7 read
  551.0s      100          187.8          295.0    226.5    226.5    234.9    243.3 update
  552.0s      100          771.4         1178.2     71.3     71.3     75.5    369.1 read
  552.0s      100          163.1          294.8    226.5    234.9    234.9    243.3 update
  553.0s      100          781.2         1177.4     71.3     75.5     79.7     79.7 read
  553.0s      100          229.0          294.6    226.5    369.1    402.7    419.4 update
  554.0s      100          830.4         1176.8     71.3     71.3     75.5     75.5 read
  554.0s      100          188.9          294.5    226.5    234.9    243.3    260.0 update
  555.0s      100          794.3         1176.1     71.3     71.3     75.5    369.1 read
  555.0s      100          192.1          294.3    226.5    226.5    234.9    234.9 update

_elapsed___errors_____ops(total)___ops/sec(cum)__avg(ms)__p50(ms)__p95(ms)__p99(ms)_pMax(ms)__total
  555.0s      100         652753         1176.1     36.9     71.3     71.3     75.5    385.9  read

_elapsed___errors_____ops(total)___ops/sec(cum)__avg(ms)__p50(ms)__p95(ms)__p99(ms)_pMax(ms)__total
  555.0s      100         163322          294.3    155.1    226.5    234.9    335.5    637.5  update

_elapsed___errors_____ops(total)___ops/sec(cum)__avg(ms)__p50(ms)__p95(ms)__p99(ms)_pMax(ms)__result
  555.0s      100         816075         1470.4     60.6     71.3    226.5    234.9    637.5  
