I260911 17:42:48.581333 1 workload/cli/run.go:702  [-] 1  random seed: 42
I260911 17:42:48.581450 1 workload/cli/run.go:487  [-] 2  creating load generator...
I260911 17:42:50.171630 1 workload/cli/run.go:536  [-] 3  creating load generator... done (took 1.590170972s)
_elapsed___errors__ops/sec(inst)___ops/sec(cum)__p50(ms)__p95(ms)__p99(ms)_pMax(ms)
    1.0s        0          995.4         2578.3     12.1     30.4     41.9     67.1 read
    1.0s        0          211.1          546.9    109.1    151.0    184.5    192.9 update
    2.0s        0         2522.3         2550.2     10.5     29.4     46.1     83.9 read
    2.0s        0          662.1          604.4    104.9    125.8    142.6    243.3 update
    3.0s        0         2343.3         2481.3      8.9     41.9     88.1    151.0 read
    3.0s        0          679.1          629.3    100.7    159.4    201.3    302.0 update
    4.0s        0         2529.0         2493.2     11.0     35.7     56.6     92.3 read
    4.0s        0          604.0          623.0    104.9    142.6    167.8    234.9 update
    5.0s        0         2537.1         2501.9      8.9     29.4     39.8     71.3 read
    5.0s        0          665.0          631.4    109.1    130.0    142.6    159.4 update
    6.0s        0         2593.7         2517.3     11.0     30.4     41.9     62.9 read
    6.0s        0          628.9          631.0    104.9    130.0    142.6    159.4 update
    7.0s        0         2654.4         2536.9     11.5     28.3     41.9     54.5 read
    7.0s        0          647.6          633.4    104.9    130.0    142.6    176.2 update
    8.0s        0         2708.6         2558.3      8.9     28.3     39.8     50.3 read
    8.0s        0          663.4          637.1    104.9    130.0    142.6    151.0 update
    9.0s        0         2436.9         2544.8     10.5     32.5     46.1     96.5 read
    9.0s        0          657.0          639.3    104.9    134.2    151.0    167.8 update
   10.0s        0         2692.4         2559.6     10.5     26.2     32.5     41.9 read
   10.0s        0          687.1          644.1    100.7    125.8    130.0    159.4 update
_elapsed___errors__ops/sec(inst)___ops/sec(cum)__p50(ms)__p95(ms)__p99(ms)_pMax(ms)
   11.0s        0         3159.8         2614.2      8.9     19.9     27.3     67.1 read
   11.0s        0          737.0          652.5     92.3    109.1    117.4    302.0 update
   12.0s        0         3146.5         2658.5      8.1     18.9     26.2     35.7 read
   12.0s        0          777.6          663.0     92.3    109.1    117.4    125.8 update
   13.0s        0         3086.8         2691.5      8.1     19.9     26.2     33.6 read
   13.0s        0          785.2          672.4     92.3    109.1    117.4    121.6 update
   14.0s        0         3036.1         2716.1      8.1     19.9     25.2     33.6 read
   14.0s        0          789.8          680.8     92.3    104.9    113.2    117.4 update
   15.0s        0         2963.8         2732.6      7.6     19.9     26.2     35.7 read
   15.0s        0          813.2          689.6     92.3    104.9    113.2    117.4 update
   16.0s        0         3232.8         2763.8      7.9     19.9     26.2     46.1 read
   16.0s        0          780.2          695.2     92.3    109.1    117.4    125.8 update
   17.0s        0         3058.5         2781.2      7.6     18.9     25.2     35.7 read
   17.0s        0          818.6          702.5     92.3    104.9    113.2    130.0 update
   18.0s        0         3072.4         2797.4      7.9     19.9     26.2     35.7 read
   18.0s        0          804.1          708.1     92.3    104.9    113.2    117.4 update
   19.0s        0         3131.4         2814.9      9.4     22.0     29.4     39.8 read
   19.0s        0          730.3          709.3     96.5    109.1    121.6    130.0 update
   20.0s        0         2727.7         2810.6     10.0     25.2     35.7     56.6 read
   20.0s        0          698.4          708.8     96.5    117.4    125.8    142.6 update
_elapsed___errors__ops/sec(inst)___ops/sec(cum)__p50(ms)__p95(ms)__p99(ms)_pMax(ms)
   21.0s        0         2863.3         2813.1     10.0     27.3     39.8     62.9 read
   21.0s        0          702.3          708.5     96.5    121.6    134.2    151.0 update
   22.0s        0         3131.4         2827.6      8.9     21.0     28.3     41.9 read
   22.0s        0          737.1          709.8     96.5    113.2    117.4    121.6 update
   23.0s        0         2895.9         2830.5     11.0     23.1     29.4     39.8 read
   23.0s        0          747.0          711.4     92.3    109.1    117.4    302.0 update
   24.0s        0         2900.6         2833.4     13.1     29.4     35.7     48.2 read
   24.0s        0          677.1          710.0     92.3    104.9    113.2    125.8 update
   25.0s        0         2961.1         2838.5     10.0     22.0     29.4     46.1 read
   25.0s        0          780.0          712.8     88.1    109.1    117.4    125.8 update
   26.0s        0         3029.1         2845.9     11.5     24.1     29.4     39.8 read
   26.0s        0          720.0          713.0     92.3    100.7    104.9    117.4 update
   27.0s        0         2966.9         2850.4     11.0     24.1     29.4     50.3 read
   27.0s        0          750.0          714.4     88.1    100.7    109.1    113.2 update
   28.0s        0         2953.2         2854.0     12.1     26.2     33.6     46.1 read
   28.0s        0          722.3          714.7     88.1    100.7    109.1    121.6 update
   29.0s        0         2845.0         2853.7     11.0     25.2     33.6     50.3 read
   29.0s        0          766.3          716.5     88.1    100.7    104.9    109.1 update
   30.0s        0         2608.6         2845.6     12.1     26.2     33.6     52.4 read
   30.0s        0          694.2          715.7     96.5    117.4    130.0    151.0 update
_elapsed___errors__ops/sec(inst)___ops/sec(cum)__p50(ms)__p95(ms)__p99(ms)_pMax(ms)
   31.0s        0         2541.0         2835.7     13.1     30.4     39.8     75.5 read
   31.0s        0          614.0          712.4    104.9    125.8    142.6    159.4 update
   32.0s        0         2627.9         2829.2     10.5     33.6     52.4    167.8 read
   32.0s        0          651.2          710.5    100.7    125.8    134.2    167.8 update
   33.0s        0         2949.6         2832.9     10.0     22.0     29.4     37.7 read
   33.0s        0          740.4          711.4     92.3    113.2    125.8    159.4 update
   34.0s        0         2877.4         2834.2     12.1     25.2     31.5     44.0 read
   34.0s        0          710.1          711.4     88.1    104.9    109.1    121.6 update
   35.0s        0         2859.8         2834.9     11.5     24.1     32.5     44.0 read
   35.0s        0          704.9          711.2     92.3    113.2    117.4    130.0 update
   36.0s        0         2790.6         2833.7     10.5     23.1     29.4     39.8 read
   36.0s        0          736.7          711.9     96.5    109.1    117.4    121.6 update
   37.0s        0         2954.3         2837.0     12.6     25.2     29.4     44.0 read
   37.0s        0          676.8          711.0     92.3    109.1    113.2    117.4 update
   38.0s        0         2835.5         2836.9     11.5     24.1     29.4     44.0 read
   38.0s        0          722.6          711.3     92.3    142.6    176.2    184.5 update
   39.0s        0         2977.7         2840.5     10.0     22.0     29.4     41.9 read
   39.0s        0          745.4          712.2     92.3    109.1    117.4    121.6 update
   40.0s        0         2831.4         2840.3      8.9     23.1     29.4     50.3 read
   40.0s        0          757.8          713.3     96.5    113.2    117.4    125.8 update
_elapsed___errors__ops/sec(inst)___ops/sec(cum)__p50(ms)__p95(ms)__p99(ms)_pMax(ms)
   41.0s        0         2926.0         2842.4     11.0     23.1     29.4     37.7 read
   41.0s        0          744.0          714.0     92.3    100.7    109.1    121.6 update
   42.0s        0         2960.8         2845.2     11.0     23.1     28.3     41.9 read
   42.0s        0          716.2          714.1     92.3    109.1    113.2    121.6 update
   43.0s        0         2874.6         2845.9     11.5     23.1     29.4     46.1 read
   43.0s        0          725.9          714.4     92.3    104.9    113.2    125.8 update
   44.0s        0         2644.1         2841.3     10.0     27.3     48.2    159.4 read
   44.0s        0          697.5          714.0     96.5    125.8    142.6    151.0 update
   45.0s        0         2967.0         2844.1     10.0     22.0     28.3     60.8 read
   45.0s        0          729.2          714.3     96.5    113.2    117.4    142.6 update
   46.0s        0         2944.6         2846.3     11.5     23.1     28.3     37.7 read
   46.0s        0          738.1          714.8     92.3    100.7    104.9    109.1 update
   47.0s        0         2968.2         2848.9     10.0     21.0     27.3     48.2 read
   47.0s        0          780.1          716.2     88.1    100.7    113.2    121.6 update
   48.0s        0         2948.1         2850.9     10.0     21.0     27.3     32.5 read
   48.0s        0          781.8          717.6     92.3    104.9    104.9    117.4 update
   49.0s        0         2982.6         2853.6      9.4     21.0     26.2     41.9 read
   49.0s        0          786.4          719.0     92.3    100.7    109.1    113.2 update
   50.0s        0         2913.9         2854.8      8.9     21.0     28.3     50.3 read
   50.0s        0          770.0          720.0     92.3    113.2    130.0    302.0 update
_elapsed___errors__ops/sec(inst)___ops/sec(cum)__p50(ms)__p95(ms)__p99(ms)_pMax(ms)
   51.0s        0         3086.5         2859.4     10.0     22.0     27.3     56.6 read
   51.0s        0          740.9          720.4     92.3    104.9    117.4    121.6 update
   52.0s        0         2981.2         2861.7      9.4     19.9     25.2     41.9 read
   52.0s        0          782.1          721.6     92.3    104.9    113.2    117.4 update
   53.0s        0         2945.1         2863.3     10.0     22.0     28.3     37.7 read
   53.0s        0          767.0          722.5     92.3    104.9    113.2    130.0 update
   54.0s        0         2959.1         2865.1     10.0     22.0     28.3     37.7 read
   54.0s        0          757.0          723.1     92.3    109.1    117.4    302.0 update
   55.0s        0         2643.7         2861.0     11.5     29.4     41.9    184.5 read
   55.0s        0          677.7          722.3     96.5    125.8    134.2    260.0 update
   56.0s        0         3132.8         2865.9      8.9     22.0     30.4     39.8 read
   56.0s        0          735.2          722.5     96.5    117.4    130.0    142.6 update
   57.0s        0         3100.0         2870.0      8.9     19.9     27.3     37.7 read
   57.0s        0          760.0          723.2     92.3    109.1    113.2    125.8 update
   58.0s        0         3012.8         2872.5     10.5     21.0     27.3     35.7 read
   58.0s        0          751.7          723.7     92.3    104.9    113.2    117.4 update
   59.0s        0         2945.7         2873.7     10.5     21.0     25.2     41.9 read
   59.0s        0          774.4          724.5     88.1    100.7    109.1    113.2 update
   60.0s        0         2909.8         2874.3     10.0     24.1     31.5     58.7 read
   60.0s        0          717.0          724.4     96.5    117.4    125.8    142.6 update
_elapsed___errors__ops/sec(inst)___ops/sec(cum)__p50(ms)__p95(ms)__p99(ms)_pMax(ms)
   61.0s        0         2925.1         2875.1     12.6     27.3     32.5     48.2 read
   61.0s        0          693.8          723.9     92.3    104.9    109.1    117.4 update
   62.0s        0         2906.1         2875.6     10.5     22.0     27.3     44.0 read
   62.0s        0          757.8          724.4     92.3    104.9    113.2    117.4 update
   63.0s        0         2969.0         2877.1     12.1     24.1     29.4     39.8 read
   63.0s        0          693.5          724.0     92.3    104.9    113.2    117.4 update
   64.0s        0         2882.5         2877.2     11.5     24.1     29.4     39.8 read
   64.0s        0          706.1          723.7     92.3    104.9    109.1    121.6 update
   65.0s        0         2740.9         2875.1     11.5     27.3     35.7     46.1 read
   65.0s        0          694.0          723.2     96.5    117.4    134.2    151.0 update
   66.0s        0         2753.1         2873.3     13.1     26.2     32.5     48.2 read
   66.0s        0          717.0          723.1     88.1    100.7    104.9    109.1 update
   67.0s        0         1252.1         2849.0     14.2     32.5     41.9     75.5 read
   67.0s        0          341.8          717.4     92.3    113.2    125.8    130.0 update
   68.0s        0            0.0         2807.2      0.0      0.0      0.0      0.0 read
   68.0s        0            0.0          706.9      0.0      0.0      0.0      0.0 update
   69.0s        0            0.0         2766.5      0.0      0.0      0.0      0.0 read
   69.0s        0            0.0          696.6      0.0      0.0      0.0      0.0 update
   70.0s        0            0.0         2727.0      0.0      0.0      0.0      0.0 read
   70.0s        0            0.0          686.7      0.0      0.0      0.0      0.0 update
_elapsed___errors__ops/sec(inst)___ops/sec(cum)__p50(ms)__p95(ms)__p99(ms)_pMax(ms)
   71.0s        0            0.0         2688.5      0.0      0.0      0.0      0.0 read
   71.0s        0            0.0          677.0      0.0      0.0      0.0      0.0 update
   72.0s        0            0.0         2651.2      0.0      0.0      0.0      0.0 read
   72.0s        0            0.0          667.6      0.0      0.0      0.0      0.0 update
   73.0s        0            0.0         2614.9      0.0      0.0      0.0      0.0 read
   73.0s        0            0.0          658.5      0.0      0.0      0.0      0.0 update
   74.0s        0            0.0         2579.5      0.0      0.0      0.0      0.0 read
   74.0s        0            0.0          649.6      0.0      0.0      0.0      0.0 update
   75.0s        0            0.0         2545.2      0.0      0.0      0.0      0.0 read
   75.0s        0            0.0          640.9      0.0      0.0      0.0      0.0 update
   76.0s        0            0.0         2511.7      0.0      0.0      0.0      0.0 read
   76.0s        0            0.0          632.5      0.0      0.0      0.0      0.0 update
   77.0s        0            0.0         2479.0      0.0      0.0      0.0      0.0 read
   77.0s        0            0.0          624.3      0.0      0.0      0.0      0.0 update
   78.0s        0            0.0         2447.3      0.0      0.0      0.0      0.0 read
   78.0s        0            0.0          616.2      0.0      0.0      0.0      0.0 update
   79.0s        0            0.0         2416.3      0.0      0.0      0.0      0.0 read
   79.0s        0            0.0          608.5      0.0      0.0      0.0      0.0 update
   80.0s        0            0.0         2386.1      0.0      0.0      0.0      0.0 read
   80.0s        0            0.0          600.8      0.0      0.0      0.0      0.0 update
_elapsed___errors__ops/sec(inst)___ops/sec(cum)__p50(ms)__p95(ms)__p99(ms)_pMax(ms)
   81.0s        0            0.0         2356.6      0.0      0.0      0.0      0.0 read
   81.0s        0            0.0          593.4      0.0      0.0      0.0      0.0 update
   82.0s        0            0.0         2327.9      0.0      0.0      0.0      0.0 read
   82.0s        0            0.0          586.2      0.0      0.0      0.0      0.0 update
   83.0s        0            0.0         2299.8      0.0      0.0      0.0      0.0 read
   83.0s        0            0.0          579.1      0.0      0.0      0.0      0.0 update
E260911 17:44:13.606463 1 workload/cli/run.go:624  [-] 4  unexpected EOF
   84.0s      100            0.0         2272.5      0.0      0.0      0.0      0.0 read
   84.0s      100            0.0          572.2      0.0      0.0      0.0      0.0 update
   85.0s      100          147.9         2247.5     79.7    121.6    130.0    130.0 read
   85.0s      100            0.0          565.5      0.0      0.0      0.0      0.0 update
   86.0s      100         1038.3         2233.4     33.6     65.0     88.1    130.0 read
   86.0s      100          256.1          561.9    234.9    302.0    335.5    335.5 update
   87.0s      100         1259.6         2222.2     28.3     37.7     41.9     50.3 read
   87.0s      100          295.9          558.8    218.1    234.9    243.3    243.3 update
   88.0s      100         1172.9         2210.3     30.4     44.0     54.5     71.3 read
   88.0s      100          282.0          555.7    226.5    234.9    243.3    243.3 update
   89.0s      100         1131.4         2198.2     30.4     48.2     56.6     65.0 read
   89.0s      100          294.1          552.8    226.5    243.3    251.7    260.0 update
   90.0s      100         1033.1         2185.2     35.7     60.8     79.7    121.6 read
   90.0s      100          255.0          549.5    234.9    268.4    285.2    302.0 update
_elapsed___errors__ops/sec(inst)___ops/sec(cum)__p50(ms)__p95(ms)__p99(ms)_pMax(ms)
   91.0s      100         1117.3         2173.5     31.5     48.2     58.7     71.3 read
   91.0s      100          287.8          546.6    226.5    243.3    251.7    251.7 update
   92.0s      100         1122.2         2162.1     29.4     46.1     54.5     67.1 read
   92.0s      100          278.0          543.7    226.5    251.7    260.0    268.4 update
   93.0s      100         1261.5         2152.4     27.3     33.6     37.7     46.1 read
   93.0s      100          315.9          541.2    218.1    226.5    234.9    234.9 update
   94.0s      100         1180.9         2142.0     28.3     37.7     44.0     52.4 read
   94.0s      100          304.2          538.7    218.1    234.9    243.3    251.7 update
   95.0s      100         1234.5         2132.5     28.3     35.7     44.0     58.7 read
   95.0s      100          295.9          536.1    218.1    234.9    243.3    251.7 update
   96.0s      100         1195.7         2122.7     27.3     35.7     39.8     44.0 read
   96.0s      100          309.2          533.8    218.1    234.9    243.3    243.3 update
   97.0s      100         1237.1         2113.6     27.3     35.7     41.9     46.1 read
   97.0s      100          300.0          531.4    218.1    234.9    243.3    243.3 update
   98.0s      100         1143.7         2103.7     27.3     31.5     37.7     44.0 read
   98.0s      100          324.9          529.3    218.1    234.9    234.9    234.9 update
   99.0s      100         1212.8         2094.7     27.3     35.7     41.9     54.5 read
   99.0s      100          314.9          527.1    218.1    226.5    234.9    234.9 update
  100.0s      100         1135.1         2085.1     29.4     44.0     52.4     75.5 read
  100.0s      100          286.0          524.7    226.5    251.7    260.0    285.2 update
_elapsed___errors__ops/sec(inst)___ops/sec(cum)__p50(ms)__p95(ms)__p99(ms)_pMax(ms)
  101.0s      100         1108.4         2075.4     27.3     37.7     44.0     65.0 read
  101.0s      100          318.8          522.6    218.1    234.9    243.3    251.7 update
  102.0s      100         1073.8         2065.6     29.4     52.4     60.8    268.4 read
  102.0s      100          282.2          520.3    226.5    260.0    285.2    302.0 update
  103.0s      100         1140.8         2056.6     28.3     41.9     48.2     71.3 read
  103.0s      100          310.9          518.3    218.1    234.9    243.3    260.0 update
  104.0s      100         1309.0         2049.5     27.3     35.7     41.9     52.4 read
  104.0s      100          297.0          516.1    218.1    234.9    243.3    251.7 update
  105.0s      100         1182.4         2041.2     27.3     35.7     46.1     60.8 read
  105.0s      100          301.8          514.1    218.1    243.3    243.3    260.0 update
  106.0s      100         1339.4         2034.6     27.3     32.5     37.7     46.1 read
  106.0s      100          308.1          512.1    218.1    226.5    234.9    243.3 update
  107.0s      100         1209.3         2026.9     26.2     29.4     32.5     46.1 read
  107.0s      100          322.1          510.4    209.7    218.1    226.5    234.9 update
  108.0s      100         1350.6         2020.6     26.2     29.4     32.5     37.7 read
  108.0s      100          305.9          508.5    209.7    226.5    234.9    243.3 update
  109.0s      100         1252.3         2013.6     26.2     29.4     31.5     37.7 read
  109.0s      100          321.1          506.8    209.7    218.1    226.5    234.9 update
  110.0s      100         1171.2         2005.9     27.3     37.7     54.5     71.3 read
  110.0s      100          306.1          504.9    218.1    243.3    251.7    260.0 update
_elapsed___errors__ops/sec(inst)___ops/sec(cum)__p50(ms)__p95(ms)__p99(ms)_pMax(ms)
  111.0s      100         1329.7         1999.8     26.2     31.5     35.7     46.1 read
  111.0s      100          302.7          503.1    209.7    226.5    234.9    234.9 update
  112.0s      100         1191.9         1992.6     26.2     32.5     37.7     41.9 read
  112.0s      100          326.2          501.5    218.1    226.5    234.9    243.3 update
  113.0s      100         1312.8         1986.6     27.3     32.5     39.8     52.4 read
  113.0s      100          299.9          499.7    218.1    226.5    243.3    243.3 update
  114.0s      100         1265.5         1980.3     27.3     32.5     37.7     46.1 read
  114.0s      100          311.1          498.1    218.1    234.9    243.3    243.3 update
  115.0s      100         1312.9         1974.4     27.3     35.7     44.0     58.7 read
  115.0s      100          285.8          496.2    218.1    234.9    234.9    243.3 update
  116.0s      100         1256.6         1968.3     26.2     29.4     32.5     35.7 read
  116.0s      100          324.2          494.8    209.7    226.5    234.9    234.9 update
  117.0s      100         1335.4         1962.9     28.3     39.8     46.1     54.5 read
  117.0s      100          361.1          493.6    209.7    226.5    234.9    243.3 update
  118.0s      100         1370.1         1957.8     33.6     75.5    104.9    243.3 read
  118.0s      100          371.0          492.6    121.6    201.3    226.5    352.3 update
E260911 17:44:48.681610 1 workload/cli/run.go:624  [-] 5  unexpected EOF
  119.0s      200          709.5         1947.3     37.7     56.6     65.0     71.3 read
  119.0s      200          172.9          489.9    125.8    142.6    167.8    167.8 update
  120.0s      200            0.0         1931.1      0.0      0.0      0.0      0.0 read
  120.0s      200            0.0          485.8      0.0      0.0      0.0      0.0 update
_elapsed___errors__ops/sec(inst)___ops/sec(cum)__p50(ms)__p95(ms)__p99(ms)_pMax(ms)
  121.0s      200            0.0         1915.1      0.0      0.0      0.0      0.0 read
  121.0s      200            0.0          481.8      0.0      0.0      0.0      0.0 update
  122.0s      200          609.3         1904.4     29.4     75.5     83.9     83.9 read
  122.0s      200          146.1          479.0    130.0    167.8    184.5    184.5 update
  123.0s      200         1607.2         1902.0     28.3     32.5     48.2     60.8 read
  123.0s      200          425.1          478.6    125.8    151.0    159.4    167.8 update
  124.0s      200         1668.2         1900.1     29.4     37.7     46.1     52.4 read
  124.0s      200          380.8          477.8    130.0    151.0    159.4    176.2 update
  125.0s      200         1570.6         1897.5     29.4     37.7     46.1     50.3 read
  125.0s      200          401.2          477.2    130.0    142.6    159.4    176.2 update
  126.0s      200         1586.8         1895.0     28.3     32.5     35.7     44.0 read
  126.0s      200          436.9          476.9    125.8    134.2    142.6    142.6 update
  127.0s      200         1671.7         1893.3     28.3     32.5     35.7     41.9 read
  127.0s      200          416.9          476.4    125.8    134.2    142.6    142.6 update
  128.0s      200         1689.1         1891.7     28.3     32.5     35.7     41.9 read
  128.0s      200          414.8          475.9    125.8    134.2    142.6    142.6 update
  129.0s      200         1736.5         1890.5     28.3     32.5     37.7     41.9 read
  129.0s      200          395.1          475.3    125.8    134.2    142.6    142.6 update
  130.0s      200         1595.7         1888.2     28.3     39.8     48.2     71.3 read
  130.0s      200          419.2          474.9    130.0    151.0    176.2    184.5 update
_elapsed___errors__ops/sec(inst)___ops/sec(cum)__p50(ms)__p95(ms)__p99(ms)_pMax(ms)
  131.0s      200         1779.9         1887.4     28.3     30.4     32.5     35.7 read
  131.0s      200          400.0          474.3    125.8    130.0    130.0    134.2 update
  132.0s      200         1619.3         1885.4     28.3     35.7     44.0     48.2 read
  132.0s      200          413.1          473.8    125.8    142.6    151.0    159.4 update
  133.0s      200         1725.9         1884.2     28.3     33.6     39.8     50.3 read
  133.0s      200          400.0          473.3    130.0    142.6    151.0    151.0 update
  134.0s      200         1643.3         1882.4     28.3     32.5     41.9     54.5 read
  134.0s      200          419.8          472.9    125.8    142.6    142.6    151.0 update
  135.0s      200         1629.8         1880.5     28.3     33.6     39.8     41.9 read
  135.0s      200          423.2          472.5    130.0    142.6    142.6    151.0 update
  136.0s      200         1780.5         1879.8     28.3     33.6     39.8     46.1 read
  136.0s      200          388.9          471.9    125.8    134.2    142.6    142.6 update
  137.0s      200         1691.6         1878.4     29.4     39.8     44.0     52.4 read
  137.0s      200          389.9          471.3    130.0    142.6    151.0    159.4 update
  138.0s      200         1392.4         1874.9     35.7     54.5     62.9     75.5 read
  138.0s      200          343.1          470.4    142.6    167.8    176.2    176.2 update
  139.0s      200         1292.9         1870.7     39.8     65.0     75.5     83.9 read
  139.0s      200          310.0          469.2    159.4    184.5    192.9    201.3 update
  140.0s      200         1189.4         1865.8     39.8     65.0    109.1    159.4 read
  140.0s      200          313.1          468.1    159.4    226.5    251.7    260.0 update
_elapsed___errors__ops/sec(inst)___ops/sec(cum)__p50(ms)__p95(ms)__p99(ms)_pMax(ms)
  141.0s      200         1430.0         1862.7     35.7     54.5     58.7     67.1 read
  141.0s      200          341.0          467.2    142.6    167.8    176.2    176.2 update
  142.0s      200         1683.6         1861.5     28.3     32.5     35.7     52.4 read
  142.0s      200          415.7          466.8    125.8    142.6    151.0    159.4 update
  143.0s      200         1625.3         1859.8     28.3     32.5     35.7     39.8 read
  143.0s      200          438.3          466.6    125.8    130.0    142.6    151.0 update
  144.0s      200         1672.1         1858.5     29.4     39.8     46.1     56.6 read
  144.0s      200          382.0          466.0    130.0    151.0    151.0    159.4 update
  145.0s      200         1506.9         1856.1     28.3     35.7     48.2     62.9 read
  145.0s      200          437.0          465.8    130.0    142.6    159.4    159.4 update
  146.0s      200         1600.7         1854.3     29.4     33.6     37.7     41.9 read
  146.0s      200          415.9          465.5    130.0    134.2    142.6    151.0 update
  147.0s      200         1632.2         1852.8     29.4     46.1     60.8     75.5 read
  147.0s      200          369.0          464.8    130.0    159.4    167.8    192.9 update
  148.0s      200         1631.2         1851.3     28.3     35.7     39.8     46.1 read
  148.0s      200          416.1          464.5    130.0    134.2    142.6    151.0 update
  149.0s      200         1662.1         1850.1     28.3     35.7     52.4     62.9 read
  149.0s      200          408.8          464.1    125.8    142.6    151.0    159.4 update
  150.0s      200         1541.1         1848.0     29.4     48.2     62.9     71.3 read
  150.0s      200          385.0          463.6    130.0    167.8    176.2    184.5 update
_elapsed___errors__ops/sec(inst)___ops/sec(cum)__p50(ms)__p95(ms)__p99(ms)_pMax(ms)
  151.0s      200         1673.5         1846.8     28.3     33.6     37.7     46.1 read
  151.0s      200          417.9          463.3    125.8    134.2    142.6    151.0 update
  152.0s      200         1635.2         1845.4     28.3     32.5     35.7     46.1 read
  152.0s      200          418.3          463.0    125.8    134.2    142.6    142.6 update
  153.0s      200         1658.0         1844.2     28.3     37.7     58.7     67.1 read
  153.0s      200          398.0          462.6    130.0    142.6    159.4    167.8 update
  154.0s      200         1645.1         1842.9     28.3     33.6     37.7     46.1 read
  154.0s      200          410.0          462.3    130.0    142.6    151.0    151.0 update
  155.0s      200         1589.2         1841.3     28.3     44.0     62.9     65.0 read
  155.0s      200          393.8          461.8    130.0    159.4    167.8    192.9 update
  156.0s      200         1588.4         1839.7     28.3     32.5     37.7     44.0 read
  156.0s      200          433.1          461.6    130.0    142.6    142.6    151.0 update
  157.0s      200         1676.4         1838.6     28.3     32.5     35.7     48.2 read
  157.0s      200          410.1          461.3    130.0    134.2    134.2    142.6 update
  158.0s      200         1679.6         1837.6     28.3     31.5     35.7     46.1 read
  158.0s      200          422.9          461.1    125.8    134.2    134.2    142.6 update
  159.0s      200         1720.2         1836.9     28.3     32.5     35.7     48.2 read
  159.0s      200          403.1          460.7    130.0    134.2    134.2    134.2 update
  160.0s      200         1587.2         1835.3     29.4     41.9     46.1     56.6 read
  160.0s      200          389.0          460.2    130.0    159.4    167.8    167.8 update
_elapsed___errors__ops/sec(inst)___ops/sec(cum)__p50(ms)__p95(ms)__p99(ms)_pMax(ms)
  161.0s      200         1577.7         1833.7     29.4     35.7     39.8     46.1 read
  161.0s      200          414.9          460.0    130.0    142.6    151.0    151.0 update
  162.0s      200         1677.3         1832.8     28.3     33.6     37.7     41.9 read
  162.0s      200          410.8          459.7    130.0    134.2    142.6    151.0 update
  163.0s      200         1568.0         1831.1     28.3     35.7     39.8     44.0 read
  163.0s      200          424.0          459.4    130.0    142.6    142.6    151.0 update
  164.0s      200         1644.5         1830.0     28.3     35.7     41.9     56.6 read
  164.0s      200          406.1          459.1    130.0    142.6    151.0    159.4 update
  165.0s      200         1577.7         1828.5     29.4     41.9     50.3     58.7 read
  165.0s      200          401.7          458.8    130.0    151.0    159.4    176.2 update
  166.0s      200         1636.5         1827.3     28.3     33.6     39.8     50.3 read
  166.0s      200          417.4          458.5    130.0    134.2    142.6    142.6 update
  167.0s      200         1637.3         1826.2     28.3     33.6     37.7     44.0 read
  167.0s      200          422.8          458.3    130.0    134.2    142.6    142.6 update
  168.0s      200         1657.1         1825.2     28.3     33.6     37.7     46.1 read
  168.0s      200          415.0          458.0    130.0    134.2    142.6    142.6 update
  169.0s      200         1573.6         1823.7     28.3     35.7     46.1     58.7 read
  169.0s      200          417.2          457.8    130.0    142.6    151.0    159.4 update
  170.0s      200         1559.8         1822.1     29.4     39.8     60.8     79.7 read
  170.0s      200          406.0          457.5    130.0    159.4    184.5    192.9 update
_elapsed___errors__ops/sec(inst)___ops/sec(cum)__p50(ms)__p95(ms)__p99(ms)_pMax(ms)
  171.0s      200         1558.6         1820.6     29.4     39.8     48.2     52.4 read
  171.0s      200          407.1          457.2    130.0    151.0    159.4    159.4 update
  172.0s      200         1603.5         1819.3     29.4     35.7     39.8     46.1 read
  172.0s      200          412.9          456.9    130.0    142.6    151.0    167.8 update
  173.0s      200         1504.7         1817.5     29.4     35.7     41.9     50.3 read
  173.0s      200          433.9          456.8    130.0    142.6    151.0    159.4 update
  174.0s      200         1467.7         1815.5     29.4     46.1     65.0     83.9 read
  174.0s      200          387.9          456.4    134.2    159.4    192.9    209.7 update
  175.0s      200         1634.6         1814.5     29.4     39.8     48.2     62.9 read
  175.0s      200          404.2          456.1    130.0    142.6    151.0    167.8 update
  176.0s      200         1728.8         1814.0     28.3     32.5     35.7     46.1 read
  176.0s      200          393.0          455.8    130.0    134.2    142.6    142.6 update
  177.0s      200         1678.5         1813.2     28.3     35.7     39.8     54.5 read
  177.0s      200          414.1          455.5    130.0    134.2    142.6    142.6 update
  178.0s      200         1646.3         1812.3     28.3     35.7     41.9     48.2 read
  178.0s      200          420.8          455.3    130.0    142.6    151.0    151.0 update
  179.0s      200         1696.7         1811.6     28.3     32.5     35.7    104.9 read
  179.0s      200          410.2          455.1    125.8    134.2    142.6    335.5 update
  180.0s      200         1479.6         1809.8     28.3     41.9     67.1     92.3 read
  180.0s      200          441.9          455.0    130.0    176.2    192.9    486.5 update
_elapsed___errors__ops/sec(inst)___ops/sec(cum)__p50(ms)__p95(ms)__p99(ms)_pMax(ms)
  181.0s      200         1823.7         1809.9     28.3     33.6     37.7     54.5 read
  181.0s      200          412.9          454.8    130.0    142.6    142.6    142.6 update
  182.0s      200         1753.9         1809.5     28.3     35.7     44.0     96.5 read
  182.0s      200          411.2          454.5    130.0    142.6    184.5    318.8 update
  183.0s      200         1748.9         1809.2     28.3     33.6     39.8     46.1 read
  183.0s      200          437.0          454.4    130.0    142.6    159.4    176.2 update
  184.0s      200         1590.1         1808.0     28.3     44.0     56.6    176.2 read
  184.0s      200          440.0          454.4    130.0    151.0    159.4    520.1 update
  185.0s      200         1763.0         1807.8     28.3     35.7     52.4     83.9 read
  185.0s      200          454.7          454.4    125.8    159.4    167.8    184.5 update
  186.0s      200         1792.8         1807.7     28.3     33.6     39.8     46.1 read
  186.0s      200          456.2          454.4    130.0    142.6    142.6    151.0 update
  187.0s      200         1724.4         1807.3     28.3     32.5     35.7     46.1 read
  187.0s      200          474.6          454.5    125.8    134.2    142.6    151.0 update
  188.0s      200         1814.2         1807.3     28.3     32.5     37.7     88.1 read
  188.0s      200          461.3          454.5    125.8    134.2    142.6    142.6 update
  189.0s      200         1765.4         1807.1     28.3     30.4     35.7    142.6 read
  189.0s      200          493.1          454.7    125.8    130.0    142.6    318.8 update
  190.0s      200         1800.9         1807.0     28.3     39.8     50.3    125.8 read
  190.0s      200          462.0          454.8    125.8    151.0    176.2    318.8 update
_elapsed___errors__ops/sec(inst)___ops/sec(cum)__p50(ms)__p95(ms)__p99(ms)_pMax(ms)
  191.0s      200         1760.9         1806.8     30.4     44.0     48.2    184.5 read
  191.0s      200          422.0          454.6    134.2    151.0    159.4    260.0 update
  192.0s      200         1883.3         1807.2     29.4     39.8     46.1     52.4 read
  192.0s      200          448.1          454.6    134.2    151.0    159.4    159.4 update
  193.0s      200         1807.4         1807.2     28.3     37.7     44.0     52.4 read
  193.0s      200          498.8          454.8    125.8    142.6    159.4    176.2 update
  194.0s      200         1921.7         1807.8     27.3     31.5     35.7    113.2 read
  194.0s      200          508.2          455.1    125.8    134.2    142.6    142.6 update
  195.0s      200         2015.1         1808.9     27.3     31.5     37.7     48.2 read
  195.0s      200          484.0          455.2    125.8    134.2    142.6    151.0 update
  196.0s      200         1769.4         1808.6     29.4     41.9     46.1    142.6 read
  196.0s      200          473.8          455.3    130.0    151.0    159.4    167.8 update
  197.0s      200         1695.8         1808.1     32.5     52.4     62.9    209.7 read
  197.0s      200          422.9          455.1    142.6    167.8    176.2    302.0 update
  198.0s      200         1710.3         1807.6     31.5     52.4     71.3     96.5 read
  198.0s      200          423.8          455.0    142.6    159.4    176.2    184.5 update
  199.0s      200         1836.7         1807.7     29.4     44.0     58.7     79.7 read
  199.0s      200          451.4          455.0    134.2    159.4    159.4    167.8 update
  200.0s      200         1951.4         1808.4     28.3     33.6     41.9     50.3 read
  200.0s      200          492.6          455.1    125.8    142.6    151.0    151.0 update
_elapsed___errors__ops/sec(inst)___ops/sec(cum)__p50(ms)__p95(ms)__p99(ms)_pMax(ms)
  201.0s      200         1910.1         1809.0     28.3     39.8     46.1     56.6 read
  201.0s      200          493.0          455.3    125.8    142.6    151.0    167.8 update
  202.0s      200         2033.0         1810.1     27.3     30.4     33.6     46.1 read
  202.0s      200          519.0          455.7    125.8    134.2    142.6    142.6 update
  203.0s      200         1979.9         1810.9     27.3     31.5     35.7    167.8 read
  203.0s      200          519.2          456.0    125.8    134.2    142.6    469.8 update
  204.0s      200         2042.1         1812.0     28.3     37.7     44.0    121.6 read
  204.0s      200          488.0          456.1    125.8    151.0    218.1    503.3 update
  205.0s      200         2009.2         1813.0     27.3     33.6     56.6    176.2 read
  205.0s      200          512.1          456.4    125.8    159.4    167.8    369.1 update
  206.0s      200         2169.1         1814.7     27.3     31.5     37.7     44.0 read
  206.0s      200          525.0          456.7    125.8    134.2    142.6    142.6 update
  207.0s      200         2115.7         1816.2     27.3     30.4     33.6     39.8 read
  207.0s      200          551.9          457.2    125.8    130.0    134.2    142.6 update
  208.0s      200         2103.3         1817.6     27.3     35.7     39.8     48.2 read
  208.0s      200          534.6          457.6    125.8    142.6    142.6    151.0 update
  209.0s      200         2195.5         1819.4     27.3     31.5     35.7     41.9 read
  209.0s      200          538.1          457.9    125.8    134.2    134.2    142.6 update
  210.0s      200         2175.7         1821.1     27.3     35.7     41.9     52.4 read
  210.0s      200          529.4          458.3    125.8    142.6    159.4    167.8 update
_elapsed___errors__ops/sec(inst)___ops/sec(cum)__p50(ms)__p95(ms)__p99(ms)_pMax(ms)
  211.0s      200         2271.7         1823.2     27.3     30.4     32.5     37.7 read
  211.0s      200          521.9          458.6    125.8    130.0    134.2    134.2 update
  212.0s      200         2154.7         1824.8     27.3     30.4     33.6     37.7 read
  212.0s      200          569.9          459.1    125.8    130.0    134.2    285.2 update
  213.0s      200         2206.0         1826.6     27.3     30.4     33.6     39.8 read
  213.0s      200          544.0          459.5    125.8    134.2    142.6    151.0 update
  214.0s      200         2203.6         1828.3     27.3     33.6     48.2     62.9 read
  214.0s      200          522.9          459.8    125.8    142.6    151.0    159.4 update
  215.0s      200         2168.9         1829.9     27.3     35.7     46.1     83.9 read
  215.0s      200          534.2          460.2    125.8    142.6    151.0    419.4 update
  216.0s      200         2175.8         1831.5     27.3     30.4     32.5    192.9 read
  216.0s      200          560.9          460.6    125.8    130.0    134.2    402.7 update
  217.0s      200         2266.2         1833.5     27.3     31.5     33.6    125.8 read
  217.0s      200          556.1          461.1    125.8    130.0    142.6    302.0 update
  218.0s      200         2245.0         1835.4     27.3     30.4     32.5     37.7 read
  218.0s      200          598.0          461.7    125.8    130.0    134.2    142.6 update
  219.0s      200         2282.1         1837.4     27.3     31.5     35.7    176.2 read
  219.0s      200          577.0          462.2    125.8    130.0    142.6    486.5 update
  220.0s      200         2349.7         1839.8     27.3     33.6     46.1    184.5 read
  220.0s      200          584.9          462.8    125.8    142.6    159.4    503.3 update
_elapsed___errors__ops/sec(inst)___ops/sec(cum)__p50(ms)__p95(ms)__p99(ms)_pMax(ms)
  221.0s      200         2338.6         1842.0      6.3     31.5     48.2     58.7 read
  221.0s      200          619.9          463.5    125.8    134.2    151.0    167.8 update
  222.0s      200         2500.5         1845.0      5.5     31.5     35.7    176.2 read
  222.0s      200          620.1          464.2     79.7    134.2    142.6    503.3 update
  223.0s      200         2441.5         1847.7      9.4     39.8     50.3     60.8 read
  223.0s      200          574.9          464.7     88.1    142.6    159.4    167.8 update
  224.0s      200         2429.2         1850.3      4.1     32.5     37.7    159.4 read
  224.0s      200          628.8          465.4     88.1    134.2    142.6    335.5 update
  225.0s      200         2495.4         1853.1      3.9     32.5     39.8     48.2 read
  225.0s      200          619.4          466.1     83.9    134.2    142.6    159.4 update
  226.0s      200         2507.4         1856.0      3.9     31.5     35.7    134.2 read
  226.0s      200          631.9          466.8     83.9    134.2    142.6    302.0 update
  227.0s      200         2563.9         1859.1      3.8     32.5     35.7    109.1 read
  227.0s      200          650.0          467.6     83.9    134.2    134.2    318.8 update
  228.0s      200         2718.6         1862.9      3.7     31.5     33.6     41.9 read
  228.0s      200          658.1          468.5     83.9    130.0    134.2    142.6 update
  229.0s      200         2775.7         1866.9      3.8     30.4     32.5     35.7 read
  229.0s      200          648.9          469.3     83.9    130.0    134.2    142.6 update
  230.0s      200         2573.0         1870.0      4.1     31.5     37.7     44.0 read
  230.0s      200          658.7          470.1     83.9    134.2    142.6    151.0 update
_elapsed___errors__ops/sec(inst)___ops/sec(cum)__p50(ms)__p95(ms)__p99(ms)_pMax(ms)
  231.0s      200         2523.4         1872.8      3.7     31.5     33.6    184.5 read
  231.0s      200          660.4          470.9     83.9    130.0    192.9    520.1 update
  232.0s      200         2702.7         1876.4      3.9     31.5     33.6     39.8 read
  232.0s      200          685.4          471.8     83.9    130.0    134.2    142.6 update
  233.0s      200         2722.1         1880.0      3.7     31.5     35.7     44.0 read
  233.0s      200          674.5          472.7     83.9    134.2    142.6    142.6 update
  234.0s      200         2508.5         1882.7      6.3     37.7     41.9     52.4 read
  234.0s      200          606.9          473.3     88.1    142.6    151.0    151.0 update
  235.0s      200         2296.3         1884.4      7.3     44.0     54.5     71.3 read
  235.0s      200          603.1          473.8     92.3    151.0    159.4    176.2 update
  236.0s      200         2540.8         1887.2      5.0     35.7     48.2     62.9 read
  236.0s      200          596.7          474.4     92.3    159.4    167.8    192.9 update
  237.0s      200         2649.1         1890.4      4.1     31.5     48.2     67.1 read
  237.0s      200          669.3          475.2     83.9    134.2    159.4    159.4 update
  238.0s      200         2745.2         1894.0      3.9     32.5     37.7     46.1 read
  238.0s      200          645.1          475.9     83.9    142.6    167.8    176.2 update
  239.0s      200         2789.6         1897.8      4.1     35.7     37.7     41.9 read
  239.0s      200          640.9          476.6     88.1    134.2    142.6    151.0 update
  240.0s      200         2644.6         1900.9      4.1     37.7     44.0     54.5 read
  240.0s      200          642.2          477.3     88.1    142.6    151.0    159.4 update
_elapsed___errors__ops/sec(inst)___ops/sec(cum)__p50(ms)__p95(ms)__p99(ms)_pMax(ms)
  241.0s      200         2733.0         1904.3      4.1     33.6     37.7     44.0 read
  241.0s      200          659.0          478.0     83.9    134.2    142.6    142.6 update
  242.0s      200         2564.5         1907.1      4.2     35.7     44.0    176.2 read
  242.0s      200          656.9          478.8     88.1    142.6    151.0    419.4 update
  243.0s      200         2774.5         1910.6      4.5     35.7     39.8     50.3 read
  243.0s      200          660.9          479.5     88.1    142.6    142.6    159.4 update
  244.0s      200         2568.6         1913.3      3.8     35.7     41.9     50.3 read
  244.0s      200          683.2          480.3     83.9    142.6    151.0    159.4 update
  245.0s      200         2595.6         1916.1      4.2     39.8     50.3     71.3 read
  245.0s      200          625.1          480.9     88.1    151.0    176.2    184.5 update
  246.0s      200         2608.0         1918.9      3.7     37.7     48.2     67.1 read
  246.0s      200          671.0          481.7     83.9    142.6    159.4    176.2 update
  247.0s      200         2697.9         1922.1      4.5     39.8     48.2     62.9 read
  247.0s      200          623.0          482.3     88.1    151.0    159.4    176.2 update
  248.0s      200         2771.1         1925.5      4.7     35.7     52.4    159.4 read
  248.0s      200          617.0          482.8     88.1    142.6    151.0    151.0 update
  249.0s      200         2852.9         1929.2      4.7     35.7     48.2     60.8 read
  249.0s      200          662.7          483.5     83.9    134.2    159.4    167.8 update
  250.0s      200         2855.8         1932.9      4.2     33.6     39.8     48.2 read
  250.0s      200          682.2          484.3     83.9    134.2    142.6    159.4 update
_elapsed___errors__ops/sec(inst)___ops/sec(cum)__p50(ms)__p95(ms)__p99(ms)_pMax(ms)
  251.0s      200         2819.3         1936.5      4.2     32.5     35.7     41.9 read
  251.0s      200          688.8          485.2     83.9    130.0    142.6    142.6 update
  252.0s      200         2743.9         1939.7      4.2     32.5     39.8    159.4 read
  252.0s      200          657.0          485.8     83.9    142.6    176.2    385.9 update
  253.0s      200         3002.8         1943.9      4.5     32.5     35.7     41.9 read
  253.0s      200          694.2          486.7     83.9    134.2    142.6    142.6 update
  254.0s      200         2853.4         1947.5      4.5     33.6     37.7     48.2 read
  254.0s      200          718.1          487.6     83.9    134.2    142.6    151.0 update
  255.0s      200         2826.6         1950.9      4.2     33.6     41.9     54.5 read
  255.0s      200          721.6          488.5     83.9    134.2    151.0    167.8 update
  256.0s      200         2901.0         1954.6      4.1     32.5     35.7     39.8 read
  256.0s      200          716.2          489.4     83.9    134.2    134.2    142.6 update
  257.0s      200         2889.7         1958.3      3.9     32.5     35.7     44.0 read
  257.0s      200          739.9          490.4     83.9    134.2    134.2    142.6 update
  258.0s      200         2941.7         1962.1      4.2     32.5     35.7     39.8 read
  258.0s      200          719.9          491.2     83.9    130.0    134.2    142.6 update
  259.0s      200         2880.3         1965.6      3.9     31.5     35.7     39.8 read
  259.0s      200          717.1          492.1     83.9    134.2    134.2    142.6 update
  260.0s      200         2659.4         1968.3      4.5     35.7     41.9     67.1 read
  260.0s      200          689.8          492.9     83.9    142.6    142.6    151.0 update
_elapsed___errors__ops/sec(inst)___ops/sec(cum)__p50(ms)__p95(ms)__p99(ms)_pMax(ms)
  261.0s      200         2697.1         1971.1      4.5     33.6     54.5     71.3 read
  261.0s      200          638.0          493.4     83.9    142.6    167.8    184.5 update
  262.0s      200         2945.0         1974.8      4.5     32.5     35.7     52.4 read
  262.0s      200          725.0          494.3     88.1    142.6    176.2    184.5 update
  263.0s      200         2659.9         1977.4      4.2     32.5     37.7     54.5 read
  263.0s      200          717.3          495.2     83.9    142.6    176.2    184.5 update
  264.0s      200         2869.5         1980.8      4.2     32.5     35.7     39.8 read
  264.0s      200          716.9          496.0     83.9    134.2    142.6    142.6 update
  265.0s      200         2736.3         1983.6      4.5     33.6     39.8     46.1 read
  265.0s      200          725.1          496.9     83.9    134.2    142.6    142.6 update
  266.0s      200         2958.3         1987.3      4.1     31.5     35.7     50.3 read
  266.0s      200          721.1          497.7     83.9    134.2    134.2    142.6 update
  267.0s      200         2823.2         1990.4      3.9     32.5     35.7    201.3 read
  267.0s      200          732.1          498.6     83.9    134.2    142.6    503.3 update
  268.0s      200         2911.4         1993.9      4.2     32.5     35.7     46.1 read
  268.0s      200          739.8          499.5     83.9    134.2    134.2    142.6 update
  269.0s      200         2878.0         1997.1      4.2     32.5     35.7     48.2 read
  269.0s      200          749.0          500.4     83.9    134.2    142.6    142.6 update
  270.0s      200         2820.4         2000.2      4.7     35.7     41.9     58.7 read
  270.0s      200          706.9          501.2     88.1    134.2    151.0    159.4 update
_elapsed___errors__ops/sec(inst)___ops/sec(cum)__p50(ms)__p95(ms)__p99(ms)_pMax(ms)
  271.0s      200         2751.9         2003.0      4.5     35.7     41.9     56.6 read
  271.0s      200          713.2          502.0     88.1    142.6    151.0    151.0 update
  272.0s      200         2838.1         2006.0      5.2     39.8     46.1     54.5 read
  272.0s      200          655.8          502.5     88.1    142.6    151.0    159.4 update
  273.0s      200         2514.5         2007.9      5.5     44.0     71.3     92.3 read
  273.0s      200          653.1          503.1     92.3    151.0    192.9    201.3 update
  274.0s      200         2812.5         2010.8      5.2     39.8     46.1     54.5 read
  274.0s      200          668.1          503.7     88.1    142.6    151.0    159.4 update
  275.0s      200         2707.3         2013.4      5.8     44.0     54.5    201.3 read
  275.0s      200          637.8          504.2     92.3    151.0    159.4    419.4 update
  276.0s      200         2718.7         2015.9      5.2     37.7     44.0     50.3 read
  276.0s      200          720.9          505.0     88.1    142.6    151.0    159.4 update
  277.0s      200         2873.1         2019.0      5.8     39.8     48.2     65.0 read
  277.0s      200          660.3          505.5     92.3    142.6    151.0    159.4 update
  278.0s      200         2738.5         2021.6      4.7     37.7     41.9     50.3 read
  278.0s      200          710.6          506.3     92.3    142.6    142.6    151.0 update
  279.0s      200         2752.0         2024.2      5.0     37.7     44.0     54.5 read
  279.0s      200          703.3          507.0     92.3    142.6    151.0    159.4 update
  280.0s      200         2371.7         2025.5     10.0     48.2     56.6    192.9 read
  280.0s      200          589.9          507.3    100.7    159.4    167.8    352.3 update
_elapsed___errors__ops/sec(inst)___ops/sec(cum)__p50(ms)__p95(ms)__p99(ms)_pMax(ms)
  281.0s      200         2654.6         2027.7      6.6     41.9     50.3     62.9 read
  281.0s      200          684.9          507.9     92.3    151.0    167.8    176.2 update
  282.0s      200         3039.4         2031.3      5.0     35.7     39.8     46.1 read
  282.0s      200          744.1          508.7     88.1    142.6    142.6    151.0 update
  283.0s      200         3142.1         2035.2      5.0     35.7     39.8     48.2 read
  283.0s      200          716.0          509.5     88.1    142.6    142.6    142.6 update
  284.0s      200         3021.5         2038.7      4.7     33.6     37.7     44.0 read
  284.0s      200          759.6          510.3     88.1    134.2    142.6    142.6 update
  285.0s      200         2607.5         2040.7      6.0     37.7     58.7    184.5 read
  285.0s      200          685.1          511.0     88.1    142.6    167.8    335.5 update
  286.0s      200         3037.3         2044.2      4.7     33.6     39.8     44.0 read
  286.0s      200          781.3          511.9     88.1    134.2    142.6    151.0 update
  287.0s      200         3198.5         2048.2      5.2     35.7     39.8     50.3 read
  287.0s      200          743.9          512.7     88.1    142.6    142.6    159.4 update
  288.0s      200         3126.7         2051.9      5.2     35.7     39.8     52.4 read
  288.0s      200          765.7          513.6     88.1    134.2    142.6    142.6 update
  289.0s      200         3233.5         2056.0      5.5     37.7     44.0     52.4 read
  289.0s      200          730.6          514.3     88.1    142.6    142.6    151.0 update
  290.0s      200         3025.3         2059.4      5.2     35.7     44.0    113.2 read
  290.0s      200          735.3          515.1     88.1    142.6    151.0    469.8 update
_elapsed___errors__ops/sec(inst)___ops/sec(cum)__p50(ms)__p95(ms)__p99(ms)_pMax(ms)
  291.0s      200         3191.0         2063.3      5.8     35.7     41.9     48.2 read
  291.0s      200          733.4          515.9     88.1    142.6    151.0    159.4 update
  292.0s      200         3169.6         2067.0      6.0     37.7     44.0     58.7 read
  292.0s      200          747.9          516.6     88.1    134.2    142.6    151.0 update
  293.0s      200         3048.6         2070.4      5.5     35.7     41.9     50.3 read
  293.0s      200          770.2          517.5     88.1    142.6    151.0    151.0 update
  294.0s      200         2980.3         2073.5      5.8     35.7     46.1     71.3 read
  294.0s      200          767.1          518.4     88.1    142.6    151.0    159.4 update
  295.0s      200         2953.9         2076.5      5.5     35.7     41.9     71.3 read
  295.0s      200          770.2          519.2     88.1    142.6    151.0    159.4 update
  296.0s      200         2747.2         2078.7      6.3     37.7     54.5     83.9 read
  296.0s      200          714.8          519.9     92.3    142.6    159.4    318.8 update
  297.0s      200         2930.8         2081.6      5.8     35.7     46.1    184.5 read
  297.0s      200          739.0          520.6     88.1    142.6    167.8    520.1 update
  298.0s      200         3046.1         2084.8      6.3     35.7     44.0     58.7 read
  298.0s      200          762.0          521.4     92.3    142.6    151.0    167.8 update
  299.0s      200         3015.9         2088.0      6.0     35.7     44.0     58.7 read
  299.0s      200          784.7          522.3     88.1    134.2    151.0    167.8 update
  300.0s      200         2872.4         2090.6      6.3     35.7     46.1     58.7 read
  300.0s      200          735.1          523.0     92.3    151.0    159.4    176.2 update
_elapsed___errors__ops/sec(inst)___ops/sec(cum)__p50(ms)__p95(ms)__p99(ms)_pMax(ms)
  301.0s      200         3073.1         2093.8      6.6     35.7     44.0     58.7 read
  301.0s      200          750.0          523.8     92.3    142.6    151.0    151.0 update
  302.0s      200         2979.3         2096.8      6.3     35.7     44.0     58.7 read
  302.0s      200          770.1          524.6     92.3    142.6    151.0    159.4 update
  303.0s      200         3001.9         2099.8      6.3     35.7     44.0     58.7 read
  303.0s      200          764.7          525.4     92.3    142.6    151.0    159.4 update
  304.0s      200         2971.5         2102.6      6.3     35.7     46.1     58.7 read
  304.0s      200          744.9          526.1     92.3    142.6    151.0    167.8 update
  305.0s      200         2982.4         2105.5      6.8     37.7     48.2     60.8 read
  305.0s      200          729.8          526.8     92.3    142.6    151.0    167.8 update
  306.0s      200         3015.0         2108.5      6.0     35.7     41.9     50.3 read
  306.0s      200          780.5          527.6     92.3    142.6    151.0    151.0 update
  307.0s      200         2727.5         2110.5      7.9     39.8     54.5     71.3 read
  307.0s      200          668.9          528.1     96.5    151.0    167.8    176.2 update
  308.0s      200         2914.5         2113.1      6.3     37.7     46.1     71.3 read
  308.0s      200          737.6          528.7     92.3    142.6    159.4    167.8 update
  309.0s      200         2615.4         2114.7      7.1     41.9     56.6    184.5 read
  309.0s      200          651.1          529.1    100.7    151.0    167.8    570.4 update
  310.0s      200         2590.4         2116.3      9.4     44.0     60.8     88.1 read
  310.0s      200          617.3          529.4    109.1    151.0    184.5    704.6 update
_elapsed___errors__ops/sec(inst)___ops/sec(cum)__p50(ms)__p95(ms)__p99(ms)_pMax(ms)
  311.0s      200         2612.2         2117.9      7.9     37.7     56.6     88.1 read
  311.0s      200          655.1          529.8    104.9    151.0    184.5    209.7 update
  312.0s      200         2627.2         2119.5      8.4     44.0     58.7    100.7 read
  312.0s      200          625.0          530.1    104.9    151.0    167.8    218.1 update
  313.0s      200         2571.6         2120.9      8.9     44.0     60.8     83.9 read
  313.0s      200          641.9          530.5    104.9    151.0    176.2    201.3 update
  314.0s      200         2906.5         2123.4      7.9     35.7     48.2     83.9 read
  314.0s      200          689.9          531.0     96.5    142.6    167.8    209.7 update
  315.0s      200         2372.9         2124.2     11.5     41.9     62.9    218.1 read
  315.0s      200          569.0          531.1    104.9    151.0    302.0    604.0 update
  316.0s      200         2579.8         2125.7      9.4     28.3     52.4     92.3 read
  316.0s      200          701.2          531.6    100.7    134.2    167.8    192.9 update
  317.0s      200         3065.3         2128.6      8.1     25.2     44.0     75.5 read
  317.0s      200          719.6          532.2     96.5    125.8    159.4    176.2 update
  318.0s      200         2645.8         2130.3      8.9     32.5     54.5    184.5 read
  318.0s      200          653.7          532.6    100.7    142.6    167.8    604.0 update
  319.0s      200         2962.1         2132.9      8.1     19.9     27.3     35.7 read
  319.0s      200          769.8          533.4     96.5    113.2    125.8    142.6 update
  320.0s      200         2833.7         2135.1      9.4     21.0     28.3     44.0 read
  320.0s      200          736.9          534.0    100.7    117.4    121.6    134.2 update
_elapsed___errors__ops/sec(inst)___ops/sec(cum)__p50(ms)__p95(ms)__p99(ms)_pMax(ms)
  321.0s      200         3003.3         2137.8     10.5     23.1     29.4     41.9 read
  321.0s      200          698.8          534.5     96.5    113.2    121.6    142.6 update
  322.0s      200         2727.1         2139.6     13.1     27.3     33.6     46.1 read
  322.0s      200          671.3          534.9     92.3    109.1    113.2    121.6 update
  323.0s      200         2643.5         2141.2     12.1     26.2     35.7     52.4 read
  323.0s      200          668.6          535.4     96.5    142.6    192.9    201.3 update
  324.0s      200         2698.6         2142.9     13.6     28.3     35.7     52.4 read
  324.0s      200          679.4          535.8     92.3    109.1    117.4    130.0 update
  325.0s      200         2703.5         2144.6     13.1     28.3     35.7     52.4 read
  325.0s      200          656.6          536.2     92.3    117.4    125.8    142.6 update
  326.0s      200         2774.3         2146.5     13.6     28.3     37.7     48.2 read
  326.0s      200          679.3          536.6     92.3    104.9    109.1    113.2 update
  327.0s      200         2754.0         2148.4     14.2     28.3     37.7     48.2 read
  327.0s      200          669.0          537.0     88.1    104.9    113.2    125.8 update
  328.0s      200         2725.5         2150.2     13.1     27.3     35.7     50.3 read
  328.0s      200          701.9          537.5     88.1    104.9    117.4    130.0 update
  329.0s      200         2546.0         2151.4     13.6     35.7     46.1     71.3 read
  329.0s      200          642.0          537.8     92.3    121.6    142.6    159.4 update
  330.0s      200         2756.7         2153.2     11.5     26.2     32.5     44.0 read
  330.0s      200          694.2          538.3     96.5    113.2    121.6    142.6 update
_elapsed___errors__ops/sec(inst)___ops/sec(cum)__p50(ms)__p95(ms)__p99(ms)_pMax(ms)
  331.0s      200         2689.9         2154.8     13.1     27.3     33.6     44.0 read
  331.0s      200          722.0          538.9     88.1    100.7    104.9    117.4 update
  332.0s      200         2541.0         2156.0     15.7     32.5     37.7     52.4 read
  332.0s      200          646.5          539.2     92.3    100.7    109.1    121.6 update
  333.0s      200         2106.4         2155.8     22.0     46.1     60.8     71.3 read
  333.0s      200          534.4          539.2     96.5    113.2    121.6    142.6 update
  334.0s      200         1974.3         2155.3     22.0     46.1     56.6     75.5 read
  334.0s      200          573.1          539.3     96.5    113.2    121.6    125.8 update
  335.0s      200         2095.5         2155.1     22.0     46.1     56.6     67.1 read
  335.0s      200          518.9          539.2     96.5    117.4    125.8    142.6 update
  336.0s      200         2133.1         2155.0     22.0     46.1     58.7     71.3 read
  336.0s      200          532.0          539.2     96.5    113.2    125.8    130.0 update
  337.0s      200         2091.0         2154.8     21.0     44.0     54.5     79.7 read
  337.0s      200          565.0          539.3     96.5    113.2    121.6    134.2 update
  338.0s      200         2088.2         2154.7     22.0     46.1     58.7     83.9 read
  338.0s      200          543.8          539.3     96.5    113.2    121.6    130.0 update
  339.0s      200         2150.1         2154.6     21.0     41.9     56.6     79.7 read
  339.0s      200          533.0          539.3     96.5    113.2    117.4    121.6 update
  340.0s      200         2010.0         2154.2     19.9     41.9     52.4     71.3 read
  340.0s      200          476.2          539.1    109.1    159.4    184.5    201.3 update
_elapsed___errors__ops/sec(inst)___ops/sec(cum)__p50(ms)__p95(ms)__p99(ms)_pMax(ms)
  341.0s      200         2057.7         2153.9     22.0     48.2     71.3    536.9 read
  341.0s      200          493.9          538.9     96.5    125.8    486.5    805.3 update
  342.0s      200         1909.0         2153.2     24.1     52.4     65.0     96.5 read
  342.0s      200          462.0          538.7    100.7    125.8    142.6    176.2 update
  343.0s      200         2047.1         2152.9     23.1     50.3     71.3    218.1 read
  343.0s      200          502.0          538.6     96.5    151.0    167.8    192.9 update
  344.0s      200         2027.9         2152.5     23.1     48.2     60.8     96.5 read
  344.0s      200          499.0          538.5     96.5    121.6    130.0    142.6 update
  345.0s      200         1990.4         2152.1     24.1     50.3     65.0     71.3 read
  345.0s      200          484.9          538.3    100.7    121.6    130.0    142.6 update
  346.0s      200         2020.0         2151.7     22.0     48.2     60.8     88.1 read
  346.0s      200          526.0          538.3     96.5    134.2    184.5    192.9 update
  347.0s      200         1951.4         2151.1     22.0     46.1     56.6     71.3 read
  347.0s      200          503.9          538.2    104.9    142.6    151.0    192.9 update
  348.0s      200         2064.8         2150.9     22.0     44.0     58.7     79.7 read
  348.0s      200          483.2          538.1    100.7    176.2    192.9    201.3 update
  349.0s      200         2021.2         2150.5     18.9     41.9     54.5     75.5 read
  349.0s      200          500.1          537.9    104.9    142.6    167.8    167.8 update
  350.0s      200         1963.9         2150.0     19.9     41.9     60.8    302.0 read
  350.0s      200          487.0          537.8    117.4    184.5    192.9    385.9 update
_elapsed___errors__ops/sec(inst)___ops/sec(cum)__p50(ms)__p95(ms)__p99(ms)_pMax(ms)
  351.0s      200         1955.6         2149.4     22.0     46.1     56.6     75.5 read
  351.0s      200          481.1          537.6    113.2    159.4    184.5    486.5 update
  352.0s      200         1948.5         2148.8     21.0     44.0     56.6     79.7 read
  352.0s      200          475.9          537.5    117.4    176.2    184.5    201.3 update
  353.0s      200         2004.5         2148.4     19.9     44.0     56.6     75.5 read
  353.0s      200          491.1          537.3    109.1    159.4    192.9    209.7 update
  354.0s      200         1909.8         2147.8     21.0     46.1     58.7    104.9 read
  354.0s      200          452.0          537.1    113.2    192.9    226.5    251.7 update
  355.0s      200         1774.5         2146.7     23.1     56.6    159.4    285.2 read
  355.0s      200          468.6          536.9    104.9    159.4    192.9    335.5 update
  356.0s      200         1892.9         2146.0     22.0     48.2     65.0     79.7 read
  356.0s      200          477.2          536.7    109.1    151.0    167.8    251.7 update
  357.0s      200         1813.7         2145.1     23.1     56.6     67.1    260.0 read
  357.0s      200          464.9          536.5    100.7    151.0    243.3    436.2 update
  358.0s      200         1792.1         2144.1     25.2     65.0    243.3    285.2 read
  358.0s      200          424.3          536.2    100.7    151.0    318.8    335.5 update
  359.0s      200         1748.1         2143.0     26.2     58.7     79.7    234.9 read
  359.0s      200          456.0          536.0    100.7    142.6    167.8    285.2 update
  360.0s      200         1809.3         2142.0     25.2     60.8    251.7    285.2 read
  360.0s      200          443.8          535.7    100.7    167.8    318.8    335.5 update
_elapsed___errors__ops/sec(inst)___ops/sec(cum)__p50(ms)__p95(ms)__p99(ms)_pMax(ms)
  361.0s      200         1902.7         2141.4     22.0     54.5    243.3    285.2 read
  361.0s      200          497.2          535.6     96.5    151.0    184.5    335.5 update
  362.0s      200         2052.0         2141.1     24.1     52.4     67.1    100.7 read
  362.0s      200          468.0          535.4     96.5    117.4    125.8    130.0 update
  363.0s      200         2044.7         2140.9     24.1     50.3     67.1     79.7 read
  363.0s      200          477.9          535.3     96.5    117.4    125.8    134.2 update
  364.0s      200         2024.4         2140.5     24.1     50.3     65.0     96.5 read
  364.0s      200          490.1          535.2    100.7    121.6    130.0    134.2 update
  365.0s      200         2074.7         2140.4     23.1     50.3     65.0     83.9 read
  365.0s      200          466.7          535.0     96.5    121.6    130.0    134.2 update
  366.0s      200         2054.8         2140.1     22.0     46.1     58.7     75.5 read
  366.0s      200          508.2          534.9     96.5    117.4    130.0    151.0 update
  367.0s      200         2034.2         2139.8     22.0     44.0     60.8     83.9 read
  367.0s      200          514.0          534.8     96.5    121.6    142.6    159.4 update
  368.0s      200         1951.9         2139.3     24.1     52.4     62.9     96.5 read
  368.0s      200          446.0          534.6    109.1    151.0    167.8    176.2 update
  369.0s      200         2036.1         2139.1     23.1     50.3     62.9     96.5 read
  369.0s      200          493.8          534.5    100.7    130.0    151.0    176.2 update
  370.0s      200         1999.6         2138.7     23.1     48.2     60.8     75.5 read
  370.0s      200          492.9          534.4    100.7    125.8    134.2    151.0 update
_elapsed___errors__ops/sec(inst)___ops/sec(cum)__p50(ms)__p95(ms)__p99(ms)_pMax(ms)
  371.0s      200         2048.2         2138.4     22.0     50.3     60.8     83.9 read
  371.0s      200          485.3          534.2    100.7    142.6    167.8    184.5 update
  372.0s      200         1954.4         2137.9     22.0     46.1     56.6     96.5 read
  372.0s      200          475.1          534.1    104.9    151.0    167.8    176.2 update
  373.0s      200         1919.1         2137.4     19.9     44.0     56.6     79.7 read
  373.0s      200          545.0          534.1    109.1    176.2    192.9    201.3 update
  374.0s      200         2072.9         2137.2     22.0     44.0     54.5     75.5 read
  374.0s      200          525.0          534.1    100.7    125.8    134.2    151.0 update
  375.0s      200         2108.8         2137.1     19.9     41.9     54.5    209.7 read
  375.0s      200          540.7          534.1     96.5    130.0    151.0    469.8 update
  376.0s      200         1834.1         2136.3     21.0     52.4     75.5    109.1 read
  376.0s      200          527.3          534.1    104.9    142.6    159.4    167.8 update
  377.0s      200         2124.9         2136.3     21.0     44.0     56.6     75.5 read
  377.0s      200          519.0          534.0     96.5    130.0    151.0    159.4 update
  378.0s      200         2028.2         2136.0     22.0     46.1     58.7     83.9 read
  378.0s      200          526.8          534.0     96.5    121.6    134.2    142.6 update
  379.0s      200         1973.7         2135.6     23.1     48.2     67.1    117.4 read
  379.0s      200          496.2          533.9    100.7    142.6    167.8    176.2 update
  380.0s      200         1385.7         2133.6     29.4    130.0    159.4    251.7 read
  380.0s      200          316.9          533.4    117.4    251.7    285.2    503.3 update
_elapsed___errors__ops/sec(inst)___ops/sec(cum)__p50(ms)__p95(ms)__p99(ms)_pMax(ms)
  381.0s      200         1569.2         2132.1     28.3     83.9    113.2    134.2 read
  381.0s      200          383.8          533.0    121.6    184.5    201.3    234.9 update
  382.0s      200         1598.3         2130.7     24.1     83.9    113.2    243.3 read
  382.0s      200          387.3          532.6    109.1    184.5    302.0    369.1 update
  383.0s      200         1450.2         2128.9     25.2     83.9    109.1    167.8 read
  383.0s      200          400.8          532.2    134.2    209.7    243.3    520.1 update
  384.0s      200         1466.1         2127.2     27.3     88.1    104.9    125.8 read
  384.0s      200          338.0          531.7    151.0    209.7    243.3    260.0 update
  385.0s      200         1550.4         2125.7     29.4     88.1    109.1    134.2 read
  385.0s      200          381.1          531.3    121.6    184.5    201.3    218.1 update
  386.0s      200         1222.0         2123.4     32.5    130.0    167.8    218.1 read
  386.0s      200          281.0          530.7    151.0    234.9    251.7    268.4 update
  387.0s      200         1074.8         2120.6     32.5    151.0    209.7    285.2 read
  387.0s      200          282.0          530.1    151.0    335.5    352.3    385.9 update
  388.0s      200         1304.4         2118.5     30.4    100.7    151.0    209.7 read
  388.0s      200          289.1          529.4    192.9    268.4    285.2    302.0 update
  389.0s      200         1470.8         2116.9     28.3     83.9     96.5    117.4 read
  389.0s      200          358.0          529.0    142.6    218.1    260.0    285.2 update
  390.0s      200         1359.9         2114.9     28.3     79.7    104.9    151.0 read
  390.0s      200          354.0          528.5    151.0    209.7    234.9    243.3 update
_elapsed___errors__ops/sec(inst)___ops/sec(cum)__p50(ms)__p95(ms)__p99(ms)_pMax(ms)
  391.0s      200         1595.8         2113.6     28.3     75.5    109.1    134.2 read
  391.0s      200          420.0          528.3    104.9    184.5    201.3    234.9 update
  392.0s      200         1613.2         2112.3     28.3     83.9    113.2    151.0 read
  392.0s      200          435.0          528.0    100.7    151.0    192.9    226.5 update
  393.0s      200         1671.2         2111.2     30.4     75.5     92.3    104.9 read
  393.0s      200          404.8          527.7    109.1    159.4    176.2    243.3 update
  394.0s      200         1649.0         2110.0     27.3     75.5    104.9    130.0 read
  394.0s      200          340.2          527.2    134.2    209.7    234.9    285.2 update
  395.0s      200         1459.9         2108.4     27.3     83.9    109.1    134.2 read
  395.0s      200          381.0          526.9    151.0    226.5    243.3    260.0 update
  396.0s      200         1585.2         2107.1     27.3     88.1    113.2    151.0 read
  396.0s      200          378.1          526.5    117.4    184.5    209.7    226.5 update
  397.0s      200         1436.8         2105.4     28.3     79.7    100.7    121.6 read
  397.0s      200          405.6          526.2    130.0    192.9    218.1    369.1 update
  398.0s      200         1497.4         2103.9     25.2    100.7    130.0    184.5 read
  398.0s      200          423.1          525.9    109.1    218.1    234.9    302.0 update
  399.0s      200         1203.8         2101.6     37.7    130.0    167.8    184.5 read
  399.0s      200          284.2          525.3    142.6    226.5    251.7    251.7 update
  400.0s      200         1470.8         2100.0     35.7     92.3    113.2    142.6 read
  400.0s      200          368.0          524.9    121.6    226.5    243.3    260.0 update
_elapsed___errors__ops/sec(inst)___ops/sec(cum)__p50(ms)__p95(ms)__p99(ms)_pMax(ms)
  401.0s      200         1502.7         2098.5     25.2     75.5    109.1    159.4 read
  401.0s      200          387.9          524.6    125.8    268.4    318.8    335.5 update
  402.0s      200         1219.3         2096.3     28.3     92.3    121.6    142.6 read
  402.0s      200          318.1          524.1    176.2    251.7    268.4    285.2 update
  403.0s      200         1282.1         2094.3     28.3    130.0    226.5    243.3 read
  403.0s      200          353.0          523.6    125.8    285.2    302.0    318.8 update
  404.0s      200         1430.8         2092.7     30.4     92.3    121.6    142.6 read
  404.0s      200          352.7          523.2    121.6    243.3    285.2    285.2 update
  405.0s      200         1498.0         2091.2     31.5     96.5    130.0    167.8 read
  405.0s      200          349.2          522.8    125.8    192.9    218.1    218.1 update
  406.0s      200         1499.9         2089.8     35.7     92.3    117.4    142.6 read
  406.0s      200          303.0          522.3    125.8    184.5    192.9    209.7 update
  407.0s      200         1486.3         2088.3     32.5     92.3    113.2    142.6 read
  407.0s      200          384.1          521.9    117.4    192.9    201.3    218.1 update
  408.0s      200         1608.8         2087.1     25.2     79.7    125.8    285.2 read
  408.0s      200          385.9          521.6    121.6    209.7    402.7    671.1 update
  409.0s      200         1589.3         2085.9     26.2     71.3     96.5    121.6 read
  409.0s      200          435.1          521.4    121.6    159.4    176.2    184.5 update
  410.0s      200         1493.0         2084.4     32.5    100.7    113.2    134.2 read
  410.0s      200          347.0          520.9    104.9    176.2    192.9    201.3 update
_elapsed___errors__ops/sec(inst)___ops/sec(cum)__p50(ms)__p95(ms)__p99(ms)_pMax(ms)
  411.0s      200         1581.5         2083.2     31.5    100.7    130.0    176.2 read
  411.0s      200          336.9          520.5    117.4    184.5    209.7    318.8 update
  412.0s      200         1543.9         2081.9     28.3     75.5     96.5    121.6 read
  412.0s      200          431.0          520.3    117.4    151.0    184.5    201.3 update
  413.0s      200         1567.5         2080.7     26.2     92.3    113.2    318.8 read
  413.0s      200          383.1          519.9    100.7    176.2    218.1    536.9 update
  414.0s      200         1570.6         2079.4     26.2     96.5    121.6    130.0 read
  414.0s      200          404.9          519.7    109.1    176.2    184.5    201.3 update
  415.0s      200         1662.8         2078.4     24.1     79.7    142.6    209.7 read
  415.0s      200          422.0          519.4    100.7    209.7    234.9    453.0 update
  416.0s      200         1321.3         2076.6     29.4    109.1    167.8    192.9 read
  416.0s      200          353.8          519.0    121.6    226.5    251.7    285.2 update
  417.0s      200         1652.5         2075.6     29.4     83.9    113.2    151.0 read
  417.0s      200          390.1          518.7    104.9    167.8    192.9    201.3 update
  418.0s      200         1620.6         2074.5     25.2     83.9    113.2    125.8 read
  418.0s      200          423.2          518.5    100.7    167.8    184.5    209.7 update
  419.0s      200         1498.8         2073.1     33.6     88.1    109.1    142.6 read
  419.0s      200          367.9          518.1    121.6    192.9    218.1    234.9 update
  420.0s      200         1601.2         2072.0     32.5     83.9    117.4    159.4 read
  420.0s      200          357.8          517.8    109.1    167.8    184.5    192.9 update
_elapsed___errors__ops/sec(inst)___ops/sec(cum)__p50(ms)__p95(ms)__p99(ms)_pMax(ms)
  421.0s      200         1680.6         2071.1     24.1     75.5    121.6    184.5 read
  421.0s      200          442.4          517.6     96.5    167.8    184.5    352.3 update
  422.0s      200         1525.8         2069.8     26.2    109.1    130.0    176.2 read
  422.0s      200          382.9          517.3    117.4    192.9    201.3    209.7 update
  423.0s      200         1714.9         2068.9     27.3     67.1     96.5    125.8 read
  423.0s      200          465.0          517.1    100.7    130.0    142.6    176.2 update
  424.0s      200         1516.9         2067.6     31.5     88.1    142.6    192.9 read
  424.0s      200          383.0          516.8    113.2    176.2    209.7    234.9 update
  425.0s      200         1534.3         2066.4     27.3    100.7    151.0    176.2 read
  425.0s      200          410.1          516.6    104.9    192.9    218.1    226.5 update
  426.0s      200         1677.9         2065.5     26.2     71.3     88.1    113.2 read
  426.0s      200          459.0          516.4    100.7    151.0    176.2    226.5 update
  427.0s      200         1440.1         2064.0     32.5     96.5    121.6    159.4 read
  427.0s      200          344.0          516.0    117.4    184.5    201.3    226.5 update
  428.0s      200         1522.0         2062.7     27.3     88.1    109.1    159.4 read
  428.0s      200          394.7          515.7    117.4    209.7    226.5    234.9 update
  429.0s      200         1397.9         2061.2     28.3     96.5    117.4    142.6 read
  429.0s      200          364.0          515.4    134.2    209.7    234.9    243.3 update
  430.0s      200         1622.7         2060.2     26.2     62.9     83.9    121.6 read
  430.0s      200          336.2          515.0    125.8    192.9    218.1    226.5 update
_elapsed___errors__ops/sec(inst)___ops/sec(cum)__p50(ms)__p95(ms)__p99(ms)_pMax(ms)
  431.0s      200         1819.6         2059.6     25.2     54.5     71.3    100.7 read
  431.0s      200          465.9          514.9    117.4    218.1    260.0    285.2 update
  432.0s      200         1858.0         2059.1     26.2     60.8     75.5    109.1 read
  432.0s      200          463.2          514.7    100.7    121.6    130.0    142.6 update
  433.0s      200         1894.7         2058.8     25.2     58.7     75.5     83.9 read
  433.0s      200          472.9          514.6    100.7    142.6    159.4    176.2 update
  434.0s      200         1834.7         2058.3     24.1     52.4     67.1     92.3 read
  434.0s      200          487.9          514.6    100.7    151.0    167.8    184.5 update
  435.0s      200         1890.4         2057.9     24.1     50.3     67.1     83.9 read
  435.0s      200          470.9          514.5    100.7    142.6    159.4    184.5 update
  436.0s      200         1871.6         2057.4     23.1     50.3     65.0     75.5 read
  436.0s      200          452.1          514.3    109.1    201.3    209.7    226.5 update
  437.0s      200         1756.6         2056.7     23.1     50.3     58.7     79.7 read
  437.0s      200          448.9          514.2    121.6    192.9    209.7    243.3 update
  438.0s      200         1866.8         2056.3     22.0     50.3     60.8    134.2 read
  438.0s      200          472.9          514.1    100.7    159.4    201.3    436.2 update
  439.0s      200         1775.7         2055.7     24.1     56.6    117.4    176.2 read
  439.0s      200          487.9          514.0    104.9    142.6    201.3    268.4 update
  440.0s      200         2026.0         2055.6     23.1     50.3     65.0     83.9 read
  440.0s      200          472.2          513.9    100.7    142.6    151.0    176.2 update
_elapsed___errors__ops/sec(inst)___ops/sec(cum)__p50(ms)__p95(ms)__p99(ms)_pMax(ms)
  441.0s      200         2034.4         2055.6     22.0     46.1     58.7     75.5 read
  441.0s      200          516.8          513.9    100.7    125.8    142.6    192.9 update
  442.0s      200         1913.6         2055.2     21.0     44.0     60.8    318.8 read
  442.0s      200          495.1          513.9    104.9    167.8    201.3    352.3 update
  443.0s      200         1916.9         2054.9     23.1     48.2     60.8     75.5 read
  443.0s      200          458.0          513.8    117.4    159.4    167.8    176.2 update
  444.0s      200         1964.7         2054.7     24.1     48.2     67.1    251.7 read
  444.0s      200          429.9          513.6    104.9    159.4    176.2    201.3 update
  445.0s      200         1835.4         2054.2     23.1     48.2     62.9     92.3 read
  445.0s      200          502.1          513.6    104.9    151.0    192.9    436.2 update
  446.0s      200         1913.1         2053.9     25.2     56.6     71.3    100.7 read
  446.0s      200          459.0          513.4    100.7    142.6    167.8    192.9 update
  447.0s      200         1863.4         2053.5     26.2     60.8     75.5     96.5 read
  447.0s      200          466.1          513.3     96.5    121.6    125.8    151.0 update
  448.0s      200         2012.9         2053.4     24.1     58.7     71.3    121.6 read
  448.0s      200          455.0          513.2     96.5    117.4    125.8    201.3 update
  449.0s      200         1933.3         2053.1     23.1     50.3     65.0     79.7 read
  449.0s      200          476.8          513.1    100.7    159.4    184.5    469.8 update
  450.0s      200         1970.6         2052.9     23.1     50.3     65.0     75.5 read
  450.0s      200          476.2          513.0     96.5    151.0    184.5    209.7 update
_elapsed___errors__ops/sec(inst)___ops/sec(cum)__p50(ms)__p95(ms)__p99(ms)_pMax(ms)
  451.0s      200         1885.1         2052.6     26.2     54.5     65.0     88.1 read
  451.0s      200          463.0          512.9    100.7    130.0    142.6    151.0 update
  452.0s      200         2014.1         2052.5     23.1     52.4     62.9    251.7 read
  452.0s      200          499.0          512.9     96.5    113.2    125.8    302.0 update
  453.0s      200         1914.0         2052.2     23.1     50.3     60.8     83.9 read
  453.0s      200          472.0          512.8    104.9    159.4    201.3    209.7 update
  454.0s      200         1804.9         2051.6     23.1     50.3     60.8     88.1 read
  454.0s      200          484.0          512.7    109.1    167.8    192.9    201.3 update
  455.0s      200         1923.4         2051.4     22.0     52.4     60.8     71.3 read
  455.0s      200          509.9          512.7    100.7    130.0    151.0    159.4 update
  456.0s      200         1915.3         2051.1     22.0     48.2     62.9    218.1 read
  456.0s      200          489.1          512.7    100.7    151.0    176.2    302.0 update
  457.0s      200         1725.7         2050.3     26.2     62.9     83.9    121.6 read
  457.0s      200          455.7          512.6    113.2    159.4    184.5    520.1 update
  458.0s      200         1881.8         2050.0     24.1     56.6     65.0     88.1 read
  458.0s      200          481.5          512.5     96.5    125.8    142.6    176.2 update
  459.0s      200         1920.6         2049.7     24.1     60.8     67.1     88.1 read
  459.0s      200          484.9          512.4     96.5    117.4    121.6    130.0 update
  460.0s      200         2032.2         2049.7     22.0     50.3     65.0    192.9 read
  460.0s      200          517.1          512.4     96.5    113.2    201.3    486.5 update
_elapsed___errors__ops/sec(inst)___ops/sec(cum)__p50(ms)__p95(ms)__p99(ms)_pMax(ms)
  461.0s      200         1895.4         2049.3     24.1     58.7     67.1     88.1 read
  461.0s      200          484.9          512.4     96.5    121.6    134.2    151.0 update
  462.0s      200         2021.7         2049.3     24.1     50.3     65.0     79.7 read
  462.0s      200          495.2          512.3     96.5    113.2    125.8    134.2 update
  463.0s      200         2047.7         2049.3     23.1     52.4     67.1     92.3 read
  463.0s      200          497.9          512.3     96.5    113.2    125.8    285.2 update
  464.0s      200         2018.7         2049.2     22.0     48.2     60.8     79.7 read
  464.0s      200          524.9          512.3     96.5    113.2    121.6    302.0 update
  465.0s      200         2080.6         2049.3     23.1     48.2     62.9     88.1 read
  465.0s      200          488.9          512.3     96.5    113.2    121.6    125.8 update
  466.0s      200         2019.9         2049.2     23.1     50.3     62.9     83.9 read
  466.0s      200          509.2          512.3     96.5    117.4    125.8    130.0 update
  467.0s      200         1990.7         2049.1     22.0     46.1     60.8     71.3 read
  467.0s      200          555.9          512.4     96.5    109.1    121.6    121.6 update
  468.0s      200         2020.1         2049.0     23.1     48.2     62.9     75.5 read
  468.0s      200          507.0          512.4     96.5    121.6    142.6    159.4 update
  469.0s      200         2032.2         2049.0     21.0     44.0     56.6    218.1 read
  469.0s      200          548.0          512.4     96.5    142.6    260.0    486.5 update
  470.0s      200         1889.6         2048.6     23.1     50.3     67.1    268.4 read
  470.0s      200          510.6          512.4    100.7    134.2    167.8    176.2 update
_elapsed___errors__ops/sec(inst)___ops/sec(cum)__p50(ms)__p95(ms)__p99(ms)_pMax(ms)
  471.0s      200         1904.4         2048.3     26.2     56.6     71.3     92.3 read
  471.0s      200          448.3          512.3    100.7    125.8    142.6    159.4 update
  472.0s      200         2066.8         2048.4     22.0     46.1     65.0    201.3 read
  472.0s      200          469.7          512.2    100.7    142.6    167.8    419.4 update
  473.0s      200         1857.6         2048.0     24.1     50.3     65.0     79.7 read
  473.0s      200          492.2          512.2    100.7    142.6    159.4    184.5 update
  474.0s      200         1802.5         2047.4     24.1     50.3     67.1     75.5 read
  474.0s      200          457.9          512.1    109.1    184.5    192.9    218.1 update
  475.0s      200         1722.6         2046.8     26.2     60.8     79.7    192.9 read
  475.0s      200          426.1          511.9    104.9    151.0    192.9    260.0 update
  476.0s      200         2014.1         2046.7     24.1     50.3     65.0    142.6 read
  476.0s      200          485.0          511.8     96.5    125.8    142.6    402.7 update
  477.0s      200         1914.3         2046.4     25.2     58.7     71.3     88.1 read
  477.0s      200          475.1          511.7     96.5    117.4    125.8    130.0 update
  478.0s      200         1902.2         2046.1     25.2     56.6     67.1     88.1 read
  478.0s      200          467.1          511.7     96.5    125.8    159.4    192.9 update
  479.0s      200         2026.9         2046.1     23.1     50.3     65.0     83.9 read
  479.0s      200          499.7          511.6     96.5    117.4    130.0    151.0 update
  480.0s      200         1937.7         2045.9     24.1     52.4     71.3     92.3 read
  480.0s      200          484.9          511.6     96.5    117.4    125.8    134.2 update
_elapsed___errors__ops/sec(inst)___ops/sec(cum)__p50(ms)__p95(ms)__p99(ms)_pMax(ms)
  481.0s      200         1922.8         2045.6     24.1     52.4     71.3     96.5 read
  481.0s      200          495.2          511.5     96.5    117.4    125.8    134.2 update
  482.0s      200         1992.5         2045.5     24.1     50.3     67.1     88.1 read
  482.0s      200          483.1          511.5     96.5    117.4    121.6    130.0 update
  483.0s      200         2012.9         2045.4     22.0     48.2     65.0    176.2 read
  483.0s      200          527.0          511.5     96.5    117.4    125.8    453.0 update
  484.0s      200         1829.1         2045.0     23.1     50.3     71.3     88.1 read
  484.0s      200          429.0          511.3    117.4    226.5    251.7    335.5 update
  485.0s      200         1912.5         2044.7     23.1     54.5     65.0    251.7 read
  485.0s      200          493.9          511.3    100.7    134.2    151.0    151.0 update
  486.0s      200         1946.5         2044.5     23.1     48.2     62.9     88.1 read
  486.0s      200          504.1          511.3     96.5    121.6    130.0    151.0 update
  487.0s      200         1954.5         2044.3     24.1     54.5     67.1     88.1 read
  487.0s      200          467.9          511.2     96.5    121.6    142.6    151.0 update
  488.0s      200         1995.9         2044.2     23.1     48.2     60.8     75.5 read
  488.0s      200          491.0          511.2    100.7    134.2    151.0    176.2 update
  489.0s      200         2052.6         2044.2     21.0     44.0     56.6     75.5 read
  489.0s      200          492.1          511.1    104.9    151.0    176.2    176.2 update
  490.0s      200         1890.3         2043.9     23.1     54.5     67.1    226.5 read
  490.0s      200          455.8          511.0    104.9    176.2    192.9    218.1 update
_elapsed___errors__ops/sec(inst)___ops/sec(cum)__p50(ms)__p95(ms)__p99(ms)_pMax(ms)
  491.0s      200         1880.3         2043.6     24.1     52.4     65.0     88.1 read
  491.0s      200          456.1          510.9    100.7    142.6    159.4    243.3 update
  492.0s      200         1831.0         2043.1     22.0     54.5    109.1    218.1 read
  492.0s      200          483.0          510.8    109.1    159.4    176.2    369.1 update
  493.0s      200         1284.3         2041.6     35.7    121.6    151.0    167.8 read
  493.0s      200          342.1          510.5    113.2    218.1    285.2    637.5 update
  494.0s      200         1263.4         2040.0     37.7    113.2    130.0    151.0 read
  494.0s      200          299.9          510.1    142.6    209.7    234.9    243.3 update
  495.0s      200         1334.3         2038.6     32.5    109.1    142.6    176.2 read
  495.0s      200          348.1          509.7    134.2    201.3    218.1    243.3 update
  496.0s      200         1393.2         2037.3     35.7    117.4    142.6    234.9 read
  496.0s      200          326.1          509.4    113.2    184.5    268.4    486.5 update
  497.0s      200         1465.6         2036.2     35.7    109.1    125.8    159.4 read
  497.0s      200          364.9          509.1    113.2    176.2    184.5    318.8 update
  498.0s      200         1417.4         2034.9     35.7    109.1    130.0    151.0 read
  498.0s      200          361.1          508.8    113.2    176.2    192.9    218.1 update
  499.0s      200         1568.2         2034.0     33.6     83.9    117.4    385.9 read
  499.0s      200          361.0          508.5    113.2    167.8    201.3    671.1 update
  500.0s      200         1471.7         2032.9     33.6    104.9    121.6    142.6 read
  500.0s      200          348.7          508.2    113.2    176.2    192.9    192.9 update
_elapsed___errors__ops/sec(inst)___ops/sec(cum)__p50(ms)__p95(ms)__p99(ms)_pMax(ms)
  501.0s      200         1364.9         2031.5     39.8    100.7    125.8    151.0 read
  501.0s      200          353.0          507.9    113.2    184.5    209.7    226.5 update
  502.0s      200         1348.0         2030.2     41.9     88.1    113.2    134.2 read
  502.0s      200          344.3          507.5    121.6    184.5    201.3    209.7 update
  503.0s      200         1405.9         2028.9     29.4    100.7    121.6    142.6 read
  503.0s      200          335.0          507.2    167.8    226.5    251.7    268.4 update
  504.0s      200         1281.2         2027.4     31.5    100.7    121.6    142.6 read
  504.0s      200          320.0          506.8    151.0    335.5    352.3    369.1 update
  505.0s      200         1521.0         2026.4     32.5     75.5     92.3    121.6 read
  505.0s      200          411.0          506.6    117.4    192.9    201.3    243.3 update
  506.0s      200         1330.1         2025.1     32.5     92.3    142.6    184.5 read
  506.0s      200          380.0          506.4    117.4    218.1    234.9    251.7 update
  507.0s      200         1692.3         2024.4     25.2     75.5     92.3    109.1 read
  507.0s      200          436.8          506.2    109.1    176.2    184.5    201.3 update
  508.0s      200         1760.7         2023.9     23.1     60.8     96.5    302.0 read
  508.0s      200          475.2          506.2    109.1    142.6    176.2    453.0 update
  509.0s      200         1710.8         2023.3     27.3     75.5     96.5    134.2 read
  509.0s      200          442.9          506.1    100.7    142.6    159.4    167.8 update
  510.0s      200         1545.8         2022.3     30.4    100.7    125.8    151.0 read
  510.0s      200          375.7          505.8    113.2    184.5    243.3    260.0 update
_elapsed___errors__ops/sec(inst)___ops/sec(cum)__p50(ms)__p95(ms)__p99(ms)_pMax(ms)
  511.0s      200         1583.6         2021.5     31.5     96.5    113.2    142.6 read
  511.0s      200          365.1          505.5    104.9    184.5    226.5    302.0 update
  512.0s      200         1446.4         2020.3     35.7    100.7    142.6    176.2 read
  512.0s      200          312.1          505.1    125.8    201.3    234.9    243.3 update
  513.0s      200         1749.4         2019.8     26.2     71.3     96.5    130.0 read
  513.0s      200          456.1          505.1    104.9    159.4    184.5    201.3 update
  514.0s      200         1549.1         2018.9     32.5     92.3    121.6    151.0 read
  514.0s      200          392.8          504.8    109.1    176.2    209.7    226.5 update
  515.0s      200         1618.5         2018.1     29.4     79.7     96.5    125.8 read
  515.0s      200          458.1          504.7    100.7    151.0    159.4    176.2 update
  516.0s      200         1592.0         2017.3     28.3     96.5    125.8    159.4 read
  516.0s      200          418.7          504.6    100.7    184.5    192.9    209.7 update
  517.0s      200         1629.2         2016.6     29.4     79.7    100.7    130.0 read
  517.0s      200          429.3          504.4    100.7    167.8    192.9    209.7 update
  518.0s      200         1793.1         2016.1     26.2     75.5    104.9    130.0 read
  518.0s      200          391.8          504.2    104.9    151.0    167.8    192.9 update
  519.0s      200         1531.1         2015.2     31.5     88.1    109.1    125.8 read
  519.0s      200          421.3          504.1    104.9    159.4    184.5    192.9 update
  520.0s      200         1722.3         2014.6     26.2     79.7    104.9    251.7 read
  520.0s      200          440.8          503.9    100.7    151.0    167.8    436.2 update
_elapsed___errors__ops/sec(inst)___ops/sec(cum)__p50(ms)__p95(ms)__p99(ms)_pMax(ms)
  521.0s      200         1398.0         2013.4     32.5    104.9    130.0    176.2 read
  521.0s      200          396.0          503.7    113.2    176.2    184.5    218.1 update
  522.0s      200         1821.7         2013.1     26.2     71.3    104.9    125.8 read
  522.0s      200          440.2          503.6    100.7    159.4    176.2    209.7 update
  523.0s      200         1775.8         2012.6     25.2     62.9     83.9    109.1 read
  523.0s      200          446.0          503.5    100.7    142.6    151.0    167.8 update
  524.0s      200         1816.3         2012.2     26.2     71.3     92.3    134.2 read
  524.0s      200          441.1          503.4    100.7    142.6    159.4    167.8 update
  525.0s      200         1693.2         2011.6     29.4     92.3    109.1    192.9 read
  525.0s      200          400.8          503.2    104.9    159.4    184.5    218.1 update
  526.0s      200         1738.1         2011.1     27.3     75.5     92.3    109.1 read
  526.0s      200          408.0          503.0    100.7    142.6    159.4    167.8 update
  527.0s      200         1581.3         2010.3     33.6     92.3    113.2    151.0 read
  527.0s      200          360.1          502.7    117.4    167.8    176.2    192.9 update
  528.0s      200         1725.6         2009.8     24.1     71.3    117.4    142.6 read
  528.0s      200          466.9          502.7     96.5    167.8    184.5    201.3 update
  529.0s      200         1540.6         2008.9     31.5     79.7    109.1    142.6 read
  529.0s      200          409.2          502.5    104.9    159.4    176.2    176.2 update
  530.0s      200         1676.1         2008.2     26.2     96.5    121.6    159.4 read
  530.0s      200          396.8          502.3    100.7    176.2    192.9    209.7 update
_elapsed___errors__ops/sec(inst)___ops/sec(cum)__p50(ms)__p95(ms)__p99(ms)_pMax(ms)
  531.0s      200         1752.7         2007.8     26.2     88.1    109.1    130.0 read
  531.0s      200          397.2          502.1    100.7    159.4    176.2    176.2 update
  532.0s      200         1620.3         2007.0     27.3     92.3    117.4    151.0 read
  532.0s      200          402.8          501.9    104.9    176.2    201.3    218.1 update
  533.0s      200         1699.1         2006.5     26.2     71.3    104.9    130.0 read
  533.0s      200          431.3          501.8    100.7    159.4    184.5    209.7 update
  534.0s      200         1590.3         2005.7     26.2     83.9    104.9    142.6 read
  534.0s      200          437.8          501.6    104.9    159.4    167.8    176.2 update
  535.0s      200         1672.3         2005.1     27.3     79.7    109.1    142.6 read
  535.0s      200          397.1          501.4    109.1    176.2    184.5    192.9 update
  536.0s      200         1536.4         2004.2     23.1     65.0     92.3    436.2 read
  536.0s      200          409.1          501.3    142.6    192.9    209.7    335.5 update
  537.0s      200         1782.3         2003.8     27.3     71.3     88.1    218.1 read
  537.0s      200          419.8          501.1    100.7    159.4    192.9    738.2 update
  538.0s      200         1804.9         2003.4     24.1     60.8     88.1    134.2 read
  538.0s      200          455.2          501.0    100.7    142.6    151.0    184.5 update
  539.0s      200         1747.6         2002.9     25.2     65.0    100.7    243.3 read
  539.0s      200          440.9          500.9    100.7    151.0    184.5    570.4 update
  540.0s      200         1510.9         2002.0     33.6     83.9    100.7    125.8 read
  540.0s      200          363.7          500.7    121.6    176.2    201.3    226.5 update
_elapsed___errors__ops/sec(inst)___ops/sec(cum)__p50(ms)__p95(ms)__p99(ms)_pMax(ms)
  541.0s      200         1743.2         2001.5     26.2     65.0    117.4    142.6 read
  541.0s      200          438.1          500.6    104.9    184.5    201.3    218.1 update
  542.0s      200         1453.6         2000.5     30.4     83.9    104.9    201.3 read
  542.0s      200          363.2          500.3    130.0    192.9    226.5    604.0 update
  543.0s      200         1482.0         1999.6     27.3     83.9    109.1    151.0 read
  543.0s      200          357.0          500.0    142.6    184.5    201.3    226.5 update
  544.0s      200         1424.0         1998.5     31.5     88.1    104.9    134.2 read
  544.0s      200          394.0          499.8    130.0    226.5    243.3    251.7 update
  545.0s      200         1741.0         1998.0     26.2     75.5    109.1    142.6 read
  545.0s      200          432.0          499.7    100.7    159.4    176.2    201.3 update
  546.0s      200         1466.4         1997.1     35.7    100.7    125.8    142.6 read
  546.0s      200          367.1          499.5    113.2    176.2    192.9    201.3 update
  547.0s      200         1812.7         1996.7     27.3     62.9     75.5     96.5 read
  547.0s      200          436.9          499.4    100.7    159.4    209.7    218.1 update
  548.0s      200         1842.2         1996.4     26.2     62.9     75.5     83.9 read
  548.0s      200          439.8          499.3    100.7    125.8    142.6    159.4 update
  549.0s      200         1828.9         1996.1     24.1     54.5     71.3     88.1 read
  549.0s      200          495.3          499.2    100.7    134.2    151.0    176.2 update
  550.0s      200         1825.7         1995.8     24.1     56.6     71.3     88.1 read
  550.0s      200          437.9          499.1    104.9    176.2    192.9    226.5 update
_elapsed___errors__ops/sec(inst)___ops/sec(cum)__p50(ms)__p95(ms)__p99(ms)_pMax(ms)
  551.0s      200         1957.2         1995.8     23.1     48.2     62.9     71.3 read
  551.0s      200          504.1          499.1    100.7    134.2    159.4    218.1 update
  552.0s      200         1831.7         1995.5     25.2     52.4     67.1    142.6 read
  552.0s      200          477.9          499.1    100.7    151.0    159.4    402.7 update
  553.0s      200         1803.4         1995.1     26.2     60.8     71.3     88.1 read
  553.0s      200          448.9          499.0    100.7    134.2    159.4    176.2 update
  554.0s      200         1738.9         1994.7     22.0     52.4     67.1     92.3 read
  554.0s      200          396.2          498.8    121.6    251.7    285.2    302.0 update
  555.0s      200         1833.6         1994.4     24.1     54.5     65.0    100.7 read
  555.0s      200          490.6          498.8    104.9    159.4    201.3    251.7 update
  556.0s      200         1858.4         1994.1     27.3     60.8     75.5    100.7 read
  556.0s      200          404.3          498.6    104.9    176.2    201.3    226.5 update
  557.0s      200         1764.6         1993.7     27.3     62.9     88.1    167.8 read
  557.0s      200          405.7          498.5    109.1    167.8    192.9    318.8 update
  558.0s      200         1863.1         1993.5     25.2     60.8     71.3     92.3 read
  558.0s      200          482.3          498.4     96.5    117.4    125.8    134.2 update
  559.0s      200         1974.6         1993.4     24.1     56.6     71.3     96.5 read
  559.0s      200          477.1          498.4     96.5    117.4    121.6    142.6 update
  560.0s      200         2003.8         1993.5     24.1     52.4     67.1     88.1 read
  560.0s      200          482.0          498.4     96.5    117.4    125.8    130.0 update
_elapsed___errors__ops/sec(inst)___ops/sec(cum)__p50(ms)__p95(ms)__p99(ms)_pMax(ms)
  561.0s      200         2000.2         1993.5     24.1     54.5     65.0     83.9 read
  561.0s      200          493.8          498.4     96.5    117.4    130.0    134.2 update
  562.0s      200         1993.6         1993.5     22.0     52.4     60.8     79.7 read
  562.0s      200          527.1          498.4     96.5    113.2    117.4    130.0 update
  563.0s      200         1958.0         1993.4     24.1     54.5     65.0     96.5 read
  563.0s      200          509.0          498.4     96.5    113.2    125.8    151.0 update
  564.0s      200         2048.5         1993.5     23.1     50.3     65.0    142.6 read
  564.0s      200          514.1          498.5     96.5    113.2    121.6    369.1 update
  565.0s      200         2033.3         1993.6     23.1     54.5     62.9    167.8 read
  565.0s      200          495.8          498.5     96.5    113.2    121.6    486.5 update
  566.0s      200         2056.2         1993.7     21.0     46.1     58.7    113.2 read
  566.0s      200          555.8          498.6     96.5    113.2    121.6    453.0 update
  567.0s      200         1923.6         1993.6     24.1     56.6     71.3    100.7 read
  567.0s      200          502.9          498.6     96.5    117.4    130.0    369.1 update
  568.0s      200         2001.3         1993.6     24.1     50.3     65.0     83.9 read
  568.0s      200          492.3          498.6     96.5    117.4    121.6    130.0 update
  569.0s      200         2011.2         1993.6     23.1     50.3     67.1     83.9 read
  569.0s      200          513.0          498.6     96.5    113.2    121.6    125.8 update
  570.0s      200         1933.1         1993.5     24.1     50.3     67.1     83.9 read
  570.0s      200          503.8          498.6     96.5    117.4    121.6    130.0 update
_elapsed___errors__ops/sec(inst)___ops/sec(cum)__p50(ms)__p95(ms)__p99(ms)_pMax(ms)
  571.0s      200         1938.6         1993.4     25.2     54.5     71.3     92.3 read
  571.0s      200          461.2          498.5    100.7    121.6    134.2    142.6 update
  572.0s      200         2034.1         1993.5     24.1     50.3     65.0     92.3 read
  572.0s      200          495.0          498.5     96.5    117.4    125.8    335.5 update
  573.0s      200         2040.1         1993.6     23.1     48.2     62.9     71.3 read
  573.0s      200          510.0          498.5    100.7    121.6    134.2    151.0 update
  574.0s      200         1975.4         1993.5     23.1     48.2     60.8     88.1 read
  574.0s      200          454.9          498.5    109.1    167.8    184.5    201.3 update
  575.0s      200         1866.5         1993.3     24.1     56.6     71.3    104.9 read
  575.0s      200          447.9          498.4    100.7    159.4    176.2    184.5 update
  576.0s      200         1995.3         1993.3     22.0     46.1     58.7    167.8 read
  576.0s      200          512.3          498.4    100.7    142.6    167.8    436.2 update
  577.0s      200         2003.3         1993.3     23.1     50.3     71.3    201.3 read
  577.0s      200          507.8          498.4     96.5    121.6    142.6    419.4 update
  578.0s      200         2069.9         1993.5     23.1     50.3     62.9     83.9 read
  578.0s      200          512.0          498.4     96.5    113.2    125.8    142.6 update
  579.0s      200         2072.7         1993.6     23.1     52.4     65.0     83.9 read
  579.0s      200          492.7          498.4     96.5    113.2    117.4    125.8 update
  580.0s      200         2085.5         1993.8     22.0     46.1     62.9    201.3 read
  580.0s      200          509.6          498.5     96.5    117.4    142.6    486.5 update
_elapsed___errors__ops/sec(inst)___ops/sec(cum)__p50(ms)__p95(ms)__p99(ms)_pMax(ms)
  581.0s      200         1866.4         1993.5     26.2     54.5     71.3     96.5 read
  581.0s      200          470.8          498.4    100.7    121.6    130.0    134.2 update
  582.0s      200         1948.6         1993.5     24.1     54.5     67.1     96.5 read
  582.0s      200          492.9          498.4     96.5    117.4    125.8    142.6 update
  583.0s      200         1969.4         1993.4     25.2     56.6     71.3     88.1 read
  583.0s      200          467.9          498.3     96.5    117.4    125.8    130.0 update
  584.0s      200         2000.8         1993.4     24.1     50.3     62.9     96.5 read
  584.0s      200          484.0          498.3     96.5    117.4    121.6    121.6 update
  585.0s      200         1880.0         1993.2     23.1     52.4     65.0     83.9 read
  585.0s      200          559.3          498.4     96.5    113.2    121.6    302.0 update
  586.0s      200         1955.3         1993.2     25.2     56.6     71.3     79.7 read
  586.0s      200          467.8          498.4     96.5    121.6    130.0    142.6 update
  587.0s      200         2031.9         1993.2     24.1     50.3     71.3     92.3 read
  587.0s      200          484.2          498.4     96.5    117.4    121.6    130.0 update
  588.0s      200         2065.7         1993.4     23.1     46.1     65.0    130.0 read
  588.0s      200          516.9          498.4     96.5    113.2    125.8    302.0 update
  589.0s      200         2041.0         1993.4     22.0     46.1     60.8     79.7 read
  589.0s      200          525.0          498.4     96.5    113.2    117.4    201.3 update
  590.0s      200         2006.7         1993.5     23.1     48.2     62.9     79.7 read
  590.0s      200          521.2          498.5     96.5    113.2    121.6    125.8 update
_elapsed___errors__ops/sec(inst)___ops/sec(cum)__p50(ms)__p95(ms)__p99(ms)_pMax(ms)
  591.0s      200         1972.8         1993.4     23.1     48.2     62.9    117.4 read
  591.0s      200          503.9          498.5    100.7    125.8    142.6    285.2 update
  592.0s      200         2084.4         1993.6     23.1     48.2     60.8     79.7 read
  592.0s      200          507.8          498.5     96.5    117.4    121.6    130.0 update
  593.0s      200         1801.0         1993.3     25.2     60.8     79.7    104.9 read
  593.0s      200          451.2          498.4    100.7    159.4    176.2    218.1 update
  594.0s      200         1935.1         1993.2     24.1     54.5     67.1     83.9 read
  594.0s      200          502.5          498.4     96.5    117.4    134.2    302.0 update
  595.0s      200         1967.1         1993.1     23.1     52.4     67.1     83.9 read
  595.0s      200          508.3          498.4     96.5    130.0    167.8    184.5 update
  596.0s      200         1958.4         1993.1     25.2     52.4     67.1     83.9 read
  596.0s      200          480.8          498.4     96.5    121.6    134.2    151.0 update
  597.0s      200         1965.1         1993.0     24.1     54.5     67.1     88.1 read
  597.0s      200          502.3          498.4     96.5    117.4    121.6    130.0 update
  598.0s      200         2094.9         1993.2     22.0     46.1     62.9     75.5 read
  598.0s      200          519.0          498.4     96.5    113.2    117.4    125.8 update
  599.0s      200         2051.6         1993.3     23.1     50.3     65.0    184.5 read
  599.0s      200          505.9          498.5     96.5    142.6    176.2    201.3 update
  600.0s      200         2133.5         1993.5     22.0     48.2     60.8     92.3 read
  600.0s      200          516.1          498.5     96.5    113.2    125.8    402.7 update
_elapsed___errors__ops/sec(inst)___ops/sec(cum)__p50(ms)__p95(ms)__p99(ms)_pMax(ms)
  601.0s      200         2120.7         1993.7     23.1     48.2     62.9     88.1 read
  601.0s      200          502.7          498.5     96.5    117.4    125.8    142.6 update
  602.0s      200         2036.4         1993.8     23.1     52.4     65.0     88.1 read
  602.0s      200          516.1          498.5     96.5    113.2    121.6    130.0 update
  603.0s      200         2144.2         1994.0     22.0     46.1     60.8    142.6 read
  603.0s      200          530.1          498.6     96.5    109.1    117.4    134.2 update
  604.0s      200         1921.6         1993.9     21.0     44.0     56.6    209.7 read
  604.0s      200          479.9          498.5    109.1    159.4    176.2    251.7 update
  605.0s      200         1999.0         1993.9     22.0     48.2     60.8    226.5 read
  605.0s      200          529.3          498.6     96.5    134.2    176.2    385.9 update
  606.0s      200         1886.9         1993.8     26.2     52.4     67.1     79.7 read
  606.0s      200          461.7          498.5    104.9    134.2    151.0    318.8 update
  607.0s      200         2044.9         1993.8     23.1     52.4     62.9     88.1 read
  607.0s      200          468.0          498.5    100.7    142.6    151.0    176.2 update
  608.0s      200         2004.6         1993.9     24.1     52.4     65.0     96.5 read
  608.0s      200          495.9          498.5     96.5    117.4    121.6    151.0 update
  609.0s      200         1993.0         1993.9     24.1     50.3     71.3     79.7 read
  609.0s      200          471.0          498.4     96.5    121.6    130.0    142.6 update
  610.0s      200         2011.2         1993.9     23.1     50.3     65.0    100.7 read
  610.0s      200          492.3          498.4     96.5    117.4    125.8    130.0 update
_elapsed___errors__ops/sec(inst)___ops/sec(cum)__p50(ms)__p95(ms)__p99(ms)_pMax(ms)
  611.0s      200         1702.6         1993.4     25.2     56.6     71.3    184.5 read
  611.0s      200          478.2          498.4    113.2    151.0    176.2    192.9 update
  612.0s      200         1982.5         1993.4     22.0     46.1     60.8    209.7 read
  612.0s      200          517.9          498.4    100.7    142.6    159.4    226.5 update
  613.0s      200         1945.3         1993.3     22.0     46.1     58.7     71.3 read
  613.0s      200          505.1          498.4    104.9    151.0    159.4    167.8 update
  614.0s      200         1833.9         1993.0     23.1     48.2     62.9     92.3 read
  614.0s      200          460.0          498.4    117.4    184.5    201.3    226.5 update
  615.0s      200         2063.8         1993.2     23.1     48.2     65.0     83.9 read
  615.0s      200          478.7          498.3     96.5    121.6    134.2    151.0 update
  616.0s      200         2037.6         1993.2     21.0     46.1     58.7     96.5 read
  616.0s      200          523.1          498.4     96.5    121.6    209.7    570.4 update
  617.0s      200         2059.0         1993.3     21.0     44.0     56.6     71.3 read
  617.0s      200          535.3          498.4     96.5    130.0    151.0    151.0 update
  618.0s      200         2100.9         1993.5     21.0     44.0     54.5    142.6 read
  618.0s      200          502.0          498.4    100.7    134.2    159.4    167.8 update
  619.0s      200         2135.6         1993.7     19.9     41.9     52.4     75.5 read
  619.0s      200          570.9          498.6     96.5    125.8    142.6    159.4 update
  620.0s      200         2126.0         1994.0     19.9     44.0     54.5     65.0 read
  620.0s      200          520.0          498.6     96.5    142.6    167.8    184.5 update
_elapsed___errors__ops/sec(inst)___ops/sec(cum)__p50(ms)__p95(ms)__p99(ms)_pMax(ms)
  621.0s      200         2160.4         1994.2     21.0     44.0     56.6     75.5 read
  621.0s      200          555.6          498.7     96.5    121.6    151.0    159.4 update
  622.0s      200         2193.0         1994.5     19.9     41.9     54.5     79.7 read
  622.0s      200          548.2          498.8     96.5    117.4    134.2    142.6 update
  623.0s      200         1794.7         1994.2     22.0     71.3    113.2    130.0 read
  623.0s      200          420.2          498.6    113.2    176.2    184.5    201.3 update
  624.0s      200         1598.0         1993.6     22.0     75.5    121.6    159.4 read
  624.0s      200          422.0          498.5    117.4    243.3    268.4    285.2 update
  625.0s      200         2003.0         1993.6     22.0     50.3     71.3    192.9 read
  625.0s      200          503.0          498.5    100.7    151.0    176.2    402.7 update
  626.0s      200         1506.9         1992.8     27.3     92.3    142.6    167.8 read
  626.0s      200          393.0          498.4    104.9    209.7    226.5    243.3 update
  627.0s      200         1790.0         1992.5     23.1     75.5    104.9    134.2 read
  627.0s      200          458.7          498.3    109.1    176.2    184.5    201.3 update
  628.0s      200         1464.2         1991.7     32.5     92.3    121.6    159.4 read
  628.0s      200          362.1          498.1    109.1    184.5    209.7    218.1 update
  629.0s      200         1459.4         1990.8     39.8     96.5    113.2    151.0 read
  629.0s      200          326.1          497.8    121.6    192.9    226.5    243.3 update
  630.0s      200         1496.1         1990.0     33.6     83.9    113.2    192.9 read
  630.0s      200          407.0          497.7    109.1    176.2    192.9    318.8 update
_elapsed___errors__ops/sec(inst)___ops/sec(cum)__p50(ms)__p95(ms)__p99(ms)_pMax(ms)
  631.0s      200         1206.2         1988.8     39.8    117.4    151.0    176.2 read
  631.0s      200          311.8          497.4    130.0    234.9    243.3    285.2 update
  632.0s      200         1218.9         1987.6     37.7    104.9    121.6    167.8 read
  632.0s      200          318.2          497.1    151.0    226.5    251.7    285.2 update
  633.0s      200         1260.2         1986.4     41.9    100.7    121.6    151.0 read
  633.0s      200          299.0          496.8    134.2    201.3    218.1    234.9 update
  634.0s      200         1247.7         1985.3     26.2    104.9    130.0    159.4 read
  634.0s      200          268.9          496.4    218.1    369.1    402.7    419.4 update
  635.0s      200         1437.3         1984.4     30.4     88.1    109.1    134.2 read
  635.0s      200          420.8          496.3    117.4    234.9    260.0    285.2 update
  636.0s      200         1531.1         1983.7     32.5    104.9    134.2    167.8 read
  636.0s      200          356.2          496.1    109.1    167.8    192.9    260.0 update
  637.0s      200         1653.9         1983.2     28.3     79.7    117.4    142.6 read
  637.0s      200          389.0          495.9    113.2    167.8    184.5    192.9 update
  638.0s      200         1504.1         1982.4     30.4     96.5    117.4    159.4 read
  638.0s      200          356.0          495.7    121.6    201.3    209.7    234.9 update
  639.0s      200         1632.5         1981.9     29.4     83.9    117.4    159.4 read
  639.0s      200          411.9          495.6    104.9    176.2    201.3    369.1 update
  640.0s      200         1767.5         1981.5     27.3     75.5    100.7    151.0 read
  640.0s      200          418.9          495.4    109.1    159.4    167.8    184.5 update
_elapsed___errors__ops/sec(inst)___ops/sec(cum)__p50(ms)__p95(ms)__p99(ms)_pMax(ms)
  641.0s      200         1507.5         1980.8     27.3     88.1    109.1    134.2 read
  641.0s      200          391.1          495.3    134.2    184.5    209.7    385.9 update
  642.0s      200         1469.8         1980.0     29.4    100.7    142.6    226.5 read
  642.0s      200          364.9          495.1    117.4    201.3    218.1    251.7 update
  643.0s      200         1387.0         1979.1     33.6    100.7    121.6    209.7 read
  643.0s      200          350.0          494.8    130.0    218.1    251.7    260.0 update
  644.0s      200         1316.4         1978.0     33.6    113.2    142.6    159.4 read
  644.0s      200          341.1          494.6    121.6    209.7    251.7    503.3 update
  645.0s      200         1206.9         1976.9     39.8    121.6    151.0    192.9 read
  645.0s      200          266.0          494.2    151.0    243.3    268.4    302.0 update
  646.0s      200         1413.6         1976.0     32.5    100.7    130.0    167.8 read
  646.0s      200          355.9          494.0    125.8    192.9    209.7    260.0 update
  647.0s      200         1432.5         1975.1     35.7     92.3    117.4    134.2 read
  647.0s      200          404.1          493.9    113.2    159.4    184.5    218.1 update
  648.0s      200         1433.1         1974.3     29.4    100.7    142.6    159.4 read
  648.0s      200          363.0          493.7    121.6    201.3    209.7    268.4 update
  649.0s      200         1584.9         1973.7     29.4     96.5    113.2    151.0 read
  649.0s      200          409.0          493.6    109.1    176.2    184.5    192.9 update
  650.0s      200         1560.0         1973.1     28.3     83.9    113.2    134.2 read
  650.0s      200          386.0          493.4    104.9    176.2    192.9    201.3 update
_elapsed___errors__ops/sec(inst)___ops/sec(cum)__p50(ms)__p95(ms)__p99(ms)_pMax(ms)
  651.0s      200         1418.1         1972.2     32.5    117.4    142.6    176.2 read
  651.0s      200          381.0          493.2    117.4    184.5    226.5    268.4 update
  652.0s      200         1313.7         1971.2     39.8    100.7    125.8    130.0 read
  652.0s      200          340.7          493.0    125.8    192.9    218.1    218.1 update
  653.0s      200         1279.3         1970.1     41.9    104.9    117.4    151.0 read
  653.0s      200          325.3          492.7    130.0    184.5    209.7    226.5 update
  654.0s      200         1172.5         1968.9     35.7    121.6    184.5    218.1 read
  654.0s      200          293.9          492.4    142.6    335.5    436.2    453.0 update
  655.0s      200         1319.4         1967.9     30.4    104.9    125.8    142.6 read
  655.0s      200          366.8          492.2    142.6    209.7    234.9    251.7 update
  656.0s      200         1506.8         1967.2     30.4    100.7    121.6    234.9 read
  656.0s      200          391.2          492.1    121.6    176.2    201.3    520.1 update
  657.0s      200         1333.0         1966.3     31.5    109.1    134.2    234.9 read
  657.0s      200          351.0          491.9    134.2    209.7    226.5    268.4 update
  658.0s      200         1340.5         1965.3     32.5    109.1    142.6    176.2 read
  658.0s      200          317.1          491.6    142.6    243.3    260.0    285.2 update
  659.0s      200         1488.2         1964.6     27.3     96.5    121.6    302.0 read
  659.0s      200          394.8          491.5    121.6    201.3    226.5    251.7 update
  660.0s      200         1298.2         1963.6     30.4    104.9    125.8    142.6 read
  660.0s      200          324.0          491.2    151.0    234.9    260.0    285.2 update
_elapsed___errors__ops/sec(inst)___ops/sec(cum)__p50(ms)__p95(ms)__p99(ms)_pMax(ms)
  661.0s      200         1349.0         1962.6     35.7    109.1    134.2    285.2 read
  661.0s      200          313.0          490.9    125.8    218.1    226.5    285.2 update
  662.0s      200         1254.3         1961.6     39.8    130.0    159.4    184.5 read
  662.0s      200          313.8          490.7    151.0    218.1    234.9    243.3 update
  663.0s      200         1553.1         1961.0     29.4     88.1    104.9    134.2 read
  663.0s      200          383.3          490.5    109.1    167.8    176.2    201.3 update
  664.0s      200         1413.5         1960.1     30.4    100.7    142.6    176.2 read
  664.0s      200          314.9          490.2    130.0    226.5    251.7    285.2 update
  665.0s      200         1447.4         1959.4     32.5    100.7    117.4    335.5 read
  665.0s      200          350.1          490.0    134.2    192.9    201.3    209.7 update
  666.0s      200         1473.6         1958.6     23.1     75.5    134.2    436.2 read
  666.0s      200          404.9          489.9    142.6    209.7    260.0    302.0 update
  667.0s      200         1613.8         1958.1     26.2     88.1    117.4    151.0 read
  667.0s      200          392.2          489.8    113.2    192.9    218.1    738.2 update
  668.0s      200         1471.7         1957.4     28.3    100.7    117.4    142.6 read
  668.0s      200          356.7          489.6    104.9    184.5    201.3    209.7 update
  669.0s      200         1571.8         1956.8     25.2     79.7    121.6    151.0 read
  669.0s      200          428.2          489.5    109.1    167.8    184.5    201.3 update
  670.0s      200         1615.4         1956.3     22.0    109.1    134.2    209.7 read
  670.0s      200          436.1          489.4    121.6    192.9    218.1    318.8 update
_elapsed___errors__ops/sec(inst)___ops/sec(cum)__p50(ms)__p95(ms)__p99(ms)_pMax(ms)
  671.0s      200         1827.0         1956.1     24.1     60.8    104.9    226.5 read
  671.0s      200          471.8          489.4    100.7    134.2    167.8    226.5 update
  672.0s      200         1999.5         1956.2     21.0     50.3     67.1    285.2 read
  672.0s      200          514.4          489.4     96.5    121.6    268.4    604.0 update
  673.0s      200         2151.1         1956.5     19.9     41.9     54.5     71.3 read
  673.0s      200          527.8          489.5     96.5    134.2    151.0    167.8 update
  674.0s      200         2219.5         1956.9     18.9     39.8     52.4    201.3 read
  674.0s      200          570.1          489.6     96.5    125.8    142.6    251.7 update
  675.0s      200         2233.3         1957.3     18.9     44.0     58.7    104.9 read
  675.0s      200          542.6          489.7     92.3    134.2    151.0    167.8 update
  676.0s      200         2530.2         1958.1     14.7     35.7     48.2    159.4 read
  676.0s      200          618.3          489.8     96.5    130.0    142.6    159.4 update
  677.0s      200         2513.9         1958.9     15.7     33.6     41.9     54.5 read
  677.0s      200          633.7          490.1     92.3    104.9    104.9    113.2 update
  678.0s      200         2586.8         1959.9     16.8     35.7     44.0     71.3 read
  678.0s      200          600.2          490.2     88.1    100.7    109.1    113.2 update
  679.0s      200         2619.1         1960.8     15.7     32.5     41.9     54.5 read
  679.0s      200          626.8          490.4     88.1    100.7    109.1    113.2 update
  680.0s      200         2565.5         1961.7     15.7     32.5     41.9     58.7 read
  680.0s      200          627.4          490.6     92.3    104.9    109.1    130.0 update
_elapsed___errors__ops/sec(inst)___ops/sec(cum)__p50(ms)__p95(ms)__p99(ms)_pMax(ms)
  681.0s      200         2355.9         1962.3     14.7     35.7     52.4     96.5 read
  681.0s      200          567.0          490.7    109.1    151.0    176.2    184.5 update
  682.0s      200         2376.3         1962.9     14.2     32.5     50.3    117.4 read
  682.0s      200          555.8          490.8    113.2    142.6    151.0    209.7 update
  683.0s      200         2424.8         1963.6     14.2     32.5     48.2     88.1 read
  683.0s      200          562.2          490.9    113.2    142.6    159.4    176.2 update
  684.0s      200         2338.6         1964.1     12.6     30.4     41.9     67.1 read
  684.0s      200          600.9          491.1    109.1    134.2    151.0    159.4 update
  685.0s      200         2387.8         1964.8     11.5     31.5     41.9     92.3 read
  685.0s      200          646.2          491.3    109.1    142.6    151.0    176.2 update
  686.0s      200         2336.7         1965.3     12.6     30.4     41.9     67.1 read
  686.0s      200          634.9          491.5    109.1    134.2    142.6    176.2 update
  687.0s      200         2383.8         1965.9     11.0     29.4     41.9     71.3 read
  687.0s      200          626.9          491.7    109.1    142.6    151.0    167.8 update
  688.0s      200         2363.5         1966.5     13.1     32.5     39.8     58.7 read
  688.0s      200          600.1          491.9    113.2    142.6    151.0    159.4 update
  689.0s      200         2325.4         1967.0     11.0     37.7     75.5    151.0 read
  689.0s      200          631.6          492.1    104.9    130.0    151.0    226.5 update
  690.0s      200         2372.8         1967.6     11.0     33.6    109.1    176.2 read
  690.0s      200          613.2          492.3    104.9    142.6    218.1    318.8 update
_elapsed___errors__ops/sec(inst)___ops/sec(cum)__p50(ms)__p95(ms)__p99(ms)_pMax(ms)
  691.0s      200         2291.9         1968.1     13.6     37.7     50.3    159.4 read
  691.0s      200          575.2          492.4    113.2    142.6    159.4    176.2 update
  692.0s      200         2853.0         1969.3      9.4     22.0     28.3     41.9 read
  692.0s      200          744.7          492.7     96.5    117.4    125.8    134.2 update
  693.0s      200         2978.3         1970.8      9.4     25.2     35.7     52.4 read
  693.0s      200          710.8          493.1     96.5    113.2    125.8    142.6 update
  694.0s      200         2974.3         1972.2     10.0     23.1     30.4     39.8 read
  694.0s      200          735.3          493.4     96.5    109.1    121.6    130.0 update
  695.0s      200         2760.9         1973.4     12.1     26.2     33.6     44.0 read
  695.0s      200          724.0          493.7     92.3    109.1    121.6    142.6 update
  696.0s      200         2680.1         1974.4     13.6     28.3     35.7     46.1 read
  696.0s      200          677.0          494.0     88.1    109.1    117.4    130.0 update
  697.0s      200         2646.5         1975.4     14.2     28.3     35.7     54.5 read
  697.0s      200          667.9          494.3     88.1    130.0    176.2    184.5 update
  698.0s      200         2759.3         1976.5     14.2     28.3     35.7     41.9 read
  698.0s      200          675.1          494.5     88.1    100.7    104.9    117.4 update
  699.0s      200         2748.2         1977.6     14.7     29.4     37.7     48.2 read
  699.0s      200          638.6          494.7     88.1    100.7    113.2    117.4 update
  700.0s      200         2584.1         1978.4     13.6     27.3     35.7     58.7 read
  700.0s      200          651.5          494.9     96.5    117.4    130.0    142.6 update
_elapsed___errors__ops/sec(inst)___ops/sec(cum)__p50(ms)__p95(ms)__p99(ms)_pMax(ms)
  701.0s      200         2620.0         1979.4     14.2     30.4     39.8     58.7 read
  701.0s      200          636.0          495.1     96.5    121.6    134.2    151.0 update
  702.0s      200         2747.3         1980.5     13.6     27.3     35.7     44.0 read
  702.0s      200          680.6          495.4     88.1    100.7    109.1    121.6 update
  703.0s      200         2770.8         1981.6     13.6     29.4     37.7     54.5 read
  703.0s      200          671.4          495.7     92.3    104.9    109.1    117.4 update
  704.0s      200         2491.2         1982.3     15.2     35.7     46.1    176.2 read
  704.0s      200          616.8          495.8     92.3    125.8    142.6    159.4 update
  705.0s      200         2856.9         1983.5     11.0     25.2     35.7     44.0 read
  705.0s      200          683.2          496.1     96.5    121.6    130.0    151.0 update
  706.0s      200         2762.5         1984.6     13.6     27.3     35.7     41.9 read
  706.0s      200          658.9          496.3     92.3    109.1    121.6    134.2 update
  707.0s      200         2718.0         1985.7     13.6     26.2     32.5     39.8 read
  707.0s      200          727.0          496.7     88.1    100.7    109.1    113.2 update
  708.0s      200         2772.6         1986.8     14.2     28.3     33.6     41.9 read
  708.0s      200          669.9          496.9     88.1    100.7    109.1    113.2 update
  709.0s      200         2776.5         1987.9     14.7     29.4     35.7     54.5 read
  709.0s      200          646.3          497.1     92.3    104.9    113.2    113.2 update
  710.0s      200         2766.5         1989.0     13.1     27.3     32.5     41.9 read
  710.0s      200          699.9          497.4     92.3    104.9    109.1    113.2 update
_elapsed___errors__ops/sec(inst)___ops/sec(cum)__p50(ms)__p95(ms)__p99(ms)_pMax(ms)
  711.0s      200         2759.1         1990.1     12.6     26.2     33.6     44.0 read
  711.0s      200          696.8          497.7     88.1    109.1    117.4    142.6 update
  712.0s      200         2773.4         1991.2     12.6     26.2     31.5     41.9 read
  712.0s      200          716.1          498.0     88.1    100.7    109.1    113.2 update
  713.0s      200         2851.6         1992.4     13.6     27.3     32.5     44.0 read
  713.0s      200          654.9          498.2     92.3    104.9    109.1    121.6 update
  714.0s      200         2684.2         1993.4     12.1     25.2     31.5     41.9 read
  714.0s      200          733.0          498.5     92.3    104.9    109.1    121.6 update
  715.0s      200         2777.3         1994.5     12.6     25.2     30.4     35.7 read
  715.0s      200          705.3          498.8     92.3    104.9    117.4    130.0 update
  716.0s      200         2752.7         1995.5     13.1     27.3     35.7     50.3 read
  716.0s      200          681.7          499.1     92.3    109.1    121.6    130.0 update
  717.0s      200         2771.0         1996.6     12.6     25.2     32.5     50.3 read
  717.0s      200          699.2          499.4     92.3    104.9    109.1    113.2 update
  718.0s      200         2580.9         1997.4     12.6     30.4     44.0    159.4 read
  718.0s      200          633.5          499.5    100.7    125.8    130.0    167.8 update
  719.0s      200         2813.2         1998.6     11.0     25.2     31.5     41.9 read
  719.0s      200          710.3          499.8     96.5    113.2    117.4    125.8 update
  720.0s      200         2788.4         1999.6     13.1     26.2     33.6     52.4 read
  720.0s      200          679.3          500.1     92.3    109.1    117.4    134.2 update
_elapsed___errors__ops/sec(inst)___ops/sec(cum)__p50(ms)__p95(ms)__p99(ms)_pMax(ms)
  721.0s      200         2805.9         2000.8     14.2     27.3     33.6     41.9 read
  721.0s      200          642.0          500.3     92.3    109.1    121.6    125.8 update
  722.0s      200         2803.6         2001.9     13.1     26.2     31.5     46.1 read
  722.0s      200          682.9          500.5     92.3    104.9    113.2    318.8 update
  723.0s      200         2793.2         2003.0     13.6     27.3     32.5     52.4 read
  723.0s      200          682.1          500.8     92.3    104.9    109.1    121.6 update
  724.0s      200         2779.5         2004.0     13.6     26.2     33.6     44.0 read
  724.0s      200          683.6          501.0     88.1    104.9    113.2    117.4 update
  725.0s      200         2822.9         2005.2     14.2     28.3     35.7    226.5 read
  725.0s      200          664.2          501.3     92.3    104.9    109.1    117.4 update
  726.0s      200         2769.3         2006.2     13.1     26.2     32.5     48.2 read
  726.0s      200          671.8          501.5     92.3    109.1    117.4    125.8 update
  727.0s      200         2802.5         2007.3     13.1     25.2     31.5     41.9 read
  727.0s      200          705.4          501.8     92.3    104.9    117.4    121.6 update
  728.0s      200         2813.1         2008.4     13.6     26.2     31.5     46.1 read
  728.0s      200          676.8          502.0     92.3    100.7    104.9    113.2 update
  729.0s      200         2763.2         2009.5     13.6     28.3     35.7     54.5 read
  729.0s      200          655.6          502.2     92.3    134.2    176.2    192.9 update
  730.0s      200         2733.7         2010.5     12.6     25.2     30.4     39.8 read
  730.0s      200          716.7          502.5     88.1    104.9    109.1    125.8 update
_elapsed___errors__ops/sec(inst)___ops/sec(cum)__p50(ms)__p95(ms)__p99(ms)_pMax(ms)
  731.0s      200         2599.3         2011.3     13.1     32.5     44.0     88.1 read
  731.0s      200          629.8          502.7     92.3    130.0    159.4    176.2 update
  732.0s      200         2839.8         2012.4     11.5     25.2     31.5     41.9 read
  732.0s      200          714.4          503.0     92.3    113.2    121.6    142.6 update
  733.0s      200         2820.2         2013.5     12.1     24.1     29.4     44.0 read
  733.0s      200          713.6          503.3     92.3    104.9    113.2    121.6 update
  734.0s      200         2794.5         2014.6     13.6     28.3     35.7     44.0 read
  734.0s      200          664.1          503.5     88.1    104.9    109.1    117.4 update
  735.0s      200         2783.4         2015.6     12.6     25.2     29.4     41.9 read
  735.0s      200          726.8          503.8     88.1    100.7    104.9    113.2 update
  736.0s      200         2791.0         2016.7     12.6     25.2     31.5     39.8 read
  736.0s      200          697.0          504.1     92.3    104.9    113.2    121.6 update
  737.0s      200         2788.9         2017.7     13.6     27.3     33.6     44.0 read
  737.0s      200          700.0          504.3     88.1    100.7    109.1    117.4 update
  738.0s      200         2778.9         2018.7     13.1     26.2     32.5     50.3 read
  738.0s      200          698.5          504.6     88.1    100.7    104.9    113.2 update
  739.0s      200         2780.6         2019.8     12.6     25.2     30.4     46.1 read
  739.0s      200          710.7          504.9     92.3    100.7    104.9    113.2 update
  740.0s      200         2792.8         2020.8     13.1     26.2     31.5     44.0 read
  740.0s      200          701.7          505.1     88.1    104.9    109.1    113.2 update
_elapsed___errors__ops/sec(inst)___ops/sec(cum)__p50(ms)__p95(ms)__p99(ms)_pMax(ms)
  741.0s      200         2825.6         2021.9     14.2     27.3     33.6    243.3 read
  741.0s      200          638.4          505.3     92.3    109.1    130.0    318.8 update
  742.0s      200         2769.6         2022.9     13.1     26.2     32.5     37.7 read
  742.0s      200          689.6          505.6     92.3    104.9    117.4    125.8 update
  743.0s      200         2479.7         2023.5     13.6     29.4     39.8     58.7 read
  743.0s      200          642.7          505.7    100.7    125.8    134.2    142.6 update
  744.0s      200         2541.0         2024.2     12.1     35.7     50.3    167.8 read
  744.0s      200          631.5          505.9    100.7    134.2    151.0    176.2 update
  745.0s      200         2838.4         2025.3     10.0     23.1     29.4     44.0 read
  745.0s      200          734.1          506.2     96.5    117.4    134.2    151.0 update
  746.0s      200         2727.0         2026.3     12.6     26.2     33.6     46.1 read
  746.0s      200          704.7          506.5     92.3    109.1    117.4    134.2 update
  747.0s      200         2790.0         2027.3     12.1     24.1     30.4     39.8 read
  747.0s      200          727.3          506.8     88.1    100.7    104.9    109.1 update
  748.0s      200         2861.1         2028.4     13.1     25.2     33.6    251.7 read
  748.0s      200          689.0          507.0     88.1     96.5    104.9    318.8 update
  749.0s      200         2814.4         2029.4     11.5     23.1     28.3     37.7 read
  749.0s      200          756.8          507.4     88.1    100.7    104.9    121.6 update
  750.0s      200         2792.6         2030.5     12.1     23.1     29.4     37.7 read
  750.0s      200          745.2          507.7     88.1    100.7    109.1    117.4 update
_elapsed___errors__ops/sec(inst)___ops/sec(cum)__p50(ms)__p95(ms)__p99(ms)_pMax(ms)
  751.0s      200         2803.1         2031.5     12.1     25.2     33.6    268.4 read
  751.0s      200          698.0          507.9     88.1    109.1    121.6    352.3 update
  752.0s      200         2671.9         2032.3     11.0     24.1     33.6     41.9 read
  752.0s      200          713.7          508.2     92.3    113.2    117.4    121.6 update
  753.0s      200         2730.3         2033.3     11.5     25.2     32.5     41.9 read
  753.0s      200          696.1          508.5     96.5    117.4    125.8    134.2 update
  754.0s      200         2621.4         2034.0     10.5     24.1     32.5     58.7 read
  754.0s      200          745.1          508.8     96.5    109.1    121.6    134.2 update
  755.0s      200         2794.1         2035.1     12.1     27.3     33.6     44.0 read
  755.0s      200          651.0          509.0     96.5    117.4    125.8    142.6 update
  756.0s      200         2771.5         2036.0     12.6     27.3     37.7     48.2 read
  756.0s      200          661.1          509.2     96.5    117.4    121.6    134.2 update
  757.0s      200         2710.6         2036.9     11.5     25.2     32.5     48.2 read
  757.0s      200          690.6          509.4     96.5    117.4    121.6    130.0 update
  758.0s      200         2459.9         2037.5     11.5     33.6     46.1    167.8 read
  758.0s      200          624.2          509.5    104.9    134.2    151.0    159.4 update
  759.0s      200         2897.1         2038.6     10.0     23.1     29.4     44.0 read
  759.0s      200          733.8          509.8     96.5    113.2    121.6    130.0 update
  760.0s      200         2592.9         2039.3     14.2     33.6     62.9     96.5 read
  760.0s      200          640.2          510.0     92.3    113.2    142.6    159.4 update
_elapsed___errors__ops/sec(inst)___ops/sec(cum)__p50(ms)__p95(ms)__p99(ms)_pMax(ms)
  761.0s      200         2573.0         2040.0     13.1     35.7     71.3     96.5 read
  761.0s      200          651.0          510.2     92.3    117.4    134.2    151.0 update
  762.0s      200         2323.3         2040.4     16.8     60.8     83.9    100.7 read
  762.0s      200          537.8          510.2     92.3    125.8    151.0    159.4 update
  763.0s      200         2511.6         2041.0     14.2     35.7     58.7     88.1 read
  763.0s      200          662.2          510.4     92.3    109.1    130.0    151.0 update
  764.0s      200         2453.0         2041.6     15.2     41.9     67.1     92.3 read
  764.0s      200          564.0          510.5     96.5    130.0    151.0    167.8 update
  765.0s      200         2424.6         2042.1     10.0     44.0     92.3    142.6 read
  765.0s      200          611.9          510.6    104.9    134.2    142.6    167.8 update
  766.0s      200         2301.6         2042.4     10.5     35.7     60.8    142.6 read
  766.0s      200          638.2          510.8    104.9    142.6    226.5    302.0 update
  767.0s      200         2511.6         2043.0     12.1     32.5     46.1     60.8 read
  767.0s      200          603.9          510.9    109.1    142.6    159.4    176.2 update
  768.0s      200         2467.1         2043.6     13.1     27.3     35.7     54.5 read
  768.0s      200          612.0          511.1    109.1    130.0    142.6    159.4 update
  769.0s      200         2398.4         2044.0      8.1     83.9    117.4    209.7 read
  769.0s      200          612.8          511.2     96.5    151.0    268.4    318.8 update
  770.0s      200         2674.8         2044.9     11.0     28.3     39.8     52.4 read
  770.0s      200          646.2          511.4    100.7    134.2    151.0    159.4 update
_elapsed___errors__ops/sec(inst)___ops/sec(cum)__p50(ms)__p95(ms)__p99(ms)_pMax(ms)
  771.0s      200         2470.5         2045.4     15.2     37.7     56.6     83.9 read
  771.0s      200          653.6          511.5     92.3    113.2    121.6    134.2 update
  772.0s      200         2336.4         2045.8     15.7     50.3     67.1    234.9 read
  772.0s      200          566.3          511.6     96.5    130.0    142.6    151.0 update
  773.0s      200         2348.7         2046.2     16.3     48.2     71.3     96.5 read
  773.0s      200          583.7          511.7     92.3    113.2    130.0    151.0 update
  774.0s      200         2400.8         2046.6     15.2     41.9     62.9     88.1 read
  774.0s      200          636.2          511.9     92.3    117.4    130.0    151.0 update
  775.0s      200         2222.4         2046.9     18.9     52.4     79.7     96.5 read
  775.0s      200          549.9          511.9     96.5    121.6    142.6    159.4 update
  776.0s      200         2272.9         2047.1     15.7     39.8     67.1     88.1 read
  776.0s      200          640.3          512.1     92.3    113.2    130.0    151.0 update
  777.0s      200         2215.1         2047.4     18.9     46.1     71.3     96.5 read
  777.0s      200          561.0          512.2    100.7    117.4    130.0    151.0 update
  778.0s      200         2506.5         2048.0     15.7     37.7     67.1    100.7 read
  778.0s      200          577.9          512.2     92.3    117.4    142.6    151.0 update
  779.0s      200         2425.3         2048.4     13.1     30.4     39.8     83.9 read
  779.0s      200          597.1          512.3    109.1    134.2    151.0    159.4 update
  780.0s      200         2405.7         2048.9     12.6     29.4     37.7     52.4 read
  780.0s      200          616.9          512.5    113.2    142.6    151.0    159.4 update
_elapsed___errors__ops/sec(inst)___ops/sec(cum)__p50(ms)__p95(ms)__p99(ms)_pMax(ms)
  781.0s      200         2411.5         2049.4     13.1     31.5     50.3     62.9 read
  781.0s      200          592.1          512.6    109.1    134.2    142.6    159.4 update
  782.0s      200         2385.5         2049.8     11.5     33.6     56.6    134.2 read
  782.0s      200          625.1          512.7    109.1    142.6    167.8    226.5 update
  783.0s      200         2447.0         2050.3     11.0     29.4     44.0     67.1 read
  783.0s      200          644.7          512.9    109.1    142.6    151.0    159.4 update
  784.0s      200         2544.8         2050.9     12.6     30.4     65.0     96.5 read
  784.0s      200          622.9          513.0    104.9    125.8    142.6    159.4 update
  785.0s      200         2932.4         2052.1      9.4     22.0     28.3     46.1 read
  785.0s      200          736.1          513.3     96.5    113.2    117.4    125.8 update
  786.0s      200         2434.8         2052.5     15.7     37.7     62.9    100.7 read
  786.0s      200          630.0          513.5     92.3    117.4    130.0    142.6 update
  787.0s      200         2396.9         2053.0     14.2     37.7     58.7    113.2 read
  787.0s      200          609.2          513.6     96.5    151.0    184.5    201.3 update
  788.0s      200         2431.7         2053.5     12.1     35.7     60.8    104.9 read
  788.0s      200          618.7          513.7    104.9    159.4    184.5    192.9 update
  789.0s      200         2252.9         2053.7     16.3     33.6     39.8     54.5 read
  789.0s      200          548.0          513.8    113.2    142.6    159.4    167.8 update
  790.0s      200         2305.1         2054.0     15.2     39.8     65.0     96.5 read
  790.0s      200          623.0          513.9     96.5    121.6    134.2    159.4 update
_elapsed___errors__ops/sec(inst)___ops/sec(cum)__p50(ms)__p95(ms)__p99(ms)_pMax(ms)
  791.0s      200         2346.3         2054.4     15.2     44.0     71.3     83.9 read
  791.0s      200          625.1          514.0     92.3    117.4    134.2    151.0 update
  792.0s      200         2251.9         2054.6     16.3     52.4     71.3     92.3 read
  792.0s      200          613.2          514.2     92.3    117.4    134.2    159.4 update
  793.0s      200         2417.1         2055.1     16.8     54.5     79.7    100.7 read
  793.0s      200          557.8          514.2     92.3    125.8    142.6    159.4 update
  794.0s      200         2455.4         2055.6     16.3     39.8     71.3     83.9 read
  794.0s      200          584.6          514.3     92.3    113.2    130.0    151.0 update
  795.0s      200         2534.2         2056.2     15.7     37.7     62.9     88.1 read
  795.0s      200          613.1          514.4     92.3    109.1    142.6    159.4 update
  796.0s      200         2480.8         2056.7     15.7     35.7     67.1     92.3 read
  796.0s      200          622.2          514.6     92.3    109.1    142.6    151.0 update
  797.0s      200         2454.8         2057.2     15.7     44.0     65.0     88.1 read
  797.0s      200          601.2          514.7     92.3    109.1    130.0    151.0 update
  798.0s      200         2520.8         2057.8     14.7     35.7     60.8     83.9 read
  798.0s      200          637.7          514.8     88.1    104.9    125.8    151.0 update
  799.0s      200         2554.2         2058.4     15.2     39.8     65.0     96.5 read
  799.0s      200          620.0          515.0     92.3    113.2    130.0    142.6 update
  800.0s      200         2720.5         2059.3     14.2     27.3     32.5     54.5 read
  800.0s      200          679.4          515.2     92.3    104.9    130.0    142.6 update
_elapsed___errors__ops/sec(inst)___ops/sec(cum)__p50(ms)__p95(ms)__p99(ms)_pMax(ms)
  801.0s      200         2376.7         2059.7     17.8     39.8     54.5    192.9 read
  801.0s      200          560.7          515.2     92.3    117.4    134.2    151.0 update
  802.0s      200         2337.5         2060.0     17.8     41.9     54.5    100.7 read
  802.0s      200          594.4          515.3     96.5    134.2    151.0    176.2 update
  803.0s      200         2227.4         2060.2     18.9     41.9     54.5     71.3 read
  803.0s      200          592.6          515.4     92.3    109.1    125.8    134.2 update
  804.0s      200         2234.3         2060.4     18.9     37.7     48.2     67.1 read
  804.0s      200          593.8          515.5     92.3    109.1    117.4    121.6 update
  805.0s      200         2237.1         2060.7     21.0     44.0     54.5     79.7 read
  805.0s      200          556.5          515.6     92.3    109.1    117.4    121.6 update
  806.0s      200         2235.9         2060.9     21.0     41.9     56.6     83.9 read
  806.0s      200          525.5          515.6     96.5    113.2    130.0    302.0 update
  807.0s      200         2288.2         2061.2     19.9     41.9     50.3     88.1 read
  807.0s      200          552.3          515.6     92.3    109.1    117.4    125.8 update
  808.0s      200         2342.3         2061.5     18.9     35.7     46.1     58.7 read
  808.0s      200          548.1          515.7    100.7    121.6    130.0    142.6 update
  809.0s      200         2304.8         2061.8     17.8     35.7     46.1    104.9 read
  809.0s      200          554.0          515.7    104.9    130.0    142.6    184.5 update
  810.0s      200         2405.6         2062.2     16.8     32.5     39.8     50.3 read
  810.0s      200          623.1          515.9     92.3    109.1    113.2    121.6 update
_elapsed___errors__ops/sec(inst)___ops/sec(cum)__p50(ms)__p95(ms)__p99(ms)_pMax(ms)
  811.0s      200         2651.4         2063.0     13.1     28.3     35.7     67.1 read
  811.0s      200          660.9          516.0     92.3    134.2    167.8    209.7 update
  812.0s      200         2567.8         2063.6     14.2     30.4     39.8     75.5 read
  812.0s      200          651.9          516.2     92.3    113.2    125.8    151.0 update
  813.0s      200         2605.2         2064.2     14.7     29.4     35.7     54.5 read
  813.0s      200          656.8          516.4     92.3    104.9    109.1    117.4 update
  814.0s      200         2638.8         2065.0     13.6     27.3     35.7     52.4 read
  814.0s      200          678.2          516.6     92.3    104.9    113.2    125.8 update
  815.0s      200         2716.2         2065.8     15.7     31.5     39.8     52.4 read
  815.0s      200          603.1          516.7     92.3    104.9    113.2    121.6 update
  816.0s      200         2592.9         2066.4     14.7     31.5     37.7     58.7 read
  816.0s      200          636.2          516.8     92.3    113.2    125.8    130.0 update
  817.0s      200         2591.8         2067.0     11.5     32.5     48.2    176.2 read
  817.0s      200          669.7          517.0     96.5    130.0    151.0    167.8 update
  818.0s      200         2645.2         2067.7     14.7     29.4     39.8     56.6 read
  818.0s      200          630.3          517.1     92.3    142.6    176.2    184.5 update
  819.0s      200         2470.9         2068.2     12.6     30.4     37.7     50.3 read
  819.0s      200          596.0          517.2    109.1    151.0    176.2    192.9 update
  820.0s      200         2473.5         2068.7     12.6     30.4     46.1    117.4 read
  820.0s      200          594.9          517.3    109.1    142.6    151.0    218.1 update
_elapsed___errors__ops/sec(inst)___ops/sec(cum)__p50(ms)__p95(ms)__p99(ms)_pMax(ms)
  821.0s      200         2357.0         2069.1     13.1     35.7     62.9    113.2 read
  821.0s      200          611.3          517.5    104.9    130.0    142.6    159.4 update
  822.0s      200         2460.9         2069.6     11.5     31.5     62.9    109.1 read
  822.0s      200          631.0          517.6    109.1    142.6    159.4    251.7 update
  823.0s      200         2513.1         2070.1     11.5     32.5     41.9     58.7 read
  823.0s      200          609.0          517.7    109.1    134.2    151.0    159.4 update
  824.0s      200         2351.1         2070.4     13.6     30.4     39.8     54.5 read
  824.0s      200          600.0          517.8    113.2    142.6    167.8    335.5 update
  825.0s      200         2365.6         2070.8     10.5     31.5     46.1     71.3 read
  825.0s      200          629.6          517.9    109.1    142.6    151.0    176.2 update
  826.0s      200         2355.1         2071.1     14.2     30.4     41.9     54.5 read
  826.0s      200          563.3          518.0    113.2    142.6    159.4    184.5 update
  827.0s      200         2439.3         2071.6     12.6     29.4     35.7     48.2 read
  827.0s      200          619.8          518.1    109.1    134.2    142.6    151.0 update
  828.0s      200         2407.5         2072.0     12.1     32.5     46.1     67.1 read
  828.0s      200          621.1          518.2    109.1    134.2    151.0    159.4 update
  829.0s      200         2399.7         2072.4     14.7     29.4     39.8     62.9 read
  829.0s      200          588.9          518.3    109.1    130.0    142.6    151.0 update
  830.0s      200         2426.3         2072.8     15.2     30.4     37.7     54.5 read
  830.0s      200          570.1          518.4    113.2    134.2    142.6    159.4 update
_elapsed___errors__ops/sec(inst)___ops/sec(cum)__p50(ms)__p95(ms)__p99(ms)_pMax(ms)
  831.0s      200         2374.7         2073.2     14.2     31.5     39.8     50.3 read
  831.0s      200          564.7          518.4    113.2    142.6    151.0    167.8 update
  832.0s      200         2429.9         2073.6     15.2     37.7     46.1     79.7 read
  832.0s      200          516.2          518.4    113.2    151.0    167.8    184.5 update
  833.0s      200         2791.9         2074.5     11.0     25.2     32.5     41.9 read
  833.0s      200          709.0          518.7     96.5    117.4    125.8    130.0 update
  834.0s      200         2415.5         2074.9     13.1     31.5     41.9     79.7 read
  834.0s      200          628.1          518.8    104.9    125.8    142.6    151.0 update
  835.0s      200         2448.2         2075.3     13.6     30.4     39.8    121.6 read
  835.0s      200          628.8          518.9    104.9    130.0    142.6    159.4 update
  836.0s      200         2298.9         2075.6     13.1     31.5     48.2     67.1 read
  836.0s      200          584.2          519.0    113.2    159.4    176.2    184.5 update
  837.0s      200         2291.1         2075.9     12.6     31.5     46.1     79.7 read
  837.0s      200          621.0          519.1    109.1    130.0    151.0    159.4 update
  838.0s      200         2336.4         2076.2     13.6     32.5     71.3    151.0 read
  838.0s      200          563.6          519.2    109.1    142.6    167.8    251.7 update
  839.0s      200         2318.8         2076.5     14.2     31.5     41.9     54.5 read
  839.0s      200          580.4          519.3    113.2    142.6    151.0    159.4 update
  840.0s      200         2308.8         2076.7     12.6     31.5     39.8     56.6 read
  840.0s      200          609.4          519.4    109.1    134.2    151.0    159.4 update
_elapsed___errors__ops/sec(inst)___ops/sec(cum)__p50(ms)__p95(ms)__p99(ms)_pMax(ms)
  841.0s      200         2317.3         2077.0     14.7     30.4     39.8     83.9 read
  841.0s      200          609.6          519.5    109.1    134.2    142.6    176.2 update
  842.0s      200         2357.1         2077.3     13.1     30.4     39.8     54.5 read
  842.0s      200          596.8          519.6    113.2    142.6    151.0    167.8 update
  843.0s      200         2390.9         2077.7     13.1     31.5     41.9     71.3 read
  843.0s      200          581.0          519.6    113.2    134.2    151.0    159.4 update
  844.0s      200         2324.7         2078.0     12.6     32.5     50.3     88.1 read
  844.0s      200          604.9          519.7    113.2    142.6    159.4    167.8 update
  845.0s      200         2365.5         2078.4     12.6     32.5     46.1    100.7 read
  845.0s      200          601.9          519.8    113.2    142.6    167.8    201.3 update
  846.0s      200         2289.0         2078.6     13.6     35.7     79.7    159.4 read
  846.0s      200          576.3          519.9    109.1    134.2    142.6    192.9 update
  847.0s      200         2072.4         2078.6     13.6     39.8    113.2    218.1 read
  847.0s      200          565.8          520.0    113.2    159.4    251.7    352.3 update
  848.0s      200         2338.7         2078.9     13.1     32.5     52.4    125.8 read
  848.0s      200          611.2          520.1    109.1    134.2    142.6    167.8 update
  849.0s      200         2390.9         2079.3     13.1     31.5     41.9     54.5 read
  849.0s      200          593.0          520.1    109.1    134.2    151.0    176.2 update
  850.0s      200         2340.8         2079.6     13.6     32.5     48.2     92.3 read
  850.0s      200          594.0          520.2    109.1    142.6    151.0    201.3 update
_elapsed___errors__ops/sec(inst)___ops/sec(cum)__p50(ms)__p95(ms)__p99(ms)_pMax(ms)
  851.0s      200         2382.9         2079.9     13.6     31.5     39.8     54.5 read
  851.0s      200          585.2          520.3    113.2    142.6    142.6    159.4 update
  852.0s      200         2371.2         2080.3     13.1     30.4     44.0     65.0 read
  852.0s      200          581.6          520.4    113.2    142.6    159.4    176.2 update
  853.0s      200         2439.8         2080.7     12.6     30.4     41.9     96.5 read
  853.0s      200          596.4          520.5    109.1    134.2    151.0    176.2 update
  854.0s      200         2504.9         2081.2     10.5     35.7     50.3    130.0 read
  854.0s      200          630.0          520.6    109.1    134.2    151.0    167.8 update
  855.0s      200         2443.6         2081.6     10.0     30.4     41.9     54.5 read
  855.0s      200          648.6          520.8    109.1    134.2    151.0    167.8 update
  856.0s      200         2451.3         2082.0     13.1     31.5     41.9     75.5 read
  856.0s      200          596.3          520.8    109.1    142.6    151.0    167.8 update
  857.0s      200         2490.9         2082.5     11.5     29.4     39.8     52.4 read
  857.0s      200          622.0          521.0    109.1    134.2    151.0    159.4 update
  858.0s      200         2504.4         2083.0     11.0     29.4     44.0     92.3 read
  858.0s      200          627.1          521.1    109.1    142.6    151.0    209.7 update
  859.0s      200         2511.0         2083.5     12.6     30.4     44.0     96.5 read
  859.0s      200          625.0          521.2    109.1    130.0    142.6    192.9 update
  860.0s      200         2557.8         2084.1     12.6     29.4     37.7     60.8 read
  860.0s      200          596.0          521.3    113.2    134.2    151.0    151.0 update
_elapsed___errors__ops/sec(inst)___ops/sec(cum)__p50(ms)__p95(ms)__p99(ms)_pMax(ms)
  861.0s      200         2475.2         2084.5     13.1     30.4     39.8     52.4 read
  861.0s      200          598.6          521.4    109.1    134.2    142.6    159.4 update
  862.0s      200         2320.5         2084.8     15.2     35.7     48.2     75.5 read
  862.0s      200          547.2          521.4    113.2    142.6    159.4    176.2 update
  863.0s      200         2490.5         2085.3     11.5     29.4     41.9     75.5 read
  863.0s      200          625.9          521.5    109.1    151.0    159.4    167.8 update
  864.0s      200         2479.1         2085.7     12.1     33.6     54.5    100.7 read
  864.0s      200          617.0          521.6    109.1    134.2    159.4    218.1 update
  865.0s      200         2495.1         2086.2     11.0     33.6     48.2     92.3 read
  865.0s      200          612.8          521.7    109.1    142.6    159.4    260.0 update
  866.0s      200         2483.1         2086.7     12.1     31.5     46.1     88.1 read
  866.0s      200          600.3          521.8    109.1    151.0    176.2    201.3 update
  867.0s      200         2562.0         2087.2     12.6     29.4     44.0     58.7 read
  867.0s      200          597.0          521.9    109.1    142.6    151.0    159.4 update
  868.0s      200         2525.2         2087.7     11.0     32.5     46.1     62.9 read
  868.0s      200          627.8          522.0    109.1    142.6    151.0    159.4 update
  869.0s      200         2493.9         2088.2     11.0     30.4     39.8     79.7 read
  869.0s      200          637.2          522.2    109.1    134.2    142.6    159.4 update
  870.0s      200         2470.3         2088.6     13.1     31.5     41.9     58.7 read
  870.0s      200          576.8          522.2    113.2    142.6    151.0    159.4 update
_elapsed___errors__ops/sec(inst)___ops/sec(cum)__p50(ms)__p95(ms)__p99(ms)_pMax(ms)
  871.0s      200         2340.0         2088.9     12.1     29.4     37.7     54.5 read
  871.0s      200          658.0          522.4    109.1    130.0    142.6    167.8 update
  872.0s      200         2508.6         2089.4     11.5     31.5     41.9     58.7 read
  872.0s      200          612.9          522.5    109.1    134.2    142.6    151.0 update
  873.0s      200         2529.7         2089.9     10.5     32.5     46.1     62.9 read
  873.0s      200          619.2          522.6    109.1    142.6    159.4    184.5 update
  874.0s      200         2460.5         2090.3     11.5     31.5     71.3    159.4 read
  874.0s      200          599.1          522.7    109.1    142.6    167.8    234.9 update
  875.0s      200         2450.2         2090.7      9.4     31.5     65.0    142.6 read
  875.0s      200          661.5          522.9    109.1    134.2    159.4    260.0 update
  876.0s      200         2469.0         2091.2     12.1     26.2     32.5     39.8 read
  876.0s      200          624.5          523.0    113.2    142.6    159.4    167.8 update
  877.0s      200         2233.6         2091.3     14.2     35.7     52.4     92.3 read
  877.0s      200          558.9          523.0    113.2    151.0    159.4    335.5 update
  878.0s      200         2542.9         2091.8     11.5     31.5     44.0     56.6 read
  878.0s      200          638.0          523.1    109.1    130.0    142.6    167.8 update
  879.0s      200         2558.2         2092.4     11.0     30.4     50.3    151.0 read
  879.0s      200          589.0          523.2    109.1    159.4    192.9    209.7 update
  880.0s      200         2755.7         2093.1     10.5     27.3     35.7     60.8 read
  880.0s      200          678.9          523.4    100.7    130.0    142.6    218.1 update
_elapsed___errors__ops/sec(inst)___ops/sec(cum)__p50(ms)__p95(ms)__p99(ms)_pMax(ms)
  881.0s      200         2877.6         2094.0      9.4     23.1     30.4     44.0 read
  881.0s      200          738.2          523.6     96.5    109.1    121.6    125.8 update
  882.0s      200         2481.0         2094.4     13.6     30.4     39.8     50.3 read
  882.0s      200          632.0          523.8    100.7    121.6    142.6    159.4 update
  883.0s      200         2725.1         2095.2     11.0     26.2     32.5     52.4 read
  883.0s      200          697.0          524.0     96.5    117.4    130.0    134.2 update
  884.0s      200         2899.0         2096.1      9.4     23.1     31.5     48.2 read
  884.0s      200          741.0          524.2     96.5    113.2    121.6    142.6 update
  885.0s      200         2982.0         2097.1      8.4     19.9     26.2     35.7 read
  885.0s      200          768.0          524.5     92.3    113.2    117.4    130.0 update
  886.0s      200         2869.9         2097.9      9.4     22.0     27.3     37.7 read
  886.0s      200          751.0          524.7     96.5    109.1    117.4    125.8 update
  887.0s      200         2880.6         2098.8      9.4     21.0     29.4     44.0 read
  887.0s      200          758.9          525.0     96.5    125.8    167.8    184.5 update
  888.0s      200         3119.0         2100.0      9.4     22.0     27.3     39.8 read
  888.0s      200          722.0          525.2     96.5    109.1    117.4    125.8 update
  889.0s      200         2987.5         2101.0      8.9     21.0     26.2     62.9 read
  889.0s      200          759.9          525.5     96.5    109.1    117.4    125.8 update
  890.0s      200         2703.3         2101.6     10.5     32.5     50.3     75.5 read
  890.0s      200          661.6          525.6     96.5    130.0    151.0    167.8 update
_elapsed___errors__ops/sec(inst)___ops/sec(cum)__p50(ms)__p95(ms)__p99(ms)_pMax(ms)
  891.0s      200         2611.6         2102.2     10.5     29.4     37.7     50.3 read
  891.0s      200          639.1          525.8    100.7    159.4    192.9    201.3 update
  892.0s      200         2496.0         2102.7     11.0     30.4     44.0     58.7 read
  892.0s      200          637.5          525.9    104.9    134.2    151.0    159.4 update
  893.0s      200         2580.2         2103.2     11.5     30.4     41.9     58.7 read
  893.0s      200          589.6          526.0    109.1    142.6    159.4    167.8 update
  894.0s      200         2521.8         2103.7     12.1     30.4     44.0     58.7 read
  894.0s      200          611.2          526.1    109.1    142.6    151.0    167.8 update
  895.0s      200         2997.0         2104.7      8.9     22.0     29.4     46.1 read
  895.0s      200          754.2          526.3     96.5    113.2    121.6    125.8 update
  896.0s      200         2419.5         2105.0     12.6     39.8     58.7     88.1 read
  896.0s      200          608.6          526.4    100.7    142.6    167.8    184.5 update
  897.0s      200         2315.1         2105.2     16.3     32.5     41.9     62.9 read
  897.0s      200          567.0          526.5    109.1    130.0    142.6    167.8 update
  898.0s      200         2371.3         2105.5     16.3     31.5     39.8     54.5 read
  898.0s      200          568.3          526.5    104.9    121.6    125.8    134.2 update
  899.0s      200         2420.5         2105.9     14.2     31.5     41.9     60.8 read
  899.0s      200          591.9          526.6    104.9    130.0    151.0    151.0 update
  900.0s      200         2941.6         2106.8      9.4     22.0     28.3     62.9 read
  900.0s      200          747.2          526.8     96.5    113.2    117.4    125.8 update
_elapsed___errors__ops/sec(inst)___ops/sec(cum)__p50(ms)__p95(ms)__p99(ms)_pMax(ms)
  901.0s      200         2920.2         2107.7     10.0     23.1     30.4     46.1 read
  901.0s      200          720.6          527.0     96.5    113.2    125.8    151.0 update
  902.0s      200         2542.0         2108.2     12.1     30.4     39.8     56.6 read
  902.0s      200          595.8          527.1    109.1    151.0    176.2    176.2 update
  903.0s      200         2453.6         2108.6     12.6     31.5     41.9     75.5 read
  903.0s      200          621.7          527.2    109.1    130.0    142.6    176.2 update
  904.0s      200         2462.8         2109.0     11.5     33.6     48.2     65.0 read
  904.0s      200          642.9          527.3    104.9    130.0    159.4    285.2 update
  905.0s      200         2590.4         2109.5     10.5     28.3     35.7     71.3 read
  905.0s      200          651.6          527.5    104.9    142.6    167.8    192.9 update
  906.0s      200         2384.7         2109.8     10.5     35.7     54.5    121.6 read
  906.0s      200          640.4          527.6    109.1    134.2    151.0    209.7 update
  907.0s      200         2403.6         2110.1     11.5     29.4     37.7     50.3 read
  907.0s      200          648.9          527.7    104.9    130.0    142.6    151.0 update
  908.0s      200         2492.6         2110.6     10.0     30.4     41.9     75.5 read
  908.0s      200          650.9          527.9    109.1    142.6    159.4    176.2 update
  909.0s      200         2431.5         2110.9     10.5     33.6     50.3     92.3 read
  909.0s      200          637.1          528.0    109.1    142.6    159.4    167.8 update
  910.0s      200         2451.2         2111.3     11.5     32.5     50.3     96.5 read
  910.0s      200          619.0          528.1    109.1    142.6    167.8    176.2 update
_elapsed___errors__ops/sec(inst)___ops/sec(cum)__p50(ms)__p95(ms)__p99(ms)_pMax(ms)
  911.0s      200         2396.4         2111.6     13.6     29.4     37.7     52.4 read
  911.0s      200          578.9          528.1    113.2    142.6    176.2    192.9 update
  912.0s      200         2305.2         2111.8     15.2     32.5     39.8     83.9 read
  912.0s      200          545.0          528.2    113.2    151.0    184.5    209.7 update
  913.0s      200         2334.6         2112.1     14.2     32.5     44.0     65.0 read
  913.0s      200          571.9          528.2    113.2    142.6    151.0    159.4 update
  914.0s      200         2315.6         2112.3     14.7     32.5     46.1     58.7 read
  914.0s      200          537.1          528.2    113.2    142.6    151.0    151.0 update
  915.0s      200         2288.9         2112.5     13.1     30.4     44.0     67.1 read
  915.0s      200          609.7          528.3    117.4    159.4    184.5    192.9 update
  916.0s      200         2262.4         2112.6     13.6     31.5     48.2     65.0 read
  916.0s      200          587.1          528.4    109.1    142.6    151.0    167.8 update
  917.0s      200         2370.8         2112.9     11.0     37.7     58.7    125.8 read
  917.0s      200          599.2          528.5    113.2    142.6    159.4    184.5 update
  918.0s      200         2413.9         2113.2     10.5     44.0     88.1    167.8 read
  918.0s      200          611.0          528.5    104.9    142.6    251.7    285.2 update
  919.0s      200         2480.2         2113.6     13.6     31.5     44.0     65.0 read
  919.0s      200          570.8          528.6    113.2    142.6    159.4    176.2 update
  920.0s      200         2131.2         2113.7     14.2     39.8     58.7    159.4 read
  920.0s      200          542.3          528.6    113.2    151.0    159.4    176.2 update
_elapsed___errors__ops/sec(inst)___ops/sec(cum)__p50(ms)__p95(ms)__p99(ms)_pMax(ms)
  921.0s      200         2400.4         2114.0     11.0     46.1    104.9    167.8 read
  921.0s      200          600.6          528.7    104.9    142.6    201.3    285.2 update
  922.0s      200         2505.5         2114.4     13.1     31.5     41.9     71.3 read
  922.0s      200          543.3          528.7    113.2    151.0    159.4    184.5 update
  923.0s      200         2430.1         2114.7     11.5     29.4     41.9     79.7 read
  923.0s      200          653.8          528.8    109.1    130.0    142.6    176.2 update
  924.0s      200         2418.6         2115.1     12.6     29.4     41.9     65.0 read
  924.0s      200          601.9          528.9    109.1    134.2    151.0    167.8 update
  925.0s      200         2381.1         2115.4     10.5     33.6     46.1     67.1 read
  925.0s      200          647.0          529.0    109.1    134.2    159.4    167.8 update
  926.0s      200         2365.4         2115.6     12.6     31.5     44.0     54.5 read
  926.0s      200          619.1          529.1    109.1    142.6    159.4    159.4 update
  927.0s      200         2407.8         2115.9     14.7     31.5     39.8     50.3 read
  927.0s      200          580.0          529.2    109.1    125.8    134.2    142.6 update
  928.0s      200         2751.0         2116.6     11.5     27.3     35.7     60.8 read
  928.0s      200          664.2          529.3    100.7    121.6    130.0    151.0 update
  929.0s      200         2925.5         2117.5      8.9     19.9     27.3     41.9 read
  929.0s      200          772.9          529.6     92.3    109.1    121.6    318.8 update
  930.0s      200         2727.9         2118.2     10.5     25.2     37.7     62.9 read
  930.0s      200          654.5          529.7    100.7    151.0    176.2    201.3 update
_elapsed___errors__ops/sec(inst)___ops/sec(cum)__p50(ms)__p95(ms)__p99(ms)_pMax(ms)
  931.0s      200         2383.0         2118.4     11.5     32.5     48.2     65.0 read
  931.0s      200          619.2          529.8    109.1    142.6    151.0    167.8 update
  932.0s      200         2398.0         2118.7     12.6     30.4     35.7     46.1 read
  932.0s      200          596.0          529.9    109.1    151.0    209.7    209.7 update
  933.0s      200         2433.2         2119.1     12.6     27.3     35.7     52.4 read
  933.0s      200          642.3          530.0    109.1    130.0    142.6    151.0 update
  934.0s      200         2283.1         2119.3     15.2     32.5     39.8     56.6 read
  934.0s      200          553.0          530.0    113.2    159.4    176.2    192.9 update
  935.0s      200         2925.9         2120.1     10.5     25.2     35.7     50.3 read
  935.0s      200          664.0          530.2    100.7    125.8    142.6    151.0 update
  936.0s      200         2921.8         2121.0      9.4     24.1     31.5     54.5 read
  936.0s      200          735.7          530.4     96.5    113.2    121.6    142.6 update
  937.0s      200         3012.6         2121.9      8.9     22.0     28.3     41.9 read
  937.0s      200          731.2          530.6     96.5    113.2    117.4    125.8 update
  938.0s      200         3065.0         2122.9      9.4     22.0     29.4     39.8 read
  938.0s      200          743.2          530.9     96.5    113.2    117.4    121.6 update
  939.0s      200         2974.7         2123.8      9.4     22.0     29.4     50.3 read
  939.0s      200          744.7          531.1     92.3    109.1    113.2    121.6 update
  940.0s      200         2926.9         2124.7      8.9     21.0     29.4     39.8 read
  940.0s      200          772.0          531.3     92.3    109.1    117.4    130.0 update
_elapsed___errors__ops/sec(inst)___ops/sec(cum)__p50(ms)__p95(ms)__p99(ms)_pMax(ms)
  941.0s      200         2668.1         2125.3     11.5     25.2     35.7     41.9 read
  941.0s      200          721.5          531.5     92.3    113.2    130.0    151.0 update
  942.0s      200         2776.3         2126.0     13.6     27.3     35.7     52.4 read
  942.0s      200          696.8          531.7     88.1    100.7    109.1    109.1 update
  943.0s      200         2812.2         2126.7     12.6     25.2     31.5     48.2 read
  943.0s      200          708.1          531.9     88.1    100.7    109.1    117.4 update
  944.0s      200         2682.4         2127.3     12.6     26.2     31.5     46.1 read
  944.0s      200          716.3          532.1     88.1    104.9    109.1    121.6 update
  945.0s      200         2738.2         2127.9     13.6     27.3     32.5     48.2 read
  945.0s      200          698.6          532.3     92.3    100.7    109.1    117.4 update
  946.0s      200         2706.2         2128.5     12.6     25.2     32.5     50.3 read
  946.0s      200          710.5          532.5     92.3    109.1    121.6    134.2 update
  947.0s      200         2539.4         2129.0     13.6     31.5     46.1     60.8 read
  947.0s      200          623.8          532.6     96.5    125.8    142.6    151.0 update
  948.0s      200         2822.0         2129.7     13.1     25.2     31.5     44.0 read
  948.0s      200          694.5          532.7     92.3    109.1    125.8    134.2 update
  949.0s      200         2781.0         2130.4     13.6     27.3     33.6     46.1 read
  949.0s      200          680.0          532.9     92.3    100.7    104.9    113.2 update
  950.0s      200         2730.3         2131.0     14.2     28.3     35.7     46.1 read
  950.0s      200          670.6          533.0     88.1    104.9    109.1    117.4 update
_elapsed___errors__ops/sec(inst)___ops/sec(cum)__p50(ms)__p95(ms)__p99(ms)_pMax(ms)
  951.0s      200         2590.9         2131.5     11.5     26.2     32.5     58.7 read
  951.0s      200          711.5          533.2     96.5    130.0    176.2    184.5 update
  952.0s      200         2712.0         2132.1     13.1     26.2     33.6     46.1 read
  952.0s      200          667.0          533.4     96.5    113.2    121.6    130.0 update
  953.0s      200         2783.1         2132.8     13.6     26.2     33.6     46.1 read
  953.0s      200          675.0          533.5     92.3    104.9    113.2    121.6 update
  954.0s      200         2751.3         2133.4     13.1     28.3     41.9     56.6 read
  954.0s      200          670.8          533.6     92.3    104.9    113.2    117.4 update
  955.0s      200         2729.4         2134.1     14.2     28.3     35.7     62.9 read
  955.0s      200          683.1          533.8     92.3    100.7    109.1    121.6 update
  956.0s      200         2766.4         2134.7     13.1     27.3     35.7     52.4 read
  956.0s      200          672.1          533.9     92.3    104.9    121.6    130.0 update
  957.0s      200         2819.2         2135.4     13.6     27.3     32.5     44.0 read
  957.0s      200          674.0          534.1     88.1    100.7    109.1    113.2 update
  958.0s      200         2840.5         2136.2     12.6     25.2     29.4     44.0 read
  958.0s      200          718.4          534.3     92.3    100.7    104.9    109.1 update
  959.0s      200         2773.6         2136.8     12.6     25.2     30.4     37.7 read
  959.0s      200          734.4          534.5     88.1    100.7    104.9    109.1 update
  960.0s      200         2809.5         2137.5     12.6     25.2     32.5     58.7 read
  960.0s      200          704.6          534.7     92.3    100.7    109.1    125.8 update
_elapsed___errors__ops/sec(inst)___ops/sec(cum)__p50(ms)__p95(ms)__p99(ms)_pMax(ms)
  961.0s      200         2588.8         2138.0     10.5     33.6     41.9    192.9 read
  961.0s      200          666.5          534.8    100.7    134.2    159.4    302.0 update
  962.0s      200         2753.3         2138.7     12.1     24.1     30.4     48.2 read
  962.0s      200          729.1          535.0     88.1    104.9    113.2    125.8 update
  963.0s      200         2853.7         2139.4     14.2     28.3     35.7     52.4 read
  963.0s      200          646.9          535.1     92.3    104.9    109.1    117.4 update
  964.0s      200         2733.3         2140.0     12.6     25.2     30.4     41.9 read
  964.0s      200          733.1          535.3     88.1    100.7    113.2    121.6 update
  965.0s      200         2791.6         2140.7     13.1     25.2     31.5     41.9 read
  965.0s      200          719.6          535.5     88.1    100.7    109.1    113.2 update
  966.0s      200         2777.7         2141.3     13.1     27.3     35.7     50.3 read
  966.0s      200          676.2          535.7     92.3    109.1    125.8    142.6 update
  967.0s      200         2810.6         2142.0     13.1     25.2     31.5     44.0 read
  967.0s      200          709.1          535.9     88.1    100.7    104.9    109.1 update
  968.0s      200         2784.2         2142.7     13.6     27.3     33.6     44.0 read
  968.0s      200          695.8          536.0     88.1    100.7    104.9    109.1 update
  969.0s      200         2870.4         2143.5     13.1     25.2     31.5     54.5 read
  969.0s      200          687.9          536.2     92.3    104.9    113.2    121.6 update
  970.0s      200         2831.4         2144.2     13.1     27.3     35.7     50.3 read
  970.0s      200          684.3          536.3     92.3    109.1    117.4    121.6 update
_elapsed___errors__ops/sec(inst)___ops/sec(cum)__p50(ms)__p95(ms)__p99(ms)_pMax(ms)
  971.0s      200         2791.7         2144.8     12.6     26.2     33.6     56.6 read
  971.0s      200          699.4          536.5     92.3    109.1    113.2    121.6 update
  972.0s      200         2768.5         2145.5     12.6     24.1     29.4     39.8 read
  972.0s      200          724.1          536.7     88.1    100.7    109.1    121.6 update
  973.0s      200         2429.6         2145.8     13.6     31.5     41.9     52.4 read
  973.0s      200          604.4          536.8    104.9    134.2    142.6    159.4 update
  974.0s      200         2466.4         2146.1     11.5     32.5     46.1     71.3 read
  974.0s      200          619.1          536.8    109.1    142.6    159.4    285.2 update
  975.0s      200         2951.7         2146.9     11.0     25.2     32.5     46.1 read
  975.0s      200          711.9          537.0     92.3    109.1    125.8    125.8 update
  976.0s      200         2697.3         2147.5     13.6     27.3     35.7     44.0 read
  976.0s      200          610.6          537.1     92.3    109.1    113.2    121.6 update
  977.0s      200         2480.2         2147.8     12.1     33.6     44.0     71.3 read
  977.0s      200          652.1          537.2    109.1    151.0    176.2    192.9 update
  978.0s      200         2474.6         2148.2     11.0     32.5     46.1     62.9 read
  978.0s      200          642.9          537.3    109.1    142.6    151.0    176.2 update
  979.0s      200         2516.3         2148.5     11.0     30.4     41.9     58.7 read
  979.0s      200          639.1          537.4    109.1    130.0    142.6    159.4 update
  980.0s      200         2557.7         2148.9     12.6     30.4     39.8     67.1 read
  980.0s      200          577.2          537.5    113.2    142.6    151.0    184.5 update
_elapsed___errors__ops/sec(inst)___ops/sec(cum)__p50(ms)__p95(ms)__p99(ms)_pMax(ms)
  981.0s      200         2664.9         2149.5     10.0     28.3     48.2    100.7 read
  981.0s      200          655.2          537.6    104.9    134.2    151.0    176.2 update
  982.0s      200         3025.9         2150.4      9.4     21.0     28.3     37.7 read
  982.0s      200          750.0          537.8     96.5    109.1    117.4    121.6 update
  983.0s      200         2981.7         2151.2      8.9     21.0     27.3     32.5 read
  983.0s      200          756.9          538.0     96.5    109.1    113.2    134.2 update
  984.0s      200         2871.3         2151.9     10.0     22.0     28.3     37.7 read
  984.0s      200          752.1          538.2     92.3    109.1    113.2    130.0 update
  985.0s      200         2854.9         2152.7     13.1     27.3     31.5     44.0 read
  985.0s      200          699.0          538.4     92.3    100.7    109.1    109.1 update
  986.0s      200         2795.0         2153.3     13.1     26.2     32.5     52.4 read
  986.0s      200          692.0          538.6     92.3    109.1    121.6    130.0 update
  987.0s      200         2846.5         2154.0     13.6     26.2     31.5     46.1 read
  987.0s      200          667.9          538.7     92.3    100.7    109.1    109.1 update
  988.0s      200         2708.1         2154.6     10.5     31.5     41.9     60.8 read
  988.0s      200          640.8          538.8    100.7    125.8    142.6    159.4 update
  989.0s      200         2837.6         2155.3     12.6     25.2     29.4     39.8 read
  989.0s      200          713.4          539.0     92.3    104.9    109.1    113.2 update
  990.0s      200         2789.1         2155.9     12.6     25.2     31.5     44.0 read
  990.0s      200          719.5          539.2     88.1    100.7    113.2    302.0 update
_elapsed___errors__ops/sec(inst)___ops/sec(cum)__p50(ms)__p95(ms)__p99(ms)_pMax(ms)
  991.0s      200         2786.6         2156.5     12.6     25.2     30.4     39.8 read
  991.0s      200          701.4          539.3     92.3    104.9    117.4    318.8 update
  992.0s      200         2772.2         2157.2     13.1     26.2     31.5     41.9 read
  992.0s      200          693.8          539.5     92.3    104.9    113.2    121.6 update
  993.0s      200         2796.5         2157.8     13.6     27.3     32.5     48.2 read
  993.0s      200          672.9          539.6     92.3    104.9    109.1    117.4 update
  994.0s      200         2907.8         2158.6     13.6     26.2     33.6     44.0 read
  994.0s      200          660.2          539.7     92.3    104.9    109.1    117.4 update
  995.0s      200         2832.4         2159.2     13.1     25.2     31.5     41.9 read
  995.0s      200          694.9          539.9     88.1    104.9    109.1    121.6 update
  996.0s      200         2878.6         2160.0     13.1     28.3     37.7     52.4 read
  996.0s      200          658.1          540.0     92.3    109.1    121.6    142.6 update
  997.0s      200         2792.7         2160.6     11.5     23.1     28.3     37.7 read
  997.0s      200          756.2          540.2     88.1    100.7    104.9    113.2 update
  998.0s      200         2842.8         2161.3     13.6     26.2     31.5     44.0 read
  998.0s      200          681.9          540.4     88.1    100.7    104.9    109.1 update
  999.0s      200         2737.7         2161.9     13.1     26.2     31.5     39.8 read
  999.0s      200          706.9          540.5     88.1    100.7    104.9    121.6 update
 1000.0s      200         2823.6         2162.5     13.1     26.2     32.5     44.0 read
 1000.0s      200          685.9          540.7     92.3    104.9    109.1    117.4 update
_elapsed___errors__ops/sec(inst)___ops/sec(cum)__p50(ms)__p95(ms)__p99(ms)_pMax(ms)
 1001.0s      200         2638.9         2163.0     13.6     33.6     44.0     65.0 read
 1001.0s      200          605.0          540.7    100.7    130.0    151.0    268.4 update
 1002.0s      200         2844.0         2163.7     11.5     26.2     33.6     46.1 read
 1002.0s      200          710.2          540.9     92.3    109.1    125.8    134.2 update
 1003.0s      200         2873.0         2164.4     13.1     25.2     31.5     46.1 read
 1003.0s      200          684.8          541.1     88.1    100.7    109.1    121.6 update
 1004.0s      200         2773.9         2165.0     12.6     24.1     29.4     39.8 read
 1004.0s      200          723.7          541.2     88.1    100.7    104.9    113.2 update
 1005.0s      200         2887.9         2165.7     13.1     26.2     33.6     56.6 read
 1005.0s      200          693.5          541.4     92.3    104.9    113.2    117.4 update

_elapsed___errors_____ops(total)___ops/sec(cum)__avg(ms)__p50(ms)__p95(ms)__p99(ms)_pMax(ms)__total
 1005.0s      200        2176538         2165.7     19.0     16.3     46.1     79.7    536.9  read

_elapsed___errors_____ops(total)___ops/sec(cum)__avg(ms)__p50(ms)__p95(ms)__p99(ms)_pMax(ms)__total
 1005.0s      200         544092          541.4    104.9     96.5    159.4    218.1    805.3  update

_elapsed___errors_____ops(total)___ops/sec(cum)__avg(ms)__p50(ms)__p95(ms)__p99(ms)_pMax(ms)__result
 1005.0s      200        2720630         2707.1     36.2     22.0    117.4    159.4    805.3  
