run_id,engine,category,profile_name,git_revision,started_utc,finished_utc,wall_offset_s,seq_id,outcome
20260905T213941Z_p4-chaos-dead,cockroachdb,chaos-dead,thesis-extended,f4e8357c79a5ac7a69f21cf0b607ef79f3c48eec,2026-09-05T21:39:41.634756Z,2026-09-05T21:42:54.961474Z,1.5454,1,ack
20260905T213941Z_p4-chaos-dead,cockroachdb,chaos-dead,thesis-extended,f4e8357c79a5ac7a69f21cf0b607ef79f3c48eec,2026-09-05T21:39:41.634756Z,2026-09-05T21:42:54.961474Z,2.022,2,ack
20260905T213941Z_p4-chaos-dead,cockroachdb,chaos-dead,thesis-extended,f4e8357c79a5ac7a69f21cf0b607ef79f3c48eec,2026-09-05T21:39:41.634756Z,2026-09-05T21:42:54.961474Z,2.4136,3,ack
20260905T213941Z_p4-chaos-dead,cockroachdb,chaos-dead,thesis-extended,f4e8357c79a5ac7a69f21cf0b607ef79f3c48eec,2026-09-05T21:39:41.634756Z,2026-09-05T21:42:54.961474Z,2.9873,4,ack
20260905T213941Z_p4-chaos-dead,cockroachdb,chaos-dead,thesis-extended,f4e8357c79a5ac7a69f21cf0b607ef79f3c48eec,2026-09-05T21:39:41.634756Z,2026-09-05T21:42:54.961474Z,3.4786,5,ack
20260905T213941Z_p4-chaos-dead,cockroachdb,chaos-dead,thesis-extended,f4e8357c79a5ac7a69f21cf0b607ef79f3c48eec,2026-09-05T21:39:41.634756Z,2026-09-05T21:42:54.961474Z,4.3779,6,ack
20260905T213941Z_p4-chaos-dead,cockroachdb,chaos-dead,thesis-extended,f4e8357c79a5ac7a69f21cf0b607ef79f3c48eec,2026-09-05T21:39:41.634756Z,2026-09-05T21:42:54.961474Z,4.9037,7,ack
20260905T213941Z_p4-chaos-dead,cockroachdb,chaos-dead,thesis-extended,f4e8357c79a5ac7a69f21cf0b607ef79f3c48eec,2026-09-05T21:39:41.634756Z,2026-09-05T21:42:54.961474Z,5.2721,8,ack
20260905T213941Z_p4-chaos-dead,cockroachdb,chaos-dead,thesis-extended,f4e8357c79a5ac7a69f21cf0b607ef79f3c48eec,2026-09-05T21:39:41.634756Z,2026-09-05T21:42:54.961474Z,5.771,9,ack
20260905T213941Z_p4-chaos-dead,cockroachdb,chaos-dead,thesis-extended,f4e8357c79a5ac7a69f21cf0b607ef79f3c48eec,2026-09-05T21:39:41.634756Z,2026-09-05T21:42:54.961474Z,6.2622,10,ack
20260905T213941Z_p4-chaos-dead,cockroachdb,chaos-dead,thesis-extended,f4e8357c79a5ac7a69f21cf0b607ef79f3c48eec,2026-09-05T21:39:41.634756Z,2026-09-05T21:42:54.961474Z,6.837,11,ack
20260905T213941Z_p4-chaos-dead,cockroachdb,chaos-dead,thesis-extended,f4e8357c79a5ac7a69f21cf0b607ef79f3c48eec,2026-09-05T21:39:41.634756Z,2026-09-05T21:42:54.961474Z,7.4043,12,ack
20260905T213941Z_p4-chaos-dead,cockroachdb,chaos-dead,thesis-extended,f4e8357c79a5ac7a69f21cf0b607ef79f3c48eec,2026-09-05T21:39:41.634756Z,2026-09-05T21:42:54.961474Z,8.2008,13,ack
20260905T213941Z_p4-chaos-dead,cockroachdb,chaos-dead,thesis-extended,f4e8357c79a5ac7a69f21cf0b607ef79f3c48eec,2026-09-05T21:39:41.634756Z,2026-09-05T21:42:54.961474Z,9.0032,14,ack
20260905T213941Z_p4-chaos-dead,cockroachdb,chaos-dead,thesis-extended,f4e8357c79a5ac7a69f21cf0b607ef79f3c48eec,2026-09-05T21:39:41.634756Z,2026-09-05T21:42:54.961474Z,9.7205,15,ack
20260905T213941Z_p4-chaos-dead,cockroachdb,chaos-dead,thesis-extended,f4e8357c79a5ac7a69f21cf0b607ef79f3c48eec,2026-09-05T21:39:41.634756Z,2026-09-05T21:42:54.961474Z,10.1566,16,ack
20260905T213941Z_p4-chaos-dead,cockroachdb,chaos-dead,thesis-extended,f4e8357c79a5ac7a69f21cf0b607ef79f3c48eec,2026-09-05T21:39:41.634756Z,2026-09-05T21:42:54.961474Z,10.6333,17,ack
20260905T213941Z_p4-chaos-dead,cockroachdb,chaos-dead,thesis-extended,f4e8357c79a5ac7a69f21cf0b607ef79f3c48eec,2026-09-05T21:39:41.634756Z,2026-09-05T21:42:54.961474Z,11.1269,18,ack
20260905T213941Z_p4-chaos-dead,cockroachdb,chaos-dead,thesis-extended,f4e8357c79a5ac7a69f21cf0b607ef79f3c48eec,2026-09-05T21:39:41.634756Z,2026-09-05T21:42:54.961474Z,11.6293,19,ack
20260905T213941Z_p4-chaos-dead,cockroachdb,chaos-dead,thesis-extended,f4e8357c79a5ac7a69f21cf0b607ef79f3c48eec,2026-09-05T21:39:41.634756Z,2026-09-05T21:42:54.961474Z,12.1768,20,ack
20260905T213941Z_p4-chaos-dead,cockroachdb,chaos-dead,thesis-extended,f4e8357c79a5ac7a69f21cf0b607ef79f3c48eec,2026-09-05T21:39:41.634756Z,2026-09-05T21:42:54.961474Z,12.8482,21,ack
20260905T213941Z_p4-chaos-dead,cockroachdb,chaos-dead,thesis-extended,f4e8357c79a5ac7a69f21cf0b607ef79f3c48eec,2026-09-05T21:39:41.634756Z,2026-09-05T21:42:54.961474Z,13.362,22,ack
20260905T213941Z_p4-chaos-dead,cockroachdb,chaos-dead,thesis-extended,f4e8357c79a5ac7a69f21cf0b607ef79f3c48eec,2026-09-05T21:39:41.634756Z,2026-09-05T21:42:54.961474Z,13.8601,23,ack
20260905T213941Z_p4-chaos-dead,cockroachdb,chaos-dead,thesis-extended,f4e8357c79a5ac7a69f21cf0b607ef79f3c48eec,2026-09-05T21:39:41.634756Z,2026-09-05T21:42:54.961474Z,14.299,24,ack
20260905T213941Z_p4-chaos-dead,cockroachdb,chaos-dead,thesis-extended,f4e8357c79a5ac7a69f21cf0b607ef79f3c48eec,2026-09-05T21:39:41.634756Z,2026-09-05T21:42:54.961474Z,14.8329,25,ack
20260905T213941Z_p4-chaos-dead,cockroachdb,chaos-dead,thesis-extended,f4e8357c79a5ac7a69f21cf0b607ef79f3c48eec,2026-09-05T21:39:41.634756Z,2026-09-05T21:42:54.961474Z,15.4047,26,ack
20260905T213941Z_p4-chaos-dead,cockroachdb,chaos-dead,thesis-extended,f4e8357c79a5ac7a69f21cf0b607ef79f3c48eec,2026-09-05T21:39:41.634756Z,2026-09-05T21:42:54.961474Z,15.9382,27,ack
20260905T213941Z_p4-chaos-dead,cockroachdb,chaos-dead,thesis-extended,f4e8357c79a5ac7a69f21cf0b607ef79f3c48eec,2026-09-05T21:39:41.634756Z,2026-09-05T21:42:54.961474Z,16.369,28,ack
20260905T213941Z_p4-chaos-dead,cockroachdb,chaos-dead,thesis-extended,f4e8357c79a5ac7a69f21cf0b607ef79f3c48eec,2026-09-05T21:39:41.634756Z,2026-09-05T21:42:54.961474Z,16.8755,29,ack
20260905T213941Z_p4-chaos-dead,cockroachdb,chaos-dead,thesis-extended,f4e8357c79a5ac7a69f21cf0b607ef79f3c48eec,2026-09-05T21:39:41.634756Z,2026-09-05T21:42:54.961474Z,17.4474,30,ack
20260905T213941Z_p4-chaos-dead,cockroachdb,chaos-dead,thesis-extended,f4e8357c79a5ac7a69f21cf0b607ef79f3c48eec,2026-09-05T21:39:41.634756Z,2026-09-05T21:42:54.961474Z,17.8869,31,ack
20260905T213941Z_p4-chaos-dead,cockroachdb,chaos-dead,thesis-extended,f4e8357c79a5ac7a69f21cf0b607ef79f3c48eec,2026-09-05T21:39:41.634756Z,2026-09-05T21:42:54.961474Z,18.4246,32,ack
20260905T213941Z_p4-chaos-dead,cockroachdb,chaos-dead,thesis-extended,f4e8357c79a5ac7a69f21cf0b607ef79f3c48eec,2026-09-05T21:39:41.634756Z,2026-09-05T21:42:54.961474Z,18.9723,33,ack
20260905T213941Z_p4-chaos-dead,cockroachdb,chaos-dead,thesis-extended,f4e8357c79a5ac7a69f21cf0b607ef79f3c48eec,2026-09-05T21:39:41.634756Z,2026-09-05T21:42:54.961474Z,19.4411,34,ack
20260905T213941Z_p4-chaos-dead,cockroachdb,chaos-dead,thesis-extended,f4e8357c79a5ac7a69f21cf0b607ef79f3c48eec,2026-09-05T21:39:41.634756Z,2026-09-05T21:42:54.961474Z,19.9272,35,ack
20260905T213941Z_p4-chaos-dead,cockroachdb,chaos-dead,thesis-extended,f4e8357c79a5ac7a69f21cf0b607ef79f3c48eec,2026-09-05T21:39:41.634756Z,2026-09-05T21:42:54.961474Z,20.4432,36,ack
20260905T213941Z_p4-chaos-dead,cockroachdb,chaos-dead,thesis-extended,f4e8357c79a5ac7a69f21cf0b607ef79f3c48eec,2026-09-05T21:39:41.634756Z,2026-09-05T21:42:54.961474Z,20.9734,37,ack
20260905T213941Z_p4-chaos-dead,cockroachdb,chaos-dead,thesis-extended,f4e8357c79a5ac7a69f21cf0b607ef79f3c48eec,2026-09-05T21:39:41.634756Z,2026-09-05T21:42:54.961474Z,21.459,38,ack
20260905T213941Z_p4-chaos-dead,cockroachdb,chaos-dead,thesis-extended,f4e8357c79a5ac7a69f21cf0b607ef79f3c48eec,2026-09-05T21:39:41.634756Z,2026-09-05T21:42:54.961474Z,21.9288,39,ack
20260905T213941Z_p4-chaos-dead,cockroachdb,chaos-dead,thesis-extended,f4e8357c79a5ac7a69f21cf0b607ef79f3c48eec,2026-09-05T21:39:41.634756Z,2026-09-05T21:42:54.961474Z,22.4462,40,ack
20260905T213941Z_p4-chaos-dead,cockroachdb,chaos-dead,thesis-extended,f4e8357c79a5ac7a69f21cf0b607ef79f3c48eec,2026-09-05T21:39:41.634756Z,2026-09-05T21:42:54.961474Z,22.9558,41,ack
20260905T213941Z_p4-chaos-dead,cockroachdb,chaos-dead,thesis-extended,f4e8357c79a5ac7a69f21cf0b607ef79f3c48eec,2026-09-05T21:39:41.634756Z,2026-09-05T21:42:54.961474Z,23.4142,42,ack
20260905T213941Z_p4-chaos-dead,cockroachdb,chaos-dead,thesis-extended,f4e8357c79a5ac7a69f21cf0b607ef79f3c48eec,2026-09-05T21:39:41.634756Z,2026-09-05T21:42:54.961474Z,23.9077,43,ack
20260905T213941Z_p4-chaos-dead,cockroachdb,chaos-dead,thesis-extended,f4e8357c79a5ac7a69f21cf0b607ef79f3c48eec,2026-09-05T21:39:41.634756Z,2026-09-05T21:42:54.961474Z,24.4332,44,ack
20260905T213941Z_p4-chaos-dead,cockroachdb,chaos-dead,thesis-extended,f4e8357c79a5ac7a69f21cf0b607ef79f3c48eec,2026-09-05T21:39:41.634756Z,2026-09-05T21:42:54.961474Z,24.9081,45,ack
20260905T213941Z_p4-chaos-dead,cockroachdb,chaos-dead,thesis-extended,f4e8357c79a5ac7a69f21cf0b607ef79f3c48eec,2026-09-05T21:39:41.634756Z,2026-09-05T21:42:54.961474Z,25.446,46,ack
20260905T213941Z_p4-chaos-dead,cockroachdb,chaos-dead,thesis-extended,f4e8357c79a5ac7a69f21cf0b607ef79f3c48eec,2026-09-05T21:39:41.634756Z,2026-09-05T21:42:54.961474Z,25.9139,47,ack
20260905T213941Z_p4-chaos-dead,cockroachdb,chaos-dead,thesis-extended,f4e8357c79a5ac7a69f21cf0b607ef79f3c48eec,2026-09-05T21:39:41.634756Z,2026-09-05T21:42:54.961474Z,26.7514,48,ack
20260905T213941Z_p4-chaos-dead,cockroachdb,chaos-dead,thesis-extended,f4e8357c79a5ac7a69f21cf0b607ef79f3c48eec,2026-09-05T21:39:41.634756Z,2026-09-05T21:42:54.961474Z,27.5386,49,ack
20260905T213941Z_p4-chaos-dead,cockroachdb,chaos-dead,thesis-extended,f4e8357c79a5ac7a69f21cf0b607ef79f3c48eec,2026-09-05T21:39:41.634756Z,2026-09-05T21:42:54.961474Z,27.9695,50,ack
20260905T213941Z_p4-chaos-dead,cockroachdb,chaos-dead,thesis-extended,f4e8357c79a5ac7a69f21cf0b607ef79f3c48eec,2026-09-05T21:39:41.634756Z,2026-09-05T21:42:54.961474Z,28.587,51,ack
20260905T213941Z_p4-chaos-dead,cockroachdb,chaos-dead,thesis-extended,f4e8357c79a5ac7a69f21cf0b607ef79f3c48eec,2026-09-05T21:39:41.634756Z,2026-09-05T21:42:54.961474Z,29.0687,52,ack
20260905T213941Z_p4-chaos-dead,cockroachdb,chaos-dead,thesis-extended,f4e8357c79a5ac7a69f21cf0b607ef79f3c48eec,2026-09-05T21:39:41.634756Z,2026-09-05T21:42:54.961474Z,29.5256,53,ack
20260905T213941Z_p4-chaos-dead,cockroachdb,chaos-dead,thesis-extended,f4e8357c79a5ac7a69f21cf0b607ef79f3c48eec,2026-09-05T21:39:41.634756Z,2026-09-05T21:42:54.961474Z,29.9685,54,ack
20260905T213941Z_p4-chaos-dead,cockroachdb,chaos-dead,thesis-extended,f4e8357c79a5ac7a69f21cf0b607ef79f3c48eec,2026-09-05T21:39:41.634756Z,2026-09-05T21:42:54.961474Z,30.4952,55,ack
20260905T213941Z_p4-chaos-dead,cockroachdb,chaos-dead,thesis-extended,f4e8357c79a5ac7a69f21cf0b607ef79f3c48eec,2026-09-05T21:39:41.634756Z,2026-09-05T21:42:54.961474Z,30.9705,56,ack
20260905T213941Z_p4-chaos-dead,cockroachdb,chaos-dead,thesis-extended,f4e8357c79a5ac7a69f21cf0b607ef79f3c48eec,2026-09-05T21:39:41.634756Z,2026-09-05T21:42:54.961474Z,31.8224,57,ack
20260905T213941Z_p4-chaos-dead,cockroachdb,chaos-dead,thesis-extended,f4e8357c79a5ac7a69f21cf0b607ef79f3c48eec,2026-09-05T21:39:41.634756Z,2026-09-05T21:42:54.961474Z,32.8421,58,ack
20260905T213941Z_p4-chaos-dead,cockroachdb,chaos-dead,thesis-extended,f4e8357c79a5ac7a69f21cf0b607ef79f3c48eec,2026-09-05T21:39:41.634756Z,2026-09-05T21:42:54.961474Z,34.1061,59,ack
20260905T213941Z_p4-chaos-dead,cockroachdb,chaos-dead,thesis-extended,f4e8357c79a5ac7a69f21cf0b607ef79f3c48eec,2026-09-05T21:39:41.634756Z,2026-09-05T21:42:54.961474Z,34.9864,60,ack
20260905T213941Z_p4-chaos-dead,cockroachdb,chaos-dead,thesis-extended,f4e8357c79a5ac7a69f21cf0b607ef79f3c48eec,2026-09-05T21:39:41.634756Z,2026-09-05T21:42:54.961474Z,36.4107,61,ack
20260905T213941Z_p4-chaos-dead,cockroachdb,chaos-dead,thesis-extended,f4e8357c79a5ac7a69f21cf0b607ef79f3c48eec,2026-09-05T21:39:41.634756Z,2026-09-05T21:42:54.961474Z,37.7233,62,ack
20260905T213941Z_p4-chaos-dead,cockroachdb,chaos-dead,thesis-extended,f4e8357c79a5ac7a69f21cf0b607ef79f3c48eec,2026-09-05T21:39:41.634756Z,2026-09-05T21:42:54.961474Z,38.7521,63,ack
20260905T213941Z_p4-chaos-dead,cockroachdb,chaos-dead,thesis-extended,f4e8357c79a5ac7a69f21cf0b607ef79f3c48eec,2026-09-05T21:39:41.634756Z,2026-09-05T21:42:54.961474Z,39.4323,64,ack
20260905T213941Z_p4-chaos-dead,cockroachdb,chaos-dead,thesis-extended,f4e8357c79a5ac7a69f21cf0b607ef79f3c48eec,2026-09-05T21:39:41.634756Z,2026-09-05T21:42:54.961474Z,39.849,65,ack
20260905T213941Z_p4-chaos-dead,cockroachdb,chaos-dead,thesis-extended,f4e8357c79a5ac7a69f21cf0b607ef79f3c48eec,2026-09-05T21:39:41.634756Z,2026-09-05T21:42:54.961474Z,40.2682,66,ack
20260905T213941Z_p4-chaos-dead,cockroachdb,chaos-dead,thesis-extended,f4e8357c79a5ac7a69f21cf0b607ef79f3c48eec,2026-09-05T21:39:41.634756Z,2026-09-05T21:42:54.961474Z,40.7291,67,ack
20260905T213941Z_p4-chaos-dead,cockroachdb,chaos-dead,thesis-extended,f4e8357c79a5ac7a69f21cf0b607ef79f3c48eec,2026-09-05T21:39:41.634756Z,2026-09-05T21:42:54.961474Z,41.2281,68,ack
20260905T213941Z_p4-chaos-dead,cockroachdb,chaos-dead,thesis-extended,f4e8357c79a5ac7a69f21cf0b607ef79f3c48eec,2026-09-05T21:39:41.634756Z,2026-09-05T21:42:54.961474Z,41.7686,69,ack
20260905T213941Z_p4-chaos-dead,cockroachdb,chaos-dead,thesis-extended,f4e8357c79a5ac7a69f21cf0b607ef79f3c48eec,2026-09-05T21:39:41.634756Z,2026-09-05T21:42:54.961474Z,42.2667,70,ack
20260905T213941Z_p4-chaos-dead,cockroachdb,chaos-dead,thesis-extended,f4e8357c79a5ac7a69f21cf0b607ef79f3c48eec,2026-09-05T21:39:41.634756Z,2026-09-05T21:42:54.961474Z,42.733,71,ack
20260905T213941Z_p4-chaos-dead,cockroachdb,chaos-dead,thesis-extended,f4e8357c79a5ac7a69f21cf0b607ef79f3c48eec,2026-09-05T21:39:41.634756Z,2026-09-05T21:42:54.961474Z,43.214,72,ack
20260905T213941Z_p4-chaos-dead,cockroachdb,chaos-dead,thesis-extended,f4e8357c79a5ac7a69f21cf0b607ef79f3c48eec,2026-09-05T21:39:41.634756Z,2026-09-05T21:42:54.961474Z,43.6998,73,ack
20260905T213941Z_p4-chaos-dead,cockroachdb,chaos-dead,thesis-extended,f4e8357c79a5ac7a69f21cf0b607ef79f3c48eec,2026-09-05T21:39:41.634756Z,2026-09-05T21:42:54.961474Z,44.267,74,ack
20260905T213941Z_p4-chaos-dead,cockroachdb,chaos-dead,thesis-extended,f4e8357c79a5ac7a69f21cf0b607ef79f3c48eec,2026-09-05T21:39:41.634756Z,2026-09-05T21:42:54.961474Z,44.8891,75,ack
20260905T213941Z_p4-chaos-dead,cockroachdb,chaos-dead,thesis-extended,f4e8357c79a5ac7a69f21cf0b607ef79f3c48eec,2026-09-05T21:39:41.634756Z,2026-09-05T21:42:54.961474Z,45.361,76,ack
20260905T213941Z_p4-chaos-dead,cockroachdb,chaos-dead,thesis-extended,f4e8357c79a5ac7a69f21cf0b607ef79f3c48eec,2026-09-05T21:39:41.634756Z,2026-09-05T21:42:54.961474Z,45.8491,77,ack
20260905T213941Z_p4-chaos-dead,cockroachdb,chaos-dead,thesis-extended,f4e8357c79a5ac7a69f21cf0b607ef79f3c48eec,2026-09-05T21:39:41.634756Z,2026-09-05T21:42:54.961474Z,46.4002,78,ack
20260905T213941Z_p4-chaos-dead,cockroachdb,chaos-dead,thesis-extended,f4e8357c79a5ac7a69f21cf0b607ef79f3c48eec,2026-09-05T21:39:41.634756Z,2026-09-05T21:42:54.961474Z,46.8813,79,ack
20260905T213941Z_p4-chaos-dead,cockroachdb,chaos-dead,thesis-extended,f4e8357c79a5ac7a69f21cf0b607ef79f3c48eec,2026-09-05T21:39:41.634756Z,2026-09-05T21:42:54.961474Z,47.6225,80,ack
20260905T213941Z_p4-chaos-dead,cockroachdb,chaos-dead,thesis-extended,f4e8357c79a5ac7a69f21cf0b607ef79f3c48eec,2026-09-05T21:39:41.634756Z,2026-09-05T21:42:54.961474Z,48.409,81,ack
20260905T213941Z_p4-chaos-dead,cockroachdb,chaos-dead,thesis-extended,f4e8357c79a5ac7a69f21cf0b607ef79f3c48eec,2026-09-05T21:39:41.634756Z,2026-09-05T21:42:54.961474Z,48.9782,82,ack
20260905T213941Z_p4-chaos-dead,cockroachdb,chaos-dead,thesis-extended,f4e8357c79a5ac7a69f21cf0b607ef79f3c48eec,2026-09-05T21:39:41.634756Z,2026-09-05T21:42:54.961474Z,49.634,83,ack
20260905T213941Z_p4-chaos-dead,cockroachdb,chaos-dead,thesis-extended,f4e8357c79a5ac7a69f21cf0b607ef79f3c48eec,2026-09-05T21:39:41.634756Z,2026-09-05T21:42:54.961474Z,50.11,84,ack
20260905T213941Z_p4-chaos-dead,cockroachdb,chaos-dead,thesis-extended,f4e8357c79a5ac7a69f21cf0b607ef79f3c48eec,2026-09-05T21:39:41.634756Z,2026-09-05T21:42:54.961474Z,50.5797,85,ack
20260905T213941Z_p4-chaos-dead,cockroachdb,chaos-dead,thesis-extended,f4e8357c79a5ac7a69f21cf0b607ef79f3c48eec,2026-09-05T21:39:41.634756Z,2026-09-05T21:42:54.961474Z,51.0627,86,ack
20260905T213941Z_p4-chaos-dead,cockroachdb,chaos-dead,thesis-extended,f4e8357c79a5ac7a69f21cf0b607ef79f3c48eec,2026-09-05T21:39:41.634756Z,2026-09-05T21:42:54.961474Z,51.5749,87,ack
20260905T213941Z_p4-chaos-dead,cockroachdb,chaos-dead,thesis-extended,f4e8357c79a5ac7a69f21cf0b607ef79f3c48eec,2026-09-05T21:39:41.634756Z,2026-09-05T21:42:54.961474Z,52.0786,88,ack
20260905T213941Z_p4-chaos-dead,cockroachdb,chaos-dead,thesis-extended,f4e8357c79a5ac7a69f21cf0b607ef79f3c48eec,2026-09-05T21:39:41.634756Z,2026-09-05T21:42:54.961474Z,52.6391,89,ack
20260905T213941Z_p4-chaos-dead,cockroachdb,chaos-dead,thesis-extended,f4e8357c79a5ac7a69f21cf0b607ef79f3c48eec,2026-09-05T21:39:41.634756Z,2026-09-05T21:42:54.961474Z,53.1139,90,ack
20260905T213941Z_p4-chaos-dead,cockroachdb,chaos-dead,thesis-extended,f4e8357c79a5ac7a69f21cf0b607ef79f3c48eec,2026-09-05T21:39:41.634756Z,2026-09-05T21:42:54.961474Z,53.5553,91,ack
20260905T213941Z_p4-chaos-dead,cockroachdb,chaos-dead,thesis-extended,f4e8357c79a5ac7a69f21cf0b607ef79f3c48eec,2026-09-05T21:39:41.634756Z,2026-09-05T21:42:54.961474Z,54.1032,92,ack
20260905T213941Z_p4-chaos-dead,cockroachdb,chaos-dead,thesis-extended,f4e8357c79a5ac7a69f21cf0b607ef79f3c48eec,2026-09-05T21:39:41.634756Z,2026-09-05T21:42:54.961474Z,54.6066,93,ack
20260905T213941Z_p4-chaos-dead,cockroachdb,chaos-dead,thesis-extended,f4e8357c79a5ac7a69f21cf0b607ef79f3c48eec,2026-09-05T21:39:41.634756Z,2026-09-05T21:42:54.961474Z,55.4065,94,ack
20260905T213941Z_p4-chaos-dead,cockroachdb,chaos-dead,thesis-extended,f4e8357c79a5ac7a69f21cf0b607ef79f3c48eec,2026-09-05T21:39:41.634756Z,2026-09-05T21:42:54.961474Z,55.8926,95,ack
20260905T213941Z_p4-chaos-dead,cockroachdb,chaos-dead,thesis-extended,f4e8357c79a5ac7a69f21cf0b607ef79f3c48eec,2026-09-05T21:39:41.634756Z,2026-09-05T21:42:54.961474Z,56.4313,96,ack
20260905T213941Z_p4-chaos-dead,cockroachdb,chaos-dead,thesis-extended,f4e8357c79a5ac7a69f21cf0b607ef79f3c48eec,2026-09-05T21:39:41.634756Z,2026-09-05T21:42:54.961474Z,56.9274,97,ack
20260905T213941Z_p4-chaos-dead,cockroachdb,chaos-dead,thesis-extended,f4e8357c79a5ac7a69f21cf0b607ef79f3c48eec,2026-09-05T21:39:41.634756Z,2026-09-05T21:42:54.961474Z,57.4683,98,ack
20260905T213941Z_p4-chaos-dead,cockroachdb,chaos-dead,thesis-extended,f4e8357c79a5ac7a69f21cf0b607ef79f3c48eec,2026-09-05T21:39:41.634756Z,2026-09-05T21:42:54.961474Z,58.0586,99,ack
20260905T213941Z_p4-chaos-dead,cockroachdb,chaos-dead,thesis-extended,f4e8357c79a5ac7a69f21cf0b607ef79f3c48eec,2026-09-05T21:39:41.634756Z,2026-09-05T21:42:54.961474Z,58.5911,100,ack
20260905T213941Z_p4-chaos-dead,cockroachdb,chaos-dead,thesis-extended,f4e8357c79a5ac7a69f21cf0b607ef79f3c48eec,2026-09-05T21:39:41.634756Z,2026-09-05T21:42:54.961474Z,59.0733,101,ack
20260905T213941Z_p4-chaos-dead,cockroachdb,chaos-dead,thesis-extended,f4e8357c79a5ac7a69f21cf0b607ef79f3c48eec,2026-09-05T21:39:41.634756Z,2026-09-05T21:42:54.961474Z,59.8026,102,ack
20260905T213941Z_p4-chaos-dead,cockroachdb,chaos-dead,thesis-extended,f4e8357c79a5ac7a69f21cf0b607ef79f3c48eec,2026-09-05T21:39:41.634756Z,2026-09-05T21:42:54.961474Z,60.3704,103,ack
20260905T213941Z_p4-chaos-dead,cockroachdb,chaos-dead,thesis-extended,f4e8357c79a5ac7a69f21cf0b607ef79f3c48eec,2026-09-05T21:39:41.634756Z,2026-09-05T21:42:54.961474Z,60.777,104,ack
20260905T213941Z_p4-chaos-dead,cockroachdb,chaos-dead,thesis-extended,f4e8357c79a5ac7a69f21cf0b607ef79f3c48eec,2026-09-05T21:39:41.634756Z,2026-09-05T21:42:54.961474Z,61.2153,105,ack
20260905T213941Z_p4-chaos-dead,cockroachdb,chaos-dead,thesis-extended,f4e8357c79a5ac7a69f21cf0b607ef79f3c48eec,2026-09-05T21:39:41.634756Z,2026-09-05T21:42:54.961474Z,61.7678,106,ack
20260905T213941Z_p4-chaos-dead,cockroachdb,chaos-dead,thesis-extended,f4e8357c79a5ac7a69f21cf0b607ef79f3c48eec,2026-09-05T21:39:41.634756Z,2026-09-05T21:42:54.961474Z,62.9618,107,ack
20260905T213941Z_p4-chaos-dead,cockroachdb,chaos-dead,thesis-extended,f4e8357c79a5ac7a69f21cf0b607ef79f3c48eec,2026-09-05T21:39:41.634756Z,2026-09-05T21:42:54.961474Z,63.7713,108,ack
20260905T213941Z_p4-chaos-dead,cockroachdb,chaos-dead,thesis-extended,f4e8357c79a5ac7a69f21cf0b607ef79f3c48eec,2026-09-05T21:39:41.634756Z,2026-09-05T21:42:54.961474Z,64.2382,109,ack
20260905T213941Z_p4-chaos-dead,cockroachdb,chaos-dead,thesis-extended,f4e8357c79a5ac7a69f21cf0b607ef79f3c48eec,2026-09-05T21:39:41.634756Z,2026-09-05T21:42:54.961474Z,64.7459,110,ack
20260905T213941Z_p4-chaos-dead,cockroachdb,chaos-dead,thesis-extended,f4e8357c79a5ac7a69f21cf0b607ef79f3c48eec,2026-09-05T21:39:41.634756Z,2026-09-05T21:42:54.961474Z,65.4727,111,ack
20260905T213941Z_p4-chaos-dead,cockroachdb,chaos-dead,thesis-extended,f4e8357c79a5ac7a69f21cf0b607ef79f3c48eec,2026-09-05T21:39:41.634756Z,2026-09-05T21:42:54.961474Z,66.1656,112,ack
20260905T213941Z_p4-chaos-dead,cockroachdb,chaos-dead,thesis-extended,f4e8357c79a5ac7a69f21cf0b607ef79f3c48eec,2026-09-05T21:39:41.634756Z,2026-09-05T21:42:54.961474Z,66.7599,113,ack
20260905T213941Z_p4-chaos-dead,cockroachdb,chaos-dead,thesis-extended,f4e8357c79a5ac7a69f21cf0b607ef79f3c48eec,2026-09-05T21:39:41.634756Z,2026-09-05T21:42:54.961474Z,67.5376,114,ack
20260905T213941Z_p4-chaos-dead,cockroachdb,chaos-dead,thesis-extended,f4e8357c79a5ac7a69f21cf0b607ef79f3c48eec,2026-09-05T21:39:41.634756Z,2026-09-05T21:42:54.961474Z,68.2465,115,ack
20260905T213941Z_p4-chaos-dead,cockroachdb,chaos-dead,thesis-extended,f4e8357c79a5ac7a69f21cf0b607ef79f3c48eec,2026-09-05T21:39:41.634756Z,2026-09-05T21:42:54.961474Z,68.8215,116,ack
20260905T213941Z_p4-chaos-dead,cockroachdb,chaos-dead,thesis-extended,f4e8357c79a5ac7a69f21cf0b607ef79f3c48eec,2026-09-05T21:39:41.634756Z,2026-09-05T21:42:54.961474Z,69.457,117,ack
20260905T213941Z_p4-chaos-dead,cockroachdb,chaos-dead,thesis-extended,f4e8357c79a5ac7a69f21cf0b607ef79f3c48eec,2026-09-05T21:39:41.634756Z,2026-09-05T21:42:54.961474Z,70.1176,118,ack
20260905T213941Z_p4-chaos-dead,cockroachdb,chaos-dead,thesis-extended,f4e8357c79a5ac7a69f21cf0b607ef79f3c48eec,2026-09-05T21:39:41.634756Z,2026-09-05T21:42:54.961474Z,70.6421,119,ack
20260905T213941Z_p4-chaos-dead,cockroachdb,chaos-dead,thesis-extended,f4e8357c79a5ac7a69f21cf0b607ef79f3c48eec,2026-09-05T21:39:41.634756Z,2026-09-05T21:42:54.961474Z,71.1523,120,ack
20260905T213941Z_p4-chaos-dead,cockroachdb,chaos-dead,thesis-extended,f4e8357c79a5ac7a69f21cf0b607ef79f3c48eec,2026-09-05T21:39:41.634756Z,2026-09-05T21:42:54.961474Z,71.7228,121,ack
20260905T213941Z_p4-chaos-dead,cockroachdb,chaos-dead,thesis-extended,f4e8357c79a5ac7a69f21cf0b607ef79f3c48eec,2026-09-05T21:39:41.634756Z,2026-09-05T21:42:54.961474Z,72.6232,122,ack
20260905T213941Z_p4-chaos-dead,cockroachdb,chaos-dead,thesis-extended,f4e8357c79a5ac7a69f21cf0b607ef79f3c48eec,2026-09-05T21:39:41.634756Z,2026-09-05T21:42:54.961474Z,73.1876,123,ack
20260905T213941Z_p4-chaos-dead,cockroachdb,chaos-dead,thesis-extended,f4e8357c79a5ac7a69f21cf0b607ef79f3c48eec,2026-09-05T21:39:41.634756Z,2026-09-05T21:42:54.961474Z,73.7373,124,ack
20260905T213941Z_p4-chaos-dead,cockroachdb,chaos-dead,thesis-extended,f4e8357c79a5ac7a69f21cf0b607ef79f3c48eec,2026-09-05T21:39:41.634756Z,2026-09-05T21:42:54.961474Z,74.3454,125,ack
20260905T213941Z_p4-chaos-dead,cockroachdb,chaos-dead,thesis-extended,f4e8357c79a5ac7a69f21cf0b607ef79f3c48eec,2026-09-05T21:39:41.634756Z,2026-09-05T21:42:54.961474Z,74.9678,126,ack
20260905T213941Z_p4-chaos-dead,cockroachdb,chaos-dead,thesis-extended,f4e8357c79a5ac7a69f21cf0b607ef79f3c48eec,2026-09-05T21:39:41.634756Z,2026-09-05T21:42:54.961474Z,75.5822,127,ack
20260905T213941Z_p4-chaos-dead,cockroachdb,chaos-dead,thesis-extended,f4e8357c79a5ac7a69f21cf0b607ef79f3c48eec,2026-09-05T21:39:41.634756Z,2026-09-05T21:42:54.961474Z,76.1666,128,ack
20260905T213941Z_p4-chaos-dead,cockroachdb,chaos-dead,thesis-extended,f4e8357c79a5ac7a69f21cf0b607ef79f3c48eec,2026-09-05T21:39:41.634756Z,2026-09-05T21:42:54.961474Z,76.6759,129,ack
20260905T213941Z_p4-chaos-dead,cockroachdb,chaos-dead,thesis-extended,f4e8357c79a5ac7a69f21cf0b607ef79f3c48eec,2026-09-05T21:39:41.634756Z,2026-09-05T21:42:54.961474Z,77.2633,130,ack
20260905T213941Z_p4-chaos-dead,cockroachdb,chaos-dead,thesis-extended,f4e8357c79a5ac7a69f21cf0b607ef79f3c48eec,2026-09-05T21:39:41.634756Z,2026-09-05T21:42:54.961474Z,77.8532,131,ack
20260905T213941Z_p4-chaos-dead,cockroachdb,chaos-dead,thesis-extended,f4e8357c79a5ac7a69f21cf0b607ef79f3c48eec,2026-09-05T21:39:41.634756Z,2026-09-05T21:42:54.961474Z,78.4941,132,ack
20260905T213941Z_p4-chaos-dead,cockroachdb,chaos-dead,thesis-extended,f4e8357c79a5ac7a69f21cf0b607ef79f3c48eec,2026-09-05T21:39:41.634756Z,2026-09-05T21:42:54.961474Z,79.1377,133,ack
20260905T213941Z_p4-chaos-dead,cockroachdb,chaos-dead,thesis-extended,f4e8357c79a5ac7a69f21cf0b607ef79f3c48eec,2026-09-05T21:39:41.634756Z,2026-09-05T21:42:54.961474Z,79.825,134,ack
20260905T213941Z_p4-chaos-dead,cockroachdb,chaos-dead,thesis-extended,f4e8357c79a5ac7a69f21cf0b607ef79f3c48eec,2026-09-05T21:39:41.634756Z,2026-09-05T21:42:54.961474Z,80.3826,135,ack
20260905T213941Z_p4-chaos-dead,cockroachdb,chaos-dead,thesis-extended,f4e8357c79a5ac7a69f21cf0b607ef79f3c48eec,2026-09-05T21:39:41.634756Z,2026-09-05T21:42:54.961474Z,81.0425,136,ack
20260905T213941Z_p4-chaos-dead,cockroachdb,chaos-dead,thesis-extended,f4e8357c79a5ac7a69f21cf0b607ef79f3c48eec,2026-09-05T21:39:41.634756Z,2026-09-05T21:42:54.961474Z,81.5448,137,ack
20260905T213941Z_p4-chaos-dead,cockroachdb,chaos-dead,thesis-extended,f4e8357c79a5ac7a69f21cf0b607ef79f3c48eec,2026-09-05T21:39:41.634756Z,2026-09-05T21:42:54.961474Z,82.1427,138,ack
20260905T213941Z_p4-chaos-dead,cockroachdb,chaos-dead,thesis-extended,f4e8357c79a5ac7a69f21cf0b607ef79f3c48eec,2026-09-05T21:39:41.634756Z,2026-09-05T21:42:54.961474Z,82.7938,139,ack
20260905T213941Z_p4-chaos-dead,cockroachdb,chaos-dead,thesis-extended,f4e8357c79a5ac7a69f21cf0b607ef79f3c48eec,2026-09-05T21:39:41.634756Z,2026-09-05T21:42:54.961474Z,83.4134,140,ack
20260905T213941Z_p4-chaos-dead,cockroachdb,chaos-dead,thesis-extended,f4e8357c79a5ac7a69f21cf0b607ef79f3c48eec,2026-09-05T21:39:41.634756Z,2026-09-05T21:42:54.961474Z,84.0694,141,ack
20260905T213941Z_p4-chaos-dead,cockroachdb,chaos-dead,thesis-extended,f4e8357c79a5ac7a69f21cf0b607ef79f3c48eec,2026-09-05T21:39:41.634756Z,2026-09-05T21:42:54.961474Z,84.9444,142,ack
20260905T213941Z_p4-chaos-dead,cockroachdb,chaos-dead,thesis-extended,f4e8357c79a5ac7a69f21cf0b607ef79f3c48eec,2026-09-05T21:39:41.634756Z,2026-09-05T21:42:54.961474Z,86.2146,143,ack
20260905T213941Z_p4-chaos-dead,cockroachdb,chaos-dead,thesis-extended,f4e8357c79a5ac7a69f21cf0b607ef79f3c48eec,2026-09-05T21:39:41.634756Z,2026-09-05T21:42:54.961474Z,87.2,144,ack
20260905T213941Z_p4-chaos-dead,cockroachdb,chaos-dead,thesis-extended,f4e8357c79a5ac7a69f21cf0b607ef79f3c48eec,2026-09-05T21:39:41.634756Z,2026-09-05T21:42:54.961474Z,87.7559,145,ack
20260905T213941Z_p4-chaos-dead,cockroachdb,chaos-dead,thesis-extended,f4e8357c79a5ac7a69f21cf0b607ef79f3c48eec,2026-09-05T21:39:41.634756Z,2026-09-05T21:42:54.961474Z,88.2977,146,ack
20260905T213941Z_p4-chaos-dead,cockroachdb,chaos-dead,thesis-extended,f4e8357c79a5ac7a69f21cf0b607ef79f3c48eec,2026-09-05T21:39:41.634756Z,2026-09-05T21:42:54.961474Z,88.8505,147,ack
20260905T213941Z_p4-chaos-dead,cockroachdb,chaos-dead,thesis-extended,f4e8357c79a5ac7a69f21cf0b607ef79f3c48eec,2026-09-05T21:39:41.634756Z,2026-09-05T21:42:54.961474Z,89.5677,148,ack
20260905T213941Z_p4-chaos-dead,cockroachdb,chaos-dead,thesis-extended,f4e8357c79a5ac7a69f21cf0b607ef79f3c48eec,2026-09-05T21:39:41.634756Z,2026-09-05T21:42:54.961474Z,90.2691,149,ack
20260905T213941Z_p4-chaos-dead,cockroachdb,chaos-dead,thesis-extended,f4e8357c79a5ac7a69f21cf0b607ef79f3c48eec,2026-09-05T21:39:41.634756Z,2026-09-05T21:42:54.961474Z,90.9252,150,ack
20260905T213941Z_p4-chaos-dead,cockroachdb,chaos-dead,thesis-extended,f4e8357c79a5ac7a69f21cf0b607ef79f3c48eec,2026-09-05T21:39:41.634756Z,2026-09-05T21:42:54.961474Z,91.5822,151,ack
20260905T213941Z_p4-chaos-dead,cockroachdb,chaos-dead,thesis-extended,f4e8357c79a5ac7a69f21cf0b607ef79f3c48eec,2026-09-05T21:39:41.634756Z,2026-09-05T21:42:54.961474Z,92.1437,152,ack
20260905T213941Z_p4-chaos-dead,cockroachdb,chaos-dead,thesis-extended,f4e8357c79a5ac7a69f21cf0b607ef79f3c48eec,2026-09-05T21:39:41.634756Z,2026-09-05T21:42:54.961474Z,92.7114,153,ack
20260905T213941Z_p4-chaos-dead,cockroachdb,chaos-dead,thesis-extended,f4e8357c79a5ac7a69f21cf0b607ef79f3c48eec,2026-09-05T21:39:41.634756Z,2026-09-05T21:42:54.961474Z,93.3766,154,ack
20260905T213941Z_p4-chaos-dead,cockroachdb,chaos-dead,thesis-extended,f4e8357c79a5ac7a69f21cf0b607ef79f3c48eec,2026-09-05T21:39:41.634756Z,2026-09-05T21:42:54.961474Z,93.9586,155,ack
20260905T213941Z_p4-chaos-dead,cockroachdb,chaos-dead,thesis-extended,f4e8357c79a5ac7a69f21cf0b607ef79f3c48eec,2026-09-05T21:39:41.634756Z,2026-09-05T21:42:54.961474Z,94.5469,156,ack
20260905T213941Z_p4-chaos-dead,cockroachdb,chaos-dead,thesis-extended,f4e8357c79a5ac7a69f21cf0b607ef79f3c48eec,2026-09-05T21:39:41.634756Z,2026-09-05T21:42:54.961474Z,95.1947,157,ack
20260905T213941Z_p4-chaos-dead,cockroachdb,chaos-dead,thesis-extended,f4e8357c79a5ac7a69f21cf0b607ef79f3c48eec,2026-09-05T21:39:41.634756Z,2026-09-05T21:42:54.961474Z,95.8076,158,ack
20260905T213941Z_p4-chaos-dead,cockroachdb,chaos-dead,thesis-extended,f4e8357c79a5ac7a69f21cf0b607ef79f3c48eec,2026-09-05T21:39:41.634756Z,2026-09-05T21:42:54.961474Z,96.5056,159,ack
20260905T213941Z_p4-chaos-dead,cockroachdb,chaos-dead,thesis-extended,f4e8357c79a5ac7a69f21cf0b607ef79f3c48eec,2026-09-05T21:39:41.634756Z,2026-09-05T21:42:54.961474Z,97.1212,160,ack
20260905T213941Z_p4-chaos-dead,cockroachdb,chaos-dead,thesis-extended,f4e8357c79a5ac7a69f21cf0b607ef79f3c48eec,2026-09-05T21:39:41.634756Z,2026-09-05T21:42:54.961474Z,97.8378,161,ack
20260905T213941Z_p4-chaos-dead,cockroachdb,chaos-dead,thesis-extended,f4e8357c79a5ac7a69f21cf0b607ef79f3c48eec,2026-09-05T21:39:41.634756Z,2026-09-05T21:42:54.961474Z,98.5042,162,ack
20260905T213941Z_p4-chaos-dead,cockroachdb,chaos-dead,thesis-extended,f4e8357c79a5ac7a69f21cf0b607ef79f3c48eec,2026-09-05T21:39:41.634756Z,2026-09-05T21:42:54.961474Z,99.1269,163,ack
20260905T213941Z_p4-chaos-dead,cockroachdb,chaos-dead,thesis-extended,f4e8357c79a5ac7a69f21cf0b607ef79f3c48eec,2026-09-05T21:39:41.634756Z,2026-09-05T21:42:54.961474Z,100.0759,164,ack
20260905T213941Z_p4-chaos-dead,cockroachdb,chaos-dead,thesis-extended,f4e8357c79a5ac7a69f21cf0b607ef79f3c48eec,2026-09-05T21:39:41.634756Z,2026-09-05T21:42:54.961474Z,101.3242,165,ack
20260905T213941Z_p4-chaos-dead,cockroachdb,chaos-dead,thesis-extended,f4e8357c79a5ac7a69f21cf0b607ef79f3c48eec,2026-09-05T21:39:41.634756Z,2026-09-05T21:42:54.961474Z,102.4685,166,ack
20260905T213941Z_p4-chaos-dead,cockroachdb,chaos-dead,thesis-extended,f4e8357c79a5ac7a69f21cf0b607ef79f3c48eec,2026-09-05T21:39:41.634756Z,2026-09-05T21:42:54.961474Z,103.1991,167,ack
20260905T213941Z_p4-chaos-dead,cockroachdb,chaos-dead,thesis-extended,f4e8357c79a5ac7a69f21cf0b607ef79f3c48eec,2026-09-05T21:39:41.634756Z,2026-09-05T21:42:54.961474Z,103.9446,168,ack
20260905T213941Z_p4-chaos-dead,cockroachdb,chaos-dead,thesis-extended,f4e8357c79a5ac7a69f21cf0b607ef79f3c48eec,2026-09-05T21:39:41.634756Z,2026-09-05T21:42:54.961474Z,104.9616,169,ack
20260905T213941Z_p4-chaos-dead,cockroachdb,chaos-dead,thesis-extended,f4e8357c79a5ac7a69f21cf0b607ef79f3c48eec,2026-09-05T21:39:41.634756Z,2026-09-05T21:42:54.961474Z,105.653,170,ack
20260905T213941Z_p4-chaos-dead,cockroachdb,chaos-dead,thesis-extended,f4e8357c79a5ac7a69f21cf0b607ef79f3c48eec,2026-09-05T21:39:41.634756Z,2026-09-05T21:42:54.961474Z,106.4629,171,ack
20260905T213941Z_p4-chaos-dead,cockroachdb,chaos-dead,thesis-extended,f4e8357c79a5ac7a69f21cf0b607ef79f3c48eec,2026-09-05T21:39:41.634756Z,2026-09-05T21:42:54.961474Z,107.2023,172,ack
20260905T213941Z_p4-chaos-dead,cockroachdb,chaos-dead,thesis-extended,f4e8357c79a5ac7a69f21cf0b607ef79f3c48eec,2026-09-05T21:39:41.634756Z,2026-09-05T21:42:54.961474Z,107.9745,173,ack
20260905T213941Z_p4-chaos-dead,cockroachdb,chaos-dead,thesis-extended,f4e8357c79a5ac7a69f21cf0b607ef79f3c48eec,2026-09-05T21:39:41.634756Z,2026-09-05T21:42:54.961474Z,108.7741,174,ack
20260905T213941Z_p4-chaos-dead,cockroachdb,chaos-dead,thesis-extended,f4e8357c79a5ac7a69f21cf0b607ef79f3c48eec,2026-09-05T21:39:41.634756Z,2026-09-05T21:42:54.961474Z,109.5878,175,ack
20260905T213941Z_p4-chaos-dead,cockroachdb,chaos-dead,thesis-extended,f4e8357c79a5ac7a69f21cf0b607ef79f3c48eec,2026-09-05T21:39:41.634756Z,2026-09-05T21:42:54.961474Z,110.3616,176,ack
20260905T213941Z_p4-chaos-dead,cockroachdb,chaos-dead,thesis-extended,f4e8357c79a5ac7a69f21cf0b607ef79f3c48eec,2026-09-05T21:39:41.634756Z,2026-09-05T21:42:54.961474Z,111.1239,177,ack
20260905T213941Z_p4-chaos-dead,cockroachdb,chaos-dead,thesis-extended,f4e8357c79a5ac7a69f21cf0b607ef79f3c48eec,2026-09-05T21:39:41.634756Z,2026-09-05T21:42:54.961474Z,111.8871,178,ack
20260905T213941Z_p4-chaos-dead,cockroachdb,chaos-dead,thesis-extended,f4e8357c79a5ac7a69f21cf0b607ef79f3c48eec,2026-09-05T21:39:41.634756Z,2026-09-05T21:42:54.961474Z,112.4948,179,ack
20260905T213941Z_p4-chaos-dead,cockroachdb,chaos-dead,thesis-extended,f4e8357c79a5ac7a69f21cf0b607ef79f3c48eec,2026-09-05T21:39:41.634756Z,2026-09-05T21:42:54.961474Z,113.0752,180,ack
20260905T213941Z_p4-chaos-dead,cockroachdb,chaos-dead,thesis-extended,f4e8357c79a5ac7a69f21cf0b607ef79f3c48eec,2026-09-05T21:39:41.634756Z,2026-09-05T21:42:54.961474Z,113.779,181,ack
20260905T213941Z_p4-chaos-dead,cockroachdb,chaos-dead,thesis-extended,f4e8357c79a5ac7a69f21cf0b607ef79f3c48eec,2026-09-05T21:39:41.634756Z,2026-09-05T21:42:54.961474Z,114.3676,182,ack
20260905T213941Z_p4-chaos-dead,cockroachdb,chaos-dead,thesis-extended,f4e8357c79a5ac7a69f21cf0b607ef79f3c48eec,2026-09-05T21:39:41.634756Z,2026-09-05T21:42:54.961474Z,115.2169,183,ack
20260905T213941Z_p4-chaos-dead,cockroachdb,chaos-dead,thesis-extended,f4e8357c79a5ac7a69f21cf0b607ef79f3c48eec,2026-09-05T21:39:41.634756Z,2026-09-05T21:42:54.961474Z,115.8485,184,ack
20260905T213941Z_p4-chaos-dead,cockroachdb,chaos-dead,thesis-extended,f4e8357c79a5ac7a69f21cf0b607ef79f3c48eec,2026-09-05T21:39:41.634756Z,2026-09-05T21:42:54.961474Z,116.5906,185,ack
20260905T213941Z_p4-chaos-dead,cockroachdb,chaos-dead,thesis-extended,f4e8357c79a5ac7a69f21cf0b607ef79f3c48eec,2026-09-05T21:39:41.634756Z,2026-09-05T21:42:54.961474Z,117.2862,186,ack
20260905T213941Z_p4-chaos-dead,cockroachdb,chaos-dead,thesis-extended,f4e8357c79a5ac7a69f21cf0b607ef79f3c48eec,2026-09-05T21:39:41.634756Z,2026-09-05T21:42:54.961474Z,118.0039,187,ack
20260905T213941Z_p4-chaos-dead,cockroachdb,chaos-dead,thesis-extended,f4e8357c79a5ac7a69f21cf0b607ef79f3c48eec,2026-09-05T21:39:41.634756Z,2026-09-05T21:42:54.961474Z,118.6363,188,ack
20260905T213941Z_p4-chaos-dead,cockroachdb,chaos-dead,thesis-extended,f4e8357c79a5ac7a69f21cf0b607ef79f3c48eec,2026-09-05T21:39:41.634756Z,2026-09-05T21:42:54.961474Z,119.2953,189,ack
20260905T213941Z_p4-chaos-dead,cockroachdb,chaos-dead,thesis-extended,f4e8357c79a5ac7a69f21cf0b607ef79f3c48eec,2026-09-05T21:39:41.634756Z,2026-09-05T21:42:54.961474Z,119.927,190,ack
20260905T213941Z_p4-chaos-dead,cockroachdb,chaos-dead,thesis-extended,f4e8357c79a5ac7a69f21cf0b607ef79f3c48eec,2026-09-05T21:39:41.634756Z,2026-09-05T21:42:54.961474Z,120.6574,191,ack
20260905T213941Z_p4-chaos-dead,cockroachdb,chaos-dead,thesis-extended,f4e8357c79a5ac7a69f21cf0b607ef79f3c48eec,2026-09-05T21:39:41.634756Z,2026-09-05T21:42:54.961474Z,121.2893,192,ack
20260905T213941Z_p4-chaos-dead,cockroachdb,chaos-dead,thesis-extended,f4e8357c79a5ac7a69f21cf0b607ef79f3c48eec,2026-09-05T21:39:41.634756Z,2026-09-05T21:42:54.961474Z,121.874,193,ack
20260905T213941Z_p4-chaos-dead,cockroachdb,chaos-dead,thesis-extended,f4e8357c79a5ac7a69f21cf0b607ef79f3c48eec,2026-09-05T21:39:41.634756Z,2026-09-05T21:42:54.961474Z,122.643,194,ack
20260905T213941Z_p4-chaos-dead,cockroachdb,chaos-dead,thesis-extended,f4e8357c79a5ac7a69f21cf0b607ef79f3c48eec,2026-09-05T21:39:41.634756Z,2026-09-05T21:42:54.961474Z,123.1818,195,ack
20260905T213941Z_p4-chaos-dead,cockroachdb,chaos-dead,thesis-extended,f4e8357c79a5ac7a69f21cf0b607ef79f3c48eec,2026-09-05T21:39:41.634756Z,2026-09-05T21:42:54.961474Z,123.7543,196,ack
20260905T213941Z_p4-chaos-dead,cockroachdb,chaos-dead,thesis-extended,f4e8357c79a5ac7a69f21cf0b607ef79f3c48eec,2026-09-05T21:39:41.634756Z,2026-09-05T21:42:54.961474Z,124.3651,197,ack
20260905T213941Z_p4-chaos-dead,cockroachdb,chaos-dead,thesis-extended,f4e8357c79a5ac7a69f21cf0b607ef79f3c48eec,2026-09-05T21:39:41.634756Z,2026-09-05T21:42:54.961474Z,124.9948,198,ack
20260905T213941Z_p4-chaos-dead,cockroachdb,chaos-dead,thesis-extended,f4e8357c79a5ac7a69f21cf0b607ef79f3c48eec,2026-09-05T21:39:41.634756Z,2026-09-05T21:42:54.961474Z,125.5723,199,ack
20260905T213941Z_p4-chaos-dead,cockroachdb,chaos-dead,thesis-extended,f4e8357c79a5ac7a69f21cf0b607ef79f3c48eec,2026-09-05T21:39:41.634756Z,2026-09-05T21:42:54.961474Z,126.1629,200,ack
20260905T213941Z_p4-chaos-dead,cockroachdb,chaos-dead,thesis-extended,f4e8357c79a5ac7a69f21cf0b607ef79f3c48eec,2026-09-05T21:39:41.634756Z,2026-09-05T21:42:54.961474Z,126.7229,201,ack
20260905T213941Z_p4-chaos-dead,cockroachdb,chaos-dead,thesis-extended,f4e8357c79a5ac7a69f21cf0b607ef79f3c48eec,2026-09-05T21:39:41.634756Z,2026-09-05T21:42:54.961474Z,127.3715,202,ack
20260905T213941Z_p4-chaos-dead,cockroachdb,chaos-dead,thesis-extended,f4e8357c79a5ac7a69f21cf0b607ef79f3c48eec,2026-09-05T21:39:41.634756Z,2026-09-05T21:42:54.961474Z,127.9664,203,ack
20260905T213941Z_p4-chaos-dead,cockroachdb,chaos-dead,thesis-extended,f4e8357c79a5ac7a69f21cf0b607ef79f3c48eec,2026-09-05T21:39:41.634756Z,2026-09-05T21:42:54.961474Z,128.6212,204,ack
20260905T213941Z_p4-chaos-dead,cockroachdb,chaos-dead,thesis-extended,f4e8357c79a5ac7a69f21cf0b607ef79f3c48eec,2026-09-05T21:39:41.634756Z,2026-09-05T21:42:54.961474Z,129.2685,205,ack
20260905T213941Z_p4-chaos-dead,cockroachdb,chaos-dead,thesis-extended,f4e8357c79a5ac7a69f21cf0b607ef79f3c48eec,2026-09-05T21:39:41.634756Z,2026-09-05T21:42:54.961474Z,129.8489,206,ack
20260905T213941Z_p4-chaos-dead,cockroachdb,chaos-dead,thesis-extended,f4e8357c79a5ac7a69f21cf0b607ef79f3c48eec,2026-09-05T21:39:41.634756Z,2026-09-05T21:42:54.961474Z,130.4379,207,ack
20260905T213941Z_p4-chaos-dead,cockroachdb,chaos-dead,thesis-extended,f4e8357c79a5ac7a69f21cf0b607ef79f3c48eec,2026-09-05T21:39:41.634756Z,2026-09-05T21:42:54.961474Z,131.0735,208,ack
20260905T213941Z_p4-chaos-dead,cockroachdb,chaos-dead,thesis-extended,f4e8357c79a5ac7a69f21cf0b607ef79f3c48eec,2026-09-05T21:39:41.634756Z,2026-09-05T21:42:54.961474Z,131.6742,209,ack
20260905T213941Z_p4-chaos-dead,cockroachdb,chaos-dead,thesis-extended,f4e8357c79a5ac7a69f21cf0b607ef79f3c48eec,2026-09-05T21:39:41.634756Z,2026-09-05T21:42:54.961474Z,132.2805,210,ack
20260905T213941Z_p4-chaos-dead,cockroachdb,chaos-dead,thesis-extended,f4e8357c79a5ac7a69f21cf0b607ef79f3c48eec,2026-09-05T21:39:41.634756Z,2026-09-05T21:42:54.961474Z,133.0139,211,ack
20260905T213941Z_p4-chaos-dead,cockroachdb,chaos-dead,thesis-extended,f4e8357c79a5ac7a69f21cf0b607ef79f3c48eec,2026-09-05T21:39:41.634756Z,2026-09-05T21:42:54.961474Z,133.819,212,ack
20260905T213941Z_p4-chaos-dead,cockroachdb,chaos-dead,thesis-extended,f4e8357c79a5ac7a69f21cf0b607ef79f3c48eec,2026-09-05T21:39:41.634756Z,2026-09-05T21:42:54.961474Z,134.4395,213,ack
20260905T213941Z_p4-chaos-dead,cockroachdb,chaos-dead,thesis-extended,f4e8357c79a5ac7a69f21cf0b607ef79f3c48eec,2026-09-05T21:39:41.634756Z,2026-09-05T21:42:54.961474Z,135.0247,214,ack
20260905T213941Z_p4-chaos-dead,cockroachdb,chaos-dead,thesis-extended,f4e8357c79a5ac7a69f21cf0b607ef79f3c48eec,2026-09-05T21:39:41.634756Z,2026-09-05T21:42:54.961474Z,135.6665,215,ack
20260905T213941Z_p4-chaos-dead,cockroachdb,chaos-dead,thesis-extended,f4e8357c79a5ac7a69f21cf0b607ef79f3c48eec,2026-09-05T21:39:41.634756Z,2026-09-05T21:42:54.961474Z,136.1846,216,ack
20260905T213941Z_p4-chaos-dead,cockroachdb,chaos-dead,thesis-extended,f4e8357c79a5ac7a69f21cf0b607ef79f3c48eec,2026-09-05T21:39:41.634756Z,2026-09-05T21:42:54.961474Z,136.7616,217,ack
20260905T213941Z_p4-chaos-dead,cockroachdb,chaos-dead,thesis-extended,f4e8357c79a5ac7a69f21cf0b607ef79f3c48eec,2026-09-05T21:39:41.634756Z,2026-09-05T21:42:54.961474Z,137.3967,218,ack
20260905T213941Z_p4-chaos-dead,cockroachdb,chaos-dead,thesis-extended,f4e8357c79a5ac7a69f21cf0b607ef79f3c48eec,2026-09-05T21:39:41.634756Z,2026-09-05T21:42:54.961474Z,138.0129,219,ack
20260905T213941Z_p4-chaos-dead,cockroachdb,chaos-dead,thesis-extended,f4e8357c79a5ac7a69f21cf0b607ef79f3c48eec,2026-09-05T21:39:41.634756Z,2026-09-05T21:42:54.961474Z,138.8171,220,ack
20260905T213941Z_p4-chaos-dead,cockroachdb,chaos-dead,thesis-extended,f4e8357c79a5ac7a69f21cf0b607ef79f3c48eec,2026-09-05T21:39:41.634756Z,2026-09-05T21:42:54.961474Z,139.4432,221,ack
20260905T213941Z_p4-chaos-dead,cockroachdb,chaos-dead,thesis-extended,f4e8357c79a5ac7a69f21cf0b607ef79f3c48eec,2026-09-05T21:39:41.634756Z,2026-09-05T21:42:54.961474Z,140.0634,222,ack
20260905T213941Z_p4-chaos-dead,cockroachdb,chaos-dead,thesis-extended,f4e8357c79a5ac7a69f21cf0b607ef79f3c48eec,2026-09-05T21:39:41.634756Z,2026-09-05T21:42:54.961474Z,140.7573,223,ack
20260905T213941Z_p4-chaos-dead,cockroachdb,chaos-dead,thesis-extended,f4e8357c79a5ac7a69f21cf0b607ef79f3c48eec,2026-09-05T21:39:41.634756Z,2026-09-05T21:42:54.961474Z,141.5243,224,ack
20260905T213941Z_p4-chaos-dead,cockroachdb,chaos-dead,thesis-extended,f4e8357c79a5ac7a69f21cf0b607ef79f3c48eec,2026-09-05T21:39:41.634756Z,2026-09-05T21:42:54.961474Z,142.2146,225,ack
20260905T213941Z_p4-chaos-dead,cockroachdb,chaos-dead,thesis-extended,f4e8357c79a5ac7a69f21cf0b607ef79f3c48eec,2026-09-05T21:39:41.634756Z,2026-09-05T21:42:54.961474Z,142.8518,226,ack
20260905T213941Z_p4-chaos-dead,cockroachdb,chaos-dead,thesis-extended,f4e8357c79a5ac7a69f21cf0b607ef79f3c48eec,2026-09-05T21:39:41.634756Z,2026-09-05T21:42:54.961474Z,143.4963,227,ack
20260905T213941Z_p4-chaos-dead,cockroachdb,chaos-dead,thesis-extended,f4e8357c79a5ac7a69f21cf0b607ef79f3c48eec,2026-09-05T21:39:41.634756Z,2026-09-05T21:42:54.961474Z,144.0877,228,ack
20260905T213941Z_p4-chaos-dead,cockroachdb,chaos-dead,thesis-extended,f4e8357c79a5ac7a69f21cf0b607ef79f3c48eec,2026-09-05T21:39:41.634756Z,2026-09-05T21:42:54.961474Z,144.6861,229,ack
20260905T213941Z_p4-chaos-dead,cockroachdb,chaos-dead,thesis-extended,f4e8357c79a5ac7a69f21cf0b607ef79f3c48eec,2026-09-05T21:39:41.634756Z,2026-09-05T21:42:54.961474Z,145.3922,230,ack
20260905T213941Z_p4-chaos-dead,cockroachdb,chaos-dead,thesis-extended,f4e8357c79a5ac7a69f21cf0b607ef79f3c48eec,2026-09-05T21:39:41.634756Z,2026-09-05T21:42:54.961474Z,146.0381,231,ack
20260905T213941Z_p4-chaos-dead,cockroachdb,chaos-dead,thesis-extended,f4e8357c79a5ac7a69f21cf0b607ef79f3c48eec,2026-09-05T21:39:41.634756Z,2026-09-05T21:42:54.961474Z,146.5406,232,ack
20260905T213941Z_p4-chaos-dead,cockroachdb,chaos-dead,thesis-extended,f4e8357c79a5ac7a69f21cf0b607ef79f3c48eec,2026-09-05T21:39:41.634756Z,2026-09-05T21:42:54.961474Z,147.4095,233,ack
20260905T213941Z_p4-chaos-dead,cockroachdb,chaos-dead,thesis-extended,f4e8357c79a5ac7a69f21cf0b607ef79f3c48eec,2026-09-05T21:39:41.634756Z,2026-09-05T21:42:54.961474Z,147.9619,234,ack
20260905T213941Z_p4-chaos-dead,cockroachdb,chaos-dead,thesis-extended,f4e8357c79a5ac7a69f21cf0b607ef79f3c48eec,2026-09-05T21:39:41.634756Z,2026-09-05T21:42:54.961474Z,148.5007,235,ack
20260905T213941Z_p4-chaos-dead,cockroachdb,chaos-dead,thesis-extended,f4e8357c79a5ac7a69f21cf0b607ef79f3c48eec,2026-09-05T21:39:41.634756Z,2026-09-05T21:42:54.961474Z,149.1861,236,ack
20260905T213941Z_p4-chaos-dead,cockroachdb,chaos-dead,thesis-extended,f4e8357c79a5ac7a69f21cf0b607ef79f3c48eec,2026-09-05T21:39:41.634756Z,2026-09-05T21:42:54.961474Z,149.9037,237,ack
20260905T213941Z_p4-chaos-dead,cockroachdb,chaos-dead,thesis-extended,f4e8357c79a5ac7a69f21cf0b607ef79f3c48eec,2026-09-05T21:39:41.634756Z,2026-09-05T21:42:54.961474Z,150.5109,238,ack
20260905T213941Z_p4-chaos-dead,cockroachdb,chaos-dead,thesis-extended,f4e8357c79a5ac7a69f21cf0b607ef79f3c48eec,2026-09-05T21:39:41.634756Z,2026-09-05T21:42:54.961474Z,151.0925,239,ack
20260905T213941Z_p4-chaos-dead,cockroachdb,chaos-dead,thesis-extended,f4e8357c79a5ac7a69f21cf0b607ef79f3c48eec,2026-09-05T21:39:41.634756Z,2026-09-05T21:42:54.961474Z,151.6943,240,ack
20260905T213941Z_p4-chaos-dead,cockroachdb,chaos-dead,thesis-extended,f4e8357c79a5ac7a69f21cf0b607ef79f3c48eec,2026-09-05T21:39:41.634756Z,2026-09-05T21:42:54.961474Z,152.2689,241,ack
20260905T213941Z_p4-chaos-dead,cockroachdb,chaos-dead,thesis-extended,f4e8357c79a5ac7a69f21cf0b607ef79f3c48eec,2026-09-05T21:39:41.634756Z,2026-09-05T21:42:54.961474Z,152.8766,242,ack
20260905T213941Z_p4-chaos-dead,cockroachdb,chaos-dead,thesis-extended,f4e8357c79a5ac7a69f21cf0b607ef79f3c48eec,2026-09-05T21:39:41.634756Z,2026-09-05T21:42:54.961474Z,154.2869,243,ack
20260905T213941Z_p4-chaos-dead,cockroachdb,chaos-dead,thesis-extended,f4e8357c79a5ac7a69f21cf0b607ef79f3c48eec,2026-09-05T21:39:41.634756Z,2026-09-05T21:42:54.961474Z,154.7933,244,ack
20260905T213941Z_p4-chaos-dead,cockroachdb,chaos-dead,thesis-extended,f4e8357c79a5ac7a69f21cf0b607ef79f3c48eec,2026-09-05T21:39:41.634756Z,2026-09-05T21:42:54.961474Z,155.4229,245,ack
20260905T213941Z_p4-chaos-dead,cockroachdb,chaos-dead,thesis-extended,f4e8357c79a5ac7a69f21cf0b607ef79f3c48eec,2026-09-05T21:39:41.634756Z,2026-09-05T21:42:54.961474Z,155.9766,246,ack
20260905T213941Z_p4-chaos-dead,cockroachdb,chaos-dead,thesis-extended,f4e8357c79a5ac7a69f21cf0b607ef79f3c48eec,2026-09-05T21:39:41.634756Z,2026-09-05T21:42:54.961474Z,156.5481,247,ack
20260905T213941Z_p4-chaos-dead,cockroachdb,chaos-dead,thesis-extended,f4e8357c79a5ac7a69f21cf0b607ef79f3c48eec,2026-09-05T21:39:41.634756Z,2026-09-05T21:42:54.961474Z,157.1501,248,ack
20260905T213941Z_p4-chaos-dead,cockroachdb,chaos-dead,thesis-extended,f4e8357c79a5ac7a69f21cf0b607ef79f3c48eec,2026-09-05T21:39:41.634756Z,2026-09-05T21:42:54.961474Z,157.6951,249,ack
20260905T213941Z_p4-chaos-dead,cockroachdb,chaos-dead,thesis-extended,f4e8357c79a5ac7a69f21cf0b607ef79f3c48eec,2026-09-05T21:39:41.634756Z,2026-09-05T21:42:54.961474Z,158.3063,250,ack
20260905T213941Z_p4-chaos-dead,cockroachdb,chaos-dead,thesis-extended,f4e8357c79a5ac7a69f21cf0b607ef79f3c48eec,2026-09-05T21:39:41.634756Z,2026-09-05T21:42:54.961474Z,158.8936,251,ack
20260905T213941Z_p4-chaos-dead,cockroachdb,chaos-dead,thesis-extended,f4e8357c79a5ac7a69f21cf0b607ef79f3c48eec,2026-09-05T21:39:41.634756Z,2026-09-05T21:42:54.961474Z,159.4195,252,ack
20260905T213941Z_p4-chaos-dead,cockroachdb,chaos-dead,thesis-extended,f4e8357c79a5ac7a69f21cf0b607ef79f3c48eec,2026-09-05T21:39:41.634756Z,2026-09-05T21:42:54.961474Z,160.0555,253,ack
20260905T213941Z_p4-chaos-dead,cockroachdb,chaos-dead,thesis-extended,f4e8357c79a5ac7a69f21cf0b607ef79f3c48eec,2026-09-05T21:39:41.634756Z,2026-09-05T21:42:54.961474Z,160.6473,254,ack
20260905T213941Z_p4-chaos-dead,cockroachdb,chaos-dead,thesis-extended,f4e8357c79a5ac7a69f21cf0b607ef79f3c48eec,2026-09-05T21:39:41.634756Z,2026-09-05T21:42:54.961474Z,161.1704,255,ack
20260905T213941Z_p4-chaos-dead,cockroachdb,chaos-dead,thesis-extended,f4e8357c79a5ac7a69f21cf0b607ef79f3c48eec,2026-09-05T21:39:41.634756Z,2026-09-05T21:42:54.961474Z,161.742,256,ack
20260905T213941Z_p4-chaos-dead,cockroachdb,chaos-dead,thesis-extended,f4e8357c79a5ac7a69f21cf0b607ef79f3c48eec,2026-09-05T21:39:41.634756Z,2026-09-05T21:42:54.961474Z,162.2736,257,ack
20260905T213941Z_p4-chaos-dead,cockroachdb,chaos-dead,thesis-extended,f4e8357c79a5ac7a69f21cf0b607ef79f3c48eec,2026-09-05T21:39:41.634756Z,2026-09-05T21:42:54.961474Z,162.8089,258,ack
20260905T213941Z_p4-chaos-dead,cockroachdb,chaos-dead,thesis-extended,f4e8357c79a5ac7a69f21cf0b607ef79f3c48eec,2026-09-05T21:39:41.634756Z,2026-09-05T21:42:54.961474Z,163.4043,259,ack
20260905T213941Z_p4-chaos-dead,cockroachdb,chaos-dead,thesis-extended,f4e8357c79a5ac7a69f21cf0b607ef79f3c48eec,2026-09-05T21:39:41.634756Z,2026-09-05T21:42:54.961474Z,163.9577,260,ack
20260905T213941Z_p4-chaos-dead,cockroachdb,chaos-dead,thesis-extended,f4e8357c79a5ac7a69f21cf0b607ef79f3c48eec,2026-09-05T21:39:41.634756Z,2026-09-05T21:42:54.961474Z,164.6202,261,ack
20260905T213941Z_p4-chaos-dead,cockroachdb,chaos-dead,thesis-extended,f4e8357c79a5ac7a69f21cf0b607ef79f3c48eec,2026-09-05T21:39:41.634756Z,2026-09-05T21:42:54.961474Z,165.156,262,ack
20260905T213941Z_p4-chaos-dead,cockroachdb,chaos-dead,thesis-extended,f4e8357c79a5ac7a69f21cf0b607ef79f3c48eec,2026-09-05T21:39:41.634756Z,2026-09-05T21:42:54.961474Z,165.743,263,ack
20260905T213941Z_p4-chaos-dead,cockroachdb,chaos-dead,thesis-extended,f4e8357c79a5ac7a69f21cf0b607ef79f3c48eec,2026-09-05T21:39:41.634756Z,2026-09-05T21:42:54.961474Z,166.3301,264,ack
20260905T213941Z_p4-chaos-dead,cockroachdb,chaos-dead,thesis-extended,f4e8357c79a5ac7a69f21cf0b607ef79f3c48eec,2026-09-05T21:39:41.634756Z,2026-09-05T21:42:54.961474Z,166.9184,265,ack
20260905T213941Z_p4-chaos-dead,cockroachdb,chaos-dead,thesis-extended,f4e8357c79a5ac7a69f21cf0b607ef79f3c48eec,2026-09-05T21:39:41.634756Z,2026-09-05T21:42:54.961474Z,167.4994,266,ack
20260905T213941Z_p4-chaos-dead,cockroachdb,chaos-dead,thesis-extended,f4e8357c79a5ac7a69f21cf0b607ef79f3c48eec,2026-09-05T21:39:41.634756Z,2026-09-05T21:42:54.961474Z,168.1063,267,ack
20260905T213941Z_p4-chaos-dead,cockroachdb,chaos-dead,thesis-extended,f4e8357c79a5ac7a69f21cf0b607ef79f3c48eec,2026-09-05T21:39:41.634756Z,2026-09-05T21:42:54.961474Z,168.7923,268,ack
20260905T213941Z_p4-chaos-dead,cockroachdb,chaos-dead,thesis-extended,f4e8357c79a5ac7a69f21cf0b607ef79f3c48eec,2026-09-05T21:39:41.634756Z,2026-09-05T21:42:54.961474Z,169.434,269,ack
20260905T213941Z_p4-chaos-dead,cockroachdb,chaos-dead,thesis-extended,f4e8357c79a5ac7a69f21cf0b607ef79f3c48eec,2026-09-05T21:39:41.634756Z,2026-09-05T21:42:54.961474Z,170.0069,270,ack
20260905T213941Z_p4-chaos-dead,cockroachdb,chaos-dead,thesis-extended,f4e8357c79a5ac7a69f21cf0b607ef79f3c48eec,2026-09-05T21:39:41.634756Z,2026-09-05T21:42:54.961474Z,170.5946,271,ack
20260905T213941Z_p4-chaos-dead,cockroachdb,chaos-dead,thesis-extended,f4e8357c79a5ac7a69f21cf0b607ef79f3c48eec,2026-09-05T21:39:41.634756Z,2026-09-05T21:42:54.961474Z,171.2451,272,ack
20260905T213941Z_p4-chaos-dead,cockroachdb,chaos-dead,thesis-extended,f4e8357c79a5ac7a69f21cf0b607ef79f3c48eec,2026-09-05T21:39:41.634756Z,2026-09-05T21:42:54.961474Z,171.9634,273,ack
20260905T213941Z_p4-chaos-dead,cockroachdb,chaos-dead,thesis-extended,f4e8357c79a5ac7a69f21cf0b607ef79f3c48eec,2026-09-05T21:39:41.634756Z,2026-09-05T21:42:54.961474Z,172.5711,274,ack
20260905T213941Z_p4-chaos-dead,cockroachdb,chaos-dead,thesis-extended,f4e8357c79a5ac7a69f21cf0b607ef79f3c48eec,2026-09-05T21:39:41.634756Z,2026-09-05T21:42:54.961474Z,173.2537,275,ack
20260905T213941Z_p4-chaos-dead,cockroachdb,chaos-dead,thesis-extended,f4e8357c79a5ac7a69f21cf0b607ef79f3c48eec,2026-09-05T21:39:41.634756Z,2026-09-05T21:42:54.961474Z,173.8402,276,ack
20260905T213941Z_p4-chaos-dead,cockroachdb,chaos-dead,thesis-extended,f4e8357c79a5ac7a69f21cf0b607ef79f3c48eec,2026-09-05T21:39:41.634756Z,2026-09-05T21:42:54.961474Z,174.4454,277,ack
20260905T213941Z_p4-chaos-dead,cockroachdb,chaos-dead,thesis-extended,f4e8357c79a5ac7a69f21cf0b607ef79f3c48eec,2026-09-05T21:39:41.634756Z,2026-09-05T21:42:54.961474Z,175.0859,278,ack
20260905T213941Z_p4-chaos-dead,cockroachdb,chaos-dead,thesis-extended,f4e8357c79a5ac7a69f21cf0b607ef79f3c48eec,2026-09-05T21:39:41.634756Z,2026-09-05T21:42:54.961474Z,175.6065,279,ack
20260905T213941Z_p4-chaos-dead,cockroachdb,chaos-dead,thesis-extended,f4e8357c79a5ac7a69f21cf0b607ef79f3c48eec,2026-09-05T21:39:41.634756Z,2026-09-05T21:42:54.961474Z,176.1781,280,ack
20260905T213941Z_p4-chaos-dead,cockroachdb,chaos-dead,thesis-extended,f4e8357c79a5ac7a69f21cf0b607ef79f3c48eec,2026-09-05T21:39:41.634756Z,2026-09-05T21:42:54.961474Z,176.796,281,ack
20260905T213941Z_p4-chaos-dead,cockroachdb,chaos-dead,thesis-extended,f4e8357c79a5ac7a69f21cf0b607ef79f3c48eec,2026-09-05T21:39:41.634756Z,2026-09-05T21:42:54.961474Z,177.4588,282,ack
20260905T213941Z_p4-chaos-dead,cockroachdb,chaos-dead,thesis-extended,f4e8357c79a5ac7a69f21cf0b607ef79f3c48eec,2026-09-05T21:39:41.634756Z,2026-09-05T21:42:54.961474Z,178.0386,283,ack
20260905T213941Z_p4-chaos-dead,cockroachdb,chaos-dead,thesis-extended,f4e8357c79a5ac7a69f21cf0b607ef79f3c48eec,2026-09-05T21:39:41.634756Z,2026-09-05T21:42:54.961474Z,178.6111,284,ack
20260905T213941Z_p4-chaos-dead,cockroachdb,chaos-dead,thesis-extended,f4e8357c79a5ac7a69f21cf0b607ef79f3c48eec,2026-09-05T21:39:41.634756Z,2026-09-05T21:42:54.961474Z,179.2485,285,ack
20260905T213941Z_p4-chaos-dead,cockroachdb,chaos-dead,thesis-extended,f4e8357c79a5ac7a69f21cf0b607ef79f3c48eec,2026-09-05T21:39:41.634756Z,2026-09-05T21:42:54.961474Z,179.796,286,ack
20260905T213941Z_p4-chaos-dead,cockroachdb,chaos-dead,thesis-extended,f4e8357c79a5ac7a69f21cf0b607ef79f3c48eec,2026-09-05T21:39:41.634756Z,2026-09-05T21:42:54.961474Z,180.5187,287,ack
20260905T213941Z_p4-chaos-dead,cockroachdb,chaos-dead,thesis-extended,f4e8357c79a5ac7a69f21cf0b607ef79f3c48eec,2026-09-05T21:39:41.634756Z,2026-09-05T21:42:54.961474Z,181.2402,288,ack
20260905T213941Z_p4-chaos-dead,cockroachdb,chaos-dead,thesis-extended,f4e8357c79a5ac7a69f21cf0b607ef79f3c48eec,2026-09-05T21:39:41.634756Z,2026-09-05T21:42:54.961474Z,181.8125,289,ack
20260905T213941Z_p4-chaos-dead,cockroachdb,chaos-dead,thesis-extended,f4e8357c79a5ac7a69f21cf0b607ef79f3c48eec,2026-09-05T21:39:41.634756Z,2026-09-05T21:42:54.961474Z,182.3249,290,ack
20260905T213941Z_p4-chaos-dead,cockroachdb,chaos-dead,thesis-extended,f4e8357c79a5ac7a69f21cf0b607ef79f3c48eec,2026-09-05T21:39:41.634756Z,2026-09-05T21:42:54.961474Z,182.915,291,ack
20260905T213941Z_p4-chaos-dead,cockroachdb,chaos-dead,thesis-extended,f4e8357c79a5ac7a69f21cf0b607ef79f3c48eec,2026-09-05T21:39:41.634756Z,2026-09-05T21:42:54.961474Z,183.5112,292,ack
20260905T213941Z_p4-chaos-dead,cockroachdb,chaos-dead,thesis-extended,f4e8357c79a5ac7a69f21cf0b607ef79f3c48eec,2026-09-05T21:39:41.634756Z,2026-09-05T21:42:54.961474Z,184.1273,293,ack
20260905T213941Z_p4-chaos-dead,cockroachdb,chaos-dead,thesis-extended,f4e8357c79a5ac7a69f21cf0b607ef79f3c48eec,2026-09-05T21:39:41.634756Z,2026-09-05T21:42:54.961474Z,184.7357,294,ack
20260905T213941Z_p4-chaos-dead,cockroachdb,chaos-dead,thesis-extended,f4e8357c79a5ac7a69f21cf0b607ef79f3c48eec,2026-09-05T21:39:41.634756Z,2026-09-05T21:42:54.961474Z,185.2454,295,ack
20260905T213941Z_p4-chaos-dead,cockroachdb,chaos-dead,thesis-extended,f4e8357c79a5ac7a69f21cf0b607ef79f3c48eec,2026-09-05T21:39:41.634756Z,2026-09-05T21:42:54.961474Z,185.857,296,ack
20260907T172312Z_p4-chaos-dead,cockroachdb,chaos-dead,thesis,01ff85c294945c8138a8326bbe68c7055b3604d1,2026-09-07T17:23:12.645992Z,2026-09-07T17:30:52.495352Z,1.1548,1,ack
20260907T172312Z_p4-chaos-dead,cockroachdb,chaos-dead,thesis,01ff85c294945c8138a8326bbe68c7055b3604d1,2026-09-07T17:23:12.645992Z,2026-09-07T17:30:52.495352Z,1.5066,2,ack
20260907T172312Z_p4-chaos-dead,cockroachdb,chaos-dead,thesis,01ff85c294945c8138a8326bbe68c7055b3604d1,2026-09-07T17:23:12.645992Z,2026-09-07T17:30:52.495352Z,1.883,3,ack
20260907T172312Z_p4-chaos-dead,cockroachdb,chaos-dead,thesis,01ff85c294945c8138a8326bbe68c7055b3604d1,2026-09-07T17:23:12.645992Z,2026-09-07T17:30:52.495352Z,2.2375,4,ack
20260907T172312Z_p4-chaos-dead,cockroachdb,chaos-dead,thesis,01ff85c294945c8138a8326bbe68c7055b3604d1,2026-09-07T17:23:12.645992Z,2026-09-07T17:30:52.495352Z,2.6018,5,ack
20260907T172312Z_p4-chaos-dead,cockroachdb,chaos-dead,thesis,01ff85c294945c8138a8326bbe68c7055b3604d1,2026-09-07T17:23:12.645992Z,2026-09-07T17:30:52.495352Z,3.2134,6,ack
20260907T172312Z_p4-chaos-dead,cockroachdb,chaos-dead,thesis,01ff85c294945c8138a8326bbe68c7055b3604d1,2026-09-07T17:23:12.645992Z,2026-09-07T17:30:52.495352Z,3.583,7,ack
20260907T172312Z_p4-chaos-dead,cockroachdb,chaos-dead,thesis,01ff85c294945c8138a8326bbe68c7055b3604d1,2026-09-07T17:23:12.645992Z,2026-09-07T17:30:52.495352Z,3.9374,8,ack
20260907T172312Z_p4-chaos-dead,cockroachdb,chaos-dead,thesis,01ff85c294945c8138a8326bbe68c7055b3604d1,2026-09-07T17:23:12.645992Z,2026-09-07T17:30:52.495352Z,4.3079,9,ack
20260907T172312Z_p4-chaos-dead,cockroachdb,chaos-dead,thesis,01ff85c294945c8138a8326bbe68c7055b3604d1,2026-09-07T17:23:12.645992Z,2026-09-07T17:30:52.495352Z,4.6742,10,ack
20260907T172312Z_p4-chaos-dead,cockroachdb,chaos-dead,thesis,01ff85c294945c8138a8326bbe68c7055b3604d1,2026-09-07T17:23:12.645992Z,2026-09-07T17:30:52.495352Z,5.0429,11,ack
20260907T172312Z_p4-chaos-dead,cockroachdb,chaos-dead,thesis,01ff85c294945c8138a8326bbe68c7055b3604d1,2026-09-07T17:23:12.645992Z,2026-09-07T17:30:52.495352Z,5.4015,12,ack
20260907T172312Z_p4-chaos-dead,cockroachdb,chaos-dead,thesis,01ff85c294945c8138a8326bbe68c7055b3604d1,2026-09-07T17:23:12.645992Z,2026-09-07T17:30:52.495352Z,5.777,13,ack
20260907T172312Z_p4-chaos-dead,cockroachdb,chaos-dead,thesis,01ff85c294945c8138a8326bbe68c7055b3604d1,2026-09-07T17:23:12.645992Z,2026-09-07T17:30:52.495352Z,6.1426,14,ack
20260907T172312Z_p4-chaos-dead,cockroachdb,chaos-dead,thesis,01ff85c294945c8138a8326bbe68c7055b3604d1,2026-09-07T17:23:12.645992Z,2026-09-07T17:30:52.495352Z,6.5018,15,ack
20260907T172312Z_p4-chaos-dead,cockroachdb,chaos-dead,thesis,01ff85c294945c8138a8326bbe68c7055b3604d1,2026-09-07T17:23:12.645992Z,2026-09-07T17:30:52.495352Z,6.8581,16,ack
20260907T172312Z_p4-chaos-dead,cockroachdb,chaos-dead,thesis,01ff85c294945c8138a8326bbe68c7055b3604d1,2026-09-07T17:23:12.645992Z,2026-09-07T17:30:52.495352Z,7.2165,17,ack
20260907T172312Z_p4-chaos-dead,cockroachdb,chaos-dead,thesis,01ff85c294945c8138a8326bbe68c7055b3604d1,2026-09-07T17:23:12.645992Z,2026-09-07T17:30:52.495352Z,7.5786,18,ack
20260907T172312Z_p4-chaos-dead,cockroachdb,chaos-dead,thesis,01ff85c294945c8138a8326bbe68c7055b3604d1,2026-09-07T17:23:12.645992Z,2026-09-07T17:30:52.495352Z,7.9431,19,ack
20260907T172312Z_p4-chaos-dead,cockroachdb,chaos-dead,thesis,01ff85c294945c8138a8326bbe68c7055b3604d1,2026-09-07T17:23:12.645992Z,2026-09-07T17:30:52.495352Z,8.3072,20,ack
20260907T172312Z_p4-chaos-dead,cockroachdb,chaos-dead,thesis,01ff85c294945c8138a8326bbe68c7055b3604d1,2026-09-07T17:23:12.645992Z,2026-09-07T17:30:52.495352Z,8.7001,21,ack
20260907T172312Z_p4-chaos-dead,cockroachdb,chaos-dead,thesis,01ff85c294945c8138a8326bbe68c7055b3604d1,2026-09-07T17:23:12.645992Z,2026-09-07T17:30:52.495352Z,9.0565,22,ack
20260907T172312Z_p4-chaos-dead,cockroachdb,chaos-dead,thesis,01ff85c294945c8138a8326bbe68c7055b3604d1,2026-09-07T17:23:12.645992Z,2026-09-07T17:30:52.495352Z,9.4117,23,ack
20260907T172312Z_p4-chaos-dead,cockroachdb,chaos-dead,thesis,01ff85c294945c8138a8326bbe68c7055b3604d1,2026-09-07T17:23:12.645992Z,2026-09-07T17:30:52.495352Z,9.8035,24,ack
20260907T172312Z_p4-chaos-dead,cockroachdb,chaos-dead,thesis,01ff85c294945c8138a8326bbe68c7055b3604d1,2026-09-07T17:23:12.645992Z,2026-09-07T17:30:52.495352Z,10.1724,25,ack
20260907T172312Z_p4-chaos-dead,cockroachdb,chaos-dead,thesis,01ff85c294945c8138a8326bbe68c7055b3604d1,2026-09-07T17:23:12.645992Z,2026-09-07T17:30:52.495352Z,10.537,26,ack
20260907T172312Z_p4-chaos-dead,cockroachdb,chaos-dead,thesis,01ff85c294945c8138a8326bbe68c7055b3604d1,2026-09-07T17:23:12.645992Z,2026-09-07T17:30:52.495352Z,10.9037,27,ack
20260907T172312Z_p4-chaos-dead,cockroachdb,chaos-dead,thesis,01ff85c294945c8138a8326bbe68c7055b3604d1,2026-09-07T17:23:12.645992Z,2026-09-07T17:30:52.495352Z,11.2735,28,ack
20260907T172312Z_p4-chaos-dead,cockroachdb,chaos-dead,thesis,01ff85c294945c8138a8326bbe68c7055b3604d1,2026-09-07T17:23:12.645992Z,2026-09-07T17:30:52.495352Z,11.62,29,ack
20260907T172312Z_p4-chaos-dead,cockroachdb,chaos-dead,thesis,01ff85c294945c8138a8326bbe68c7055b3604d1,2026-09-07T17:23:12.645992Z,2026-09-07T17:30:52.495352Z,11.9768,30,ack
20260907T172312Z_p4-chaos-dead,cockroachdb,chaos-dead,thesis,01ff85c294945c8138a8326bbe68c7055b3604d1,2026-09-07T17:23:12.645992Z,2026-09-07T17:30:52.495352Z,12.3422,31,ack
20260907T172312Z_p4-chaos-dead,cockroachdb,chaos-dead,thesis,01ff85c294945c8138a8326bbe68c7055b3604d1,2026-09-07T17:23:12.645992Z,2026-09-07T17:30:52.495352Z,12.7059,32,ack
20260907T172312Z_p4-chaos-dead,cockroachdb,chaos-dead,thesis,01ff85c294945c8138a8326bbe68c7055b3604d1,2026-09-07T17:23:12.645992Z,2026-09-07T17:30:52.495352Z,13.0657,33,ack
20260907T172312Z_p4-chaos-dead,cockroachdb,chaos-dead,thesis,01ff85c294945c8138a8326bbe68c7055b3604d1,2026-09-07T17:23:12.645992Z,2026-09-07T17:30:52.495352Z,13.4288,34,ack
20260907T172312Z_p4-chaos-dead,cockroachdb,chaos-dead,thesis,01ff85c294945c8138a8326bbe68c7055b3604d1,2026-09-07T17:23:12.645992Z,2026-09-07T17:30:52.495352Z,13.7879,35,ack
20260907T172312Z_p4-chaos-dead,cockroachdb,chaos-dead,thesis,01ff85c294945c8138a8326bbe68c7055b3604d1,2026-09-07T17:23:12.645992Z,2026-09-07T17:30:52.495352Z,14.1459,36,ack
20260907T172312Z_p4-chaos-dead,cockroachdb,chaos-dead,thesis,01ff85c294945c8138a8326bbe68c7055b3604d1,2026-09-07T17:23:12.645992Z,2026-09-07T17:30:52.495352Z,14.5025,37,ack
20260907T172312Z_p4-chaos-dead,cockroachdb,chaos-dead,thesis,01ff85c294945c8138a8326bbe68c7055b3604d1,2026-09-07T17:23:12.645992Z,2026-09-07T17:30:52.495352Z,14.8672,38,ack
20260907T172312Z_p4-chaos-dead,cockroachdb,chaos-dead,thesis,01ff85c294945c8138a8326bbe68c7055b3604d1,2026-09-07T17:23:12.645992Z,2026-09-07T17:30:52.495352Z,15.2231,39,ack
20260907T172312Z_p4-chaos-dead,cockroachdb,chaos-dead,thesis,01ff85c294945c8138a8326bbe68c7055b3604d1,2026-09-07T17:23:12.645992Z,2026-09-07T17:30:52.495352Z,15.582,40,ack
20260907T172312Z_p4-chaos-dead,cockroachdb,chaos-dead,thesis,01ff85c294945c8138a8326bbe68c7055b3604d1,2026-09-07T17:23:12.645992Z,2026-09-07T17:30:52.495352Z,15.9371,41,ack
20260907T172312Z_p4-chaos-dead,cockroachdb,chaos-dead,thesis,01ff85c294945c8138a8326bbe68c7055b3604d1,2026-09-07T17:23:12.645992Z,2026-09-07T17:30:52.495352Z,16.3031,42,ack
20260907T172312Z_p4-chaos-dead,cockroachdb,chaos-dead,thesis,01ff85c294945c8138a8326bbe68c7055b3604d1,2026-09-07T17:23:12.645992Z,2026-09-07T17:30:52.495352Z,16.6617,43,ack
20260907T172312Z_p4-chaos-dead,cockroachdb,chaos-dead,thesis,01ff85c294945c8138a8326bbe68c7055b3604d1,2026-09-07T17:23:12.645992Z,2026-09-07T17:30:52.495352Z,17.0189,44,ack
20260907T172312Z_p4-chaos-dead,cockroachdb,chaos-dead,thesis,01ff85c294945c8138a8326bbe68c7055b3604d1,2026-09-07T17:23:12.645992Z,2026-09-07T17:30:52.495352Z,17.3768,45,ack
20260907T172312Z_p4-chaos-dead,cockroachdb,chaos-dead,thesis,01ff85c294945c8138a8326bbe68c7055b3604d1,2026-09-07T17:23:12.645992Z,2026-09-07T17:30:52.495352Z,17.737,46,ack
20260907T172312Z_p4-chaos-dead,cockroachdb,chaos-dead,thesis,01ff85c294945c8138a8326bbe68c7055b3604d1,2026-09-07T17:23:12.645992Z,2026-09-07T17:30:52.495352Z,18.0932,47,ack
20260907T172312Z_p4-chaos-dead,cockroachdb,chaos-dead,thesis,01ff85c294945c8138a8326bbe68c7055b3604d1,2026-09-07T17:23:12.645992Z,2026-09-07T17:30:52.495352Z,18.4735,48,ack
20260907T172312Z_p4-chaos-dead,cockroachdb,chaos-dead,thesis,01ff85c294945c8138a8326bbe68c7055b3604d1,2026-09-07T17:23:12.645992Z,2026-09-07T17:30:52.495352Z,18.8289,49,ack
20260907T172312Z_p4-chaos-dead,cockroachdb,chaos-dead,thesis,01ff85c294945c8138a8326bbe68c7055b3604d1,2026-09-07T17:23:12.645992Z,2026-09-07T17:30:52.495352Z,19.1893,50,ack
20260907T172312Z_p4-chaos-dead,cockroachdb,chaos-dead,thesis,01ff85c294945c8138a8326bbe68c7055b3604d1,2026-09-07T17:23:12.645992Z,2026-09-07T17:30:52.495352Z,19.5565,51,ack
20260907T172312Z_p4-chaos-dead,cockroachdb,chaos-dead,thesis,01ff85c294945c8138a8326bbe68c7055b3604d1,2026-09-07T17:23:12.645992Z,2026-09-07T17:30:52.495352Z,19.9117,52,ack
20260907T172312Z_p4-chaos-dead,cockroachdb,chaos-dead,thesis,01ff85c294945c8138a8326bbe68c7055b3604d1,2026-09-07T17:23:12.645992Z,2026-09-07T17:30:52.495352Z,20.2797,53,ack
20260907T172312Z_p4-chaos-dead,cockroachdb,chaos-dead,thesis,01ff85c294945c8138a8326bbe68c7055b3604d1,2026-09-07T17:23:12.645992Z,2026-09-07T17:30:52.495352Z,20.6373,54,ack
20260907T172312Z_p4-chaos-dead,cockroachdb,chaos-dead,thesis,01ff85c294945c8138a8326bbe68c7055b3604d1,2026-09-07T17:23:12.645992Z,2026-09-07T17:30:52.495352Z,20.9935,55,ack
20260907T172312Z_p4-chaos-dead,cockroachdb,chaos-dead,thesis,01ff85c294945c8138a8326bbe68c7055b3604d1,2026-09-07T17:23:12.645992Z,2026-09-07T17:30:52.495352Z,21.3442,56,ack
20260907T172312Z_p4-chaos-dead,cockroachdb,chaos-dead,thesis,01ff85c294945c8138a8326bbe68c7055b3604d1,2026-09-07T17:23:12.645992Z,2026-09-07T17:30:52.495352Z,21.6971,57,ack
20260907T172312Z_p4-chaos-dead,cockroachdb,chaos-dead,thesis,01ff85c294945c8138a8326bbe68c7055b3604d1,2026-09-07T17:23:12.645992Z,2026-09-07T17:30:52.495352Z,22.0422,58,ack
20260907T172312Z_p4-chaos-dead,cockroachdb,chaos-dead,thesis,01ff85c294945c8138a8326bbe68c7055b3604d1,2026-09-07T17:23:12.645992Z,2026-09-07T17:30:52.495352Z,22.3978,59,ack
20260907T172312Z_p4-chaos-dead,cockroachdb,chaos-dead,thesis,01ff85c294945c8138a8326bbe68c7055b3604d1,2026-09-07T17:23:12.645992Z,2026-09-07T17:30:52.495352Z,22.7577,60,ack
20260907T172312Z_p4-chaos-dead,cockroachdb,chaos-dead,thesis,01ff85c294945c8138a8326bbe68c7055b3604d1,2026-09-07T17:23:12.645992Z,2026-09-07T17:30:52.495352Z,23.1163,61,ack
20260907T172312Z_p4-chaos-dead,cockroachdb,chaos-dead,thesis,01ff85c294945c8138a8326bbe68c7055b3604d1,2026-09-07T17:23:12.645992Z,2026-09-07T17:30:52.495352Z,23.4773,62,ack
20260907T172312Z_p4-chaos-dead,cockroachdb,chaos-dead,thesis,01ff85c294945c8138a8326bbe68c7055b3604d1,2026-09-07T17:23:12.645992Z,2026-09-07T17:30:52.495352Z,23.8431,63,ack
20260907T172312Z_p4-chaos-dead,cockroachdb,chaos-dead,thesis,01ff85c294945c8138a8326bbe68c7055b3604d1,2026-09-07T17:23:12.645992Z,2026-09-07T17:30:52.495352Z,24.2014,64,ack
20260907T172312Z_p4-chaos-dead,cockroachdb,chaos-dead,thesis,01ff85c294945c8138a8326bbe68c7055b3604d1,2026-09-07T17:23:12.645992Z,2026-09-07T17:30:52.495352Z,24.5622,65,ack
20260907T172312Z_p4-chaos-dead,cockroachdb,chaos-dead,thesis,01ff85c294945c8138a8326bbe68c7055b3604d1,2026-09-07T17:23:12.645992Z,2026-09-07T17:30:52.495352Z,24.9183,66,ack
20260907T172312Z_p4-chaos-dead,cockroachdb,chaos-dead,thesis,01ff85c294945c8138a8326bbe68c7055b3604d1,2026-09-07T17:23:12.645992Z,2026-09-07T17:30:52.495352Z,25.2671,67,ack
20260907T172312Z_p4-chaos-dead,cockroachdb,chaos-dead,thesis,01ff85c294945c8138a8326bbe68c7055b3604d1,2026-09-07T17:23:12.645992Z,2026-09-07T17:30:52.495352Z,25.6281,68,ack
20260907T172312Z_p4-chaos-dead,cockroachdb,chaos-dead,thesis,01ff85c294945c8138a8326bbe68c7055b3604d1,2026-09-07T17:23:12.645992Z,2026-09-07T17:30:52.495352Z,25.9882,69,ack
20260907T172312Z_p4-chaos-dead,cockroachdb,chaos-dead,thesis,01ff85c294945c8138a8326bbe68c7055b3604d1,2026-09-07T17:23:12.645992Z,2026-09-07T17:30:52.495352Z,26.3523,70,ack
20260907T172312Z_p4-chaos-dead,cockroachdb,chaos-dead,thesis,01ff85c294945c8138a8326bbe68c7055b3604d1,2026-09-07T17:23:12.645992Z,2026-09-07T17:30:52.495352Z,26.7126,71,ack
20260907T172312Z_p4-chaos-dead,cockroachdb,chaos-dead,thesis,01ff85c294945c8138a8326bbe68c7055b3604d1,2026-09-07T17:23:12.645992Z,2026-09-07T17:30:52.495352Z,28.7245,72,ack
20260907T172312Z_p4-chaos-dead,cockroachdb,chaos-dead,thesis,01ff85c294945c8138a8326bbe68c7055b3604d1,2026-09-07T17:23:12.645992Z,2026-09-07T17:30:52.495352Z,29.1183,73,ack
20260907T172312Z_p4-chaos-dead,cockroachdb,chaos-dead,thesis,01ff85c294945c8138a8326bbe68c7055b3604d1,2026-09-07T17:23:12.645992Z,2026-09-07T17:30:52.495352Z,29.4794,74,ack
20260907T172312Z_p4-chaos-dead,cockroachdb,chaos-dead,thesis,01ff85c294945c8138a8326bbe68c7055b3604d1,2026-09-07T17:23:12.645992Z,2026-09-07T17:30:52.495352Z,29.8947,75,ack
20260907T172312Z_p4-chaos-dead,cockroachdb,chaos-dead,thesis,01ff85c294945c8138a8326bbe68c7055b3604d1,2026-09-07T17:23:12.645992Z,2026-09-07T17:30:52.495352Z,30.2618,76,ack
20260907T172312Z_p4-chaos-dead,cockroachdb,chaos-dead,thesis,01ff85c294945c8138a8326bbe68c7055b3604d1,2026-09-07T17:23:12.645992Z,2026-09-07T17:30:52.495352Z,30.6403,77,ack
20260907T172312Z_p4-chaos-dead,cockroachdb,chaos-dead,thesis,01ff85c294945c8138a8326bbe68c7055b3604d1,2026-09-07T17:23:12.645992Z,2026-09-07T17:30:52.495352Z,31.012,78,ack
20260907T172312Z_p4-chaos-dead,cockroachdb,chaos-dead,thesis,01ff85c294945c8138a8326bbe68c7055b3604d1,2026-09-07T17:23:12.645992Z,2026-09-07T17:30:52.495352Z,31.3827,79,ack
20260907T172312Z_p4-chaos-dead,cockroachdb,chaos-dead,thesis,01ff85c294945c8138a8326bbe68c7055b3604d1,2026-09-07T17:23:12.645992Z,2026-09-07T17:30:52.495352Z,31.7367,80,ack
20260907T172312Z_p4-chaos-dead,cockroachdb,chaos-dead,thesis,01ff85c294945c8138a8326bbe68c7055b3604d1,2026-09-07T17:23:12.645992Z,2026-09-07T17:30:52.495352Z,32.0919,81,ack
20260907T172312Z_p4-chaos-dead,cockroachdb,chaos-dead,thesis,01ff85c294945c8138a8326bbe68c7055b3604d1,2026-09-07T17:23:12.645992Z,2026-09-07T17:30:52.495352Z,32.4418,82,ack
20260907T172312Z_p4-chaos-dead,cockroachdb,chaos-dead,thesis,01ff85c294945c8138a8326bbe68c7055b3604d1,2026-09-07T17:23:12.645992Z,2026-09-07T17:30:52.495352Z,32.7979,83,ack
20260907T172312Z_p4-chaos-dead,cockroachdb,chaos-dead,thesis,01ff85c294945c8138a8326bbe68c7055b3604d1,2026-09-07T17:23:12.645992Z,2026-09-07T17:30:52.495352Z,33.1522,84,ack
20260907T172312Z_p4-chaos-dead,cockroachdb,chaos-dead,thesis,01ff85c294945c8138a8326bbe68c7055b3604d1,2026-09-07T17:23:12.645992Z,2026-09-07T17:30:52.495352Z,33.5071,85,ack
20260907T172312Z_p4-chaos-dead,cockroachdb,chaos-dead,thesis,01ff85c294945c8138a8326bbe68c7055b3604d1,2026-09-07T17:23:12.645992Z,2026-09-07T17:30:52.495352Z,33.8814,86,ack
20260907T172312Z_p4-chaos-dead,cockroachdb,chaos-dead,thesis,01ff85c294945c8138a8326bbe68c7055b3604d1,2026-09-07T17:23:12.645992Z,2026-09-07T17:30:52.495352Z,34.2437,87,ack
20260907T172312Z_p4-chaos-dead,cockroachdb,chaos-dead,thesis,01ff85c294945c8138a8326bbe68c7055b3604d1,2026-09-07T17:23:12.645992Z,2026-09-07T17:30:52.495352Z,34.6337,88,ack
20260907T172312Z_p4-chaos-dead,cockroachdb,chaos-dead,thesis,01ff85c294945c8138a8326bbe68c7055b3604d1,2026-09-07T17:23:12.645992Z,2026-09-07T17:30:52.495352Z,35.0326,89,ack
20260907T172312Z_p4-chaos-dead,cockroachdb,chaos-dead,thesis,01ff85c294945c8138a8326bbe68c7055b3604d1,2026-09-07T17:23:12.645992Z,2026-09-07T17:30:52.495352Z,35.3905,90,ack
20260907T172312Z_p4-chaos-dead,cockroachdb,chaos-dead,thesis,01ff85c294945c8138a8326bbe68c7055b3604d1,2026-09-07T17:23:12.645992Z,2026-09-07T17:30:52.495352Z,35.7577,91,ack
20260907T172312Z_p4-chaos-dead,cockroachdb,chaos-dead,thesis,01ff85c294945c8138a8326bbe68c7055b3604d1,2026-09-07T17:23:12.645992Z,2026-09-07T17:30:52.495352Z,36.1166,92,ack
20260907T172312Z_p4-chaos-dead,cockroachdb,chaos-dead,thesis,01ff85c294945c8138a8326bbe68c7055b3604d1,2026-09-07T17:23:12.645992Z,2026-09-07T17:30:52.495352Z,36.4865,93,ack
20260907T172312Z_p4-chaos-dead,cockroachdb,chaos-dead,thesis,01ff85c294945c8138a8326bbe68c7055b3604d1,2026-09-07T17:23:12.645992Z,2026-09-07T17:30:52.495352Z,36.8435,94,ack
20260907T172312Z_p4-chaos-dead,cockroachdb,chaos-dead,thesis,01ff85c294945c8138a8326bbe68c7055b3604d1,2026-09-07T17:23:12.645992Z,2026-09-07T17:30:52.495352Z,37.2085,95,ack
20260907T172312Z_p4-chaos-dead,cockroachdb,chaos-dead,thesis,01ff85c294945c8138a8326bbe68c7055b3604d1,2026-09-07T17:23:12.645992Z,2026-09-07T17:30:52.495352Z,37.5736,96,ack
20260907T172312Z_p4-chaos-dead,cockroachdb,chaos-dead,thesis,01ff85c294945c8138a8326bbe68c7055b3604d1,2026-09-07T17:23:12.645992Z,2026-09-07T17:30:52.495352Z,37.9341,97,ack
20260907T172312Z_p4-chaos-dead,cockroachdb,chaos-dead,thesis,01ff85c294945c8138a8326bbe68c7055b3604d1,2026-09-07T17:23:12.645992Z,2026-09-07T17:30:52.495352Z,38.2873,98,ack
20260907T172312Z_p4-chaos-dead,cockroachdb,chaos-dead,thesis,01ff85c294945c8138a8326bbe68c7055b3604d1,2026-09-07T17:23:12.645992Z,2026-09-07T17:30:52.495352Z,38.6533,99,ack
20260907T172312Z_p4-chaos-dead,cockroachdb,chaos-dead,thesis,01ff85c294945c8138a8326bbe68c7055b3604d1,2026-09-07T17:23:12.645992Z,2026-09-07T17:30:52.495352Z,39.0273,100,ack
20260907T172312Z_p4-chaos-dead,cockroachdb,chaos-dead,thesis,01ff85c294945c8138a8326bbe68c7055b3604d1,2026-09-07T17:23:12.645992Z,2026-09-07T17:30:52.495352Z,39.3922,101,ack
20260907T172312Z_p4-chaos-dead,cockroachdb,chaos-dead,thesis,01ff85c294945c8138a8326bbe68c7055b3604d1,2026-09-07T17:23:12.645992Z,2026-09-07T17:30:52.495352Z,39.7421,102,ack
20260907T172312Z_p4-chaos-dead,cockroachdb,chaos-dead,thesis,01ff85c294945c8138a8326bbe68c7055b3604d1,2026-09-07T17:23:12.645992Z,2026-09-07T17:30:52.495352Z,40.1028,103,ack
20260907T172312Z_p4-chaos-dead,cockroachdb,chaos-dead,thesis,01ff85c294945c8138a8326bbe68c7055b3604d1,2026-09-07T17:23:12.645992Z,2026-09-07T17:30:52.495352Z,40.4632,104,ack
20260907T172312Z_p4-chaos-dead,cockroachdb,chaos-dead,thesis,01ff85c294945c8138a8326bbe68c7055b3604d1,2026-09-07T17:23:12.645992Z,2026-09-07T17:30:52.495352Z,40.8336,105,ack
20260907T172312Z_p4-chaos-dead,cockroachdb,chaos-dead,thesis,01ff85c294945c8138a8326bbe68c7055b3604d1,2026-09-07T17:23:12.645992Z,2026-09-07T17:30:52.495352Z,41.2006,106,ack
20260907T172312Z_p4-chaos-dead,cockroachdb,chaos-dead,thesis,01ff85c294945c8138a8326bbe68c7055b3604d1,2026-09-07T17:23:12.645992Z,2026-09-07T17:30:52.495352Z,41.5843,107,ack
20260907T172312Z_p4-chaos-dead,cockroachdb,chaos-dead,thesis,01ff85c294945c8138a8326bbe68c7055b3604d1,2026-09-07T17:23:12.645992Z,2026-09-07T17:30:52.495352Z,41.9474,108,ack
20260907T172312Z_p4-chaos-dead,cockroachdb,chaos-dead,thesis,01ff85c294945c8138a8326bbe68c7055b3604d1,2026-09-07T17:23:12.645992Z,2026-09-07T17:30:52.495352Z,42.3095,109,ack
20260907T172312Z_p4-chaos-dead,cockroachdb,chaos-dead,thesis,01ff85c294945c8138a8326bbe68c7055b3604d1,2026-09-07T17:23:12.645992Z,2026-09-07T17:30:52.495352Z,42.6722,110,ack
20260907T172312Z_p4-chaos-dead,cockroachdb,chaos-dead,thesis,01ff85c294945c8138a8326bbe68c7055b3604d1,2026-09-07T17:23:12.645992Z,2026-09-07T17:30:52.495352Z,43.0316,111,ack
20260907T172312Z_p4-chaos-dead,cockroachdb,chaos-dead,thesis,01ff85c294945c8138a8326bbe68c7055b3604d1,2026-09-07T17:23:12.645992Z,2026-09-07T17:30:52.495352Z,43.3985,112,ack
20260907T172312Z_p4-chaos-dead,cockroachdb,chaos-dead,thesis,01ff85c294945c8138a8326bbe68c7055b3604d1,2026-09-07T17:23:12.645992Z,2026-09-07T17:30:52.495352Z,43.7533,113,ack
20260907T172312Z_p4-chaos-dead,cockroachdb,chaos-dead,thesis,01ff85c294945c8138a8326bbe68c7055b3604d1,2026-09-07T17:23:12.645992Z,2026-09-07T17:30:52.495352Z,44.138,114,ack
20260907T172312Z_p4-chaos-dead,cockroachdb,chaos-dead,thesis,01ff85c294945c8138a8326bbe68c7055b3604d1,2026-09-07T17:23:12.645992Z,2026-09-07T17:30:52.495352Z,44.5065,115,ack
20260907T172312Z_p4-chaos-dead,cockroachdb,chaos-dead,thesis,01ff85c294945c8138a8326bbe68c7055b3604d1,2026-09-07T17:23:12.645992Z,2026-09-07T17:30:52.495352Z,44.8674,116,ack
20260907T172312Z_p4-chaos-dead,cockroachdb,chaos-dead,thesis,01ff85c294945c8138a8326bbe68c7055b3604d1,2026-09-07T17:23:12.645992Z,2026-09-07T17:30:52.495352Z,45.2336,117,ack
20260907T172312Z_p4-chaos-dead,cockroachdb,chaos-dead,thesis,01ff85c294945c8138a8326bbe68c7055b3604d1,2026-09-07T17:23:12.645992Z,2026-09-07T17:30:52.495352Z,45.6028,118,ack
20260907T172312Z_p4-chaos-dead,cockroachdb,chaos-dead,thesis,01ff85c294945c8138a8326bbe68c7055b3604d1,2026-09-07T17:23:12.645992Z,2026-09-07T17:30:52.495352Z,45.9578,119,ack
20260907T172312Z_p4-chaos-dead,cockroachdb,chaos-dead,thesis,01ff85c294945c8138a8326bbe68c7055b3604d1,2026-09-07T17:23:12.645992Z,2026-09-07T17:30:52.495352Z,46.3228,120,ack
20260907T172312Z_p4-chaos-dead,cockroachdb,chaos-dead,thesis,01ff85c294945c8138a8326bbe68c7055b3604d1,2026-09-07T17:23:12.645992Z,2026-09-07T17:30:52.495352Z,46.6825,121,ack
20260907T172312Z_p4-chaos-dead,cockroachdb,chaos-dead,thesis,01ff85c294945c8138a8326bbe68c7055b3604d1,2026-09-07T17:23:12.645992Z,2026-09-07T17:30:52.495352Z,47.033,122,ack
20260907T172312Z_p4-chaos-dead,cockroachdb,chaos-dead,thesis,01ff85c294945c8138a8326bbe68c7055b3604d1,2026-09-07T17:23:12.645992Z,2026-09-07T17:30:52.495352Z,47.393,123,ack
20260907T172312Z_p4-chaos-dead,cockroachdb,chaos-dead,thesis,01ff85c294945c8138a8326bbe68c7055b3604d1,2026-09-07T17:23:12.645992Z,2026-09-07T17:30:52.495352Z,47.7436,124,ack
20260907T172312Z_p4-chaos-dead,cockroachdb,chaos-dead,thesis,01ff85c294945c8138a8326bbe68c7055b3604d1,2026-09-07T17:23:12.645992Z,2026-09-07T17:30:52.495352Z,48.1188,125,ack
20260907T172312Z_p4-chaos-dead,cockroachdb,chaos-dead,thesis,01ff85c294945c8138a8326bbe68c7055b3604d1,2026-09-07T17:23:12.645992Z,2026-09-07T17:30:52.495352Z,48.4713,126,ack
20260907T172312Z_p4-chaos-dead,cockroachdb,chaos-dead,thesis,01ff85c294945c8138a8326bbe68c7055b3604d1,2026-09-07T17:23:12.645992Z,2026-09-07T17:30:52.495352Z,48.8382,127,ack
20260907T172312Z_p4-chaos-dead,cockroachdb,chaos-dead,thesis,01ff85c294945c8138a8326bbe68c7055b3604d1,2026-09-07T17:23:12.645992Z,2026-09-07T17:30:52.495352Z,49.2063,128,ack
20260907T172312Z_p4-chaos-dead,cockroachdb,chaos-dead,thesis,01ff85c294945c8138a8326bbe68c7055b3604d1,2026-09-07T17:23:12.645992Z,2026-09-07T17:30:52.495352Z,49.5673,129,ack
20260907T172312Z_p4-chaos-dead,cockroachdb,chaos-dead,thesis,01ff85c294945c8138a8326bbe68c7055b3604d1,2026-09-07T17:23:12.645992Z,2026-09-07T17:30:52.495352Z,49.9393,130,ack
20260907T172312Z_p4-chaos-dead,cockroachdb,chaos-dead,thesis,01ff85c294945c8138a8326bbe68c7055b3604d1,2026-09-07T17:23:12.645992Z,2026-09-07T17:30:52.495352Z,50.3066,131,ack
20260907T172312Z_p4-chaos-dead,cockroachdb,chaos-dead,thesis,01ff85c294945c8138a8326bbe68c7055b3604d1,2026-09-07T17:23:12.645992Z,2026-09-07T17:30:52.495352Z,50.6672,132,ack
20260907T172312Z_p4-chaos-dead,cockroachdb,chaos-dead,thesis,01ff85c294945c8138a8326bbe68c7055b3604d1,2026-09-07T17:23:12.645992Z,2026-09-07T17:30:52.495352Z,51.0317,133,ack
20260907T172312Z_p4-chaos-dead,cockroachdb,chaos-dead,thesis,01ff85c294945c8138a8326bbe68c7055b3604d1,2026-09-07T17:23:12.645992Z,2026-09-07T17:30:52.495352Z,51.4011,134,ack
20260907T172312Z_p4-chaos-dead,cockroachdb,chaos-dead,thesis,01ff85c294945c8138a8326bbe68c7055b3604d1,2026-09-07T17:23:12.645992Z,2026-09-07T17:30:52.495352Z,51.7683,135,ack
20260907T172312Z_p4-chaos-dead,cockroachdb,chaos-dead,thesis,01ff85c294945c8138a8326bbe68c7055b3604d1,2026-09-07T17:23:12.645992Z,2026-09-07T17:30:52.495352Z,52.1549,136,ack
20260907T172312Z_p4-chaos-dead,cockroachdb,chaos-dead,thesis,01ff85c294945c8138a8326bbe68c7055b3604d1,2026-09-07T17:23:12.645992Z,2026-09-07T17:30:52.495352Z,52.5387,137,ack
20260907T172312Z_p4-chaos-dead,cockroachdb,chaos-dead,thesis,01ff85c294945c8138a8326bbe68c7055b3604d1,2026-09-07T17:23:12.645992Z,2026-09-07T17:30:52.495352Z,52.8985,138,ack
20260907T172312Z_p4-chaos-dead,cockroachdb,chaos-dead,thesis,01ff85c294945c8138a8326bbe68c7055b3604d1,2026-09-07T17:23:12.645992Z,2026-09-07T17:30:52.495352Z,53.2502,139,ack
20260907T172312Z_p4-chaos-dead,cockroachdb,chaos-dead,thesis,01ff85c294945c8138a8326bbe68c7055b3604d1,2026-09-07T17:23:12.645992Z,2026-09-07T17:30:52.495352Z,53.6088,140,ack
20260907T172312Z_p4-chaos-dead,cockroachdb,chaos-dead,thesis,01ff85c294945c8138a8326bbe68c7055b3604d1,2026-09-07T17:23:12.645992Z,2026-09-07T17:30:52.495352Z,53.977,141,ack
20260907T172312Z_p4-chaos-dead,cockroachdb,chaos-dead,thesis,01ff85c294945c8138a8326bbe68c7055b3604d1,2026-09-07T17:23:12.645992Z,2026-09-07T17:30:52.495352Z,54.343,142,ack
20260907T172312Z_p4-chaos-dead,cockroachdb,chaos-dead,thesis,01ff85c294945c8138a8326bbe68c7055b3604d1,2026-09-07T17:23:12.645992Z,2026-09-07T17:30:52.495352Z,54.7025,143,ack
20260907T172312Z_p4-chaos-dead,cockroachdb,chaos-dead,thesis,01ff85c294945c8138a8326bbe68c7055b3604d1,2026-09-07T17:23:12.645992Z,2026-09-07T17:30:52.495352Z,55.0629,144,ack
20260907T172312Z_p4-chaos-dead,cockroachdb,chaos-dead,thesis,01ff85c294945c8138a8326bbe68c7055b3604d1,2026-09-07T17:23:12.645992Z,2026-09-07T17:30:52.495352Z,55.418,145,ack
20260907T172312Z_p4-chaos-dead,cockroachdb,chaos-dead,thesis,01ff85c294945c8138a8326bbe68c7055b3604d1,2026-09-07T17:23:12.645992Z,2026-09-07T17:30:52.495352Z,55.782,146,ack
20260907T172312Z_p4-chaos-dead,cockroachdb,chaos-dead,thesis,01ff85c294945c8138a8326bbe68c7055b3604d1,2026-09-07T17:23:12.645992Z,2026-09-07T17:30:52.495352Z,56.1374,147,ack
20260907T172312Z_p4-chaos-dead,cockroachdb,chaos-dead,thesis,01ff85c294945c8138a8326bbe68c7055b3604d1,2026-09-07T17:23:12.645992Z,2026-09-07T17:30:52.495352Z,56.4921,148,ack
20260907T172312Z_p4-chaos-dead,cockroachdb,chaos-dead,thesis,01ff85c294945c8138a8326bbe68c7055b3604d1,2026-09-07T17:23:12.645992Z,2026-09-07T17:30:52.495352Z,56.8633,149,ack
20260907T172312Z_p4-chaos-dead,cockroachdb,chaos-dead,thesis,01ff85c294945c8138a8326bbe68c7055b3604d1,2026-09-07T17:23:12.645992Z,2026-09-07T17:30:52.495352Z,57.2174,150,ack
20260907T172312Z_p4-chaos-dead,cockroachdb,chaos-dead,thesis,01ff85c294945c8138a8326bbe68c7055b3604d1,2026-09-07T17:23:12.645992Z,2026-09-07T17:30:52.495352Z,57.5878,151,ack
20260907T172312Z_p4-chaos-dead,cockroachdb,chaos-dead,thesis,01ff85c294945c8138a8326bbe68c7055b3604d1,2026-09-07T17:23:12.645992Z,2026-09-07T17:30:52.495352Z,57.9572,152,ack
20260907T172312Z_p4-chaos-dead,cockroachdb,chaos-dead,thesis,01ff85c294945c8138a8326bbe68c7055b3604d1,2026-09-07T17:23:12.645992Z,2026-09-07T17:30:52.495352Z,58.3367,153,ack
20260907T172312Z_p4-chaos-dead,cockroachdb,chaos-dead,thesis,01ff85c294945c8138a8326bbe68c7055b3604d1,2026-09-07T17:23:12.645992Z,2026-09-07T17:30:52.495352Z,58.7087,154,ack
20260907T172312Z_p4-chaos-dead,cockroachdb,chaos-dead,thesis,01ff85c294945c8138a8326bbe68c7055b3604d1,2026-09-07T17:23:12.645992Z,2026-09-07T17:30:52.495352Z,59.0731,155,ack
20260907T172312Z_p4-chaos-dead,cockroachdb,chaos-dead,thesis,01ff85c294945c8138a8326bbe68c7055b3604d1,2026-09-07T17:23:12.645992Z,2026-09-07T17:30:52.495352Z,59.4473,156,ack
20260907T172312Z_p4-chaos-dead,cockroachdb,chaos-dead,thesis,01ff85c294945c8138a8326bbe68c7055b3604d1,2026-09-07T17:23:12.645992Z,2026-09-07T17:30:52.495352Z,59.8135,157,ack
20260907T172312Z_p4-chaos-dead,cockroachdb,chaos-dead,thesis,01ff85c294945c8138a8326bbe68c7055b3604d1,2026-09-07T17:23:12.645992Z,2026-09-07T17:30:52.495352Z,60.2148,158,ack
20260907T172312Z_p4-chaos-dead,cockroachdb,chaos-dead,thesis,01ff85c294945c8138a8326bbe68c7055b3604d1,2026-09-07T17:23:12.645992Z,2026-09-07T17:30:52.495352Z,60.5733,159,ack
20260907T172312Z_p4-chaos-dead,cockroachdb,chaos-dead,thesis,01ff85c294945c8138a8326bbe68c7055b3604d1,2026-09-07T17:23:12.645992Z,2026-09-07T17:30:52.495352Z,60.9423,160,ack
20260907T172312Z_p4-chaos-dead,cockroachdb,chaos-dead,thesis,01ff85c294945c8138a8326bbe68c7055b3604d1,2026-09-07T17:23:12.645992Z,2026-09-07T17:30:52.495352Z,61.307,161,ack
20260907T172312Z_p4-chaos-dead,cockroachdb,chaos-dead,thesis,01ff85c294945c8138a8326bbe68c7055b3604d1,2026-09-07T17:23:12.645992Z,2026-09-07T17:30:52.495352Z,61.668,162,ack
20260907T172312Z_p4-chaos-dead,cockroachdb,chaos-dead,thesis,01ff85c294945c8138a8326bbe68c7055b3604d1,2026-09-07T17:23:12.645992Z,2026-09-07T17:30:52.495352Z,62.0267,163,ack
20260907T172312Z_p4-chaos-dead,cockroachdb,chaos-dead,thesis,01ff85c294945c8138a8326bbe68c7055b3604d1,2026-09-07T17:23:12.645992Z,2026-09-07T17:30:52.495352Z,62.3958,164,ack
20260907T172312Z_p4-chaos-dead,cockroachdb,chaos-dead,thesis,01ff85c294945c8138a8326bbe68c7055b3604d1,2026-09-07T17:23:12.645992Z,2026-09-07T17:30:52.495352Z,62.7593,165,ack
20260907T172312Z_p4-chaos-dead,cockroachdb,chaos-dead,thesis,01ff85c294945c8138a8326bbe68c7055b3604d1,2026-09-07T17:23:12.645992Z,2026-09-07T17:30:52.495352Z,63.1178,166,ack
20260907T172312Z_p4-chaos-dead,cockroachdb,chaos-dead,thesis,01ff85c294945c8138a8326bbe68c7055b3604d1,2026-09-07T17:23:12.645992Z,2026-09-07T17:30:52.495352Z,63.4839,167,ack
20260907T172312Z_p4-chaos-dead,cockroachdb,chaos-dead,thesis,01ff85c294945c8138a8326bbe68c7055b3604d1,2026-09-07T17:23:12.645992Z,2026-09-07T17:30:52.495352Z,63.8577,168,ack
20260907T172312Z_p4-chaos-dead,cockroachdb,chaos-dead,thesis,01ff85c294945c8138a8326bbe68c7055b3604d1,2026-09-07T17:23:12.645992Z,2026-09-07T17:30:52.495352Z,64.2128,169,ack
20260907T172312Z_p4-chaos-dead,cockroachdb,chaos-dead,thesis,01ff85c294945c8138a8326bbe68c7055b3604d1,2026-09-07T17:23:12.645992Z,2026-09-07T17:30:52.495352Z,64.5725,170,ack
20260907T172312Z_p4-chaos-dead,cockroachdb,chaos-dead,thesis,01ff85c294945c8138a8326bbe68c7055b3604d1,2026-09-07T17:23:12.645992Z,2026-09-07T17:30:52.495352Z,64.9341,171,ack
20260907T172312Z_p4-chaos-dead,cockroachdb,chaos-dead,thesis,01ff85c294945c8138a8326bbe68c7055b3604d1,2026-09-07T17:23:12.645992Z,2026-09-07T17:30:52.495352Z,65.2981,172,ack
20260907T172312Z_p4-chaos-dead,cockroachdb,chaos-dead,thesis,01ff85c294945c8138a8326bbe68c7055b3604d1,2026-09-07T17:23:12.645992Z,2026-09-07T17:30:52.495352Z,65.6615,173,ack
20260907T172312Z_p4-chaos-dead,cockroachdb,chaos-dead,thesis,01ff85c294945c8138a8326bbe68c7055b3604d1,2026-09-07T17:23:12.645992Z,2026-09-07T17:30:52.495352Z,66.0277,174,ack
20260907T172312Z_p4-chaos-dead,cockroachdb,chaos-dead,thesis,01ff85c294945c8138a8326bbe68c7055b3604d1,2026-09-07T17:23:12.645992Z,2026-09-07T17:30:52.495352Z,66.4029,175,ack
20260907T172312Z_p4-chaos-dead,cockroachdb,chaos-dead,thesis,01ff85c294945c8138a8326bbe68c7055b3604d1,2026-09-07T17:23:12.645992Z,2026-09-07T17:30:52.495352Z,66.7671,176,ack
20260907T172312Z_p4-chaos-dead,cockroachdb,chaos-dead,thesis,01ff85c294945c8138a8326bbe68c7055b3604d1,2026-09-07T17:23:12.645992Z,2026-09-07T17:30:52.495352Z,67.1385,177,ack
20260907T172312Z_p4-chaos-dead,cockroachdb,chaos-dead,thesis,01ff85c294945c8138a8326bbe68c7055b3604d1,2026-09-07T17:23:12.645992Z,2026-09-07T17:30:52.495352Z,67.4977,178,ack
20260907T172312Z_p4-chaos-dead,cockroachdb,chaos-dead,thesis,01ff85c294945c8138a8326bbe68c7055b3604d1,2026-09-07T17:23:12.645992Z,2026-09-07T17:30:52.495352Z,67.8577,179,ack
20260907T172312Z_p4-chaos-dead,cockroachdb,chaos-dead,thesis,01ff85c294945c8138a8326bbe68c7055b3604d1,2026-09-07T17:23:12.645992Z,2026-09-07T17:30:52.495352Z,68.2236,180,ack
20260907T172312Z_p4-chaos-dead,cockroachdb,chaos-dead,thesis,01ff85c294945c8138a8326bbe68c7055b3604d1,2026-09-07T17:23:12.645992Z,2026-09-07T17:30:52.495352Z,68.6032,181,ack
20260907T172312Z_p4-chaos-dead,cockroachdb,chaos-dead,thesis,01ff85c294945c8138a8326bbe68c7055b3604d1,2026-09-07T17:23:12.645992Z,2026-09-07T17:30:52.495352Z,69.0076,182,ack
20260907T172312Z_p4-chaos-dead,cockroachdb,chaos-dead,thesis,01ff85c294945c8138a8326bbe68c7055b3604d1,2026-09-07T17:23:12.645992Z,2026-09-07T17:30:52.495352Z,69.3951,183,ack
20260907T172312Z_p4-chaos-dead,cockroachdb,chaos-dead,thesis,01ff85c294945c8138a8326bbe68c7055b3604d1,2026-09-07T17:23:12.645992Z,2026-09-07T17:30:52.495352Z,69.7803,184,ack
20260907T172312Z_p4-chaos-dead,cockroachdb,chaos-dead,thesis,01ff85c294945c8138a8326bbe68c7055b3604d1,2026-09-07T17:23:12.645992Z,2026-09-07T17:30:52.495352Z,70.1482,185,ack
20260907T172312Z_p4-chaos-dead,cockroachdb,chaos-dead,thesis,01ff85c294945c8138a8326bbe68c7055b3604d1,2026-09-07T17:23:12.645992Z,2026-09-07T17:30:52.495352Z,70.5168,186,ack
20260907T172312Z_p4-chaos-dead,cockroachdb,chaos-dead,thesis,01ff85c294945c8138a8326bbe68c7055b3604d1,2026-09-07T17:23:12.645992Z,2026-09-07T17:30:52.495352Z,70.8824,187,ack
20260907T172312Z_p4-chaos-dead,cockroachdb,chaos-dead,thesis,01ff85c294945c8138a8326bbe68c7055b3604d1,2026-09-07T17:23:12.645992Z,2026-09-07T17:30:52.495352Z,71.2514,188,ack
20260907T172312Z_p4-chaos-dead,cockroachdb,chaos-dead,thesis,01ff85c294945c8138a8326bbe68c7055b3604d1,2026-09-07T17:23:12.645992Z,2026-09-07T17:30:52.495352Z,71.6121,189,ack
20260907T172312Z_p4-chaos-dead,cockroachdb,chaos-dead,thesis,01ff85c294945c8138a8326bbe68c7055b3604d1,2026-09-07T17:23:12.645992Z,2026-09-07T17:30:52.495352Z,71.9779,190,ack
20260907T172312Z_p4-chaos-dead,cockroachdb,chaos-dead,thesis,01ff85c294945c8138a8326bbe68c7055b3604d1,2026-09-07T17:23:12.645992Z,2026-09-07T17:30:52.495352Z,72.3631,191,ack
20260907T172312Z_p4-chaos-dead,cockroachdb,chaos-dead,thesis,01ff85c294945c8138a8326bbe68c7055b3604d1,2026-09-07T17:23:12.645992Z,2026-09-07T17:30:52.495352Z,72.7344,192,ack
20260907T172312Z_p4-chaos-dead,cockroachdb,chaos-dead,thesis,01ff85c294945c8138a8326bbe68c7055b3604d1,2026-09-07T17:23:12.645992Z,2026-09-07T17:30:52.495352Z,73.1186,193,ack
20260907T172312Z_p4-chaos-dead,cockroachdb,chaos-dead,thesis,01ff85c294945c8138a8326bbe68c7055b3604d1,2026-09-07T17:23:12.645992Z,2026-09-07T17:30:52.495352Z,73.5058,194,ack
20260907T172312Z_p4-chaos-dead,cockroachdb,chaos-dead,thesis,01ff85c294945c8138a8326bbe68c7055b3604d1,2026-09-07T17:23:12.645992Z,2026-09-07T17:30:52.495352Z,73.8683,195,ack
20260907T172312Z_p4-chaos-dead,cockroachdb,chaos-dead,thesis,01ff85c294945c8138a8326bbe68c7055b3604d1,2026-09-07T17:23:12.645992Z,2026-09-07T17:30:52.495352Z,74.2367,196,ack
20260907T172312Z_p4-chaos-dead,cockroachdb,chaos-dead,thesis,01ff85c294945c8138a8326bbe68c7055b3604d1,2026-09-07T17:23:12.645992Z,2026-09-07T17:30:52.495352Z,74.6187,197,ack
20260907T172312Z_p4-chaos-dead,cockroachdb,chaos-dead,thesis,01ff85c294945c8138a8326bbe68c7055b3604d1,2026-09-07T17:23:12.645992Z,2026-09-07T17:30:52.495352Z,75.0118,198,ack
20260907T172312Z_p4-chaos-dead,cockroachdb,chaos-dead,thesis,01ff85c294945c8138a8326bbe68c7055b3604d1,2026-09-07T17:23:12.645992Z,2026-09-07T17:30:52.495352Z,75.4145,199,ack
20260907T172312Z_p4-chaos-dead,cockroachdb,chaos-dead,thesis,01ff85c294945c8138a8326bbe68c7055b3604d1,2026-09-07T17:23:12.645992Z,2026-09-07T17:30:52.495352Z,75.7723,200,ack
20260907T172312Z_p4-chaos-dead,cockroachdb,chaos-dead,thesis,01ff85c294945c8138a8326bbe68c7055b3604d1,2026-09-07T17:23:12.645992Z,2026-09-07T17:30:52.495352Z,76.1746,201,ack
20260907T172312Z_p4-chaos-dead,cockroachdb,chaos-dead,thesis,01ff85c294945c8138a8326bbe68c7055b3604d1,2026-09-07T17:23:12.645992Z,2026-09-07T17:30:52.495352Z,76.5377,202,ack
20260907T172312Z_p4-chaos-dead,cockroachdb,chaos-dead,thesis,01ff85c294945c8138a8326bbe68c7055b3604d1,2026-09-07T17:23:12.645992Z,2026-09-07T17:30:52.495352Z,76.9139,203,ack
20260907T172312Z_p4-chaos-dead,cockroachdb,chaos-dead,thesis,01ff85c294945c8138a8326bbe68c7055b3604d1,2026-09-07T17:23:12.645992Z,2026-09-07T17:30:52.495352Z,77.3025,204,ack
20260907T172312Z_p4-chaos-dead,cockroachdb,chaos-dead,thesis,01ff85c294945c8138a8326bbe68c7055b3604d1,2026-09-07T17:23:12.645992Z,2026-09-07T17:30:52.495352Z,77.6775,205,ack
20260907T172312Z_p4-chaos-dead,cockroachdb,chaos-dead,thesis,01ff85c294945c8138a8326bbe68c7055b3604d1,2026-09-07T17:23:12.645992Z,2026-09-07T17:30:52.495352Z,78.0642,206,ack
20260907T172312Z_p4-chaos-dead,cockroachdb,chaos-dead,thesis,01ff85c294945c8138a8326bbe68c7055b3604d1,2026-09-07T17:23:12.645992Z,2026-09-07T17:30:52.495352Z,78.4572,207,ack
20260907T172312Z_p4-chaos-dead,cockroachdb,chaos-dead,thesis,01ff85c294945c8138a8326bbe68c7055b3604d1,2026-09-07T17:23:12.645992Z,2026-09-07T17:30:52.495352Z,78.828,208,ack
20260907T172312Z_p4-chaos-dead,cockroachdb,chaos-dead,thesis,01ff85c294945c8138a8326bbe68c7055b3604d1,2026-09-07T17:23:12.645992Z,2026-09-07T17:30:52.495352Z,79.1978,209,ack
20260907T172312Z_p4-chaos-dead,cockroachdb,chaos-dead,thesis,01ff85c294945c8138a8326bbe68c7055b3604d1,2026-09-07T17:23:12.645992Z,2026-09-07T17:30:52.495352Z,79.5572,210,ack
20260907T172312Z_p4-chaos-dead,cockroachdb,chaos-dead,thesis,01ff85c294945c8138a8326bbe68c7055b3604d1,2026-09-07T17:23:12.645992Z,2026-09-07T17:30:52.495352Z,79.9204,211,ack
20260907T172312Z_p4-chaos-dead,cockroachdb,chaos-dead,thesis,01ff85c294945c8138a8326bbe68c7055b3604d1,2026-09-07T17:23:12.645992Z,2026-09-07T17:30:52.495352Z,80.2776,212,ack
20260907T172312Z_p4-chaos-dead,cockroachdb,chaos-dead,thesis,01ff85c294945c8138a8326bbe68c7055b3604d1,2026-09-07T17:23:12.645992Z,2026-09-07T17:30:52.495352Z,80.6365,213,ack
20260907T172312Z_p4-chaos-dead,cockroachdb,chaos-dead,thesis,01ff85c294945c8138a8326bbe68c7055b3604d1,2026-09-07T17:23:12.645992Z,2026-09-07T17:30:52.495352Z,80.9965,214,ack
20260907T172312Z_p4-chaos-dead,cockroachdb,chaos-dead,thesis,01ff85c294945c8138a8326bbe68c7055b3604d1,2026-09-07T17:23:12.645992Z,2026-09-07T17:30:52.495352Z,81.361,215,ack
20260907T172312Z_p4-chaos-dead,cockroachdb,chaos-dead,thesis,01ff85c294945c8138a8326bbe68c7055b3604d1,2026-09-07T17:23:12.645992Z,2026-09-07T17:30:52.495352Z,81.7445,216,ack
20260907T172312Z_p4-chaos-dead,cockroachdb,chaos-dead,thesis,01ff85c294945c8138a8326bbe68c7055b3604d1,2026-09-07T17:23:12.645992Z,2026-09-07T17:30:52.495352Z,82.1075,217,ack
20260907T172312Z_p4-chaos-dead,cockroachdb,chaos-dead,thesis,01ff85c294945c8138a8326bbe68c7055b3604d1,2026-09-07T17:23:12.645992Z,2026-09-07T17:30:52.495352Z,82.4773,218,ack
20260907T172312Z_p4-chaos-dead,cockroachdb,chaos-dead,thesis,01ff85c294945c8138a8326bbe68c7055b3604d1,2026-09-07T17:23:12.645992Z,2026-09-07T17:30:52.495352Z,82.8499,219,ack
20260907T172312Z_p4-chaos-dead,cockroachdb,chaos-dead,thesis,01ff85c294945c8138a8326bbe68c7055b3604d1,2026-09-07T17:23:12.645992Z,2026-09-07T17:30:52.495352Z,83.2173,220,ack
20260907T172312Z_p4-chaos-dead,cockroachdb,chaos-dead,thesis,01ff85c294945c8138a8326bbe68c7055b3604d1,2026-09-07T17:23:12.645992Z,2026-09-07T17:30:52.495352Z,83.5983,221,ack
20260907T172312Z_p4-chaos-dead,cockroachdb,chaos-dead,thesis,01ff85c294945c8138a8326bbe68c7055b3604d1,2026-09-07T17:23:12.645992Z,2026-09-07T17:30:52.495352Z,83.9672,222,ack
20260907T172312Z_p4-chaos-dead,cockroachdb,chaos-dead,thesis,01ff85c294945c8138a8326bbe68c7055b3604d1,2026-09-07T17:23:12.645992Z,2026-09-07T17:30:52.495352Z,84.3276,223,ack
20260907T172312Z_p4-chaos-dead,cockroachdb,chaos-dead,thesis,01ff85c294945c8138a8326bbe68c7055b3604d1,2026-09-07T17:23:12.645992Z,2026-09-07T17:30:52.495352Z,84.6875,224,ack
20260907T172312Z_p4-chaos-dead,cockroachdb,chaos-dead,thesis,01ff85c294945c8138a8326bbe68c7055b3604d1,2026-09-07T17:23:12.645992Z,2026-09-07T17:30:52.495352Z,85.0477,225,ack
20260907T172312Z_p4-chaos-dead,cockroachdb,chaos-dead,thesis,01ff85c294945c8138a8326bbe68c7055b3604d1,2026-09-07T17:23:12.645992Z,2026-09-07T17:30:52.495352Z,85.4108,226,ack
20260907T172312Z_p4-chaos-dead,cockroachdb,chaos-dead,thesis,01ff85c294945c8138a8326bbe68c7055b3604d1,2026-09-07T17:23:12.645992Z,2026-09-07T17:30:52.495352Z,85.7917,227,ack
20260907T172312Z_p4-chaos-dead,cockroachdb,chaos-dead,thesis,01ff85c294945c8138a8326bbe68c7055b3604d1,2026-09-07T17:23:12.645992Z,2026-09-07T17:30:52.495352Z,86.1785,228,ack
20260907T172312Z_p4-chaos-dead,cockroachdb,chaos-dead,thesis,01ff85c294945c8138a8326bbe68c7055b3604d1,2026-09-07T17:23:12.645992Z,2026-09-07T17:30:52.495352Z,86.5477,229,ack
20260907T172312Z_p4-chaos-dead,cockroachdb,chaos-dead,thesis,01ff85c294945c8138a8326bbe68c7055b3604d1,2026-09-07T17:23:12.645992Z,2026-09-07T17:30:52.495352Z,86.9123,230,ack
20260907T172312Z_p4-chaos-dead,cockroachdb,chaos-dead,thesis,01ff85c294945c8138a8326bbe68c7055b3604d1,2026-09-07T17:23:12.645992Z,2026-09-07T17:30:52.495352Z,87.2779,231,ack
20260907T172312Z_p4-chaos-dead,cockroachdb,chaos-dead,thesis,01ff85c294945c8138a8326bbe68c7055b3604d1,2026-09-07T17:23:12.645992Z,2026-09-07T17:30:52.495352Z,87.6529,232,ack
20260907T172312Z_p4-chaos-dead,cockroachdb,chaos-dead,thesis,01ff85c294945c8138a8326bbe68c7055b3604d1,2026-09-07T17:23:12.645992Z,2026-09-07T17:30:52.495352Z,88.0232,233,ack
20260907T172312Z_p4-chaos-dead,cockroachdb,chaos-dead,thesis,01ff85c294945c8138a8326bbe68c7055b3604d1,2026-09-07T17:23:12.645992Z,2026-09-07T17:30:52.495352Z,88.3779,234,ack
20260907T172312Z_p4-chaos-dead,cockroachdb,chaos-dead,thesis,01ff85c294945c8138a8326bbe68c7055b3604d1,2026-09-07T17:23:12.645992Z,2026-09-07T17:30:52.495352Z,88.7799,235,ack
20260907T172312Z_p4-chaos-dead,cockroachdb,chaos-dead,thesis,01ff85c294945c8138a8326bbe68c7055b3604d1,2026-09-07T17:23:12.645992Z,2026-09-07T17:30:52.495352Z,89.1522,236,ack
20260907T172312Z_p4-chaos-dead,cockroachdb,chaos-dead,thesis,01ff85c294945c8138a8326bbe68c7055b3604d1,2026-09-07T17:23:12.645992Z,2026-09-07T17:30:52.495352Z,89.5284,237,ack
20260907T172312Z_p4-chaos-dead,cockroachdb,chaos-dead,thesis,01ff85c294945c8138a8326bbe68c7055b3604d1,2026-09-07T17:23:12.645992Z,2026-09-07T17:30:52.495352Z,89.8878,238,ack
20260907T172312Z_p4-chaos-dead,cockroachdb,chaos-dead,thesis,01ff85c294945c8138a8326bbe68c7055b3604d1,2026-09-07T17:23:12.645992Z,2026-09-07T17:30:52.495352Z,90.2506,239,ack
20260907T172312Z_p4-chaos-dead,cockroachdb,chaos-dead,thesis,01ff85c294945c8138a8326bbe68c7055b3604d1,2026-09-07T17:23:12.645992Z,2026-09-07T17:30:52.495352Z,90.6178,240,ack
20260907T172312Z_p4-chaos-dead,cockroachdb,chaos-dead,thesis,01ff85c294945c8138a8326bbe68c7055b3604d1,2026-09-07T17:23:12.645992Z,2026-09-07T17:30:52.495352Z,90.9778,241,ack
20260907T172312Z_p4-chaos-dead,cockroachdb,chaos-dead,thesis,01ff85c294945c8138a8326bbe68c7055b3604d1,2026-09-07T17:23:12.645992Z,2026-09-07T17:30:52.495352Z,91.3378,242,ack
20260907T172312Z_p4-chaos-dead,cockroachdb,chaos-dead,thesis,01ff85c294945c8138a8326bbe68c7055b3604d1,2026-09-07T17:23:12.645992Z,2026-09-07T17:30:52.495352Z,91.7068,243,ack
20260907T172312Z_p4-chaos-dead,cockroachdb,chaos-dead,thesis,01ff85c294945c8138a8326bbe68c7055b3604d1,2026-09-07T17:23:12.645992Z,2026-09-07T17:30:52.495352Z,92.0637,244,ack
20260907T172312Z_p4-chaos-dead,cockroachdb,chaos-dead,thesis,01ff85c294945c8138a8326bbe68c7055b3604d1,2026-09-07T17:23:12.645992Z,2026-09-07T17:30:52.495352Z,92.4231,245,ack
20260907T172312Z_p4-chaos-dead,cockroachdb,chaos-dead,thesis,01ff85c294945c8138a8326bbe68c7055b3604d1,2026-09-07T17:23:12.645992Z,2026-09-07T17:30:52.495352Z,92.788,246,ack
20260907T172312Z_p4-chaos-dead,cockroachdb,chaos-dead,thesis,01ff85c294945c8138a8326bbe68c7055b3604d1,2026-09-07T17:23:12.645992Z,2026-09-07T17:30:52.495352Z,93.1483,247,ack
20260907T172312Z_p4-chaos-dead,cockroachdb,chaos-dead,thesis,01ff85c294945c8138a8326bbe68c7055b3604d1,2026-09-07T17:23:12.645992Z,2026-09-07T17:30:52.495352Z,93.5121,248,ack
20260907T172312Z_p4-chaos-dead,cockroachdb,chaos-dead,thesis,01ff85c294945c8138a8326bbe68c7055b3604d1,2026-09-07T17:23:12.645992Z,2026-09-07T17:30:52.495352Z,93.8781,249,ack
20260907T172312Z_p4-chaos-dead,cockroachdb,chaos-dead,thesis,01ff85c294945c8138a8326bbe68c7055b3604d1,2026-09-07T17:23:12.645992Z,2026-09-07T17:30:52.495352Z,94.2545,250,ack
20260907T172312Z_p4-chaos-dead,cockroachdb,chaos-dead,thesis,01ff85c294945c8138a8326bbe68c7055b3604d1,2026-09-07T17:23:12.645992Z,2026-09-07T17:30:52.495352Z,94.6116,251,ack
20260907T172312Z_p4-chaos-dead,cockroachdb,chaos-dead,thesis,01ff85c294945c8138a8326bbe68c7055b3604d1,2026-09-07T17:23:12.645992Z,2026-09-07T17:30:52.495352Z,94.9769,252,ack
20260907T172312Z_p4-chaos-dead,cockroachdb,chaos-dead,thesis,01ff85c294945c8138a8326bbe68c7055b3604d1,2026-09-07T17:23:12.645992Z,2026-09-07T17:30:52.495352Z,95.343,253,ack
20260907T172312Z_p4-chaos-dead,cockroachdb,chaos-dead,thesis,01ff85c294945c8138a8326bbe68c7055b3604d1,2026-09-07T17:23:12.645992Z,2026-09-07T17:30:52.495352Z,95.7237,254,ack
20260907T172312Z_p4-chaos-dead,cockroachdb,chaos-dead,thesis,01ff85c294945c8138a8326bbe68c7055b3604d1,2026-09-07T17:23:12.645992Z,2026-09-07T17:30:52.495352Z,96.088,255,ack
20260907T172312Z_p4-chaos-dead,cockroachdb,chaos-dead,thesis,01ff85c294945c8138a8326bbe68c7055b3604d1,2026-09-07T17:23:12.645992Z,2026-09-07T17:30:52.495352Z,96.4528,256,ack
20260907T172312Z_p4-chaos-dead,cockroachdb,chaos-dead,thesis,01ff85c294945c8138a8326bbe68c7055b3604d1,2026-09-07T17:23:12.645992Z,2026-09-07T17:30:52.495352Z,96.8119,257,ack
20260907T172312Z_p4-chaos-dead,cockroachdb,chaos-dead,thesis,01ff85c294945c8138a8326bbe68c7055b3604d1,2026-09-07T17:23:12.645992Z,2026-09-07T17:30:52.495352Z,97.1783,258,ack
20260907T172312Z_p4-chaos-dead,cockroachdb,chaos-dead,thesis,01ff85c294945c8138a8326bbe68c7055b3604d1,2026-09-07T17:23:12.645992Z,2026-09-07T17:30:52.495352Z,97.5387,259,ack
20260907T172312Z_p4-chaos-dead,cockroachdb,chaos-dead,thesis,01ff85c294945c8138a8326bbe68c7055b3604d1,2026-09-07T17:23:12.645992Z,2026-09-07T17:30:52.495352Z,97.9156,260,ack
20260907T172312Z_p4-chaos-dead,cockroachdb,chaos-dead,thesis,01ff85c294945c8138a8326bbe68c7055b3604d1,2026-09-07T17:23:12.645992Z,2026-09-07T17:30:52.495352Z,98.2777,261,ack
20260907T172312Z_p4-chaos-dead,cockroachdb,chaos-dead,thesis,01ff85c294945c8138a8326bbe68c7055b3604d1,2026-09-07T17:23:12.645992Z,2026-09-07T17:30:52.495352Z,98.6431,262,ack
20260907T172312Z_p4-chaos-dead,cockroachdb,chaos-dead,thesis,01ff85c294945c8138a8326bbe68c7055b3604d1,2026-09-07T17:23:12.645992Z,2026-09-07T17:30:52.495352Z,99.0011,263,ack
20260907T172312Z_p4-chaos-dead,cockroachdb,chaos-dead,thesis,01ff85c294945c8138a8326bbe68c7055b3604d1,2026-09-07T17:23:12.645992Z,2026-09-07T17:30:52.495352Z,99.3622,264,ack
20260907T172312Z_p4-chaos-dead,cockroachdb,chaos-dead,thesis,01ff85c294945c8138a8326bbe68c7055b3604d1,2026-09-07T17:23:12.645992Z,2026-09-07T17:30:52.495352Z,99.7232,265,ack
20260907T172312Z_p4-chaos-dead,cockroachdb,chaos-dead,thesis,01ff85c294945c8138a8326bbe68c7055b3604d1,2026-09-07T17:23:12.645992Z,2026-09-07T17:30:52.495352Z,100.092,266,ack
20260907T172312Z_p4-chaos-dead,cockroachdb,chaos-dead,thesis,01ff85c294945c8138a8326bbe68c7055b3604d1,2026-09-07T17:23:12.645992Z,2026-09-07T17:30:52.495352Z,100.4692,267,ack
20260907T172312Z_p4-chaos-dead,cockroachdb,chaos-dead,thesis,01ff85c294945c8138a8326bbe68c7055b3604d1,2026-09-07T17:23:12.645992Z,2026-09-07T17:30:52.495352Z,100.8359,268,ack
20260907T172312Z_p4-chaos-dead,cockroachdb,chaos-dead,thesis,01ff85c294945c8138a8326bbe68c7055b3604d1,2026-09-07T17:23:12.645992Z,2026-09-07T17:30:52.495352Z,101.2088,269,ack
20260907T172312Z_p4-chaos-dead,cockroachdb,chaos-dead,thesis,01ff85c294945c8138a8326bbe68c7055b3604d1,2026-09-07T17:23:12.645992Z,2026-09-07T17:30:52.495352Z,101.5702,270,ack
20260907T172312Z_p4-chaos-dead,cockroachdb,chaos-dead,thesis,01ff85c294945c8138a8326bbe68c7055b3604d1,2026-09-07T17:23:12.645992Z,2026-09-07T17:30:52.495352Z,101.9437,271,ack
20260907T172312Z_p4-chaos-dead,cockroachdb,chaos-dead,thesis,01ff85c294945c8138a8326bbe68c7055b3604d1,2026-09-07T17:23:12.645992Z,2026-09-07T17:30:52.495352Z,102.3348,272,ack
20260907T172312Z_p4-chaos-dead,cockroachdb,chaos-dead,thesis,01ff85c294945c8138a8326bbe68c7055b3604d1,2026-09-07T17:23:12.645992Z,2026-09-07T17:30:52.495352Z,102.721,273,ack
20260907T172312Z_p4-chaos-dead,cockroachdb,chaos-dead,thesis,01ff85c294945c8138a8326bbe68c7055b3604d1,2026-09-07T17:23:12.645992Z,2026-09-07T17:30:52.495352Z,103.0875,274,ack
20260907T172312Z_p4-chaos-dead,cockroachdb,chaos-dead,thesis,01ff85c294945c8138a8326bbe68c7055b3604d1,2026-09-07T17:23:12.645992Z,2026-09-07T17:30:52.495352Z,103.4375,275,ack
20260907T172312Z_p4-chaos-dead,cockroachdb,chaos-dead,thesis,01ff85c294945c8138a8326bbe68c7055b3604d1,2026-09-07T17:23:12.645992Z,2026-09-07T17:30:52.495352Z,103.8075,276,ack
20260907T172312Z_p4-chaos-dead,cockroachdb,chaos-dead,thesis,01ff85c294945c8138a8326bbe68c7055b3604d1,2026-09-07T17:23:12.645992Z,2026-09-07T17:30:52.495352Z,104.1711,277,ack
20260907T172312Z_p4-chaos-dead,cockroachdb,chaos-dead,thesis,01ff85c294945c8138a8326bbe68c7055b3604d1,2026-09-07T17:23:12.645992Z,2026-09-07T17:30:52.495352Z,104.5372,278,ack
20260907T172312Z_p4-chaos-dead,cockroachdb,chaos-dead,thesis,01ff85c294945c8138a8326bbe68c7055b3604d1,2026-09-07T17:23:12.645992Z,2026-09-07T17:30:52.495352Z,104.9111,279,ack
20260907T172312Z_p4-chaos-dead,cockroachdb,chaos-dead,thesis,01ff85c294945c8138a8326bbe68c7055b3604d1,2026-09-07T17:23:12.645992Z,2026-09-07T17:30:52.495352Z,105.2744,280,ack
20260907T172312Z_p4-chaos-dead,cockroachdb,chaos-dead,thesis,01ff85c294945c8138a8326bbe68c7055b3604d1,2026-09-07T17:23:12.645992Z,2026-09-07T17:30:52.495352Z,105.6436,281,ack
20260907T172312Z_p4-chaos-dead,cockroachdb,chaos-dead,thesis,01ff85c294945c8138a8326bbe68c7055b3604d1,2026-09-07T17:23:12.645992Z,2026-09-07T17:30:52.495352Z,106.018,282,ack
20260907T172312Z_p4-chaos-dead,cockroachdb,chaos-dead,thesis,01ff85c294945c8138a8326bbe68c7055b3604d1,2026-09-07T17:23:12.645992Z,2026-09-07T17:30:52.495352Z,106.408,283,ack
20260907T172312Z_p4-chaos-dead,cockroachdb,chaos-dead,thesis,01ff85c294945c8138a8326bbe68c7055b3604d1,2026-09-07T17:23:12.645992Z,2026-09-07T17:30:52.495352Z,106.7916,284,ack
20260907T172312Z_p4-chaos-dead,cockroachdb,chaos-dead,thesis,01ff85c294945c8138a8326bbe68c7055b3604d1,2026-09-07T17:23:12.645992Z,2026-09-07T17:30:52.495352Z,107.1777,285,ack
20260907T172312Z_p4-chaos-dead,cockroachdb,chaos-dead,thesis,01ff85c294945c8138a8326bbe68c7055b3604d1,2026-09-07T17:23:12.645992Z,2026-09-07T17:30:52.495352Z,107.549,286,ack
20260907T172312Z_p4-chaos-dead,cockroachdb,chaos-dead,thesis,01ff85c294945c8138a8326bbe68c7055b3604d1,2026-09-07T17:23:12.645992Z,2026-09-07T17:30:52.495352Z,107.9191,287,ack
20260907T172312Z_p4-chaos-dead,cockroachdb,chaos-dead,thesis,01ff85c294945c8138a8326bbe68c7055b3604d1,2026-09-07T17:23:12.645992Z,2026-09-07T17:30:52.495352Z,108.2875,288,ack
20260907T172312Z_p4-chaos-dead,cockroachdb,chaos-dead,thesis,01ff85c294945c8138a8326bbe68c7055b3604d1,2026-09-07T17:23:12.645992Z,2026-09-07T17:30:52.495352Z,108.6588,289,ack
20260907T172312Z_p4-chaos-dead,cockroachdb,chaos-dead,thesis,01ff85c294945c8138a8326bbe68c7055b3604d1,2026-09-07T17:23:12.645992Z,2026-09-07T17:30:52.495352Z,109.0437,290,ack
20260907T172312Z_p4-chaos-dead,cockroachdb,chaos-dead,thesis,01ff85c294945c8138a8326bbe68c7055b3604d1,2026-09-07T17:23:12.645992Z,2026-09-07T17:30:52.495352Z,109.4281,291,ack
20260907T172312Z_p4-chaos-dead,cockroachdb,chaos-dead,thesis,01ff85c294945c8138a8326bbe68c7055b3604d1,2026-09-07T17:23:12.645992Z,2026-09-07T17:30:52.495352Z,109.7882,292,ack
20260907T172312Z_p4-chaos-dead,cockroachdb,chaos-dead,thesis,01ff85c294945c8138a8326bbe68c7055b3604d1,2026-09-07T17:23:12.645992Z,2026-09-07T17:30:52.495352Z,110.1636,293,ack
20260907T172312Z_p4-chaos-dead,cockroachdb,chaos-dead,thesis,01ff85c294945c8138a8326bbe68c7055b3604d1,2026-09-07T17:23:12.645992Z,2026-09-07T17:30:52.495352Z,110.5285,294,ack
20260907T172312Z_p4-chaos-dead,cockroachdb,chaos-dead,thesis,01ff85c294945c8138a8326bbe68c7055b3604d1,2026-09-07T17:23:12.645992Z,2026-09-07T17:30:52.495352Z,110.899,295,ack
20260907T172312Z_p4-chaos-dead,cockroachdb,chaos-dead,thesis,01ff85c294945c8138a8326bbe68c7055b3604d1,2026-09-07T17:23:12.645992Z,2026-09-07T17:30:52.495352Z,111.2622,296,ack
20260907T172312Z_p4-chaos-dead,cockroachdb,chaos-dead,thesis,01ff85c294945c8138a8326bbe68c7055b3604d1,2026-09-07T17:23:12.645992Z,2026-09-07T17:30:52.495352Z,111.6709,297,ack
20260907T172312Z_p4-chaos-dead,cockroachdb,chaos-dead,thesis,01ff85c294945c8138a8326bbe68c7055b3604d1,2026-09-07T17:23:12.645992Z,2026-09-07T17:30:52.495352Z,112.0796,298,ack
20260907T172312Z_p4-chaos-dead,cockroachdb,chaos-dead,thesis,01ff85c294945c8138a8326bbe68c7055b3604d1,2026-09-07T17:23:12.645992Z,2026-09-07T17:30:52.495352Z,112.4443,299,ack
20260907T172312Z_p4-chaos-dead,cockroachdb,chaos-dead,thesis,01ff85c294945c8138a8326bbe68c7055b3604d1,2026-09-07T17:23:12.645992Z,2026-09-07T17:30:52.495352Z,112.8182,300,ack
20260907T172312Z_p4-chaos-dead,cockroachdb,chaos-dead,thesis,01ff85c294945c8138a8326bbe68c7055b3604d1,2026-09-07T17:23:12.645992Z,2026-09-07T17:30:52.495352Z,113.1924,301,ack
20260907T172312Z_p4-chaos-dead,cockroachdb,chaos-dead,thesis,01ff85c294945c8138a8326bbe68c7055b3604d1,2026-09-07T17:23:12.645992Z,2026-09-07T17:30:52.495352Z,113.5592,302,ack
20260907T172312Z_p4-chaos-dead,cockroachdb,chaos-dead,thesis,01ff85c294945c8138a8326bbe68c7055b3604d1,2026-09-07T17:23:12.645992Z,2026-09-07T17:30:52.495352Z,113.9244,303,ack
20260907T172312Z_p4-chaos-dead,cockroachdb,chaos-dead,thesis,01ff85c294945c8138a8326bbe68c7055b3604d1,2026-09-07T17:23:12.645992Z,2026-09-07T17:30:52.495352Z,114.2931,304,ack
20260907T172312Z_p4-chaos-dead,cockroachdb,chaos-dead,thesis,01ff85c294945c8138a8326bbe68c7055b3604d1,2026-09-07T17:23:12.645992Z,2026-09-07T17:30:52.495352Z,114.6542,305,ack
20260907T172312Z_p4-chaos-dead,cockroachdb,chaos-dead,thesis,01ff85c294945c8138a8326bbe68c7055b3604d1,2026-09-07T17:23:12.645992Z,2026-09-07T17:30:52.495352Z,115.0138,306,ack
20260907T172312Z_p4-chaos-dead,cockroachdb,chaos-dead,thesis,01ff85c294945c8138a8326bbe68c7055b3604d1,2026-09-07T17:23:12.645992Z,2026-09-07T17:30:52.495352Z,115.3681,307,ack
20260907T172312Z_p4-chaos-dead,cockroachdb,chaos-dead,thesis,01ff85c294945c8138a8326bbe68c7055b3604d1,2026-09-07T17:23:12.645992Z,2026-09-07T17:30:52.495352Z,115.7281,308,ack
20260907T172312Z_p4-chaos-dead,cockroachdb,chaos-dead,thesis,01ff85c294945c8138a8326bbe68c7055b3604d1,2026-09-07T17:23:12.645992Z,2026-09-07T17:30:52.495352Z,116.1126,309,ack
20260907T172312Z_p4-chaos-dead,cockroachdb,chaos-dead,thesis,01ff85c294945c8138a8326bbe68c7055b3604d1,2026-09-07T17:23:12.645992Z,2026-09-07T17:30:52.495352Z,116.4784,310,ack
20260907T172312Z_p4-chaos-dead,cockroachdb,chaos-dead,thesis,01ff85c294945c8138a8326bbe68c7055b3604d1,2026-09-07T17:23:12.645992Z,2026-09-07T17:30:52.495352Z,116.8388,311,ack
20260907T172312Z_p4-chaos-dead,cockroachdb,chaos-dead,thesis,01ff85c294945c8138a8326bbe68c7055b3604d1,2026-09-07T17:23:12.645992Z,2026-09-07T17:30:52.495352Z,117.2123,312,ack
20260907T172312Z_p4-chaos-dead,cockroachdb,chaos-dead,thesis,01ff85c294945c8138a8326bbe68c7055b3604d1,2026-09-07T17:23:12.645992Z,2026-09-07T17:30:52.495352Z,117.579,313,ack
20260907T172312Z_p4-chaos-dead,cockroachdb,chaos-dead,thesis,01ff85c294945c8138a8326bbe68c7055b3604d1,2026-09-07T17:23:12.645992Z,2026-09-07T17:30:52.495352Z,117.9757,314,ack
20260907T172312Z_p4-chaos-dead,cockroachdb,chaos-dead,thesis,01ff85c294945c8138a8326bbe68c7055b3604d1,2026-09-07T17:23:12.645992Z,2026-09-07T17:30:52.495352Z,118.3483,315,ack
20260907T172312Z_p4-chaos-dead,cockroachdb,chaos-dead,thesis,01ff85c294945c8138a8326bbe68c7055b3604d1,2026-09-07T17:23:12.645992Z,2026-09-07T17:30:52.495352Z,118.7153,316,ack
20260907T172312Z_p4-chaos-dead,cockroachdb,chaos-dead,thesis,01ff85c294945c8138a8326bbe68c7055b3604d1,2026-09-07T17:23:12.645992Z,2026-09-07T17:30:52.495352Z,119.0844,317,ack
20260907T172312Z_p4-chaos-dead,cockroachdb,chaos-dead,thesis,01ff85c294945c8138a8326bbe68c7055b3604d1,2026-09-07T17:23:12.645992Z,2026-09-07T17:30:52.495352Z,119.4382,318,ack
20260907T172312Z_p4-chaos-dead,cockroachdb,chaos-dead,thesis,01ff85c294945c8138a8326bbe68c7055b3604d1,2026-09-07T17:23:12.645992Z,2026-09-07T17:30:52.495352Z,119.8084,319,ack
20260907T172312Z_p4-chaos-dead,cockroachdb,chaos-dead,thesis,01ff85c294945c8138a8326bbe68c7055b3604d1,2026-09-07T17:23:12.645992Z,2026-09-07T17:30:52.495352Z,120.1679,320,ack
20260907T172312Z_p4-chaos-dead,cockroachdb,chaos-dead,thesis,01ff85c294945c8138a8326bbe68c7055b3604d1,2026-09-07T17:23:12.645992Z,2026-09-07T17:30:52.495352Z,120.5327,321,ack
20260907T172312Z_p4-chaos-dead,cockroachdb,chaos-dead,thesis,01ff85c294945c8138a8326bbe68c7055b3604d1,2026-09-07T17:23:12.645992Z,2026-09-07T17:30:52.495352Z,120.8942,322,ack
20260907T172312Z_p4-chaos-dead,cockroachdb,chaos-dead,thesis,01ff85c294945c8138a8326bbe68c7055b3604d1,2026-09-07T17:23:12.645992Z,2026-09-07T17:30:52.495352Z,121.2546,323,ack
20260907T172312Z_p4-chaos-dead,cockroachdb,chaos-dead,thesis,01ff85c294945c8138a8326bbe68c7055b3604d1,2026-09-07T17:23:12.645992Z,2026-09-07T17:30:52.495352Z,121.6285,324,ack
20260907T172312Z_p4-chaos-dead,cockroachdb,chaos-dead,thesis,01ff85c294945c8138a8326bbe68c7055b3604d1,2026-09-07T17:23:12.645992Z,2026-09-07T17:30:52.495352Z,122.0189,325,ack
20260907T172312Z_p4-chaos-dead,cockroachdb,chaos-dead,thesis,01ff85c294945c8138a8326bbe68c7055b3604d1,2026-09-07T17:23:12.645992Z,2026-09-07T17:30:52.495352Z,122.3803,326,ack
20260907T172312Z_p4-chaos-dead,cockroachdb,chaos-dead,thesis,01ff85c294945c8138a8326bbe68c7055b3604d1,2026-09-07T17:23:12.645992Z,2026-09-07T17:30:52.495352Z,122.7489,327,ack
20260907T172312Z_p4-chaos-dead,cockroachdb,chaos-dead,thesis,01ff85c294945c8138a8326bbe68c7055b3604d1,2026-09-07T17:23:12.645992Z,2026-09-07T17:30:52.495352Z,123.0999,328,ack
20260907T172312Z_p4-chaos-dead,cockroachdb,chaos-dead,thesis,01ff85c294945c8138a8326bbe68c7055b3604d1,2026-09-07T17:23:12.645992Z,2026-09-07T17:30:52.495352Z,123.4543,329,ack
20260907T172312Z_p4-chaos-dead,cockroachdb,chaos-dead,thesis,01ff85c294945c8138a8326bbe68c7055b3604d1,2026-09-07T17:23:12.645992Z,2026-09-07T17:30:52.495352Z,123.8044,330,ack
20260907T172312Z_p4-chaos-dead,cockroachdb,chaos-dead,thesis,01ff85c294945c8138a8326bbe68c7055b3604d1,2026-09-07T17:23:12.645992Z,2026-09-07T17:30:52.495352Z,124.1723,331,ack
20260907T172312Z_p4-chaos-dead,cockroachdb,chaos-dead,thesis,01ff85c294945c8138a8326bbe68c7055b3604d1,2026-09-07T17:23:12.645992Z,2026-09-07T17:30:52.495352Z,124.5339,332,ack
20260907T172312Z_p4-chaos-dead,cockroachdb,chaos-dead,thesis,01ff85c294945c8138a8326bbe68c7055b3604d1,2026-09-07T17:23:12.645992Z,2026-09-07T17:30:52.495352Z,124.8947,333,ack
20260907T172312Z_p4-chaos-dead,cockroachdb,chaos-dead,thesis,01ff85c294945c8138a8326bbe68c7055b3604d1,2026-09-07T17:23:12.645992Z,2026-09-07T17:30:52.495352Z,125.2514,334,ack
20260907T172312Z_p4-chaos-dead,cockroachdb,chaos-dead,thesis,01ff85c294945c8138a8326bbe68c7055b3604d1,2026-09-07T17:23:12.645992Z,2026-09-07T17:30:52.495352Z,125.598,335,ack
20260907T172312Z_p4-chaos-dead,cockroachdb,chaos-dead,thesis,01ff85c294945c8138a8326bbe68c7055b3604d1,2026-09-07T17:23:12.645992Z,2026-09-07T17:30:52.495352Z,125.9546,336,ack
20260907T172312Z_p4-chaos-dead,cockroachdb,chaos-dead,thesis,01ff85c294945c8138a8326bbe68c7055b3604d1,2026-09-07T17:23:12.645992Z,2026-09-07T17:30:52.495352Z,126.3181,337,ack
20260907T172312Z_p4-chaos-dead,cockroachdb,chaos-dead,thesis,01ff85c294945c8138a8326bbe68c7055b3604d1,2026-09-07T17:23:12.645992Z,2026-09-07T17:30:52.495352Z,126.6742,338,ack
20260907T172312Z_p4-chaos-dead,cockroachdb,chaos-dead,thesis,01ff85c294945c8138a8326bbe68c7055b3604d1,2026-09-07T17:23:12.645992Z,2026-09-07T17:30:52.495352Z,127.0342,339,ack
20260907T172312Z_p4-chaos-dead,cockroachdb,chaos-dead,thesis,01ff85c294945c8138a8326bbe68c7055b3604d1,2026-09-07T17:23:12.645992Z,2026-09-07T17:30:52.495352Z,127.4085,340,ack
20260907T172312Z_p4-chaos-dead,cockroachdb,chaos-dead,thesis,01ff85c294945c8138a8326bbe68c7055b3604d1,2026-09-07T17:23:12.645992Z,2026-09-07T17:30:52.495352Z,127.7836,341,ack
20260907T172312Z_p4-chaos-dead,cockroachdb,chaos-dead,thesis,01ff85c294945c8138a8326bbe68c7055b3604d1,2026-09-07T17:23:12.645992Z,2026-09-07T17:30:52.495352Z,128.1449,342,ack
20260907T172312Z_p4-chaos-dead,cockroachdb,chaos-dead,thesis,01ff85c294945c8138a8326bbe68c7055b3604d1,2026-09-07T17:23:12.645992Z,2026-09-07T17:30:52.495352Z,128.5043,343,ack
20260907T172312Z_p4-chaos-dead,cockroachdb,chaos-dead,thesis,01ff85c294945c8138a8326bbe68c7055b3604d1,2026-09-07T17:23:12.645992Z,2026-09-07T17:30:52.495352Z,128.8638,344,ack
20260907T172312Z_p4-chaos-dead,cockroachdb,chaos-dead,thesis,01ff85c294945c8138a8326bbe68c7055b3604d1,2026-09-07T17:23:12.645992Z,2026-09-07T17:30:52.495352Z,129.2329,345,ack
20260907T172312Z_p4-chaos-dead,cockroachdb,chaos-dead,thesis,01ff85c294945c8138a8326bbe68c7055b3604d1,2026-09-07T17:23:12.645992Z,2026-09-07T17:30:52.495352Z,129.5886,346,ack
20260907T172312Z_p4-chaos-dead,cockroachdb,chaos-dead,thesis,01ff85c294945c8138a8326bbe68c7055b3604d1,2026-09-07T17:23:12.645992Z,2026-09-07T17:30:52.495352Z,129.9729,347,ack
20260907T172312Z_p4-chaos-dead,cockroachdb,chaos-dead,thesis,01ff85c294945c8138a8326bbe68c7055b3604d1,2026-09-07T17:23:12.645992Z,2026-09-07T17:30:52.495352Z,130.3345,348,ack
20260907T172312Z_p4-chaos-dead,cockroachdb,chaos-dead,thesis,01ff85c294945c8138a8326bbe68c7055b3604d1,2026-09-07T17:23:12.645992Z,2026-09-07T17:30:52.495352Z,130.7035,349,ack
20260907T172312Z_p4-chaos-dead,cockroachdb,chaos-dead,thesis,01ff85c294945c8138a8326bbe68c7055b3604d1,2026-09-07T17:23:12.645992Z,2026-09-07T17:30:52.495352Z,131.0642,350,ack
20260907T172312Z_p4-chaos-dead,cockroachdb,chaos-dead,thesis,01ff85c294945c8138a8326bbe68c7055b3604d1,2026-09-07T17:23:12.645992Z,2026-09-07T17:30:52.495352Z,131.4192,351,ack
20260907T172312Z_p4-chaos-dead,cockroachdb,chaos-dead,thesis,01ff85c294945c8138a8326bbe68c7055b3604d1,2026-09-07T17:23:12.645992Z,2026-09-07T17:30:52.495352Z,131.7733,352,ack
20260907T172312Z_p4-chaos-dead,cockroachdb,chaos-dead,thesis,01ff85c294945c8138a8326bbe68c7055b3604d1,2026-09-07T17:23:12.645992Z,2026-09-07T17:30:52.495352Z,132.1238,353,ack
20260907T172312Z_p4-chaos-dead,cockroachdb,chaos-dead,thesis,01ff85c294945c8138a8326bbe68c7055b3604d1,2026-09-07T17:23:12.645992Z,2026-09-07T17:30:52.495352Z,132.4792,354,ack
20260907T172312Z_p4-chaos-dead,cockroachdb,chaos-dead,thesis,01ff85c294945c8138a8326bbe68c7055b3604d1,2026-09-07T17:23:12.645992Z,2026-09-07T17:30:52.495352Z,132.8488,355,ack
20260907T172312Z_p4-chaos-dead,cockroachdb,chaos-dead,thesis,01ff85c294945c8138a8326bbe68c7055b3604d1,2026-09-07T17:23:12.645992Z,2026-09-07T17:30:52.495352Z,133.2246,356,ack
20260907T172312Z_p4-chaos-dead,cockroachdb,chaos-dead,thesis,01ff85c294945c8138a8326bbe68c7055b3604d1,2026-09-07T17:23:12.645992Z,2026-09-07T17:30:52.495352Z,133.588,357,ack
20260907T172312Z_p4-chaos-dead,cockroachdb,chaos-dead,thesis,01ff85c294945c8138a8326bbe68c7055b3604d1,2026-09-07T17:23:12.645992Z,2026-09-07T17:30:52.495352Z,133.9548,358,ack
20260907T172312Z_p4-chaos-dead,cockroachdb,chaos-dead,thesis,01ff85c294945c8138a8326bbe68c7055b3604d1,2026-09-07T17:23:12.645992Z,2026-09-07T17:30:52.495352Z,134.3228,359,ack
20260907T172312Z_p4-chaos-dead,cockroachdb,chaos-dead,thesis,01ff85c294945c8138a8326bbe68c7055b3604d1,2026-09-07T17:23:12.645992Z,2026-09-07T17:30:52.495352Z,134.6839,360,ack
20260907T172312Z_p4-chaos-dead,cockroachdb,chaos-dead,thesis,01ff85c294945c8138a8326bbe68c7055b3604d1,2026-09-07T17:23:12.645992Z,2026-09-07T17:30:52.495352Z,135.0427,361,ack
20260907T172312Z_p4-chaos-dead,cockroachdb,chaos-dead,thesis,01ff85c294945c8138a8326bbe68c7055b3604d1,2026-09-07T17:23:12.645992Z,2026-09-07T17:30:52.495352Z,135.4042,362,ack
20260907T172312Z_p4-chaos-dead,cockroachdb,chaos-dead,thesis,01ff85c294945c8138a8326bbe68c7055b3604d1,2026-09-07T17:23:12.645992Z,2026-09-07T17:30:52.495352Z,135.764,363,ack
20260907T172312Z_p4-chaos-dead,cockroachdb,chaos-dead,thesis,01ff85c294945c8138a8326bbe68c7055b3604d1,2026-09-07T17:23:12.645992Z,2026-09-07T17:30:52.495352Z,136.122,364,ack
20260907T172312Z_p4-chaos-dead,cockroachdb,chaos-dead,thesis,01ff85c294945c8138a8326bbe68c7055b3604d1,2026-09-07T17:23:12.645992Z,2026-09-07T17:30:52.495352Z,136.4892,365,ack
20260907T172312Z_p4-chaos-dead,cockroachdb,chaos-dead,thesis,01ff85c294945c8138a8326bbe68c7055b3604d1,2026-09-07T17:23:12.645992Z,2026-09-07T17:30:52.495352Z,136.8586,366,ack
20260907T172312Z_p4-chaos-dead,cockroachdb,chaos-dead,thesis,01ff85c294945c8138a8326bbe68c7055b3604d1,2026-09-07T17:23:12.645992Z,2026-09-07T17:30:52.495352Z,137.2375,367,ack
20260907T172312Z_p4-chaos-dead,cockroachdb,chaos-dead,thesis,01ff85c294945c8138a8326bbe68c7055b3604d1,2026-09-07T17:23:12.645992Z,2026-09-07T17:30:52.495352Z,137.6028,368,ack
20260907T172312Z_p4-chaos-dead,cockroachdb,chaos-dead,thesis,01ff85c294945c8138a8326bbe68c7055b3604d1,2026-09-07T17:23:12.645992Z,2026-09-07T17:30:52.495352Z,137.9584,369,ack
20260907T172312Z_p4-chaos-dead,cockroachdb,chaos-dead,thesis,01ff85c294945c8138a8326bbe68c7055b3604d1,2026-09-07T17:23:12.645992Z,2026-09-07T17:30:52.495352Z,138.3281,370,ack
20260907T172312Z_p4-chaos-dead,cockroachdb,chaos-dead,thesis,01ff85c294945c8138a8326bbe68c7055b3604d1,2026-09-07T17:23:12.645992Z,2026-09-07T17:30:52.495352Z,138.6833,371,ack
20260907T172312Z_p4-chaos-dead,cockroachdb,chaos-dead,thesis,01ff85c294945c8138a8326bbe68c7055b3604d1,2026-09-07T17:23:12.645992Z,2026-09-07T17:30:52.495352Z,139.0484,372,ack
20260907T172312Z_p4-chaos-dead,cockroachdb,chaos-dead,thesis,01ff85c294945c8138a8326bbe68c7055b3604d1,2026-09-07T17:23:12.645992Z,2026-09-07T17:30:52.495352Z,139.4035,373,ack
20260907T172312Z_p4-chaos-dead,cockroachdb,chaos-dead,thesis,01ff85c294945c8138a8326bbe68c7055b3604d1,2026-09-07T17:23:12.645992Z,2026-09-07T17:30:52.495352Z,139.7529,374,ack
20260907T172312Z_p4-chaos-dead,cockroachdb,chaos-dead,thesis,01ff85c294945c8138a8326bbe68c7055b3604d1,2026-09-07T17:23:12.645992Z,2026-09-07T17:30:52.495352Z,140.1209,375,ack
20260907T172312Z_p4-chaos-dead,cockroachdb,chaos-dead,thesis,01ff85c294945c8138a8326bbe68c7055b3604d1,2026-09-07T17:23:12.645992Z,2026-09-07T17:30:52.495352Z,140.4997,376,ack
20260907T172312Z_p4-chaos-dead,cockroachdb,chaos-dead,thesis,01ff85c294945c8138a8326bbe68c7055b3604d1,2026-09-07T17:23:12.645992Z,2026-09-07T17:30:52.495352Z,140.8652,377,ack
20260907T172312Z_p4-chaos-dead,cockroachdb,chaos-dead,thesis,01ff85c294945c8138a8326bbe68c7055b3604d1,2026-09-07T17:23:12.645992Z,2026-09-07T17:30:52.495352Z,141.224,378,ack
20260907T172312Z_p4-chaos-dead,cockroachdb,chaos-dead,thesis,01ff85c294945c8138a8326bbe68c7055b3604d1,2026-09-07T17:23:12.645992Z,2026-09-07T17:30:52.495352Z,141.5893,379,ack
20260907T172312Z_p4-chaos-dead,cockroachdb,chaos-dead,thesis,01ff85c294945c8138a8326bbe68c7055b3604d1,2026-09-07T17:23:12.645992Z,2026-09-07T17:30:52.495352Z,141.9527,380,ack
20260907T172312Z_p4-chaos-dead,cockroachdb,chaos-dead,thesis,01ff85c294945c8138a8326bbe68c7055b3604d1,2026-09-07T17:23:12.645992Z,2026-09-07T17:30:52.495352Z,142.3182,381,ack
20260907T172312Z_p4-chaos-dead,cockroachdb,chaos-dead,thesis,01ff85c294945c8138a8326bbe68c7055b3604d1,2026-09-07T17:23:12.645992Z,2026-09-07T17:30:52.495352Z,142.6948,382,ack
20260907T172312Z_p4-chaos-dead,cockroachdb,chaos-dead,thesis,01ff85c294945c8138a8326bbe68c7055b3604d1,2026-09-07T17:23:12.645992Z,2026-09-07T17:30:52.495352Z,143.0584,383,ack
20260907T172312Z_p4-chaos-dead,cockroachdb,chaos-dead,thesis,01ff85c294945c8138a8326bbe68c7055b3604d1,2026-09-07T17:23:12.645992Z,2026-09-07T17:30:52.495352Z,143.4151,384,ack
20260907T172312Z_p4-chaos-dead,cockroachdb,chaos-dead,thesis,01ff85c294945c8138a8326bbe68c7055b3604d1,2026-09-07T17:23:12.645992Z,2026-09-07T17:30:52.495352Z,143.799,385,ack
20260907T172312Z_p4-chaos-dead,cockroachdb,chaos-dead,thesis,01ff85c294945c8138a8326bbe68c7055b3604d1,2026-09-07T17:23:12.645992Z,2026-09-07T17:30:52.495352Z,144.1957,386,ack
20260907T172312Z_p4-chaos-dead,cockroachdb,chaos-dead,thesis,01ff85c294945c8138a8326bbe68c7055b3604d1,2026-09-07T17:23:12.645992Z,2026-09-07T17:30:52.495352Z,144.5477,387,ack
20260907T172312Z_p4-chaos-dead,cockroachdb,chaos-dead,thesis,01ff85c294945c8138a8326bbe68c7055b3604d1,2026-09-07T17:23:12.645992Z,2026-09-07T17:30:52.495352Z,144.9221,388,ack
20260907T172312Z_p4-chaos-dead,cockroachdb,chaos-dead,thesis,01ff85c294945c8138a8326bbe68c7055b3604d1,2026-09-07T17:23:12.645992Z,2026-09-07T17:30:52.495352Z,145.2846,389,ack
20260907T172312Z_p4-chaos-dead,cockroachdb,chaos-dead,thesis,01ff85c294945c8138a8326bbe68c7055b3604d1,2026-09-07T17:23:12.645992Z,2026-09-07T17:30:52.495352Z,145.6426,390,ack
20260907T172312Z_p4-chaos-dead,cockroachdb,chaos-dead,thesis,01ff85c294945c8138a8326bbe68c7055b3604d1,2026-09-07T17:23:12.645992Z,2026-09-07T17:30:52.495352Z,146.0022,391,ack
20260907T172312Z_p4-chaos-dead,cockroachdb,chaos-dead,thesis,01ff85c294945c8138a8326bbe68c7055b3604d1,2026-09-07T17:23:12.645992Z,2026-09-07T17:30:52.495352Z,146.364,392,ack
20260907T172312Z_p4-chaos-dead,cockroachdb,chaos-dead,thesis,01ff85c294945c8138a8326bbe68c7055b3604d1,2026-09-07T17:23:12.645992Z,2026-09-07T17:30:52.495352Z,146.724,393,ack
20260907T172312Z_p4-chaos-dead,cockroachdb,chaos-dead,thesis,01ff85c294945c8138a8326bbe68c7055b3604d1,2026-09-07T17:23:12.645992Z,2026-09-07T17:30:52.495352Z,147.0841,394,ack
20260907T172312Z_p4-chaos-dead,cockroachdb,chaos-dead,thesis,01ff85c294945c8138a8326bbe68c7055b3604d1,2026-09-07T17:23:12.645992Z,2026-09-07T17:30:52.495352Z,147.4484,395,ack
20260907T172312Z_p4-chaos-dead,cockroachdb,chaos-dead,thesis,01ff85c294945c8138a8326bbe68c7055b3604d1,2026-09-07T17:23:12.645992Z,2026-09-07T17:30:52.495352Z,147.8029,396,ack
20260907T172312Z_p4-chaos-dead,cockroachdb,chaos-dead,thesis,01ff85c294945c8138a8326bbe68c7055b3604d1,2026-09-07T17:23:12.645992Z,2026-09-07T17:30:52.495352Z,148.1827,397,ack
20260907T172312Z_p4-chaos-dead,cockroachdb,chaos-dead,thesis,01ff85c294945c8138a8326bbe68c7055b3604d1,2026-09-07T17:23:12.645992Z,2026-09-07T17:30:52.495352Z,148.6069,398,ack
20260907T172312Z_p4-chaos-dead,cockroachdb,chaos-dead,thesis,01ff85c294945c8138a8326bbe68c7055b3604d1,2026-09-07T17:23:12.645992Z,2026-09-07T17:30:52.495352Z,148.9792,399,ack
20260907T172312Z_p4-chaos-dead,cockroachdb,chaos-dead,thesis,01ff85c294945c8138a8326bbe68c7055b3604d1,2026-09-07T17:23:12.645992Z,2026-09-07T17:30:52.495352Z,149.3284,400,ack
20260907T172312Z_p4-chaos-dead,cockroachdb,chaos-dead,thesis,01ff85c294945c8138a8326bbe68c7055b3604d1,2026-09-07T17:23:12.645992Z,2026-09-07T17:30:52.495352Z,149.6944,401,ack
20260907T172312Z_p4-chaos-dead,cockroachdb,chaos-dead,thesis,01ff85c294945c8138a8326bbe68c7055b3604d1,2026-09-07T17:23:12.645992Z,2026-09-07T17:30:52.495352Z,150.0576,402,ack
20260907T172312Z_p4-chaos-dead,cockroachdb,chaos-dead,thesis,01ff85c294945c8138a8326bbe68c7055b3604d1,2026-09-07T17:23:12.645992Z,2026-09-07T17:30:52.495352Z,150.4912,403,ack
20260907T172312Z_p4-chaos-dead,cockroachdb,chaos-dead,thesis,01ff85c294945c8138a8326bbe68c7055b3604d1,2026-09-07T17:23:12.645992Z,2026-09-07T17:30:52.495352Z,150.8765,404,ack
20260907T172312Z_p4-chaos-dead,cockroachdb,chaos-dead,thesis,01ff85c294945c8138a8326bbe68c7055b3604d1,2026-09-07T17:23:12.645992Z,2026-09-07T17:30:52.495352Z,151.2264,405,ack
20260907T172312Z_p4-chaos-dead,cockroachdb,chaos-dead,thesis,01ff85c294945c8138a8326bbe68c7055b3604d1,2026-09-07T17:23:12.645992Z,2026-09-07T17:30:52.495352Z,151.6019,406,ack
20260907T172312Z_p4-chaos-dead,cockroachdb,chaos-dead,thesis,01ff85c294945c8138a8326bbe68c7055b3604d1,2026-09-07T17:23:12.645992Z,2026-09-07T17:30:52.495352Z,151.9857,407,ack
20260907T172312Z_p4-chaos-dead,cockroachdb,chaos-dead,thesis,01ff85c294945c8138a8326bbe68c7055b3604d1,2026-09-07T17:23:12.645992Z,2026-09-07T17:30:52.495352Z,152.3496,408,ack
20260907T172312Z_p4-chaos-dead,cockroachdb,chaos-dead,thesis,01ff85c294945c8138a8326bbe68c7055b3604d1,2026-09-07T17:23:12.645992Z,2026-09-07T17:30:52.495352Z,152.713,409,ack
20260907T172312Z_p4-chaos-dead,cockroachdb,chaos-dead,thesis,01ff85c294945c8138a8326bbe68c7055b3604d1,2026-09-07T17:23:12.645992Z,2026-09-07T17:30:52.495352Z,153.0686,410,ack
20260907T172312Z_p4-chaos-dead,cockroachdb,chaos-dead,thesis,01ff85c294945c8138a8326bbe68c7055b3604d1,2026-09-07T17:23:12.645992Z,2026-09-07T17:30:52.495352Z,153.4283,411,ack
20260907T172312Z_p4-chaos-dead,cockroachdb,chaos-dead,thesis,01ff85c294945c8138a8326bbe68c7055b3604d1,2026-09-07T17:23:12.645992Z,2026-09-07T17:30:52.495352Z,153.8049,412,ack
20260907T172312Z_p4-chaos-dead,cockroachdb,chaos-dead,thesis,01ff85c294945c8138a8326bbe68c7055b3604d1,2026-09-07T17:23:12.645992Z,2026-09-07T17:30:52.495352Z,154.1585,413,ack
20260907T172312Z_p4-chaos-dead,cockroachdb,chaos-dead,thesis,01ff85c294945c8138a8326bbe68c7055b3604d1,2026-09-07T17:23:12.645992Z,2026-09-07T17:30:52.495352Z,154.5228,414,ack
20260907T172312Z_p4-chaos-dead,cockroachdb,chaos-dead,thesis,01ff85c294945c8138a8326bbe68c7055b3604d1,2026-09-07T17:23:12.645992Z,2026-09-07T17:30:52.495352Z,154.877,415,ack
20260907T172312Z_p4-chaos-dead,cockroachdb,chaos-dead,thesis,01ff85c294945c8138a8326bbe68c7055b3604d1,2026-09-07T17:23:12.645992Z,2026-09-07T17:30:52.495352Z,155.2282,416,ack
20260907T172312Z_p4-chaos-dead,cockroachdb,chaos-dead,thesis,01ff85c294945c8138a8326bbe68c7055b3604d1,2026-09-07T17:23:12.645992Z,2026-09-07T17:30:52.495352Z,155.6085,417,ack
20260907T172312Z_p4-chaos-dead,cockroachdb,chaos-dead,thesis,01ff85c294945c8138a8326bbe68c7055b3604d1,2026-09-07T17:23:12.645992Z,2026-09-07T17:30:52.495352Z,155.9625,418,ack
20260907T172312Z_p4-chaos-dead,cockroachdb,chaos-dead,thesis,01ff85c294945c8138a8326bbe68c7055b3604d1,2026-09-07T17:23:12.645992Z,2026-09-07T17:30:52.495352Z,156.3125,419,ack
20260907T172312Z_p4-chaos-dead,cockroachdb,chaos-dead,thesis,01ff85c294945c8138a8326bbe68c7055b3604d1,2026-09-07T17:23:12.645992Z,2026-09-07T17:30:52.495352Z,156.6891,420,ack
20260907T172312Z_p4-chaos-dead,cockroachdb,chaos-dead,thesis,01ff85c294945c8138a8326bbe68c7055b3604d1,2026-09-07T17:23:12.645992Z,2026-09-07T17:30:52.495352Z,157.0502,421,ack
20260907T172312Z_p4-chaos-dead,cockroachdb,chaos-dead,thesis,01ff85c294945c8138a8326bbe68c7055b3604d1,2026-09-07T17:23:12.645992Z,2026-09-07T17:30:52.495352Z,157.4358,422,ack
20260907T172312Z_p4-chaos-dead,cockroachdb,chaos-dead,thesis,01ff85c294945c8138a8326bbe68c7055b3604d1,2026-09-07T17:23:12.645992Z,2026-09-07T17:30:52.495352Z,157.799,423,ack
20260907T172312Z_p4-chaos-dead,cockroachdb,chaos-dead,thesis,01ff85c294945c8138a8326bbe68c7055b3604d1,2026-09-07T17:23:12.645992Z,2026-09-07T17:30:52.495352Z,158.1854,424,ack
20260907T172312Z_p4-chaos-dead,cockroachdb,chaos-dead,thesis,01ff85c294945c8138a8326bbe68c7055b3604d1,2026-09-07T17:23:12.645992Z,2026-09-07T17:30:52.495352Z,158.5447,425,ack
20260907T172312Z_p4-chaos-dead,cockroachdb,chaos-dead,thesis,01ff85c294945c8138a8326bbe68c7055b3604d1,2026-09-07T17:23:12.645992Z,2026-09-07T17:30:52.495352Z,158.9147,426,ack
20260907T172312Z_p4-chaos-dead,cockroachdb,chaos-dead,thesis,01ff85c294945c8138a8326bbe68c7055b3604d1,2026-09-07T17:23:12.645992Z,2026-09-07T17:30:52.495352Z,159.2723,427,ack
20260907T172312Z_p4-chaos-dead,cockroachdb,chaos-dead,thesis,01ff85c294945c8138a8326bbe68c7055b3604d1,2026-09-07T17:23:12.645992Z,2026-09-07T17:30:52.495352Z,159.6385,428,ack
20260907T172312Z_p4-chaos-dead,cockroachdb,chaos-dead,thesis,01ff85c294945c8138a8326bbe68c7055b3604d1,2026-09-07T17:23:12.645992Z,2026-09-07T17:30:52.495352Z,160.0087,429,ack
20260907T172312Z_p4-chaos-dead,cockroachdb,chaos-dead,thesis,01ff85c294945c8138a8326bbe68c7055b3604d1,2026-09-07T17:23:12.645992Z,2026-09-07T17:30:52.495352Z,160.3789,430,ack
20260907T172312Z_p4-chaos-dead,cockroachdb,chaos-dead,thesis,01ff85c294945c8138a8326bbe68c7055b3604d1,2026-09-07T17:23:12.645992Z,2026-09-07T17:30:52.495352Z,160.7336,431,ack
20260907T172312Z_p4-chaos-dead,cockroachdb,chaos-dead,thesis,01ff85c294945c8138a8326bbe68c7055b3604d1,2026-09-07T17:23:12.645992Z,2026-09-07T17:30:52.495352Z,161.0928,432,ack
20260907T172312Z_p4-chaos-dead,cockroachdb,chaos-dead,thesis,01ff85c294945c8138a8326bbe68c7055b3604d1,2026-09-07T17:23:12.645992Z,2026-09-07T17:30:52.495352Z,161.4542,433,ack
20260907T172312Z_p4-chaos-dead,cockroachdb,chaos-dead,thesis,01ff85c294945c8138a8326bbe68c7055b3604d1,2026-09-07T17:23:12.645992Z,2026-09-07T17:30:52.495352Z,161.8142,434,ack
20260907T172312Z_p4-chaos-dead,cockroachdb,chaos-dead,thesis,01ff85c294945c8138a8326bbe68c7055b3604d1,2026-09-07T17:23:12.645992Z,2026-09-07T17:30:52.495352Z,162.1788,435,ack
20260907T172312Z_p4-chaos-dead,cockroachdb,chaos-dead,thesis,01ff85c294945c8138a8326bbe68c7055b3604d1,2026-09-07T17:23:12.645992Z,2026-09-07T17:30:52.495352Z,162.5336,436,ack
20260907T172312Z_p4-chaos-dead,cockroachdb,chaos-dead,thesis,01ff85c294945c8138a8326bbe68c7055b3604d1,2026-09-07T17:23:12.645992Z,2026-09-07T17:30:52.495352Z,162.8885,437,ack
20260907T172312Z_p4-chaos-dead,cockroachdb,chaos-dead,thesis,01ff85c294945c8138a8326bbe68c7055b3604d1,2026-09-07T17:23:12.645992Z,2026-09-07T17:30:52.495352Z,163.2427,438,ack
20260907T172312Z_p4-chaos-dead,cockroachdb,chaos-dead,thesis,01ff85c294945c8138a8326bbe68c7055b3604d1,2026-09-07T17:23:12.645992Z,2026-09-07T17:30:52.495352Z,163.6247,439,ack
20260907T172312Z_p4-chaos-dead,cockroachdb,chaos-dead,thesis,01ff85c294945c8138a8326bbe68c7055b3604d1,2026-09-07T17:23:12.645992Z,2026-09-07T17:30:52.495352Z,163.9838,440,ack
20260907T172312Z_p4-chaos-dead,cockroachdb,chaos-dead,thesis,01ff85c294945c8138a8326bbe68c7055b3604d1,2026-09-07T17:23:12.645992Z,2026-09-07T17:30:52.495352Z,164.3479,441,ack
20260907T172312Z_p4-chaos-dead,cockroachdb,chaos-dead,thesis,01ff85c294945c8138a8326bbe68c7055b3604d1,2026-09-07T17:23:12.645992Z,2026-09-07T17:30:52.495352Z,164.713,442,ack
20260907T172312Z_p4-chaos-dead,cockroachdb,chaos-dead,thesis,01ff85c294945c8138a8326bbe68c7055b3604d1,2026-09-07T17:23:12.645992Z,2026-09-07T17:30:52.495352Z,165.059,443,ack
20260907T172312Z_p4-chaos-dead,cockroachdb,chaos-dead,thesis,01ff85c294945c8138a8326bbe68c7055b3604d1,2026-09-07T17:23:12.645992Z,2026-09-07T17:30:52.495352Z,165.4346,444,ack
20260907T172312Z_p4-chaos-dead,cockroachdb,chaos-dead,thesis,01ff85c294945c8138a8326bbe68c7055b3604d1,2026-09-07T17:23:12.645992Z,2026-09-07T17:30:52.495352Z,165.7946,445,ack
20260907T172312Z_p4-chaos-dead,cockroachdb,chaos-dead,thesis,01ff85c294945c8138a8326bbe68c7055b3604d1,2026-09-07T17:23:12.645992Z,2026-09-07T17:30:52.495352Z,166.149,446,ack
20260907T172312Z_p4-chaos-dead,cockroachdb,chaos-dead,thesis,01ff85c294945c8138a8326bbe68c7055b3604d1,2026-09-07T17:23:12.645992Z,2026-09-07T17:30:52.495352Z,166.4986,447,ack
20260907T172312Z_p4-chaos-dead,cockroachdb,chaos-dead,thesis,01ff85c294945c8138a8326bbe68c7055b3604d1,2026-09-07T17:23:12.645992Z,2026-09-07T17:30:52.495352Z,166.8483,448,ack
20260907T172312Z_p4-chaos-dead,cockroachdb,chaos-dead,thesis,01ff85c294945c8138a8326bbe68c7055b3604d1,2026-09-07T17:23:12.645992Z,2026-09-07T17:30:52.495352Z,167.2033,449,ack
20260907T172312Z_p4-chaos-dead,cockroachdb,chaos-dead,thesis,01ff85c294945c8138a8326bbe68c7055b3604d1,2026-09-07T17:23:12.645992Z,2026-09-07T17:30:52.495352Z,167.5581,450,ack
20260907T172312Z_p4-chaos-dead,cockroachdb,chaos-dead,thesis,01ff85c294945c8138a8326bbe68c7055b3604d1,2026-09-07T17:23:12.645992Z,2026-09-07T17:30:52.495352Z,167.9144,451,ack
20260907T172312Z_p4-chaos-dead,cockroachdb,chaos-dead,thesis,01ff85c294945c8138a8326bbe68c7055b3604d1,2026-09-07T17:23:12.645992Z,2026-09-07T17:30:52.495352Z,168.2741,452,ack
20260907T172312Z_p4-chaos-dead,cockroachdb,chaos-dead,thesis,01ff85c294945c8138a8326bbe68c7055b3604d1,2026-09-07T17:23:12.645992Z,2026-09-07T17:30:52.495352Z,168.6286,453,ack
20260907T172312Z_p4-chaos-dead,cockroachdb,chaos-dead,thesis,01ff85c294945c8138a8326bbe68c7055b3604d1,2026-09-07T17:23:12.645992Z,2026-09-07T17:30:52.495352Z,168.9935,454,ack
20260907T172312Z_p4-chaos-dead,cockroachdb,chaos-dead,thesis,01ff85c294945c8138a8326bbe68c7055b3604d1,2026-09-07T17:23:12.645992Z,2026-09-07T17:30:52.495352Z,169.349,455,ack
20260907T172312Z_p4-chaos-dead,cockroachdb,chaos-dead,thesis,01ff85c294945c8138a8326bbe68c7055b3604d1,2026-09-07T17:23:12.645992Z,2026-09-07T17:30:52.495352Z,169.7159,456,ack
20260907T172312Z_p4-chaos-dead,cockroachdb,chaos-dead,thesis,01ff85c294945c8138a8326bbe68c7055b3604d1,2026-09-07T17:23:12.645992Z,2026-09-07T17:30:52.495352Z,170.0784,457,ack
20260907T172312Z_p4-chaos-dead,cockroachdb,chaos-dead,thesis,01ff85c294945c8138a8326bbe68c7055b3604d1,2026-09-07T17:23:12.645992Z,2026-09-07T17:30:52.495352Z,170.4485,458,ack
20260907T172312Z_p4-chaos-dead,cockroachdb,chaos-dead,thesis,01ff85c294945c8138a8326bbe68c7055b3604d1,2026-09-07T17:23:12.645992Z,2026-09-07T17:30:52.495352Z,170.8082,459,ack
20260907T172312Z_p4-chaos-dead,cockroachdb,chaos-dead,thesis,01ff85c294945c8138a8326bbe68c7055b3604d1,2026-09-07T17:23:12.645992Z,2026-09-07T17:30:52.495352Z,171.1879,460,ack
20260907T172312Z_p4-chaos-dead,cockroachdb,chaos-dead,thesis,01ff85c294945c8138a8326bbe68c7055b3604d1,2026-09-07T17:23:12.645992Z,2026-09-07T17:30:52.495352Z,171.5564,461,ack
20260907T172312Z_p4-chaos-dead,cockroachdb,chaos-dead,thesis,01ff85c294945c8138a8326bbe68c7055b3604d1,2026-09-07T17:23:12.645992Z,2026-09-07T17:30:52.495352Z,171.9354,462,ack
20260907T172312Z_p4-chaos-dead,cockroachdb,chaos-dead,thesis,01ff85c294945c8138a8326bbe68c7055b3604d1,2026-09-07T17:23:12.645992Z,2026-09-07T17:30:52.495352Z,172.2952,463,ack
20260907T172312Z_p4-chaos-dead,cockroachdb,chaos-dead,thesis,01ff85c294945c8138a8326bbe68c7055b3604d1,2026-09-07T17:23:12.645992Z,2026-09-07T17:30:52.495352Z,172.6591,464,ack
20260907T172312Z_p4-chaos-dead,cockroachdb,chaos-dead,thesis,01ff85c294945c8138a8326bbe68c7055b3604d1,2026-09-07T17:23:12.645992Z,2026-09-07T17:30:52.495352Z,173.0092,465,ack
20260907T172312Z_p4-chaos-dead,cockroachdb,chaos-dead,thesis,01ff85c294945c8138a8326bbe68c7055b3604d1,2026-09-07T17:23:12.645992Z,2026-09-07T17:30:52.495352Z,173.3826,466,ack
20260907T172312Z_p4-chaos-dead,cockroachdb,chaos-dead,thesis,01ff85c294945c8138a8326bbe68c7055b3604d1,2026-09-07T17:23:12.645992Z,2026-09-07T17:30:52.495352Z,173.7383,467,ack
20260907T172312Z_p4-chaos-dead,cockroachdb,chaos-dead,thesis,01ff85c294945c8138a8326bbe68c7055b3604d1,2026-09-07T17:23:12.645992Z,2026-09-07T17:30:52.495352Z,174.104,468,ack
20260907T172312Z_p4-chaos-dead,cockroachdb,chaos-dead,thesis,01ff85c294945c8138a8326bbe68c7055b3604d1,2026-09-07T17:23:12.645992Z,2026-09-07T17:30:52.495352Z,174.465,469,ack
20260907T172312Z_p4-chaos-dead,cockroachdb,chaos-dead,thesis,01ff85c294945c8138a8326bbe68c7055b3604d1,2026-09-07T17:23:12.645992Z,2026-09-07T17:30:52.495352Z,174.8238,470,ack
20260907T172312Z_p4-chaos-dead,cockroachdb,chaos-dead,thesis,01ff85c294945c8138a8326bbe68c7055b3604d1,2026-09-07T17:23:12.645992Z,2026-09-07T17:30:52.495352Z,175.1784,471,ack
20260907T172312Z_p4-chaos-dead,cockroachdb,chaos-dead,thesis,01ff85c294945c8138a8326bbe68c7055b3604d1,2026-09-07T17:23:12.645992Z,2026-09-07T17:30:52.495352Z,175.5389,472,ack
20260907T172312Z_p4-chaos-dead,cockroachdb,chaos-dead,thesis,01ff85c294945c8138a8326bbe68c7055b3604d1,2026-09-07T17:23:12.645992Z,2026-09-07T17:30:52.495352Z,175.8957,473,ack
20260907T172312Z_p4-chaos-dead,cockroachdb,chaos-dead,thesis,01ff85c294945c8138a8326bbe68c7055b3604d1,2026-09-07T17:23:12.645992Z,2026-09-07T17:30:52.495352Z,176.2661,474,ack
20260907T172312Z_p4-chaos-dead,cockroachdb,chaos-dead,thesis,01ff85c294945c8138a8326bbe68c7055b3604d1,2026-09-07T17:23:12.645992Z,2026-09-07T17:30:52.495352Z,176.6185,475,ack
20260907T172312Z_p4-chaos-dead,cockroachdb,chaos-dead,thesis,01ff85c294945c8138a8326bbe68c7055b3604d1,2026-09-07T17:23:12.645992Z,2026-09-07T17:30:52.495352Z,176.9684,476,ack
20260907T172312Z_p4-chaos-dead,cockroachdb,chaos-dead,thesis,01ff85c294945c8138a8326bbe68c7055b3604d1,2026-09-07T17:23:12.645992Z,2026-09-07T17:30:52.495352Z,177.3302,477,ack
20260907T172312Z_p4-chaos-dead,cockroachdb,chaos-dead,thesis,01ff85c294945c8138a8326bbe68c7055b3604d1,2026-09-07T17:23:12.645992Z,2026-09-07T17:30:52.495352Z,177.6834,478,ack
20260907T172312Z_p4-chaos-dead,cockroachdb,chaos-dead,thesis,01ff85c294945c8138a8326bbe68c7055b3604d1,2026-09-07T17:23:12.645992Z,2026-09-07T17:30:52.495352Z,178.038,479,ack
20260907T172312Z_p4-chaos-dead,cockroachdb,chaos-dead,thesis,01ff85c294945c8138a8326bbe68c7055b3604d1,2026-09-07T17:23:12.645992Z,2026-09-07T17:30:52.495352Z,178.3944,480,ack
20260907T172312Z_p4-chaos-dead,cockroachdb,chaos-dead,thesis,01ff85c294945c8138a8326bbe68c7055b3604d1,2026-09-07T17:23:12.645992Z,2026-09-07T17:30:52.495352Z,178.7483,481,ack
20260907T172312Z_p4-chaos-dead,cockroachdb,chaos-dead,thesis,01ff85c294945c8138a8326bbe68c7055b3604d1,2026-09-07T17:23:12.645992Z,2026-09-07T17:30:52.495352Z,179.0987,482,ack
20260907T172312Z_p4-chaos-dead,cockroachdb,chaos-dead,thesis,01ff85c294945c8138a8326bbe68c7055b3604d1,2026-09-07T17:23:12.645992Z,2026-09-07T17:30:52.495352Z,179.4538,483,ack
20260907T172312Z_p4-chaos-dead,cockroachdb,chaos-dead,thesis,01ff85c294945c8138a8326bbe68c7055b3604d1,2026-09-07T17:23:12.645992Z,2026-09-07T17:30:52.495352Z,179.818,484,ack
20260907T172312Z_p4-chaos-dead,cockroachdb,chaos-dead,thesis,01ff85c294945c8138a8326bbe68c7055b3604d1,2026-09-07T17:23:12.645992Z,2026-09-07T17:30:52.495352Z,180.1833,485,ack
20260907T172312Z_p4-chaos-dead,cockroachdb,chaos-dead,thesis,01ff85c294945c8138a8326bbe68c7055b3604d1,2026-09-07T17:23:12.645992Z,2026-09-07T17:30:52.495352Z,180.5289,486,ack
20260907T172312Z_p4-chaos-dead,cockroachdb,chaos-dead,thesis,01ff85c294945c8138a8326bbe68c7055b3604d1,2026-09-07T17:23:12.645992Z,2026-09-07T17:30:52.495352Z,180.8898,487,ack
20260907T172312Z_p4-chaos-dead,cockroachdb,chaos-dead,thesis,01ff85c294945c8138a8326bbe68c7055b3604d1,2026-09-07T17:23:12.645992Z,2026-09-07T17:30:52.495352Z,181.2547,488,ack
20260907T172312Z_p4-chaos-dead,cockroachdb,chaos-dead,thesis,01ff85c294945c8138a8326bbe68c7055b3604d1,2026-09-07T17:23:12.645992Z,2026-09-07T17:30:52.495352Z,181.6086,489,ack
20260907T172312Z_p4-chaos-dead,cockroachdb,chaos-dead,thesis,01ff85c294945c8138a8326bbe68c7055b3604d1,2026-09-07T17:23:12.645992Z,2026-09-07T17:30:52.495352Z,181.9589,490,ack
20260907T172312Z_p4-chaos-dead,cockroachdb,chaos-dead,thesis,01ff85c294945c8138a8326bbe68c7055b3604d1,2026-09-07T17:23:12.645992Z,2026-09-07T17:30:52.495352Z,182.3283,491,ack
20260907T172312Z_p4-chaos-dead,cockroachdb,chaos-dead,thesis,01ff85c294945c8138a8326bbe68c7055b3604d1,2026-09-07T17:23:12.645992Z,2026-09-07T17:30:52.495352Z,182.6895,492,ack
20260907T172312Z_p4-chaos-dead,cockroachdb,chaos-dead,thesis,01ff85c294945c8138a8326bbe68c7055b3604d1,2026-09-07T17:23:12.645992Z,2026-09-07T17:30:52.495352Z,183.039,493,ack
20260907T172312Z_p4-chaos-dead,cockroachdb,chaos-dead,thesis,01ff85c294945c8138a8326bbe68c7055b3604d1,2026-09-07T17:23:12.645992Z,2026-09-07T17:30:52.495352Z,183.3877,494,ack
20260907T172312Z_p4-chaos-dead,cockroachdb,chaos-dead,thesis,01ff85c294945c8138a8326bbe68c7055b3604d1,2026-09-07T17:23:12.645992Z,2026-09-07T17:30:52.495352Z,183.7552,495,ack
20260907T172312Z_p4-chaos-dead,cockroachdb,chaos-dead,thesis,01ff85c294945c8138a8326bbe68c7055b3604d1,2026-09-07T17:23:12.645992Z,2026-09-07T17:30:52.495352Z,184.1138,496,ack
20260907T172312Z_p4-chaos-dead,cockroachdb,chaos-dead,thesis,01ff85c294945c8138a8326bbe68c7055b3604d1,2026-09-07T17:23:12.645992Z,2026-09-07T17:30:52.495352Z,184.4734,497,ack
20260907T172312Z_p4-chaos-dead,cockroachdb,chaos-dead,thesis,01ff85c294945c8138a8326bbe68c7055b3604d1,2026-09-07T17:23:12.645992Z,2026-09-07T17:30:52.495352Z,184.8266,498,ack
20260907T172312Z_p4-chaos-dead,cockroachdb,chaos-dead,thesis,01ff85c294945c8138a8326bbe68c7055b3604d1,2026-09-07T17:23:12.645992Z,2026-09-07T17:30:52.495352Z,185.1944,499,ack
20260907T172312Z_p4-chaos-dead,cockroachdb,chaos-dead,thesis,01ff85c294945c8138a8326bbe68c7055b3604d1,2026-09-07T17:23:12.645992Z,2026-09-07T17:30:52.495352Z,185.5586,500,ack
20260907T172312Z_p4-chaos-dead,cockroachdb,chaos-dead,thesis,01ff85c294945c8138a8326bbe68c7055b3604d1,2026-09-07T17:23:12.645992Z,2026-09-07T17:30:52.495352Z,185.9189,501,ack
20260907T172312Z_p4-chaos-dead,cockroachdb,chaos-dead,thesis,01ff85c294945c8138a8326bbe68c7055b3604d1,2026-09-07T17:23:12.645992Z,2026-09-07T17:30:52.495352Z,186.2804,502,ack
20260907T172312Z_p4-chaos-dead,cockroachdb,chaos-dead,thesis,01ff85c294945c8138a8326bbe68c7055b3604d1,2026-09-07T17:23:12.645992Z,2026-09-07T17:30:52.495352Z,186.639,503,ack
20260907T172312Z_p4-chaos-dead,cockroachdb,chaos-dead,thesis,01ff85c294945c8138a8326bbe68c7055b3604d1,2026-09-07T17:23:12.645992Z,2026-09-07T17:30:52.495352Z,186.9876,504,ack
20260907T172312Z_p4-chaos-dead,cockroachdb,chaos-dead,thesis,01ff85c294945c8138a8326bbe68c7055b3604d1,2026-09-07T17:23:12.645992Z,2026-09-07T17:30:52.495352Z,187.3431,505,ack
20260907T172312Z_p4-chaos-dead,cockroachdb,chaos-dead,thesis,01ff85c294945c8138a8326bbe68c7055b3604d1,2026-09-07T17:23:12.645992Z,2026-09-07T17:30:52.495352Z,187.6988,506,ack
20260907T172312Z_p4-chaos-dead,cockroachdb,chaos-dead,thesis,01ff85c294945c8138a8326bbe68c7055b3604d1,2026-09-07T17:23:12.645992Z,2026-09-07T17:30:52.495352Z,188.0858,507,ack
20260907T172312Z_p4-chaos-dead,cockroachdb,chaos-dead,thesis,01ff85c294945c8138a8326bbe68c7055b3604d1,2026-09-07T17:23:12.645992Z,2026-09-07T17:30:52.495352Z,188.4603,508,ack
20260907T172312Z_p4-chaos-dead,cockroachdb,chaos-dead,thesis,01ff85c294945c8138a8326bbe68c7055b3604d1,2026-09-07T17:23:12.645992Z,2026-09-07T17:30:52.495352Z,188.8235,509,ack
20260907T172312Z_p4-chaos-dead,cockroachdb,chaos-dead,thesis,01ff85c294945c8138a8326bbe68c7055b3604d1,2026-09-07T17:23:12.645992Z,2026-09-07T17:30:52.495352Z,189.184,510,ack
20260907T172312Z_p4-chaos-dead,cockroachdb,chaos-dead,thesis,01ff85c294945c8138a8326bbe68c7055b3604d1,2026-09-07T17:23:12.645992Z,2026-09-07T17:30:52.495352Z,189.5389,511,ack
20260907T172312Z_p4-chaos-dead,cockroachdb,chaos-dead,thesis,01ff85c294945c8138a8326bbe68c7055b3604d1,2026-09-07T17:23:12.645992Z,2026-09-07T17:30:52.495352Z,189.8985,512,ack
20260907T172312Z_p4-chaos-dead,cockroachdb,chaos-dead,thesis,01ff85c294945c8138a8326bbe68c7055b3604d1,2026-09-07T17:23:12.645992Z,2026-09-07T17:30:52.495352Z,190.2545,513,ack
20260907T172312Z_p4-chaos-dead,cockroachdb,chaos-dead,thesis,01ff85c294945c8138a8326bbe68c7055b3604d1,2026-09-07T17:23:12.645992Z,2026-09-07T17:30:52.495352Z,190.6052,514,ack
20260907T172312Z_p4-chaos-dead,cockroachdb,chaos-dead,thesis,01ff85c294945c8138a8326bbe68c7055b3604d1,2026-09-07T17:23:12.645992Z,2026-09-07T17:30:52.495352Z,190.9688,515,ack
20260907T172312Z_p4-chaos-dead,cockroachdb,chaos-dead,thesis,01ff85c294945c8138a8326bbe68c7055b3604d1,2026-09-07T17:23:12.645992Z,2026-09-07T17:30:52.495352Z,191.3292,516,ack
20260907T172312Z_p4-chaos-dead,cockroachdb,chaos-dead,thesis,01ff85c294945c8138a8326bbe68c7055b3604d1,2026-09-07T17:23:12.645992Z,2026-09-07T17:30:52.495352Z,191.7048,517,ack
20260907T172312Z_p4-chaos-dead,cockroachdb,chaos-dead,thesis,01ff85c294945c8138a8326bbe68c7055b3604d1,2026-09-07T17:23:12.645992Z,2026-09-07T17:30:52.495352Z,192.0656,518,ack
20260907T172312Z_p4-chaos-dead,cockroachdb,chaos-dead,thesis,01ff85c294945c8138a8326bbe68c7055b3604d1,2026-09-07T17:23:12.645992Z,2026-09-07T17:30:52.495352Z,192.4287,519,ack
20260907T172312Z_p4-chaos-dead,cockroachdb,chaos-dead,thesis,01ff85c294945c8138a8326bbe68c7055b3604d1,2026-09-07T17:23:12.645992Z,2026-09-07T17:30:52.495352Z,192.7792,520,ack
20260907T172312Z_p4-chaos-dead,cockroachdb,chaos-dead,thesis,01ff85c294945c8138a8326bbe68c7055b3604d1,2026-09-07T17:23:12.645992Z,2026-09-07T17:30:52.495352Z,193.1392,521,ack
20260907T172312Z_p4-chaos-dead,cockroachdb,chaos-dead,thesis,01ff85c294945c8138a8326bbe68c7055b3604d1,2026-09-07T17:23:12.645992Z,2026-09-07T17:30:52.495352Z,193.4881,522,ack
20260907T172312Z_p4-chaos-dead,cockroachdb,chaos-dead,thesis,01ff85c294945c8138a8326bbe68c7055b3604d1,2026-09-07T17:23:12.645992Z,2026-09-07T17:30:52.495352Z,193.8594,523,ack
20260907T172312Z_p4-chaos-dead,cockroachdb,chaos-dead,thesis,01ff85c294945c8138a8326bbe68c7055b3604d1,2026-09-07T17:23:12.645992Z,2026-09-07T17:30:52.495352Z,194.2242,524,ack
20260907T172312Z_p4-chaos-dead,cockroachdb,chaos-dead,thesis,01ff85c294945c8138a8326bbe68c7055b3604d1,2026-09-07T17:23:12.645992Z,2026-09-07T17:30:52.495352Z,194.5788,525,ack
20260907T172312Z_p4-chaos-dead,cockroachdb,chaos-dead,thesis,01ff85c294945c8138a8326bbe68c7055b3604d1,2026-09-07T17:23:12.645992Z,2026-09-07T17:30:52.495352Z,194.9284,526,ack
20260907T172312Z_p4-chaos-dead,cockroachdb,chaos-dead,thesis,01ff85c294945c8138a8326bbe68c7055b3604d1,2026-09-07T17:23:12.645992Z,2026-09-07T17:30:52.495352Z,195.2842,527,ack
20260907T172312Z_p4-chaos-dead,cockroachdb,chaos-dead,thesis,01ff85c294945c8138a8326bbe68c7055b3604d1,2026-09-07T17:23:12.645992Z,2026-09-07T17:30:52.495352Z,195.6444,528,ack
20260907T172312Z_p4-chaos-dead,cockroachdb,chaos-dead,thesis,01ff85c294945c8138a8326bbe68c7055b3604d1,2026-09-07T17:23:12.645992Z,2026-09-07T17:30:52.495352Z,195.9989,529,ack
20260907T172312Z_p4-chaos-dead,cockroachdb,chaos-dead,thesis,01ff85c294945c8138a8326bbe68c7055b3604d1,2026-09-07T17:23:12.645992Z,2026-09-07T17:30:52.495352Z,196.3603,530,ack
20260907T172312Z_p4-chaos-dead,cockroachdb,chaos-dead,thesis,01ff85c294945c8138a8326bbe68c7055b3604d1,2026-09-07T17:23:12.645992Z,2026-09-07T17:30:52.495352Z,196.7204,531,ack
20260907T172312Z_p4-chaos-dead,cockroachdb,chaos-dead,thesis,01ff85c294945c8138a8326bbe68c7055b3604d1,2026-09-07T17:23:12.645992Z,2026-09-07T17:30:52.495352Z,197.0905,532,ack
20260907T172312Z_p4-chaos-dead,cockroachdb,chaos-dead,thesis,01ff85c294945c8138a8326bbe68c7055b3604d1,2026-09-07T17:23:12.645992Z,2026-09-07T17:30:52.495352Z,197.4534,533,ack
20260907T172312Z_p4-chaos-dead,cockroachdb,chaos-dead,thesis,01ff85c294945c8138a8326bbe68c7055b3604d1,2026-09-07T17:23:12.645992Z,2026-09-07T17:30:52.495352Z,197.8182,534,ack
20260907T172312Z_p4-chaos-dead,cockroachdb,chaos-dead,thesis,01ff85c294945c8138a8326bbe68c7055b3604d1,2026-09-07T17:23:12.645992Z,2026-09-07T17:30:52.495352Z,198.2188,535,ack
20260907T172312Z_p4-chaos-dead,cockroachdb,chaos-dead,thesis,01ff85c294945c8138a8326bbe68c7055b3604d1,2026-09-07T17:23:12.645992Z,2026-09-07T17:30:52.495352Z,198.5885,536,ack
20260907T172312Z_p4-chaos-dead,cockroachdb,chaos-dead,thesis,01ff85c294945c8138a8326bbe68c7055b3604d1,2026-09-07T17:23:12.645992Z,2026-09-07T17:30:52.495352Z,198.9428,537,ack
20260907T172312Z_p4-chaos-dead,cockroachdb,chaos-dead,thesis,01ff85c294945c8138a8326bbe68c7055b3604d1,2026-09-07T17:23:12.645992Z,2026-09-07T17:30:52.495352Z,199.316,538,ack
20260907T172312Z_p4-chaos-dead,cockroachdb,chaos-dead,thesis,01ff85c294945c8138a8326bbe68c7055b3604d1,2026-09-07T17:23:12.645992Z,2026-09-07T17:30:52.495352Z,199.6688,539,ack
20260907T172312Z_p4-chaos-dead,cockroachdb,chaos-dead,thesis,01ff85c294945c8138a8326bbe68c7055b3604d1,2026-09-07T17:23:12.645992Z,2026-09-07T17:30:52.495352Z,200.0292,540,ack
20260907T172312Z_p4-chaos-dead,cockroachdb,chaos-dead,thesis,01ff85c294945c8138a8326bbe68c7055b3604d1,2026-09-07T17:23:12.645992Z,2026-09-07T17:30:52.495352Z,200.395,541,ack
20260907T172312Z_p4-chaos-dead,cockroachdb,chaos-dead,thesis,01ff85c294945c8138a8326bbe68c7055b3604d1,2026-09-07T17:23:12.645992Z,2026-09-07T17:30:52.495352Z,200.7546,542,ack
20260907T172312Z_p4-chaos-dead,cockroachdb,chaos-dead,thesis,01ff85c294945c8138a8326bbe68c7055b3604d1,2026-09-07T17:23:12.645992Z,2026-09-07T17:30:52.495352Z,201.1039,543,ack
20260907T172312Z_p4-chaos-dead,cockroachdb,chaos-dead,thesis,01ff85c294945c8138a8326bbe68c7055b3604d1,2026-09-07T17:23:12.645992Z,2026-09-07T17:30:52.495352Z,201.4697,544,ack
20260907T172312Z_p4-chaos-dead,cockroachdb,chaos-dead,thesis,01ff85c294945c8138a8326bbe68c7055b3604d1,2026-09-07T17:23:12.645992Z,2026-09-07T17:30:52.495352Z,201.8245,545,ack
20260907T172312Z_p4-chaos-dead,cockroachdb,chaos-dead,thesis,01ff85c294945c8138a8326bbe68c7055b3604d1,2026-09-07T17:23:12.645992Z,2026-09-07T17:30:52.495352Z,202.1854,546,ack
20260907T172312Z_p4-chaos-dead,cockroachdb,chaos-dead,thesis,01ff85c294945c8138a8326bbe68c7055b3604d1,2026-09-07T17:23:12.645992Z,2026-09-07T17:30:52.495352Z,202.5454,547,ack
20260907T172312Z_p4-chaos-dead,cockroachdb,chaos-dead,thesis,01ff85c294945c8138a8326bbe68c7055b3604d1,2026-09-07T17:23:12.645992Z,2026-09-07T17:30:52.495352Z,202.9067,548,ack
20260907T172312Z_p4-chaos-dead,cockroachdb,chaos-dead,thesis,01ff85c294945c8138a8326bbe68c7055b3604d1,2026-09-07T17:23:12.645992Z,2026-09-07T17:30:52.495352Z,203.2735,549,ack
20260907T172312Z_p4-chaos-dead,cockroachdb,chaos-dead,thesis,01ff85c294945c8138a8326bbe68c7055b3604d1,2026-09-07T17:23:12.645992Z,2026-09-07T17:30:52.495352Z,203.6339,550,ack
20260907T172312Z_p4-chaos-dead,cockroachdb,chaos-dead,thesis,01ff85c294945c8138a8326bbe68c7055b3604d1,2026-09-07T17:23:12.645992Z,2026-09-07T17:30:52.495352Z,203.9955,551,ack
20260907T172312Z_p4-chaos-dead,cockroachdb,chaos-dead,thesis,01ff85c294945c8138a8326bbe68c7055b3604d1,2026-09-07T17:23:12.645992Z,2026-09-07T17:30:52.495352Z,204.3434,552,ack
20260907T172312Z_p4-chaos-dead,cockroachdb,chaos-dead,thesis,01ff85c294945c8138a8326bbe68c7055b3604d1,2026-09-07T17:23:12.645992Z,2026-09-07T17:30:52.495352Z,204.7082,553,ack
20260907T172312Z_p4-chaos-dead,cockroachdb,chaos-dead,thesis,01ff85c294945c8138a8326bbe68c7055b3604d1,2026-09-07T17:23:12.645992Z,2026-09-07T17:30:52.495352Z,205.0733,554,ack
20260907T172312Z_p4-chaos-dead,cockroachdb,chaos-dead,thesis,01ff85c294945c8138a8326bbe68c7055b3604d1,2026-09-07T17:23:12.645992Z,2026-09-07T17:30:52.495352Z,205.438,555,ack
20260907T172312Z_p4-chaos-dead,cockroachdb,chaos-dead,thesis,01ff85c294945c8138a8326bbe68c7055b3604d1,2026-09-07T17:23:12.645992Z,2026-09-07T17:30:52.495352Z,205.8115,556,ack
20260907T172312Z_p4-chaos-dead,cockroachdb,chaos-dead,thesis,01ff85c294945c8138a8326bbe68c7055b3604d1,2026-09-07T17:23:12.645992Z,2026-09-07T17:30:52.495352Z,206.1864,557,ack
20260907T172312Z_p4-chaos-dead,cockroachdb,chaos-dead,thesis,01ff85c294945c8138a8326bbe68c7055b3604d1,2026-09-07T17:23:12.645992Z,2026-09-07T17:30:52.495352Z,206.555,558,ack
20260907T172312Z_p4-chaos-dead,cockroachdb,chaos-dead,thesis,01ff85c294945c8138a8326bbe68c7055b3604d1,2026-09-07T17:23:12.645992Z,2026-09-07T17:30:52.495352Z,206.9154,559,ack
20260907T172312Z_p4-chaos-dead,cockroachdb,chaos-dead,thesis,01ff85c294945c8138a8326bbe68c7055b3604d1,2026-09-07T17:23:12.645992Z,2026-09-07T17:30:52.495352Z,207.2751,560,ack
20260907T172312Z_p4-chaos-dead,cockroachdb,chaos-dead,thesis,01ff85c294945c8138a8326bbe68c7055b3604d1,2026-09-07T17:23:12.645992Z,2026-09-07T17:30:52.495352Z,207.6391,561,ack
20260907T172312Z_p4-chaos-dead,cockroachdb,chaos-dead,thesis,01ff85c294945c8138a8326bbe68c7055b3604d1,2026-09-07T17:23:12.645992Z,2026-09-07T17:30:52.495352Z,208.0155,562,ack
20260907T172312Z_p4-chaos-dead,cockroachdb,chaos-dead,thesis,01ff85c294945c8138a8326bbe68c7055b3604d1,2026-09-07T17:23:12.645992Z,2026-09-07T17:30:52.495352Z,208.3749,563,ack
20260907T172312Z_p4-chaos-dead,cockroachdb,chaos-dead,thesis,01ff85c294945c8138a8326bbe68c7055b3604d1,2026-09-07T17:23:12.645992Z,2026-09-07T17:30:52.495352Z,208.735,564,ack
20260907T172312Z_p4-chaos-dead,cockroachdb,chaos-dead,thesis,01ff85c294945c8138a8326bbe68c7055b3604d1,2026-09-07T17:23:12.645992Z,2026-09-07T17:30:52.495352Z,209.0887,565,ack
20260907T172312Z_p4-chaos-dead,cockroachdb,chaos-dead,thesis,01ff85c294945c8138a8326bbe68c7055b3604d1,2026-09-07T17:23:12.645992Z,2026-09-07T17:30:52.495352Z,209.4657,566,ack
20260907T172312Z_p4-chaos-dead,cockroachdb,chaos-dead,thesis,01ff85c294945c8138a8326bbe68c7055b3604d1,2026-09-07T17:23:12.645992Z,2026-09-07T17:30:52.495352Z,209.8236,567,ack
20260907T172312Z_p4-chaos-dead,cockroachdb,chaos-dead,thesis,01ff85c294945c8138a8326bbe68c7055b3604d1,2026-09-07T17:23:12.645992Z,2026-09-07T17:30:52.495352Z,210.1733,568,ack
20260907T172312Z_p4-chaos-dead,cockroachdb,chaos-dead,thesis,01ff85c294945c8138a8326bbe68c7055b3604d1,2026-09-07T17:23:12.645992Z,2026-09-07T17:30:52.495352Z,210.5289,569,ack
20260907T172312Z_p4-chaos-dead,cockroachdb,chaos-dead,thesis,01ff85c294945c8138a8326bbe68c7055b3604d1,2026-09-07T17:23:12.645992Z,2026-09-07T17:30:52.495352Z,210.8831,570,ack
20260907T172312Z_p4-chaos-dead,cockroachdb,chaos-dead,thesis,01ff85c294945c8138a8326bbe68c7055b3604d1,2026-09-07T17:23:12.645992Z,2026-09-07T17:30:52.495352Z,211.2439,571,ack
20260907T172312Z_p4-chaos-dead,cockroachdb,chaos-dead,thesis,01ff85c294945c8138a8326bbe68c7055b3604d1,2026-09-07T17:23:12.645992Z,2026-09-07T17:30:52.495352Z,211.6048,572,ack
20260907T172312Z_p4-chaos-dead,cockroachdb,chaos-dead,thesis,01ff85c294945c8138a8326bbe68c7055b3604d1,2026-09-07T17:23:12.645992Z,2026-09-07T17:30:52.495352Z,211.9695,573,ack
20260907T172312Z_p4-chaos-dead,cockroachdb,chaos-dead,thesis,01ff85c294945c8138a8326bbe68c7055b3604d1,2026-09-07T17:23:12.645992Z,2026-09-07T17:30:52.495352Z,212.3287,574,ack
20260907T172312Z_p4-chaos-dead,cockroachdb,chaos-dead,thesis,01ff85c294945c8138a8326bbe68c7055b3604d1,2026-09-07T17:23:12.645992Z,2026-09-07T17:30:52.495352Z,212.6939,575,ack
20260907T172312Z_p4-chaos-dead,cockroachdb,chaos-dead,thesis,01ff85c294945c8138a8326bbe68c7055b3604d1,2026-09-07T17:23:12.645992Z,2026-09-07T17:30:52.495352Z,213.0487,576,ack
20260907T172312Z_p4-chaos-dead,cockroachdb,chaos-dead,thesis,01ff85c294945c8138a8326bbe68c7055b3604d1,2026-09-07T17:23:12.645992Z,2026-09-07T17:30:52.495352Z,213.4184,577,ack
20260907T172312Z_p4-chaos-dead,cockroachdb,chaos-dead,thesis,01ff85c294945c8138a8326bbe68c7055b3604d1,2026-09-07T17:23:12.645992Z,2026-09-07T17:30:52.495352Z,213.7699,578,ack
20260907T172312Z_p4-chaos-dead,cockroachdb,chaos-dead,thesis,01ff85c294945c8138a8326bbe68c7055b3604d1,2026-09-07T17:23:12.645992Z,2026-09-07T17:30:52.495352Z,214.1251,579,ack
20260907T172312Z_p4-chaos-dead,cockroachdb,chaos-dead,thesis,01ff85c294945c8138a8326bbe68c7055b3604d1,2026-09-07T17:23:12.645992Z,2026-09-07T17:30:52.495352Z,214.4844,580,ack
20260907T172312Z_p4-chaos-dead,cockroachdb,chaos-dead,thesis,01ff85c294945c8138a8326bbe68c7055b3604d1,2026-09-07T17:23:12.645992Z,2026-09-07T17:30:52.495352Z,214.8359,581,ack
20260907T172312Z_p4-chaos-dead,cockroachdb,chaos-dead,thesis,01ff85c294945c8138a8326bbe68c7055b3604d1,2026-09-07T17:23:12.645992Z,2026-09-07T17:30:52.495352Z,215.1883,582,ack
20260907T172312Z_p4-chaos-dead,cockroachdb,chaos-dead,thesis,01ff85c294945c8138a8326bbe68c7055b3604d1,2026-09-07T17:23:12.645992Z,2026-09-07T17:30:52.495352Z,215.5543,583,ack
20260907T172312Z_p4-chaos-dead,cockroachdb,chaos-dead,thesis,01ff85c294945c8138a8326bbe68c7055b3604d1,2026-09-07T17:23:12.645992Z,2026-09-07T17:30:52.495352Z,215.9184,584,ack
20260907T172312Z_p4-chaos-dead,cockroachdb,chaos-dead,thesis,01ff85c294945c8138a8326bbe68c7055b3604d1,2026-09-07T17:23:12.645992Z,2026-09-07T17:30:52.495352Z,216.2797,585,ack
20260907T172312Z_p4-chaos-dead,cockroachdb,chaos-dead,thesis,01ff85c294945c8138a8326bbe68c7055b3604d1,2026-09-07T17:23:12.645992Z,2026-09-07T17:30:52.495352Z,216.6546,586,ack
20260907T172312Z_p4-chaos-dead,cockroachdb,chaos-dead,thesis,01ff85c294945c8138a8326bbe68c7055b3604d1,2026-09-07T17:23:12.645992Z,2026-09-07T17:30:52.495352Z,217.005,587,ack
20260907T172312Z_p4-chaos-dead,cockroachdb,chaos-dead,thesis,01ff85c294945c8138a8326bbe68c7055b3604d1,2026-09-07T17:23:12.645992Z,2026-09-07T17:30:52.495352Z,217.386,588,ack
20260907T172312Z_p4-chaos-dead,cockroachdb,chaos-dead,thesis,01ff85c294945c8138a8326bbe68c7055b3604d1,2026-09-07T17:23:12.645992Z,2026-09-07T17:30:52.495352Z,217.7505,589,ack
20260907T172312Z_p4-chaos-dead,cockroachdb,chaos-dead,thesis,01ff85c294945c8138a8326bbe68c7055b3604d1,2026-09-07T17:23:12.645992Z,2026-09-07T17:30:52.495352Z,218.1059,590,ack
20260907T172312Z_p4-chaos-dead,cockroachdb,chaos-dead,thesis,01ff85c294945c8138a8326bbe68c7055b3604d1,2026-09-07T17:23:12.645992Z,2026-09-07T17:30:52.495352Z,218.4636,591,ack
20260907T172312Z_p4-chaos-dead,cockroachdb,chaos-dead,thesis,01ff85c294945c8138a8326bbe68c7055b3604d1,2026-09-07T17:23:12.645992Z,2026-09-07T17:30:52.495352Z,218.8197,592,ack
20260907T172312Z_p4-chaos-dead,cockroachdb,chaos-dead,thesis,01ff85c294945c8138a8326bbe68c7055b3604d1,2026-09-07T17:23:12.645992Z,2026-09-07T17:30:52.495352Z,219.1848,593,ack
20260907T172312Z_p4-chaos-dead,cockroachdb,chaos-dead,thesis,01ff85c294945c8138a8326bbe68c7055b3604d1,2026-09-07T17:23:12.645992Z,2026-09-07T17:30:52.495352Z,219.546,594,ack
20260907T172312Z_p4-chaos-dead,cockroachdb,chaos-dead,thesis,01ff85c294945c8138a8326bbe68c7055b3604d1,2026-09-07T17:23:12.645992Z,2026-09-07T17:30:52.495352Z,219.9041,595,ack
20260907T172312Z_p4-chaos-dead,cockroachdb,chaos-dead,thesis,01ff85c294945c8138a8326bbe68c7055b3604d1,2026-09-07T17:23:12.645992Z,2026-09-07T17:30:52.495352Z,220.2656,596,ack
20260907T172312Z_p4-chaos-dead,cockroachdb,chaos-dead,thesis,01ff85c294945c8138a8326bbe68c7055b3604d1,2026-09-07T17:23:12.645992Z,2026-09-07T17:30:52.495352Z,220.6346,597,ack
20260907T172312Z_p4-chaos-dead,cockroachdb,chaos-dead,thesis,01ff85c294945c8138a8326bbe68c7055b3604d1,2026-09-07T17:23:12.645992Z,2026-09-07T17:30:52.495352Z,221.0217,598,ack
20260907T172312Z_p4-chaos-dead,cockroachdb,chaos-dead,thesis,01ff85c294945c8138a8326bbe68c7055b3604d1,2026-09-07T17:23:12.645992Z,2026-09-07T17:30:52.495352Z,221.3854,599,ack
20260907T172312Z_p4-chaos-dead,cockroachdb,chaos-dead,thesis,01ff85c294945c8138a8326bbe68c7055b3604d1,2026-09-07T17:23:12.645992Z,2026-09-07T17:30:52.495352Z,221.7755,600,ack
20260907T172312Z_p4-chaos-dead,cockroachdb,chaos-dead,thesis,01ff85c294945c8138a8326bbe68c7055b3604d1,2026-09-07T17:23:12.645992Z,2026-09-07T17:30:52.495352Z,222.1678,601,ack
20260907T172312Z_p4-chaos-dead,cockroachdb,chaos-dead,thesis,01ff85c294945c8138a8326bbe68c7055b3604d1,2026-09-07T17:23:12.645992Z,2026-09-07T17:30:52.495352Z,222.5693,602,ack
20260907T172312Z_p4-chaos-dead,cockroachdb,chaos-dead,thesis,01ff85c294945c8138a8326bbe68c7055b3604d1,2026-09-07T17:23:12.645992Z,2026-09-07T17:30:52.495352Z,222.9515,603,ack
20260907T172312Z_p4-chaos-dead,cockroachdb,chaos-dead,thesis,01ff85c294945c8138a8326bbe68c7055b3604d1,2026-09-07T17:23:12.645992Z,2026-09-07T17:30:52.495352Z,223.3304,604,ack
20260907T172312Z_p4-chaos-dead,cockroachdb,chaos-dead,thesis,01ff85c294945c8138a8326bbe68c7055b3604d1,2026-09-07T17:23:12.645992Z,2026-09-07T17:30:52.495352Z,223.7179,605,ack
20260907T172312Z_p4-chaos-dead,cockroachdb,chaos-dead,thesis,01ff85c294945c8138a8326bbe68c7055b3604d1,2026-09-07T17:23:12.645992Z,2026-09-07T17:30:52.495352Z,224.112,606,ack
20260907T172312Z_p4-chaos-dead,cockroachdb,chaos-dead,thesis,01ff85c294945c8138a8326bbe68c7055b3604d1,2026-09-07T17:23:12.645992Z,2026-09-07T17:30:52.495352Z,224.4768,607,ack
20260907T172312Z_p4-chaos-dead,cockroachdb,chaos-dead,thesis,01ff85c294945c8138a8326bbe68c7055b3604d1,2026-09-07T17:23:12.645992Z,2026-09-07T17:30:52.495352Z,224.8631,608,ack
20260907T172312Z_p4-chaos-dead,cockroachdb,chaos-dead,thesis,01ff85c294945c8138a8326bbe68c7055b3604d1,2026-09-07T17:23:12.645992Z,2026-09-07T17:30:52.495352Z,225.2539,609,ack
20260907T172312Z_p4-chaos-dead,cockroachdb,chaos-dead,thesis,01ff85c294945c8138a8326bbe68c7055b3604d1,2026-09-07T17:23:12.645992Z,2026-09-07T17:30:52.495352Z,225.6165,610,ack
20260907T172312Z_p4-chaos-dead,cockroachdb,chaos-dead,thesis,01ff85c294945c8138a8326bbe68c7055b3604d1,2026-09-07T17:23:12.645992Z,2026-09-07T17:30:52.495352Z,226.0311,611,ack
20260907T172312Z_p4-chaos-dead,cockroachdb,chaos-dead,thesis,01ff85c294945c8138a8326bbe68c7055b3604d1,2026-09-07T17:23:12.645992Z,2026-09-07T17:30:52.495352Z,226.4306,612,ack
20260907T172312Z_p4-chaos-dead,cockroachdb,chaos-dead,thesis,01ff85c294945c8138a8326bbe68c7055b3604d1,2026-09-07T17:23:12.645992Z,2026-09-07T17:30:52.495352Z,226.8038,613,ack
20260907T172312Z_p4-chaos-dead,cockroachdb,chaos-dead,thesis,01ff85c294945c8138a8326bbe68c7055b3604d1,2026-09-07T17:23:12.645992Z,2026-09-07T17:30:52.495352Z,227.1978,614,ack
20260907T172312Z_p4-chaos-dead,cockroachdb,chaos-dead,thesis,01ff85c294945c8138a8326bbe68c7055b3604d1,2026-09-07T17:23:12.645992Z,2026-09-07T17:30:52.495352Z,227.6081,615,ack
20260907T172312Z_p4-chaos-dead,cockroachdb,chaos-dead,thesis,01ff85c294945c8138a8326bbe68c7055b3604d1,2026-09-07T17:23:12.645992Z,2026-09-07T17:30:52.495352Z,228.0101,616,ack
20260907T172312Z_p4-chaos-dead,cockroachdb,chaos-dead,thesis,01ff85c294945c8138a8326bbe68c7055b3604d1,2026-09-07T17:23:12.645992Z,2026-09-07T17:30:52.495352Z,228.4541,617,ack
20260907T172312Z_p4-chaos-dead,cockroachdb,chaos-dead,thesis,01ff85c294945c8138a8326bbe68c7055b3604d1,2026-09-07T17:23:12.645992Z,2026-09-07T17:30:52.495352Z,228.8692,618,ack
20260907T172312Z_p4-chaos-dead,cockroachdb,chaos-dead,thesis,01ff85c294945c8138a8326bbe68c7055b3604d1,2026-09-07T17:23:12.645992Z,2026-09-07T17:30:52.495352Z,229.3052,619,ack
20260907T172312Z_p4-chaos-dead,cockroachdb,chaos-dead,thesis,01ff85c294945c8138a8326bbe68c7055b3604d1,2026-09-07T17:23:12.645992Z,2026-09-07T17:30:52.495352Z,229.7322,620,ack
20260907T172312Z_p4-chaos-dead,cockroachdb,chaos-dead,thesis,01ff85c294945c8138a8326bbe68c7055b3604d1,2026-09-07T17:23:12.645992Z,2026-09-07T17:30:52.495352Z,230.1054,621,ack
20260907T172312Z_p4-chaos-dead,cockroachdb,chaos-dead,thesis,01ff85c294945c8138a8326bbe68c7055b3604d1,2026-09-07T17:23:12.645992Z,2026-09-07T17:30:52.495352Z,230.5277,622,ack
20260907T172312Z_p4-chaos-dead,cockroachdb,chaos-dead,thesis,01ff85c294945c8138a8326bbe68c7055b3604d1,2026-09-07T17:23:12.645992Z,2026-09-07T17:30:52.495352Z,230.9756,623,ack
20260907T172312Z_p4-chaos-dead,cockroachdb,chaos-dead,thesis,01ff85c294945c8138a8326bbe68c7055b3604d1,2026-09-07T17:23:12.645992Z,2026-09-07T17:30:52.495352Z,231.3997,624,ack
20260907T172312Z_p4-chaos-dead,cockroachdb,chaos-dead,thesis,01ff85c294945c8138a8326bbe68c7055b3604d1,2026-09-07T17:23:12.645992Z,2026-09-07T17:30:52.495352Z,231.7683,625,ack
20260907T172312Z_p4-chaos-dead,cockroachdb,chaos-dead,thesis,01ff85c294945c8138a8326bbe68c7055b3604d1,2026-09-07T17:23:12.645992Z,2026-09-07T17:30:52.495352Z,232.1258,626,ack
20260907T172312Z_p4-chaos-dead,cockroachdb,chaos-dead,thesis,01ff85c294945c8138a8326bbe68c7055b3604d1,2026-09-07T17:23:12.645992Z,2026-09-07T17:30:52.495352Z,232.5077,627,ack
20260907T172312Z_p4-chaos-dead,cockroachdb,chaos-dead,thesis,01ff85c294945c8138a8326bbe68c7055b3604d1,2026-09-07T17:23:12.645992Z,2026-09-07T17:30:52.495352Z,232.8854,628,ack
20260907T172312Z_p4-chaos-dead,cockroachdb,chaos-dead,thesis,01ff85c294945c8138a8326bbe68c7055b3604d1,2026-09-07T17:23:12.645992Z,2026-09-07T17:30:52.495352Z,233.2402,629,ack
20260907T172312Z_p4-chaos-dead,cockroachdb,chaos-dead,thesis,01ff85c294945c8138a8326bbe68c7055b3604d1,2026-09-07T17:23:12.645992Z,2026-09-07T17:30:52.495352Z,233.5907,630,ack
20260907T172312Z_p4-chaos-dead,cockroachdb,chaos-dead,thesis,01ff85c294945c8138a8326bbe68c7055b3604d1,2026-09-07T17:23:12.645992Z,2026-09-07T17:30:52.495352Z,233.9597,631,ack
20260907T172312Z_p4-chaos-dead,cockroachdb,chaos-dead,thesis,01ff85c294945c8138a8326bbe68c7055b3604d1,2026-09-07T17:23:12.645992Z,2026-09-07T17:30:52.495352Z,234.3198,632,ack
20260907T172312Z_p4-chaos-dead,cockroachdb,chaos-dead,thesis,01ff85c294945c8138a8326bbe68c7055b3604d1,2026-09-07T17:23:12.645992Z,2026-09-07T17:30:52.495352Z,234.6845,633,ack
20260907T172312Z_p4-chaos-dead,cockroachdb,chaos-dead,thesis,01ff85c294945c8138a8326bbe68c7055b3604d1,2026-09-07T17:23:12.645992Z,2026-09-07T17:30:52.495352Z,235.0559,634,ack
20260907T172312Z_p4-chaos-dead,cockroachdb,chaos-dead,thesis,01ff85c294945c8138a8326bbe68c7055b3604d1,2026-09-07T17:23:12.645992Z,2026-09-07T17:30:52.495352Z,235.4114,635,ack
20260907T172312Z_p4-chaos-dead,cockroachdb,chaos-dead,thesis,01ff85c294945c8138a8326bbe68c7055b3604d1,2026-09-07T17:23:12.645992Z,2026-09-07T17:30:52.495352Z,235.7785,636,ack
20260907T172312Z_p4-chaos-dead,cockroachdb,chaos-dead,thesis,01ff85c294945c8138a8326bbe68c7055b3604d1,2026-09-07T17:23:12.645992Z,2026-09-07T17:30:52.495352Z,236.1395,637,ack
20260907T172312Z_p4-chaos-dead,cockroachdb,chaos-dead,thesis,01ff85c294945c8138a8326bbe68c7055b3604d1,2026-09-07T17:23:12.645992Z,2026-09-07T17:30:52.495352Z,236.52,638,ack
20260907T172312Z_p4-chaos-dead,cockroachdb,chaos-dead,thesis,01ff85c294945c8138a8326bbe68c7055b3604d1,2026-09-07T17:23:12.645992Z,2026-09-07T17:30:52.495352Z,236.8895,639,ack
20260907T172312Z_p4-chaos-dead,cockroachdb,chaos-dead,thesis,01ff85c294945c8138a8326bbe68c7055b3604d1,2026-09-07T17:23:12.645992Z,2026-09-07T17:30:52.495352Z,237.2533,640,ack
20260907T172312Z_p4-chaos-dead,cockroachdb,chaos-dead,thesis,01ff85c294945c8138a8326bbe68c7055b3604d1,2026-09-07T17:23:12.645992Z,2026-09-07T17:30:52.495352Z,237.6256,641,ack
20260907T172312Z_p4-chaos-dead,cockroachdb,chaos-dead,thesis,01ff85c294945c8138a8326bbe68c7055b3604d1,2026-09-07T17:23:12.645992Z,2026-09-07T17:30:52.495352Z,237.9848,642,ack
20260907T172312Z_p4-chaos-dead,cockroachdb,chaos-dead,thesis,01ff85c294945c8138a8326bbe68c7055b3604d1,2026-09-07T17:23:12.645992Z,2026-09-07T17:30:52.495352Z,238.3487,643,ack
20260907T172312Z_p4-chaos-dead,cockroachdb,chaos-dead,thesis,01ff85c294945c8138a8326bbe68c7055b3604d1,2026-09-07T17:23:12.645992Z,2026-09-07T17:30:52.495352Z,238.7118,644,ack
20260907T172312Z_p4-chaos-dead,cockroachdb,chaos-dead,thesis,01ff85c294945c8138a8326bbe68c7055b3604d1,2026-09-07T17:23:12.645992Z,2026-09-07T17:30:52.495352Z,239.0811,645,ack
20260907T172312Z_p4-chaos-dead,cockroachdb,chaos-dead,thesis,01ff85c294945c8138a8326bbe68c7055b3604d1,2026-09-07T17:23:12.645992Z,2026-09-07T17:30:52.495352Z,239.4448,646,ack
20260907T172312Z_p4-chaos-dead,cockroachdb,chaos-dead,thesis,01ff85c294945c8138a8326bbe68c7055b3604d1,2026-09-07T17:23:12.645992Z,2026-09-07T17:30:52.495352Z,239.8104,647,ack
20260907T172312Z_p4-chaos-dead,cockroachdb,chaos-dead,thesis,01ff85c294945c8138a8326bbe68c7055b3604d1,2026-09-07T17:23:12.645992Z,2026-09-07T17:30:52.495352Z,240.1696,648,ack
20260907T172312Z_p4-chaos-dead,cockroachdb,chaos-dead,thesis,01ff85c294945c8138a8326bbe68c7055b3604d1,2026-09-07T17:23:12.645992Z,2026-09-07T17:30:52.495352Z,240.5184,649,ack
20260907T172312Z_p4-chaos-dead,cockroachdb,chaos-dead,thesis,01ff85c294945c8138a8326bbe68c7055b3604d1,2026-09-07T17:23:12.645992Z,2026-09-07T17:30:52.495352Z,240.8795,650,ack
20260907T172312Z_p4-chaos-dead,cockroachdb,chaos-dead,thesis,01ff85c294945c8138a8326bbe68c7055b3604d1,2026-09-07T17:23:12.645992Z,2026-09-07T17:30:52.495352Z,241.2438,651,ack
20260907T172312Z_p4-chaos-dead,cockroachdb,chaos-dead,thesis,01ff85c294945c8138a8326bbe68c7055b3604d1,2026-09-07T17:23:12.645992Z,2026-09-07T17:30:52.495352Z,241.6048,652,ack
20260907T172312Z_p4-chaos-dead,cockroachdb,chaos-dead,thesis,01ff85c294945c8138a8326bbe68c7055b3604d1,2026-09-07T17:23:12.645992Z,2026-09-07T17:30:52.495352Z,241.9601,653,ack
20260907T172312Z_p4-chaos-dead,cockroachdb,chaos-dead,thesis,01ff85c294945c8138a8326bbe68c7055b3604d1,2026-09-07T17:23:12.645992Z,2026-09-07T17:30:52.495352Z,242.3093,654,ack
20260907T172312Z_p4-chaos-dead,cockroachdb,chaos-dead,thesis,01ff85c294945c8138a8326bbe68c7055b3604d1,2026-09-07T17:23:12.645992Z,2026-09-07T17:30:52.495352Z,242.6603,655,ack
20260907T172312Z_p4-chaos-dead,cockroachdb,chaos-dead,thesis,01ff85c294945c8138a8326bbe68c7055b3604d1,2026-09-07T17:23:12.645992Z,2026-09-07T17:30:52.495352Z,243.0139,656,ack
20260907T172312Z_p4-chaos-dead,cockroachdb,chaos-dead,thesis,01ff85c294945c8138a8326bbe68c7055b3604d1,2026-09-07T17:23:12.645992Z,2026-09-07T17:30:52.495352Z,243.3708,657,ack
20260907T172312Z_p4-chaos-dead,cockroachdb,chaos-dead,thesis,01ff85c294945c8138a8326bbe68c7055b3604d1,2026-09-07T17:23:12.645992Z,2026-09-07T17:30:52.495352Z,243.7344,658,ack
20260907T172312Z_p4-chaos-dead,cockroachdb,chaos-dead,thesis,01ff85c294945c8138a8326bbe68c7055b3604d1,2026-09-07T17:23:12.645992Z,2026-09-07T17:30:52.495352Z,244.0885,659,ack
20260907T172312Z_p4-chaos-dead,cockroachdb,chaos-dead,thesis,01ff85c294945c8138a8326bbe68c7055b3604d1,2026-09-07T17:23:12.645992Z,2026-09-07T17:30:52.495352Z,244.4821,660,ack
20260907T172312Z_p4-chaos-dead,cockroachdb,chaos-dead,thesis,01ff85c294945c8138a8326bbe68c7055b3604d1,2026-09-07T17:23:12.645992Z,2026-09-07T17:30:52.495352Z,244.8657,661,ack
20260907T172312Z_p4-chaos-dead,cockroachdb,chaos-dead,thesis,01ff85c294945c8138a8326bbe68c7055b3604d1,2026-09-07T17:23:12.645992Z,2026-09-07T17:30:52.495352Z,245.2353,662,ack
20260907T172312Z_p4-chaos-dead,cockroachdb,chaos-dead,thesis,01ff85c294945c8138a8326bbe68c7055b3604d1,2026-09-07T17:23:12.645992Z,2026-09-07T17:30:52.495352Z,245.5887,663,ack
20260907T172312Z_p4-chaos-dead,cockroachdb,chaos-dead,thesis,01ff85c294945c8138a8326bbe68c7055b3604d1,2026-09-07T17:23:12.645992Z,2026-09-07T17:30:52.495352Z,245.9504,664,ack
20260907T172312Z_p4-chaos-dead,cockroachdb,chaos-dead,thesis,01ff85c294945c8138a8326bbe68c7055b3604d1,2026-09-07T17:23:12.645992Z,2026-09-07T17:30:52.495352Z,246.305,665,ack
20260907T172312Z_p4-chaos-dead,cockroachdb,chaos-dead,thesis,01ff85c294945c8138a8326bbe68c7055b3604d1,2026-09-07T17:23:12.645992Z,2026-09-07T17:30:52.495352Z,246.6588,666,ack
20260907T172312Z_p4-chaos-dead,cockroachdb,chaos-dead,thesis,01ff85c294945c8138a8326bbe68c7055b3604d1,2026-09-07T17:23:12.645992Z,2026-09-07T17:30:52.495352Z,247.0143,667,ack
20260907T172312Z_p4-chaos-dead,cockroachdb,chaos-dead,thesis,01ff85c294945c8138a8326bbe68c7055b3604d1,2026-09-07T17:23:12.645992Z,2026-09-07T17:30:52.495352Z,247.3636,668,ack
20260907T172312Z_p4-chaos-dead,cockroachdb,chaos-dead,thesis,01ff85c294945c8138a8326bbe68c7055b3604d1,2026-09-07T17:23:12.645992Z,2026-09-07T17:30:52.495352Z,247.7238,669,ack
20260907T172312Z_p4-chaos-dead,cockroachdb,chaos-dead,thesis,01ff85c294945c8138a8326bbe68c7055b3604d1,2026-09-07T17:23:12.645992Z,2026-09-07T17:30:52.495352Z,248.1064,670,ack
20260907T172312Z_p4-chaos-dead,cockroachdb,chaos-dead,thesis,01ff85c294945c8138a8326bbe68c7055b3604d1,2026-09-07T17:23:12.645992Z,2026-09-07T17:30:52.495352Z,248.4789,671,ack
20260907T172312Z_p4-chaos-dead,cockroachdb,chaos-dead,thesis,01ff85c294945c8138a8326bbe68c7055b3604d1,2026-09-07T17:23:12.645992Z,2026-09-07T17:30:52.495352Z,248.8497,672,ack
20260907T172312Z_p4-chaos-dead,cockroachdb,chaos-dead,thesis,01ff85c294945c8138a8326bbe68c7055b3604d1,2026-09-07T17:23:12.645992Z,2026-09-07T17:30:52.495352Z,249.2137,673,ack
20260907T172312Z_p4-chaos-dead,cockroachdb,chaos-dead,thesis,01ff85c294945c8138a8326bbe68c7055b3604d1,2026-09-07T17:23:12.645992Z,2026-09-07T17:30:52.495352Z,249.5801,674,ack
20260907T172312Z_p4-chaos-dead,cockroachdb,chaos-dead,thesis,01ff85c294945c8138a8326bbe68c7055b3604d1,2026-09-07T17:23:12.645992Z,2026-09-07T17:30:52.495352Z,249.9408,675,ack
20260907T172312Z_p4-chaos-dead,cockroachdb,chaos-dead,thesis,01ff85c294945c8138a8326bbe68c7055b3604d1,2026-09-07T17:23:12.645992Z,2026-09-07T17:30:52.495352Z,250.2998,676,ack
20260907T172312Z_p4-chaos-dead,cockroachdb,chaos-dead,thesis,01ff85c294945c8138a8326bbe68c7055b3604d1,2026-09-07T17:23:12.645992Z,2026-09-07T17:30:52.495352Z,250.6646,677,ack
20260907T172312Z_p4-chaos-dead,cockroachdb,chaos-dead,thesis,01ff85c294945c8138a8326bbe68c7055b3604d1,2026-09-07T17:23:12.645992Z,2026-09-07T17:30:52.495352Z,251.0196,678,ack
20260907T172312Z_p4-chaos-dead,cockroachdb,chaos-dead,thesis,01ff85c294945c8138a8326bbe68c7055b3604d1,2026-09-07T17:23:12.645992Z,2026-09-07T17:30:52.495352Z,251.369,679,ack
20260907T172312Z_p4-chaos-dead,cockroachdb,chaos-dead,thesis,01ff85c294945c8138a8326bbe68c7055b3604d1,2026-09-07T17:23:12.645992Z,2026-09-07T17:30:52.495352Z,251.7299,680,ack
20260907T172312Z_p4-chaos-dead,cockroachdb,chaos-dead,thesis,01ff85c294945c8138a8326bbe68c7055b3604d1,2026-09-07T17:23:12.645992Z,2026-09-07T17:30:52.495352Z,252.0963,681,ack
20260907T172312Z_p4-chaos-dead,cockroachdb,chaos-dead,thesis,01ff85c294945c8138a8326bbe68c7055b3604d1,2026-09-07T17:23:12.645992Z,2026-09-07T17:30:52.495352Z,252.4443,682,ack
20260907T172312Z_p4-chaos-dead,cockroachdb,chaos-dead,thesis,01ff85c294945c8138a8326bbe68c7055b3604d1,2026-09-07T17:23:12.645992Z,2026-09-07T17:30:52.495352Z,252.7994,683,ack
20260907T172312Z_p4-chaos-dead,cockroachdb,chaos-dead,thesis,01ff85c294945c8138a8326bbe68c7055b3604d1,2026-09-07T17:23:12.645992Z,2026-09-07T17:30:52.495352Z,253.1644,684,ack
20260907T172312Z_p4-chaos-dead,cockroachdb,chaos-dead,thesis,01ff85c294945c8138a8326bbe68c7055b3604d1,2026-09-07T17:23:12.645992Z,2026-09-07T17:30:52.495352Z,253.5299,685,ack
20260907T172312Z_p4-chaos-dead,cockroachdb,chaos-dead,thesis,01ff85c294945c8138a8326bbe68c7055b3604d1,2026-09-07T17:23:12.645992Z,2026-09-07T17:30:52.495352Z,253.8903,686,ack
20260907T172312Z_p4-chaos-dead,cockroachdb,chaos-dead,thesis,01ff85c294945c8138a8326bbe68c7055b3604d1,2026-09-07T17:23:12.645992Z,2026-09-07T17:30:52.495352Z,254.2503,687,ack
20260907T172312Z_p4-chaos-dead,cockroachdb,chaos-dead,thesis,01ff85c294945c8138a8326bbe68c7055b3604d1,2026-09-07T17:23:12.645992Z,2026-09-07T17:30:52.495352Z,254.6049,688,ack
20260907T172312Z_p4-chaos-dead,cockroachdb,chaos-dead,thesis,01ff85c294945c8138a8326bbe68c7055b3604d1,2026-09-07T17:23:12.645992Z,2026-09-07T17:30:52.495352Z,254.9593,689,ack
20260907T172312Z_p4-chaos-dead,cockroachdb,chaos-dead,thesis,01ff85c294945c8138a8326bbe68c7055b3604d1,2026-09-07T17:23:12.645992Z,2026-09-07T17:30:52.495352Z,255.3203,690,ack
20260907T172312Z_p4-chaos-dead,cockroachdb,chaos-dead,thesis,01ff85c294945c8138a8326bbe68c7055b3604d1,2026-09-07T17:23:12.645992Z,2026-09-07T17:30:52.495352Z,255.6794,691,ack
20260907T172312Z_p4-chaos-dead,cockroachdb,chaos-dead,thesis,01ff85c294945c8138a8326bbe68c7055b3604d1,2026-09-07T17:23:12.645992Z,2026-09-07T17:30:52.495352Z,256.0449,692,ack
20260907T172312Z_p4-chaos-dead,cockroachdb,chaos-dead,thesis,01ff85c294945c8138a8326bbe68c7055b3604d1,2026-09-07T17:23:12.645992Z,2026-09-07T17:30:52.495352Z,256.4047,693,ack
20260907T172312Z_p4-chaos-dead,cockroachdb,chaos-dead,thesis,01ff85c294945c8138a8326bbe68c7055b3604d1,2026-09-07T17:23:12.645992Z,2026-09-07T17:30:52.495352Z,256.7599,694,ack
20260907T172312Z_p4-chaos-dead,cockroachdb,chaos-dead,thesis,01ff85c294945c8138a8326bbe68c7055b3604d1,2026-09-07T17:23:12.645992Z,2026-09-07T17:30:52.495352Z,257.1164,695,ack
20260907T172312Z_p4-chaos-dead,cockroachdb,chaos-dead,thesis,01ff85c294945c8138a8326bbe68c7055b3604d1,2026-09-07T17:23:12.645992Z,2026-09-07T17:30:52.495352Z,257.4772,696,ack
20260907T172312Z_p4-chaos-dead,cockroachdb,chaos-dead,thesis,01ff85c294945c8138a8326bbe68c7055b3604d1,2026-09-07T17:23:12.645992Z,2026-09-07T17:30:52.495352Z,257.829,697,ack
20260907T172312Z_p4-chaos-dead,cockroachdb,chaos-dead,thesis,01ff85c294945c8138a8326bbe68c7055b3604d1,2026-09-07T17:23:12.645992Z,2026-09-07T17:30:52.495352Z,258.2271,698,ack
20260907T172312Z_p4-chaos-dead,cockroachdb,chaos-dead,thesis,01ff85c294945c8138a8326bbe68c7055b3604d1,2026-09-07T17:23:12.645992Z,2026-09-07T17:30:52.495352Z,258.5797,699,ack
20260907T172312Z_p4-chaos-dead,cockroachdb,chaos-dead,thesis,01ff85c294945c8138a8326bbe68c7055b3604d1,2026-09-07T17:23:12.645992Z,2026-09-07T17:30:52.495352Z,258.9297,700,ack
20260907T172312Z_p4-chaos-dead,cockroachdb,chaos-dead,thesis,01ff85c294945c8138a8326bbe68c7055b3604d1,2026-09-07T17:23:12.645992Z,2026-09-07T17:30:52.495352Z,259.2979,701,ack
20260907T172312Z_p4-chaos-dead,cockroachdb,chaos-dead,thesis,01ff85c294945c8138a8326bbe68c7055b3604d1,2026-09-07T17:23:12.645992Z,2026-09-07T17:30:52.495352Z,259.66,702,ack
20260907T172312Z_p4-chaos-dead,cockroachdb,chaos-dead,thesis,01ff85c294945c8138a8326bbe68c7055b3604d1,2026-09-07T17:23:12.645992Z,2026-09-07T17:30:52.495352Z,260.0307,703,ack
20260907T172312Z_p4-chaos-dead,cockroachdb,chaos-dead,thesis,01ff85c294945c8138a8326bbe68c7055b3604d1,2026-09-07T17:23:12.645992Z,2026-09-07T17:30:52.495352Z,260.3895,704,ack
20260907T172312Z_p4-chaos-dead,cockroachdb,chaos-dead,thesis,01ff85c294945c8138a8326bbe68c7055b3604d1,2026-09-07T17:23:12.645992Z,2026-09-07T17:30:52.495352Z,260.7403,705,ack
20260907T172312Z_p4-chaos-dead,cockroachdb,chaos-dead,thesis,01ff85c294945c8138a8326bbe68c7055b3604d1,2026-09-07T17:23:12.645992Z,2026-09-07T17:30:52.495352Z,261.099,706,ack
20260907T172312Z_p4-chaos-dead,cockroachdb,chaos-dead,thesis,01ff85c294945c8138a8326bbe68c7055b3604d1,2026-09-07T17:23:12.645992Z,2026-09-07T17:30:52.495352Z,261.4504,707,ack
20260907T172312Z_p4-chaos-dead,cockroachdb,chaos-dead,thesis,01ff85c294945c8138a8326bbe68c7055b3604d1,2026-09-07T17:23:12.645992Z,2026-09-07T17:30:52.495352Z,261.7991,708,ack
20260907T172312Z_p4-chaos-dead,cockroachdb,chaos-dead,thesis,01ff85c294945c8138a8326bbe68c7055b3604d1,2026-09-07T17:23:12.645992Z,2026-09-07T17:30:52.495352Z,262.1501,709,ack
20260907T172312Z_p4-chaos-dead,cockroachdb,chaos-dead,thesis,01ff85c294945c8138a8326bbe68c7055b3604d1,2026-09-07T17:23:12.645992Z,2026-09-07T17:30:52.495352Z,262.5272,710,ack
20260907T172312Z_p4-chaos-dead,cockroachdb,chaos-dead,thesis,01ff85c294945c8138a8326bbe68c7055b3604d1,2026-09-07T17:23:12.645992Z,2026-09-07T17:30:52.495352Z,262.8857,711,ack
20260907T172312Z_p4-chaos-dead,cockroachdb,chaos-dead,thesis,01ff85c294945c8138a8326bbe68c7055b3604d1,2026-09-07T17:23:12.645992Z,2026-09-07T17:30:52.495352Z,263.2389,712,ack
20260907T172312Z_p4-chaos-dead,cockroachdb,chaos-dead,thesis,01ff85c294945c8138a8326bbe68c7055b3604d1,2026-09-07T17:23:12.645992Z,2026-09-07T17:30:52.495352Z,263.6001,713,ack
20260907T172312Z_p4-chaos-dead,cockroachdb,chaos-dead,thesis,01ff85c294945c8138a8326bbe68c7055b3604d1,2026-09-07T17:23:12.645992Z,2026-09-07T17:30:52.495352Z,263.9488,714,ack
20260907T172312Z_p4-chaos-dead,cockroachdb,chaos-dead,thesis,01ff85c294945c8138a8326bbe68c7055b3604d1,2026-09-07T17:23:12.645992Z,2026-09-07T17:30:52.495352Z,264.3089,715,ack
20260907T172312Z_p4-chaos-dead,cockroachdb,chaos-dead,thesis,01ff85c294945c8138a8326bbe68c7055b3604d1,2026-09-07T17:23:12.645992Z,2026-09-07T17:30:52.495352Z,264.6638,716,ack
20260907T172312Z_p4-chaos-dead,cockroachdb,chaos-dead,thesis,01ff85c294945c8138a8326bbe68c7055b3604d1,2026-09-07T17:23:12.645992Z,2026-09-07T17:30:52.495352Z,265.022,717,ack
20260907T172312Z_p4-chaos-dead,cockroachdb,chaos-dead,thesis,01ff85c294945c8138a8326bbe68c7055b3604d1,2026-09-07T17:23:12.645992Z,2026-09-07T17:30:52.495352Z,265.3902,718,ack
20260907T172312Z_p4-chaos-dead,cockroachdb,chaos-dead,thesis,01ff85c294945c8138a8326bbe68c7055b3604d1,2026-09-07T17:23:12.645992Z,2026-09-07T17:30:52.495352Z,265.7556,719,ack
20260907T172312Z_p4-chaos-dead,cockroachdb,chaos-dead,thesis,01ff85c294945c8138a8326bbe68c7055b3604d1,2026-09-07T17:23:12.645992Z,2026-09-07T17:30:52.495352Z,266.1203,720,ack
20260907T172312Z_p4-chaos-dead,cockroachdb,chaos-dead,thesis,01ff85c294945c8138a8326bbe68c7055b3604d1,2026-09-07T17:23:12.645992Z,2026-09-07T17:30:52.495352Z,266.48,721,ack
20260907T172312Z_p4-chaos-dead,cockroachdb,chaos-dead,thesis,01ff85c294945c8138a8326bbe68c7055b3604d1,2026-09-07T17:23:12.645992Z,2026-09-07T17:30:52.495352Z,266.8436,722,ack
20260907T172312Z_p4-chaos-dead,cockroachdb,chaos-dead,thesis,01ff85c294945c8138a8326bbe68c7055b3604d1,2026-09-07T17:23:12.645992Z,2026-09-07T17:30:52.495352Z,267.2046,723,ack
20260907T172312Z_p4-chaos-dead,cockroachdb,chaos-dead,thesis,01ff85c294945c8138a8326bbe68c7055b3604d1,2026-09-07T17:23:12.645992Z,2026-09-07T17:30:52.495352Z,267.5547,724,ack
20260907T172312Z_p4-chaos-dead,cockroachdb,chaos-dead,thesis,01ff85c294945c8138a8326bbe68c7055b3604d1,2026-09-07T17:23:12.645992Z,2026-09-07T17:30:52.495352Z,267.9208,725,ack
20260907T172312Z_p4-chaos-dead,cockroachdb,chaos-dead,thesis,01ff85c294945c8138a8326bbe68c7055b3604d1,2026-09-07T17:23:12.645992Z,2026-09-07T17:30:52.495352Z,268.2738,726,ack
20260907T172312Z_p4-chaos-dead,cockroachdb,chaos-dead,thesis,01ff85c294945c8138a8326bbe68c7055b3604d1,2026-09-07T17:23:12.645992Z,2026-09-07T17:30:52.495352Z,268.6293,727,ack
20260907T172312Z_p4-chaos-dead,cockroachdb,chaos-dead,thesis,01ff85c294945c8138a8326bbe68c7055b3604d1,2026-09-07T17:23:12.645992Z,2026-09-07T17:30:52.495352Z,268.9942,728,ack
20260907T172312Z_p4-chaos-dead,cockroachdb,chaos-dead,thesis,01ff85c294945c8138a8326bbe68c7055b3604d1,2026-09-07T17:23:12.645992Z,2026-09-07T17:30:52.495352Z,269.3559,729,ack
20260907T172312Z_p4-chaos-dead,cockroachdb,chaos-dead,thesis,01ff85c294945c8138a8326bbe68c7055b3604d1,2026-09-07T17:23:12.645992Z,2026-09-07T17:30:52.495352Z,269.7238,730,ack
20260907T172312Z_p4-chaos-dead,cockroachdb,chaos-dead,thesis,01ff85c294945c8138a8326bbe68c7055b3604d1,2026-09-07T17:23:12.645992Z,2026-09-07T17:30:52.495352Z,270.0875,731,ack
20260907T172312Z_p4-chaos-dead,cockroachdb,chaos-dead,thesis,01ff85c294945c8138a8326bbe68c7055b3604d1,2026-09-07T17:23:12.645992Z,2026-09-07T17:30:52.495352Z,270.5654,732,ack
20260907T172312Z_p4-chaos-dead,cockroachdb,chaos-dead,thesis,01ff85c294945c8138a8326bbe68c7055b3604d1,2026-09-07T17:23:12.645992Z,2026-09-07T17:30:52.495352Z,270.9539,733,ack
20260907T172312Z_p4-chaos-dead,cockroachdb,chaos-dead,thesis,01ff85c294945c8138a8326bbe68c7055b3604d1,2026-09-07T17:23:12.645992Z,2026-09-07T17:30:52.495352Z,271.3088,734,ack
20260907T172312Z_p4-chaos-dead,cockroachdb,chaos-dead,thesis,01ff85c294945c8138a8326bbe68c7055b3604d1,2026-09-07T17:23:12.645992Z,2026-09-07T17:30:52.495352Z,271.6597,735,ack
20260907T172312Z_p4-chaos-dead,cockroachdb,chaos-dead,thesis,01ff85c294945c8138a8326bbe68c7055b3604d1,2026-09-07T17:23:12.645992Z,2026-09-07T17:30:52.495352Z,272.0198,736,ack
20260907T172312Z_p4-chaos-dead,cockroachdb,chaos-dead,thesis,01ff85c294945c8138a8326bbe68c7055b3604d1,2026-09-07T17:23:12.645992Z,2026-09-07T17:30:52.495352Z,272.3699,737,ack
20260907T172312Z_p4-chaos-dead,cockroachdb,chaos-dead,thesis,01ff85c294945c8138a8326bbe68c7055b3604d1,2026-09-07T17:23:12.645992Z,2026-09-07T17:30:52.495352Z,272.731,738,ack
20260907T172312Z_p4-chaos-dead,cockroachdb,chaos-dead,thesis,01ff85c294945c8138a8326bbe68c7055b3604d1,2026-09-07T17:23:12.645992Z,2026-09-07T17:30:52.495352Z,273.0858,739,ack
20260907T172312Z_p4-chaos-dead,cockroachdb,chaos-dead,thesis,01ff85c294945c8138a8326bbe68c7055b3604d1,2026-09-07T17:23:12.645992Z,2026-09-07T17:30:52.495352Z,273.4891,740,ack
20260907T172312Z_p4-chaos-dead,cockroachdb,chaos-dead,thesis,01ff85c294945c8138a8326bbe68c7055b3604d1,2026-09-07T17:23:12.645992Z,2026-09-07T17:30:52.495352Z,273.8561,741,ack
20260907T172312Z_p4-chaos-dead,cockroachdb,chaos-dead,thesis,01ff85c294945c8138a8326bbe68c7055b3604d1,2026-09-07T17:23:12.645992Z,2026-09-07T17:30:52.495352Z,274.2192,742,ack
20260907T172312Z_p4-chaos-dead,cockroachdb,chaos-dead,thesis,01ff85c294945c8138a8326bbe68c7055b3604d1,2026-09-07T17:23:12.645992Z,2026-09-07T17:30:52.495352Z,274.5804,743,ack
20260907T172312Z_p4-chaos-dead,cockroachdb,chaos-dead,thesis,01ff85c294945c8138a8326bbe68c7055b3604d1,2026-09-07T17:23:12.645992Z,2026-09-07T17:30:52.495352Z,274.9338,744,ack
20260907T172312Z_p4-chaos-dead,cockroachdb,chaos-dead,thesis,01ff85c294945c8138a8326bbe68c7055b3604d1,2026-09-07T17:23:12.645992Z,2026-09-07T17:30:52.495352Z,275.295,745,ack
20260907T172312Z_p4-chaos-dead,cockroachdb,chaos-dead,thesis,01ff85c294945c8138a8326bbe68c7055b3604d1,2026-09-07T17:23:12.645992Z,2026-09-07T17:30:52.495352Z,275.6584,746,ack
20260907T172312Z_p4-chaos-dead,cockroachdb,chaos-dead,thesis,01ff85c294945c8138a8326bbe68c7055b3604d1,2026-09-07T17:23:12.645992Z,2026-09-07T17:30:52.495352Z,276.0103,747,ack
20260907T172312Z_p4-chaos-dead,cockroachdb,chaos-dead,thesis,01ff85c294945c8138a8326bbe68c7055b3604d1,2026-09-07T17:23:12.645992Z,2026-09-07T17:30:52.495352Z,276.3646,748,ack
20260907T172312Z_p4-chaos-dead,cockroachdb,chaos-dead,thesis,01ff85c294945c8138a8326bbe68c7055b3604d1,2026-09-07T17:23:12.645992Z,2026-09-07T17:30:52.495352Z,276.7296,749,ack
20260907T172312Z_p4-chaos-dead,cockroachdb,chaos-dead,thesis,01ff85c294945c8138a8326bbe68c7055b3604d1,2026-09-07T17:23:12.645992Z,2026-09-07T17:30:52.495352Z,277.0904,750,ack
20260907T172312Z_p4-chaos-dead,cockroachdb,chaos-dead,thesis,01ff85c294945c8138a8326bbe68c7055b3604d1,2026-09-07T17:23:12.645992Z,2026-09-07T17:30:52.495352Z,277.4605,751,ack
20260907T172312Z_p4-chaos-dead,cockroachdb,chaos-dead,thesis,01ff85c294945c8138a8326bbe68c7055b3604d1,2026-09-07T17:23:12.645992Z,2026-09-07T17:30:52.495352Z,277.8136,752,ack
20260907T172312Z_p4-chaos-dead,cockroachdb,chaos-dead,thesis,01ff85c294945c8138a8326bbe68c7055b3604d1,2026-09-07T17:23:12.645992Z,2026-09-07T17:30:52.495352Z,278.1759,753,ack
20260907T172312Z_p4-chaos-dead,cockroachdb,chaos-dead,thesis,01ff85c294945c8138a8326bbe68c7055b3604d1,2026-09-07T17:23:12.645992Z,2026-09-07T17:30:52.495352Z,278.5292,754,ack
20260907T172312Z_p4-chaos-dead,cockroachdb,chaos-dead,thesis,01ff85c294945c8138a8326bbe68c7055b3604d1,2026-09-07T17:23:12.645992Z,2026-09-07T17:30:52.495352Z,278.9095,755,ack
20260907T172312Z_p4-chaos-dead,cockroachdb,chaos-dead,thesis,01ff85c294945c8138a8326bbe68c7055b3604d1,2026-09-07T17:23:12.645992Z,2026-09-07T17:30:52.495352Z,279.2943,756,ack
20260907T172312Z_p4-chaos-dead,cockroachdb,chaos-dead,thesis,01ff85c294945c8138a8326bbe68c7055b3604d1,2026-09-07T17:23:12.645992Z,2026-09-07T17:30:52.495352Z,279.6642,757,ack
20260907T172312Z_p4-chaos-dead,cockroachdb,chaos-dead,thesis,01ff85c294945c8138a8326bbe68c7055b3604d1,2026-09-07T17:23:12.645992Z,2026-09-07T17:30:52.495352Z,280.0311,758,ack
20260907T172312Z_p4-chaos-dead,cockroachdb,chaos-dead,thesis,01ff85c294945c8138a8326bbe68c7055b3604d1,2026-09-07T17:23:12.645992Z,2026-09-07T17:30:52.495352Z,280.3935,759,ack
20260907T172312Z_p4-chaos-dead,cockroachdb,chaos-dead,thesis,01ff85c294945c8138a8326bbe68c7055b3604d1,2026-09-07T17:23:12.645992Z,2026-09-07T17:30:52.495352Z,280.7495,760,ack
20260907T172312Z_p4-chaos-dead,cockroachdb,chaos-dead,thesis,01ff85c294945c8138a8326bbe68c7055b3604d1,2026-09-07T17:23:12.645992Z,2026-09-07T17:30:52.495352Z,281.0998,761,ack
20260907T172312Z_p4-chaos-dead,cockroachdb,chaos-dead,thesis,01ff85c294945c8138a8326bbe68c7055b3604d1,2026-09-07T17:23:12.645992Z,2026-09-07T17:30:52.495352Z,281.4818,762,ack
20260907T172312Z_p4-chaos-dead,cockroachdb,chaos-dead,thesis,01ff85c294945c8138a8326bbe68c7055b3604d1,2026-09-07T17:23:12.645992Z,2026-09-07T17:30:52.495352Z,281.8566,763,ack
20260907T172312Z_p4-chaos-dead,cockroachdb,chaos-dead,thesis,01ff85c294945c8138a8326bbe68c7055b3604d1,2026-09-07T17:23:12.645992Z,2026-09-07T17:30:52.495352Z,282.2208,764,ack
20260907T172312Z_p4-chaos-dead,cockroachdb,chaos-dead,thesis,01ff85c294945c8138a8326bbe68c7055b3604d1,2026-09-07T17:23:12.645992Z,2026-09-07T17:30:52.495352Z,282.5843,765,ack
20260907T172312Z_p4-chaos-dead,cockroachdb,chaos-dead,thesis,01ff85c294945c8138a8326bbe68c7055b3604d1,2026-09-07T17:23:12.645992Z,2026-09-07T17:30:52.495352Z,282.9513,766,ack
20260907T172312Z_p4-chaos-dead,cockroachdb,chaos-dead,thesis,01ff85c294945c8138a8326bbe68c7055b3604d1,2026-09-07T17:23:12.645992Z,2026-09-07T17:30:52.495352Z,283.3152,767,ack
20260907T172312Z_p4-chaos-dead,cockroachdb,chaos-dead,thesis,01ff85c294945c8138a8326bbe68c7055b3604d1,2026-09-07T17:23:12.645992Z,2026-09-07T17:30:52.495352Z,283.6688,768,ack
20260907T172312Z_p4-chaos-dead,cockroachdb,chaos-dead,thesis,01ff85c294945c8138a8326bbe68c7055b3604d1,2026-09-07T17:23:12.645992Z,2026-09-07T17:30:52.495352Z,284.0258,769,ack
20260907T172312Z_p4-chaos-dead,cockroachdb,chaos-dead,thesis,01ff85c294945c8138a8326bbe68c7055b3604d1,2026-09-07T17:23:12.645992Z,2026-09-07T17:30:52.495352Z,284.3855,770,ack
20260907T172312Z_p4-chaos-dead,cockroachdb,chaos-dead,thesis,01ff85c294945c8138a8326bbe68c7055b3604d1,2026-09-07T17:23:12.645992Z,2026-09-07T17:30:52.495352Z,284.7499,771,ack
20260907T172312Z_p4-chaos-dead,cockroachdb,chaos-dead,thesis,01ff85c294945c8138a8326bbe68c7055b3604d1,2026-09-07T17:23:12.645992Z,2026-09-07T17:30:52.495352Z,285.1053,772,ack
20260907T172312Z_p4-chaos-dead,cockroachdb,chaos-dead,thesis,01ff85c294945c8138a8326bbe68c7055b3604d1,2026-09-07T17:23:12.645992Z,2026-09-07T17:30:52.495352Z,285.4596,773,ack
20260907T172312Z_p4-chaos-dead,cockroachdb,chaos-dead,thesis,01ff85c294945c8138a8326bbe68c7055b3604d1,2026-09-07T17:23:12.645992Z,2026-09-07T17:30:52.495352Z,285.841,774,ack
20260907T172312Z_p4-chaos-dead,cockroachdb,chaos-dead,thesis,01ff85c294945c8138a8326bbe68c7055b3604d1,2026-09-07T17:23:12.645992Z,2026-09-07T17:30:52.495352Z,286.2159,775,ack
20260907T172312Z_p4-chaos-dead,cockroachdb,chaos-dead,thesis,01ff85c294945c8138a8326bbe68c7055b3604d1,2026-09-07T17:23:12.645992Z,2026-09-07T17:30:52.495352Z,286.584,776,ack
20260907T172312Z_p4-chaos-dead,cockroachdb,chaos-dead,thesis,01ff85c294945c8138a8326bbe68c7055b3604d1,2026-09-07T17:23:12.645992Z,2026-09-07T17:30:52.495352Z,286.9557,777,ack
20260907T172312Z_p4-chaos-dead,cockroachdb,chaos-dead,thesis,01ff85c294945c8138a8326bbe68c7055b3604d1,2026-09-07T17:23:12.645992Z,2026-09-07T17:30:52.495352Z,287.3151,778,ack
20260907T172312Z_p4-chaos-dead,cockroachdb,chaos-dead,thesis,01ff85c294945c8138a8326bbe68c7055b3604d1,2026-09-07T17:23:12.645992Z,2026-09-07T17:30:52.495352Z,287.6708,779,ack
20260907T172312Z_p4-chaos-dead,cockroachdb,chaos-dead,thesis,01ff85c294945c8138a8326bbe68c7055b3604d1,2026-09-07T17:23:12.645992Z,2026-09-07T17:30:52.495352Z,288.0343,780,ack
20260907T172312Z_p4-chaos-dead,cockroachdb,chaos-dead,thesis,01ff85c294945c8138a8326bbe68c7055b3604d1,2026-09-07T17:23:12.645992Z,2026-09-07T17:30:52.495352Z,288.4074,781,ack
20260907T172312Z_p4-chaos-dead,cockroachdb,chaos-dead,thesis,01ff85c294945c8138a8326bbe68c7055b3604d1,2026-09-07T17:23:12.645992Z,2026-09-07T17:30:52.495352Z,288.7756,782,ack
20260907T172312Z_p4-chaos-dead,cockroachdb,chaos-dead,thesis,01ff85c294945c8138a8326bbe68c7055b3604d1,2026-09-07T17:23:12.645992Z,2026-09-07T17:30:52.495352Z,289.1449,783,ack
20260907T172312Z_p4-chaos-dead,cockroachdb,chaos-dead,thesis,01ff85c294945c8138a8326bbe68c7055b3604d1,2026-09-07T17:23:12.645992Z,2026-09-07T17:30:52.495352Z,289.5092,784,ack
20260907T172312Z_p4-chaos-dead,cockroachdb,chaos-dead,thesis,01ff85c294945c8138a8326bbe68c7055b3604d1,2026-09-07T17:23:12.645992Z,2026-09-07T17:30:52.495352Z,289.8709,785,ack
20260907T172312Z_p4-chaos-dead,cockroachdb,chaos-dead,thesis,01ff85c294945c8138a8326bbe68c7055b3604d1,2026-09-07T17:23:12.645992Z,2026-09-07T17:30:52.495352Z,290.2259,786,ack
20260907T172312Z_p4-chaos-dead,cockroachdb,chaos-dead,thesis,01ff85c294945c8138a8326bbe68c7055b3604d1,2026-09-07T17:23:12.645992Z,2026-09-07T17:30:52.495352Z,290.5899,787,ack
20260907T172312Z_p4-chaos-dead,cockroachdb,chaos-dead,thesis,01ff85c294945c8138a8326bbe68c7055b3604d1,2026-09-07T17:23:12.645992Z,2026-09-07T17:30:52.495352Z,290.9572,788,ack
20260907T172312Z_p4-chaos-dead,cockroachdb,chaos-dead,thesis,01ff85c294945c8138a8326bbe68c7055b3604d1,2026-09-07T17:23:12.645992Z,2026-09-07T17:30:52.495352Z,291.3157,789,ack
20260907T172312Z_p4-chaos-dead,cockroachdb,chaos-dead,thesis,01ff85c294945c8138a8326bbe68c7055b3604d1,2026-09-07T17:23:12.645992Z,2026-09-07T17:30:52.495352Z,291.6884,790,ack
20260907T172312Z_p4-chaos-dead,cockroachdb,chaos-dead,thesis,01ff85c294945c8138a8326bbe68c7055b3604d1,2026-09-07T17:23:12.645992Z,2026-09-07T17:30:52.495352Z,292.0651,791,ack
20260907T172312Z_p4-chaos-dead,cockroachdb,chaos-dead,thesis,01ff85c294945c8138a8326bbe68c7055b3604d1,2026-09-07T17:23:12.645992Z,2026-09-07T17:30:52.495352Z,292.4545,792,ack
20260907T172312Z_p4-chaos-dead,cockroachdb,chaos-dead,thesis,01ff85c294945c8138a8326bbe68c7055b3604d1,2026-09-07T17:23:12.645992Z,2026-09-07T17:30:52.495352Z,292.8523,793,ack
20260907T172312Z_p4-chaos-dead,cockroachdb,chaos-dead,thesis,01ff85c294945c8138a8326bbe68c7055b3604d1,2026-09-07T17:23:12.645992Z,2026-09-07T17:30:52.495352Z,293.2198,794,ack
20260907T172312Z_p4-chaos-dead,cockroachdb,chaos-dead,thesis,01ff85c294945c8138a8326bbe68c7055b3604d1,2026-09-07T17:23:12.645992Z,2026-09-07T17:30:52.495352Z,293.5711,795,ack
20260907T172312Z_p4-chaos-dead,cockroachdb,chaos-dead,thesis,01ff85c294945c8138a8326bbe68c7055b3604d1,2026-09-07T17:23:12.645992Z,2026-09-07T17:30:52.495352Z,293.919,796,ack
20260907T172312Z_p4-chaos-dead,cockroachdb,chaos-dead,thesis,01ff85c294945c8138a8326bbe68c7055b3604d1,2026-09-07T17:23:12.645992Z,2026-09-07T17:30:52.495352Z,294.2848,797,ack
20260907T172312Z_p4-chaos-dead,cockroachdb,chaos-dead,thesis,01ff85c294945c8138a8326bbe68c7055b3604d1,2026-09-07T17:23:12.645992Z,2026-09-07T17:30:52.495352Z,294.6409,798,ack
20260907T172312Z_p4-chaos-dead,cockroachdb,chaos-dead,thesis,01ff85c294945c8138a8326bbe68c7055b3604d1,2026-09-07T17:23:12.645992Z,2026-09-07T17:30:52.495352Z,295.0198,799,ack
20260907T172312Z_p4-chaos-dead,cockroachdb,chaos-dead,thesis,01ff85c294945c8138a8326bbe68c7055b3604d1,2026-09-07T17:23:12.645992Z,2026-09-07T17:30:52.495352Z,295.3849,800,ack
20260907T172312Z_p4-chaos-dead,cockroachdb,chaos-dead,thesis,01ff85c294945c8138a8326bbe68c7055b3604d1,2026-09-07T17:23:12.645992Z,2026-09-07T17:30:52.495352Z,295.7613,801,ack
20260907T172312Z_p4-chaos-dead,cockroachdb,chaos-dead,thesis,01ff85c294945c8138a8326bbe68c7055b3604d1,2026-09-07T17:23:12.645992Z,2026-09-07T17:30:52.495352Z,296.1224,802,ack
20260907T172312Z_p4-chaos-dead,cockroachdb,chaos-dead,thesis,01ff85c294945c8138a8326bbe68c7055b3604d1,2026-09-07T17:23:12.645992Z,2026-09-07T17:30:52.495352Z,296.4708,803,ack
20260907T172312Z_p4-chaos-dead,cockroachdb,chaos-dead,thesis,01ff85c294945c8138a8326bbe68c7055b3604d1,2026-09-07T17:23:12.645992Z,2026-09-07T17:30:52.495352Z,296.8303,804,ack
20260907T172312Z_p4-chaos-dead,cockroachdb,chaos-dead,thesis,01ff85c294945c8138a8326bbe68c7055b3604d1,2026-09-07T17:23:12.645992Z,2026-09-07T17:30:52.495352Z,297.1958,805,ack
20260907T172312Z_p4-chaos-dead,cockroachdb,chaos-dead,thesis,01ff85c294945c8138a8326bbe68c7055b3604d1,2026-09-07T17:23:12.645992Z,2026-09-07T17:30:52.495352Z,297.559,806,ack
20260907T172312Z_p4-chaos-dead,cockroachdb,chaos-dead,thesis,01ff85c294945c8138a8326bbe68c7055b3604d1,2026-09-07T17:23:12.645992Z,2026-09-07T17:30:52.495352Z,297.9218,807,ack
20260907T172312Z_p4-chaos-dead,cockroachdb,chaos-dead,thesis,01ff85c294945c8138a8326bbe68c7055b3604d1,2026-09-07T17:23:12.645992Z,2026-09-07T17:30:52.495352Z,298.2851,808,ack
20260907T172312Z_p4-chaos-dead,cockroachdb,chaos-dead,thesis,01ff85c294945c8138a8326bbe68c7055b3604d1,2026-09-07T17:23:12.645992Z,2026-09-07T17:30:52.495352Z,298.6462,809,ack
20260907T172312Z_p4-chaos-dead,cockroachdb,chaos-dead,thesis,01ff85c294945c8138a8326bbe68c7055b3604d1,2026-09-07T17:23:12.645992Z,2026-09-07T17:30:52.495352Z,299.0098,810,ack
20260907T172312Z_p4-chaos-dead,cockroachdb,chaos-dead,thesis,01ff85c294945c8138a8326bbe68c7055b3604d1,2026-09-07T17:23:12.645992Z,2026-09-07T17:30:52.495352Z,299.3611,811,ack
20260907T172312Z_p4-chaos-dead,cockroachdb,chaos-dead,thesis,01ff85c294945c8138a8326bbe68c7055b3604d1,2026-09-07T17:23:12.645992Z,2026-09-07T17:30:52.495352Z,299.7187,812,ack
20260907T172312Z_p4-chaos-dead,cockroachdb,chaos-dead,thesis,01ff85c294945c8138a8326bbe68c7055b3604d1,2026-09-07T17:23:12.645992Z,2026-09-07T17:30:52.495352Z,300.1153,813,ack
20260907T172312Z_p4-chaos-dead,cockroachdb,chaos-dead,thesis,01ff85c294945c8138a8326bbe68c7055b3604d1,2026-09-07T17:23:12.645992Z,2026-09-07T17:30:52.495352Z,300.4752,814,ack
20260907T172312Z_p4-chaos-dead,cockroachdb,chaos-dead,thesis,01ff85c294945c8138a8326bbe68c7055b3604d1,2026-09-07T17:23:12.645992Z,2026-09-07T17:30:52.495352Z,300.8256,815,ack
20260907T172312Z_p4-chaos-dead,cockroachdb,chaos-dead,thesis,01ff85c294945c8138a8326bbe68c7055b3604d1,2026-09-07T17:23:12.645992Z,2026-09-07T17:30:52.495352Z,301.18,816,ack
20260907T172312Z_p4-chaos-dead,cockroachdb,chaos-dead,thesis,01ff85c294945c8138a8326bbe68c7055b3604d1,2026-09-07T17:23:12.645992Z,2026-09-07T17:30:52.495352Z,301.5458,817,ack
20260907T172312Z_p4-chaos-dead,cockroachdb,chaos-dead,thesis,01ff85c294945c8138a8326bbe68c7055b3604d1,2026-09-07T17:23:12.645992Z,2026-09-07T17:30:52.495352Z,301.9099,818,ack
20260907T172312Z_p4-chaos-dead,cockroachdb,chaos-dead,thesis,01ff85c294945c8138a8326bbe68c7055b3604d1,2026-09-07T17:23:12.645992Z,2026-09-07T17:30:52.495352Z,302.2758,819,ack
20260907T172312Z_p4-chaos-dead,cockroachdb,chaos-dead,thesis,01ff85c294945c8138a8326bbe68c7055b3604d1,2026-09-07T17:23:12.645992Z,2026-09-07T17:30:52.495352Z,302.6315,820,ack
20260907T172312Z_p4-chaos-dead,cockroachdb,chaos-dead,thesis,01ff85c294945c8138a8326bbe68c7055b3604d1,2026-09-07T17:23:12.645992Z,2026-09-07T17:30:52.495352Z,302.9802,821,ack
20260907T172312Z_p4-chaos-dead,cockroachdb,chaos-dead,thesis,01ff85c294945c8138a8326bbe68c7055b3604d1,2026-09-07T17:23:12.645992Z,2026-09-07T17:30:52.495352Z,303.3489,822,ack
20260907T172312Z_p4-chaos-dead,cockroachdb,chaos-dead,thesis,01ff85c294945c8138a8326bbe68c7055b3604d1,2026-09-07T17:23:12.645992Z,2026-09-07T17:30:52.495352Z,303.7014,823,ack
20260907T172312Z_p4-chaos-dead,cockroachdb,chaos-dead,thesis,01ff85c294945c8138a8326bbe68c7055b3604d1,2026-09-07T17:23:12.645992Z,2026-09-07T17:30:52.495352Z,304.0562,824,ack
20260907T172312Z_p4-chaos-dead,cockroachdb,chaos-dead,thesis,01ff85c294945c8138a8326bbe68c7055b3604d1,2026-09-07T17:23:12.645992Z,2026-09-07T17:30:52.495352Z,304.416,825,ack
20260907T172312Z_p4-chaos-dead,cockroachdb,chaos-dead,thesis,01ff85c294945c8138a8326bbe68c7055b3604d1,2026-09-07T17:23:12.645992Z,2026-09-07T17:30:52.495352Z,304.7695,826,ack
20260907T172312Z_p4-chaos-dead,cockroachdb,chaos-dead,thesis,01ff85c294945c8138a8326bbe68c7055b3604d1,2026-09-07T17:23:12.645992Z,2026-09-07T17:30:52.495352Z,305.1467,827,ack
20260907T172312Z_p4-chaos-dead,cockroachdb,chaos-dead,thesis,01ff85c294945c8138a8326bbe68c7055b3604d1,2026-09-07T17:23:12.645992Z,2026-09-07T17:30:52.495352Z,305.5048,828,ack
20260907T172312Z_p4-chaos-dead,cockroachdb,chaos-dead,thesis,01ff85c294945c8138a8326bbe68c7055b3604d1,2026-09-07T17:23:12.645992Z,2026-09-07T17:30:52.495352Z,305.9257,829,ack
20260907T172312Z_p4-chaos-dead,cockroachdb,chaos-dead,thesis,01ff85c294945c8138a8326bbe68c7055b3604d1,2026-09-07T17:23:12.645992Z,2026-09-07T17:30:52.495352Z,306.2893,830,ack
20260907T172312Z_p4-chaos-dead,cockroachdb,chaos-dead,thesis,01ff85c294945c8138a8326bbe68c7055b3604d1,2026-09-07T17:23:12.645992Z,2026-09-07T17:30:52.495352Z,306.6512,831,ack
20260907T172312Z_p4-chaos-dead,cockroachdb,chaos-dead,thesis,01ff85c294945c8138a8326bbe68c7055b3604d1,2026-09-07T17:23:12.645992Z,2026-09-07T17:30:52.495352Z,307.0202,832,ack
20260907T172312Z_p4-chaos-dead,cockroachdb,chaos-dead,thesis,01ff85c294945c8138a8326bbe68c7055b3604d1,2026-09-07T17:23:12.645992Z,2026-09-07T17:30:52.495352Z,307.3761,833,ack
20260907T172312Z_p4-chaos-dead,cockroachdb,chaos-dead,thesis,01ff85c294945c8138a8326bbe68c7055b3604d1,2026-09-07T17:23:12.645992Z,2026-09-07T17:30:52.495352Z,307.7344,834,ack
20260907T172312Z_p4-chaos-dead,cockroachdb,chaos-dead,thesis,01ff85c294945c8138a8326bbe68c7055b3604d1,2026-09-07T17:23:12.645992Z,2026-09-07T17:30:52.495352Z,308.132,835,ack
20260907T172312Z_p4-chaos-dead,cockroachdb,chaos-dead,thesis,01ff85c294945c8138a8326bbe68c7055b3604d1,2026-09-07T17:23:12.645992Z,2026-09-07T17:30:52.495352Z,308.4956,836,ack
20260907T172312Z_p4-chaos-dead,cockroachdb,chaos-dead,thesis,01ff85c294945c8138a8326bbe68c7055b3604d1,2026-09-07T17:23:12.645992Z,2026-09-07T17:30:52.495352Z,308.8644,837,ack
20260907T172312Z_p4-chaos-dead,cockroachdb,chaos-dead,thesis,01ff85c294945c8138a8326bbe68c7055b3604d1,2026-09-07T17:23:12.645992Z,2026-09-07T17:30:52.495352Z,309.2174,838,ack
20260907T172312Z_p4-chaos-dead,cockroachdb,chaos-dead,thesis,01ff85c294945c8138a8326bbe68c7055b3604d1,2026-09-07T17:23:12.645992Z,2026-09-07T17:30:52.495352Z,309.5769,839,ack
20260907T172312Z_p4-chaos-dead,cockroachdb,chaos-dead,thesis,01ff85c294945c8138a8326bbe68c7055b3604d1,2026-09-07T17:23:12.645992Z,2026-09-07T17:30:52.495352Z,309.9407,840,ack
20260907T172312Z_p4-chaos-dead,cockroachdb,chaos-dead,thesis,01ff85c294945c8138a8326bbe68c7055b3604d1,2026-09-07T17:23:12.645992Z,2026-09-07T17:30:52.495352Z,310.3155,841,ack
20260907T172312Z_p4-chaos-dead,cockroachdb,chaos-dead,thesis,01ff85c294945c8138a8326bbe68c7055b3604d1,2026-09-07T17:23:12.645992Z,2026-09-07T17:30:52.495352Z,310.6836,842,ack
20260907T172312Z_p4-chaos-dead,cockroachdb,chaos-dead,thesis,01ff85c294945c8138a8326bbe68c7055b3604d1,2026-09-07T17:23:12.645992Z,2026-09-07T17:30:52.495352Z,311.0372,843,ack
20260907T172312Z_p4-chaos-dead,cockroachdb,chaos-dead,thesis,01ff85c294945c8138a8326bbe68c7055b3604d1,2026-09-07T17:23:12.645992Z,2026-09-07T17:30:52.495352Z,311.3921,844,ack
20260907T172312Z_p4-chaos-dead,cockroachdb,chaos-dead,thesis,01ff85c294945c8138a8326bbe68c7055b3604d1,2026-09-07T17:23:12.645992Z,2026-09-07T17:30:52.495352Z,311.7666,845,ack
20260907T172312Z_p4-chaos-dead,cockroachdb,chaos-dead,thesis,01ff85c294945c8138a8326bbe68c7055b3604d1,2026-09-07T17:23:12.645992Z,2026-09-07T17:30:52.495352Z,312.1406,846,ack
20260907T172312Z_p4-chaos-dead,cockroachdb,chaos-dead,thesis,01ff85c294945c8138a8326bbe68c7055b3604d1,2026-09-07T17:23:12.645992Z,2026-09-07T17:30:52.495352Z,312.536,847,ack
20260907T172312Z_p4-chaos-dead,cockroachdb,chaos-dead,thesis,01ff85c294945c8138a8326bbe68c7055b3604d1,2026-09-07T17:23:12.645992Z,2026-09-07T17:30:52.495352Z,312.9614,848,ack
20260907T172312Z_p4-chaos-dead,cockroachdb,chaos-dead,thesis,01ff85c294945c8138a8326bbe68c7055b3604d1,2026-09-07T17:23:12.645992Z,2026-09-07T17:30:52.495352Z,313.3195,849,ack
20260907T172312Z_p4-chaos-dead,cockroachdb,chaos-dead,thesis,01ff85c294945c8138a8326bbe68c7055b3604d1,2026-09-07T17:23:12.645992Z,2026-09-07T17:30:52.495352Z,313.6911,850,ack
20260907T172312Z_p4-chaos-dead,cockroachdb,chaos-dead,thesis,01ff85c294945c8138a8326bbe68c7055b3604d1,2026-09-07T17:23:12.645992Z,2026-09-07T17:30:52.495352Z,314.0616,851,ack
20260907T172312Z_p4-chaos-dead,cockroachdb,chaos-dead,thesis,01ff85c294945c8138a8326bbe68c7055b3604d1,2026-09-07T17:23:12.645992Z,2026-09-07T17:30:52.495352Z,314.4367,852,ack
20260907T172312Z_p4-chaos-dead,cockroachdb,chaos-dead,thesis,01ff85c294945c8138a8326bbe68c7055b3604d1,2026-09-07T17:23:12.645992Z,2026-09-07T17:30:52.495352Z,314.7962,853,ack
20260907T172312Z_p4-chaos-dead,cockroachdb,chaos-dead,thesis,01ff85c294945c8138a8326bbe68c7055b3604d1,2026-09-07T17:23:12.645992Z,2026-09-07T17:30:52.495352Z,315.1615,854,ack
20260907T172312Z_p4-chaos-dead,cockroachdb,chaos-dead,thesis,01ff85c294945c8138a8326bbe68c7055b3604d1,2026-09-07T17:23:12.645992Z,2026-09-07T17:30:52.495352Z,315.5299,855,ack
20260907T172312Z_p4-chaos-dead,cockroachdb,chaos-dead,thesis,01ff85c294945c8138a8326bbe68c7055b3604d1,2026-09-07T17:23:12.645992Z,2026-09-07T17:30:52.495352Z,315.9003,856,ack
20260907T172312Z_p4-chaos-dead,cockroachdb,chaos-dead,thesis,01ff85c294945c8138a8326bbe68c7055b3604d1,2026-09-07T17:23:12.645992Z,2026-09-07T17:30:52.495352Z,316.2658,857,ack
20260907T172312Z_p4-chaos-dead,cockroachdb,chaos-dead,thesis,01ff85c294945c8138a8326bbe68c7055b3604d1,2026-09-07T17:23:12.645992Z,2026-09-07T17:30:52.495352Z,316.6303,858,ack
20260907T172312Z_p4-chaos-dead,cockroachdb,chaos-dead,thesis,01ff85c294945c8138a8326bbe68c7055b3604d1,2026-09-07T17:23:12.645992Z,2026-09-07T17:30:52.495352Z,316.9858,859,ack
20260907T172312Z_p4-chaos-dead,cockroachdb,chaos-dead,thesis,01ff85c294945c8138a8326bbe68c7055b3604d1,2026-09-07T17:23:12.645992Z,2026-09-07T17:30:52.495352Z,317.3562,860,ack
20260907T172312Z_p4-chaos-dead,cockroachdb,chaos-dead,thesis,01ff85c294945c8138a8326bbe68c7055b3604d1,2026-09-07T17:23:12.645992Z,2026-09-07T17:30:52.495352Z,317.7209,861,ack
20260907T172312Z_p4-chaos-dead,cockroachdb,chaos-dead,thesis,01ff85c294945c8138a8326bbe68c7055b3604d1,2026-09-07T17:23:12.645992Z,2026-09-07T17:30:52.495352Z,318.0812,862,ack
20260907T172312Z_p4-chaos-dead,cockroachdb,chaos-dead,thesis,01ff85c294945c8138a8326bbe68c7055b3604d1,2026-09-07T17:23:12.645992Z,2026-09-07T17:30:52.495352Z,318.4556,863,ack
20260907T172312Z_p4-chaos-dead,cockroachdb,chaos-dead,thesis,01ff85c294945c8138a8326bbe68c7055b3604d1,2026-09-07T17:23:12.645992Z,2026-09-07T17:30:52.495352Z,318.8322,864,ack
20260907T172312Z_p4-chaos-dead,cockroachdb,chaos-dead,thesis,01ff85c294945c8138a8326bbe68c7055b3604d1,2026-09-07T17:23:12.645992Z,2026-09-07T17:30:52.495352Z,319.1957,865,ack
20260907T172312Z_p4-chaos-dead,cockroachdb,chaos-dead,thesis,01ff85c294945c8138a8326bbe68c7055b3604d1,2026-09-07T17:23:12.645992Z,2026-09-07T17:30:52.495352Z,319.5506,866,ack
20260907T172312Z_p4-chaos-dead,cockroachdb,chaos-dead,thesis,01ff85c294945c8138a8326bbe68c7055b3604d1,2026-09-07T17:23:12.645992Z,2026-09-07T17:30:52.495352Z,319.9005,867,ack
20260907T172312Z_p4-chaos-dead,cockroachdb,chaos-dead,thesis,01ff85c294945c8138a8326bbe68c7055b3604d1,2026-09-07T17:23:12.645992Z,2026-09-07T17:30:52.495352Z,320.2619,868,ack
20260907T172312Z_p4-chaos-dead,cockroachdb,chaos-dead,thesis,01ff85c294945c8138a8326bbe68c7055b3604d1,2026-09-07T17:23:12.645992Z,2026-09-07T17:30:52.495352Z,320.63,869,ack
20260907T172312Z_p4-chaos-dead,cockroachdb,chaos-dead,thesis,01ff85c294945c8138a8326bbe68c7055b3604d1,2026-09-07T17:23:12.645992Z,2026-09-07T17:30:52.495352Z,320.9919,870,ack
20260907T172312Z_p4-chaos-dead,cockroachdb,chaos-dead,thesis,01ff85c294945c8138a8326bbe68c7055b3604d1,2026-09-07T17:23:12.645992Z,2026-09-07T17:30:52.495352Z,321.3543,871,ack
20260907T172312Z_p4-chaos-dead,cockroachdb,chaos-dead,thesis,01ff85c294945c8138a8326bbe68c7055b3604d1,2026-09-07T17:23:12.645992Z,2026-09-07T17:30:52.495352Z,321.7112,872,ack
20260907T172312Z_p4-chaos-dead,cockroachdb,chaos-dead,thesis,01ff85c294945c8138a8326bbe68c7055b3604d1,2026-09-07T17:23:12.645992Z,2026-09-07T17:30:52.495352Z,322.0771,873,ack
20260907T172312Z_p4-chaos-dead,cockroachdb,chaos-dead,thesis,01ff85c294945c8138a8326bbe68c7055b3604d1,2026-09-07T17:23:12.645992Z,2026-09-07T17:30:52.495352Z,322.4468,874,ack
20260907T172312Z_p4-chaos-dead,cockroachdb,chaos-dead,thesis,01ff85c294945c8138a8326bbe68c7055b3604d1,2026-09-07T17:23:12.645992Z,2026-09-07T17:30:52.495352Z,322.8108,875,ack
20260907T172312Z_p4-chaos-dead,cockroachdb,chaos-dead,thesis,01ff85c294945c8138a8326bbe68c7055b3604d1,2026-09-07T17:23:12.645992Z,2026-09-07T17:30:52.495352Z,323.1755,876,ack
20260907T172312Z_p4-chaos-dead,cockroachdb,chaos-dead,thesis,01ff85c294945c8138a8326bbe68c7055b3604d1,2026-09-07T17:23:12.645992Z,2026-09-07T17:30:52.495352Z,323.5473,877,ack
20260907T172312Z_p4-chaos-dead,cockroachdb,chaos-dead,thesis,01ff85c294945c8138a8326bbe68c7055b3604d1,2026-09-07T17:23:12.645992Z,2026-09-07T17:30:52.495352Z,323.9057,878,ack
20260907T172312Z_p4-chaos-dead,cockroachdb,chaos-dead,thesis,01ff85c294945c8138a8326bbe68c7055b3604d1,2026-09-07T17:23:12.645992Z,2026-09-07T17:30:52.495352Z,324.2644,879,ack
20260907T172312Z_p4-chaos-dead,cockroachdb,chaos-dead,thesis,01ff85c294945c8138a8326bbe68c7055b3604d1,2026-09-07T17:23:12.645992Z,2026-09-07T17:30:52.495352Z,324.6428,880,ack
20260907T172312Z_p4-chaos-dead,cockroachdb,chaos-dead,thesis,01ff85c294945c8138a8326bbe68c7055b3604d1,2026-09-07T17:23:12.645992Z,2026-09-07T17:30:52.495352Z,325.0077,881,ack
20260907T172312Z_p4-chaos-dead,cockroachdb,chaos-dead,thesis,01ff85c294945c8138a8326bbe68c7055b3604d1,2026-09-07T17:23:12.645992Z,2026-09-07T17:30:52.495352Z,325.3718,882,ack
20260907T172312Z_p4-chaos-dead,cockroachdb,chaos-dead,thesis,01ff85c294945c8138a8326bbe68c7055b3604d1,2026-09-07T17:23:12.645992Z,2026-09-07T17:30:52.495352Z,325.7353,883,ack
20260907T172312Z_p4-chaos-dead,cockroachdb,chaos-dead,thesis,01ff85c294945c8138a8326bbe68c7055b3604d1,2026-09-07T17:23:12.645992Z,2026-09-07T17:30:52.495352Z,326.0894,884,ack
20260907T172312Z_p4-chaos-dead,cockroachdb,chaos-dead,thesis,01ff85c294945c8138a8326bbe68c7055b3604d1,2026-09-07T17:23:12.645992Z,2026-09-07T17:30:52.495352Z,326.4416,885,ack
20260907T172312Z_p4-chaos-dead,cockroachdb,chaos-dead,thesis,01ff85c294945c8138a8326bbe68c7055b3604d1,2026-09-07T17:23:12.645992Z,2026-09-07T17:30:52.495352Z,326.796,886,ack
20260907T172312Z_p4-chaos-dead,cockroachdb,chaos-dead,thesis,01ff85c294945c8138a8326bbe68c7055b3604d1,2026-09-07T17:23:12.645992Z,2026-09-07T17:30:52.495352Z,327.166,887,ack
20260907T172312Z_p4-chaos-dead,cockroachdb,chaos-dead,thesis,01ff85c294945c8138a8326bbe68c7055b3604d1,2026-09-07T17:23:12.645992Z,2026-09-07T17:30:52.495352Z,327.5263,888,ack
20260907T172312Z_p4-chaos-dead,cockroachdb,chaos-dead,thesis,01ff85c294945c8138a8326bbe68c7055b3604d1,2026-09-07T17:23:12.645992Z,2026-09-07T17:30:52.495352Z,327.8847,889,ack
20260907T172312Z_p4-chaos-dead,cockroachdb,chaos-dead,thesis,01ff85c294945c8138a8326bbe68c7055b3604d1,2026-09-07T17:23:12.645992Z,2026-09-07T17:30:52.495352Z,328.2861,890,ack
20260907T172312Z_p4-chaos-dead,cockroachdb,chaos-dead,thesis,01ff85c294945c8138a8326bbe68c7055b3604d1,2026-09-07T17:23:12.645992Z,2026-09-07T17:30:52.495352Z,328.65,891,ack
20260907T172312Z_p4-chaos-dead,cockroachdb,chaos-dead,thesis,01ff85c294945c8138a8326bbe68c7055b3604d1,2026-09-07T17:23:12.645992Z,2026-09-07T17:30:52.495352Z,329.0204,892,ack
20260907T172312Z_p4-chaos-dead,cockroachdb,chaos-dead,thesis,01ff85c294945c8138a8326bbe68c7055b3604d1,2026-09-07T17:23:12.645992Z,2026-09-07T17:30:52.495352Z,329.3814,893,ack
20260907T172312Z_p4-chaos-dead,cockroachdb,chaos-dead,thesis,01ff85c294945c8138a8326bbe68c7055b3604d1,2026-09-07T17:23:12.645992Z,2026-09-07T17:30:52.495352Z,329.7814,894,ack
20260907T172312Z_p4-chaos-dead,cockroachdb,chaos-dead,thesis,01ff85c294945c8138a8326bbe68c7055b3604d1,2026-09-07T17:23:12.645992Z,2026-09-07T17:30:52.495352Z,330.1405,895,ack
20260907T172312Z_p4-chaos-dead,cockroachdb,chaos-dead,thesis,01ff85c294945c8138a8326bbe68c7055b3604d1,2026-09-07T17:23:12.645992Z,2026-09-07T17:30:52.495352Z,330.5071,896,ack
20260907T172312Z_p4-chaos-dead,cockroachdb,chaos-dead,thesis,01ff85c294945c8138a8326bbe68c7055b3604d1,2026-09-07T17:23:12.645992Z,2026-09-07T17:30:52.495352Z,330.8754,897,ack
20260907T172312Z_p4-chaos-dead,cockroachdb,chaos-dead,thesis,01ff85c294945c8138a8326bbe68c7055b3604d1,2026-09-07T17:23:12.645992Z,2026-09-07T17:30:52.495352Z,331.2343,898,ack
20260907T172312Z_p4-chaos-dead,cockroachdb,chaos-dead,thesis,01ff85c294945c8138a8326bbe68c7055b3604d1,2026-09-07T17:23:12.645992Z,2026-09-07T17:30:52.495352Z,331.595,899,ack
20260907T172312Z_p4-chaos-dead,cockroachdb,chaos-dead,thesis,01ff85c294945c8138a8326bbe68c7055b3604d1,2026-09-07T17:23:12.645992Z,2026-09-07T17:30:52.495352Z,331.9505,900,ack
20260907T172312Z_p4-chaos-dead,cockroachdb,chaos-dead,thesis,01ff85c294945c8138a8326bbe68c7055b3604d1,2026-09-07T17:23:12.645992Z,2026-09-07T17:30:52.495352Z,332.3108,901,ack
20260907T172312Z_p4-chaos-dead,cockroachdb,chaos-dead,thesis,01ff85c294945c8138a8326bbe68c7055b3604d1,2026-09-07T17:23:12.645992Z,2026-09-07T17:30:52.495352Z,332.6711,902,ack
20260907T172312Z_p4-chaos-dead,cockroachdb,chaos-dead,thesis,01ff85c294945c8138a8326bbe68c7055b3604d1,2026-09-07T17:23:12.645992Z,2026-09-07T17:30:52.495352Z,333.0251,903,ack
20260907T172312Z_p4-chaos-dead,cockroachdb,chaos-dead,thesis,01ff85c294945c8138a8326bbe68c7055b3604d1,2026-09-07T17:23:12.645992Z,2026-09-07T17:30:52.495352Z,333.3809,904,ack
20260907T172312Z_p4-chaos-dead,cockroachdb,chaos-dead,thesis,01ff85c294945c8138a8326bbe68c7055b3604d1,2026-09-07T17:23:12.645992Z,2026-09-07T17:30:52.495352Z,333.7414,905,ack
20260907T172312Z_p4-chaos-dead,cockroachdb,chaos-dead,thesis,01ff85c294945c8138a8326bbe68c7055b3604d1,2026-09-07T17:23:12.645992Z,2026-09-07T17:30:52.495352Z,334.113,906,ack
20260907T172312Z_p4-chaos-dead,cockroachdb,chaos-dead,thesis,01ff85c294945c8138a8326bbe68c7055b3604d1,2026-09-07T17:23:12.645992Z,2026-09-07T17:30:52.495352Z,334.4749,907,ack
20260907T172312Z_p4-chaos-dead,cockroachdb,chaos-dead,thesis,01ff85c294945c8138a8326bbe68c7055b3604d1,2026-09-07T17:23:12.645992Z,2026-09-07T17:30:52.495352Z,334.8258,908,ack
20260907T172312Z_p4-chaos-dead,cockroachdb,chaos-dead,thesis,01ff85c294945c8138a8326bbe68c7055b3604d1,2026-09-07T17:23:12.645992Z,2026-09-07T17:30:52.495352Z,335.1911,909,ack
20260907T172312Z_p4-chaos-dead,cockroachdb,chaos-dead,thesis,01ff85c294945c8138a8326bbe68c7055b3604d1,2026-09-07T17:23:12.645992Z,2026-09-07T17:30:52.495352Z,335.5566,910,ack
20260907T172312Z_p4-chaos-dead,cockroachdb,chaos-dead,thesis,01ff85c294945c8138a8326bbe68c7055b3604d1,2026-09-07T17:23:12.645992Z,2026-09-07T17:30:52.495352Z,335.9109,911,ack
20260907T172312Z_p4-chaos-dead,cockroachdb,chaos-dead,thesis,01ff85c294945c8138a8326bbe68c7055b3604d1,2026-09-07T17:23:12.645992Z,2026-09-07T17:30:52.495352Z,336.3108,912,ack
20260907T172312Z_p4-chaos-dead,cockroachdb,chaos-dead,thesis,01ff85c294945c8138a8326bbe68c7055b3604d1,2026-09-07T17:23:12.645992Z,2026-09-07T17:30:52.495352Z,336.6758,913,ack
20260907T172312Z_p4-chaos-dead,cockroachdb,chaos-dead,thesis,01ff85c294945c8138a8326bbe68c7055b3604d1,2026-09-07T17:23:12.645992Z,2026-09-07T17:30:52.495352Z,337.0514,914,ack
20260907T172312Z_p4-chaos-dead,cockroachdb,chaos-dead,thesis,01ff85c294945c8138a8326bbe68c7055b3604d1,2026-09-07T17:23:12.645992Z,2026-09-07T17:30:52.495352Z,337.4306,915,ack
20260907T172312Z_p4-chaos-dead,cockroachdb,chaos-dead,thesis,01ff85c294945c8138a8326bbe68c7055b3604d1,2026-09-07T17:23:12.645992Z,2026-09-07T17:30:52.495352Z,337.7956,916,ack
20260907T172312Z_p4-chaos-dead,cockroachdb,chaos-dead,thesis,01ff85c294945c8138a8326bbe68c7055b3604d1,2026-09-07T17:23:12.645992Z,2026-09-07T17:30:52.495352Z,338.1773,917,ack
20260907T172312Z_p4-chaos-dead,cockroachdb,chaos-dead,thesis,01ff85c294945c8138a8326bbe68c7055b3604d1,2026-09-07T17:23:12.645992Z,2026-09-07T17:30:52.495352Z,338.5315,918,ack
20260907T172312Z_p4-chaos-dead,cockroachdb,chaos-dead,thesis,01ff85c294945c8138a8326bbe68c7055b3604d1,2026-09-07T17:23:12.645992Z,2026-09-07T17:30:52.495352Z,338.8999,919,ack
20260907T172312Z_p4-chaos-dead,cockroachdb,chaos-dead,thesis,01ff85c294945c8138a8326bbe68c7055b3604d1,2026-09-07T17:23:12.645992Z,2026-09-07T17:30:52.495352Z,339.2553,920,ack
20260907T172312Z_p4-chaos-dead,cockroachdb,chaos-dead,thesis,01ff85c294945c8138a8326bbe68c7055b3604d1,2026-09-07T17:23:12.645992Z,2026-09-07T17:30:52.495352Z,339.6316,921,ack
20260907T172312Z_p4-chaos-dead,cockroachdb,chaos-dead,thesis,01ff85c294945c8138a8326bbe68c7055b3604d1,2026-09-07T17:23:12.645992Z,2026-09-07T17:30:52.495352Z,340.0006,922,ack
20260907T172312Z_p4-chaos-dead,cockroachdb,chaos-dead,thesis,01ff85c294945c8138a8326bbe68c7055b3604d1,2026-09-07T17:23:12.645992Z,2026-09-07T17:30:52.495352Z,340.3598,923,ack
20260907T172312Z_p4-chaos-dead,cockroachdb,chaos-dead,thesis,01ff85c294945c8138a8326bbe68c7055b3604d1,2026-09-07T17:23:12.645992Z,2026-09-07T17:30:52.495352Z,340.7309,924,ack
20260907T172312Z_p4-chaos-dead,cockroachdb,chaos-dead,thesis,01ff85c294945c8138a8326bbe68c7055b3604d1,2026-09-07T17:23:12.645992Z,2026-09-07T17:30:52.495352Z,341.1016,925,ack
20260907T172312Z_p4-chaos-dead,cockroachdb,chaos-dead,thesis,01ff85c294945c8138a8326bbe68c7055b3604d1,2026-09-07T17:23:12.645992Z,2026-09-07T17:30:52.495352Z,341.4669,926,ack
20260907T172312Z_p4-chaos-dead,cockroachdb,chaos-dead,thesis,01ff85c294945c8138a8326bbe68c7055b3604d1,2026-09-07T17:23:12.645992Z,2026-09-07T17:30:52.495352Z,341.8311,927,ack
20260907T172312Z_p4-chaos-dead,cockroachdb,chaos-dead,thesis,01ff85c294945c8138a8326bbe68c7055b3604d1,2026-09-07T17:23:12.645992Z,2026-09-07T17:30:52.495352Z,342.1916,928,ack
20260907T172312Z_p4-chaos-dead,cockroachdb,chaos-dead,thesis,01ff85c294945c8138a8326bbe68c7055b3604d1,2026-09-07T17:23:12.645992Z,2026-09-07T17:30:52.495352Z,342.5559,929,ack
20260907T172312Z_p4-chaos-dead,cockroachdb,chaos-dead,thesis,01ff85c294945c8138a8326bbe68c7055b3604d1,2026-09-07T17:23:12.645992Z,2026-09-07T17:30:52.495352Z,342.9092,930,ack
20260907T172312Z_p4-chaos-dead,cockroachdb,chaos-dead,thesis,01ff85c294945c8138a8326bbe68c7055b3604d1,2026-09-07T17:23:12.645992Z,2026-09-07T17:30:52.495352Z,343.2768,931,ack
20260907T172312Z_p4-chaos-dead,cockroachdb,chaos-dead,thesis,01ff85c294945c8138a8326bbe68c7055b3604d1,2026-09-07T17:23:12.645992Z,2026-09-07T17:30:52.495352Z,343.6452,932,ack
20260907T172312Z_p4-chaos-dead,cockroachdb,chaos-dead,thesis,01ff85c294945c8138a8326bbe68c7055b3604d1,2026-09-07T17:23:12.645992Z,2026-09-07T17:30:52.495352Z,344.0114,933,ack
20260907T172312Z_p4-chaos-dead,cockroachdb,chaos-dead,thesis,01ff85c294945c8138a8326bbe68c7055b3604d1,2026-09-07T17:23:12.645992Z,2026-09-07T17:30:52.495352Z,344.376,934,ack
20260907T172312Z_p4-chaos-dead,cockroachdb,chaos-dead,thesis,01ff85c294945c8138a8326bbe68c7055b3604d1,2026-09-07T17:23:12.645992Z,2026-09-07T17:30:52.495352Z,344.7313,935,ack
20260907T172312Z_p4-chaos-dead,cockroachdb,chaos-dead,thesis,01ff85c294945c8138a8326bbe68c7055b3604d1,2026-09-07T17:23:12.645992Z,2026-09-07T17:30:52.495352Z,345.0851,936,ack
20260907T172312Z_p4-chaos-dead,cockroachdb,chaos-dead,thesis,01ff85c294945c8138a8326bbe68c7055b3604d1,2026-09-07T17:23:12.645992Z,2026-09-07T17:30:52.495352Z,345.456,937,ack
20260907T172312Z_p4-chaos-dead,cockroachdb,chaos-dead,thesis,01ff85c294945c8138a8326bbe68c7055b3604d1,2026-09-07T17:23:12.645992Z,2026-09-07T17:30:52.495352Z,345.8171,938,ack
20260907T172312Z_p4-chaos-dead,cockroachdb,chaos-dead,thesis,01ff85c294945c8138a8326bbe68c7055b3604d1,2026-09-07T17:23:12.645992Z,2026-09-07T17:30:52.495352Z,346.1814,939,ack
20260907T172312Z_p4-chaos-dead,cockroachdb,chaos-dead,thesis,01ff85c294945c8138a8326bbe68c7055b3604d1,2026-09-07T17:23:12.645992Z,2026-09-07T17:30:52.495352Z,346.5309,940,ack
20260907T172312Z_p4-chaos-dead,cockroachdb,chaos-dead,thesis,01ff85c294945c8138a8326bbe68c7055b3604d1,2026-09-07T17:23:12.645992Z,2026-09-07T17:30:52.495352Z,346.8897,941,ack
20260907T172312Z_p4-chaos-dead,cockroachdb,chaos-dead,thesis,01ff85c294945c8138a8326bbe68c7055b3604d1,2026-09-07T17:23:12.645992Z,2026-09-07T17:30:52.495352Z,347.2778,942,ack
20260907T172312Z_p4-chaos-dead,cockroachdb,chaos-dead,thesis,01ff85c294945c8138a8326bbe68c7055b3604d1,2026-09-07T17:23:12.645992Z,2026-09-07T17:30:52.495352Z,347.6308,943,ack
20260907T172312Z_p4-chaos-dead,cockroachdb,chaos-dead,thesis,01ff85c294945c8138a8326bbe68c7055b3604d1,2026-09-07T17:23:12.645992Z,2026-09-07T17:30:52.495352Z,347.9897,944,ack
20260907T172312Z_p4-chaos-dead,cockroachdb,chaos-dead,thesis,01ff85c294945c8138a8326bbe68c7055b3604d1,2026-09-07T17:23:12.645992Z,2026-09-07T17:30:52.495352Z,348.3767,945,ack
20260907T172312Z_p4-chaos-dead,cockroachdb,chaos-dead,thesis,01ff85c294945c8138a8326bbe68c7055b3604d1,2026-09-07T17:23:12.645992Z,2026-09-07T17:30:52.495352Z,348.7412,946,ack
20260907T172312Z_p4-chaos-dead,cockroachdb,chaos-dead,thesis,01ff85c294945c8138a8326bbe68c7055b3604d1,2026-09-07T17:23:12.645992Z,2026-09-07T17:30:52.495352Z,349.1057,947,ack
20260907T172312Z_p4-chaos-dead,cockroachdb,chaos-dead,thesis,01ff85c294945c8138a8326bbe68c7055b3604d1,2026-09-07T17:23:12.645992Z,2026-09-07T17:30:52.495352Z,349.4803,948,ack
20260907T172312Z_p4-chaos-dead,cockroachdb,chaos-dead,thesis,01ff85c294945c8138a8326bbe68c7055b3604d1,2026-09-07T17:23:12.645992Z,2026-09-07T17:30:52.495352Z,349.8303,949,ack
20260907T172312Z_p4-chaos-dead,cockroachdb,chaos-dead,thesis,01ff85c294945c8138a8326bbe68c7055b3604d1,2026-09-07T17:23:12.645992Z,2026-09-07T17:30:52.495352Z,350.1859,950,ack
20260907T172312Z_p4-chaos-dead,cockroachdb,chaos-dead,thesis,01ff85c294945c8138a8326bbe68c7055b3604d1,2026-09-07T17:23:12.645992Z,2026-09-07T17:30:52.495352Z,350.5355,951,ack
20260907T172312Z_p4-chaos-dead,cockroachdb,chaos-dead,thesis,01ff85c294945c8138a8326bbe68c7055b3604d1,2026-09-07T17:23:12.645992Z,2026-09-07T17:30:52.495352Z,350.8963,952,ack
20260907T172312Z_p4-chaos-dead,cockroachdb,chaos-dead,thesis,01ff85c294945c8138a8326bbe68c7055b3604d1,2026-09-07T17:23:12.645992Z,2026-09-07T17:30:52.495352Z,351.2551,953,ack
20260907T172312Z_p4-chaos-dead,cockroachdb,chaos-dead,thesis,01ff85c294945c8138a8326bbe68c7055b3604d1,2026-09-07T17:23:12.645992Z,2026-09-07T17:30:52.495352Z,351.6264,954,ack
20260907T172312Z_p4-chaos-dead,cockroachdb,chaos-dead,thesis,01ff85c294945c8138a8326bbe68c7055b3604d1,2026-09-07T17:23:12.645992Z,2026-09-07T17:30:52.495352Z,351.9867,955,ack
20260907T172312Z_p4-chaos-dead,cockroachdb,chaos-dead,thesis,01ff85c294945c8138a8326bbe68c7055b3604d1,2026-09-07T17:23:12.645992Z,2026-09-07T17:30:52.495352Z,352.3462,956,ack
20260907T172312Z_p4-chaos-dead,cockroachdb,chaos-dead,thesis,01ff85c294945c8138a8326bbe68c7055b3604d1,2026-09-07T17:23:12.645992Z,2026-09-07T17:30:52.495352Z,352.7056,957,ack
20260907T172312Z_p4-chaos-dead,cockroachdb,chaos-dead,thesis,01ff85c294945c8138a8326bbe68c7055b3604d1,2026-09-07T17:23:12.645992Z,2026-09-07T17:30:52.495352Z,353.066,958,ack
20260907T172312Z_p4-chaos-dead,cockroachdb,chaos-dead,thesis,01ff85c294945c8138a8326bbe68c7055b3604d1,2026-09-07T17:23:12.645992Z,2026-09-07T17:30:52.495352Z,353.4346,959,ack
20260907T172312Z_p4-chaos-dead,cockroachdb,chaos-dead,thesis,01ff85c294945c8138a8326bbe68c7055b3604d1,2026-09-07T17:23:12.645992Z,2026-09-07T17:30:52.495352Z,353.7959,960,ack
20260907T172312Z_p4-chaos-dead,cockroachdb,chaos-dead,thesis,01ff85c294945c8138a8326bbe68c7055b3604d1,2026-09-07T17:23:12.645992Z,2026-09-07T17:30:52.495352Z,354.1927,961,ack
20260907T172312Z_p4-chaos-dead,cockroachdb,chaos-dead,thesis,01ff85c294945c8138a8326bbe68c7055b3604d1,2026-09-07T17:23:12.645992Z,2026-09-07T17:30:52.495352Z,354.5649,962,ack
20260907T172312Z_p4-chaos-dead,cockroachdb,chaos-dead,thesis,01ff85c294945c8138a8326bbe68c7055b3604d1,2026-09-07T17:23:12.645992Z,2026-09-07T17:30:52.495352Z,354.9317,963,ack
20260907T172312Z_p4-chaos-dead,cockroachdb,chaos-dead,thesis,01ff85c294945c8138a8326bbe68c7055b3604d1,2026-09-07T17:23:12.645992Z,2026-09-07T17:30:52.495352Z,355.322,964,ack
20260907T172312Z_p4-chaos-dead,cockroachdb,chaos-dead,thesis,01ff85c294945c8138a8326bbe68c7055b3604d1,2026-09-07T17:23:12.645992Z,2026-09-07T17:30:52.495352Z,355.6813,965,ack
20260907T172312Z_p4-chaos-dead,cockroachdb,chaos-dead,thesis,01ff85c294945c8138a8326bbe68c7055b3604d1,2026-09-07T17:23:12.645992Z,2026-09-07T17:30:52.495352Z,356.0357,966,ack
20260907T172312Z_p4-chaos-dead,cockroachdb,chaos-dead,thesis,01ff85c294945c8138a8326bbe68c7055b3604d1,2026-09-07T17:23:12.645992Z,2026-09-07T17:30:52.495352Z,356.4013,967,ack
20260907T172312Z_p4-chaos-dead,cockroachdb,chaos-dead,thesis,01ff85c294945c8138a8326bbe68c7055b3604d1,2026-09-07T17:23:12.645992Z,2026-09-07T17:30:52.495352Z,356.766,968,ack
20260907T172312Z_p4-chaos-dead,cockroachdb,chaos-dead,thesis,01ff85c294945c8138a8326bbe68c7055b3604d1,2026-09-07T17:23:12.645992Z,2026-09-07T17:30:52.495352Z,357.2047,969,ack
20260907T172312Z_p4-chaos-dead,cockroachdb,chaos-dead,thesis,01ff85c294945c8138a8326bbe68c7055b3604d1,2026-09-07T17:23:12.645992Z,2026-09-07T17:30:52.495352Z,357.5628,970,ack
20260907T172312Z_p4-chaos-dead,cockroachdb,chaos-dead,thesis,01ff85c294945c8138a8326bbe68c7055b3604d1,2026-09-07T17:23:12.645992Z,2026-09-07T17:30:52.495352Z,357.9208,971,ack
20260907T172312Z_p4-chaos-dead,cockroachdb,chaos-dead,thesis,01ff85c294945c8138a8326bbe68c7055b3604d1,2026-09-07T17:23:12.645992Z,2026-09-07T17:30:52.495352Z,358.2862,972,ack
20260907T172312Z_p4-chaos-dead,cockroachdb,chaos-dead,thesis,01ff85c294945c8138a8326bbe68c7055b3604d1,2026-09-07T17:23:12.645992Z,2026-09-07T17:30:52.495352Z,358.6453,973,ack
20260907T172312Z_p4-chaos-dead,cockroachdb,chaos-dead,thesis,01ff85c294945c8138a8326bbe68c7055b3604d1,2026-09-07T17:23:12.645992Z,2026-09-07T17:30:52.495352Z,359.0066,974,ack
20260907T172312Z_p4-chaos-dead,cockroachdb,chaos-dead,thesis,01ff85c294945c8138a8326bbe68c7055b3604d1,2026-09-07T17:23:12.645992Z,2026-09-07T17:30:52.495352Z,359.3707,975,ack
20260907T172312Z_p4-chaos-dead,cockroachdb,chaos-dead,thesis,01ff85c294945c8138a8326bbe68c7055b3604d1,2026-09-07T17:23:12.645992Z,2026-09-07T17:30:52.495352Z,359.7403,976,ack
20260907T172312Z_p4-chaos-dead,cockroachdb,chaos-dead,thesis,01ff85c294945c8138a8326bbe68c7055b3604d1,2026-09-07T17:23:12.645992Z,2026-09-07T17:30:52.495352Z,360.0962,977,ack
20260907T172312Z_p4-chaos-dead,cockroachdb,chaos-dead,thesis,01ff85c294945c8138a8326bbe68c7055b3604d1,2026-09-07T17:23:12.645992Z,2026-09-07T17:30:52.495352Z,360.4471,978,ack
20260907T172312Z_p4-chaos-dead,cockroachdb,chaos-dead,thesis,01ff85c294945c8138a8326bbe68c7055b3604d1,2026-09-07T17:23:12.645992Z,2026-09-07T17:30:52.495352Z,360.8052,979,ack
20260907T172312Z_p4-chaos-dead,cockroachdb,chaos-dead,thesis,01ff85c294945c8138a8326bbe68c7055b3604d1,2026-09-07T17:23:12.645992Z,2026-09-07T17:30:52.495352Z,361.165,980,ack
20260907T172312Z_p4-chaos-dead,cockroachdb,chaos-dead,thesis,01ff85c294945c8138a8326bbe68c7055b3604d1,2026-09-07T17:23:12.645992Z,2026-09-07T17:30:52.495352Z,361.5263,981,ack
20260907T172312Z_p4-chaos-dead,cockroachdb,chaos-dead,thesis,01ff85c294945c8138a8326bbe68c7055b3604d1,2026-09-07T17:23:12.645992Z,2026-09-07T17:30:52.495352Z,361.8901,982,ack
20260907T172312Z_p4-chaos-dead,cockroachdb,chaos-dead,thesis,01ff85c294945c8138a8326bbe68c7055b3604d1,2026-09-07T17:23:12.645992Z,2026-09-07T17:30:52.495352Z,362.2565,983,ack
20260907T172312Z_p4-chaos-dead,cockroachdb,chaos-dead,thesis,01ff85c294945c8138a8326bbe68c7055b3604d1,2026-09-07T17:23:12.645992Z,2026-09-07T17:30:52.495352Z,362.6314,984,ack
20260907T172312Z_p4-chaos-dead,cockroachdb,chaos-dead,thesis,01ff85c294945c8138a8326bbe68c7055b3604d1,2026-09-07T17:23:12.645992Z,2026-09-07T17:30:52.495352Z,362.9923,985,ack
20260907T172312Z_p4-chaos-dead,cockroachdb,chaos-dead,thesis,01ff85c294945c8138a8326bbe68c7055b3604d1,2026-09-07T17:23:12.645992Z,2026-09-07T17:30:52.495352Z,363.3659,986,ack
20260907T172312Z_p4-chaos-dead,cockroachdb,chaos-dead,thesis,01ff85c294945c8138a8326bbe68c7055b3604d1,2026-09-07T17:23:12.645992Z,2026-09-07T17:30:52.495352Z,363.7535,987,ack
20260907T172312Z_p4-chaos-dead,cockroachdb,chaos-dead,thesis,01ff85c294945c8138a8326bbe68c7055b3604d1,2026-09-07T17:23:12.645992Z,2026-09-07T17:30:52.495352Z,364.1169,988,ack
20260907T172312Z_p4-chaos-dead,cockroachdb,chaos-dead,thesis,01ff85c294945c8138a8326bbe68c7055b3604d1,2026-09-07T17:23:12.645992Z,2026-09-07T17:30:52.495352Z,364.4772,989,ack
20260907T172312Z_p4-chaos-dead,cockroachdb,chaos-dead,thesis,01ff85c294945c8138a8326bbe68c7055b3604d1,2026-09-07T17:23:12.645992Z,2026-09-07T17:30:52.495352Z,364.8521,990,ack
20260907T172312Z_p4-chaos-dead,cockroachdb,chaos-dead,thesis,01ff85c294945c8138a8326bbe68c7055b3604d1,2026-09-07T17:23:12.645992Z,2026-09-07T17:30:52.495352Z,365.2349,991,ack
20260907T172312Z_p4-chaos-dead,cockroachdb,chaos-dead,thesis,01ff85c294945c8138a8326bbe68c7055b3604d1,2026-09-07T17:23:12.645992Z,2026-09-07T17:30:52.495352Z,365.6056,992,ack
20260907T172312Z_p4-chaos-dead,cockroachdb,chaos-dead,thesis,01ff85c294945c8138a8326bbe68c7055b3604d1,2026-09-07T17:23:12.645992Z,2026-09-07T17:30:52.495352Z,365.9816,993,ack
20260907T172312Z_p4-chaos-dead,cockroachdb,chaos-dead,thesis,01ff85c294945c8138a8326bbe68c7055b3604d1,2026-09-07T17:23:12.645992Z,2026-09-07T17:30:52.495352Z,366.3456,994,ack
20260907T172312Z_p4-chaos-dead,cockroachdb,chaos-dead,thesis,01ff85c294945c8138a8326bbe68c7055b3604d1,2026-09-07T17:23:12.645992Z,2026-09-07T17:30:52.495352Z,366.7112,995,ack
20260907T172312Z_p4-chaos-dead,cockroachdb,chaos-dead,thesis,01ff85c294945c8138a8326bbe68c7055b3604d1,2026-09-07T17:23:12.645992Z,2026-09-07T17:30:52.495352Z,367.0809,996,ack
20260907T172312Z_p4-chaos-dead,cockroachdb,chaos-dead,thesis,01ff85c294945c8138a8326bbe68c7055b3604d1,2026-09-07T17:23:12.645992Z,2026-09-07T17:30:52.495352Z,367.4409,997,ack
20260907T172312Z_p4-chaos-dead,cockroachdb,chaos-dead,thesis,01ff85c294945c8138a8326bbe68c7055b3604d1,2026-09-07T17:23:12.645992Z,2026-09-07T17:30:52.495352Z,367.8109,998,ack
20260907T172312Z_p4-chaos-dead,cockroachdb,chaos-dead,thesis,01ff85c294945c8138a8326bbe68c7055b3604d1,2026-09-07T17:23:12.645992Z,2026-09-07T17:30:52.495352Z,368.1703,999,ack
20260907T172312Z_p4-chaos-dead,cockroachdb,chaos-dead,thesis,01ff85c294945c8138a8326bbe68c7055b3604d1,2026-09-07T17:23:12.645992Z,2026-09-07T17:30:52.495352Z,368.526,1000,ack
20260907T172312Z_p4-chaos-dead,cockroachdb,chaos-dead,thesis,01ff85c294945c8138a8326bbe68c7055b3604d1,2026-09-07T17:23:12.645992Z,2026-09-07T17:30:52.495352Z,369.0041,1001,ack
20260907T172312Z_p4-chaos-dead,cockroachdb,chaos-dead,thesis,01ff85c294945c8138a8326bbe68c7055b3604d1,2026-09-07T17:23:12.645992Z,2026-09-07T17:30:52.495352Z,369.3727,1002,ack
20260907T172312Z_p4-chaos-dead,cockroachdb,chaos-dead,thesis,01ff85c294945c8138a8326bbe68c7055b3604d1,2026-09-07T17:23:12.645992Z,2026-09-07T17:30:52.495352Z,369.7917,1003,ack
20260907T172312Z_p4-chaos-dead,cockroachdb,chaos-dead,thesis,01ff85c294945c8138a8326bbe68c7055b3604d1,2026-09-07T17:23:12.645992Z,2026-09-07T17:30:52.495352Z,370.1626,1004,ack
20260907T172312Z_p4-chaos-dead,cockroachdb,chaos-dead,thesis,01ff85c294945c8138a8326bbe68c7055b3604d1,2026-09-07T17:23:12.645992Z,2026-09-07T17:30:52.495352Z,370.5498,1005,ack
20260907T172312Z_p4-chaos-dead,cockroachdb,chaos-dead,thesis,01ff85c294945c8138a8326bbe68c7055b3604d1,2026-09-07T17:23:12.645992Z,2026-09-07T17:30:52.495352Z,370.9325,1006,ack
20260907T172312Z_p4-chaos-dead,cockroachdb,chaos-dead,thesis,01ff85c294945c8138a8326bbe68c7055b3604d1,2026-09-07T17:23:12.645992Z,2026-09-07T17:30:52.495352Z,371.3061,1007,ack
20260907T172312Z_p4-chaos-dead,cockroachdb,chaos-dead,thesis,01ff85c294945c8138a8326bbe68c7055b3604d1,2026-09-07T17:23:12.645992Z,2026-09-07T17:30:52.495352Z,371.7161,1008,ack
20260907T172312Z_p4-chaos-dead,cockroachdb,chaos-dead,thesis,01ff85c294945c8138a8326bbe68c7055b3604d1,2026-09-07T17:23:12.645992Z,2026-09-07T17:30:52.495352Z,372.098,1009,ack
20260907T172312Z_p4-chaos-dead,cockroachdb,chaos-dead,thesis,01ff85c294945c8138a8326bbe68c7055b3604d1,2026-09-07T17:23:12.645992Z,2026-09-07T17:30:52.495352Z,372.4716,1010,ack
20260907T172312Z_p4-chaos-dead,cockroachdb,chaos-dead,thesis,01ff85c294945c8138a8326bbe68c7055b3604d1,2026-09-07T17:23:12.645992Z,2026-09-07T17:30:52.495352Z,372.8374,1011,ack
20260907T172312Z_p4-chaos-dead,cockroachdb,chaos-dead,thesis,01ff85c294945c8138a8326bbe68c7055b3604d1,2026-09-07T17:23:12.645992Z,2026-09-07T17:30:52.495352Z,373.1973,1012,ack
20260907T172312Z_p4-chaos-dead,cockroachdb,chaos-dead,thesis,01ff85c294945c8138a8326bbe68c7055b3604d1,2026-09-07T17:23:12.645992Z,2026-09-07T17:30:52.495352Z,373.5969,1013,ack
20260907T172312Z_p4-chaos-dead,cockroachdb,chaos-dead,thesis,01ff85c294945c8138a8326bbe68c7055b3604d1,2026-09-07T17:23:12.645992Z,2026-09-07T17:30:52.495352Z,373.9711,1014,ack
20260907T172312Z_p4-chaos-dead,cockroachdb,chaos-dead,thesis,01ff85c294945c8138a8326bbe68c7055b3604d1,2026-09-07T17:23:12.645992Z,2026-09-07T17:30:52.495352Z,374.3578,1015,ack
20260907T172312Z_p4-chaos-dead,cockroachdb,chaos-dead,thesis,01ff85c294945c8138a8326bbe68c7055b3604d1,2026-09-07T17:23:12.645992Z,2026-09-07T17:30:52.495352Z,374.741,1016,ack
20260907T172312Z_p4-chaos-dead,cockroachdb,chaos-dead,thesis,01ff85c294945c8138a8326bbe68c7055b3604d1,2026-09-07T17:23:12.645992Z,2026-09-07T17:30:52.495352Z,375.1253,1017,ack
20260907T172312Z_p4-chaos-dead,cockroachdb,chaos-dead,thesis,01ff85c294945c8138a8326bbe68c7055b3604d1,2026-09-07T17:23:12.645992Z,2026-09-07T17:30:52.495352Z,375.4981,1018,ack
20260907T172312Z_p4-chaos-dead,cockroachdb,chaos-dead,thesis,01ff85c294945c8138a8326bbe68c7055b3604d1,2026-09-07T17:23:12.645992Z,2026-09-07T17:30:52.495352Z,375.8671,1019,ack
20260907T172312Z_p4-chaos-dead,cockroachdb,chaos-dead,thesis,01ff85c294945c8138a8326bbe68c7055b3604d1,2026-09-07T17:23:12.645992Z,2026-09-07T17:30:52.495352Z,376.2479,1020,ack
20260907T172312Z_p4-chaos-dead,cockroachdb,chaos-dead,thesis,01ff85c294945c8138a8326bbe68c7055b3604d1,2026-09-07T17:23:12.645992Z,2026-09-07T17:30:52.495352Z,376.6148,1021,ack
20260907T172312Z_p4-chaos-dead,cockroachdb,chaos-dead,thesis,01ff85c294945c8138a8326bbe68c7055b3604d1,2026-09-07T17:23:12.645992Z,2026-09-07T17:30:52.495352Z,376.9851,1022,ack
20260907T172312Z_p4-chaos-dead,cockroachdb,chaos-dead,thesis,01ff85c294945c8138a8326bbe68c7055b3604d1,2026-09-07T17:23:12.645992Z,2026-09-07T17:30:52.495352Z,377.3885,1023,ack
20260907T172312Z_p4-chaos-dead,cockroachdb,chaos-dead,thesis,01ff85c294945c8138a8326bbe68c7055b3604d1,2026-09-07T17:23:12.645992Z,2026-09-07T17:30:52.495352Z,377.7619,1024,ack
20260907T172312Z_p4-chaos-dead,cockroachdb,chaos-dead,thesis,01ff85c294945c8138a8326bbe68c7055b3604d1,2026-09-07T17:23:12.645992Z,2026-09-07T17:30:52.495352Z,378.1219,1025,ack
20260907T172312Z_p4-chaos-dead,cockroachdb,chaos-dead,thesis,01ff85c294945c8138a8326bbe68c7055b3604d1,2026-09-07T17:23:12.645992Z,2026-09-07T17:30:52.495352Z,378.4912,1026,ack
20260907T172312Z_p4-chaos-dead,cockroachdb,chaos-dead,thesis,01ff85c294945c8138a8326bbe68c7055b3604d1,2026-09-07T17:23:12.645992Z,2026-09-07T17:30:52.495352Z,378.8582,1027,ack
20260907T172312Z_p4-chaos-dead,cockroachdb,chaos-dead,thesis,01ff85c294945c8138a8326bbe68c7055b3604d1,2026-09-07T17:23:12.645992Z,2026-09-07T17:30:52.495352Z,379.2301,1028,ack
20260907T172312Z_p4-chaos-dead,cockroachdb,chaos-dead,thesis,01ff85c294945c8138a8326bbe68c7055b3604d1,2026-09-07T17:23:12.645992Z,2026-09-07T17:30:52.495352Z,379.5918,1029,ack
20260907T172312Z_p4-chaos-dead,cockroachdb,chaos-dead,thesis,01ff85c294945c8138a8326bbe68c7055b3604d1,2026-09-07T17:23:12.645992Z,2026-09-07T17:30:52.495352Z,379.9663,1030,ack
20260907T172312Z_p4-chaos-dead,cockroachdb,chaos-dead,thesis,01ff85c294945c8138a8326bbe68c7055b3604d1,2026-09-07T17:23:12.645992Z,2026-09-07T17:30:52.495352Z,380.3276,1031,ack
20260907T172312Z_p4-chaos-dead,cockroachdb,chaos-dead,thesis,01ff85c294945c8138a8326bbe68c7055b3604d1,2026-09-07T17:23:12.645992Z,2026-09-07T17:30:52.495352Z,380.7019,1032,ack
20260907T172312Z_p4-chaos-dead,cockroachdb,chaos-dead,thesis,01ff85c294945c8138a8326bbe68c7055b3604d1,2026-09-07T17:23:12.645992Z,2026-09-07T17:30:52.495352Z,381.0767,1033,ack
20260907T172312Z_p4-chaos-dead,cockroachdb,chaos-dead,thesis,01ff85c294945c8138a8326bbe68c7055b3604d1,2026-09-07T17:23:12.645992Z,2026-09-07T17:30:52.495352Z,381.4356,1034,ack
20260907T172312Z_p4-chaos-dead,cockroachdb,chaos-dead,thesis,01ff85c294945c8138a8326bbe68c7055b3604d1,2026-09-07T17:23:12.645992Z,2026-09-07T17:30:52.495352Z,381.796,1035,ack
20260907T172312Z_p4-chaos-dead,cockroachdb,chaos-dead,thesis,01ff85c294945c8138a8326bbe68c7055b3604d1,2026-09-07T17:23:12.645992Z,2026-09-07T17:30:52.495352Z,382.1608,1036,ack
20260907T172312Z_p4-chaos-dead,cockroachdb,chaos-dead,thesis,01ff85c294945c8138a8326bbe68c7055b3604d1,2026-09-07T17:23:12.645992Z,2026-09-07T17:30:52.495352Z,382.5201,1037,ack
20260907T172312Z_p4-chaos-dead,cockroachdb,chaos-dead,thesis,01ff85c294945c8138a8326bbe68c7055b3604d1,2026-09-07T17:23:12.645992Z,2026-09-07T17:30:52.495352Z,382.8905,1038,ack
20260907T172312Z_p4-chaos-dead,cockroachdb,chaos-dead,thesis,01ff85c294945c8138a8326bbe68c7055b3604d1,2026-09-07T17:23:12.645992Z,2026-09-07T17:30:52.495352Z,383.25,1039,ack
20260907T172312Z_p4-chaos-dead,cockroachdb,chaos-dead,thesis,01ff85c294945c8138a8326bbe68c7055b3604d1,2026-09-07T17:23:12.645992Z,2026-09-07T17:30:52.495352Z,383.6182,1040,ack
20260907T172312Z_p4-chaos-dead,cockroachdb,chaos-dead,thesis,01ff85c294945c8138a8326bbe68c7055b3604d1,2026-09-07T17:23:12.645992Z,2026-09-07T17:30:52.495352Z,383.9903,1041,ack
20260907T172312Z_p4-chaos-dead,cockroachdb,chaos-dead,thesis,01ff85c294945c8138a8326bbe68c7055b3604d1,2026-09-07T17:23:12.645992Z,2026-09-07T17:30:52.495352Z,384.3675,1042,ack
20260907T172312Z_p4-chaos-dead,cockroachdb,chaos-dead,thesis,01ff85c294945c8138a8326bbe68c7055b3604d1,2026-09-07T17:23:12.645992Z,2026-09-07T17:30:52.495352Z,384.7475,1043,ack
20260907T172312Z_p4-chaos-dead,cockroachdb,chaos-dead,thesis,01ff85c294945c8138a8326bbe68c7055b3604d1,2026-09-07T17:23:12.645992Z,2026-09-07T17:30:52.495352Z,385.1079,1044,ack
20260907T172312Z_p4-chaos-dead,cockroachdb,chaos-dead,thesis,01ff85c294945c8138a8326bbe68c7055b3604d1,2026-09-07T17:23:12.645992Z,2026-09-07T17:30:52.495352Z,385.517,1045,ack
20260907T172312Z_p4-chaos-dead,cockroachdb,chaos-dead,thesis,01ff85c294945c8138a8326bbe68c7055b3604d1,2026-09-07T17:23:12.645992Z,2026-09-07T17:30:52.495352Z,385.8755,1046,ack
20260907T172312Z_p4-chaos-dead,cockroachdb,chaos-dead,thesis,01ff85c294945c8138a8326bbe68c7055b3604d1,2026-09-07T17:23:12.645992Z,2026-09-07T17:30:52.495352Z,386.2422,1047,ack
20260907T172312Z_p4-chaos-dead,cockroachdb,chaos-dead,thesis,01ff85c294945c8138a8326bbe68c7055b3604d1,2026-09-07T17:23:12.645992Z,2026-09-07T17:30:52.495352Z,386.6066,1048,ack
20260907T172312Z_p4-chaos-dead,cockroachdb,chaos-dead,thesis,01ff85c294945c8138a8326bbe68c7055b3604d1,2026-09-07T17:23:12.645992Z,2026-09-07T17:30:52.495352Z,386.9658,1049,ack
20260907T172312Z_p4-chaos-dead,cockroachdb,chaos-dead,thesis,01ff85c294945c8138a8326bbe68c7055b3604d1,2026-09-07T17:23:12.645992Z,2026-09-07T17:30:52.495352Z,387.3216,1050,ack
20260907T172312Z_p4-chaos-dead,cockroachdb,chaos-dead,thesis,01ff85c294945c8138a8326bbe68c7055b3604d1,2026-09-07T17:23:12.645992Z,2026-09-07T17:30:52.495352Z,387.6877,1051,ack
20260907T172312Z_p4-chaos-dead,cockroachdb,chaos-dead,thesis,01ff85c294945c8138a8326bbe68c7055b3604d1,2026-09-07T17:23:12.645992Z,2026-09-07T17:30:52.495352Z,388.0687,1052,ack
20260907T172312Z_p4-chaos-dead,cockroachdb,chaos-dead,thesis,01ff85c294945c8138a8326bbe68c7055b3604d1,2026-09-07T17:23:12.645992Z,2026-09-07T17:30:52.495352Z,388.4759,1053,ack
20260907T172312Z_p4-chaos-dead,cockroachdb,chaos-dead,thesis,01ff85c294945c8138a8326bbe68c7055b3604d1,2026-09-07T17:23:12.645992Z,2026-09-07T17:30:52.495352Z,388.8825,1054,ack
20260907T172312Z_p4-chaos-dead,cockroachdb,chaos-dead,thesis,01ff85c294945c8138a8326bbe68c7055b3604d1,2026-09-07T17:23:12.645992Z,2026-09-07T17:30:52.495352Z,389.2618,1055,ack
20260907T172312Z_p4-chaos-dead,cockroachdb,chaos-dead,thesis,01ff85c294945c8138a8326bbe68c7055b3604d1,2026-09-07T17:23:12.645992Z,2026-09-07T17:30:52.495352Z,389.6574,1056,ack
20260907T172312Z_p4-chaos-dead,cockroachdb,chaos-dead,thesis,01ff85c294945c8138a8326bbe68c7055b3604d1,2026-09-07T17:23:12.645992Z,2026-09-07T17:30:52.495352Z,390.0267,1057,ack
20260907T172312Z_p4-chaos-dead,cockroachdb,chaos-dead,thesis,01ff85c294945c8138a8326bbe68c7055b3604d1,2026-09-07T17:23:12.645992Z,2026-09-07T17:30:52.495352Z,390.4469,1058,ack
20260907T172312Z_p4-chaos-dead,cockroachdb,chaos-dead,thesis,01ff85c294945c8138a8326bbe68c7055b3604d1,2026-09-07T17:23:12.645992Z,2026-09-07T17:30:52.495352Z,390.8356,1059,ack
20260907T172312Z_p4-chaos-dead,cockroachdb,chaos-dead,thesis,01ff85c294945c8138a8326bbe68c7055b3604d1,2026-09-07T17:23:12.645992Z,2026-09-07T17:30:52.495352Z,391.2401,1060,ack
20260907T172312Z_p4-chaos-dead,cockroachdb,chaos-dead,thesis,01ff85c294945c8138a8326bbe68c7055b3604d1,2026-09-07T17:23:12.645992Z,2026-09-07T17:30:52.495352Z,391.6278,1061,ack
20260907T172312Z_p4-chaos-dead,cockroachdb,chaos-dead,thesis,01ff85c294945c8138a8326bbe68c7055b3604d1,2026-09-07T17:23:12.645992Z,2026-09-07T17:30:52.495352Z,392.0121,1062,ack
20260907T172312Z_p4-chaos-dead,cockroachdb,chaos-dead,thesis,01ff85c294945c8138a8326bbe68c7055b3604d1,2026-09-07T17:23:12.645992Z,2026-09-07T17:30:52.495352Z,392.4225,1063,ack
20260907T172312Z_p4-chaos-dead,cockroachdb,chaos-dead,thesis,01ff85c294945c8138a8326bbe68c7055b3604d1,2026-09-07T17:23:12.645992Z,2026-09-07T17:30:52.495352Z,392.8676,1064,ack
20260907T172312Z_p4-chaos-dead,cockroachdb,chaos-dead,thesis,01ff85c294945c8138a8326bbe68c7055b3604d1,2026-09-07T17:23:12.645992Z,2026-09-07T17:30:52.495352Z,393.2912,1065,ack
20260907T172312Z_p4-chaos-dead,cockroachdb,chaos-dead,thesis,01ff85c294945c8138a8326bbe68c7055b3604d1,2026-09-07T17:23:12.645992Z,2026-09-07T17:30:52.495352Z,393.6633,1066,ack
20260907T172312Z_p4-chaos-dead,cockroachdb,chaos-dead,thesis,01ff85c294945c8138a8326bbe68c7055b3604d1,2026-09-07T17:23:12.645992Z,2026-09-07T17:30:52.495352Z,394.0407,1067,ack
20260907T172312Z_p4-chaos-dead,cockroachdb,chaos-dead,thesis,01ff85c294945c8138a8326bbe68c7055b3604d1,2026-09-07T17:23:12.645992Z,2026-09-07T17:30:52.495352Z,394.4024,1068,ack
20260907T172312Z_p4-chaos-dead,cockroachdb,chaos-dead,thesis,01ff85c294945c8138a8326bbe68c7055b3604d1,2026-09-07T17:23:12.645992Z,2026-09-07T17:30:52.495352Z,394.7885,1069,ack
20260907T172312Z_p4-chaos-dead,cockroachdb,chaos-dead,thesis,01ff85c294945c8138a8326bbe68c7055b3604d1,2026-09-07T17:23:12.645992Z,2026-09-07T17:30:52.495352Z,395.1625,1070,ack
20260907T172312Z_p4-chaos-dead,cockroachdb,chaos-dead,thesis,01ff85c294945c8138a8326bbe68c7055b3604d1,2026-09-07T17:23:12.645992Z,2026-09-07T17:30:52.495352Z,395.5318,1071,ack
20260907T172312Z_p4-chaos-dead,cockroachdb,chaos-dead,thesis,01ff85c294945c8138a8326bbe68c7055b3604d1,2026-09-07T17:23:12.645992Z,2026-09-07T17:30:52.495352Z,395.8963,1072,ack
20260907T172312Z_p4-chaos-dead,cockroachdb,chaos-dead,thesis,01ff85c294945c8138a8326bbe68c7055b3604d1,2026-09-07T17:23:12.645992Z,2026-09-07T17:30:52.495352Z,396.2612,1073,ack
20260907T172312Z_p4-chaos-dead,cockroachdb,chaos-dead,thesis,01ff85c294945c8138a8326bbe68c7055b3604d1,2026-09-07T17:23:12.645992Z,2026-09-07T17:30:52.495352Z,396.6265,1074,ack
20260907T172312Z_p4-chaos-dead,cockroachdb,chaos-dead,thesis,01ff85c294945c8138a8326bbe68c7055b3604d1,2026-09-07T17:23:12.645992Z,2026-09-07T17:30:52.495352Z,397.0021,1075,ack
20260907T172312Z_p4-chaos-dead,cockroachdb,chaos-dead,thesis,01ff85c294945c8138a8326bbe68c7055b3604d1,2026-09-07T17:23:12.645992Z,2026-09-07T17:30:52.495352Z,397.4021,1076,ack
20260907T172312Z_p4-chaos-dead,cockroachdb,chaos-dead,thesis,01ff85c294945c8138a8326bbe68c7055b3604d1,2026-09-07T17:23:12.645992Z,2026-09-07T17:30:52.495352Z,397.7816,1077,ack
20260907T172312Z_p4-chaos-dead,cockroachdb,chaos-dead,thesis,01ff85c294945c8138a8326bbe68c7055b3604d1,2026-09-07T17:23:12.645992Z,2026-09-07T17:30:52.495352Z,398.1567,1078,ack
20260907T172312Z_p4-chaos-dead,cockroachdb,chaos-dead,thesis,01ff85c294945c8138a8326bbe68c7055b3604d1,2026-09-07T17:23:12.645992Z,2026-09-07T17:30:52.495352Z,398.5325,1079,ack
20260907T172312Z_p4-chaos-dead,cockroachdb,chaos-dead,thesis,01ff85c294945c8138a8326bbe68c7055b3604d1,2026-09-07T17:23:12.645992Z,2026-09-07T17:30:52.495352Z,398.9075,1080,ack
20260907T172312Z_p4-chaos-dead,cockroachdb,chaos-dead,thesis,01ff85c294945c8138a8326bbe68c7055b3604d1,2026-09-07T17:23:12.645992Z,2026-09-07T17:30:52.495352Z,399.2785,1081,ack
20260907T172312Z_p4-chaos-dead,cockroachdb,chaos-dead,thesis,01ff85c294945c8138a8326bbe68c7055b3604d1,2026-09-07T17:23:12.645992Z,2026-09-07T17:30:52.495352Z,399.6473,1082,ack
20260907T172312Z_p4-chaos-dead,cockroachdb,chaos-dead,thesis,01ff85c294945c8138a8326bbe68c7055b3604d1,2026-09-07T17:23:12.645992Z,2026-09-07T17:30:52.495352Z,400.0223,1083,ack
20260907T172312Z_p4-chaos-dead,cockroachdb,chaos-dead,thesis,01ff85c294945c8138a8326bbe68c7055b3604d1,2026-09-07T17:23:12.645992Z,2026-09-07T17:30:52.495352Z,400.3858,1084,ack
20260907T172312Z_p4-chaos-dead,cockroachdb,chaos-dead,thesis,01ff85c294945c8138a8326bbe68c7055b3604d1,2026-09-07T17:23:12.645992Z,2026-09-07T17:30:52.495352Z,400.7555,1085,ack
20260907T172312Z_p4-chaos-dead,cockroachdb,chaos-dead,thesis,01ff85c294945c8138a8326bbe68c7055b3604d1,2026-09-07T17:23:12.645992Z,2026-09-07T17:30:52.495352Z,401.1312,1086,ack
20260907T172312Z_p4-chaos-dead,cockroachdb,chaos-dead,thesis,01ff85c294945c8138a8326bbe68c7055b3604d1,2026-09-07T17:23:12.645992Z,2026-09-07T17:30:52.495352Z,401.5022,1087,ack
20260907T172312Z_p4-chaos-dead,cockroachdb,chaos-dead,thesis,01ff85c294945c8138a8326bbe68c7055b3604d1,2026-09-07T17:23:12.645992Z,2026-09-07T17:30:52.495352Z,401.8666,1088,ack
20260907T172312Z_p4-chaos-dead,cockroachdb,chaos-dead,thesis,01ff85c294945c8138a8326bbe68c7055b3604d1,2026-09-07T17:23:12.645992Z,2026-09-07T17:30:52.495352Z,402.247,1089,ack
20260907T172312Z_p4-chaos-dead,cockroachdb,chaos-dead,thesis,01ff85c294945c8138a8326bbe68c7055b3604d1,2026-09-07T17:23:12.645992Z,2026-09-07T17:30:52.495352Z,402.6225,1090,ack
20260907T172312Z_p4-chaos-dead,cockroachdb,chaos-dead,thesis,01ff85c294945c8138a8326bbe68c7055b3604d1,2026-09-07T17:23:12.645992Z,2026-09-07T17:30:52.495352Z,403.0037,1091,ack
20260907T172312Z_p4-chaos-dead,cockroachdb,chaos-dead,thesis,01ff85c294945c8138a8326bbe68c7055b3604d1,2026-09-07T17:23:12.645992Z,2026-09-07T17:30:52.495352Z,403.3665,1092,ack
20260907T172312Z_p4-chaos-dead,cockroachdb,chaos-dead,thesis,01ff85c294945c8138a8326bbe68c7055b3604d1,2026-09-07T17:23:12.645992Z,2026-09-07T17:30:52.495352Z,403.7364,1093,ack
20260907T172312Z_p4-chaos-dead,cockroachdb,chaos-dead,thesis,01ff85c294945c8138a8326bbe68c7055b3604d1,2026-09-07T17:23:12.645992Z,2026-09-07T17:30:52.495352Z,404.1069,1094,ack
20260907T172312Z_p4-chaos-dead,cockroachdb,chaos-dead,thesis,01ff85c294945c8138a8326bbe68c7055b3604d1,2026-09-07T17:23:12.645992Z,2026-09-07T17:30:52.495352Z,404.4706,1095,ack
20260907T172312Z_p4-chaos-dead,cockroachdb,chaos-dead,thesis,01ff85c294945c8138a8326bbe68c7055b3604d1,2026-09-07T17:23:12.645992Z,2026-09-07T17:30:52.495352Z,404.841,1096,ack
20260907T172312Z_p4-chaos-dead,cockroachdb,chaos-dead,thesis,01ff85c294945c8138a8326bbe68c7055b3604d1,2026-09-07T17:23:12.645992Z,2026-09-07T17:30:52.495352Z,405.2056,1097,ack
20260907T172312Z_p4-chaos-dead,cockroachdb,chaos-dead,thesis,01ff85c294945c8138a8326bbe68c7055b3604d1,2026-09-07T17:23:12.645992Z,2026-09-07T17:30:52.495352Z,405.5704,1098,ack
20260907T172312Z_p4-chaos-dead,cockroachdb,chaos-dead,thesis,01ff85c294945c8138a8326bbe68c7055b3604d1,2026-09-07T17:23:12.645992Z,2026-09-07T17:30:52.495352Z,405.9421,1099,ack
20260907T172312Z_p4-chaos-dead,cockroachdb,chaos-dead,thesis,01ff85c294945c8138a8326bbe68c7055b3604d1,2026-09-07T17:23:12.645992Z,2026-09-07T17:30:52.495352Z,406.3157,1100,ack
20260907T172312Z_p4-chaos-dead,cockroachdb,chaos-dead,thesis,01ff85c294945c8138a8326bbe68c7055b3604d1,2026-09-07T17:23:12.645992Z,2026-09-07T17:30:52.495352Z,406.6877,1101,ack
20260907T172312Z_p4-chaos-dead,cockroachdb,chaos-dead,thesis,01ff85c294945c8138a8326bbe68c7055b3604d1,2026-09-07T17:23:12.645992Z,2026-09-07T17:30:52.495352Z,407.0736,1102,ack
20260907T172312Z_p4-chaos-dead,cockroachdb,chaos-dead,thesis,01ff85c294945c8138a8326bbe68c7055b3604d1,2026-09-07T17:23:12.645992Z,2026-09-07T17:30:52.495352Z,407.4356,1103,ack
20260907T172312Z_p4-chaos-dead,cockroachdb,chaos-dead,thesis,01ff85c294945c8138a8326bbe68c7055b3604d1,2026-09-07T17:23:12.645992Z,2026-09-07T17:30:52.495352Z,407.801,1104,ack
20260907T172312Z_p4-chaos-dead,cockroachdb,chaos-dead,thesis,01ff85c294945c8138a8326bbe68c7055b3604d1,2026-09-07T17:23:12.645992Z,2026-09-07T17:30:52.495352Z,408.1578,1105,ack
20260907T172312Z_p4-chaos-dead,cockroachdb,chaos-dead,thesis,01ff85c294945c8138a8326bbe68c7055b3604d1,2026-09-07T17:23:12.645992Z,2026-09-07T17:30:52.495352Z,408.5216,1106,ack
20260907T172312Z_p4-chaos-dead,cockroachdb,chaos-dead,thesis,01ff85c294945c8138a8326bbe68c7055b3604d1,2026-09-07T17:23:12.645992Z,2026-09-07T17:30:52.495352Z,408.8859,1107,ack
20260907T172312Z_p4-chaos-dead,cockroachdb,chaos-dead,thesis,01ff85c294945c8138a8326bbe68c7055b3604d1,2026-09-07T17:23:12.645992Z,2026-09-07T17:30:52.495352Z,409.2513,1108,ack
20260907T172312Z_p4-chaos-dead,cockroachdb,chaos-dead,thesis,01ff85c294945c8138a8326bbe68c7055b3604d1,2026-09-07T17:23:12.645992Z,2026-09-07T17:30:52.495352Z,409.637,1109,ack
20260907T172312Z_p4-chaos-dead,cockroachdb,chaos-dead,thesis,01ff85c294945c8138a8326bbe68c7055b3604d1,2026-09-07T17:23:12.645992Z,2026-09-07T17:30:52.495352Z,410.0224,1110,ack
20260907T172312Z_p4-chaos-dead,cockroachdb,chaos-dead,thesis,01ff85c294945c8138a8326bbe68c7055b3604d1,2026-09-07T17:23:12.645992Z,2026-09-07T17:30:52.495352Z,410.397,1111,ack
20260907T172312Z_p4-chaos-dead,cockroachdb,chaos-dead,thesis,01ff85c294945c8138a8326bbe68c7055b3604d1,2026-09-07T17:23:12.645992Z,2026-09-07T17:30:52.495352Z,410.78,1112,ack
20260907T172312Z_p4-chaos-dead,cockroachdb,chaos-dead,thesis,01ff85c294945c8138a8326bbe68c7055b3604d1,2026-09-07T17:23:12.645992Z,2026-09-07T17:30:52.495352Z,411.1521,1113,ack
20260907T172312Z_p4-chaos-dead,cockroachdb,chaos-dead,thesis,01ff85c294945c8138a8326bbe68c7055b3604d1,2026-09-07T17:23:12.645992Z,2026-09-07T17:30:52.495352Z,411.5114,1114,ack
20260907T172312Z_p4-chaos-dead,cockroachdb,chaos-dead,thesis,01ff85c294945c8138a8326bbe68c7055b3604d1,2026-09-07T17:23:12.645992Z,2026-09-07T17:30:52.495352Z,411.8703,1115,ack
20260907T172312Z_p4-chaos-dead,cockroachdb,chaos-dead,thesis,01ff85c294945c8138a8326bbe68c7055b3604d1,2026-09-07T17:23:12.645992Z,2026-09-07T17:30:52.495352Z,412.2418,1116,ack
20260907T172312Z_p4-chaos-dead,cockroachdb,chaos-dead,thesis,01ff85c294945c8138a8326bbe68c7055b3604d1,2026-09-07T17:23:12.645992Z,2026-09-07T17:30:52.495352Z,412.597,1117,ack
20260907T172312Z_p4-chaos-dead,cockroachdb,chaos-dead,thesis,01ff85c294945c8138a8326bbe68c7055b3604d1,2026-09-07T17:23:12.645992Z,2026-09-07T17:30:52.495352Z,412.9669,1118,ack
20260907T172312Z_p4-chaos-dead,cockroachdb,chaos-dead,thesis,01ff85c294945c8138a8326bbe68c7055b3604d1,2026-09-07T17:23:12.645992Z,2026-09-07T17:30:52.495352Z,413.521,1119,ack
20260907T172312Z_p4-chaos-dead,cockroachdb,chaos-dead,thesis,01ff85c294945c8138a8326bbe68c7055b3604d1,2026-09-07T17:23:12.645992Z,2026-09-07T17:30:52.495352Z,413.8811,1120,ack
20260907T172312Z_p4-chaos-dead,cockroachdb,chaos-dead,thesis,01ff85c294945c8138a8326bbe68c7055b3604d1,2026-09-07T17:23:12.645992Z,2026-09-07T17:30:52.495352Z,414.2399,1121,ack
20260907T172312Z_p4-chaos-dead,cockroachdb,chaos-dead,thesis,01ff85c294945c8138a8326bbe68c7055b3604d1,2026-09-07T17:23:12.645992Z,2026-09-07T17:30:52.495352Z,414.5968,1122,ack
20260907T172312Z_p4-chaos-dead,cockroachdb,chaos-dead,thesis,01ff85c294945c8138a8326bbe68c7055b3604d1,2026-09-07T17:23:12.645992Z,2026-09-07T17:30:52.495352Z,414.9815,1123,ack
20260907T172312Z_p4-chaos-dead,cockroachdb,chaos-dead,thesis,01ff85c294945c8138a8326bbe68c7055b3604d1,2026-09-07T17:23:12.645992Z,2026-09-07T17:30:52.495352Z,415.3429,1124,ack
20260907T172312Z_p4-chaos-dead,cockroachdb,chaos-dead,thesis,01ff85c294945c8138a8326bbe68c7055b3604d1,2026-09-07T17:23:12.645992Z,2026-09-07T17:30:52.495352Z,415.7279,1125,ack
20260907T172312Z_p4-chaos-dead,cockroachdb,chaos-dead,thesis,01ff85c294945c8138a8326bbe68c7055b3604d1,2026-09-07T17:23:12.645992Z,2026-09-07T17:30:52.495352Z,416.0858,1126,ack
20260907T172312Z_p4-chaos-dead,cockroachdb,chaos-dead,thesis,01ff85c294945c8138a8326bbe68c7055b3604d1,2026-09-07T17:23:12.645992Z,2026-09-07T17:30:52.495352Z,416.4424,1127,ack
20260907T172312Z_p4-chaos-dead,cockroachdb,chaos-dead,thesis,01ff85c294945c8138a8326bbe68c7055b3604d1,2026-09-07T17:23:12.645992Z,2026-09-07T17:30:52.495352Z,416.8113,1128,ack
20260907T172312Z_p4-chaos-dead,cockroachdb,chaos-dead,thesis,01ff85c294945c8138a8326bbe68c7055b3604d1,2026-09-07T17:23:12.645992Z,2026-09-07T17:30:52.495352Z,417.1808,1129,ack
20260907T172312Z_p4-chaos-dead,cockroachdb,chaos-dead,thesis,01ff85c294945c8138a8326bbe68c7055b3604d1,2026-09-07T17:23:12.645992Z,2026-09-07T17:30:52.495352Z,417.5557,1130,ack
20260907T172312Z_p4-chaos-dead,cockroachdb,chaos-dead,thesis,01ff85c294945c8138a8326bbe68c7055b3604d1,2026-09-07T17:23:12.645992Z,2026-09-07T17:30:52.495352Z,417.9534,1131,ack
20260907T172312Z_p4-chaos-dead,cockroachdb,chaos-dead,thesis,01ff85c294945c8138a8326bbe68c7055b3604d1,2026-09-07T17:23:12.645992Z,2026-09-07T17:30:52.495352Z,418.3159,1132,ack
20260907T172312Z_p4-chaos-dead,cockroachdb,chaos-dead,thesis,01ff85c294945c8138a8326bbe68c7055b3604d1,2026-09-07T17:23:12.645992Z,2026-09-07T17:30:52.495352Z,418.6876,1133,ack
20260907T172312Z_p4-chaos-dead,cockroachdb,chaos-dead,thesis,01ff85c294945c8138a8326bbe68c7055b3604d1,2026-09-07T17:23:12.645992Z,2026-09-07T17:30:52.495352Z,419.0515,1134,ack
20260907T172312Z_p4-chaos-dead,cockroachdb,chaos-dead,thesis,01ff85c294945c8138a8326bbe68c7055b3604d1,2026-09-07T17:23:12.645992Z,2026-09-07T17:30:52.495352Z,419.4216,1135,ack
20260907T172312Z_p4-chaos-dead,cockroachdb,chaos-dead,thesis,01ff85c294945c8138a8326bbe68c7055b3604d1,2026-09-07T17:23:12.645992Z,2026-09-07T17:30:52.495352Z,419.7914,1136,ack
20260907T172312Z_p4-chaos-dead,cockroachdb,chaos-dead,thesis,01ff85c294945c8138a8326bbe68c7055b3604d1,2026-09-07T17:23:12.645992Z,2026-09-07T17:30:52.495352Z,420.1571,1137,ack
20260907T172312Z_p4-chaos-dead,cockroachdb,chaos-dead,thesis,01ff85c294945c8138a8326bbe68c7055b3604d1,2026-09-07T17:23:12.645992Z,2026-09-07T17:30:52.495352Z,420.5166,1138,ack
20260907T172312Z_p4-chaos-dead,cockroachdb,chaos-dead,thesis,01ff85c294945c8138a8326bbe68c7055b3604d1,2026-09-07T17:23:12.645992Z,2026-09-07T17:30:52.495352Z,420.898,1139,ack
20260907T172312Z_p4-chaos-dead,cockroachdb,chaos-dead,thesis,01ff85c294945c8138a8326bbe68c7055b3604d1,2026-09-07T17:23:12.645992Z,2026-09-07T17:30:52.495352Z,421.2733,1140,ack
20260907T172312Z_p4-chaos-dead,cockroachdb,chaos-dead,thesis,01ff85c294945c8138a8326bbe68c7055b3604d1,2026-09-07T17:23:12.645992Z,2026-09-07T17:30:52.495352Z,421.6421,1141,ack
20260907T172312Z_p4-chaos-dead,cockroachdb,chaos-dead,thesis,01ff85c294945c8138a8326bbe68c7055b3604d1,2026-09-07T17:23:12.645992Z,2026-09-07T17:30:52.495352Z,422.0028,1142,ack
20260907T172312Z_p4-chaos-dead,cockroachdb,chaos-dead,thesis,01ff85c294945c8138a8326bbe68c7055b3604d1,2026-09-07T17:23:12.645992Z,2026-09-07T17:30:52.495352Z,422.3609,1143,ack
20260907T172312Z_p4-chaos-dead,cockroachdb,chaos-dead,thesis,01ff85c294945c8138a8326bbe68c7055b3604d1,2026-09-07T17:23:12.645992Z,2026-09-07T17:30:52.495352Z,422.7366,1144,ack
20260907T172312Z_p4-chaos-dead,cockroachdb,chaos-dead,thesis,01ff85c294945c8138a8326bbe68c7055b3604d1,2026-09-07T17:23:12.645992Z,2026-09-07T17:30:52.495352Z,423.107,1145,ack
20260907T172312Z_p4-chaos-dead,cockroachdb,chaos-dead,thesis,01ff85c294945c8138a8326bbe68c7055b3604d1,2026-09-07T17:23:12.645992Z,2026-09-07T17:30:52.495352Z,423.4716,1146,ack
20260907T172312Z_p4-chaos-dead,cockroachdb,chaos-dead,thesis,01ff85c294945c8138a8326bbe68c7055b3604d1,2026-09-07T17:23:12.645992Z,2026-09-07T17:30:52.495352Z,423.8384,1147,ack
20260907T172312Z_p4-chaos-dead,cockroachdb,chaos-dead,thesis,01ff85c294945c8138a8326bbe68c7055b3604d1,2026-09-07T17:23:12.645992Z,2026-09-07T17:30:52.495352Z,424.2026,1148,ack
20260907T172312Z_p4-chaos-dead,cockroachdb,chaos-dead,thesis,01ff85c294945c8138a8326bbe68c7055b3604d1,2026-09-07T17:23:12.645992Z,2026-09-07T17:30:52.495352Z,424.5658,1149,ack
20260907T172312Z_p4-chaos-dead,cockroachdb,chaos-dead,thesis,01ff85c294945c8138a8326bbe68c7055b3604d1,2026-09-07T17:23:12.645992Z,2026-09-07T17:30:52.495352Z,424.9268,1150,ack
20260907T172312Z_p4-chaos-dead,cockroachdb,chaos-dead,thesis,01ff85c294945c8138a8326bbe68c7055b3604d1,2026-09-07T17:23:12.645992Z,2026-09-07T17:30:52.495352Z,425.3132,1151,ack
20260907T172312Z_p4-chaos-dead,cockroachdb,chaos-dead,thesis,01ff85c294945c8138a8326bbe68c7055b3604d1,2026-09-07T17:23:12.645992Z,2026-09-07T17:30:52.495352Z,425.6925,1152,ack
20260907T172312Z_p4-chaos-dead,cockroachdb,chaos-dead,thesis,01ff85c294945c8138a8326bbe68c7055b3604d1,2026-09-07T17:23:12.645992Z,2026-09-07T17:30:52.495352Z,426.0718,1153,ack
20260907T172312Z_p4-chaos-dead,cockroachdb,chaos-dead,thesis,01ff85c294945c8138a8326bbe68c7055b3604d1,2026-09-07T17:23:12.645992Z,2026-09-07T17:30:52.495352Z,426.4318,1154,ack
20260907T172312Z_p4-chaos-dead,cockroachdb,chaos-dead,thesis,01ff85c294945c8138a8326bbe68c7055b3604d1,2026-09-07T17:23:12.645992Z,2026-09-07T17:30:52.495352Z,426.7921,1155,ack
20260907T172312Z_p4-chaos-dead,cockroachdb,chaos-dead,thesis,01ff85c294945c8138a8326bbe68c7055b3604d1,2026-09-07T17:23:12.645992Z,2026-09-07T17:30:52.495352Z,427.1924,1156,ack
20260907T172312Z_p4-chaos-dead,cockroachdb,chaos-dead,thesis,01ff85c294945c8138a8326bbe68c7055b3604d1,2026-09-07T17:23:12.645992Z,2026-09-07T17:30:52.495352Z,427.5822,1157,ack
20260907T172312Z_p4-chaos-dead,cockroachdb,chaos-dead,thesis,01ff85c294945c8138a8326bbe68c7055b3604d1,2026-09-07T17:23:12.645992Z,2026-09-07T17:30:52.495352Z,427.9513,1158,ack
20260907T172312Z_p4-chaos-dead,cockroachdb,chaos-dead,thesis,01ff85c294945c8138a8326bbe68c7055b3604d1,2026-09-07T17:23:12.645992Z,2026-09-07T17:30:52.495352Z,428.317,1159,ack
20260907T172312Z_p4-chaos-dead,cockroachdb,chaos-dead,thesis,01ff85c294945c8138a8326bbe68c7055b3604d1,2026-09-07T17:23:12.645992Z,2026-09-07T17:30:52.495352Z,428.7027,1160,ack
20260907T172312Z_p4-chaos-dead,cockroachdb,chaos-dead,thesis,01ff85c294945c8138a8326bbe68c7055b3604d1,2026-09-07T17:23:12.645992Z,2026-09-07T17:30:52.495352Z,429.0782,1161,ack
20260907T172312Z_p4-chaos-dead,cockroachdb,chaos-dead,thesis,01ff85c294945c8138a8326bbe68c7055b3604d1,2026-09-07T17:23:12.645992Z,2026-09-07T17:30:52.495352Z,429.4434,1162,ack
20260907T172312Z_p4-chaos-dead,cockroachdb,chaos-dead,thesis,01ff85c294945c8138a8326bbe68c7055b3604d1,2026-09-07T17:23:12.645992Z,2026-09-07T17:30:52.495352Z,429.8023,1163,ack
20260907T172312Z_p4-chaos-dead,cockroachdb,chaos-dead,thesis,01ff85c294945c8138a8326bbe68c7055b3604d1,2026-09-07T17:23:12.645992Z,2026-09-07T17:30:52.495352Z,430.1642,1164,ack
20260907T172312Z_p4-chaos-dead,cockroachdb,chaos-dead,thesis,01ff85c294945c8138a8326bbe68c7055b3604d1,2026-09-07T17:23:12.645992Z,2026-09-07T17:30:52.495352Z,430.5345,1165,ack
20260907T172312Z_p4-chaos-dead,cockroachdb,chaos-dead,thesis,01ff85c294945c8138a8326bbe68c7055b3604d1,2026-09-07T17:23:12.645992Z,2026-09-07T17:30:52.495352Z,430.9424,1166,ack
20260907T172312Z_p4-chaos-dead,cockroachdb,chaos-dead,thesis,01ff85c294945c8138a8326bbe68c7055b3604d1,2026-09-07T17:23:12.645992Z,2026-09-07T17:30:52.495352Z,431.3091,1167,ack
20260907T172312Z_p4-chaos-dead,cockroachdb,chaos-dead,thesis,01ff85c294945c8138a8326bbe68c7055b3604d1,2026-09-07T17:23:12.645992Z,2026-09-07T17:30:52.495352Z,431.6733,1168,ack
20260907T172312Z_p4-chaos-dead,cockroachdb,chaos-dead,thesis,01ff85c294945c8138a8326bbe68c7055b3604d1,2026-09-07T17:23:12.645992Z,2026-09-07T17:30:52.495352Z,432.0321,1169,ack
20260907T172312Z_p4-chaos-dead,cockroachdb,chaos-dead,thesis,01ff85c294945c8138a8326bbe68c7055b3604d1,2026-09-07T17:23:12.645992Z,2026-09-07T17:30:52.495352Z,432.4123,1170,ack
20260907T172312Z_p4-chaos-dead,cockroachdb,chaos-dead,thesis,01ff85c294945c8138a8326bbe68c7055b3604d1,2026-09-07T17:23:12.645992Z,2026-09-07T17:30:52.495352Z,432.7922,1171,ack
20260907T172312Z_p4-chaos-dead,cockroachdb,chaos-dead,thesis,01ff85c294945c8138a8326bbe68c7055b3604d1,2026-09-07T17:23:12.645992Z,2026-09-07T17:30:52.495352Z,433.1511,1172,ack
20260907T172312Z_p4-chaos-dead,cockroachdb,chaos-dead,thesis,01ff85c294945c8138a8326bbe68c7055b3604d1,2026-09-07T17:23:12.645992Z,2026-09-07T17:30:52.495352Z,433.5137,1173,ack
20260907T172312Z_p4-chaos-dead,cockroachdb,chaos-dead,thesis,01ff85c294945c8138a8326bbe68c7055b3604d1,2026-09-07T17:23:12.645992Z,2026-09-07T17:30:52.495352Z,433.878,1174,ack
20260907T172312Z_p4-chaos-dead,cockroachdb,chaos-dead,thesis,01ff85c294945c8138a8326bbe68c7055b3604d1,2026-09-07T17:23:12.645992Z,2026-09-07T17:30:52.495352Z,434.2476,1175,ack
20260907T172312Z_p4-chaos-dead,cockroachdb,chaos-dead,thesis,01ff85c294945c8138a8326bbe68c7055b3604d1,2026-09-07T17:23:12.645992Z,2026-09-07T17:30:52.495352Z,434.6053,1176,ack
20260907T172312Z_p4-chaos-dead,cockroachdb,chaos-dead,thesis,01ff85c294945c8138a8326bbe68c7055b3604d1,2026-09-07T17:23:12.645992Z,2026-09-07T17:30:52.495352Z,434.9784,1177,ack
20260907T172312Z_p4-chaos-dead,cockroachdb,chaos-dead,thesis,01ff85c294945c8138a8326bbe68c7055b3604d1,2026-09-07T17:23:12.645992Z,2026-09-07T17:30:52.495352Z,435.3588,1178,ack
20260907T172312Z_p4-chaos-dead,cockroachdb,chaos-dead,thesis,01ff85c294945c8138a8326bbe68c7055b3604d1,2026-09-07T17:23:12.645992Z,2026-09-07T17:30:52.495352Z,435.7231,1179,ack
20260907T172312Z_p4-chaos-dead,cockroachdb,chaos-dead,thesis,01ff85c294945c8138a8326bbe68c7055b3604d1,2026-09-07T17:23:12.645992Z,2026-09-07T17:30:52.495352Z,436.0883,1180,ack
20260907T172312Z_p4-chaos-dead,cockroachdb,chaos-dead,thesis,01ff85c294945c8138a8326bbe68c7055b3604d1,2026-09-07T17:23:12.645992Z,2026-09-07T17:30:52.495352Z,436.4468,1181,ack
20260907T172312Z_p4-chaos-dead,cockroachdb,chaos-dead,thesis,01ff85c294945c8138a8326bbe68c7055b3604d1,2026-09-07T17:23:12.645992Z,2026-09-07T17:30:52.495352Z,436.8119,1182,ack
20260907T172312Z_p4-chaos-dead,cockroachdb,chaos-dead,thesis,01ff85c294945c8138a8326bbe68c7055b3604d1,2026-09-07T17:23:12.645992Z,2026-09-07T17:30:52.495352Z,437.1869,1183,ack
20260907T172312Z_p4-chaos-dead,cockroachdb,chaos-dead,thesis,01ff85c294945c8138a8326bbe68c7055b3604d1,2026-09-07T17:23:12.645992Z,2026-09-07T17:30:52.495352Z,437.5463,1184,ack
20260907T172312Z_p4-chaos-dead,cockroachdb,chaos-dead,thesis,01ff85c294945c8138a8326bbe68c7055b3604d1,2026-09-07T17:23:12.645992Z,2026-09-07T17:30:52.495352Z,437.945,1185,ack
20260907T172312Z_p4-chaos-dead,cockroachdb,chaos-dead,thesis,01ff85c294945c8138a8326bbe68c7055b3604d1,2026-09-07T17:23:12.645992Z,2026-09-07T17:30:52.495352Z,438.8012,1186,ack
20260907T172312Z_p4-chaos-dead,cockroachdb,chaos-dead,thesis,01ff85c294945c8138a8326bbe68c7055b3604d1,2026-09-07T17:23:12.645992Z,2026-09-07T17:30:52.495352Z,439.3703,1187,ack
20260907T172312Z_p4-chaos-dead,cockroachdb,chaos-dead,thesis,01ff85c294945c8138a8326bbe68c7055b3604d1,2026-09-07T17:23:12.645992Z,2026-09-07T17:30:52.495352Z,439.9351,1188,ack
20260907T172312Z_p4-chaos-dead,cockroachdb,chaos-dead,thesis,01ff85c294945c8138a8326bbe68c7055b3604d1,2026-09-07T17:23:12.645992Z,2026-09-07T17:30:52.495352Z,440.7536,1189,ack
20260907T172312Z_p4-chaos-dead,cockroachdb,chaos-dead,thesis,01ff85c294945c8138a8326bbe68c7055b3604d1,2026-09-07T17:23:12.645992Z,2026-09-07T17:30:52.495352Z,441.1284,1190,ack
20260907T172312Z_p4-chaos-dead,cockroachdb,chaos-dead,thesis,01ff85c294945c8138a8326bbe68c7055b3604d1,2026-09-07T17:23:12.645992Z,2026-09-07T17:30:52.495352Z,441.5805,1191,ack
20260907T172312Z_p4-chaos-dead,cockroachdb,chaos-dead,thesis,01ff85c294945c8138a8326bbe68c7055b3604d1,2026-09-07T17:23:12.645992Z,2026-09-07T17:30:52.495352Z,441.9446,1192,ack
20260907T172312Z_p4-chaos-dead,cockroachdb,chaos-dead,thesis,01ff85c294945c8138a8326bbe68c7055b3604d1,2026-09-07T17:23:12.645992Z,2026-09-07T17:30:52.495352Z,442.4893,1193,ack
20260907T172312Z_p4-chaos-dead,cockroachdb,chaos-dead,thesis,01ff85c294945c8138a8326bbe68c7055b3604d1,2026-09-07T17:23:12.645992Z,2026-09-07T17:30:52.495352Z,442.8552,1194,ack
20260907T172312Z_p4-chaos-dead,cockroachdb,chaos-dead,thesis,01ff85c294945c8138a8326bbe68c7055b3604d1,2026-09-07T17:23:12.645992Z,2026-09-07T17:30:52.495352Z,443.3386,1195,ack
20260907T172312Z_p4-chaos-dead,cockroachdb,chaos-dead,thesis,01ff85c294945c8138a8326bbe68c7055b3604d1,2026-09-07T17:23:12.645992Z,2026-09-07T17:30:52.495352Z,443.7351,1196,ack
20260907T172312Z_p4-chaos-dead,cockroachdb,chaos-dead,thesis,01ff85c294945c8138a8326bbe68c7055b3604d1,2026-09-07T17:23:12.645992Z,2026-09-07T17:30:52.495352Z,444.3546,1197,ack
20260907T172312Z_p4-chaos-dead,cockroachdb,chaos-dead,thesis,01ff85c294945c8138a8326bbe68c7055b3604d1,2026-09-07T17:23:12.645992Z,2026-09-07T17:30:52.495352Z,445.0227,1198,ack
20260907T172312Z_p4-chaos-dead,cockroachdb,chaos-dead,thesis,01ff85c294945c8138a8326bbe68c7055b3604d1,2026-09-07T17:23:12.645992Z,2026-09-07T17:30:52.495352Z,445.4116,1199,ack
20260907T172312Z_p4-chaos-dead,cockroachdb,chaos-dead,thesis,01ff85c294945c8138a8326bbe68c7055b3604d1,2026-09-07T17:23:12.645992Z,2026-09-07T17:30:52.495352Z,445.7981,1200,ack
20260907T172312Z_p4-chaos-dead,cockroachdb,chaos-dead,thesis,01ff85c294945c8138a8326bbe68c7055b3604d1,2026-09-07T17:23:12.645992Z,2026-09-07T17:30:52.495352Z,446.1838,1201,ack
20260907T172312Z_p4-chaos-dead,cockroachdb,chaos-dead,thesis,01ff85c294945c8138a8326bbe68c7055b3604d1,2026-09-07T17:23:12.645992Z,2026-09-07T17:30:52.495352Z,446.5712,1202,ack
20260907T172312Z_p4-chaos-dead,cockroachdb,chaos-dead,thesis,01ff85c294945c8138a8326bbe68c7055b3604d1,2026-09-07T17:23:12.645992Z,2026-09-07T17:30:52.495352Z,446.9436,1203,ack
20260907T172312Z_p4-chaos-dead,cockroachdb,chaos-dead,thesis,01ff85c294945c8138a8326bbe68c7055b3604d1,2026-09-07T17:23:12.645992Z,2026-09-07T17:30:52.495352Z,447.3321,1204,ack
20260907T172312Z_p4-chaos-dead,cockroachdb,chaos-dead,thesis,01ff85c294945c8138a8326bbe68c7055b3604d1,2026-09-07T17:23:12.645992Z,2026-09-07T17:30:52.495352Z,447.7228,1205,ack
20260907T172312Z_p4-chaos-dead,cockroachdb,chaos-dead,thesis,01ff85c294945c8138a8326bbe68c7055b3604d1,2026-09-07T17:23:12.645992Z,2026-09-07T17:30:52.495352Z,448.1255,1206,ack
20260907T172312Z_p4-chaos-dead,cockroachdb,chaos-dead,thesis,01ff85c294945c8138a8326bbe68c7055b3604d1,2026-09-07T17:23:12.645992Z,2026-09-07T17:30:52.495352Z,448.5073,1207,ack
20260907T172312Z_p4-chaos-dead,cockroachdb,chaos-dead,thesis,01ff85c294945c8138a8326bbe68c7055b3604d1,2026-09-07T17:23:12.645992Z,2026-09-07T17:30:52.495352Z,448.879,1208,ack
20260907T172312Z_p4-chaos-dead,cockroachdb,chaos-dead,thesis,01ff85c294945c8138a8326bbe68c7055b3604d1,2026-09-07T17:23:12.645992Z,2026-09-07T17:30:52.495352Z,449.2478,1209,ack
20260907T172312Z_p4-chaos-dead,cockroachdb,chaos-dead,thesis,01ff85c294945c8138a8326bbe68c7055b3604d1,2026-09-07T17:23:12.645992Z,2026-09-07T17:30:52.495352Z,449.6222,1210,ack
20260907T172312Z_p4-chaos-dead,cockroachdb,chaos-dead,thesis,01ff85c294945c8138a8326bbe68c7055b3604d1,2026-09-07T17:23:12.645992Z,2026-09-07T17:30:52.495352Z,450.0024,1211,ack
20260907T172312Z_p4-chaos-dead,cockroachdb,chaos-dead,thesis,01ff85c294945c8138a8326bbe68c7055b3604d1,2026-09-07T17:23:12.645992Z,2026-09-07T17:30:52.495352Z,450.3853,1212,ack
20260907T172312Z_p4-chaos-dead,cockroachdb,chaos-dead,thesis,01ff85c294945c8138a8326bbe68c7055b3604d1,2026-09-07T17:23:12.645992Z,2026-09-07T17:30:52.495352Z,450.8041,1213,ack
20260907T172312Z_p4-chaos-dead,cockroachdb,chaos-dead,thesis,01ff85c294945c8138a8326bbe68c7055b3604d1,2026-09-07T17:23:12.645992Z,2026-09-07T17:30:52.495352Z,451.1712,1214,ack
20260907T172312Z_p4-chaos-dead,cockroachdb,chaos-dead,thesis,01ff85c294945c8138a8326bbe68c7055b3604d1,2026-09-07T17:23:12.645992Z,2026-09-07T17:30:52.495352Z,451.6117,1215,ack
20260907T172312Z_p4-chaos-dead,cockroachdb,chaos-dead,thesis,01ff85c294945c8138a8326bbe68c7055b3604d1,2026-09-07T17:23:12.645992Z,2026-09-07T17:30:52.495352Z,451.9984,1216,ack
20260907T172312Z_p4-chaos-dead,cockroachdb,chaos-dead,thesis,01ff85c294945c8138a8326bbe68c7055b3604d1,2026-09-07T17:23:12.645992Z,2026-09-07T17:30:52.495352Z,452.3816,1217,ack
20260907T172312Z_p4-chaos-dead,cockroachdb,chaos-dead,thesis,01ff85c294945c8138a8326bbe68c7055b3604d1,2026-09-07T17:23:12.645992Z,2026-09-07T17:30:52.495352Z,452.7388,1218,ack
20260907T172312Z_p4-chaos-dead,cockroachdb,chaos-dead,thesis,01ff85c294945c8138a8326bbe68c7055b3604d1,2026-09-07T17:23:12.645992Z,2026-09-07T17:30:52.495352Z,453.1025,1219,ack
20260908T004113Z_p4-chaos-dead,cockroachdb,chaos-dead,thesis,01ff85c294945c8138a8326bbe68c7055b3604d1,2026-09-08T00:41:13.634512Z,2026-09-08T00:45:29.528578Z,1.1212,1,ack
20260908T004113Z_p4-chaos-dead,cockroachdb,chaos-dead,thesis,01ff85c294945c8138a8326bbe68c7055b3604d1,2026-09-08T00:41:13.634512Z,2026-09-08T00:45:29.528578Z,1.4756,2,ack
20260908T004113Z_p4-chaos-dead,cockroachdb,chaos-dead,thesis,01ff85c294945c8138a8326bbe68c7055b3604d1,2026-09-08T00:41:13.634512Z,2026-09-08T00:45:29.528578Z,1.8307,3,ack
20260908T004113Z_p4-chaos-dead,cockroachdb,chaos-dead,thesis,01ff85c294945c8138a8326bbe68c7055b3604d1,2026-09-08T00:41:13.634512Z,2026-09-08T00:45:29.528578Z,2.2013,4,ack
20260908T004113Z_p4-chaos-dead,cockroachdb,chaos-dead,thesis,01ff85c294945c8138a8326bbe68c7055b3604d1,2026-09-08T00:41:13.634512Z,2026-09-08T00:45:29.528578Z,2.5577,5,ack
20260908T004113Z_p4-chaos-dead,cockroachdb,chaos-dead,thesis,01ff85c294945c8138a8326bbe68c7055b3604d1,2026-09-08T00:41:13.634512Z,2026-09-08T00:45:29.528578Z,3.1454,6,ack
20260908T004113Z_p4-chaos-dead,cockroachdb,chaos-dead,thesis,01ff85c294945c8138a8326bbe68c7055b3604d1,2026-09-08T00:41:13.634512Z,2026-09-08T00:45:29.528578Z,3.5016,7,ack
20260908T004113Z_p4-chaos-dead,cockroachdb,chaos-dead,thesis,01ff85c294945c8138a8326bbe68c7055b3604d1,2026-09-08T00:41:13.634512Z,2026-09-08T00:45:29.528578Z,3.8609,8,ack
20260908T004113Z_p4-chaos-dead,cockroachdb,chaos-dead,thesis,01ff85c294945c8138a8326bbe68c7055b3604d1,2026-09-08T00:41:13.634512Z,2026-09-08T00:45:29.528578Z,4.2216,9,ack
20260908T004113Z_p4-chaos-dead,cockroachdb,chaos-dead,thesis,01ff85c294945c8138a8326bbe68c7055b3604d1,2026-09-08T00:41:13.634512Z,2026-09-08T00:45:29.528578Z,4.5802,10,ack
20260908T004113Z_p4-chaos-dead,cockroachdb,chaos-dead,thesis,01ff85c294945c8138a8326bbe68c7055b3604d1,2026-09-08T00:41:13.634512Z,2026-09-08T00:45:29.528578Z,4.9252,11,ack
20260908T004113Z_p4-chaos-dead,cockroachdb,chaos-dead,thesis,01ff85c294945c8138a8326bbe68c7055b3604d1,2026-09-08T00:41:13.634512Z,2026-09-08T00:45:29.528578Z,5.2711,12,ack
20260908T004113Z_p4-chaos-dead,cockroachdb,chaos-dead,thesis,01ff85c294945c8138a8326bbe68c7055b3604d1,2026-09-08T00:41:13.634512Z,2026-09-08T00:45:29.528578Z,5.6234,13,ack
20260908T004113Z_p4-chaos-dead,cockroachdb,chaos-dead,thesis,01ff85c294945c8138a8326bbe68c7055b3604d1,2026-09-08T00:41:13.634512Z,2026-09-08T00:45:29.528578Z,5.9715,14,ack
20260908T004113Z_p4-chaos-dead,cockroachdb,chaos-dead,thesis,01ff85c294945c8138a8326bbe68c7055b3604d1,2026-09-08T00:41:13.634512Z,2026-09-08T00:45:29.528578Z,6.3432,15,ack
20260908T004113Z_p4-chaos-dead,cockroachdb,chaos-dead,thesis,01ff85c294945c8138a8326bbe68c7055b3604d1,2026-09-08T00:41:13.634512Z,2026-09-08T00:45:29.528578Z,6.7014,16,ack
20260908T004113Z_p4-chaos-dead,cockroachdb,chaos-dead,thesis,01ff85c294945c8138a8326bbe68c7055b3604d1,2026-09-08T00:41:13.634512Z,2026-09-08T00:45:29.528578Z,7.0537,17,ack
20260908T004113Z_p4-chaos-dead,cockroachdb,chaos-dead,thesis,01ff85c294945c8138a8326bbe68c7055b3604d1,2026-09-08T00:41:13.634512Z,2026-09-08T00:45:29.528578Z,7.4107,18,ack
20260908T004113Z_p4-chaos-dead,cockroachdb,chaos-dead,thesis,01ff85c294945c8138a8326bbe68c7055b3604d1,2026-09-08T00:41:13.634512Z,2026-09-08T00:45:29.528578Z,7.7557,19,ack
20260908T004113Z_p4-chaos-dead,cockroachdb,chaos-dead,thesis,01ff85c294945c8138a8326bbe68c7055b3604d1,2026-09-08T00:41:13.634512Z,2026-09-08T00:45:29.528578Z,8.1054,20,ack
20260908T004113Z_p4-chaos-dead,cockroachdb,chaos-dead,thesis,01ff85c294945c8138a8326bbe68c7055b3604d1,2026-09-08T00:41:13.634512Z,2026-09-08T00:45:29.528578Z,8.4554,21,ack
20260908T004113Z_p4-chaos-dead,cockroachdb,chaos-dead,thesis,01ff85c294945c8138a8326bbe68c7055b3604d1,2026-09-08T00:41:13.634512Z,2026-09-08T00:45:29.528578Z,8.8072,22,ack
20260908T004113Z_p4-chaos-dead,cockroachdb,chaos-dead,thesis,01ff85c294945c8138a8326bbe68c7055b3604d1,2026-09-08T00:41:13.634512Z,2026-09-08T00:45:29.528578Z,9.1728,23,ack
20260908T004113Z_p4-chaos-dead,cockroachdb,chaos-dead,thesis,01ff85c294945c8138a8326bbe68c7055b3604d1,2026-09-08T00:41:13.634512Z,2026-09-08T00:45:29.528578Z,9.542,24,ack
20260908T004113Z_p4-chaos-dead,cockroachdb,chaos-dead,thesis,01ff85c294945c8138a8326bbe68c7055b3604d1,2026-09-08T00:41:13.634512Z,2026-09-08T00:45:29.528578Z,9.9012,25,ack
20260908T004113Z_p4-chaos-dead,cockroachdb,chaos-dead,thesis,01ff85c294945c8138a8326bbe68c7055b3604d1,2026-09-08T00:41:13.634512Z,2026-09-08T00:45:29.528578Z,10.2611,26,ack
20260908T004113Z_p4-chaos-dead,cockroachdb,chaos-dead,thesis,01ff85c294945c8138a8326bbe68c7055b3604d1,2026-09-08T00:41:13.634512Z,2026-09-08T00:45:29.528578Z,10.6057,27,ack
20260908T004113Z_p4-chaos-dead,cockroachdb,chaos-dead,thesis,01ff85c294945c8138a8326bbe68c7055b3604d1,2026-09-08T00:41:13.634512Z,2026-09-08T00:45:29.528578Z,10.953,28,ack
20260908T004113Z_p4-chaos-dead,cockroachdb,chaos-dead,thesis,01ff85c294945c8138a8326bbe68c7055b3604d1,2026-09-08T00:41:13.634512Z,2026-09-08T00:45:29.528578Z,11.3013,29,ack
20260908T004113Z_p4-chaos-dead,cockroachdb,chaos-dead,thesis,01ff85c294945c8138a8326bbe68c7055b3604d1,2026-09-08T00:41:13.634512Z,2026-09-08T00:45:29.528578Z,11.6498,30,ack
20260908T004113Z_p4-chaos-dead,cockroachdb,chaos-dead,thesis,01ff85c294945c8138a8326bbe68c7055b3604d1,2026-09-08T00:41:13.634512Z,2026-09-08T00:45:29.528578Z,11.9955,31,ack
20260908T004113Z_p4-chaos-dead,cockroachdb,chaos-dead,thesis,01ff85c294945c8138a8326bbe68c7055b3604d1,2026-09-08T00:41:13.634512Z,2026-09-08T00:45:29.528578Z,12.3639,32,ack
20260908T004113Z_p4-chaos-dead,cockroachdb,chaos-dead,thesis,01ff85c294945c8138a8326bbe68c7055b3604d1,2026-09-08T00:41:13.634512Z,2026-09-08T00:45:29.528578Z,12.7216,33,ack
20260908T004113Z_p4-chaos-dead,cockroachdb,chaos-dead,thesis,01ff85c294945c8138a8326bbe68c7055b3604d1,2026-09-08T00:41:13.634512Z,2026-09-08T00:45:29.528578Z,13.078,34,ack
20260908T004113Z_p4-chaos-dead,cockroachdb,chaos-dead,thesis,01ff85c294945c8138a8326bbe68c7055b3604d1,2026-09-08T00:41:13.634512Z,2026-09-08T00:45:29.528578Z,13.4247,35,ack
20260908T004113Z_p4-chaos-dead,cockroachdb,chaos-dead,thesis,01ff85c294945c8138a8326bbe68c7055b3604d1,2026-09-08T00:41:13.634512Z,2026-09-08T00:45:29.528578Z,13.7708,36,ack
20260908T004113Z_p4-chaos-dead,cockroachdb,chaos-dead,thesis,01ff85c294945c8138a8326bbe68c7055b3604d1,2026-09-08T00:41:13.634512Z,2026-09-08T00:45:29.528578Z,14.1267,37,ack
20260908T004113Z_p4-chaos-dead,cockroachdb,chaos-dead,thesis,01ff85c294945c8138a8326bbe68c7055b3604d1,2026-09-08T00:41:13.634512Z,2026-09-08T00:45:29.528578Z,14.4803,38,ack
20260908T004113Z_p4-chaos-dead,cockroachdb,chaos-dead,thesis,01ff85c294945c8138a8326bbe68c7055b3604d1,2026-09-08T00:41:13.634512Z,2026-09-08T00:45:29.528578Z,14.827,39,ack
20260908T004113Z_p4-chaos-dead,cockroachdb,chaos-dead,thesis,01ff85c294945c8138a8326bbe68c7055b3604d1,2026-09-08T00:41:13.634512Z,2026-09-08T00:45:29.528578Z,15.1816,40,ack
20260908T004113Z_p4-chaos-dead,cockroachdb,chaos-dead,thesis,01ff85c294945c8138a8326bbe68c7055b3604d1,2026-09-08T00:41:13.634512Z,2026-09-08T00:45:29.528578Z,15.5369,41,ack
20260908T004113Z_p4-chaos-dead,cockroachdb,chaos-dead,thesis,01ff85c294945c8138a8326bbe68c7055b3604d1,2026-09-08T00:41:13.634512Z,2026-09-08T00:45:29.528578Z,15.8916,42,ack
20260908T004113Z_p4-chaos-dead,cockroachdb,chaos-dead,thesis,01ff85c294945c8138a8326bbe68c7055b3604d1,2026-09-08T00:41:13.634512Z,2026-09-08T00:45:29.528578Z,16.2416,43,ack
20260908T004113Z_p4-chaos-dead,cockroachdb,chaos-dead,thesis,01ff85c294945c8138a8326bbe68c7055b3604d1,2026-09-08T00:41:13.634512Z,2026-09-08T00:45:29.528578Z,16.5914,44,ack
20260908T004113Z_p4-chaos-dead,cockroachdb,chaos-dead,thesis,01ff85c294945c8138a8326bbe68c7055b3604d1,2026-09-08T00:41:13.634512Z,2026-09-08T00:45:29.528578Z,16.9474,45,ack
20260908T004113Z_p4-chaos-dead,cockroachdb,chaos-dead,thesis,01ff85c294945c8138a8326bbe68c7055b3604d1,2026-09-08T00:41:13.634512Z,2026-09-08T00:45:29.528578Z,17.3016,46,ack
20260908T004113Z_p4-chaos-dead,cockroachdb,chaos-dead,thesis,01ff85c294945c8138a8326bbe68c7055b3604d1,2026-09-08T00:41:13.634512Z,2026-09-08T00:45:29.528578Z,17.6516,47,ack
20260908T004113Z_p4-chaos-dead,cockroachdb,chaos-dead,thesis,01ff85c294945c8138a8326bbe68c7055b3604d1,2026-09-08T00:41:13.634512Z,2026-09-08T00:45:29.528578Z,18.0035,48,ack
20260908T004113Z_p4-chaos-dead,cockroachdb,chaos-dead,thesis,01ff85c294945c8138a8326bbe68c7055b3604d1,2026-09-08T00:41:13.634512Z,2026-09-08T00:45:29.528578Z,18.3709,49,ack
20260908T004113Z_p4-chaos-dead,cockroachdb,chaos-dead,thesis,01ff85c294945c8138a8326bbe68c7055b3604d1,2026-09-08T00:41:13.634512Z,2026-09-08T00:45:29.528578Z,18.7153,50,ack
20260908T004113Z_p4-chaos-dead,cockroachdb,chaos-dead,thesis,01ff85c294945c8138a8326bbe68c7055b3604d1,2026-09-08T00:41:13.634512Z,2026-09-08T00:45:29.528578Z,19.0654,51,ack
20260908T004113Z_p4-chaos-dead,cockroachdb,chaos-dead,thesis,01ff85c294945c8138a8326bbe68c7055b3604d1,2026-09-08T00:41:13.634512Z,2026-09-08T00:45:29.528578Z,19.4153,52,ack
20260908T004113Z_p4-chaos-dead,cockroachdb,chaos-dead,thesis,01ff85c294945c8138a8326bbe68c7055b3604d1,2026-09-08T00:41:13.634512Z,2026-09-08T00:45:29.528578Z,19.791,53,ack
20260908T004113Z_p4-chaos-dead,cockroachdb,chaos-dead,thesis,01ff85c294945c8138a8326bbe68c7055b3604d1,2026-09-08T00:41:13.634512Z,2026-09-08T00:45:29.528578Z,20.1356,54,ack
20260908T004113Z_p4-chaos-dead,cockroachdb,chaos-dead,thesis,01ff85c294945c8138a8326bbe68c7055b3604d1,2026-09-08T00:41:13.634512Z,2026-09-08T00:45:29.528578Z,20.4855,55,ack
20260908T004113Z_p4-chaos-dead,cockroachdb,chaos-dead,thesis,01ff85c294945c8138a8326bbe68c7055b3604d1,2026-09-08T00:41:13.634512Z,2026-09-08T00:45:29.528578Z,20.8356,56,ack
20260908T004113Z_p4-chaos-dead,cockroachdb,chaos-dead,thesis,01ff85c294945c8138a8326bbe68c7055b3604d1,2026-09-08T00:41:13.634512Z,2026-09-08T00:45:29.528578Z,21.1965,57,ack
20260908T004113Z_p4-chaos-dead,cockroachdb,chaos-dead,thesis,01ff85c294945c8138a8326bbe68c7055b3604d1,2026-09-08T00:41:13.634512Z,2026-09-08T00:45:29.528578Z,21.5724,58,ack
20260908T004113Z_p4-chaos-dead,cockroachdb,chaos-dead,thesis,01ff85c294945c8138a8326bbe68c7055b3604d1,2026-09-08T00:41:13.634512Z,2026-09-08T00:45:29.528578Z,21.9409,59,ack
20260908T004113Z_p4-chaos-dead,cockroachdb,chaos-dead,thesis,01ff85c294945c8138a8326bbe68c7055b3604d1,2026-09-08T00:41:13.634512Z,2026-09-08T00:45:29.528578Z,22.3033,60,ack
20260908T004113Z_p4-chaos-dead,cockroachdb,chaos-dead,thesis,01ff85c294945c8138a8326bbe68c7055b3604d1,2026-09-08T00:41:13.634512Z,2026-09-08T00:45:29.528578Z,22.6615,61,ack
20260908T004113Z_p4-chaos-dead,cockroachdb,chaos-dead,thesis,01ff85c294945c8138a8326bbe68c7055b3604d1,2026-09-08T00:41:13.634512Z,2026-09-08T00:45:29.528578Z,23.0056,62,ack
20260908T004113Z_p4-chaos-dead,cockroachdb,chaos-dead,thesis,01ff85c294945c8138a8326bbe68c7055b3604d1,2026-09-08T00:41:13.634512Z,2026-09-08T00:45:29.528578Z,23.3456,63,ack
20260908T004113Z_p4-chaos-dead,cockroachdb,chaos-dead,thesis,01ff85c294945c8138a8326bbe68c7055b3604d1,2026-09-08T00:41:13.634512Z,2026-09-08T00:45:29.528578Z,23.6909,64,ack
20260908T004113Z_p4-chaos-dead,cockroachdb,chaos-dead,thesis,01ff85c294945c8138a8326bbe68c7055b3604d1,2026-09-08T00:41:13.634512Z,2026-09-08T00:45:29.528578Z,24.0456,65,ack
20260908T004113Z_p4-chaos-dead,cockroachdb,chaos-dead,thesis,01ff85c294945c8138a8326bbe68c7055b3604d1,2026-09-08T00:41:13.634512Z,2026-09-08T00:45:29.528578Z,24.3956,66,ack
20260908T004113Z_p4-chaos-dead,cockroachdb,chaos-dead,thesis,01ff85c294945c8138a8326bbe68c7055b3604d1,2026-09-08T00:41:13.634512Z,2026-09-08T00:45:29.528578Z,24.7462,67,ack
20260908T004113Z_p4-chaos-dead,cockroachdb,chaos-dead,thesis,01ff85c294945c8138a8326bbe68c7055b3604d1,2026-09-08T00:41:13.634512Z,2026-09-08T00:45:29.528578Z,25.0959,68,ack
20260908T004113Z_p4-chaos-dead,cockroachdb,chaos-dead,thesis,01ff85c294945c8138a8326bbe68c7055b3604d1,2026-09-08T00:41:13.634512Z,2026-09-08T00:45:29.528578Z,25.4454,69,ack
20260908T004113Z_p4-chaos-dead,cockroachdb,chaos-dead,thesis,01ff85c294945c8138a8326bbe68c7055b3604d1,2026-09-08T00:41:13.634512Z,2026-09-08T00:45:29.528578Z,25.7921,70,ack
20260908T004113Z_p4-chaos-dead,cockroachdb,chaos-dead,thesis,01ff85c294945c8138a8326bbe68c7055b3604d1,2026-09-08T00:41:13.634512Z,2026-09-08T00:45:29.528578Z,26.1393,71,ack
20260908T004113Z_p4-chaos-dead,cockroachdb,chaos-dead,thesis,01ff85c294945c8138a8326bbe68c7055b3604d1,2026-09-08T00:41:13.634512Z,2026-09-08T00:45:29.528578Z,26.4812,72,ack
20260908T004113Z_p4-chaos-dead,cockroachdb,chaos-dead,thesis,01ff85c294945c8138a8326bbe68c7055b3604d1,2026-09-08T00:41:13.634512Z,2026-09-08T00:45:29.528578Z,26.8512,73,ack
20260908T004113Z_p4-chaos-dead,cockroachdb,chaos-dead,thesis,01ff85c294945c8138a8326bbe68c7055b3604d1,2026-09-08T00:41:13.634512Z,2026-09-08T00:45:29.528578Z,27.2021,74,ack
20260908T004113Z_p4-chaos-dead,cockroachdb,chaos-dead,thesis,01ff85c294945c8138a8326bbe68c7055b3604d1,2026-09-08T00:41:13.634512Z,2026-09-08T00:45:29.528578Z,27.5505,75,ack
20260908T004113Z_p4-chaos-dead,cockroachdb,chaos-dead,thesis,01ff85c294945c8138a8326bbe68c7055b3604d1,2026-09-08T00:41:13.634512Z,2026-09-08T00:45:29.528578Z,27.8976,76,ack
20260908T004113Z_p4-chaos-dead,cockroachdb,chaos-dead,thesis,01ff85c294945c8138a8326bbe68c7055b3604d1,2026-09-08T00:41:13.634512Z,2026-09-08T00:45:29.528578Z,28.2625,77,ack
20260908T004113Z_p4-chaos-dead,cockroachdb,chaos-dead,thesis,01ff85c294945c8138a8326bbe68c7055b3604d1,2026-09-08T00:41:13.634512Z,2026-09-08T00:45:29.528578Z,28.6106,78,ack
20260908T004113Z_p4-chaos-dead,cockroachdb,chaos-dead,thesis,01ff85c294945c8138a8326bbe68c7055b3604d1,2026-09-08T00:41:13.634512Z,2026-09-08T00:45:29.528578Z,28.9555,79,ack
20260908T004113Z_p4-chaos-dead,cockroachdb,chaos-dead,thesis,01ff85c294945c8138a8326bbe68c7055b3604d1,2026-09-08T00:41:13.634512Z,2026-09-08T00:45:29.528578Z,29.3012,80,ack
20260908T004113Z_p4-chaos-dead,cockroachdb,chaos-dead,thesis,01ff85c294945c8138a8326bbe68c7055b3604d1,2026-09-08T00:41:13.634512Z,2026-09-08T00:45:29.528578Z,29.6518,81,ack
20260908T004113Z_p4-chaos-dead,cockroachdb,chaos-dead,thesis,01ff85c294945c8138a8326bbe68c7055b3604d1,2026-09-08T00:41:13.634512Z,2026-09-08T00:45:29.528578Z,30.0014,82,ack
20260908T004113Z_p4-chaos-dead,cockroachdb,chaos-dead,thesis,01ff85c294945c8138a8326bbe68c7055b3604d1,2026-09-08T00:41:13.634512Z,2026-09-08T00:45:29.528578Z,30.3406,83,ack
20260908T004113Z_p4-chaos-dead,cockroachdb,chaos-dead,thesis,01ff85c294945c8138a8326bbe68c7055b3604d1,2026-09-08T00:41:13.634512Z,2026-09-08T00:45:29.528578Z,30.6859,84,ack
20260908T004113Z_p4-chaos-dead,cockroachdb,chaos-dead,thesis,01ff85c294945c8138a8326bbe68c7055b3604d1,2026-09-08T00:41:13.634512Z,2026-09-08T00:45:29.528578Z,31.0359,85,ack
20260908T004113Z_p4-chaos-dead,cockroachdb,chaos-dead,thesis,01ff85c294945c8138a8326bbe68c7055b3604d1,2026-09-08T00:41:13.634512Z,2026-09-08T00:45:29.528578Z,31.3813,86,ack
20260908T004113Z_p4-chaos-dead,cockroachdb,chaos-dead,thesis,01ff85c294945c8138a8326bbe68c7055b3604d1,2026-09-08T00:41:13.634512Z,2026-09-08T00:45:29.528578Z,31.7318,87,ack
20260908T004113Z_p4-chaos-dead,cockroachdb,chaos-dead,thesis,01ff85c294945c8138a8326bbe68c7055b3604d1,2026-09-08T00:41:13.634512Z,2026-09-08T00:45:29.528578Z,32.0916,88,ack
20260908T004113Z_p4-chaos-dead,cockroachdb,chaos-dead,thesis,01ff85c294945c8138a8326bbe68c7055b3604d1,2026-09-08T00:41:13.634512Z,2026-09-08T00:45:29.528578Z,32.4417,89,ack
20260908T004113Z_p4-chaos-dead,cockroachdb,chaos-dead,thesis,01ff85c294945c8138a8326bbe68c7055b3604d1,2026-09-08T00:41:13.634512Z,2026-09-08T00:45:29.528578Z,32.7915,90,ack
20260908T004113Z_p4-chaos-dead,cockroachdb,chaos-dead,thesis,01ff85c294945c8138a8326bbe68c7055b3604d1,2026-09-08T00:41:13.634512Z,2026-09-08T00:45:29.528578Z,33.1409,91,ack
20260908T004113Z_p4-chaos-dead,cockroachdb,chaos-dead,thesis,01ff85c294945c8138a8326bbe68c7055b3604d1,2026-09-08T00:41:13.634512Z,2026-09-08T00:45:29.528578Z,33.4856,92,ack
20260908T004113Z_p4-chaos-dead,cockroachdb,chaos-dead,thesis,01ff85c294945c8138a8326bbe68c7055b3604d1,2026-09-08T00:41:13.634512Z,2026-09-08T00:45:29.528578Z,33.8246,93,ack
20260908T004113Z_p4-chaos-dead,cockroachdb,chaos-dead,thesis,01ff85c294945c8138a8326bbe68c7055b3604d1,2026-09-08T00:41:13.634512Z,2026-09-08T00:45:29.528578Z,34.1709,94,ack
20260908T004113Z_p4-chaos-dead,cockroachdb,chaos-dead,thesis,01ff85c294945c8138a8326bbe68c7055b3604d1,2026-09-08T00:41:13.634512Z,2026-09-08T00:45:29.528578Z,34.5259,95,ack
20260908T004113Z_p4-chaos-dead,cockroachdb,chaos-dead,thesis,01ff85c294945c8138a8326bbe68c7055b3604d1,2026-09-08T00:41:13.634512Z,2026-09-08T00:45:29.528578Z,34.8814,96,ack
20260908T004113Z_p4-chaos-dead,cockroachdb,chaos-dead,thesis,01ff85c294945c8138a8326bbe68c7055b3604d1,2026-09-08T00:41:13.634512Z,2026-09-08T00:45:29.528578Z,35.2317,97,ack
20260908T004113Z_p4-chaos-dead,cockroachdb,chaos-dead,thesis,01ff85c294945c8138a8326bbe68c7055b3604d1,2026-09-08T00:41:13.634512Z,2026-09-08T00:45:29.528578Z,35.5809,98,ack
20260908T004113Z_p4-chaos-dead,cockroachdb,chaos-dead,thesis,01ff85c294945c8138a8326bbe68c7055b3604d1,2026-09-08T00:41:13.634512Z,2026-09-08T00:45:29.528578Z,35.9322,99,ack
20260908T004113Z_p4-chaos-dead,cockroachdb,chaos-dead,thesis,01ff85c294945c8138a8326bbe68c7055b3604d1,2026-09-08T00:41:13.634512Z,2026-09-08T00:45:29.528578Z,36.2923,100,ack
20260908T004113Z_p4-chaos-dead,cockroachdb,chaos-dead,thesis,01ff85c294945c8138a8326bbe68c7055b3604d1,2026-09-08T00:41:13.634512Z,2026-09-08T00:45:29.528578Z,36.6518,101,ack
20260908T004113Z_p4-chaos-dead,cockroachdb,chaos-dead,thesis,01ff85c294945c8138a8326bbe68c7055b3604d1,2026-09-08T00:41:13.634512Z,2026-09-08T00:45:29.528578Z,37.0003,102,ack
20260908T004113Z_p4-chaos-dead,cockroachdb,chaos-dead,thesis,01ff85c294945c8138a8326bbe68c7055b3604d1,2026-09-08T00:41:13.634512Z,2026-09-08T00:45:29.528578Z,37.3519,103,ack
20260908T004113Z_p4-chaos-dead,cockroachdb,chaos-dead,thesis,01ff85c294945c8138a8326bbe68c7055b3604d1,2026-09-08T00:41:13.634512Z,2026-09-08T00:45:29.528578Z,37.7219,104,ack
20260908T004113Z_p4-chaos-dead,cockroachdb,chaos-dead,thesis,01ff85c294945c8138a8326bbe68c7055b3604d1,2026-09-08T00:41:13.634512Z,2026-09-08T00:45:29.528578Z,38.0716,105,ack
20260908T004113Z_p4-chaos-dead,cockroachdb,chaos-dead,thesis,01ff85c294945c8138a8326bbe68c7055b3604d1,2026-09-08T00:41:13.634512Z,2026-09-08T00:45:29.528578Z,38.4203,106,ack
20260908T004113Z_p4-chaos-dead,cockroachdb,chaos-dead,thesis,01ff85c294945c8138a8326bbe68c7055b3604d1,2026-09-08T00:41:13.634512Z,2026-09-08T00:45:29.528578Z,38.7668,107,ack
20260908T004113Z_p4-chaos-dead,cockroachdb,chaos-dead,thesis,01ff85c294945c8138a8326bbe68c7055b3604d1,2026-09-08T00:41:13.634512Z,2026-09-08T00:45:29.528578Z,39.1232,108,ack
20260908T004113Z_p4-chaos-dead,cockroachdb,chaos-dead,thesis,01ff85c294945c8138a8326bbe68c7055b3604d1,2026-09-08T00:41:13.634512Z,2026-09-08T00:45:29.528578Z,39.4782,109,ack
20260908T004113Z_p4-chaos-dead,cockroachdb,chaos-dead,thesis,01ff85c294945c8138a8326bbe68c7055b3604d1,2026-09-08T00:41:13.634512Z,2026-09-08T00:45:29.528578Z,39.8377,110,ack
20260908T004113Z_p4-chaos-dead,cockroachdb,chaos-dead,thesis,01ff85c294945c8138a8326bbe68c7055b3604d1,2026-09-08T00:41:13.634512Z,2026-09-08T00:45:29.528578Z,40.1921,111,ack
20260908T004113Z_p4-chaos-dead,cockroachdb,chaos-dead,thesis,01ff85c294945c8138a8326bbe68c7055b3604d1,2026-09-08T00:41:13.634512Z,2026-09-08T00:45:29.528578Z,40.5387,112,ack
20260908T004113Z_p4-chaos-dead,cockroachdb,chaos-dead,thesis,01ff85c294945c8138a8326bbe68c7055b3604d1,2026-09-08T00:41:13.634512Z,2026-09-08T00:45:29.528578Z,40.8868,113,ack
20260908T004113Z_p4-chaos-dead,cockroachdb,chaos-dead,thesis,01ff85c294945c8138a8326bbe68c7055b3604d1,2026-09-08T00:41:13.634512Z,2026-09-08T00:45:29.528578Z,41.2367,114,ack
20260908T004113Z_p4-chaos-dead,cockroachdb,chaos-dead,thesis,01ff85c294945c8138a8326bbe68c7055b3604d1,2026-09-08T00:41:13.634512Z,2026-09-08T00:45:29.528578Z,41.5862,115,ack
20260908T004113Z_p4-chaos-dead,cockroachdb,chaos-dead,thesis,01ff85c294945c8138a8326bbe68c7055b3604d1,2026-09-08T00:41:13.634512Z,2026-09-08T00:45:29.528578Z,41.9422,116,ack
20260908T004113Z_p4-chaos-dead,cockroachdb,chaos-dead,thesis,01ff85c294945c8138a8326bbe68c7055b3604d1,2026-09-08T00:41:13.634512Z,2026-09-08T00:45:29.528578Z,42.3018,117,ack
20260908T004113Z_p4-chaos-dead,cockroachdb,chaos-dead,thesis,01ff85c294945c8138a8326bbe68c7055b3604d1,2026-09-08T00:41:13.634512Z,2026-09-08T00:45:29.528578Z,42.6629,118,ack
20260908T004113Z_p4-chaos-dead,cockroachdb,chaos-dead,thesis,01ff85c294945c8138a8326bbe68c7055b3604d1,2026-09-08T00:41:13.634512Z,2026-09-08T00:45:29.528578Z,43.0162,119,ack
20260908T004113Z_p4-chaos-dead,cockroachdb,chaos-dead,thesis,01ff85c294945c8138a8326bbe68c7055b3604d1,2026-09-08T00:41:13.634512Z,2026-09-08T00:45:29.528578Z,43.3657,120,ack
20260908T004113Z_p4-chaos-dead,cockroachdb,chaos-dead,thesis,01ff85c294945c8138a8326bbe68c7055b3604d1,2026-09-08T00:41:13.634512Z,2026-09-08T00:45:29.528578Z,43.711,121,ack
20260908T004113Z_p4-chaos-dead,cockroachdb,chaos-dead,thesis,01ff85c294945c8138a8326bbe68c7055b3604d1,2026-09-08T00:41:13.634512Z,2026-09-08T00:45:29.528578Z,44.0656,122,ack
20260908T004113Z_p4-chaos-dead,cockroachdb,chaos-dead,thesis,01ff85c294945c8138a8326bbe68c7055b3604d1,2026-09-08T00:41:13.634512Z,2026-09-08T00:45:29.528578Z,44.4211,123,ack
20260908T004113Z_p4-chaos-dead,cockroachdb,chaos-dead,thesis,01ff85c294945c8138a8326bbe68c7055b3604d1,2026-09-08T00:41:13.634512Z,2026-09-08T00:45:29.528578Z,44.7713,124,ack
20260908T004113Z_p4-chaos-dead,cockroachdb,chaos-dead,thesis,01ff85c294945c8138a8326bbe68c7055b3604d1,2026-09-08T00:41:13.634512Z,2026-09-08T00:45:29.528578Z,45.1277,125,ack
20260908T004113Z_p4-chaos-dead,cockroachdb,chaos-dead,thesis,01ff85c294945c8138a8326bbe68c7055b3604d1,2026-09-08T00:41:13.634512Z,2026-09-08T00:45:29.528578Z,45.4816,126,ack
20260908T004113Z_p4-chaos-dead,cockroachdb,chaos-dead,thesis,01ff85c294945c8138a8326bbe68c7055b3604d1,2026-09-08T00:41:13.634512Z,2026-09-08T00:45:29.528578Z,45.8371,127,ack
20260908T004113Z_p4-chaos-dead,cockroachdb,chaos-dead,thesis,01ff85c294945c8138a8326bbe68c7055b3604d1,2026-09-08T00:41:13.634512Z,2026-09-08T00:45:29.528578Z,46.1866,128,ack
20260908T004113Z_p4-chaos-dead,cockroachdb,chaos-dead,thesis,01ff85c294945c8138a8326bbe68c7055b3604d1,2026-09-08T00:41:13.634512Z,2026-09-08T00:45:29.528578Z,46.5405,129,ack
20260908T004113Z_p4-chaos-dead,cockroachdb,chaos-dead,thesis,01ff85c294945c8138a8326bbe68c7055b3604d1,2026-09-08T00:41:13.634512Z,2026-09-08T00:45:29.528578Z,46.8855,130,ack
20260908T004113Z_p4-chaos-dead,cockroachdb,chaos-dead,thesis,01ff85c294945c8138a8326bbe68c7055b3604d1,2026-09-08T00:41:13.634512Z,2026-09-08T00:45:29.528578Z,47.231,131,ack
20260908T004113Z_p4-chaos-dead,cockroachdb,chaos-dead,thesis,01ff85c294945c8138a8326bbe68c7055b3604d1,2026-09-08T00:41:13.634512Z,2026-09-08T00:45:29.528578Z,47.5868,132,ack
20260908T004113Z_p4-chaos-dead,cockroachdb,chaos-dead,thesis,01ff85c294945c8138a8326bbe68c7055b3604d1,2026-09-08T00:41:13.634512Z,2026-09-08T00:45:29.528578Z,47.9356,133,ack
20260908T004113Z_p4-chaos-dead,cockroachdb,chaos-dead,thesis,01ff85c294945c8138a8326bbe68c7055b3604d1,2026-09-08T00:41:13.634512Z,2026-09-08T00:45:29.528578Z,48.2876,134,ack
20260908T004113Z_p4-chaos-dead,cockroachdb,chaos-dead,thesis,01ff85c294945c8138a8326bbe68c7055b3604d1,2026-09-08T00:41:13.634512Z,2026-09-08T00:45:29.528578Z,48.6368,135,ack
20260908T004113Z_p4-chaos-dead,cockroachdb,chaos-dead,thesis,01ff85c294945c8138a8326bbe68c7055b3604d1,2026-09-08T00:41:13.634512Z,2026-09-08T00:45:29.528578Z,48.9814,136,ack
20260908T004113Z_p4-chaos-dead,cockroachdb,chaos-dead,thesis,01ff85c294945c8138a8326bbe68c7055b3604d1,2026-09-08T00:41:13.634512Z,2026-09-08T00:45:29.528578Z,49.3383,137,ack
20260908T004113Z_p4-chaos-dead,cockroachdb,chaos-dead,thesis,01ff85c294945c8138a8326bbe68c7055b3604d1,2026-09-08T00:41:13.634512Z,2026-09-08T00:45:29.528578Z,49.676,138,ack
20260908T004113Z_p4-chaos-dead,cockroachdb,chaos-dead,thesis,01ff85c294945c8138a8326bbe68c7055b3604d1,2026-09-08T00:41:13.634512Z,2026-09-08T00:45:29.528578Z,50.0261,139,ack
20260908T004113Z_p4-chaos-dead,cockroachdb,chaos-dead,thesis,01ff85c294945c8138a8326bbe68c7055b3604d1,2026-09-08T00:41:13.634512Z,2026-09-08T00:45:29.528578Z,50.3756,140,ack
20260908T004113Z_p4-chaos-dead,cockroachdb,chaos-dead,thesis,01ff85c294945c8138a8326bbe68c7055b3604d1,2026-09-08T00:41:13.634512Z,2026-09-08T00:45:29.528578Z,50.716,141,ack
20260908T004113Z_p4-chaos-dead,cockroachdb,chaos-dead,thesis,01ff85c294945c8138a8326bbe68c7055b3604d1,2026-09-08T00:41:13.634512Z,2026-09-08T00:45:29.528578Z,51.0723,142,ack
20260908T004113Z_p4-chaos-dead,cockroachdb,chaos-dead,thesis,01ff85c294945c8138a8326bbe68c7055b3604d1,2026-09-08T00:41:13.634512Z,2026-09-08T00:45:29.528578Z,51.4206,143,ack
20260908T004113Z_p4-chaos-dead,cockroachdb,chaos-dead,thesis,01ff85c294945c8138a8326bbe68c7055b3604d1,2026-09-08T00:41:13.634512Z,2026-09-08T00:45:29.528578Z,51.7661,144,ack
20260908T004113Z_p4-chaos-dead,cockroachdb,chaos-dead,thesis,01ff85c294945c8138a8326bbe68c7055b3604d1,2026-09-08T00:41:13.634512Z,2026-09-08T00:45:29.528578Z,52.1113,145,ack
20260908T004113Z_p4-chaos-dead,cockroachdb,chaos-dead,thesis,01ff85c294945c8138a8326bbe68c7055b3604d1,2026-09-08T00:41:13.634512Z,2026-09-08T00:45:29.528578Z,52.4568,146,ack
20260908T004113Z_p4-chaos-dead,cockroachdb,chaos-dead,thesis,01ff85c294945c8138a8326bbe68c7055b3604d1,2026-09-08T00:41:13.634512Z,2026-09-08T00:45:29.528578Z,52.8121,147,ack
20260908T004113Z_p4-chaos-dead,cockroachdb,chaos-dead,thesis,01ff85c294945c8138a8326bbe68c7055b3604d1,2026-09-08T00:41:13.634512Z,2026-09-08T00:45:29.528578Z,53.1505,148,ack
20260908T004113Z_p4-chaos-dead,cockroachdb,chaos-dead,thesis,01ff85c294945c8138a8326bbe68c7055b3604d1,2026-09-08T00:41:13.634512Z,2026-09-08T00:45:29.528578Z,53.5075,149,ack
20260908T004113Z_p4-chaos-dead,cockroachdb,chaos-dead,thesis,01ff85c294945c8138a8326bbe68c7055b3604d1,2026-09-08T00:41:13.634512Z,2026-09-08T00:45:29.528578Z,53.8557,150,ack
20260908T004113Z_p4-chaos-dead,cockroachdb,chaos-dead,thesis,01ff85c294945c8138a8326bbe68c7055b3604d1,2026-09-08T00:41:13.634512Z,2026-09-08T00:45:29.528578Z,54.2067,151,ack
20260908T004113Z_p4-chaos-dead,cockroachdb,chaos-dead,thesis,01ff85c294945c8138a8326bbe68c7055b3604d1,2026-09-08T00:41:13.634512Z,2026-09-08T00:45:29.528578Z,54.5565,152,ack
20260908T004113Z_p4-chaos-dead,cockroachdb,chaos-dead,thesis,01ff85c294945c8138a8326bbe68c7055b3604d1,2026-09-08T00:41:13.634512Z,2026-09-08T00:45:29.528578Z,54.9119,153,ack
20260908T004113Z_p4-chaos-dead,cockroachdb,chaos-dead,thesis,01ff85c294945c8138a8326bbe68c7055b3604d1,2026-09-08T00:41:13.634512Z,2026-09-08T00:45:29.528578Z,55.2823,154,ack
20260908T004113Z_p4-chaos-dead,cockroachdb,chaos-dead,thesis,01ff85c294945c8138a8326bbe68c7055b3604d1,2026-09-08T00:41:13.634512Z,2026-09-08T00:45:29.528578Z,55.6407,155,ack
20260908T004113Z_p4-chaos-dead,cockroachdb,chaos-dead,thesis,01ff85c294945c8138a8326bbe68c7055b3604d1,2026-09-08T00:41:13.634512Z,2026-09-08T00:45:29.528578Z,55.9858,156,ack
20260908T004113Z_p4-chaos-dead,cockroachdb,chaos-dead,thesis,01ff85c294945c8138a8326bbe68c7055b3604d1,2026-09-08T00:41:13.634512Z,2026-09-08T00:45:29.528578Z,56.3347,157,ack
20260908T004113Z_p4-chaos-dead,cockroachdb,chaos-dead,thesis,01ff85c294945c8138a8326bbe68c7055b3604d1,2026-09-08T00:41:13.634512Z,2026-09-08T00:45:29.528578Z,56.7782,158,ack
20260908T004113Z_p4-chaos-dead,cockroachdb,chaos-dead,thesis,01ff85c294945c8138a8326bbe68c7055b3604d1,2026-09-08T00:41:13.634512Z,2026-09-08T00:45:29.528578Z,57.1266,159,ack
20260908T004113Z_p4-chaos-dead,cockroachdb,chaos-dead,thesis,01ff85c294945c8138a8326bbe68c7055b3604d1,2026-09-08T00:41:13.634512Z,2026-09-08T00:45:29.528578Z,57.4761,160,ack
20260908T004113Z_p4-chaos-dead,cockroachdb,chaos-dead,thesis,01ff85c294945c8138a8326bbe68c7055b3604d1,2026-09-08T00:41:13.634512Z,2026-09-08T00:45:29.528578Z,57.826,161,ack
20260908T004113Z_p4-chaos-dead,cockroachdb,chaos-dead,thesis,01ff85c294945c8138a8326bbe68c7055b3604d1,2026-09-08T00:41:13.634512Z,2026-09-08T00:45:29.528578Z,58.1703,162,ack
20260908T004113Z_p4-chaos-dead,cockroachdb,chaos-dead,thesis,01ff85c294945c8138a8326bbe68c7055b3604d1,2026-09-08T00:41:13.634512Z,2026-09-08T00:45:29.528578Z,58.5217,163,ack
20260908T004113Z_p4-chaos-dead,cockroachdb,chaos-dead,thesis,01ff85c294945c8138a8326bbe68c7055b3604d1,2026-09-08T00:41:13.634512Z,2026-09-08T00:45:29.528578Z,58.8722,164,ack
20260908T004113Z_p4-chaos-dead,cockroachdb,chaos-dead,thesis,01ff85c294945c8138a8326bbe68c7055b3604d1,2026-09-08T00:41:13.634512Z,2026-09-08T00:45:29.528578Z,59.2162,165,ack
20260908T004113Z_p4-chaos-dead,cockroachdb,chaos-dead,thesis,01ff85c294945c8138a8326bbe68c7055b3604d1,2026-09-08T00:41:13.634512Z,2026-09-08T00:45:29.528578Z,59.5657,166,ack
20260908T004113Z_p4-chaos-dead,cockroachdb,chaos-dead,thesis,01ff85c294945c8138a8326bbe68c7055b3604d1,2026-09-08T00:41:13.634512Z,2026-09-08T00:45:29.528578Z,59.9164,167,ack
20260908T004113Z_p4-chaos-dead,cockroachdb,chaos-dead,thesis,01ff85c294945c8138a8326bbe68c7055b3604d1,2026-09-08T00:41:13.634512Z,2026-09-08T00:45:29.528578Z,60.2609,168,ack
20260908T004113Z_p4-chaos-dead,cockroachdb,chaos-dead,thesis,01ff85c294945c8138a8326bbe68c7055b3604d1,2026-09-08T00:41:13.634512Z,2026-09-08T00:45:29.528578Z,60.6114,169,ack
20260908T004113Z_p4-chaos-dead,cockroachdb,chaos-dead,thesis,01ff85c294945c8138a8326bbe68c7055b3604d1,2026-09-08T00:41:13.634512Z,2026-09-08T00:45:29.528578Z,60.9695,170,ack
20260908T004113Z_p4-chaos-dead,cockroachdb,chaos-dead,thesis,01ff85c294945c8138a8326bbe68c7055b3604d1,2026-09-08T00:41:13.634512Z,2026-09-08T00:45:29.528578Z,61.3312,171,ack
20260908T004113Z_p4-chaos-dead,cockroachdb,chaos-dead,thesis,01ff85c294945c8138a8326bbe68c7055b3604d1,2026-09-08T00:41:13.634512Z,2026-09-08T00:45:29.528578Z,61.6784,172,ack
20260908T004113Z_p4-chaos-dead,cockroachdb,chaos-dead,thesis,01ff85c294945c8138a8326bbe68c7055b3604d1,2026-09-08T00:41:13.634512Z,2026-09-08T00:45:29.528578Z,62.0361,173,ack
20260908T004113Z_p4-chaos-dead,cockroachdb,chaos-dead,thesis,01ff85c294945c8138a8326bbe68c7055b3604d1,2026-09-08T00:41:13.634512Z,2026-09-08T00:45:29.528578Z,62.3767,174,ack
20260908T004113Z_p4-chaos-dead,cockroachdb,chaos-dead,thesis,01ff85c294945c8138a8326bbe68c7055b3604d1,2026-09-08T00:41:13.634512Z,2026-09-08T00:45:29.528578Z,62.721,175,ack
20260908T004113Z_p4-chaos-dead,cockroachdb,chaos-dead,thesis,01ff85c294945c8138a8326bbe68c7055b3604d1,2026-09-08T00:41:13.634512Z,2026-09-08T00:45:29.528578Z,63.0756,176,ack
20260908T004113Z_p4-chaos-dead,cockroachdb,chaos-dead,thesis,01ff85c294945c8138a8326bbe68c7055b3604d1,2026-09-08T00:41:13.634512Z,2026-09-08T00:45:29.528578Z,63.4267,177,ack
20260908T004113Z_p4-chaos-dead,cockroachdb,chaos-dead,thesis,01ff85c294945c8138a8326bbe68c7055b3604d1,2026-09-08T00:41:13.634512Z,2026-09-08T00:45:29.528578Z,63.7766,178,ack
20260908T004113Z_p4-chaos-dead,cockroachdb,chaos-dead,thesis,01ff85c294945c8138a8326bbe68c7055b3604d1,2026-09-08T00:41:13.634512Z,2026-09-08T00:45:29.528578Z,64.1266,179,ack
20260908T004113Z_p4-chaos-dead,cockroachdb,chaos-dead,thesis,01ff85c294945c8138a8326bbe68c7055b3604d1,2026-09-08T00:41:13.634512Z,2026-09-08T00:45:29.528578Z,64.4764,180,ack
20260908T004113Z_p4-chaos-dead,cockroachdb,chaos-dead,thesis,01ff85c294945c8138a8326bbe68c7055b3604d1,2026-09-08T00:41:13.634512Z,2026-09-08T00:45:29.528578Z,64.826,181,ack
20260908T004113Z_p4-chaos-dead,cockroachdb,chaos-dead,thesis,01ff85c294945c8138a8326bbe68c7055b3604d1,2026-09-08T00:41:13.634512Z,2026-09-08T00:45:29.528578Z,65.1765,182,ack
20260908T004113Z_p4-chaos-dead,cockroachdb,chaos-dead,thesis,01ff85c294945c8138a8326bbe68c7055b3604d1,2026-09-08T00:41:13.634512Z,2026-09-08T00:45:29.528578Z,65.5277,183,ack
20260908T004113Z_p4-chaos-dead,cockroachdb,chaos-dead,thesis,01ff85c294945c8138a8326bbe68c7055b3604d1,2026-09-08T00:41:13.634512Z,2026-09-08T00:45:29.528578Z,65.8842,184,ack
20260908T004113Z_p4-chaos-dead,cockroachdb,chaos-dead,thesis,01ff85c294945c8138a8326bbe68c7055b3604d1,2026-09-08T00:41:13.634512Z,2026-09-08T00:45:29.528578Z,66.2321,185,ack
20260908T004113Z_p4-chaos-dead,cockroachdb,chaos-dead,thesis,01ff85c294945c8138a8326bbe68c7055b3604d1,2026-09-08T00:41:13.634512Z,2026-09-08T00:45:29.528578Z,66.5836,186,ack
20260908T004113Z_p4-chaos-dead,cockroachdb,chaos-dead,thesis,01ff85c294945c8138a8326bbe68c7055b3604d1,2026-09-08T00:41:13.634512Z,2026-09-08T00:45:29.528578Z,66.9994,187,ack
20260908T004113Z_p4-chaos-dead,cockroachdb,chaos-dead,thesis,01ff85c294945c8138a8326bbe68c7055b3604d1,2026-09-08T00:41:13.634512Z,2026-09-08T00:45:29.528578Z,67.3466,188,ack
20260908T004113Z_p4-chaos-dead,cockroachdb,chaos-dead,thesis,01ff85c294945c8138a8326bbe68c7055b3604d1,2026-09-08T00:41:13.634512Z,2026-09-08T00:45:29.528578Z,67.6963,189,ack
20260908T004113Z_p4-chaos-dead,cockroachdb,chaos-dead,thesis,01ff85c294945c8138a8326bbe68c7055b3604d1,2026-09-08T00:41:13.634512Z,2026-09-08T00:45:29.528578Z,68.0464,190,ack
20260908T004113Z_p4-chaos-dead,cockroachdb,chaos-dead,thesis,01ff85c294945c8138a8326bbe68c7055b3604d1,2026-09-08T00:41:13.634512Z,2026-09-08T00:45:29.528578Z,68.3965,191,ack
20260908T004113Z_p4-chaos-dead,cockroachdb,chaos-dead,thesis,01ff85c294945c8138a8326bbe68c7055b3604d1,2026-09-08T00:41:13.634512Z,2026-09-08T00:45:29.528578Z,68.7468,192,ack
20260908T004113Z_p4-chaos-dead,cockroachdb,chaos-dead,thesis,01ff85c294945c8138a8326bbe68c7055b3604d1,2026-09-08T00:41:13.634512Z,2026-09-08T00:45:29.528578Z,69.0964,193,ack
20260908T004113Z_p4-chaos-dead,cockroachdb,chaos-dead,thesis,01ff85c294945c8138a8326bbe68c7055b3604d1,2026-09-08T00:41:13.634512Z,2026-09-08T00:45:29.528578Z,69.4418,194,ack
20260908T004113Z_p4-chaos-dead,cockroachdb,chaos-dead,thesis,01ff85c294945c8138a8326bbe68c7055b3604d1,2026-09-08T00:41:13.634512Z,2026-09-08T00:45:29.528578Z,69.803,195,ack
20260908T004113Z_p4-chaos-dead,cockroachdb,chaos-dead,thesis,01ff85c294945c8138a8326bbe68c7055b3604d1,2026-09-08T00:41:13.634512Z,2026-09-08T00:45:29.528578Z,70.1532,196,ack
20260908T004113Z_p4-chaos-dead,cockroachdb,chaos-dead,thesis,01ff85c294945c8138a8326bbe68c7055b3604d1,2026-09-08T00:41:13.634512Z,2026-09-08T00:45:29.528578Z,70.5466,197,ack
20260908T004113Z_p4-chaos-dead,cockroachdb,chaos-dead,thesis,01ff85c294945c8138a8326bbe68c7055b3604d1,2026-09-08T00:41:13.634512Z,2026-09-08T00:45:29.528578Z,70.9221,198,ack
20260908T004113Z_p4-chaos-dead,cockroachdb,chaos-dead,thesis,01ff85c294945c8138a8326bbe68c7055b3604d1,2026-09-08T00:41:13.634512Z,2026-09-08T00:45:29.528578Z,71.2909,199,ack
20260908T004113Z_p4-chaos-dead,cockroachdb,chaos-dead,thesis,01ff85c294945c8138a8326bbe68c7055b3604d1,2026-09-08T00:41:13.634512Z,2026-09-08T00:45:29.528578Z,71.6966,200,ack
20260908T004113Z_p4-chaos-dead,cockroachdb,chaos-dead,thesis,01ff85c294945c8138a8326bbe68c7055b3604d1,2026-09-08T00:41:13.634512Z,2026-09-08T00:45:29.528578Z,72.1225,201,ack
20260908T004113Z_p4-chaos-dead,cockroachdb,chaos-dead,thesis,01ff85c294945c8138a8326bbe68c7055b3604d1,2026-09-08T00:41:13.634512Z,2026-09-08T00:45:29.528578Z,72.4823,202,ack
20260908T004113Z_p4-chaos-dead,cockroachdb,chaos-dead,thesis,01ff85c294945c8138a8326bbe68c7055b3604d1,2026-09-08T00:41:13.634512Z,2026-09-08T00:45:29.528578Z,72.8608,203,ack
20260908T004113Z_p4-chaos-dead,cockroachdb,chaos-dead,thesis,01ff85c294945c8138a8326bbe68c7055b3604d1,2026-09-08T00:41:13.634512Z,2026-09-08T00:45:29.528578Z,73.2325,204,ack
20260908T004113Z_p4-chaos-dead,cockroachdb,chaos-dead,thesis,01ff85c294945c8138a8326bbe68c7055b3604d1,2026-09-08T00:41:13.634512Z,2026-09-08T00:45:29.528578Z,73.6171,205,ack
20260908T004113Z_p4-chaos-dead,cockroachdb,chaos-dead,thesis,01ff85c294945c8138a8326bbe68c7055b3604d1,2026-09-08T00:41:13.634512Z,2026-09-08T00:45:29.528578Z,73.9665,206,ack
20260908T004113Z_p4-chaos-dead,cockroachdb,chaos-dead,thesis,01ff85c294945c8138a8326bbe68c7055b3604d1,2026-09-08T00:41:13.634512Z,2026-09-08T00:45:29.528578Z,74.3142,207,ack
20260908T004113Z_p4-chaos-dead,cockroachdb,chaos-dead,thesis,01ff85c294945c8138a8326bbe68c7055b3604d1,2026-09-08T00:41:13.634512Z,2026-09-08T00:45:29.528578Z,74.673,208,ack
20260908T004113Z_p4-chaos-dead,cockroachdb,chaos-dead,thesis,01ff85c294945c8138a8326bbe68c7055b3604d1,2026-09-08T00:41:13.634512Z,2026-09-08T00:45:29.528578Z,75.0519,209,ack
20260908T004113Z_p4-chaos-dead,cockroachdb,chaos-dead,thesis,01ff85c294945c8138a8326bbe68c7055b3604d1,2026-09-08T00:41:13.634512Z,2026-09-08T00:45:29.528578Z,75.41,210,ack
20260908T004113Z_p4-chaos-dead,cockroachdb,chaos-dead,thesis,01ff85c294945c8138a8326bbe68c7055b3604d1,2026-09-08T00:41:13.634512Z,2026-09-08T00:45:29.528578Z,75.7589,211,ack
20260908T004113Z_p4-chaos-dead,cockroachdb,chaos-dead,thesis,01ff85c294945c8138a8326bbe68c7055b3604d1,2026-09-08T00:41:13.634512Z,2026-09-08T00:45:29.528578Z,76.1116,212,ack
20260908T004113Z_p4-chaos-dead,cockroachdb,chaos-dead,thesis,01ff85c294945c8138a8326bbe68c7055b3604d1,2026-09-08T00:41:13.634512Z,2026-09-08T00:45:29.528578Z,76.4684,213,ack
20260908T004113Z_p4-chaos-dead,cockroachdb,chaos-dead,thesis,01ff85c294945c8138a8326bbe68c7055b3604d1,2026-09-08T00:41:13.634512Z,2026-09-08T00:45:29.528578Z,76.828,214,ack
20260908T004113Z_p4-chaos-dead,cockroachdb,chaos-dead,thesis,01ff85c294945c8138a8326bbe68c7055b3604d1,2026-09-08T00:41:13.634512Z,2026-09-08T00:45:29.528578Z,77.2079,215,ack
20260908T004113Z_p4-chaos-dead,cockroachdb,chaos-dead,thesis,01ff85c294945c8138a8326bbe68c7055b3604d1,2026-09-08T00:41:13.634512Z,2026-09-08T00:45:29.528578Z,77.561,216,ack
20260908T004113Z_p4-chaos-dead,cockroachdb,chaos-dead,thesis,01ff85c294945c8138a8326bbe68c7055b3604d1,2026-09-08T00:41:13.634512Z,2026-09-08T00:45:29.528578Z,77.9169,217,ack
20260908T004113Z_p4-chaos-dead,cockroachdb,chaos-dead,thesis,01ff85c294945c8138a8326bbe68c7055b3604d1,2026-09-08T00:41:13.634512Z,2026-09-08T00:45:29.528578Z,78.2956,218,ack
20260908T004113Z_p4-chaos-dead,cockroachdb,chaos-dead,thesis,01ff85c294945c8138a8326bbe68c7055b3604d1,2026-09-08T00:41:13.634512Z,2026-09-08T00:45:29.528578Z,78.6415,219,ack
20260908T004113Z_p4-chaos-dead,cockroachdb,chaos-dead,thesis,01ff85c294945c8138a8326bbe68c7055b3604d1,2026-09-08T00:41:13.634512Z,2026-09-08T00:45:29.528578Z,78.9885,220,ack
20260908T004113Z_p4-chaos-dead,cockroachdb,chaos-dead,thesis,01ff85c294945c8138a8326bbe68c7055b3604d1,2026-09-08T00:41:13.634512Z,2026-09-08T00:45:29.528578Z,79.3808,221,ack
20260908T004113Z_p4-chaos-dead,cockroachdb,chaos-dead,thesis,01ff85c294945c8138a8326bbe68c7055b3604d1,2026-09-08T00:41:13.634512Z,2026-09-08T00:45:29.528578Z,79.7293,222,ack
20260908T004113Z_p4-chaos-dead,cockroachdb,chaos-dead,thesis,01ff85c294945c8138a8326bbe68c7055b3604d1,2026-09-08T00:41:13.634512Z,2026-09-08T00:45:29.528578Z,80.079,223,ack
20260908T004113Z_p4-chaos-dead,cockroachdb,chaos-dead,thesis,01ff85c294945c8138a8326bbe68c7055b3604d1,2026-09-08T00:41:13.634512Z,2026-09-08T00:45:29.528578Z,80.4397,224,ack
20260908T004113Z_p4-chaos-dead,cockroachdb,chaos-dead,thesis,01ff85c294945c8138a8326bbe68c7055b3604d1,2026-09-08T00:41:13.634512Z,2026-09-08T00:45:29.528578Z,80.8181,225,ack
20260908T004113Z_p4-chaos-dead,cockroachdb,chaos-dead,thesis,01ff85c294945c8138a8326bbe68c7055b3604d1,2026-09-08T00:41:13.634512Z,2026-09-08T00:45:29.528578Z,81.1662,226,ack
20260908T004113Z_p4-chaos-dead,cockroachdb,chaos-dead,thesis,01ff85c294945c8138a8326bbe68c7055b3604d1,2026-09-08T00:41:13.634512Z,2026-09-08T00:45:29.528578Z,81.5811,227,ack
20260908T004113Z_p4-chaos-dead,cockroachdb,chaos-dead,thesis,01ff85c294945c8138a8326bbe68c7055b3604d1,2026-09-08T00:41:13.634512Z,2026-09-08T00:45:29.528578Z,81.9326,228,ack
20260908T004113Z_p4-chaos-dead,cockroachdb,chaos-dead,thesis,01ff85c294945c8138a8326bbe68c7055b3604d1,2026-09-08T00:41:13.634512Z,2026-09-08T00:45:29.528578Z,82.2781,229,ack
20260908T004113Z_p4-chaos-dead,cockroachdb,chaos-dead,thesis,01ff85c294945c8138a8326bbe68c7055b3604d1,2026-09-08T00:41:13.634512Z,2026-09-08T00:45:29.528578Z,82.6474,230,ack
20260908T004113Z_p4-chaos-dead,cockroachdb,chaos-dead,thesis,01ff85c294945c8138a8326bbe68c7055b3604d1,2026-09-08T00:41:13.634512Z,2026-09-08T00:45:29.528578Z,83.0025,231,ack
20260908T004113Z_p4-chaos-dead,cockroachdb,chaos-dead,thesis,01ff85c294945c8138a8326bbe68c7055b3604d1,2026-09-08T00:41:13.634512Z,2026-09-08T00:45:29.528578Z,83.3513,232,ack
20260908T004113Z_p4-chaos-dead,cockroachdb,chaos-dead,thesis,01ff85c294945c8138a8326bbe68c7055b3604d1,2026-09-08T00:41:13.634512Z,2026-09-08T00:45:29.528578Z,83.7019,233,ack
20260908T004113Z_p4-chaos-dead,cockroachdb,chaos-dead,thesis,01ff85c294945c8138a8326bbe68c7055b3604d1,2026-09-08T00:41:13.634512Z,2026-09-08T00:45:29.528578Z,84.0562,234,ack
20260908T004113Z_p4-chaos-dead,cockroachdb,chaos-dead,thesis,01ff85c294945c8138a8326bbe68c7055b3604d1,2026-09-08T00:41:13.634512Z,2026-09-08T00:45:29.528578Z,84.4029,235,ack
20260908T004113Z_p4-chaos-dead,cockroachdb,chaos-dead,thesis,01ff85c294945c8138a8326bbe68c7055b3604d1,2026-09-08T00:41:13.634512Z,2026-09-08T00:45:29.528578Z,84.7587,236,ack
20260908T004113Z_p4-chaos-dead,cockroachdb,chaos-dead,thesis,01ff85c294945c8138a8326bbe68c7055b3604d1,2026-09-08T00:41:13.634512Z,2026-09-08T00:45:29.528578Z,85.1139,237,ack
20260908T004113Z_p4-chaos-dead,cockroachdb,chaos-dead,thesis,01ff85c294945c8138a8326bbe68c7055b3604d1,2026-09-08T00:41:13.634512Z,2026-09-08T00:45:29.528578Z,85.4965,238,ack
20260908T004113Z_p4-chaos-dead,cockroachdb,chaos-dead,thesis,01ff85c294945c8138a8326bbe68c7055b3604d1,2026-09-08T00:41:13.634512Z,2026-09-08T00:45:29.528578Z,85.8489,239,ack
20260908T004113Z_p4-chaos-dead,cockroachdb,chaos-dead,thesis,01ff85c294945c8138a8326bbe68c7055b3604d1,2026-09-08T00:41:13.634512Z,2026-09-08T00:45:29.528578Z,86.201,240,ack
20260908T004113Z_p4-chaos-dead,cockroachdb,chaos-dead,thesis,01ff85c294945c8138a8326bbe68c7055b3604d1,2026-09-08T00:41:13.634512Z,2026-09-08T00:45:29.528578Z,86.5659,241,ack
20260908T004113Z_p4-chaos-dead,cockroachdb,chaos-dead,thesis,01ff85c294945c8138a8326bbe68c7055b3604d1,2026-09-08T00:41:13.634512Z,2026-09-08T00:45:29.528578Z,86.9216,242,ack
20260908T004113Z_p4-chaos-dead,cockroachdb,chaos-dead,thesis,01ff85c294945c8138a8326bbe68c7055b3604d1,2026-09-08T00:41:13.634512Z,2026-09-08T00:45:29.528578Z,87.288,243,ack
20260908T004113Z_p4-chaos-dead,cockroachdb,chaos-dead,thesis,01ff85c294945c8138a8326bbe68c7055b3604d1,2026-09-08T00:41:13.634512Z,2026-09-08T00:45:29.528578Z,87.6387,244,ack
20260908T004113Z_p4-chaos-dead,cockroachdb,chaos-dead,thesis,01ff85c294945c8138a8326bbe68c7055b3604d1,2026-09-08T00:41:13.634512Z,2026-09-08T00:45:29.528578Z,88.0015,245,ack
20260908T004113Z_p4-chaos-dead,cockroachdb,chaos-dead,thesis,01ff85c294945c8138a8326bbe68c7055b3604d1,2026-09-08T00:41:13.634512Z,2026-09-08T00:45:29.528578Z,88.3715,246,ack
20260908T004113Z_p4-chaos-dead,cockroachdb,chaos-dead,thesis,01ff85c294945c8138a8326bbe68c7055b3604d1,2026-09-08T00:41:13.634512Z,2026-09-08T00:45:29.528578Z,88.7237,247,ack
20260908T004113Z_p4-chaos-dead,cockroachdb,chaos-dead,thesis,01ff85c294945c8138a8326bbe68c7055b3604d1,2026-09-08T00:41:13.634512Z,2026-09-08T00:45:29.528578Z,89.0811,248,ack
20260908T004113Z_p4-chaos-dead,cockroachdb,chaos-dead,thesis,01ff85c294945c8138a8326bbe68c7055b3604d1,2026-09-08T00:41:13.634512Z,2026-09-08T00:45:29.528578Z,89.4472,249,ack
20260908T004113Z_p4-chaos-dead,cockroachdb,chaos-dead,thesis,01ff85c294945c8138a8326bbe68c7055b3604d1,2026-09-08T00:41:13.634512Z,2026-09-08T00:45:29.528578Z,89.8119,250,ack
20260908T004113Z_p4-chaos-dead,cockroachdb,chaos-dead,thesis,01ff85c294945c8138a8326bbe68c7055b3604d1,2026-09-08T00:41:13.634512Z,2026-09-08T00:45:29.528578Z,90.1559,251,ack
20260908T004113Z_p4-chaos-dead,cockroachdb,chaos-dead,thesis,01ff85c294945c8138a8326bbe68c7055b3604d1,2026-09-08T00:41:13.634512Z,2026-09-08T00:45:29.528578Z,90.5024,252,ack
20260908T004113Z_p4-chaos-dead,cockroachdb,chaos-dead,thesis,01ff85c294945c8138a8326bbe68c7055b3604d1,2026-09-08T00:41:13.634512Z,2026-09-08T00:45:29.528578Z,90.8482,253,ack
20260908T004113Z_p4-chaos-dead,cockroachdb,chaos-dead,thesis,01ff85c294945c8138a8326bbe68c7055b3604d1,2026-09-08T00:41:13.634512Z,2026-09-08T00:45:29.528578Z,91.2152,254,ack
20260908T004113Z_p4-chaos-dead,cockroachdb,chaos-dead,thesis,01ff85c294945c8138a8326bbe68c7055b3604d1,2026-09-08T00:41:13.634512Z,2026-09-08T00:45:29.528578Z,91.5986,255,ack
20260908T004113Z_p4-chaos-dead,cockroachdb,chaos-dead,thesis,01ff85c294945c8138a8326bbe68c7055b3604d1,2026-09-08T00:41:13.634512Z,2026-09-08T00:45:29.528578Z,91.9725,256,ack
20260908T004113Z_p4-chaos-dead,cockroachdb,chaos-dead,thesis,01ff85c294945c8138a8326bbe68c7055b3604d1,2026-09-08T00:41:13.634512Z,2026-09-08T00:45:29.528578Z,92.3493,257,ack
20260908T004113Z_p4-chaos-dead,cockroachdb,chaos-dead,thesis,01ff85c294945c8138a8326bbe68c7055b3604d1,2026-09-08T00:41:13.634512Z,2026-09-08T00:45:29.528578Z,92.7136,258,ack
20260908T004113Z_p4-chaos-dead,cockroachdb,chaos-dead,thesis,01ff85c294945c8138a8326bbe68c7055b3604d1,2026-09-08T00:41:13.634512Z,2026-09-08T00:45:29.528578Z,93.0631,259,ack
20260908T004113Z_p4-chaos-dead,cockroachdb,chaos-dead,thesis,01ff85c294945c8138a8326bbe68c7055b3604d1,2026-09-08T00:41:13.634512Z,2026-09-08T00:45:29.528578Z,93.4296,260,ack
20260908T004113Z_p4-chaos-dead,cockroachdb,chaos-dead,thesis,01ff85c294945c8138a8326bbe68c7055b3604d1,2026-09-08T00:41:13.634512Z,2026-09-08T00:45:29.528578Z,93.7788,261,ack
20260908T004113Z_p4-chaos-dead,cockroachdb,chaos-dead,thesis,01ff85c294945c8138a8326bbe68c7055b3604d1,2026-09-08T00:41:13.634512Z,2026-09-08T00:45:29.528578Z,94.1388,262,ack
20260908T004113Z_p4-chaos-dead,cockroachdb,chaos-dead,thesis,01ff85c294945c8138a8326bbe68c7055b3604d1,2026-09-08T00:41:13.634512Z,2026-09-08T00:45:29.528578Z,94.5084,263,ack
20260908T004113Z_p4-chaos-dead,cockroachdb,chaos-dead,thesis,01ff85c294945c8138a8326bbe68c7055b3604d1,2026-09-08T00:41:13.634512Z,2026-09-08T00:45:29.528578Z,94.8595,264,ack
20260908T004113Z_p4-chaos-dead,cockroachdb,chaos-dead,thesis,01ff85c294945c8138a8326bbe68c7055b3604d1,2026-09-08T00:41:13.634512Z,2026-09-08T00:45:29.528578Z,95.208,265,ack
20260908T004113Z_p4-chaos-dead,cockroachdb,chaos-dead,thesis,01ff85c294945c8138a8326bbe68c7055b3604d1,2026-09-08T00:41:13.634512Z,2026-09-08T00:45:29.528578Z,95.5736,266,ack
20260908T004113Z_p4-chaos-dead,cockroachdb,chaos-dead,thesis,01ff85c294945c8138a8326bbe68c7055b3604d1,2026-09-08T00:41:13.634512Z,2026-09-08T00:45:29.528578Z,95.9318,267,ack
20260908T004113Z_p4-chaos-dead,cockroachdb,chaos-dead,thesis,01ff85c294945c8138a8326bbe68c7055b3604d1,2026-09-08T00:41:13.634512Z,2026-09-08T00:45:29.528578Z,96.2865,268,ack
20260908T004113Z_p4-chaos-dead,cockroachdb,chaos-dead,thesis,01ff85c294945c8138a8326bbe68c7055b3604d1,2026-09-08T00:41:13.634512Z,2026-09-08T00:45:29.528578Z,96.6379,269,ack
20260908T004113Z_p4-chaos-dead,cockroachdb,chaos-dead,thesis,01ff85c294945c8138a8326bbe68c7055b3604d1,2026-09-08T00:41:13.634512Z,2026-09-08T00:45:29.528578Z,96.9869,270,ack
20260908T004113Z_p4-chaos-dead,cockroachdb,chaos-dead,thesis,01ff85c294945c8138a8326bbe68c7055b3604d1,2026-09-08T00:41:13.634512Z,2026-09-08T00:45:29.528578Z,97.3453,271,ack
20260908T004113Z_p4-chaos-dead,cockroachdb,chaos-dead,thesis,01ff85c294945c8138a8326bbe68c7055b3604d1,2026-09-08T00:41:13.634512Z,2026-09-08T00:45:29.528578Z,97.6999,272,ack
20260908T004113Z_p4-chaos-dead,cockroachdb,chaos-dead,thesis,01ff85c294945c8138a8326bbe68c7055b3604d1,2026-09-08T00:41:13.634512Z,2026-09-08T00:45:29.528578Z,98.058,273,ack
20260908T004113Z_p4-chaos-dead,cockroachdb,chaos-dead,thesis,01ff85c294945c8138a8326bbe68c7055b3604d1,2026-09-08T00:41:13.634512Z,2026-09-08T00:45:29.528578Z,98.4373,274,ack
20260908T004113Z_p4-chaos-dead,cockroachdb,chaos-dead,thesis,01ff85c294945c8138a8326bbe68c7055b3604d1,2026-09-08T00:41:13.634512Z,2026-09-08T00:45:29.528578Z,98.7887,275,ack
20260908T004113Z_p4-chaos-dead,cockroachdb,chaos-dead,thesis,01ff85c294945c8138a8326bbe68c7055b3604d1,2026-09-08T00:41:13.634512Z,2026-09-08T00:45:29.528578Z,99.1463,276,ack
20260908T004113Z_p4-chaos-dead,cockroachdb,chaos-dead,thesis,01ff85c294945c8138a8326bbe68c7055b3604d1,2026-09-08T00:41:13.634512Z,2026-09-08T00:45:29.528578Z,99.4886,277,ack
20260908T004113Z_p4-chaos-dead,cockroachdb,chaos-dead,thesis,01ff85c294945c8138a8326bbe68c7055b3604d1,2026-09-08T00:41:13.634512Z,2026-09-08T00:45:29.528578Z,99.8434,278,ack
20260908T004113Z_p4-chaos-dead,cockroachdb,chaos-dead,thesis,01ff85c294945c8138a8326bbe68c7055b3604d1,2026-09-08T00:41:13.634512Z,2026-09-08T00:45:29.528578Z,100.2085,279,ack
20260908T004113Z_p4-chaos-dead,cockroachdb,chaos-dead,thesis,01ff85c294945c8138a8326bbe68c7055b3604d1,2026-09-08T00:41:13.634512Z,2026-09-08T00:45:29.528578Z,100.5871,280,ack
20260908T004113Z_p4-chaos-dead,cockroachdb,chaos-dead,thesis,01ff85c294945c8138a8326bbe68c7055b3604d1,2026-09-08T00:41:13.634512Z,2026-09-08T00:45:29.528578Z,100.9424,281,ack
20260908T004113Z_p4-chaos-dead,cockroachdb,chaos-dead,thesis,01ff85c294945c8138a8326bbe68c7055b3604d1,2026-09-08T00:41:13.634512Z,2026-09-08T00:45:29.528578Z,101.2999,282,ack
20260908T004113Z_p4-chaos-dead,cockroachdb,chaos-dead,thesis,01ff85c294945c8138a8326bbe68c7055b3604d1,2026-09-08T00:41:13.634512Z,2026-09-08T00:45:29.528578Z,101.6723,283,ack
20260908T004113Z_p4-chaos-dead,cockroachdb,chaos-dead,thesis,01ff85c294945c8138a8326bbe68c7055b3604d1,2026-09-08T00:41:13.634512Z,2026-09-08T00:45:29.528578Z,102.0352,284,ack
20260908T004113Z_p4-chaos-dead,cockroachdb,chaos-dead,thesis,01ff85c294945c8138a8326bbe68c7055b3604d1,2026-09-08T00:41:13.634512Z,2026-09-08T00:45:29.528578Z,102.4122,285,ack
20260908T004113Z_p4-chaos-dead,cockroachdb,chaos-dead,thesis,01ff85c294945c8138a8326bbe68c7055b3604d1,2026-09-08T00:41:13.634512Z,2026-09-08T00:45:29.528578Z,102.7714,286,ack
20260908T004113Z_p4-chaos-dead,cockroachdb,chaos-dead,thesis,01ff85c294945c8138a8326bbe68c7055b3604d1,2026-09-08T00:41:13.634512Z,2026-09-08T00:45:29.528578Z,103.1385,287,ack
20260908T004113Z_p4-chaos-dead,cockroachdb,chaos-dead,thesis,01ff85c294945c8138a8326bbe68c7055b3604d1,2026-09-08T00:41:13.634512Z,2026-09-08T00:45:29.528578Z,103.4981,288,ack
20260908T004113Z_p4-chaos-dead,cockroachdb,chaos-dead,thesis,01ff85c294945c8138a8326bbe68c7055b3604d1,2026-09-08T00:41:13.634512Z,2026-09-08T00:45:29.528578Z,103.8491,289,ack
20260908T004113Z_p4-chaos-dead,cockroachdb,chaos-dead,thesis,01ff85c294945c8138a8326bbe68c7055b3604d1,2026-09-08T00:41:13.634512Z,2026-09-08T00:45:29.528578Z,104.202,290,ack
20260908T004113Z_p4-chaos-dead,cockroachdb,chaos-dead,thesis,01ff85c294945c8138a8326bbe68c7055b3604d1,2026-09-08T00:41:13.634512Z,2026-09-08T00:45:29.528578Z,104.5885,291,ack
20260908T004113Z_p4-chaos-dead,cockroachdb,chaos-dead,thesis,01ff85c294945c8138a8326bbe68c7055b3604d1,2026-09-08T00:41:13.634512Z,2026-09-08T00:45:29.528578Z,104.9388,292,ack
20260908T004113Z_p4-chaos-dead,cockroachdb,chaos-dead,thesis,01ff85c294945c8138a8326bbe68c7055b3604d1,2026-09-08T00:41:13.634512Z,2026-09-08T00:45:29.528578Z,105.2999,293,ack
20260908T004113Z_p4-chaos-dead,cockroachdb,chaos-dead,thesis,01ff85c294945c8138a8326bbe68c7055b3604d1,2026-09-08T00:41:13.634512Z,2026-09-08T00:45:29.528578Z,105.6569,294,ack
20260908T004113Z_p4-chaos-dead,cockroachdb,chaos-dead,thesis,01ff85c294945c8138a8326bbe68c7055b3604d1,2026-09-08T00:41:13.634512Z,2026-09-08T00:45:29.528578Z,106.0126,295,ack
20260908T004113Z_p4-chaos-dead,cockroachdb,chaos-dead,thesis,01ff85c294945c8138a8326bbe68c7055b3604d1,2026-09-08T00:41:13.634512Z,2026-09-08T00:45:29.528578Z,106.377,296,ack
20260908T004113Z_p4-chaos-dead,cockroachdb,chaos-dead,thesis,01ff85c294945c8138a8326bbe68c7055b3604d1,2026-09-08T00:41:13.634512Z,2026-09-08T00:45:29.528578Z,106.733,297,ack
20260908T004113Z_p4-chaos-dead,cockroachdb,chaos-dead,thesis,01ff85c294945c8138a8326bbe68c7055b3604d1,2026-09-08T00:41:13.634512Z,2026-09-08T00:45:29.528578Z,107.103,298,ack
20260908T004113Z_p4-chaos-dead,cockroachdb,chaos-dead,thesis,01ff85c294945c8138a8326bbe68c7055b3604d1,2026-09-08T00:41:13.634512Z,2026-09-08T00:45:29.528578Z,107.459,299,ack
20260908T004113Z_p4-chaos-dead,cockroachdb,chaos-dead,thesis,01ff85c294945c8138a8326bbe68c7055b3604d1,2026-09-08T00:41:13.634512Z,2026-09-08T00:45:29.528578Z,107.8279,300,ack
20260908T004113Z_p4-chaos-dead,cockroachdb,chaos-dead,thesis,01ff85c294945c8138a8326bbe68c7055b3604d1,2026-09-08T00:41:13.634512Z,2026-09-08T00:45:29.528578Z,108.1924,301,ack
20260908T004113Z_p4-chaos-dead,cockroachdb,chaos-dead,thesis,01ff85c294945c8138a8326bbe68c7055b3604d1,2026-09-08T00:41:13.634512Z,2026-09-08T00:45:29.528578Z,108.5442,302,ack
20260908T004113Z_p4-chaos-dead,cockroachdb,chaos-dead,thesis,01ff85c294945c8138a8326bbe68c7055b3604d1,2026-09-08T00:41:13.634512Z,2026-09-08T00:45:29.528578Z,108.9017,303,ack
20260908T004113Z_p4-chaos-dead,cockroachdb,chaos-dead,thesis,01ff85c294945c8138a8326bbe68c7055b3604d1,2026-09-08T00:41:13.634512Z,2026-09-08T00:45:29.528578Z,109.259,304,ack
20260908T004113Z_p4-chaos-dead,cockroachdb,chaos-dead,thesis,01ff85c294945c8138a8326bbe68c7055b3604d1,2026-09-08T00:41:13.634512Z,2026-09-08T00:45:29.528578Z,109.6158,305,ack
20260908T004113Z_p4-chaos-dead,cockroachdb,chaos-dead,thesis,01ff85c294945c8138a8326bbe68c7055b3604d1,2026-09-08T00:41:13.634512Z,2026-09-08T00:45:29.528578Z,109.9744,306,ack
20260908T004113Z_p4-chaos-dead,cockroachdb,chaos-dead,thesis,01ff85c294945c8138a8326bbe68c7055b3604d1,2026-09-08T00:41:13.634512Z,2026-09-08T00:45:29.528578Z,110.3488,307,ack
20260908T004113Z_p4-chaos-dead,cockroachdb,chaos-dead,thesis,01ff85c294945c8138a8326bbe68c7055b3604d1,2026-09-08T00:41:13.634512Z,2026-09-08T00:45:29.528578Z,110.7019,308,ack
20260908T004113Z_p4-chaos-dead,cockroachdb,chaos-dead,thesis,01ff85c294945c8138a8326bbe68c7055b3604d1,2026-09-08T00:41:13.634512Z,2026-09-08T00:45:29.528578Z,111.0641,309,ack
20260908T004113Z_p4-chaos-dead,cockroachdb,chaos-dead,thesis,01ff85c294945c8138a8326bbe68c7055b3604d1,2026-09-08T00:41:13.634512Z,2026-09-08T00:45:29.528578Z,111.4088,310,ack
20260908T004113Z_p4-chaos-dead,cockroachdb,chaos-dead,thesis,01ff85c294945c8138a8326bbe68c7055b3604d1,2026-09-08T00:41:13.634512Z,2026-09-08T00:45:29.528578Z,111.7576,311,ack
20260908T004113Z_p4-chaos-dead,cockroachdb,chaos-dead,thesis,01ff85c294945c8138a8326bbe68c7055b3604d1,2026-09-08T00:41:13.634512Z,2026-09-08T00:45:29.528578Z,112.1072,312,ack
20260908T004113Z_p4-chaos-dead,cockroachdb,chaos-dead,thesis,01ff85c294945c8138a8326bbe68c7055b3604d1,2026-09-08T00:41:13.634512Z,2026-09-08T00:45:29.528578Z,112.458,313,ack
20260908T004113Z_p4-chaos-dead,cockroachdb,chaos-dead,thesis,01ff85c294945c8138a8326bbe68c7055b3604d1,2026-09-08T00:41:13.634512Z,2026-09-08T00:45:29.528578Z,112.8147,314,ack
20260908T004113Z_p4-chaos-dead,cockroachdb,chaos-dead,thesis,01ff85c294945c8138a8326bbe68c7055b3604d1,2026-09-08T00:41:13.634512Z,2026-09-08T00:45:29.528578Z,113.1621,315,ack
20260908T004113Z_p4-chaos-dead,cockroachdb,chaos-dead,thesis,01ff85c294945c8138a8326bbe68c7055b3604d1,2026-09-08T00:41:13.634512Z,2026-09-08T00:45:29.528578Z,113.5183,316,ack
20260908T004113Z_p4-chaos-dead,cockroachdb,chaos-dead,thesis,01ff85c294945c8138a8326bbe68c7055b3604d1,2026-09-08T00:41:13.634512Z,2026-09-08T00:45:29.528578Z,113.8728,317,ack
20260908T004113Z_p4-chaos-dead,cockroachdb,chaos-dead,thesis,01ff85c294945c8138a8326bbe68c7055b3604d1,2026-09-08T00:41:13.634512Z,2026-09-08T00:45:29.528578Z,114.227,318,ack
20260908T004113Z_p4-chaos-dead,cockroachdb,chaos-dead,thesis,01ff85c294945c8138a8326bbe68c7055b3604d1,2026-09-08T00:41:13.634512Z,2026-09-08T00:45:29.528578Z,114.5876,319,ack
20260908T004113Z_p4-chaos-dead,cockroachdb,chaos-dead,thesis,01ff85c294945c8138a8326bbe68c7055b3604d1,2026-09-08T00:41:13.634512Z,2026-09-08T00:45:29.528578Z,114.9329,320,ack
20260908T004113Z_p4-chaos-dead,cockroachdb,chaos-dead,thesis,01ff85c294945c8138a8326bbe68c7055b3604d1,2026-09-08T00:41:13.634512Z,2026-09-08T00:45:29.528578Z,115.2772,321,ack
20260908T004113Z_p4-chaos-dead,cockroachdb,chaos-dead,thesis,01ff85c294945c8138a8326bbe68c7055b3604d1,2026-09-08T00:41:13.634512Z,2026-09-08T00:45:29.528578Z,115.6271,322,ack
20260908T004113Z_p4-chaos-dead,cockroachdb,chaos-dead,thesis,01ff85c294945c8138a8326bbe68c7055b3604d1,2026-09-08T00:41:13.634512Z,2026-09-08T00:45:29.528578Z,115.9852,323,ack
20260908T004113Z_p4-chaos-dead,cockroachdb,chaos-dead,thesis,01ff85c294945c8138a8326bbe68c7055b3604d1,2026-09-08T00:41:13.634512Z,2026-09-08T00:45:29.528578Z,116.3498,324,ack
20260908T004113Z_p4-chaos-dead,cockroachdb,chaos-dead,thesis,01ff85c294945c8138a8326bbe68c7055b3604d1,2026-09-08T00:41:13.634512Z,2026-09-08T00:45:29.528578Z,116.7019,325,ack
20260908T004113Z_p4-chaos-dead,cockroachdb,chaos-dead,thesis,01ff85c294945c8138a8326bbe68c7055b3604d1,2026-09-08T00:41:13.634512Z,2026-09-08T00:45:29.528578Z,117.063,326,ack
20260908T004113Z_p4-chaos-dead,cockroachdb,chaos-dead,thesis,01ff85c294945c8138a8326bbe68c7055b3604d1,2026-09-08T00:41:13.634512Z,2026-09-08T00:45:29.528578Z,117.4242,327,ack
20260908T004113Z_p4-chaos-dead,cockroachdb,chaos-dead,thesis,01ff85c294945c8138a8326bbe68c7055b3604d1,2026-09-08T00:41:13.634512Z,2026-09-08T00:45:29.528578Z,117.7763,328,ack
20260908T004113Z_p4-chaos-dead,cockroachdb,chaos-dead,thesis,01ff85c294945c8138a8326bbe68c7055b3604d1,2026-09-08T00:41:13.634512Z,2026-09-08T00:45:29.528578Z,118.1268,329,ack
20260908T004113Z_p4-chaos-dead,cockroachdb,chaos-dead,thesis,01ff85c294945c8138a8326bbe68c7055b3604d1,2026-09-08T00:41:13.634512Z,2026-09-08T00:45:29.528578Z,118.497,330,ack
20260908T004113Z_p4-chaos-dead,cockroachdb,chaos-dead,thesis,01ff85c294945c8138a8326bbe68c7055b3604d1,2026-09-08T00:41:13.634512Z,2026-09-08T00:45:29.528578Z,118.8555,331,ack
20260908T004113Z_p4-chaos-dead,cockroachdb,chaos-dead,thesis,01ff85c294945c8138a8326bbe68c7055b3604d1,2026-09-08T00:41:13.634512Z,2026-09-08T00:45:29.528578Z,119.2088,332,ack
20260908T004113Z_p4-chaos-dead,cockroachdb,chaos-dead,thesis,01ff85c294945c8138a8326bbe68c7055b3604d1,2026-09-08T00:41:13.634512Z,2026-09-08T00:45:29.528578Z,119.5589,333,ack
20260908T004113Z_p4-chaos-dead,cockroachdb,chaos-dead,thesis,01ff85c294945c8138a8326bbe68c7055b3604d1,2026-09-08T00:41:13.634512Z,2026-09-08T00:45:29.528578Z,119.9182,334,ack
20260908T004113Z_p4-chaos-dead,cockroachdb,chaos-dead,thesis,01ff85c294945c8138a8326bbe68c7055b3604d1,2026-09-08T00:41:13.634512Z,2026-09-08T00:45:29.528578Z,120.272,335,ack
20260908T004113Z_p4-chaos-dead,cockroachdb,chaos-dead,thesis,01ff85c294945c8138a8326bbe68c7055b3604d1,2026-09-08T00:41:13.634512Z,2026-09-08T00:45:29.528578Z,120.6328,336,ack
20260908T004113Z_p4-chaos-dead,cockroachdb,chaos-dead,thesis,01ff85c294945c8138a8326bbe68c7055b3604d1,2026-09-08T00:41:13.634512Z,2026-09-08T00:45:29.528578Z,120.989,337,ack
20260908T004113Z_p4-chaos-dead,cockroachdb,chaos-dead,thesis,01ff85c294945c8138a8326bbe68c7055b3604d1,2026-09-08T00:41:13.634512Z,2026-09-08T00:45:29.528578Z,121.3386,338,ack
20260908T004113Z_p4-chaos-dead,cockroachdb,chaos-dead,thesis,01ff85c294945c8138a8326bbe68c7055b3604d1,2026-09-08T00:41:13.634512Z,2026-09-08T00:45:29.528578Z,121.697,339,ack
20260908T004113Z_p4-chaos-dead,cockroachdb,chaos-dead,thesis,01ff85c294945c8138a8326bbe68c7055b3604d1,2026-09-08T00:41:13.634512Z,2026-09-08T00:45:29.528578Z,122.0472,340,ack
20260908T004113Z_p4-chaos-dead,cockroachdb,chaos-dead,thesis,01ff85c294945c8138a8326bbe68c7055b3604d1,2026-09-08T00:41:13.634512Z,2026-09-08T00:45:29.528578Z,122.3973,341,ack
20260908T004113Z_p4-chaos-dead,cockroachdb,chaos-dead,thesis,01ff85c294945c8138a8326bbe68c7055b3604d1,2026-09-08T00:41:13.634512Z,2026-09-08T00:45:29.528578Z,122.741,342,ack
20260908T004113Z_p4-chaos-dead,cockroachdb,chaos-dead,thesis,01ff85c294945c8138a8326bbe68c7055b3604d1,2026-09-08T00:41:13.634512Z,2026-09-08T00:45:29.528578Z,123.0981,343,ack
20260908T004113Z_p4-chaos-dead,cockroachdb,chaos-dead,thesis,01ff85c294945c8138a8326bbe68c7055b3604d1,2026-09-08T00:41:13.634512Z,2026-09-08T00:45:29.528578Z,123.4466,344,ack
20260908T004113Z_p4-chaos-dead,cockroachdb,chaos-dead,thesis,01ff85c294945c8138a8326bbe68c7055b3604d1,2026-09-08T00:41:13.634512Z,2026-09-08T00:45:29.528578Z,123.8029,345,ack
20260908T004113Z_p4-chaos-dead,cockroachdb,chaos-dead,thesis,01ff85c294945c8138a8326bbe68c7055b3604d1,2026-09-08T00:41:13.634512Z,2026-09-08T00:45:29.528578Z,124.1523,346,ack
20260908T004113Z_p4-chaos-dead,cockroachdb,chaos-dead,thesis,01ff85c294945c8138a8326bbe68c7055b3604d1,2026-09-08T00:41:13.634512Z,2026-09-08T00:45:29.528578Z,124.5079,347,ack
20260908T004113Z_p4-chaos-dead,cockroachdb,chaos-dead,thesis,01ff85c294945c8138a8326bbe68c7055b3604d1,2026-09-08T00:41:13.634512Z,2026-09-08T00:45:29.528578Z,124.8478,348,ack
20260908T004113Z_p4-chaos-dead,cockroachdb,chaos-dead,thesis,01ff85c294945c8138a8326bbe68c7055b3604d1,2026-09-08T00:41:13.634512Z,2026-09-08T00:45:29.528578Z,125.2025,349,ack
20260908T004113Z_p4-chaos-dead,cockroachdb,chaos-dead,thesis,01ff85c294945c8138a8326bbe68c7055b3604d1,2026-09-08T00:41:13.634512Z,2026-09-08T00:45:29.528578Z,125.5546,350,ack
20260908T004113Z_p4-chaos-dead,cockroachdb,chaos-dead,thesis,01ff85c294945c8138a8326bbe68c7055b3604d1,2026-09-08T00:41:13.634512Z,2026-09-08T00:45:29.528578Z,125.9029,351,ack
20260908T004113Z_p4-chaos-dead,cockroachdb,chaos-dead,thesis,01ff85c294945c8138a8326bbe68c7055b3604d1,2026-09-08T00:41:13.634512Z,2026-09-08T00:45:29.528578Z,126.2475,352,ack
20260908T004113Z_p4-chaos-dead,cockroachdb,chaos-dead,thesis,01ff85c294945c8138a8326bbe68c7055b3604d1,2026-09-08T00:41:13.634512Z,2026-09-08T00:45:29.528578Z,126.5914,353,ack
20260908T004113Z_p4-chaos-dead,cockroachdb,chaos-dead,thesis,01ff85c294945c8138a8326bbe68c7055b3604d1,2026-09-08T00:41:13.634512Z,2026-09-08T00:45:29.528578Z,126.9416,354,ack
20260908T004113Z_p4-chaos-dead,cockroachdb,chaos-dead,thesis,01ff85c294945c8138a8326bbe68c7055b3604d1,2026-09-08T00:41:13.634512Z,2026-09-08T00:45:29.528578Z,127.2817,355,ack
20260908T004113Z_p4-chaos-dead,cockroachdb,chaos-dead,thesis,01ff85c294945c8138a8326bbe68c7055b3604d1,2026-09-08T00:41:13.634512Z,2026-09-08T00:45:29.528578Z,127.6441,356,ack
20260908T004113Z_p4-chaos-dead,cockroachdb,chaos-dead,thesis,01ff85c294945c8138a8326bbe68c7055b3604d1,2026-09-08T00:41:13.634512Z,2026-09-08T00:45:29.528578Z,128.0167,357,ack
20260908T004113Z_p4-chaos-dead,cockroachdb,chaos-dead,thesis,01ff85c294945c8138a8326bbe68c7055b3604d1,2026-09-08T00:41:13.634512Z,2026-09-08T00:45:29.528578Z,128.3825,358,ack
20260908T004113Z_p4-chaos-dead,cockroachdb,chaos-dead,thesis,01ff85c294945c8138a8326bbe68c7055b3604d1,2026-09-08T00:41:13.634512Z,2026-09-08T00:45:29.528578Z,128.7616,359,ack
20260908T004113Z_p4-chaos-dead,cockroachdb,chaos-dead,thesis,01ff85c294945c8138a8326bbe68c7055b3604d1,2026-09-08T00:41:13.634512Z,2026-09-08T00:45:29.528578Z,129.1198,360,ack
20260908T004113Z_p4-chaos-dead,cockroachdb,chaos-dead,thesis,01ff85c294945c8138a8326bbe68c7055b3604d1,2026-09-08T00:41:13.634512Z,2026-09-08T00:45:29.528578Z,129.5133,361,ack
20260908T004113Z_p4-chaos-dead,cockroachdb,chaos-dead,thesis,01ff85c294945c8138a8326bbe68c7055b3604d1,2026-09-08T00:41:13.634512Z,2026-09-08T00:45:29.528578Z,129.8727,362,ack
20260908T004113Z_p4-chaos-dead,cockroachdb,chaos-dead,thesis,01ff85c294945c8138a8326bbe68c7055b3604d1,2026-09-08T00:41:13.634512Z,2026-09-08T00:45:29.528578Z,130.2252,363,ack
20260908T004113Z_p4-chaos-dead,cockroachdb,chaos-dead,thesis,01ff85c294945c8138a8326bbe68c7055b3604d1,2026-09-08T00:41:13.634512Z,2026-09-08T00:45:29.528578Z,130.5847,364,ack
20260908T004113Z_p4-chaos-dead,cockroachdb,chaos-dead,thesis,01ff85c294945c8138a8326bbe68c7055b3604d1,2026-09-08T00:41:13.634512Z,2026-09-08T00:45:29.528578Z,130.9423,365,ack
20260908T004113Z_p4-chaos-dead,cockroachdb,chaos-dead,thesis,01ff85c294945c8138a8326bbe68c7055b3604d1,2026-09-08T00:41:13.634512Z,2026-09-08T00:45:29.528578Z,131.2896,366,ack
20260908T004113Z_p4-chaos-dead,cockroachdb,chaos-dead,thesis,01ff85c294945c8138a8326bbe68c7055b3604d1,2026-09-08T00:41:13.634512Z,2026-09-08T00:45:29.528578Z,131.6642,367,ack
20260908T004113Z_p4-chaos-dead,cockroachdb,chaos-dead,thesis,01ff85c294945c8138a8326bbe68c7055b3604d1,2026-09-08T00:41:13.634512Z,2026-09-08T00:45:29.528578Z,132.0194,368,ack
20260908T004113Z_p4-chaos-dead,cockroachdb,chaos-dead,thesis,01ff85c294945c8138a8326bbe68c7055b3604d1,2026-09-08T00:41:13.634512Z,2026-09-08T00:45:29.528578Z,132.3748,369,ack
20260908T004113Z_p4-chaos-dead,cockroachdb,chaos-dead,thesis,01ff85c294945c8138a8326bbe68c7055b3604d1,2026-09-08T00:41:13.634512Z,2026-09-08T00:45:29.528578Z,132.7433,370,ack
20260908T004113Z_p4-chaos-dead,cockroachdb,chaos-dead,thesis,01ff85c294945c8138a8326bbe68c7055b3604d1,2026-09-08T00:41:13.634512Z,2026-09-08T00:45:29.528578Z,133.0975,371,ack
20260908T004113Z_p4-chaos-dead,cockroachdb,chaos-dead,thesis,01ff85c294945c8138a8326bbe68c7055b3604d1,2026-09-08T00:41:13.634512Z,2026-09-08T00:45:29.528578Z,133.4503,372,ack
20260908T004113Z_p4-chaos-dead,cockroachdb,chaos-dead,thesis,01ff85c294945c8138a8326bbe68c7055b3604d1,2026-09-08T00:41:13.634512Z,2026-09-08T00:45:29.528578Z,133.8048,373,ack
20260908T004113Z_p4-chaos-dead,cockroachdb,chaos-dead,thesis,01ff85c294945c8138a8326bbe68c7055b3604d1,2026-09-08T00:41:13.634512Z,2026-09-08T00:45:29.528578Z,134.1638,374,ack
20260908T004113Z_p4-chaos-dead,cockroachdb,chaos-dead,thesis,01ff85c294945c8138a8326bbe68c7055b3604d1,2026-09-08T00:41:13.634512Z,2026-09-08T00:45:29.528578Z,134.5216,375,ack
20260908T004113Z_p4-chaos-dead,cockroachdb,chaos-dead,thesis,01ff85c294945c8138a8326bbe68c7055b3604d1,2026-09-08T00:41:13.634512Z,2026-09-08T00:45:29.528578Z,134.8925,376,ack
20260908T004113Z_p4-chaos-dead,cockroachdb,chaos-dead,thesis,01ff85c294945c8138a8326bbe68c7055b3604d1,2026-09-08T00:41:13.634512Z,2026-09-08T00:45:29.528578Z,135.2364,377,ack
20260908T004113Z_p4-chaos-dead,cockroachdb,chaos-dead,thesis,01ff85c294945c8138a8326bbe68c7055b3604d1,2026-09-08T00:41:13.634512Z,2026-09-08T00:45:29.528578Z,135.5828,378,ack
20260908T004113Z_p4-chaos-dead,cockroachdb,chaos-dead,thesis,01ff85c294945c8138a8326bbe68c7055b3604d1,2026-09-08T00:41:13.634512Z,2026-09-08T00:45:29.528578Z,135.938,379,ack
20260908T004113Z_p4-chaos-dead,cockroachdb,chaos-dead,thesis,01ff85c294945c8138a8326bbe68c7055b3604d1,2026-09-08T00:41:13.634512Z,2026-09-08T00:45:29.528578Z,136.2929,380,ack
20260908T004113Z_p4-chaos-dead,cockroachdb,chaos-dead,thesis,01ff85c294945c8138a8326bbe68c7055b3604d1,2026-09-08T00:41:13.634512Z,2026-09-08T00:45:29.528578Z,136.6529,381,ack
20260908T004113Z_p4-chaos-dead,cockroachdb,chaos-dead,thesis,01ff85c294945c8138a8326bbe68c7055b3604d1,2026-09-08T00:41:13.634512Z,2026-09-08T00:45:29.528578Z,137.0266,382,ack
20260908T004113Z_p4-chaos-dead,cockroachdb,chaos-dead,thesis,01ff85c294945c8138a8326bbe68c7055b3604d1,2026-09-08T00:41:13.634512Z,2026-09-08T00:45:29.528578Z,137.3731,383,ack
20260908T004113Z_p4-chaos-dead,cockroachdb,chaos-dead,thesis,01ff85c294945c8138a8326bbe68c7055b3604d1,2026-09-08T00:41:13.634512Z,2026-09-08T00:45:29.528578Z,137.7234,384,ack
20260908T004113Z_p4-chaos-dead,cockroachdb,chaos-dead,thesis,01ff85c294945c8138a8326bbe68c7055b3604d1,2026-09-08T00:41:13.634512Z,2026-09-08T00:45:29.528578Z,138.0819,385,ack
20260908T004113Z_p4-chaos-dead,cockroachdb,chaos-dead,thesis,01ff85c294945c8138a8326bbe68c7055b3604d1,2026-09-08T00:41:13.634512Z,2026-09-08T00:45:29.528578Z,138.434,386,ack
20260908T004113Z_p4-chaos-dead,cockroachdb,chaos-dead,thesis,01ff85c294945c8138a8326bbe68c7055b3604d1,2026-09-08T00:41:13.634512Z,2026-09-08T00:45:29.528578Z,138.7795,387,ack
20260908T004113Z_p4-chaos-dead,cockroachdb,chaos-dead,thesis,01ff85c294945c8138a8326bbe68c7055b3604d1,2026-09-08T00:41:13.634512Z,2026-09-08T00:45:29.528578Z,139.1335,388,ack
20260908T004113Z_p4-chaos-dead,cockroachdb,chaos-dead,thesis,01ff85c294945c8138a8326bbe68c7055b3604d1,2026-09-08T00:41:13.634512Z,2026-09-08T00:45:29.528578Z,139.4916,389,ack
20260908T004113Z_p4-chaos-dead,cockroachdb,chaos-dead,thesis,01ff85c294945c8138a8326bbe68c7055b3604d1,2026-09-08T00:41:13.634512Z,2026-09-08T00:45:29.528578Z,139.8423,390,ack
20260908T004113Z_p4-chaos-dead,cockroachdb,chaos-dead,thesis,01ff85c294945c8138a8326bbe68c7055b3604d1,2026-09-08T00:41:13.634512Z,2026-09-08T00:45:29.528578Z,140.1932,391,ack
20260908T004113Z_p4-chaos-dead,cockroachdb,chaos-dead,thesis,01ff85c294945c8138a8326bbe68c7055b3604d1,2026-09-08T00:41:13.634512Z,2026-09-08T00:45:29.528578Z,140.5616,392,ack
20260908T004113Z_p4-chaos-dead,cockroachdb,chaos-dead,thesis,01ff85c294945c8138a8326bbe68c7055b3604d1,2026-09-08T00:41:13.634512Z,2026-09-08T00:45:29.528578Z,140.9152,393,ack
20260908T004113Z_p4-chaos-dead,cockroachdb,chaos-dead,thesis,01ff85c294945c8138a8326bbe68c7055b3604d1,2026-09-08T00:41:13.634512Z,2026-09-08T00:45:29.528578Z,141.2828,394,ack
20260908T004113Z_p4-chaos-dead,cockroachdb,chaos-dead,thesis,01ff85c294945c8138a8326bbe68c7055b3604d1,2026-09-08T00:41:13.634512Z,2026-09-08T00:45:29.528578Z,141.635,395,ack
20260908T004113Z_p4-chaos-dead,cockroachdb,chaos-dead,thesis,01ff85c294945c8138a8326bbe68c7055b3604d1,2026-09-08T00:41:13.634512Z,2026-09-08T00:45:29.528578Z,141.983,396,ack
20260908T004113Z_p4-chaos-dead,cockroachdb,chaos-dead,thesis,01ff85c294945c8138a8326bbe68c7055b3604d1,2026-09-08T00:41:13.634512Z,2026-09-08T00:45:29.528578Z,142.3338,397,ack
20260908T004113Z_p4-chaos-dead,cockroachdb,chaos-dead,thesis,01ff85c294945c8138a8326bbe68c7055b3604d1,2026-09-08T00:41:13.634512Z,2026-09-08T00:45:29.528578Z,142.6866,398,ack
20260908T004113Z_p4-chaos-dead,cockroachdb,chaos-dead,thesis,01ff85c294945c8138a8326bbe68c7055b3604d1,2026-09-08T00:41:13.634512Z,2026-09-08T00:45:29.528578Z,143.0405,399,ack
20260908T004113Z_p4-chaos-dead,cockroachdb,chaos-dead,thesis,01ff85c294945c8138a8326bbe68c7055b3604d1,2026-09-08T00:41:13.634512Z,2026-09-08T00:45:29.528578Z,143.3932,400,ack
20260908T004113Z_p4-chaos-dead,cockroachdb,chaos-dead,thesis,01ff85c294945c8138a8326bbe68c7055b3604d1,2026-09-08T00:41:13.634512Z,2026-09-08T00:45:29.528578Z,143.745,401,ack
20260908T004113Z_p4-chaos-dead,cockroachdb,chaos-dead,thesis,01ff85c294945c8138a8326bbe68c7055b3604d1,2026-09-08T00:41:13.634512Z,2026-09-08T00:45:29.528578Z,144.1026,402,ack
20260908T004113Z_p4-chaos-dead,cockroachdb,chaos-dead,thesis,01ff85c294945c8138a8326bbe68c7055b3604d1,2026-09-08T00:41:13.634512Z,2026-09-08T00:45:29.528578Z,144.4517,403,ack
20260908T004113Z_p4-chaos-dead,cockroachdb,chaos-dead,thesis,01ff85c294945c8138a8326bbe68c7055b3604d1,2026-09-08T00:41:13.634512Z,2026-09-08T00:45:29.528578Z,144.8002,404,ack
20260908T004113Z_p4-chaos-dead,cockroachdb,chaos-dead,thesis,01ff85c294945c8138a8326bbe68c7055b3604d1,2026-09-08T00:41:13.634512Z,2026-09-08T00:45:29.528578Z,145.1436,405,ack
20260908T004113Z_p4-chaos-dead,cockroachdb,chaos-dead,thesis,01ff85c294945c8138a8326bbe68c7055b3604d1,2026-09-08T00:41:13.634512Z,2026-09-08T00:45:29.528578Z,145.503,406,ack
20260908T004113Z_p4-chaos-dead,cockroachdb,chaos-dead,thesis,01ff85c294945c8138a8326bbe68c7055b3604d1,2026-09-08T00:41:13.634512Z,2026-09-08T00:45:29.528578Z,145.857,407,ack
20260908T004113Z_p4-chaos-dead,cockroachdb,chaos-dead,thesis,01ff85c294945c8138a8326bbe68c7055b3604d1,2026-09-08T00:41:13.634512Z,2026-09-08T00:45:29.528578Z,146.2326,408,ack
20260908T004113Z_p4-chaos-dead,cockroachdb,chaos-dead,thesis,01ff85c294945c8138a8326bbe68c7055b3604d1,2026-09-08T00:41:13.634512Z,2026-09-08T00:45:29.528578Z,146.5884,409,ack
20260908T004113Z_p4-chaos-dead,cockroachdb,chaos-dead,thesis,01ff85c294945c8138a8326bbe68c7055b3604d1,2026-09-08T00:41:13.634512Z,2026-09-08T00:45:29.528578Z,146.9391,410,ack
20260908T004113Z_p4-chaos-dead,cockroachdb,chaos-dead,thesis,01ff85c294945c8138a8326bbe68c7055b3604d1,2026-09-08T00:41:13.634512Z,2026-09-08T00:45:29.528578Z,147.3086,411,ack
20260908T004113Z_p4-chaos-dead,cockroachdb,chaos-dead,thesis,01ff85c294945c8138a8326bbe68c7055b3604d1,2026-09-08T00:41:13.634512Z,2026-09-08T00:45:29.528578Z,147.6667,412,ack
20260908T004113Z_p4-chaos-dead,cockroachdb,chaos-dead,thesis,01ff85c294945c8138a8326bbe68c7055b3604d1,2026-09-08T00:41:13.634512Z,2026-09-08T00:45:29.528578Z,148.0222,413,ack
20260908T004113Z_p4-chaos-dead,cockroachdb,chaos-dead,thesis,01ff85c294945c8138a8326bbe68c7055b3604d1,2026-09-08T00:41:13.634512Z,2026-09-08T00:45:29.528578Z,148.3816,414,ack
20260908T004113Z_p4-chaos-dead,cockroachdb,chaos-dead,thesis,01ff85c294945c8138a8326bbe68c7055b3604d1,2026-09-08T00:41:13.634512Z,2026-09-08T00:45:29.528578Z,148.7324,415,ack
20260908T004113Z_p4-chaos-dead,cockroachdb,chaos-dead,thesis,01ff85c294945c8138a8326bbe68c7055b3604d1,2026-09-08T00:41:13.634512Z,2026-09-08T00:45:29.528578Z,149.1036,416,ack
20260908T004113Z_p4-chaos-dead,cockroachdb,chaos-dead,thesis,01ff85c294945c8138a8326bbe68c7055b3604d1,2026-09-08T00:41:13.634512Z,2026-09-08T00:45:29.528578Z,149.4804,417,ack
20260908T004113Z_p4-chaos-dead,cockroachdb,chaos-dead,thesis,01ff85c294945c8138a8326bbe68c7055b3604d1,2026-09-08T00:41:13.634512Z,2026-09-08T00:45:29.528578Z,149.8375,418,ack
20260908T004113Z_p4-chaos-dead,cockroachdb,chaos-dead,thesis,01ff85c294945c8138a8326bbe68c7055b3604d1,2026-09-08T00:41:13.634512Z,2026-09-08T00:45:29.528578Z,150.1868,419,ack
20260908T004113Z_p4-chaos-dead,cockroachdb,chaos-dead,thesis,01ff85c294945c8138a8326bbe68c7055b3604d1,2026-09-08T00:41:13.634512Z,2026-09-08T00:45:29.528578Z,150.5472,420,ack
20260908T004113Z_p4-chaos-dead,cockroachdb,chaos-dead,thesis,01ff85c294945c8138a8326bbe68c7055b3604d1,2026-09-08T00:41:13.634512Z,2026-09-08T00:45:29.528578Z,150.8984,421,ack
20260908T004113Z_p4-chaos-dead,cockroachdb,chaos-dead,thesis,01ff85c294945c8138a8326bbe68c7055b3604d1,2026-09-08T00:41:13.634512Z,2026-09-08T00:45:29.528578Z,151.2739,422,ack
20260908T004113Z_p4-chaos-dead,cockroachdb,chaos-dead,thesis,01ff85c294945c8138a8326bbe68c7055b3604d1,2026-09-08T00:41:13.634512Z,2026-09-08T00:45:29.528578Z,151.6321,423,ack
20260908T004113Z_p4-chaos-dead,cockroachdb,chaos-dead,thesis,01ff85c294945c8138a8326bbe68c7055b3604d1,2026-09-08T00:41:13.634512Z,2026-09-08T00:45:29.528578Z,151.9956,424,ack
20260908T004113Z_p4-chaos-dead,cockroachdb,chaos-dead,thesis,01ff85c294945c8138a8326bbe68c7055b3604d1,2026-09-08T00:41:13.634512Z,2026-09-08T00:45:29.528578Z,152.3472,425,ack
20260908T004113Z_p4-chaos-dead,cockroachdb,chaos-dead,thesis,01ff85c294945c8138a8326bbe68c7055b3604d1,2026-09-08T00:41:13.634512Z,2026-09-08T00:45:29.528578Z,152.6966,426,ack
20260908T004113Z_p4-chaos-dead,cockroachdb,chaos-dead,thesis,01ff85c294945c8138a8326bbe68c7055b3604d1,2026-09-08T00:41:13.634512Z,2026-09-08T00:45:29.528578Z,153.0423,427,ack
20260908T004113Z_p4-chaos-dead,cockroachdb,chaos-dead,thesis,01ff85c294945c8138a8326bbe68c7055b3604d1,2026-09-08T00:41:13.634512Z,2026-09-08T00:45:29.528578Z,153.4125,428,ack
20260908T004113Z_p4-chaos-dead,cockroachdb,chaos-dead,thesis,01ff85c294945c8138a8326bbe68c7055b3604d1,2026-09-08T00:41:13.634512Z,2026-09-08T00:45:29.528578Z,153.7571,429,ack
20260908T004113Z_p4-chaos-dead,cockroachdb,chaos-dead,thesis,01ff85c294945c8138a8326bbe68c7055b3604d1,2026-09-08T00:41:13.634512Z,2026-09-08T00:45:29.528578Z,154.1089,430,ack
20260908T004113Z_p4-chaos-dead,cockroachdb,chaos-dead,thesis,01ff85c294945c8138a8326bbe68c7055b3604d1,2026-09-08T00:41:13.634512Z,2026-09-08T00:45:29.528578Z,154.4676,431,ack
20260908T004113Z_p4-chaos-dead,cockroachdb,chaos-dead,thesis,01ff85c294945c8138a8326bbe68c7055b3604d1,2026-09-08T00:41:13.634512Z,2026-09-08T00:45:29.528578Z,154.8227,432,ack
20260908T004113Z_p4-chaos-dead,cockroachdb,chaos-dead,thesis,01ff85c294945c8138a8326bbe68c7055b3604d1,2026-09-08T00:41:13.634512Z,2026-09-08T00:45:29.528578Z,155.1802,433,ack
20260908T004113Z_p4-chaos-dead,cockroachdb,chaos-dead,thesis,01ff85c294945c8138a8326bbe68c7055b3604d1,2026-09-08T00:41:13.634512Z,2026-09-08T00:45:29.528578Z,155.542,434,ack
20260908T004113Z_p4-chaos-dead,cockroachdb,chaos-dead,thesis,01ff85c294945c8138a8326bbe68c7055b3604d1,2026-09-08T00:41:13.634512Z,2026-09-08T00:45:29.528578Z,155.8902,435,ack
20260908T004113Z_p4-chaos-dead,cockroachdb,chaos-dead,thesis,01ff85c294945c8138a8326bbe68c7055b3604d1,2026-09-08T00:41:13.634512Z,2026-09-08T00:45:29.528578Z,156.2377,436,ack
20260908T004113Z_p4-chaos-dead,cockroachdb,chaos-dead,thesis,01ff85c294945c8138a8326bbe68c7055b3604d1,2026-09-08T00:41:13.634512Z,2026-09-08T00:45:29.528578Z,156.5949,437,ack
20260908T004113Z_p4-chaos-dead,cockroachdb,chaos-dead,thesis,01ff85c294945c8138a8326bbe68c7055b3604d1,2026-09-08T00:41:13.634512Z,2026-09-08T00:45:29.528578Z,156.9473,438,ack
20260908T004113Z_p4-chaos-dead,cockroachdb,chaos-dead,thesis,01ff85c294945c8138a8326bbe68c7055b3604d1,2026-09-08T00:41:13.634512Z,2026-09-08T00:45:29.528578Z,157.295,439,ack
20260908T004113Z_p4-chaos-dead,cockroachdb,chaos-dead,thesis,01ff85c294945c8138a8326bbe68c7055b3604d1,2026-09-08T00:41:13.634512Z,2026-09-08T00:45:29.528578Z,157.6459,440,ack
20260908T004113Z_p4-chaos-dead,cockroachdb,chaos-dead,thesis,01ff85c294945c8138a8326bbe68c7055b3604d1,2026-09-08T00:41:13.634512Z,2026-09-08T00:45:29.528578Z,157.9941,441,ack
20260908T004113Z_p4-chaos-dead,cockroachdb,chaos-dead,thesis,01ff85c294945c8138a8326bbe68c7055b3604d1,2026-09-08T00:41:13.634512Z,2026-09-08T00:45:29.528578Z,158.3758,442,ack
20260908T004113Z_p4-chaos-dead,cockroachdb,chaos-dead,thesis,01ff85c294945c8138a8326bbe68c7055b3604d1,2026-09-08T00:41:13.634512Z,2026-09-08T00:45:29.528578Z,158.7334,443,ack
20260908T004113Z_p4-chaos-dead,cockroachdb,chaos-dead,thesis,01ff85c294945c8138a8326bbe68c7055b3604d1,2026-09-08T00:41:13.634512Z,2026-09-08T00:45:29.528578Z,159.0944,444,ack
20260908T004113Z_p4-chaos-dead,cockroachdb,chaos-dead,thesis,01ff85c294945c8138a8326bbe68c7055b3604d1,2026-09-08T00:41:13.634512Z,2026-09-08T00:45:29.528578Z,159.4479,445,ack
20260908T004113Z_p4-chaos-dead,cockroachdb,chaos-dead,thesis,01ff85c294945c8138a8326bbe68c7055b3604d1,2026-09-08T00:41:13.634512Z,2026-09-08T00:45:29.528578Z,159.8073,446,ack
20260908T004113Z_p4-chaos-dead,cockroachdb,chaos-dead,thesis,01ff85c294945c8138a8326bbe68c7055b3604d1,2026-09-08T00:41:13.634512Z,2026-09-08T00:45:29.528578Z,160.1546,447,ack
20260908T004113Z_p4-chaos-dead,cockroachdb,chaos-dead,thesis,01ff85c294945c8138a8326bbe68c7055b3604d1,2026-09-08T00:41:13.634512Z,2026-09-08T00:45:29.528578Z,160.5195,448,ack
20260908T004113Z_p4-chaos-dead,cockroachdb,chaos-dead,thesis,01ff85c294945c8138a8326bbe68c7055b3604d1,2026-09-08T00:41:13.634512Z,2026-09-08T00:45:29.528578Z,160.8786,449,ack
20260908T004113Z_p4-chaos-dead,cockroachdb,chaos-dead,thesis,01ff85c294945c8138a8326bbe68c7055b3604d1,2026-09-08T00:41:13.634512Z,2026-09-08T00:45:29.528578Z,161.2334,450,ack
20260908T004113Z_p4-chaos-dead,cockroachdb,chaos-dead,thesis,01ff85c294945c8138a8326bbe68c7055b3604d1,2026-09-08T00:41:13.634512Z,2026-09-08T00:45:29.528578Z,161.5993,451,ack
20260908T004113Z_p4-chaos-dead,cockroachdb,chaos-dead,thesis,01ff85c294945c8138a8326bbe68c7055b3604d1,2026-09-08T00:41:13.634512Z,2026-09-08T00:45:29.528578Z,161.9474,452,ack
20260908T004113Z_p4-chaos-dead,cockroachdb,chaos-dead,thesis,01ff85c294945c8138a8326bbe68c7055b3604d1,2026-09-08T00:41:13.634512Z,2026-09-08T00:45:29.528578Z,162.3008,453,ack
20260908T004113Z_p4-chaos-dead,cockroachdb,chaos-dead,thesis,01ff85c294945c8138a8326bbe68c7055b3604d1,2026-09-08T00:41:13.634512Z,2026-09-08T00:45:29.528578Z,162.6526,454,ack
20260908T004113Z_p4-chaos-dead,cockroachdb,chaos-dead,thesis,01ff85c294945c8138a8326bbe68c7055b3604d1,2026-09-08T00:41:13.634512Z,2026-09-08T00:45:29.528578Z,163.0043,455,ack
20260908T004113Z_p4-chaos-dead,cockroachdb,chaos-dead,thesis,01ff85c294945c8138a8326bbe68c7055b3604d1,2026-09-08T00:41:13.634512Z,2026-09-08T00:45:29.528578Z,163.3603,456,ack
20260908T004113Z_p4-chaos-dead,cockroachdb,chaos-dead,thesis,01ff85c294945c8138a8326bbe68c7055b3604d1,2026-09-08T00:41:13.634512Z,2026-09-08T00:45:29.528578Z,163.7125,457,ack
20260908T004113Z_p4-chaos-dead,cockroachdb,chaos-dead,thesis,01ff85c294945c8138a8326bbe68c7055b3604d1,2026-09-08T00:41:13.634512Z,2026-09-08T00:45:29.528578Z,164.0676,458,ack
20260908T004113Z_p4-chaos-dead,cockroachdb,chaos-dead,thesis,01ff85c294945c8138a8326bbe68c7055b3604d1,2026-09-08T00:41:13.634512Z,2026-09-08T00:45:29.528578Z,164.4131,459,ack
20260908T004113Z_p4-chaos-dead,cockroachdb,chaos-dead,thesis,01ff85c294945c8138a8326bbe68c7055b3604d1,2026-09-08T00:41:13.634512Z,2026-09-08T00:45:29.528578Z,164.7629,460,ack
20260908T004113Z_p4-chaos-dead,cockroachdb,chaos-dead,thesis,01ff85c294945c8138a8326bbe68c7055b3604d1,2026-09-08T00:41:13.634512Z,2026-09-08T00:45:29.528578Z,165.1174,461,ack
20260908T004113Z_p4-chaos-dead,cockroachdb,chaos-dead,thesis,01ff85c294945c8138a8326bbe68c7055b3604d1,2026-09-08T00:41:13.634512Z,2026-09-08T00:45:29.528578Z,165.477,462,ack
20260908T004113Z_p4-chaos-dead,cockroachdb,chaos-dead,thesis,01ff85c294945c8138a8326bbe68c7055b3604d1,2026-09-08T00:41:13.634512Z,2026-09-08T00:45:29.528578Z,165.8399,463,ack
20260908T004113Z_p4-chaos-dead,cockroachdb,chaos-dead,thesis,01ff85c294945c8138a8326bbe68c7055b3604d1,2026-09-08T00:41:13.634512Z,2026-09-08T00:45:29.528578Z,166.2073,464,ack
20260908T004113Z_p4-chaos-dead,cockroachdb,chaos-dead,thesis,01ff85c294945c8138a8326bbe68c7055b3604d1,2026-09-08T00:41:13.634512Z,2026-09-08T00:45:29.528578Z,166.564,465,ack
20260908T004113Z_p4-chaos-dead,cockroachdb,chaos-dead,thesis,01ff85c294945c8138a8326bbe68c7055b3604d1,2026-09-08T00:41:13.634512Z,2026-09-08T00:45:29.528578Z,166.9334,466,ack
20260908T004113Z_p4-chaos-dead,cockroachdb,chaos-dead,thesis,01ff85c294945c8138a8326bbe68c7055b3604d1,2026-09-08T00:41:13.634512Z,2026-09-08T00:45:29.528578Z,167.2854,467,ack
20260908T004113Z_p4-chaos-dead,cockroachdb,chaos-dead,thesis,01ff85c294945c8138a8326bbe68c7055b3604d1,2026-09-08T00:41:13.634512Z,2026-09-08T00:45:29.528578Z,167.6457,468,ack
20260908T004113Z_p4-chaos-dead,cockroachdb,chaos-dead,thesis,01ff85c294945c8138a8326bbe68c7055b3604d1,2026-09-08T00:41:13.634512Z,2026-09-08T00:45:29.528578Z,167.9905,469,ack
20260908T004113Z_p4-chaos-dead,cockroachdb,chaos-dead,thesis,01ff85c294945c8138a8326bbe68c7055b3604d1,2026-09-08T00:41:13.634512Z,2026-09-08T00:45:29.528578Z,168.3596,470,ack
20260908T004113Z_p4-chaos-dead,cockroachdb,chaos-dead,thesis,01ff85c294945c8138a8326bbe68c7055b3604d1,2026-09-08T00:41:13.634512Z,2026-09-08T00:45:29.528578Z,168.7136,471,ack
20260908T004113Z_p4-chaos-dead,cockroachdb,chaos-dead,thesis,01ff85c294945c8138a8326bbe68c7055b3604d1,2026-09-08T00:41:13.634512Z,2026-09-08T00:45:29.528578Z,169.0743,472,ack
20260908T004113Z_p4-chaos-dead,cockroachdb,chaos-dead,thesis,01ff85c294945c8138a8326bbe68c7055b3604d1,2026-09-08T00:41:13.634512Z,2026-09-08T00:45:29.528578Z,169.4381,473,ack
20260908T004113Z_p4-chaos-dead,cockroachdb,chaos-dead,thesis,01ff85c294945c8138a8326bbe68c7055b3604d1,2026-09-08T00:41:13.634512Z,2026-09-08T00:45:29.528578Z,169.7934,474,ack
20260908T004113Z_p4-chaos-dead,cockroachdb,chaos-dead,thesis,01ff85c294945c8138a8326bbe68c7055b3604d1,2026-09-08T00:41:13.634512Z,2026-09-08T00:45:29.528578Z,170.1496,475,ack
20260908T004113Z_p4-chaos-dead,cockroachdb,chaos-dead,thesis,01ff85c294945c8138a8326bbe68c7055b3604d1,2026-09-08T00:41:13.634512Z,2026-09-08T00:45:29.528578Z,170.5144,476,ack
20260908T004113Z_p4-chaos-dead,cockroachdb,chaos-dead,thesis,01ff85c294945c8138a8326bbe68c7055b3604d1,2026-09-08T00:41:13.634512Z,2026-09-08T00:45:29.528578Z,170.8691,477,ack
20260908T004113Z_p4-chaos-dead,cockroachdb,chaos-dead,thesis,01ff85c294945c8138a8326bbe68c7055b3604d1,2026-09-08T00:41:13.634512Z,2026-09-08T00:45:29.528578Z,171.2235,478,ack
20260908T004113Z_p4-chaos-dead,cockroachdb,chaos-dead,thesis,01ff85c294945c8138a8326bbe68c7055b3604d1,2026-09-08T00:41:13.634512Z,2026-09-08T00:45:29.528578Z,171.5959,479,ack
20260908T004113Z_p4-chaos-dead,cockroachdb,chaos-dead,thesis,01ff85c294945c8138a8326bbe68c7055b3604d1,2026-09-08T00:41:13.634512Z,2026-09-08T00:45:29.528578Z,171.9539,480,ack
20260908T004113Z_p4-chaos-dead,cockroachdb,chaos-dead,thesis,01ff85c294945c8138a8326bbe68c7055b3604d1,2026-09-08T00:41:13.634512Z,2026-09-08T00:45:29.528578Z,172.3143,481,ack
20260908T004113Z_p4-chaos-dead,cockroachdb,chaos-dead,thesis,01ff85c294945c8138a8326bbe68c7055b3604d1,2026-09-08T00:41:13.634512Z,2026-09-08T00:45:29.528578Z,172.6774,482,ack
20260908T004113Z_p4-chaos-dead,cockroachdb,chaos-dead,thesis,01ff85c294945c8138a8326bbe68c7055b3604d1,2026-09-08T00:41:13.634512Z,2026-09-08T00:45:29.528578Z,173.0267,483,ack
20260908T004113Z_p4-chaos-dead,cockroachdb,chaos-dead,thesis,01ff85c294945c8138a8326bbe68c7055b3604d1,2026-09-08T00:41:13.634512Z,2026-09-08T00:45:29.528578Z,173.395,484,ack
20260908T004113Z_p4-chaos-dead,cockroachdb,chaos-dead,thesis,01ff85c294945c8138a8326bbe68c7055b3604d1,2026-09-08T00:41:13.634512Z,2026-09-08T00:45:29.528578Z,173.7523,485,ack
20260908T004113Z_p4-chaos-dead,cockroachdb,chaos-dead,thesis,01ff85c294945c8138a8326bbe68c7055b3604d1,2026-09-08T00:41:13.634512Z,2026-09-08T00:45:29.528578Z,174.1079,486,ack
20260908T004113Z_p4-chaos-dead,cockroachdb,chaos-dead,thesis,01ff85c294945c8138a8326bbe68c7055b3604d1,2026-09-08T00:41:13.634512Z,2026-09-08T00:45:29.528578Z,174.4738,487,ack
20260908T004113Z_p4-chaos-dead,cockroachdb,chaos-dead,thesis,01ff85c294945c8138a8326bbe68c7055b3604d1,2026-09-08T00:41:13.634512Z,2026-09-08T00:45:29.528578Z,174.8446,488,ack
20260908T004113Z_p4-chaos-dead,cockroachdb,chaos-dead,thesis,01ff85c294945c8138a8326bbe68c7055b3604d1,2026-09-08T00:41:13.634512Z,2026-09-08T00:45:29.528578Z,175.206,489,ack
20260908T004113Z_p4-chaos-dead,cockroachdb,chaos-dead,thesis,01ff85c294945c8138a8326bbe68c7055b3604d1,2026-09-08T00:41:13.634512Z,2026-09-08T00:45:29.528578Z,175.5732,490,ack
20260908T004113Z_p4-chaos-dead,cockroachdb,chaos-dead,thesis,01ff85c294945c8138a8326bbe68c7055b3604d1,2026-09-08T00:41:13.634512Z,2026-09-08T00:45:29.528578Z,175.9349,491,ack
20260908T004113Z_p4-chaos-dead,cockroachdb,chaos-dead,thesis,01ff85c294945c8138a8326bbe68c7055b3604d1,2026-09-08T00:41:13.634512Z,2026-09-08T00:45:29.528578Z,176.3435,492,ack
20260908T004113Z_p4-chaos-dead,cockroachdb,chaos-dead,thesis,01ff85c294945c8138a8326bbe68c7055b3604d1,2026-09-08T00:41:13.634512Z,2026-09-08T00:45:29.528578Z,176.7034,493,ack
20260908T004113Z_p4-chaos-dead,cockroachdb,chaos-dead,thesis,01ff85c294945c8138a8326bbe68c7055b3604d1,2026-09-08T00:41:13.634512Z,2026-09-08T00:45:29.528578Z,177.0532,494,ack
20260908T004113Z_p4-chaos-dead,cockroachdb,chaos-dead,thesis,01ff85c294945c8138a8326bbe68c7055b3604d1,2026-09-08T00:41:13.634512Z,2026-09-08T00:45:29.528578Z,177.4576,495,ack
20260908T004113Z_p4-chaos-dead,cockroachdb,chaos-dead,thesis,01ff85c294945c8138a8326bbe68c7055b3604d1,2026-09-08T00:41:13.634512Z,2026-09-08T00:45:29.528578Z,177.8363,496,ack
20260908T004113Z_p4-chaos-dead,cockroachdb,chaos-dead,thesis,01ff85c294945c8138a8326bbe68c7055b3604d1,2026-09-08T00:41:13.634512Z,2026-09-08T00:45:29.528578Z,178.1922,497,ack
20260908T004113Z_p4-chaos-dead,cockroachdb,chaos-dead,thesis,01ff85c294945c8138a8326bbe68c7055b3604d1,2026-09-08T00:41:13.634512Z,2026-09-08T00:45:29.528578Z,178.5497,498,ack
20260908T004113Z_p4-chaos-dead,cockroachdb,chaos-dead,thesis,01ff85c294945c8138a8326bbe68c7055b3604d1,2026-09-08T00:41:13.634512Z,2026-09-08T00:45:29.528578Z,178.9076,499,ack
20260908T004113Z_p4-chaos-dead,cockroachdb,chaos-dead,thesis,01ff85c294945c8138a8326bbe68c7055b3604d1,2026-09-08T00:41:13.634512Z,2026-09-08T00:45:29.528578Z,179.2675,500,ack
20260908T004113Z_p4-chaos-dead,cockroachdb,chaos-dead,thesis,01ff85c294945c8138a8326bbe68c7055b3604d1,2026-09-08T00:41:13.634512Z,2026-09-08T00:45:29.528578Z,179.6233,501,ack
20260908T004113Z_p4-chaos-dead,cockroachdb,chaos-dead,thesis,01ff85c294945c8138a8326bbe68c7055b3604d1,2026-09-08T00:41:13.634512Z,2026-09-08T00:45:29.528578Z,179.9757,502,ack
20260908T004113Z_p4-chaos-dead,cockroachdb,chaos-dead,thesis,01ff85c294945c8138a8326bbe68c7055b3604d1,2026-09-08T00:41:13.634512Z,2026-09-08T00:45:29.528578Z,180.3433,503,ack
20260908T004113Z_p4-chaos-dead,cockroachdb,chaos-dead,thesis,01ff85c294945c8138a8326bbe68c7055b3604d1,2026-09-08T00:41:13.634512Z,2026-09-08T00:45:29.528578Z,180.7037,504,ack
20260908T004113Z_p4-chaos-dead,cockroachdb,chaos-dead,thesis,01ff85c294945c8138a8326bbe68c7055b3604d1,2026-09-08T00:41:13.634512Z,2026-09-08T00:45:29.528578Z,181.0677,505,ack
20260908T004113Z_p4-chaos-dead,cockroachdb,chaos-dead,thesis,01ff85c294945c8138a8326bbe68c7055b3604d1,2026-09-08T00:41:13.634512Z,2026-09-08T00:45:29.528578Z,181.4377,506,ack
20260908T004113Z_p4-chaos-dead,cockroachdb,chaos-dead,thesis,01ff85c294945c8138a8326bbe68c7055b3604d1,2026-09-08T00:41:13.634512Z,2026-09-08T00:45:29.528578Z,181.8081,507,ack
20260908T004113Z_p4-chaos-dead,cockroachdb,chaos-dead,thesis,01ff85c294945c8138a8326bbe68c7055b3604d1,2026-09-08T00:41:13.634512Z,2026-09-08T00:45:29.528578Z,182.1835,508,ack
20260908T004113Z_p4-chaos-dead,cockroachdb,chaos-dead,thesis,01ff85c294945c8138a8326bbe68c7055b3604d1,2026-09-08T00:41:13.634512Z,2026-09-08T00:45:29.528578Z,182.5492,509,ack
20260908T004113Z_p4-chaos-dead,cockroachdb,chaos-dead,thesis,01ff85c294945c8138a8326bbe68c7055b3604d1,2026-09-08T00:41:13.634512Z,2026-09-08T00:45:29.528578Z,182.9035,510,ack
20260908T004113Z_p4-chaos-dead,cockroachdb,chaos-dead,thesis,01ff85c294945c8138a8326bbe68c7055b3604d1,2026-09-08T00:41:13.634512Z,2026-09-08T00:45:29.528578Z,183.2682,511,ack
20260908T004113Z_p4-chaos-dead,cockroachdb,chaos-dead,thesis,01ff85c294945c8138a8326bbe68c7055b3604d1,2026-09-08T00:41:13.634512Z,2026-09-08T00:45:29.528578Z,183.6077,512,ack
20260908T004113Z_p4-chaos-dead,cockroachdb,chaos-dead,thesis,01ff85c294945c8138a8326bbe68c7055b3604d1,2026-09-08T00:41:13.634512Z,2026-09-08T00:45:29.528578Z,183.9735,513,ack
20260908T004113Z_p4-chaos-dead,cockroachdb,chaos-dead,thesis,01ff85c294945c8138a8326bbe68c7055b3604d1,2026-09-08T00:41:13.634512Z,2026-09-08T00:45:29.528578Z,184.3257,514,ack
20260908T004113Z_p4-chaos-dead,cockroachdb,chaos-dead,thesis,01ff85c294945c8138a8326bbe68c7055b3604d1,2026-09-08T00:41:13.634512Z,2026-09-08T00:45:29.528578Z,184.6838,515,ack
20260908T004113Z_p4-chaos-dead,cockroachdb,chaos-dead,thesis,01ff85c294945c8138a8326bbe68c7055b3604d1,2026-09-08T00:41:13.634512Z,2026-09-08T00:45:29.528578Z,185.046,516,ack
20260908T004113Z_p4-chaos-dead,cockroachdb,chaos-dead,thesis,01ff85c294945c8138a8326bbe68c7055b3604d1,2026-09-08T00:41:13.634512Z,2026-09-08T00:45:29.528578Z,185.3946,517,ack
20260908T004113Z_p4-chaos-dead,cockroachdb,chaos-dead,thesis,01ff85c294945c8138a8326bbe68c7055b3604d1,2026-09-08T00:41:13.634512Z,2026-09-08T00:45:29.528578Z,185.7429,518,ack
20260908T004113Z_p4-chaos-dead,cockroachdb,chaos-dead,thesis,01ff85c294945c8138a8326bbe68c7055b3604d1,2026-09-08T00:41:13.634512Z,2026-09-08T00:45:29.528578Z,186.0895,519,ack
20260908T004113Z_p4-chaos-dead,cockroachdb,chaos-dead,thesis,01ff85c294945c8138a8326bbe68c7055b3604d1,2026-09-08T00:41:13.634512Z,2026-09-08T00:45:29.528578Z,186.4635,520,ack
20260908T004113Z_p4-chaos-dead,cockroachdb,chaos-dead,thesis,01ff85c294945c8138a8326bbe68c7055b3604d1,2026-09-08T00:41:13.634512Z,2026-09-08T00:45:29.528578Z,186.8143,521,ack
20260908T004113Z_p4-chaos-dead,cockroachdb,chaos-dead,thesis,01ff85c294945c8138a8326bbe68c7055b3604d1,2026-09-08T00:41:13.634512Z,2026-09-08T00:45:29.528578Z,187.1775,522,ack
20260908T004113Z_p4-chaos-dead,cockroachdb,chaos-dead,thesis,01ff85c294945c8138a8326bbe68c7055b3604d1,2026-09-08T00:41:13.634512Z,2026-09-08T00:45:29.528578Z,187.5434,523,ack
20260908T004113Z_p4-chaos-dead,cockroachdb,chaos-dead,thesis,01ff85c294945c8138a8326bbe68c7055b3604d1,2026-09-08T00:41:13.634512Z,2026-09-08T00:45:29.528578Z,187.914,524,ack
20260908T004113Z_p4-chaos-dead,cockroachdb,chaos-dead,thesis,01ff85c294945c8138a8326bbe68c7055b3604d1,2026-09-08T00:41:13.634512Z,2026-09-08T00:45:29.528578Z,188.3,525,ack
20260908T004113Z_p4-chaos-dead,cockroachdb,chaos-dead,thesis,01ff85c294945c8138a8326bbe68c7055b3604d1,2026-09-08T00:41:13.634512Z,2026-09-08T00:45:29.528578Z,188.685,526,ack
20260908T004113Z_p4-chaos-dead,cockroachdb,chaos-dead,thesis,01ff85c294945c8138a8326bbe68c7055b3604d1,2026-09-08T00:41:13.634512Z,2026-09-08T00:45:29.528578Z,189.0856,527,ack
20260908T004113Z_p4-chaos-dead,cockroachdb,chaos-dead,thesis,01ff85c294945c8138a8326bbe68c7055b3604d1,2026-09-08T00:41:13.634512Z,2026-09-08T00:45:29.528578Z,189.454,528,ack
20260908T004113Z_p4-chaos-dead,cockroachdb,chaos-dead,thesis,01ff85c294945c8138a8326bbe68c7055b3604d1,2026-09-08T00:41:13.634512Z,2026-09-08T00:45:29.528578Z,189.8333,529,ack
20260908T004113Z_p4-chaos-dead,cockroachdb,chaos-dead,thesis,01ff85c294945c8138a8326bbe68c7055b3604d1,2026-09-08T00:41:13.634512Z,2026-09-08T00:45:29.528578Z,190.1936,530,ack
20260908T004113Z_p4-chaos-dead,cockroachdb,chaos-dead,thesis,01ff85c294945c8138a8326bbe68c7055b3604d1,2026-09-08T00:41:13.634512Z,2026-09-08T00:45:29.528578Z,190.5562,531,ack
20260908T004113Z_p4-chaos-dead,cockroachdb,chaos-dead,thesis,01ff85c294945c8138a8326bbe68c7055b3604d1,2026-09-08T00:41:13.634512Z,2026-09-08T00:45:29.528578Z,190.9335,532,ack
20260908T004113Z_p4-chaos-dead,cockroachdb,chaos-dead,thesis,01ff85c294945c8138a8326bbe68c7055b3604d1,2026-09-08T00:41:13.634512Z,2026-09-08T00:45:29.528578Z,191.3059,533,ack
20260908T004113Z_p4-chaos-dead,cockroachdb,chaos-dead,thesis,01ff85c294945c8138a8326bbe68c7055b3604d1,2026-09-08T00:41:13.634512Z,2026-09-08T00:45:29.528578Z,191.6735,534,ack
20260908T004113Z_p4-chaos-dead,cockroachdb,chaos-dead,thesis,01ff85c294945c8138a8326bbe68c7055b3604d1,2026-09-08T00:41:13.634512Z,2026-09-08T00:45:29.528578Z,192.036,535,ack
20260908T004113Z_p4-chaos-dead,cockroachdb,chaos-dead,thesis,01ff85c294945c8138a8326bbe68c7055b3604d1,2026-09-08T00:41:13.634512Z,2026-09-08T00:45:29.528578Z,192.3858,536,ack
20260908T004113Z_p4-chaos-dead,cockroachdb,chaos-dead,thesis,01ff85c294945c8138a8326bbe68c7055b3604d1,2026-09-08T00:41:13.634512Z,2026-09-08T00:45:29.528578Z,192.7456,537,ack
20260908T004113Z_p4-chaos-dead,cockroachdb,chaos-dead,thesis,01ff85c294945c8138a8326bbe68c7055b3604d1,2026-09-08T00:41:13.634512Z,2026-09-08T00:45:29.528578Z,193.1157,538,ack
20260908T004113Z_p4-chaos-dead,cockroachdb,chaos-dead,thesis,01ff85c294945c8138a8326bbe68c7055b3604d1,2026-09-08T00:41:13.634512Z,2026-09-08T00:45:29.528578Z,193.4798,539,ack
20260908T004113Z_p4-chaos-dead,cockroachdb,chaos-dead,thesis,01ff85c294945c8138a8326bbe68c7055b3604d1,2026-09-08T00:41:13.634512Z,2026-09-08T00:45:29.528578Z,193.8496,540,ack
20260908T004113Z_p4-chaos-dead,cockroachdb,chaos-dead,thesis,01ff85c294945c8138a8326bbe68c7055b3604d1,2026-09-08T00:41:13.634512Z,2026-09-08T00:45:29.528578Z,194.2157,541,ack
20260908T004113Z_p4-chaos-dead,cockroachdb,chaos-dead,thesis,01ff85c294945c8138a8326bbe68c7055b3604d1,2026-09-08T00:41:13.634512Z,2026-09-08T00:45:29.528578Z,194.5786,542,ack
20260908T004113Z_p4-chaos-dead,cockroachdb,chaos-dead,thesis,01ff85c294945c8138a8326bbe68c7055b3604d1,2026-09-08T00:41:13.634512Z,2026-09-08T00:45:29.528578Z,194.9299,543,ack
20260908T004113Z_p4-chaos-dead,cockroachdb,chaos-dead,thesis,01ff85c294945c8138a8326bbe68c7055b3604d1,2026-09-08T00:41:13.634512Z,2026-09-08T00:45:29.528578Z,195.2875,544,ack
20260908T004113Z_p4-chaos-dead,cockroachdb,chaos-dead,thesis,01ff85c294945c8138a8326bbe68c7055b3604d1,2026-09-08T00:41:13.634512Z,2026-09-08T00:45:29.528578Z,195.6595,545,ack
20260908T004113Z_p4-chaos-dead,cockroachdb,chaos-dead,thesis,01ff85c294945c8138a8326bbe68c7055b3604d1,2026-09-08T00:41:13.634512Z,2026-09-08T00:45:29.528578Z,196.0263,546,ack
20260908T004113Z_p4-chaos-dead,cockroachdb,chaos-dead,thesis,01ff85c294945c8138a8326bbe68c7055b3604d1,2026-09-08T00:41:13.634512Z,2026-09-08T00:45:29.528578Z,196.3974,547,ack
20260908T004113Z_p4-chaos-dead,cockroachdb,chaos-dead,thesis,01ff85c294945c8138a8326bbe68c7055b3604d1,2026-09-08T00:41:13.634512Z,2026-09-08T00:45:29.528578Z,196.7643,548,ack
20260908T004113Z_p4-chaos-dead,cockroachdb,chaos-dead,thesis,01ff85c294945c8138a8326bbe68c7055b3604d1,2026-09-08T00:41:13.634512Z,2026-09-08T00:45:29.528578Z,197.1259,549,ack
20260908T004113Z_p4-chaos-dead,cockroachdb,chaos-dead,thesis,01ff85c294945c8138a8326bbe68c7055b3604d1,2026-09-08T00:41:13.634512Z,2026-09-08T00:45:29.528578Z,197.5056,550,ack
20260908T004113Z_p4-chaos-dead,cockroachdb,chaos-dead,thesis,01ff85c294945c8138a8326bbe68c7055b3604d1,2026-09-08T00:41:13.634512Z,2026-09-08T00:45:29.528578Z,197.8739,551,ack
20260908T004113Z_p4-chaos-dead,cockroachdb,chaos-dead,thesis,01ff85c294945c8138a8326bbe68c7055b3604d1,2026-09-08T00:41:13.634512Z,2026-09-08T00:45:29.528578Z,198.2806,552,ack
20260908T004113Z_p4-chaos-dead,cockroachdb,chaos-dead,thesis,01ff85c294945c8138a8326bbe68c7055b3604d1,2026-09-08T00:41:13.634512Z,2026-09-08T00:45:29.528578Z,198.6361,553,ack
20260908T004113Z_p4-chaos-dead,cockroachdb,chaos-dead,thesis,01ff85c294945c8138a8326bbe68c7055b3604d1,2026-09-08T00:41:13.634512Z,2026-09-08T00:45:29.528578Z,198.9837,554,ack
20260908T004113Z_p4-chaos-dead,cockroachdb,chaos-dead,thesis,01ff85c294945c8138a8326bbe68c7055b3604d1,2026-09-08T00:41:13.634512Z,2026-09-08T00:45:29.528578Z,199.344,555,ack
20260908T004113Z_p4-chaos-dead,cockroachdb,chaos-dead,thesis,01ff85c294945c8138a8326bbe68c7055b3604d1,2026-09-08T00:41:13.634512Z,2026-09-08T00:45:29.528578Z,199.7056,556,ack
20260908T004113Z_p4-chaos-dead,cockroachdb,chaos-dead,thesis,01ff85c294945c8138a8326bbe68c7055b3604d1,2026-09-08T00:41:13.634512Z,2026-09-08T00:45:29.528578Z,200.0634,557,ack
20260908T004113Z_p4-chaos-dead,cockroachdb,chaos-dead,thesis,01ff85c294945c8138a8326bbe68c7055b3604d1,2026-09-08T00:41:13.634512Z,2026-09-08T00:45:29.528578Z,200.4307,558,ack
20260908T004113Z_p4-chaos-dead,cockroachdb,chaos-dead,thesis,01ff85c294945c8138a8326bbe68c7055b3604d1,2026-09-08T00:41:13.634512Z,2026-09-08T00:45:29.528578Z,200.7897,559,ack
20260908T004113Z_p4-chaos-dead,cockroachdb,chaos-dead,thesis,01ff85c294945c8138a8326bbe68c7055b3604d1,2026-09-08T00:41:13.634512Z,2026-09-08T00:45:29.528578Z,201.1505,560,ack
20260908T004113Z_p4-chaos-dead,cockroachdb,chaos-dead,thesis,01ff85c294945c8138a8326bbe68c7055b3604d1,2026-09-08T00:41:13.634512Z,2026-09-08T00:45:29.528578Z,201.5379,561,ack
20260908T004113Z_p4-chaos-dead,cockroachdb,chaos-dead,thesis,01ff85c294945c8138a8326bbe68c7055b3604d1,2026-09-08T00:41:13.634512Z,2026-09-08T00:45:29.528578Z,201.9246,562,ack
20260908T004113Z_p4-chaos-dead,cockroachdb,chaos-dead,thesis,01ff85c294945c8138a8326bbe68c7055b3604d1,2026-09-08T00:41:13.634512Z,2026-09-08T00:45:29.528578Z,202.2939,563,ack
20260908T004113Z_p4-chaos-dead,cockroachdb,chaos-dead,thesis,01ff85c294945c8138a8326bbe68c7055b3604d1,2026-09-08T00:41:13.634512Z,2026-09-08T00:45:29.528578Z,202.656,564,ack
20260908T004113Z_p4-chaos-dead,cockroachdb,chaos-dead,thesis,01ff85c294945c8138a8326bbe68c7055b3604d1,2026-09-08T00:41:13.634512Z,2026-09-08T00:45:29.528578Z,203.0155,565,ack
20260908T004113Z_p4-chaos-dead,cockroachdb,chaos-dead,thesis,01ff85c294945c8138a8326bbe68c7055b3604d1,2026-09-08T00:41:13.634512Z,2026-09-08T00:45:29.528578Z,203.3681,566,ack
20260908T004113Z_p4-chaos-dead,cockroachdb,chaos-dead,thesis,01ff85c294945c8138a8326bbe68c7055b3604d1,2026-09-08T00:41:13.634512Z,2026-09-08T00:45:29.528578Z,203.7223,567,ack
20260908T004113Z_p4-chaos-dead,cockroachdb,chaos-dead,thesis,01ff85c294945c8138a8326bbe68c7055b3604d1,2026-09-08T00:41:13.634512Z,2026-09-08T00:45:29.528578Z,204.0773,568,ack
20260908T004113Z_p4-chaos-dead,cockroachdb,chaos-dead,thesis,01ff85c294945c8138a8326bbe68c7055b3604d1,2026-09-08T00:41:13.634512Z,2026-09-08T00:45:29.528578Z,204.428,569,ack
20260908T004113Z_p4-chaos-dead,cockroachdb,chaos-dead,thesis,01ff85c294945c8138a8326bbe68c7055b3604d1,2026-09-08T00:41:13.634512Z,2026-09-08T00:45:29.528578Z,204.8028,570,ack
20260908T004113Z_p4-chaos-dead,cockroachdb,chaos-dead,thesis,01ff85c294945c8138a8326bbe68c7055b3604d1,2026-09-08T00:41:13.634512Z,2026-09-08T00:45:29.528578Z,205.1661,571,ack
20260908T004113Z_p4-chaos-dead,cockroachdb,chaos-dead,thesis,01ff85c294945c8138a8326bbe68c7055b3604d1,2026-09-08T00:41:13.634512Z,2026-09-08T00:45:29.528578Z,205.5262,572,ack
20260908T004113Z_p4-chaos-dead,cockroachdb,chaos-dead,thesis,01ff85c294945c8138a8326bbe68c7055b3604d1,2026-09-08T00:41:13.634512Z,2026-09-08T00:45:29.528578Z,205.88,573,ack
20260908T004113Z_p4-chaos-dead,cockroachdb,chaos-dead,thesis,01ff85c294945c8138a8326bbe68c7055b3604d1,2026-09-08T00:41:13.634512Z,2026-09-08T00:45:29.528578Z,206.2544,574,ack
20260908T004113Z_p4-chaos-dead,cockroachdb,chaos-dead,thesis,01ff85c294945c8138a8326bbe68c7055b3604d1,2026-09-08T00:41:13.634512Z,2026-09-08T00:45:29.528578Z,206.6508,575,ack
20260908T004113Z_p4-chaos-dead,cockroachdb,chaos-dead,thesis,01ff85c294945c8138a8326bbe68c7055b3604d1,2026-09-08T00:41:13.634512Z,2026-09-08T00:45:29.528578Z,207.0079,576,ack
20260908T004113Z_p4-chaos-dead,cockroachdb,chaos-dead,thesis,01ff85c294945c8138a8326bbe68c7055b3604d1,2026-09-08T00:41:13.634512Z,2026-09-08T00:45:29.528578Z,207.3996,577,ack
20260908T004113Z_p4-chaos-dead,cockroachdb,chaos-dead,thesis,01ff85c294945c8138a8326bbe68c7055b3604d1,2026-09-08T00:41:13.634512Z,2026-09-08T00:45:29.528578Z,207.7576,578,ack
20260908T004113Z_p4-chaos-dead,cockroachdb,chaos-dead,thesis,01ff85c294945c8138a8326bbe68c7055b3604d1,2026-09-08T00:41:13.634512Z,2026-09-08T00:45:29.528578Z,208.1212,579,ack
20260908T004113Z_p4-chaos-dead,cockroachdb,chaos-dead,thesis,01ff85c294945c8138a8326bbe68c7055b3604d1,2026-09-08T00:41:13.634512Z,2026-09-08T00:45:29.528578Z,208.5046,580,ack
20260908T004113Z_p4-chaos-dead,cockroachdb,chaos-dead,thesis,01ff85c294945c8138a8326bbe68c7055b3604d1,2026-09-08T00:41:13.634512Z,2026-09-08T00:45:29.528578Z,208.8845,581,ack
20260908T004113Z_p4-chaos-dead,cockroachdb,chaos-dead,thesis,01ff85c294945c8138a8326bbe68c7055b3604d1,2026-09-08T00:41:13.634512Z,2026-09-08T00:45:29.528578Z,209.2358,582,ack
20260908T004113Z_p4-chaos-dead,cockroachdb,chaos-dead,thesis,01ff85c294945c8138a8326bbe68c7055b3604d1,2026-09-08T00:41:13.634512Z,2026-09-08T00:45:29.528578Z,209.6258,583,ack
20260908T004113Z_p4-chaos-dead,cockroachdb,chaos-dead,thesis,01ff85c294945c8138a8326bbe68c7055b3604d1,2026-09-08T00:41:13.634512Z,2026-09-08T00:45:29.528578Z,209.9679,584,ack
20260908T004113Z_p4-chaos-dead,cockroachdb,chaos-dead,thesis,01ff85c294945c8138a8326bbe68c7055b3604d1,2026-09-08T00:41:13.634512Z,2026-09-08T00:45:29.528578Z,210.3367,585,ack
20260908T004113Z_p4-chaos-dead,cockroachdb,chaos-dead,thesis,01ff85c294945c8138a8326bbe68c7055b3604d1,2026-09-08T00:41:13.634512Z,2026-09-08T00:45:29.528578Z,210.7241,586,ack
20260908T004113Z_p4-chaos-dead,cockroachdb,chaos-dead,thesis,01ff85c294945c8138a8326bbe68c7055b3604d1,2026-09-08T00:41:13.634512Z,2026-09-08T00:45:29.528578Z,211.1004,587,ack
20260908T004113Z_p4-chaos-dead,cockroachdb,chaos-dead,thesis,01ff85c294945c8138a8326bbe68c7055b3604d1,2026-09-08T00:41:13.634512Z,2026-09-08T00:45:29.528578Z,211.4605,588,ack
20260908T004113Z_p4-chaos-dead,cockroachdb,chaos-dead,thesis,01ff85c294945c8138a8326bbe68c7055b3604d1,2026-09-08T00:41:13.634512Z,2026-09-08T00:45:29.528578Z,211.8255,589,ack
20260908T004113Z_p4-chaos-dead,cockroachdb,chaos-dead,thesis,01ff85c294945c8138a8326bbe68c7055b3604d1,2026-09-08T00:41:13.634512Z,2026-09-08T00:45:29.528578Z,212.196,590,ack
20260908T004113Z_p4-chaos-dead,cockroachdb,chaos-dead,thesis,01ff85c294945c8138a8326bbe68c7055b3604d1,2026-09-08T00:41:13.634512Z,2026-09-08T00:45:29.528578Z,212.5622,591,ack
20260908T004113Z_p4-chaos-dead,cockroachdb,chaos-dead,thesis,01ff85c294945c8138a8326bbe68c7055b3604d1,2026-09-08T00:41:13.634512Z,2026-09-08T00:45:29.528578Z,212.9144,592,ack
20260908T004113Z_p4-chaos-dead,cockroachdb,chaos-dead,thesis,01ff85c294945c8138a8326bbe68c7055b3604d1,2026-09-08T00:41:13.634512Z,2026-09-08T00:45:29.528578Z,213.2659,593,ack
20260908T004113Z_p4-chaos-dead,cockroachdb,chaos-dead,thesis,01ff85c294945c8138a8326bbe68c7055b3604d1,2026-09-08T00:41:13.634512Z,2026-09-08T00:45:29.528578Z,213.613,594,ack
20260908T004113Z_p4-chaos-dead,cockroachdb,chaos-dead,thesis,01ff85c294945c8138a8326bbe68c7055b3604d1,2026-09-08T00:41:13.634512Z,2026-09-08T00:45:29.528578Z,213.9691,595,ack
20260908T004113Z_p4-chaos-dead,cockroachdb,chaos-dead,thesis,01ff85c294945c8138a8326bbe68c7055b3604d1,2026-09-08T00:41:13.634512Z,2026-09-08T00:45:29.528578Z,214.3246,596,ack
20260908T004113Z_p4-chaos-dead,cockroachdb,chaos-dead,thesis,01ff85c294945c8138a8326bbe68c7055b3604d1,2026-09-08T00:41:13.634512Z,2026-09-08T00:45:29.528578Z,214.6841,597,ack
20260908T004113Z_p4-chaos-dead,cockroachdb,chaos-dead,thesis,01ff85c294945c8138a8326bbe68c7055b3604d1,2026-09-08T00:41:13.634512Z,2026-09-08T00:45:29.528578Z,215.039,598,ack
20260908T004113Z_p4-chaos-dead,cockroachdb,chaos-dead,thesis,01ff85c294945c8138a8326bbe68c7055b3604d1,2026-09-08T00:41:13.634512Z,2026-09-08T00:45:29.528578Z,215.3999,599,ack
20260908T004113Z_p4-chaos-dead,cockroachdb,chaos-dead,thesis,01ff85c294945c8138a8326bbe68c7055b3604d1,2026-09-08T00:41:13.634512Z,2026-09-08T00:45:29.528578Z,215.7545,600,ack
20260908T004113Z_p4-chaos-dead,cockroachdb,chaos-dead,thesis,01ff85c294945c8138a8326bbe68c7055b3604d1,2026-09-08T00:41:13.634512Z,2026-09-08T00:45:29.528578Z,216.1139,601,ack
20260908T004113Z_p4-chaos-dead,cockroachdb,chaos-dead,thesis,01ff85c294945c8138a8326bbe68c7055b3604d1,2026-09-08T00:41:13.634512Z,2026-09-08T00:45:29.528578Z,216.4693,602,ack
20260908T004113Z_p4-chaos-dead,cockroachdb,chaos-dead,thesis,01ff85c294945c8138a8326bbe68c7055b3604d1,2026-09-08T00:41:13.634512Z,2026-09-08T00:45:29.528578Z,216.8238,603,ack
20260908T004113Z_p4-chaos-dead,cockroachdb,chaos-dead,thesis,01ff85c294945c8138a8326bbe68c7055b3604d1,2026-09-08T00:41:13.634512Z,2026-09-08T00:45:29.528578Z,217.1742,604,ack
20260908T004113Z_p4-chaos-dead,cockroachdb,chaos-dead,thesis,01ff85c294945c8138a8326bbe68c7055b3604d1,2026-09-08T00:41:13.634512Z,2026-09-08T00:45:29.528578Z,217.5382,605,ack
20260908T004113Z_p4-chaos-dead,cockroachdb,chaos-dead,thesis,01ff85c294945c8138a8326bbe68c7055b3604d1,2026-09-08T00:41:13.634512Z,2026-09-08T00:45:29.528578Z,217.9378,606,ack
20260908T004113Z_p4-chaos-dead,cockroachdb,chaos-dead,thesis,01ff85c294945c8138a8326bbe68c7055b3604d1,2026-09-08T00:41:13.634512Z,2026-09-08T00:45:29.528578Z,218.2988,607,ack
20260908T004113Z_p4-chaos-dead,cockroachdb,chaos-dead,thesis,01ff85c294945c8138a8326bbe68c7055b3604d1,2026-09-08T00:41:13.634512Z,2026-09-08T00:45:29.528578Z,218.6681,608,ack
20260908T004113Z_p4-chaos-dead,cockroachdb,chaos-dead,thesis,01ff85c294945c8138a8326bbe68c7055b3604d1,2026-09-08T00:41:13.634512Z,2026-09-08T00:45:29.528578Z,219.0339,609,ack
20260908T004113Z_p4-chaos-dead,cockroachdb,chaos-dead,thesis,01ff85c294945c8138a8326bbe68c7055b3604d1,2026-09-08T00:41:13.634512Z,2026-09-08T00:45:29.528578Z,219.3992,610,ack
20260908T004113Z_p4-chaos-dead,cockroachdb,chaos-dead,thesis,01ff85c294945c8138a8326bbe68c7055b3604d1,2026-09-08T00:41:13.634512Z,2026-09-08T00:45:29.528578Z,219.7478,611,ack
20260908T004113Z_p4-chaos-dead,cockroachdb,chaos-dead,thesis,01ff85c294945c8138a8326bbe68c7055b3604d1,2026-09-08T00:41:13.634512Z,2026-09-08T00:45:29.528578Z,220.1007,612,ack
20260908T004113Z_p4-chaos-dead,cockroachdb,chaos-dead,thesis,01ff85c294945c8138a8326bbe68c7055b3604d1,2026-09-08T00:41:13.634512Z,2026-09-08T00:45:29.528578Z,220.454,613,ack
20260908T004113Z_p4-chaos-dead,cockroachdb,chaos-dead,thesis,01ff85c294945c8138a8326bbe68c7055b3604d1,2026-09-08T00:41:13.634512Z,2026-09-08T00:45:29.528578Z,220.8182,614,ack
20260908T004113Z_p4-chaos-dead,cockroachdb,chaos-dead,thesis,01ff85c294945c8138a8326bbe68c7055b3604d1,2026-09-08T00:41:13.634512Z,2026-09-08T00:45:29.528578Z,221.1833,615,ack
20260908T004113Z_p4-chaos-dead,cockroachdb,chaos-dead,thesis,01ff85c294945c8138a8326bbe68c7055b3604d1,2026-09-08T00:41:13.634512Z,2026-09-08T00:45:29.528578Z,221.534,616,ack
20260908T004113Z_p4-chaos-dead,cockroachdb,chaos-dead,thesis,01ff85c294945c8138a8326bbe68c7055b3604d1,2026-09-08T00:41:13.634512Z,2026-09-08T00:45:29.528578Z,221.884,617,ack
20260908T004113Z_p4-chaos-dead,cockroachdb,chaos-dead,thesis,01ff85c294945c8138a8326bbe68c7055b3604d1,2026-09-08T00:41:13.634512Z,2026-09-08T00:45:29.528578Z,222.2459,618,ack
20260908T004113Z_p4-chaos-dead,cockroachdb,chaos-dead,thesis,01ff85c294945c8138a8326bbe68c7055b3604d1,2026-09-08T00:41:13.634512Z,2026-09-08T00:45:29.528578Z,222.5935,619,ack
20260908T004113Z_p4-chaos-dead,cockroachdb,chaos-dead,thesis,01ff85c294945c8138a8326bbe68c7055b3604d1,2026-09-08T00:41:13.634512Z,2026-09-08T00:45:29.528578Z,222.954,620,ack
20260908T004113Z_p4-chaos-dead,cockroachdb,chaos-dead,thesis,01ff85c294945c8138a8326bbe68c7055b3604d1,2026-09-08T00:41:13.634512Z,2026-09-08T00:45:29.528578Z,223.3185,621,ack
20260908T004113Z_p4-chaos-dead,cockroachdb,chaos-dead,thesis,01ff85c294945c8138a8326bbe68c7055b3604d1,2026-09-08T00:41:13.634512Z,2026-09-08T00:45:29.528578Z,223.6688,622,ack
20260908T004113Z_p4-chaos-dead,cockroachdb,chaos-dead,thesis,01ff85c294945c8138a8326bbe68c7055b3604d1,2026-09-08T00:41:13.634512Z,2026-09-08T00:45:29.528578Z,224.0533,623,ack
20260908T004113Z_p4-chaos-dead,cockroachdb,chaos-dead,thesis,01ff85c294945c8138a8326bbe68c7055b3604d1,2026-09-08T00:41:13.634512Z,2026-09-08T00:45:29.528578Z,224.4161,624,ack
20260908T004113Z_p4-chaos-dead,cockroachdb,chaos-dead,thesis,01ff85c294945c8138a8326bbe68c7055b3604d1,2026-09-08T00:41:13.634512Z,2026-09-08T00:45:29.528578Z,224.7809,625,ack
20260908T004113Z_p4-chaos-dead,cockroachdb,chaos-dead,thesis,01ff85c294945c8138a8326bbe68c7055b3604d1,2026-09-08T00:41:13.634512Z,2026-09-08T00:45:29.528578Z,225.1449,626,ack
20260908T004113Z_p4-chaos-dead,cockroachdb,chaos-dead,thesis,01ff85c294945c8138a8326bbe68c7055b3604d1,2026-09-08T00:41:13.634512Z,2026-09-08T00:45:29.528578Z,225.5204,627,ack
20260908T004113Z_p4-chaos-dead,cockroachdb,chaos-dead,thesis,01ff85c294945c8138a8326bbe68c7055b3604d1,2026-09-08T00:41:13.634512Z,2026-09-08T00:45:29.528578Z,225.8939,628,ack
20260908T004113Z_p4-chaos-dead,cockroachdb,chaos-dead,thesis,01ff85c294945c8138a8326bbe68c7055b3604d1,2026-09-08T00:41:13.634512Z,2026-09-08T00:45:29.528578Z,226.2506,629,ack
20260908T004113Z_p4-chaos-dead,cockroachdb,chaos-dead,thesis,01ff85c294945c8138a8326bbe68c7055b3604d1,2026-09-08T00:41:13.634512Z,2026-09-08T00:45:29.528578Z,226.6081,630,ack
20260908T004113Z_p4-chaos-dead,cockroachdb,chaos-dead,thesis,01ff85c294945c8138a8326bbe68c7055b3604d1,2026-09-08T00:41:13.634512Z,2026-09-08T00:45:29.528578Z,226.964,631,ack
20260908T004113Z_p4-chaos-dead,cockroachdb,chaos-dead,thesis,01ff85c294945c8138a8326bbe68c7055b3604d1,2026-09-08T00:41:13.634512Z,2026-09-08T00:45:29.528578Z,227.3261,632,ack
20260908T004113Z_p4-chaos-dead,cockroachdb,chaos-dead,thesis,01ff85c294945c8138a8326bbe68c7055b3604d1,2026-09-08T00:41:13.634512Z,2026-09-08T00:45:29.528578Z,227.7086,633,ack
20260908T004113Z_p4-chaos-dead,cockroachdb,chaos-dead,thesis,01ff85c294945c8138a8326bbe68c7055b3604d1,2026-09-08T00:41:13.634512Z,2026-09-08T00:45:29.528578Z,228.0743,634,ack
20260908T004113Z_p4-chaos-dead,cockroachdb,chaos-dead,thesis,01ff85c294945c8138a8326bbe68c7055b3604d1,2026-09-08T00:41:13.634512Z,2026-09-08T00:45:29.528578Z,228.4346,635,ack
20260908T004113Z_p4-chaos-dead,cockroachdb,chaos-dead,thesis,01ff85c294945c8138a8326bbe68c7055b3604d1,2026-09-08T00:41:13.634512Z,2026-09-08T00:45:29.528578Z,228.7862,636,ack
20260908T004113Z_p4-chaos-dead,cockroachdb,chaos-dead,thesis,01ff85c294945c8138a8326bbe68c7055b3604d1,2026-09-08T00:41:13.634512Z,2026-09-08T00:45:29.528578Z,229.1361,637,ack
20260908T004113Z_p4-chaos-dead,cockroachdb,chaos-dead,thesis,01ff85c294945c8138a8326bbe68c7055b3604d1,2026-09-08T00:41:13.634512Z,2026-09-08T00:45:29.528578Z,229.494,638,ack
20260908T004113Z_p4-chaos-dead,cockroachdb,chaos-dead,thesis,01ff85c294945c8138a8326bbe68c7055b3604d1,2026-09-08T00:41:13.634512Z,2026-09-08T00:45:29.528578Z,229.8648,639,ack
20260908T004113Z_p4-chaos-dead,cockroachdb,chaos-dead,thesis,01ff85c294945c8138a8326bbe68c7055b3604d1,2026-09-08T00:41:13.634512Z,2026-09-08T00:45:29.528578Z,230.2254,640,ack
20260908T004113Z_p4-chaos-dead,cockroachdb,chaos-dead,thesis,01ff85c294945c8138a8326bbe68c7055b3604d1,2026-09-08T00:41:13.634512Z,2026-09-08T00:45:29.528578Z,230.6188,641,ack
20260908T004113Z_p4-chaos-dead,cockroachdb,chaos-dead,thesis,01ff85c294945c8138a8326bbe68c7055b3604d1,2026-09-08T00:41:13.634512Z,2026-09-08T00:45:29.528578Z,231.0163,642,ack
20260908T004113Z_p4-chaos-dead,cockroachdb,chaos-dead,thesis,01ff85c294945c8138a8326bbe68c7055b3604d1,2026-09-08T00:41:13.634512Z,2026-09-08T00:45:29.528578Z,231.4284,643,ack
20260908T004113Z_p4-chaos-dead,cockroachdb,chaos-dead,thesis,01ff85c294945c8138a8326bbe68c7055b3604d1,2026-09-08T00:41:13.634512Z,2026-09-08T00:45:29.528578Z,231.8386,644,ack
20260908T004113Z_p4-chaos-dead,cockroachdb,chaos-dead,thesis,01ff85c294945c8138a8326bbe68c7055b3604d1,2026-09-08T00:41:13.634512Z,2026-09-08T00:45:29.528578Z,232.1943,645,ack
20260908T004113Z_p4-chaos-dead,cockroachdb,chaos-dead,thesis,01ff85c294945c8138a8326bbe68c7055b3604d1,2026-09-08T00:41:13.634512Z,2026-09-08T00:45:29.528578Z,232.5579,646,ack
20260908T004113Z_p4-chaos-dead,cockroachdb,chaos-dead,thesis,01ff85c294945c8138a8326bbe68c7055b3604d1,2026-09-08T00:41:13.634512Z,2026-09-08T00:45:29.528578Z,232.9082,647,ack
20260908T004113Z_p4-chaos-dead,cockroachdb,chaos-dead,thesis,01ff85c294945c8138a8326bbe68c7055b3604d1,2026-09-08T00:41:13.634512Z,2026-09-08T00:45:29.528578Z,233.2739,648,ack
20260908T004113Z_p4-chaos-dead,cockroachdb,chaos-dead,thesis,01ff85c294945c8138a8326bbe68c7055b3604d1,2026-09-08T00:41:13.634512Z,2026-09-08T00:45:29.528578Z,233.6361,649,ack
20260908T004113Z_p4-chaos-dead,cockroachdb,chaos-dead,thesis,01ff85c294945c8138a8326bbe68c7055b3604d1,2026-09-08T00:41:13.634512Z,2026-09-08T00:45:29.528578Z,233.9878,650,ack
20260908T004113Z_p4-chaos-dead,cockroachdb,chaos-dead,thesis,01ff85c294945c8138a8326bbe68c7055b3604d1,2026-09-08T00:41:13.634512Z,2026-09-08T00:45:29.528578Z,234.3341,651,ack
20260908T004113Z_p4-chaos-dead,cockroachdb,chaos-dead,thesis,01ff85c294945c8138a8326bbe68c7055b3604d1,2026-09-08T00:41:13.634512Z,2026-09-08T00:45:29.528578Z,234.6841,652,ack
20260908T004113Z_p4-chaos-dead,cockroachdb,chaos-dead,thesis,01ff85c294945c8138a8326bbe68c7055b3604d1,2026-09-08T00:41:13.634512Z,2026-09-08T00:45:29.528578Z,235.0355,653,ack
20260908T004113Z_p4-chaos-dead,cockroachdb,chaos-dead,thesis,01ff85c294945c8138a8326bbe68c7055b3604d1,2026-09-08T00:41:13.634512Z,2026-09-08T00:45:29.528578Z,235.3835,654,ack
20260908T004113Z_p4-chaos-dead,cockroachdb,chaos-dead,thesis,01ff85c294945c8138a8326bbe68c7055b3604d1,2026-09-08T00:41:13.634512Z,2026-09-08T00:45:29.528578Z,235.7449,655,ack
20260908T004113Z_p4-chaos-dead,cockroachdb,chaos-dead,thesis,01ff85c294945c8138a8326bbe68c7055b3604d1,2026-09-08T00:41:13.634512Z,2026-09-08T00:45:29.528578Z,236.0944,656,ack
20260908T004113Z_p4-chaos-dead,cockroachdb,chaos-dead,thesis,01ff85c294945c8138a8326bbe68c7055b3604d1,2026-09-08T00:41:13.634512Z,2026-09-08T00:45:29.528578Z,236.4456,657,ack
20260908T004113Z_p4-chaos-dead,cockroachdb,chaos-dead,thesis,01ff85c294945c8138a8326bbe68c7055b3604d1,2026-09-08T00:41:13.634512Z,2026-09-08T00:45:29.528578Z,236.8063,658,ack
20260908T004113Z_p4-chaos-dead,cockroachdb,chaos-dead,thesis,01ff85c294945c8138a8326bbe68c7055b3604d1,2026-09-08T00:41:13.634512Z,2026-09-08T00:45:29.528578Z,237.1686,659,ack
20260908T004113Z_p4-chaos-dead,cockroachdb,chaos-dead,thesis,01ff85c294945c8138a8326bbe68c7055b3604d1,2026-09-08T00:41:13.634512Z,2026-09-08T00:45:29.528578Z,237.5398,660,ack
20260908T004113Z_p4-chaos-dead,cockroachdb,chaos-dead,thesis,01ff85c294945c8138a8326bbe68c7055b3604d1,2026-09-08T00:41:13.634512Z,2026-09-08T00:45:29.528578Z,237.9009,661,ack
20260908T004113Z_p4-chaos-dead,cockroachdb,chaos-dead,thesis,01ff85c294945c8138a8326bbe68c7055b3604d1,2026-09-08T00:41:13.634512Z,2026-09-08T00:45:29.528578Z,238.2589,662,ack
20260908T004113Z_p4-chaos-dead,cockroachdb,chaos-dead,thesis,01ff85c294945c8138a8326bbe68c7055b3604d1,2026-09-08T00:41:13.634512Z,2026-09-08T00:45:29.528578Z,238.6181,663,ack
20260908T004113Z_p4-chaos-dead,cockroachdb,chaos-dead,thesis,01ff85c294945c8138a8326bbe68c7055b3604d1,2026-09-08T00:41:13.634512Z,2026-09-08T00:45:29.528578Z,238.9803,664,ack
20260908T004113Z_p4-chaos-dead,cockroachdb,chaos-dead,thesis,01ff85c294945c8138a8326bbe68c7055b3604d1,2026-09-08T00:41:13.634512Z,2026-09-08T00:45:29.528578Z,239.3329,665,ack
20260908T004113Z_p4-chaos-dead,cockroachdb,chaos-dead,thesis,01ff85c294945c8138a8326bbe68c7055b3604d1,2026-09-08T00:41:13.634512Z,2026-09-08T00:45:29.528578Z,239.6794,666,ack
20260908T004113Z_p4-chaos-dead,cockroachdb,chaos-dead,thesis,01ff85c294945c8138a8326bbe68c7055b3604d1,2026-09-08T00:41:13.634512Z,2026-09-08T00:45:29.528578Z,240.0445,667,ack
20260908T004113Z_p4-chaos-dead,cockroachdb,chaos-dead,thesis,01ff85c294945c8138a8326bbe68c7055b3604d1,2026-09-08T00:41:13.634512Z,2026-09-08T00:45:29.528578Z,240.3996,668,ack
20260908T004113Z_p4-chaos-dead,cockroachdb,chaos-dead,thesis,01ff85c294945c8138a8326bbe68c7055b3604d1,2026-09-08T00:41:13.634512Z,2026-09-08T00:45:29.528578Z,240.7666,669,ack
20260908T004113Z_p4-chaos-dead,cockroachdb,chaos-dead,thesis,01ff85c294945c8138a8326bbe68c7055b3604d1,2026-09-08T00:41:13.634512Z,2026-09-08T00:45:29.528578Z,241.1247,670,ack
20260908T004113Z_p4-chaos-dead,cockroachdb,chaos-dead,thesis,01ff85c294945c8138a8326bbe68c7055b3604d1,2026-09-08T00:41:13.634512Z,2026-09-08T00:45:29.528578Z,241.504,671,ack
20260908T004113Z_p4-chaos-dead,cockroachdb,chaos-dead,thesis,01ff85c294945c8138a8326bbe68c7055b3604d1,2026-09-08T00:41:13.634512Z,2026-09-08T00:45:29.528578Z,241.8859,672,ack
20260908T004113Z_p4-chaos-dead,cockroachdb,chaos-dead,thesis,01ff85c294945c8138a8326bbe68c7055b3604d1,2026-09-08T00:41:13.634512Z,2026-09-08T00:45:29.528578Z,242.2731,673,ack
20260908T004113Z_p4-chaos-dead,cockroachdb,chaos-dead,thesis,01ff85c294945c8138a8326bbe68c7055b3604d1,2026-09-08T00:41:13.634512Z,2026-09-08T00:45:29.528578Z,242.6437,674,ack
20260908T004113Z_p4-chaos-dead,cockroachdb,chaos-dead,thesis,01ff85c294945c8138a8326bbe68c7055b3604d1,2026-09-08T00:41:13.634512Z,2026-09-08T00:45:29.528578Z,242.9988,675,ack
20260908T004113Z_p4-chaos-dead,cockroachdb,chaos-dead,thesis,01ff85c294945c8138a8326bbe68c7055b3604d1,2026-09-08T00:41:13.634512Z,2026-09-08T00:45:29.528578Z,243.355,676,ack
20260908T004113Z_p4-chaos-dead,cockroachdb,chaos-dead,thesis,01ff85c294945c8138a8326bbe68c7055b3604d1,2026-09-08T00:41:13.634512Z,2026-09-08T00:45:29.528578Z,243.7094,677,ack
20260908T004113Z_p4-chaos-dead,cockroachdb,chaos-dead,thesis,01ff85c294945c8138a8326bbe68c7055b3604d1,2026-09-08T00:41:13.634512Z,2026-09-08T00:45:29.528578Z,244.0603,678,ack
20260908T004113Z_p4-chaos-dead,cockroachdb,chaos-dead,thesis,01ff85c294945c8138a8326bbe68c7055b3604d1,2026-09-08T00:41:13.634512Z,2026-09-08T00:45:29.528578Z,244.4112,679,ack
20260908T004113Z_p4-chaos-dead,cockroachdb,chaos-dead,thesis,01ff85c294945c8138a8326bbe68c7055b3604d1,2026-09-08T00:41:13.634512Z,2026-09-08T00:45:29.528578Z,244.7657,680,ack
20260908T004113Z_p4-chaos-dead,cockroachdb,chaos-dead,thesis,01ff85c294945c8138a8326bbe68c7055b3604d1,2026-09-08T00:41:13.634512Z,2026-09-08T00:45:29.528578Z,245.1216,681,ack
20260908T004113Z_p4-chaos-dead,cockroachdb,chaos-dead,thesis,01ff85c294945c8138a8326bbe68c7055b3604d1,2026-09-08T00:41:13.634512Z,2026-09-08T00:45:29.528578Z,245.4801,682,ack
20260908T004113Z_p4-chaos-dead,cockroachdb,chaos-dead,thesis,01ff85c294945c8138a8326bbe68c7055b3604d1,2026-09-08T00:41:13.634512Z,2026-09-08T00:45:29.528578Z,245.8382,683,ack
20260908T004113Z_p4-chaos-dead,cockroachdb,chaos-dead,thesis,01ff85c294945c8138a8326bbe68c7055b3604d1,2026-09-08T00:41:13.634512Z,2026-09-08T00:45:29.528578Z,246.1928,684,ack
20260908T004113Z_p4-chaos-dead,cockroachdb,chaos-dead,thesis,01ff85c294945c8138a8326bbe68c7055b3604d1,2026-09-08T00:41:13.634512Z,2026-09-08T00:45:29.528578Z,246.5407,685,ack
20260908T004113Z_p4-chaos-dead,cockroachdb,chaos-dead,thesis,01ff85c294945c8138a8326bbe68c7055b3604d1,2026-09-08T00:41:13.634512Z,2026-09-08T00:45:29.528578Z,246.8997,686,ack
20260908T004113Z_p4-chaos-dead,cockroachdb,chaos-dead,thesis,01ff85c294945c8138a8326bbe68c7055b3604d1,2026-09-08T00:41:13.634512Z,2026-09-08T00:45:29.528578Z,247.2554,687,ack
20260908T004113Z_p4-chaos-dead,cockroachdb,chaos-dead,thesis,01ff85c294945c8138a8326bbe68c7055b3604d1,2026-09-08T00:41:13.634512Z,2026-09-08T00:45:29.528578Z,247.6143,688,ack
20260908T004113Z_p4-chaos-dead,cockroachdb,chaos-dead,thesis,01ff85c294945c8138a8326bbe68c7055b3604d1,2026-09-08T00:41:13.634512Z,2026-09-08T00:45:29.528578Z,247.9604,689,ack
20260908T004113Z_p4-chaos-dead,cockroachdb,chaos-dead,thesis,01ff85c294945c8138a8326bbe68c7055b3604d1,2026-09-08T00:41:13.634512Z,2026-09-08T00:45:29.528578Z,248.3132,690,ack
20260908T004113Z_p4-chaos-dead,cockroachdb,chaos-dead,thesis,01ff85c294945c8138a8326bbe68c7055b3604d1,2026-09-08T00:41:13.634512Z,2026-09-08T00:45:29.528578Z,248.6688,691,ack
20260908T004113Z_p4-chaos-dead,cockroachdb,chaos-dead,thesis,01ff85c294945c8138a8326bbe68c7055b3604d1,2026-09-08T00:41:13.634512Z,2026-09-08T00:45:29.528578Z,249.04,692,ack
20260908T004113Z_p4-chaos-dead,cockroachdb,chaos-dead,thesis,01ff85c294945c8138a8326bbe68c7055b3604d1,2026-09-08T00:41:13.634512Z,2026-09-08T00:45:29.528578Z,249.3989,693,ack
20260908T031454Z_p4-chaos-dead,cockroachdb,chaos-dead,thesis,9d2dcf84917da48f6a7ea8ea5d5fcca12cd94578,2026-09-08T03:14:54.551426Z,2026-09-08T03:17:24.236162Z,6.2894,1,ack
20260908T031454Z_p4-chaos-dead,cockroachdb,chaos-dead,thesis,9d2dcf84917da48f6a7ea8ea5d5fcca12cd94578,2026-09-08T03:14:54.551426Z,2026-09-08T03:17:24.236162Z,6.6487,2,ack
20260908T031454Z_p4-chaos-dead,cockroachdb,chaos-dead,thesis,9d2dcf84917da48f6a7ea8ea5d5fcca12cd94578,2026-09-08T03:14:54.551426Z,2026-09-08T03:17:24.236162Z,7.0217,3,ack
20260908T031454Z_p4-chaos-dead,cockroachdb,chaos-dead,thesis,9d2dcf84917da48f6a7ea8ea5d5fcca12cd94578,2026-09-08T03:14:54.551426Z,2026-09-08T03:17:24.236162Z,7.3779,4,ack
20260908T031454Z_p4-chaos-dead,cockroachdb,chaos-dead,thesis,9d2dcf84917da48f6a7ea8ea5d5fcca12cd94578,2026-09-08T03:14:54.551426Z,2026-09-08T03:17:24.236162Z,7.7323,5,ack
20260908T031454Z_p4-chaos-dead,cockroachdb,chaos-dead,thesis,9d2dcf84917da48f6a7ea8ea5d5fcca12cd94578,2026-09-08T03:14:54.551426Z,2026-09-08T03:17:24.236162Z,8.3273,6,ack
20260908T031454Z_p4-chaos-dead,cockroachdb,chaos-dead,thesis,9d2dcf84917da48f6a7ea8ea5d5fcca12cd94578,2026-09-08T03:14:54.551426Z,2026-09-08T03:17:24.236162Z,8.6782,7,ack
20260908T031454Z_p4-chaos-dead,cockroachdb,chaos-dead,thesis,9d2dcf84917da48f6a7ea8ea5d5fcca12cd94578,2026-09-08T03:14:54.551426Z,2026-09-08T03:17:24.236162Z,9.0587,8,ack
20260908T031454Z_p4-chaos-dead,cockroachdb,chaos-dead,thesis,9d2dcf84917da48f6a7ea8ea5d5fcca12cd94578,2026-09-08T03:14:54.551426Z,2026-09-08T03:17:24.236162Z,9.4288,9,ack
20260908T031454Z_p4-chaos-dead,cockroachdb,chaos-dead,thesis,9d2dcf84917da48f6a7ea8ea5d5fcca12cd94578,2026-09-08T03:14:54.551426Z,2026-09-08T03:17:24.236162Z,9.7981,10,ack
20260908T031454Z_p4-chaos-dead,cockroachdb,chaos-dead,thesis,9d2dcf84917da48f6a7ea8ea5d5fcca12cd94578,2026-09-08T03:14:54.551426Z,2026-09-08T03:17:24.236162Z,10.1787,11,ack
20260908T031454Z_p4-chaos-dead,cockroachdb,chaos-dead,thesis,9d2dcf84917da48f6a7ea8ea5d5fcca12cd94578,2026-09-08T03:14:54.551426Z,2026-09-08T03:17:24.236162Z,10.64,12,ack
20260908T031454Z_p4-chaos-dead,cockroachdb,chaos-dead,thesis,9d2dcf84917da48f6a7ea8ea5d5fcca12cd94578,2026-09-08T03:14:54.551426Z,2026-09-08T03:17:24.236162Z,10.997,13,ack
20260908T031454Z_p4-chaos-dead,cockroachdb,chaos-dead,thesis,9d2dcf84917da48f6a7ea8ea5d5fcca12cd94578,2026-09-08T03:14:54.551426Z,2026-09-08T03:17:24.236162Z,11.3582,14,ack
20260908T031454Z_p4-chaos-dead,cockroachdb,chaos-dead,thesis,9d2dcf84917da48f6a7ea8ea5d5fcca12cd94578,2026-09-08T03:14:54.551426Z,2026-09-08T03:17:24.236162Z,11.7264,15,ack
20260908T031454Z_p4-chaos-dead,cockroachdb,chaos-dead,thesis,9d2dcf84917da48f6a7ea8ea5d5fcca12cd94578,2026-09-08T03:14:54.551426Z,2026-09-08T03:17:24.236162Z,12.0883,16,ack
20260908T031454Z_p4-chaos-dead,cockroachdb,chaos-dead,thesis,9d2dcf84917da48f6a7ea8ea5d5fcca12cd94578,2026-09-08T03:14:54.551426Z,2026-09-08T03:17:24.236162Z,12.4379,17,ack
20260908T031454Z_p4-chaos-dead,cockroachdb,chaos-dead,thesis,9d2dcf84917da48f6a7ea8ea5d5fcca12cd94578,2026-09-08T03:14:54.551426Z,2026-09-08T03:17:24.236162Z,12.7884,18,ack
20260908T031454Z_p4-chaos-dead,cockroachdb,chaos-dead,thesis,9d2dcf84917da48f6a7ea8ea5d5fcca12cd94578,2026-09-08T03:14:54.551426Z,2026-09-08T03:17:24.236162Z,13.149,19,ack
20260908T031454Z_p4-chaos-dead,cockroachdb,chaos-dead,thesis,9d2dcf84917da48f6a7ea8ea5d5fcca12cd94578,2026-09-08T03:14:54.551426Z,2026-09-08T03:17:24.236162Z,13.5101,20,ack
20260908T031454Z_p4-chaos-dead,cockroachdb,chaos-dead,thesis,9d2dcf84917da48f6a7ea8ea5d5fcca12cd94578,2026-09-08T03:14:54.551426Z,2026-09-08T03:17:24.236162Z,13.8677,21,ack
20260908T031454Z_p4-chaos-dead,cockroachdb,chaos-dead,thesis,9d2dcf84917da48f6a7ea8ea5d5fcca12cd94578,2026-09-08T03:14:54.551426Z,2026-09-08T03:17:24.236162Z,14.2175,22,ack
20260908T031454Z_p4-chaos-dead,cockroachdb,chaos-dead,thesis,9d2dcf84917da48f6a7ea8ea5d5fcca12cd94578,2026-09-08T03:14:54.551426Z,2026-09-08T03:17:24.236162Z,14.5781,23,ack
20260908T031454Z_p4-chaos-dead,cockroachdb,chaos-dead,thesis,9d2dcf84917da48f6a7ea8ea5d5fcca12cd94578,2026-09-08T03:14:54.551426Z,2026-09-08T03:17:24.236162Z,14.9329,24,ack
20260908T031454Z_p4-chaos-dead,cockroachdb,chaos-dead,thesis,9d2dcf84917da48f6a7ea8ea5d5fcca12cd94578,2026-09-08T03:14:54.551426Z,2026-09-08T03:17:24.236162Z,15.2875,25,ack
20260908T031454Z_p4-chaos-dead,cockroachdb,chaos-dead,thesis,9d2dcf84917da48f6a7ea8ea5d5fcca12cd94578,2026-09-08T03:14:54.551426Z,2026-09-08T03:17:24.236162Z,15.6503,26,ack
20260908T031454Z_p4-chaos-dead,cockroachdb,chaos-dead,thesis,9d2dcf84917da48f6a7ea8ea5d5fcca12cd94578,2026-09-08T03:14:54.551426Z,2026-09-08T03:17:24.236162Z,16.0131,27,ack
20260908T031454Z_p4-chaos-dead,cockroachdb,chaos-dead,thesis,9d2dcf84917da48f6a7ea8ea5d5fcca12cd94578,2026-09-08T03:14:54.551426Z,2026-09-08T03:17:24.236162Z,16.3676,28,ack
20260908T031454Z_p4-chaos-dead,cockroachdb,chaos-dead,thesis,9d2dcf84917da48f6a7ea8ea5d5fcca12cd94578,2026-09-08T03:14:54.551426Z,2026-09-08T03:17:24.236162Z,16.7293,29,ack
20260908T031454Z_p4-chaos-dead,cockroachdb,chaos-dead,thesis,9d2dcf84917da48f6a7ea8ea5d5fcca12cd94578,2026-09-08T03:14:54.551426Z,2026-09-08T03:17:24.236162Z,17.0882,30,ack
20260908T031454Z_p4-chaos-dead,cockroachdb,chaos-dead,thesis,9d2dcf84917da48f6a7ea8ea5d5fcca12cd94578,2026-09-08T03:14:54.551426Z,2026-09-08T03:17:24.236162Z,17.4395,31,ack
20260908T031454Z_p4-chaos-dead,cockroachdb,chaos-dead,thesis,9d2dcf84917da48f6a7ea8ea5d5fcca12cd94578,2026-09-08T03:14:54.551426Z,2026-09-08T03:17:24.236162Z,17.7982,32,ack
20260908T031454Z_p4-chaos-dead,cockroachdb,chaos-dead,thesis,9d2dcf84917da48f6a7ea8ea5d5fcca12cd94578,2026-09-08T03:14:54.551426Z,2026-09-08T03:17:24.236162Z,18.1683,33,ack
20260908T031454Z_p4-chaos-dead,cockroachdb,chaos-dead,thesis,9d2dcf84917da48f6a7ea8ea5d5fcca12cd94578,2026-09-08T03:14:54.551426Z,2026-09-08T03:17:24.236162Z,18.5285,34,ack
20260908T031454Z_p4-chaos-dead,cockroachdb,chaos-dead,thesis,9d2dcf84917da48f6a7ea8ea5d5fcca12cd94578,2026-09-08T03:14:54.551426Z,2026-09-08T03:17:24.236162Z,18.8985,35,ack
20260908T031454Z_p4-chaos-dead,cockroachdb,chaos-dead,thesis,9d2dcf84917da48f6a7ea8ea5d5fcca12cd94578,2026-09-08T03:14:54.551426Z,2026-09-08T03:17:24.236162Z,19.249,36,ack
20260908T031454Z_p4-chaos-dead,cockroachdb,chaos-dead,thesis,9d2dcf84917da48f6a7ea8ea5d5fcca12cd94578,2026-09-08T03:14:54.551426Z,2026-09-08T03:17:24.236162Z,19.6165,37,ack
20260908T031454Z_p4-chaos-dead,cockroachdb,chaos-dead,thesis,9d2dcf84917da48f6a7ea8ea5d5fcca12cd94578,2026-09-08T03:14:54.551426Z,2026-09-08T03:17:24.236162Z,19.9682,38,ack
20260908T031454Z_p4-chaos-dead,cockroachdb,chaos-dead,thesis,9d2dcf84917da48f6a7ea8ea5d5fcca12cd94578,2026-09-08T03:14:54.551426Z,2026-09-08T03:17:24.236162Z,20.3187,39,ack
20260908T031454Z_p4-chaos-dead,cockroachdb,chaos-dead,thesis,9d2dcf84917da48f6a7ea8ea5d5fcca12cd94578,2026-09-08T03:14:54.551426Z,2026-09-08T03:17:24.236162Z,20.6963,40,ack
20260908T031454Z_p4-chaos-dead,cockroachdb,chaos-dead,thesis,9d2dcf84917da48f6a7ea8ea5d5fcca12cd94578,2026-09-08T03:14:54.551426Z,2026-09-08T03:17:24.236162Z,21.0573,41,ack
20260908T031454Z_p4-chaos-dead,cockroachdb,chaos-dead,thesis,9d2dcf84917da48f6a7ea8ea5d5fcca12cd94578,2026-09-08T03:14:54.551426Z,2026-09-08T03:17:24.236162Z,21.4204,42,ack
20260908T031454Z_p4-chaos-dead,cockroachdb,chaos-dead,thesis,9d2dcf84917da48f6a7ea8ea5d5fcca12cd94578,2026-09-08T03:14:54.551426Z,2026-09-08T03:17:24.236162Z,21.7789,43,ack
20260908T031454Z_p4-chaos-dead,cockroachdb,chaos-dead,thesis,9d2dcf84917da48f6a7ea8ea5d5fcca12cd94578,2026-09-08T03:14:54.551426Z,2026-09-08T03:17:24.236162Z,22.1278,44,ack
20260908T031454Z_p4-chaos-dead,cockroachdb,chaos-dead,thesis,9d2dcf84917da48f6a7ea8ea5d5fcca12cd94578,2026-09-08T03:14:54.551426Z,2026-09-08T03:17:24.236162Z,22.4991,45,ack
20260908T031454Z_p4-chaos-dead,cockroachdb,chaos-dead,thesis,9d2dcf84917da48f6a7ea8ea5d5fcca12cd94578,2026-09-08T03:14:54.551426Z,2026-09-08T03:17:24.236162Z,22.8594,46,ack
20260908T031454Z_p4-chaos-dead,cockroachdb,chaos-dead,thesis,9d2dcf84917da48f6a7ea8ea5d5fcca12cd94578,2026-09-08T03:14:54.551426Z,2026-09-08T03:17:24.236162Z,23.2167,47,ack
20260908T031454Z_p4-chaos-dead,cockroachdb,chaos-dead,thesis,9d2dcf84917da48f6a7ea8ea5d5fcca12cd94578,2026-09-08T03:14:54.551426Z,2026-09-08T03:17:24.236162Z,23.5677,48,ack
20260908T031454Z_p4-chaos-dead,cockroachdb,chaos-dead,thesis,9d2dcf84917da48f6a7ea8ea5d5fcca12cd94578,2026-09-08T03:14:54.551426Z,2026-09-08T03:17:24.236162Z,23.944,49,ack
20260908T031454Z_p4-chaos-dead,cockroachdb,chaos-dead,thesis,9d2dcf84917da48f6a7ea8ea5d5fcca12cd94578,2026-09-08T03:14:54.551426Z,2026-09-08T03:17:24.236162Z,24.3091,50,ack
20260908T031454Z_p4-chaos-dead,cockroachdb,chaos-dead,thesis,9d2dcf84917da48f6a7ea8ea5d5fcca12cd94578,2026-09-08T03:14:54.551426Z,2026-09-08T03:17:24.236162Z,24.6693,51,ack
20260908T031454Z_p4-chaos-dead,cockroachdb,chaos-dead,thesis,9d2dcf84917da48f6a7ea8ea5d5fcca12cd94578,2026-09-08T03:14:54.551426Z,2026-09-08T03:17:24.236162Z,25.0399,52,ack
20260908T031454Z_p4-chaos-dead,cockroachdb,chaos-dead,thesis,9d2dcf84917da48f6a7ea8ea5d5fcca12cd94578,2026-09-08T03:14:54.551426Z,2026-09-08T03:17:24.236162Z,25.3799,53,ack
20260908T031454Z_p4-chaos-dead,cockroachdb,chaos-dead,thesis,9d2dcf84917da48f6a7ea8ea5d5fcca12cd94578,2026-09-08T03:14:54.551426Z,2026-09-08T03:17:24.236162Z,25.7476,54,ack
20260908T031454Z_p4-chaos-dead,cockroachdb,chaos-dead,thesis,9d2dcf84917da48f6a7ea8ea5d5fcca12cd94578,2026-09-08T03:14:54.551426Z,2026-09-08T03:17:24.236162Z,26.1109,55,ack
20260908T031454Z_p4-chaos-dead,cockroachdb,chaos-dead,thesis,9d2dcf84917da48f6a7ea8ea5d5fcca12cd94578,2026-09-08T03:14:54.551426Z,2026-09-08T03:17:24.236162Z,26.4641,56,ack
20260908T031454Z_p4-chaos-dead,cockroachdb,chaos-dead,thesis,9d2dcf84917da48f6a7ea8ea5d5fcca12cd94578,2026-09-08T03:14:54.551426Z,2026-09-08T03:17:24.236162Z,26.8175,57,ack
20260908T031454Z_p4-chaos-dead,cockroachdb,chaos-dead,thesis,9d2dcf84917da48f6a7ea8ea5d5fcca12cd94578,2026-09-08T03:14:54.551426Z,2026-09-08T03:17:24.236162Z,27.1902,58,ack
20260908T031454Z_p4-chaos-dead,cockroachdb,chaos-dead,thesis,9d2dcf84917da48f6a7ea8ea5d5fcca12cd94578,2026-09-08T03:14:54.551426Z,2026-09-08T03:17:24.236162Z,27.5378,59,ack
20260908T031454Z_p4-chaos-dead,cockroachdb,chaos-dead,thesis,9d2dcf84917da48f6a7ea8ea5d5fcca12cd94578,2026-09-08T03:14:54.551426Z,2026-09-08T03:17:24.236162Z,27.8972,60,ack
20260908T031454Z_p4-chaos-dead,cockroachdb,chaos-dead,thesis,9d2dcf84917da48f6a7ea8ea5d5fcca12cd94578,2026-09-08T03:14:54.551426Z,2026-09-08T03:17:24.236162Z,28.2634,61,ack
20260908T031454Z_p4-chaos-dead,cockroachdb,chaos-dead,thesis,9d2dcf84917da48f6a7ea8ea5d5fcca12cd94578,2026-09-08T03:14:54.551426Z,2026-09-08T03:17:24.236162Z,28.618,62,ack
20260908T031454Z_p4-chaos-dead,cockroachdb,chaos-dead,thesis,9d2dcf84917da48f6a7ea8ea5d5fcca12cd94578,2026-09-08T03:14:54.551426Z,2026-09-08T03:17:24.236162Z,28.978,63,ack
20260908T031454Z_p4-chaos-dead,cockroachdb,chaos-dead,thesis,9d2dcf84917da48f6a7ea8ea5d5fcca12cd94578,2026-09-08T03:14:54.551426Z,2026-09-08T03:17:24.236162Z,29.3376,64,ack
20260908T031454Z_p4-chaos-dead,cockroachdb,chaos-dead,thesis,9d2dcf84917da48f6a7ea8ea5d5fcca12cd94578,2026-09-08T03:14:54.551426Z,2026-09-08T03:17:24.236162Z,29.6774,65,ack
20260908T031454Z_p4-chaos-dead,cockroachdb,chaos-dead,thesis,9d2dcf84917da48f6a7ea8ea5d5fcca12cd94578,2026-09-08T03:14:54.551426Z,2026-09-08T03:17:24.236162Z,30.0278,66,ack
20260908T031454Z_p4-chaos-dead,cockroachdb,chaos-dead,thesis,9d2dcf84917da48f6a7ea8ea5d5fcca12cd94578,2026-09-08T03:14:54.551426Z,2026-09-08T03:17:24.236162Z,30.4213,67,ack
20260908T031454Z_p4-chaos-dead,cockroachdb,chaos-dead,thesis,9d2dcf84917da48f6a7ea8ea5d5fcca12cd94578,2026-09-08T03:14:54.551426Z,2026-09-08T03:17:24.236162Z,30.7903,68,ack
20260908T031454Z_p4-chaos-dead,cockroachdb,chaos-dead,thesis,9d2dcf84917da48f6a7ea8ea5d5fcca12cd94578,2026-09-08T03:14:54.551426Z,2026-09-08T03:17:24.236162Z,31.1507,69,ack
20260908T031454Z_p4-chaos-dead,cockroachdb,chaos-dead,thesis,9d2dcf84917da48f6a7ea8ea5d5fcca12cd94578,2026-09-08T03:14:54.551426Z,2026-09-08T03:17:24.236162Z,31.4972,70,ack
20260908T031454Z_p4-chaos-dead,cockroachdb,chaos-dead,thesis,9d2dcf84917da48f6a7ea8ea5d5fcca12cd94578,2026-09-08T03:14:54.551426Z,2026-09-08T03:17:24.236162Z,31.8484,71,ack
20260908T031454Z_p4-chaos-dead,cockroachdb,chaos-dead,thesis,9d2dcf84917da48f6a7ea8ea5d5fcca12cd94578,2026-09-08T03:14:54.551426Z,2026-09-08T03:17:24.236162Z,32.2174,72,ack
20260908T031454Z_p4-chaos-dead,cockroachdb,chaos-dead,thesis,9d2dcf84917da48f6a7ea8ea5d5fcca12cd94578,2026-09-08T03:14:54.551426Z,2026-09-08T03:17:24.236162Z,32.5617,73,ack
20260908T031454Z_p4-chaos-dead,cockroachdb,chaos-dead,thesis,9d2dcf84917da48f6a7ea8ea5d5fcca12cd94578,2026-09-08T03:14:54.551426Z,2026-09-08T03:17:24.236162Z,32.9294,74,ack
20260908T031454Z_p4-chaos-dead,cockroachdb,chaos-dead,thesis,9d2dcf84917da48f6a7ea8ea5d5fcca12cd94578,2026-09-08T03:14:54.551426Z,2026-09-08T03:17:24.236162Z,33.2772,75,ack
20260908T031454Z_p4-chaos-dead,cockroachdb,chaos-dead,thesis,9d2dcf84917da48f6a7ea8ea5d5fcca12cd94578,2026-09-08T03:14:54.551426Z,2026-09-08T03:17:24.236162Z,33.6298,76,ack
20260908T031454Z_p4-chaos-dead,cockroachdb,chaos-dead,thesis,9d2dcf84917da48f6a7ea8ea5d5fcca12cd94578,2026-09-08T03:14:54.551426Z,2026-09-08T03:17:24.236162Z,33.9903,77,ack
20260908T031454Z_p4-chaos-dead,cockroachdb,chaos-dead,thesis,9d2dcf84917da48f6a7ea8ea5d5fcca12cd94578,2026-09-08T03:14:54.551426Z,2026-09-08T03:17:24.236162Z,34.3483,78,ack
20260908T031454Z_p4-chaos-dead,cockroachdb,chaos-dead,thesis,9d2dcf84917da48f6a7ea8ea5d5fcca12cd94578,2026-09-08T03:14:54.551426Z,2026-09-08T03:17:24.236162Z,34.7077,79,ack
20260908T031454Z_p4-chaos-dead,cockroachdb,chaos-dead,thesis,9d2dcf84917da48f6a7ea8ea5d5fcca12cd94578,2026-09-08T03:14:54.551426Z,2026-09-08T03:17:24.236162Z,35.0698,80,ack
20260908T031454Z_p4-chaos-dead,cockroachdb,chaos-dead,thesis,9d2dcf84917da48f6a7ea8ea5d5fcca12cd94578,2026-09-08T03:14:54.551426Z,2026-09-08T03:17:24.236162Z,35.4281,81,ack
20260908T031454Z_p4-chaos-dead,cockroachdb,chaos-dead,thesis,9d2dcf84917da48f6a7ea8ea5d5fcca12cd94578,2026-09-08T03:14:54.551426Z,2026-09-08T03:17:24.236162Z,35.7979,82,ack
20260908T031454Z_p4-chaos-dead,cockroachdb,chaos-dead,thesis,9d2dcf84917da48f6a7ea8ea5d5fcca12cd94578,2026-09-08T03:14:54.551426Z,2026-09-08T03:17:24.236162Z,36.1577,83,ack
20260908T031454Z_p4-chaos-dead,cockroachdb,chaos-dead,thesis,9d2dcf84917da48f6a7ea8ea5d5fcca12cd94578,2026-09-08T03:14:54.551426Z,2026-09-08T03:17:24.236162Z,36.5097,84,ack
20260908T031454Z_p4-chaos-dead,cockroachdb,chaos-dead,thesis,9d2dcf84917da48f6a7ea8ea5d5fcca12cd94578,2026-09-08T03:14:54.551426Z,2026-09-08T03:17:24.236162Z,36.8781,85,ack
20260908T031454Z_p4-chaos-dead,cockroachdb,chaos-dead,thesis,9d2dcf84917da48f6a7ea8ea5d5fcca12cd94578,2026-09-08T03:14:54.551426Z,2026-09-08T03:17:24.236162Z,37.2291,86,ack
20260908T031454Z_p4-chaos-dead,cockroachdb,chaos-dead,thesis,9d2dcf84917da48f6a7ea8ea5d5fcca12cd94578,2026-09-08T03:14:54.551426Z,2026-09-08T03:17:24.236162Z,37.5935,87,ack
20260908T031454Z_p4-chaos-dead,cockroachdb,chaos-dead,thesis,9d2dcf84917da48f6a7ea8ea5d5fcca12cd94578,2026-09-08T03:14:54.551426Z,2026-09-08T03:17:24.236162Z,37.9585,88,ack
20260908T031454Z_p4-chaos-dead,cockroachdb,chaos-dead,thesis,9d2dcf84917da48f6a7ea8ea5d5fcca12cd94578,2026-09-08T03:14:54.551426Z,2026-09-08T03:17:24.236162Z,38.328,89,ack
20260908T031454Z_p4-chaos-dead,cockroachdb,chaos-dead,thesis,9d2dcf84917da48f6a7ea8ea5d5fcca12cd94578,2026-09-08T03:14:54.551426Z,2026-09-08T03:17:24.236162Z,38.6888,90,ack
20260908T031454Z_p4-chaos-dead,cockroachdb,chaos-dead,thesis,9d2dcf84917da48f6a7ea8ea5d5fcca12cd94578,2026-09-08T03:14:54.551426Z,2026-09-08T03:17:24.236162Z,39.0492,91,ack
20260908T031454Z_p4-chaos-dead,cockroachdb,chaos-dead,thesis,9d2dcf84917da48f6a7ea8ea5d5fcca12cd94578,2026-09-08T03:14:54.551426Z,2026-09-08T03:17:24.236162Z,39.4118,92,ack
20260908T031454Z_p4-chaos-dead,cockroachdb,chaos-dead,thesis,9d2dcf84917da48f6a7ea8ea5d5fcca12cd94578,2026-09-08T03:14:54.551426Z,2026-09-08T03:17:24.236162Z,39.7698,93,ack
20260908T031454Z_p4-chaos-dead,cockroachdb,chaos-dead,thesis,9d2dcf84917da48f6a7ea8ea5d5fcca12cd94578,2026-09-08T03:14:54.551426Z,2026-09-08T03:17:24.236162Z,40.1398,94,ack
20260908T031454Z_p4-chaos-dead,cockroachdb,chaos-dead,thesis,9d2dcf84917da48f6a7ea8ea5d5fcca12cd94578,2026-09-08T03:14:54.551426Z,2026-09-08T03:17:24.236162Z,40.4977,95,ack
20260908T031454Z_p4-chaos-dead,cockroachdb,chaos-dead,thesis,9d2dcf84917da48f6a7ea8ea5d5fcca12cd94578,2026-09-08T03:14:54.551426Z,2026-09-08T03:17:24.236162Z,40.8595,96,ack
20260908T031454Z_p4-chaos-dead,cockroachdb,chaos-dead,thesis,9d2dcf84917da48f6a7ea8ea5d5fcca12cd94578,2026-09-08T03:14:54.551426Z,2026-09-08T03:17:24.236162Z,41.2171,97,ack
20260908T031454Z_p4-chaos-dead,cockroachdb,chaos-dead,thesis,9d2dcf84917da48f6a7ea8ea5d5fcca12cd94578,2026-09-08T03:14:54.551426Z,2026-09-08T03:17:24.236162Z,41.5682,98,ack
20260908T031454Z_p4-chaos-dead,cockroachdb,chaos-dead,thesis,9d2dcf84917da48f6a7ea8ea5d5fcca12cd94578,2026-09-08T03:14:54.551426Z,2026-09-08T03:17:24.236162Z,41.928,99,ack
20260908T031454Z_p4-chaos-dead,cockroachdb,chaos-dead,thesis,9d2dcf84917da48f6a7ea8ea5d5fcca12cd94578,2026-09-08T03:14:54.551426Z,2026-09-08T03:17:24.236162Z,42.2912,100,ack
20260908T031454Z_p4-chaos-dead,cockroachdb,chaos-dead,thesis,9d2dcf84917da48f6a7ea8ea5d5fcca12cd94578,2026-09-08T03:14:54.551426Z,2026-09-08T03:17:24.236162Z,42.6583,101,ack
20260908T031454Z_p4-chaos-dead,cockroachdb,chaos-dead,thesis,9d2dcf84917da48f6a7ea8ea5d5fcca12cd94578,2026-09-08T03:14:54.551426Z,2026-09-08T03:17:24.236162Z,43.0232,102,ack
20260908T031454Z_p4-chaos-dead,cockroachdb,chaos-dead,thesis,9d2dcf84917da48f6a7ea8ea5d5fcca12cd94578,2026-09-08T03:14:54.551426Z,2026-09-08T03:17:24.236162Z,43.3777,103,ack
20260908T031454Z_p4-chaos-dead,cockroachdb,chaos-dead,thesis,9d2dcf84917da48f6a7ea8ea5d5fcca12cd94578,2026-09-08T03:14:54.551426Z,2026-09-08T03:17:24.236162Z,43.7384,104,ack
20260908T031454Z_p4-chaos-dead,cockroachdb,chaos-dead,thesis,9d2dcf84917da48f6a7ea8ea5d5fcca12cd94578,2026-09-08T03:14:54.551426Z,2026-09-08T03:17:24.236162Z,44.101,105,ack
20260908T031454Z_p4-chaos-dead,cockroachdb,chaos-dead,thesis,9d2dcf84917da48f6a7ea8ea5d5fcca12cd94578,2026-09-08T03:14:54.551426Z,2026-09-08T03:17:24.236162Z,44.4578,106,ack
20260908T031454Z_p4-chaos-dead,cockroachdb,chaos-dead,thesis,9d2dcf84917da48f6a7ea8ea5d5fcca12cd94578,2026-09-08T03:14:54.551426Z,2026-09-08T03:17:24.236162Z,44.8078,107,ack
20260908T031454Z_p4-chaos-dead,cockroachdb,chaos-dead,thesis,9d2dcf84917da48f6a7ea8ea5d5fcca12cd94578,2026-09-08T03:14:54.551426Z,2026-09-08T03:17:24.236162Z,45.1602,108,ack
20260908T031454Z_p4-chaos-dead,cockroachdb,chaos-dead,thesis,9d2dcf84917da48f6a7ea8ea5d5fcca12cd94578,2026-09-08T03:14:54.551426Z,2026-09-08T03:17:24.236162Z,45.5187,109,ack
20260908T031454Z_p4-chaos-dead,cockroachdb,chaos-dead,thesis,9d2dcf84917da48f6a7ea8ea5d5fcca12cd94578,2026-09-08T03:14:54.551426Z,2026-09-08T03:17:24.236162Z,45.8786,110,ack
20260908T031454Z_p4-chaos-dead,cockroachdb,chaos-dead,thesis,9d2dcf84917da48f6a7ea8ea5d5fcca12cd94578,2026-09-08T03:14:54.551426Z,2026-09-08T03:17:24.236162Z,46.228,111,ack
20260908T031454Z_p4-chaos-dead,cockroachdb,chaos-dead,thesis,9d2dcf84917da48f6a7ea8ea5d5fcca12cd94578,2026-09-08T03:14:54.551426Z,2026-09-08T03:17:24.236162Z,46.5889,112,ack
20260908T031454Z_p4-chaos-dead,cockroachdb,chaos-dead,thesis,9d2dcf84917da48f6a7ea8ea5d5fcca12cd94578,2026-09-08T03:14:54.551426Z,2026-09-08T03:17:24.236162Z,46.9476,113,ack
20260908T031454Z_p4-chaos-dead,cockroachdb,chaos-dead,thesis,9d2dcf84917da48f6a7ea8ea5d5fcca12cd94578,2026-09-08T03:14:54.551426Z,2026-09-08T03:17:24.236162Z,47.3083,114,ack
20260908T031454Z_p4-chaos-dead,cockroachdb,chaos-dead,thesis,9d2dcf84917da48f6a7ea8ea5d5fcca12cd94578,2026-09-08T03:14:54.551426Z,2026-09-08T03:17:24.236162Z,47.6579,115,ack
20260908T031454Z_p4-chaos-dead,cockroachdb,chaos-dead,thesis,9d2dcf84917da48f6a7ea8ea5d5fcca12cd94578,2026-09-08T03:14:54.551426Z,2026-09-08T03:17:24.236162Z,48.018,116,ack
20260908T031454Z_p4-chaos-dead,cockroachdb,chaos-dead,thesis,9d2dcf84917da48f6a7ea8ea5d5fcca12cd94578,2026-09-08T03:14:54.551426Z,2026-09-08T03:17:24.236162Z,48.3686,117,ack
20260908T031454Z_p4-chaos-dead,cockroachdb,chaos-dead,thesis,9d2dcf84917da48f6a7ea8ea5d5fcca12cd94578,2026-09-08T03:14:54.551426Z,2026-09-08T03:17:24.236162Z,48.7315,118,ack
20260908T031454Z_p4-chaos-dead,cockroachdb,chaos-dead,thesis,9d2dcf84917da48f6a7ea8ea5d5fcca12cd94578,2026-09-08T03:14:54.551426Z,2026-09-08T03:17:24.236162Z,49.0871,119,ack
20260908T031454Z_p4-chaos-dead,cockroachdb,chaos-dead,thesis,9d2dcf84917da48f6a7ea8ea5d5fcca12cd94578,2026-09-08T03:14:54.551426Z,2026-09-08T03:17:24.236162Z,49.4581,120,ack
20260908T031454Z_p4-chaos-dead,cockroachdb,chaos-dead,thesis,9d2dcf84917da48f6a7ea8ea5d5fcca12cd94578,2026-09-08T03:14:54.551426Z,2026-09-08T03:17:24.236162Z,49.818,121,ack
20260908T031454Z_p4-chaos-dead,cockroachdb,chaos-dead,thesis,9d2dcf84917da48f6a7ea8ea5d5fcca12cd94578,2026-09-08T03:14:54.551426Z,2026-09-08T03:17:24.236162Z,50.178,122,ack
20260908T031454Z_p4-chaos-dead,cockroachdb,chaos-dead,thesis,9d2dcf84917da48f6a7ea8ea5d5fcca12cd94578,2026-09-08T03:14:54.551426Z,2026-09-08T03:17:24.236162Z,50.5407,123,ack
20260908T031454Z_p4-chaos-dead,cockroachdb,chaos-dead,thesis,9d2dcf84917da48f6a7ea8ea5d5fcca12cd94578,2026-09-08T03:14:54.551426Z,2026-09-08T03:17:24.236162Z,50.8984,124,ack
20260908T031454Z_p4-chaos-dead,cockroachdb,chaos-dead,thesis,9d2dcf84917da48f6a7ea8ea5d5fcca12cd94578,2026-09-08T03:14:54.551426Z,2026-09-08T03:17:24.236162Z,51.2586,125,ack
20260908T031454Z_p4-chaos-dead,cockroachdb,chaos-dead,thesis,9d2dcf84917da48f6a7ea8ea5d5fcca12cd94578,2026-09-08T03:14:54.551426Z,2026-09-08T03:17:24.236162Z,51.621,126,ack
20260908T031454Z_p4-chaos-dead,cockroachdb,chaos-dead,thesis,9d2dcf84917da48f6a7ea8ea5d5fcca12cd94578,2026-09-08T03:14:54.551426Z,2026-09-08T03:17:24.236162Z,51.9822,127,ack
20260908T031454Z_p4-chaos-dead,cockroachdb,chaos-dead,thesis,9d2dcf84917da48f6a7ea8ea5d5fcca12cd94578,2026-09-08T03:14:54.551426Z,2026-09-08T03:17:24.236162Z,52.3483,128,ack
20260908T031454Z_p4-chaos-dead,cockroachdb,chaos-dead,thesis,9d2dcf84917da48f6a7ea8ea5d5fcca12cd94578,2026-09-08T03:14:54.551426Z,2026-09-08T03:17:24.236162Z,52.7093,129,ack
20260908T031454Z_p4-chaos-dead,cockroachdb,chaos-dead,thesis,9d2dcf84917da48f6a7ea8ea5d5fcca12cd94578,2026-09-08T03:14:54.551426Z,2026-09-08T03:17:24.236162Z,53.0777,130,ack
20260908T031454Z_p4-chaos-dead,cockroachdb,chaos-dead,thesis,9d2dcf84917da48f6a7ea8ea5d5fcca12cd94578,2026-09-08T03:14:54.551426Z,2026-09-08T03:17:24.236162Z,53.4384,131,ack
20260908T031454Z_p4-chaos-dead,cockroachdb,chaos-dead,thesis,9d2dcf84917da48f6a7ea8ea5d5fcca12cd94578,2026-09-08T03:14:54.551426Z,2026-09-08T03:17:24.236162Z,53.7885,132,ack
20260908T031454Z_p4-chaos-dead,cockroachdb,chaos-dead,thesis,9d2dcf84917da48f6a7ea8ea5d5fcca12cd94578,2026-09-08T03:14:54.551426Z,2026-09-08T03:17:24.236162Z,54.1477,133,ack
20260908T031454Z_p4-chaos-dead,cockroachdb,chaos-dead,thesis,9d2dcf84917da48f6a7ea8ea5d5fcca12cd94578,2026-09-08T03:14:54.551426Z,2026-09-08T03:17:24.236162Z,54.5089,134,ack
20260908T031454Z_p4-chaos-dead,cockroachdb,chaos-dead,thesis,9d2dcf84917da48f6a7ea8ea5d5fcca12cd94578,2026-09-08T03:14:54.551426Z,2026-09-08T03:17:24.236162Z,54.8681,135,ack
20260908T031454Z_p4-chaos-dead,cockroachdb,chaos-dead,thesis,9d2dcf84917da48f6a7ea8ea5d5fcca12cd94578,2026-09-08T03:14:54.551426Z,2026-09-08T03:17:24.236162Z,55.2184,136,ack
20260908T031454Z_p4-chaos-dead,cockroachdb,chaos-dead,thesis,9d2dcf84917da48f6a7ea8ea5d5fcca12cd94578,2026-09-08T03:14:54.551426Z,2026-09-08T03:17:24.236162Z,55.5787,137,ack
20260908T031454Z_p4-chaos-dead,cockroachdb,chaos-dead,thesis,9d2dcf84917da48f6a7ea8ea5d5fcca12cd94578,2026-09-08T03:14:54.551426Z,2026-09-08T03:17:24.236162Z,55.9375,138,ack
20260908T031454Z_p4-chaos-dead,cockroachdb,chaos-dead,thesis,9d2dcf84917da48f6a7ea8ea5d5fcca12cd94578,2026-09-08T03:14:54.551426Z,2026-09-08T03:17:24.236162Z,56.2986,139,ack
20260908T031454Z_p4-chaos-dead,cockroachdb,chaos-dead,thesis,9d2dcf84917da48f6a7ea8ea5d5fcca12cd94578,2026-09-08T03:14:54.551426Z,2026-09-08T03:17:24.236162Z,56.6578,140,ack
20260908T031454Z_p4-chaos-dead,cockroachdb,chaos-dead,thesis,9d2dcf84917da48f6a7ea8ea5d5fcca12cd94578,2026-09-08T03:14:54.551426Z,2026-09-08T03:17:24.236162Z,57.0184,141,ack
20260908T031454Z_p4-chaos-dead,cockroachdb,chaos-dead,thesis,9d2dcf84917da48f6a7ea8ea5d5fcca12cd94578,2026-09-08T03:14:54.551426Z,2026-09-08T03:17:24.236162Z,57.3712,142,ack
20260908T031454Z_p4-chaos-dead,cockroachdb,chaos-dead,thesis,9d2dcf84917da48f6a7ea8ea5d5fcca12cd94578,2026-09-08T03:14:54.551426Z,2026-09-08T03:17:24.236162Z,57.7393,143,ack
20260908T031454Z_p4-chaos-dead,cockroachdb,chaos-dead,thesis,9d2dcf84917da48f6a7ea8ea5d5fcca12cd94578,2026-09-08T03:14:54.551426Z,2026-09-08T03:17:24.236162Z,58.1093,144,ack
20260908T031454Z_p4-chaos-dead,cockroachdb,chaos-dead,thesis,9d2dcf84917da48f6a7ea8ea5d5fcca12cd94578,2026-09-08T03:14:54.551426Z,2026-09-08T03:17:24.236162Z,58.4692,145,ack
20260908T031454Z_p4-chaos-dead,cockroachdb,chaos-dead,thesis,9d2dcf84917da48f6a7ea8ea5d5fcca12cd94578,2026-09-08T03:14:54.551426Z,2026-09-08T03:17:24.236162Z,58.8285,146,ack
20260908T031454Z_p4-chaos-dead,cockroachdb,chaos-dead,thesis,9d2dcf84917da48f6a7ea8ea5d5fcca12cd94578,2026-09-08T03:14:54.551426Z,2026-09-08T03:17:24.236162Z,59.1888,147,ack
20260908T031454Z_p4-chaos-dead,cockroachdb,chaos-dead,thesis,9d2dcf84917da48f6a7ea8ea5d5fcca12cd94578,2026-09-08T03:14:54.551426Z,2026-09-08T03:17:24.236162Z,59.5589,148,ack
20260908T031454Z_p4-chaos-dead,cockroachdb,chaos-dead,thesis,9d2dcf84917da48f6a7ea8ea5d5fcca12cd94578,2026-09-08T03:14:54.551426Z,2026-09-08T03:17:24.236162Z,59.9188,149,ack
20260908T031454Z_p4-chaos-dead,cockroachdb,chaos-dead,thesis,9d2dcf84917da48f6a7ea8ea5d5fcca12cd94578,2026-09-08T03:14:54.551426Z,2026-09-08T03:17:24.236162Z,60.2689,150,ack
20260908T031454Z_p4-chaos-dead,cockroachdb,chaos-dead,thesis,9d2dcf84917da48f6a7ea8ea5d5fcca12cd94578,2026-09-08T03:14:54.551426Z,2026-09-08T03:17:24.236162Z,60.6311,151,ack
20260908T031454Z_p4-chaos-dead,cockroachdb,chaos-dead,thesis,9d2dcf84917da48f6a7ea8ea5d5fcca12cd94578,2026-09-08T03:14:54.551426Z,2026-09-08T03:17:24.236162Z,60.9919,152,ack
20260908T031454Z_p4-chaos-dead,cockroachdb,chaos-dead,thesis,9d2dcf84917da48f6a7ea8ea5d5fcca12cd94578,2026-09-08T03:14:54.551426Z,2026-09-08T03:17:24.236162Z,61.3494,153,ack
20260908T031454Z_p4-chaos-dead,cockroachdb,chaos-dead,thesis,9d2dcf84917da48f6a7ea8ea5d5fcca12cd94578,2026-09-08T03:14:54.551426Z,2026-09-08T03:17:24.236162Z,61.7199,154,ack
20260908T031454Z_p4-chaos-dead,cockroachdb,chaos-dead,thesis,9d2dcf84917da48f6a7ea8ea5d5fcca12cd94578,2026-09-08T03:14:54.551426Z,2026-09-08T03:17:24.236162Z,62.0885,155,ack
20260908T031454Z_p4-chaos-dead,cockroachdb,chaos-dead,thesis,9d2dcf84917da48f6a7ea8ea5d5fcca12cd94578,2026-09-08T03:14:54.551426Z,2026-09-08T03:17:24.236162Z,62.4499,156,ack
20260908T031454Z_p4-chaos-dead,cockroachdb,chaos-dead,thesis,9d2dcf84917da48f6a7ea8ea5d5fcca12cd94578,2026-09-08T03:14:54.551426Z,2026-09-08T03:17:24.236162Z,62.8022,157,ack
20260908T031454Z_p4-chaos-dead,cockroachdb,chaos-dead,thesis,9d2dcf84917da48f6a7ea8ea5d5fcca12cd94578,2026-09-08T03:14:54.551426Z,2026-09-08T03:17:24.236162Z,63.1595,158,ack
20260908T031454Z_p4-chaos-dead,cockroachdb,chaos-dead,thesis,9d2dcf84917da48f6a7ea8ea5d5fcca12cd94578,2026-09-08T03:14:54.551426Z,2026-09-08T03:17:24.236162Z,63.5185,159,ack
20260908T031454Z_p4-chaos-dead,cockroachdb,chaos-dead,thesis,9d2dcf84917da48f6a7ea8ea5d5fcca12cd94578,2026-09-08T03:14:54.551426Z,2026-09-08T03:17:24.236162Z,63.8691,160,ack
20260908T031454Z_p4-chaos-dead,cockroachdb,chaos-dead,thesis,9d2dcf84917da48f6a7ea8ea5d5fcca12cd94578,2026-09-08T03:14:54.551426Z,2026-09-08T03:17:24.236162Z,64.245,161,ack
20260908T031454Z_p4-chaos-dead,cockroachdb,chaos-dead,thesis,9d2dcf84917da48f6a7ea8ea5d5fcca12cd94578,2026-09-08T03:14:54.551426Z,2026-09-08T03:17:24.236162Z,64.6098,162,ack
20260908T031454Z_p4-chaos-dead,cockroachdb,chaos-dead,thesis,9d2dcf84917da48f6a7ea8ea5d5fcca12cd94578,2026-09-08T03:14:54.551426Z,2026-09-08T03:17:24.236162Z,64.9682,163,ack
20260908T031454Z_p4-chaos-dead,cockroachdb,chaos-dead,thesis,9d2dcf84917da48f6a7ea8ea5d5fcca12cd94578,2026-09-08T03:14:54.551426Z,2026-09-08T03:17:24.236162Z,65.3282,164,ack
20260908T031454Z_p4-chaos-dead,cockroachdb,chaos-dead,thesis,9d2dcf84917da48f6a7ea8ea5d5fcca12cd94578,2026-09-08T03:14:54.551426Z,2026-09-08T03:17:24.236162Z,65.6985,165,ack
20260908T031454Z_p4-chaos-dead,cockroachdb,chaos-dead,thesis,9d2dcf84917da48f6a7ea8ea5d5fcca12cd94578,2026-09-08T03:14:54.551426Z,2026-09-08T03:17:24.236162Z,66.0571,166,ack
20260908T031454Z_p4-chaos-dead,cockroachdb,chaos-dead,thesis,9d2dcf84917da48f6a7ea8ea5d5fcca12cd94578,2026-09-08T03:14:54.551426Z,2026-09-08T03:17:24.236162Z,66.4121,167,ack
20260908T031454Z_p4-chaos-dead,cockroachdb,chaos-dead,thesis,9d2dcf84917da48f6a7ea8ea5d5fcca12cd94578,2026-09-08T03:14:54.551426Z,2026-09-08T03:17:24.236162Z,66.7695,168,ack
20260908T031454Z_p4-chaos-dead,cockroachdb,chaos-dead,thesis,9d2dcf84917da48f6a7ea8ea5d5fcca12cd94578,2026-09-08T03:14:54.551426Z,2026-09-08T03:17:24.236162Z,67.1284,169,ack
20260908T031454Z_p4-chaos-dead,cockroachdb,chaos-dead,thesis,9d2dcf84917da48f6a7ea8ea5d5fcca12cd94578,2026-09-08T03:14:54.551426Z,2026-09-08T03:17:24.236162Z,67.4784,170,ack
20260908T031454Z_p4-chaos-dead,cockroachdb,chaos-dead,thesis,9d2dcf84917da48f6a7ea8ea5d5fcca12cd94578,2026-09-08T03:14:54.551426Z,2026-09-08T03:17:24.236162Z,67.8297,171,ack
20260908T031454Z_p4-chaos-dead,cockroachdb,chaos-dead,thesis,9d2dcf84917da48f6a7ea8ea5d5fcca12cd94578,2026-09-08T03:14:54.551426Z,2026-09-08T03:17:24.236162Z,68.1785,172,ack
20260908T031454Z_p4-chaos-dead,cockroachdb,chaos-dead,thesis,9d2dcf84917da48f6a7ea8ea5d5fcca12cd94578,2026-09-08T03:14:54.551426Z,2026-09-08T03:17:24.236162Z,68.5283,173,ack
20260908T031454Z_p4-chaos-dead,cockroachdb,chaos-dead,thesis,9d2dcf84917da48f6a7ea8ea5d5fcca12cd94578,2026-09-08T03:14:54.551426Z,2026-09-08T03:17:24.236162Z,68.8886,174,ack
20260908T031454Z_p4-chaos-dead,cockroachdb,chaos-dead,thesis,9d2dcf84917da48f6a7ea8ea5d5fcca12cd94578,2026-09-08T03:14:54.551426Z,2026-09-08T03:17:24.236162Z,69.2385,175,ack
20260908T031454Z_p4-chaos-dead,cockroachdb,chaos-dead,thesis,9d2dcf84917da48f6a7ea8ea5d5fcca12cd94578,2026-09-08T03:14:54.551426Z,2026-09-08T03:17:24.236162Z,69.6049,176,ack
20260908T031454Z_p4-chaos-dead,cockroachdb,chaos-dead,thesis,9d2dcf84917da48f6a7ea8ea5d5fcca12cd94578,2026-09-08T03:14:54.551426Z,2026-09-08T03:17:24.236162Z,69.9585,177,ack
20260908T031454Z_p4-chaos-dead,cockroachdb,chaos-dead,thesis,9d2dcf84917da48f6a7ea8ea5d5fcca12cd94578,2026-09-08T03:14:54.551426Z,2026-09-08T03:17:24.236162Z,70.3217,178,ack
20260908T031454Z_p4-chaos-dead,cockroachdb,chaos-dead,thesis,9d2dcf84917da48f6a7ea8ea5d5fcca12cd94578,2026-09-08T03:14:54.551426Z,2026-09-08T03:17:24.236162Z,70.7429,179,ack
20260908T031454Z_p4-chaos-dead,cockroachdb,chaos-dead,thesis,9d2dcf84917da48f6a7ea8ea5d5fcca12cd94578,2026-09-08T03:14:54.551426Z,2026-09-08T03:17:24.236162Z,71.0986,180,ack
20260908T031454Z_p4-chaos-dead,cockroachdb,chaos-dead,thesis,9d2dcf84917da48f6a7ea8ea5d5fcca12cd94578,2026-09-08T03:14:54.551426Z,2026-09-08T03:17:24.236162Z,71.4595,181,ack
20260908T031454Z_p4-chaos-dead,cockroachdb,chaos-dead,thesis,9d2dcf84917da48f6a7ea8ea5d5fcca12cd94578,2026-09-08T03:14:54.551426Z,2026-09-08T03:17:24.236162Z,71.8186,182,ack
20260908T031454Z_p4-chaos-dead,cockroachdb,chaos-dead,thesis,9d2dcf84917da48f6a7ea8ea5d5fcca12cd94578,2026-09-08T03:14:54.551426Z,2026-09-08T03:17:24.236162Z,72.1698,183,ack
20260908T031454Z_p4-chaos-dead,cockroachdb,chaos-dead,thesis,9d2dcf84917da48f6a7ea8ea5d5fcca12cd94578,2026-09-08T03:14:54.551426Z,2026-09-08T03:17:24.236162Z,72.5385,184,ack
20260908T031454Z_p4-chaos-dead,cockroachdb,chaos-dead,thesis,9d2dcf84917da48f6a7ea8ea5d5fcca12cd94578,2026-09-08T03:14:54.551426Z,2026-09-08T03:17:24.236162Z,72.901,185,ack
20260908T031454Z_p4-chaos-dead,cockroachdb,chaos-dead,thesis,9d2dcf84917da48f6a7ea8ea5d5fcca12cd94578,2026-09-08T03:14:54.551426Z,2026-09-08T03:17:24.236162Z,73.2479,186,ack
20260908T031454Z_p4-chaos-dead,cockroachdb,chaos-dead,thesis,9d2dcf84917da48f6a7ea8ea5d5fcca12cd94578,2026-09-08T03:14:54.551426Z,2026-09-08T03:17:24.236162Z,73.6029,187,ack
20260908T031454Z_p4-chaos-dead,cockroachdb,chaos-dead,thesis,9d2dcf84917da48f6a7ea8ea5d5fcca12cd94578,2026-09-08T03:14:54.551426Z,2026-09-08T03:17:24.236162Z,73.9686,188,ack
20260908T031454Z_p4-chaos-dead,cockroachdb,chaos-dead,thesis,9d2dcf84917da48f6a7ea8ea5d5fcca12cd94578,2026-09-08T03:14:54.551426Z,2026-09-08T03:17:24.236162Z,74.3204,189,ack
20260908T031454Z_p4-chaos-dead,cockroachdb,chaos-dead,thesis,9d2dcf84917da48f6a7ea8ea5d5fcca12cd94578,2026-09-08T03:14:54.551426Z,2026-09-08T03:17:24.236162Z,74.6974,190,ack
20260908T031454Z_p4-chaos-dead,cockroachdb,chaos-dead,thesis,9d2dcf84917da48f6a7ea8ea5d5fcca12cd94578,2026-09-08T03:14:54.551426Z,2026-09-08T03:17:24.236162Z,75.0593,191,ack
20260908T031454Z_p4-chaos-dead,cockroachdb,chaos-dead,thesis,9d2dcf84917da48f6a7ea8ea5d5fcca12cd94578,2026-09-08T03:14:54.551426Z,2026-09-08T03:17:24.236162Z,75.429,192,ack
20260908T031454Z_p4-chaos-dead,cockroachdb,chaos-dead,thesis,9d2dcf84917da48f6a7ea8ea5d5fcca12cd94578,2026-09-08T03:14:54.551426Z,2026-09-08T03:17:24.236162Z,75.8081,193,ack
20260908T031454Z_p4-chaos-dead,cockroachdb,chaos-dead,thesis,9d2dcf84917da48f6a7ea8ea5d5fcca12cd94578,2026-09-08T03:14:54.551426Z,2026-09-08T03:17:24.236162Z,76.1694,194,ack
20260908T031454Z_p4-chaos-dead,cockroachdb,chaos-dead,thesis,9d2dcf84917da48f6a7ea8ea5d5fcca12cd94578,2026-09-08T03:14:54.551426Z,2026-09-08T03:17:24.236162Z,76.5497,195,ack
20260908T031454Z_p4-chaos-dead,cockroachdb,chaos-dead,thesis,9d2dcf84917da48f6a7ea8ea5d5fcca12cd94578,2026-09-08T03:14:54.551426Z,2026-09-08T03:17:24.236162Z,76.9304,196,ack
20260908T031454Z_p4-chaos-dead,cockroachdb,chaos-dead,thesis,9d2dcf84917da48f6a7ea8ea5d5fcca12cd94578,2026-09-08T03:14:54.551426Z,2026-09-08T03:17:24.236162Z,77.3142,197,ack
20260908T031454Z_p4-chaos-dead,cockroachdb,chaos-dead,thesis,9d2dcf84917da48f6a7ea8ea5d5fcca12cd94578,2026-09-08T03:14:54.551426Z,2026-09-08T03:17:24.236162Z,77.6795,198,ack
20260908T031454Z_p4-chaos-dead,cockroachdb,chaos-dead,thesis,9d2dcf84917da48f6a7ea8ea5d5fcca12cd94578,2026-09-08T03:14:54.551426Z,2026-09-08T03:17:24.236162Z,78.0587,199,ack
20260908T031454Z_p4-chaos-dead,cockroachdb,chaos-dead,thesis,9d2dcf84917da48f6a7ea8ea5d5fcca12cd94578,2026-09-08T03:14:54.551426Z,2026-09-08T03:17:24.236162Z,78.4325,200,ack
20260908T031454Z_p4-chaos-dead,cockroachdb,chaos-dead,thesis,9d2dcf84917da48f6a7ea8ea5d5fcca12cd94578,2026-09-08T03:14:54.551426Z,2026-09-08T03:17:24.236162Z,78.8085,201,ack
20260908T031454Z_p4-chaos-dead,cockroachdb,chaos-dead,thesis,9d2dcf84917da48f6a7ea8ea5d5fcca12cd94578,2026-09-08T03:14:54.551426Z,2026-09-08T03:17:24.236162Z,79.2105,202,ack
20260908T031454Z_p4-chaos-dead,cockroachdb,chaos-dead,thesis,9d2dcf84917da48f6a7ea8ea5d5fcca12cd94578,2026-09-08T03:14:54.551426Z,2026-09-08T03:17:24.236162Z,79.5886,203,ack
20260908T031454Z_p4-chaos-dead,cockroachdb,chaos-dead,thesis,9d2dcf84917da48f6a7ea8ea5d5fcca12cd94578,2026-09-08T03:14:54.551426Z,2026-09-08T03:17:24.236162Z,79.9598,204,ack
20260908T031454Z_p4-chaos-dead,cockroachdb,chaos-dead,thesis,9d2dcf84917da48f6a7ea8ea5d5fcca12cd94578,2026-09-08T03:14:54.551426Z,2026-09-08T03:17:24.236162Z,80.3288,205,ack
20260908T031454Z_p4-chaos-dead,cockroachdb,chaos-dead,thesis,9d2dcf84917da48f6a7ea8ea5d5fcca12cd94578,2026-09-08T03:14:54.551426Z,2026-09-08T03:17:24.236162Z,80.7032,206,ack
20260908T031454Z_p4-chaos-dead,cockroachdb,chaos-dead,thesis,9d2dcf84917da48f6a7ea8ea5d5fcca12cd94578,2026-09-08T03:14:54.551426Z,2026-09-08T03:17:24.236162Z,81.0688,207,ack
20260908T031454Z_p4-chaos-dead,cockroachdb,chaos-dead,thesis,9d2dcf84917da48f6a7ea8ea5d5fcca12cd94578,2026-09-08T03:14:54.551426Z,2026-09-08T03:17:24.236162Z,81.4451,208,ack
20260908T031454Z_p4-chaos-dead,cockroachdb,chaos-dead,thesis,9d2dcf84917da48f6a7ea8ea5d5fcca12cd94578,2026-09-08T03:14:54.551426Z,2026-09-08T03:17:24.236162Z,81.8214,209,ack
20260908T031454Z_p4-chaos-dead,cockroachdb,chaos-dead,thesis,9d2dcf84917da48f6a7ea8ea5d5fcca12cd94578,2026-09-08T03:14:54.551426Z,2026-09-08T03:17:24.236162Z,82.1832,210,ack
20260908T031454Z_p4-chaos-dead,cockroachdb,chaos-dead,thesis,9d2dcf84917da48f6a7ea8ea5d5fcca12cd94578,2026-09-08T03:14:54.551426Z,2026-09-08T03:17:24.236162Z,82.553,211,ack
20260908T031454Z_p4-chaos-dead,cockroachdb,chaos-dead,thesis,9d2dcf84917da48f6a7ea8ea5d5fcca12cd94578,2026-09-08T03:14:54.551426Z,2026-09-08T03:17:24.236162Z,82.9492,212,ack
20260908T031454Z_p4-chaos-dead,cockroachdb,chaos-dead,thesis,9d2dcf84917da48f6a7ea8ea5d5fcca12cd94578,2026-09-08T03:14:54.551426Z,2026-09-08T03:17:24.236162Z,83.3185,213,ack
20260908T031454Z_p4-chaos-dead,cockroachdb,chaos-dead,thesis,9d2dcf84917da48f6a7ea8ea5d5fcca12cd94578,2026-09-08T03:14:54.551426Z,2026-09-08T03:17:24.236162Z,83.6888,214,ack
20260908T031454Z_p4-chaos-dead,cockroachdb,chaos-dead,thesis,9d2dcf84917da48f6a7ea8ea5d5fcca12cd94578,2026-09-08T03:14:54.551426Z,2026-09-08T03:17:24.236162Z,84.0586,215,ack
20260908T031454Z_p4-chaos-dead,cockroachdb,chaos-dead,thesis,9d2dcf84917da48f6a7ea8ea5d5fcca12cd94578,2026-09-08T03:14:54.551426Z,2026-09-08T03:17:24.236162Z,84.4187,216,ack
20260908T031454Z_p4-chaos-dead,cockroachdb,chaos-dead,thesis,9d2dcf84917da48f6a7ea8ea5d5fcca12cd94578,2026-09-08T03:14:54.551426Z,2026-09-08T03:17:24.236162Z,84.783,217,ack
20260908T031454Z_p4-chaos-dead,cockroachdb,chaos-dead,thesis,9d2dcf84917da48f6a7ea8ea5d5fcca12cd94578,2026-09-08T03:14:54.551426Z,2026-09-08T03:17:24.236162Z,85.139,218,ack
20260908T031454Z_p4-chaos-dead,cockroachdb,chaos-dead,thesis,9d2dcf84917da48f6a7ea8ea5d5fcca12cd94578,2026-09-08T03:14:54.551426Z,2026-09-08T03:17:24.236162Z,85.4909,219,ack
20260908T031454Z_p4-chaos-dead,cockroachdb,chaos-dead,thesis,9d2dcf84917da48f6a7ea8ea5d5fcca12cd94578,2026-09-08T03:14:54.551426Z,2026-09-08T03:17:24.236162Z,85.8558,220,ack
20260908T031454Z_p4-chaos-dead,cockroachdb,chaos-dead,thesis,9d2dcf84917da48f6a7ea8ea5d5fcca12cd94578,2026-09-08T03:14:54.551426Z,2026-09-08T03:17:24.236162Z,86.2287,221,ack
20260908T031454Z_p4-chaos-dead,cockroachdb,chaos-dead,thesis,9d2dcf84917da48f6a7ea8ea5d5fcca12cd94578,2026-09-08T03:14:54.551426Z,2026-09-08T03:17:24.236162Z,86.5927,222,ack
20260908T031454Z_p4-chaos-dead,cockroachdb,chaos-dead,thesis,9d2dcf84917da48f6a7ea8ea5d5fcca12cd94578,2026-09-08T03:14:54.551426Z,2026-09-08T03:17:24.236162Z,86.9488,223,ack
20260908T031454Z_p4-chaos-dead,cockroachdb,chaos-dead,thesis,9d2dcf84917da48f6a7ea8ea5d5fcca12cd94578,2026-09-08T03:14:54.551426Z,2026-09-08T03:17:24.236162Z,87.3153,224,ack
20260908T031454Z_p4-chaos-dead,cockroachdb,chaos-dead,thesis,9d2dcf84917da48f6a7ea8ea5d5fcca12cd94578,2026-09-08T03:14:54.551426Z,2026-09-08T03:17:24.236162Z,87.6822,225,ack
20260908T031454Z_p4-chaos-dead,cockroachdb,chaos-dead,thesis,9d2dcf84917da48f6a7ea8ea5d5fcca12cd94578,2026-09-08T03:14:54.551426Z,2026-09-08T03:17:24.236162Z,88.0627,226,ack
20260908T031454Z_p4-chaos-dead,cockroachdb,chaos-dead,thesis,9d2dcf84917da48f6a7ea8ea5d5fcca12cd94578,2026-09-08T03:14:54.551426Z,2026-09-08T03:17:24.236162Z,88.4156,227,ack
20260908T031454Z_p4-chaos-dead,cockroachdb,chaos-dead,thesis,9d2dcf84917da48f6a7ea8ea5d5fcca12cd94578,2026-09-08T03:14:54.551426Z,2026-09-08T03:17:24.236162Z,88.7989,228,ack
20260908T031454Z_p4-chaos-dead,cockroachdb,chaos-dead,thesis,9d2dcf84917da48f6a7ea8ea5d5fcca12cd94578,2026-09-08T03:14:54.551426Z,2026-09-08T03:17:24.236162Z,89.1624,229,ack
20260908T031454Z_p4-chaos-dead,cockroachdb,chaos-dead,thesis,9d2dcf84917da48f6a7ea8ea5d5fcca12cd94578,2026-09-08T03:14:54.551426Z,2026-09-08T03:17:24.236162Z,89.5287,230,ack
20260908T031454Z_p4-chaos-dead,cockroachdb,chaos-dead,thesis,9d2dcf84917da48f6a7ea8ea5d5fcca12cd94578,2026-09-08T03:14:54.551426Z,2026-09-08T03:17:24.236162Z,89.8936,231,ack
20260908T031454Z_p4-chaos-dead,cockroachdb,chaos-dead,thesis,9d2dcf84917da48f6a7ea8ea5d5fcca12cd94578,2026-09-08T03:14:54.551426Z,2026-09-08T03:17:24.236162Z,90.2783,232,ack
20260908T031454Z_p4-chaos-dead,cockroachdb,chaos-dead,thesis,9d2dcf84917da48f6a7ea8ea5d5fcca12cd94578,2026-09-08T03:14:54.551426Z,2026-09-08T03:17:24.236162Z,90.6302,233,ack
20260908T031454Z_p4-chaos-dead,cockroachdb,chaos-dead,thesis,9d2dcf84917da48f6a7ea8ea5d5fcca12cd94578,2026-09-08T03:14:54.551426Z,2026-09-08T03:17:24.236162Z,91.0054,234,ack
20260908T031454Z_p4-chaos-dead,cockroachdb,chaos-dead,thesis,9d2dcf84917da48f6a7ea8ea5d5fcca12cd94578,2026-09-08T03:14:54.551426Z,2026-09-08T03:17:24.236162Z,91.3696,235,ack
20260908T031454Z_p4-chaos-dead,cockroachdb,chaos-dead,thesis,9d2dcf84917da48f6a7ea8ea5d5fcca12cd94578,2026-09-08T03:14:54.551426Z,2026-09-08T03:17:24.236162Z,91.7385,236,ack
20260908T031454Z_p4-chaos-dead,cockroachdb,chaos-dead,thesis,9d2dcf84917da48f6a7ea8ea5d5fcca12cd94578,2026-09-08T03:14:54.551426Z,2026-09-08T03:17:24.236162Z,92.1104,237,ack
20260908T031454Z_p4-chaos-dead,cockroachdb,chaos-dead,thesis,9d2dcf84917da48f6a7ea8ea5d5fcca12cd94578,2026-09-08T03:14:54.551426Z,2026-09-08T03:17:24.236162Z,92.4704,238,ack
20260908T031454Z_p4-chaos-dead,cockroachdb,chaos-dead,thesis,9d2dcf84917da48f6a7ea8ea5d5fcca12cd94578,2026-09-08T03:14:54.551426Z,2026-09-08T03:17:24.236162Z,92.8306,239,ack
20260908T031454Z_p4-chaos-dead,cockroachdb,chaos-dead,thesis,9d2dcf84917da48f6a7ea8ea5d5fcca12cd94578,2026-09-08T03:14:54.551426Z,2026-09-08T03:17:24.236162Z,93.2027,240,ack
20260908T031454Z_p4-chaos-dead,cockroachdb,chaos-dead,thesis,9d2dcf84917da48f6a7ea8ea5d5fcca12cd94578,2026-09-08T03:14:54.551426Z,2026-09-08T03:17:24.236162Z,93.5636,241,ack
20260908T031454Z_p4-chaos-dead,cockroachdb,chaos-dead,thesis,9d2dcf84917da48f6a7ea8ea5d5fcca12cd94578,2026-09-08T03:14:54.551426Z,2026-09-08T03:17:24.236162Z,93.9189,242,ack
20260908T031454Z_p4-chaos-dead,cockroachdb,chaos-dead,thesis,9d2dcf84917da48f6a7ea8ea5d5fcca12cd94578,2026-09-08T03:14:54.551426Z,2026-09-08T03:17:24.236162Z,94.2783,243,ack
20260908T031454Z_p4-chaos-dead,cockroachdb,chaos-dead,thesis,9d2dcf84917da48f6a7ea8ea5d5fcca12cd94578,2026-09-08T03:14:54.551426Z,2026-09-08T03:17:24.236162Z,94.6549,244,ack
20260908T031454Z_p4-chaos-dead,cockroachdb,chaos-dead,thesis,9d2dcf84917da48f6a7ea8ea5d5fcca12cd94578,2026-09-08T03:14:54.551426Z,2026-09-08T03:17:24.236162Z,95.0217,245,ack
20260908T031454Z_p4-chaos-dead,cockroachdb,chaos-dead,thesis,9d2dcf84917da48f6a7ea8ea5d5fcca12cd94578,2026-09-08T03:14:54.551426Z,2026-09-08T03:17:24.236162Z,95.3831,246,ack
20260908T031454Z_p4-chaos-dead,cockroachdb,chaos-dead,thesis,9d2dcf84917da48f6a7ea8ea5d5fcca12cd94578,2026-09-08T03:14:54.551426Z,2026-09-08T03:17:24.236162Z,95.745,247,ack
20260908T031454Z_p4-chaos-dead,cockroachdb,chaos-dead,thesis,9d2dcf84917da48f6a7ea8ea5d5fcca12cd94578,2026-09-08T03:14:54.551426Z,2026-09-08T03:17:24.236162Z,96.111,248,ack
20260908T031454Z_p4-chaos-dead,cockroachdb,chaos-dead,thesis,9d2dcf84917da48f6a7ea8ea5d5fcca12cd94578,2026-09-08T03:14:54.551426Z,2026-09-08T03:17:24.236162Z,96.4827,249,ack
20260908T031454Z_p4-chaos-dead,cockroachdb,chaos-dead,thesis,9d2dcf84917da48f6a7ea8ea5d5fcca12cd94578,2026-09-08T03:14:54.551426Z,2026-09-08T03:17:24.236162Z,96.8486,250,ack
20260908T031454Z_p4-chaos-dead,cockroachdb,chaos-dead,thesis,9d2dcf84917da48f6a7ea8ea5d5fcca12cd94578,2026-09-08T03:14:54.551426Z,2026-09-08T03:17:24.236162Z,97.2109,251,ack
20260908T031454Z_p4-chaos-dead,cockroachdb,chaos-dead,thesis,9d2dcf84917da48f6a7ea8ea5d5fcca12cd94578,2026-09-08T03:14:54.551426Z,2026-09-08T03:17:24.236162Z,97.5735,252,ack
20260908T031454Z_p4-chaos-dead,cockroachdb,chaos-dead,thesis,9d2dcf84917da48f6a7ea8ea5d5fcca12cd94578,2026-09-08T03:14:54.551426Z,2026-09-08T03:17:24.236162Z,97.9305,253,ack
20260908T031454Z_p4-chaos-dead,cockroachdb,chaos-dead,thesis,9d2dcf84917da48f6a7ea8ea5d5fcca12cd94578,2026-09-08T03:14:54.551426Z,2026-09-08T03:17:24.236162Z,98.3054,254,ack
20260908T031454Z_p4-chaos-dead,cockroachdb,chaos-dead,thesis,9d2dcf84917da48f6a7ea8ea5d5fcca12cd94578,2026-09-08T03:14:54.551426Z,2026-09-08T03:17:24.236162Z,98.666,255,ack
20260908T031454Z_p4-chaos-dead,cockroachdb,chaos-dead,thesis,9d2dcf84917da48f6a7ea8ea5d5fcca12cd94578,2026-09-08T03:14:54.551426Z,2026-09-08T03:17:24.236162Z,99.025,256,ack
20260908T031454Z_p4-chaos-dead,cockroachdb,chaos-dead,thesis,9d2dcf84917da48f6a7ea8ea5d5fcca12cd94578,2026-09-08T03:14:54.551426Z,2026-09-08T03:17:24.236162Z,99.3837,257,ack
20260908T031454Z_p4-chaos-dead,cockroachdb,chaos-dead,thesis,9d2dcf84917da48f6a7ea8ea5d5fcca12cd94578,2026-09-08T03:14:54.551426Z,2026-09-08T03:17:24.236162Z,99.7532,258,ack
20260908T031454Z_p4-chaos-dead,cockroachdb,chaos-dead,thesis,9d2dcf84917da48f6a7ea8ea5d5fcca12cd94578,2026-09-08T03:14:54.551426Z,2026-09-08T03:17:24.236162Z,100.1239,259,ack
20260908T031454Z_p4-chaos-dead,cockroachdb,chaos-dead,thesis,9d2dcf84917da48f6a7ea8ea5d5fcca12cd94578,2026-09-08T03:14:54.551426Z,2026-09-08T03:17:24.236162Z,100.5034,260,ack
20260908T031454Z_p4-chaos-dead,cockroachdb,chaos-dead,thesis,9d2dcf84917da48f6a7ea8ea5d5fcca12cd94578,2026-09-08T03:14:54.551426Z,2026-09-08T03:17:24.236162Z,100.8656,261,ack
20260908T031454Z_p4-chaos-dead,cockroachdb,chaos-dead,thesis,9d2dcf84917da48f6a7ea8ea5d5fcca12cd94578,2026-09-08T03:14:54.551426Z,2026-09-08T03:17:24.236162Z,101.2323,262,ack
20260908T031454Z_p4-chaos-dead,cockroachdb,chaos-dead,thesis,9d2dcf84917da48f6a7ea8ea5d5fcca12cd94578,2026-09-08T03:14:54.551426Z,2026-09-08T03:17:24.236162Z,101.593,263,ack
20260908T031454Z_p4-chaos-dead,cockroachdb,chaos-dead,thesis,9d2dcf84917da48f6a7ea8ea5d5fcca12cd94578,2026-09-08T03:14:54.551426Z,2026-09-08T03:17:24.236162Z,101.9561,264,ack
20260908T031454Z_p4-chaos-dead,cockroachdb,chaos-dead,thesis,9d2dcf84917da48f6a7ea8ea5d5fcca12cd94578,2026-09-08T03:14:54.551426Z,2026-09-08T03:17:24.236162Z,102.3236,265,ack
20260908T031454Z_p4-chaos-dead,cockroachdb,chaos-dead,thesis,9d2dcf84917da48f6a7ea8ea5d5fcca12cd94578,2026-09-08T03:14:54.551426Z,2026-09-08T03:17:24.236162Z,102.675,266,ack
20260908T031454Z_p4-chaos-dead,cockroachdb,chaos-dead,thesis,9d2dcf84917da48f6a7ea8ea5d5fcca12cd94578,2026-09-08T03:14:54.551426Z,2026-09-08T03:17:24.236162Z,103.0515,267,ack
20260908T031454Z_p4-chaos-dead,cockroachdb,chaos-dead,thesis,9d2dcf84917da48f6a7ea8ea5d5fcca12cd94578,2026-09-08T03:14:54.551426Z,2026-09-08T03:17:24.236162Z,103.4093,268,ack
20260908T031454Z_p4-chaos-dead,cockroachdb,chaos-dead,thesis,9d2dcf84917da48f6a7ea8ea5d5fcca12cd94578,2026-09-08T03:14:54.551426Z,2026-09-08T03:17:24.236162Z,103.7764,269,ack
20260908T031454Z_p4-chaos-dead,cockroachdb,chaos-dead,thesis,9d2dcf84917da48f6a7ea8ea5d5fcca12cd94578,2026-09-08T03:14:54.551426Z,2026-09-08T03:17:24.236162Z,104.1422,270,ack
20260908T031454Z_p4-chaos-dead,cockroachdb,chaos-dead,thesis,9d2dcf84917da48f6a7ea8ea5d5fcca12cd94578,2026-09-08T03:14:54.551426Z,2026-09-08T03:17:24.236162Z,104.5002,271,ack
20260908T031454Z_p4-chaos-dead,cockroachdb,chaos-dead,thesis,9d2dcf84917da48f6a7ea8ea5d5fcca12cd94578,2026-09-08T03:14:54.551426Z,2026-09-08T03:17:24.236162Z,104.8817,272,ack
20260908T031454Z_p4-chaos-dead,cockroachdb,chaos-dead,thesis,9d2dcf84917da48f6a7ea8ea5d5fcca12cd94578,2026-09-08T03:14:54.551426Z,2026-09-08T03:17:24.236162Z,105.25,273,ack
20260908T031454Z_p4-chaos-dead,cockroachdb,chaos-dead,thesis,9d2dcf84917da48f6a7ea8ea5d5fcca12cd94578,2026-09-08T03:14:54.551426Z,2026-09-08T03:17:24.236162Z,105.6154,274,ack
20260908T031454Z_p4-chaos-dead,cockroachdb,chaos-dead,thesis,9d2dcf84917da48f6a7ea8ea5d5fcca12cd94578,2026-09-08T03:14:54.551426Z,2026-09-08T03:17:24.236162Z,105.9845,275,ack
20260908T031454Z_p4-chaos-dead,cockroachdb,chaos-dead,thesis,9d2dcf84917da48f6a7ea8ea5d5fcca12cd94578,2026-09-08T03:14:54.551426Z,2026-09-08T03:17:24.236162Z,106.3404,276,ack
20260908T031454Z_p4-chaos-dead,cockroachdb,chaos-dead,thesis,9d2dcf84917da48f6a7ea8ea5d5fcca12cd94578,2026-09-08T03:14:54.551426Z,2026-09-08T03:17:24.236162Z,106.6896,277,ack
20260908T031454Z_p4-chaos-dead,cockroachdb,chaos-dead,thesis,9d2dcf84917da48f6a7ea8ea5d5fcca12cd94578,2026-09-08T03:14:54.551426Z,2026-09-08T03:17:24.236162Z,107.0523,278,ack
20260908T031454Z_p4-chaos-dead,cockroachdb,chaos-dead,thesis,9d2dcf84917da48f6a7ea8ea5d5fcca12cd94578,2026-09-08T03:14:54.551426Z,2026-09-08T03:17:24.236162Z,107.4208,279,ack
20260908T031454Z_p4-chaos-dead,cockroachdb,chaos-dead,thesis,9d2dcf84917da48f6a7ea8ea5d5fcca12cd94578,2026-09-08T03:14:54.551426Z,2026-09-08T03:17:24.236162Z,107.8256,280,ack
20260908T031454Z_p4-chaos-dead,cockroachdb,chaos-dead,thesis,9d2dcf84917da48f6a7ea8ea5d5fcca12cd94578,2026-09-08T03:14:54.551426Z,2026-09-08T03:17:24.236162Z,108.1837,281,ack
20260908T031454Z_p4-chaos-dead,cockroachdb,chaos-dead,thesis,9d2dcf84917da48f6a7ea8ea5d5fcca12cd94578,2026-09-08T03:14:54.551426Z,2026-09-08T03:17:24.236162Z,108.5434,282,ack
20260908T031454Z_p4-chaos-dead,cockroachdb,chaos-dead,thesis,9d2dcf84917da48f6a7ea8ea5d5fcca12cd94578,2026-09-08T03:14:54.551426Z,2026-09-08T03:17:24.236162Z,108.9076,283,ack
20260908T031454Z_p4-chaos-dead,cockroachdb,chaos-dead,thesis,9d2dcf84917da48f6a7ea8ea5d5fcca12cd94578,2026-09-08T03:14:54.551426Z,2026-09-08T03:17:24.236162Z,109.2813,284,ack
20260908T031454Z_p4-chaos-dead,cockroachdb,chaos-dead,thesis,9d2dcf84917da48f6a7ea8ea5d5fcca12cd94578,2026-09-08T03:14:54.551426Z,2026-09-08T03:17:24.236162Z,109.6557,285,ack
20260908T031454Z_p4-chaos-dead,cockroachdb,chaos-dead,thesis,9d2dcf84917da48f6a7ea8ea5d5fcca12cd94578,2026-09-08T03:14:54.551426Z,2026-09-08T03:17:24.236162Z,110.0301,286,ack
20260908T031454Z_p4-chaos-dead,cockroachdb,chaos-dead,thesis,9d2dcf84917da48f6a7ea8ea5d5fcca12cd94578,2026-09-08T03:14:54.551426Z,2026-09-08T03:17:24.236162Z,110.4447,287,ack
20260908T031454Z_p4-chaos-dead,cockroachdb,chaos-dead,thesis,9d2dcf84917da48f6a7ea8ea5d5fcca12cd94578,2026-09-08T03:14:54.551426Z,2026-09-08T03:17:24.236162Z,110.8092,288,ack
20260908T031454Z_p4-chaos-dead,cockroachdb,chaos-dead,thesis,9d2dcf84917da48f6a7ea8ea5d5fcca12cd94578,2026-09-08T03:14:54.551426Z,2026-09-08T03:17:24.236162Z,111.1759,289,ack
20260908T031454Z_p4-chaos-dead,cockroachdb,chaos-dead,thesis,9d2dcf84917da48f6a7ea8ea5d5fcca12cd94578,2026-09-08T03:14:54.551426Z,2026-09-08T03:17:24.236162Z,111.563,290,ack
20260908T031454Z_p4-chaos-dead,cockroachdb,chaos-dead,thesis,9d2dcf84917da48f6a7ea8ea5d5fcca12cd94578,2026-09-08T03:14:54.551426Z,2026-09-08T03:17:24.236162Z,111.9247,291,ack
20260908T031454Z_p4-chaos-dead,cockroachdb,chaos-dead,thesis,9d2dcf84917da48f6a7ea8ea5d5fcca12cd94578,2026-09-08T03:14:54.551426Z,2026-09-08T03:17:24.236162Z,112.2767,292,ack
20260908T031454Z_p4-chaos-dead,cockroachdb,chaos-dead,thesis,9d2dcf84917da48f6a7ea8ea5d5fcca12cd94578,2026-09-08T03:14:54.551426Z,2026-09-08T03:17:24.236162Z,112.6385,293,ack
20260908T031454Z_p4-chaos-dead,cockroachdb,chaos-dead,thesis,9d2dcf84917da48f6a7ea8ea5d5fcca12cd94578,2026-09-08T03:14:54.551426Z,2026-09-08T03:17:24.236162Z,112.9958,294,ack
20260908T031454Z_p4-chaos-dead,cockroachdb,chaos-dead,thesis,9d2dcf84917da48f6a7ea8ea5d5fcca12cd94578,2026-09-08T03:14:54.551426Z,2026-09-08T03:17:24.236162Z,113.3575,295,ack
20260908T031454Z_p4-chaos-dead,cockroachdb,chaos-dead,thesis,9d2dcf84917da48f6a7ea8ea5d5fcca12cd94578,2026-09-08T03:14:54.551426Z,2026-09-08T03:17:24.236162Z,113.7087,296,ack
20260908T031454Z_p4-chaos-dead,cockroachdb,chaos-dead,thesis,9d2dcf84917da48f6a7ea8ea5d5fcca12cd94578,2026-09-08T03:14:54.551426Z,2026-09-08T03:17:24.236162Z,114.066,297,ack
20260908T031454Z_p4-chaos-dead,cockroachdb,chaos-dead,thesis,9d2dcf84917da48f6a7ea8ea5d5fcca12cd94578,2026-09-08T03:14:54.551426Z,2026-09-08T03:17:24.236162Z,114.4245,298,ack
20260908T031454Z_p4-chaos-dead,cockroachdb,chaos-dead,thesis,9d2dcf84917da48f6a7ea8ea5d5fcca12cd94578,2026-09-08T03:14:54.551426Z,2026-09-08T03:17:24.236162Z,114.7822,299,ack
20260908T031454Z_p4-chaos-dead,cockroachdb,chaos-dead,thesis,9d2dcf84917da48f6a7ea8ea5d5fcca12cd94578,2026-09-08T03:14:54.551426Z,2026-09-08T03:17:24.236162Z,115.1576,300,ack
20260908T031454Z_p4-chaos-dead,cockroachdb,chaos-dead,thesis,9d2dcf84917da48f6a7ea8ea5d5fcca12cd94578,2026-09-08T03:14:54.551426Z,2026-09-08T03:17:24.236162Z,115.516,301,ack
20260908T031454Z_p4-chaos-dead,cockroachdb,chaos-dead,thesis,9d2dcf84917da48f6a7ea8ea5d5fcca12cd94578,2026-09-08T03:14:54.551426Z,2026-09-08T03:17:24.236162Z,115.8765,302,ack
20260908T031454Z_p4-chaos-dead,cockroachdb,chaos-dead,thesis,9d2dcf84917da48f6a7ea8ea5d5fcca12cd94578,2026-09-08T03:14:54.551426Z,2026-09-08T03:17:24.236162Z,116.2294,303,ack
20260908T031454Z_p4-chaos-dead,cockroachdb,chaos-dead,thesis,9d2dcf84917da48f6a7ea8ea5d5fcca12cd94578,2026-09-08T03:14:54.551426Z,2026-09-08T03:17:24.236162Z,116.5871,304,ack
20260908T031454Z_p4-chaos-dead,cockroachdb,chaos-dead,thesis,9d2dcf84917da48f6a7ea8ea5d5fcca12cd94578,2026-09-08T03:14:54.551426Z,2026-09-08T03:17:24.236162Z,116.9392,305,ack
20260908T031454Z_p4-chaos-dead,cockroachdb,chaos-dead,thesis,9d2dcf84917da48f6a7ea8ea5d5fcca12cd94578,2026-09-08T03:14:54.551426Z,2026-09-08T03:17:24.236162Z,117.2936,306,ack
20260908T031454Z_p4-chaos-dead,cockroachdb,chaos-dead,thesis,9d2dcf84917da48f6a7ea8ea5d5fcca12cd94578,2026-09-08T03:14:54.551426Z,2026-09-08T03:17:24.236162Z,117.6575,307,ack
20260908T031454Z_p4-chaos-dead,cockroachdb,chaos-dead,thesis,9d2dcf84917da48f6a7ea8ea5d5fcca12cd94578,2026-09-08T03:14:54.551426Z,2026-09-08T03:17:24.236162Z,118.0158,308,ack
20260908T031454Z_p4-chaos-dead,cockroachdb,chaos-dead,thesis,9d2dcf84917da48f6a7ea8ea5d5fcca12cd94578,2026-09-08T03:14:54.551426Z,2026-09-08T03:17:24.236162Z,118.3632,309,ack
20260908T031454Z_p4-chaos-dead,cockroachdb,chaos-dead,thesis,9d2dcf84917da48f6a7ea8ea5d5fcca12cd94578,2026-09-08T03:14:54.551426Z,2026-09-08T03:17:24.236162Z,118.7184,310,ack
20260908T031454Z_p4-chaos-dead,cockroachdb,chaos-dead,thesis,9d2dcf84917da48f6a7ea8ea5d5fcca12cd94578,2026-09-08T03:14:54.551426Z,2026-09-08T03:17:24.236162Z,119.0705,311,ack
20260908T031454Z_p4-chaos-dead,cockroachdb,chaos-dead,thesis,9d2dcf84917da48f6a7ea8ea5d5fcca12cd94578,2026-09-08T03:14:54.551426Z,2026-09-08T03:17:24.236162Z,119.4298,312,ack
20260908T031454Z_p4-chaos-dead,cockroachdb,chaos-dead,thesis,9d2dcf84917da48f6a7ea8ea5d5fcca12cd94578,2026-09-08T03:14:54.551426Z,2026-09-08T03:17:24.236162Z,119.8014,313,ack
20260908T031454Z_p4-chaos-dead,cockroachdb,chaos-dead,thesis,9d2dcf84917da48f6a7ea8ea5d5fcca12cd94578,2026-09-08T03:14:54.551426Z,2026-09-08T03:17:24.236162Z,120.1585,314,ack
20260908T031454Z_p4-chaos-dead,cockroachdb,chaos-dead,thesis,9d2dcf84917da48f6a7ea8ea5d5fcca12cd94578,2026-09-08T03:14:54.551426Z,2026-09-08T03:17:24.236162Z,120.5297,315,ack
20260908T031454Z_p4-chaos-dead,cockroachdb,chaos-dead,thesis,9d2dcf84917da48f6a7ea8ea5d5fcca12cd94578,2026-09-08T03:14:54.551426Z,2026-09-08T03:17:24.236162Z,120.8974,316,ack
20260908T031454Z_p4-chaos-dead,cockroachdb,chaos-dead,thesis,9d2dcf84917da48f6a7ea8ea5d5fcca12cd94578,2026-09-08T03:14:54.551426Z,2026-09-08T03:17:24.236162Z,121.2656,317,ack
20260908T031454Z_p4-chaos-dead,cockroachdb,chaos-dead,thesis,9d2dcf84917da48f6a7ea8ea5d5fcca12cd94578,2026-09-08T03:14:54.551426Z,2026-09-08T03:17:24.236162Z,121.6431,318,ack
20260908T031454Z_p4-chaos-dead,cockroachdb,chaos-dead,thesis,9d2dcf84917da48f6a7ea8ea5d5fcca12cd94578,2026-09-08T03:14:54.551426Z,2026-09-08T03:17:24.236162Z,122.0074,319,ack
20260908T031454Z_p4-chaos-dead,cockroachdb,chaos-dead,thesis,9d2dcf84917da48f6a7ea8ea5d5fcca12cd94578,2026-09-08T03:14:54.551426Z,2026-09-08T03:17:24.236162Z,122.3788,320,ack
20260908T031454Z_p4-chaos-dead,cockroachdb,chaos-dead,thesis,9d2dcf84917da48f6a7ea8ea5d5fcca12cd94578,2026-09-08T03:14:54.551426Z,2026-09-08T03:17:24.236162Z,122.7409,321,ack
20260908T031454Z_p4-chaos-dead,cockroachdb,chaos-dead,thesis,9d2dcf84917da48f6a7ea8ea5d5fcca12cd94578,2026-09-08T03:14:54.551426Z,2026-09-08T03:17:24.236162Z,123.1103,322,ack
20260908T031454Z_p4-chaos-dead,cockroachdb,chaos-dead,thesis,9d2dcf84917da48f6a7ea8ea5d5fcca12cd94578,2026-09-08T03:14:54.551426Z,2026-09-08T03:17:24.236162Z,123.4762,323,ack
20260908T031454Z_p4-chaos-dead,cockroachdb,chaos-dead,thesis,9d2dcf84917da48f6a7ea8ea5d5fcca12cd94578,2026-09-08T03:14:54.551426Z,2026-09-08T03:17:24.236162Z,123.8445,324,ack
20260908T031454Z_p4-chaos-dead,cockroachdb,chaos-dead,thesis,9d2dcf84917da48f6a7ea8ea5d5fcca12cd94578,2026-09-08T03:14:54.551426Z,2026-09-08T03:17:24.236162Z,124.2053,325,ack
20260908T031454Z_p4-chaos-dead,cockroachdb,chaos-dead,thesis,9d2dcf84917da48f6a7ea8ea5d5fcca12cd94578,2026-09-08T03:14:54.551426Z,2026-09-08T03:17:24.236162Z,124.5684,326,ack
20260908T031454Z_p4-chaos-dead,cockroachdb,chaos-dead,thesis,9d2dcf84917da48f6a7ea8ea5d5fcca12cd94578,2026-09-08T03:14:54.551426Z,2026-09-08T03:17:24.236162Z,124.9291,327,ack
20260908T031454Z_p4-chaos-dead,cockroachdb,chaos-dead,thesis,9d2dcf84917da48f6a7ea8ea5d5fcca12cd94578,2026-09-08T03:14:54.551426Z,2026-09-08T03:17:24.236162Z,125.2898,328,ack
20260908T031454Z_p4-chaos-dead,cockroachdb,chaos-dead,thesis,9d2dcf84917da48f6a7ea8ea5d5fcca12cd94578,2026-09-08T03:14:54.551426Z,2026-09-08T03:17:24.236162Z,125.6535,329,ack
20260908T031454Z_p4-chaos-dead,cockroachdb,chaos-dead,thesis,9d2dcf84917da48f6a7ea8ea5d5fcca12cd94578,2026-09-08T03:14:54.551426Z,2026-09-08T03:17:24.236162Z,126.0112,330,ack
20260908T031454Z_p4-chaos-dead,cockroachdb,chaos-dead,thesis,9d2dcf84917da48f6a7ea8ea5d5fcca12cd94578,2026-09-08T03:14:54.551426Z,2026-09-08T03:17:24.236162Z,126.3788,331,ack
20260908T031454Z_p4-chaos-dead,cockroachdb,chaos-dead,thesis,9d2dcf84917da48f6a7ea8ea5d5fcca12cd94578,2026-09-08T03:14:54.551426Z,2026-09-08T03:17:24.236162Z,126.7344,332,ack
20260908T031454Z_p4-chaos-dead,cockroachdb,chaos-dead,thesis,9d2dcf84917da48f6a7ea8ea5d5fcca12cd94578,2026-09-08T03:14:54.551426Z,2026-09-08T03:17:24.236162Z,127.0991,333,ack
20260908T031454Z_p4-chaos-dead,cockroachdb,chaos-dead,thesis,9d2dcf84917da48f6a7ea8ea5d5fcca12cd94578,2026-09-08T03:14:54.551426Z,2026-09-08T03:17:24.236162Z,127.4467,334,ack
20260908T031454Z_p4-chaos-dead,cockroachdb,chaos-dead,thesis,9d2dcf84917da48f6a7ea8ea5d5fcca12cd94578,2026-09-08T03:14:54.551426Z,2026-09-08T03:17:24.236162Z,127.8004,335,ack
20260908T031454Z_p4-chaos-dead,cockroachdb,chaos-dead,thesis,9d2dcf84917da48f6a7ea8ea5d5fcca12cd94578,2026-09-08T03:14:54.551426Z,2026-09-08T03:17:24.236162Z,128.1714,336,ack
20260908T031454Z_p4-chaos-dead,cockroachdb,chaos-dead,thesis,9d2dcf84917da48f6a7ea8ea5d5fcca12cd94578,2026-09-08T03:14:54.551426Z,2026-09-08T03:17:24.236162Z,128.5341,337,ack
20260908T031454Z_p4-chaos-dead,cockroachdb,chaos-dead,thesis,9d2dcf84917da48f6a7ea8ea5d5fcca12cd94578,2026-09-08T03:14:54.551426Z,2026-09-08T03:17:24.236162Z,128.894,338,ack
20260908T031454Z_p4-chaos-dead,cockroachdb,chaos-dead,thesis,9d2dcf84917da48f6a7ea8ea5d5fcca12cd94578,2026-09-08T03:14:54.551426Z,2026-09-08T03:17:24.236162Z,129.2536,339,ack
20260908T031454Z_p4-chaos-dead,cockroachdb,chaos-dead,thesis,9d2dcf84917da48f6a7ea8ea5d5fcca12cd94578,2026-09-08T03:14:54.551426Z,2026-09-08T03:17:24.236162Z,129.6131,340,ack
20260908T031454Z_p4-chaos-dead,cockroachdb,chaos-dead,thesis,9d2dcf84917da48f6a7ea8ea5d5fcca12cd94578,2026-09-08T03:14:54.551426Z,2026-09-08T03:17:24.236162Z,129.9701,341,ack
20260908T031454Z_p4-chaos-dead,cockroachdb,chaos-dead,thesis,9d2dcf84917da48f6a7ea8ea5d5fcca12cd94578,2026-09-08T03:14:54.551426Z,2026-09-08T03:17:24.236162Z,130.3499,342,ack
20260908T031454Z_p4-chaos-dead,cockroachdb,chaos-dead,thesis,9d2dcf84917da48f6a7ea8ea5d5fcca12cd94578,2026-09-08T03:14:54.551426Z,2026-09-08T03:17:24.236162Z,130.7298,343,ack
20260908T031454Z_p4-chaos-dead,cockroachdb,chaos-dead,thesis,9d2dcf84917da48f6a7ea8ea5d5fcca12cd94578,2026-09-08T03:14:54.551426Z,2026-09-08T03:17:24.236162Z,131.1037,344,ack
20260908T031454Z_p4-chaos-dead,cockroachdb,chaos-dead,thesis,9d2dcf84917da48f6a7ea8ea5d5fcca12cd94578,2026-09-08T03:14:54.551426Z,2026-09-08T03:17:24.236162Z,131.4687,345,ack
20260908T031454Z_p4-chaos-dead,cockroachdb,chaos-dead,thesis,9d2dcf84917da48f6a7ea8ea5d5fcca12cd94578,2026-09-08T03:14:54.551426Z,2026-09-08T03:17:24.236162Z,131.8168,346,ack
20260908T031454Z_p4-chaos-dead,cockroachdb,chaos-dead,thesis,9d2dcf84917da48f6a7ea8ea5d5fcca12cd94578,2026-09-08T03:14:54.551426Z,2026-09-08T03:17:24.236162Z,132.173,347,ack
20260908T031454Z_p4-chaos-dead,cockroachdb,chaos-dead,thesis,9d2dcf84917da48f6a7ea8ea5d5fcca12cd94578,2026-09-08T03:14:54.551426Z,2026-09-08T03:17:24.236162Z,132.5391,348,ack
20260908T031454Z_p4-chaos-dead,cockroachdb,chaos-dead,thesis,9d2dcf84917da48f6a7ea8ea5d5fcca12cd94578,2026-09-08T03:14:54.551426Z,2026-09-08T03:17:24.236162Z,132.9149,349,ack
20260908T031454Z_p4-chaos-dead,cockroachdb,chaos-dead,thesis,9d2dcf84917da48f6a7ea8ea5d5fcca12cd94578,2026-09-08T03:14:54.551426Z,2026-09-08T03:17:24.236162Z,133.2994,350,ack
20260908T031454Z_p4-chaos-dead,cockroachdb,chaos-dead,thesis,9d2dcf84917da48f6a7ea8ea5d5fcca12cd94578,2026-09-08T03:14:54.551426Z,2026-09-08T03:17:24.236162Z,133.6603,351,ack
20260908T031454Z_p4-chaos-dead,cockroachdb,chaos-dead,thesis,9d2dcf84917da48f6a7ea8ea5d5fcca12cd94578,2026-09-08T03:14:54.551426Z,2026-09-08T03:17:24.236162Z,134.0352,352,ack
20260908T031454Z_p4-chaos-dead,cockroachdb,chaos-dead,thesis,9d2dcf84917da48f6a7ea8ea5d5fcca12cd94578,2026-09-08T03:14:54.551426Z,2026-09-08T03:17:24.236162Z,134.4188,353,ack
20260908T031454Z_p4-chaos-dead,cockroachdb,chaos-dead,thesis,9d2dcf84917da48f6a7ea8ea5d5fcca12cd94578,2026-09-08T03:14:54.551426Z,2026-09-08T03:17:24.236162Z,134.7865,354,ack
20260908T031454Z_p4-chaos-dead,cockroachdb,chaos-dead,thesis,9d2dcf84917da48f6a7ea8ea5d5fcca12cd94578,2026-09-08T03:14:54.551426Z,2026-09-08T03:17:24.236162Z,135.1414,355,ack
20260908T031454Z_p4-chaos-dead,cockroachdb,chaos-dead,thesis,9d2dcf84917da48f6a7ea8ea5d5fcca12cd94578,2026-09-08T03:14:54.551426Z,2026-09-08T03:17:24.236162Z,135.4968,356,ack
20260908T031454Z_p4-chaos-dead,cockroachdb,chaos-dead,thesis,9d2dcf84917da48f6a7ea8ea5d5fcca12cd94578,2026-09-08T03:14:54.551426Z,2026-09-08T03:17:24.236162Z,135.8486,357,ack
20260908T031454Z_p4-chaos-dead,cockroachdb,chaos-dead,thesis,9d2dcf84917da48f6a7ea8ea5d5fcca12cd94578,2026-09-08T03:14:54.551426Z,2026-09-08T03:17:24.236162Z,136.2042,358,ack
20260908T031454Z_p4-chaos-dead,cockroachdb,chaos-dead,thesis,9d2dcf84917da48f6a7ea8ea5d5fcca12cd94578,2026-09-08T03:14:54.551426Z,2026-09-08T03:17:24.236162Z,136.5587,359,ack
20260908T031454Z_p4-chaos-dead,cockroachdb,chaos-dead,thesis,9d2dcf84917da48f6a7ea8ea5d5fcca12cd94578,2026-09-08T03:14:54.551426Z,2026-09-08T03:17:24.236162Z,137.0055,360,ack
20260908T031454Z_p4-chaos-dead,cockroachdb,chaos-dead,thesis,9d2dcf84917da48f6a7ea8ea5d5fcca12cd94578,2026-09-08T03:14:54.551426Z,2026-09-08T03:17:24.236162Z,137.3723,361,ack
20260908T031454Z_p4-chaos-dead,cockroachdb,chaos-dead,thesis,9d2dcf84917da48f6a7ea8ea5d5fcca12cd94578,2026-09-08T03:14:54.551426Z,2026-09-08T03:17:24.236162Z,137.7741,362,ack
20260908T031454Z_p4-chaos-dead,cockroachdb,chaos-dead,thesis,9d2dcf84917da48f6a7ea8ea5d5fcca12cd94578,2026-09-08T03:14:54.551426Z,2026-09-08T03:17:24.236162Z,138.1293,363,ack
20260908T031454Z_p4-chaos-dead,cockroachdb,chaos-dead,thesis,9d2dcf84917da48f6a7ea8ea5d5fcca12cd94578,2026-09-08T03:14:54.551426Z,2026-09-08T03:17:24.236162Z,138.5224,364,ack
20260908T031454Z_p4-chaos-dead,cockroachdb,chaos-dead,thesis,9d2dcf84917da48f6a7ea8ea5d5fcca12cd94578,2026-09-08T03:14:54.551426Z,2026-09-08T03:17:24.236162Z,142.614,365,refused
20260908T031454Z_p4-chaos-dead,cockroachdb,chaos-dead,thesis,9d2dcf84917da48f6a7ea8ea5d5fcca12cd94578,2026-09-08T03:14:54.551426Z,2026-09-08T03:17:24.236162Z,143.5851,366,ack
20260908T035651Z_p4-chaos-dead,cockroachdb,chaos-dead,smoke,40659d82c028c5872c820a016d4ff03b23068151,2026-09-08T03:56:51.792694Z,2026-09-08T03:58:12.561207Z,5.7186,1,ack
20260908T035651Z_p4-chaos-dead,cockroachdb,chaos-dead,smoke,40659d82c028c5872c820a016d4ff03b23068151,2026-09-08T03:56:51.792694Z,2026-09-08T03:58:12.561207Z,6.0772,2,ack
20260908T035651Z_p4-chaos-dead,cockroachdb,chaos-dead,smoke,40659d82c028c5872c820a016d4ff03b23068151,2026-09-08T03:56:51.792694Z,2026-09-08T03:58:12.561207Z,6.4409,3,ack
20260908T035651Z_p4-chaos-dead,cockroachdb,chaos-dead,smoke,40659d82c028c5872c820a016d4ff03b23068151,2026-09-08T03:56:51.792694Z,2026-09-08T03:58:12.561207Z,6.797,4,ack
20260908T035651Z_p4-chaos-dead,cockroachdb,chaos-dead,smoke,40659d82c028c5872c820a016d4ff03b23068151,2026-09-08T03:56:51.792694Z,2026-09-08T03:58:12.561207Z,7.1475,5,ack
20260908T035651Z_p4-chaos-dead,cockroachdb,chaos-dead,smoke,40659d82c028c5872c820a016d4ff03b23068151,2026-09-08T03:56:51.792694Z,2026-09-08T03:58:12.561207Z,7.8114,6,ack
20260908T035651Z_p4-chaos-dead,cockroachdb,chaos-dead,smoke,40659d82c028c5872c820a016d4ff03b23068151,2026-09-08T03:56:51.792694Z,2026-09-08T03:58:12.561207Z,8.1673,7,ack
20260908T035651Z_p4-chaos-dead,cockroachdb,chaos-dead,smoke,40659d82c028c5872c820a016d4ff03b23068151,2026-09-08T03:56:51.792694Z,2026-09-08T03:58:12.561207Z,8.5218,8,ack
20260908T035651Z_p4-chaos-dead,cockroachdb,chaos-dead,smoke,40659d82c028c5872c820a016d4ff03b23068151,2026-09-08T03:56:51.792694Z,2026-09-08T03:58:12.561207Z,8.8815,9,ack
20260908T035651Z_p4-chaos-dead,cockroachdb,chaos-dead,smoke,40659d82c028c5872c820a016d4ff03b23068151,2026-09-08T03:56:51.792694Z,2026-09-08T03:58:12.561207Z,9.3096,10,ack
20260908T035651Z_p4-chaos-dead,cockroachdb,chaos-dead,smoke,40659d82c028c5872c820a016d4ff03b23068151,2026-09-08T03:56:51.792694Z,2026-09-08T03:58:12.561207Z,9.6705,11,ack
20260908T035651Z_p4-chaos-dead,cockroachdb,chaos-dead,smoke,40659d82c028c5872c820a016d4ff03b23068151,2026-09-08T03:56:51.792694Z,2026-09-08T03:58:12.561207Z,10.0211,12,ack
20260908T035651Z_p4-chaos-dead,cockroachdb,chaos-dead,smoke,40659d82c028c5872c820a016d4ff03b23068151,2026-09-08T03:56:51.792694Z,2026-09-08T03:58:12.561207Z,10.3765,13,ack
20260908T035651Z_p4-chaos-dead,cockroachdb,chaos-dead,smoke,40659d82c028c5872c820a016d4ff03b23068151,2026-09-08T03:56:51.792694Z,2026-09-08T03:58:12.561207Z,10.736,14,ack
20260908T035651Z_p4-chaos-dead,cockroachdb,chaos-dead,smoke,40659d82c028c5872c820a016d4ff03b23068151,2026-09-08T03:56:51.792694Z,2026-09-08T03:58:12.561207Z,11.0963,15,ack
20260908T035651Z_p4-chaos-dead,cockroachdb,chaos-dead,smoke,40659d82c028c5872c820a016d4ff03b23068151,2026-09-08T03:56:51.792694Z,2026-09-08T03:58:12.561207Z,11.4569,16,ack
20260908T035651Z_p4-chaos-dead,cockroachdb,chaos-dead,smoke,40659d82c028c5872c820a016d4ff03b23068151,2026-09-08T03:56:51.792694Z,2026-09-08T03:58:12.561207Z,11.8166,17,ack
20260908T035651Z_p4-chaos-dead,cockroachdb,chaos-dead,smoke,40659d82c028c5872c820a016d4ff03b23068151,2026-09-08T03:56:51.792694Z,2026-09-08T03:58:12.561207Z,12.1772,18,ack
20260908T035651Z_p4-chaos-dead,cockroachdb,chaos-dead,smoke,40659d82c028c5872c820a016d4ff03b23068151,2026-09-08T03:56:51.792694Z,2026-09-08T03:58:12.561207Z,12.5568,19,ack
20260908T035651Z_p4-chaos-dead,cockroachdb,chaos-dead,smoke,40659d82c028c5872c820a016d4ff03b23068151,2026-09-08T03:56:51.792694Z,2026-09-08T03:58:12.561207Z,12.9151,20,ack
20260908T035651Z_p4-chaos-dead,cockroachdb,chaos-dead,smoke,40659d82c028c5872c820a016d4ff03b23068151,2026-09-08T03:56:51.792694Z,2026-09-08T03:58:12.561207Z,13.2756,21,ack
20260908T035651Z_p4-chaos-dead,cockroachdb,chaos-dead,smoke,40659d82c028c5872c820a016d4ff03b23068151,2026-09-08T03:56:51.792694Z,2026-09-08T03:58:12.561207Z,13.6375,22,ack
20260908T035651Z_p4-chaos-dead,cockroachdb,chaos-dead,smoke,40659d82c028c5872c820a016d4ff03b23068151,2026-09-08T03:56:51.792694Z,2026-09-08T03:58:12.561207Z,13.9971,23,ack
20260908T035651Z_p4-chaos-dead,cockroachdb,chaos-dead,smoke,40659d82c028c5872c820a016d4ff03b23068151,2026-09-08T03:56:51.792694Z,2026-09-08T03:58:12.561207Z,14.3542,24,ack
20260908T035651Z_p4-chaos-dead,cockroachdb,chaos-dead,smoke,40659d82c028c5872c820a016d4ff03b23068151,2026-09-08T03:56:51.792694Z,2026-09-08T03:58:12.561207Z,14.7069,25,ack
20260908T035651Z_p4-chaos-dead,cockroachdb,chaos-dead,smoke,40659d82c028c5872c820a016d4ff03b23068151,2026-09-08T03:56:51.792694Z,2026-09-08T03:58:12.561207Z,15.061,26,ack
20260908T035651Z_p4-chaos-dead,cockroachdb,chaos-dead,smoke,40659d82c028c5872c820a016d4ff03b23068151,2026-09-08T03:56:51.792694Z,2026-09-08T03:58:12.561207Z,15.413,27,ack
20260908T035651Z_p4-chaos-dead,cockroachdb,chaos-dead,smoke,40659d82c028c5872c820a016d4ff03b23068151,2026-09-08T03:56:51.792694Z,2026-09-08T03:58:12.561207Z,15.7766,28,ack
20260908T035651Z_p4-chaos-dead,cockroachdb,chaos-dead,smoke,40659d82c028c5872c820a016d4ff03b23068151,2026-09-08T03:56:51.792694Z,2026-09-08T03:58:12.561207Z,16.14,29,ack
20260908T035651Z_p4-chaos-dead,cockroachdb,chaos-dead,smoke,40659d82c028c5872c820a016d4ff03b23068151,2026-09-08T03:56:51.792694Z,2026-09-08T03:58:12.561207Z,16.4965,30,ack
20260908T035651Z_p4-chaos-dead,cockroachdb,chaos-dead,smoke,40659d82c028c5872c820a016d4ff03b23068151,2026-09-08T03:56:51.792694Z,2026-09-08T03:58:12.561207Z,16.8571,31,ack
20260908T035651Z_p4-chaos-dead,cockroachdb,chaos-dead,smoke,40659d82c028c5872c820a016d4ff03b23068151,2026-09-08T03:56:51.792694Z,2026-09-08T03:58:12.561207Z,17.2173,32,ack
20260908T035651Z_p4-chaos-dead,cockroachdb,chaos-dead,smoke,40659d82c028c5872c820a016d4ff03b23068151,2026-09-08T03:56:51.792694Z,2026-09-08T03:58:12.561207Z,17.5702,33,ack
20260908T035651Z_p4-chaos-dead,cockroachdb,chaos-dead,smoke,40659d82c028c5872c820a016d4ff03b23068151,2026-09-08T03:56:51.792694Z,2026-09-08T03:58:12.561207Z,17.9254,34,ack
20260908T035651Z_p4-chaos-dead,cockroachdb,chaos-dead,smoke,40659d82c028c5872c820a016d4ff03b23068151,2026-09-08T03:56:51.792694Z,2026-09-08T03:58:12.561207Z,18.2771,35,ack
20260908T035651Z_p4-chaos-dead,cockroachdb,chaos-dead,smoke,40659d82c028c5872c820a016d4ff03b23068151,2026-09-08T03:56:51.792694Z,2026-09-08T03:58:12.561207Z,18.6401,36,ack
20260908T035651Z_p4-chaos-dead,cockroachdb,chaos-dead,smoke,40659d82c028c5872c820a016d4ff03b23068151,2026-09-08T03:56:51.792694Z,2026-09-08T03:58:12.561207Z,18.9913,37,ack
20260908T035651Z_p4-chaos-dead,cockroachdb,chaos-dead,smoke,40659d82c028c5872c820a016d4ff03b23068151,2026-09-08T03:56:51.792694Z,2026-09-08T03:58:12.561207Z,19.3438,38,ack
20260908T035651Z_p4-chaos-dead,cockroachdb,chaos-dead,smoke,40659d82c028c5872c820a016d4ff03b23068151,2026-09-08T03:56:51.792694Z,2026-09-08T03:58:12.561207Z,19.7034,39,ack
20260908T035651Z_p4-chaos-dead,cockroachdb,chaos-dead,smoke,40659d82c028c5872c820a016d4ff03b23068151,2026-09-08T03:56:51.792694Z,2026-09-08T03:58:12.561207Z,20.0732,40,ack
20260908T035651Z_p4-chaos-dead,cockroachdb,chaos-dead,smoke,40659d82c028c5872c820a016d4ff03b23068151,2026-09-08T03:56:51.792694Z,2026-09-08T03:58:12.561207Z,20.4269,41,ack
20260908T035651Z_p4-chaos-dead,cockroachdb,chaos-dead,smoke,40659d82c028c5872c820a016d4ff03b23068151,2026-09-08T03:56:51.792694Z,2026-09-08T03:58:12.561207Z,20.786,42,ack
20260908T035651Z_p4-chaos-dead,cockroachdb,chaos-dead,smoke,40659d82c028c5872c820a016d4ff03b23068151,2026-09-08T03:56:51.792694Z,2026-09-08T03:58:12.561207Z,21.1549,43,ack
20260908T035651Z_p4-chaos-dead,cockroachdb,chaos-dead,smoke,40659d82c028c5872c820a016d4ff03b23068151,2026-09-08T03:56:51.792694Z,2026-09-08T03:58:12.561207Z,21.5071,44,ack
20260908T035651Z_p4-chaos-dead,cockroachdb,chaos-dead,smoke,40659d82c028c5872c820a016d4ff03b23068151,2026-09-08T03:56:51.792694Z,2026-09-08T03:58:12.561207Z,21.8734,45,ack
20260908T035651Z_p4-chaos-dead,cockroachdb,chaos-dead,smoke,40659d82c028c5872c820a016d4ff03b23068151,2026-09-08T03:56:51.792694Z,2026-09-08T03:58:12.561207Z,22.2274,46,ack
20260908T035651Z_p4-chaos-dead,cockroachdb,chaos-dead,smoke,40659d82c028c5872c820a016d4ff03b23068151,2026-09-08T03:56:51.792694Z,2026-09-08T03:58:12.561207Z,22.5813,47,ack
20260908T035651Z_p4-chaos-dead,cockroachdb,chaos-dead,smoke,40659d82c028c5872c820a016d4ff03b23068151,2026-09-08T03:56:51.792694Z,2026-09-08T03:58:12.561207Z,22.9374,48,ack
20260908T035651Z_p4-chaos-dead,cockroachdb,chaos-dead,smoke,40659d82c028c5872c820a016d4ff03b23068151,2026-09-08T03:56:51.792694Z,2026-09-08T03:58:12.561207Z,23.2955,49,ack
20260908T035651Z_p4-chaos-dead,cockroachdb,chaos-dead,smoke,40659d82c028c5872c820a016d4ff03b23068151,2026-09-08T03:56:51.792694Z,2026-09-08T03:58:12.561207Z,23.6549,50,ack
20260908T035651Z_p4-chaos-dead,cockroachdb,chaos-dead,smoke,40659d82c028c5872c820a016d4ff03b23068151,2026-09-08T03:56:51.792694Z,2026-09-08T03:58:12.561207Z,24.0123,51,ack
20260908T035651Z_p4-chaos-dead,cockroachdb,chaos-dead,smoke,40659d82c028c5872c820a016d4ff03b23068151,2026-09-08T03:56:51.792694Z,2026-09-08T03:58:12.561207Z,24.3831,52,ack
20260908T035651Z_p4-chaos-dead,cockroachdb,chaos-dead,smoke,40659d82c028c5872c820a016d4ff03b23068151,2026-09-08T03:56:51.792694Z,2026-09-08T03:58:12.561207Z,24.749,53,ack
20260908T035651Z_p4-chaos-dead,cockroachdb,chaos-dead,smoke,40659d82c028c5872c820a016d4ff03b23068151,2026-09-08T03:56:51.792694Z,2026-09-08T03:58:12.561207Z,25.1091,54,ack
20260908T035651Z_p4-chaos-dead,cockroachdb,chaos-dead,smoke,40659d82c028c5872c820a016d4ff03b23068151,2026-09-08T03:56:51.792694Z,2026-09-08T03:58:12.561207Z,25.467,55,ack
20260908T035651Z_p4-chaos-dead,cockroachdb,chaos-dead,smoke,40659d82c028c5872c820a016d4ff03b23068151,2026-09-08T03:56:51.792694Z,2026-09-08T03:58:12.561207Z,25.8171,56,ack
20260908T035651Z_p4-chaos-dead,cockroachdb,chaos-dead,smoke,40659d82c028c5872c820a016d4ff03b23068151,2026-09-08T03:56:51.792694Z,2026-09-08T03:58:12.561207Z,26.1887,57,ack
20260908T035651Z_p4-chaos-dead,cockroachdb,chaos-dead,smoke,40659d82c028c5872c820a016d4ff03b23068151,2026-09-08T03:56:51.792694Z,2026-09-08T03:58:12.561207Z,26.5473,58,ack
20260908T035651Z_p4-chaos-dead,cockroachdb,chaos-dead,smoke,40659d82c028c5872c820a016d4ff03b23068151,2026-09-08T03:56:51.792694Z,2026-09-08T03:58:12.561207Z,26.9027,59,ack
20260908T035651Z_p4-chaos-dead,cockroachdb,chaos-dead,smoke,40659d82c028c5872c820a016d4ff03b23068151,2026-09-08T03:56:51.792694Z,2026-09-08T03:58:12.561207Z,27.255,60,ack
20260908T035651Z_p4-chaos-dead,cockroachdb,chaos-dead,smoke,40659d82c028c5872c820a016d4ff03b23068151,2026-09-08T03:56:51.792694Z,2026-09-08T03:58:12.561207Z,27.6277,61,ack
20260908T035651Z_p4-chaos-dead,cockroachdb,chaos-dead,smoke,40659d82c028c5872c820a016d4ff03b23068151,2026-09-08T03:56:51.792694Z,2026-09-08T03:58:12.561207Z,27.9845,62,ack
20260908T035651Z_p4-chaos-dead,cockroachdb,chaos-dead,smoke,40659d82c028c5872c820a016d4ff03b23068151,2026-09-08T03:56:51.792694Z,2026-09-08T03:58:12.561207Z,28.3415,63,ack
20260908T035651Z_p4-chaos-dead,cockroachdb,chaos-dead,smoke,40659d82c028c5872c820a016d4ff03b23068151,2026-09-08T03:56:51.792694Z,2026-09-08T03:58:12.561207Z,28.6954,64,ack
20260908T035651Z_p4-chaos-dead,cockroachdb,chaos-dead,smoke,40659d82c028c5872c820a016d4ff03b23068151,2026-09-08T03:56:51.792694Z,2026-09-08T03:58:12.561207Z,29.0599,65,ack
20260908T035651Z_p4-chaos-dead,cockroachdb,chaos-dead,smoke,40659d82c028c5872c820a016d4ff03b23068151,2026-09-08T03:56:51.792694Z,2026-09-08T03:58:12.561207Z,29.4147,66,ack
20260908T035651Z_p4-chaos-dead,cockroachdb,chaos-dead,smoke,40659d82c028c5872c820a016d4ff03b23068151,2026-09-08T03:56:51.792694Z,2026-09-08T03:58:12.561207Z,29.7733,67,ack
20260908T035651Z_p4-chaos-dead,cockroachdb,chaos-dead,smoke,40659d82c028c5872c820a016d4ff03b23068151,2026-09-08T03:56:51.792694Z,2026-09-08T03:58:12.561207Z,30.1322,68,ack
20260908T035651Z_p4-chaos-dead,cockroachdb,chaos-dead,smoke,40659d82c028c5872c820a016d4ff03b23068151,2026-09-08T03:56:51.792694Z,2026-09-08T03:58:12.561207Z,30.4923,69,ack
20260908T035651Z_p4-chaos-dead,cockroachdb,chaos-dead,smoke,40659d82c028c5872c820a016d4ff03b23068151,2026-09-08T03:56:51.792694Z,2026-09-08T03:58:12.561207Z,30.8449,70,ack
20260908T035651Z_p4-chaos-dead,cockroachdb,chaos-dead,smoke,40659d82c028c5872c820a016d4ff03b23068151,2026-09-08T03:56:51.792694Z,2026-09-08T03:58:12.561207Z,31.2007,71,ack
20260908T035651Z_p4-chaos-dead,cockroachdb,chaos-dead,smoke,40659d82c028c5872c820a016d4ff03b23068151,2026-09-08T03:56:51.792694Z,2026-09-08T03:58:12.561207Z,31.5577,72,ack
20260908T035651Z_p4-chaos-dead,cockroachdb,chaos-dead,smoke,40659d82c028c5872c820a016d4ff03b23068151,2026-09-08T03:56:51.792694Z,2026-09-08T03:58:12.561207Z,31.9155,73,ack
20260908T035651Z_p4-chaos-dead,cockroachdb,chaos-dead,smoke,40659d82c028c5872c820a016d4ff03b23068151,2026-09-08T03:56:51.792694Z,2026-09-08T03:58:12.561207Z,32.2833,74,ack
20260908T035651Z_p4-chaos-dead,cockroachdb,chaos-dead,smoke,40659d82c028c5872c820a016d4ff03b23068151,2026-09-08T03:56:51.792694Z,2026-09-08T03:58:12.561207Z,32.6361,75,ack
20260908T035651Z_p4-chaos-dead,cockroachdb,chaos-dead,smoke,40659d82c028c5872c820a016d4ff03b23068151,2026-09-08T03:56:51.792694Z,2026-09-08T03:58:12.561207Z,32.9974,76,ack
20260908T035651Z_p4-chaos-dead,cockroachdb,chaos-dead,smoke,40659d82c028c5872c820a016d4ff03b23068151,2026-09-08T03:56:51.792694Z,2026-09-08T03:58:12.561207Z,33.3523,77,ack
20260908T035651Z_p4-chaos-dead,cockroachdb,chaos-dead,smoke,40659d82c028c5872c820a016d4ff03b23068151,2026-09-08T03:56:51.792694Z,2026-09-08T03:58:12.561207Z,33.7104,78,ack
20260908T035651Z_p4-chaos-dead,cockroachdb,chaos-dead,smoke,40659d82c028c5872c820a016d4ff03b23068151,2026-09-08T03:56:51.792694Z,2026-09-08T03:58:12.561207Z,34.0826,79,ack
20260908T035651Z_p4-chaos-dead,cockroachdb,chaos-dead,smoke,40659d82c028c5872c820a016d4ff03b23068151,2026-09-08T03:56:51.792694Z,2026-09-08T03:58:12.561207Z,34.4365,80,ack
20260908T035651Z_p4-chaos-dead,cockroachdb,chaos-dead,smoke,40659d82c028c5872c820a016d4ff03b23068151,2026-09-08T03:56:51.792694Z,2026-09-08T03:58:12.561207Z,34.7923,81,ack
20260908T035651Z_p4-chaos-dead,cockroachdb,chaos-dead,smoke,40659d82c028c5872c820a016d4ff03b23068151,2026-09-08T03:56:51.792694Z,2026-09-08T03:58:12.561207Z,38.1622,82,refused
20260908T035651Z_p4-chaos-dead,cockroachdb,chaos-dead,smoke,40659d82c028c5872c820a016d4ff03b23068151,2026-09-08T03:56:51.792694Z,2026-09-08T03:58:12.561207Z,39.1295,83,ack
20260908T035651Z_p4-chaos-dead,cockroachdb,chaos-dead,smoke,40659d82c028c5872c820a016d4ff03b23068151,2026-09-08T03:56:51.792694Z,2026-09-08T03:58:12.561207Z,39.7954,84,ack
20260908T035651Z_p4-chaos-dead,cockroachdb,chaos-dead,smoke,40659d82c028c5872c820a016d4ff03b23068151,2026-09-08T03:56:51.792694Z,2026-09-08T03:58:12.561207Z,40.2557,85,ack
20260908T035651Z_p4-chaos-dead,cockroachdb,chaos-dead,smoke,40659d82c028c5872c820a016d4ff03b23068151,2026-09-08T03:56:51.792694Z,2026-09-08T03:58:12.561207Z,40.7271,86,ack
20260908T035651Z_p4-chaos-dead,cockroachdb,chaos-dead,smoke,40659d82c028c5872c820a016d4ff03b23068151,2026-09-08T03:56:51.792694Z,2026-09-08T03:58:12.561207Z,41.1735,87,ack
20260908T035651Z_p4-chaos-dead,cockroachdb,chaos-dead,smoke,40659d82c028c5872c820a016d4ff03b23068151,2026-09-08T03:56:51.792694Z,2026-09-08T03:58:12.561207Z,41.8736,88,ack
20260908T035651Z_p4-chaos-dead,cockroachdb,chaos-dead,smoke,40659d82c028c5872c820a016d4ff03b23068151,2026-09-08T03:56:51.792694Z,2026-09-08T03:58:12.561207Z,42.3151,89,ack
20260908T035651Z_p4-chaos-dead,cockroachdb,chaos-dead,smoke,40659d82c028c5872c820a016d4ff03b23068151,2026-09-08T03:56:51.792694Z,2026-09-08T03:58:12.561207Z,42.7579,90,ack
20260908T035651Z_p4-chaos-dead,cockroachdb,chaos-dead,smoke,40659d82c028c5872c820a016d4ff03b23068151,2026-09-08T03:56:51.792694Z,2026-09-08T03:58:12.561207Z,43.2029,91,ack
20260908T035651Z_p4-chaos-dead,cockroachdb,chaos-dead,smoke,40659d82c028c5872c820a016d4ff03b23068151,2026-09-08T03:56:51.792694Z,2026-09-08T03:58:12.561207Z,43.6372,92,ack
20260908T035651Z_p4-chaos-dead,cockroachdb,chaos-dead,smoke,40659d82c028c5872c820a016d4ff03b23068151,2026-09-08T03:56:51.792694Z,2026-09-08T03:58:12.561207Z,44.0832,93,ack
20260908T035651Z_p4-chaos-dead,cockroachdb,chaos-dead,smoke,40659d82c028c5872c820a016d4ff03b23068151,2026-09-08T03:56:51.792694Z,2026-09-08T03:58:12.561207Z,44.528,94,ack
20260908T035651Z_p4-chaos-dead,cockroachdb,chaos-dead,smoke,40659d82c028c5872c820a016d4ff03b23068151,2026-09-08T03:56:51.792694Z,2026-09-08T03:58:12.561207Z,44.9695,95,ack
20260908T035651Z_p4-chaos-dead,cockroachdb,chaos-dead,smoke,40659d82c028c5872c820a016d4ff03b23068151,2026-09-08T03:56:51.792694Z,2026-09-08T03:58:12.561207Z,45.4157,96,ack
20260908T035651Z_p4-chaos-dead,cockroachdb,chaos-dead,smoke,40659d82c028c5872c820a016d4ff03b23068151,2026-09-08T03:56:51.792694Z,2026-09-08T03:58:12.561207Z,45.8603,97,ack
20260908T035651Z_p4-chaos-dead,cockroachdb,chaos-dead,smoke,40659d82c028c5872c820a016d4ff03b23068151,2026-09-08T03:56:51.792694Z,2026-09-08T03:58:12.561207Z,46.3068,98,ack
20260908T035651Z_p4-chaos-dead,cockroachdb,chaos-dead,smoke,40659d82c028c5872c820a016d4ff03b23068151,2026-09-08T03:56:51.792694Z,2026-09-08T03:58:12.561207Z,46.7523,99,ack
20260908T035651Z_p4-chaos-dead,cockroachdb,chaos-dead,smoke,40659d82c028c5872c820a016d4ff03b23068151,2026-09-08T03:56:51.792694Z,2026-09-08T03:58:12.561207Z,47.1927,100,ack
20260908T035651Z_p4-chaos-dead,cockroachdb,chaos-dead,smoke,40659d82c028c5872c820a016d4ff03b23068151,2026-09-08T03:56:51.792694Z,2026-09-08T03:58:12.561207Z,47.6424,101,ack
20260908T035651Z_p4-chaos-dead,cockroachdb,chaos-dead,smoke,40659d82c028c5872c820a016d4ff03b23068151,2026-09-08T03:56:51.792694Z,2026-09-08T03:58:12.561207Z,48.0821,102,ack
20260908T035651Z_p4-chaos-dead,cockroachdb,chaos-dead,smoke,40659d82c028c5872c820a016d4ff03b23068151,2026-09-08T03:56:51.792694Z,2026-09-08T03:58:12.561207Z,48.5235,103,ack
20260908T035651Z_p4-chaos-dead,cockroachdb,chaos-dead,smoke,40659d82c028c5872c820a016d4ff03b23068151,2026-09-08T03:56:51.792694Z,2026-09-08T03:58:12.561207Z,48.9732,104,ack
20260908T035651Z_p4-chaos-dead,cockroachdb,chaos-dead,smoke,40659d82c028c5872c820a016d4ff03b23068151,2026-09-08T03:56:51.792694Z,2026-09-08T03:58:12.561207Z,49.4169,105,ack
20260908T035651Z_p4-chaos-dead,cockroachdb,chaos-dead,smoke,40659d82c028c5872c820a016d4ff03b23068151,2026-09-08T03:56:51.792694Z,2026-09-08T03:58:12.561207Z,49.8536,106,ack
20260908T035651Z_p4-chaos-dead,cockroachdb,chaos-dead,smoke,40659d82c028c5872c820a016d4ff03b23068151,2026-09-08T03:56:51.792694Z,2026-09-08T03:58:12.561207Z,50.3341,107,ack
20260908T035651Z_p4-chaos-dead,cockroachdb,chaos-dead,smoke,40659d82c028c5872c820a016d4ff03b23068151,2026-09-08T03:56:51.792694Z,2026-09-08T03:58:12.561207Z,50.7759,108,ack
20260908T035651Z_p4-chaos-dead,cockroachdb,chaos-dead,smoke,40659d82c028c5872c820a016d4ff03b23068151,2026-09-08T03:56:51.792694Z,2026-09-08T03:58:12.561207Z,51.219,109,ack
20260908T035651Z_p4-chaos-dead,cockroachdb,chaos-dead,smoke,40659d82c028c5872c820a016d4ff03b23068151,2026-09-08T03:56:51.792694Z,2026-09-08T03:58:12.561207Z,51.6741,110,ack
20260908T035651Z_p4-chaos-dead,cockroachdb,chaos-dead,smoke,40659d82c028c5872c820a016d4ff03b23068151,2026-09-08T03:56:51.792694Z,2026-09-08T03:58:12.561207Z,52.1237,111,ack
20260908T035651Z_p4-chaos-dead,cockroachdb,chaos-dead,smoke,40659d82c028c5872c820a016d4ff03b23068151,2026-09-08T03:56:51.792694Z,2026-09-08T03:58:12.561207Z,52.5743,112,ack
20260908T035651Z_p4-chaos-dead,cockroachdb,chaos-dead,smoke,40659d82c028c5872c820a016d4ff03b23068151,2026-09-08T03:56:51.792694Z,2026-09-08T03:58:12.561207Z,53.0284,113,ack
20260908T035651Z_p4-chaos-dead,cockroachdb,chaos-dead,smoke,40659d82c028c5872c820a016d4ff03b23068151,2026-09-08T03:56:51.792694Z,2026-09-08T03:58:12.561207Z,53.4738,114,ack
20260908T035651Z_p4-chaos-dead,cockroachdb,chaos-dead,smoke,40659d82c028c5872c820a016d4ff03b23068151,2026-09-08T03:56:51.792694Z,2026-09-08T03:58:12.561207Z,53.9239,115,ack
20260908T035651Z_p4-chaos-dead,cockroachdb,chaos-dead,smoke,40659d82c028c5872c820a016d4ff03b23068151,2026-09-08T03:56:51.792694Z,2026-09-08T03:58:12.561207Z,54.3676,116,ack
20260908T035651Z_p4-chaos-dead,cockroachdb,chaos-dead,smoke,40659d82c028c5872c820a016d4ff03b23068151,2026-09-08T03:56:51.792694Z,2026-09-08T03:58:12.561207Z,54.8176,117,ack
20260908T035651Z_p4-chaos-dead,cockroachdb,chaos-dead,smoke,40659d82c028c5872c820a016d4ff03b23068151,2026-09-08T03:56:51.792694Z,2026-09-08T03:58:12.561207Z,55.2656,118,ack
20260908T035651Z_p4-chaos-dead,cockroachdb,chaos-dead,smoke,40659d82c028c5872c820a016d4ff03b23068151,2026-09-08T03:56:51.792694Z,2026-09-08T03:58:12.561207Z,55.7081,119,ack
20260908T035651Z_p4-chaos-dead,cockroachdb,chaos-dead,smoke,40659d82c028c5872c820a016d4ff03b23068151,2026-09-08T03:56:51.792694Z,2026-09-08T03:58:12.561207Z,56.164,120,ack
20260908T035651Z_p4-chaos-dead,cockroachdb,chaos-dead,smoke,40659d82c028c5872c820a016d4ff03b23068151,2026-09-08T03:56:51.792694Z,2026-09-08T03:58:12.561207Z,56.6135,121,ack
20260908T035651Z_p4-chaos-dead,cockroachdb,chaos-dead,smoke,40659d82c028c5872c820a016d4ff03b23068151,2026-09-08T03:56:51.792694Z,2026-09-08T03:58:12.561207Z,57.0692,122,ack
20260908T035651Z_p4-chaos-dead,cockroachdb,chaos-dead,smoke,40659d82c028c5872c820a016d4ff03b23068151,2026-09-08T03:56:51.792694Z,2026-09-08T03:58:12.561207Z,57.518,123,ack
20260908T035651Z_p4-chaos-dead,cockroachdb,chaos-dead,smoke,40659d82c028c5872c820a016d4ff03b23068151,2026-09-08T03:56:51.792694Z,2026-09-08T03:58:12.561207Z,57.9638,124,ack
20260908T035651Z_p4-chaos-dead,cockroachdb,chaos-dead,smoke,40659d82c028c5872c820a016d4ff03b23068151,2026-09-08T03:56:51.792694Z,2026-09-08T03:58:12.561207Z,58.4129,125,ack
20260908T035651Z_p4-chaos-dead,cockroachdb,chaos-dead,smoke,40659d82c028c5872c820a016d4ff03b23068151,2026-09-08T03:56:51.792694Z,2026-09-08T03:58:12.561207Z,58.8571,126,ack
20260908T035651Z_p4-chaos-dead,cockroachdb,chaos-dead,smoke,40659d82c028c5872c820a016d4ff03b23068151,2026-09-08T03:56:51.792694Z,2026-09-08T03:58:12.561207Z,59.2987,127,ack
20260908T035651Z_p4-chaos-dead,cockroachdb,chaos-dead,smoke,40659d82c028c5872c820a016d4ff03b23068151,2026-09-08T03:56:51.792694Z,2026-09-08T03:58:12.561207Z,59.7433,128,ack
20260908T035651Z_p4-chaos-dead,cockroachdb,chaos-dead,smoke,40659d82c028c5872c820a016d4ff03b23068151,2026-09-08T03:56:51.792694Z,2026-09-08T03:58:12.561207Z,60.193,129,ack
20260908T035651Z_p4-chaos-dead,cockroachdb,chaos-dead,smoke,40659d82c028c5872c820a016d4ff03b23068151,2026-09-08T03:56:51.792694Z,2026-09-08T03:58:12.561207Z,60.6446,130,ack
20260908T060102Z_p4-chaos-dead,cockroachdb,chaos-dead,thesis,c518dc6a29d6bfb5d7d89439d9fad14b81b56649,2026-09-08T06:01:02.607701Z,2026-09-08T06:05:35.709409Z,6.0722,1,ack
20260908T060102Z_p4-chaos-dead,cockroachdb,chaos-dead,thesis,c518dc6a29d6bfb5d7d89439d9fad14b81b56649,2026-09-08T06:01:02.607701Z,2026-09-08T06:05:35.709409Z,6.4225,2,ack
20260908T060102Z_p4-chaos-dead,cockroachdb,chaos-dead,thesis,c518dc6a29d6bfb5d7d89439d9fad14b81b56649,2026-09-08T06:01:02.607701Z,2026-09-08T06:05:35.709409Z,6.8052,3,ack
20260908T060102Z_p4-chaos-dead,cockroachdb,chaos-dead,thesis,c518dc6a29d6bfb5d7d89439d9fad14b81b56649,2026-09-08T06:01:02.607701Z,2026-09-08T06:05:35.709409Z,7.1722,4,ack
20260908T060102Z_p4-chaos-dead,cockroachdb,chaos-dead,thesis,c518dc6a29d6bfb5d7d89439d9fad14b81b56649,2026-09-08T06:01:02.607701Z,2026-09-08T06:05:35.709409Z,7.5349,5,ack
20260908T060102Z_p4-chaos-dead,cockroachdb,chaos-dead,thesis,c518dc6a29d6bfb5d7d89439d9fad14b81b56649,2026-09-08T06:01:02.607701Z,2026-09-08T06:05:35.709409Z,8.1144,6,ack
20260908T060102Z_p4-chaos-dead,cockroachdb,chaos-dead,thesis,c518dc6a29d6bfb5d7d89439d9fad14b81b56649,2026-09-08T06:01:02.607701Z,2026-09-08T06:05:35.709409Z,8.4863,7,ack
20260908T060102Z_p4-chaos-dead,cockroachdb,chaos-dead,thesis,c518dc6a29d6bfb5d7d89439d9fad14b81b56649,2026-09-08T06:01:02.607701Z,2026-09-08T06:05:35.709409Z,8.8434,8,ack
20260908T060102Z_p4-chaos-dead,cockroachdb,chaos-dead,thesis,c518dc6a29d6bfb5d7d89439d9fad14b81b56649,2026-09-08T06:01:02.607701Z,2026-09-08T06:05:35.709409Z,9.2028,9,ack
20260908T060102Z_p4-chaos-dead,cockroachdb,chaos-dead,thesis,c518dc6a29d6bfb5d7d89439d9fad14b81b56649,2026-09-08T06:01:02.607701Z,2026-09-08T06:05:35.709409Z,9.5722,10,ack
20260908T060102Z_p4-chaos-dead,cockroachdb,chaos-dead,thesis,c518dc6a29d6bfb5d7d89439d9fad14b81b56649,2026-09-08T06:01:02.607701Z,2026-09-08T06:05:35.709409Z,9.938,11,ack
20260908T060102Z_p4-chaos-dead,cockroachdb,chaos-dead,thesis,c518dc6a29d6bfb5d7d89439d9fad14b81b56649,2026-09-08T06:01:02.607701Z,2026-09-08T06:05:35.709409Z,10.3012,12,ack
20260908T060102Z_p4-chaos-dead,cockroachdb,chaos-dead,thesis,c518dc6a29d6bfb5d7d89439d9fad14b81b56649,2026-09-08T06:01:02.607701Z,2026-09-08T06:05:35.709409Z,10.6509,13,ack
20260908T060102Z_p4-chaos-dead,cockroachdb,chaos-dead,thesis,c518dc6a29d6bfb5d7d89439d9fad14b81b56649,2026-09-08T06:01:02.607701Z,2026-09-08T06:05:35.709409Z,11.0117,14,ack
20260908T060102Z_p4-chaos-dead,cockroachdb,chaos-dead,thesis,c518dc6a29d6bfb5d7d89439d9fad14b81b56649,2026-09-08T06:01:02.607701Z,2026-09-08T06:05:35.709409Z,11.4199,15,ack
20260908T060102Z_p4-chaos-dead,cockroachdb,chaos-dead,thesis,c518dc6a29d6bfb5d7d89439d9fad14b81b56649,2026-09-08T06:01:02.607701Z,2026-09-08T06:05:35.709409Z,11.7881,16,ack
20260908T060102Z_p4-chaos-dead,cockroachdb,chaos-dead,thesis,c518dc6a29d6bfb5d7d89439d9fad14b81b56649,2026-09-08T06:01:02.607701Z,2026-09-08T06:05:35.709409Z,12.1413,17,ack
20260908T060102Z_p4-chaos-dead,cockroachdb,chaos-dead,thesis,c518dc6a29d6bfb5d7d89439d9fad14b81b56649,2026-09-08T06:01:02.607701Z,2026-09-08T06:05:35.709409Z,12.4956,18,ack
20260908T060102Z_p4-chaos-dead,cockroachdb,chaos-dead,thesis,c518dc6a29d6bfb5d7d89439d9fad14b81b56649,2026-09-08T06:01:02.607701Z,2026-09-08T06:05:35.709409Z,12.849,19,ack
20260908T060102Z_p4-chaos-dead,cockroachdb,chaos-dead,thesis,c518dc6a29d6bfb5d7d89439d9fad14b81b56649,2026-09-08T06:01:02.607701Z,2026-09-08T06:05:35.709409Z,13.2019,20,ack
20260908T060102Z_p4-chaos-dead,cockroachdb,chaos-dead,thesis,c518dc6a29d6bfb5d7d89439d9fad14b81b56649,2026-09-08T06:01:02.607701Z,2026-09-08T06:05:35.709409Z,13.5508,21,ack
20260908T060102Z_p4-chaos-dead,cockroachdb,chaos-dead,thesis,c518dc6a29d6bfb5d7d89439d9fad14b81b56649,2026-09-08T06:01:02.607701Z,2026-09-08T06:05:35.709409Z,13.8999,22,ack
20260908T060102Z_p4-chaos-dead,cockroachdb,chaos-dead,thesis,c518dc6a29d6bfb5d7d89439d9fad14b81b56649,2026-09-08T06:01:02.607701Z,2026-09-08T06:05:35.709409Z,14.2431,23,ack
20260908T060102Z_p4-chaos-dead,cockroachdb,chaos-dead,thesis,c518dc6a29d6bfb5d7d89439d9fad14b81b56649,2026-09-08T06:01:02.607701Z,2026-09-08T06:05:35.709409Z,14.5961,24,ack
20260908T060102Z_p4-chaos-dead,cockroachdb,chaos-dead,thesis,c518dc6a29d6bfb5d7d89439d9fad14b81b56649,2026-09-08T06:01:02.607701Z,2026-09-08T06:05:35.709409Z,14.9616,25,ack
20260908T060102Z_p4-chaos-dead,cockroachdb,chaos-dead,thesis,c518dc6a29d6bfb5d7d89439d9fad14b81b56649,2026-09-08T06:01:02.607701Z,2026-09-08T06:05:35.709409Z,15.3212,26,ack
20260908T060102Z_p4-chaos-dead,cockroachdb,chaos-dead,thesis,c518dc6a29d6bfb5d7d89439d9fad14b81b56649,2026-09-08T06:01:02.607701Z,2026-09-08T06:05:35.709409Z,15.6818,27,ack
20260908T060102Z_p4-chaos-dead,cockroachdb,chaos-dead,thesis,c518dc6a29d6bfb5d7d89439d9fad14b81b56649,2026-09-08T06:01:02.607701Z,2026-09-08T06:05:35.709409Z,16.0342,28,ack
20260908T060102Z_p4-chaos-dead,cockroachdb,chaos-dead,thesis,c518dc6a29d6bfb5d7d89439d9fad14b81b56649,2026-09-08T06:01:02.607701Z,2026-09-08T06:05:35.709409Z,16.4018,29,ack
20260908T060102Z_p4-chaos-dead,cockroachdb,chaos-dead,thesis,c518dc6a29d6bfb5d7d89439d9fad14b81b56649,2026-09-08T06:01:02.607701Z,2026-09-08T06:05:35.709409Z,16.7509,30,ack
20260908T060102Z_p4-chaos-dead,cockroachdb,chaos-dead,thesis,c518dc6a29d6bfb5d7d89439d9fad14b81b56649,2026-09-08T06:01:02.607701Z,2026-09-08T06:05:35.709409Z,17.1023,31,ack
20260908T060102Z_p4-chaos-dead,cockroachdb,chaos-dead,thesis,c518dc6a29d6bfb5d7d89439d9fad14b81b56649,2026-09-08T06:01:02.607701Z,2026-09-08T06:05:35.709409Z,17.4512,32,ack
20260908T060102Z_p4-chaos-dead,cockroachdb,chaos-dead,thesis,c518dc6a29d6bfb5d7d89439d9fad14b81b56649,2026-09-08T06:01:02.607701Z,2026-09-08T06:05:35.709409Z,17.795,33,ack
20260908T060102Z_p4-chaos-dead,cockroachdb,chaos-dead,thesis,c518dc6a29d6bfb5d7d89439d9fad14b81b56649,2026-09-08T06:01:02.607701Z,2026-09-08T06:05:35.709409Z,18.1615,34,ack
20260908T060102Z_p4-chaos-dead,cockroachdb,chaos-dead,thesis,c518dc6a29d6bfb5d7d89439d9fad14b81b56649,2026-09-08T06:01:02.607701Z,2026-09-08T06:05:35.709409Z,18.5153,35,ack
20260908T060102Z_p4-chaos-dead,cockroachdb,chaos-dead,thesis,c518dc6a29d6bfb5d7d89439d9fad14b81b56649,2026-09-08T06:01:02.607701Z,2026-09-08T06:05:35.709409Z,18.8601,36,ack
20260908T060102Z_p4-chaos-dead,cockroachdb,chaos-dead,thesis,c518dc6a29d6bfb5d7d89439d9fad14b81b56649,2026-09-08T06:01:02.607701Z,2026-09-08T06:05:35.709409Z,19.2112,37,ack
20260908T060102Z_p4-chaos-dead,cockroachdb,chaos-dead,thesis,c518dc6a29d6bfb5d7d89439d9fad14b81b56649,2026-09-08T06:01:02.607701Z,2026-09-08T06:05:35.709409Z,19.5656,38,ack
20260908T060102Z_p4-chaos-dead,cockroachdb,chaos-dead,thesis,c518dc6a29d6bfb5d7d89439d9fad14b81b56649,2026-09-08T06:01:02.607701Z,2026-09-08T06:05:35.709409Z,19.9216,39,ack
20260908T060102Z_p4-chaos-dead,cockroachdb,chaos-dead,thesis,c518dc6a29d6bfb5d7d89439d9fad14b81b56649,2026-09-08T06:01:02.607701Z,2026-09-08T06:05:35.709409Z,20.2814,40,ack
20260908T060102Z_p4-chaos-dead,cockroachdb,chaos-dead,thesis,c518dc6a29d6bfb5d7d89439d9fad14b81b56649,2026-09-08T06:01:02.607701Z,2026-09-08T06:05:35.709409Z,20.6316,41,ack
20260908T060102Z_p4-chaos-dead,cockroachdb,chaos-dead,thesis,c518dc6a29d6bfb5d7d89439d9fad14b81b56649,2026-09-08T06:01:02.607701Z,2026-09-08T06:05:35.709409Z,20.9863,42,ack
20260908T060102Z_p4-chaos-dead,cockroachdb,chaos-dead,thesis,c518dc6a29d6bfb5d7d89439d9fad14b81b56649,2026-09-08T06:01:02.607701Z,2026-09-08T06:05:35.709409Z,21.3317,43,ack
20260908T060102Z_p4-chaos-dead,cockroachdb,chaos-dead,thesis,c518dc6a29d6bfb5d7d89439d9fad14b81b56649,2026-09-08T06:01:02.607701Z,2026-09-08T06:05:35.709409Z,21.6821,44,ack
20260908T060102Z_p4-chaos-dead,cockroachdb,chaos-dead,thesis,c518dc6a29d6bfb5d7d89439d9fad14b81b56649,2026-09-08T06:01:02.607701Z,2026-09-08T06:05:35.709409Z,22.0294,45,ack
20260908T060102Z_p4-chaos-dead,cockroachdb,chaos-dead,thesis,c518dc6a29d6bfb5d7d89439d9fad14b81b56649,2026-09-08T06:01:02.607701Z,2026-09-08T06:05:35.709409Z,22.3774,46,ack
20260908T060102Z_p4-chaos-dead,cockroachdb,chaos-dead,thesis,c518dc6a29d6bfb5d7d89439d9fad14b81b56649,2026-09-08T06:01:02.607701Z,2026-09-08T06:05:35.709409Z,22.7348,47,ack
20260908T060102Z_p4-chaos-dead,cockroachdb,chaos-dead,thesis,c518dc6a29d6bfb5d7d89439d9fad14b81b56649,2026-09-08T06:01:02.607701Z,2026-09-08T06:05:35.709409Z,23.0806,48,ack
20260908T060102Z_p4-chaos-dead,cockroachdb,chaos-dead,thesis,c518dc6a29d6bfb5d7d89439d9fad14b81b56649,2026-09-08T06:01:02.607701Z,2026-09-08T06:05:35.709409Z,23.4422,49,ack
20260908T060102Z_p4-chaos-dead,cockroachdb,chaos-dead,thesis,c518dc6a29d6bfb5d7d89439d9fad14b81b56649,2026-09-08T06:01:02.607701Z,2026-09-08T06:05:35.709409Z,23.7919,50,ack
20260908T060102Z_p4-chaos-dead,cockroachdb,chaos-dead,thesis,c518dc6a29d6bfb5d7d89439d9fad14b81b56649,2026-09-08T06:01:02.607701Z,2026-09-08T06:05:35.709409Z,24.1509,51,ack
20260908T060102Z_p4-chaos-dead,cockroachdb,chaos-dead,thesis,c518dc6a29d6bfb5d7d89439d9fad14b81b56649,2026-09-08T06:01:02.607701Z,2026-09-08T06:05:35.709409Z,24.5119,52,ack
20260908T060102Z_p4-chaos-dead,cockroachdb,chaos-dead,thesis,c518dc6a29d6bfb5d7d89439d9fad14b81b56649,2026-09-08T06:01:02.607701Z,2026-09-08T06:05:35.709409Z,24.855,53,ack
20260908T060102Z_p4-chaos-dead,cockroachdb,chaos-dead,thesis,c518dc6a29d6bfb5d7d89439d9fad14b81b56649,2026-09-08T06:01:02.607701Z,2026-09-08T06:05:35.709409Z,25.2071,54,ack
20260908T060102Z_p4-chaos-dead,cockroachdb,chaos-dead,thesis,c518dc6a29d6bfb5d7d89439d9fad14b81b56649,2026-09-08T06:01:02.607701Z,2026-09-08T06:05:35.709409Z,25.5602,55,ack
20260908T060102Z_p4-chaos-dead,cockroachdb,chaos-dead,thesis,c518dc6a29d6bfb5d7d89439d9fad14b81b56649,2026-09-08T06:01:02.607701Z,2026-09-08T06:05:35.709409Z,25.9107,56,ack
20260908T060102Z_p4-chaos-dead,cockroachdb,chaos-dead,thesis,c518dc6a29d6bfb5d7d89439d9fad14b81b56649,2026-09-08T06:01:02.607701Z,2026-09-08T06:05:35.709409Z,26.2617,57,ack
20260908T060102Z_p4-chaos-dead,cockroachdb,chaos-dead,thesis,c518dc6a29d6bfb5d7d89439d9fad14b81b56649,2026-09-08T06:01:02.607701Z,2026-09-08T06:05:35.709409Z,26.6079,58,ack
20260908T060102Z_p4-chaos-dead,cockroachdb,chaos-dead,thesis,c518dc6a29d6bfb5d7d89439d9fad14b81b56649,2026-09-08T06:01:02.607701Z,2026-09-08T06:05:35.709409Z,26.962,59,ack
20260908T060102Z_p4-chaos-dead,cockroachdb,chaos-dead,thesis,c518dc6a29d6bfb5d7d89439d9fad14b81b56649,2026-09-08T06:01:02.607701Z,2026-09-08T06:05:35.709409Z,27.3215,60,ack
20260908T060102Z_p4-chaos-dead,cockroachdb,chaos-dead,thesis,c518dc6a29d6bfb5d7d89439d9fad14b81b56649,2026-09-08T06:01:02.607701Z,2026-09-08T06:05:35.709409Z,27.6818,61,ack
20260908T060102Z_p4-chaos-dead,cockroachdb,chaos-dead,thesis,c518dc6a29d6bfb5d7d89439d9fad14b81b56649,2026-09-08T06:01:02.607701Z,2026-09-08T06:05:35.709409Z,28.0316,62,ack
20260908T060102Z_p4-chaos-dead,cockroachdb,chaos-dead,thesis,c518dc6a29d6bfb5d7d89439d9fad14b81b56649,2026-09-08T06:01:02.607701Z,2026-09-08T06:05:35.709409Z,28.377,63,ack
20260908T060102Z_p4-chaos-dead,cockroachdb,chaos-dead,thesis,c518dc6a29d6bfb5d7d89439d9fad14b81b56649,2026-09-08T06:01:02.607701Z,2026-09-08T06:05:35.709409Z,28.7317,64,ack
20260908T060102Z_p4-chaos-dead,cockroachdb,chaos-dead,thesis,c518dc6a29d6bfb5d7d89439d9fad14b81b56649,2026-09-08T06:01:02.607701Z,2026-09-08T06:05:35.709409Z,29.0923,65,ack
20260908T060102Z_p4-chaos-dead,cockroachdb,chaos-dead,thesis,c518dc6a29d6bfb5d7d89439d9fad14b81b56649,2026-09-08T06:01:02.607701Z,2026-09-08T06:05:35.709409Z,29.4424,66,ack
20260908T060102Z_p4-chaos-dead,cockroachdb,chaos-dead,thesis,c518dc6a29d6bfb5d7d89439d9fad14b81b56649,2026-09-08T06:01:02.607701Z,2026-09-08T06:05:35.709409Z,29.8025,67,ack
20260908T060102Z_p4-chaos-dead,cockroachdb,chaos-dead,thesis,c518dc6a29d6bfb5d7d89439d9fad14b81b56649,2026-09-08T06:01:02.607701Z,2026-09-08T06:05:35.709409Z,30.1672,68,ack
20260908T060102Z_p4-chaos-dead,cockroachdb,chaos-dead,thesis,c518dc6a29d6bfb5d7d89439d9fad14b81b56649,2026-09-08T06:01:02.607701Z,2026-09-08T06:05:35.709409Z,30.5226,69,ack
20260908T060102Z_p4-chaos-dead,cockroachdb,chaos-dead,thesis,c518dc6a29d6bfb5d7d89439d9fad14b81b56649,2026-09-08T06:01:02.607701Z,2026-09-08T06:05:35.709409Z,30.8818,70,ack
20260908T060102Z_p4-chaos-dead,cockroachdb,chaos-dead,thesis,c518dc6a29d6bfb5d7d89439d9fad14b81b56649,2026-09-08T06:01:02.607701Z,2026-09-08T06:05:35.709409Z,31.2459,71,ack
20260908T060102Z_p4-chaos-dead,cockroachdb,chaos-dead,thesis,c518dc6a29d6bfb5d7d89439d9fad14b81b56649,2026-09-08T06:01:02.607701Z,2026-09-08T06:05:35.709409Z,31.6062,72,ack
20260908T060102Z_p4-chaos-dead,cockroachdb,chaos-dead,thesis,c518dc6a29d6bfb5d7d89439d9fad14b81b56649,2026-09-08T06:01:02.607701Z,2026-09-08T06:05:35.709409Z,31.9631,73,ack
20260908T060102Z_p4-chaos-dead,cockroachdb,chaos-dead,thesis,c518dc6a29d6bfb5d7d89439d9fad14b81b56649,2026-09-08T06:01:02.607701Z,2026-09-08T06:05:35.709409Z,32.3221,74,ack
20260908T060102Z_p4-chaos-dead,cockroachdb,chaos-dead,thesis,c518dc6a29d6bfb5d7d89439d9fad14b81b56649,2026-09-08T06:01:02.607701Z,2026-09-08T06:05:35.709409Z,32.6825,75,ack
20260908T060102Z_p4-chaos-dead,cockroachdb,chaos-dead,thesis,c518dc6a29d6bfb5d7d89439d9fad14b81b56649,2026-09-08T06:01:02.607701Z,2026-09-08T06:05:35.709409Z,33.0425,76,ack
20260908T060102Z_p4-chaos-dead,cockroachdb,chaos-dead,thesis,c518dc6a29d6bfb5d7d89439d9fad14b81b56649,2026-09-08T06:01:02.607701Z,2026-09-08T06:05:35.709409Z,33.393,77,ack
20260908T060102Z_p4-chaos-dead,cockroachdb,chaos-dead,thesis,c518dc6a29d6bfb5d7d89439d9fad14b81b56649,2026-09-08T06:01:02.607701Z,2026-09-08T06:05:35.709409Z,33.7619,78,ack
20260908T060102Z_p4-chaos-dead,cockroachdb,chaos-dead,thesis,c518dc6a29d6bfb5d7d89439d9fad14b81b56649,2026-09-08T06:01:02.607701Z,2026-09-08T06:05:35.709409Z,34.1265,79,ack
20260908T060102Z_p4-chaos-dead,cockroachdb,chaos-dead,thesis,c518dc6a29d6bfb5d7d89439d9fad14b81b56649,2026-09-08T06:01:02.607701Z,2026-09-08T06:05:35.709409Z,34.4819,80,ack
20260908T060102Z_p4-chaos-dead,cockroachdb,chaos-dead,thesis,c518dc6a29d6bfb5d7d89439d9fad14b81b56649,2026-09-08T06:01:02.607701Z,2026-09-08T06:05:35.709409Z,34.8317,81,ack
20260908T060102Z_p4-chaos-dead,cockroachdb,chaos-dead,thesis,c518dc6a29d6bfb5d7d89439d9fad14b81b56649,2026-09-08T06:01:02.607701Z,2026-09-08T06:05:35.709409Z,35.2075,82,ack
20260908T060102Z_p4-chaos-dead,cockroachdb,chaos-dead,thesis,c518dc6a29d6bfb5d7d89439d9fad14b81b56649,2026-09-08T06:01:02.607701Z,2026-09-08T06:05:35.709409Z,35.5572,83,ack
20260908T060102Z_p4-chaos-dead,cockroachdb,chaos-dead,thesis,c518dc6a29d6bfb5d7d89439d9fad14b81b56649,2026-09-08T06:01:02.607701Z,2026-09-08T06:05:35.709409Z,35.9025,84,ack
20260908T060102Z_p4-chaos-dead,cockroachdb,chaos-dead,thesis,c518dc6a29d6bfb5d7d89439d9fad14b81b56649,2026-09-08T06:01:02.607701Z,2026-09-08T06:05:35.709409Z,36.2565,85,ack
20260908T060102Z_p4-chaos-dead,cockroachdb,chaos-dead,thesis,c518dc6a29d6bfb5d7d89439d9fad14b81b56649,2026-09-08T06:01:02.607701Z,2026-09-08T06:05:35.709409Z,36.6112,86,ack
20260908T060102Z_p4-chaos-dead,cockroachdb,chaos-dead,thesis,c518dc6a29d6bfb5d7d89439d9fad14b81b56649,2026-09-08T06:01:02.607701Z,2026-09-08T06:05:35.709409Z,36.962,87,ack
20260908T060102Z_p4-chaos-dead,cockroachdb,chaos-dead,thesis,c518dc6a29d6bfb5d7d89439d9fad14b81b56649,2026-09-08T06:01:02.607701Z,2026-09-08T06:05:35.709409Z,37.3117,88,ack
20260908T060102Z_p4-chaos-dead,cockroachdb,chaos-dead,thesis,c518dc6a29d6bfb5d7d89439d9fad14b81b56649,2026-09-08T06:01:02.607701Z,2026-09-08T06:05:35.709409Z,37.6568,89,ack
20260908T060102Z_p4-chaos-dead,cockroachdb,chaos-dead,thesis,c518dc6a29d6bfb5d7d89439d9fad14b81b56649,2026-09-08T06:01:02.607701Z,2026-09-08T06:05:35.709409Z,38.0119,90,ack
20260908T060102Z_p4-chaos-dead,cockroachdb,chaos-dead,thesis,c518dc6a29d6bfb5d7d89439d9fad14b81b56649,2026-09-08T06:01:02.607701Z,2026-09-08T06:05:35.709409Z,38.3721,91,ack
20260908T060102Z_p4-chaos-dead,cockroachdb,chaos-dead,thesis,c518dc6a29d6bfb5d7d89439d9fad14b81b56649,2026-09-08T06:01:02.607701Z,2026-09-08T06:05:35.709409Z,38.7267,92,ack
20260908T060102Z_p4-chaos-dead,cockroachdb,chaos-dead,thesis,c518dc6a29d6bfb5d7d89439d9fad14b81b56649,2026-09-08T06:01:02.607701Z,2026-09-08T06:05:35.709409Z,39.0818,93,ack
20260908T060102Z_p4-chaos-dead,cockroachdb,chaos-dead,thesis,c518dc6a29d6bfb5d7d89439d9fad14b81b56649,2026-09-08T06:01:02.607701Z,2026-09-08T06:05:35.709409Z,39.4488,94,ack
20260908T060102Z_p4-chaos-dead,cockroachdb,chaos-dead,thesis,c518dc6a29d6bfb5d7d89439d9fad14b81b56649,2026-09-08T06:01:02.607701Z,2026-09-08T06:05:35.709409Z,39.8026,95,ack
20260908T060102Z_p4-chaos-dead,cockroachdb,chaos-dead,thesis,c518dc6a29d6bfb5d7d89439d9fad14b81b56649,2026-09-08T06:01:02.607701Z,2026-09-08T06:05:35.709409Z,40.1724,96,ack
20260908T060102Z_p4-chaos-dead,cockroachdb,chaos-dead,thesis,c518dc6a29d6bfb5d7d89439d9fad14b81b56649,2026-09-08T06:01:02.607701Z,2026-09-08T06:05:35.709409Z,40.5266,97,ack
20260908T060102Z_p4-chaos-dead,cockroachdb,chaos-dead,thesis,c518dc6a29d6bfb5d7d89439d9fad14b81b56649,2026-09-08T06:01:02.607701Z,2026-09-08T06:05:35.709409Z,40.887,98,ack
20260908T060102Z_p4-chaos-dead,cockroachdb,chaos-dead,thesis,c518dc6a29d6bfb5d7d89439d9fad14b81b56649,2026-09-08T06:01:02.607701Z,2026-09-08T06:05:35.709409Z,41.243,99,ack
20260908T060102Z_p4-chaos-dead,cockroachdb,chaos-dead,thesis,c518dc6a29d6bfb5d7d89439d9fad14b81b56649,2026-09-08T06:01:02.607701Z,2026-09-08T06:05:35.709409Z,41.6073,100,ack
20260908T060102Z_p4-chaos-dead,cockroachdb,chaos-dead,thesis,c518dc6a29d6bfb5d7d89439d9fad14b81b56649,2026-09-08T06:01:02.607701Z,2026-09-08T06:05:35.709409Z,41.9617,101,ack
20260908T060102Z_p4-chaos-dead,cockroachdb,chaos-dead,thesis,c518dc6a29d6bfb5d7d89439d9fad14b81b56649,2026-09-08T06:01:02.607701Z,2026-09-08T06:05:35.709409Z,42.3329,102,ack
20260908T060102Z_p4-chaos-dead,cockroachdb,chaos-dead,thesis,c518dc6a29d6bfb5d7d89439d9fad14b81b56649,2026-09-08T06:01:02.607701Z,2026-09-08T06:05:35.709409Z,42.6936,103,ack
20260908T060102Z_p4-chaos-dead,cockroachdb,chaos-dead,thesis,c518dc6a29d6bfb5d7d89439d9fad14b81b56649,2026-09-08T06:01:02.607701Z,2026-09-08T06:05:35.709409Z,43.0571,104,ack
20260908T060102Z_p4-chaos-dead,cockroachdb,chaos-dead,thesis,c518dc6a29d6bfb5d7d89439d9fad14b81b56649,2026-09-08T06:01:02.607701Z,2026-09-08T06:05:35.709409Z,43.4027,105,ack
20260908T060102Z_p4-chaos-dead,cockroachdb,chaos-dead,thesis,c518dc6a29d6bfb5d7d89439d9fad14b81b56649,2026-09-08T06:01:02.607701Z,2026-09-08T06:05:35.709409Z,43.7669,106,ack
20260908T060102Z_p4-chaos-dead,cockroachdb,chaos-dead,thesis,c518dc6a29d6bfb5d7d89439d9fad14b81b56649,2026-09-08T06:01:02.607701Z,2026-09-08T06:05:35.709409Z,44.1199,107,ack
20260908T060102Z_p4-chaos-dead,cockroachdb,chaos-dead,thesis,c518dc6a29d6bfb5d7d89439d9fad14b81b56649,2026-09-08T06:01:02.607701Z,2026-09-08T06:05:35.709409Z,44.4824,108,ack
20260908T060102Z_p4-chaos-dead,cockroachdb,chaos-dead,thesis,c518dc6a29d6bfb5d7d89439d9fad14b81b56649,2026-09-08T06:01:02.607701Z,2026-09-08T06:05:35.709409Z,44.838,109,ack
20260908T060102Z_p4-chaos-dead,cockroachdb,chaos-dead,thesis,c518dc6a29d6bfb5d7d89439d9fad14b81b56649,2026-09-08T06:01:02.607701Z,2026-09-08T06:05:35.709409Z,45.2071,110,ack
20260908T060102Z_p4-chaos-dead,cockroachdb,chaos-dead,thesis,c518dc6a29d6bfb5d7d89439d9fad14b81b56649,2026-09-08T06:01:02.607701Z,2026-09-08T06:05:35.709409Z,45.5615,111,ack
20260908T060102Z_p4-chaos-dead,cockroachdb,chaos-dead,thesis,c518dc6a29d6bfb5d7d89439d9fad14b81b56649,2026-09-08T06:01:02.607701Z,2026-09-08T06:05:35.709409Z,45.9216,112,ack
20260908T060102Z_p4-chaos-dead,cockroachdb,chaos-dead,thesis,c518dc6a29d6bfb5d7d89439d9fad14b81b56649,2026-09-08T06:01:02.607701Z,2026-09-08T06:05:35.709409Z,46.2768,113,ack
20260908T060102Z_p4-chaos-dead,cockroachdb,chaos-dead,thesis,c518dc6a29d6bfb5d7d89439d9fad14b81b56649,2026-09-08T06:01:02.607701Z,2026-09-08T06:05:35.709409Z,46.625,114,ack
20260908T060102Z_p4-chaos-dead,cockroachdb,chaos-dead,thesis,c518dc6a29d6bfb5d7d89439d9fad14b81b56649,2026-09-08T06:01:02.607701Z,2026-09-08T06:05:35.709409Z,46.9717,115,ack
20260908T060102Z_p4-chaos-dead,cockroachdb,chaos-dead,thesis,c518dc6a29d6bfb5d7d89439d9fad14b81b56649,2026-09-08T06:01:02.607701Z,2026-09-08T06:05:35.709409Z,47.3224,116,ack
20260908T060102Z_p4-chaos-dead,cockroachdb,chaos-dead,thesis,c518dc6a29d6bfb5d7d89439d9fad14b81b56649,2026-09-08T06:01:02.607701Z,2026-09-08T06:05:35.709409Z,47.7166,117,ack
20260908T060102Z_p4-chaos-dead,cockroachdb,chaos-dead,thesis,c518dc6a29d6bfb5d7d89439d9fad14b81b56649,2026-09-08T06:01:02.607701Z,2026-09-08T06:05:35.709409Z,48.0615,118,ack
20260908T060102Z_p4-chaos-dead,cockroachdb,chaos-dead,thesis,c518dc6a29d6bfb5d7d89439d9fad14b81b56649,2026-09-08T06:01:02.607701Z,2026-09-08T06:05:35.709409Z,48.4061,119,ack
20260908T060102Z_p4-chaos-dead,cockroachdb,chaos-dead,thesis,c518dc6a29d6bfb5d7d89439d9fad14b81b56649,2026-09-08T06:01:02.607701Z,2026-09-08T06:05:35.709409Z,48.7563,120,ack
20260908T060102Z_p4-chaos-dead,cockroachdb,chaos-dead,thesis,c518dc6a29d6bfb5d7d89439d9fad14b81b56649,2026-09-08T06:01:02.607701Z,2026-09-08T06:05:35.709409Z,49.1219,121,ack
20260908T060102Z_p4-chaos-dead,cockroachdb,chaos-dead,thesis,c518dc6a29d6bfb5d7d89439d9fad14b81b56649,2026-09-08T06:01:02.607701Z,2026-09-08T06:05:35.709409Z,49.471,122,ack
20260908T060102Z_p4-chaos-dead,cockroachdb,chaos-dead,thesis,c518dc6a29d6bfb5d7d89439d9fad14b81b56649,2026-09-08T06:01:02.607701Z,2026-09-08T06:05:35.709409Z,49.8321,123,ack
20260908T060102Z_p4-chaos-dead,cockroachdb,chaos-dead,thesis,c518dc6a29d6bfb5d7d89439d9fad14b81b56649,2026-09-08T06:01:02.607701Z,2026-09-08T06:05:35.709409Z,50.2063,124,ack
20260908T060102Z_p4-chaos-dead,cockroachdb,chaos-dead,thesis,c518dc6a29d6bfb5d7d89439d9fad14b81b56649,2026-09-08T06:01:02.607701Z,2026-09-08T06:05:35.709409Z,50.562,125,ack
20260908T060102Z_p4-chaos-dead,cockroachdb,chaos-dead,thesis,c518dc6a29d6bfb5d7d89439d9fad14b81b56649,2026-09-08T06:01:02.607701Z,2026-09-08T06:05:35.709409Z,50.9213,126,ack
20260908T060102Z_p4-chaos-dead,cockroachdb,chaos-dead,thesis,c518dc6a29d6bfb5d7d89439d9fad14b81b56649,2026-09-08T06:01:02.607701Z,2026-09-08T06:05:35.709409Z,51.2814,127,ack
20260908T060102Z_p4-chaos-dead,cockroachdb,chaos-dead,thesis,c518dc6a29d6bfb5d7d89439d9fad14b81b56649,2026-09-08T06:01:02.607701Z,2026-09-08T06:05:35.709409Z,51.6321,128,ack
20260908T060102Z_p4-chaos-dead,cockroachdb,chaos-dead,thesis,c518dc6a29d6bfb5d7d89439d9fad14b81b56649,2026-09-08T06:01:02.607701Z,2026-09-08T06:05:35.709409Z,51.9828,129,ack
20260908T060102Z_p4-chaos-dead,cockroachdb,chaos-dead,thesis,c518dc6a29d6bfb5d7d89439d9fad14b81b56649,2026-09-08T06:01:02.607701Z,2026-09-08T06:05:35.709409Z,52.3314,130,ack
20260908T060102Z_p4-chaos-dead,cockroachdb,chaos-dead,thesis,c518dc6a29d6bfb5d7d89439d9fad14b81b56649,2026-09-08T06:01:02.607701Z,2026-09-08T06:05:35.709409Z,52.6765,131,ack
20260908T060102Z_p4-chaos-dead,cockroachdb,chaos-dead,thesis,c518dc6a29d6bfb5d7d89439d9fad14b81b56649,2026-09-08T06:01:02.607701Z,2026-09-08T06:05:35.709409Z,53.0232,132,ack
20260908T060102Z_p4-chaos-dead,cockroachdb,chaos-dead,thesis,c518dc6a29d6bfb5d7d89439d9fad14b81b56649,2026-09-08T06:01:02.607701Z,2026-09-08T06:05:35.709409Z,53.3666,133,ack
20260908T060102Z_p4-chaos-dead,cockroachdb,chaos-dead,thesis,c518dc6a29d6bfb5d7d89439d9fad14b81b56649,2026-09-08T06:01:02.607701Z,2026-09-08T06:05:35.709409Z,53.7225,134,ack
20260908T060102Z_p4-chaos-dead,cockroachdb,chaos-dead,thesis,c518dc6a29d6bfb5d7d89439d9fad14b81b56649,2026-09-08T06:01:02.607701Z,2026-09-08T06:05:35.709409Z,54.0871,135,ack
20260908T060102Z_p4-chaos-dead,cockroachdb,chaos-dead,thesis,c518dc6a29d6bfb5d7d89439d9fad14b81b56649,2026-09-08T06:01:02.607701Z,2026-09-08T06:05:35.709409Z,54.4323,136,ack
20260908T060102Z_p4-chaos-dead,cockroachdb,chaos-dead,thesis,c518dc6a29d6bfb5d7d89439d9fad14b81b56649,2026-09-08T06:01:02.607701Z,2026-09-08T06:05:35.709409Z,54.7904,137,ack
20260908T060102Z_p4-chaos-dead,cockroachdb,chaos-dead,thesis,c518dc6a29d6bfb5d7d89439d9fad14b81b56649,2026-09-08T06:01:02.607701Z,2026-09-08T06:05:35.709409Z,55.1423,138,ack
20260908T060102Z_p4-chaos-dead,cockroachdb,chaos-dead,thesis,c518dc6a29d6bfb5d7d89439d9fad14b81b56649,2026-09-08T06:01:02.607701Z,2026-09-08T06:05:35.709409Z,55.6417,139,ack
20260908T060102Z_p4-chaos-dead,cockroachdb,chaos-dead,thesis,c518dc6a29d6bfb5d7d89439d9fad14b81b56649,2026-09-08T06:01:02.607701Z,2026-09-08T06:05:35.709409Z,56.0197,140,ack
20260908T060102Z_p4-chaos-dead,cockroachdb,chaos-dead,thesis,c518dc6a29d6bfb5d7d89439d9fad14b81b56649,2026-09-08T06:01:02.607701Z,2026-09-08T06:05:35.709409Z,56.3675,141,ack
20260908T060102Z_p4-chaos-dead,cockroachdb,chaos-dead,thesis,c518dc6a29d6bfb5d7d89439d9fad14b81b56649,2026-09-08T06:01:02.607701Z,2026-09-08T06:05:35.709409Z,56.7281,142,ack
20260908T060102Z_p4-chaos-dead,cockroachdb,chaos-dead,thesis,c518dc6a29d6bfb5d7d89439d9fad14b81b56649,2026-09-08T06:01:02.607701Z,2026-09-08T06:05:35.709409Z,57.083,143,ack
20260908T060102Z_p4-chaos-dead,cockroachdb,chaos-dead,thesis,c518dc6a29d6bfb5d7d89439d9fad14b81b56649,2026-09-08T06:01:02.607701Z,2026-09-08T06:05:35.709409Z,57.4419,144,ack
20260908T060102Z_p4-chaos-dead,cockroachdb,chaos-dead,thesis,c518dc6a29d6bfb5d7d89439d9fad14b81b56649,2026-09-08T06:01:02.607701Z,2026-09-08T06:05:35.709409Z,57.7917,145,ack
20260908T060102Z_p4-chaos-dead,cockroachdb,chaos-dead,thesis,c518dc6a29d6bfb5d7d89439d9fad14b81b56649,2026-09-08T06:01:02.607701Z,2026-09-08T06:05:35.709409Z,58.1416,146,ack
20260908T060102Z_p4-chaos-dead,cockroachdb,chaos-dead,thesis,c518dc6a29d6bfb5d7d89439d9fad14b81b56649,2026-09-08T06:01:02.607701Z,2026-09-08T06:05:35.709409Z,58.5115,147,ack
20260908T060102Z_p4-chaos-dead,cockroachdb,chaos-dead,thesis,c518dc6a29d6bfb5d7d89439d9fad14b81b56649,2026-09-08T06:01:02.607701Z,2026-09-08T06:05:35.709409Z,58.8621,148,ack
20260908T060102Z_p4-chaos-dead,cockroachdb,chaos-dead,thesis,c518dc6a29d6bfb5d7d89439d9fad14b81b56649,2026-09-08T06:01:02.607701Z,2026-09-08T06:05:35.709409Z,59.2119,149,ack
20260908T060102Z_p4-chaos-dead,cockroachdb,chaos-dead,thesis,c518dc6a29d6bfb5d7d89439d9fad14b81b56649,2026-09-08T06:01:02.607701Z,2026-09-08T06:05:35.709409Z,59.5575,150,ack
20260908T060102Z_p4-chaos-dead,cockroachdb,chaos-dead,thesis,c518dc6a29d6bfb5d7d89439d9fad14b81b56649,2026-09-08T06:01:02.607701Z,2026-09-08T06:05:35.709409Z,59.9118,151,ack
20260908T060102Z_p4-chaos-dead,cockroachdb,chaos-dead,thesis,c518dc6a29d6bfb5d7d89439d9fad14b81b56649,2026-09-08T06:01:02.607701Z,2026-09-08T06:05:35.709409Z,60.2625,152,ack
20260908T060102Z_p4-chaos-dead,cockroachdb,chaos-dead,thesis,c518dc6a29d6bfb5d7d89439d9fad14b81b56649,2026-09-08T06:01:02.607701Z,2026-09-08T06:05:35.709409Z,60.618,153,ack
20260908T060102Z_p4-chaos-dead,cockroachdb,chaos-dead,thesis,c518dc6a29d6bfb5d7d89439d9fad14b81b56649,2026-09-08T06:01:02.607701Z,2026-09-08T06:05:35.709409Z,60.9723,154,ack
20260908T060102Z_p4-chaos-dead,cockroachdb,chaos-dead,thesis,c518dc6a29d6bfb5d7d89439d9fad14b81b56649,2026-09-08T06:01:02.607701Z,2026-09-08T06:05:35.709409Z,61.3276,155,ack
20260908T060102Z_p4-chaos-dead,cockroachdb,chaos-dead,thesis,c518dc6a29d6bfb5d7d89439d9fad14b81b56649,2026-09-08T06:01:02.607701Z,2026-09-08T06:05:35.709409Z,61.683,156,ack
20260908T060102Z_p4-chaos-dead,cockroachdb,chaos-dead,thesis,c518dc6a29d6bfb5d7d89439d9fad14b81b56649,2026-09-08T06:01:02.607701Z,2026-09-08T06:05:35.709409Z,62.0375,157,ack
20260908T060102Z_p4-chaos-dead,cockroachdb,chaos-dead,thesis,c518dc6a29d6bfb5d7d89439d9fad14b81b56649,2026-09-08T06:01:02.607701Z,2026-09-08T06:05:35.709409Z,62.4025,158,ack
20260908T060102Z_p4-chaos-dead,cockroachdb,chaos-dead,thesis,c518dc6a29d6bfb5d7d89439d9fad14b81b56649,2026-09-08T06:01:02.607701Z,2026-09-08T06:05:35.709409Z,62.7527,159,ack
20260908T060102Z_p4-chaos-dead,cockroachdb,chaos-dead,thesis,c518dc6a29d6bfb5d7d89439d9fad14b81b56649,2026-09-08T06:01:02.607701Z,2026-09-08T06:05:35.709409Z,63.1032,160,ack
20260908T060102Z_p4-chaos-dead,cockroachdb,chaos-dead,thesis,c518dc6a29d6bfb5d7d89439d9fad14b81b56649,2026-09-08T06:01:02.607701Z,2026-09-08T06:05:35.709409Z,63.4557,161,ack
20260908T060102Z_p4-chaos-dead,cockroachdb,chaos-dead,thesis,c518dc6a29d6bfb5d7d89439d9fad14b81b56649,2026-09-08T06:01:02.607701Z,2026-09-08T06:05:35.709409Z,63.8032,162,ack
20260908T060102Z_p4-chaos-dead,cockroachdb,chaos-dead,thesis,c518dc6a29d6bfb5d7d89439d9fad14b81b56649,2026-09-08T06:01:02.607701Z,2026-09-08T06:05:35.709409Z,64.1675,163,ack
20260908T060102Z_p4-chaos-dead,cockroachdb,chaos-dead,thesis,c518dc6a29d6bfb5d7d89439d9fad14b81b56649,2026-09-08T06:01:02.607701Z,2026-09-08T06:05:35.709409Z,64.5116,164,ack
20260908T060102Z_p4-chaos-dead,cockroachdb,chaos-dead,thesis,c518dc6a29d6bfb5d7d89439d9fad14b81b56649,2026-09-08T06:01:02.607701Z,2026-09-08T06:05:35.709409Z,64.8623,165,ack
20260908T060102Z_p4-chaos-dead,cockroachdb,chaos-dead,thesis,c518dc6a29d6bfb5d7d89439d9fad14b81b56649,2026-09-08T06:01:02.607701Z,2026-09-08T06:05:35.709409Z,65.2121,166,ack
20260908T060102Z_p4-chaos-dead,cockroachdb,chaos-dead,thesis,c518dc6a29d6bfb5d7d89439d9fad14b81b56649,2026-09-08T06:01:02.607701Z,2026-09-08T06:05:35.709409Z,65.5623,167,ack
20260908T060102Z_p4-chaos-dead,cockroachdb,chaos-dead,thesis,c518dc6a29d6bfb5d7d89439d9fad14b81b56649,2026-09-08T06:01:02.607701Z,2026-09-08T06:05:35.709409Z,65.9117,168,ack
20260908T060102Z_p4-chaos-dead,cockroachdb,chaos-dead,thesis,c518dc6a29d6bfb5d7d89439d9fad14b81b56649,2026-09-08T06:01:02.607701Z,2026-09-08T06:05:35.709409Z,66.2564,169,ack
20260908T060102Z_p4-chaos-dead,cockroachdb,chaos-dead,thesis,c518dc6a29d6bfb5d7d89439d9fad14b81b56649,2026-09-08T06:01:02.607701Z,2026-09-08T06:05:35.709409Z,66.6078,170,ack
20260908T060102Z_p4-chaos-dead,cockroachdb,chaos-dead,thesis,c518dc6a29d6bfb5d7d89439d9fad14b81b56649,2026-09-08T06:01:02.607701Z,2026-09-08T06:05:35.709409Z,66.9628,171,ack
20260908T060102Z_p4-chaos-dead,cockroachdb,chaos-dead,thesis,c518dc6a29d6bfb5d7d89439d9fad14b81b56649,2026-09-08T06:01:02.607701Z,2026-09-08T06:05:35.709409Z,67.3153,172,ack
20260908T060102Z_p4-chaos-dead,cockroachdb,chaos-dead,thesis,c518dc6a29d6bfb5d7d89439d9fad14b81b56649,2026-09-08T06:01:02.607701Z,2026-09-08T06:05:35.709409Z,67.6621,173,ack
20260908T060102Z_p4-chaos-dead,cockroachdb,chaos-dead,thesis,c518dc6a29d6bfb5d7d89439d9fad14b81b56649,2026-09-08T06:01:02.607701Z,2026-09-08T06:05:35.709409Z,68.0073,174,ack
20260908T060102Z_p4-chaos-dead,cockroachdb,chaos-dead,thesis,c518dc6a29d6bfb5d7d89439d9fad14b81b56649,2026-09-08T06:01:02.607701Z,2026-09-08T06:05:35.709409Z,68.3627,175,ack
20260908T060102Z_p4-chaos-dead,cockroachdb,chaos-dead,thesis,c518dc6a29d6bfb5d7d89439d9fad14b81b56649,2026-09-08T06:01:02.607701Z,2026-09-08T06:05:35.709409Z,68.7323,176,ack
20260908T060102Z_p4-chaos-dead,cockroachdb,chaos-dead,thesis,c518dc6a29d6bfb5d7d89439d9fad14b81b56649,2026-09-08T06:01:02.607701Z,2026-09-08T06:05:35.709409Z,69.0771,177,ack
20260908T060102Z_p4-chaos-dead,cockroachdb,chaos-dead,thesis,c518dc6a29d6bfb5d7d89439d9fad14b81b56649,2026-09-08T06:01:02.607701Z,2026-09-08T06:05:35.709409Z,69.422,178,ack
20260908T060102Z_p4-chaos-dead,cockroachdb,chaos-dead,thesis,c518dc6a29d6bfb5d7d89439d9fad14b81b56649,2026-09-08T06:01:02.607701Z,2026-09-08T06:05:35.709409Z,69.773,179,ack
20260908T060102Z_p4-chaos-dead,cockroachdb,chaos-dead,thesis,c518dc6a29d6bfb5d7d89439d9fad14b81b56649,2026-09-08T06:01:02.607701Z,2026-09-08T06:05:35.709409Z,70.1223,180,ack
20260908T060102Z_p4-chaos-dead,cockroachdb,chaos-dead,thesis,c518dc6a29d6bfb5d7d89439d9fad14b81b56649,2026-09-08T06:01:02.607701Z,2026-09-08T06:05:35.709409Z,70.4729,181,ack
20260908T060102Z_p4-chaos-dead,cockroachdb,chaos-dead,thesis,c518dc6a29d6bfb5d7d89439d9fad14b81b56649,2026-09-08T06:01:02.607701Z,2026-09-08T06:05:35.709409Z,70.8699,182,ack
20260908T060102Z_p4-chaos-dead,cockroachdb,chaos-dead,thesis,c518dc6a29d6bfb5d7d89439d9fad14b81b56649,2026-09-08T06:01:02.607701Z,2026-09-08T06:05:35.709409Z,71.2254,183,ack
20260908T060102Z_p4-chaos-dead,cockroachdb,chaos-dead,thesis,c518dc6a29d6bfb5d7d89439d9fad14b81b56649,2026-09-08T06:01:02.607701Z,2026-09-08T06:05:35.709409Z,71.5855,184,ack
20260908T060102Z_p4-chaos-dead,cockroachdb,chaos-dead,thesis,c518dc6a29d6bfb5d7d89439d9fad14b81b56649,2026-09-08T06:01:02.607701Z,2026-09-08T06:05:35.709409Z,71.9321,185,ack
20260908T060102Z_p4-chaos-dead,cockroachdb,chaos-dead,thesis,c518dc6a29d6bfb5d7d89439d9fad14b81b56649,2026-09-08T06:01:02.607701Z,2026-09-08T06:05:35.709409Z,72.3052,186,ack
20260908T060102Z_p4-chaos-dead,cockroachdb,chaos-dead,thesis,c518dc6a29d6bfb5d7d89439d9fad14b81b56649,2026-09-08T06:01:02.607701Z,2026-09-08T06:05:35.709409Z,72.6749,187,ack
20260908T060102Z_p4-chaos-dead,cockroachdb,chaos-dead,thesis,c518dc6a29d6bfb5d7d89439d9fad14b81b56649,2026-09-08T06:01:02.607701Z,2026-09-08T06:05:35.709409Z,73.0506,188,ack
20260908T060102Z_p4-chaos-dead,cockroachdb,chaos-dead,thesis,c518dc6a29d6bfb5d7d89439d9fad14b81b56649,2026-09-08T06:01:02.607701Z,2026-09-08T06:05:35.709409Z,73.4074,189,ack
20260908T060102Z_p4-chaos-dead,cockroachdb,chaos-dead,thesis,c518dc6a29d6bfb5d7d89439d9fad14b81b56649,2026-09-08T06:01:02.607701Z,2026-09-08T06:05:35.709409Z,73.7872,190,ack
20260908T060102Z_p4-chaos-dead,cockroachdb,chaos-dead,thesis,c518dc6a29d6bfb5d7d89439d9fad14b81b56649,2026-09-08T06:01:02.607701Z,2026-09-08T06:05:35.709409Z,74.172,191,ack
20260908T060102Z_p4-chaos-dead,cockroachdb,chaos-dead,thesis,c518dc6a29d6bfb5d7d89439d9fad14b81b56649,2026-09-08T06:01:02.607701Z,2026-09-08T06:05:35.709409Z,74.5627,192,ack
20260908T060102Z_p4-chaos-dead,cockroachdb,chaos-dead,thesis,c518dc6a29d6bfb5d7d89439d9fad14b81b56649,2026-09-08T06:01:02.607701Z,2026-09-08T06:05:35.709409Z,74.9174,193,ack
20260908T060102Z_p4-chaos-dead,cockroachdb,chaos-dead,thesis,c518dc6a29d6bfb5d7d89439d9fad14b81b56649,2026-09-08T06:01:02.607701Z,2026-09-08T06:05:35.709409Z,75.3081,194,ack
20260908T060102Z_p4-chaos-dead,cockroachdb,chaos-dead,thesis,c518dc6a29d6bfb5d7d89439d9fad14b81b56649,2026-09-08T06:01:02.607701Z,2026-09-08T06:05:35.709409Z,75.6711,195,ack
20260908T060102Z_p4-chaos-dead,cockroachdb,chaos-dead,thesis,c518dc6a29d6bfb5d7d89439d9fad14b81b56649,2026-09-08T06:01:02.607701Z,2026-09-08T06:05:35.709409Z,76.0574,196,ack
20260908T060102Z_p4-chaos-dead,cockroachdb,chaos-dead,thesis,c518dc6a29d6bfb5d7d89439d9fad14b81b56649,2026-09-08T06:01:02.607701Z,2026-09-08T06:05:35.709409Z,76.4039,197,ack
20260908T060102Z_p4-chaos-dead,cockroachdb,chaos-dead,thesis,c518dc6a29d6bfb5d7d89439d9fad14b81b56649,2026-09-08T06:01:02.607701Z,2026-09-08T06:05:35.709409Z,76.7589,198,ack
20260908T060102Z_p4-chaos-dead,cockroachdb,chaos-dead,thesis,c518dc6a29d6bfb5d7d89439d9fad14b81b56649,2026-09-08T06:01:02.607701Z,2026-09-08T06:05:35.709409Z,77.1528,199,ack
20260908T060102Z_p4-chaos-dead,cockroachdb,chaos-dead,thesis,c518dc6a29d6bfb5d7d89439d9fad14b81b56649,2026-09-08T06:01:02.607701Z,2026-09-08T06:05:35.709409Z,77.523,200,ack
20260908T060102Z_p4-chaos-dead,cockroachdb,chaos-dead,thesis,c518dc6a29d6bfb5d7d89439d9fad14b81b56649,2026-09-08T06:01:02.607701Z,2026-09-08T06:05:35.709409Z,77.8758,201,ack
20260908T060102Z_p4-chaos-dead,cockroachdb,chaos-dead,thesis,c518dc6a29d6bfb5d7d89439d9fad14b81b56649,2026-09-08T06:01:02.607701Z,2026-09-08T06:05:35.709409Z,78.2481,202,ack
20260908T060102Z_p4-chaos-dead,cockroachdb,chaos-dead,thesis,c518dc6a29d6bfb5d7d89439d9fad14b81b56649,2026-09-08T06:01:02.607701Z,2026-09-08T06:05:35.709409Z,78.6225,203,ack
20260908T060102Z_p4-chaos-dead,cockroachdb,chaos-dead,thesis,c518dc6a29d6bfb5d7d89439d9fad14b81b56649,2026-09-08T06:01:02.607701Z,2026-09-08T06:05:35.709409Z,78.9789,204,ack
20260908T060102Z_p4-chaos-dead,cockroachdb,chaos-dead,thesis,c518dc6a29d6bfb5d7d89439d9fad14b81b56649,2026-09-08T06:01:02.607701Z,2026-09-08T06:05:35.709409Z,79.3437,205,ack
20260908T060102Z_p4-chaos-dead,cockroachdb,chaos-dead,thesis,c518dc6a29d6bfb5d7d89439d9fad14b81b56649,2026-09-08T06:01:02.607701Z,2026-09-08T06:05:35.709409Z,79.703,206,ack
20260908T060102Z_p4-chaos-dead,cockroachdb,chaos-dead,thesis,c518dc6a29d6bfb5d7d89439d9fad14b81b56649,2026-09-08T06:01:02.607701Z,2026-09-08T06:05:35.709409Z,80.0687,207,ack
20260908T060102Z_p4-chaos-dead,cockroachdb,chaos-dead,thesis,c518dc6a29d6bfb5d7d89439d9fad14b81b56649,2026-09-08T06:01:02.607701Z,2026-09-08T06:05:35.709409Z,80.4278,208,ack
20260908T060102Z_p4-chaos-dead,cockroachdb,chaos-dead,thesis,c518dc6a29d6bfb5d7d89439d9fad14b81b56649,2026-09-08T06:01:02.607701Z,2026-09-08T06:05:35.709409Z,80.8027,209,ack
20260908T060102Z_p4-chaos-dead,cockroachdb,chaos-dead,thesis,c518dc6a29d6bfb5d7d89439d9fad14b81b56649,2026-09-08T06:01:02.607701Z,2026-09-08T06:05:35.709409Z,81.1566,210,ack
20260908T060102Z_p4-chaos-dead,cockroachdb,chaos-dead,thesis,c518dc6a29d6bfb5d7d89439d9fad14b81b56649,2026-09-08T06:01:02.607701Z,2026-09-08T06:05:35.709409Z,81.5271,211,ack
20260908T060102Z_p4-chaos-dead,cockroachdb,chaos-dead,thesis,c518dc6a29d6bfb5d7d89439d9fad14b81b56649,2026-09-08T06:01:02.607701Z,2026-09-08T06:05:35.709409Z,81.8839,212,ack
20260908T060102Z_p4-chaos-dead,cockroachdb,chaos-dead,thesis,c518dc6a29d6bfb5d7d89439d9fad14b81b56649,2026-09-08T06:01:02.607701Z,2026-09-08T06:05:35.709409Z,82.245,213,ack
20260908T060102Z_p4-chaos-dead,cockroachdb,chaos-dead,thesis,c518dc6a29d6bfb5d7d89439d9fad14b81b56649,2026-09-08T06:01:02.607701Z,2026-09-08T06:05:35.709409Z,82.6017,214,ack
20260908T060102Z_p4-chaos-dead,cockroachdb,chaos-dead,thesis,c518dc6a29d6bfb5d7d89439d9fad14b81b56649,2026-09-08T06:01:02.607701Z,2026-09-08T06:05:35.709409Z,82.9631,215,ack
20260908T060102Z_p4-chaos-dead,cockroachdb,chaos-dead,thesis,c518dc6a29d6bfb5d7d89439d9fad14b81b56649,2026-09-08T06:01:02.607701Z,2026-09-08T06:05:35.709409Z,83.3312,216,ack
20260908T060102Z_p4-chaos-dead,cockroachdb,chaos-dead,thesis,c518dc6a29d6bfb5d7d89439d9fad14b81b56649,2026-09-08T06:01:02.607701Z,2026-09-08T06:05:35.709409Z,83.6964,217,ack
20260908T060102Z_p4-chaos-dead,cockroachdb,chaos-dead,thesis,c518dc6a29d6bfb5d7d89439d9fad14b81b56649,2026-09-08T06:01:02.607701Z,2026-09-08T06:05:35.709409Z,84.0476,218,ack
20260908T060102Z_p4-chaos-dead,cockroachdb,chaos-dead,thesis,c518dc6a29d6bfb5d7d89439d9fad14b81b56649,2026-09-08T06:01:02.607701Z,2026-09-08T06:05:35.709409Z,84.4031,219,ack
20260908T060102Z_p4-chaos-dead,cockroachdb,chaos-dead,thesis,c518dc6a29d6bfb5d7d89439d9fad14b81b56649,2026-09-08T06:01:02.607701Z,2026-09-08T06:05:35.709409Z,84.7561,220,ack
20260908T060102Z_p4-chaos-dead,cockroachdb,chaos-dead,thesis,c518dc6a29d6bfb5d7d89439d9fad14b81b56649,2026-09-08T06:01:02.607701Z,2026-09-08T06:05:35.709409Z,85.1099,221,ack
20260908T060102Z_p4-chaos-dead,cockroachdb,chaos-dead,thesis,c518dc6a29d6bfb5d7d89439d9fad14b81b56649,2026-09-08T06:01:02.607701Z,2026-09-08T06:05:35.709409Z,85.4683,222,ack
20260908T060102Z_p4-chaos-dead,cockroachdb,chaos-dead,thesis,c518dc6a29d6bfb5d7d89439d9fad14b81b56649,2026-09-08T06:01:02.607701Z,2026-09-08T06:05:35.709409Z,85.8316,223,ack
20260908T060102Z_p4-chaos-dead,cockroachdb,chaos-dead,thesis,c518dc6a29d6bfb5d7d89439d9fad14b81b56649,2026-09-08T06:01:02.607701Z,2026-09-08T06:05:35.709409Z,86.1958,224,ack
20260908T060102Z_p4-chaos-dead,cockroachdb,chaos-dead,thesis,c518dc6a29d6bfb5d7d89439d9fad14b81b56649,2026-09-08T06:01:02.607701Z,2026-09-08T06:05:35.709409Z,86.5513,225,ack
20260908T060102Z_p4-chaos-dead,cockroachdb,chaos-dead,thesis,c518dc6a29d6bfb5d7d89439d9fad14b81b56649,2026-09-08T06:01:02.607701Z,2026-09-08T06:05:35.709409Z,86.9085,226,ack
20260908T060102Z_p4-chaos-dead,cockroachdb,chaos-dead,thesis,c518dc6a29d6bfb5d7d89439d9fad14b81b56649,2026-09-08T06:01:02.607701Z,2026-09-08T06:05:35.709409Z,87.2832,227,ack
20260908T060102Z_p4-chaos-dead,cockroachdb,chaos-dead,thesis,c518dc6a29d6bfb5d7d89439d9fad14b81b56649,2026-09-08T06:01:02.607701Z,2026-09-08T06:05:35.709409Z,87.6314,228,ack
20260908T060102Z_p4-chaos-dead,cockroachdb,chaos-dead,thesis,c518dc6a29d6bfb5d7d89439d9fad14b81b56649,2026-09-08T06:01:02.607701Z,2026-09-08T06:05:35.709409Z,87.9909,229,ack
20260908T060102Z_p4-chaos-dead,cockroachdb,chaos-dead,thesis,c518dc6a29d6bfb5d7d89439d9fad14b81b56649,2026-09-08T06:01:02.607701Z,2026-09-08T06:05:35.709409Z,88.3495,230,ack
20260908T060102Z_p4-chaos-dead,cockroachdb,chaos-dead,thesis,c518dc6a29d6bfb5d7d89439d9fad14b81b56649,2026-09-08T06:01:02.607701Z,2026-09-08T06:05:35.709409Z,88.7073,231,ack
20260908T060102Z_p4-chaos-dead,cockroachdb,chaos-dead,thesis,c518dc6a29d6bfb5d7d89439d9fad14b81b56649,2026-09-08T06:01:02.607701Z,2026-09-08T06:05:35.709409Z,89.0836,232,ack
20260908T060102Z_p4-chaos-dead,cockroachdb,chaos-dead,thesis,c518dc6a29d6bfb5d7d89439d9fad14b81b56649,2026-09-08T06:01:02.607701Z,2026-09-08T06:05:35.709409Z,89.4434,233,ack
20260908T060102Z_p4-chaos-dead,cockroachdb,chaos-dead,thesis,c518dc6a29d6bfb5d7d89439d9fad14b81b56649,2026-09-08T06:01:02.607701Z,2026-09-08T06:05:35.709409Z,89.8068,234,ack
20260908T060102Z_p4-chaos-dead,cockroachdb,chaos-dead,thesis,c518dc6a29d6bfb5d7d89439d9fad14b81b56649,2026-09-08T06:01:02.607701Z,2026-09-08T06:05:35.709409Z,90.1863,235,ack
20260908T060102Z_p4-chaos-dead,cockroachdb,chaos-dead,thesis,c518dc6a29d6bfb5d7d89439d9fad14b81b56649,2026-09-08T06:01:02.607701Z,2026-09-08T06:05:35.709409Z,90.537,236,ack
20260908T060102Z_p4-chaos-dead,cockroachdb,chaos-dead,thesis,c518dc6a29d6bfb5d7d89439d9fad14b81b56649,2026-09-08T06:01:02.607701Z,2026-09-08T06:05:35.709409Z,90.9072,237,ack
20260908T060102Z_p4-chaos-dead,cockroachdb,chaos-dead,thesis,c518dc6a29d6bfb5d7d89439d9fad14b81b56649,2026-09-08T06:01:02.607701Z,2026-09-08T06:05:35.709409Z,91.2628,238,ack
20260908T060102Z_p4-chaos-dead,cockroachdb,chaos-dead,thesis,c518dc6a29d6bfb5d7d89439d9fad14b81b56649,2026-09-08T06:01:02.607701Z,2026-09-08T06:05:35.709409Z,91.6272,239,ack
20260908T060102Z_p4-chaos-dead,cockroachdb,chaos-dead,thesis,c518dc6a29d6bfb5d7d89439d9fad14b81b56649,2026-09-08T06:01:02.607701Z,2026-09-08T06:05:35.709409Z,91.9869,240,ack
20260908T060102Z_p4-chaos-dead,cockroachdb,chaos-dead,thesis,c518dc6a29d6bfb5d7d89439d9fad14b81b56649,2026-09-08T06:01:02.607701Z,2026-09-08T06:05:35.709409Z,92.3575,241,ack
20260908T060102Z_p4-chaos-dead,cockroachdb,chaos-dead,thesis,c518dc6a29d6bfb5d7d89439d9fad14b81b56649,2026-09-08T06:01:02.607701Z,2026-09-08T06:05:35.709409Z,92.7114,242,ack
20260908T060102Z_p4-chaos-dead,cockroachdb,chaos-dead,thesis,c518dc6a29d6bfb5d7d89439d9fad14b81b56649,2026-09-08T06:01:02.607701Z,2026-09-08T06:05:35.709409Z,93.1426,243,ack
20260908T060102Z_p4-chaos-dead,cockroachdb,chaos-dead,thesis,c518dc6a29d6bfb5d7d89439d9fad14b81b56649,2026-09-08T06:01:02.607701Z,2026-09-08T06:05:35.709409Z,93.4972,244,ack
20260908T060102Z_p4-chaos-dead,cockroachdb,chaos-dead,thesis,c518dc6a29d6bfb5d7d89439d9fad14b81b56649,2026-09-08T06:01:02.607701Z,2026-09-08T06:05:35.709409Z,93.8634,245,ack
20260908T060102Z_p4-chaos-dead,cockroachdb,chaos-dead,thesis,c518dc6a29d6bfb5d7d89439d9fad14b81b56649,2026-09-08T06:01:02.607701Z,2026-09-08T06:05:35.709409Z,94.2237,246,ack
20260908T060102Z_p4-chaos-dead,cockroachdb,chaos-dead,thesis,c518dc6a29d6bfb5d7d89439d9fad14b81b56649,2026-09-08T06:01:02.607701Z,2026-09-08T06:05:35.709409Z,94.5742,247,ack
20260908T060102Z_p4-chaos-dead,cockroachdb,chaos-dead,thesis,c518dc6a29d6bfb5d7d89439d9fad14b81b56649,2026-09-08T06:01:02.607701Z,2026-09-08T06:05:35.709409Z,94.9246,248,ack
20260908T060102Z_p4-chaos-dead,cockroachdb,chaos-dead,thesis,c518dc6a29d6bfb5d7d89439d9fad14b81b56649,2026-09-08T06:01:02.607701Z,2026-09-08T06:05:35.709409Z,95.2836,249,ack
20260908T060102Z_p4-chaos-dead,cockroachdb,chaos-dead,thesis,c518dc6a29d6bfb5d7d89439d9fad14b81b56649,2026-09-08T06:01:02.607701Z,2026-09-08T06:05:35.709409Z,95.6562,250,ack
20260908T060102Z_p4-chaos-dead,cockroachdb,chaos-dead,thesis,c518dc6a29d6bfb5d7d89439d9fad14b81b56649,2026-09-08T06:01:02.607701Z,2026-09-08T06:05:35.709409Z,96.0068,251,ack
20260908T060102Z_p4-chaos-dead,cockroachdb,chaos-dead,thesis,c518dc6a29d6bfb5d7d89439d9fad14b81b56649,2026-09-08T06:01:02.607701Z,2026-09-08T06:05:35.709409Z,96.3782,252,ack
20260908T060102Z_p4-chaos-dead,cockroachdb,chaos-dead,thesis,c518dc6a29d6bfb5d7d89439d9fad14b81b56649,2026-09-08T06:01:02.607701Z,2026-09-08T06:05:35.709409Z,96.7707,253,ack
20260908T060102Z_p4-chaos-dead,cockroachdb,chaos-dead,thesis,c518dc6a29d6bfb5d7d89439d9fad14b81b56649,2026-09-08T06:01:02.607701Z,2026-09-08T06:05:35.709409Z,97.1256,254,ack
20260908T060102Z_p4-chaos-dead,cockroachdb,chaos-dead,thesis,c518dc6a29d6bfb5d7d89439d9fad14b81b56649,2026-09-08T06:01:02.607701Z,2026-09-08T06:05:35.709409Z,97.4933,255,ack
20260908T060102Z_p4-chaos-dead,cockroachdb,chaos-dead,thesis,c518dc6a29d6bfb5d7d89439d9fad14b81b56649,2026-09-08T06:01:02.607701Z,2026-09-08T06:05:35.709409Z,97.8517,256,ack
20260908T060102Z_p4-chaos-dead,cockroachdb,chaos-dead,thesis,c518dc6a29d6bfb5d7d89439d9fad14b81b56649,2026-09-08T06:01:02.607701Z,2026-09-08T06:05:35.709409Z,98.2123,257,ack
20260908T060102Z_p4-chaos-dead,cockroachdb,chaos-dead,thesis,c518dc6a29d6bfb5d7d89439d9fad14b81b56649,2026-09-08T06:01:02.607701Z,2026-09-08T06:05:35.709409Z,98.5984,258,ack
20260908T060102Z_p4-chaos-dead,cockroachdb,chaos-dead,thesis,c518dc6a29d6bfb5d7d89439d9fad14b81b56649,2026-09-08T06:01:02.607701Z,2026-09-08T06:05:35.709409Z,99.1373,259,ack
20260908T060102Z_p4-chaos-dead,cockroachdb,chaos-dead,thesis,c518dc6a29d6bfb5d7d89439d9fad14b81b56649,2026-09-08T06:01:02.607701Z,2026-09-08T06:05:35.709409Z,99.4925,260,ack
20260908T060102Z_p4-chaos-dead,cockroachdb,chaos-dead,thesis,c518dc6a29d6bfb5d7d89439d9fad14b81b56649,2026-09-08T06:01:02.607701Z,2026-09-08T06:05:35.709409Z,99.851,261,ack
20260908T060102Z_p4-chaos-dead,cockroachdb,chaos-dead,thesis,c518dc6a29d6bfb5d7d89439d9fad14b81b56649,2026-09-08T06:01:02.607701Z,2026-09-08T06:05:35.709409Z,100.2066,262,ack
20260908T060102Z_p4-chaos-dead,cockroachdb,chaos-dead,thesis,c518dc6a29d6bfb5d7d89439d9fad14b81b56649,2026-09-08T06:01:02.607701Z,2026-09-08T06:05:35.709409Z,100.5638,263,ack
20260908T060102Z_p4-chaos-dead,cockroachdb,chaos-dead,thesis,c518dc6a29d6bfb5d7d89439d9fad14b81b56649,2026-09-08T06:01:02.607701Z,2026-09-08T06:05:35.709409Z,100.9112,264,ack
20260908T060102Z_p4-chaos-dead,cockroachdb,chaos-dead,thesis,c518dc6a29d6bfb5d7d89439d9fad14b81b56649,2026-09-08T06:01:02.607701Z,2026-09-08T06:05:35.709409Z,101.272,265,ack
20260908T060102Z_p4-chaos-dead,cockroachdb,chaos-dead,thesis,c518dc6a29d6bfb5d7d89439d9fad14b81b56649,2026-09-08T06:01:02.607701Z,2026-09-08T06:05:35.709409Z,101.6268,266,ack
20260908T060102Z_p4-chaos-dead,cockroachdb,chaos-dead,thesis,c518dc6a29d6bfb5d7d89439d9fad14b81b56649,2026-09-08T06:01:02.607701Z,2026-09-08T06:05:35.709409Z,101.983,267,ack
20260908T060102Z_p4-chaos-dead,cockroachdb,chaos-dead,thesis,c518dc6a29d6bfb5d7d89439d9fad14b81b56649,2026-09-08T06:01:02.607701Z,2026-09-08T06:05:35.709409Z,102.3302,268,ack
20260908T060102Z_p4-chaos-dead,cockroachdb,chaos-dead,thesis,c518dc6a29d6bfb5d7d89439d9fad14b81b56649,2026-09-08T06:01:02.607701Z,2026-09-08T06:05:35.709409Z,102.695,269,ack
20260908T060102Z_p4-chaos-dead,cockroachdb,chaos-dead,thesis,c518dc6a29d6bfb5d7d89439d9fad14b81b56649,2026-09-08T06:01:02.607701Z,2026-09-08T06:05:35.709409Z,103.0496,270,ack
20260908T060102Z_p4-chaos-dead,cockroachdb,chaos-dead,thesis,c518dc6a29d6bfb5d7d89439d9fad14b81b56649,2026-09-08T06:01:02.607701Z,2026-09-08T06:05:35.709409Z,103.397,271,ack
20260908T060102Z_p4-chaos-dead,cockroachdb,chaos-dead,thesis,c518dc6a29d6bfb5d7d89439d9fad14b81b56649,2026-09-08T06:01:02.607701Z,2026-09-08T06:05:35.709409Z,103.7644,272,ack
20260908T060102Z_p4-chaos-dead,cockroachdb,chaos-dead,thesis,c518dc6a29d6bfb5d7d89439d9fad14b81b56649,2026-09-08T06:01:02.607701Z,2026-09-08T06:05:35.709409Z,104.1384,273,ack
20260908T060102Z_p4-chaos-dead,cockroachdb,chaos-dead,thesis,c518dc6a29d6bfb5d7d89439d9fad14b81b56649,2026-09-08T06:01:02.607701Z,2026-09-08T06:05:35.709409Z,104.4994,274,ack
20260908T060102Z_p4-chaos-dead,cockroachdb,chaos-dead,thesis,c518dc6a29d6bfb5d7d89439d9fad14b81b56649,2026-09-08T06:01:02.607701Z,2026-09-08T06:05:35.709409Z,104.8617,275,ack
20260908T060102Z_p4-chaos-dead,cockroachdb,chaos-dead,thesis,c518dc6a29d6bfb5d7d89439d9fad14b81b56649,2026-09-08T06:01:02.607701Z,2026-09-08T06:05:35.709409Z,105.2173,276,ack
20260908T060102Z_p4-chaos-dead,cockroachdb,chaos-dead,thesis,c518dc6a29d6bfb5d7d89439d9fad14b81b56649,2026-09-08T06:01:02.607701Z,2026-09-08T06:05:35.709409Z,105.5779,277,ack
20260908T060102Z_p4-chaos-dead,cockroachdb,chaos-dead,thesis,c518dc6a29d6bfb5d7d89439d9fad14b81b56649,2026-09-08T06:01:02.607701Z,2026-09-08T06:05:35.709409Z,105.9683,278,ack
20260908T060102Z_p4-chaos-dead,cockroachdb,chaos-dead,thesis,c518dc6a29d6bfb5d7d89439d9fad14b81b56649,2026-09-08T06:01:02.607701Z,2026-09-08T06:05:35.709409Z,106.3336,279,ack
20260908T060102Z_p4-chaos-dead,cockroachdb,chaos-dead,thesis,c518dc6a29d6bfb5d7d89439d9fad14b81b56649,2026-09-08T06:01:02.607701Z,2026-09-08T06:05:35.709409Z,106.7234,280,ack
20260908T060102Z_p4-chaos-dead,cockroachdb,chaos-dead,thesis,c518dc6a29d6bfb5d7d89439d9fad14b81b56649,2026-09-08T06:01:02.607701Z,2026-09-08T06:05:35.709409Z,107.0936,281,ack
20260908T060102Z_p4-chaos-dead,cockroachdb,chaos-dead,thesis,c518dc6a29d6bfb5d7d89439d9fad14b81b56649,2026-09-08T06:01:02.607701Z,2026-09-08T06:05:35.709409Z,107.4585,282,ack
20260908T060102Z_p4-chaos-dead,cockroachdb,chaos-dead,thesis,c518dc6a29d6bfb5d7d89439d9fad14b81b56649,2026-09-08T06:01:02.607701Z,2026-09-08T06:05:35.709409Z,107.8178,283,ack
20260908T060102Z_p4-chaos-dead,cockroachdb,chaos-dead,thesis,c518dc6a29d6bfb5d7d89439d9fad14b81b56649,2026-09-08T06:01:02.607701Z,2026-09-08T06:05:35.709409Z,108.1669,284,ack
20260908T060102Z_p4-chaos-dead,cockroachdb,chaos-dead,thesis,c518dc6a29d6bfb5d7d89439d9fad14b81b56649,2026-09-08T06:01:02.607701Z,2026-09-08T06:05:35.709409Z,108.5191,285,ack
20260908T060102Z_p4-chaos-dead,cockroachdb,chaos-dead,thesis,c518dc6a29d6bfb5d7d89439d9fad14b81b56649,2026-09-08T06:01:02.607701Z,2026-09-08T06:05:35.709409Z,108.8997,286,ack
20260908T060102Z_p4-chaos-dead,cockroachdb,chaos-dead,thesis,c518dc6a29d6bfb5d7d89439d9fad14b81b56649,2026-09-08T06:01:02.607701Z,2026-09-08T06:05:35.709409Z,109.2635,287,ack
20260908T060102Z_p4-chaos-dead,cockroachdb,chaos-dead,thesis,c518dc6a29d6bfb5d7d89439d9fad14b81b56649,2026-09-08T06:01:02.607701Z,2026-09-08T06:05:35.709409Z,109.6173,288,ack
20260908T060102Z_p4-chaos-dead,cockroachdb,chaos-dead,thesis,c518dc6a29d6bfb5d7d89439d9fad14b81b56649,2026-09-08T06:01:02.607701Z,2026-09-08T06:05:35.709409Z,109.9693,289,ack
20260908T060102Z_p4-chaos-dead,cockroachdb,chaos-dead,thesis,c518dc6a29d6bfb5d7d89439d9fad14b81b56649,2026-09-08T06:01:02.607701Z,2026-09-08T06:05:35.709409Z,110.3365,290,ack
20260908T060102Z_p4-chaos-dead,cockroachdb,chaos-dead,thesis,c518dc6a29d6bfb5d7d89439d9fad14b81b56649,2026-09-08T06:01:02.607701Z,2026-09-08T06:05:35.709409Z,110.7012,291,ack
20260908T060102Z_p4-chaos-dead,cockroachdb,chaos-dead,thesis,c518dc6a29d6bfb5d7d89439d9fad14b81b56649,2026-09-08T06:01:02.607701Z,2026-09-08T06:05:35.709409Z,111.0614,292,ack
20260908T060102Z_p4-chaos-dead,cockroachdb,chaos-dead,thesis,c518dc6a29d6bfb5d7d89439d9fad14b81b56649,2026-09-08T06:01:02.607701Z,2026-09-08T06:05:35.709409Z,111.4121,293,ack
20260908T060102Z_p4-chaos-dead,cockroachdb,chaos-dead,thesis,c518dc6a29d6bfb5d7d89439d9fad14b81b56649,2026-09-08T06:01:02.607701Z,2026-09-08T06:05:35.709409Z,111.7688,294,ack
20260908T060102Z_p4-chaos-dead,cockroachdb,chaos-dead,thesis,c518dc6a29d6bfb5d7d89439d9fad14b81b56649,2026-09-08T06:01:02.607701Z,2026-09-08T06:05:35.709409Z,112.1315,295,ack
20260908T060102Z_p4-chaos-dead,cockroachdb,chaos-dead,thesis,c518dc6a29d6bfb5d7d89439d9fad14b81b56649,2026-09-08T06:01:02.607701Z,2026-09-08T06:05:35.709409Z,112.4892,296,ack
20260908T060102Z_p4-chaos-dead,cockroachdb,chaos-dead,thesis,c518dc6a29d6bfb5d7d89439d9fad14b81b56649,2026-09-08T06:01:02.607701Z,2026-09-08T06:05:35.709409Z,112.8377,297,ack
20260908T060102Z_p4-chaos-dead,cockroachdb,chaos-dead,thesis,c518dc6a29d6bfb5d7d89439d9fad14b81b56649,2026-09-08T06:01:02.607701Z,2026-09-08T06:05:35.709409Z,113.2046,298,ack
20260908T060102Z_p4-chaos-dead,cockroachdb,chaos-dead,thesis,c518dc6a29d6bfb5d7d89439d9fad14b81b56649,2026-09-08T06:01:02.607701Z,2026-09-08T06:05:35.709409Z,113.5667,299,ack
20260908T060102Z_p4-chaos-dead,cockroachdb,chaos-dead,thesis,c518dc6a29d6bfb5d7d89439d9fad14b81b56649,2026-09-08T06:01:02.607701Z,2026-09-08T06:05:35.709409Z,113.9325,300,ack
20260908T060102Z_p4-chaos-dead,cockroachdb,chaos-dead,thesis,c518dc6a29d6bfb5d7d89439d9fad14b81b56649,2026-09-08T06:01:02.607701Z,2026-09-08T06:05:35.709409Z,114.2834,301,ack
20260908T060102Z_p4-chaos-dead,cockroachdb,chaos-dead,thesis,c518dc6a29d6bfb5d7d89439d9fad14b81b56649,2026-09-08T06:01:02.607701Z,2026-09-08T06:05:35.709409Z,114.6525,302,ack
20260908T060102Z_p4-chaos-dead,cockroachdb,chaos-dead,thesis,c518dc6a29d6bfb5d7d89439d9fad14b81b56649,2026-09-08T06:01:02.607701Z,2026-09-08T06:05:35.709409Z,114.9978,303,ack
20260908T060102Z_p4-chaos-dead,cockroachdb,chaos-dead,thesis,c518dc6a29d6bfb5d7d89439d9fad14b81b56649,2026-09-08T06:01:02.607701Z,2026-09-08T06:05:35.709409Z,115.3521,304,ack
20260908T060102Z_p4-chaos-dead,cockroachdb,chaos-dead,thesis,c518dc6a29d6bfb5d7d89439d9fad14b81b56649,2026-09-08T06:01:02.607701Z,2026-09-08T06:05:35.709409Z,115.7125,305,ack
20260908T060102Z_p4-chaos-dead,cockroachdb,chaos-dead,thesis,c518dc6a29d6bfb5d7d89439d9fad14b81b56649,2026-09-08T06:01:02.607701Z,2026-09-08T06:05:35.709409Z,116.0729,306,ack
20260908T060102Z_p4-chaos-dead,cockroachdb,chaos-dead,thesis,c518dc6a29d6bfb5d7d89439d9fad14b81b56649,2026-09-08T06:01:02.607701Z,2026-09-08T06:05:35.709409Z,116.4325,307,ack
20260908T060102Z_p4-chaos-dead,cockroachdb,chaos-dead,thesis,c518dc6a29d6bfb5d7d89439d9fad14b81b56649,2026-09-08T06:01:02.607701Z,2026-09-08T06:05:35.709409Z,116.7841,308,ack
20260908T060102Z_p4-chaos-dead,cockroachdb,chaos-dead,thesis,c518dc6a29d6bfb5d7d89439d9fad14b81b56649,2026-09-08T06:01:02.607701Z,2026-09-08T06:05:35.709409Z,117.1374,309,ack
20260908T060102Z_p4-chaos-dead,cockroachdb,chaos-dead,thesis,c518dc6a29d6bfb5d7d89439d9fad14b81b56649,2026-09-08T06:01:02.607701Z,2026-09-08T06:05:35.709409Z,117.4969,310,ack
20260908T060102Z_p4-chaos-dead,cockroachdb,chaos-dead,thesis,c518dc6a29d6bfb5d7d89439d9fad14b81b56649,2026-09-08T06:01:02.607701Z,2026-09-08T06:05:35.709409Z,117.8507,311,ack
20260908T060102Z_p4-chaos-dead,cockroachdb,chaos-dead,thesis,c518dc6a29d6bfb5d7d89439d9fad14b81b56649,2026-09-08T06:01:02.607701Z,2026-09-08T06:05:35.709409Z,118.2115,312,ack
20260908T060102Z_p4-chaos-dead,cockroachdb,chaos-dead,thesis,c518dc6a29d6bfb5d7d89439d9fad14b81b56649,2026-09-08T06:01:02.607701Z,2026-09-08T06:05:35.709409Z,118.5658,313,ack
20260908T060102Z_p4-chaos-dead,cockroachdb,chaos-dead,thesis,c518dc6a29d6bfb5d7d89439d9fad14b81b56649,2026-09-08T06:01:02.607701Z,2026-09-08T06:05:35.709409Z,118.9204,314,ack
20260908T060102Z_p4-chaos-dead,cockroachdb,chaos-dead,thesis,c518dc6a29d6bfb5d7d89439d9fad14b81b56649,2026-09-08T06:01:02.607701Z,2026-09-08T06:05:35.709409Z,119.2983,315,ack
20260908T060102Z_p4-chaos-dead,cockroachdb,chaos-dead,thesis,c518dc6a29d6bfb5d7d89439d9fad14b81b56649,2026-09-08T06:01:02.607701Z,2026-09-08T06:05:35.709409Z,119.6633,316,ack
20260908T060102Z_p4-chaos-dead,cockroachdb,chaos-dead,thesis,c518dc6a29d6bfb5d7d89439d9fad14b81b56649,2026-09-08T06:01:02.607701Z,2026-09-08T06:05:35.709409Z,120.0175,317,ack
20260908T060102Z_p4-chaos-dead,cockroachdb,chaos-dead,thesis,c518dc6a29d6bfb5d7d89439d9fad14b81b56649,2026-09-08T06:01:02.607701Z,2026-09-08T06:05:35.709409Z,120.3665,318,ack
20260908T060102Z_p4-chaos-dead,cockroachdb,chaos-dead,thesis,c518dc6a29d6bfb5d7d89439d9fad14b81b56649,2026-09-08T06:01:02.607701Z,2026-09-08T06:05:35.709409Z,120.7339,319,ack
20260908T060102Z_p4-chaos-dead,cockroachdb,chaos-dead,thesis,c518dc6a29d6bfb5d7d89439d9fad14b81b56649,2026-09-08T06:01:02.607701Z,2026-09-08T06:05:35.709409Z,121.1127,320,ack
20260908T060102Z_p4-chaos-dead,cockroachdb,chaos-dead,thesis,c518dc6a29d6bfb5d7d89439d9fad14b81b56649,2026-09-08T06:01:02.607701Z,2026-09-08T06:05:35.709409Z,121.4875,321,ack
20260908T060102Z_p4-chaos-dead,cockroachdb,chaos-dead,thesis,c518dc6a29d6bfb5d7d89439d9fad14b81b56649,2026-09-08T06:01:02.607701Z,2026-09-08T06:05:35.709409Z,121.8482,322,ack
20260908T060102Z_p4-chaos-dead,cockroachdb,chaos-dead,thesis,c518dc6a29d6bfb5d7d89439d9fad14b81b56649,2026-09-08T06:01:02.607701Z,2026-09-08T06:05:35.709409Z,122.203,323,ack
20260908T060102Z_p4-chaos-dead,cockroachdb,chaos-dead,thesis,c518dc6a29d6bfb5d7d89439d9fad14b81b56649,2026-09-08T06:01:02.607701Z,2026-09-08T06:05:35.709409Z,122.5649,324,ack
20260908T060102Z_p4-chaos-dead,cockroachdb,chaos-dead,thesis,c518dc6a29d6bfb5d7d89439d9fad14b81b56649,2026-09-08T06:01:02.607701Z,2026-09-08T06:05:35.709409Z,122.9226,325,ack
20260908T060102Z_p4-chaos-dead,cockroachdb,chaos-dead,thesis,c518dc6a29d6bfb5d7d89439d9fad14b81b56649,2026-09-08T06:01:02.607701Z,2026-09-08T06:05:35.709409Z,123.3117,326,ack
20260908T060102Z_p4-chaos-dead,cockroachdb,chaos-dead,thesis,c518dc6a29d6bfb5d7d89439d9fad14b81b56649,2026-09-08T06:01:02.607701Z,2026-09-08T06:05:35.709409Z,123.6672,327,ack
20260908T060102Z_p4-chaos-dead,cockroachdb,chaos-dead,thesis,c518dc6a29d6bfb5d7d89439d9fad14b81b56649,2026-09-08T06:01:02.607701Z,2026-09-08T06:05:35.709409Z,124.0326,328,ack
20260908T060102Z_p4-chaos-dead,cockroachdb,chaos-dead,thesis,c518dc6a29d6bfb5d7d89439d9fad14b81b56649,2026-09-08T06:01:02.607701Z,2026-09-08T06:05:35.709409Z,124.3948,329,ack
20260908T060102Z_p4-chaos-dead,cockroachdb,chaos-dead,thesis,c518dc6a29d6bfb5d7d89439d9fad14b81b56649,2026-09-08T06:01:02.607701Z,2026-09-08T06:05:35.709409Z,124.7395,330,ack
20260908T060102Z_p4-chaos-dead,cockroachdb,chaos-dead,thesis,c518dc6a29d6bfb5d7d89439d9fad14b81b56649,2026-09-08T06:01:02.607701Z,2026-09-08T06:05:35.709409Z,125.0901,331,ack
20260908T060102Z_p4-chaos-dead,cockroachdb,chaos-dead,thesis,c518dc6a29d6bfb5d7d89439d9fad14b81b56649,2026-09-08T06:01:02.607701Z,2026-09-08T06:05:35.709409Z,125.4473,332,ack
20260908T060102Z_p4-chaos-dead,cockroachdb,chaos-dead,thesis,c518dc6a29d6bfb5d7d89439d9fad14b81b56649,2026-09-08T06:01:02.607701Z,2026-09-08T06:05:35.709409Z,125.8028,333,ack
20260908T060102Z_p4-chaos-dead,cockroachdb,chaos-dead,thesis,c518dc6a29d6bfb5d7d89439d9fad14b81b56649,2026-09-08T06:01:02.607701Z,2026-09-08T06:05:35.709409Z,126.1692,334,ack
20260908T060102Z_p4-chaos-dead,cockroachdb,chaos-dead,thesis,c518dc6a29d6bfb5d7d89439d9fad14b81b56649,2026-09-08T06:01:02.607701Z,2026-09-08T06:05:35.709409Z,126.5185,335,ack
20260908T060102Z_p4-chaos-dead,cockroachdb,chaos-dead,thesis,c518dc6a29d6bfb5d7d89439d9fad14b81b56649,2026-09-08T06:01:02.607701Z,2026-09-08T06:05:35.709409Z,126.8926,336,ack
20260908T060102Z_p4-chaos-dead,cockroachdb,chaos-dead,thesis,c518dc6a29d6bfb5d7d89439d9fad14b81b56649,2026-09-08T06:01:02.607701Z,2026-09-08T06:05:35.709409Z,127.325,337,ack
20260908T060102Z_p4-chaos-dead,cockroachdb,chaos-dead,thesis,c518dc6a29d6bfb5d7d89439d9fad14b81b56649,2026-09-08T06:01:02.607701Z,2026-09-08T06:05:35.709409Z,127.7643,338,ack
20260908T060102Z_p4-chaos-dead,cockroachdb,chaos-dead,thesis,c518dc6a29d6bfb5d7d89439d9fad14b81b56649,2026-09-08T06:01:02.607701Z,2026-09-08T06:05:35.709409Z,128.1801,339,ack
20260908T060102Z_p4-chaos-dead,cockroachdb,chaos-dead,thesis,c518dc6a29d6bfb5d7d89439d9fad14b81b56649,2026-09-08T06:01:02.607701Z,2026-09-08T06:05:35.709409Z,128.5876,340,ack
20260908T060102Z_p4-chaos-dead,cockroachdb,chaos-dead,thesis,c518dc6a29d6bfb5d7d89439d9fad14b81b56649,2026-09-08T06:01:02.607701Z,2026-09-08T06:05:35.709409Z,128.9643,341,ack
20260908T060102Z_p4-chaos-dead,cockroachdb,chaos-dead,thesis,c518dc6a29d6bfb5d7d89439d9fad14b81b56649,2026-09-08T06:01:02.607701Z,2026-09-08T06:05:35.709409Z,129.3428,342,ack
20260908T060102Z_p4-chaos-dead,cockroachdb,chaos-dead,thesis,c518dc6a29d6bfb5d7d89439d9fad14b81b56649,2026-09-08T06:01:02.607701Z,2026-09-08T06:05:35.709409Z,129.7,343,ack
20260908T060102Z_p4-chaos-dead,cockroachdb,chaos-dead,thesis,c518dc6a29d6bfb5d7d89439d9fad14b81b56649,2026-09-08T06:01:02.607701Z,2026-09-08T06:05:35.709409Z,130.0682,344,ack
20260908T060102Z_p4-chaos-dead,cockroachdb,chaos-dead,thesis,c518dc6a29d6bfb5d7d89439d9fad14b81b56649,2026-09-08T06:01:02.607701Z,2026-09-08T06:05:35.709409Z,130.4232,345,ack
20260908T060102Z_p4-chaos-dead,cockroachdb,chaos-dead,thesis,c518dc6a29d6bfb5d7d89439d9fad14b81b56649,2026-09-08T06:01:02.607701Z,2026-09-08T06:05:35.709409Z,130.7827,346,ack
20260908T060102Z_p4-chaos-dead,cockroachdb,chaos-dead,thesis,c518dc6a29d6bfb5d7d89439d9fad14b81b56649,2026-09-08T06:01:02.607701Z,2026-09-08T06:05:35.709409Z,131.1374,347,ack
20260908T060102Z_p4-chaos-dead,cockroachdb,chaos-dead,thesis,c518dc6a29d6bfb5d7d89439d9fad14b81b56649,2026-09-08T06:01:02.607701Z,2026-09-08T06:05:35.709409Z,131.4978,348,ack
20260908T060102Z_p4-chaos-dead,cockroachdb,chaos-dead,thesis,c518dc6a29d6bfb5d7d89439d9fad14b81b56649,2026-09-08T06:01:02.607701Z,2026-09-08T06:05:35.709409Z,131.8475,349,ack
20260908T060102Z_p4-chaos-dead,cockroachdb,chaos-dead,thesis,c518dc6a29d6bfb5d7d89439d9fad14b81b56649,2026-09-08T06:01:02.607701Z,2026-09-08T06:05:35.709409Z,132.2031,350,ack
20260908T060102Z_p4-chaos-dead,cockroachdb,chaos-dead,thesis,c518dc6a29d6bfb5d7d89439d9fad14b81b56649,2026-09-08T06:01:02.607701Z,2026-09-08T06:05:35.709409Z,132.5707,351,ack
20260908T060102Z_p4-chaos-dead,cockroachdb,chaos-dead,thesis,c518dc6a29d6bfb5d7d89439d9fad14b81b56649,2026-09-08T06:01:02.607701Z,2026-09-08T06:05:35.709409Z,132.9303,352,ack
20260908T060102Z_p4-chaos-dead,cockroachdb,chaos-dead,thesis,c518dc6a29d6bfb5d7d89439d9fad14b81b56649,2026-09-08T06:01:02.607701Z,2026-09-08T06:05:35.709409Z,133.2922,353,ack
20260908T060102Z_p4-chaos-dead,cockroachdb,chaos-dead,thesis,c518dc6a29d6bfb5d7d89439d9fad14b81b56649,2026-09-08T06:01:02.607701Z,2026-09-08T06:05:35.709409Z,133.6522,354,ack
20260908T060102Z_p4-chaos-dead,cockroachdb,chaos-dead,thesis,c518dc6a29d6bfb5d7d89439d9fad14b81b56649,2026-09-08T06:01:02.607701Z,2026-09-08T06:05:35.709409Z,134.0074,355,ack
20260908T060102Z_p4-chaos-dead,cockroachdb,chaos-dead,thesis,c518dc6a29d6bfb5d7d89439d9fad14b81b56649,2026-09-08T06:01:02.607701Z,2026-09-08T06:05:35.709409Z,134.3722,356,ack
20260908T060102Z_p4-chaos-dead,cockroachdb,chaos-dead,thesis,c518dc6a29d6bfb5d7d89439d9fad14b81b56649,2026-09-08T06:01:02.607701Z,2026-09-08T06:05:35.709409Z,134.7278,357,ack
20260908T060102Z_p4-chaos-dead,cockroachdb,chaos-dead,thesis,c518dc6a29d6bfb5d7d89439d9fad14b81b56649,2026-09-08T06:01:02.607701Z,2026-09-08T06:05:35.709409Z,135.0991,358,ack
20260908T060102Z_p4-chaos-dead,cockroachdb,chaos-dead,thesis,c518dc6a29d6bfb5d7d89439d9fad14b81b56649,2026-09-08T06:01:02.607701Z,2026-09-08T06:05:35.709409Z,135.4624,359,ack
20260908T060102Z_p4-chaos-dead,cockroachdb,chaos-dead,thesis,c518dc6a29d6bfb5d7d89439d9fad14b81b56649,2026-09-08T06:01:02.607701Z,2026-09-08T06:05:35.709409Z,139.1788,360,refused
20260908T060102Z_p4-chaos-dead,cockroachdb,chaos-dead,thesis,c518dc6a29d6bfb5d7d89439d9fad14b81b56649,2026-09-08T06:01:02.607701Z,2026-09-08T06:05:35.709409Z,140.2184,361,ack
20260908T060102Z_p4-chaos-dead,cockroachdb,chaos-dead,thesis,c518dc6a29d6bfb5d7d89439d9fad14b81b56649,2026-09-08T06:01:02.607701Z,2026-09-08T06:05:35.709409Z,140.6896,362,ack
20260908T060102Z_p4-chaos-dead,cockroachdb,chaos-dead,thesis,c518dc6a29d6bfb5d7d89439d9fad14b81b56649,2026-09-08T06:01:02.607701Z,2026-09-08T06:05:35.709409Z,141.1732,363,ack
20260908T060102Z_p4-chaos-dead,cockroachdb,chaos-dead,thesis,c518dc6a29d6bfb5d7d89439d9fad14b81b56649,2026-09-08T06:01:02.607701Z,2026-09-08T06:05:35.709409Z,141.6301,364,ack
20260908T060102Z_p4-chaos-dead,cockroachdb,chaos-dead,thesis,c518dc6a29d6bfb5d7d89439d9fad14b81b56649,2026-09-08T06:01:02.607701Z,2026-09-08T06:05:35.709409Z,142.1086,365,ack
20260908T060102Z_p4-chaos-dead,cockroachdb,chaos-dead,thesis,c518dc6a29d6bfb5d7d89439d9fad14b81b56649,2026-09-08T06:01:02.607701Z,2026-09-08T06:05:35.709409Z,142.8389,366,ack
20260908T060102Z_p4-chaos-dead,cockroachdb,chaos-dead,thesis,c518dc6a29d6bfb5d7d89439d9fad14b81b56649,2026-09-08T06:01:02.607701Z,2026-09-08T06:05:35.709409Z,143.2935,367,ack
20260908T060102Z_p4-chaos-dead,cockroachdb,chaos-dead,thesis,c518dc6a29d6bfb5d7d89439d9fad14b81b56649,2026-09-08T06:01:02.607701Z,2026-09-08T06:05:35.709409Z,143.7745,368,ack
20260908T060102Z_p4-chaos-dead,cockroachdb,chaos-dead,thesis,c518dc6a29d6bfb5d7d89439d9fad14b81b56649,2026-09-08T06:01:02.607701Z,2026-09-08T06:05:35.709409Z,144.2952,369,ack
20260908T060102Z_p4-chaos-dead,cockroachdb,chaos-dead,thesis,c518dc6a29d6bfb5d7d89439d9fad14b81b56649,2026-09-08T06:01:02.607701Z,2026-09-08T06:05:35.709409Z,144.7736,370,ack
20260908T060102Z_p4-chaos-dead,cockroachdb,chaos-dead,thesis,c518dc6a29d6bfb5d7d89439d9fad14b81b56649,2026-09-08T06:01:02.607701Z,2026-09-08T06:05:35.709409Z,145.2406,371,ack
20260908T060102Z_p4-chaos-dead,cockroachdb,chaos-dead,thesis,c518dc6a29d6bfb5d7d89439d9fad14b81b56649,2026-09-08T06:01:02.607701Z,2026-09-08T06:05:35.709409Z,145.7695,372,ack
20260908T060102Z_p4-chaos-dead,cockroachdb,chaos-dead,thesis,c518dc6a29d6bfb5d7d89439d9fad14b81b56649,2026-09-08T06:01:02.607701Z,2026-09-08T06:05:35.709409Z,146.314,373,ack
20260908T060102Z_p4-chaos-dead,cockroachdb,chaos-dead,thesis,c518dc6a29d6bfb5d7d89439d9fad14b81b56649,2026-09-08T06:01:02.607701Z,2026-09-08T06:05:35.709409Z,146.8131,374,ack
20260908T060102Z_p4-chaos-dead,cockroachdb,chaos-dead,thesis,c518dc6a29d6bfb5d7d89439d9fad14b81b56649,2026-09-08T06:01:02.607701Z,2026-09-08T06:05:35.709409Z,147.2939,375,ack
20260908T060102Z_p4-chaos-dead,cockroachdb,chaos-dead,thesis,c518dc6a29d6bfb5d7d89439d9fad14b81b56649,2026-09-08T06:01:02.607701Z,2026-09-08T06:05:35.709409Z,147.7647,376,ack
20260908T060102Z_p4-chaos-dead,cockroachdb,chaos-dead,thesis,c518dc6a29d6bfb5d7d89439d9fad14b81b56649,2026-09-08T06:01:02.607701Z,2026-09-08T06:05:35.709409Z,148.2302,377,ack
20260908T060102Z_p4-chaos-dead,cockroachdb,chaos-dead,thesis,c518dc6a29d6bfb5d7d89439d9fad14b81b56649,2026-09-08T06:01:02.607701Z,2026-09-08T06:05:35.709409Z,148.7011,378,ack
20260908T060102Z_p4-chaos-dead,cockroachdb,chaos-dead,thesis,c518dc6a29d6bfb5d7d89439d9fad14b81b56649,2026-09-08T06:01:02.607701Z,2026-09-08T06:05:35.709409Z,149.1751,379,ack
20260908T060102Z_p4-chaos-dead,cockroachdb,chaos-dead,thesis,c518dc6a29d6bfb5d7d89439d9fad14b81b56649,2026-09-08T06:01:02.607701Z,2026-09-08T06:05:35.709409Z,149.6854,380,ack
20260908T060102Z_p4-chaos-dead,cockroachdb,chaos-dead,thesis,c518dc6a29d6bfb5d7d89439d9fad14b81b56649,2026-09-08T06:01:02.607701Z,2026-09-08T06:05:35.709409Z,150.1512,381,ack
20260908T060102Z_p4-chaos-dead,cockroachdb,chaos-dead,thesis,c518dc6a29d6bfb5d7d89439d9fad14b81b56649,2026-09-08T06:01:02.607701Z,2026-09-08T06:05:35.709409Z,150.6091,382,ack
20260908T060102Z_p4-chaos-dead,cockroachdb,chaos-dead,thesis,c518dc6a29d6bfb5d7d89439d9fad14b81b56649,2026-09-08T06:01:02.607701Z,2026-09-08T06:05:35.709409Z,151.0876,383,ack
20260908T060102Z_p4-chaos-dead,cockroachdb,chaos-dead,thesis,c518dc6a29d6bfb5d7d89439d9fad14b81b56649,2026-09-08T06:01:02.607701Z,2026-09-08T06:05:35.709409Z,151.5539,384,ack
20260908T060102Z_p4-chaos-dead,cockroachdb,chaos-dead,thesis,c518dc6a29d6bfb5d7d89439d9fad14b81b56649,2026-09-08T06:01:02.607701Z,2026-09-08T06:05:35.709409Z,152.0154,385,ack
20260908T060102Z_p4-chaos-dead,cockroachdb,chaos-dead,thesis,c518dc6a29d6bfb5d7d89439d9fad14b81b56649,2026-09-08T06:01:02.607701Z,2026-09-08T06:05:35.709409Z,152.4854,386,ack
20260908T060102Z_p4-chaos-dead,cockroachdb,chaos-dead,thesis,c518dc6a29d6bfb5d7d89439d9fad14b81b56649,2026-09-08T06:01:02.607701Z,2026-09-08T06:05:35.709409Z,152.949,387,ack
20260908T060102Z_p4-chaos-dead,cockroachdb,chaos-dead,thesis,c518dc6a29d6bfb5d7d89439d9fad14b81b56649,2026-09-08T06:01:02.607701Z,2026-09-08T06:05:35.709409Z,153.4147,388,ack
20260908T060102Z_p4-chaos-dead,cockroachdb,chaos-dead,thesis,c518dc6a29d6bfb5d7d89439d9fad14b81b56649,2026-09-08T06:01:02.607701Z,2026-09-08T06:05:35.709409Z,153.8643,389,ack
20260908T060102Z_p4-chaos-dead,cockroachdb,chaos-dead,thesis,c518dc6a29d6bfb5d7d89439d9fad14b81b56649,2026-09-08T06:01:02.607701Z,2026-09-08T06:05:35.709409Z,154.3347,390,ack
20260908T060102Z_p4-chaos-dead,cockroachdb,chaos-dead,thesis,c518dc6a29d6bfb5d7d89439d9fad14b81b56649,2026-09-08T06:01:02.607701Z,2026-09-08T06:05:35.709409Z,154.7947,391,ack
20260908T060102Z_p4-chaos-dead,cockroachdb,chaos-dead,thesis,c518dc6a29d6bfb5d7d89439d9fad14b81b56649,2026-09-08T06:01:02.607701Z,2026-09-08T06:05:35.709409Z,155.2484,392,ack
20260908T060102Z_p4-chaos-dead,cockroachdb,chaos-dead,thesis,c518dc6a29d6bfb5d7d89439d9fad14b81b56649,2026-09-08T06:01:02.607701Z,2026-09-08T06:05:35.709409Z,155.7183,393,ack
20260908T060102Z_p4-chaos-dead,cockroachdb,chaos-dead,thesis,c518dc6a29d6bfb5d7d89439d9fad14b81b56649,2026-09-08T06:01:02.607701Z,2026-09-08T06:05:35.709409Z,156.2354,394,ack
20260908T060102Z_p4-chaos-dead,cockroachdb,chaos-dead,thesis,c518dc6a29d6bfb5d7d89439d9fad14b81b56649,2026-09-08T06:01:02.607701Z,2026-09-08T06:05:35.709409Z,156.725,395,ack
20260908T060102Z_p4-chaos-dead,cockroachdb,chaos-dead,thesis,c518dc6a29d6bfb5d7d89439d9fad14b81b56649,2026-09-08T06:01:02.607701Z,2026-09-08T06:05:35.709409Z,157.2261,396,ack
20260908T060102Z_p4-chaos-dead,cockroachdb,chaos-dead,thesis,c518dc6a29d6bfb5d7d89439d9fad14b81b56649,2026-09-08T06:01:02.607701Z,2026-09-08T06:05:35.709409Z,157.7147,397,ack
20260908T060102Z_p4-chaos-dead,cockroachdb,chaos-dead,thesis,c518dc6a29d6bfb5d7d89439d9fad14b81b56649,2026-09-08T06:01:02.607701Z,2026-09-08T06:05:35.709409Z,158.1652,398,ack
20260908T060102Z_p4-chaos-dead,cockroachdb,chaos-dead,thesis,c518dc6a29d6bfb5d7d89439d9fad14b81b56649,2026-09-08T06:01:02.607701Z,2026-09-08T06:05:35.709409Z,158.6229,399,ack
20260908T060102Z_p4-chaos-dead,cockroachdb,chaos-dead,thesis,c518dc6a29d6bfb5d7d89439d9fad14b81b56649,2026-09-08T06:01:02.607701Z,2026-09-08T06:05:35.709409Z,159.073,400,ack
20260908T060102Z_p4-chaos-dead,cockroachdb,chaos-dead,thesis,c518dc6a29d6bfb5d7d89439d9fad14b81b56649,2026-09-08T06:01:02.607701Z,2026-09-08T06:05:35.709409Z,159.5249,401,ack
20260908T060102Z_p4-chaos-dead,cockroachdb,chaos-dead,thesis,c518dc6a29d6bfb5d7d89439d9fad14b81b56649,2026-09-08T06:01:02.607701Z,2026-09-08T06:05:35.709409Z,159.9928,402,ack
20260908T060102Z_p4-chaos-dead,cockroachdb,chaos-dead,thesis,c518dc6a29d6bfb5d7d89439d9fad14b81b56649,2026-09-08T06:01:02.607701Z,2026-09-08T06:05:35.709409Z,160.4392,403,ack
20260908T060102Z_p4-chaos-dead,cockroachdb,chaos-dead,thesis,c518dc6a29d6bfb5d7d89439d9fad14b81b56649,2026-09-08T06:01:02.607701Z,2026-09-08T06:05:35.709409Z,160.8872,404,ack
20260908T060102Z_p4-chaos-dead,cockroachdb,chaos-dead,thesis,c518dc6a29d6bfb5d7d89439d9fad14b81b56649,2026-09-08T06:01:02.607701Z,2026-09-08T06:05:35.709409Z,161.3549,405,ack
20260908T060102Z_p4-chaos-dead,cockroachdb,chaos-dead,thesis,c518dc6a29d6bfb5d7d89439d9fad14b81b56649,2026-09-08T06:01:02.607701Z,2026-09-08T06:05:35.709409Z,161.8158,406,ack
20260908T060102Z_p4-chaos-dead,cockroachdb,chaos-dead,thesis,c518dc6a29d6bfb5d7d89439d9fad14b81b56649,2026-09-08T06:01:02.607701Z,2026-09-08T06:05:35.709409Z,162.2891,407,ack
20260908T060102Z_p4-chaos-dead,cockroachdb,chaos-dead,thesis,c518dc6a29d6bfb5d7d89439d9fad14b81b56649,2026-09-08T06:01:02.607701Z,2026-09-08T06:05:35.709409Z,162.7553,408,ack
20260908T060102Z_p4-chaos-dead,cockroachdb,chaos-dead,thesis,c518dc6a29d6bfb5d7d89439d9fad14b81b56649,2026-09-08T06:01:02.607701Z,2026-09-08T06:05:35.709409Z,163.2143,409,ack
20260908T060102Z_p4-chaos-dead,cockroachdb,chaos-dead,thesis,c518dc6a29d6bfb5d7d89439d9fad14b81b56649,2026-09-08T06:01:02.607701Z,2026-09-08T06:05:35.709409Z,163.6766,410,ack
20260908T060102Z_p4-chaos-dead,cockroachdb,chaos-dead,thesis,c518dc6a29d6bfb5d7d89439d9fad14b81b56649,2026-09-08T06:01:02.607701Z,2026-09-08T06:05:35.709409Z,164.1655,411,ack
20260908T060102Z_p4-chaos-dead,cockroachdb,chaos-dead,thesis,c518dc6a29d6bfb5d7d89439d9fad14b81b56649,2026-09-08T06:01:02.607701Z,2026-09-08T06:05:35.709409Z,164.621,412,ack
20260908T060102Z_p4-chaos-dead,cockroachdb,chaos-dead,thesis,c518dc6a29d6bfb5d7d89439d9fad14b81b56649,2026-09-08T06:01:02.607701Z,2026-09-08T06:05:35.709409Z,165.0827,413,ack
20260908T060102Z_p4-chaos-dead,cockroachdb,chaos-dead,thesis,c518dc6a29d6bfb5d7d89439d9fad14b81b56649,2026-09-08T06:01:02.607701Z,2026-09-08T06:05:35.709409Z,165.5465,414,ack
20260908T060102Z_p4-chaos-dead,cockroachdb,chaos-dead,thesis,c518dc6a29d6bfb5d7d89439d9fad14b81b56649,2026-09-08T06:01:02.607701Z,2026-09-08T06:05:35.709409Z,166.015,415,ack
20260908T060102Z_p4-chaos-dead,cockroachdb,chaos-dead,thesis,c518dc6a29d6bfb5d7d89439d9fad14b81b56649,2026-09-08T06:01:02.607701Z,2026-09-08T06:05:35.709409Z,166.485,416,ack
20260908T060102Z_p4-chaos-dead,cockroachdb,chaos-dead,thesis,c518dc6a29d6bfb5d7d89439d9fad14b81b56649,2026-09-08T06:01:02.607701Z,2026-09-08T06:05:35.709409Z,166.9651,417,ack
20260908T060102Z_p4-chaos-dead,cockroachdb,chaos-dead,thesis,c518dc6a29d6bfb5d7d89439d9fad14b81b56649,2026-09-08T06:01:02.607701Z,2026-09-08T06:05:35.709409Z,167.4222,418,ack
20260908T060102Z_p4-chaos-dead,cockroachdb,chaos-dead,thesis,c518dc6a29d6bfb5d7d89439d9fad14b81b56649,2026-09-08T06:01:02.607701Z,2026-09-08T06:05:35.709409Z,167.9251,419,ack
20260908T060102Z_p4-chaos-dead,cockroachdb,chaos-dead,thesis,c518dc6a29d6bfb5d7d89439d9fad14b81b56649,2026-09-08T06:01:02.607701Z,2026-09-08T06:05:35.709409Z,168.4054,420,ack
20260908T060102Z_p4-chaos-dead,cockroachdb,chaos-dead,thesis,c518dc6a29d6bfb5d7d89439d9fad14b81b56649,2026-09-08T06:01:02.607701Z,2026-09-08T06:05:35.709409Z,168.8857,421,ack
20260908T060102Z_p4-chaos-dead,cockroachdb,chaos-dead,thesis,c518dc6a29d6bfb5d7d89439d9fad14b81b56649,2026-09-08T06:01:02.607701Z,2026-09-08T06:05:35.709409Z,169.3681,422,ack
20260908T060102Z_p4-chaos-dead,cockroachdb,chaos-dead,thesis,c518dc6a29d6bfb5d7d89439d9fad14b81b56649,2026-09-08T06:01:02.607701Z,2026-09-08T06:05:35.709409Z,169.8265,423,ack
20260908T060102Z_p4-chaos-dead,cockroachdb,chaos-dead,thesis,c518dc6a29d6bfb5d7d89439d9fad14b81b56649,2026-09-08T06:01:02.607701Z,2026-09-08T06:05:35.709409Z,170.2946,424,ack
20260908T060102Z_p4-chaos-dead,cockroachdb,chaos-dead,thesis,c518dc6a29d6bfb5d7d89439d9fad14b81b56649,2026-09-08T06:01:02.607701Z,2026-09-08T06:05:35.709409Z,170.7751,425,ack
20260908T060102Z_p4-chaos-dead,cockroachdb,chaos-dead,thesis,c518dc6a29d6bfb5d7d89439d9fad14b81b56649,2026-09-08T06:01:02.607701Z,2026-09-08T06:05:35.709409Z,171.2316,426,ack
20260908T060102Z_p4-chaos-dead,cockroachdb,chaos-dead,thesis,c518dc6a29d6bfb5d7d89439d9fad14b81b56649,2026-09-08T06:01:02.607701Z,2026-09-08T06:05:35.709409Z,171.6882,427,ack
20260908T060102Z_p4-chaos-dead,cockroachdb,chaos-dead,thesis,c518dc6a29d6bfb5d7d89439d9fad14b81b56649,2026-09-08T06:01:02.607701Z,2026-09-08T06:05:35.709409Z,172.1454,428,ack
20260908T060102Z_p4-chaos-dead,cockroachdb,chaos-dead,thesis,c518dc6a29d6bfb5d7d89439d9fad14b81b56649,2026-09-08T06:01:02.607701Z,2026-09-08T06:05:35.709409Z,172.6141,429,ack
20260908T060102Z_p4-chaos-dead,cockroachdb,chaos-dead,thesis,c518dc6a29d6bfb5d7d89439d9fad14b81b56649,2026-09-08T06:01:02.607701Z,2026-09-08T06:05:35.709409Z,173.0798,430,ack
20260908T060102Z_p4-chaos-dead,cockroachdb,chaos-dead,thesis,c518dc6a29d6bfb5d7d89439d9fad14b81b56649,2026-09-08T06:01:02.607701Z,2026-09-08T06:05:35.709409Z,173.5609,431,ack
20260908T060102Z_p4-chaos-dead,cockroachdb,chaos-dead,thesis,c518dc6a29d6bfb5d7d89439d9fad14b81b56649,2026-09-08T06:01:02.607701Z,2026-09-08T06:05:35.709409Z,174.0485,432,ack
20260908T060102Z_p4-chaos-dead,cockroachdb,chaos-dead,thesis,c518dc6a29d6bfb5d7d89439d9fad14b81b56649,2026-09-08T06:01:02.607701Z,2026-09-08T06:05:35.709409Z,174.5036,433,ack
20260908T060102Z_p4-chaos-dead,cockroachdb,chaos-dead,thesis,c518dc6a29d6bfb5d7d89439d9fad14b81b56649,2026-09-08T06:01:02.607701Z,2026-09-08T06:05:35.709409Z,174.9748,434,ack
20260908T060102Z_p4-chaos-dead,cockroachdb,chaos-dead,thesis,c518dc6a29d6bfb5d7d89439d9fad14b81b56649,2026-09-08T06:01:02.607701Z,2026-09-08T06:05:35.709409Z,175.4235,435,ack
20260908T060102Z_p4-chaos-dead,cockroachdb,chaos-dead,thesis,c518dc6a29d6bfb5d7d89439d9fad14b81b56649,2026-09-08T06:01:02.607701Z,2026-09-08T06:05:35.709409Z,175.8852,436,ack
20260908T060102Z_p4-chaos-dead,cockroachdb,chaos-dead,thesis,c518dc6a29d6bfb5d7d89439d9fad14b81b56649,2026-09-08T06:01:02.607701Z,2026-09-08T06:05:35.709409Z,176.3531,437,ack
20260908T060102Z_p4-chaos-dead,cockroachdb,chaos-dead,thesis,c518dc6a29d6bfb5d7d89439d9fad14b81b56649,2026-09-08T06:01:02.607701Z,2026-09-08T06:05:35.709409Z,176.8512,438,ack
20260908T060102Z_p4-chaos-dead,cockroachdb,chaos-dead,thesis,c518dc6a29d6bfb5d7d89439d9fad14b81b56649,2026-09-08T06:01:02.607701Z,2026-09-08T06:05:35.709409Z,177.3149,439,ack
20260908T060102Z_p4-chaos-dead,cockroachdb,chaos-dead,thesis,c518dc6a29d6bfb5d7d89439d9fad14b81b56649,2026-09-08T06:01:02.607701Z,2026-09-08T06:05:35.709409Z,177.7693,440,ack
20260908T060102Z_p4-chaos-dead,cockroachdb,chaos-dead,thesis,c518dc6a29d6bfb5d7d89439d9fad14b81b56649,2026-09-08T06:01:02.607701Z,2026-09-08T06:05:35.709409Z,178.2293,441,ack
20260908T060102Z_p4-chaos-dead,cockroachdb,chaos-dead,thesis,c518dc6a29d6bfb5d7d89439d9fad14b81b56649,2026-09-08T06:01:02.607701Z,2026-09-08T06:05:35.709409Z,178.6958,442,ack
20260908T060102Z_p4-chaos-dead,cockroachdb,chaos-dead,thesis,c518dc6a29d6bfb5d7d89439d9fad14b81b56649,2026-09-08T06:01:02.607701Z,2026-09-08T06:05:35.709409Z,179.1709,443,ack
20260908T060102Z_p4-chaos-dead,cockroachdb,chaos-dead,thesis,c518dc6a29d6bfb5d7d89439d9fad14b81b56649,2026-09-08T06:01:02.607701Z,2026-09-08T06:05:35.709409Z,179.626,444,ack
20260908T060102Z_p4-chaos-dead,cockroachdb,chaos-dead,thesis,c518dc6a29d6bfb5d7d89439d9fad14b81b56649,2026-09-08T06:01:02.607701Z,2026-09-08T06:05:35.709409Z,180.0859,445,ack
20260908T060102Z_p4-chaos-dead,cockroachdb,chaos-dead,thesis,c518dc6a29d6bfb5d7d89439d9fad14b81b56649,2026-09-08T06:01:02.607701Z,2026-09-08T06:05:35.709409Z,180.5382,446,ack
20260908T060102Z_p4-chaos-dead,cockroachdb,chaos-dead,thesis,c518dc6a29d6bfb5d7d89439d9fad14b81b56649,2026-09-08T06:01:02.607701Z,2026-09-08T06:05:35.709409Z,181.0086,447,ack
20260908T060102Z_p4-chaos-dead,cockroachdb,chaos-dead,thesis,c518dc6a29d6bfb5d7d89439d9fad14b81b56649,2026-09-08T06:01:02.607701Z,2026-09-08T06:05:35.709409Z,181.5065,448,ack
20260908T060102Z_p4-chaos-dead,cockroachdb,chaos-dead,thesis,c518dc6a29d6bfb5d7d89439d9fad14b81b56649,2026-09-08T06:01:02.607701Z,2026-09-08T06:05:35.709409Z,181.9607,449,ack
20260908T060102Z_p4-chaos-dead,cockroachdb,chaos-dead,thesis,c518dc6a29d6bfb5d7d89439d9fad14b81b56649,2026-09-08T06:01:02.607701Z,2026-09-08T06:05:35.709409Z,182.4324,450,ack
20260908T060102Z_p4-chaos-dead,cockroachdb,chaos-dead,thesis,c518dc6a29d6bfb5d7d89439d9fad14b81b56649,2026-09-08T06:01:02.607701Z,2026-09-08T06:05:35.709409Z,182.9194,451,ack
20260908T060102Z_p4-chaos-dead,cockroachdb,chaos-dead,thesis,c518dc6a29d6bfb5d7d89439d9fad14b81b56649,2026-09-08T06:01:02.607701Z,2026-09-08T06:05:35.709409Z,183.4022,452,ack
20260908T060102Z_p4-chaos-dead,cockroachdb,chaos-dead,thesis,c518dc6a29d6bfb5d7d89439d9fad14b81b56649,2026-09-08T06:01:02.607701Z,2026-09-08T06:05:35.709409Z,183.8643,453,ack
20260908T060102Z_p4-chaos-dead,cockroachdb,chaos-dead,thesis,c518dc6a29d6bfb5d7d89439d9fad14b81b56649,2026-09-08T06:01:02.607701Z,2026-09-08T06:05:35.709409Z,184.3306,454,ack
20260908T060102Z_p4-chaos-dead,cockroachdb,chaos-dead,thesis,c518dc6a29d6bfb5d7d89439d9fad14b81b56649,2026-09-08T06:01:02.607701Z,2026-09-08T06:05:35.709409Z,184.7895,455,ack
20260908T060102Z_p4-chaos-dead,cockroachdb,chaos-dead,thesis,c518dc6a29d6bfb5d7d89439d9fad14b81b56649,2026-09-08T06:01:02.607701Z,2026-09-08T06:05:35.709409Z,185.2713,456,ack
20260908T060102Z_p4-chaos-dead,cockroachdb,chaos-dead,thesis,c518dc6a29d6bfb5d7d89439d9fad14b81b56649,2026-09-08T06:01:02.607701Z,2026-09-08T06:05:35.709409Z,185.7351,457,ack
20260908T060102Z_p4-chaos-dead,cockroachdb,chaos-dead,thesis,c518dc6a29d6bfb5d7d89439d9fad14b81b56649,2026-09-08T06:01:02.607701Z,2026-09-08T06:05:35.709409Z,186.2072,458,ack
20260908T060102Z_p4-chaos-dead,cockroachdb,chaos-dead,thesis,c518dc6a29d6bfb5d7d89439d9fad14b81b56649,2026-09-08T06:01:02.607701Z,2026-09-08T06:05:35.709409Z,186.6812,459,ack
20260908T060102Z_p4-chaos-dead,cockroachdb,chaos-dead,thesis,c518dc6a29d6bfb5d7d89439d9fad14b81b56649,2026-09-08T06:01:02.607701Z,2026-09-08T06:05:35.709409Z,187.1739,460,ack
20260908T060102Z_p4-chaos-dead,cockroachdb,chaos-dead,thesis,c518dc6a29d6bfb5d7d89439d9fad14b81b56649,2026-09-08T06:01:02.607701Z,2026-09-08T06:05:35.709409Z,187.6499,461,ack
20260908T060102Z_p4-chaos-dead,cockroachdb,chaos-dead,thesis,c518dc6a29d6bfb5d7d89439d9fad14b81b56649,2026-09-08T06:01:02.607701Z,2026-09-08T06:05:35.709409Z,188.1254,462,ack
20260908T060102Z_p4-chaos-dead,cockroachdb,chaos-dead,thesis,c518dc6a29d6bfb5d7d89439d9fad14b81b56649,2026-09-08T06:01:02.607701Z,2026-09-08T06:05:35.709409Z,188.6093,463,ack
20260908T060102Z_p4-chaos-dead,cockroachdb,chaos-dead,thesis,c518dc6a29d6bfb5d7d89439d9fad14b81b56649,2026-09-08T06:01:02.607701Z,2026-09-08T06:05:35.709409Z,189.0929,464,ack
20260908T060102Z_p4-chaos-dead,cockroachdb,chaos-dead,thesis,c518dc6a29d6bfb5d7d89439d9fad14b81b56649,2026-09-08T06:01:02.607701Z,2026-09-08T06:05:35.709409Z,189.5604,465,ack
20260908T060102Z_p4-chaos-dead,cockroachdb,chaos-dead,thesis,c518dc6a29d6bfb5d7d89439d9fad14b81b56649,2026-09-08T06:01:02.607701Z,2026-09-08T06:05:35.709409Z,190.0403,466,ack
20260908T060102Z_p4-chaos-dead,cockroachdb,chaos-dead,thesis,c518dc6a29d6bfb5d7d89439d9fad14b81b56649,2026-09-08T06:01:02.607701Z,2026-09-08T06:05:35.709409Z,190.5365,467,ack
20260908T060102Z_p4-chaos-dead,cockroachdb,chaos-dead,thesis,c518dc6a29d6bfb5d7d89439d9fad14b81b56649,2026-09-08T06:01:02.607701Z,2026-09-08T06:05:35.709409Z,191.0615,468,ack
20260908T060102Z_p4-chaos-dead,cockroachdb,chaos-dead,thesis,c518dc6a29d6bfb5d7d89439d9fad14b81b56649,2026-09-08T06:01:02.607701Z,2026-09-08T06:05:35.709409Z,191.555,469,ack
20260908T060102Z_p4-chaos-dead,cockroachdb,chaos-dead,thesis,c518dc6a29d6bfb5d7d89439d9fad14b81b56649,2026-09-08T06:01:02.607701Z,2026-09-08T06:05:35.709409Z,192.0354,470,ack
20260908T060102Z_p4-chaos-dead,cockroachdb,chaos-dead,thesis,c518dc6a29d6bfb5d7d89439d9fad14b81b56649,2026-09-08T06:01:02.607701Z,2026-09-08T06:05:35.709409Z,192.4918,471,ack
20260908T060102Z_p4-chaos-dead,cockroachdb,chaos-dead,thesis,c518dc6a29d6bfb5d7d89439d9fad14b81b56649,2026-09-08T06:01:02.607701Z,2026-09-08T06:05:35.709409Z,192.97,472,ack
20260908T060102Z_p4-chaos-dead,cockroachdb,chaos-dead,thesis,c518dc6a29d6bfb5d7d89439d9fad14b81b56649,2026-09-08T06:01:02.607701Z,2026-09-08T06:05:35.709409Z,193.4486,473,ack
20260908T060102Z_p4-chaos-dead,cockroachdb,chaos-dead,thesis,c518dc6a29d6bfb5d7d89439d9fad14b81b56649,2026-09-08T06:01:02.607701Z,2026-09-08T06:05:35.709409Z,193.9114,474,ack
20260908T060102Z_p4-chaos-dead,cockroachdb,chaos-dead,thesis,c518dc6a29d6bfb5d7d89439d9fad14b81b56649,2026-09-08T06:01:02.607701Z,2026-09-08T06:05:35.709409Z,194.385,475,ack
20260908T060102Z_p4-chaos-dead,cockroachdb,chaos-dead,thesis,c518dc6a29d6bfb5d7d89439d9fad14b81b56649,2026-09-08T06:01:02.607701Z,2026-09-08T06:05:35.709409Z,194.855,476,ack
20260908T060102Z_p4-chaos-dead,cockroachdb,chaos-dead,thesis,c518dc6a29d6bfb5d7d89439d9fad14b81b56649,2026-09-08T06:01:02.607701Z,2026-09-08T06:05:35.709409Z,195.3161,477,ack
20260908T060102Z_p4-chaos-dead,cockroachdb,chaos-dead,thesis,c518dc6a29d6bfb5d7d89439d9fad14b81b56649,2026-09-08T06:01:02.607701Z,2026-09-08T06:05:35.709409Z,195.7665,478,ack
20260908T060102Z_p4-chaos-dead,cockroachdb,chaos-dead,thesis,c518dc6a29d6bfb5d7d89439d9fad14b81b56649,2026-09-08T06:01:02.607701Z,2026-09-08T06:05:35.709409Z,196.2361,479,ack
20260908T060102Z_p4-chaos-dead,cockroachdb,chaos-dead,thesis,c518dc6a29d6bfb5d7d89439d9fad14b81b56649,2026-09-08T06:01:02.607701Z,2026-09-08T06:05:35.709409Z,196.6905,480,ack
20260908T060102Z_p4-chaos-dead,cockroachdb,chaos-dead,thesis,c518dc6a29d6bfb5d7d89439d9fad14b81b56649,2026-09-08T06:01:02.607701Z,2026-09-08T06:05:35.709409Z,197.2161,481,ack
20260908T060102Z_p4-chaos-dead,cockroachdb,chaos-dead,thesis,c518dc6a29d6bfb5d7d89439d9fad14b81b56649,2026-09-08T06:01:02.607701Z,2026-09-08T06:05:35.709409Z,197.686,482,ack
20260908T060102Z_p4-chaos-dead,cockroachdb,chaos-dead,thesis,c518dc6a29d6bfb5d7d89439d9fad14b81b56649,2026-09-08T06:01:02.607701Z,2026-09-08T06:05:35.709409Z,198.1557,483,ack
20260908T060102Z_p4-chaos-dead,cockroachdb,chaos-dead,thesis,c518dc6a29d6bfb5d7d89439d9fad14b81b56649,2026-09-08T06:01:02.607701Z,2026-09-08T06:05:35.709409Z,198.6149,484,ack
20260908T060102Z_p4-chaos-dead,cockroachdb,chaos-dead,thesis,c518dc6a29d6bfb5d7d89439d9fad14b81b56649,2026-09-08T06:01:02.607701Z,2026-09-08T06:05:35.709409Z,199.1264,485,ack
20260908T060102Z_p4-chaos-dead,cockroachdb,chaos-dead,thesis,c518dc6a29d6bfb5d7d89439d9fad14b81b56649,2026-09-08T06:01:02.607701Z,2026-09-08T06:05:35.709409Z,199.6551,486,ack
20260908T060102Z_p4-chaos-dead,cockroachdb,chaos-dead,thesis,c518dc6a29d6bfb5d7d89439d9fad14b81b56649,2026-09-08T06:01:02.607701Z,2026-09-08T06:05:35.709409Z,200.1487,487,ack
20260908T060102Z_p4-chaos-dead,cockroachdb,chaos-dead,thesis,c518dc6a29d6bfb5d7d89439d9fad14b81b56649,2026-09-08T06:01:02.607701Z,2026-09-08T06:05:35.709409Z,200.6463,488,ack
20260908T060102Z_p4-chaos-dead,cockroachdb,chaos-dead,thesis,c518dc6a29d6bfb5d7d89439d9fad14b81b56649,2026-09-08T06:01:02.607701Z,2026-09-08T06:05:35.709409Z,201.171,489,ack
20260908T060102Z_p4-chaos-dead,cockroachdb,chaos-dead,thesis,c518dc6a29d6bfb5d7d89439d9fad14b81b56649,2026-09-08T06:01:02.607701Z,2026-09-08T06:05:35.709409Z,201.6301,490,ack
20260908T060102Z_p4-chaos-dead,cockroachdb,chaos-dead,thesis,c518dc6a29d6bfb5d7d89439d9fad14b81b56649,2026-09-08T06:01:02.607701Z,2026-09-08T06:05:35.709409Z,202.0858,491,ack
20260908T060102Z_p4-chaos-dead,cockroachdb,chaos-dead,thesis,c518dc6a29d6bfb5d7d89439d9fad14b81b56649,2026-09-08T06:01:02.607701Z,2026-09-08T06:05:35.709409Z,202.5657,492,ack
20260908T060102Z_p4-chaos-dead,cockroachdb,chaos-dead,thesis,c518dc6a29d6bfb5d7d89439d9fad14b81b56649,2026-09-08T06:01:02.607701Z,2026-09-08T06:05:35.709409Z,203.0455,493,ack
20260908T060102Z_p4-chaos-dead,cockroachdb,chaos-dead,thesis,c518dc6a29d6bfb5d7d89439d9fad14b81b56649,2026-09-08T06:01:02.607701Z,2026-09-08T06:05:35.709409Z,203.515,494,ack
20260908T060102Z_p4-chaos-dead,cockroachdb,chaos-dead,thesis,c518dc6a29d6bfb5d7d89439d9fad14b81b56649,2026-09-08T06:01:02.607701Z,2026-09-08T06:05:35.709409Z,203.9936,495,ack
20260908T060102Z_p4-chaos-dead,cockroachdb,chaos-dead,thesis,c518dc6a29d6bfb5d7d89439d9fad14b81b56649,2026-09-08T06:01:02.607701Z,2026-09-08T06:05:35.709409Z,204.4537,496,ack
20260908T060102Z_p4-chaos-dead,cockroachdb,chaos-dead,thesis,c518dc6a29d6bfb5d7d89439d9fad14b81b56649,2026-09-08T06:01:02.607701Z,2026-09-08T06:05:35.709409Z,204.9183,497,ack
20260908T060102Z_p4-chaos-dead,cockroachdb,chaos-dead,thesis,c518dc6a29d6bfb5d7d89439d9fad14b81b56649,2026-09-08T06:01:02.607701Z,2026-09-08T06:05:35.709409Z,205.3937,498,ack
20260908T060102Z_p4-chaos-dead,cockroachdb,chaos-dead,thesis,c518dc6a29d6bfb5d7d89439d9fad14b81b56649,2026-09-08T06:01:02.607701Z,2026-09-08T06:05:35.709409Z,205.8493,499,ack
20260908T060102Z_p4-chaos-dead,cockroachdb,chaos-dead,thesis,c518dc6a29d6bfb5d7d89439d9fad14b81b56649,2026-09-08T06:01:02.607701Z,2026-09-08T06:05:35.709409Z,206.3108,500,ack
20260908T060102Z_p4-chaos-dead,cockroachdb,chaos-dead,thesis,c518dc6a29d6bfb5d7d89439d9fad14b81b56649,2026-09-08T06:01:02.607701Z,2026-09-08T06:05:35.709409Z,206.8059,501,ack
20260908T060102Z_p4-chaos-dead,cockroachdb,chaos-dead,thesis,c518dc6a29d6bfb5d7d89439d9fad14b81b56649,2026-09-08T06:01:02.607701Z,2026-09-08T06:05:35.709409Z,207.266,502,ack
20260908T060102Z_p4-chaos-dead,cockroachdb,chaos-dead,thesis,c518dc6a29d6bfb5d7d89439d9fad14b81b56649,2026-09-08T06:01:02.607701Z,2026-09-08T06:05:35.709409Z,207.7321,503,ack
20260908T060102Z_p4-chaos-dead,cockroachdb,chaos-dead,thesis,c518dc6a29d6bfb5d7d89439d9fad14b81b56649,2026-09-08T06:01:02.607701Z,2026-09-08T06:05:35.709409Z,208.2257,504,ack
20260908T060102Z_p4-chaos-dead,cockroachdb,chaos-dead,thesis,c518dc6a29d6bfb5d7d89439d9fad14b81b56649,2026-09-08T06:01:02.607701Z,2026-09-08T06:05:35.709409Z,208.7002,505,ack
20260908T060102Z_p4-chaos-dead,cockroachdb,chaos-dead,thesis,c518dc6a29d6bfb5d7d89439d9fad14b81b56649,2026-09-08T06:01:02.607701Z,2026-09-08T06:05:35.709409Z,209.1561,506,ack
20260908T060102Z_p4-chaos-dead,cockroachdb,chaos-dead,thesis,c518dc6a29d6bfb5d7d89439d9fad14b81b56649,2026-09-08T06:01:02.607701Z,2026-09-08T06:05:35.709409Z,209.6354,507,ack
20260908T060102Z_p4-chaos-dead,cockroachdb,chaos-dead,thesis,c518dc6a29d6bfb5d7d89439d9fad14b81b56649,2026-09-08T06:01:02.607701Z,2026-09-08T06:05:35.709409Z,210.106,508,ack
20260908T060102Z_p4-chaos-dead,cockroachdb,chaos-dead,thesis,c518dc6a29d6bfb5d7d89439d9fad14b81b56649,2026-09-08T06:01:02.607701Z,2026-09-08T06:05:35.709409Z,210.5806,509,ack
20260908T060102Z_p4-chaos-dead,cockroachdb,chaos-dead,thesis,c518dc6a29d6bfb5d7d89439d9fad14b81b56649,2026-09-08T06:01:02.607701Z,2026-09-08T06:05:35.709409Z,211.0347,510,ack
20260908T060102Z_p4-chaos-dead,cockroachdb,chaos-dead,thesis,c518dc6a29d6bfb5d7d89439d9fad14b81b56649,2026-09-08T06:01:02.607701Z,2026-09-08T06:05:35.709409Z,211.4935,511,ack
20260908T060102Z_p4-chaos-dead,cockroachdb,chaos-dead,thesis,c518dc6a29d6bfb5d7d89439d9fad14b81b56649,2026-09-08T06:01:02.607701Z,2026-09-08T06:05:35.709409Z,211.9941,512,ack
20260908T060102Z_p4-chaos-dead,cockroachdb,chaos-dead,thesis,c518dc6a29d6bfb5d7d89439d9fad14b81b56649,2026-09-08T06:01:02.607701Z,2026-09-08T06:05:35.709409Z,212.5262,513,ack
20260908T060102Z_p4-chaos-dead,cockroachdb,chaos-dead,thesis,c518dc6a29d6bfb5d7d89439d9fad14b81b56649,2026-09-08T06:01:02.607701Z,2026-09-08T06:05:35.709409Z,213.0206,514,ack
20260908T060102Z_p4-chaos-dead,cockroachdb,chaos-dead,thesis,c518dc6a29d6bfb5d7d89439d9fad14b81b56649,2026-09-08T06:01:02.607701Z,2026-09-08T06:05:35.709409Z,213.482,515,ack
20260908T060102Z_p4-chaos-dead,cockroachdb,chaos-dead,thesis,c518dc6a29d6bfb5d7d89439d9fad14b81b56649,2026-09-08T06:01:02.607701Z,2026-09-08T06:05:35.709409Z,213.9404,516,ack
20260908T060102Z_p4-chaos-dead,cockroachdb,chaos-dead,thesis,c518dc6a29d6bfb5d7d89439d9fad14b81b56649,2026-09-08T06:01:02.607701Z,2026-09-08T06:05:35.709409Z,214.406,517,ack
20260908T060102Z_p4-chaos-dead,cockroachdb,chaos-dead,thesis,c518dc6a29d6bfb5d7d89439d9fad14b81b56649,2026-09-08T06:01:02.607701Z,2026-09-08T06:05:35.709409Z,214.8872,518,ack
20260908T060102Z_p4-chaos-dead,cockroachdb,chaos-dead,thesis,c518dc6a29d6bfb5d7d89439d9fad14b81b56649,2026-09-08T06:01:02.607701Z,2026-09-08T06:05:35.709409Z,215.3512,519,ack
20260908T060102Z_p4-chaos-dead,cockroachdb,chaos-dead,thesis,c518dc6a29d6bfb5d7d89439d9fad14b81b56649,2026-09-08T06:01:02.607701Z,2026-09-08T06:05:35.709409Z,215.827,520,ack
20260908T060102Z_p4-chaos-dead,cockroachdb,chaos-dead,thesis,c518dc6a29d6bfb5d7d89439d9fad14b81b56649,2026-09-08T06:01:02.607701Z,2026-09-08T06:05:35.709409Z,216.2958,521,ack
20260908T060102Z_p4-chaos-dead,cockroachdb,chaos-dead,thesis,c518dc6a29d6bfb5d7d89439d9fad14b81b56649,2026-09-08T06:01:02.607701Z,2026-09-08T06:05:35.709409Z,216.7705,522,ack
20260908T060102Z_p4-chaos-dead,cockroachdb,chaos-dead,thesis,c518dc6a29d6bfb5d7d89439d9fad14b81b56649,2026-09-08T06:01:02.607701Z,2026-09-08T06:05:35.709409Z,217.2551,523,ack
20260908T060102Z_p4-chaos-dead,cockroachdb,chaos-dead,thesis,c518dc6a29d6bfb5d7d89439d9fad14b81b56649,2026-09-08T06:01:02.607701Z,2026-09-08T06:05:35.709409Z,217.7163,524,ack
20260908T060102Z_p4-chaos-dead,cockroachdb,chaos-dead,thesis,c518dc6a29d6bfb5d7d89439d9fad14b81b56649,2026-09-08T06:01:02.607701Z,2026-09-08T06:05:35.709409Z,218.1699,525,ack
20260908T060102Z_p4-chaos-dead,cockroachdb,chaos-dead,thesis,c518dc6a29d6bfb5d7d89439d9fad14b81b56649,2026-09-08T06:01:02.607701Z,2026-09-08T06:05:35.709409Z,218.6466,526,ack
20260908T060102Z_p4-chaos-dead,cockroachdb,chaos-dead,thesis,c518dc6a29d6bfb5d7d89439d9fad14b81b56649,2026-09-08T06:01:02.607701Z,2026-09-08T06:05:35.709409Z,219.1296,527,ack
20260908T060102Z_p4-chaos-dead,cockroachdb,chaos-dead,thesis,c518dc6a29d6bfb5d7d89439d9fad14b81b56649,2026-09-08T06:01:02.607701Z,2026-09-08T06:05:35.709409Z,219.5962,528,ack
20260908T060102Z_p4-chaos-dead,cockroachdb,chaos-dead,thesis,c518dc6a29d6bfb5d7d89439d9fad14b81b56649,2026-09-08T06:01:02.607701Z,2026-09-08T06:05:35.709409Z,220.0862,529,ack
20260908T060102Z_p4-chaos-dead,cockroachdb,chaos-dead,thesis,c518dc6a29d6bfb5d7d89439d9fad14b81b56649,2026-09-08T06:01:02.607701Z,2026-09-08T06:05:35.709409Z,220.5361,530,ack
20260908T060102Z_p4-chaos-dead,cockroachdb,chaos-dead,thesis,c518dc6a29d6bfb5d7d89439d9fad14b81b56649,2026-09-08T06:01:02.607701Z,2026-09-08T06:05:35.709409Z,221.0152,531,ack
20260908T060102Z_p4-chaos-dead,cockroachdb,chaos-dead,thesis,c518dc6a29d6bfb5d7d89439d9fad14b81b56649,2026-09-08T06:01:02.607701Z,2026-09-08T06:05:35.709409Z,221.4999,532,ack
20260908T060102Z_p4-chaos-dead,cockroachdb,chaos-dead,thesis,c518dc6a29d6bfb5d7d89439d9fad14b81b56649,2026-09-08T06:01:02.607701Z,2026-09-08T06:05:35.709409Z,221.9764,533,ack
20260908T060102Z_p4-chaos-dead,cockroachdb,chaos-dead,thesis,c518dc6a29d6bfb5d7d89439d9fad14b81b56649,2026-09-08T06:01:02.607701Z,2026-09-08T06:05:35.709409Z,222.4445,534,ack
20260908T060102Z_p4-chaos-dead,cockroachdb,chaos-dead,thesis,c518dc6a29d6bfb5d7d89439d9fad14b81b56649,2026-09-08T06:01:02.607701Z,2026-09-08T06:05:35.709409Z,222.9217,535,ack
20260908T060102Z_p4-chaos-dead,cockroachdb,chaos-dead,thesis,c518dc6a29d6bfb5d7d89439d9fad14b81b56649,2026-09-08T06:01:02.607701Z,2026-09-08T06:05:35.709409Z,223.3923,536,ack
20260908T060102Z_p4-chaos-dead,cockroachdb,chaos-dead,thesis,c518dc6a29d6bfb5d7d89439d9fad14b81b56649,2026-09-08T06:01:02.607701Z,2026-09-08T06:05:35.709409Z,223.85,537,ack
20260908T060102Z_p4-chaos-dead,cockroachdb,chaos-dead,thesis,c518dc6a29d6bfb5d7d89439d9fad14b81b56649,2026-09-08T06:01:02.607701Z,2026-09-08T06:05:35.709409Z,224.3152,538,ack
20260908T060102Z_p4-chaos-dead,cockroachdb,chaos-dead,thesis,c518dc6a29d6bfb5d7d89439d9fad14b81b56649,2026-09-08T06:01:02.607701Z,2026-09-08T06:05:35.709409Z,224.7693,539,ack
20260908T060102Z_p4-chaos-dead,cockroachdb,chaos-dead,thesis,c518dc6a29d6bfb5d7d89439d9fad14b81b56649,2026-09-08T06:01:02.607701Z,2026-09-08T06:05:35.709409Z,225.2402,540,ack
20260908T060102Z_p4-chaos-dead,cockroachdb,chaos-dead,thesis,c518dc6a29d6bfb5d7d89439d9fad14b81b56649,2026-09-08T06:01:02.607701Z,2026-09-08T06:05:35.709409Z,225.7041,541,ack
20260908T060102Z_p4-chaos-dead,cockroachdb,chaos-dead,thesis,c518dc6a29d6bfb5d7d89439d9fad14b81b56649,2026-09-08T06:01:02.607701Z,2026-09-08T06:05:35.709409Z,226.1562,542,ack
20260908T060102Z_p4-chaos-dead,cockroachdb,chaos-dead,thesis,c518dc6a29d6bfb5d7d89439d9fad14b81b56649,2026-09-08T06:01:02.607701Z,2026-09-08T06:05:35.709409Z,226.6325,543,ack
20260908T060102Z_p4-chaos-dead,cockroachdb,chaos-dead,thesis,c518dc6a29d6bfb5d7d89439d9fad14b81b56649,2026-09-08T06:01:02.607701Z,2026-09-08T06:05:35.709409Z,227.0872,544,ack
20260908T060102Z_p4-chaos-dead,cockroachdb,chaos-dead,thesis,c518dc6a29d6bfb5d7d89439d9fad14b81b56649,2026-09-08T06:01:02.607701Z,2026-09-08T06:05:35.709409Z,227.5541,545,ack
20260908T060102Z_p4-chaos-dead,cockroachdb,chaos-dead,thesis,c518dc6a29d6bfb5d7d89439d9fad14b81b56649,2026-09-08T06:01:02.607701Z,2026-09-08T06:05:35.709409Z,228.0222,546,ack
20260908T060102Z_p4-chaos-dead,cockroachdb,chaos-dead,thesis,c518dc6a29d6bfb5d7d89439d9fad14b81b56649,2026-09-08T06:01:02.607701Z,2026-09-08T06:05:35.709409Z,228.4968,547,ack
20260908T060102Z_p4-chaos-dead,cockroachdb,chaos-dead,thesis,c518dc6a29d6bfb5d7d89439d9fad14b81b56649,2026-09-08T06:01:02.607701Z,2026-09-08T06:05:35.709409Z,228.9499,548,ack
20260908T060102Z_p4-chaos-dead,cockroachdb,chaos-dead,thesis,c518dc6a29d6bfb5d7d89439d9fad14b81b56649,2026-09-08T06:01:02.607701Z,2026-09-08T06:05:35.709409Z,229.415,549,ack
20260908T060102Z_p4-chaos-dead,cockroachdb,chaos-dead,thesis,c518dc6a29d6bfb5d7d89439d9fad14b81b56649,2026-09-08T06:01:02.607701Z,2026-09-08T06:05:35.709409Z,229.8657,550,ack
20260908T060102Z_p4-chaos-dead,cockroachdb,chaos-dead,thesis,c518dc6a29d6bfb5d7d89439d9fad14b81b56649,2026-09-08T06:01:02.607701Z,2026-09-08T06:05:35.709409Z,230.3298,551,ack
20260908T060102Z_p4-chaos-dead,cockroachdb,chaos-dead,thesis,c518dc6a29d6bfb5d7d89439d9fad14b81b56649,2026-09-08T06:01:02.607701Z,2026-09-08T06:05:35.709409Z,230.807,552,ack
20260908T060102Z_p4-chaos-dead,cockroachdb,chaos-dead,thesis,c518dc6a29d6bfb5d7d89439d9fad14b81b56649,2026-09-08T06:01:02.607701Z,2026-09-08T06:05:35.709409Z,231.2897,553,ack
20260908T060102Z_p4-chaos-dead,cockroachdb,chaos-dead,thesis,c518dc6a29d6bfb5d7d89439d9fad14b81b56649,2026-09-08T06:01:02.607701Z,2026-09-08T06:05:35.709409Z,231.767,554,ack
20260908T060102Z_p4-chaos-dead,cockroachdb,chaos-dead,thesis,c518dc6a29d6bfb5d7d89439d9fad14b81b56649,2026-09-08T06:01:02.607701Z,2026-09-08T06:05:35.709409Z,232.2188,555,ack
20260908T060102Z_p4-chaos-dead,cockroachdb,chaos-dead,thesis,c518dc6a29d6bfb5d7d89439d9fad14b81b56649,2026-09-08T06:01:02.607701Z,2026-09-08T06:05:35.709409Z,232.6867,556,ack
20260908T060102Z_p4-chaos-dead,cockroachdb,chaos-dead,thesis,c518dc6a29d6bfb5d7d89439d9fad14b81b56649,2026-09-08T06:01:02.607701Z,2026-09-08T06:05:35.709409Z,233.1548,557,ack
20260908T060102Z_p4-chaos-dead,cockroachdb,chaos-dead,thesis,c518dc6a29d6bfb5d7d89439d9fad14b81b56649,2026-09-08T06:01:02.607701Z,2026-09-08T06:05:35.709409Z,233.6265,558,ack
20260908T060102Z_p4-chaos-dead,cockroachdb,chaos-dead,thesis,c518dc6a29d6bfb5d7d89439d9fad14b81b56649,2026-09-08T06:01:02.607701Z,2026-09-08T06:05:35.709409Z,234.1167,559,ack
20260908T060102Z_p4-chaos-dead,cockroachdb,chaos-dead,thesis,c518dc6a29d6bfb5d7d89439d9fad14b81b56649,2026-09-08T06:01:02.607701Z,2026-09-08T06:05:35.709409Z,234.6198,560,ack
20260908T060102Z_p4-chaos-dead,cockroachdb,chaos-dead,thesis,c518dc6a29d6bfb5d7d89439d9fad14b81b56649,2026-09-08T06:01:02.607701Z,2026-09-08T06:05:35.709409Z,235.1447,561,ack
20260908T060102Z_p4-chaos-dead,cockroachdb,chaos-dead,thesis,c518dc6a29d6bfb5d7d89439d9fad14b81b56649,2026-09-08T06:01:02.607701Z,2026-09-08T06:05:35.709409Z,235.6109,562,ack
20260908T060102Z_p4-chaos-dead,cockroachdb,chaos-dead,thesis,c518dc6a29d6bfb5d7d89439d9fad14b81b56649,2026-09-08T06:01:02.607701Z,2026-09-08T06:05:35.709409Z,236.0926,563,ack
20260908T060102Z_p4-chaos-dead,cockroachdb,chaos-dead,thesis,c518dc6a29d6bfb5d7d89439d9fad14b81b56649,2026-09-08T06:01:02.607701Z,2026-09-08T06:05:35.709409Z,236.5525,564,ack
20260908T060102Z_p4-chaos-dead,cockroachdb,chaos-dead,thesis,c518dc6a29d6bfb5d7d89439d9fad14b81b56649,2026-09-08T06:01:02.607701Z,2026-09-08T06:05:35.709409Z,237.0057,565,ack
20260908T060102Z_p4-chaos-dead,cockroachdb,chaos-dead,thesis,c518dc6a29d6bfb5d7d89439d9fad14b81b56649,2026-09-08T06:01:02.607701Z,2026-09-08T06:05:35.709409Z,237.4572,566,ack
20260908T060102Z_p4-chaos-dead,cockroachdb,chaos-dead,thesis,c518dc6a29d6bfb5d7d89439d9fad14b81b56649,2026-09-08T06:01:02.607701Z,2026-09-08T06:05:35.709409Z,237.9272,567,ack
20260908T060102Z_p4-chaos-dead,cockroachdb,chaos-dead,thesis,c518dc6a29d6bfb5d7d89439d9fad14b81b56649,2026-09-08T06:01:02.607701Z,2026-09-08T06:05:35.709409Z,238.409,568,ack
20260908T060102Z_p4-chaos-dead,cockroachdb,chaos-dead,thesis,c518dc6a29d6bfb5d7d89439d9fad14b81b56649,2026-09-08T06:01:02.607701Z,2026-09-08T06:05:35.709409Z,238.861,569,ack
20260908T060102Z_p4-chaos-dead,cockroachdb,chaos-dead,thesis,c518dc6a29d6bfb5d7d89439d9fad14b81b56649,2026-09-08T06:01:02.607701Z,2026-09-08T06:05:35.709409Z,239.3571,570,ack
20260908T060102Z_p4-chaos-dead,cockroachdb,chaos-dead,thesis,c518dc6a29d6bfb5d7d89439d9fad14b81b56649,2026-09-08T06:01:02.607701Z,2026-09-08T06:05:35.709409Z,239.8125,571,ack
20260908T060102Z_p4-chaos-dead,cockroachdb,chaos-dead,thesis,c518dc6a29d6bfb5d7d89439d9fad14b81b56649,2026-09-08T06:01:02.607701Z,2026-09-08T06:05:35.709409Z,240.2878,572,ack
20260908T060102Z_p4-chaos-dead,cockroachdb,chaos-dead,thesis,c518dc6a29d6bfb5d7d89439d9fad14b81b56649,2026-09-08T06:01:02.607701Z,2026-09-08T06:05:35.709409Z,240.7769,573,ack
20260908T060102Z_p4-chaos-dead,cockroachdb,chaos-dead,thesis,c518dc6a29d6bfb5d7d89439d9fad14b81b56649,2026-09-08T06:01:02.607701Z,2026-09-08T06:05:35.709409Z,241.2868,574,ack
20260908T060102Z_p4-chaos-dead,cockroachdb,chaos-dead,thesis,c518dc6a29d6bfb5d7d89439d9fad14b81b56649,2026-09-08T06:01:02.607701Z,2026-09-08T06:05:35.709409Z,241.7699,575,ack
20260908T060102Z_p4-chaos-dead,cockroachdb,chaos-dead,thesis,c518dc6a29d6bfb5d7d89439d9fad14b81b56649,2026-09-08T06:01:02.607701Z,2026-09-08T06:05:35.709409Z,242.2347,576,ack
20260908T060102Z_p4-chaos-dead,cockroachdb,chaos-dead,thesis,c518dc6a29d6bfb5d7d89439d9fad14b81b56649,2026-09-08T06:01:02.607701Z,2026-09-08T06:05:35.709409Z,242.6971,577,ack
20260908T060102Z_p4-chaos-dead,cockroachdb,chaos-dead,thesis,c518dc6a29d6bfb5d7d89439d9fad14b81b56649,2026-09-08T06:01:02.607701Z,2026-09-08T06:05:35.709409Z,243.1548,578,ack
20260908T060102Z_p4-chaos-dead,cockroachdb,chaos-dead,thesis,c518dc6a29d6bfb5d7d89439d9fad14b81b56649,2026-09-08T06:01:02.607701Z,2026-09-08T06:05:35.709409Z,243.6075,579,ack
20260908T060102Z_p4-chaos-dead,cockroachdb,chaos-dead,thesis,c518dc6a29d6bfb5d7d89439d9fad14b81b56649,2026-09-08T06:01:02.607701Z,2026-09-08T06:05:35.709409Z,244.0671,580,ack
20260908T060102Z_p4-chaos-dead,cockroachdb,chaos-dead,thesis,c518dc6a29d6bfb5d7d89439d9fad14b81b56649,2026-09-08T06:01:02.607701Z,2026-09-08T06:05:35.709409Z,244.5214,581,ack
20260908T060102Z_p4-chaos-dead,cockroachdb,chaos-dead,thesis,c518dc6a29d6bfb5d7d89439d9fad14b81b56649,2026-09-08T06:01:02.607701Z,2026-09-08T06:05:35.709409Z,244.9956,582,ack
20260908T060102Z_p4-chaos-dead,cockroachdb,chaos-dead,thesis,c518dc6a29d6bfb5d7d89439d9fad14b81b56649,2026-09-08T06:01:02.607701Z,2026-09-08T06:05:35.709409Z,245.4508,583,ack
20260908T060102Z_p4-chaos-dead,cockroachdb,chaos-dead,thesis,c518dc6a29d6bfb5d7d89439d9fad14b81b56649,2026-09-08T06:01:02.607701Z,2026-09-08T06:05:35.709409Z,245.927,584,ack
20260908T060102Z_p4-chaos-dead,cockroachdb,chaos-dead,thesis,c518dc6a29d6bfb5d7d89439d9fad14b81b56649,2026-09-08T06:01:02.607701Z,2026-09-08T06:05:35.709409Z,246.3958,585,ack
20260908T060102Z_p4-chaos-dead,cockroachdb,chaos-dead,thesis,c518dc6a29d6bfb5d7d89439d9fad14b81b56649,2026-09-08T06:01:02.607701Z,2026-09-08T06:05:35.709409Z,246.8916,586,ack
20260908T060102Z_p4-chaos-dead,cockroachdb,chaos-dead,thesis,c518dc6a29d6bfb5d7d89439d9fad14b81b56649,2026-09-08T06:01:02.607701Z,2026-09-08T06:05:35.709409Z,247.3564,587,ack
20260908T060102Z_p4-chaos-dead,cockroachdb,chaos-dead,thesis,c518dc6a29d6bfb5d7d89439d9fad14b81b56649,2026-09-08T06:01:02.607701Z,2026-09-08T06:05:35.709409Z,247.813,588,ack
20260908T060102Z_p4-chaos-dead,cockroachdb,chaos-dead,thesis,c518dc6a29d6bfb5d7d89439d9fad14b81b56649,2026-09-08T06:01:02.607701Z,2026-09-08T06:05:35.709409Z,248.274,589,ack
20260908T060102Z_p4-chaos-dead,cockroachdb,chaos-dead,thesis,c518dc6a29d6bfb5d7d89439d9fad14b81b56649,2026-09-08T06:01:02.607701Z,2026-09-08T06:05:35.709409Z,248.7281,590,ack
20260908T060102Z_p4-chaos-dead,cockroachdb,chaos-dead,thesis,c518dc6a29d6bfb5d7d89439d9fad14b81b56649,2026-09-08T06:01:02.607701Z,2026-09-08T06:05:35.709409Z,249.1852,591,ack
20260908T060102Z_p4-chaos-dead,cockroachdb,chaos-dead,thesis,c518dc6a29d6bfb5d7d89439d9fad14b81b56649,2026-09-08T06:01:02.607701Z,2026-09-08T06:05:35.709409Z,249.6505,592,ack
20260908T060102Z_p4-chaos-dead,cockroachdb,chaos-dead,thesis,c518dc6a29d6bfb5d7d89439d9fad14b81b56649,2026-09-08T06:01:02.607701Z,2026-09-08T06:05:35.709409Z,250.126,593,ack
20260908T060102Z_p4-chaos-dead,cockroachdb,chaos-dead,thesis,c518dc6a29d6bfb5d7d89439d9fad14b81b56649,2026-09-08T06:01:02.607701Z,2026-09-08T06:05:35.709409Z,250.5801,594,ack
20260908T060102Z_p4-chaos-dead,cockroachdb,chaos-dead,thesis,c518dc6a29d6bfb5d7d89439d9fad14b81b56649,2026-09-08T06:01:02.607701Z,2026-09-08T06:05:35.709409Z,251.0271,595,ack
