run_id,engine,category,profile_name,git_revision,started_utc,finished_utc,ts_utc,elapsed_s,wall_offset_s,concurrency,repetition,op,tps,tps_cum,errors_cum,p50_ms,p95_ms,p99_ms,pmax_ms,gateway_cpu_pct,gateway_disk_iops,gateway_rss_bytes
20260905T213539Z_p4-chaos-recover,cockroachdb,chaos-recover,thesis-extended,f4e8357c79a5ac7a69f21cf0b607ef79f3c48eec,2026-09-05T21:35:39.020181Z,2026-09-05T21:38:49.624501Z,2026-09-05T21:38:49.618334Z,1.0,5.282,100,1,read,1300.2,1817.4,0,22.0,52.4,71.3,92.3,,,
20260905T213539Z_p4-chaos-recover,cockroachdb,chaos-recover,thesis-extended,f4e8357c79a5ac7a69f21cf0b607ef79f3c48eec,2026-09-05T21:35:39.020181Z,2026-09-05T21:38:49.624501Z,2026-09-05T21:38:49.618334Z,1.0,5.282,100,1,update,273.8,382.7,0,142.6,176.2,192.9,209.7,,,
20260905T213539Z_p4-chaos-recover,cockroachdb,chaos-recover,thesis-extended,f4e8357c79a5ac7a69f21cf0b607ef79f3c48eec,2026-09-05T21:35:39.020181Z,2026-09-05T21:38:49.624501Z,2026-09-05T21:38:49.618334Z,2.0,6.28,100,1,read,1831.5,1825.1,0,19.9,46.1,60.8,75.5,,,
20260905T213539Z_p4-chaos-recover,cockroachdb,chaos-recover,thesis-extended,f4e8357c79a5ac7a69f21cf0b607ef79f3c48eec,2026-09-05T21:35:39.020181Z,2026-09-05T21:38:49.624501Z,2026-09-05T21:38:49.618334Z,2.0,6.28,100,1,update,436.9,409.9,0,134.2,176.2,192.9,201.3,,,
20260905T213539Z_p4-chaos-recover,cockroachdb,chaos-recover,thesis-extended,f4e8357c79a5ac7a69f21cf0b607ef79f3c48eec,2026-09-05T21:35:39.020181Z,2026-09-05T21:38:49.624501Z,2026-09-05T21:38:49.618334Z,3.0,7.28,100,1,read,2127.1,1925.5,0,13.6,29.4,37.7,79.7,,,
20260905T213539Z_p4-chaos-recover,cockroachdb,chaos-recover,thesis-extended,f4e8357c79a5ac7a69f21cf0b607ef79f3c48eec,2026-09-05T21:35:39.020181Z,2026-09-05T21:38:49.624501Z,2026-09-05T21:38:49.618334Z,3.0,7.28,100,1,update,555.3,458.3,0,130.0,159.4,176.2,201.3,,,
20260905T213539Z_p4-chaos-recover,cockroachdb,chaos-recover,thesis-extended,f4e8357c79a5ac7a69f21cf0b607ef79f3c48eec,2026-09-05T21:35:39.020181Z,2026-09-05T21:38:49.624501Z,2026-09-05T21:38:49.618334Z,4.0,8.279,100,1,read,2180.1,1988.9,0,11.5,26.2,37.7,56.6,,,
20260905T213539Z_p4-chaos-recover,cockroachdb,chaos-recover,thesis-extended,f4e8357c79a5ac7a69f21cf0b607ef79f3c48eec,2026-09-05T21:35:39.020181Z,2026-09-05T21:38:49.624501Z,2026-09-05T21:38:49.618334Z,4.0,8.279,100,1,update,592.3,491.7,0,125.8,159.4,176.2,184.5,,,
20260905T213539Z_p4-chaos-recover,cockroachdb,chaos-recover,thesis-extended,f4e8357c79a5ac7a69f21cf0b607ef79f3c48eec,2026-09-05T21:35:39.020181Z,2026-09-05T21:38:49.624501Z,2026-09-05T21:38:49.618334Z,5.0,9.288,100,1,read,2286.8,2048.5,0,12.6,28.3,37.7,92.3,,,
20260905T213539Z_p4-chaos-recover,cockroachdb,chaos-recover,thesis-extended,f4e8357c79a5ac7a69f21cf0b607ef79f3c48eec,2026-09-05T21:35:39.020181Z,2026-09-05T21:38:49.624501Z,2026-09-05T21:38:49.618334Z,5.0,9.288,100,1,update,570.0,507.4,0,117.4,159.4,176.2,184.5,,,
20260905T213539Z_p4-chaos-recover,cockroachdb,chaos-recover,thesis-extended,f4e8357c79a5ac7a69f21cf0b607ef79f3c48eec,2026-09-05T21:35:39.020181Z,2026-09-05T21:38:49.624501Z,2026-09-05T21:38:49.618334Z,6.0,10.281,100,1,read,2198.1,2073.4,0,10.0,27.3,35.7,54.5,,,
20260905T213539Z_p4-chaos-recover,cockroachdb,chaos-recover,thesis-extended,f4e8357c79a5ac7a69f21cf0b607ef79f3c48eec,2026-09-05T21:35:39.020181Z,2026-09-05T21:38:49.624501Z,2026-09-05T21:38:49.618334Z,6.0,10.281,100,1,update,589.0,521.0,0,125.8,167.8,176.2,192.9,,,
20260905T213539Z_p4-chaos-recover,cockroachdb,chaos-recover,thesis-extended,f4e8357c79a5ac7a69f21cf0b607ef79f3c48eec,2026-09-05T21:35:39.020181Z,2026-09-05T21:38:49.624501Z,2026-09-05T21:38:49.618334Z,7.0,11.28,100,1,read,1608.9,2007.1,0,18.9,71.3,96.5,121.6,,,
20260905T213539Z_p4-chaos-recover,cockroachdb,chaos-recover,thesis-extended,f4e8357c79a5ac7a69f21cf0b607ef79f3c48eec,2026-09-05T21:35:39.020181Z,2026-09-05T21:38:49.624501Z,2026-09-05T21:38:49.618334Z,7.0,11.28,100,1,update,426.0,507.4,0,134.2,234.9,260.0,285.2,,,
20260905T213539Z_p4-chaos-recover,cockroachdb,chaos-recover,thesis-extended,f4e8357c79a5ac7a69f21cf0b607ef79f3c48eec,2026-09-05T21:35:39.020181Z,2026-09-05T21:38:49.624501Z,2026-09-05T21:38:49.618334Z,8.0,12.28,100,1,read,2258.6,2038.5,0,14.7,30.4,37.7,67.1,,,
20260905T213539Z_p4-chaos-recover,cockroachdb,chaos-recover,thesis-extended,f4e8357c79a5ac7a69f21cf0b607ef79f3c48eec,2026-09-05T21:35:39.020181Z,2026-09-05T21:38:49.624501Z,2026-09-05T21:38:49.618334Z,8.0,12.28,100,1,update,511.1,507.9,0,130.0,167.8,176.2,184.5,,,
20260905T213539Z_p4-chaos-recover,cockroachdb,chaos-recover,thesis-extended,f4e8357c79a5ac7a69f21cf0b607ef79f3c48eec,2026-09-05T21:35:39.020181Z,2026-09-05T21:38:49.624501Z,2026-09-05T21:38:49.618334Z,9.0,13.28,100,1,read,2175.4,2053.9,0,11.0,29.4,41.9,54.5,,,
20260905T213539Z_p4-chaos-recover,cockroachdb,chaos-recover,thesis-extended,f4e8357c79a5ac7a69f21cf0b607ef79f3c48eec,2026-09-05T21:35:39.020181Z,2026-09-05T21:38:49.624501Z,2026-09-05T21:38:49.618334Z,9.0,13.28,100,1,update,575.6,515.4,0,130.0,167.8,184.5,192.9,,,
20260905T213539Z_p4-chaos-recover,cockroachdb,chaos-recover,thesis-extended,f4e8357c79a5ac7a69f21cf0b607ef79f3c48eec,2026-09-05T21:35:39.020181Z,2026-09-05T21:38:49.624501Z,2026-09-05T21:38:49.618334Z,10.0,14.281,100,1,read,2236.5,2072.0,0,12.6,31.5,46.1,83.9,,,
20260905T213539Z_p4-chaos-recover,cockroachdb,chaos-recover,thesis-extended,f4e8357c79a5ac7a69f21cf0b607ef79f3c48eec,2026-09-05T21:35:39.020181Z,2026-09-05T21:38:49.624501Z,2026-09-05T21:38:49.618334Z,10.0,14.281,100,1,update,526.4,516.5,0,125.8,167.8,176.2,201.3,,,
20260905T213539Z_p4-chaos-recover,cockroachdb,chaos-recover,thesis-extended,f4e8357c79a5ac7a69f21cf0b607ef79f3c48eec,2026-09-05T21:35:39.020181Z,2026-09-05T21:38:49.624501Z,2026-09-05T21:38:49.618334Z,11.0,15.282,100,1,read,2191.3,2083.1,0,9.4,27.3,37.7,54.5,,,
20260905T213539Z_p4-chaos-recover,cockroachdb,chaos-recover,thesis-extended,f4e8357c79a5ac7a69f21cf0b607ef79f3c48eec,2026-09-05T21:35:39.020181Z,2026-09-05T21:38:49.624501Z,2026-09-05T21:38:49.618334Z,11.0,15.282,100,1,update,586.3,522.9,0,134.2,159.4,176.2,184.5,,,
20260905T213539Z_p4-chaos-recover,cockroachdb,chaos-recover,thesis-extended,f4e8357c79a5ac7a69f21cf0b607ef79f3c48eec,2026-09-05T21:35:39.020181Z,2026-09-05T21:38:49.624501Z,2026-09-05T21:38:49.618334Z,12.0,16.28,100,1,read,2203.4,2092.9,0,13.1,27.3,35.7,48.2,,,
20260905T213539Z_p4-chaos-recover,cockroachdb,chaos-recover,thesis-extended,f4e8357c79a5ac7a69f21cf0b607ef79f3c48eec,2026-09-05T21:35:39.020181Z,2026-09-05T21:38:49.624501Z,2026-09-05T21:38:49.618334Z,12.0,16.28,100,1,update,562.6,526.2,0,125.8,159.4,176.2,184.5,,,
20260905T213539Z_p4-chaos-recover,cockroachdb,chaos-recover,thesis-extended,f4e8357c79a5ac7a69f21cf0b607ef79f3c48eec,2026-09-05T21:35:39.020181Z,2026-09-05T21:38:49.624501Z,2026-09-05T21:38:49.618334Z,13.0,17.281,100,1,read,2323.6,2110.6,0,12.6,28.3,37.7,67.1,,,
20260905T213539Z_p4-chaos-recover,cockroachdb,chaos-recover,thesis-extended,f4e8357c79a5ac7a69f21cf0b607ef79f3c48eec,2026-09-05T21:35:39.020181Z,2026-09-05T21:38:49.624501Z,2026-09-05T21:38:49.618334Z,13.0,17.281,100,1,update,540.1,527.2,0,125.8,159.4,184.5,192.9,,,
20260905T213539Z_p4-chaos-recover,cockroachdb,chaos-recover,thesis-extended,f4e8357c79a5ac7a69f21cf0b607ef79f3c48eec,2026-09-05T21:35:39.020181Z,2026-09-05T21:38:49.624501Z,2026-09-05T21:38:49.618334Z,14.0,18.28,100,1,read,2316.6,2125.3,0,10.5,25.2,31.5,50.3,,,
20260905T213539Z_p4-chaos-recover,cockroachdb,chaos-recover,thesis-extended,f4e8357c79a5ac7a69f21cf0b607ef79f3c48eec,2026-09-05T21:35:39.020181Z,2026-09-05T21:38:49.624501Z,2026-09-05T21:38:49.618334Z,14.0,18.28,100,1,update,574.9,530.6,0,130.0,167.8,184.5,192.9,,,
20260905T213539Z_p4-chaos-recover,cockroachdb,chaos-recover,thesis-extended,f4e8357c79a5ac7a69f21cf0b607ef79f3c48eec,2026-09-05T21:35:39.020181Z,2026-09-05T21:38:49.624501Z,2026-09-05T21:38:49.618334Z,15.0,19.281,100,1,read,2327.8,2138.8,0,10.5,26.2,33.6,113.2,,,
20260905T213539Z_p4-chaos-recover,cockroachdb,chaos-recover,thesis-extended,f4e8357c79a5ac7a69f21cf0b607ef79f3c48eec,2026-09-05T21:35:39.020181Z,2026-09-05T21:38:49.624501Z,2026-09-05T21:38:49.618334Z,15.0,19.281,100,1,update,556.7,532.4,0,130.0,159.4,176.2,184.5,,,
20260905T213539Z_p4-chaos-recover,cockroachdb,chaos-recover,thesis-extended,f4e8357c79a5ac7a69f21cf0b607ef79f3c48eec,2026-09-05T21:35:39.020181Z,2026-09-05T21:38:49.624501Z,2026-09-05T21:38:49.618334Z,16.0,20.281,100,1,read,2311.3,2149.6,0,10.5,27.3,35.7,92.3,,,
20260905T213539Z_p4-chaos-recover,cockroachdb,chaos-recover,thesis-extended,f4e8357c79a5ac7a69f21cf0b607ef79f3c48eec,2026-09-05T21:35:39.020181Z,2026-09-05T21:38:49.624501Z,2026-09-05T21:38:49.618334Z,16.0,20.281,100,1,update,596.6,536.4,0,125.8,159.4,184.5,201.3,,,
20260905T213539Z_p4-chaos-recover,cockroachdb,chaos-recover,thesis-extended,f4e8357c79a5ac7a69f21cf0b607ef79f3c48eec,2026-09-05T21:35:39.020181Z,2026-09-05T21:38:49.624501Z,2026-09-05T21:38:49.618334Z,17.0,21.281,100,1,read,1697.5,2123.1,0,17.8,41.9,62.9,167.8,,,
20260905T213539Z_p4-chaos-recover,cockroachdb,chaos-recover,thesis-extended,f4e8357c79a5ac7a69f21cf0b607ef79f3c48eec,2026-09-05T21:35:39.020181Z,2026-09-05T21:38:49.624501Z,2026-09-05T21:38:49.618334Z,17.0,21.281,100,1,update,455.1,531.6,0,134.2,201.3,234.9,251.7,,,
20260905T213539Z_p4-chaos-recover,cockroachdb,chaos-recover,thesis-extended,f4e8357c79a5ac7a69f21cf0b607ef79f3c48eec,2026-09-05T21:35:39.020181Z,2026-09-05T21:38:49.624501Z,2026-09-05T21:38:49.618334Z,18.0,22.281,100,1,read,1924.8,2112.0,0,15.2,33.6,50.3,71.3,,,
20260905T213539Z_p4-chaos-recover,cockroachdb,chaos-recover,thesis-extended,f4e8357c79a5ac7a69f21cf0b607ef79f3c48eec,2026-09-05T21:35:39.020181Z,2026-09-05T21:38:49.624501Z,2026-09-05T21:38:49.618334Z,18.0,22.281,100,1,update,536.5,531.9,0,125.8,234.9,302.0,318.8,,,
20260905T213539Z_p4-chaos-recover,cockroachdb,chaos-recover,thesis-extended,f4e8357c79a5ac7a69f21cf0b607ef79f3c48eec,2026-09-05T21:35:39.020181Z,2026-09-05T21:38:49.624501Z,2026-09-05T21:38:49.618334Z,19.0,23.28,100,1,read,2322.7,2123.1,0,11.5,26.2,32.5,92.3,,,
20260905T213539Z_p4-chaos-recover,cockroachdb,chaos-recover,thesis-extended,f4e8357c79a5ac7a69f21cf0b607ef79f3c48eec,2026-09-05T21:35:39.020181Z,2026-09-05T21:38:49.624501Z,2026-09-05T21:38:49.618334Z,19.0,23.28,100,1,update,601.9,535.6,0,117.4,151.0,167.8,176.2,,,
20260905T213539Z_p4-chaos-recover,cockroachdb,chaos-recover,thesis-extended,f4e8357c79a5ac7a69f21cf0b607ef79f3c48eec,2026-09-05T21:35:39.020181Z,2026-09-05T21:38:49.624501Z,2026-09-05T21:38:49.618334Z,20.0,24.28,100,1,read,2289.4,2131.4,0,11.5,28.3,35.7,92.3,,,
20260905T213539Z_p4-chaos-recover,cockroachdb,chaos-recover,thesis-extended,f4e8357c79a5ac7a69f21cf0b607ef79f3c48eec,2026-09-05T21:35:39.020181Z,2026-09-05T21:38:49.624501Z,2026-09-05T21:38:49.618334Z,20.0,24.28,100,1,update,587.1,538.1,0,121.6,159.4,167.8,176.2,,,
20260905T213539Z_p4-chaos-recover,cockroachdb,chaos-recover,thesis-extended,f4e8357c79a5ac7a69f21cf0b607ef79f3c48eec,2026-09-05T21:35:39.020181Z,2026-09-05T21:38:49.624501Z,2026-09-05T21:38:49.618334Z,21.0,25.28,100,1,read,2369.4,2142.8,0,12.1,25.2,32.5,100.7,,,
20260905T213539Z_p4-chaos-recover,cockroachdb,chaos-recover,thesis-extended,f4e8357c79a5ac7a69f21cf0b607ef79f3c48eec,2026-09-05T21:35:39.020181Z,2026-09-05T21:38:49.624501Z,2026-09-05T21:38:49.618334Z,21.0,25.28,100,1,update,569.9,539.7,0,117.4,159.4,167.8,176.2,,,
20260905T213539Z_p4-chaos-recover,cockroachdb,chaos-recover,thesis-extended,f4e8357c79a5ac7a69f21cf0b607ef79f3c48eec,2026-09-05T21:35:39.020181Z,2026-09-05T21:38:49.624501Z,2026-09-05T21:38:49.618334Z,22.0,26.28,100,1,read,2329.0,2151.2,0,11.0,25.2,33.6,71.3,,,
20260905T213539Z_p4-chaos-recover,cockroachdb,chaos-recover,thesis-extended,f4e8357c79a5ac7a69f21cf0b607ef79f3c48eec,2026-09-05T21:35:39.020181Z,2026-09-05T21:38:49.624501Z,2026-09-05T21:38:49.618334Z,22.0,26.28,100,1,update,601.0,542.4,0,125.8,159.4,176.2,184.5,,,
20260905T213539Z_p4-chaos-recover,cockroachdb,chaos-recover,thesis-extended,f4e8357c79a5ac7a69f21cf0b607ef79f3c48eec,2026-09-05T21:35:39.020181Z,2026-09-05T21:38:49.624501Z,2026-09-05T21:38:49.618334Z,23.0,27.281,100,1,read,2357.8,2160.2,0,11.5,27.3,35.7,56.6,,,
20260905T213539Z_p4-chaos-recover,cockroachdb,chaos-recover,thesis-extended,f4e8357c79a5ac7a69f21cf0b607ef79f3c48eec,2026-09-05T21:35:39.020181Z,2026-09-05T21:38:49.624501Z,2026-09-05T21:38:49.618334Z,23.0,27.281,100,1,update,608.9,545.3,0,117.4,151.0,159.4,167.8,,,
20260905T213539Z_p4-chaos-recover,cockroachdb,chaos-recover,thesis-extended,f4e8357c79a5ac7a69f21cf0b607ef79f3c48eec,2026-09-05T21:35:39.020181Z,2026-09-05T21:38:49.624501Z,2026-09-05T21:38:49.618334Z,24.0,28.282,100,1,read,2411.1,2170.7,0,9.4,23.1,29.4,130.0,,,
20260905T213539Z_p4-chaos-recover,cockroachdb,chaos-recover,thesis-extended,f4e8357c79a5ac7a69f21cf0b607ef79f3c48eec,2026-09-05T21:35:39.020181Z,2026-09-05T21:38:49.624501Z,2026-09-05T21:38:49.618334Z,24.0,28.282,100,1,update,617.0,548.3,0,121.6,151.0,159.4,167.8,,,
20260905T213539Z_p4-chaos-recover,cockroachdb,chaos-recover,thesis-extended,f4e8357c79a5ac7a69f21cf0b607ef79f3c48eec,2026-09-05T21:35:39.020181Z,2026-09-05T21:38:49.624501Z,2026-09-05T21:38:49.618334Z,25.0,29.28,100,1,read,2416.1,2180.5,0,11.0,26.2,33.6,50.3,,,
20260905T213539Z_p4-chaos-recover,cockroachdb,chaos-recover,thesis-extended,f4e8357c79a5ac7a69f21cf0b607ef79f3c48eec,2026-09-05T21:35:39.020181Z,2026-09-05T21:38:49.624501Z,2026-09-05T21:38:49.618334Z,25.0,29.28,100,1,update,560.0,548.8,0,125.8,159.4,176.2,176.2,,,
20260905T213539Z_p4-chaos-recover,cockroachdb,chaos-recover,thesis-extended,f4e8357c79a5ac7a69f21cf0b607ef79f3c48eec,2026-09-05T21:35:39.020181Z,2026-09-05T21:38:49.624501Z,2026-09-05T21:38:49.618334Z,26.0,30.281,100,1,read,2360.3,2187.4,0,10.0,25.2,35.7,54.5,,,
20260905T213539Z_p4-chaos-recover,cockroachdb,chaos-recover,thesis-extended,f4e8357c79a5ac7a69f21cf0b607ef79f3c48eec,2026-09-05T21:35:39.020181Z,2026-09-05T21:38:49.624501Z,2026-09-05T21:38:49.618334Z,26.0,30.281,100,1,update,613.3,551.3,0,121.6,151.0,167.8,167.8,,,
20260905T213539Z_p4-chaos-recover,cockroachdb,chaos-recover,thesis-extended,f4e8357c79a5ac7a69f21cf0b607ef79f3c48eec,2026-09-05T21:35:39.020181Z,2026-09-05T21:38:49.624501Z,2026-09-05T21:38:49.618334Z,27.0,31.281,100,1,read,2258.1,2190.0,0,13.1,28.3,37.7,83.9,,,
20260905T213539Z_p4-chaos-recover,cockroachdb,chaos-recover,thesis-extended,f4e8357c79a5ac7a69f21cf0b607ef79f3c48eec,2026-09-05T21:35:39.020181Z,2026-09-05T21:38:49.624501Z,2026-09-05T21:38:49.618334Z,27.0,31.281,100,1,update,534.3,550.6,0,130.0,167.8,176.2,184.5,,,
20260905T213539Z_p4-chaos-recover,cockroachdb,chaos-recover,thesis-extended,f4e8357c79a5ac7a69f21cf0b607ef79f3c48eec,2026-09-05T21:35:39.020181Z,2026-09-05T21:38:49.624501Z,2026-09-05T21:38:49.618334Z,28.0,32.28,100,1,read,1723.9,2173.4,0,17.8,60.8,75.5,109.1,,,
20260905T213539Z_p4-chaos-recover,cockroachdb,chaos-recover,thesis-extended,f4e8357c79a5ac7a69f21cf0b607ef79f3c48eec,2026-09-05T21:35:39.020181Z,2026-09-05T21:38:49.624501Z,2026-09-05T21:38:49.618334Z,28.0,32.28,100,1,update,443.2,546.8,0,142.6,201.3,234.9,243.3,,,
20260905T213539Z_p4-chaos-recover,cockroachdb,chaos-recover,thesis-extended,f4e8357c79a5ac7a69f21cf0b607ef79f3c48eec,2026-09-05T21:35:39.020181Z,2026-09-05T21:38:49.624501Z,2026-09-05T21:38:49.618334Z,29.0,33.282,100,1,read,2321.5,2178.6,0,12.1,26.2,33.6,67.1,,,
20260905T213539Z_p4-chaos-recover,cockroachdb,chaos-recover,thesis-extended,f4e8357c79a5ac7a69f21cf0b607ef79f3c48eec,2026-09-05T21:35:39.020181Z,2026-09-05T21:38:49.624501Z,2026-09-05T21:38:49.618334Z,29.0,33.282,100,1,update,555.4,547.1,0,125.8,151.0,159.4,167.8,,,
20260905T213539Z_p4-chaos-recover,cockroachdb,chaos-recover,thesis-extended,f4e8357c79a5ac7a69f21cf0b607ef79f3c48eec,2026-09-05T21:35:39.020181Z,2026-09-05T21:38:49.624501Z,2026-09-05T21:38:49.618334Z,30.0,34.282,100,1,read,2327.7,2183.5,0,12.1,29.4,44.0,71.3,,,
20260905T213539Z_p4-chaos-recover,cockroachdb,chaos-recover,thesis-extended,f4e8357c79a5ac7a69f21cf0b607ef79f3c48eec,2026-09-05T21:35:39.020181Z,2026-09-05T21:38:49.624501Z,2026-09-05T21:38:49.618334Z,30.0,34.282,100,1,update,549.6,547.2,0,125.8,176.2,184.5,201.3,,,
20260905T213539Z_p4-chaos-recover,cockroachdb,chaos-recover,thesis-extended,f4e8357c79a5ac7a69f21cf0b607ef79f3c48eec,2026-09-05T21:35:39.020181Z,2026-09-05T21:38:49.624501Z,2026-09-05T21:38:49.618334Z,31.0,35.28,100,1,read,2328.3,2188.2,0,11.0,27.3,35.7,56.6,,,
20260905T213539Z_p4-chaos-recover,cockroachdb,chaos-recover,thesis-extended,f4e8357c79a5ac7a69f21cf0b607ef79f3c48eec,2026-09-05T21:35:39.020181Z,2026-09-05T21:38:49.624501Z,2026-09-05T21:38:49.618334Z,31.0,35.28,100,1,update,588.1,548.5,0,121.6,159.4,176.2,184.5,,,
20260905T213539Z_p4-chaos-recover,cockroachdb,chaos-recover,thesis-extended,f4e8357c79a5ac7a69f21cf0b607ef79f3c48eec,2026-09-05T21:35:39.020181Z,2026-09-05T21:38:49.624501Z,2026-09-05T21:38:49.618334Z,32.0,36.282,100,1,read,2283.7,2191.2,0,11.0,27.3,35.7,50.3,,,
20260905T213539Z_p4-chaos-recover,cockroachdb,chaos-recover,thesis-extended,f4e8357c79a5ac7a69f21cf0b607ef79f3c48eec,2026-09-05T21:35:39.020181Z,2026-09-05T21:38:49.624501Z,2026-09-05T21:38:49.618334Z,32.0,36.282,100,1,update,588.4,549.8,0,121.6,159.4,167.8,184.5,,,
20260905T213539Z_p4-chaos-recover,cockroachdb,chaos-recover,thesis-extended,f4e8357c79a5ac7a69f21cf0b607ef79f3c48eec,2026-09-05T21:35:39.020181Z,2026-09-05T21:38:49.624501Z,2026-09-05T21:38:49.618334Z,33.0,37.28,100,1,read,2234.8,2192.4,0,12.6,27.3,32.5,62.9,,,
20260905T213539Z_p4-chaos-recover,cockroachdb,chaos-recover,thesis-extended,f4e8357c79a5ac7a69f21cf0b607ef79f3c48eec,2026-09-05T21:35:39.020181Z,2026-09-05T21:38:49.624501Z,2026-09-05T21:38:49.618334Z,33.0,37.28,100,1,update,558.7,550.0,0,121.6,159.4,176.2,192.9,,,
20260905T213539Z_p4-chaos-recover,cockroachdb,chaos-recover,thesis-extended,f4e8357c79a5ac7a69f21cf0b607ef79f3c48eec,2026-09-05T21:35:39.020181Z,2026-09-05T21:38:49.624501Z,2026-09-05T21:38:49.618334Z,34.0,38.283,100,1,read,2361.4,2197.4,0,11.5,27.3,37.7,58.7,,,
20260905T213539Z_p4-chaos-recover,cockroachdb,chaos-recover,thesis-extended,f4e8357c79a5ac7a69f21cf0b607ef79f3c48eec,2026-09-05T21:35:39.020181Z,2026-09-05T21:38:49.624501Z,2026-09-05T21:38:49.618334Z,34.0,38.283,100,1,update,576.8,550.8,0,130.0,159.4,176.2,184.5,,,
20260905T213539Z_p4-chaos-recover,cockroachdb,chaos-recover,thesis-extended,f4e8357c79a5ac7a69f21cf0b607ef79f3c48eec,2026-09-05T21:35:39.020181Z,2026-09-05T21:38:49.624501Z,2026-09-05T21:38:49.618334Z,35.0,39.281,100,1,read,2303.5,2200.4,0,12.1,25.2,35.7,58.7,,,
20260905T213539Z_p4-chaos-recover,cockroachdb,chaos-recover,thesis-extended,f4e8357c79a5ac7a69f21cf0b607ef79f3c48eec,2026-09-05T21:35:39.020181Z,2026-09-05T21:38:49.624501Z,2026-09-05T21:38:49.618334Z,35.0,39.281,100,1,update,556.1,551.0,0,121.6,167.8,176.2,209.7,,,
20260905T213539Z_p4-chaos-recover,cockroachdb,chaos-recover,thesis-extended,f4e8357c79a5ac7a69f21cf0b607ef79f3c48eec,2026-09-05T21:35:39.020181Z,2026-09-05T21:38:49.624501Z,2026-09-05T21:38:49.618334Z,36.0,40.281,100,1,read,2236.4,2201.5,0,12.6,26.2,35.7,96.5,,,
20260905T213539Z_p4-chaos-recover,cockroachdb,chaos-recover,thesis-extended,f4e8357c79a5ac7a69f21cf0b607ef79f3c48eec,2026-09-05T21:35:39.020181Z,2026-09-05T21:38:49.624501Z,2026-09-05T21:38:49.618334Z,36.0,40.281,100,1,update,567.6,551.4,0,125.8,151.0,159.4,159.4,,,
20260905T213539Z_p4-chaos-recover,cockroachdb,chaos-recover,thesis-extended,f4e8357c79a5ac7a69f21cf0b607ef79f3c48eec,2026-09-05T21:35:39.020181Z,2026-09-05T21:38:49.624501Z,2026-09-05T21:38:49.618334Z,37.0,41.282,100,1,read,2140.5,2199.8,0,13.6,30.4,37.7,50.3,,,
20260905T213539Z_p4-chaos-recover,cockroachdb,chaos-recover,thesis-extended,f4e8357c79a5ac7a69f21cf0b607ef79f3c48eec,2026-09-05T21:35:39.020181Z,2026-09-05T21:38:49.624501Z,2026-09-05T21:38:49.618334Z,37.0,41.282,100,1,update,556.4,551.6,0,130.0,159.4,176.2,184.5,,,
20260905T213539Z_p4-chaos-recover,cockroachdb,chaos-recover,thesis-extended,f4e8357c79a5ac7a69f21cf0b607ef79f3c48eec,2026-09-05T21:35:39.020181Z,2026-09-05T21:38:49.624501Z,2026-09-05T21:38:49.618334Z,38.0,42.28,100,1,read,1556.0,2182.9,0,17.8,79.7,117.4,142.6,,,
20260905T213539Z_p4-chaos-recover,cockroachdb,chaos-recover,thesis-extended,f4e8357c79a5ac7a69f21cf0b607ef79f3c48eec,2026-09-05T21:35:39.020181Z,2026-09-05T21:38:49.624501Z,2026-09-05T21:38:49.618334Z,38.0,42.28,100,1,update,432.0,548.4,0,142.6,234.9,243.3,251.7,,,
20260905T213539Z_p4-chaos-recover,cockroachdb,chaos-recover,thesis-extended,f4e8357c79a5ac7a69f21cf0b607ef79f3c48eec,2026-09-05T21:35:39.020181Z,2026-09-05T21:38:49.624501Z,2026-09-05T21:38:49.618334Z,39.0,43.281,100,1,read,2107.0,2180.9,0,13.6,28.3,39.8,50.3,,,
20260905T213539Z_p4-chaos-recover,cockroachdb,chaos-recover,thesis-extended,f4e8357c79a5ac7a69f21cf0b607ef79f3c48eec,2026-09-05T21:35:39.020181Z,2026-09-05T21:38:49.624501Z,2026-09-05T21:38:49.618334Z,39.0,43.281,100,1,update,560.0,548.7,0,125.8,159.4,184.5,192.9,,,
20260905T213539Z_p4-chaos-recover,cockroachdb,chaos-recover,thesis-extended,f4e8357c79a5ac7a69f21cf0b607ef79f3c48eec,2026-09-05T21:35:39.020181Z,2026-09-05T21:38:49.624501Z,2026-09-05T21:38:49.618334Z,40.0,44.281,100,1,read,2251.6,2182.7,0,13.1,29.4,37.7,56.6,,,
20260905T213539Z_p4-chaos-recover,cockroachdb,chaos-recover,thesis-extended,f4e8357c79a5ac7a69f21cf0b607ef79f3c48eec,2026-09-05T21:35:39.020181Z,2026-09-05T21:38:49.624501Z,2026-09-05T21:38:49.618334Z,40.0,44.281,100,1,update,554.9,548.9,0,121.6,159.4,176.2,201.3,,,
20260905T213539Z_p4-chaos-recover,cockroachdb,chaos-recover,thesis-extended,f4e8357c79a5ac7a69f21cf0b607ef79f3c48eec,2026-09-05T21:35:39.020181Z,2026-09-05T21:38:49.624501Z,2026-09-05T21:38:49.618334Z,41.0,45.28,100,1,read,2293.1,2185.4,0,11.5,28.3,37.7,62.9,,,
20260905T213539Z_p4-chaos-recover,cockroachdb,chaos-recover,thesis-extended,f4e8357c79a5ac7a69f21cf0b607ef79f3c48eec,2026-09-05T21:35:39.020181Z,2026-09-05T21:38:49.624501Z,2026-09-05T21:38:49.618334Z,41.0,45.28,100,1,update,558.0,549.1,0,125.8,167.8,184.5,201.3,,,
20260905T213539Z_p4-chaos-recover,cockroachdb,chaos-recover,thesis-extended,f4e8357c79a5ac7a69f21cf0b607ef79f3c48eec,2026-09-05T21:35:39.020181Z,2026-09-05T21:38:49.624501Z,2026-09-05T21:38:49.618334Z,42.0,46.287,100,1,read,2321.6,2188.7,0,10.5,27.3,37.7,75.5,,,
20260905T213539Z_p4-chaos-recover,cockroachdb,chaos-recover,thesis-extended,f4e8357c79a5ac7a69f21cf0b607ef79f3c48eec,2026-09-05T21:35:39.020181Z,2026-09-05T21:38:49.624501Z,2026-09-05T21:38:49.618334Z,42.0,46.287,100,1,update,564.2,549.5,0,130.0,159.4,176.2,192.9,,,
20260905T213539Z_p4-chaos-recover,cockroachdb,chaos-recover,thesis-extended,f4e8357c79a5ac7a69f21cf0b607ef79f3c48eec,2026-09-05T21:35:39.020181Z,2026-09-05T21:38:49.624501Z,2026-09-05T21:38:49.618334Z,43.0,47.28,100,1,read,2307.4,2191.4,0,12.6,28.3,39.8,79.7,,,
20260905T213539Z_p4-chaos-recover,cockroachdb,chaos-recover,thesis-extended,f4e8357c79a5ac7a69f21cf0b607ef79f3c48eec,2026-09-05T21:35:39.020181Z,2026-09-05T21:38:49.624501Z,2026-09-05T21:38:49.618334Z,43.0,47.28,100,1,update,546.8,549.4,0,130.0,159.4,167.8,176.2,,,
20260905T213539Z_p4-chaos-recover,cockroachdb,chaos-recover,thesis-extended,f4e8357c79a5ac7a69f21cf0b607ef79f3c48eec,2026-09-05T21:35:39.020181Z,2026-09-05T21:38:49.624501Z,2026-09-05T21:38:49.618334Z,44.0,48.282,100,1,read,2416.5,2196.5,0,9.4,25.2,37.7,52.4,,,
20260905T213539Z_p4-chaos-recover,cockroachdb,chaos-recover,thesis-extended,f4e8357c79a5ac7a69f21cf0b607ef79f3c48eec,2026-09-05T21:35:39.020181Z,2026-09-05T21:38:49.624501Z,2026-09-05T21:38:49.618334Z,44.0,48.282,100,1,update,580.6,550.1,0,130.0,159.4,176.2,201.3,,,
20260905T213539Z_p4-chaos-recover,cockroachdb,chaos-recover,thesis-extended,f4e8357c79a5ac7a69f21cf0b607ef79f3c48eec,2026-09-05T21:35:39.020181Z,2026-09-05T21:38:49.624501Z,2026-09-05T21:38:49.618334Z,45.0,49.28,100,1,read,2288.7,2198.5,0,11.5,26.2,31.5,46.1,,,
20260905T213539Z_p4-chaos-recover,cockroachdb,chaos-recover,thesis-extended,f4e8357c79a5ac7a69f21cf0b607ef79f3c48eec,2026-09-05T21:35:39.020181Z,2026-09-05T21:38:49.624501Z,2026-09-05T21:38:49.618334Z,45.0,49.28,100,1,update,618.5,551.6,0,121.6,159.4,176.2,184.5,,,
20260905T213539Z_p4-chaos-recover,cockroachdb,chaos-recover,thesis-extended,f4e8357c79a5ac7a69f21cf0b607ef79f3c48eec,2026-09-05T21:35:39.020181Z,2026-09-05T21:38:49.624501Z,2026-09-05T21:38:49.618334Z,46.0,50.281,100,1,read,2374.3,2202.4,0,10.0,24.1,33.6,48.2,,,
20260905T213539Z_p4-chaos-recover,cockroachdb,chaos-recover,thesis-extended,f4e8357c79a5ac7a69f21cf0b607ef79f3c48eec,2026-09-05T21:35:39.020181Z,2026-09-05T21:38:49.624501Z,2026-09-05T21:38:49.618334Z,46.0,50.281,100,1,update,589.8,552.5,0,125.8,151.0,167.8,176.2,,,
20260905T213539Z_p4-chaos-recover,cockroachdb,chaos-recover,thesis-extended,f4e8357c79a5ac7a69f21cf0b607ef79f3c48eec,2026-09-05T21:35:39.020181Z,2026-09-05T21:38:49.624501Z,2026-09-05T21:38:49.618334Z,47.0,51.281,100,1,read,2286.8,2204.2,0,12.6,30.4,39.8,65.0,,,
20260905T213539Z_p4-chaos-recover,cockroachdb,chaos-recover,thesis-extended,f4e8357c79a5ac7a69f21cf0b607ef79f3c48eec,2026-09-05T21:35:39.020181Z,2026-09-05T21:38:49.624501Z,2026-09-05T21:38:49.618334Z,47.0,51.281,100,1,update,518.0,551.7,0,130.0,167.8,184.5,201.3,,,
20260905T213539Z_p4-chaos-recover,cockroachdb,chaos-recover,thesis-extended,f4e8357c79a5ac7a69f21cf0b607ef79f3c48eec,2026-09-05T21:35:39.020181Z,2026-09-05T21:38:49.624501Z,2026-09-05T21:38:49.618334Z,48.0,52.281,100,1,read,1682.4,2193.3,0,18.9,58.7,75.5,109.1,,,
20260905T213539Z_p4-chaos-recover,cockroachdb,chaos-recover,thesis-extended,f4e8357c79a5ac7a69f21cf0b607ef79f3c48eec,2026-09-05T21:35:39.020181Z,2026-09-05T21:38:49.624501Z,2026-09-05T21:38:49.618334Z,48.0,52.281,100,1,update,434.1,549.3,0,142.6,209.7,243.3,268.4,,,
20260905T213539Z_p4-chaos-recover,cockroachdb,chaos-recover,thesis-extended,f4e8357c79a5ac7a69f21cf0b607ef79f3c48eec,2026-09-05T21:35:39.020181Z,2026-09-05T21:38:49.624501Z,2026-09-05T21:38:49.618334Z,49.0,53.281,100,1,read,2260.2,2194.7,0,12.1,27.3,35.7,50.3,,,
20260905T213539Z_p4-chaos-recover,cockroachdb,chaos-recover,thesis-extended,f4e8357c79a5ac7a69f21cf0b607ef79f3c48eec,2026-09-05T21:35:39.020181Z,2026-09-05T21:38:49.624501Z,2026-09-05T21:38:49.618334Z,49.0,53.281,100,1,update,564.1,549.6,0,121.6,159.4,167.8,176.2,,,
20260905T213539Z_p4-chaos-recover,cockroachdb,chaos-recover,thesis-extended,f4e8357c79a5ac7a69f21cf0b607ef79f3c48eec,2026-09-05T21:35:39.020181Z,2026-09-05T21:38:49.624501Z,2026-09-05T21:38:49.618334Z,50.0,54.281,100,1,read,2304.8,2196.9,0,13.1,28.3,35.7,46.1,,,
20260905T213539Z_p4-chaos-recover,cockroachdb,chaos-recover,thesis-extended,f4e8357c79a5ac7a69f21cf0b607ef79f3c48eec,2026-09-05T21:35:39.020181Z,2026-09-05T21:38:49.624501Z,2026-09-05T21:38:49.618334Z,50.0,54.281,100,1,update,599.4,550.6,0,121.6,151.0,167.8,167.8,,,
20260905T213539Z_p4-chaos-recover,cockroachdb,chaos-recover,thesis-extended,f4e8357c79a5ac7a69f21cf0b607ef79f3c48eec,2026-09-05T21:35:39.020181Z,2026-09-05T21:38:49.624501Z,2026-09-05T21:38:49.618334Z,51.0,55.283,100,1,read,2284.8,2198.6,0,11.0,26.2,33.6,71.3,,,
20260905T213539Z_p4-chaos-recover,cockroachdb,chaos-recover,thesis-extended,f4e8357c79a5ac7a69f21cf0b607ef79f3c48eec,2026-09-05T21:35:39.020181Z,2026-09-05T21:38:49.624501Z,2026-09-05T21:38:49.618334Z,51.0,55.283,100,1,update,580.5,551.2,0,121.6,159.4,167.8,176.2,,,
20260905T213539Z_p4-chaos-recover,cockroachdb,chaos-recover,thesis-extended,f4e8357c79a5ac7a69f21cf0b607ef79f3c48eec,2026-09-05T21:35:39.020181Z,2026-09-05T21:38:49.624501Z,2026-09-05T21:38:49.618334Z,52.0,56.291,100,1,read,2269.5,2200.0,0,11.0,26.2,35.7,117.4,,,
20260905T213539Z_p4-chaos-recover,cockroachdb,chaos-recover,thesis-extended,f4e8357c79a5ac7a69f21cf0b607ef79f3c48eec,2026-09-05T21:35:39.020181Z,2026-09-05T21:38:49.624501Z,2026-09-05T21:38:49.618334Z,52.0,56.291,100,1,update,609.1,552.3,0,125.8,159.4,167.8,184.5,,,
20260905T213539Z_p4-chaos-recover,cockroachdb,chaos-recover,thesis-extended,f4e8357c79a5ac7a69f21cf0b607ef79f3c48eec,2026-09-05T21:35:39.020181Z,2026-09-05T21:38:49.624501Z,2026-09-05T21:38:49.618334Z,53.0,57.283,100,1,read,2233.8,2200.6,0,12.1,26.2,35.7,60.8,,,
20260905T213539Z_p4-chaos-recover,cockroachdb,chaos-recover,thesis-extended,f4e8357c79a5ac7a69f21cf0b607ef79f3c48eec,2026-09-05T21:35:39.020181Z,2026-09-05T21:38:49.624501Z,2026-09-05T21:38:49.618334Z,53.0,57.283,100,1,update,543.5,552.1,0,125.8,159.4,184.5,192.9,,,
20260905T213539Z_p4-chaos-recover,cockroachdb,chaos-recover,thesis-extended,f4e8357c79a5ac7a69f21cf0b607ef79f3c48eec,2026-09-05T21:35:39.020181Z,2026-09-05T21:38:49.624501Z,2026-09-05T21:38:49.618334Z,54.0,58.282,100,1,read,2386.4,2204.0,0,11.0,26.2,31.5,41.9,,,
20260905T213539Z_p4-chaos-recover,cockroachdb,chaos-recover,thesis-extended,f4e8357c79a5ac7a69f21cf0b607ef79f3c48eec,2026-09-05T21:35:39.020181Z,2026-09-05T21:38:49.624501Z,2026-09-05T21:38:49.618334Z,54.0,58.282,100,1,update,595.3,552.9,0,125.8,167.8,184.5,209.7,,,
20260905T213539Z_p4-chaos-recover,cockroachdb,chaos-recover,thesis-extended,f4e8357c79a5ac7a69f21cf0b607ef79f3c48eec,2026-09-05T21:35:39.020181Z,2026-09-05T21:38:49.624501Z,2026-09-05T21:38:49.618334Z,55.0,59.281,100,1,read,2336.8,2206.5,0,11.0,26.2,33.6,100.7,,,
20260905T213539Z_p4-chaos-recover,cockroachdb,chaos-recover,thesis-extended,f4e8357c79a5ac7a69f21cf0b607ef79f3c48eec,2026-09-05T21:35:39.020181Z,2026-09-05T21:38:49.624501Z,2026-09-05T21:38:49.618334Z,55.0,59.281,100,1,update,595.2,553.7,0,125.8,159.4,167.8,176.2,,,
20260905T213539Z_p4-chaos-recover,cockroachdb,chaos-recover,thesis-extended,f4e8357c79a5ac7a69f21cf0b607ef79f3c48eec,2026-09-05T21:35:39.020181Z,2026-09-05T21:38:49.624501Z,2026-09-05T21:38:49.618334Z,56.0,60.283,100,1,read,2269.9,2207.6,0,10.5,25.2,35.7,96.5,,,
20260905T213539Z_p4-chaos-recover,cockroachdb,chaos-recover,thesis-extended,f4e8357c79a5ac7a69f21cf0b607ef79f3c48eec,2026-09-05T21:35:39.020181Z,2026-09-05T21:38:49.624501Z,2026-09-05T21:38:49.618334Z,56.0,60.283,100,1,update,608.6,554.7,0,117.4,151.0,167.8,167.8,,,
20260905T213539Z_p4-chaos-recover,cockroachdb,chaos-recover,thesis-extended,f4e8357c79a5ac7a69f21cf0b607ef79f3c48eec,2026-09-05T21:35:39.020181Z,2026-09-05T21:38:49.624501Z,2026-09-05T21:38:49.618334Z,57.0,61.281,100,1,read,1381.8,2193.1,0,32.5,62.9,75.5,83.9,,,
20260905T213539Z_p4-chaos-recover,cockroachdb,chaos-recover,thesis-extended,f4e8357c79a5ac7a69f21cf0b607ef79f3c48eec,2026-09-05T21:35:39.020181Z,2026-09-05T21:38:49.624501Z,2026-09-05T21:38:49.618334Z,57.0,61.281,100,1,update,389.5,551.8,0,142.6,184.5,192.9,201.3,,,
20260905T213539Z_p4-chaos-recover,cockroachdb,chaos-recover,thesis-extended,f4e8357c79a5ac7a69f21cf0b607ef79f3c48eec,2026-09-05T21:35:39.020181Z,2026-09-05T21:38:49.624501Z,2026-09-05T21:38:49.618334Z,58.0,62.281,100,1,read,1328.9,2178.2,0,37.7,71.3,88.1,96.5,,,
20260905T213539Z_p4-chaos-recover,cockroachdb,chaos-recover,thesis-extended,f4e8357c79a5ac7a69f21cf0b607ef79f3c48eec,2026-09-05T21:35:39.020181Z,2026-09-05T21:38:49.624501Z,2026-09-05T21:38:49.618334Z,58.0,62.281,100,1,update,323.2,547.8,0,159.4,201.3,209.7,570.4,,,
20260905T213539Z_p4-chaos-recover,cockroachdb,chaos-recover,thesis-extended,f4e8357c79a5ac7a69f21cf0b607ef79f3c48eec,2026-09-05T21:35:39.020181Z,2026-09-05T21:38:49.624501Z,2026-09-05T21:38:49.618334Z,59.0,63.281,100,1,read,2219.0,2178.9,0,16.3,32.5,44.0,92.3,,,
20260905T213539Z_p4-chaos-recover,cockroachdb,chaos-recover,thesis-extended,f4e8357c79a5ac7a69f21cf0b607ef79f3c48eec,2026-09-05T21:35:39.020181Z,2026-09-05T21:38:49.624501Z,2026-09-05T21:38:49.618334Z,59.0,63.281,100,1,update,503.8,547.1,0,121.6,159.4,167.8,167.8,,,
20260905T213539Z_p4-chaos-recover,cockroachdb,chaos-recover,thesis-extended,f4e8357c79a5ac7a69f21cf0b607ef79f3c48eec,2026-09-05T21:35:39.020181Z,2026-09-05T21:38:49.624501Z,2026-09-05T21:38:49.618334Z,60.0,64.282,100,1,read,2310.7,2181.1,0,10.5,28.3,37.7,83.9,,,
20260905T213539Z_p4-chaos-recover,cockroachdb,chaos-recover,thesis-extended,f4e8357c79a5ac7a69f21cf0b607ef79f3c48eec,2026-09-05T21:35:39.020181Z,2026-09-05T21:38:49.624501Z,2026-09-05T21:38:49.618334Z,60.0,64.282,100,1,update,605.5,548.0,0,121.6,151.0,159.4,192.9,,,
20260905T213539Z_p4-chaos-recover,cockroachdb,chaos-recover,thesis-extended,f4e8357c79a5ac7a69f21cf0b607ef79f3c48eec,2026-09-05T21:35:39.020181Z,2026-09-05T21:38:49.624501Z,2026-09-05T21:38:49.618334Z,61.0,65.281,100,1,read,2249.1,2182.2,0,12.1,26.2,32.5,60.8,,,
20260905T213539Z_p4-chaos-recover,cockroachdb,chaos-recover,thesis-extended,f4e8357c79a5ac7a69f21cf0b607ef79f3c48eec,2026-09-05T21:35:39.020181Z,2026-09-05T21:38:49.624501Z,2026-09-05T21:38:49.618334Z,61.0,65.281,100,1,update,598.0,548.9,0,117.4,151.0,159.4,167.8,,,
20260905T213539Z_p4-chaos-recover,cockroachdb,chaos-recover,thesis-extended,f4e8357c79a5ac7a69f21cf0b607ef79f3c48eec,2026-09-05T21:35:39.020181Z,2026-09-05T21:38:49.624501Z,2026-09-05T21:38:49.618334Z,62.0,66.281,100,1,read,2330.1,2184.6,0,11.5,26.2,33.6,65.0,,,
20260905T213539Z_p4-chaos-recover,cockroachdb,chaos-recover,thesis-extended,f4e8357c79a5ac7a69f21cf0b607ef79f3c48eec,2026-09-05T21:35:39.020181Z,2026-09-05T21:38:49.624501Z,2026-09-05T21:38:49.618334Z,62.0,66.281,100,1,update,576.0,549.3,0,125.8,159.4,167.8,176.2,,,
20260905T213539Z_p4-chaos-recover,cockroachdb,chaos-recover,thesis-extended,f4e8357c79a5ac7a69f21cf0b607ef79f3c48eec,2026-09-05T21:35:39.020181Z,2026-09-05T21:38:49.624501Z,2026-09-05T21:38:49.618334Z,63.0,67.289,100,1,read,2231.5,2185.4,0,11.5,30.4,41.9,104.9,,,
20260905T213539Z_p4-chaos-recover,cockroachdb,chaos-recover,thesis-extended,f4e8357c79a5ac7a69f21cf0b607ef79f3c48eec,2026-09-05T21:35:39.020181Z,2026-09-05T21:38:49.624501Z,2026-09-05T21:38:49.618334Z,63.0,67.289,100,1,update,615.9,550.4,0,117.4,151.0,159.4,176.2,,,
20260905T213539Z_p4-chaos-recover,cockroachdb,chaos-recover,thesis-extended,f4e8357c79a5ac7a69f21cf0b607ef79f3c48eec,2026-09-05T21:35:39.020181Z,2026-09-05T21:38:49.624501Z,2026-09-05T21:38:49.618334Z,64.0,68.28,100,1,read,2350.6,2187.9,0,8.4,24.1,32.5,65.0,,,
20260905T213539Z_p4-chaos-recover,cockroachdb,chaos-recover,thesis-extended,f4e8357c79a5ac7a69f21cf0b607ef79f3c48eec,2026-09-05T21:35:39.020181Z,2026-09-05T21:38:49.624501Z,2026-09-05T21:38:49.618334Z,64.0,68.28,100,1,update,614.1,551.4,0,121.6,151.0,159.4,167.8,,,
20260905T213539Z_p4-chaos-recover,cockroachdb,chaos-recover,thesis-extended,f4e8357c79a5ac7a69f21cf0b607ef79f3c48eec,2026-09-05T21:35:39.020181Z,2026-09-05T21:38:49.624501Z,2026-09-05T21:38:49.618334Z,65.0,69.283,100,1,read,2241.9,2188.8,0,11.5,28.3,39.8,50.3,,,
20260905T213539Z_p4-chaos-recover,cockroachdb,chaos-recover,thesis-extended,f4e8357c79a5ac7a69f21cf0b607ef79f3c48eec,2026-09-05T21:35:39.020181Z,2026-09-05T21:38:49.624501Z,2026-09-05T21:38:49.618334Z,65.0,69.283,100,1,update,581.2,551.8,0,125.8,159.4,184.5,209.7,,,
20260905T213539Z_p4-chaos-recover,cockroachdb,chaos-recover,thesis-extended,f4e8357c79a5ac7a69f21cf0b607ef79f3c48eec,2026-09-05T21:35:39.020181Z,2026-09-05T21:38:49.624501Z,2026-09-05T21:38:49.618334Z,66.0,70.283,100,1,read,2289.7,2190.3,0,13.1,29.4,37.7,58.7,,,
20260905T213539Z_p4-chaos-recover,cockroachdb,chaos-recover,thesis-extended,f4e8357c79a5ac7a69f21cf0b607ef79f3c48eec,2026-09-05T21:35:39.020181Z,2026-09-05T21:38:49.624501Z,2026-09-05T21:38:49.618334Z,66.0,70.283,100,1,update,559.7,551.9,0,121.6,159.4,176.2,201.3,,,
20260905T213539Z_p4-chaos-recover,cockroachdb,chaos-recover,thesis-extended,f4e8357c79a5ac7a69f21cf0b607ef79f3c48eec,2026-09-05T21:35:39.020181Z,2026-09-05T21:38:49.624501Z,2026-09-05T21:38:49.618334Z,67.0,71.281,100,1,read,2065.3,2188.4,0,14.2,32.5,44.0,117.4,,,
20260905T213539Z_p4-chaos-recover,cockroachdb,chaos-recover,thesis-extended,f4e8357c79a5ac7a69f21cf0b607ef79f3c48eec,2026-09-05T21:35:39.020181Z,2026-09-05T21:38:49.624501Z,2026-09-05T21:38:49.618334Z,67.0,71.281,100,1,update,548.1,551.9,0,125.8,167.8,184.5,192.9,,,
20260905T213539Z_p4-chaos-recover,cockroachdb,chaos-recover,thesis-extended,f4e8357c79a5ac7a69f21cf0b607ef79f3c48eec,2026-09-05T21:35:39.020181Z,2026-09-05T21:38:49.624501Z,2026-09-05T21:38:49.618334Z,68.0,72.282,100,1,read,1609.6,2179.9,0,21.0,71.3,88.1,100.7,,,
20260905T213539Z_p4-chaos-recover,cockroachdb,chaos-recover,thesis-extended,f4e8357c79a5ac7a69f21cf0b607ef79f3c48eec,2026-09-05T21:35:39.020181Z,2026-09-05T21:38:49.624501Z,2026-09-05T21:38:49.618334Z,68.0,72.282,100,1,update,399.9,549.6,0,134.2,226.5,268.4,302.0,,,
20260905T213539Z_p4-chaos-recover,cockroachdb,chaos-recover,thesis-extended,f4e8357c79a5ac7a69f21cf0b607ef79f3c48eec,2026-09-05T21:35:39.020181Z,2026-09-05T21:38:49.624501Z,2026-09-05T21:38:49.618334Z,69.0,73.282,100,1,read,2081.3,2178.5,0,14.2,30.4,41.9,83.9,,,
20260905T213539Z_p4-chaos-recover,cockroachdb,chaos-recover,thesis-extended,f4e8357c79a5ac7a69f21cf0b607ef79f3c48eec,2026-09-05T21:35:39.020181Z,2026-09-05T21:38:49.624501Z,2026-09-05T21:38:49.618334Z,69.0,73.282,100,1,update,549.6,549.6,0,125.8,159.4,167.8,176.2,,,
20260905T213539Z_p4-chaos-recover,cockroachdb,chaos-recover,thesis-extended,f4e8357c79a5ac7a69f21cf0b607ef79f3c48eec,2026-09-05T21:35:39.020181Z,2026-09-05T21:38:49.624501Z,2026-09-05T21:38:49.618334Z,70.0,74.283,100,1,read,2106.3,2177.5,0,13.1,30.4,41.9,100.7,,,
20260905T213539Z_p4-chaos-recover,cockroachdb,chaos-recover,thesis-extended,f4e8357c79a5ac7a69f21cf0b607ef79f3c48eec,2026-09-05T21:35:39.020181Z,2026-09-05T21:38:49.624501Z,2026-09-05T21:38:49.618334Z,70.0,74.283,100,1,update,545.6,549.6,0,130.0,167.8,184.5,184.5,,,
20260905T213539Z_p4-chaos-recover,cockroachdb,chaos-recover,thesis-extended,f4e8357c79a5ac7a69f21cf0b607ef79f3c48eec,2026-09-05T21:35:39.020181Z,2026-09-05T21:38:49.624501Z,2026-09-05T21:38:49.618334Z,71.0,75.284,100,1,read,2192.2,2177.7,0,10.5,26.2,32.5,48.2,,,
20260905T213539Z_p4-chaos-recover,cockroachdb,chaos-recover,thesis-extended,f4e8357c79a5ac7a69f21cf0b607ef79f3c48eec,2026-09-05T21:35:39.020181Z,2026-09-05T21:38:49.624501Z,2026-09-05T21:38:49.618334Z,71.0,75.284,100,1,update,584.5,550.1,0,125.8,167.8,176.2,192.9,,,
20260905T213539Z_p4-chaos-recover,cockroachdb,chaos-recover,thesis-extended,f4e8357c79a5ac7a69f21cf0b607ef79f3c48eec,2026-09-05T21:35:39.020181Z,2026-09-05T21:38:49.624501Z,2026-09-05T21:38:49.618334Z,72.0,76.282,100,1,read,2302.2,2179.4,0,11.0,29.4,37.7,71.3,,,
20260905T213539Z_p4-chaos-recover,cockroachdb,chaos-recover,thesis-extended,f4e8357c79a5ac7a69f21cf0b607ef79f3c48eec,2026-09-05T21:35:39.020181Z,2026-09-05T21:38:49.624501Z,2026-09-05T21:38:49.618334Z,72.0,76.282,100,1,update,546.3,550.0,0,134.2,176.2,192.9,209.7,,,
20260905T213539Z_p4-chaos-recover,cockroachdb,chaos-recover,thesis-extended,f4e8357c79a5ac7a69f21cf0b607ef79f3c48eec,2026-09-05T21:35:39.020181Z,2026-09-05T21:38:49.624501Z,2026-09-05T21:38:49.618334Z,73.0,77.285,100,1,read,2205.2,2179.7,0,14.2,31.5,39.8,100.7,,,
20260905T213539Z_p4-chaos-recover,cockroachdb,chaos-recover,thesis-extended,f4e8357c79a5ac7a69f21cf0b607ef79f3c48eec,2026-09-05T21:35:39.020181Z,2026-09-05T21:38:49.624501Z,2026-09-05T21:38:49.618334Z,73.0,77.285,100,1,update,512.1,549.5,0,130.0,167.8,176.2,176.2,,,
20260905T213539Z_p4-chaos-recover,cockroachdb,chaos-recover,thesis-extended,f4e8357c79a5ac7a69f21cf0b607ef79f3c48eec,2026-09-05T21:35:39.020181Z,2026-09-05T21:38:49.624501Z,2026-09-05T21:38:49.618334Z,74.0,78.281,100,1,read,2220.0,2180.3,0,12.1,27.3,37.7,52.4,,,
20260905T213539Z_p4-chaos-recover,cockroachdb,chaos-recover,thesis-extended,f4e8357c79a5ac7a69f21cf0b607ef79f3c48eec,2026-09-05T21:35:39.020181Z,2026-09-05T21:38:49.624501Z,2026-09-05T21:38:49.618334Z,74.0,78.281,100,1,update,574.0,549.8,0,125.8,159.4,167.8,184.5,,,
20260905T213539Z_p4-chaos-recover,cockroachdb,chaos-recover,thesis-extended,f4e8357c79a5ac7a69f21cf0b607ef79f3c48eec,2026-09-05T21:35:39.020181Z,2026-09-05T21:38:49.624501Z,2026-09-05T21:38:49.618334Z,75.0,79.282,100,1,read,2329.3,2182.3,0,12.1,28.3,33.6,104.9,,,
20260905T213539Z_p4-chaos-recover,cockroachdb,chaos-recover,thesis-extended,f4e8357c79a5ac7a69f21cf0b607ef79f3c48eec,2026-09-05T21:35:39.020181Z,2026-09-05T21:38:49.624501Z,2026-09-05T21:38:49.618334Z,75.0,79.282,100,1,update,552.8,549.9,0,130.0,159.4,159.4,167.8,,,
20260905T213539Z_p4-chaos-recover,cockroachdb,chaos-recover,thesis-extended,f4e8357c79a5ac7a69f21cf0b607ef79f3c48eec,2026-09-05T21:35:39.020181Z,2026-09-05T21:38:49.624501Z,2026-09-05T21:38:49.618334Z,76.0,80.281,100,1,read,2158.7,2182.0,0,13.1,29.4,37.7,60.8,,,
20260905T213539Z_p4-chaos-recover,cockroachdb,chaos-recover,thesis-extended,f4e8357c79a5ac7a69f21cf0b607ef79f3c48eec,2026-09-05T21:35:39.020181Z,2026-09-05T21:38:49.624501Z,2026-09-05T21:38:49.618334Z,76.0,80.281,100,1,update,544.2,549.8,0,125.8,167.8,176.2,184.5,,,
20260905T213539Z_p4-chaos-recover,cockroachdb,chaos-recover,thesis-extended,f4e8357c79a5ac7a69f21cf0b607ef79f3c48eec,2026-09-05T21:35:39.020181Z,2026-09-05T21:38:49.624501Z,2026-09-05T21:38:49.618334Z,77.0,81.284,100,1,read,1509.8,2173.2,0,17.8,79.7,134.2,151.0,,,
20260905T213539Z_p4-chaos-recover,cockroachdb,chaos-recover,thesis-extended,f4e8357c79a5ac7a69f21cf0b607ef79f3c48eec,2026-09-05T21:35:39.020181Z,2026-09-05T21:38:49.624501Z,2026-09-05T21:38:49.618334Z,77.0,81.284,100,1,update,413.7,548.0,0,151.0,226.5,243.3,260.0,,,
20260905T213539Z_p4-chaos-recover,cockroachdb,chaos-recover,thesis-extended,f4e8357c79a5ac7a69f21cf0b607ef79f3c48eec,2026-09-05T21:35:39.020181Z,2026-09-05T21:38:49.624501Z,2026-09-05T21:38:49.618334Z,78.0,82.282,100,1,read,2081.7,2172.1,0,15.7,32.5,39.8,50.3,,,
20260905T213539Z_p4-chaos-recover,cockroachdb,chaos-recover,thesis-extended,f4e8357c79a5ac7a69f21cf0b607ef79f3c48eec,2026-09-05T21:35:39.020181Z,2026-09-05T21:38:49.624501Z,2026-09-05T21:38:49.618334Z,78.0,82.282,100,1,update,499.9,547.4,0,130.0,176.2,251.7,260.0,,,
20260905T213539Z_p4-chaos-recover,cockroachdb,chaos-recover,thesis-extended,f4e8357c79a5ac7a69f21cf0b607ef79f3c48eec,2026-09-05T21:35:39.020181Z,2026-09-05T21:38:49.624501Z,2026-09-05T21:38:49.618334Z,79.0,83.281,100,1,read,2209.0,2172.5,0,12.6,28.3,35.7,104.9,,,
20260905T213539Z_p4-chaos-recover,cockroachdb,chaos-recover,thesis-extended,f4e8357c79a5ac7a69f21cf0b607ef79f3c48eec,2026-09-05T21:35:39.020181Z,2026-09-05T21:38:49.624501Z,2026-09-05T21:38:49.618334Z,79.0,83.281,100,1,update,551.5,547.5,0,134.2,167.8,184.5,209.7,,,
20260905T213539Z_p4-chaos-recover,cockroachdb,chaos-recover,thesis-extended,f4e8357c79a5ac7a69f21cf0b607ef79f3c48eec,2026-09-05T21:35:39.020181Z,2026-09-05T21:38:49.624501Z,2026-09-05T21:38:49.618334Z,80.0,84.281,100,1,read,2226.8,2173.2,0,12.6,32.5,46.1,109.1,,,
20260905T213539Z_p4-chaos-recover,cockroachdb,chaos-recover,thesis-extended,f4e8357c79a5ac7a69f21cf0b607ef79f3c48eec,2026-09-05T21:35:39.020181Z,2026-09-05T21:38:49.624501Z,2026-09-05T21:38:49.618334Z,80.0,84.281,100,1,update,540.7,547.4,0,125.8,176.2,201.3,234.9,,,
20260905T213539Z_p4-chaos-recover,cockroachdb,chaos-recover,thesis-extended,f4e8357c79a5ac7a69f21cf0b607ef79f3c48eec,2026-09-05T21:35:39.020181Z,2026-09-05T21:38:49.624501Z,2026-09-05T21:38:49.618334Z,81.0,85.282,100,1,read,2273.4,2174.4,0,10.5,29.4,37.7,65.0,,,
20260905T213539Z_p4-chaos-recover,cockroachdb,chaos-recover,thesis-extended,f4e8357c79a5ac7a69f21cf0b607ef79f3c48eec,2026-09-05T21:35:39.020181Z,2026-09-05T21:38:49.624501Z,2026-09-05T21:38:49.618334Z,81.0,85.282,100,1,update,551.3,547.4,0,130.0,159.4,176.2,192.9,,,
20260905T213539Z_p4-chaos-recover,cockroachdb,chaos-recover,thesis-extended,f4e8357c79a5ac7a69f21cf0b607ef79f3c48eec,2026-09-05T21:35:39.020181Z,2026-09-05T21:38:49.624501Z,2026-09-05T21:38:49.618334Z,82.0,86.283,100,1,read,2337.5,2176.4,0,10.5,25.2,32.5,58.7,,,
20260905T213539Z_p4-chaos-recover,cockroachdb,chaos-recover,thesis-extended,f4e8357c79a5ac7a69f21cf0b607ef79f3c48eec,2026-09-05T21:35:39.020181Z,2026-09-05T21:38:49.624501Z,2026-09-05T21:38:49.618334Z,82.0,86.283,100,1,update,591.6,548.0,0,125.8,159.4,167.8,176.2,,,
20260905T213539Z_p4-chaos-recover,cockroachdb,chaos-recover,thesis-extended,f4e8357c79a5ac7a69f21cf0b607ef79f3c48eec,2026-09-05T21:35:39.020181Z,2026-09-05T21:38:49.624501Z,2026-09-05T21:38:49.618334Z,83.0,87.282,100,1,read,2271.3,2177.6,0,11.5,29.4,37.7,88.1,,,
20260905T213539Z_p4-chaos-recover,cockroachdb,chaos-recover,thesis-extended,f4e8357c79a5ac7a69f21cf0b607ef79f3c48eec,2026-09-05T21:35:39.020181Z,2026-09-05T21:38:49.624501Z,2026-09-05T21:38:49.618334Z,83.0,87.282,100,1,update,542.1,547.9,0,130.0,176.2,184.5,192.9,,,
20260905T213539Z_p4-chaos-recover,cockroachdb,chaos-recover,thesis-extended,f4e8357c79a5ac7a69f21cf0b607ef79f3c48eec,2026-09-05T21:35:39.020181Z,2026-09-05T21:38:49.624501Z,2026-09-05T21:38:49.618334Z,84.0,88.279,100,1,read,2250.0,2178.4,0,13.1,27.3,35.7,41.9,,,
20260905T213539Z_p4-chaos-recover,cockroachdb,chaos-recover,thesis-extended,f4e8357c79a5ac7a69f21cf0b607ef79f3c48eec,2026-09-05T21:35:39.020181Z,2026-09-05T21:38:49.624501Z,2026-09-05T21:38:49.618334Z,84.0,88.279,100,1,update,566.3,548.1,0,125.8,159.4,176.2,192.9,,,
20260905T213539Z_p4-chaos-recover,cockroachdb,chaos-recover,thesis-extended,f4e8357c79a5ac7a69f21cf0b607ef79f3c48eec,2026-09-05T21:35:39.020181Z,2026-09-05T21:38:49.624501Z,2026-09-05T21:38:49.618334Z,85.0,89.282,100,1,read,2272.9,2179.6,0,11.5,28.3,39.8,88.1,,,
20260905T213539Z_p4-chaos-recover,cockroachdb,chaos-recover,thesis-extended,f4e8357c79a5ac7a69f21cf0b607ef79f3c48eec,2026-09-05T21:35:39.020181Z,2026-09-05T21:38:49.624501Z,2026-09-05T21:38:49.618334Z,85.0,89.282,100,1,update,515.8,547.7,0,134.2,167.8,176.2,176.2,,,
20260905T213539Z_p4-chaos-recover,cockroachdb,chaos-recover,thesis-extended,f4e8357c79a5ac7a69f21cf0b607ef79f3c48eec,2026-09-05T21:35:39.020181Z,2026-09-05T21:38:49.624501Z,2026-09-05T21:38:49.618334Z,86.0,90.295,100,1,read,2263.3,2180.5,0,11.5,26.2,35.7,92.3,,,
20260905T213539Z_p4-chaos-recover,cockroachdb,chaos-recover,thesis-extended,f4e8357c79a5ac7a69f21cf0b607ef79f3c48eec,2026-09-05T21:35:39.020181Z,2026-09-05T21:38:49.624501Z,2026-09-05T21:38:49.618334Z,86.0,90.295,100,1,update,591.8,548.3,0,125.8,159.4,176.2,192.9,,,
20260905T213539Z_p4-chaos-recover,cockroachdb,chaos-recover,thesis-extended,f4e8357c79a5ac7a69f21cf0b607ef79f3c48eec,2026-09-05T21:35:39.020181Z,2026-09-05T21:38:49.624501Z,2026-09-05T21:38:49.618334Z,87.0,91.282,100,1,read,1486.1,2172.5,0,15.7,65.0,88.1,104.9,,,
20260905T213539Z_p4-chaos-recover,cockroachdb,chaos-recover,thesis-extended,f4e8357c79a5ac7a69f21cf0b607ef79f3c48eec,2026-09-05T21:35:39.020181Z,2026-09-05T21:38:49.624501Z,2026-09-05T21:38:49.618334Z,87.0,91.282,100,1,update,452.3,547.1,0,151.0,201.3,209.7,218.1,,,
20260905T213539Z_p4-chaos-recover,cockroachdb,chaos-recover,thesis-extended,f4e8357c79a5ac7a69f21cf0b607ef79f3c48eec,2026-09-05T21:35:39.020181Z,2026-09-05T21:38:49.624501Z,2026-09-05T21:38:49.618334Z,88.0,92.281,100,1,read,2004.4,2170.6,0,15.7,37.7,46.1,60.8,,,
20260905T213539Z_p4-chaos-recover,cockroachdb,chaos-recover,thesis-extended,f4e8357c79a5ac7a69f21cf0b607ef79f3c48eec,2026-09-05T21:35:39.020181Z,2026-09-05T21:38:49.624501Z,2026-09-05T21:38:49.618334Z,88.0,92.281,100,1,update,493.1,546.5,0,134.2,176.2,184.5,201.3,,,
20260905T213539Z_p4-chaos-recover,cockroachdb,chaos-recover,thesis-extended,f4e8357c79a5ac7a69f21cf0b607ef79f3c48eec,2026-09-05T21:35:39.020181Z,2026-09-05T21:38:49.624501Z,2026-09-05T21:38:49.618334Z,89.0,93.281,100,1,read,2296.0,2172.0,0,12.6,26.2,33.6,109.1,,,
20260905T213539Z_p4-chaos-recover,cockroachdb,chaos-recover,thesis-extended,f4e8357c79a5ac7a69f21cf0b607ef79f3c48eec,2026-09-05T21:35:39.020181Z,2026-09-05T21:38:49.624501Z,2026-09-05T21:38:49.618334Z,89.0,93.281,100,1,update,545.8,546.5,0,130.0,167.8,184.5,201.3,,,
20260905T213539Z_p4-chaos-recover,cockroachdb,chaos-recover,thesis-extended,f4e8357c79a5ac7a69f21cf0b607ef79f3c48eec,2026-09-05T21:35:39.020181Z,2026-09-05T21:38:49.624501Z,2026-09-05T21:38:49.618334Z,90.0,94.281,100,1,read,2260.5,2173.0,0,10.5,28.3,37.7,54.5,,,
20260905T213539Z_p4-chaos-recover,cockroachdb,chaos-recover,thesis-extended,f4e8357c79a5ac7a69f21cf0b607ef79f3c48eec,2026-09-05T21:35:39.020181Z,2026-09-05T21:38:49.624501Z,2026-09-05T21:38:49.618334Z,90.0,94.281,100,1,update,550.1,546.6,0,130.0,167.8,192.9,209.7,,,
20260905T213539Z_p4-chaos-recover,cockroachdb,chaos-recover,thesis-extended,f4e8357c79a5ac7a69f21cf0b607ef79f3c48eec,2026-09-05T21:35:39.020181Z,2026-09-05T21:38:49.624501Z,2026-09-05T21:38:49.618334Z,91.0,95.283,100,1,read,2277.4,2174.2,0,11.5,28.3,41.9,83.9,,,
20260905T213539Z_p4-chaos-recover,cockroachdb,chaos-recover,thesis-extended,f4e8357c79a5ac7a69f21cf0b607ef79f3c48eec,2026-09-05T21:35:39.020181Z,2026-09-05T21:38:49.624501Z,2026-09-05T21:38:49.618334Z,91.0,95.283,100,1,update,582.9,547.0,0,125.8,159.4,176.2,184.5,,,
20260905T213539Z_p4-chaos-recover,cockroachdb,chaos-recover,thesis-extended,f4e8357c79a5ac7a69f21cf0b607ef79f3c48eec,2026-09-05T21:35:39.020181Z,2026-09-05T21:38:49.624501Z,2026-09-05T21:38:49.618334Z,92.0,96.282,100,1,read,2297.7,2175.5,0,11.5,25.2,35.7,56.6,,,
20260905T213539Z_p4-chaos-recover,cockroachdb,chaos-recover,thesis-extended,f4e8357c79a5ac7a69f21cf0b607ef79f3c48eec,2026-09-05T21:35:39.020181Z,2026-09-05T21:38:49.624501Z,2026-09-05T21:38:49.618334Z,92.0,96.282,100,1,update,581.9,547.3,0,121.6,159.4,167.8,184.5,,,
20260905T213539Z_p4-chaos-recover,cockroachdb,chaos-recover,thesis-extended,f4e8357c79a5ac7a69f21cf0b607ef79f3c48eec,2026-09-05T21:35:39.020181Z,2026-09-05T21:38:49.624501Z,2026-09-05T21:38:49.618334Z,93.0,97.282,100,1,read,2322.5,2177.1,0,10.0,27.3,35.7,50.3,,,
20260905T213539Z_p4-chaos-recover,cockroachdb,chaos-recover,thesis-extended,f4e8357c79a5ac7a69f21cf0b607ef79f3c48eec,2026-09-05T21:35:39.020181Z,2026-09-05T21:38:49.624501Z,2026-09-05T21:38:49.618334Z,93.0,97.282,100,1,update,568.4,547.6,0,130.0,159.4,176.2,192.9,,,
20260905T213539Z_p4-chaos-recover,cockroachdb,chaos-recover,thesis-extended,f4e8357c79a5ac7a69f21cf0b607ef79f3c48eec,2026-09-05T21:35:39.020181Z,2026-09-05T21:38:49.624501Z,2026-09-05T21:38:49.618334Z,94.0,98.282,100,1,read,2406.9,2179.5,0,10.5,26.2,35.7,71.3,,,
20260905T213539Z_p4-chaos-recover,cockroachdb,chaos-recover,thesis-extended,f4e8357c79a5ac7a69f21cf0b607ef79f3c48eec,2026-09-05T21:35:39.020181Z,2026-09-05T21:38:49.624501Z,2026-09-05T21:38:49.618334Z,94.0,98.282,100,1,update,592.7,548.1,0,121.6,159.4,184.5,201.3,,,
20260905T213539Z_p4-chaos-recover,cockroachdb,chaos-recover,thesis-extended,f4e8357c79a5ac7a69f21cf0b607ef79f3c48eec,2026-09-05T21:35:39.020181Z,2026-09-05T21:38:49.624501Z,2026-09-05T21:38:49.618334Z,95.0,99.28,100,1,read,2282.5,2180.6,0,8.9,25.2,35.7,109.1,,,
20260905T213539Z_p4-chaos-recover,cockroachdb,chaos-recover,thesis-extended,f4e8357c79a5ac7a69f21cf0b607ef79f3c48eec,2026-09-05T21:35:39.020181Z,2026-09-05T21:38:49.624501Z,2026-09-05T21:38:49.618334Z,95.0,99.28,100,1,update,629.9,548.9,0,125.8,151.0,159.4,167.8,,,
20260905T213539Z_p4-chaos-recover,cockroachdb,chaos-recover,thesis-extended,f4e8357c79a5ac7a69f21cf0b607ef79f3c48eec,2026-09-05T21:35:39.020181Z,2026-09-05T21:38:49.624501Z,2026-09-05T21:38:49.618334Z,96.0,100.282,100,1,read,2262.6,2181.5,0,10.5,26.2,33.6,109.1,,,
20260905T213539Z_p4-chaos-recover,cockroachdb,chaos-recover,thesis-extended,f4e8357c79a5ac7a69f21cf0b607ef79f3c48eec,2026-09-05T21:35:39.020181Z,2026-09-05T21:38:49.624501Z,2026-09-05T21:38:49.618334Z,96.0,100.282,100,1,update,605.2,549.5,0,121.6,151.0,159.4,167.8,,,
20260905T213539Z_p4-chaos-recover,cockroachdb,chaos-recover,thesis-extended,f4e8357c79a5ac7a69f21cf0b607ef79f3c48eec,2026-09-05T21:35:39.020181Z,2026-09-05T21:38:49.624501Z,2026-09-05T21:38:49.618334Z,97.0,101.282,100,1,read,2078.1,2180.4,0,15.7,30.4,41.9,113.2,,,
20260905T213539Z_p4-chaos-recover,cockroachdb,chaos-recover,thesis-extended,f4e8357c79a5ac7a69f21cf0b607ef79f3c48eec,2026-09-05T21:35:39.020181Z,2026-09-05T21:38:49.624501Z,2026-09-05T21:38:49.618334Z,97.0,101.282,100,1,update,537.0,549.4,0,121.6,151.0,167.8,176.2,,,
20260905T213539Z_p4-chaos-recover,cockroachdb,chaos-recover,thesis-extended,f4e8357c79a5ac7a69f21cf0b607ef79f3c48eec,2026-09-05T21:35:39.020181Z,2026-09-05T21:38:49.624501Z,2026-09-05T21:38:49.618334Z,98.0,102.288,100,1,read,1144.1,2169.8,0,39.8,121.6,176.2,218.1,,,
20260905T213539Z_p4-chaos-recover,cockroachdb,chaos-recover,thesis-extended,f4e8357c79a5ac7a69f21cf0b607ef79f3c48eec,2026-09-05T21:35:39.020181Z,2026-09-05T21:38:49.624501Z,2026-09-05T21:38:49.618334Z,98.0,102.288,100,1,update,320.0,547.0,0,151.0,285.2,318.8,352.3,,,
20260905T213539Z_p4-chaos-recover,cockroachdb,chaos-recover,thesis-extended,f4e8357c79a5ac7a69f21cf0b607ef79f3c48eec,2026-09-05T21:35:39.020181Z,2026-09-05T21:38:49.624501Z,2026-09-05T21:38:49.618334Z,99.0,103.281,100,1,read,1490.2,2163.0,0,31.5,58.7,67.1,71.3,,,
20260905T213539Z_p4-chaos-recover,cockroachdb,chaos-recover,thesis-extended,f4e8357c79a5ac7a69f21cf0b607ef79f3c48eec,2026-09-05T21:35:39.020181Z,2026-09-05T21:38:49.624501Z,2026-09-05T21:38:49.618334Z,99.0,103.281,100,1,update,367.8,545.2,0,142.6,192.9,209.7,218.1,,,
20260905T213539Z_p4-chaos-recover,cockroachdb,chaos-recover,thesis-extended,f4e8357c79a5ac7a69f21cf0b607ef79f3c48eec,2026-09-05T21:35:39.020181Z,2026-09-05T21:38:49.624501Z,2026-09-05T21:38:49.618334Z,100.0,104.281,100,1,read,2314.6,2164.5,0,12.1,28.3,37.7,58.7,,,
20260905T213539Z_p4-chaos-recover,cockroachdb,chaos-recover,thesis-extended,f4e8357c79a5ac7a69f21cf0b607ef79f3c48eec,2026-09-05T21:35:39.020181Z,2026-09-05T21:38:49.624501Z,2026-09-05T21:38:49.618334Z,100.0,104.281,100,1,update,554.2,545.3,0,121.6,167.8,201.3,218.1,,,
20260905T213539Z_p4-chaos-recover,cockroachdb,chaos-recover,thesis-extended,f4e8357c79a5ac7a69f21cf0b607ef79f3c48eec,2026-09-05T21:35:39.020181Z,2026-09-05T21:38:49.624501Z,2026-09-05T21:38:49.618334Z,101.0,105.282,100,1,read,2386.6,2166.7,0,9.4,25.2,32.5,46.1,,,
20260905T213539Z_p4-chaos-recover,cockroachdb,chaos-recover,thesis-extended,f4e8357c79a5ac7a69f21cf0b607ef79f3c48eec,2026-09-05T21:35:39.020181Z,2026-09-05T21:38:49.624501Z,2026-09-05T21:38:49.618334Z,101.0,105.282,100,1,update,604.1,545.9,0,130.0,159.4,176.2,184.5,,,
20260905T213539Z_p4-chaos-recover,cockroachdb,chaos-recover,thesis-extended,f4e8357c79a5ac7a69f21cf0b607ef79f3c48eec,2026-09-05T21:35:39.020181Z,2026-09-05T21:38:49.624501Z,2026-09-05T21:38:49.618334Z,102.0,106.283,100,1,read,2286.6,2167.9,0,10.5,25.2,33.6,100.7,,,
20260905T213539Z_p4-chaos-recover,cockroachdb,chaos-recover,thesis-extended,f4e8357c79a5ac7a69f21cf0b607ef79f3c48eec,2026-09-05T21:35:39.020181Z,2026-09-05T21:38:49.624501Z,2026-09-05T21:38:49.618334Z,102.0,106.283,100,1,update,546.7,545.9,0,134.2,167.8,176.2,192.9,,,
20260905T213539Z_p4-chaos-recover,cockroachdb,chaos-recover,thesis-extended,f4e8357c79a5ac7a69f21cf0b607ef79f3c48eec,2026-09-05T21:35:39.020181Z,2026-09-05T21:38:49.624501Z,2026-09-05T21:38:49.618334Z,103.0,107.282,100,1,read,2327.0,2169.4,0,12.1,27.3,37.7,52.4,,,
20260905T213539Z_p4-chaos-recover,cockroachdb,chaos-recover,thesis-extended,f4e8357c79a5ac7a69f21cf0b607ef79f3c48eec,2026-09-05T21:35:39.020181Z,2026-09-05T21:38:49.624501Z,2026-09-05T21:38:49.618334Z,103.0,107.282,100,1,update,571.5,546.1,0,125.8,167.8,176.2,192.9,,,
20260905T213539Z_p4-chaos-recover,cockroachdb,chaos-recover,thesis-extended,f4e8357c79a5ac7a69f21cf0b607ef79f3c48eec,2026-09-05T21:35:39.020181Z,2026-09-05T21:38:49.624501Z,2026-09-05T21:38:49.618334Z,104.0,108.279,100,1,read,2355.9,2171.2,0,12.1,28.3,37.7,92.3,,,
20260905T213539Z_p4-chaos-recover,cockroachdb,chaos-recover,thesis-extended,f4e8357c79a5ac7a69f21cf0b607ef79f3c48eec,2026-09-05T21:35:39.020181Z,2026-09-05T21:38:49.624501Z,2026-09-05T21:38:49.618334Z,104.0,108.279,100,1,update,560.0,546.3,0,121.6,159.4,167.8,184.5,,,
20260905T213539Z_p4-chaos-recover,cockroachdb,chaos-recover,thesis-extended,f4e8357c79a5ac7a69f21cf0b607ef79f3c48eec,2026-09-05T21:35:39.020181Z,2026-09-05T21:38:49.624501Z,2026-09-05T21:38:49.618334Z,105.0,109.283,100,1,read,2361.0,2173.0,0,12.1,27.3,33.6,113.2,,,
20260905T213539Z_p4-chaos-recover,cockroachdb,chaos-recover,thesis-extended,f4e8357c79a5ac7a69f21cf0b607ef79f3c48eec,2026-09-05T21:35:39.020181Z,2026-09-05T21:38:49.624501Z,2026-09-05T21:38:49.618334Z,105.0,109.283,100,1,update,562.0,546.4,0,125.8,159.4,167.8,176.2,,,
20260905T213539Z_p4-chaos-recover,cockroachdb,chaos-recover,thesis-extended,f4e8357c79a5ac7a69f21cf0b607ef79f3c48eec,2026-09-05T21:35:39.020181Z,2026-09-05T21:38:49.624501Z,2026-09-05T21:38:49.618334Z,106.0,110.28,100,1,read,2183.6,2173.1,0,12.6,27.3,35.7,88.1,,,
20260905T213539Z_p4-chaos-recover,cockroachdb,chaos-recover,thesis-extended,f4e8357c79a5ac7a69f21cf0b607ef79f3c48eec,2026-09-05T21:35:39.020181Z,2026-09-05T21:38:49.624501Z,2026-09-05T21:38:49.618334Z,106.0,110.28,100,1,update,559.9,546.6,0,121.6,159.4,176.2,184.5,,,
20260905T213539Z_p4-chaos-recover,cockroachdb,chaos-recover,thesis-extended,f4e8357c79a5ac7a69f21cf0b607ef79f3c48eec,2026-09-05T21:35:39.020181Z,2026-09-05T21:38:49.624501Z,2026-09-05T21:38:49.618334Z,107.0,111.281,100,1,read,2184.2,2173.2,0,12.1,28.3,39.8,60.8,,,
20260905T213539Z_p4-chaos-recover,cockroachdb,chaos-recover,thesis-extended,f4e8357c79a5ac7a69f21cf0b607ef79f3c48eec,2026-09-05T21:35:39.020181Z,2026-09-05T21:38:49.624501Z,2026-09-05T21:38:49.618334Z,107.0,111.281,100,1,update,601.8,547.1,0,125.8,167.8,176.2,192.9,,,
20260905T213539Z_p4-chaos-recover,cockroachdb,chaos-recover,thesis-extended,f4e8357c79a5ac7a69f21cf0b607ef79f3c48eec,2026-09-05T21:35:39.020181Z,2026-09-05T21:38:49.624501Z,2026-09-05T21:38:49.618334Z,108.0,112.282,100,1,read,2063.8,2172.2,0,13.1,44.0,71.3,96.5,,,
20260905T213539Z_p4-chaos-recover,cockroachdb,chaos-recover,thesis-extended,f4e8357c79a5ac7a69f21cf0b607ef79f3c48eec,2026-09-05T21:35:39.020181Z,2026-09-05T21:38:49.624501Z,2026-09-05T21:38:49.618334Z,108.0,112.282,100,1,update,544.0,547.0,0,121.6,167.8,192.9,201.3,,,
20260905T213539Z_p4-chaos-recover,cockroachdb,chaos-recover,thesis-extended,f4e8357c79a5ac7a69f21cf0b607ef79f3c48eec,2026-09-05T21:35:39.020181Z,2026-09-05T21:38:49.624501Z,2026-09-05T21:38:49.618334Z,109.0,113.282,100,1,read,1906.2,2169.8,0,18.9,52.4,71.3,79.7,,,
20260905T213539Z_p4-chaos-recover,cockroachdb,chaos-recover,thesis-extended,f4e8357c79a5ac7a69f21cf0b607ef79f3c48eec,2026-09-05T21:35:39.020181Z,2026-09-05T21:38:49.624501Z,2026-09-05T21:38:49.618334Z,109.0,113.282,100,1,update,465.0,546.3,0,130.0,176.2,192.9,209.7,,,
20260905T213539Z_p4-chaos-recover,cockroachdb,chaos-recover,thesis-extended,f4e8357c79a5ac7a69f21cf0b607ef79f3c48eec,2026-09-05T21:35:39.020181Z,2026-09-05T21:38:49.624501Z,2026-09-05T21:38:49.618334Z,110.0,114.282,100,1,read,2144.6,2169.5,0,13.1,28.3,37.7,88.1,,,
20260905T213539Z_p4-chaos-recover,cockroachdb,chaos-recover,thesis-extended,f4e8357c79a5ac7a69f21cf0b607ef79f3c48eec,2026-09-05T21:35:39.020181Z,2026-09-05T21:38:49.624501Z,2026-09-05T21:38:49.618334Z,110.0,114.282,100,1,update,548.1,546.3,0,130.0,159.4,167.8,176.2,,,
20260905T213539Z_p4-chaos-recover,cockroachdb,chaos-recover,thesis-extended,f4e8357c79a5ac7a69f21cf0b607ef79f3c48eec,2026-09-05T21:35:39.020181Z,2026-09-05T21:38:49.624501Z,2026-09-05T21:38:49.618334Z,111.0,115.283,100,1,read,2290.1,2170.6,0,9.4,26.2,39.8,58.7,,,
20260905T213539Z_p4-chaos-recover,cockroachdb,chaos-recover,thesis-extended,f4e8357c79a5ac7a69f21cf0b607ef79f3c48eec,2026-09-05T21:35:39.020181Z,2026-09-05T21:38:49.624501Z,2026-09-05T21:38:49.618334Z,111.0,115.283,100,1,update,573.0,546.5,0,134.2,159.4,176.2,184.5,,,
20260905T213539Z_p4-chaos-recover,cockroachdb,chaos-recover,thesis-extended,f4e8357c79a5ac7a69f21cf0b607ef79f3c48eec,2026-09-05T21:35:39.020181Z,2026-09-05T21:38:49.624501Z,2026-09-05T21:38:49.618334Z,112.0,116.284,100,1,read,2304.1,2171.8,0,12.1,26.2,35.7,58.7,,,
20260905T213539Z_p4-chaos-recover,cockroachdb,chaos-recover,thesis-extended,f4e8357c79a5ac7a69f21cf0b607ef79f3c48eec,2026-09-05T21:35:39.020181Z,2026-09-05T21:38:49.624501Z,2026-09-05T21:38:49.618334Z,112.0,116.284,100,1,update,548.8,546.6,0,130.0,159.4,167.8,176.2,,,
20260905T213539Z_p4-chaos-recover,cockroachdb,chaos-recover,thesis-extended,f4e8357c79a5ac7a69f21cf0b607ef79f3c48eec,2026-09-05T21:35:39.020181Z,2026-09-05T21:38:49.624501Z,2026-09-05T21:38:49.618334Z,113.0,117.281,100,1,read,2043.1,2170.7,0,18.9,37.7,48.2,96.5,,,
20260905T213539Z_p4-chaos-recover,cockroachdb,chaos-recover,thesis-extended,f4e8357c79a5ac7a69f21cf0b607ef79f3c48eec,2026-09-05T21:35:39.020181Z,2026-09-05T21:38:49.624501Z,2026-09-05T21:38:49.618334Z,113.0,117.281,100,1,update,485.7,546.0,0,130.0,167.8,176.2,184.5,,,
20260905T213539Z_p4-chaos-recover,cockroachdb,chaos-recover,thesis-extended,f4e8357c79a5ac7a69f21cf0b607ef79f3c48eec,2026-09-05T21:35:39.020181Z,2026-09-05T21:38:49.624501Z,2026-09-05T21:38:49.618334Z,114.0,118.28,100,1,read,2345.5,2172.2,0,11.0,27.3,37.7,100.7,,,
20260905T213539Z_p4-chaos-recover,cockroachdb,chaos-recover,thesis-extended,f4e8357c79a5ac7a69f21cf0b607ef79f3c48eec,2026-09-05T21:35:39.020181Z,2026-09-05T21:38:49.624501Z,2026-09-05T21:38:49.618334Z,114.0,118.28,100,1,update,566.4,546.2,0,125.8,167.8,184.5,184.5,,,
20260905T213539Z_p4-chaos-recover,cockroachdb,chaos-recover,thesis-extended,f4e8357c79a5ac7a69f21cf0b607ef79f3c48eec,2026-09-05T21:35:39.020181Z,2026-09-05T21:38:49.624501Z,2026-09-05T21:38:49.618334Z,115.0,119.282,100,1,read,2327.1,2173.6,0,10.5,27.3,39.8,71.3,,,
20260905T213539Z_p4-chaos-recover,cockroachdb,chaos-recover,thesis-extended,f4e8357c79a5ac7a69f21cf0b607ef79f3c48eec,2026-09-05T21:35:39.020181Z,2026-09-05T21:38:49.624501Z,2026-09-05T21:38:49.618334Z,115.0,119.282,100,1,update,533.0,546.1,0,134.2,176.2,192.9,226.5,,,
20260905T213539Z_p4-chaos-recover,cockroachdb,chaos-recover,thesis-extended,f4e8357c79a5ac7a69f21cf0b607ef79f3c48eec,2026-09-05T21:35:39.020181Z,2026-09-05T21:38:49.624501Z,2026-09-05T21:38:49.618334Z,116.0,120.282,100,1,read,2237.2,2174.1,0,12.1,27.3,37.7,60.8,,,
20260905T213539Z_p4-chaos-recover,cockroachdb,chaos-recover,thesis-extended,f4e8357c79a5ac7a69f21cf0b607ef79f3c48eec,2026-09-05T21:35:39.020181Z,2026-09-05T21:38:49.624501Z,2026-09-05T21:38:49.618334Z,116.0,120.282,100,1,update,596.8,546.5,0,121.6,159.4,184.5,302.0,,,
20260905T213539Z_p4-chaos-recover,cockroachdb,chaos-recover,thesis-extended,f4e8357c79a5ac7a69f21cf0b607ef79f3c48eec,2026-09-05T21:35:39.020181Z,2026-09-05T21:38:49.624501Z,2026-09-05T21:38:49.618334Z,117.0,121.283,100,1,read,2145.5,2173.9,0,13.6,29.4,35.7,52.4,,,
20260905T213539Z_p4-chaos-recover,cockroachdb,chaos-recover,thesis-extended,f4e8357c79a5ac7a69f21cf0b607ef79f3c48eec,2026-09-05T21:35:39.020181Z,2026-09-05T21:38:49.624501Z,2026-09-05T21:38:49.618334Z,117.0,121.283,100,1,update,538.9,546.5,0,130.0,167.8,176.2,184.5,,,
20260905T213539Z_p4-chaos-recover,cockroachdb,chaos-recover,thesis-extended,f4e8357c79a5ac7a69f21cf0b607ef79f3c48eec,2026-09-05T21:35:39.020181Z,2026-09-05T21:38:49.624501Z,2026-09-05T21:38:49.618334Z,118.0,122.282,100,1,read,2261.5,2174.6,0,12.1,31.5,48.2,100.7,,,
20260905T213539Z_p4-chaos-recover,cockroachdb,chaos-recover,thesis-extended,f4e8357c79a5ac7a69f21cf0b607ef79f3c48eec,2026-09-05T21:35:39.020181Z,2026-09-05T21:38:49.624501Z,2026-09-05T21:38:49.618334Z,118.0,122.282,100,1,update,518.3,546.2,0,130.0,167.8,176.2,192.9,,,
20260905T213539Z_p4-chaos-recover,cockroachdb,chaos-recover,thesis-extended,f4e8357c79a5ac7a69f21cf0b607ef79f3c48eec,2026-09-05T21:35:39.020181Z,2026-09-05T21:38:49.624501Z,2026-09-05T21:38:49.618334Z,119.0,123.282,100,1,read,1516.9,2169.1,0,28.3,71.3,83.9,88.1,,,
20260905T213539Z_p4-chaos-recover,cockroachdb,chaos-recover,thesis-extended,f4e8357c79a5ac7a69f21cf0b607ef79f3c48eec,2026-09-05T21:35:39.020181Z,2026-09-05T21:38:49.624501Z,2026-09-05T21:38:49.618334Z,119.0,123.282,100,1,update,354.0,544.6,0,151.0,192.9,209.7,226.5,,,
20260905T213539Z_p4-chaos-recover,cockroachdb,chaos-recover,thesis-extended,f4e8357c79a5ac7a69f21cf0b607ef79f3c48eec,2026-09-05T21:35:39.020181Z,2026-09-05T21:38:49.624501Z,2026-09-05T21:38:49.618334Z,120.0,124.28,100,1,read,2202.8,2169.3,0,13.6,30.4,41.9,50.3,,,
20260905T213539Z_p4-chaos-recover,cockroachdb,chaos-recover,thesis-extended,f4e8357c79a5ac7a69f21cf0b607ef79f3c48eec,2026-09-05T21:35:39.020181Z,2026-09-05T21:38:49.624501Z,2026-09-05T21:38:49.618334Z,120.0,124.28,100,1,update,516.2,544.4,0,134.2,167.8,176.2,192.9,,,
20260905T213539Z_p4-chaos-recover,cockroachdb,chaos-recover,thesis-extended,f4e8357c79a5ac7a69f21cf0b607ef79f3c48eec,2026-09-05T21:35:39.020181Z,2026-09-05T21:38:49.624501Z,2026-09-05T21:38:49.618334Z,121.0,125.289,100,1,read,2267.7,2170.2,0,11.0,26.2,37.7,65.0,,,
20260905T213539Z_p4-chaos-recover,cockroachdb,chaos-recover,thesis-extended,f4e8357c79a5ac7a69f21cf0b607ef79f3c48eec,2026-09-05T21:35:39.020181Z,2026-09-05T21:38:49.624501Z,2026-09-05T21:38:49.618334Z,121.0,125.289,100,1,update,565.7,544.6,0,130.0,167.8,176.2,192.9,,,
20260905T213539Z_p4-chaos-recover,cockroachdb,chaos-recover,thesis-extended,f4e8357c79a5ac7a69f21cf0b607ef79f3c48eec,2026-09-05T21:35:39.020181Z,2026-09-05T21:38:49.624501Z,2026-09-05T21:38:49.618334Z,122.0,126.28,100,1,read,2138.5,2169.9,0,10.5,26.2,32.5,54.5,,,
20260905T213539Z_p4-chaos-recover,cockroachdb,chaos-recover,thesis-extended,f4e8357c79a5ac7a69f21cf0b607ef79f3c48eec,2026-09-05T21:35:39.020181Z,2026-09-05T21:38:49.624501Z,2026-09-05T21:38:49.618334Z,122.0,126.28,100,1,update,603.2,545.0,0,125.8,159.4,176.2,192.9,,,
20260905T213539Z_p4-chaos-recover,cockroachdb,chaos-recover,thesis-extended,f4e8357c79a5ac7a69f21cf0b607ef79f3c48eec,2026-09-05T21:35:39.020181Z,2026-09-05T21:38:49.624501Z,2026-09-05T21:38:49.618334Z,123.0,127.283,100,1,read,2206.2,2170.2,0,13.1,28.3,35.7,104.9,,,
20260905T213539Z_p4-chaos-recover,cockroachdb,chaos-recover,thesis-extended,f4e8357c79a5ac7a69f21cf0b607ef79f3c48eec,2026-09-05T21:35:39.020181Z,2026-09-05T21:38:49.624501Z,2026-09-05T21:38:49.618334Z,123.0,127.283,100,1,update,529.3,544.9,0,134.2,167.8,176.2,184.5,,,
20260905T213539Z_p4-chaos-recover,cockroachdb,chaos-recover,thesis-extended,f4e8357c79a5ac7a69f21cf0b607ef79f3c48eec,2026-09-05T21:35:39.020181Z,2026-09-05T21:38:49.624501Z,2026-09-05T21:38:49.618334Z,124.0,128.282,100,1,read,2265.3,2171.0,0,11.5,27.3,37.7,50.3,,,
20260905T213539Z_p4-chaos-recover,cockroachdb,chaos-recover,thesis-extended,f4e8357c79a5ac7a69f21cf0b607ef79f3c48eec,2026-09-05T21:35:39.020181Z,2026-09-05T21:38:49.624501Z,2026-09-05T21:38:49.618334Z,124.0,128.282,100,1,update,583.3,545.2,0,125.8,159.4,167.8,184.5,,,
20260905T213539Z_p4-chaos-recover,cockroachdb,chaos-recover,thesis-extended,f4e8357c79a5ac7a69f21cf0b607ef79f3c48eec,2026-09-05T21:35:39.020181Z,2026-09-05T21:38:49.624501Z,2026-09-05T21:38:49.618334Z,125.0,129.282,100,1,read,2403.3,2172.8,0,10.0,25.2,32.5,48.2,,,
20260905T213539Z_p4-chaos-recover,cockroachdb,chaos-recover,thesis-extended,f4e8357c79a5ac7a69f21cf0b607ef79f3c48eec,2026-09-05T21:35:39.020181Z,2026-09-05T21:38:49.624501Z,2026-09-05T21:38:49.618334Z,125.0,129.282,100,1,update,630.6,545.9,0,121.6,151.0,167.8,184.5,,,
20260905T213539Z_p4-chaos-recover,cockroachdb,chaos-recover,thesis-extended,f4e8357c79a5ac7a69f21cf0b607ef79f3c48eec,2026-09-05T21:35:39.020181Z,2026-09-05T21:38:49.624501Z,2026-09-05T21:38:49.618334Z,126.0,130.285,100,1,read,2390.5,2174.5,0,11.5,25.2,31.5,39.8,,,
20260905T213539Z_p4-chaos-recover,cockroachdb,chaos-recover,thesis-extended,f4e8357c79a5ac7a69f21cf0b607ef79f3c48eec,2026-09-05T21:35:39.020181Z,2026-09-05T21:38:49.624501Z,2026-09-05T21:38:49.618334Z,126.0,130.285,100,1,update,594.1,546.3,0,117.4,151.0,159.4,176.2,,,
20260905T213539Z_p4-chaos-recover,cockroachdb,chaos-recover,thesis-extended,f4e8357c79a5ac7a69f21cf0b607ef79f3c48eec,2026-09-05T21:35:39.020181Z,2026-09-05T21:38:49.624501Z,2026-09-05T21:38:49.618334Z,127.0,131.282,100,1,read,2225.0,2174.9,0,16.3,31.5,39.8,56.6,,,
20260905T213539Z_p4-chaos-recover,cockroachdb,chaos-recover,thesis-extended,f4e8357c79a5ac7a69f21cf0b607ef79f3c48eec,2026-09-05T21:35:39.020181Z,2026-09-05T21:38:49.624501Z,2026-09-05T21:38:49.618334Z,127.0,131.282,100,1,update,522.8,546.1,0,121.6,151.0,167.8,176.2,,,
20260905T213539Z_p4-chaos-recover,cockroachdb,chaos-recover,thesis-extended,f4e8357c79a5ac7a69f21cf0b607ef79f3c48eec,2026-09-05T21:35:39.020181Z,2026-09-05T21:38:49.624501Z,2026-09-05T21:38:49.618334Z,128.0,132.282,100,1,read,2286.2,2175.8,0,11.5,28.3,37.7,109.1,,,
20260905T213539Z_p4-chaos-recover,cockroachdb,chaos-recover,thesis-extended,f4e8357c79a5ac7a69f21cf0b607ef79f3c48eec,2026-09-05T21:35:39.020181Z,2026-09-05T21:38:49.624501Z,2026-09-05T21:38:49.618334Z,128.0,132.282,100,1,update,548.6,546.1,0,130.0,159.4,167.8,184.5,,,
20260905T213539Z_p4-chaos-recover,cockroachdb,chaos-recover,thesis-extended,f4e8357c79a5ac7a69f21cf0b607ef79f3c48eec,2026-09-05T21:35:39.020181Z,2026-09-05T21:38:49.624501Z,2026-09-05T21:38:49.618334Z,129.0,133.282,100,1,read,1742.1,2172.5,0,18.9,50.3,60.8,121.6,,,
20260905T213539Z_p4-chaos-recover,cockroachdb,chaos-recover,thesis-extended,f4e8357c79a5ac7a69f21cf0b607ef79f3c48eec,2026-09-05T21:35:39.020181Z,2026-09-05T21:38:49.624501Z,2026-09-05T21:38:49.618334Z,129.0,133.282,100,1,update,448.0,545.4,0,142.6,209.7,226.5,243.3,,,
20260905T213539Z_p4-chaos-recover,cockroachdb,chaos-recover,thesis-extended,f4e8357c79a5ac7a69f21cf0b607ef79f3c48eec,2026-09-05T21:35:39.020181Z,2026-09-05T21:38:49.624501Z,2026-09-05T21:38:49.618334Z,130.0,134.281,100,1,read,2036.9,2171.4,0,16.8,37.7,52.4,71.3,,,
20260905T213539Z_p4-chaos-recover,cockroachdb,chaos-recover,thesis-extended,f4e8357c79a5ac7a69f21cf0b607ef79f3c48eec,2026-09-05T21:35:39.020181Z,2026-09-05T21:38:49.624501Z,2026-09-05T21:38:49.618334Z,130.0,134.281,100,1,update,490.7,544.9,0,125.8,167.8,184.5,192.9,,,
20260905T213539Z_p4-chaos-recover,cockroachdb,chaos-recover,thesis-extended,f4e8357c79a5ac7a69f21cf0b607ef79f3c48eec,2026-09-05T21:35:39.020181Z,2026-09-05T21:38:49.624501Z,2026-09-05T21:38:49.618334Z,131.0,135.282,100,1,read,2369.4,2172.9,0,9.4,26.2,33.6,41.9,,,
20260905T213539Z_p4-chaos-recover,cockroachdb,chaos-recover,thesis-extended,f4e8357c79a5ac7a69f21cf0b607ef79f3c48eec,2026-09-05T21:35:39.020181Z,2026-09-05T21:38:49.624501Z,2026-09-05T21:38:49.618334Z,131.0,135.282,100,1,update,621.9,545.5,0,117.4,151.0,159.4,167.8,,,
20260905T213539Z_p4-chaos-recover,cockroachdb,chaos-recover,thesis-extended,f4e8357c79a5ac7a69f21cf0b607ef79f3c48eec,2026-09-05T21:35:39.020181Z,2026-09-05T21:38:49.624501Z,2026-09-05T21:38:49.618334Z,132.0,136.283,100,1,read,2374.2,2174.4,0,9.4,24.1,33.6,44.0,,,
20260905T213539Z_p4-chaos-recover,cockroachdb,chaos-recover,thesis-extended,f4e8357c79a5ac7a69f21cf0b607ef79f3c48eec,2026-09-05T21:35:39.020181Z,2026-09-05T21:38:49.624501Z,2026-09-05T21:38:49.618334Z,132.0,136.283,100,1,update,635.8,546.2,0,121.6,151.0,167.8,184.5,,,
20260905T213539Z_p4-chaos-recover,cockroachdb,chaos-recover,thesis-extended,f4e8357c79a5ac7a69f21cf0b607ef79f3c48eec,2026-09-05T21:35:39.020181Z,2026-09-05T21:38:49.624501Z,2026-09-05T21:38:49.618334Z,133.0,137.283,100,1,read,2426.3,2176.3,0,10.5,28.3,39.8,142.6,,,
20260905T213539Z_p4-chaos-recover,cockroachdb,chaos-recover,thesis-extended,f4e8357c79a5ac7a69f21cf0b607ef79f3c48eec,2026-09-05T21:35:39.020181Z,2026-09-05T21:38:49.624501Z,2026-09-05T21:38:49.618334Z,133.0,137.283,100,1,update,560.6,546.3,0,125.8,159.4,176.2,192.9,,,
20260905T213539Z_p4-chaos-recover,cockroachdb,chaos-recover,thesis-extended,f4e8357c79a5ac7a69f21cf0b607ef79f3c48eec,2026-09-05T21:35:39.020181Z,2026-09-05T21:38:49.624501Z,2026-09-05T21:38:49.618334Z,134.0,138.28,100,1,read,2462.0,2178.5,0,10.0,24.1,30.4,39.8,,,
20260905T213539Z_p4-chaos-recover,cockroachdb,chaos-recover,thesis-extended,f4e8357c79a5ac7a69f21cf0b607ef79f3c48eec,2026-09-05T21:35:39.020181Z,2026-09-05T21:38:49.624501Z,2026-09-05T21:38:49.618334Z,134.0,138.28,100,1,update,608.5,546.8,0,121.6,151.0,167.8,184.5,,,
20260905T213539Z_p4-chaos-recover,cockroachdb,chaos-recover,thesis-extended,f4e8357c79a5ac7a69f21cf0b607ef79f3c48eec,2026-09-05T21:35:39.020181Z,2026-09-05T21:38:49.624501Z,2026-09-05T21:38:49.618334Z,135.0,139.281,100,1,read,2459.6,2180.6,0,11.0,25.2,31.5,46.1,,,
20260905T213539Z_p4-chaos-recover,cockroachdb,chaos-recover,thesis-extended,f4e8357c79a5ac7a69f21cf0b607ef79f3c48eec,2026-09-05T21:35:39.020181Z,2026-09-05T21:38:49.624501Z,2026-09-05T21:38:49.618334Z,135.0,139.281,100,1,update,618.1,547.3,0,117.4,142.6,151.0,192.9,,,
20260905T213539Z_p4-chaos-recover,cockroachdb,chaos-recover,thesis-extended,f4e8357c79a5ac7a69f21cf0b607ef79f3c48eec,2026-09-05T21:35:39.020181Z,2026-09-05T21:38:49.624501Z,2026-09-05T21:38:49.618334Z,136.0,140.281,100,1,read,2395.5,2182.1,0,10.5,27.3,35.7,79.7,,,
20260905T213539Z_p4-chaos-recover,cockroachdb,chaos-recover,thesis-extended,f4e8357c79a5ac7a69f21cf0b607ef79f3c48eec,2026-09-05T21:35:39.020181Z,2026-09-05T21:38:49.624501Z,2026-09-05T21:38:49.618334Z,136.0,140.281,100,1,update,598.9,547.7,0,125.8,151.0,167.8,184.5,,,
20260905T213539Z_p4-chaos-recover,cockroachdb,chaos-recover,thesis-extended,f4e8357c79a5ac7a69f21cf0b607ef79f3c48eec,2026-09-05T21:35:39.020181Z,2026-09-05T21:38:49.624501Z,2026-09-05T21:38:49.618334Z,137.0,141.283,100,1,read,2026.7,2181.0,0,15.2,35.7,52.4,100.7,,,
20260905T213539Z_p4-chaos-recover,cockroachdb,chaos-recover,thesis-extended,f4e8357c79a5ac7a69f21cf0b607ef79f3c48eec,2026-09-05T21:35:39.020181Z,2026-09-05T21:38:49.624501Z,2026-09-05T21:38:49.618334Z,137.0,141.283,100,1,update,511.2,547.4,0,130.0,176.2,192.9,218.1,,,
20260905T213539Z_p4-chaos-recover,cockroachdb,chaos-recover,thesis-extended,f4e8357c79a5ac7a69f21cf0b607ef79f3c48eec,2026-09-05T21:35:39.020181Z,2026-09-05T21:38:49.624501Z,2026-09-05T21:38:49.618334Z,138.0,142.281,100,1,read,2313.2,2182.0,0,11.0,28.3,41.9,65.0,,,
20260905T213539Z_p4-chaos-recover,cockroachdb,chaos-recover,thesis-extended,f4e8357c79a5ac7a69f21cf0b607ef79f3c48eec,2026-09-05T21:35:39.020181Z,2026-09-05T21:38:49.624501Z,2026-09-05T21:38:49.618334Z,138.0,142.281,100,1,update,574.8,547.6,0,121.6,159.4,176.2,184.5,,,
20260905T213539Z_p4-chaos-recover,cockroachdb,chaos-recover,thesis-extended,f4e8357c79a5ac7a69f21cf0b607ef79f3c48eec,2026-09-05T21:35:39.020181Z,2026-09-05T21:38:49.624501Z,2026-09-05T21:38:49.618334Z,139.0,143.282,100,1,read,1830.1,2179.4,0,17.8,54.5,71.3,83.9,,,
20260905T213539Z_p4-chaos-recover,cockroachdb,chaos-recover,thesis-extended,f4e8357c79a5ac7a69f21cf0b607ef79f3c48eec,2026-09-05T21:35:39.020181Z,2026-09-05T21:38:49.624501Z,2026-09-05T21:38:49.618334Z,139.0,143.282,100,1,update,484.8,547.2,0,121.6,176.2,192.9,218.1,,,
20260905T213539Z_p4-chaos-recover,cockroachdb,chaos-recover,thesis-extended,f4e8357c79a5ac7a69f21cf0b607ef79f3c48eec,2026-09-05T21:35:39.020181Z,2026-09-05T21:38:49.624501Z,2026-09-05T21:38:49.618334Z,140.0,144.282,100,1,read,2217.1,2179.7,0,12.1,27.3,33.6,56.6,,,
20260905T213539Z_p4-chaos-recover,cockroachdb,chaos-recover,thesis-extended,f4e8357c79a5ac7a69f21cf0b607ef79f3c48eec,2026-09-05T21:35:39.020181Z,2026-09-05T21:38:49.624501Z,2026-09-05T21:38:49.618334Z,140.0,144.282,100,1,update,556.0,547.2,0,130.0,159.4,176.2,184.5,,,
20260905T213539Z_p4-chaos-recover,cockroachdb,chaos-recover,thesis-extended,f4e8357c79a5ac7a69f21cf0b607ef79f3c48eec,2026-09-05T21:35:39.020181Z,2026-09-05T21:38:49.624501Z,2026-09-05T21:38:49.618334Z,141.0,145.284,100,1,read,2381.3,2181.1,0,8.9,25.2,39.8,60.8,,,
20260905T213539Z_p4-chaos-recover,cockroachdb,chaos-recover,thesis-extended,f4e8357c79a5ac7a69f21cf0b607ef79f3c48eec,2026-09-05T21:35:39.020181Z,2026-09-05T21:38:49.624501Z,2026-09-05T21:38:49.618334Z,141.0,145.284,100,1,update,614.3,547.7,0,125.8,159.4,176.2,192.9,,,
20260905T213539Z_p4-chaos-recover,cockroachdb,chaos-recover,thesis-extended,f4e8357c79a5ac7a69f21cf0b607ef79f3c48eec,2026-09-05T21:35:39.020181Z,2026-09-05T21:38:49.624501Z,2026-09-05T21:38:49.618334Z,142.0,146.287,100,1,read,2310.6,2182.0,0,8.4,24.1,32.5,54.5,,,
20260905T213539Z_p4-chaos-recover,cockroachdb,chaos-recover,thesis-extended,f4e8357c79a5ac7a69f21cf0b607ef79f3c48eec,2026-09-05T21:35:39.020181Z,2026-09-05T21:38:49.624501Z,2026-09-05T21:38:49.618334Z,142.0,146.287,100,1,update,646.6,548.4,0,121.6,151.0,159.4,176.2,,,
20260905T213539Z_p4-chaos-recover,cockroachdb,chaos-recover,thesis-extended,f4e8357c79a5ac7a69f21cf0b607ef79f3c48eec,2026-09-05T21:35:39.020181Z,2026-09-05T21:38:49.624501Z,2026-09-05T21:38:49.618334Z,143.0,147.281,100,1,read,2242.7,2182.5,0,13.1,27.3,35.7,92.3,,,
20260905T213539Z_p4-chaos-recover,cockroachdb,chaos-recover,thesis-extended,f4e8357c79a5ac7a69f21cf0b607ef79f3c48eec,2026-09-05T21:35:39.020181Z,2026-09-05T21:38:49.624501Z,2026-09-05T21:38:49.618334Z,143.0,147.281,100,1,update,568.4,548.5,0,117.4,151.0,159.4,167.8,,,
20260905T213539Z_p4-chaos-recover,cockroachdb,chaos-recover,thesis-extended,f4e8357c79a5ac7a69f21cf0b607ef79f3c48eec,2026-09-05T21:35:39.020181Z,2026-09-05T21:38:49.624501Z,2026-09-05T21:38:49.618334Z,144.0,148.283,100,1,read,2344.5,2183.6,0,9.4,26.2,33.6,54.5,,,
20260905T213539Z_p4-chaos-recover,cockroachdb,chaos-recover,thesis-extended,f4e8357c79a5ac7a69f21cf0b607ef79f3c48eec,2026-09-05T21:35:39.020181Z,2026-09-05T21:38:49.624501Z,2026-09-05T21:38:49.618334Z,144.0,148.283,100,1,update,600.6,548.9,0,125.8,167.8,176.2,184.5,,,
20260905T213539Z_p4-chaos-recover,cockroachdb,chaos-recover,thesis-extended,f4e8357c79a5ac7a69f21cf0b607ef79f3c48eec,2026-09-05T21:35:39.020181Z,2026-09-05T21:38:49.624501Z,2026-09-05T21:38:49.618334Z,145.0,149.283,100,1,read,2260.3,2184.1,0,9.4,25.2,33.6,41.9,,,
20260905T213539Z_p4-chaos-recover,cockroachdb,chaos-recover,thesis-extended,f4e8357c79a5ac7a69f21cf0b607ef79f3c48eec,2026-09-05T21:35:39.020181Z,2026-09-05T21:38:49.624501Z,2026-09-05T21:38:49.618334Z,145.0,149.283,100,1,update,595.8,549.2,0,125.8,159.4,184.5,192.9,,,
20260905T213539Z_p4-chaos-recover,cockroachdb,chaos-recover,thesis-extended,f4e8357c79a5ac7a69f21cf0b607ef79f3c48eec,2026-09-05T21:35:39.020181Z,2026-09-05T21:38:49.624501Z,2026-09-05T21:38:49.618334Z,146.0,150.281,100,1,read,2305.4,2184.9,0,10.5,26.2,35.7,50.3,,,
20260905T213539Z_p4-chaos-recover,cockroachdb,chaos-recover,thesis-extended,f4e8357c79a5ac7a69f21cf0b607ef79f3c48eec,2026-09-05T21:35:39.020181Z,2026-09-05T21:38:49.624501Z,2026-09-05T21:38:49.618334Z,146.0,150.281,100,1,update,570.3,549.4,0,125.8,167.8,176.2,192.9,,,
20260905T213539Z_p4-chaos-recover,cockroachdb,chaos-recover,thesis-extended,f4e8357c79a5ac7a69f21cf0b607ef79f3c48eec,2026-09-05T21:35:39.020181Z,2026-09-05T21:38:49.624501Z,2026-09-05T21:38:49.618334Z,147.0,151.283,100,1,read,1998.3,2183.7,0,14.7,30.4,41.9,109.1,,,
20260905T213539Z_p4-chaos-recover,cockroachdb,chaos-recover,thesis-extended,f4e8357c79a5ac7a69f21cf0b607ef79f3c48eec,2026-09-05T21:35:39.020181Z,2026-09-05T21:38:49.624501Z,2026-09-05T21:38:49.618334Z,147.0,151.283,100,1,update,552.1,549.4,0,134.2,167.8,184.5,192.9,,,
20260905T213539Z_p4-chaos-recover,cockroachdb,chaos-recover,thesis-extended,f4e8357c79a5ac7a69f21cf0b607ef79f3c48eec,2026-09-05T21:35:39.020181Z,2026-09-05T21:38:49.624501Z,2026-09-05T21:38:49.618334Z,148.0,152.282,100,1,read,2126.8,2183.3,0,15.7,35.7,54.5,62.9,,,
20260905T213539Z_p4-chaos-recover,cockroachdb,chaos-recover,thesis-extended,f4e8357c79a5ac7a69f21cf0b607ef79f3c48eec,2026-09-05T21:35:39.020181Z,2026-09-05T21:38:49.624501Z,2026-09-05T21:38:49.618334Z,148.0,152.282,100,1,update,483.9,548.9,0,130.0,167.8,176.2,201.3,,,
20260905T213539Z_p4-chaos-recover,cockroachdb,chaos-recover,thesis-extended,f4e8357c79a5ac7a69f21cf0b607ef79f3c48eec,2026-09-05T21:35:39.020181Z,2026-09-05T21:38:49.624501Z,2026-09-05T21:38:49.618334Z,149.0,153.283,100,1,read,1651.6,2179.7,0,18.9,44.0,56.6,75.5,,,
20260905T213539Z_p4-chaos-recover,cockroachdb,chaos-recover,thesis-extended,f4e8357c79a5ac7a69f21cf0b607ef79f3c48eec,2026-09-05T21:35:39.020181Z,2026-09-05T21:38:49.624501Z,2026-09-05T21:38:49.618334Z,149.0,153.283,100,1,update,417.9,548.1,0,159.4,251.7,285.2,285.2,,,
20260905T213539Z_p4-chaos-recover,cockroachdb,chaos-recover,thesis-extended,f4e8357c79a5ac7a69f21cf0b607ef79f3c48eec,2026-09-05T21:35:39.020181Z,2026-09-05T21:38:49.624501Z,2026-09-05T21:38:49.618334Z,150.0,154.282,100,1,read,2141.2,2179.5,0,15.2,29.4,39.8,67.1,,,
20260905T213539Z_p4-chaos-recover,cockroachdb,chaos-recover,thesis-extended,f4e8357c79a5ac7a69f21cf0b607ef79f3c48eec,2026-09-05T21:35:39.020181Z,2026-09-05T21:38:49.624501Z,2026-09-05T21:38:49.618334Z,150.0,154.282,100,1,update,492.3,547.7,0,125.8,159.4,176.2,184.5,,,
20260905T213539Z_p4-chaos-recover,cockroachdb,chaos-recover,thesis-extended,f4e8357c79a5ac7a69f21cf0b607ef79f3c48eec,2026-09-05T21:35:39.020181Z,2026-09-05T21:38:49.624501Z,2026-09-05T21:38:49.618334Z,151.0,155.284,100,1,read,2301.3,2180.3,0,11.5,29.4,39.8,50.3,,,
20260905T213539Z_p4-chaos-recover,cockroachdb,chaos-recover,thesis-extended,f4e8357c79a5ac7a69f21cf0b607ef79f3c48eec,2026-09-05T21:35:39.020181Z,2026-09-05T21:38:49.624501Z,2026-09-05T21:38:49.618334Z,151.0,155.284,100,1,update,574.8,547.9,0,130.0,167.8,176.2,184.5,,,
20260905T213539Z_p4-chaos-recover,cockroachdb,chaos-recover,thesis-extended,f4e8357c79a5ac7a69f21cf0b607ef79f3c48eec,2026-09-05T21:35:39.020181Z,2026-09-05T21:38:49.624501Z,2026-09-05T21:38:49.618334Z,152.0,156.283,100,1,read,1512.2,2175.9,0,27.3,50.3,56.6,83.9,,,
20260905T213539Z_p4-chaos-recover,cockroachdb,chaos-recover,thesis-extended,f4e8357c79a5ac7a69f21cf0b607ef79f3c48eec,2026-09-05T21:35:39.020181Z,2026-09-05T21:38:49.624501Z,2026-09-05T21:38:49.618334Z,152.0,156.283,100,1,update,420.1,547.0,0,142.6,167.8,176.2,192.9,,,
20260905T213539Z_p4-chaos-recover,cockroachdb,chaos-recover,thesis-extended,f4e8357c79a5ac7a69f21cf0b607ef79f3c48eec,2026-09-05T21:35:39.020181Z,2026-09-05T21:38:49.624501Z,2026-09-05T21:38:49.618334Z,153.0,157.284,100,1,read,1694.7,2172.7,0,21.0,52.4,65.0,75.5,,,
20260905T213539Z_p4-chaos-recover,cockroachdb,chaos-recover,thesis-extended,f4e8357c79a5ac7a69f21cf0b607ef79f3c48eec,2026-09-05T21:35:39.020181Z,2026-09-05T21:38:49.624501Z,2026-09-05T21:38:49.618334Z,153.0,157.284,100,1,update,438.4,546.3,0,142.6,184.5,201.3,201.3,,,
20260905T213539Z_p4-chaos-recover,cockroachdb,chaos-recover,thesis-extended,f4e8357c79a5ac7a69f21cf0b607ef79f3c48eec,2026-09-05T21:35:39.020181Z,2026-09-05T21:38:49.624501Z,2026-09-05T21:38:49.618334Z,154.0,158.285,100,1,read,2187.2,2172.8,0,13.1,31.5,44.0,60.8,,,
20260905T213539Z_p4-chaos-recover,cockroachdb,chaos-recover,thesis-extended,f4e8357c79a5ac7a69f21cf0b607ef79f3c48eec,2026-09-05T21:35:39.020181Z,2026-09-05T21:38:49.624501Z,2026-09-05T21:38:49.618334Z,154.0,158.285,100,1,update,524.8,546.2,0,130.0,176.2,184.5,192.9,,,
20260905T213539Z_p4-chaos-recover,cockroachdb,chaos-recover,thesis-extended,f4e8357c79a5ac7a69f21cf0b607ef79f3c48eec,2026-09-05T21:35:39.020181Z,2026-09-05T21:38:49.624501Z,2026-09-05T21:38:49.618334Z,155.0,159.28,100,1,read,2238.9,2173.2,0,10.0,25.2,35.7,56.6,,,
20260905T213539Z_p4-chaos-recover,cockroachdb,chaos-recover,thesis-extended,f4e8357c79a5ac7a69f21cf0b607ef79f3c48eec,2026-09-05T21:35:39.020181Z,2026-09-05T21:38:49.624501Z,2026-09-05T21:38:49.618334Z,155.0,159.28,100,1,update,572.0,546.3,0,130.0,159.4,176.2,192.9,,,
20260905T213539Z_p4-chaos-recover,cockroachdb,chaos-recover,thesis-extended,f4e8357c79a5ac7a69f21cf0b607ef79f3c48eec,2026-09-05T21:35:39.020181Z,2026-09-05T21:38:49.624501Z,2026-09-05T21:38:49.618334Z,156.0,160.283,100,1,read,2220.6,2173.6,0,11.5,25.2,35.7,121.6,,,
20260905T213539Z_p4-chaos-recover,cockroachdb,chaos-recover,thesis-extended,f4e8357c79a5ac7a69f21cf0b607ef79f3c48eec,2026-09-05T21:35:39.020181Z,2026-09-05T21:38:49.624501Z,2026-09-05T21:38:49.618334Z,156.0,160.283,100,1,update,624.0,546.9,0,121.6,151.0,159.4,226.5,,,
20260905T213539Z_p4-chaos-recover,cockroachdb,chaos-recover,thesis-extended,f4e8357c79a5ac7a69f21cf0b607ef79f3c48eec,2026-09-05T21:35:39.020181Z,2026-09-05T21:38:49.624501Z,2026-09-05T21:38:49.618334Z,157.0,161.283,100,1,read,2053.9,2172.8,0,12.6,30.4,39.8,50.3,,,
20260905T213539Z_p4-chaos-recover,cockroachdb,chaos-recover,thesis-extended,f4e8357c79a5ac7a69f21cf0b607ef79f3c48eec,2026-09-05T21:35:39.020181Z,2026-09-05T21:38:49.624501Z,2026-09-05T21:38:49.618334Z,157.0,161.283,100,1,update,540.2,546.8,0,130.0,167.8,184.5,201.3,,,
20260905T213539Z_p4-chaos-recover,cockroachdb,chaos-recover,thesis-extended,f4e8357c79a5ac7a69f21cf0b607ef79f3c48eec,2026-09-05T21:35:39.020181Z,2026-09-05T21:38:49.624501Z,2026-09-05T21:38:49.618334Z,158.0,162.281,100,1,read,2179.5,2172.8,0,10.5,26.2,35.7,79.7,,,
20260905T213539Z_p4-chaos-recover,cockroachdb,chaos-recover,thesis-extended,f4e8357c79a5ac7a69f21cf0b607ef79f3c48eec,2026-09-05T21:35:39.020181Z,2026-09-05T21:38:49.624501Z,2026-09-05T21:38:49.618334Z,158.0,162.281,100,1,update,616.7,547.2,0,125.8,151.0,167.8,184.5,,,
20260905T213539Z_p4-chaos-recover,cockroachdb,chaos-recover,thesis-extended,f4e8357c79a5ac7a69f21cf0b607ef79f3c48eec,2026-09-05T21:35:39.020181Z,2026-09-05T21:38:49.624501Z,2026-09-05T21:38:49.618334Z,159.0,163.28,100,1,read,1840.5,2170.7,0,16.3,60.8,79.7,88.1,,,
20260905T213539Z_p4-chaos-recover,cockroachdb,chaos-recover,thesis-extended,f4e8357c79a5ac7a69f21cf0b607ef79f3c48eec,2026-09-05T21:35:39.020181Z,2026-09-05T21:38:49.624501Z,2026-09-05T21:38:49.618334Z,159.0,163.28,100,1,update,465.9,546.7,0,121.6,192.9,218.1,234.9,,,
20260905T213539Z_p4-chaos-recover,cockroachdb,chaos-recover,thesis-extended,f4e8357c79a5ac7a69f21cf0b607ef79f3c48eec,2026-09-05T21:35:39.020181Z,2026-09-05T21:38:49.624501Z,2026-09-05T21:38:49.618334Z,160.0,164.283,100,1,read,2137.1,2170.5,0,16.3,39.8,71.3,83.9,,,
20260905T213539Z_p4-chaos-recover,cockroachdb,chaos-recover,thesis-extended,f4e8357c79a5ac7a69f21cf0b607ef79f3c48eec,2026-09-05T21:35:39.020181Z,2026-09-05T21:38:49.624501Z,2026-09-05T21:38:49.618334Z,160.0,164.283,100,1,update,485.0,546.3,0,125.8,176.2,218.1,218.1,,,
20260905T213539Z_p4-chaos-recover,cockroachdb,chaos-recover,thesis-extended,f4e8357c79a5ac7a69f21cf0b607ef79f3c48eec,2026-09-05T21:35:39.020181Z,2026-09-05T21:38:49.624501Z,2026-09-05T21:38:49.618334Z,161.0,165.28,100,1,read,2152.4,2170.4,0,14.2,28.3,35.7,100.7,,,
20260905T213539Z_p4-chaos-recover,cockroachdb,chaos-recover,thesis-extended,f4e8357c79a5ac7a69f21cf0b607ef79f3c48eec,2026-09-05T21:35:39.020181Z,2026-09-05T21:38:49.624501Z,2026-09-05T21:38:49.618334Z,161.0,165.28,100,1,update,551.1,546.4,0,125.8,167.8,176.2,184.5,,,
20260905T213539Z_p4-chaos-recover,cockroachdb,chaos-recover,thesis-extended,f4e8357c79a5ac7a69f21cf0b607ef79f3c48eec,2026-09-05T21:35:39.020181Z,2026-09-05T21:38:49.624501Z,2026-09-05T21:38:49.618334Z,162.0,166.281,100,1,read,2368.2,2171.6,0,11.5,27.3,33.6,50.3,,,
20260905T213539Z_p4-chaos-recover,cockroachdb,chaos-recover,thesis-extended,f4e8357c79a5ac7a69f21cf0b607ef79f3c48eec,2026-09-05T21:35:39.020181Z,2026-09-05T21:38:49.624501Z,2026-09-05T21:38:49.618334Z,162.0,166.281,100,1,update,575.1,546.6,0,117.4,142.6,151.0,167.8,,,
20260905T213539Z_p4-chaos-recover,cockroachdb,chaos-recover,thesis-extended,f4e8357c79a5ac7a69f21cf0b607ef79f3c48eec,2026-09-05T21:35:39.020181Z,2026-09-05T21:38:49.624501Z,2026-09-05T21:38:49.618334Z,163.0,167.283,100,1,read,2204.7,2171.8,0,8.9,23.1,32.5,79.7,,,
20260905T213539Z_p4-chaos-recover,cockroachdb,chaos-recover,thesis-extended,f4e8357c79a5ac7a69f21cf0b607ef79f3c48eec,2026-09-05T21:35:39.020181Z,2026-09-05T21:38:49.624501Z,2026-09-05T21:38:49.618334Z,163.0,167.283,100,1,update,636.9,547.1,0,121.6,151.0,176.2,176.2,,,
20260905T213539Z_p4-chaos-recover,cockroachdb,chaos-recover,thesis-extended,f4e8357c79a5ac7a69f21cf0b607ef79f3c48eec,2026-09-05T21:35:39.020181Z,2026-09-05T21:38:49.624501Z,2026-09-05T21:38:49.618334Z,164.0,168.351,100,1,read,2438.4,2173.5,0,8.9,25.2,32.5,46.1,,,
20260905T213539Z_p4-chaos-recover,cockroachdb,chaos-recover,thesis-extended,f4e8357c79a5ac7a69f21cf0b607ef79f3c48eec,2026-09-05T21:35:39.020181Z,2026-09-05T21:38:49.624501Z,2026-09-05T21:38:49.618334Z,164.0,168.351,100,1,update,601.1,547.4,0,130.0,159.4,167.8,176.2,,,
20260905T213539Z_p4-chaos-recover,cockroachdb,chaos-recover,thesis-extended,f4e8357c79a5ac7a69f21cf0b607ef79f3c48eec,2026-09-05T21:35:39.020181Z,2026-09-05T21:38:49.624501Z,2026-09-05T21:38:49.618334Z,165.0,169.286,100,1,read,2214.4,2173.7,0,12.1,28.3,33.6,52.4,,,
20260905T213539Z_p4-chaos-recover,cockroachdb,chaos-recover,thesis-extended,f4e8357c79a5ac7a69f21cf0b607ef79f3c48eec,2026-09-05T21:35:39.020181Z,2026-09-05T21:38:49.624501Z,2026-09-05T21:38:49.618334Z,165.0,169.286,100,1,update,566.9,547.6,0,125.8,151.0,167.8,192.9,,,
20260905T213539Z_p4-chaos-recover,cockroachdb,chaos-recover,thesis-extended,f4e8357c79a5ac7a69f21cf0b607ef79f3c48eec,2026-09-05T21:35:39.020181Z,2026-09-05T21:38:49.624501Z,2026-09-05T21:38:49.618334Z,166.0,170.284,100,1,read,2308.8,2174.5,0,12.6,29.4,37.7,75.5,,,
20260905T213539Z_p4-chaos-recover,cockroachdb,chaos-recover,thesis-extended,f4e8357c79a5ac7a69f21cf0b607ef79f3c48eec,2026-09-05T21:35:39.020181Z,2026-09-05T21:38:49.624501Z,2026-09-05T21:38:49.618334Z,166.0,170.284,100,1,update,575.2,547.7,0,117.4,151.0,159.4,184.5,,,
20260905T213539Z_p4-chaos-recover,cockroachdb,chaos-recover,thesis-extended,f4e8357c79a5ac7a69f21cf0b607ef79f3c48eec,2026-09-05T21:35:39.020181Z,2026-09-05T21:38:49.624501Z,2026-09-05T21:38:49.618334Z,167.0,171.283,100,1,read,2147.3,2174.4,0,15.2,32.5,46.1,75.5,,,
20260905T213539Z_p4-chaos-recover,cockroachdb,chaos-recover,thesis-extended,f4e8357c79a5ac7a69f21cf0b607ef79f3c48eec,2026-09-05T21:35:39.020181Z,2026-09-05T21:38:49.624501Z,2026-09-05T21:38:49.618334Z,167.0,171.283,100,1,update,532.1,547.6,0,121.6,151.0,167.8,176.2,,,
20260905T213539Z_p4-chaos-recover,cockroachdb,chaos-recover,thesis-extended,f4e8357c79a5ac7a69f21cf0b607ef79f3c48eec,2026-09-05T21:35:39.020181Z,2026-09-05T21:38:49.624501Z,2026-09-05T21:38:49.618334Z,168.0,172.283,100,1,read,2189.2,2174.5,0,10.0,26.2,33.6,71.3,,,
20260905T213539Z_p4-chaos-recover,cockroachdb,chaos-recover,thesis-extended,f4e8357c79a5ac7a69f21cf0b607ef79f3c48eec,2026-09-05T21:35:39.020181Z,2026-09-05T21:38:49.624501Z,2026-09-05T21:38:49.618334Z,168.0,172.283,100,1,update,633.9,548.1,0,125.8,159.4,167.8,176.2,,,
20260905T213539Z_p4-chaos-recover,cockroachdb,chaos-recover,thesis-extended,f4e8357c79a5ac7a69f21cf0b607ef79f3c48eec,2026-09-05T21:35:39.020181Z,2026-09-05T21:38:49.624501Z,2026-09-05T21:38:49.618334Z,169.0,173.283,100,1,read,1698.1,2171.6,0,21.0,75.5,96.5,117.4,,,
20260905T213539Z_p4-chaos-recover,cockroachdb,chaos-recover,thesis-extended,f4e8357c79a5ac7a69f21cf0b607ef79f3c48eec,2026-09-05T21:35:39.020181Z,2026-09-05T21:38:49.624501Z,2026-09-05T21:38:49.618334Z,169.0,173.283,100,1,update,370.0,547.1,0,151.0,209.7,218.1,260.0,,,
20260905T213539Z_p4-chaos-recover,cockroachdb,chaos-recover,thesis-extended,f4e8357c79a5ac7a69f21cf0b607ef79f3c48eec,2026-09-05T21:35:39.020181Z,2026-09-05T21:38:49.624501Z,2026-09-05T21:38:49.618334Z,170.0,174.282,100,1,read,2078.9,2171.1,0,17.8,37.7,48.2,65.0,,,
20260905T213539Z_p4-chaos-recover,cockroachdb,chaos-recover,thesis-extended,f4e8357c79a5ac7a69f21cf0b607ef79f3c48eec,2026-09-05T21:35:39.020181Z,2026-09-05T21:38:49.624501Z,2026-09-05T21:38:49.618334Z,170.0,174.282,100,1,update,481.7,546.7,0,130.0,167.8,184.5,243.3,,,
20260905T213539Z_p4-chaos-recover,cockroachdb,chaos-recover,thesis-extended,f4e8357c79a5ac7a69f21cf0b607ef79f3c48eec,2026-09-05T21:35:39.020181Z,2026-09-05T21:38:49.624501Z,2026-09-05T21:38:49.618334Z,171.0,175.285,100,1,read,2322.1,2172.0,0,10.5,26.2,33.6,50.3,,,
20260905T213539Z_p4-chaos-recover,cockroachdb,chaos-recover,thesis-extended,f4e8357c79a5ac7a69f21cf0b607ef79f3c48eec,2026-09-05T21:35:39.020181Z,2026-09-05T21:38:49.624501Z,2026-09-05T21:38:49.618334Z,171.0,175.285,100,1,update,583.3,546.9,0,121.6,151.0,159.4,184.5,,,
20260905T213539Z_p4-chaos-recover,cockroachdb,chaos-recover,thesis-extended,f4e8357c79a5ac7a69f21cf0b607ef79f3c48eec,2026-09-05T21:35:39.020181Z,2026-09-05T21:38:49.624501Z,2026-09-05T21:38:49.618334Z,172.0,176.289,100,1,read,2374.6,2173.2,0,10.5,25.2,32.5,54.5,,,
20260905T213539Z_p4-chaos-recover,cockroachdb,chaos-recover,thesis-extended,f4e8357c79a5ac7a69f21cf0b607ef79f3c48eec,2026-09-05T21:35:39.020181Z,2026-09-05T21:38:49.624501Z,2026-09-05T21:38:49.618334Z,172.0,176.289,100,1,update,597.6,547.2,0,130.0,159.4,176.2,209.7,,,
20260905T213539Z_p4-chaos-recover,cockroachdb,chaos-recover,thesis-extended,f4e8357c79a5ac7a69f21cf0b607ef79f3c48eec,2026-09-05T21:35:39.020181Z,2026-09-05T21:38:49.624501Z,2026-09-05T21:38:49.618334Z,173.0,177.282,100,1,read,2305.7,2173.9,0,13.1,27.3,32.5,62.9,,,
20260905T213539Z_p4-chaos-recover,cockroachdb,chaos-recover,thesis-extended,f4e8357c79a5ac7a69f21cf0b607ef79f3c48eec,2026-09-05T21:35:39.020181Z,2026-09-05T21:38:49.624501Z,2026-09-05T21:38:49.618334Z,173.0,177.282,100,1,update,578.4,547.4,0,117.4,151.0,159.4,167.8,,,
20260905T213539Z_p4-chaos-recover,cockroachdb,chaos-recover,thesis-extended,f4e8357c79a5ac7a69f21cf0b607ef79f3c48eec,2026-09-05T21:35:39.020181Z,2026-09-05T21:38:49.624501Z,2026-09-05T21:38:49.618334Z,174.0,178.283,100,1,read,2356.0,2175.0,0,10.0,26.2,33.6,41.9,,,
20260905T213539Z_p4-chaos-recover,cockroachdb,chaos-recover,thesis-extended,f4e8357c79a5ac7a69f21cf0b607ef79f3c48eec,2026-09-05T21:35:39.020181Z,2026-09-05T21:38:49.624501Z,2026-09-05T21:38:49.618334Z,174.0,178.283,100,1,update,608.0,547.7,0,125.8,159.4,167.8,176.2,,,
20260905T213539Z_p4-chaos-recover,cockroachdb,chaos-recover,thesis-extended,f4e8357c79a5ac7a69f21cf0b607ef79f3c48eec,2026-09-05T21:35:39.020181Z,2026-09-05T21:38:49.624501Z,2026-09-05T21:38:49.618334Z,175.0,179.285,100,1,read,2297.4,2175.7,0,11.5,26.2,35.7,44.0,,,
20260905T213539Z_p4-chaos-recover,cockroachdb,chaos-recover,thesis-extended,f4e8357c79a5ac7a69f21cf0b607ef79f3c48eec,2026-09-05T21:35:39.020181Z,2026-09-05T21:38:49.624501Z,2026-09-05T21:38:49.618334Z,175.0,179.285,100,1,update,575.8,547.9,0,121.6,151.0,159.4,176.2,,,
20260905T213539Z_p4-chaos-recover,cockroachdb,chaos-recover,thesis-extended,f4e8357c79a5ac7a69f21cf0b607ef79f3c48eec,2026-09-05T21:35:39.020181Z,2026-09-05T21:38:49.624501Z,2026-09-05T21:38:49.618334Z,176.0,180.283,100,1,read,2344.8,2176.6,0,9.4,29.4,37.7,67.1,,,
20260905T213539Z_p4-chaos-recover,cockroachdb,chaos-recover,thesis-extended,f4e8357c79a5ac7a69f21cf0b607ef79f3c48eec,2026-09-05T21:35:39.020181Z,2026-09-05T21:38:49.624501Z,2026-09-05T21:38:49.618334Z,176.0,180.283,100,1,update,546.0,547.9,0,142.6,184.5,209.7,226.5,,,
20260905T213539Z_p4-chaos-recover,cockroachdb,chaos-recover,thesis-extended,f4e8357c79a5ac7a69f21cf0b607ef79f3c48eec,2026-09-05T21:35:39.020181Z,2026-09-05T21:38:49.624501Z,2026-09-05T21:38:49.618334Z,177.0,181.283,100,1,read,2180.5,2176.6,0,14.2,30.4,39.8,79.7,,,
20260905T213539Z_p4-chaos-recover,cockroachdb,chaos-recover,thesis-extended,f4e8357c79a5ac7a69f21cf0b607ef79f3c48eec,2026-09-05T21:35:39.020181Z,2026-09-05T21:38:49.624501Z,2026-09-05T21:38:49.618334Z,177.0,181.283,100,1,update,520.9,547.7,0,125.8,159.4,184.5,192.9,,,
20260905T213539Z_p4-chaos-recover,cockroachdb,chaos-recover,thesis-extended,f4e8357c79a5ac7a69f21cf0b607ef79f3c48eec,2026-09-05T21:35:39.020181Z,2026-09-05T21:38:49.624501Z,2026-09-05T21:38:49.618334Z,178.0,182.282,100,1,read,2230.4,2176.9,0,11.5,28.3,35.7,62.9,,,
20260905T213539Z_p4-chaos-recover,cockroachdb,chaos-recover,thesis-extended,f4e8357c79a5ac7a69f21cf0b607ef79f3c48eec,2026-09-05T21:35:39.020181Z,2026-09-05T21:38:49.624501Z,2026-09-05T21:38:49.618334Z,178.0,182.282,100,1,update,592.4,548.0,0,125.8,167.8,176.2,184.5,,,
20260905T213539Z_p4-chaos-recover,cockroachdb,chaos-recover,thesis-extended,f4e8357c79a5ac7a69f21cf0b607ef79f3c48eec,2026-09-05T21:35:39.020181Z,2026-09-05T21:38:49.624501Z,2026-09-05T21:38:49.618334Z,179.0,183.283,100,1,read,1717.4,2174.4,0,18.9,56.6,71.3,142.6,,,
20260905T213539Z_p4-chaos-recover,cockroachdb,chaos-recover,thesis-extended,f4e8357c79a5ac7a69f21cf0b607ef79f3c48eec,2026-09-05T21:35:39.020181Z,2026-09-05T21:38:49.624501Z,2026-09-05T21:38:49.618334Z,179.0,183.283,100,1,update,417.9,547.3,0,142.6,218.1,251.7,251.7,,,
20260905T213539Z_p4-chaos-recover,cockroachdb,chaos-recover,thesis-extended,f4e8357c79a5ac7a69f21cf0b607ef79f3c48eec,2026-09-05T21:35:39.020181Z,2026-09-05T21:38:49.624501Z,2026-09-05T21:38:49.618334Z,180.0,184.284,100,1,read,2129.1,2174.1,0,17.8,32.5,39.8,50.3,,,
20260905T213539Z_p4-chaos-recover,cockroachdb,chaos-recover,thesis-extended,f4e8357c79a5ac7a69f21cf0b607ef79f3c48eec,2026-09-05T21:35:39.020181Z,2026-09-05T21:38:49.624501Z,2026-09-05T21:38:49.618334Z,180.0,184.284,100,1,update,515.0,547.1,0,121.6,151.0,159.4,167.8,,,
20260907T171515Z_p4-chaos-recover,cockroachdb,chaos-recover,thesis,01ff85c294945c8138a8326bbe68c7055b3604d1,2026-09-07T17:15:15.865671Z,2026-09-07T17:22:18.235052Z,2026-09-07T17:22:18.234623Z,1.0,273.558,100,1,read,5.0,1346.8,0,3.1,176.2,637.5,704.6,,,
20260907T171515Z_p4-chaos-recover,cockroachdb,chaos-recover,thesis,01ff85c294945c8138a8326bbe68c7055b3604d1,2026-09-07T17:15:15.865671Z,2026-09-07T17:22:18.235052Z,2026-09-07T17:22:18.234623Z,1.0,273.558,100,1,update,1.0,257.0,0,79.7,302.0,335.5,838.9,,,
20260907T171515Z_p4-chaos-recover,cockroachdb,chaos-recover,thesis,01ff85c294945c8138a8326bbe68c7055b3604d1,2026-09-07T17:15:15.865671Z,2026-09-07T17:22:18.235052Z,2026-09-07T17:22:18.234623Z,2.0,274.554,100,1,read,1350.2,1348.5,0,1.8,151.0,453.0,469.8,,,
20260907T171515Z_p4-chaos-recover,cockroachdb,chaos-recover,thesis,01ff85c294945c8138a8326bbe68c7055b3604d1,2026-09-07T17:15:15.865671Z,2026-09-07T17:22:18.235052Z,2026-09-07T17:22:18.234623Z,2.0,274.554,100,1,update,347.8,302.4,0,75.5,302.0,771.8,1040.2,,,
20260907T171515Z_p4-chaos-recover,cockroachdb,chaos-recover,thesis,01ff85c294945c8138a8326bbe68c7055b3604d1,2026-09-07T17:15:15.865671Z,2026-09-07T17:22:18.235052Z,2026-09-07T17:22:18.234623Z,3.0,275.657,100,1,read,1322.2,1339.7,0,1.9,419.4,469.8,604.0,,,
20260907T171515Z_p4-chaos-recover,cockroachdb,chaos-recover,thesis,01ff85c294945c8138a8326bbe68c7055b3604d1,2026-09-07T17:15:15.865671Z,2026-09-07T17:22:18.235052Z,2026-09-07T17:22:18.234623Z,3.0,275.657,100,1,update,345.1,316.6,0,75.5,302.0,771.8,906.0,,,
20260907T171515Z_p4-chaos-recover,cockroachdb,chaos-recover,thesis,01ff85c294945c8138a8326bbe68c7055b3604d1,2026-09-07T17:15:15.865671Z,2026-09-07T17:22:18.235052Z,2026-09-07T17:22:18.234623Z,4.0,276.554,100,1,read,1284.0,1325.9,0,1.8,151.0,453.0,469.8,,,
20260907T171515Z_p4-chaos-recover,cockroachdb,chaos-recover,thesis,01ff85c294945c8138a8326bbe68c7055b3604d1,2026-09-07T17:15:15.865671Z,2026-09-07T17:22:18.235052Z,2026-09-07T17:22:18.234623Z,4.0,276.554,100,1,update,358.0,327.0,0,75.5,704.6,771.8,771.8,,,
20260907T171515Z_p4-chaos-recover,cockroachdb,chaos-recover,thesis,01ff85c294945c8138a8326bbe68c7055b3604d1,2026-09-07T17:15:15.865671Z,2026-09-07T17:22:18.235052Z,2026-09-07T17:22:18.234623Z,5.0,277.605,100,1,read,1261.2,1312.9,0,1.8,419.4,453.0,469.8,,,
20260907T171515Z_p4-chaos-recover,cockroachdb,chaos-recover,thesis,01ff85c294945c8138a8326bbe68c7055b3604d1,2026-09-07T17:15:15.865671Z,2026-09-07T17:22:18.235052Z,2026-09-07T17:22:18.234623Z,5.0,277.605,100,1,update,350.1,331.6,0,75.5,302.0,771.8,771.8,,,
20260907T171515Z_p4-chaos-recover,cockroachdb,chaos-recover,thesis,01ff85c294945c8138a8326bbe68c7055b3604d1,2026-09-07T17:15:15.865671Z,2026-09-07T17:22:18.235052Z,2026-09-07T17:22:18.234623Z,6.0,278.753,100,1,read,1438.7,1333.9,0,1.8,151.0,453.0,469.8,,,
20260907T171515Z_p4-chaos-recover,cockroachdb,chaos-recover,thesis,01ff85c294945c8138a8326bbe68c7055b3604d1,2026-09-07T17:15:15.865671Z,2026-09-07T17:22:18.235052Z,2026-09-07T17:22:18.234623Z,6.0,278.753,100,1,update,351.9,335.0,0,75.5,704.6,771.8,771.8,,,
20260908T003610Z_p4-chaos-recover,cockroachdb,chaos-recover,thesis,01ff85c294945c8138a8326bbe68c7055b3604d1,2026-09-08T00:36:10.884170Z,2026-09-08T00:40:26.750633Z,2026-09-08T00:40:26.746952Z,1.0,70.388,100,1,read,14.3,949.3,0,58.7,151.0,176.2,184.5,,,
20260908T003610Z_p4-chaos-recover,cockroachdb,chaos-recover,thesis,01ff85c294945c8138a8326bbe68c7055b3604d1,2026-09-08T00:36:10.884170Z,2026-09-08T00:40:26.750633Z,2026-09-08T00:40:26.746952Z,1.0,70.388,100,1,update,2.9,191.8,0,159.4,243.3,285.2,302.0,,,
20260908T003610Z_p4-chaos-recover,cockroachdb,chaos-recover,thesis,01ff85c294945c8138a8326bbe68c7055b3604d1,2026-09-08T00:36:10.884170Z,2026-09-08T00:40:26.750633Z,2026-09-08T00:40:26.746952Z,2.0,71.387,100,1,read,1066.4,1007.7,0,56.6,71.3,75.5,79.7,,,
20260908T003610Z_p4-chaos-recover,cockroachdb,chaos-recover,thesis,01ff85c294945c8138a8326bbe68c7055b3604d1,2026-09-08T00:36:10.884170Z,2026-09-08T00:40:26.750633Z,2026-09-08T00:40:26.746952Z,2.0,71.387,100,1,update,249.1,220.4,0,159.4,176.2,176.2,184.5,,,
20260908T003610Z_p4-chaos-recover,cockroachdb,chaos-recover,thesis,01ff85c294945c8138a8326bbe68c7055b3604d1,2026-09-08T00:36:10.884170Z,2026-09-08T00:40:26.750633Z,2026-09-08T00:40:26.746952Z,3.0,72.387,100,1,read,1002.1,1005.9,0,56.6,67.1,71.3,75.5,,,
20260908T003610Z_p4-chaos-recover,cockroachdb,chaos-recover,thesis,01ff85c294945c8138a8326bbe68c7055b3604d1,2026-09-08T00:36:10.884170Z,2026-09-08T00:40:26.750633Z,2026-09-08T00:40:26.746952Z,3.0,72.387,100,1,update,274.0,238.3,0,159.4,176.2,176.2,192.9,,,
20260908T003610Z_p4-chaos-recover,cockroachdb,chaos-recover,thesis,01ff85c294945c8138a8326bbe68c7055b3604d1,2026-09-08T00:36:10.884170Z,2026-09-08T00:40:26.750633Z,2026-09-08T00:40:26.746952Z,4.0,73.388,100,1,read,1098.2,1028.9,0,54.5,65.0,75.5,79.7,,,
20260908T003610Z_p4-chaos-recover,cockroachdb,chaos-recover,thesis,01ff85c294945c8138a8326bbe68c7055b3604d1,2026-09-08T00:36:10.884170Z,2026-09-08T00:40:26.750633Z,2026-09-08T00:40:26.746952Z,4.0,73.388,100,1,update,265.1,245.0,0,159.4,167.8,176.2,176.2,,,
20260908T003610Z_p4-chaos-recover,cockroachdb,chaos-recover,thesis,01ff85c294945c8138a8326bbe68c7055b3604d1,2026-09-08T00:36:10.884170Z,2026-09-08T00:40:26.750633Z,2026-09-08T00:40:26.746952Z,5.0,74.388,100,1,read,768.3,976.8,0,75.5,109.1,121.6,125.8,,,
20260908T003610Z_p4-chaos-recover,cockroachdb,chaos-recover,thesis,01ff85c294945c8138a8326bbe68c7055b3604d1,2026-09-08T00:36:10.884170Z,2026-09-08T00:40:26.750633Z,2026-09-08T00:40:26.746952Z,5.0,74.388,100,1,update,213.8,238.8,0,192.9,234.9,243.3,260.0,,,
20260908T003610Z_p4-chaos-recover,cockroachdb,chaos-recover,thesis,01ff85c294945c8138a8326bbe68c7055b3604d1,2026-09-08T00:36:10.884170Z,2026-09-08T00:40:26.750633Z,2026-09-08T00:40:26.746952Z,6.0,75.388,100,1,read,781.3,944.2,0,75.5,109.1,151.0,167.8,,,
20260908T003610Z_p4-chaos-recover,cockroachdb,chaos-recover,thesis,01ff85c294945c8138a8326bbe68c7055b3604d1,2026-09-08T00:36:10.884170Z,2026-09-08T00:40:26.750633Z,2026-09-08T00:40:26.746952Z,6.0,75.388,100,1,update,201.1,232.5,0,192.9,285.2,302.0,302.0,,,
20260908T003610Z_p4-chaos-recover,cockroachdb,chaos-recover,thesis,01ff85c294945c8138a8326bbe68c7055b3604d1,2026-09-08T00:36:10.884170Z,2026-09-08T00:40:26.750633Z,2026-09-08T00:40:26.746952Z,7.0,76.387,100,1,read,1020.7,955.1,0,56.6,67.1,71.3,75.5,,,
20260908T003610Z_p4-chaos-recover,cockroachdb,chaos-recover,thesis,01ff85c294945c8138a8326bbe68c7055b3604d1,2026-09-08T00:36:10.884170Z,2026-09-08T00:40:26.750633Z,2026-09-08T00:40:26.746952Z,7.0,76.387,100,1,update,262.2,236.7,0,159.4,201.3,234.9,251.7,,,
20260908T003610Z_p4-chaos-recover,cockroachdb,chaos-recover,thesis,01ff85c294945c8138a8326bbe68c7055b3604d1,2026-09-08T00:36:10.884170Z,2026-09-08T00:40:26.750633Z,2026-09-08T00:40:26.746952Z,8.0,77.387,100,1,read,979.8,958.2,0,56.6,65.0,71.3,79.7,,,
20260908T003610Z_p4-chaos-recover,cockroachdb,chaos-recover,thesis,01ff85c294945c8138a8326bbe68c7055b3604d1,2026-09-08T00:36:10.884170Z,2026-09-08T00:40:26.750633Z,2026-09-08T00:40:26.746952Z,8.0,77.387,100,1,update,287.9,243.1,0,159.4,167.8,176.2,176.2,,,
20260908T003610Z_p4-chaos-recover,cockroachdb,chaos-recover,thesis,01ff85c294945c8138a8326bbe68c7055b3604d1,2026-09-08T00:36:10.884170Z,2026-09-08T00:40:26.750633Z,2026-09-08T00:40:26.746952Z,9.0,78.387,100,1,read,1080.6,971.8,0,58.7,71.3,79.7,104.9,,,
20260908T003610Z_p4-chaos-recover,cockroachdb,chaos-recover,thesis,01ff85c294945c8138a8326bbe68c7055b3604d1,2026-09-08T00:36:10.884170Z,2026-09-08T00:40:26.750633Z,2026-09-08T00:40:26.746952Z,9.0,78.387,100,1,update,225.9,241.2,0,159.4,184.5,192.9,209.7,,,
20260908T003610Z_p4-chaos-recover,cockroachdb,chaos-recover,thesis,01ff85c294945c8138a8326bbe68c7055b3604d1,2026-09-08T00:36:10.884170Z,2026-09-08T00:40:26.750633Z,2026-09-08T00:40:26.746952Z,10.0,79.388,100,1,read,987.4,973.4,0,58.7,67.1,75.5,83.9,,,
20260908T003610Z_p4-chaos-recover,cockroachdb,chaos-recover,thesis,01ff85c294945c8138a8326bbe68c7055b3604d1,2026-09-08T00:36:10.884170Z,2026-09-08T00:40:26.750633Z,2026-09-08T00:40:26.746952Z,10.0,79.388,100,1,update,281.1,245.2,0,159.4,176.2,184.5,192.9,,,
20260908T003610Z_p4-chaos-recover,cockroachdb,chaos-recover,thesis,01ff85c294945c8138a8326bbe68c7055b3604d1,2026-09-08T00:36:10.884170Z,2026-09-08T00:40:26.750633Z,2026-09-08T00:40:26.746952Z,11.0,80.387,100,1,read,993.1,975.2,0,56.6,62.9,65.0,71.3,,,
20260908T003610Z_p4-chaos-recover,cockroachdb,chaos-recover,thesis,01ff85c294945c8138a8326bbe68c7055b3604d1,2026-09-08T00:36:10.884170Z,2026-09-08T00:40:26.750633Z,2026-09-08T00:40:26.746952Z,11.0,80.387,100,1,update,285.0,248.8,0,159.4,167.8,167.8,176.2,,,
20260908T003610Z_p4-chaos-recover,cockroachdb,chaos-recover,thesis,01ff85c294945c8138a8326bbe68c7055b3604d1,2026-09-08T00:36:10.884170Z,2026-09-08T00:40:26.750633Z,2026-09-08T00:40:26.746952Z,12.0,81.394,100,1,read,983.5,975.9,0,58.7,71.3,79.7,88.1,,,
20260908T003610Z_p4-chaos-recover,cockroachdb,chaos-recover,thesis,01ff85c294945c8138a8326bbe68c7055b3604d1,2026-09-08T00:36:10.884170Z,2026-09-08T00:40:26.750633Z,2026-09-08T00:40:26.746952Z,12.0,81.394,100,1,update,261.9,249.9,0,159.4,184.5,192.9,201.3,,,
20260908T003610Z_p4-chaos-recover,cockroachdb,chaos-recover,thesis,01ff85c294945c8138a8326bbe68c7055b3604d1,2026-09-08T00:36:10.884170Z,2026-09-08T00:40:26.750633Z,2026-09-08T00:40:26.746952Z,13.0,82.388,100,1,read,1057.5,982.1,0,58.7,71.3,75.5,75.5,,,
20260908T003610Z_p4-chaos-recover,cockroachdb,chaos-recover,thesis,01ff85c294945c8138a8326bbe68c7055b3604d1,2026-09-08T00:36:10.884170Z,2026-09-08T00:40:26.750633Z,2026-09-08T00:40:26.746952Z,13.0,82.388,100,1,update,241.1,249.2,0,159.4,176.2,192.9,192.9,,,
20260908T003610Z_p4-chaos-recover,cockroachdb,chaos-recover,thesis,01ff85c294945c8138a8326bbe68c7055b3604d1,2026-09-08T00:36:10.884170Z,2026-09-08T00:40:26.750633Z,2026-09-08T00:40:26.746952Z,14.0,83.388,100,1,read,986.1,982.4,0,56.6,67.1,75.5,79.7,,,
20260908T003610Z_p4-chaos-recover,cockroachdb,chaos-recover,thesis,01ff85c294945c8138a8326bbe68c7055b3604d1,2026-09-08T00:36:10.884170Z,2026-09-08T00:40:26.750633Z,2026-09-08T00:40:26.746952Z,14.0,83.388,100,1,update,271.0,250.8,0,159.4,201.3,243.3,251.7,,,
20260908T003610Z_p4-chaos-recover,cockroachdb,chaos-recover,thesis,01ff85c294945c8138a8326bbe68c7055b3604d1,2026-09-08T00:36:10.884170Z,2026-09-08T00:40:26.750633Z,2026-09-08T00:40:26.746952Z,15.0,84.387,100,1,read,1048.7,986.8,0,58.7,75.5,79.7,83.9,,,
20260908T003610Z_p4-chaos-recover,cockroachdb,chaos-recover,thesis,01ff85c294945c8138a8326bbe68c7055b3604d1,2026-09-08T00:36:10.884170Z,2026-09-08T00:40:26.750633Z,2026-09-08T00:40:26.746952Z,15.0,84.387,100,1,update,235.9,249.8,0,159.4,184.5,184.5,192.9,,,
20260908T003610Z_p4-chaos-recover,cockroachdb,chaos-recover,thesis,01ff85c294945c8138a8326bbe68c7055b3604d1,2026-09-08T00:36:10.884170Z,2026-09-08T00:40:26.750633Z,2026-09-08T00:40:26.746952Z,16.0,85.387,100,1,read,1012.0,988.4,0,58.7,75.5,83.9,96.5,,,
20260908T003610Z_p4-chaos-recover,cockroachdb,chaos-recover,thesis,01ff85c294945c8138a8326bbe68c7055b3604d1,2026-09-08T00:36:10.884170Z,2026-09-08T00:40:26.750633Z,2026-09-08T00:40:26.746952Z,16.0,85.387,100,1,update,234.0,248.8,0,167.8,201.3,209.7,218.1,,,
20260908T003610Z_p4-chaos-recover,cockroachdb,chaos-recover,thesis,01ff85c294945c8138a8326bbe68c7055b3604d1,2026-09-08T00:36:10.884170Z,2026-09-08T00:40:26.750633Z,2026-09-08T00:40:26.746952Z,17.0,86.388,100,1,read,964.1,987.0,0,60.8,88.1,100.7,121.6,,,
20260908T003610Z_p4-chaos-recover,cockroachdb,chaos-recover,thesis,01ff85c294945c8138a8326bbe68c7055b3604d1,2026-09-08T00:36:10.884170Z,2026-09-08T00:40:26.750633Z,2026-09-08T00:40:26.746952Z,17.0,86.388,100,1,update,231.0,247.8,0,167.8,192.9,209.7,209.7,,,
20260908T003610Z_p4-chaos-recover,cockroachdb,chaos-recover,thesis,01ff85c294945c8138a8326bbe68c7055b3604d1,2026-09-08T00:36:10.884170Z,2026-09-08T00:40:26.750633Z,2026-09-08T00:40:26.746952Z,18.0,87.388,100,1,read,961.9,985.6,0,58.7,83.9,104.9,121.6,,,
20260908T003610Z_p4-chaos-recover,cockroachdb,chaos-recover,thesis,01ff85c294945c8138a8326bbe68c7055b3604d1,2026-09-08T00:36:10.884170Z,2026-09-08T00:40:26.750633Z,2026-09-08T00:40:26.746952Z,18.0,87.388,100,1,update,248.0,247.8,0,167.8,218.1,243.3,251.7,,,
20260908T003610Z_p4-chaos-recover,cockroachdb,chaos-recover,thesis,01ff85c294945c8138a8326bbe68c7055b3604d1,2026-09-08T00:36:10.884170Z,2026-09-08T00:40:26.750633Z,2026-09-08T00:40:26.746952Z,19.0,88.39,100,1,read,1026.5,987.7,0,58.7,67.1,75.5,83.9,,,
20260908T003610Z_p4-chaos-recover,cockroachdb,chaos-recover,thesis,01ff85c294945c8138a8326bbe68c7055b3604d1,2026-09-08T00:36:10.884170Z,2026-09-08T00:40:26.750633Z,2026-09-08T00:40:26.746952Z,19.0,88.39,100,1,update,255.9,248.2,0,159.4,176.2,176.2,184.5,,,
20260908T003610Z_p4-chaos-recover,cockroachdb,chaos-recover,thesis,01ff85c294945c8138a8326bbe68c7055b3604d1,2026-09-08T00:36:10.884170Z,2026-09-08T00:40:26.750633Z,2026-09-08T00:40:26.746952Z,20.0,89.39,100,1,read,1090.0,992.9,0,54.5,62.9,71.3,75.5,,,
20260908T003610Z_p4-chaos-recover,cockroachdb,chaos-recover,thesis,01ff85c294945c8138a8326bbe68c7055b3604d1,2026-09-08T00:36:10.884170Z,2026-09-08T00:40:26.750633Z,2026-09-08T00:40:26.746952Z,20.0,89.39,100,1,update,260.0,248.8,0,159.4,167.8,167.8,176.2,,,
20260908T003610Z_p4-chaos-recover,cockroachdb,chaos-recover,thesis,01ff85c294945c8138a8326bbe68c7055b3604d1,2026-09-08T00:36:10.884170Z,2026-09-08T00:40:26.750633Z,2026-09-08T00:40:26.746952Z,21.0,90.388,100,1,read,1013.8,993.8,0,56.6,62.9,71.3,75.5,,,
20260908T003610Z_p4-chaos-recover,cockroachdb,chaos-recover,thesis,01ff85c294945c8138a8326bbe68c7055b3604d1,2026-09-08T00:36:10.884170Z,2026-09-08T00:40:26.750633Z,2026-09-08T00:40:26.746952Z,21.0,90.388,100,1,update,277.2,250.1,0,159.4,176.2,184.5,184.5,,,
20260908T003610Z_p4-chaos-recover,cockroachdb,chaos-recover,thesis,01ff85c294945c8138a8326bbe68c7055b3604d1,2026-09-08T00:36:10.884170Z,2026-09-08T00:40:26.750633Z,2026-09-08T00:40:26.746952Z,22.0,91.389,100,1,read,1041.4,996.0,0,54.5,62.9,65.0,71.3,,,
20260908T003610Z_p4-chaos-recover,cockroachdb,chaos-recover,thesis,01ff85c294945c8138a8326bbe68c7055b3604d1,2026-09-08T00:36:10.884170Z,2026-09-08T00:40:26.750633Z,2026-09-08T00:40:26.746952Z,22.0,91.389,100,1,update,268.9,251.0,0,159.4,167.8,167.8,167.8,,,
20260908T003610Z_p4-chaos-recover,cockroachdb,chaos-recover,thesis,01ff85c294945c8138a8326bbe68c7055b3604d1,2026-09-08T00:36:10.884170Z,2026-09-08T00:40:26.750633Z,2026-09-08T00:40:26.746952Z,23.0,92.393,100,1,read,1029.3,997.5,0,54.5,60.8,67.1,75.5,,,
20260908T003610Z_p4-chaos-recover,cockroachdb,chaos-recover,thesis,01ff85c294945c8138a8326bbe68c7055b3604d1,2026-09-08T00:36:10.884170Z,2026-09-08T00:40:26.750633Z,2026-09-08T00:40:26.746952Z,23.0,92.393,100,1,update,296.1,253.0,0,159.4,176.2,176.2,184.5,,,
20260908T003610Z_p4-chaos-recover,cockroachdb,chaos-recover,thesis,01ff85c294945c8138a8326bbe68c7055b3604d1,2026-09-08T00:36:10.884170Z,2026-09-08T00:40:26.750633Z,2026-09-08T00:40:26.746952Z,24.0,93.387,100,1,read,1059.2,1000.0,0,54.5,60.8,62.9,121.6,,,
20260908T003610Z_p4-chaos-recover,cockroachdb,chaos-recover,thesis,01ff85c294945c8138a8326bbe68c7055b3604d1,2026-09-08T00:36:10.884170Z,2026-09-08T00:40:26.750633Z,2026-09-08T00:40:26.746952Z,24.0,93.387,100,1,update,270.1,253.7,0,159.4,167.8,167.8,167.8,,,
20260908T003610Z_p4-chaos-recover,cockroachdb,chaos-recover,thesis,01ff85c294945c8138a8326bbe68c7055b3604d1,2026-09-08T00:36:10.884170Z,2026-09-08T00:40:26.750633Z,2026-09-08T00:40:26.746952Z,25.0,94.388,100,1,read,1037.2,1001.5,0,56.6,67.1,75.5,88.1,,,
20260908T003610Z_p4-chaos-recover,cockroachdb,chaos-recover,thesis,01ff85c294945c8138a8326bbe68c7055b3604d1,2026-09-08T00:36:10.884170Z,2026-09-08T00:40:26.750633Z,2026-09-08T00:40:26.746952Z,25.0,94.388,100,1,update,245.8,253.4,0,159.4,218.1,234.9,243.3,,,
20260908T003610Z_p4-chaos-recover,cockroachdb,chaos-recover,thesis,01ff85c294945c8138a8326bbe68c7055b3604d1,2026-09-08T00:36:10.884170Z,2026-09-08T00:40:26.750633Z,2026-09-08T00:40:26.746952Z,26.0,95.387,100,1,read,1039.7,1003.0,0,56.6,71.3,83.9,92.3,,,
20260908T003610Z_p4-chaos-recover,cockroachdb,chaos-recover,thesis,01ff85c294945c8138a8326bbe68c7055b3604d1,2026-09-08T00:36:10.884170Z,2026-09-08T00:40:26.750633Z,2026-09-08T00:40:26.746952Z,26.0,95.387,100,1,update,249.2,253.2,0,159.4,192.9,201.3,201.3,,,
20260908T003610Z_p4-chaos-recover,cockroachdb,chaos-recover,thesis,01ff85c294945c8138a8326bbe68c7055b3604d1,2026-09-08T00:36:10.884170Z,2026-09-08T00:40:26.750633Z,2026-09-08T00:40:26.746952Z,27.0,96.39,100,1,read,1074.0,1005.6,0,54.5,60.8,71.3,92.3,,,
20260908T003610Z_p4-chaos-recover,cockroachdb,chaos-recover,thesis,01ff85c294945c8138a8326bbe68c7055b3604d1,2026-09-08T00:36:10.884170Z,2026-09-08T00:40:26.750633Z,2026-09-08T00:40:26.746952Z,27.0,96.39,100,1,update,273.0,253.9,0,159.4,167.8,176.2,184.5,,,
20260908T003610Z_p4-chaos-recover,cockroachdb,chaos-recover,thesis,01ff85c294945c8138a8326bbe68c7055b3604d1,2026-09-08T00:36:10.884170Z,2026-09-08T00:40:26.750633Z,2026-09-08T00:40:26.746952Z,28.0,97.389,100,1,read,1059.2,1007.5,0,54.5,62.9,71.3,79.7,,,
20260908T003610Z_p4-chaos-recover,cockroachdb,chaos-recover,thesis,01ff85c294945c8138a8326bbe68c7055b3604d1,2026-09-08T00:36:10.884170Z,2026-09-08T00:40:26.750633Z,2026-09-08T00:40:26.746952Z,28.0,97.389,100,1,update,271.8,254.6,0,159.4,176.2,176.2,176.2,,,
20260908T003610Z_p4-chaos-recover,cockroachdb,chaos-recover,thesis,01ff85c294945c8138a8326bbe68c7055b3604d1,2026-09-08T00:36:10.884170Z,2026-09-08T00:40:26.750633Z,2026-09-08T00:40:26.746952Z,29.0,98.388,100,1,read,1114.3,1011.2,0,54.5,62.9,67.1,79.7,,,
20260908T003610Z_p4-chaos-recover,cockroachdb,chaos-recover,thesis,01ff85c294945c8138a8326bbe68c7055b3604d1,2026-09-08T00:36:10.884170Z,2026-09-08T00:40:26.750633Z,2026-09-08T00:40:26.746952Z,29.0,98.388,100,1,update,250.1,254.4,0,159.4,167.8,176.2,176.2,,,
20260908T003610Z_p4-chaos-recover,cockroachdb,chaos-recover,thesis,01ff85c294945c8138a8326bbe68c7055b3604d1,2026-09-08T00:36:10.884170Z,2026-09-08T00:40:26.750633Z,2026-09-08T00:40:26.746952Z,30.0,99.388,100,1,read,1127.6,1015.1,0,54.5,58.7,67.1,109.1,,,
20260908T003610Z_p4-chaos-recover,cockroachdb,chaos-recover,thesis,01ff85c294945c8138a8326bbe68c7055b3604d1,2026-09-08T00:36:10.884170Z,2026-09-08T00:40:26.750633Z,2026-09-08T00:40:26.746952Z,30.0,99.388,100,1,update,261.1,254.6,0,159.4,159.4,167.8,167.8,,,
20260908T003610Z_p4-chaos-recover,cockroachdb,chaos-recover,thesis,01ff85c294945c8138a8326bbe68c7055b3604d1,2026-09-08T00:36:10.884170Z,2026-09-08T00:40:26.750633Z,2026-09-08T00:40:26.746952Z,31.0,100.388,100,1,read,1076.4,1017.1,0,54.5,62.9,75.5,130.0,,,
20260908T003610Z_p4-chaos-recover,cockroachdb,chaos-recover,thesis,01ff85c294945c8138a8326bbe68c7055b3604d1,2026-09-08T00:36:10.884170Z,2026-09-08T00:40:26.750633Z,2026-09-08T00:40:26.746952Z,31.0,100.388,100,1,update,247.9,254.4,0,159.4,234.9,268.4,285.2,,,
20260908T003610Z_p4-chaos-recover,cockroachdb,chaos-recover,thesis,01ff85c294945c8138a8326bbe68c7055b3604d1,2026-09-08T00:36:10.884170Z,2026-09-08T00:40:26.750633Z,2026-09-08T00:40:26.746952Z,32.0,101.387,100,1,read,1026.3,1017.4,0,56.6,67.1,75.5,167.8,,,
20260908T003610Z_p4-chaos-recover,cockroachdb,chaos-recover,thesis,01ff85c294945c8138a8326bbe68c7055b3604d1,2026-09-08T00:36:10.884170Z,2026-09-08T00:40:26.750633Z,2026-09-08T00:40:26.746952Z,32.0,101.387,100,1,update,259.1,254.6,0,159.4,176.2,176.2,184.5,,,
20260908T003610Z_p4-chaos-recover,cockroachdb,chaos-recover,thesis,01ff85c294945c8138a8326bbe68c7055b3604d1,2026-09-08T00:36:10.884170Z,2026-09-08T00:40:26.750633Z,2026-09-08T00:40:26.746952Z,33.0,102.387,100,1,read,1040.0,1018.0,0,54.5,62.9,65.0,71.3,,,
20260908T003610Z_p4-chaos-recover,cockroachdb,chaos-recover,thesis,01ff85c294945c8138a8326bbe68c7055b3604d1,2026-09-08T00:36:10.884170Z,2026-09-08T00:40:26.750633Z,2026-09-08T00:40:26.746952Z,33.0,102.387,100,1,update,288.0,255.6,0,159.4,167.8,184.5,184.5,,,
20260908T003610Z_p4-chaos-recover,cockroachdb,chaos-recover,thesis,01ff85c294945c8138a8326bbe68c7055b3604d1,2026-09-08T00:36:10.884170Z,2026-09-08T00:40:26.750633Z,2026-09-08T00:40:26.746952Z,34.0,103.388,100,1,read,1034.2,1018.5,0,54.5,67.1,83.9,151.0,,,
20260908T003610Z_p4-chaos-recover,cockroachdb,chaos-recover,thesis,01ff85c294945c8138a8326bbe68c7055b3604d1,2026-09-08T00:36:10.884170Z,2026-09-08T00:40:26.750633Z,2026-09-08T00:40:26.746952Z,34.0,103.388,100,1,update,257.1,255.6,0,159.4,209.7,234.9,243.3,,,
20260908T003610Z_p4-chaos-recover,cockroachdb,chaos-recover,thesis,01ff85c294945c8138a8326bbe68c7055b3604d1,2026-09-08T00:36:10.884170Z,2026-09-08T00:40:26.750633Z,2026-09-08T00:40:26.746952Z,35.0,104.387,100,1,read,968.0,1017.1,0,56.6,65.0,71.3,79.7,,,
20260908T003610Z_p4-chaos-recover,cockroachdb,chaos-recover,thesis,01ff85c294945c8138a8326bbe68c7055b3604d1,2026-09-08T00:36:10.884170Z,2026-09-08T00:40:26.750633Z,2026-09-08T00:40:26.746952Z,35.0,104.387,100,1,update,288.0,256.5,0,159.4,176.2,184.5,184.5,,,
20260908T003610Z_p4-chaos-recover,cockroachdb,chaos-recover,thesis,01ff85c294945c8138a8326bbe68c7055b3604d1,2026-09-08T00:36:10.884170Z,2026-09-08T00:40:26.750633Z,2026-09-08T00:40:26.746952Z,36.0,105.387,100,1,read,984.7,1016.2,0,56.6,71.3,75.5,142.6,,,
20260908T003610Z_p4-chaos-recover,cockroachdb,chaos-recover,thesis,01ff85c294945c8138a8326bbe68c7055b3604d1,2026-09-08T00:36:10.884170Z,2026-09-08T00:40:26.750633Z,2026-09-08T00:40:26.746952Z,36.0,105.387,100,1,update,267.9,256.9,0,159.4,184.5,192.9,201.3,,,
20260908T003610Z_p4-chaos-recover,cockroachdb,chaos-recover,thesis,01ff85c294945c8138a8326bbe68c7055b3604d1,2026-09-08T00:36:10.884170Z,2026-09-08T00:40:26.750633Z,2026-09-08T00:40:26.746952Z,37.0,106.388,100,1,read,961.2,1014.7,0,58.7,75.5,83.9,96.5,,,
20260908T003610Z_p4-chaos-recover,cockroachdb,chaos-recover,thesis,01ff85c294945c8138a8326bbe68c7055b3604d1,2026-09-08T00:36:10.884170Z,2026-09-08T00:40:26.750633Z,2026-09-08T00:40:26.746952Z,37.0,106.388,100,1,update,259.0,256.9,0,167.8,184.5,184.5,192.9,,,
20260908T003610Z_p4-chaos-recover,cockroachdb,chaos-recover,thesis,01ff85c294945c8138a8326bbe68c7055b3604d1,2026-09-08T00:36:10.884170Z,2026-09-08T00:40:26.750633Z,2026-09-08T00:40:26.746952Z,38.0,107.387,100,1,read,956.8,1013.2,0,60.8,88.1,100.7,130.0,,,
20260908T003610Z_p4-chaos-recover,cockroachdb,chaos-recover,thesis,01ff85c294945c8138a8326bbe68c7055b3604d1,2026-09-08T00:36:10.884170Z,2026-09-08T00:40:26.750633Z,2026-09-08T00:40:26.746952Z,38.0,107.387,100,1,update,237.9,256.4,0,159.4,201.3,226.5,243.3,,,
20260908T003610Z_p4-chaos-recover,cockroachdb,chaos-recover,thesis,01ff85c294945c8138a8326bbe68c7055b3604d1,2026-09-08T00:36:10.884170Z,2026-09-08T00:40:26.750633Z,2026-09-08T00:40:26.746952Z,39.0,108.387,100,1,read,969.7,1012.1,0,58.7,96.5,113.2,125.8,,,
20260908T003610Z_p4-chaos-recover,cockroachdb,chaos-recover,thesis,01ff85c294945c8138a8326bbe68c7055b3604d1,2026-09-08T00:36:10.884170Z,2026-09-08T00:40:26.750633Z,2026-09-08T00:40:26.746952Z,39.0,108.387,100,1,update,253.9,256.4,0,167.8,218.1,234.9,251.7,,,
20260908T003610Z_p4-chaos-recover,cockroachdb,chaos-recover,thesis,01ff85c294945c8138a8326bbe68c7055b3604d1,2026-09-08T00:36:10.884170Z,2026-09-08T00:40:26.750633Z,2026-09-08T00:40:26.746952Z,40.0,109.388,100,1,read,1032.9,1012.6,0,56.6,62.9,75.5,79.7,,,
20260908T003610Z_p4-chaos-recover,cockroachdb,chaos-recover,thesis,01ff85c294945c8138a8326bbe68c7055b3604d1,2026-09-08T00:36:10.884170Z,2026-09-08T00:40:26.750633Z,2026-09-08T00:40:26.746952Z,40.0,109.388,100,1,update,266.0,256.6,0,159.4,167.8,176.2,176.2,,,
20260908T003610Z_p4-chaos-recover,cockroachdb,chaos-recover,thesis,01ff85c294945c8138a8326bbe68c7055b3604d1,2026-09-08T00:36:10.884170Z,2026-09-08T00:40:26.750633Z,2026-09-08T00:40:26.746952Z,41.0,110.388,100,1,read,963.9,1011.4,0,60.8,83.9,92.3,100.7,,,
20260908T003610Z_p4-chaos-recover,cockroachdb,chaos-recover,thesis,01ff85c294945c8138a8326bbe68c7055b3604d1,2026-09-08T00:36:10.884170Z,2026-09-08T00:40:26.750633Z,2026-09-08T00:40:26.746952Z,41.0,110.388,100,1,update,249.2,256.4,0,167.8,192.9,201.3,201.3,,,
20260908T003610Z_p4-chaos-recover,cockroachdb,chaos-recover,thesis,01ff85c294945c8138a8326bbe68c7055b3604d1,2026-09-08T00:36:10.884170Z,2026-09-08T00:40:26.750633Z,2026-09-08T00:40:26.746952Z,42.0,111.388,100,1,read,874.9,1008.1,0,67.1,88.1,96.5,100.7,,,
20260908T003610Z_p4-chaos-recover,cockroachdb,chaos-recover,thesis,01ff85c294945c8138a8326bbe68c7055b3604d1,2026-09-08T00:36:10.884170Z,2026-09-08T00:40:26.750633Z,2026-09-08T00:40:26.746952Z,42.0,111.388,100,1,update,235.0,255.9,0,176.2,209.7,209.7,218.1,,,
20260908T003610Z_p4-chaos-recover,cockroachdb,chaos-recover,thesis,01ff85c294945c8138a8326bbe68c7055b3604d1,2026-09-08T00:36:10.884170Z,2026-09-08T00:40:26.750633Z,2026-09-08T00:40:26.746952Z,43.0,112.388,100,1,read,979.6,1007.5,0,62.9,75.5,79.7,92.3,,,
20260908T003610Z_p4-chaos-recover,cockroachdb,chaos-recover,thesis,01ff85c294945c8138a8326bbe68c7055b3604d1,2026-09-08T00:36:10.884170Z,2026-09-08T00:40:26.750633Z,2026-09-08T00:40:26.746952Z,43.0,112.388,100,1,update,232.9,255.4,0,167.8,184.5,184.5,201.3,,,
20260908T003610Z_p4-chaos-recover,cockroachdb,chaos-recover,thesis,01ff85c294945c8138a8326bbe68c7055b3604d1,2026-09-08T00:36:10.884170Z,2026-09-08T00:40:26.750633Z,2026-09-08T00:40:26.746952Z,44.0,113.387,100,1,read,1072.6,1009.0,0,56.6,67.1,75.5,151.0,,,
20260908T003610Z_p4-chaos-recover,cockroachdb,chaos-recover,thesis,01ff85c294945c8138a8326bbe68c7055b3604d1,2026-09-08T00:36:10.884170Z,2026-09-08T00:40:26.750633Z,2026-09-08T00:40:26.746952Z,44.0,113.387,100,1,update,249.9,255.2,0,159.4,176.2,184.5,184.5,,,
20260908T003610Z_p4-chaos-recover,cockroachdb,chaos-recover,thesis,01ff85c294945c8138a8326bbe68c7055b3604d1,2026-09-08T00:36:10.884170Z,2026-09-08T00:40:26.750633Z,2026-09-08T00:40:26.746952Z,45.0,114.387,100,1,read,1011.0,1009.0,0,58.7,71.3,79.7,83.9,,,
20260908T003610Z_p4-chaos-recover,cockroachdb,chaos-recover,thesis,01ff85c294945c8138a8326bbe68c7055b3604d1,2026-09-08T00:36:10.884170Z,2026-09-08T00:40:26.750633Z,2026-09-08T00:40:26.746952Z,45.0,114.387,100,1,update,258.3,255.3,0,159.4,176.2,184.5,192.9,,,
20260908T003610Z_p4-chaos-recover,cockroachdb,chaos-recover,thesis,01ff85c294945c8138a8326bbe68c7055b3604d1,2026-09-08T00:36:10.884170Z,2026-09-08T00:40:26.750633Z,2026-09-08T00:40:26.746952Z,46.0,115.387,100,1,read,935.9,1007.4,0,60.8,88.1,100.7,104.9,,,
20260908T003610Z_p4-chaos-recover,cockroachdb,chaos-recover,thesis,01ff85c294945c8138a8326bbe68c7055b3604d1,2026-09-08T00:36:10.884170Z,2026-09-08T00:40:26.750633Z,2026-09-08T00:40:26.746952Z,46.0,115.387,100,1,update,250.0,255.2,0,167.8,234.9,243.3,251.7,,,
20260908T003610Z_p4-chaos-recover,cockroachdb,chaos-recover,thesis,01ff85c294945c8138a8326bbe68c7055b3604d1,2026-09-08T00:36:10.884170Z,2026-09-08T00:40:26.750633Z,2026-09-08T00:40:26.746952Z,47.0,116.388,100,1,read,892.9,1005.0,0,60.8,104.9,130.0,134.2,,,
20260908T003610Z_p4-chaos-recover,cockroachdb,chaos-recover,thesis,01ff85c294945c8138a8326bbe68c7055b3604d1,2026-09-08T00:36:10.884170Z,2026-09-08T00:40:26.750633Z,2026-09-08T00:40:26.746952Z,47.0,116.388,100,1,update,206.0,254.1,0,167.8,260.0,285.2,285.2,,,
20260908T003610Z_p4-chaos-recover,cockroachdb,chaos-recover,thesis,01ff85c294945c8138a8326bbe68c7055b3604d1,2026-09-08T00:36:10.884170Z,2026-09-08T00:40:26.750633Z,2026-09-08T00:40:26.746952Z,48.0,117.387,100,1,read,981.9,1004.5,0,60.8,88.1,100.7,109.1,,,
20260908T003610Z_p4-chaos-recover,cockroachdb,chaos-recover,thesis,01ff85c294945c8138a8326bbe68c7055b3604d1,2026-09-08T00:36:10.884170Z,2026-09-08T00:40:26.750633Z,2026-09-08T00:40:26.746952Z,48.0,117.387,100,1,update,233.0,253.7,0,176.2,285.2,302.0,302.0,,,
20260908T003610Z_p4-chaos-recover,cockroachdb,chaos-recover,thesis,01ff85c294945c8138a8326bbe68c7055b3604d1,2026-09-08T00:36:10.884170Z,2026-09-08T00:40:26.750633Z,2026-09-08T00:40:26.746952Z,49.0,118.389,100,1,read,1004.6,1004.5,0,56.6,65.0,67.1,75.5,,,
20260908T003610Z_p4-chaos-recover,cockroachdb,chaos-recover,thesis,01ff85c294945c8138a8326bbe68c7055b3604d1,2026-09-08T00:36:10.884170Z,2026-09-08T00:40:26.750633Z,2026-09-08T00:40:26.746952Z,49.0,118.389,100,1,update,275.9,254.2,0,159.4,176.2,176.2,184.5,,,
20260908T003610Z_p4-chaos-recover,cockroachdb,chaos-recover,thesis,01ff85c294945c8138a8326bbe68c7055b3604d1,2026-09-08T00:36:10.884170Z,2026-09-08T00:40:26.750633Z,2026-09-08T00:40:26.746952Z,50.0,119.388,100,1,read,1002.1,1004.5,0,56.6,67.1,75.5,117.4,,,
20260908T003610Z_p4-chaos-recover,cockroachdb,chaos-recover,thesis,01ff85c294945c8138a8326bbe68c7055b3604d1,2026-09-08T00:36:10.884170Z,2026-09-08T00:40:26.750633Z,2026-09-08T00:40:26.746952Z,50.0,119.388,100,1,update,267.0,254.4,0,159.4,176.2,176.2,184.5,,,
20260908T003610Z_p4-chaos-recover,cockroachdb,chaos-recover,thesis,01ff85c294945c8138a8326bbe68c7055b3604d1,2026-09-08T00:36:10.884170Z,2026-09-08T00:40:26.750633Z,2026-09-08T00:40:26.746952Z,51.0,120.389,100,1,read,997.8,1004.3,0,56.6,65.0,71.3,83.9,,,
20260908T003610Z_p4-chaos-recover,cockroachdb,chaos-recover,thesis,01ff85c294945c8138a8326bbe68c7055b3604d1,2026-09-08T00:36:10.884170Z,2026-09-08T00:40:26.750633Z,2026-09-08T00:40:26.746952Z,51.0,120.389,100,1,update,272.9,254.8,0,159.4,176.2,184.5,184.5,,,
20260908T003610Z_p4-chaos-recover,cockroachdb,chaos-recover,thesis,01ff85c294945c8138a8326bbe68c7055b3604d1,2026-09-08T00:36:10.884170Z,2026-09-08T00:40:26.750633Z,2026-09-08T00:40:26.746952Z,52.0,121.388,100,1,read,1028.1,1004.8,0,58.7,65.0,75.5,79.7,,,
20260908T003610Z_p4-chaos-recover,cockroachdb,chaos-recover,thesis,01ff85c294945c8138a8326bbe68c7055b3604d1,2026-09-08T00:36:10.884170Z,2026-09-08T00:40:26.750633Z,2026-09-08T00:40:26.746952Z,52.0,121.388,100,1,update,258.0,254.8,0,159.4,176.2,176.2,184.5,,,
20260908T003610Z_p4-chaos-recover,cockroachdb,chaos-recover,thesis,01ff85c294945c8138a8326bbe68c7055b3604d1,2026-09-08T00:36:10.884170Z,2026-09-08T00:40:26.750633Z,2026-09-08T00:40:26.746952Z,53.0,122.382,100,1,read,1060.2,1005.8,0,56.6,71.3,79.7,83.9,,,
20260908T003610Z_p4-chaos-recover,cockroachdb,chaos-recover,thesis,01ff85c294945c8138a8326bbe68c7055b3604d1,2026-09-08T00:36:10.884170Z,2026-09-08T00:40:26.750633Z,2026-09-08T00:40:26.746952Z,53.0,122.382,100,1,update,242.1,254.6,0,167.8,184.5,184.5,201.3,,,
20260908T003610Z_p4-chaos-recover,cockroachdb,chaos-recover,thesis,01ff85c294945c8138a8326bbe68c7055b3604d1,2026-09-08T00:36:10.884170Z,2026-09-08T00:40:26.750633Z,2026-09-08T00:40:26.746952Z,54.0,123.383,100,1,read,1068.7,1007.0,0,54.5,65.0,79.7,83.9,,,
20260908T003610Z_p4-chaos-recover,cockroachdb,chaos-recover,thesis,01ff85c294945c8138a8326bbe68c7055b3604d1,2026-09-08T00:36:10.884170Z,2026-09-08T00:40:26.750633Z,2026-09-08T00:40:26.746952Z,54.0,123.383,100,1,update,259.9,254.7,0,159.4,167.8,176.2,184.5,,,
20260908T003610Z_p4-chaos-recover,cockroachdb,chaos-recover,thesis,01ff85c294945c8138a8326bbe68c7055b3604d1,2026-09-08T00:36:10.884170Z,2026-09-08T00:40:26.750633Z,2026-09-08T00:40:26.746952Z,55.0,124.383,100,1,read,1033.0,1007.5,0,56.6,71.3,79.7,88.1,,,
20260908T003610Z_p4-chaos-recover,cockroachdb,chaos-recover,thesis,01ff85c294945c8138a8326bbe68c7055b3604d1,2026-09-08T00:36:10.884170Z,2026-09-08T00:40:26.750633Z,2026-09-08T00:40:26.746952Z,55.0,124.383,100,1,update,246.0,254.5,0,159.4,176.2,192.9,201.3,,,
20260908T003610Z_p4-chaos-recover,cockroachdb,chaos-recover,thesis,01ff85c294945c8138a8326bbe68c7055b3604d1,2026-09-08T00:36:10.884170Z,2026-09-08T00:40:26.750633Z,2026-09-08T00:40:26.746952Z,56.0,125.38,100,1,read,1011.3,1007.5,0,56.6,71.3,83.9,88.1,,,
20260908T003610Z_p4-chaos-recover,cockroachdb,chaos-recover,thesis,01ff85c294945c8138a8326bbe68c7055b3604d1,2026-09-08T00:36:10.884170Z,2026-09-08T00:40:26.750633Z,2026-09-08T00:40:26.746952Z,56.0,125.38,100,1,update,264.1,254.7,0,159.4,184.5,192.9,201.3,,,
20260908T003610Z_p4-chaos-recover,cockroachdb,chaos-recover,thesis,01ff85c294945c8138a8326bbe68c7055b3604d1,2026-09-08T00:36:10.884170Z,2026-09-08T00:40:26.750633Z,2026-09-08T00:40:26.746952Z,57.0,126.384,100,1,read,997.5,1007.3,0,56.6,65.0,71.3,79.7,,,
20260908T003610Z_p4-chaos-recover,cockroachdb,chaos-recover,thesis,01ff85c294945c8138a8326bbe68c7055b3604d1,2026-09-08T00:36:10.884170Z,2026-09-08T00:40:26.750633Z,2026-09-08T00:40:26.746952Z,57.0,126.384,100,1,update,286.9,255.3,0,159.4,167.8,176.2,184.5,,,
20260908T003610Z_p4-chaos-recover,cockroachdb,chaos-recover,thesis,01ff85c294945c8138a8326bbe68c7055b3604d1,2026-09-08T00:36:10.884170Z,2026-09-08T00:40:26.750633Z,2026-09-08T00:40:26.746952Z,58.0,127.383,100,1,read,1148.4,1009.8,0,54.5,58.7,65.0,71.3,,,
20260908T003610Z_p4-chaos-recover,cockroachdb,chaos-recover,thesis,01ff85c294945c8138a8326bbe68c7055b3604d1,2026-09-08T00:36:10.884170Z,2026-09-08T00:40:26.750633Z,2026-09-08T00:40:26.746952Z,58.0,127.383,100,1,update,250.1,255.2,0,159.4,159.4,167.8,167.8,,,
20260908T003610Z_p4-chaos-recover,cockroachdb,chaos-recover,thesis,01ff85c294945c8138a8326bbe68c7055b3604d1,2026-09-08T00:36:10.884170Z,2026-09-08T00:40:26.750633Z,2026-09-08T00:40:26.746952Z,59.0,128.379,100,1,read,1053.4,1010.5,0,56.6,67.1,71.3,83.9,,,
20260908T003610Z_p4-chaos-recover,cockroachdb,chaos-recover,thesis,01ff85c294945c8138a8326bbe68c7055b3604d1,2026-09-08T00:36:10.884170Z,2026-09-08T00:40:26.750633Z,2026-09-08T00:40:26.746952Z,59.0,128.379,100,1,update,259.1,255.3,0,159.4,176.2,176.2,184.5,,,
20260908T003610Z_p4-chaos-recover,cockroachdb,chaos-recover,thesis,01ff85c294945c8138a8326bbe68c7055b3604d1,2026-09-08T00:36:10.884170Z,2026-09-08T00:40:26.750633Z,2026-09-08T00:40:26.746952Z,60.0,129.38,100,1,read,1027.2,1010.8,0,58.7,71.3,100.7,109.1,,,
20260908T003610Z_p4-chaos-recover,cockroachdb,chaos-recover,thesis,01ff85c294945c8138a8326bbe68c7055b3604d1,2026-09-08T00:36:10.884170Z,2026-09-08T00:40:26.750633Z,2026-09-08T00:40:26.746952Z,60.0,129.38,100,1,update,230.0,254.8,0,159.4,176.2,201.3,201.3,,,
20260908T003610Z_p4-chaos-recover,cockroachdb,chaos-recover,thesis,01ff85c294945c8138a8326bbe68c7055b3604d1,2026-09-08T00:36:10.884170Z,2026-09-08T00:40:26.750633Z,2026-09-08T00:40:26.746952Z,61.0,130.384,100,1,read,893.5,1008.9,0,65.0,100.7,117.4,121.6,,,
20260908T003610Z_p4-chaos-recover,cockroachdb,chaos-recover,thesis,01ff85c294945c8138a8326bbe68c7055b3604d1,2026-09-08T00:36:10.884170Z,2026-09-08T00:40:26.750633Z,2026-09-08T00:40:26.746952Z,61.0,130.384,100,1,update,237.9,254.6,0,176.2,218.1,218.1,218.1,,,
20260908T003610Z_p4-chaos-recover,cockroachdb,chaos-recover,thesis,01ff85c294945c8138a8326bbe68c7055b3604d1,2026-09-08T00:36:10.884170Z,2026-09-08T00:40:26.750633Z,2026-09-08T00:40:26.746952Z,62.0,131.384,100,1,read,1032.0,1009.3,0,58.7,79.7,83.9,92.3,,,
20260908T003610Z_p4-chaos-recover,cockroachdb,chaos-recover,thesis,01ff85c294945c8138a8326bbe68c7055b3604d1,2026-09-08T00:36:10.884170Z,2026-09-08T00:40:26.750633Z,2026-09-08T00:40:26.746952Z,62.0,131.384,100,1,update,235.0,254.2,0,167.8,192.9,201.3,209.7,,,
20260908T003610Z_p4-chaos-recover,cockroachdb,chaos-recover,thesis,01ff85c294945c8138a8326bbe68c7055b3604d1,2026-09-08T00:36:10.884170Z,2026-09-08T00:40:26.750633Z,2026-09-08T00:40:26.746952Z,63.0,132.382,100,1,read,1130.1,1011.2,0,56.6,62.9,65.0,75.5,,,
20260908T003610Z_p4-chaos-recover,cockroachdb,chaos-recover,thesis,01ff85c294945c8138a8326bbe68c7055b3604d1,2026-09-08T00:36:10.884170Z,2026-09-08T00:40:26.750633Z,2026-09-08T00:40:26.746952Z,63.0,132.382,100,1,update,243.0,254.1,0,159.4,167.8,176.2,184.5,,,
20260908T003610Z_p4-chaos-recover,cockroachdb,chaos-recover,thesis,01ff85c294945c8138a8326bbe68c7055b3604d1,2026-09-08T00:36:10.884170Z,2026-09-08T00:40:26.750633Z,2026-09-08T00:40:26.746952Z,64.0,133.381,100,1,read,1055.3,1011.9,0,54.5,60.8,65.0,71.3,,,
20260908T003610Z_p4-chaos-recover,cockroachdb,chaos-recover,thesis,01ff85c294945c8138a8326bbe68c7055b3604d1,2026-09-08T00:36:10.884170Z,2026-09-08T00:40:26.750633Z,2026-09-08T00:40:26.746952Z,64.0,133.381,100,1,update,276.1,254.4,0,159.4,167.8,167.8,176.2,,,
20260908T003610Z_p4-chaos-recover,cockroachdb,chaos-recover,thesis,01ff85c294945c8138a8326bbe68c7055b3604d1,2026-09-08T00:36:10.884170Z,2026-09-08T00:40:26.750633Z,2026-09-08T00:40:26.746952Z,65.0,134.382,100,1,read,837.9,1009.2,0,71.3,88.1,96.5,100.7,,,
20260908T003610Z_p4-chaos-recover,cockroachdb,chaos-recover,thesis,01ff85c294945c8138a8326bbe68c7055b3604d1,2026-09-08T00:36:10.884170Z,2026-09-08T00:40:26.750633Z,2026-09-08T00:40:26.746952Z,65.0,134.382,100,1,update,217.0,253.8,0,184.5,209.7,209.7,226.5,,,
20260908T003610Z_p4-chaos-recover,cockroachdb,chaos-recover,thesis,01ff85c294945c8138a8326bbe68c7055b3604d1,2026-09-08T00:36:10.884170Z,2026-09-08T00:40:26.750633Z,2026-09-08T00:40:26.746952Z,66.0,135.38,100,1,read,843.0,1006.7,0,75.5,113.2,125.8,134.2,,,
20260908T003610Z_p4-chaos-recover,cockroachdb,chaos-recover,thesis,01ff85c294945c8138a8326bbe68c7055b3604d1,2026-09-08T00:36:10.884170Z,2026-09-08T00:40:26.750633Z,2026-09-08T00:40:26.746952Z,66.0,135.38,100,1,update,196.0,253.0,0,201.3,285.2,302.0,318.8,,,
20260908T003610Z_p4-chaos-recover,cockroachdb,chaos-recover,thesis,01ff85c294945c8138a8326bbe68c7055b3604d1,2026-09-08T00:36:10.884170Z,2026-09-08T00:40:26.750633Z,2026-09-08T00:40:26.746952Z,67.0,136.383,100,1,read,1045.8,1007.2,0,54.5,60.8,65.0,67.1,,,
20260908T003610Z_p4-chaos-recover,cockroachdb,chaos-recover,thesis,01ff85c294945c8138a8326bbe68c7055b3604d1,2026-09-08T00:36:10.884170Z,2026-09-08T00:40:26.750633Z,2026-09-08T00:40:26.746952Z,67.0,136.383,100,1,update,256.9,253.0,0,159.4,201.3,234.9,243.3,,,
20260908T003610Z_p4-chaos-recover,cockroachdb,chaos-recover,thesis,01ff85c294945c8138a8326bbe68c7055b3604d1,2026-09-08T00:36:10.884170Z,2026-09-08T00:40:26.750633Z,2026-09-08T00:40:26.746952Z,68.0,137.381,100,1,read,1065.4,1008.1,0,54.5,62.9,67.1,75.5,,,
20260908T003610Z_p4-chaos-recover,cockroachdb,chaos-recover,thesis,01ff85c294945c8138a8326bbe68c7055b3604d1,2026-09-08T00:36:10.884170Z,2026-09-08T00:40:26.750633Z,2026-09-08T00:40:26.746952Z,68.0,137.381,100,1,update,265.1,253.2,0,159.4,201.3,234.9,243.3,,,
20260908T003610Z_p4-chaos-recover,cockroachdb,chaos-recover,thesis,01ff85c294945c8138a8326bbe68c7055b3604d1,2026-09-08T00:36:10.884170Z,2026-09-08T00:40:26.750633Z,2026-09-08T00:40:26.746952Z,69.0,138.385,100,1,read,1078.8,1009.1,0,54.5,62.9,71.3,79.7,,,
20260908T003610Z_p4-chaos-recover,cockroachdb,chaos-recover,thesis,01ff85c294945c8138a8326bbe68c7055b3604d1,2026-09-08T00:36:10.884170Z,2026-09-08T00:40:26.750633Z,2026-09-08T00:40:26.746952Z,69.0,138.385,100,1,update,268.9,253.4,0,159.4,167.8,176.2,184.5,,,
20260908T003610Z_p4-chaos-recover,cockroachdb,chaos-recover,thesis,01ff85c294945c8138a8326bbe68c7055b3604d1,2026-09-08T00:36:10.884170Z,2026-09-08T00:40:26.750633Z,2026-09-08T00:40:26.746952Z,70.0,139.382,100,1,read,1021.1,1009.3,0,56.6,62.9,71.3,79.7,,,
20260908T003610Z_p4-chaos-recover,cockroachdb,chaos-recover,thesis,01ff85c294945c8138a8326bbe68c7055b3604d1,2026-09-08T00:36:10.884170Z,2026-09-08T00:40:26.750633Z,2026-09-08T00:40:26.746952Z,70.0,139.382,100,1,update,274.0,253.7,0,159.4,176.2,176.2,184.5,,,
20260908T003610Z_p4-chaos-recover,cockroachdb,chaos-recover,thesis,01ff85c294945c8138a8326bbe68c7055b3604d1,2026-09-08T00:36:10.884170Z,2026-09-08T00:40:26.750633Z,2026-09-08T00:40:26.746952Z,71.0,140.383,100,1,read,1057.3,1010.0,0,54.5,60.8,65.0,71.3,,,
20260908T003610Z_p4-chaos-recover,cockroachdb,chaos-recover,thesis,01ff85c294945c8138a8326bbe68c7055b3604d1,2026-09-08T00:36:10.884170Z,2026-09-08T00:40:26.750633Z,2026-09-08T00:40:26.746952Z,71.0,140.383,100,1,update,277.8,254.1,0,159.4,167.8,167.8,167.8,,,
20260908T003610Z_p4-chaos-recover,cockroachdb,chaos-recover,thesis,01ff85c294945c8138a8326bbe68c7055b3604d1,2026-09-08T00:36:10.884170Z,2026-09-08T00:40:26.750633Z,2026-09-08T00:40:26.746952Z,72.0,141.383,100,1,read,1069.9,1010.8,0,54.5,62.9,75.5,79.7,,,
20260908T003610Z_p4-chaos-recover,cockroachdb,chaos-recover,thesis,01ff85c294945c8138a8326bbe68c7055b3604d1,2026-09-08T00:36:10.884170Z,2026-09-08T00:40:26.750633Z,2026-09-08T00:40:26.746952Z,72.0,141.383,100,1,update,253.0,254.0,0,159.4,176.2,184.5,184.5,,,
20260908T003610Z_p4-chaos-recover,cockroachdb,chaos-recover,thesis,01ff85c294945c8138a8326bbe68c7055b3604d1,2026-09-08T00:36:10.884170Z,2026-09-08T00:40:26.750633Z,2026-09-08T00:40:26.746952Z,73.0,142.383,100,1,read,1083.3,1011.8,0,54.5,62.9,71.3,75.5,,,
20260908T003610Z_p4-chaos-recover,cockroachdb,chaos-recover,thesis,01ff85c294945c8138a8326bbe68c7055b3604d1,2026-09-08T00:36:10.884170Z,2026-09-08T00:40:26.750633Z,2026-09-08T00:40:26.746952Z,73.0,142.383,100,1,update,266.1,254.2,0,159.4,176.2,184.5,192.9,,,
20260908T003610Z_p4-chaos-recover,cockroachdb,chaos-recover,thesis,01ff85c294945c8138a8326bbe68c7055b3604d1,2026-09-08T00:36:10.884170Z,2026-09-08T00:40:26.750633Z,2026-09-08T00:40:26.746952Z,74.0,143.383,100,1,read,1096.1,1012.9,0,56.6,60.8,62.9,67.1,,,
20260908T003610Z_p4-chaos-recover,cockroachdb,chaos-recover,thesis,01ff85c294945c8138a8326bbe68c7055b3604d1,2026-09-08T00:36:10.884170Z,2026-09-08T00:40:26.750633Z,2026-09-08T00:40:26.746952Z,74.0,143.383,100,1,update,266.0,254.4,0,159.4,159.4,167.8,167.8,,,
20260908T003610Z_p4-chaos-recover,cockroachdb,chaos-recover,thesis,01ff85c294945c8138a8326bbe68c7055b3604d1,2026-09-08T00:36:10.884170Z,2026-09-08T00:40:26.750633Z,2026-09-08T00:40:26.746952Z,75.0,144.383,100,1,read,1024.6,1013.1,0,56.6,71.3,79.7,88.1,,,
20260908T003610Z_p4-chaos-recover,cockroachdb,chaos-recover,thesis,01ff85c294945c8138a8326bbe68c7055b3604d1,2026-09-08T00:36:10.884170Z,2026-09-08T00:40:26.750633Z,2026-09-08T00:40:26.746952Z,75.0,144.383,100,1,update,249.9,254.3,0,159.4,184.5,192.9,201.3,,,
20260908T003610Z_p4-chaos-recover,cockroachdb,chaos-recover,thesis,01ff85c294945c8138a8326bbe68c7055b3604d1,2026-09-08T00:36:10.884170Z,2026-09-08T00:40:26.750633Z,2026-09-08T00:40:26.746952Z,76.0,145.381,100,1,read,1064.9,1013.8,0,56.6,65.0,71.3,75.5,,,
20260908T003610Z_p4-chaos-recover,cockroachdb,chaos-recover,thesis,01ff85c294945c8138a8326bbe68c7055b3604d1,2026-09-08T00:36:10.884170Z,2026-09-08T00:40:26.750633Z,2026-09-08T00:40:26.746952Z,76.0,145.381,100,1,update,262.2,254.4,0,159.4,176.2,184.5,192.9,,,
20260908T003610Z_p4-chaos-recover,cockroachdb,chaos-recover,thesis,01ff85c294945c8138a8326bbe68c7055b3604d1,2026-09-08T00:36:10.884170Z,2026-09-08T00:40:26.750633Z,2026-09-08T00:40:26.746952Z,77.0,146.381,100,1,read,1095.2,1014.8,0,54.5,62.9,71.3,100.7,,,
20260908T003610Z_p4-chaos-recover,cockroachdb,chaos-recover,thesis,01ff85c294945c8138a8326bbe68c7055b3604d1,2026-09-08T00:36:10.884170Z,2026-09-08T00:40:26.750633Z,2026-09-08T00:40:26.746952Z,77.0,146.381,100,1,update,254.0,254.4,0,159.4,167.8,167.8,176.2,,,
20260908T003610Z_p4-chaos-recover,cockroachdb,chaos-recover,thesis,01ff85c294945c8138a8326bbe68c7055b3604d1,2026-09-08T00:36:10.884170Z,2026-09-08T00:40:26.750633Z,2026-09-08T00:40:26.746952Z,78.0,147.381,100,1,read,1027.7,1015.0,0,56.6,65.0,71.3,79.7,,,
20260908T003610Z_p4-chaos-recover,cockroachdb,chaos-recover,thesis,01ff85c294945c8138a8326bbe68c7055b3604d1,2026-09-08T00:36:10.884170Z,2026-09-08T00:40:26.750633Z,2026-09-08T00:40:26.746952Z,78.0,147.381,100,1,update,276.9,254.7,0,159.4,167.8,176.2,176.2,,,
20260908T003610Z_p4-chaos-recover,cockroachdb,chaos-recover,thesis,01ff85c294945c8138a8326bbe68c7055b3604d1,2026-09-08T00:36:10.884170Z,2026-09-08T00:40:26.750633Z,2026-09-08T00:40:26.746952Z,79.0,148.383,100,1,read,1033.2,1015.2,0,56.6,65.0,71.3,75.5,,,
20260908T003610Z_p4-chaos-recover,cockroachdb,chaos-recover,thesis,01ff85c294945c8138a8326bbe68c7055b3604d1,2026-09-08T00:36:10.884170Z,2026-09-08T00:40:26.750633Z,2026-09-08T00:40:26.746952Z,79.0,148.383,100,1,update,267.8,254.9,0,159.4,167.8,176.2,176.2,,,
20260908T003610Z_p4-chaos-recover,cockroachdb,chaos-recover,thesis,01ff85c294945c8138a8326bbe68c7055b3604d1,2026-09-08T00:36:10.884170Z,2026-09-08T00:40:26.750633Z,2026-09-08T00:40:26.746952Z,80.0,149.381,100,1,read,1042.7,1015.6,0,56.6,67.1,75.5,79.7,,,
20260908T003610Z_p4-chaos-recover,cockroachdb,chaos-recover,thesis,01ff85c294945c8138a8326bbe68c7055b3604d1,2026-09-08T00:36:10.884170Z,2026-09-08T00:40:26.750633Z,2026-09-08T00:40:26.746952Z,80.0,149.381,100,1,update,263.2,255.0,0,159.4,167.8,176.2,184.5,,,
20260908T003610Z_p4-chaos-recover,cockroachdb,chaos-recover,thesis,01ff85c294945c8138a8326bbe68c7055b3604d1,2026-09-08T00:36:10.884170Z,2026-09-08T00:40:26.750633Z,2026-09-08T00:40:26.746952Z,81.0,150.382,100,1,read,1031.3,1015.8,0,56.6,67.1,71.3,79.7,,,
20260908T003610Z_p4-chaos-recover,cockroachdb,chaos-recover,thesis,01ff85c294945c8138a8326bbe68c7055b3604d1,2026-09-08T00:36:10.884170Z,2026-09-08T00:40:26.750633Z,2026-09-08T00:40:26.746952Z,81.0,150.382,100,1,update,276.1,255.2,0,159.4,176.2,176.2,184.5,,,
20260908T003610Z_p4-chaos-recover,cockroachdb,chaos-recover,thesis,01ff85c294945c8138a8326bbe68c7055b3604d1,2026-09-08T00:36:10.884170Z,2026-09-08T00:40:26.750633Z,2026-09-08T00:40:26.746952Z,82.0,151.383,100,1,read,930.5,1014.7,0,58.7,92.3,104.9,125.8,,,
20260908T003610Z_p4-chaos-recover,cockroachdb,chaos-recover,thesis,01ff85c294945c8138a8326bbe68c7055b3604d1,2026-09-08T00:36:10.884170Z,2026-09-08T00:40:26.750633Z,2026-09-08T00:40:26.746952Z,82.0,151.383,100,1,update,235.9,255.0,0,159.4,218.1,243.3,243.3,,,
20260908T003610Z_p4-chaos-recover,cockroachdb,chaos-recover,thesis,01ff85c294945c8138a8326bbe68c7055b3604d1,2026-09-08T00:36:10.884170Z,2026-09-08T00:40:26.750633Z,2026-09-08T00:40:26.746952Z,83.0,152.383,100,1,read,1001.2,1014.6,0,54.5,79.7,88.1,100.7,,,
20260908T003610Z_p4-chaos-recover,cockroachdb,chaos-recover,thesis,01ff85c294945c8138a8326bbe68c7055b3604d1,2026-09-08T00:36:10.884170Z,2026-09-08T00:40:26.750633Z,2026-09-08T00:40:26.746952Z,83.0,152.383,100,1,update,284.1,255.3,0,159.4,192.9,209.7,218.1,,,
20260908T003610Z_p4-chaos-recover,cockroachdb,chaos-recover,thesis,01ff85c294945c8138a8326bbe68c7055b3604d1,2026-09-08T00:36:10.884170Z,2026-09-08T00:40:26.750633Z,2026-09-08T00:40:26.746952Z,84.0,153.382,100,1,read,1056.4,1015.1,0,56.6,60.8,62.9,71.3,,,
20260908T003610Z_p4-chaos-recover,cockroachdb,chaos-recover,thesis,01ff85c294945c8138a8326bbe68c7055b3604d1,2026-09-08T00:36:10.884170Z,2026-09-08T00:40:26.750633Z,2026-09-08T00:40:26.746952Z,84.0,153.382,100,1,update,268.1,255.5,0,159.4,167.8,167.8,176.2,,,
20260908T003610Z_p4-chaos-recover,cockroachdb,chaos-recover,thesis,01ff85c294945c8138a8326bbe68c7055b3604d1,2026-09-08T00:36:10.884170Z,2026-09-08T00:40:26.750633Z,2026-09-08T00:40:26.746952Z,85.0,154.382,100,1,read,1069.7,1015.7,0,56.6,65.0,71.3,92.3,,,
20260908T003610Z_p4-chaos-recover,cockroachdb,chaos-recover,thesis,01ff85c294945c8138a8326bbe68c7055b3604d1,2026-09-08T00:36:10.884170Z,2026-09-08T00:40:26.750633Z,2026-09-08T00:40:26.746952Z,85.0,154.382,100,1,update,250.9,255.4,0,159.4,176.2,184.5,201.3,,,
20260908T003610Z_p4-chaos-recover,cockroachdb,chaos-recover,thesis,01ff85c294945c8138a8326bbe68c7055b3604d1,2026-09-08T00:36:10.884170Z,2026-09-08T00:40:26.750633Z,2026-09-08T00:40:26.746952Z,86.0,155.384,100,1,read,1026.1,1015.8,0,56.6,79.7,104.9,113.2,,,
20260908T003610Z_p4-chaos-recover,cockroachdb,chaos-recover,thesis,01ff85c294945c8138a8326bbe68c7055b3604d1,2026-09-08T00:36:10.884170Z,2026-09-08T00:40:26.750633Z,2026-09-08T00:40:26.746952Z,86.0,155.384,100,1,update,254.0,255.4,0,159.4,201.3,209.7,209.7,,,
20260908T003610Z_p4-chaos-recover,cockroachdb,chaos-recover,thesis,01ff85c294945c8138a8326bbe68c7055b3604d1,2026-09-08T00:36:10.884170Z,2026-09-08T00:40:26.750633Z,2026-09-08T00:40:26.746952Z,87.0,156.38,100,1,read,1038.1,1016.1,0,54.5,58.7,65.0,79.7,,,
20260908T003610Z_p4-chaos-recover,cockroachdb,chaos-recover,thesis,01ff85c294945c8138a8326bbe68c7055b3604d1,2026-09-08T00:36:10.884170Z,2026-09-08T00:40:26.750633Z,2026-09-08T00:40:26.746952Z,87.0,156.38,100,1,update,293.0,255.9,0,159.4,167.8,167.8,176.2,,,
20260908T003610Z_p4-chaos-recover,cockroachdb,chaos-recover,thesis,01ff85c294945c8138a8326bbe68c7055b3604d1,2026-09-08T00:36:10.884170Z,2026-09-08T00:40:26.750633Z,2026-09-08T00:40:26.746952Z,88.0,157.384,100,1,read,1048.2,1016.4,0,54.5,60.8,65.0,88.1,,,
20260908T003610Z_p4-chaos-recover,cockroachdb,chaos-recover,thesis,01ff85c294945c8138a8326bbe68c7055b3604d1,2026-09-08T00:36:10.884170Z,2026-09-08T00:40:26.750633Z,2026-09-08T00:40:26.746952Z,88.0,157.384,100,1,update,267.8,256.0,0,159.4,167.8,167.8,167.8,,,
20260908T003610Z_p4-chaos-recover,cockroachdb,chaos-recover,thesis,01ff85c294945c8138a8326bbe68c7055b3604d1,2026-09-08T00:36:10.884170Z,2026-09-08T00:40:26.750633Z,2026-09-08T00:40:26.746952Z,89.0,158.381,100,1,read,1081.8,1017.2,0,56.6,67.1,71.3,151.0,,,
20260908T003610Z_p4-chaos-recover,cockroachdb,chaos-recover,thesis,01ff85c294945c8138a8326bbe68c7055b3604d1,2026-09-08T00:36:10.884170Z,2026-09-08T00:40:26.750633Z,2026-09-08T00:40:26.746952Z,89.0,158.381,100,1,update,243.2,255.8,0,159.4,176.2,176.2,176.2,,,
20260908T003610Z_p4-chaos-recover,cockroachdb,chaos-recover,thesis,01ff85c294945c8138a8326bbe68c7055b3604d1,2026-09-08T00:36:10.884170Z,2026-09-08T00:40:26.750633Z,2026-09-08T00:40:26.746952Z,90.0,159.383,100,1,read,1115.1,1018.3,0,54.5,62.9,71.3,75.5,,,
20260908T003610Z_p4-chaos-recover,cockroachdb,chaos-recover,thesis,01ff85c294945c8138a8326bbe68c7055b3604d1,2026-09-08T00:36:10.884170Z,2026-09-08T00:40:26.750633Z,2026-09-08T00:40:26.746952Z,90.0,159.383,100,1,update,253.8,255.8,0,159.4,167.8,176.2,176.2,,,
20260908T003610Z_p4-chaos-recover,cockroachdb,chaos-recover,thesis,01ff85c294945c8138a8326bbe68c7055b3604d1,2026-09-08T00:36:10.884170Z,2026-09-08T00:40:26.750633Z,2026-09-08T00:40:26.746952Z,91.0,160.383,100,1,read,1068.6,1018.8,0,54.5,58.7,62.9,71.3,,,
20260908T003610Z_p4-chaos-recover,cockroachdb,chaos-recover,thesis,01ff85c294945c8138a8326bbe68c7055b3604d1,2026-09-08T00:36:10.884170Z,2026-09-08T00:40:26.750633Z,2026-09-08T00:40:26.746952Z,91.0,160.383,100,1,update,267.2,255.9,0,159.4,209.7,234.9,243.3,,,
20260908T003610Z_p4-chaos-recover,cockroachdb,chaos-recover,thesis,01ff85c294945c8138a8326bbe68c7055b3604d1,2026-09-08T00:36:10.884170Z,2026-09-08T00:40:26.750633Z,2026-09-08T00:40:26.746952Z,92.0,161.383,100,1,read,1050.6,1019.2,0,56.6,62.9,67.1,71.3,,,
20260908T003610Z_p4-chaos-recover,cockroachdb,chaos-recover,thesis,01ff85c294945c8138a8326bbe68c7055b3604d1,2026-09-08T00:36:10.884170Z,2026-09-08T00:40:26.750633Z,2026-09-08T00:40:26.746952Z,92.0,161.383,100,1,update,272.9,256.1,0,159.4,167.8,176.2,176.2,,,
20260908T003610Z_p4-chaos-recover,cockroachdb,chaos-recover,thesis,01ff85c294945c8138a8326bbe68c7055b3604d1,2026-09-08T00:36:10.884170Z,2026-09-08T00:40:26.750633Z,2026-09-08T00:40:26.746952Z,93.0,162.383,100,1,read,1095.0,1020.0,0,54.5,75.5,88.1,104.9,,,
20260908T003610Z_p4-chaos-recover,cockroachdb,chaos-recover,thesis,01ff85c294945c8138a8326bbe68c7055b3604d1,2026-09-08T00:36:10.884170Z,2026-09-08T00:40:26.750633Z,2026-09-08T00:40:26.746952Z,93.0,162.383,100,1,update,238.0,255.9,0,159.4,176.2,192.9,218.1,,,
20260908T003610Z_p4-chaos-recover,cockroachdb,chaos-recover,thesis,01ff85c294945c8138a8326bbe68c7055b3604d1,2026-09-08T00:36:10.884170Z,2026-09-08T00:40:26.750633Z,2026-09-08T00:40:26.746952Z,94.0,163.385,100,1,read,1026.5,1020.1,0,54.5,62.9,67.1,75.5,,,
20260908T003610Z_p4-chaos-recover,cockroachdb,chaos-recover,thesis,01ff85c294945c8138a8326bbe68c7055b3604d1,2026-09-08T00:36:10.884170Z,2026-09-08T00:40:26.750633Z,2026-09-08T00:40:26.746952Z,94.0,163.385,100,1,update,280.1,256.2,0,159.4,167.8,176.2,176.2,,,
20260908T003610Z_p4-chaos-recover,cockroachdb,chaos-recover,thesis,01ff85c294945c8138a8326bbe68c7055b3604d1,2026-09-08T00:36:10.884170Z,2026-09-08T00:40:26.750633Z,2026-09-08T00:40:26.746952Z,95.0,164.381,100,1,read,983.2,1019.7,0,56.6,75.5,88.1,92.3,,,
20260908T003610Z_p4-chaos-recover,cockroachdb,chaos-recover,thesis,01ff85c294945c8138a8326bbe68c7055b3604d1,2026-09-08T00:36:10.884170Z,2026-09-08T00:40:26.750633Z,2026-09-08T00:40:26.746952Z,95.0,164.381,100,1,update,274.0,256.4,0,159.4,184.5,192.9,209.7,,,
20260908T003610Z_p4-chaos-recover,cockroachdb,chaos-recover,thesis,01ff85c294945c8138a8326bbe68c7055b3604d1,2026-09-08T00:36:10.884170Z,2026-09-08T00:40:26.750633Z,2026-09-08T00:40:26.746952Z,96.0,165.381,100,1,read,1043.5,1019.9,0,56.6,71.3,83.9,92.3,,,
20260908T003610Z_p4-chaos-recover,cockroachdb,chaos-recover,thesis,01ff85c294945c8138a8326bbe68c7055b3604d1,2026-09-08T00:36:10.884170Z,2026-09-08T00:40:26.750633Z,2026-09-08T00:40:26.746952Z,96.0,165.381,100,1,update,255.9,256.4,0,159.4,184.5,201.3,209.7,,,
20260908T003610Z_p4-chaos-recover,cockroachdb,chaos-recover,thesis,01ff85c294945c8138a8326bbe68c7055b3604d1,2026-09-08T00:36:10.884170Z,2026-09-08T00:40:26.750633Z,2026-09-08T00:40:26.746952Z,97.0,166.381,100,1,read,1086.3,1020.6,0,56.6,65.0,75.5,83.9,,,
20260908T003610Z_p4-chaos-recover,cockroachdb,chaos-recover,thesis,01ff85c294945c8138a8326bbe68c7055b3604d1,2026-09-08T00:36:10.884170Z,2026-09-08T00:40:26.750633Z,2026-09-08T00:40:26.746952Z,97.0,166.381,100,1,update,252.1,256.3,0,159.4,167.8,167.8,176.2,,,
20260908T003610Z_p4-chaos-recover,cockroachdb,chaos-recover,thesis,01ff85c294945c8138a8326bbe68c7055b3604d1,2026-09-08T00:36:10.884170Z,2026-09-08T00:40:26.750633Z,2026-09-08T00:40:26.746952Z,98.0,167.384,100,1,read,1071.4,1021.1,0,54.5,62.9,65.0,71.3,,,
20260908T003610Z_p4-chaos-recover,cockroachdb,chaos-recover,thesis,01ff85c294945c8138a8326bbe68c7055b3604d1,2026-09-08T00:36:10.884170Z,2026-09-08T00:40:26.750633Z,2026-09-08T00:40:26.746952Z,98.0,167.384,100,1,update,263.8,256.4,0,159.4,167.8,167.8,176.2,,,
20260908T003610Z_p4-chaos-recover,cockroachdb,chaos-recover,thesis,01ff85c294945c8138a8326bbe68c7055b3604d1,2026-09-08T00:36:10.884170Z,2026-09-08T00:40:26.750633Z,2026-09-08T00:40:26.746952Z,99.0,168.383,100,1,read,1009.7,1021.0,0,54.5,65.0,75.5,79.7,,,
20260908T003610Z_p4-chaos-recover,cockroachdb,chaos-recover,thesis,01ff85c294945c8138a8326bbe68c7055b3604d1,2026-09-08T00:36:10.884170Z,2026-09-08T00:40:26.750633Z,2026-09-08T00:40:26.746952Z,99.0,168.383,100,1,update,281.2,256.7,0,159.4,167.8,176.2,184.5,,,
20260908T003610Z_p4-chaos-recover,cockroachdb,chaos-recover,thesis,01ff85c294945c8138a8326bbe68c7055b3604d1,2026-09-08T00:36:10.884170Z,2026-09-08T00:40:26.750633Z,2026-09-08T00:40:26.746952Z,100.0,169.383,100,1,read,1055.0,1021.3,0,56.6,62.9,65.0,67.1,,,
20260908T003610Z_p4-chaos-recover,cockroachdb,chaos-recover,thesis,01ff85c294945c8138a8326bbe68c7055b3604d1,2026-09-08T00:36:10.884170Z,2026-09-08T00:40:26.750633Z,2026-09-08T00:40:26.746952Z,100.0,169.383,100,1,update,275.0,256.8,0,159.4,167.8,167.8,167.8,,,
20260908T003610Z_p4-chaos-recover,cockroachdb,chaos-recover,thesis,01ff85c294945c8138a8326bbe68c7055b3604d1,2026-09-08T00:36:10.884170Z,2026-09-08T00:40:26.750633Z,2026-09-08T00:40:26.746952Z,101.0,170.39,100,1,read,1083.5,1022.0,0,54.5,62.9,67.1,75.5,,,
20260908T003610Z_p4-chaos-recover,cockroachdb,chaos-recover,thesis,01ff85c294945c8138a8326bbe68c7055b3604d1,2026-09-08T00:36:10.884170Z,2026-09-08T00:40:26.750633Z,2026-09-08T00:40:26.746952Z,101.0,170.39,100,1,update,261.9,256.9,0,159.4,201.3,243.3,251.7,,,
20260908T003610Z_p4-chaos-recover,cockroachdb,chaos-recover,thesis,01ff85c294945c8138a8326bbe68c7055b3604d1,2026-09-08T00:36:10.884170Z,2026-09-08T00:40:26.750633Z,2026-09-08T00:40:26.746952Z,102.0,171.381,100,1,read,1062.6,1022.4,0,54.5,62.9,71.3,79.7,,,
20260908T003610Z_p4-chaos-recover,cockroachdb,chaos-recover,thesis,01ff85c294945c8138a8326bbe68c7055b3604d1,2026-09-08T00:36:10.884170Z,2026-09-08T00:40:26.750633Z,2026-09-08T00:40:26.746952Z,102.0,171.381,100,1,update,260.1,256.9,0,159.4,167.8,176.2,184.5,,,
20260908T003610Z_p4-chaos-recover,cockroachdb,chaos-recover,thesis,01ff85c294945c8138a8326bbe68c7055b3604d1,2026-09-08T00:36:10.884170Z,2026-09-08T00:40:26.750633Z,2026-09-08T00:40:26.746952Z,103.0,172.383,100,1,read,1001.1,1022.1,0,60.8,75.5,83.9,176.2,,,
20260908T003610Z_p4-chaos-recover,cockroachdb,chaos-recover,thesis,01ff85c294945c8138a8326bbe68c7055b3604d1,2026-09-08T00:36:10.884170Z,2026-09-08T00:40:26.750633Z,2026-09-08T00:40:26.746952Z,103.0,172.383,100,1,update,244.8,256.8,0,167.8,184.5,192.9,192.9,,,
20260908T003610Z_p4-chaos-recover,cockroachdb,chaos-recover,thesis,01ff85c294945c8138a8326bbe68c7055b3604d1,2026-09-08T00:36:10.884170Z,2026-09-08T00:40:26.750633Z,2026-09-08T00:40:26.746952Z,104.0,173.389,100,1,read,931.5,1021.3,0,62.9,75.5,83.9,88.1,,,
20260908T003610Z_p4-chaos-recover,cockroachdb,chaos-recover,thesis,01ff85c294945c8138a8326bbe68c7055b3604d1,2026-09-08T00:36:10.884170Z,2026-09-08T00:40:26.750633Z,2026-09-08T00:40:26.746952Z,104.0,173.389,100,1,update,256.1,256.8,0,167.8,184.5,184.5,192.9,,,
20260908T003610Z_p4-chaos-recover,cockroachdb,chaos-recover,thesis,01ff85c294945c8138a8326bbe68c7055b3604d1,2026-09-08T00:36:10.884170Z,2026-09-08T00:40:26.750633Z,2026-09-08T00:40:26.746952Z,105.0,174.382,100,1,read,899.3,1020.1,0,71.3,100.7,113.2,142.6,,,
20260908T003610Z_p4-chaos-recover,cockroachdb,chaos-recover,thesis,01ff85c294945c8138a8326bbe68c7055b3604d1,2026-09-08T00:36:10.884170Z,2026-09-08T00:40:26.750633Z,2026-09-08T00:40:26.746952Z,105.0,174.382,100,1,update,193.9,256.2,0,184.5,218.1,226.5,243.3,,,
20260908T003610Z_p4-chaos-recover,cockroachdb,chaos-recover,thesis,01ff85c294945c8138a8326bbe68c7055b3604d1,2026-09-08T00:36:10.884170Z,2026-09-08T00:40:26.750633Z,2026-09-08T00:40:26.746952Z,106.0,175.383,100,1,read,941.4,1019.4,0,60.8,83.9,96.5,109.1,,,
20260908T003610Z_p4-chaos-recover,cockroachdb,chaos-recover,thesis,01ff85c294945c8138a8326bbe68c7055b3604d1,2026-09-08T00:36:10.884170Z,2026-09-08T00:40:26.750633Z,2026-09-08T00:40:26.746952Z,106.0,175.383,100,1,update,237.1,256.0,0,167.8,192.9,218.1,218.1,,,
20260908T003610Z_p4-chaos-recover,cockroachdb,chaos-recover,thesis,01ff85c294945c8138a8326bbe68c7055b3604d1,2026-09-08T00:36:10.884170Z,2026-09-08T00:40:26.750633Z,2026-09-08T00:40:26.746952Z,107.0,176.382,100,1,read,847.4,1017.8,0,67.1,113.2,125.8,134.2,,,
20260908T003610Z_p4-chaos-recover,cockroachdb,chaos-recover,thesis,01ff85c294945c8138a8326bbe68c7055b3604d1,2026-09-08T00:36:10.884170Z,2026-09-08T00:40:26.750633Z,2026-09-08T00:40:26.746952Z,107.0,176.382,100,1,update,213.1,255.6,0,176.2,243.3,285.2,285.2,,,
20260908T003610Z_p4-chaos-recover,cockroachdb,chaos-recover,thesis,01ff85c294945c8138a8326bbe68c7055b3604d1,2026-09-08T00:36:10.884170Z,2026-09-08T00:40:26.750633Z,2026-09-08T00:40:26.746952Z,108.0,177.383,100,1,read,1064.4,1018.2,0,54.5,60.8,62.9,65.0,,,
20260908T003610Z_p4-chaos-recover,cockroachdb,chaos-recover,thesis,01ff85c294945c8138a8326bbe68c7055b3604d1,2026-09-08T00:36:10.884170Z,2026-09-08T00:40:26.750633Z,2026-09-08T00:40:26.746952Z,108.0,177.383,100,1,update,275.8,255.8,0,159.4,159.4,167.8,167.8,,,
20260908T003610Z_p4-chaos-recover,cockroachdb,chaos-recover,thesis,01ff85c294945c8138a8326bbe68c7055b3604d1,2026-09-08T00:36:10.884170Z,2026-09-08T00:40:26.750633Z,2026-09-08T00:40:26.746952Z,109.0,178.381,100,1,read,1096.0,1018.9,0,54.5,60.8,62.9,65.0,,,
20260908T003610Z_p4-chaos-recover,cockroachdb,chaos-recover,thesis,01ff85c294945c8138a8326bbe68c7055b3604d1,2026-09-08T00:36:10.884170Z,2026-09-08T00:40:26.750633Z,2026-09-08T00:40:26.746952Z,109.0,178.381,100,1,update,267.2,255.9,0,159.4,167.8,167.8,167.8,,,
20260908T003610Z_p4-chaos-recover,cockroachdb,chaos-recover,thesis,01ff85c294945c8138a8326bbe68c7055b3604d1,2026-09-08T00:36:10.884170Z,2026-09-08T00:40:26.750633Z,2026-09-08T00:40:26.746952Z,110.0,179.382,100,1,read,1070.6,1019.4,0,54.5,62.9,67.1,71.3,,,
20260908T003610Z_p4-chaos-recover,cockroachdb,chaos-recover,thesis,01ff85c294945c8138a8326bbe68c7055b3604d1,2026-09-08T00:36:10.884170Z,2026-09-08T00:40:26.750633Z,2026-09-08T00:40:26.746952Z,110.0,179.382,100,1,update,269.9,256.0,0,159.4,167.8,167.8,176.2,,,
20260908T003610Z_p4-chaos-recover,cockroachdb,chaos-recover,thesis,01ff85c294945c8138a8326bbe68c7055b3604d1,2026-09-08T00:36:10.884170Z,2026-09-08T00:40:26.750633Z,2026-09-08T00:40:26.746952Z,111.0,180.384,100,1,read,1067.4,1019.8,0,54.5,62.9,67.1,75.5,,,
20260908T003610Z_p4-chaos-recover,cockroachdb,chaos-recover,thesis,01ff85c294945c8138a8326bbe68c7055b3604d1,2026-09-08T00:36:10.884170Z,2026-09-08T00:40:26.750633Z,2026-09-08T00:40:26.746952Z,111.0,180.384,100,1,update,272.8,256.2,0,159.4,167.8,176.2,176.2,,,
20260908T003610Z_p4-chaos-recover,cockroachdb,chaos-recover,thesis,01ff85c294945c8138a8326bbe68c7055b3604d1,2026-09-08T00:36:10.884170Z,2026-09-08T00:40:26.750633Z,2026-09-08T00:40:26.746952Z,112.0,181.384,100,1,read,1023.8,1019.8,0,56.6,67.1,79.7,104.9,,,
20260908T003610Z_p4-chaos-recover,cockroachdb,chaos-recover,thesis,01ff85c294945c8138a8326bbe68c7055b3604d1,2026-09-08T00:36:10.884170Z,2026-09-08T00:40:26.750633Z,2026-09-08T00:40:26.746952Z,112.0,181.384,100,1,update,263.9,256.3,0,159.4,176.2,184.5,192.9,,,
20260908T003610Z_p4-chaos-recover,cockroachdb,chaos-recover,thesis,01ff85c294945c8138a8326bbe68c7055b3604d1,2026-09-08T00:36:10.884170Z,2026-09-08T00:40:26.750633Z,2026-09-08T00:40:26.746952Z,113.0,182.384,100,1,read,1047.8,1020.1,0,56.6,67.1,75.5,79.7,,,
20260908T003610Z_p4-chaos-recover,cockroachdb,chaos-recover,thesis,01ff85c294945c8138a8326bbe68c7055b3604d1,2026-09-08T00:36:10.884170Z,2026-09-08T00:40:26.750633Z,2026-09-08T00:40:26.746952Z,113.0,182.384,100,1,update,257.0,256.3,0,159.4,176.2,184.5,192.9,,,
20260908T003610Z_p4-chaos-recover,cockroachdb,chaos-recover,thesis,01ff85c294945c8138a8326bbe68c7055b3604d1,2026-09-08T00:36:10.884170Z,2026-09-08T00:40:26.750633Z,2026-09-08T00:40:26.746952Z,114.0,183.383,100,1,read,1099.7,1020.8,0,56.6,62.9,67.1,75.5,,,
20260908T003610Z_p4-chaos-recover,cockroachdb,chaos-recover,thesis,01ff85c294945c8138a8326bbe68c7055b3604d1,2026-09-08T00:36:10.884170Z,2026-09-08T00:40:26.750633Z,2026-09-08T00:40:26.746952Z,114.0,183.383,100,1,update,255.2,256.3,0,159.4,167.8,176.2,318.8,,,
20260908T003610Z_p4-chaos-recover,cockroachdb,chaos-recover,thesis,01ff85c294945c8138a8326bbe68c7055b3604d1,2026-09-08T00:36:10.884170Z,2026-09-08T00:40:26.750633Z,2026-09-08T00:40:26.746952Z,115.0,184.384,100,1,read,1018.3,1020.8,0,56.6,67.1,83.9,96.5,,,
20260908T003610Z_p4-chaos-recover,cockroachdb,chaos-recover,thesis,01ff85c294945c8138a8326bbe68c7055b3604d1,2026-09-08T00:36:10.884170Z,2026-09-08T00:40:26.750633Z,2026-09-08T00:40:26.746952Z,115.0,184.384,100,1,update,270.1,256.4,0,159.4,176.2,192.9,209.7,,,
20260908T003610Z_p4-chaos-recover,cockroachdb,chaos-recover,thesis,01ff85c294945c8138a8326bbe68c7055b3604d1,2026-09-08T00:36:10.884170Z,2026-09-08T00:40:26.750633Z,2026-09-08T00:40:26.746952Z,116.0,185.383,100,1,read,1004.9,1020.6,0,56.6,67.1,71.3,79.7,,,
20260908T003610Z_p4-chaos-recover,cockroachdb,chaos-recover,thesis,01ff85c294945c8138a8326bbe68c7055b3604d1,2026-09-08T00:36:10.884170Z,2026-09-08T00:40:26.750633Z,2026-09-08T00:40:26.746952Z,116.0,185.383,100,1,update,263.0,256.4,0,159.4,176.2,184.5,184.5,,,
20260908T003610Z_p4-chaos-recover,cockroachdb,chaos-recover,thesis,01ff85c294945c8138a8326bbe68c7055b3604d1,2026-09-08T00:36:10.884170Z,2026-09-08T00:40:26.750633Z,2026-09-08T00:40:26.746952Z,117.0,186.382,100,1,read,1007.1,1020.5,0,56.6,65.0,71.3,75.5,,,
20260908T003610Z_p4-chaos-recover,cockroachdb,chaos-recover,thesis,01ff85c294945c8138a8326bbe68c7055b3604d1,2026-09-08T00:36:10.884170Z,2026-09-08T00:40:26.750633Z,2026-09-08T00:40:26.746952Z,117.0,186.382,100,1,update,266.0,256.5,0,159.4,167.8,176.2,176.2,,,
20260908T003610Z_p4-chaos-recover,cockroachdb,chaos-recover,thesis,01ff85c294945c8138a8326bbe68c7055b3604d1,2026-09-08T00:36:10.884170Z,2026-09-08T00:40:26.750633Z,2026-09-08T00:40:26.746952Z,118.0,187.382,100,1,read,1050.2,1020.8,0,54.5,62.9,67.1,75.5,,,
20260908T003610Z_p4-chaos-recover,cockroachdb,chaos-recover,thesis,01ff85c294945c8138a8326bbe68c7055b3604d1,2026-09-08T00:36:10.884170Z,2026-09-08T00:40:26.750633Z,2026-09-08T00:40:26.746952Z,118.0,187.382,100,1,update,279.0,256.7,0,159.4,201.3,234.9,243.3,,,
20260908T003610Z_p4-chaos-recover,cockroachdb,chaos-recover,thesis,01ff85c294945c8138a8326bbe68c7055b3604d1,2026-09-08T00:36:10.884170Z,2026-09-08T00:40:26.750633Z,2026-09-08T00:40:26.746952Z,119.0,188.383,100,1,read,1015.6,1020.7,0,56.6,75.5,92.3,142.6,,,
20260908T003610Z_p4-chaos-recover,cockroachdb,chaos-recover,thesis,01ff85c294945c8138a8326bbe68c7055b3604d1,2026-09-08T00:36:10.884170Z,2026-09-08T00:40:26.750633Z,2026-09-08T00:40:26.746952Z,119.0,188.383,100,1,update,252.9,256.7,0,159.4,184.5,201.3,218.1,,,
20260908T003610Z_p4-chaos-recover,cockroachdb,chaos-recover,thesis,01ff85c294945c8138a8326bbe68c7055b3604d1,2026-09-08T00:36:10.884170Z,2026-09-08T00:40:26.750633Z,2026-09-08T00:40:26.746952Z,120.0,189.39,100,1,read,1087.7,1021.3,0,56.6,62.9,67.1,75.5,,,
20260908T003610Z_p4-chaos-recover,cockroachdb,chaos-recover,thesis,01ff85c294945c8138a8326bbe68c7055b3604d1,2026-09-08T00:36:10.884170Z,2026-09-08T00:40:26.750633Z,2026-09-08T00:40:26.746952Z,120.0,189.39,100,1,update,260.9,256.7,0,159.4,167.8,167.8,176.2,,,
20260908T003610Z_p4-chaos-recover,cockroachdb,chaos-recover,thesis,01ff85c294945c8138a8326bbe68c7055b3604d1,2026-09-08T00:36:10.884170Z,2026-09-08T00:40:26.750633Z,2026-09-08T00:40:26.746952Z,121.0,190.383,100,1,read,1036.8,1021.4,0,56.6,62.9,67.1,79.7,,,
20260908T003610Z_p4-chaos-recover,cockroachdb,chaos-recover,thesis,01ff85c294945c8138a8326bbe68c7055b3604d1,2026-09-08T00:36:10.884170Z,2026-09-08T00:40:26.750633Z,2026-09-08T00:40:26.746952Z,121.0,190.383,100,1,update,273.9,256.8,0,159.4,167.8,167.8,167.8,,,
20260908T003610Z_p4-chaos-recover,cockroachdb,chaos-recover,thesis,01ff85c294945c8138a8326bbe68c7055b3604d1,2026-09-08T00:36:10.884170Z,2026-09-08T00:40:26.750633Z,2026-09-08T00:40:26.746952Z,122.0,191.383,100,1,read,1049.3,1021.6,0,56.6,67.1,75.5,83.9,,,
20260908T003610Z_p4-chaos-recover,cockroachdb,chaos-recover,thesis,01ff85c294945c8138a8326bbe68c7055b3604d1,2026-09-08T00:36:10.884170Z,2026-09-08T00:40:26.750633Z,2026-09-08T00:40:26.746952Z,122.0,191.383,100,1,update,265.1,256.9,0,159.4,176.2,184.5,192.9,,,
20260908T003610Z_p4-chaos-recover,cockroachdb,chaos-recover,thesis,01ff85c294945c8138a8326bbe68c7055b3604d1,2026-09-08T00:36:10.884170Z,2026-09-08T00:40:26.750633Z,2026-09-08T00:40:26.746952Z,123.0,192.382,100,1,read,1051.0,1021.9,0,54.5,62.9,79.7,100.7,,,
20260908T003610Z_p4-chaos-recover,cockroachdb,chaos-recover,thesis,01ff85c294945c8138a8326bbe68c7055b3604d1,2026-09-08T00:36:10.884170Z,2026-09-08T00:40:26.750633Z,2026-09-08T00:40:26.746952Z,123.0,192.382,100,1,update,265.0,257.0,0,159.4,167.8,176.2,176.2,,,
20260908T003610Z_p4-chaos-recover,cockroachdb,chaos-recover,thesis,01ff85c294945c8138a8326bbe68c7055b3604d1,2026-09-08T00:36:10.884170Z,2026-09-08T00:40:26.750633Z,2026-09-08T00:40:26.746952Z,124.0,193.385,100,1,read,1068.7,1022.3,0,56.6,62.9,65.0,71.3,,,
20260908T003610Z_p4-chaos-recover,cockroachdb,chaos-recover,thesis,01ff85c294945c8138a8326bbe68c7055b3604d1,2026-09-08T00:36:10.884170Z,2026-09-08T00:40:26.750633Z,2026-09-08T00:40:26.746952Z,124.0,193.385,100,1,update,273.9,257.1,0,159.4,167.8,167.8,167.8,,,
20260908T003610Z_p4-chaos-recover,cockroachdb,chaos-recover,thesis,01ff85c294945c8138a8326bbe68c7055b3604d1,2026-09-08T00:36:10.884170Z,2026-09-08T00:40:26.750633Z,2026-09-08T00:40:26.746952Z,125.0,194.493,100,1,read,837.0,1020.8,0,71.3,88.1,92.3,96.5,,,
20260908T003610Z_p4-chaos-recover,cockroachdb,chaos-recover,thesis,01ff85c294945c8138a8326bbe68c7055b3604d1,2026-09-08T00:36:10.884170Z,2026-09-08T00:40:26.750633Z,2026-09-08T00:40:26.746952Z,125.0,194.493,100,1,update,227.0,256.9,0,184.5,209.7,209.7,218.1,,,
20260908T003610Z_p4-chaos-recover,cockroachdb,chaos-recover,thesis,01ff85c294945c8138a8326bbe68c7055b3604d1,2026-09-08T00:36:10.884170Z,2026-09-08T00:40:26.750633Z,2026-09-08T00:40:26.746952Z,126.0,195.384,100,1,read,777.5,1018.8,0,79.7,121.6,142.6,151.0,,,
20260908T003610Z_p4-chaos-recover,cockroachdb,chaos-recover,thesis,01ff85c294945c8138a8326bbe68c7055b3604d1,2026-09-08T00:36:10.884170Z,2026-09-08T00:40:26.750633Z,2026-09-08T00:40:26.746952Z,126.0,195.384,100,1,update,193.1,256.4,0,201.3,243.3,285.2,302.0,,,
20260908T003610Z_p4-chaos-recover,cockroachdb,chaos-recover,thesis,01ff85c294945c8138a8326bbe68c7055b3604d1,2026-09-08T00:36:10.884170Z,2026-09-08T00:40:26.750633Z,2026-09-08T00:40:26.746952Z,127.0,196.384,100,1,read,1084.7,1019.4,0,54.5,65.0,71.3,142.6,,,
20260908T003610Z_p4-chaos-recover,cockroachdb,chaos-recover,thesis,01ff85c294945c8138a8326bbe68c7055b3604d1,2026-09-08T00:36:10.884170Z,2026-09-08T00:40:26.750633Z,2026-09-08T00:40:26.746952Z,127.0,196.384,100,1,update,260.9,256.4,0,159.4,176.2,192.9,201.3,,,
20260908T003610Z_p4-chaos-recover,cockroachdb,chaos-recover,thesis,01ff85c294945c8138a8326bbe68c7055b3604d1,2026-09-08T00:36:10.884170Z,2026-09-08T00:40:26.750633Z,2026-09-08T00:40:26.746952Z,128.0,197.384,100,1,read,1039.7,1019.5,0,54.5,60.8,67.1,75.5,,,
20260908T003610Z_p4-chaos-recover,cockroachdb,chaos-recover,thesis,01ff85c294945c8138a8326bbe68c7055b3604d1,2026-09-08T00:36:10.884170Z,2026-09-08T00:40:26.750633Z,2026-09-08T00:40:26.746952Z,128.0,197.384,100,1,update,273.9,256.5,0,159.4,192.9,243.3,251.7,,,
20260908T003610Z_p4-chaos-recover,cockroachdb,chaos-recover,thesis,01ff85c294945c8138a8326bbe68c7055b3604d1,2026-09-08T00:36:10.884170Z,2026-09-08T00:40:26.750633Z,2026-09-08T00:40:26.746952Z,129.0,198.382,100,1,read,1066.4,1019.9,0,54.5,60.8,65.0,75.5,,,
20260908T003610Z_p4-chaos-recover,cockroachdb,chaos-recover,thesis,01ff85c294945c8138a8326bbe68c7055b3604d1,2026-09-08T00:36:10.884170Z,2026-09-08T00:40:26.750633Z,2026-09-08T00:40:26.746952Z,129.0,198.382,100,1,update,251.1,256.5,0,159.4,226.5,243.3,260.0,,,
20260908T003610Z_p4-chaos-recover,cockroachdb,chaos-recover,thesis,01ff85c294945c8138a8326bbe68c7055b3604d1,2026-09-08T00:36:10.884170Z,2026-09-08T00:40:26.750633Z,2026-09-08T00:40:26.746952Z,130.0,199.384,100,1,read,985.8,1019.6,0,58.7,83.9,96.5,117.4,,,
20260908T003610Z_p4-chaos-recover,cockroachdb,chaos-recover,thesis,01ff85c294945c8138a8326bbe68c7055b3604d1,2026-09-08T00:36:10.884170Z,2026-09-08T00:40:26.750633Z,2026-09-08T00:40:26.746952Z,130.0,199.384,100,1,update,231.0,256.3,0,159.4,192.9,218.1,226.5,,,
20260908T003610Z_p4-chaos-recover,cockroachdb,chaos-recover,thesis,01ff85c294945c8138a8326bbe68c7055b3604d1,2026-09-08T00:36:10.884170Z,2026-09-08T00:40:26.750633Z,2026-09-08T00:40:26.746952Z,131.0,200.383,100,1,read,980.5,1019.3,0,58.7,79.7,88.1,92.3,,,
20260908T003610Z_p4-chaos-recover,cockroachdb,chaos-recover,thesis,01ff85c294945c8138a8326bbe68c7055b3604d1,2026-09-08T00:36:10.884170Z,2026-09-08T00:40:26.750633Z,2026-09-08T00:40:26.746952Z,131.0,200.383,100,1,update,249.1,256.3,0,167.8,201.3,218.1,234.9,,,
20260908T003610Z_p4-chaos-recover,cockroachdb,chaos-recover,thesis,01ff85c294945c8138a8326bbe68c7055b3604d1,2026-09-08T00:36:10.884170Z,2026-09-08T00:40:26.750633Z,2026-09-08T00:40:26.746952Z,132.0,201.382,100,1,read,1045.1,1019.5,0,56.6,62.9,65.0,71.3,,,
20260908T003610Z_p4-chaos-recover,cockroachdb,chaos-recover,thesis,01ff85c294945c8138a8326bbe68c7055b3604d1,2026-09-08T00:36:10.884170Z,2026-09-08T00:40:26.750633Z,2026-09-08T00:40:26.746952Z,132.0,201.382,100,1,update,273.0,256.4,0,159.4,167.8,167.8,176.2,,,
20260908T003610Z_p4-chaos-recover,cockroachdb,chaos-recover,thesis,01ff85c294945c8138a8326bbe68c7055b3604d1,2026-09-08T00:36:10.884170Z,2026-09-08T00:40:26.750633Z,2026-09-08T00:40:26.746952Z,133.0,202.385,100,1,read,1032.8,1019.6,0,54.5,65.0,71.3,92.3,,,
20260908T003610Z_p4-chaos-recover,cockroachdb,chaos-recover,thesis,01ff85c294945c8138a8326bbe68c7055b3604d1,2026-09-08T00:36:10.884170Z,2026-09-08T00:40:26.750633Z,2026-09-08T00:40:26.746952Z,133.0,202.385,100,1,update,282.9,256.6,0,159.4,167.8,176.2,184.5,,,
20260908T003610Z_p4-chaos-recover,cockroachdb,chaos-recover,thesis,01ff85c294945c8138a8326bbe68c7055b3604d1,2026-09-08T00:36:10.884170Z,2026-09-08T00:40:26.750633Z,2026-09-08T00:40:26.746952Z,134.0,203.386,100,1,read,961.9,1019.2,0,56.6,79.7,83.9,92.3,,,
20260908T003610Z_p4-chaos-recover,cockroachdb,chaos-recover,thesis,01ff85c294945c8138a8326bbe68c7055b3604d1,2026-09-08T00:36:10.884170Z,2026-09-08T00:40:26.750633Z,2026-09-08T00:40:26.746952Z,134.0,203.386,100,1,update,263.0,256.6,0,159.4,192.9,192.9,209.7,,,
20260908T003610Z_p4-chaos-recover,cockroachdb,chaos-recover,thesis,01ff85c294945c8138a8326bbe68c7055b3604d1,2026-09-08T00:36:10.884170Z,2026-09-08T00:40:26.750633Z,2026-09-08T00:40:26.746952Z,135.0,204.381,100,1,read,1019.3,1019.2,0,54.5,67.1,79.7,83.9,,,
20260908T003610Z_p4-chaos-recover,cockroachdb,chaos-recover,thesis,01ff85c294945c8138a8326bbe68c7055b3604d1,2026-09-08T00:36:10.884170Z,2026-09-08T00:40:26.750633Z,2026-09-08T00:40:26.746952Z,135.0,204.381,100,1,update,274.1,256.8,0,159.4,176.2,184.5,201.3,,,
20260908T003610Z_p4-chaos-recover,cockroachdb,chaos-recover,thesis,01ff85c294945c8138a8326bbe68c7055b3604d1,2026-09-08T00:36:10.884170Z,2026-09-08T00:40:26.750633Z,2026-09-08T00:40:26.746952Z,136.0,205.383,100,1,read,952.6,1018.7,0,56.6,67.1,83.9,96.5,,,
20260908T003610Z_p4-chaos-recover,cockroachdb,chaos-recover,thesis,01ff85c294945c8138a8326bbe68c7055b3604d1,2026-09-08T00:36:10.884170Z,2026-09-08T00:40:26.750633Z,2026-09-08T00:40:26.746952Z,136.0,205.383,100,1,update,282.9,256.9,0,159.4,184.5,192.9,209.7,,,
20260908T003610Z_p4-chaos-recover,cockroachdb,chaos-recover,thesis,01ff85c294945c8138a8326bbe68c7055b3604d1,2026-09-08T00:36:10.884170Z,2026-09-08T00:40:26.750633Z,2026-09-08T00:40:26.746952Z,137.0,206.39,100,1,read,1006.0,1018.6,0,56.6,79.7,88.1,92.3,,,
20260908T003610Z_p4-chaos-recover,cockroachdb,chaos-recover,thesis,01ff85c294945c8138a8326bbe68c7055b3604d1,2026-09-08T00:36:10.884170Z,2026-09-08T00:40:26.750633Z,2026-09-08T00:40:26.746952Z,137.0,206.39,100,1,update,258.0,257.0,0,159.4,184.5,201.3,209.7,,,
20260908T003610Z_p4-chaos-recover,cockroachdb,chaos-recover,thesis,01ff85c294945c8138a8326bbe68c7055b3604d1,2026-09-08T00:36:10.884170Z,2026-09-08T00:40:26.750633Z,2026-09-08T00:40:26.746952Z,138.0,207.386,100,1,read,983.5,1018.4,0,56.6,79.7,92.3,100.7,,,
20260908T003610Z_p4-chaos-recover,cockroachdb,chaos-recover,thesis,01ff85c294945c8138a8326bbe68c7055b3604d1,2026-09-08T00:36:10.884170Z,2026-09-08T00:40:26.750633Z,2026-09-08T00:40:26.746952Z,138.0,207.386,100,1,update,260.1,257.0,0,159.4,176.2,192.9,201.3,,,
20260908T003610Z_p4-chaos-recover,cockroachdb,chaos-recover,thesis,01ff85c294945c8138a8326bbe68c7055b3604d1,2026-09-08T00:36:10.884170Z,2026-09-08T00:40:26.750633Z,2026-09-08T00:40:26.746952Z,139.0,208.386,100,1,read,1047.6,1018.6,0,56.6,65.0,83.9,100.7,,,
20260908T003610Z_p4-chaos-recover,cockroachdb,chaos-recover,thesis,01ff85c294945c8138a8326bbe68c7055b3604d1,2026-09-08T00:36:10.884170Z,2026-09-08T00:40:26.750633Z,2026-09-08T00:40:26.746952Z,139.0,208.386,100,1,update,265.9,257.0,0,159.4,201.3,209.7,218.1,,,
20260908T003610Z_p4-chaos-recover,cockroachdb,chaos-recover,thesis,01ff85c294945c8138a8326bbe68c7055b3604d1,2026-09-08T00:36:10.884170Z,2026-09-08T00:40:26.750633Z,2026-09-08T00:40:26.746952Z,140.0,209.386,100,1,read,1075.1,1019.0,0,56.6,65.0,71.3,104.9,,,
20260908T003610Z_p4-chaos-recover,cockroachdb,chaos-recover,thesis,01ff85c294945c8138a8326bbe68c7055b3604d1,2026-09-08T00:36:10.884170Z,2026-09-08T00:40:26.750633Z,2026-09-08T00:40:26.746952Z,140.0,209.386,100,1,update,256.0,257.0,0,159.4,167.8,176.2,176.2,,,
20260908T003610Z_p4-chaos-recover,cockroachdb,chaos-recover,thesis,01ff85c294945c8138a8326bbe68c7055b3604d1,2026-09-08T00:36:10.884170Z,2026-09-08T00:40:26.750633Z,2026-09-08T00:40:26.746952Z,141.0,210.381,100,1,read,1059.3,1019.3,0,56.6,62.9,71.3,75.5,,,
20260908T003610Z_p4-chaos-recover,cockroachdb,chaos-recover,thesis,01ff85c294945c8138a8326bbe68c7055b3604d1,2026-09-08T00:36:10.884170Z,2026-09-08T00:40:26.750633Z,2026-09-08T00:40:26.746952Z,141.0,210.381,100,1,update,265.1,257.1,0,159.4,167.8,176.2,176.2,,,
20260908T003610Z_p4-chaos-recover,cockroachdb,chaos-recover,thesis,01ff85c294945c8138a8326bbe68c7055b3604d1,2026-09-08T00:36:10.884170Z,2026-09-08T00:40:26.750633Z,2026-09-08T00:40:26.746952Z,142.0,211.382,100,1,read,1060.0,1019.5,0,56.6,62.9,67.1,142.6,,,
20260908T003610Z_p4-chaos-recover,cockroachdb,chaos-recover,thesis,01ff85c294945c8138a8326bbe68c7055b3604d1,2026-09-08T00:36:10.884170Z,2026-09-08T00:40:26.750633Z,2026-09-08T00:40:26.746952Z,142.0,211.382,100,1,update,270.0,257.2,0,159.4,167.8,176.2,184.5,,,
20260908T003610Z_p4-chaos-recover,cockroachdb,chaos-recover,thesis,01ff85c294945c8138a8326bbe68c7055b3604d1,2026-09-08T00:36:10.884170Z,2026-09-08T00:40:26.750633Z,2026-09-08T00:40:26.746952Z,143.0,212.384,100,1,read,977.0,1019.2,0,56.6,79.7,92.3,125.8,,,
20260908T003610Z_p4-chaos-recover,cockroachdb,chaos-recover,thesis,01ff85c294945c8138a8326bbe68c7055b3604d1,2026-09-08T00:36:10.884170Z,2026-09-08T00:40:26.750633Z,2026-09-08T00:40:26.746952Z,143.0,212.384,100,1,update,252.8,257.2,0,159.4,184.5,201.3,234.9,,,
20260908T003610Z_p4-chaos-recover,cockroachdb,chaos-recover,thesis,01ff85c294945c8138a8326bbe68c7055b3604d1,2026-09-08T00:36:10.884170Z,2026-09-08T00:40:26.750633Z,2026-09-08T00:40:26.746952Z,144.0,213.384,100,1,read,914.5,1018.5,0,58.7,104.9,134.2,151.0,,,
20260908T003610Z_p4-chaos-recover,cockroachdb,chaos-recover,thesis,01ff85c294945c8138a8326bbe68c7055b3604d1,2026-09-08T00:36:10.884170Z,2026-09-08T00:40:26.750633Z,2026-09-08T00:40:26.746952Z,144.0,213.384,100,1,update,233.1,257.0,0,167.8,226.5,251.7,260.0,,,
20260908T003610Z_p4-chaos-recover,cockroachdb,chaos-recover,thesis,01ff85c294945c8138a8326bbe68c7055b3604d1,2026-09-08T00:36:10.884170Z,2026-09-08T00:40:26.750633Z,2026-09-08T00:40:26.746952Z,145.0,214.381,100,1,read,1012.4,1018.5,0,56.6,75.5,88.1,121.6,,,
20260908T003610Z_p4-chaos-recover,cockroachdb,chaos-recover,thesis,01ff85c294945c8138a8326bbe68c7055b3604d1,2026-09-08T00:36:10.884170Z,2026-09-08T00:40:26.750633Z,2026-09-08T00:40:26.746952Z,145.0,214.381,100,1,update,255.1,257.0,0,159.4,184.5,192.9,201.3,,,
20260908T003610Z_p4-chaos-recover,cockroachdb,chaos-recover,thesis,01ff85c294945c8138a8326bbe68c7055b3604d1,2026-09-08T00:36:10.884170Z,2026-09-08T00:40:26.750633Z,2026-09-08T00:40:26.746952Z,146.0,215.384,100,1,read,1050.9,1018.7,0,56.6,79.7,92.3,96.5,,,
20260908T003610Z_p4-chaos-recover,cockroachdb,chaos-recover,thesis,01ff85c294945c8138a8326bbe68c7055b3604d1,2026-09-08T00:36:10.884170Z,2026-09-08T00:40:26.750633Z,2026-09-08T00:40:26.746952Z,146.0,215.384,100,1,update,243.7,256.9,0,159.4,192.9,201.3,201.3,,,
20260908T003610Z_p4-chaos-recover,cockroachdb,chaos-recover,thesis,01ff85c294945c8138a8326bbe68c7055b3604d1,2026-09-08T00:36:10.884170Z,2026-09-08T00:40:26.750633Z,2026-09-08T00:40:26.746952Z,147.0,216.382,100,1,read,1026.1,1018.7,0,54.5,58.7,62.9,75.5,,,
20260908T003610Z_p4-chaos-recover,cockroachdb,chaos-recover,thesis,01ff85c294945c8138a8326bbe68c7055b3604d1,2026-09-08T00:36:10.884170Z,2026-09-08T00:40:26.750633Z,2026-09-08T00:40:26.746952Z,147.0,216.382,100,1,update,291.3,257.1,0,151.0,159.4,167.8,176.2,,,
20260908T003610Z_p4-chaos-recover,cockroachdb,chaos-recover,thesis,01ff85c294945c8138a8326bbe68c7055b3604d1,2026-09-08T00:36:10.884170Z,2026-09-08T00:40:26.750633Z,2026-09-08T00:40:26.746952Z,148.0,217.382,100,1,read,1021.0,1018.8,0,54.5,60.8,71.3,75.5,,,
20260908T003610Z_p4-chaos-recover,cockroachdb,chaos-recover,thesis,01ff85c294945c8138a8326bbe68c7055b3604d1,2026-09-08T00:36:10.884170Z,2026-09-08T00:40:26.750633Z,2026-09-08T00:40:26.746952Z,148.0,217.382,100,1,update,296.0,257.4,0,151.0,167.8,176.2,184.5,,,
20260908T003610Z_p4-chaos-recover,cockroachdb,chaos-recover,thesis,01ff85c294945c8138a8326bbe68c7055b3604d1,2026-09-08T00:36:10.884170Z,2026-09-08T00:40:26.750633Z,2026-09-08T00:40:26.746952Z,149.0,218.381,100,1,read,1066.9,1019.1,0,54.5,62.9,71.3,75.5,,,
20260908T003610Z_p4-chaos-recover,cockroachdb,chaos-recover,thesis,01ff85c294945c8138a8326bbe68c7055b3604d1,2026-09-08T00:36:10.884170Z,2026-09-08T00:40:26.750633Z,2026-09-08T00:40:26.746952Z,149.0,218.381,100,1,update,267.0,257.4,0,159.4,167.8,176.2,184.5,,,
20260908T003610Z_p4-chaos-recover,cockroachdb,chaos-recover,thesis,01ff85c294945c8138a8326bbe68c7055b3604d1,2026-09-08T00:36:10.884170Z,2026-09-08T00:40:26.750633Z,2026-09-08T00:40:26.746952Z,150.0,219.383,100,1,read,1064.3,1019.4,0,56.6,67.1,71.3,79.7,,,
20260908T003610Z_p4-chaos-recover,cockroachdb,chaos-recover,thesis,01ff85c294945c8138a8326bbe68c7055b3604d1,2026-09-08T00:36:10.884170Z,2026-09-08T00:40:26.750633Z,2026-09-08T00:40:26.746952Z,150.0,219.383,100,1,update,254.8,257.4,0,159.4,167.8,176.2,184.5,,,
20260908T003610Z_p4-chaos-recover,cockroachdb,chaos-recover,thesis,01ff85c294945c8138a8326bbe68c7055b3604d1,2026-09-08T00:36:10.884170Z,2026-09-08T00:40:26.750633Z,2026-09-08T00:40:26.746952Z,151.0,220.383,100,1,read,953.2,1018.9,0,58.7,83.9,92.3,100.7,,,
20260908T003610Z_p4-chaos-recover,cockroachdb,chaos-recover,thesis,01ff85c294945c8138a8326bbe68c7055b3604d1,2026-09-08T00:36:10.884170Z,2026-09-08T00:40:26.750633Z,2026-09-08T00:40:26.746952Z,151.0,220.383,100,1,update,256.1,257.4,0,159.4,201.3,201.3,209.7,,,
20260908T003610Z_p4-chaos-recover,cockroachdb,chaos-recover,thesis,01ff85c294945c8138a8326bbe68c7055b3604d1,2026-09-08T00:36:10.884170Z,2026-09-08T00:40:26.750633Z,2026-09-08T00:40:26.746952Z,152.0,221.39,100,1,read,963.3,1018.6,0,60.8,83.9,92.3,151.0,,,
20260908T003610Z_p4-chaos-recover,cockroachdb,chaos-recover,thesis,01ff85c294945c8138a8326bbe68c7055b3604d1,2026-09-08T00:36:10.884170Z,2026-09-08T00:40:26.750633Z,2026-09-08T00:40:26.746952Z,152.0,221.39,100,1,update,245.1,257.3,0,167.8,184.5,192.9,209.7,,,
20260908T003610Z_p4-chaos-recover,cockroachdb,chaos-recover,thesis,01ff85c294945c8138a8326bbe68c7055b3604d1,2026-09-08T00:36:10.884170Z,2026-09-08T00:40:26.750633Z,2026-09-08T00:40:26.746952Z,153.0,222.39,100,1,read,779.8,1017.0,0,67.1,130.0,151.0,159.4,,,
20260908T003610Z_p4-chaos-recover,cockroachdb,chaos-recover,thesis,01ff85c294945c8138a8326bbe68c7055b3604d1,2026-09-08T00:36:10.884170Z,2026-09-08T00:40:26.750633Z,2026-09-08T00:40:26.746952Z,153.0,222.39,100,1,update,201.0,257.0,0,176.2,226.5,268.4,285.2,,,
20260908T003610Z_p4-chaos-recover,cockroachdb,chaos-recover,thesis,01ff85c294945c8138a8326bbe68c7055b3604d1,2026-09-08T00:36:10.884170Z,2026-09-08T00:40:26.750633Z,2026-09-08T00:40:26.746952Z,154.0,223.391,100,1,read,909.2,1016.3,0,60.8,130.0,142.6,159.4,,,
20260908T003610Z_p4-chaos-recover,cockroachdb,chaos-recover,thesis,01ff85c294945c8138a8326bbe68c7055b3604d1,2026-09-08T00:36:10.884170Z,2026-09-08T00:40:26.750633Z,2026-09-08T00:40:26.746952Z,154.0,223.391,100,1,update,246.1,256.9,0,167.8,302.0,335.5,352.3,,,
20260908T003610Z_p4-chaos-recover,cockroachdb,chaos-recover,thesis,01ff85c294945c8138a8326bbe68c7055b3604d1,2026-09-08T00:36:10.884170Z,2026-09-08T00:40:26.750633Z,2026-09-08T00:40:26.746952Z,155.0,224.39,100,1,read,988.1,1016.1,0,58.7,79.7,100.7,176.2,,,
20260908T003610Z_p4-chaos-recover,cockroachdb,chaos-recover,thesis,01ff85c294945c8138a8326bbe68c7055b3604d1,2026-09-08T00:36:10.884170Z,2026-09-08T00:40:26.750633Z,2026-09-08T00:40:26.746952Z,155.0,224.39,100,1,update,241.0,256.8,0,167.8,201.3,226.5,226.5,,,
20260908T003610Z_p4-chaos-recover,cockroachdb,chaos-recover,thesis,01ff85c294945c8138a8326bbe68c7055b3604d1,2026-09-08T00:36:10.884170Z,2026-09-08T00:40:26.750633Z,2026-09-08T00:40:26.746952Z,156.0,225.39,100,1,read,959.9,1015.8,0,58.7,83.9,96.5,104.9,,,
20260908T003610Z_p4-chaos-recover,cockroachdb,chaos-recover,thesis,01ff85c294945c8138a8326bbe68c7055b3604d1,2026-09-08T00:36:10.884170Z,2026-09-08T00:40:26.750633Z,2026-09-08T00:40:26.746952Z,156.0,225.39,100,1,update,235.0,256.7,0,167.8,209.7,226.5,226.5,,,
20260908T003610Z_p4-chaos-recover,cockroachdb,chaos-recover,thesis,01ff85c294945c8138a8326bbe68c7055b3604d1,2026-09-08T00:36:10.884170Z,2026-09-08T00:40:26.750633Z,2026-09-08T00:40:26.746952Z,157.0,226.39,100,1,read,1081.2,1016.2,0,54.5,71.3,83.9,96.5,,,
20260908T003610Z_p4-chaos-recover,cockroachdb,chaos-recover,thesis,01ff85c294945c8138a8326bbe68c7055b3604d1,2026-09-08T00:36:10.884170Z,2026-09-08T00:40:26.750633Z,2026-09-08T00:40:26.746952Z,157.0,226.39,100,1,update,258.0,256.7,0,159.4,176.2,184.5,201.3,,,
20260908T003610Z_p4-chaos-recover,cockroachdb,chaos-recover,thesis,01ff85c294945c8138a8326bbe68c7055b3604d1,2026-09-08T00:36:10.884170Z,2026-09-08T00:40:26.750633Z,2026-09-08T00:40:26.746952Z,158.0,227.39,100,1,read,1061.1,1016.5,0,54.5,65.0,75.5,79.7,,,
20260908T003610Z_p4-chaos-recover,cockroachdb,chaos-recover,thesis,01ff85c294945c8138a8326bbe68c7055b3604d1,2026-09-08T00:36:10.884170Z,2026-09-08T00:40:26.750633Z,2026-09-08T00:40:26.746952Z,158.0,227.39,100,1,update,263.8,256.7,0,159.4,167.8,176.2,184.5,,,
20260908T003610Z_p4-chaos-recover,cockroachdb,chaos-recover,thesis,01ff85c294945c8138a8326bbe68c7055b3604d1,2026-09-08T00:36:10.884170Z,2026-09-08T00:40:26.750633Z,2026-09-08T00:40:26.746952Z,159.0,228.39,100,1,read,1034.1,1016.6,0,58.7,79.7,92.3,109.1,,,
20260908T003610Z_p4-chaos-recover,cockroachdb,chaos-recover,thesis,01ff85c294945c8138a8326bbe68c7055b3604d1,2026-09-08T00:36:10.884170Z,2026-09-08T00:40:26.750633Z,2026-09-08T00:40:26.746952Z,159.0,228.39,100,1,update,230.0,256.5,0,159.4,201.3,209.7,209.7,,,
20260908T003610Z_p4-chaos-recover,cockroachdb,chaos-recover,thesis,01ff85c294945c8138a8326bbe68c7055b3604d1,2026-09-08T00:36:10.884170Z,2026-09-08T00:40:26.750633Z,2026-09-08T00:40:26.746952Z,160.0,229.389,100,1,read,970.5,1016.3,0,58.7,79.7,92.3,100.7,,,
20260908T003610Z_p4-chaos-recover,cockroachdb,chaos-recover,thesis,01ff85c294945c8138a8326bbe68c7055b3604d1,2026-09-08T00:36:10.884170Z,2026-09-08T00:40:26.750633Z,2026-09-08T00:40:26.746952Z,160.0,229.389,100,1,update,247.1,256.5,0,167.8,184.5,201.3,218.1,,,
20260908T003610Z_p4-chaos-recover,cockroachdb,chaos-recover,thesis,01ff85c294945c8138a8326bbe68c7055b3604d1,2026-09-08T00:36:10.884170Z,2026-09-08T00:40:26.750633Z,2026-09-08T00:40:26.746952Z,161.0,230.384,100,1,read,1060.3,1016.6,0,56.6,65.0,88.1,96.5,,,
20260908T003610Z_p4-chaos-recover,cockroachdb,chaos-recover,thesis,01ff85c294945c8138a8326bbe68c7055b3604d1,2026-09-08T00:36:10.884170Z,2026-09-08T00:40:26.750633Z,2026-09-08T00:40:26.746952Z,161.0,230.384,100,1,update,258.8,256.5,0,159.4,184.5,192.9,201.3,,,
20260908T003610Z_p4-chaos-recover,cockroachdb,chaos-recover,thesis,01ff85c294945c8138a8326bbe68c7055b3604d1,2026-09-08T00:36:10.884170Z,2026-09-08T00:40:26.750633Z,2026-09-08T00:40:26.746952Z,162.0,231.384,100,1,read,1054.0,1016.8,0,56.6,67.1,75.5,88.1,,,
20260908T003610Z_p4-chaos-recover,cockroachdb,chaos-recover,thesis,01ff85c294945c8138a8326bbe68c7055b3604d1,2026-09-08T00:36:10.884170Z,2026-09-08T00:40:26.750633Z,2026-09-08T00:40:26.746952Z,162.0,231.384,100,1,update,252.0,256.5,0,159.4,176.2,176.2,184.5,,,
20260908T003610Z_p4-chaos-recover,cockroachdb,chaos-recover,thesis,01ff85c294945c8138a8326bbe68c7055b3604d1,2026-09-08T00:36:10.884170Z,2026-09-08T00:40:26.750633Z,2026-09-08T00:40:26.746952Z,163.0,232.382,100,1,read,1055.5,1017.0,0,54.5,60.8,67.1,71.3,,,
20260908T003610Z_p4-chaos-recover,cockroachdb,chaos-recover,thesis,01ff85c294945c8138a8326bbe68c7055b3604d1,2026-09-08T00:36:10.884170Z,2026-09-08T00:40:26.750633Z,2026-09-08T00:40:26.746952Z,163.0,232.382,100,1,update,267.1,256.5,0,159.4,167.8,176.2,176.2,,,
20260908T003610Z_p4-chaos-recover,cockroachdb,chaos-recover,thesis,01ff85c294945c8138a8326bbe68c7055b3604d1,2026-09-08T00:36:10.884170Z,2026-09-08T00:40:26.750633Z,2026-09-08T00:40:26.746952Z,164.0,233.382,100,1,read,960.4,1016.7,0,58.7,83.9,92.3,104.9,,,
20260908T003610Z_p4-chaos-recover,cockroachdb,chaos-recover,thesis,01ff85c294945c8138a8326bbe68c7055b3604d1,2026-09-08T00:36:10.884170Z,2026-09-08T00:40:26.750633Z,2026-09-08T00:40:26.746952Z,164.0,233.382,100,1,update,250.1,256.5,0,159.4,201.3,218.1,218.1,,,
20260908T003610Z_p4-chaos-recover,cockroachdb,chaos-recover,thesis,01ff85c294945c8138a8326bbe68c7055b3604d1,2026-09-08T00:36:10.884170Z,2026-09-08T00:40:26.750633Z,2026-09-08T00:40:26.746952Z,165.0,234.386,100,1,read,1018.0,1016.7,0,54.5,67.1,79.7,92.3,,,
20260908T003610Z_p4-chaos-recover,cockroachdb,chaos-recover,thesis,01ff85c294945c8138a8326bbe68c7055b3604d1,2026-09-08T00:36:10.884170Z,2026-09-08T00:40:26.750633Z,2026-09-08T00:40:26.746952Z,165.0,234.386,100,1,update,273.7,256.6,0,159.4,176.2,192.9,192.9,,,
20260908T003610Z_p4-chaos-recover,cockroachdb,chaos-recover,thesis,01ff85c294945c8138a8326bbe68c7055b3604d1,2026-09-08T00:36:10.884170Z,2026-09-08T00:40:26.750633Z,2026-09-08T00:40:26.746952Z,166.0,235.382,100,1,read,931.7,1016.2,0,60.8,88.1,109.1,134.2,,,
20260908T003610Z_p4-chaos-recover,cockroachdb,chaos-recover,thesis,01ff85c294945c8138a8326bbe68c7055b3604d1,2026-09-08T00:36:10.884170Z,2026-09-08T00:40:26.750633Z,2026-09-08T00:40:26.746952Z,166.0,235.382,100,1,update,233.2,256.5,0,167.8,201.3,226.5,234.9,,,
20260908T003610Z_p4-chaos-recover,cockroachdb,chaos-recover,thesis,01ff85c294945c8138a8326bbe68c7055b3604d1,2026-09-08T00:36:10.884170Z,2026-09-08T00:40:26.750633Z,2026-09-08T00:40:26.746952Z,167.0,236.382,100,1,read,1081.5,1016.6,0,54.5,71.3,75.5,88.1,,,
20260908T003610Z_p4-chaos-recover,cockroachdb,chaos-recover,thesis,01ff85c294945c8138a8326bbe68c7055b3604d1,2026-09-08T00:36:10.884170Z,2026-09-08T00:40:26.750633Z,2026-09-08T00:40:26.746952Z,167.0,236.382,100,1,update,257.9,256.5,0,159.4,184.5,226.5,260.0,,,
20260908T003610Z_p4-chaos-recover,cockroachdb,chaos-recover,thesis,01ff85c294945c8138a8326bbe68c7055b3604d1,2026-09-08T00:36:10.884170Z,2026-09-08T00:40:26.750633Z,2026-09-08T00:40:26.746952Z,168.0,237.381,100,1,read,1080.7,1017.0,0,54.5,65.0,71.3,79.7,,,
20260908T003610Z_p4-chaos-recover,cockroachdb,chaos-recover,thesis,01ff85c294945c8138a8326bbe68c7055b3604d1,2026-09-08T00:36:10.884170Z,2026-09-08T00:40:26.750633Z,2026-09-08T00:40:26.746952Z,168.0,237.381,100,1,update,260.2,256.5,0,159.4,167.8,176.2,184.5,,,
20260908T003610Z_p4-chaos-recover,cockroachdb,chaos-recover,thesis,01ff85c294945c8138a8326bbe68c7055b3604d1,2026-09-08T00:36:10.884170Z,2026-09-08T00:40:26.750633Z,2026-09-08T00:40:26.746952Z,169.0,238.385,100,1,read,969.2,1016.7,0,60.8,88.1,96.5,151.0,,,
20260908T003610Z_p4-chaos-recover,cockroachdb,chaos-recover,thesis,01ff85c294945c8138a8326bbe68c7055b3604d1,2026-09-08T00:36:10.884170Z,2026-09-08T00:40:26.750633Z,2026-09-08T00:40:26.746952Z,169.0,238.385,100,1,update,235.8,256.4,0,167.8,201.3,209.7,218.1,,,
20260908T003610Z_p4-chaos-recover,cockroachdb,chaos-recover,thesis,01ff85c294945c8138a8326bbe68c7055b3604d1,2026-09-08T00:36:10.884170Z,2026-09-08T00:40:26.750633Z,2026-09-08T00:40:26.746952Z,170.0,239.384,100,1,read,998.3,1016.6,0,60.8,79.7,92.3,130.0,,,
20260908T003610Z_p4-chaos-recover,cockroachdb,chaos-recover,thesis,01ff85c294945c8138a8326bbe68c7055b3604d1,2026-09-08T00:36:10.884170Z,2026-09-08T00:40:26.750633Z,2026-09-08T00:40:26.746952Z,170.0,239.384,100,1,update,237.1,256.3,0,167.8,192.9,201.3,201.3,,,
20260908T003610Z_p4-chaos-recover,cockroachdb,chaos-recover,thesis,01ff85c294945c8138a8326bbe68c7055b3604d1,2026-09-08T00:36:10.884170Z,2026-09-08T00:40:26.750633Z,2026-09-08T00:40:26.746952Z,171.0,240.392,100,1,read,1040.3,1016.7,0,56.6,62.9,65.0,67.1,,,
20260908T003610Z_p4-chaos-recover,cockroachdb,chaos-recover,thesis,01ff85c294945c8138a8326bbe68c7055b3604d1,2026-09-08T00:36:10.884170Z,2026-09-08T00:40:26.750633Z,2026-09-08T00:40:26.746952Z,171.0,240.392,100,1,update,275.1,256.4,0,159.4,167.8,167.8,176.2,,,
20260908T003610Z_p4-chaos-recover,cockroachdb,chaos-recover,thesis,01ff85c294945c8138a8326bbe68c7055b3604d1,2026-09-08T00:36:10.884170Z,2026-09-08T00:40:26.750633Z,2026-09-08T00:40:26.746952Z,172.0,241.382,100,1,read,1083.7,1017.1,0,56.6,65.0,75.5,142.6,,,
20260908T003610Z_p4-chaos-recover,cockroachdb,chaos-recover,thesis,01ff85c294945c8138a8326bbe68c7055b3604d1,2026-09-08T00:36:10.884170Z,2026-09-08T00:40:26.750633Z,2026-09-08T00:40:26.746952Z,172.0,241.382,100,1,update,246.9,256.3,0,159.4,167.8,176.2,184.5,,,
20260908T003610Z_p4-chaos-recover,cockroachdb,chaos-recover,thesis,01ff85c294945c8138a8326bbe68c7055b3604d1,2026-09-08T00:36:10.884170Z,2026-09-08T00:40:26.750633Z,2026-09-08T00:40:26.746952Z,173.0,242.384,100,1,read,1027.9,1017.2,0,56.6,71.3,79.7,92.3,,,
20260908T003610Z_p4-chaos-recover,cockroachdb,chaos-recover,thesis,01ff85c294945c8138a8326bbe68c7055b3604d1,2026-09-08T00:36:10.884170Z,2026-09-08T00:40:26.750633Z,2026-09-08T00:40:26.746952Z,173.0,242.384,100,1,update,264.0,256.4,0,159.4,176.2,184.5,184.5,,,
20260908T003610Z_p4-chaos-recover,cockroachdb,chaos-recover,thesis,01ff85c294945c8138a8326bbe68c7055b3604d1,2026-09-08T00:36:10.884170Z,2026-09-08T00:40:26.750633Z,2026-09-08T00:40:26.746952Z,174.0,243.383,100,1,read,973.5,1016.9,0,56.6,79.7,83.9,100.7,,,
20260908T003610Z_p4-chaos-recover,cockroachdb,chaos-recover,thesis,01ff85c294945c8138a8326bbe68c7055b3604d1,2026-09-08T00:36:10.884170Z,2026-09-08T00:40:26.750633Z,2026-09-08T00:40:26.746952Z,174.0,243.383,100,1,update,259.1,256.4,0,159.4,184.5,192.9,218.1,,,
20260908T003610Z_p4-chaos-recover,cockroachdb,chaos-recover,thesis,01ff85c294945c8138a8326bbe68c7055b3604d1,2026-09-08T00:36:10.884170Z,2026-09-08T00:40:26.750633Z,2026-09-08T00:40:26.746952Z,175.0,244.385,100,1,read,743.5,1015.4,0,71.3,130.0,142.6,151.0,,,
20260908T003610Z_p4-chaos-recover,cockroachdb,chaos-recover,thesis,01ff85c294945c8138a8326bbe68c7055b3604d1,2026-09-08T00:36:10.884170Z,2026-09-08T00:40:26.750633Z,2026-09-08T00:40:26.746952Z,175.0,244.385,100,1,update,208.9,256.1,0,176.2,285.2,285.2,302.0,,,
20260908T003610Z_p4-chaos-recover,cockroachdb,chaos-recover,thesis,01ff85c294945c8138a8326bbe68c7055b3604d1,2026-09-08T00:36:10.884170Z,2026-09-08T00:40:26.750633Z,2026-09-08T00:40:26.746952Z,176.0,245.385,100,1,read,858.4,1014.5,0,65.0,130.0,142.6,159.4,,,
20260908T003610Z_p4-chaos-recover,cockroachdb,chaos-recover,thesis,01ff85c294945c8138a8326bbe68c7055b3604d1,2026-09-08T00:36:10.884170Z,2026-09-08T00:40:26.750633Z,2026-09-08T00:40:26.746952Z,176.0,245.385,100,1,update,206.1,255.8,0,184.5,268.4,302.0,302.0,,,
20260908T003610Z_p4-chaos-recover,cockroachdb,chaos-recover,thesis,01ff85c294945c8138a8326bbe68c7055b3604d1,2026-09-08T00:36:10.884170Z,2026-09-08T00:40:26.750633Z,2026-09-08T00:40:26.746952Z,177.0,246.383,100,1,read,1019.9,1014.5,0,56.6,75.5,83.9,104.9,,,
20260908T003610Z_p4-chaos-recover,cockroachdb,chaos-recover,thesis,01ff85c294945c8138a8326bbe68c7055b3604d1,2026-09-08T00:36:10.884170Z,2026-09-08T00:40:26.750633Z,2026-09-08T00:40:26.746952Z,177.0,246.383,100,1,update,233.0,255.7,0,167.8,243.3,285.2,302.0,,,
20260908T003610Z_p4-chaos-recover,cockroachdb,chaos-recover,thesis,01ff85c294945c8138a8326bbe68c7055b3604d1,2026-09-08T00:36:10.884170Z,2026-09-08T00:40:26.750633Z,2026-09-08T00:40:26.746952Z,178.0,247.384,100,1,read,953.4,1014.2,0,62.9,83.9,92.3,104.9,,,
20260908T003610Z_p4-chaos-recover,cockroachdb,chaos-recover,thesis,01ff85c294945c8138a8326bbe68c7055b3604d1,2026-09-08T00:36:10.884170Z,2026-09-08T00:40:26.750633Z,2026-09-08T00:40:26.746952Z,178.0,247.384,100,1,update,228.8,255.5,0,167.8,192.9,218.1,218.1,,,
20260908T003610Z_p4-chaos-recover,cockroachdb,chaos-recover,thesis,01ff85c294945c8138a8326bbe68c7055b3604d1,2026-09-08T00:36:10.884170Z,2026-09-08T00:40:26.750633Z,2026-09-08T00:40:26.746952Z,179.0,248.382,100,1,read,1026.0,1014.2,0,58.7,79.7,92.3,121.6,,,
20260908T003610Z_p4-chaos-recover,cockroachdb,chaos-recover,thesis,01ff85c294945c8138a8326bbe68c7055b3604d1,2026-09-08T00:36:10.884170Z,2026-09-08T00:40:26.750633Z,2026-09-08T00:40:26.746952Z,179.0,248.382,100,1,update,226.2,255.4,0,167.8,192.9,201.3,209.7,,,
20260908T003610Z_p4-chaos-recover,cockroachdb,chaos-recover,thesis,01ff85c294945c8138a8326bbe68c7055b3604d1,2026-09-08T00:36:10.884170Z,2026-09-08T00:40:26.750633Z,2026-09-08T00:40:26.746952Z,180.0,249.385,100,1,read,1002.5,1014.2,0,58.7,75.5,83.9,92.3,,,
20260908T003610Z_p4-chaos-recover,cockroachdb,chaos-recover,thesis,01ff85c294945c8138a8326bbe68c7055b3604d1,2026-09-08T00:36:10.884170Z,2026-09-08T00:40:26.750633Z,2026-09-08T00:40:26.746952Z,180.0,249.385,100,1,update,251.9,255.3,0,159.4,184.5,184.5,201.3,,,
20260908T020352Z_p4-chaos-recover,cockroachdb,chaos-recover,thesis,081437cb6cc2ba295d0eed98d5c7fc48361b28c0,2026-09-08T02:03:52.948605Z,2026-09-08T02:06:19.449645Z,2026-09-08T02:06:19.447451Z,1.0,69.953,100,1,read,15.0,990.3,0,58.7,121.6,151.0,151.0,,,
20260908T020352Z_p4-chaos-recover,cockroachdb,chaos-recover,thesis,081437cb6cc2ba295d0eed98d5c7fc48361b28c0,2026-09-08T02:03:52.948605Z,2026-09-08T02:06:19.449645Z,2026-09-08T02:06:19.447451Z,1.0,69.953,100,1,update,3.1,203.8,0,159.4,226.5,243.3,251.7,,,
20260908T020352Z_p4-chaos-recover,cockroachdb,chaos-recover,thesis,081437cb6cc2ba295d0eed98d5c7fc48361b28c0,2026-09-08T02:03:52.948605Z,2026-09-08T02:06:19.449645Z,2026-09-08T02:06:19.447451Z,2.0,70.938,100,1,read,1029.9,1009.9,0,58.7,75.5,88.1,100.7,,,
20260908T020352Z_p4-chaos-recover,cockroachdb,chaos-recover,thesis,081437cb6cc2ba295d0eed98d5c7fc48361b28c0,2026-09-08T02:03:52.948605Z,2026-09-08T02:06:19.449645Z,2026-09-08T02:06:19.447451Z,2.0,70.938,100,1,update,239.2,221.5,0,167.8,184.5,192.9,218.1,,,
20260908T020352Z_p4-chaos-recover,cockroachdb,chaos-recover,thesis,081437cb6cc2ba295d0eed98d5c7fc48361b28c0,2026-09-08T02:03:52.948605Z,2026-09-08T02:06:19.449645Z,2026-09-08T02:06:19.447451Z,3.0,71.941,100,1,read,993.0,1004.3,0,56.6,71.3,75.5,83.9,,,
20260908T020352Z_p4-chaos-recover,cockroachdb,chaos-recover,thesis,081437cb6cc2ba295d0eed98d5c7fc48361b28c0,2026-09-08T02:03:52.948605Z,2026-09-08T02:06:19.449645Z,2026-09-08T02:06:19.447451Z,3.0,71.941,100,1,update,266.0,236.3,0,159.4,176.2,176.2,184.5,,,
20260908T020352Z_p4-chaos-recover,cockroachdb,chaos-recover,thesis,081437cb6cc2ba295d0eed98d5c7fc48361b28c0,2026-09-08T02:03:52.948605Z,2026-09-08T02:06:19.449645Z,2026-09-08T02:06:19.447451Z,4.0,72.94,100,1,read,1005.2,1004.6,0,58.7,75.5,83.9,92.3,,,
20260908T020352Z_p4-chaos-recover,cockroachdb,chaos-recover,thesis,081437cb6cc2ba295d0eed98d5c7fc48361b28c0,2026-09-08T02:03:52.948605Z,2026-09-08T02:06:19.449645Z,2026-09-08T02:06:19.447451Z,4.0,72.94,100,1,update,249.8,239.7,0,167.8,192.9,209.7,218.1,,,
20260908T020352Z_p4-chaos-recover,cockroachdb,chaos-recover,thesis,081437cb6cc2ba295d0eed98d5c7fc48361b28c0,2026-09-08T02:03:52.948605Z,2026-09-08T02:06:19.449645Z,2026-09-08T02:06:19.447451Z,5.0,73.939,100,1,read,978.8,999.4,0,58.7,75.5,83.9,96.5,,,
20260908T020352Z_p4-chaos-recover,cockroachdb,chaos-recover,thesis,081437cb6cc2ba295d0eed98d5c7fc48361b28c0,2026-09-08T02:03:52.948605Z,2026-09-08T02:06:19.449645Z,2026-09-08T02:06:19.447451Z,5.0,73.939,100,1,update,261.9,244.2,0,159.4,184.5,201.3,209.7,,,
20260908T020352Z_p4-chaos-recover,cockroachdb,chaos-recover,thesis,081437cb6cc2ba295d0eed98d5c7fc48361b28c0,2026-09-08T02:03:52.948605Z,2026-09-08T02:06:19.449645Z,2026-09-08T02:06:19.447451Z,6.0,74.942,100,1,read,992.2,998.2,0,58.7,71.3,79.7,83.9,,,
20260908T020352Z_p4-chaos-recover,cockroachdb,chaos-recover,thesis,081437cb6cc2ba295d0eed98d5c7fc48361b28c0,2026-09-08T02:03:52.948605Z,2026-09-08T02:06:19.449645Z,2026-09-08T02:06:19.447451Z,6.0,74.942,100,1,update,258.1,246.5,0,167.8,176.2,184.5,192.9,,,
20260908T020352Z_p4-chaos-recover,cockroachdb,chaos-recover,thesis,081437cb6cc2ba295d0eed98d5c7fc48361b28c0,2026-09-08T02:03:52.948605Z,2026-09-08T02:06:19.449645Z,2026-09-08T02:06:19.447451Z,7.0,75.941,100,1,read,957.6,992.4,0,58.7,75.5,88.1,104.9,,,
20260908T020352Z_p4-chaos-recover,cockroachdb,chaos-recover,thesis,081437cb6cc2ba295d0eed98d5c7fc48361b28c0,2026-09-08T02:03:52.948605Z,2026-09-08T02:06:19.449645Z,2026-09-08T02:06:19.447451Z,7.0,75.941,100,1,update,267.2,249.4,0,159.4,184.5,192.9,209.7,,,
20260908T020352Z_p4-chaos-recover,cockroachdb,chaos-recover,thesis,081437cb6cc2ba295d0eed98d5c7fc48361b28c0,2026-09-08T02:03:52.948605Z,2026-09-08T02:06:19.449645Z,2026-09-08T02:06:19.447451Z,8.0,76.939,100,1,read,1039.6,998.3,0,56.6,67.1,75.5,83.9,,,
20260908T020352Z_p4-chaos-recover,cockroachdb,chaos-recover,thesis,081437cb6cc2ba295d0eed98d5c7fc48361b28c0,2026-09-08T02:03:52.948605Z,2026-09-08T02:06:19.449645Z,2026-09-08T02:06:19.447451Z,8.0,76.939,100,1,update,264.9,251.4,0,159.4,176.2,176.2,184.5,,,
20260908T020352Z_p4-chaos-recover,cockroachdb,chaos-recover,thesis,081437cb6cc2ba295d0eed98d5c7fc48361b28c0,2026-09-08T02:03:52.948605Z,2026-09-08T02:06:19.449645Z,2026-09-08T02:06:19.447451Z,9.0,77.94,100,1,read,758.2,971.6,0,88.1,125.8,134.2,142.6,,,
20260908T020352Z_p4-chaos-recover,cockroachdb,chaos-recover,thesis,081437cb6cc2ba295d0eed98d5c7fc48361b28c0,2026-09-08T02:03:52.948605Z,2026-09-08T02:06:19.449645Z,2026-09-08T02:06:19.447451Z,9.0,77.94,100,1,update,174.0,242.8,0,209.7,251.7,260.0,260.0,,,
20260908T020352Z_p4-chaos-recover,cockroachdb,chaos-recover,thesis,081437cb6cc2ba295d0eed98d5c7fc48361b28c0,2026-09-08T02:03:52.948605Z,2026-09-08T02:06:19.449645Z,2026-09-08T02:06:19.447451Z,10.0,78.94,100,1,read,834.5,957.9,0,75.5,104.9,117.4,121.6,,,
20260908T020352Z_p4-chaos-recover,cockroachdb,chaos-recover,thesis,081437cb6cc2ba295d0eed98d5c7fc48361b28c0,2026-09-08T02:03:52.948605Z,2026-09-08T02:06:19.449645Z,2026-09-08T02:06:19.447451Z,10.0,78.94,100,1,update,204.9,239.0,0,192.9,243.3,243.3,251.7,,,
20260908T020352Z_p4-chaos-recover,cockroachdb,chaos-recover,thesis,081437cb6cc2ba295d0eed98d5c7fc48361b28c0,2026-09-08T02:03:52.948605Z,2026-09-08T02:06:19.449645Z,2026-09-08T02:06:19.447451Z,11.0,79.94,100,1,read,829.9,946.3,0,60.8,96.5,109.1,117.4,,,
20260908T020352Z_p4-chaos-recover,cockroachdb,chaos-recover,thesis,081437cb6cc2ba295d0eed98d5c7fc48361b28c0,2026-09-08T02:03:52.948605Z,2026-09-08T02:06:19.449645Z,2026-09-08T02:06:19.447451Z,11.0,79.94,100,1,update,263.0,241.2,0,167.8,218.1,234.9,251.7,,,
20260908T020352Z_p4-chaos-recover,cockroachdb,chaos-recover,thesis,081437cb6cc2ba295d0eed98d5c7fc48361b28c0,2026-09-08T02:03:52.948605Z,2026-09-08T02:06:19.449645Z,2026-09-08T02:06:19.447451Z,12.0,80.941,100,1,read,975.2,948.7,0,58.7,79.7,92.3,151.0,,,
20260908T020352Z_p4-chaos-recover,cockroachdb,chaos-recover,thesis,081437cb6cc2ba295d0eed98d5c7fc48361b28c0,2026-09-08T02:03:52.948605Z,2026-09-08T02:06:19.449645Z,2026-09-08T02:06:19.447451Z,12.0,80.941,100,1,update,260.1,242.7,0,159.4,201.3,209.7,218.1,,,
20260908T020352Z_p4-chaos-recover,cockroachdb,chaos-recover,thesis,081437cb6cc2ba295d0eed98d5c7fc48361b28c0,2026-09-08T02:03:52.948605Z,2026-09-08T02:06:19.449645Z,2026-09-08T02:06:19.447451Z,13.0,81.941,100,1,read,1057.1,957.0,0,56.6,65.0,71.3,79.7,,,
20260908T020352Z_p4-chaos-recover,cockroachdb,chaos-recover,thesis,081437cb6cc2ba295d0eed98d5c7fc48361b28c0,2026-09-08T02:03:52.948605Z,2026-09-08T02:06:19.449645Z,2026-09-08T02:06:19.447451Z,13.0,81.941,100,1,update,255.0,243.7,0,159.4,176.2,176.2,184.5,,,
20260908T020352Z_p4-chaos-recover,cockroachdb,chaos-recover,thesis,081437cb6cc2ba295d0eed98d5c7fc48361b28c0,2026-09-08T02:03:52.948605Z,2026-09-08T02:06:19.449645Z,2026-09-08T02:06:19.447451Z,14.0,82.94,100,1,read,1035.5,962.7,0,56.6,67.1,75.5,79.7,,,
20260908T020352Z_p4-chaos-recover,cockroachdb,chaos-recover,thesis,081437cb6cc2ba295d0eed98d5c7fc48361b28c0,2026-09-08T02:03:52.948605Z,2026-09-08T02:06:19.449645Z,2026-09-08T02:06:19.447451Z,14.0,82.94,100,1,update,260.9,244.9,0,159.4,176.2,184.5,192.9,,,
20260908T020352Z_p4-chaos-recover,cockroachdb,chaos-recover,thesis,081437cb6cc2ba295d0eed98d5c7fc48361b28c0,2026-09-08T02:03:52.948605Z,2026-09-08T02:06:19.449645Z,2026-09-08T02:06:19.447451Z,15.0,83.948,100,1,read,1052.1,968.6,0,56.6,71.3,75.5,79.7,,,
20260908T020352Z_p4-chaos-recover,cockroachdb,chaos-recover,thesis,081437cb6cc2ba295d0eed98d5c7fc48361b28c0,2026-09-08T02:03:52.948605Z,2026-09-08T02:06:19.449645Z,2026-09-08T02:06:19.447451Z,15.0,83.948,100,1,update,246.3,245.0,0,159.4,184.5,192.9,201.3,,,
20260908T020352Z_p4-chaos-recover,cockroachdb,chaos-recover,thesis,081437cb6cc2ba295d0eed98d5c7fc48361b28c0,2026-09-08T02:03:52.948605Z,2026-09-08T02:06:19.449645Z,2026-09-08T02:06:19.447451Z,16.0,84.942,100,1,read,1055.2,974.0,0,54.5,65.0,71.3,83.9,,,
20260908T020352Z_p4-chaos-recover,cockroachdb,chaos-recover,thesis,081437cb6cc2ba295d0eed98d5c7fc48361b28c0,2026-09-08T02:03:52.948605Z,2026-09-08T02:06:19.449645Z,2026-09-08T02:06:19.447451Z,16.0,84.942,100,1,update,254.8,245.6,0,159.4,201.3,234.9,260.0,,,
20260908T020352Z_p4-chaos-recover,cockroachdb,chaos-recover,thesis,081437cb6cc2ba295d0eed98d5c7fc48361b28c0,2026-09-08T02:03:52.948605Z,2026-09-08T02:06:19.449645Z,2026-09-08T02:06:19.447451Z,17.0,85.94,100,1,read,1055.9,978.8,0,56.6,67.1,71.3,75.5,,,
20260908T020352Z_p4-chaos-recover,cockroachdb,chaos-recover,thesis,081437cb6cc2ba295d0eed98d5c7fc48361b28c0,2026-09-08T02:03:52.948605Z,2026-09-08T02:06:19.449645Z,2026-09-08T02:06:19.447451Z,17.0,85.94,100,1,update,237.0,245.1,0,167.8,176.2,184.5,184.5,,,
20260908T020352Z_p4-chaos-recover,cockroachdb,chaos-recover,thesis,081437cb6cc2ba295d0eed98d5c7fc48361b28c0,2026-09-08T02:03:52.948605Z,2026-09-08T02:06:19.449645Z,2026-09-08T02:06:19.447451Z,18.0,86.939,100,1,read,1005.8,980.3,0,56.6,71.3,79.7,83.9,,,
20260908T020352Z_p4-chaos-recover,cockroachdb,chaos-recover,thesis,081437cb6cc2ba295d0eed98d5c7fc48361b28c0,2026-09-08T02:03:52.948605Z,2026-09-08T02:06:19.449645Z,2026-09-08T02:06:19.447451Z,18.0,86.939,100,1,update,271.2,246.6,0,159.4,176.2,184.5,184.5,,,
20260908T020352Z_p4-chaos-recover,cockroachdb,chaos-recover,thesis,081437cb6cc2ba295d0eed98d5c7fc48361b28c0,2026-09-08T02:03:52.948605Z,2026-09-08T02:06:19.449645Z,2026-09-08T02:06:19.447451Z,19.0,87.939,100,1,read,1021.6,982.5,0,56.6,71.3,79.7,92.3,,,
20260908T020352Z_p4-chaos-recover,cockroachdb,chaos-recover,thesis,081437cb6cc2ba295d0eed98d5c7fc48361b28c0,2026-09-08T02:03:52.948605Z,2026-09-08T02:06:19.449645Z,2026-09-08T02:06:19.447451Z,19.0,87.939,100,1,update,260.9,247.3,0,159.4,184.5,192.9,318.8,,,
20260908T020352Z_p4-chaos-recover,cockroachdb,chaos-recover,thesis,081437cb6cc2ba295d0eed98d5c7fc48361b28c0,2026-09-08T02:03:52.948605Z,2026-09-08T02:06:19.449645Z,2026-09-08T02:06:19.447451Z,20.0,88.942,100,1,read,1073.8,987.1,0,56.6,65.0,79.7,104.9,,,
20260908T020352Z_p4-chaos-recover,cockroachdb,chaos-recover,thesis,081437cb6cc2ba295d0eed98d5c7fc48361b28c0,2026-09-08T02:03:52.948605Z,2026-09-08T02:06:19.449645Z,2026-09-08T02:06:19.447451Z,20.0,88.942,100,1,update,249.0,247.4,0,159.4,176.2,184.5,192.9,,,
20260908T020352Z_p4-chaos-recover,cockroachdb,chaos-recover,thesis,081437cb6cc2ba295d0eed98d5c7fc48361b28c0,2026-09-08T02:03:52.948605Z,2026-09-08T02:06:19.449645Z,2026-09-08T02:06:19.447451Z,21.0,89.941,100,1,read,992.8,987.3,0,56.6,71.3,79.7,96.5,,,
20260908T020352Z_p4-chaos-recover,cockroachdb,chaos-recover,thesis,081437cb6cc2ba295d0eed98d5c7fc48361b28c0,2026-09-08T02:03:52.948605Z,2026-09-08T02:06:19.449645Z,2026-09-08T02:06:19.447451Z,21.0,89.941,100,1,update,275.9,248.7,0,159.4,176.2,192.9,201.3,,,
20260908T020352Z_p4-chaos-recover,cockroachdb,chaos-recover,thesis,081437cb6cc2ba295d0eed98d5c7fc48361b28c0,2026-09-08T02:03:52.948605Z,2026-09-08T02:06:19.449645Z,2026-09-08T02:06:19.447451Z,22.0,90.94,100,1,read,942.5,985.3,0,60.8,75.5,83.9,92.3,,,
20260908T020352Z_p4-chaos-recover,cockroachdb,chaos-recover,thesis,081437cb6cc2ba295d0eed98d5c7fc48361b28c0,2026-09-08T02:03:52.948605Z,2026-09-08T02:06:19.449645Z,2026-09-08T02:06:19.447451Z,22.0,90.94,100,1,update,250.1,248.8,0,167.8,192.9,192.9,209.7,,,
20260908T020352Z_p4-chaos-recover,cockroachdb,chaos-recover,thesis,081437cb6cc2ba295d0eed98d5c7fc48361b28c0,2026-09-08T02:03:52.948605Z,2026-09-08T02:06:19.449645Z,2026-09-08T02:06:19.447451Z,23.0,91.94,100,1,read,869.6,980.3,0,65.0,83.9,92.3,104.9,,,
20260908T020352Z_p4-chaos-recover,cockroachdb,chaos-recover,thesis,081437cb6cc2ba295d0eed98d5c7fc48361b28c0,2026-09-08T02:03:52.948605Z,2026-09-08T02:06:19.449645Z,2026-09-08T02:06:19.447451Z,23.0,91.94,100,1,update,248.9,248.8,0,176.2,201.3,209.7,209.7,,,
20260908T020352Z_p4-chaos-recover,cockroachdb,chaos-recover,thesis,081437cb6cc2ba295d0eed98d5c7fc48361b28c0,2026-09-08T02:03:52.948605Z,2026-09-08T02:06:19.449645Z,2026-09-08T02:06:19.447451Z,24.0,92.94,100,1,read,980.1,980.3,0,58.7,71.3,79.7,83.9,,,
20260908T020352Z_p4-chaos-recover,cockroachdb,chaos-recover,thesis,081437cb6cc2ba295d0eed98d5c7fc48361b28c0,2026-09-08T02:03:52.948605Z,2026-09-08T02:06:19.449645Z,2026-09-08T02:06:19.447451Z,24.0,92.94,100,1,update,256.0,249.1,0,167.8,184.5,184.5,192.9,,,
20260908T020352Z_p4-chaos-recover,cockroachdb,chaos-recover,thesis,081437cb6cc2ba295d0eed98d5c7fc48361b28c0,2026-09-08T02:03:52.948605Z,2026-09-08T02:06:19.449645Z,2026-09-08T02:06:19.447451Z,25.0,93.948,100,1,read,952.4,979.2,0,58.7,88.1,109.1,121.6,,,
20260908T020352Z_p4-chaos-recover,cockroachdb,chaos-recover,thesis,081437cb6cc2ba295d0eed98d5c7fc48361b28c0,2026-09-08T02:03:52.948605Z,2026-09-08T02:06:19.449645Z,2026-09-08T02:06:19.447451Z,25.0,93.948,100,1,update,228.1,248.3,0,167.8,260.0,302.0,302.0,,,
20260908T020352Z_p4-chaos-recover,cockroachdb,chaos-recover,thesis,081437cb6cc2ba295d0eed98d5c7fc48361b28c0,2026-09-08T02:03:52.948605Z,2026-09-08T02:06:19.449645Z,2026-09-08T02:06:19.447451Z,26.0,94.94,100,1,read,1067.1,982.5,0,58.7,67.1,75.5,79.7,,,
20260908T020352Z_p4-chaos-recover,cockroachdb,chaos-recover,thesis,081437cb6cc2ba295d0eed98d5c7fc48361b28c0,2026-09-08T02:03:52.948605Z,2026-09-08T02:06:19.449645Z,2026-09-08T02:06:19.447451Z,26.0,94.94,100,1,update,238.8,247.9,0,159.4,176.2,176.2,192.9,,,
20260908T020352Z_p4-chaos-recover,cockroachdb,chaos-recover,thesis,081437cb6cc2ba295d0eed98d5c7fc48361b28c0,2026-09-08T02:03:52.948605Z,2026-09-08T02:06:19.449645Z,2026-09-08T02:06:19.447451Z,27.0,95.942,100,1,read,1009.1,983.5,0,56.6,65.0,71.3,75.5,,,
20260908T020352Z_p4-chaos-recover,cockroachdb,chaos-recover,thesis,081437cb6cc2ba295d0eed98d5c7fc48361b28c0,2026-09-08T02:03:52.948605Z,2026-09-08T02:06:19.449645Z,2026-09-08T02:06:19.447451Z,27.0,95.942,100,1,update,277.0,249.0,0,159.4,176.2,176.2,192.9,,,
20260908T020352Z_p4-chaos-recover,cockroachdb,chaos-recover,thesis,081437cb6cc2ba295d0eed98d5c7fc48361b28c0,2026-09-08T02:03:52.948605Z,2026-09-08T02:06:19.449645Z,2026-09-08T02:06:19.447451Z,28.0,96.94,100,1,read,1072.5,986.7,0,56.6,62.9,67.1,71.3,,,
20260908T020352Z_p4-chaos-recover,cockroachdb,chaos-recover,thesis,081437cb6cc2ba295d0eed98d5c7fc48361b28c0,2026-09-08T02:03:52.948605Z,2026-09-08T02:06:19.449645Z,2026-09-08T02:06:19.447451Z,28.0,96.94,100,1,update,258.1,249.3,0,159.4,167.8,167.8,176.2,,,
20260908T020352Z_p4-chaos-recover,cockroachdb,chaos-recover,thesis,081437cb6cc2ba295d0eed98d5c7fc48361b28c0,2026-09-08T02:03:52.948605Z,2026-09-08T02:06:19.449645Z,2026-09-08T02:06:19.447451Z,29.0,97.938,100,1,read,1075.2,989.7,0,56.6,65.0,71.3,117.4,,,
20260908T020352Z_p4-chaos-recover,cockroachdb,chaos-recover,thesis,081437cb6cc2ba295d0eed98d5c7fc48361b28c0,2026-09-08T02:03:52.948605Z,2026-09-08T02:06:19.449645Z,2026-09-08T02:06:19.447451Z,29.0,97.938,100,1,update,256.1,249.5,0,159.4,167.8,176.2,184.5,,,
20260908T020352Z_p4-chaos-recover,cockroachdb,chaos-recover,thesis,081437cb6cc2ba295d0eed98d5c7fc48361b28c0,2026-09-08T02:03:52.948605Z,2026-09-08T02:06:19.449645Z,2026-09-08T02:06:19.447451Z,30.0,98.942,100,1,read,1126.6,994.3,0,54.5,62.9,67.1,109.1,,,
20260908T020352Z_p4-chaos-recover,cockroachdb,chaos-recover,thesis,081437cb6cc2ba295d0eed98d5c7fc48361b28c0,2026-09-08T02:03:52.948605Z,2026-09-08T02:06:19.449645Z,2026-09-08T02:06:19.447451Z,30.0,98.942,100,1,update,241.9,249.3,0,159.4,167.8,176.2,176.2,,,
20260908T020352Z_p4-chaos-recover,cockroachdb,chaos-recover,thesis,081437cb6cc2ba295d0eed98d5c7fc48361b28c0,2026-09-08T02:03:52.948605Z,2026-09-08T02:06:19.449645Z,2026-09-08T02:06:19.447451Z,31.0,99.941,100,1,read,1071.7,996.8,0,56.6,65.0,71.3,79.7,,,
20260908T020352Z_p4-chaos-recover,cockroachdb,chaos-recover,thesis,081437cb6cc2ba295d0eed98d5c7fc48361b28c0,2026-09-08T02:03:52.948605Z,2026-09-08T02:06:19.449645Z,2026-09-08T02:06:19.447451Z,31.0,99.941,100,1,update,254.9,249.5,0,159.4,167.8,176.2,176.2,,,
20260908T020352Z_p4-chaos-recover,cockroachdb,chaos-recover,thesis,081437cb6cc2ba295d0eed98d5c7fc48361b28c0,2026-09-08T02:03:52.948605Z,2026-09-08T02:06:19.449645Z,2026-09-08T02:06:19.447451Z,32.0,100.94,100,1,read,1067.7,999.0,0,54.5,60.8,62.9,67.1,,,
20260908T020352Z_p4-chaos-recover,cockroachdb,chaos-recover,thesis,081437cb6cc2ba295d0eed98d5c7fc48361b28c0,2026-09-08T02:03:52.948605Z,2026-09-08T02:06:19.449645Z,2026-09-08T02:06:19.447451Z,32.0,100.94,100,1,update,266.2,250.0,0,159.4,167.8,176.2,184.5,,,
20260908T020352Z_p4-chaos-recover,cockroachdb,chaos-recover,thesis,081437cb6cc2ba295d0eed98d5c7fc48361b28c0,2026-09-08T02:03:52.948605Z,2026-09-08T02:06:19.449645Z,2026-09-08T02:06:19.447451Z,33.0,101.941,100,1,read,1013.2,999.5,0,54.5,62.9,71.3,79.7,,,
20260908T020352Z_p4-chaos-recover,cockroachdb,chaos-recover,thesis,081437cb6cc2ba295d0eed98d5c7fc48361b28c0,2026-09-08T02:03:52.948605Z,2026-09-08T02:06:19.449645Z,2026-09-08T02:06:19.447451Z,33.0,101.941,100,1,update,288.8,251.2,0,159.4,167.8,176.2,184.5,,,
20260908T020352Z_p4-chaos-recover,cockroachdb,chaos-recover,thesis,081437cb6cc2ba295d0eed98d5c7fc48361b28c0,2026-09-08T02:03:52.948605Z,2026-09-08T02:06:19.449645Z,2026-09-08T02:06:19.447451Z,34.0,102.941,100,1,read,1060.6,1001.2,0,58.7,71.3,79.7,88.1,,,
20260908T020352Z_p4-chaos-recover,cockroachdb,chaos-recover,thesis,081437cb6cc2ba295d0eed98d5c7fc48361b28c0,2026-09-08T02:03:52.948605Z,2026-09-08T02:06:19.449645Z,2026-09-08T02:06:19.447451Z,34.0,102.941,100,1,update,246.1,251.0,0,167.8,176.2,184.5,192.9,,,
20260908T020352Z_p4-chaos-recover,cockroachdb,chaos-recover,thesis,081437cb6cc2ba295d0eed98d5c7fc48361b28c0,2026-09-08T02:03:52.948605Z,2026-09-08T02:06:19.449645Z,2026-09-08T02:06:19.447451Z,35.0,103.946,100,1,read,939.7,999.5,0,58.7,71.3,83.9,88.1,,,
20260908T020352Z_p4-chaos-recover,cockroachdb,chaos-recover,thesis,081437cb6cc2ba295d0eed98d5c7fc48361b28c0,2026-09-08T02:03:52.948605Z,2026-09-08T02:06:19.449645Z,2026-09-08T02:06:19.447451Z,35.0,103.946,100,1,update,268.9,251.5,0,167.8,184.5,192.9,192.9,,,
20260908T020352Z_p4-chaos-recover,cockroachdb,chaos-recover,thesis,081437cb6cc2ba295d0eed98d5c7fc48361b28c0,2026-09-08T02:03:52.948605Z,2026-09-08T02:06:19.449645Z,2026-09-08T02:06:19.447451Z,36.0,104.946,100,1,read,869.2,995.9,0,58.7,88.1,104.9,192.9,,,
20260908T020352Z_p4-chaos-recover,cockroachdb,chaos-recover,thesis,081437cb6cc2ba295d0eed98d5c7fc48361b28c0,2026-09-08T02:03:52.948605Z,2026-09-08T02:06:19.449645Z,2026-09-08T02:06:19.447451Z,36.0,104.946,100,1,update,259.0,251.7,0,167.8,201.3,209.7,218.1,,,
20260908T020352Z_p4-chaos-recover,cockroachdb,chaos-recover,thesis,081437cb6cc2ba295d0eed98d5c7fc48361b28c0,2026-09-08T02:03:52.948605Z,2026-09-08T02:06:19.449645Z,2026-09-08T02:06:19.447451Z,37.0,105.939,100,1,read,999.7,996.0,0,56.6,83.9,92.3,113.2,,,
20260908T020352Z_p4-chaos-recover,cockroachdb,chaos-recover,thesis,081437cb6cc2ba295d0eed98d5c7fc48361b28c0,2026-09-08T02:03:52.948605Z,2026-09-08T02:06:19.449645Z,2026-09-08T02:06:19.447451Z,37.0,105.939,100,1,update,253.9,251.8,0,167.8,209.7,234.9,243.3,,,
20260908T020352Z_p4-chaos-recover,cockroachdb,chaos-recover,thesis,081437cb6cc2ba295d0eed98d5c7fc48361b28c0,2026-09-08T02:03:52.948605Z,2026-09-08T02:06:19.449645Z,2026-09-08T02:06:19.447451Z,38.0,106.939,100,1,read,1040.4,997.2,0,54.5,62.9,67.1,79.7,,,
20260908T020352Z_p4-chaos-recover,cockroachdb,chaos-recover,thesis,081437cb6cc2ba295d0eed98d5c7fc48361b28c0,2026-09-08T02:03:52.948605Z,2026-09-08T02:06:19.449645Z,2026-09-08T02:06:19.447451Z,38.0,106.939,100,1,update,275.1,252.4,0,159.4,167.8,176.2,184.5,,,
20260908T020352Z_p4-chaos-recover,cockroachdb,chaos-recover,thesis,081437cb6cc2ba295d0eed98d5c7fc48361b28c0,2026-09-08T02:03:52.948605Z,2026-09-08T02:06:19.449645Z,2026-09-08T02:06:19.447451Z,39.0,107.938,100,1,read,1001.2,997.2,0,56.6,67.1,75.5,79.7,,,
20260908T020352Z_p4-chaos-recover,cockroachdb,chaos-recover,thesis,081437cb6cc2ba295d0eed98d5c7fc48361b28c0,2026-09-08T02:03:52.948605Z,2026-09-08T02:06:19.449645Z,2026-09-08T02:06:19.447451Z,39.0,107.938,100,1,update,268.1,252.8,0,159.4,209.7,243.3,251.7,,,
20260908T020352Z_p4-chaos-recover,cockroachdb,chaos-recover,thesis,081437cb6cc2ba295d0eed98d5c7fc48361b28c0,2026-09-08T02:03:52.948605Z,2026-09-08T02:06:19.449645Z,2026-09-08T02:06:19.447451Z,40.0,108.937,100,1,read,1087.1,999.5,0,54.5,60.8,65.0,71.3,,,
20260908T020352Z_p4-chaos-recover,cockroachdb,chaos-recover,thesis,081437cb6cc2ba295d0eed98d5c7fc48361b28c0,2026-09-08T02:03:52.948605Z,2026-09-08T02:06:19.449645Z,2026-09-08T02:06:19.447451Z,40.0,108.937,100,1,update,262.0,253.0,0,159.4,159.4,167.8,167.8,,,
20260908T020352Z_p4-chaos-recover,cockroachdb,chaos-recover,thesis,081437cb6cc2ba295d0eed98d5c7fc48361b28c0,2026-09-08T02:03:52.948605Z,2026-09-08T02:06:19.449645Z,2026-09-08T02:06:19.447451Z,41.0,109.938,100,1,read,1032.2,1000.3,0,56.6,65.0,67.1,75.5,,,
20260908T020352Z_p4-chaos-recover,cockroachdb,chaos-recover,thesis,081437cb6cc2ba295d0eed98d5c7fc48361b28c0,2026-09-08T02:03:52.948605Z,2026-09-08T02:06:19.449645Z,2026-09-08T02:06:19.447451Z,41.0,109.938,100,1,update,268.8,253.4,0,159.4,167.8,176.2,184.5,,,
20260908T020352Z_p4-chaos-recover,cockroachdb,chaos-recover,thesis,081437cb6cc2ba295d0eed98d5c7fc48361b28c0,2026-09-08T02:03:52.948605Z,2026-09-08T02:06:19.449645Z,2026-09-08T02:06:19.447451Z,42.0,110.938,100,1,read,1062.1,1001.8,0,54.5,62.9,67.1,71.3,,,
20260908T020352Z_p4-chaos-recover,cockroachdb,chaos-recover,thesis,081437cb6cc2ba295d0eed98d5c7fc48361b28c0,2026-09-08T02:03:52.948605Z,2026-09-08T02:06:19.449645Z,2026-09-08T02:06:19.447451Z,42.0,110.938,100,1,update,272.0,253.9,0,159.4,167.8,176.2,184.5,,,
20260908T020352Z_p4-chaos-recover,cockroachdb,chaos-recover,thesis,081437cb6cc2ba295d0eed98d5c7fc48361b28c0,2026-09-08T02:03:52.948605Z,2026-09-08T02:06:19.449645Z,2026-09-08T02:06:19.447451Z,43.0,111.938,100,1,read,1073.1,1003.4,0,54.5,60.8,62.9,67.1,,,
20260908T020352Z_p4-chaos-recover,cockroachdb,chaos-recover,thesis,081437cb6cc2ba295d0eed98d5c7fc48361b28c0,2026-09-08T02:03:52.948605Z,2026-09-08T02:06:19.449645Z,2026-09-08T02:06:19.447451Z,43.0,111.938,100,1,update,265.0,254.1,0,159.4,192.9,226.5,251.7,,,
20260908T020352Z_p4-chaos-recover,cockroachdb,chaos-recover,thesis,081437cb6cc2ba295d0eed98d5c7fc48361b28c0,2026-09-08T02:03:52.948605Z,2026-09-08T02:06:19.449645Z,2026-09-08T02:06:19.447451Z,44.0,112.938,100,1,read,1047.4,1004.4,0,56.6,67.1,71.3,75.5,,,
20260908T020352Z_p4-chaos-recover,cockroachdb,chaos-recover,thesis,081437cb6cc2ba295d0eed98d5c7fc48361b28c0,2026-09-08T02:03:52.948605Z,2026-09-08T02:06:19.449645Z,2026-09-08T02:06:19.447451Z,44.0,112.938,100,1,update,258.1,254.2,0,159.4,184.5,192.9,251.7,,,
20260908T020352Z_p4-chaos-recover,cockroachdb,chaos-recover,thesis,081437cb6cc2ba295d0eed98d5c7fc48361b28c0,2026-09-08T02:03:52.948605Z,2026-09-08T02:06:19.449645Z,2026-09-08T02:06:19.447451Z,45.0,113.937,100,1,read,1002.0,1004.4,0,56.6,79.7,88.1,104.9,,,
20260908T020352Z_p4-chaos-recover,cockroachdb,chaos-recover,thesis,081437cb6cc2ba295d0eed98d5c7fc48361b28c0,2026-09-08T02:03:52.948605Z,2026-09-08T02:06:19.449645Z,2026-09-08T02:06:19.447451Z,45.0,113.937,100,1,update,255.0,254.2,0,159.4,184.5,192.9,201.3,,,
20260908T020352Z_p4-chaos-recover,cockroachdb,chaos-recover,thesis,081437cb6cc2ba295d0eed98d5c7fc48361b28c0,2026-09-08T02:03:52.948605Z,2026-09-08T02:06:19.449645Z,2026-09-08T02:06:19.447451Z,46.0,114.938,100,1,read,1023.7,1004.8,0,56.6,65.0,71.3,75.5,,,
20260908T020352Z_p4-chaos-recover,cockroachdb,chaos-recover,thesis,081437cb6cc2ba295d0eed98d5c7fc48361b28c0,2026-09-08T02:03:52.948605Z,2026-09-08T02:06:19.449645Z,2026-09-08T02:06:19.447451Z,46.0,114.938,100,1,update,268.9,254.6,0,159.4,176.2,192.9,192.9,,,
20260908T020352Z_p4-chaos-recover,cockroachdb,chaos-recover,thesis,081437cb6cc2ba295d0eed98d5c7fc48361b28c0,2026-09-08T02:03:52.948605Z,2026-09-08T02:06:19.449645Z,2026-09-08T02:06:19.447451Z,47.0,115.941,100,1,read,1083.5,1006.5,0,56.6,62.9,67.1,71.3,,,
20260908T020352Z_p4-chaos-recover,cockroachdb,chaos-recover,thesis,081437cb6cc2ba295d0eed98d5c7fc48361b28c0,2026-09-08T02:03:52.948605Z,2026-09-08T02:06:19.449645Z,2026-09-08T02:06:19.447451Z,47.0,115.941,100,1,update,249.1,254.4,0,159.4,167.8,176.2,176.2,,,
20260908T020352Z_p4-chaos-recover,cockroachdb,chaos-recover,thesis,081437cb6cc2ba295d0eed98d5c7fc48361b28c0,2026-09-08T02:03:52.948605Z,2026-09-08T02:06:19.449645Z,2026-09-08T02:06:19.447451Z,48.0,116.938,100,1,read,1063.5,1007.7,0,56.6,65.0,67.1,71.3,,,
20260908T020352Z_p4-chaos-recover,cockroachdb,chaos-recover,thesis,081437cb6cc2ba295d0eed98d5c7fc48361b28c0,2026-09-08T02:03:52.948605Z,2026-09-08T02:06:19.449645Z,2026-09-08T02:06:19.447451Z,48.0,116.938,100,1,update,257.9,254.5,0,159.4,167.8,176.2,176.2,,,
20260908T020352Z_p4-chaos-recover,cockroachdb,chaos-recover,thesis,081437cb6cc2ba295d0eed98d5c7fc48361b28c0,2026-09-08T02:03:52.948605Z,2026-09-08T02:06:19.449645Z,2026-09-08T02:06:19.447451Z,49.0,117.939,100,1,read,994.0,1007.4,0,56.6,65.0,71.3,71.3,,,
20260908T020352Z_p4-chaos-recover,cockroachdb,chaos-recover,thesis,081437cb6cc2ba295d0eed98d5c7fc48361b28c0,2026-09-08T02:03:52.948605Z,2026-09-08T02:06:19.449645Z,2026-09-08T02:06:19.447451Z,49.0,117.939,100,1,update,279.0,255.0,0,159.4,167.8,176.2,184.5,,,
20260908T020352Z_p4-chaos-recover,cockroachdb,chaos-recover,thesis,081437cb6cc2ba295d0eed98d5c7fc48361b28c0,2026-09-08T02:03:52.948605Z,2026-09-08T02:06:19.449645Z,2026-09-08T02:06:19.447451Z,50.0,118.941,100,1,read,1052.8,1008.3,0,54.5,58.7,60.8,67.1,,,
20260908T020352Z_p4-chaos-recover,cockroachdb,chaos-recover,thesis,081437cb6cc2ba295d0eed98d5c7fc48361b28c0,2026-09-08T02:03:52.948605Z,2026-09-08T02:06:19.449645Z,2026-09-08T02:06:19.447451Z,50.0,118.941,100,1,update,276.9,255.5,0,159.4,159.4,167.8,167.8,,,
20260908T020352Z_p4-chaos-recover,cockroachdb,chaos-recover,thesis,081437cb6cc2ba295d0eed98d5c7fc48361b28c0,2026-09-08T02:03:52.948605Z,2026-09-08T02:06:19.449645Z,2026-09-08T02:06:19.447451Z,51.0,119.94,100,1,read,1027.6,1008.7,0,56.6,71.3,79.7,88.1,,,
20260908T020352Z_p4-chaos-recover,cockroachdb,chaos-recover,thesis,081437cb6cc2ba295d0eed98d5c7fc48361b28c0,2026-09-08T02:03:52.948605Z,2026-09-08T02:06:19.449645Z,2026-09-08T02:06:19.447451Z,51.0,119.94,100,1,update,269.2,255.7,0,159.4,176.2,184.5,192.9,,,
20260908T020352Z_p4-chaos-recover,cockroachdb,chaos-recover,thesis,081437cb6cc2ba295d0eed98d5c7fc48361b28c0,2026-09-08T02:03:52.948605Z,2026-09-08T02:06:19.449645Z,2026-09-08T02:06:19.447451Z,52.0,120.938,100,1,read,1061.9,1009.7,0,56.6,65.0,71.3,75.5,,,
20260908T020352Z_p4-chaos-recover,cockroachdb,chaos-recover,thesis,081437cb6cc2ba295d0eed98d5c7fc48361b28c0,2026-09-08T02:03:52.948605Z,2026-09-08T02:06:19.449645Z,2026-09-08T02:06:19.447451Z,52.0,120.938,100,1,update,255.0,255.7,0,159.4,176.2,176.2,184.5,,,
20260908T020352Z_p4-chaos-recover,cockroachdb,chaos-recover,thesis,081437cb6cc2ba295d0eed98d5c7fc48361b28c0,2026-09-08T02:03:52.948605Z,2026-09-08T02:06:19.449645Z,2026-09-08T02:06:19.447451Z,53.0,121.938,100,1,read,1064.0,1010.7,0,54.5,60.8,65.0,71.3,,,
20260908T020352Z_p4-chaos-recover,cockroachdb,chaos-recover,thesis,081437cb6cc2ba295d0eed98d5c7fc48361b28c0,2026-09-08T02:03:52.948605Z,2026-09-08T02:06:19.449645Z,2026-09-08T02:06:19.447451Z,53.0,121.938,100,1,update,262.0,255.8,0,159.4,167.8,176.2,176.2,,,
20260908T020352Z_p4-chaos-recover,cockroachdb,chaos-recover,thesis,081437cb6cc2ba295d0eed98d5c7fc48361b28c0,2026-09-08T02:03:52.948605Z,2026-09-08T02:06:19.449645Z,2026-09-08T02:06:19.447451Z,54.0,122.937,100,1,read,1061.5,1011.6,0,56.6,71.3,83.9,92.3,,,
20260908T020352Z_p4-chaos-recover,cockroachdb,chaos-recover,thesis,081437cb6cc2ba295d0eed98d5c7fc48361b28c0,2026-09-08T02:03:52.948605Z,2026-09-08T02:06:19.449645Z,2026-09-08T02:06:19.447451Z,54.0,122.937,100,1,update,254.9,255.8,0,159.4,176.2,184.5,192.9,,,
20260908T020352Z_p4-chaos-recover,cockroachdb,chaos-recover,thesis,081437cb6cc2ba295d0eed98d5c7fc48361b28c0,2026-09-08T02:03:52.948605Z,2026-09-08T02:06:19.449645Z,2026-09-08T02:06:19.447451Z,55.0,123.941,100,1,read,1007.9,1011.6,0,56.6,71.3,83.9,109.1,,,
20260908T020352Z_p4-chaos-recover,cockroachdb,chaos-recover,thesis,081437cb6cc2ba295d0eed98d5c7fc48361b28c0,2026-09-08T02:03:52.948605Z,2026-09-08T02:06:19.449645Z,2026-09-08T02:06:19.447451Z,55.0,123.941,100,1,update,249.0,255.7,0,159.4,184.5,209.7,218.1,,,
20260908T020352Z_p4-chaos-recover,cockroachdb,chaos-recover,thesis,081437cb6cc2ba295d0eed98d5c7fc48361b28c0,2026-09-08T02:03:52.948605Z,2026-09-08T02:06:19.449645Z,2026-09-08T02:06:19.447451Z,56.0,124.938,100,1,read,1070.5,1012.6,0,54.5,60.8,67.1,75.5,,,
20260908T020352Z_p4-chaos-recover,cockroachdb,chaos-recover,thesis,081437cb6cc2ba295d0eed98d5c7fc48361b28c0,2026-09-08T02:03:52.948605Z,2026-09-08T02:06:19.449645Z,2026-09-08T02:06:19.447451Z,56.0,124.938,100,1,update,274.1,256.0,0,159.4,167.8,176.2,176.2,,,
20260908T020352Z_p4-chaos-recover,cockroachdb,chaos-recover,thesis,081437cb6cc2ba295d0eed98d5c7fc48361b28c0,2026-09-08T02:03:52.948605Z,2026-09-08T02:06:19.449645Z,2026-09-08T02:06:19.447451Z,57.0,125.938,100,1,read,1014.4,1012.7,0,56.6,65.0,75.5,92.3,,,
20260908T020352Z_p4-chaos-recover,cockroachdb,chaos-recover,thesis,081437cb6cc2ba295d0eed98d5c7fc48361b28c0,2026-09-08T02:03:52.948605Z,2026-09-08T02:06:19.449645Z,2026-09-08T02:06:19.447451Z,57.0,125.938,100,1,update,278.1,256.4,0,159.4,167.8,176.2,184.5,,,
20260908T020352Z_p4-chaos-recover,cockroachdb,chaos-recover,thesis,081437cb6cc2ba295d0eed98d5c7fc48361b28c0,2026-09-08T02:03:52.948605Z,2026-09-08T02:06:19.449645Z,2026-09-08T02:06:19.447451Z,58.0,126.939,100,1,read,1009.8,1012.6,0,58.7,75.5,88.1,96.5,,,
20260908T020352Z_p4-chaos-recover,cockroachdb,chaos-recover,thesis,081437cb6cc2ba295d0eed98d5c7fc48361b28c0,2026-09-08T02:03:52.948605Z,2026-09-08T02:06:19.449645Z,2026-09-08T02:06:19.447451Z,58.0,126.939,100,1,update,235.0,256.0,0,167.8,184.5,192.9,201.3,,,
20260908T020352Z_p4-chaos-recover,cockroachdb,chaos-recover,thesis,081437cb6cc2ba295d0eed98d5c7fc48361b28c0,2026-09-08T02:03:52.948605Z,2026-09-08T02:06:19.449645Z,2026-09-08T02:06:19.447451Z,59.0,127.939,100,1,read,898.7,1010.7,0,71.3,83.9,92.3,109.1,,,
20260908T020352Z_p4-chaos-recover,cockroachdb,chaos-recover,thesis,081437cb6cc2ba295d0eed98d5c7fc48361b28c0,2026-09-08T02:03:52.948605Z,2026-09-08T02:06:19.449645Z,2026-09-08T02:06:19.447451Z,59.0,127.939,100,1,update,219.9,255.4,0,176.2,209.7,226.5,226.5,,,
20260908T020352Z_p4-chaos-recover,cockroachdb,chaos-recover,thesis,081437cb6cc2ba295d0eed98d5c7fc48361b28c0,2026-09-08T02:03:52.948605Z,2026-09-08T02:06:19.449645Z,2026-09-08T02:06:19.447451Z,60.0,128.937,100,1,read,810.1,1007.3,0,79.7,100.7,109.1,117.4,,,
20260908T020352Z_p4-chaos-recover,cockroachdb,chaos-recover,thesis,081437cb6cc2ba295d0eed98d5c7fc48361b28c0,2026-09-08T02:03:52.948605Z,2026-09-08T02:06:19.449645Z,2026-09-08T02:06:19.447451Z,60.0,128.937,100,1,update,179.0,254.1,0,201.3,226.5,234.9,234.9,,,
20260908T020352Z_p4-chaos-recover,cockroachdb,chaos-recover,thesis,081437cb6cc2ba295d0eed98d5c7fc48361b28c0,2026-09-08T02:03:52.948605Z,2026-09-08T02:06:19.449645Z,2026-09-08T02:06:19.447451Z,61.0,129.939,100,1,read,942.0,1006.3,0,58.7,100.7,109.1,130.0,,,
20260908T020352Z_p4-chaos-recover,cockroachdb,chaos-recover,thesis,081437cb6cc2ba295d0eed98d5c7fc48361b28c0,2026-09-08T02:03:52.948605Z,2026-09-08T02:06:19.449645Z,2026-09-08T02:06:19.447451Z,61.0,129.939,100,1,update,227.0,253.7,0,167.8,234.9,268.4,268.4,,,
20260908T020352Z_p4-chaos-recover,cockroachdb,chaos-recover,thesis,081437cb6cc2ba295d0eed98d5c7fc48361b28c0,2026-09-08T02:03:52.948605Z,2026-09-08T02:06:19.449645Z,2026-09-08T02:06:19.447451Z,62.0,130.939,100,1,read,873.9,1004.1,0,71.3,96.5,109.1,117.4,,,
20260908T020352Z_p4-chaos-recover,cockroachdb,chaos-recover,thesis,081437cb6cc2ba295d0eed98d5c7fc48361b28c0,2026-09-08T02:03:52.948605Z,2026-09-08T02:06:19.449645Z,2026-09-08T02:06:19.447451Z,62.0,130.939,100,1,update,208.0,253.0,0,184.5,226.5,251.7,260.0,,,
20260908T020352Z_p4-chaos-recover,cockroachdb,chaos-recover,thesis,081437cb6cc2ba295d0eed98d5c7fc48361b28c0,2026-09-08T02:03:52.948605Z,2026-09-08T02:06:19.449645Z,2026-09-08T02:06:19.447451Z,63.0,131.939,100,1,read,1050.1,1004.9,0,56.6,71.3,79.7,83.9,,,
20260908T020352Z_p4-chaos-recover,cockroachdb,chaos-recover,thesis,081437cb6cc2ba295d0eed98d5c7fc48361b28c0,2026-09-08T02:03:52.948605Z,2026-09-08T02:06:19.449645Z,2026-09-08T02:06:19.447451Z,63.0,131.939,100,1,update,240.0,252.8,0,159.4,176.2,201.3,201.3,,,
20260908T020352Z_p4-chaos-recover,cockroachdb,chaos-recover,thesis,081437cb6cc2ba295d0eed98d5c7fc48361b28c0,2026-09-08T02:03:52.948605Z,2026-09-08T02:06:19.449645Z,2026-09-08T02:06:19.447451Z,64.0,132.94,100,1,read,1011.7,1005.0,0,58.7,75.5,88.1,151.0,,,
20260908T020352Z_p4-chaos-recover,cockroachdb,chaos-recover,thesis,081437cb6cc2ba295d0eed98d5c7fc48361b28c0,2026-09-08T02:03:52.948605Z,2026-09-08T02:06:19.449645Z,2026-09-08T02:06:19.447451Z,64.0,132.94,100,1,update,245.9,252.7,0,167.8,192.9,201.3,201.3,,,
20260908T020352Z_p4-chaos-recover,cockroachdb,chaos-recover,thesis,081437cb6cc2ba295d0eed98d5c7fc48361b28c0,2026-09-08T02:03:52.948605Z,2026-09-08T02:06:19.449645Z,2026-09-08T02:06:19.447451Z,65.0,133.942,100,1,read,996.0,1004.8,0,58.7,71.3,79.7,83.9,,,
20260908T020352Z_p4-chaos-recover,cockroachdb,chaos-recover,thesis,081437cb6cc2ba295d0eed98d5c7fc48361b28c0,2026-09-08T02:03:52.948605Z,2026-09-08T02:06:19.449645Z,2026-09-08T02:06:19.447451Z,65.0,133.942,100,1,update,251.0,252.6,0,167.8,192.9,201.3,209.7,,,
20260908T020352Z_p4-chaos-recover,cockroachdb,chaos-recover,thesis,081437cb6cc2ba295d0eed98d5c7fc48361b28c0,2026-09-08T02:03:52.948605Z,2026-09-08T02:06:19.449645Z,2026-09-08T02:06:19.447451Z,66.0,135.066,100,1,read,0.0,989.6,0,0.0,0.0,0.0,0.0,,,
20260908T020352Z_p4-chaos-recover,cockroachdb,chaos-recover,thesis,081437cb6cc2ba295d0eed98d5c7fc48361b28c0,2026-09-08T02:03:52.948605Z,2026-09-08T02:06:19.449645Z,2026-09-08T02:06:19.447451Z,66.0,135.066,100,1,update,0.0,248.8,0,0.0,0.0,0.0,0.0,,,
20260908T020352Z_p4-chaos-recover,cockroachdb,chaos-recover,thesis,081437cb6cc2ba295d0eed98d5c7fc48361b28c0,2026-09-08T02:03:52.948605Z,2026-09-08T02:06:19.449645Z,2026-09-08T02:06:19.447451Z,67.0,136.087,100,1,read,0.0,974.8,0,0.0,0.0,0.0,0.0,,,
20260908T020352Z_p4-chaos-recover,cockroachdb,chaos-recover,thesis,081437cb6cc2ba295d0eed98d5c7fc48361b28c0,2026-09-08T02:03:52.948605Z,2026-09-08T02:06:19.449645Z,2026-09-08T02:06:19.447451Z,67.0,136.087,100,1,update,0.0,245.1,0,0.0,0.0,0.0,0.0,,,
20260908T020352Z_p4-chaos-recover,cockroachdb,chaos-recover,thesis,081437cb6cc2ba295d0eed98d5c7fc48361b28c0,2026-09-08T02:03:52.948605Z,2026-09-08T02:06:19.449645Z,2026-09-08T02:06:19.447451Z,68.0,136.941,100,1,read,0.0,960.5,0,0.0,0.0,0.0,0.0,,,
20260908T020352Z_p4-chaos-recover,cockroachdb,chaos-recover,thesis,081437cb6cc2ba295d0eed98d5c7fc48361b28c0,2026-09-08T02:03:52.948605Z,2026-09-08T02:06:19.449645Z,2026-09-08T02:06:19.447451Z,68.0,136.941,100,1,update,0.0,241.5,0,0.0,0.0,0.0,0.0,,,
20260908T020352Z_p4-chaos-recover,cockroachdb,chaos-recover,thesis,081437cb6cc2ba295d0eed98d5c7fc48361b28c0,2026-09-08T02:03:52.948605Z,2026-09-08T02:06:19.449645Z,2026-09-08T02:06:19.447451Z,69.0,137.939,100,1,read,0.0,946.6,0,0.0,0.0,0.0,0.0,,,
20260908T020352Z_p4-chaos-recover,cockroachdb,chaos-recover,thesis,081437cb6cc2ba295d0eed98d5c7fc48361b28c0,2026-09-08T02:03:52.948605Z,2026-09-08T02:06:19.449645Z,2026-09-08T02:06:19.447451Z,69.0,137.939,100,1,update,0.0,238.0,0,0.0,0.0,0.0,0.0,,,
20260908T020352Z_p4-chaos-recover,cockroachdb,chaos-recover,thesis,081437cb6cc2ba295d0eed98d5c7fc48361b28c0,2026-09-08T02:03:52.948605Z,2026-09-08T02:06:19.449645Z,2026-09-08T02:06:19.447451Z,70.0,138.938,100,1,read,0.0,933.1,0,0.0,0.0,0.0,0.0,,,
20260908T020352Z_p4-chaos-recover,cockroachdb,chaos-recover,thesis,081437cb6cc2ba295d0eed98d5c7fc48361b28c0,2026-09-08T02:03:52.948605Z,2026-09-08T02:06:19.449645Z,2026-09-08T02:06:19.447451Z,70.0,138.938,100,1,update,0.0,234.6,0,0.0,0.0,0.0,0.0,,,
20260908T020352Z_p4-chaos-recover,cockroachdb,chaos-recover,thesis,081437cb6cc2ba295d0eed98d5c7fc48361b28c0,2026-09-08T02:03:52.948605Z,2026-09-08T02:06:19.449645Z,2026-09-08T02:06:19.447451Z,71.0,139.942,100,1,read,0.0,919.9,0,0.0,0.0,0.0,0.0,,,
20260908T020352Z_p4-chaos-recover,cockroachdb,chaos-recover,thesis,081437cb6cc2ba295d0eed98d5c7fc48361b28c0,2026-09-08T02:03:52.948605Z,2026-09-08T02:06:19.449645Z,2026-09-08T02:06:19.447451Z,71.0,139.942,100,1,update,0.0,231.3,0,0.0,0.0,0.0,0.0,,,
20260908T030902Z_p4-chaos-recover,cockroachdb,chaos-recover,thesis,9d2dcf84917da48f6a7ea8ea5d5fcca12cd94578,2026-09-08T03:09:02.377447Z,2026-09-08T03:11:35.666051Z,2026-09-08T03:11:35.664479Z,1.0,76.566,100,1,read,6.2,410.6,0,134.2,352.3,402.7,419.4,,,
20260908T030902Z_p4-chaos-recover,cockroachdb,chaos-recover,thesis,9d2dcf84917da48f6a7ea8ea5d5fcca12cd94578,2026-09-08T03:09:02.377447Z,2026-09-08T03:11:35.666051Z,2026-09-08T03:11:35.664479Z,1.0,76.566,100,1,update,0.8,52.9,0,369.1,604.0,604.0,637.5,,,
20260908T030902Z_p4-chaos-recover,cockroachdb,chaos-recover,thesis,9d2dcf84917da48f6a7ea8ea5d5fcca12cd94578,2026-09-08T03:09:02.377447Z,2026-09-08T03:11:35.666051Z,2026-09-08T03:11:35.664479Z,2.0,77.567,100,1,read,939.3,674.8,0,62.9,92.3,100.7,100.7,,,
20260908T030902Z_p4-chaos-recover,cockroachdb,chaos-recover,thesis,9d2dcf84917da48f6a7ea8ea5d5fcca12cd94578,2026-09-08T03:09:02.377447Z,2026-09-08T03:11:35.666051Z,2026-09-08T03:11:35.664479Z,2.0,77.567,100,1,update,227.1,140.0,0,176.2,251.7,260.0,260.0,,,
20260908T030902Z_p4-chaos-recover,cockroachdb,chaos-recover,thesis,9d2dcf84917da48f6a7ea8ea5d5fcca12cd94578,2026-09-08T03:09:02.377447Z,2026-09-08T03:11:35.666051Z,2026-09-08T03:11:35.664479Z,3.0,78.568,100,1,read,1036.3,795.3,0,58.7,67.1,71.3,79.7,,,
20260908T030902Z_p4-chaos-recover,cockroachdb,chaos-recover,thesis,9d2dcf84917da48f6a7ea8ea5d5fcca12cd94578,2026-09-08T03:09:02.377447Z,2026-09-08T03:11:35.666051Z,2026-09-08T03:11:35.664479Z,3.0,78.568,100,1,update,249.1,176.3,0,159.4,176.2,184.5,192.9,,,
20260908T030902Z_p4-chaos-recover,cockroachdb,chaos-recover,thesis,9d2dcf84917da48f6a7ea8ea5d5fcca12cd94578,2026-09-08T03:09:02.377447Z,2026-09-08T03:11:35.666051Z,2026-09-08T03:11:35.664479Z,4.0,79.567,100,1,read,787.0,793.2,0,71.3,113.2,121.6,125.8,,,
20260908T030902Z_p4-chaos-recover,cockroachdb,chaos-recover,thesis,9d2dcf84917da48f6a7ea8ea5d5fcca12cd94578,2026-09-08T03:09:02.377447Z,2026-09-08T03:11:35.666051Z,2026-09-08T03:11:35.664479Z,4.0,79.567,100,1,update,224.0,188.2,0,184.5,234.9,251.7,260.0,,,
20260908T030902Z_p4-chaos-recover,cockroachdb,chaos-recover,thesis,9d2dcf84917da48f6a7ea8ea5d5fcca12cd94578,2026-09-08T03:09:02.377447Z,2026-09-08T03:11:35.666051Z,2026-09-08T03:11:35.664479Z,5.0,80.568,100,1,read,833.0,801.2,0,75.5,104.9,113.2,117.4,,,
20260908T030902Z_p4-chaos-recover,cockroachdb,chaos-recover,thesis,9d2dcf84917da48f6a7ea8ea5d5fcca12cd94578,2026-09-08T03:09:02.377447Z,2026-09-08T03:11:35.666051Z,2026-09-08T03:11:35.664479Z,5.0,80.568,100,1,update,203.0,191.2,0,192.9,234.9,243.3,243.3,,,
20260908T030902Z_p4-chaos-recover,cockroachdb,chaos-recover,thesis,9d2dcf84917da48f6a7ea8ea5d5fcca12cd94578,2026-09-08T03:09:02.377447Z,2026-09-08T03:11:35.666051Z,2026-09-08T03:11:35.664479Z,6.0,81.566,100,1,read,933.1,823.1,0,60.8,83.9,92.3,100.7,,,
20260908T030902Z_p4-chaos-recover,cockroachdb,chaos-recover,thesis,9d2dcf84917da48f6a7ea8ea5d5fcca12cd94578,2026-09-08T03:09:02.377447Z,2026-09-08T03:11:35.666051Z,2026-09-08T03:11:35.664479Z,6.0,81.566,100,1,update,250.0,201.0,0,167.8,184.5,201.3,218.1,,,
20260908T030902Z_p4-chaos-recover,cockroachdb,chaos-recover,thesis,9d2dcf84917da48f6a7ea8ea5d5fcca12cd94578,2026-09-08T03:09:02.377447Z,2026-09-08T03:11:35.666051Z,2026-09-08T03:11:35.664479Z,7.0,82.57,100,1,read,957.1,842.3,0,60.8,88.1,104.9,117.4,,,
20260908T030902Z_p4-chaos-recover,cockroachdb,chaos-recover,thesis,9d2dcf84917da48f6a7ea8ea5d5fcca12cd94578,2026-09-08T03:09:02.377447Z,2026-09-08T03:11:35.666051Z,2026-09-08T03:11:35.664479Z,7.0,82.57,100,1,update,237.0,206.1,0,167.8,201.3,218.1,218.1,,,
20260908T030902Z_p4-chaos-recover,cockroachdb,chaos-recover,thesis,9d2dcf84917da48f6a7ea8ea5d5fcca12cd94578,2026-09-08T03:09:02.377447Z,2026-09-08T03:11:35.666051Z,2026-09-08T03:11:35.664479Z,8.0,83.57,100,1,read,928.0,853.0,0,60.8,79.7,92.3,142.6,,,
20260908T030902Z_p4-chaos-recover,cockroachdb,chaos-recover,thesis,9d2dcf84917da48f6a7ea8ea5d5fcca12cd94578,2026-09-08T03:09:02.377447Z,2026-09-08T03:11:35.666051Z,2026-09-08T03:11:35.664479Z,8.0,83.57,100,1,update,261.0,213.0,0,167.8,192.9,192.9,209.7,,,
20260908T030902Z_p4-chaos-recover,cockroachdb,chaos-recover,thesis,9d2dcf84917da48f6a7ea8ea5d5fcca12cd94578,2026-09-08T03:09:02.377447Z,2026-09-08T03:11:35.666051Z,2026-09-08T03:11:35.664479Z,9.0,84.568,100,1,read,927.3,861.2,0,60.8,79.7,88.1,92.3,,,
20260908T030902Z_p4-chaos-recover,cockroachdb,chaos-recover,thesis,9d2dcf84917da48f6a7ea8ea5d5fcca12cd94578,2026-09-08T03:09:02.377447Z,2026-09-08T03:11:35.666051Z,2026-09-08T03:11:35.664479Z,9.0,84.568,100,1,update,265.8,218.9,0,167.8,192.9,201.3,209.7,,,
20260908T030902Z_p4-chaos-recover,cockroachdb,chaos-recover,thesis,9d2dcf84917da48f6a7ea8ea5d5fcca12cd94578,2026-09-08T03:09:02.377447Z,2026-09-08T03:11:35.666051Z,2026-09-08T03:11:35.664479Z,10.0,85.57,100,1,read,1053.5,880.5,0,60.8,71.3,79.7,83.9,,,
20260908T030902Z_p4-chaos-recover,cockroachdb,chaos-recover,thesis,9d2dcf84917da48f6a7ea8ea5d5fcca12cd94578,2026-09-08T03:09:02.377447Z,2026-09-08T03:11:35.666051Z,2026-09-08T03:11:35.664479Z,10.0,85.57,100,1,update,224.1,219.4,0,167.8,184.5,184.5,184.5,,,
20260908T030902Z_p4-chaos-recover,cockroachdb,chaos-recover,thesis,9d2dcf84917da48f6a7ea8ea5d5fcca12cd94578,2026-09-08T03:09:02.377447Z,2026-09-08T03:11:35.666051Z,2026-09-08T03:11:35.664479Z,11.0,86.569,100,1,read,990.4,890.4,0,58.7,71.3,75.5,79.7,,,
20260908T030902Z_p4-chaos-recover,cockroachdb,chaos-recover,thesis,9d2dcf84917da48f6a7ea8ea5d5fcca12cd94578,2026-09-08T03:09:02.377447Z,2026-09-08T03:11:35.666051Z,2026-09-08T03:11:35.664479Z,11.0,86.569,100,1,update,267.1,223.7,0,159.4,176.2,184.5,184.5,,,
20260908T030902Z_p4-chaos-recover,cockroachdb,chaos-recover,thesis,9d2dcf84917da48f6a7ea8ea5d5fcca12cd94578,2026-09-08T03:09:02.377447Z,2026-09-08T03:11:35.666051Z,2026-09-08T03:11:35.664479Z,12.0,87.568,100,1,read,942.9,894.8,0,58.7,71.3,75.5,125.8,,,
20260908T030902Z_p4-chaos-recover,cockroachdb,chaos-recover,thesis,9d2dcf84917da48f6a7ea8ea5d5fcca12cd94578,2026-09-08T03:09:02.377447Z,2026-09-08T03:11:35.666051Z,2026-09-08T03:11:35.664479Z,12.0,87.568,100,1,update,276.0,228.1,0,159.4,176.2,184.5,184.5,,,
20260908T030902Z_p4-chaos-recover,cockroachdb,chaos-recover,thesis,9d2dcf84917da48f6a7ea8ea5d5fcca12cd94578,2026-09-08T03:09:02.377447Z,2026-09-08T03:11:35.666051Z,2026-09-08T03:11:35.664479Z,13.0,88.568,100,1,read,762.8,884.7,0,75.5,109.1,121.6,142.6,,,
20260908T030902Z_p4-chaos-recover,cockroachdb,chaos-recover,thesis,9d2dcf84917da48f6a7ea8ea5d5fcca12cd94578,2026-09-08T03:09:02.377447Z,2026-09-08T03:11:35.666051Z,2026-09-08T03:11:35.664479Z,13.0,88.568,100,1,update,209.9,226.7,0,192.9,251.7,260.0,268.4,,,
20260908T030902Z_p4-chaos-recover,cockroachdb,chaos-recover,thesis,9d2dcf84917da48f6a7ea8ea5d5fcca12cd94578,2026-09-08T03:09:02.377447Z,2026-09-08T03:11:35.666051Z,2026-09-08T03:11:35.664479Z,14.0,89.568,100,1,read,1008.3,893.5,0,58.7,79.7,92.3,113.2,,,
20260908T030902Z_p4-chaos-recover,cockroachdb,chaos-recover,thesis,9d2dcf84917da48f6a7ea8ea5d5fcca12cd94578,2026-09-08T03:09:02.377447Z,2026-09-08T03:11:35.666051Z,2026-09-08T03:11:35.664479Z,14.0,89.568,100,1,update,239.8,227.6,0,159.4,192.9,209.7,218.1,,,
20260908T030902Z_p4-chaos-recover,cockroachdb,chaos-recover,thesis,9d2dcf84917da48f6a7ea8ea5d5fcca12cd94578,2026-09-08T03:09:02.377447Z,2026-09-08T03:11:35.666051Z,2026-09-08T03:11:35.664479Z,15.0,90.579,100,1,read,890.8,893.3,0,71.3,88.1,96.5,104.9,,,
20260908T030902Z_p4-chaos-recover,cockroachdb,chaos-recover,thesis,9d2dcf84917da48f6a7ea8ea5d5fcca12cd94578,2026-09-08T03:09:02.377447Z,2026-09-08T03:11:35.666051Z,2026-09-08T03:11:35.664479Z,15.0,90.579,100,1,update,213.2,226.7,0,184.5,209.7,218.1,218.1,,,
20260908T030902Z_p4-chaos-recover,cockroachdb,chaos-recover,thesis,9d2dcf84917da48f6a7ea8ea5d5fcca12cd94578,2026-09-08T03:09:02.377447Z,2026-09-08T03:11:35.666051Z,2026-09-08T03:11:35.664479Z,16.0,91.572,100,1,read,1081.0,905.1,0,54.5,62.9,67.1,100.7,,,
20260908T030902Z_p4-chaos-recover,cockroachdb,chaos-recover,thesis,9d2dcf84917da48f6a7ea8ea5d5fcca12cd94578,2026-09-08T03:09:02.377447Z,2026-09-08T03:11:35.666051Z,2026-09-08T03:11:35.664479Z,16.0,91.572,100,1,update,268.7,229.3,0,159.4,167.8,201.3,209.7,,,
20260908T030902Z_p4-chaos-recover,cockroachdb,chaos-recover,thesis,9d2dcf84917da48f6a7ea8ea5d5fcca12cd94578,2026-09-08T03:09:02.377447Z,2026-09-08T03:11:35.666051Z,2026-09-08T03:11:35.664479Z,17.0,92.569,100,1,read,1040.1,913.0,0,58.7,75.5,83.9,100.7,,,
20260908T030902Z_p4-chaos-recover,cockroachdb,chaos-recover,thesis,9d2dcf84917da48f6a7ea8ea5d5fcca12cd94578,2026-09-08T03:09:02.377447Z,2026-09-08T03:11:35.666051Z,2026-09-08T03:11:35.664479Z,17.0,92.569,100,1,update,249.3,230.5,0,159.4,184.5,192.9,209.7,,,
20260908T030902Z_p4-chaos-recover,cockroachdb,chaos-recover,thesis,9d2dcf84917da48f6a7ea8ea5d5fcca12cd94578,2026-09-08T03:09:02.377447Z,2026-09-08T03:11:35.666051Z,2026-09-08T03:11:35.664479Z,18.0,93.573,100,1,read,951.8,915.2,0,58.7,104.9,121.6,130.0,,,
20260908T030902Z_p4-chaos-recover,cockroachdb,chaos-recover,thesis,9d2dcf84917da48f6a7ea8ea5d5fcca12cd94578,2026-09-08T03:09:02.377447Z,2026-09-08T03:11:35.666051Z,2026-09-08T03:11:35.664479Z,18.0,93.573,100,1,update,209.0,229.3,0,167.8,218.1,243.3,251.7,,,
20260908T030902Z_p4-chaos-recover,cockroachdb,chaos-recover,thesis,9d2dcf84917da48f6a7ea8ea5d5fcca12cd94578,2026-09-08T03:09:02.377447Z,2026-09-08T03:11:35.666051Z,2026-09-08T03:11:35.664479Z,19.0,94.569,100,1,read,806.0,909.4,0,71.3,109.1,125.8,151.0,,,
20260908T030902Z_p4-chaos-recover,cockroachdb,chaos-recover,thesis,9d2dcf84917da48f6a7ea8ea5d5fcca12cd94578,2026-09-08T03:09:02.377447Z,2026-09-08T03:11:35.666051Z,2026-09-08T03:11:35.664479Z,19.0,94.569,100,1,update,212.7,228.4,0,201.3,251.7,268.4,285.2,,,
20260908T030902Z_p4-chaos-recover,cockroachdb,chaos-recover,thesis,9d2dcf84917da48f6a7ea8ea5d5fcca12cd94578,2026-09-08T03:09:02.377447Z,2026-09-08T03:11:35.666051Z,2026-09-08T03:11:35.664479Z,20.0,95.569,100,1,read,989.0,913.4,0,60.8,71.3,83.9,88.1,,,
20260908T030902Z_p4-chaos-recover,cockroachdb,chaos-recover,thesis,9d2dcf84917da48f6a7ea8ea5d5fcca12cd94578,2026-09-08T03:09:02.377447Z,2026-09-08T03:11:35.666051Z,2026-09-08T03:11:35.664479Z,20.0,95.569,100,1,update,253.3,229.6,0,167.8,184.5,192.9,192.9,,,
20260908T030902Z_p4-chaos-recover,cockroachdb,chaos-recover,thesis,9d2dcf84917da48f6a7ea8ea5d5fcca12cd94578,2026-09-08T03:09:02.377447Z,2026-09-08T03:11:35.666051Z,2026-09-08T03:11:35.664479Z,21.0,96.569,100,1,read,1013.5,918.1,0,58.7,71.3,75.5,75.5,,,
20260908T030902Z_p4-chaos-recover,cockroachdb,chaos-recover,thesis,9d2dcf84917da48f6a7ea8ea5d5fcca12cd94578,2026-09-08T03:09:02.377447Z,2026-09-08T03:11:35.666051Z,2026-09-08T03:11:35.664479Z,21.0,96.569,100,1,update,255.1,230.9,0,159.4,176.2,176.2,184.5,,,
20260908T030902Z_p4-chaos-recover,cockroachdb,chaos-recover,thesis,9d2dcf84917da48f6a7ea8ea5d5fcca12cd94578,2026-09-08T03:09:02.377447Z,2026-09-08T03:11:35.666051Z,2026-09-08T03:11:35.664479Z,22.0,97.572,100,1,read,986.2,921.2,0,56.6,88.1,96.5,104.9,,,
20260908T030902Z_p4-chaos-recover,cockroachdb,chaos-recover,thesis,9d2dcf84917da48f6a7ea8ea5d5fcca12cd94578,2026-09-08T03:09:02.377447Z,2026-09-08T03:11:35.666051Z,2026-09-08T03:11:35.664479Z,22.0,97.572,100,1,update,243.8,231.4,0,159.4,201.3,209.7,209.7,,,
20260908T030902Z_p4-chaos-recover,cockroachdb,chaos-recover,thesis,9d2dcf84917da48f6a7ea8ea5d5fcca12cd94578,2026-09-08T03:09:02.377447Z,2026-09-08T03:11:35.666051Z,2026-09-08T03:11:35.664479Z,23.0,98.568,100,1,read,917.2,921.1,0,60.8,88.1,100.7,113.2,,,
20260908T030902Z_p4-chaos-recover,cockroachdb,chaos-recover,thesis,9d2dcf84917da48f6a7ea8ea5d5fcca12cd94578,2026-09-08T03:09:02.377447Z,2026-09-08T03:11:35.666051Z,2026-09-08T03:11:35.664479Z,23.0,98.568,100,1,update,235.1,231.6,0,176.2,209.7,218.1,226.5,,,
20260908T030902Z_p4-chaos-recover,cockroachdb,chaos-recover,thesis,9d2dcf84917da48f6a7ea8ea5d5fcca12cd94578,2026-09-08T03:09:02.377447Z,2026-09-08T03:11:35.666051Z,2026-09-08T03:11:35.664479Z,24.0,99.569,100,1,read,998.4,924.3,0,56.6,62.9,71.3,75.5,,,
20260908T030902Z_p4-chaos-recover,cockroachdb,chaos-recover,thesis,9d2dcf84917da48f6a7ea8ea5d5fcca12cd94578,2026-09-08T03:09:02.377447Z,2026-09-08T03:11:35.666051Z,2026-09-08T03:11:35.664479Z,24.0,99.569,100,1,update,283.1,233.7,0,159.4,167.8,176.2,176.2,,,
20260908T030902Z_p4-chaos-recover,cockroachdb,chaos-recover,thesis,9d2dcf84917da48f6a7ea8ea5d5fcca12cd94578,2026-09-08T03:09:02.377447Z,2026-09-08T03:11:35.666051Z,2026-09-08T03:11:35.664479Z,25.0,100.569,100,1,read,1012.9,927.8,0,56.6,67.1,71.3,75.5,,,
20260908T030902Z_p4-chaos-recover,cockroachdb,chaos-recover,thesis,9d2dcf84917da48f6a7ea8ea5d5fcca12cd94578,2026-09-08T03:09:02.377447Z,2026-09-08T03:11:35.666051Z,2026-09-08T03:11:35.664479Z,25.0,100.569,100,1,update,277.0,235.5,0,159.4,167.8,176.2,176.2,,,
20260908T030902Z_p4-chaos-recover,cockroachdb,chaos-recover,thesis,9d2dcf84917da48f6a7ea8ea5d5fcca12cd94578,2026-09-08T03:09:02.377447Z,2026-09-08T03:11:35.666051Z,2026-09-08T03:11:35.664479Z,26.0,101.569,100,1,read,877.1,925.9,0,62.9,96.5,104.9,125.8,,,
20260908T030902Z_p4-chaos-recover,cockroachdb,chaos-recover,thesis,9d2dcf84917da48f6a7ea8ea5d5fcca12cd94578,2026-09-08T03:09:02.377447Z,2026-09-08T03:11:35.666051Z,2026-09-08T03:11:35.664479Z,26.0,101.569,100,1,update,237.0,235.5,0,167.8,209.7,218.1,234.9,,,
20260908T030902Z_p4-chaos-recover,cockroachdb,chaos-recover,thesis,9d2dcf84917da48f6a7ea8ea5d5fcca12cd94578,2026-09-08T03:09:02.377447Z,2026-09-08T03:11:35.666051Z,2026-09-08T03:11:35.664479Z,27.0,102.569,100,1,read,923.4,925.8,0,62.9,100.7,113.2,125.8,,,
20260908T030902Z_p4-chaos-recover,cockroachdb,chaos-recover,thesis,9d2dcf84917da48f6a7ea8ea5d5fcca12cd94578,2026-09-08T03:09:02.377447Z,2026-09-08T03:11:35.666051Z,2026-09-08T03:11:35.664479Z,27.0,102.569,100,1,update,197.9,234.1,0,176.2,234.9,234.9,243.3,,,
20260908T030902Z_p4-chaos-recover,cockroachdb,chaos-recover,thesis,9d2dcf84917da48f6a7ea8ea5d5fcca12cd94578,2026-09-08T03:09:02.377447Z,2026-09-08T03:11:35.666051Z,2026-09-08T03:11:35.664479Z,28.0,103.575,100,1,read,939.2,926.3,0,60.8,83.9,96.5,100.7,,,
20260908T030902Z_p4-chaos-recover,cockroachdb,chaos-recover,thesis,9d2dcf84917da48f6a7ea8ea5d5fcca12cd94578,2026-09-08T03:09:02.377447Z,2026-09-08T03:11:35.666051Z,2026-09-08T03:11:35.664479Z,28.0,103.575,100,1,update,231.0,234.0,0,176.2,218.1,243.3,251.7,,,
20260908T030902Z_p4-chaos-recover,cockroachdb,chaos-recover,thesis,9d2dcf84917da48f6a7ea8ea5d5fcca12cd94578,2026-09-08T03:09:02.377447Z,2026-09-08T03:11:35.666051Z,2026-09-08T03:11:35.664479Z,29.0,104.57,100,1,read,990.1,928.5,0,58.7,79.7,92.3,100.7,,,
20260908T030902Z_p4-chaos-recover,cockroachdb,chaos-recover,thesis,9d2dcf84917da48f6a7ea8ea5d5fcca12cd94578,2026-09-08T03:09:02.377447Z,2026-09-08T03:11:35.666051Z,2026-09-08T03:11:35.664479Z,29.0,104.57,100,1,update,251.0,234.6,0,159.4,192.9,201.3,209.7,,,
20260908T030902Z_p4-chaos-recover,cockroachdb,chaos-recover,thesis,9d2dcf84917da48f6a7ea8ea5d5fcca12cd94578,2026-09-08T03:09:02.377447Z,2026-09-08T03:11:35.666051Z,2026-09-08T03:11:35.664479Z,30.0,105.57,100,1,read,894.1,927.3,0,62.9,88.1,100.7,109.1,,,
20260908T030902Z_p4-chaos-recover,cockroachdb,chaos-recover,thesis,9d2dcf84917da48f6a7ea8ea5d5fcca12cd94578,2026-09-08T03:09:02.377447Z,2026-09-08T03:11:35.666051Z,2026-09-08T03:11:35.664479Z,30.0,105.57,100,1,update,230.0,234.5,0,167.8,234.9,260.0,285.2,,,
20260908T030902Z_p4-chaos-recover,cockroachdb,chaos-recover,thesis,9d2dcf84917da48f6a7ea8ea5d5fcca12cd94578,2026-09-08T03:09:02.377447Z,2026-09-08T03:11:35.666051Z,2026-09-08T03:11:35.664479Z,31.0,106.571,100,1,read,961.4,928.4,0,62.9,92.3,104.9,109.1,,,
20260908T030902Z_p4-chaos-recover,cockroachdb,chaos-recover,thesis,9d2dcf84917da48f6a7ea8ea5d5fcca12cd94578,2026-09-08T03:09:02.377447Z,2026-09-08T03:11:35.666051Z,2026-09-08T03:11:35.664479Z,31.0,106.571,100,1,update,225.1,234.2,0,176.2,218.1,268.4,268.4,,,
20260908T030902Z_p4-chaos-recover,cockroachdb,chaos-recover,thesis,9d2dcf84917da48f6a7ea8ea5d5fcca12cd94578,2026-09-08T03:09:02.377447Z,2026-09-08T03:11:35.666051Z,2026-09-08T03:11:35.664479Z,32.0,107.576,100,1,read,1120.8,934.4,0,56.6,67.1,75.5,83.9,,,
20260908T030902Z_p4-chaos-recover,cockroachdb,chaos-recover,thesis,9d2dcf84917da48f6a7ea8ea5d5fcca12cd94578,2026-09-08T03:09:02.377447Z,2026-09-08T03:11:35.666051Z,2026-09-08T03:11:35.664479Z,32.0,107.576,100,1,update,230.0,234.0,0,159.4,167.8,176.2,192.9,,,
20260908T030902Z_p4-chaos-recover,cockroachdb,chaos-recover,thesis,9d2dcf84917da48f6a7ea8ea5d5fcca12cd94578,2026-09-08T03:09:02.377447Z,2026-09-08T03:11:35.666051Z,2026-09-08T03:11:35.664479Z,33.0,108.569,100,1,read,1041.7,937.7,0,56.6,62.9,65.0,71.3,,,
20260908T030902Z_p4-chaos-recover,cockroachdb,chaos-recover,thesis,9d2dcf84917da48f6a7ea8ea5d5fcca12cd94578,2026-09-08T03:09:02.377447Z,2026-09-08T03:11:35.666051Z,2026-09-08T03:11:35.664479Z,33.0,108.569,100,1,update,263.9,234.9,0,159.4,167.8,167.8,176.2,,,
20260908T030902Z_p4-chaos-recover,cockroachdb,chaos-recover,thesis,9d2dcf84917da48f6a7ea8ea5d5fcca12cd94578,2026-09-08T03:09:02.377447Z,2026-09-08T03:11:35.666051Z,2026-09-08T03:11:35.664479Z,34.0,109.569,100,1,read,1037.4,940.6,0,58.7,71.3,79.7,134.2,,,
20260908T030902Z_p4-chaos-recover,cockroachdb,chaos-recover,thesis,9d2dcf84917da48f6a7ea8ea5d5fcca12cd94578,2026-09-08T03:09:02.377447Z,2026-09-08T03:11:35.666051Z,2026-09-08T03:11:35.664479Z,34.0,109.569,100,1,update,250.1,235.4,0,159.4,176.2,184.5,184.5,,,
20260908T030902Z_p4-chaos-recover,cockroachdb,chaos-recover,thesis,9d2dcf84917da48f6a7ea8ea5d5fcca12cd94578,2026-09-08T03:09:02.377447Z,2026-09-08T03:11:35.666051Z,2026-09-08T03:11:35.664479Z,35.0,110.569,100,1,read,1016.0,942.8,0,56.6,62.9,67.1,75.5,,,
20260908T030902Z_p4-chaos-recover,cockroachdb,chaos-recover,thesis,9d2dcf84917da48f6a7ea8ea5d5fcca12cd94578,2026-09-08T03:09:02.377447Z,2026-09-08T03:11:35.666051Z,2026-09-08T03:11:35.664479Z,35.0,110.569,100,1,update,282.0,236.7,0,159.4,167.8,176.2,176.2,,,
20260908T030902Z_p4-chaos-recover,cockroachdb,chaos-recover,thesis,9d2dcf84917da48f6a7ea8ea5d5fcca12cd94578,2026-09-08T03:09:02.377447Z,2026-09-08T03:11:35.666051Z,2026-09-08T03:11:35.664479Z,36.0,111.57,100,1,read,1068.1,946.2,0,56.6,65.0,71.3,79.7,,,
20260908T030902Z_p4-chaos-recover,cockroachdb,chaos-recover,thesis,9d2dcf84917da48f6a7ea8ea5d5fcca12cd94578,2026-09-08T03:09:02.377447Z,2026-09-08T03:11:35.666051Z,2026-09-08T03:11:35.664479Z,36.0,111.57,100,1,update,260.0,237.4,0,159.4,167.8,176.2,176.2,,,
20260908T030902Z_p4-chaos-recover,cockroachdb,chaos-recover,thesis,9d2dcf84917da48f6a7ea8ea5d5fcca12cd94578,2026-09-08T03:09:02.377447Z,2026-09-08T03:11:35.666051Z,2026-09-08T03:11:35.664479Z,37.0,112.57,100,1,read,933.0,945.9,0,58.7,75.5,92.3,151.0,,,
20260908T030902Z_p4-chaos-recover,cockroachdb,chaos-recover,thesis,9d2dcf84917da48f6a7ea8ea5d5fcca12cd94578,2026-09-08T03:09:02.377447Z,2026-09-08T03:11:35.666051Z,2026-09-08T03:11:35.664479Z,37.0,112.57,100,1,update,282.0,238.6,0,159.4,201.3,218.1,234.9,,,
20260908T030902Z_p4-chaos-recover,cockroachdb,chaos-recover,thesis,9d2dcf84917da48f6a7ea8ea5d5fcca12cd94578,2026-09-08T03:09:02.377447Z,2026-09-08T03:11:35.666051Z,2026-09-08T03:11:35.664479Z,38.0,113.569,100,1,read,811.2,942.3,0,62.9,109.1,121.6,151.0,,,
20260908T030902Z_p4-chaos-recover,cockroachdb,chaos-recover,thesis,9d2dcf84917da48f6a7ea8ea5d5fcca12cd94578,2026-09-08T03:09:02.377447Z,2026-09-08T03:11:35.666051Z,2026-09-08T03:11:35.664479Z,38.0,113.569,100,1,update,219.8,238.1,0,167.8,234.9,268.4,285.2,,,
20260908T030902Z_p4-chaos-recover,cockroachdb,chaos-recover,thesis,9d2dcf84917da48f6a7ea8ea5d5fcca12cd94578,2026-09-08T03:09:02.377447Z,2026-09-08T03:11:35.666051Z,2026-09-08T03:11:35.664479Z,39.0,114.569,100,1,read,933.2,942.1,0,60.8,113.2,125.8,142.6,,,
20260908T030902Z_p4-chaos-recover,cockroachdb,chaos-recover,thesis,9d2dcf84917da48f6a7ea8ea5d5fcca12cd94578,2026-09-08T03:09:02.377447Z,2026-09-08T03:11:35.666051Z,2026-09-08T03:11:35.664479Z,39.0,114.569,100,1,update,247.1,238.3,0,167.8,226.5,268.4,268.4,,,
20260908T030902Z_p4-chaos-recover,cockroachdb,chaos-recover,thesis,9d2dcf84917da48f6a7ea8ea5d5fcca12cd94578,2026-09-08T03:09:02.377447Z,2026-09-08T03:11:35.666051Z,2026-09-08T03:11:35.664479Z,40.0,115.569,100,1,read,1001.4,943.6,0,58.7,67.1,75.5,83.9,,,
20260908T030902Z_p4-chaos-recover,cockroachdb,chaos-recover,thesis,9d2dcf84917da48f6a7ea8ea5d5fcca12cd94578,2026-09-08T03:09:02.377447Z,2026-09-08T03:11:35.666051Z,2026-09-08T03:11:35.664479Z,40.0,115.569,100,1,update,265.1,239.0,0,159.4,167.8,176.2,192.9,,,
20260908T030902Z_p4-chaos-recover,cockroachdb,chaos-recover,thesis,9d2dcf84917da48f6a7ea8ea5d5fcca12cd94578,2026-09-08T03:09:02.377447Z,2026-09-08T03:11:35.666051Z,2026-09-08T03:11:35.664479Z,41.0,116.583,100,1,read,1043.3,946.0,0,56.6,65.0,75.5,88.1,,,
20260908T030902Z_p4-chaos-recover,cockroachdb,chaos-recover,thesis,9d2dcf84917da48f6a7ea8ea5d5fcca12cd94578,2026-09-08T03:09:02.377447Z,2026-09-08T03:11:35.666051Z,2026-09-08T03:11:35.664479Z,41.0,116.583,100,1,update,261.1,239.5,0,159.4,176.2,184.5,184.5,,,
20260908T030902Z_p4-chaos-recover,cockroachdb,chaos-recover,thesis,9d2dcf84917da48f6a7ea8ea5d5fcca12cd94578,2026-09-08T03:09:02.377447Z,2026-09-08T03:11:35.666051Z,2026-09-08T03:11:35.664479Z,42.0,117.575,100,1,read,1039.6,948.3,0,56.6,65.0,71.3,75.5,,,
20260908T030902Z_p4-chaos-recover,cockroachdb,chaos-recover,thesis,9d2dcf84917da48f6a7ea8ea5d5fcca12cd94578,2026-09-08T03:09:02.377447Z,2026-09-08T03:11:35.666051Z,2026-09-08T03:11:35.664479Z,42.0,117.575,100,1,update,265.9,240.1,0,159.4,167.8,176.2,176.2,,,
20260908T030902Z_p4-chaos-recover,cockroachdb,chaos-recover,thesis,9d2dcf84917da48f6a7ea8ea5d5fcca12cd94578,2026-09-08T03:09:02.377447Z,2026-09-08T03:11:35.666051Z,2026-09-08T03:11:35.664479Z,43.0,118.569,100,1,read,1019.2,949.9,0,56.6,67.1,75.5,83.9,,,
20260908T030902Z_p4-chaos-recover,cockroachdb,chaos-recover,thesis,9d2dcf84917da48f6a7ea8ea5d5fcca12cd94578,2026-09-08T03:09:02.377447Z,2026-09-08T03:11:35.666051Z,2026-09-08T03:11:35.664479Z,43.0,118.569,100,1,update,262.0,240.6,0,159.4,176.2,176.2,184.5,,,
20260908T030902Z_p4-chaos-recover,cockroachdb,chaos-recover,thesis,9d2dcf84917da48f6a7ea8ea5d5fcca12cd94578,2026-09-08T03:09:02.377447Z,2026-09-08T03:11:35.666051Z,2026-09-08T03:11:35.664479Z,44.0,119.57,100,1,read,997.7,951.0,0,58.7,71.3,83.9,92.3,,,
20260908T030902Z_p4-chaos-recover,cockroachdb,chaos-recover,thesis,9d2dcf84917da48f6a7ea8ea5d5fcca12cd94578,2026-09-08T03:09:02.377447Z,2026-09-08T03:11:35.666051Z,2026-09-08T03:11:35.664479Z,44.0,119.57,100,1,update,256.9,241.0,0,159.4,184.5,184.5,201.3,,,
20260908T030902Z_p4-chaos-recover,cockroachdb,chaos-recover,thesis,9d2dcf84917da48f6a7ea8ea5d5fcca12cd94578,2026-09-08T03:09:02.377447Z,2026-09-08T03:11:35.666051Z,2026-09-08T03:11:35.664479Z,45.0,120.571,100,1,read,1010.5,952.3,0,56.6,65.0,71.3,71.3,,,
20260908T030902Z_p4-chaos-recover,cockroachdb,chaos-recover,thesis,9d2dcf84917da48f6a7ea8ea5d5fcca12cd94578,2026-09-08T03:09:02.377447Z,2026-09-08T03:11:35.666051Z,2026-09-08T03:11:35.664479Z,45.0,120.571,100,1,update,275.9,241.8,0,159.4,167.8,176.2,176.2,,,
20260908T030902Z_p4-chaos-recover,cockroachdb,chaos-recover,thesis,9d2dcf84917da48f6a7ea8ea5d5fcca12cd94578,2026-09-08T03:09:02.377447Z,2026-09-08T03:11:35.666051Z,2026-09-08T03:11:35.664479Z,46.0,121.571,100,1,read,1099.9,955.5,0,54.5,62.9,71.3,79.7,,,
20260908T030902Z_p4-chaos-recover,cockroachdb,chaos-recover,thesis,9d2dcf84917da48f6a7ea8ea5d5fcca12cd94578,2026-09-08T03:09:02.377447Z,2026-09-08T03:11:35.666051Z,2026-09-08T03:11:35.664479Z,46.0,121.571,100,1,update,249.2,242.0,0,159.4,167.8,176.2,176.2,,,
20260908T030902Z_p4-chaos-recover,cockroachdb,chaos-recover,thesis,9d2dcf84917da48f6a7ea8ea5d5fcca12cd94578,2026-09-08T03:09:02.377447Z,2026-09-08T03:11:35.666051Z,2026-09-08T03:11:35.664479Z,47.0,122.57,100,1,read,1042.9,957.4,0,54.5,75.5,100.7,117.4,,,
20260908T030902Z_p4-chaos-recover,cockroachdb,chaos-recover,thesis,9d2dcf84917da48f6a7ea8ea5d5fcca12cd94578,2026-09-08T03:09:02.377447Z,2026-09-08T03:11:35.666051Z,2026-09-08T03:11:35.664479Z,47.0,122.57,100,1,update,260.0,242.3,0,159.4,176.2,184.5,209.7,,,
20260908T030902Z_p4-chaos-recover,cockroachdb,chaos-recover,thesis,9d2dcf84917da48f6a7ea8ea5d5fcca12cd94578,2026-09-08T03:09:02.377447Z,2026-09-08T03:11:35.666051Z,2026-09-08T03:11:35.664479Z,48.0,123.57,100,1,read,989.0,958.0,0,56.6,75.5,88.1,92.3,,,
20260908T030902Z_p4-chaos-recover,cockroachdb,chaos-recover,thesis,9d2dcf84917da48f6a7ea8ea5d5fcca12cd94578,2026-09-08T03:09:02.377447Z,2026-09-08T03:11:35.666051Z,2026-09-08T03:11:35.664479Z,48.0,123.57,100,1,update,265.0,242.8,0,159.4,192.9,201.3,209.7,,,
20260908T030902Z_p4-chaos-recover,cockroachdb,chaos-recover,thesis,9d2dcf84917da48f6a7ea8ea5d5fcca12cd94578,2026-09-08T03:09:02.377447Z,2026-09-08T03:11:35.666051Z,2026-09-08T03:11:35.664479Z,49.0,124.571,100,1,read,1068.1,960.3,0,58.7,71.3,75.5,88.1,,,
20260908T030902Z_p4-chaos-recover,cockroachdb,chaos-recover,thesis,9d2dcf84917da48f6a7ea8ea5d5fcca12cd94578,2026-09-08T03:09:02.377447Z,2026-09-08T03:11:35.666051Z,2026-09-08T03:11:35.664479Z,49.0,124.571,100,1,update,234.0,242.6,0,159.4,176.2,192.9,201.3,,,
20260908T030902Z_p4-chaos-recover,cockroachdb,chaos-recover,thesis,9d2dcf84917da48f6a7ea8ea5d5fcca12cd94578,2026-09-08T03:09:02.377447Z,2026-09-08T03:11:35.666051Z,2026-09-08T03:11:35.664479Z,50.0,125.569,100,1,read,1046.2,962.0,0,56.6,65.0,71.3,79.7,,,
20260908T030902Z_p4-chaos-recover,cockroachdb,chaos-recover,thesis,9d2dcf84917da48f6a7ea8ea5d5fcca12cd94578,2026-09-08T03:09:02.377447Z,2026-09-08T03:11:35.666051Z,2026-09-08T03:11:35.664479Z,50.0,125.569,100,1,update,258.0,242.9,0,159.4,176.2,176.2,176.2,,,
20260908T030902Z_p4-chaos-recover,cockroachdb,chaos-recover,thesis,9d2dcf84917da48f6a7ea8ea5d5fcca12cd94578,2026-09-08T03:09:02.377447Z,2026-09-08T03:11:35.666051Z,2026-09-08T03:11:35.664479Z,51.0,126.57,100,1,read,998.1,962.7,0,58.7,65.0,71.3,75.5,,,
20260908T030902Z_p4-chaos-recover,cockroachdb,chaos-recover,thesis,9d2dcf84917da48f6a7ea8ea5d5fcca12cd94578,2026-09-08T03:09:02.377447Z,2026-09-08T03:11:35.666051Z,2026-09-08T03:11:35.664479Z,51.0,126.57,100,1,update,268.0,243.4,0,159.4,167.8,176.2,176.2,,,
20260908T030902Z_p4-chaos-recover,cockroachdb,chaos-recover,thesis,9d2dcf84917da48f6a7ea8ea5d5fcca12cd94578,2026-09-08T03:09:02.377447Z,2026-09-08T03:11:35.666051Z,2026-09-08T03:11:35.664479Z,52.0,127.57,100,1,read,1021.8,963.8,0,56.6,65.0,79.7,83.9,,,
20260908T030902Z_p4-chaos-recover,cockroachdb,chaos-recover,thesis,9d2dcf84917da48f6a7ea8ea5d5fcca12cd94578,2026-09-08T03:09:02.377447Z,2026-09-08T03:11:35.666051Z,2026-09-08T03:11:35.664479Z,52.0,127.57,100,1,update,279.9,244.1,0,159.4,167.8,184.5,184.5,,,
20260908T030902Z_p4-chaos-recover,cockroachdb,chaos-recover,thesis,9d2dcf84917da48f6a7ea8ea5d5fcca12cd94578,2026-09-08T03:09:02.377447Z,2026-09-08T03:11:35.666051Z,2026-09-08T03:11:35.664479Z,53.0,128.573,100,1,read,1018.8,964.9,0,56.6,62.9,62.9,67.1,,,
20260908T030902Z_p4-chaos-recover,cockroachdb,chaos-recover,thesis,9d2dcf84917da48f6a7ea8ea5d5fcca12cd94578,2026-09-08T03:09:02.377447Z,2026-09-08T03:11:35.666051Z,2026-09-08T03:11:35.664479Z,53.0,128.573,100,1,update,276.7,244.7,0,159.4,167.8,167.8,167.8,,,
20260908T030902Z_p4-chaos-recover,cockroachdb,chaos-recover,thesis,9d2dcf84917da48f6a7ea8ea5d5fcca12cd94578,2026-09-08T03:09:02.377447Z,2026-09-08T03:11:35.666051Z,2026-09-08T03:11:35.664479Z,54.0,129.564,100,1,read,1072.9,966.9,0,54.5,60.8,62.9,67.1,,,
20260908T030902Z_p4-chaos-recover,cockroachdb,chaos-recover,thesis,9d2dcf84917da48f6a7ea8ea5d5fcca12cd94578,2026-09-08T03:09:02.377447Z,2026-09-08T03:11:35.666051Z,2026-09-08T03:11:35.664479Z,54.0,129.564,100,1,update,270.2,245.2,0,159.4,167.8,167.8,167.8,,,
20260908T030902Z_p4-chaos-recover,cockroachdb,chaos-recover,thesis,9d2dcf84917da48f6a7ea8ea5d5fcca12cd94578,2026-09-08T03:09:02.377447Z,2026-09-08T03:11:35.666051Z,2026-09-08T03:11:35.664479Z,55.0,130.569,100,1,read,1116.5,969.6,0,54.5,60.8,65.0,67.1,,,
20260908T030902Z_p4-chaos-recover,cockroachdb,chaos-recover,thesis,9d2dcf84917da48f6a7ea8ea5d5fcca12cd94578,2026-09-08T03:09:02.377447Z,2026-09-08T03:11:35.666051Z,2026-09-08T03:11:35.664479Z,55.0,130.569,100,1,update,257.1,245.4,0,159.4,159.4,167.8,167.8,,,
20260908T030902Z_p4-chaos-recover,cockroachdb,chaos-recover,thesis,9d2dcf84917da48f6a7ea8ea5d5fcca12cd94578,2026-09-08T03:09:02.377447Z,2026-09-08T03:11:35.666051Z,2026-09-08T03:11:35.664479Z,56.0,131.566,100,1,read,1111.4,972.1,0,54.5,58.7,60.8,67.1,,,
20260908T030902Z_p4-chaos-recover,cockroachdb,chaos-recover,thesis,9d2dcf84917da48f6a7ea8ea5d5fcca12cd94578,2026-09-08T03:09:02.377447Z,2026-09-08T03:11:35.666051Z,2026-09-08T03:11:35.664479Z,56.0,131.566,100,1,update,264.8,245.8,0,159.4,159.4,167.8,167.8,,,
20260908T030902Z_p4-chaos-recover,cockroachdb,chaos-recover,thesis,9d2dcf84917da48f6a7ea8ea5d5fcca12cd94578,2026-09-08T03:09:02.377447Z,2026-09-08T03:11:35.666051Z,2026-09-08T03:11:35.664479Z,57.0,132.57,100,1,read,998.6,972.6,0,58.7,75.5,83.9,88.1,,,
20260908T030902Z_p4-chaos-recover,cockroachdb,chaos-recover,thesis,9d2dcf84917da48f6a7ea8ea5d5fcca12cd94578,2026-09-08T03:09:02.377447Z,2026-09-08T03:11:35.666051Z,2026-09-08T03:11:35.664479Z,57.0,132.57,100,1,update,258.2,246.0,0,159.4,184.5,192.9,209.7,,,
20260908T030902Z_p4-chaos-recover,cockroachdb,chaos-recover,thesis,9d2dcf84917da48f6a7ea8ea5d5fcca12cd94578,2026-09-08T03:09:02.377447Z,2026-09-08T03:11:35.666051Z,2026-09-08T03:11:35.664479Z,58.0,133.565,100,1,read,1025.4,973.5,0,58.7,79.7,83.9,92.3,,,
20260908T030902Z_p4-chaos-recover,cockroachdb,chaos-recover,thesis,9d2dcf84917da48f6a7ea8ea5d5fcca12cd94578,2026-09-08T03:09:02.377447Z,2026-09-08T03:11:35.666051Z,2026-09-08T03:11:35.664479Z,58.0,133.565,100,1,update,236.9,245.8,0,167.8,192.9,209.7,218.1,,,
20260908T030902Z_p4-chaos-recover,cockroachdb,chaos-recover,thesis,9d2dcf84917da48f6a7ea8ea5d5fcca12cd94578,2026-09-08T03:09:02.377447Z,2026-09-08T03:11:35.666051Z,2026-09-08T03:11:35.664479Z,59.0,134.565,100,1,read,991.9,973.8,0,56.6,62.9,65.0,71.3,,,
20260908T030902Z_p4-chaos-recover,cockroachdb,chaos-recover,thesis,9d2dcf84917da48f6a7ea8ea5d5fcca12cd94578,2026-09-08T03:09:02.377447Z,2026-09-08T03:11:35.666051Z,2026-09-08T03:11:35.664479Z,59.0,134.565,100,1,update,283.3,246.5,0,159.4,167.8,176.2,176.2,,,
20260908T030902Z_p4-chaos-recover,cockroachdb,chaos-recover,thesis,9d2dcf84917da48f6a7ea8ea5d5fcca12cd94578,2026-09-08T03:09:02.377447Z,2026-09-08T03:11:35.666051Z,2026-09-08T03:11:35.664479Z,60.0,135.565,100,1,read,1108.8,976.1,0,56.6,60.8,65.0,71.3,,,
20260908T030902Z_p4-chaos-recover,cockroachdb,chaos-recover,thesis,9d2dcf84917da48f6a7ea8ea5d5fcca12cd94578,2026-09-08T03:09:02.377447Z,2026-09-08T03:11:35.666051Z,2026-09-08T03:11:35.664479Z,60.0,135.565,100,1,update,255.0,246.6,0,159.4,167.8,167.8,176.2,,,
20260908T030902Z_p4-chaos-recover,cockroachdb,chaos-recover,thesis,9d2dcf84917da48f6a7ea8ea5d5fcca12cd94578,2026-09-08T03:09:02.377447Z,2026-09-08T03:11:35.666051Z,2026-09-08T03:11:35.664479Z,61.0,136.578,100,1,read,1064.6,977.5,0,54.5,60.8,71.3,75.5,,,
20260908T030902Z_p4-chaos-recover,cockroachdb,chaos-recover,thesis,9d2dcf84917da48f6a7ea8ea5d5fcca12cd94578,2026-09-08T03:09:02.377447Z,2026-09-08T03:11:35.666051Z,2026-09-08T03:11:35.664479Z,61.0,136.578,100,1,update,267.9,247.0,0,159.4,218.1,226.5,243.3,,,
20260908T030902Z_p4-chaos-recover,cockroachdb,chaos-recover,thesis,9d2dcf84917da48f6a7ea8ea5d5fcca12cd94578,2026-09-08T03:09:02.377447Z,2026-09-08T03:11:35.666051Z,2026-09-08T03:11:35.664479Z,62.0,137.564,100,1,read,1075.6,979.1,0,56.6,71.3,71.3,79.7,,,
20260908T030902Z_p4-chaos-recover,cockroachdb,chaos-recover,thesis,9d2dcf84917da48f6a7ea8ea5d5fcca12cd94578,2026-09-08T03:09:02.377447Z,2026-09-08T03:11:35.666051Z,2026-09-08T03:11:35.664479Z,62.0,137.564,100,1,update,232.1,246.7,0,159.4,176.2,176.2,184.5,,,
20260908T030902Z_p4-chaos-recover,cockroachdb,chaos-recover,thesis,9d2dcf84917da48f6a7ea8ea5d5fcca12cd94578,2026-09-08T03:09:02.377447Z,2026-09-08T03:11:35.666051Z,2026-09-08T03:11:35.664479Z,63.0,138.565,100,1,read,952.3,978.7,0,58.7,79.7,92.3,104.9,,,
20260908T030902Z_p4-chaos-recover,cockroachdb,chaos-recover,thesis,9d2dcf84917da48f6a7ea8ea5d5fcca12cd94578,2026-09-08T03:09:02.377447Z,2026-09-08T03:11:35.666051Z,2026-09-08T03:11:35.664479Z,63.0,138.565,100,1,update,252.8,246.8,0,167.8,201.3,209.7,218.1,,,
20260908T030902Z_p4-chaos-recover,cockroachdb,chaos-recover,thesis,9d2dcf84917da48f6a7ea8ea5d5fcca12cd94578,2026-09-08T03:09:02.377447Z,2026-09-08T03:11:35.666051Z,2026-09-08T03:11:35.664479Z,64.0,139.565,100,1,read,981.3,978.7,0,58.7,92.3,100.7,109.1,,,
20260908T030902Z_p4-chaos-recover,cockroachdb,chaos-recover,thesis,9d2dcf84917da48f6a7ea8ea5d5fcca12cd94578,2026-09-08T03:09:02.377447Z,2026-09-08T03:11:35.666051Z,2026-09-08T03:11:35.664479Z,64.0,139.565,100,1,update,241.8,246.7,0,167.8,201.3,226.5,226.5,,,
20260908T030902Z_p4-chaos-recover,cockroachdb,chaos-recover,thesis,9d2dcf84917da48f6a7ea8ea5d5fcca12cd94578,2026-09-08T03:09:02.377447Z,2026-09-08T03:11:35.666051Z,2026-09-08T03:11:35.664479Z,65.0,140.566,100,1,read,780.4,975.7,0,79.7,96.5,109.1,113.2,,,
20260908T030902Z_p4-chaos-recover,cockroachdb,chaos-recover,thesis,9d2dcf84917da48f6a7ea8ea5d5fcca12cd94578,2026-09-08T03:09:02.377447Z,2026-09-08T03:11:35.666051Z,2026-09-08T03:11:35.664479Z,65.0,140.566,100,1,update,155.1,245.3,0,192.9,226.5,226.5,243.3,,,
20260908T030902Z_p4-chaos-recover,cockroachdb,chaos-recover,thesis,9d2dcf84917da48f6a7ea8ea5d5fcca12cd94578,2026-09-08T03:09:02.377447Z,2026-09-08T03:11:35.666051Z,2026-09-08T03:11:35.664479Z,66.0,141.566,100,1,read,0.0,960.9,0,0.0,0.0,0.0,0.0,,,
20260908T030902Z_p4-chaos-recover,cockroachdb,chaos-recover,thesis,9d2dcf84917da48f6a7ea8ea5d5fcca12cd94578,2026-09-08T03:09:02.377447Z,2026-09-08T03:11:35.666051Z,2026-09-08T03:11:35.664479Z,66.0,141.566,100,1,update,0.0,241.6,0,0.0,0.0,0.0,0.0,,,
20260908T030902Z_p4-chaos-recover,cockroachdb,chaos-recover,thesis,9d2dcf84917da48f6a7ea8ea5d5fcca12cd94578,2026-09-08T03:09:02.377447Z,2026-09-08T03:11:35.666051Z,2026-09-08T03:11:35.664479Z,67.0,142.564,100,1,read,0.0,946.5,0,0.0,0.0,0.0,0.0,,,
20260908T030902Z_p4-chaos-recover,cockroachdb,chaos-recover,thesis,9d2dcf84917da48f6a7ea8ea5d5fcca12cd94578,2026-09-08T03:09:02.377447Z,2026-09-08T03:11:35.666051Z,2026-09-08T03:11:35.664479Z,67.0,142.564,100,1,update,0.0,238.0,0,0.0,0.0,0.0,0.0,,,
20260908T030902Z_p4-chaos-recover,cockroachdb,chaos-recover,thesis,9d2dcf84917da48f6a7ea8ea5d5fcca12cd94578,2026-09-08T03:09:02.377447Z,2026-09-08T03:11:35.666051Z,2026-09-08T03:11:35.664479Z,68.0,143.564,100,1,read,0.0,932.6,0,0.0,0.0,0.0,0.0,,,
20260908T030902Z_p4-chaos-recover,cockroachdb,chaos-recover,thesis,9d2dcf84917da48f6a7ea8ea5d5fcca12cd94578,2026-09-08T03:09:02.377447Z,2026-09-08T03:11:35.666051Z,2026-09-08T03:11:35.664479Z,68.0,143.564,100,1,update,0.0,234.5,0,0.0,0.0,0.0,0.0,,,
20260908T030902Z_p4-chaos-recover,cockroachdb,chaos-recover,thesis,9d2dcf84917da48f6a7ea8ea5d5fcca12cd94578,2026-09-08T03:09:02.377447Z,2026-09-08T03:11:35.666051Z,2026-09-08T03:11:35.664479Z,69.0,144.565,100,1,read,0.0,919.1,0,0.0,0.0,0.0,0.0,,,
20260908T030902Z_p4-chaos-recover,cockroachdb,chaos-recover,thesis,9d2dcf84917da48f6a7ea8ea5d5fcca12cd94578,2026-09-08T03:09:02.377447Z,2026-09-08T03:11:35.666051Z,2026-09-08T03:11:35.664479Z,69.0,144.565,100,1,update,0.0,231.1,0,0.0,0.0,0.0,0.0,,,
20260908T030902Z_p4-chaos-recover,cockroachdb,chaos-recover,thesis,9d2dcf84917da48f6a7ea8ea5d5fcca12cd94578,2026-09-08T03:09:02.377447Z,2026-09-08T03:11:35.666051Z,2026-09-08T03:11:35.664479Z,70.0,145.569,100,1,read,0.0,906.0,0,0.0,0.0,0.0,0.0,,,
20260908T030902Z_p4-chaos-recover,cockroachdb,chaos-recover,thesis,9d2dcf84917da48f6a7ea8ea5d5fcca12cd94578,2026-09-08T03:09:02.377447Z,2026-09-08T03:11:35.666051Z,2026-09-08T03:11:35.664479Z,70.0,145.569,100,1,update,0.0,227.8,0,0.0,0.0,0.0,0.0,,,
20260908T030902Z_p4-chaos-recover,cockroachdb,chaos-recover,thesis,9d2dcf84917da48f6a7ea8ea5d5fcca12cd94578,2026-09-08T03:09:02.377447Z,2026-09-08T03:11:35.666051Z,2026-09-08T03:11:35.664479Z,71.0,146.564,100,1,read,0.0,893.2,0,0.0,0.0,0.0,0.0,,,
20260908T030902Z_p4-chaos-recover,cockroachdb,chaos-recover,thesis,9d2dcf84917da48f6a7ea8ea5d5fcca12cd94578,2026-09-08T03:09:02.377447Z,2026-09-08T03:11:35.666051Z,2026-09-08T03:11:35.664479Z,71.0,146.564,100,1,update,0.0,224.6,0,0.0,0.0,0.0,0.0,,,
20260908T035252Z_p4-chaos-recover,cockroachdb,chaos-recover,smoke,40659d82c028c5872c820a016d4ff03b23068151,2026-09-08T03:52:52.473562Z,2026-09-08T03:53:59.318728Z,2026-09-08T03:53:59.314400Z,1.0,17.702,10,1,read,14.4,122.9,0,52.4,56.6,79.7,79.7,,,
20260908T035252Z_p4-chaos-recover,cockroachdb,chaos-recover,smoke,40659d82c028c5872c820a016d4ff03b23068151,2026-09-08T03:52:52.473562Z,2026-09-08T03:53:59.318728Z,2026-09-08T03:53:59.314400Z,1.0,17.702,10,1,update,2.5,21.0,0,151.0,151.0,159.4,159.4,,,
20260908T035252Z_p4-chaos-recover,cockroachdb,chaos-recover,smoke,40659d82c028c5872c820a016d4ff03b23068151,2026-09-08T03:52:52.473562Z,2026-09-08T03:53:59.318728Z,2026-09-08T03:53:59.314400Z,2.0,18.705,10,1,read,128.9,125.9,0,52.4,54.5,54.5,54.5,,,
20260908T035252Z_p4-chaos-recover,cockroachdb,chaos-recover,smoke,40659d82c028c5872c820a016d4ff03b23068151,2026-09-08T03:52:52.473562Z,2026-09-08T03:53:59.318728Z,2026-09-08T03:53:59.314400Z,2.0,18.705,10,1,update,22.0,21.5,0,151.0,151.0,159.4,159.4,,,
20260908T035252Z_p4-chaos-recover,cockroachdb,chaos-recover,smoke,40659d82c028c5872c820a016d4ff03b23068151,2026-09-08T03:52:52.473562Z,2026-09-08T03:53:59.318728Z,2026-09-08T03:53:59.314400Z,3.0,19.703,10,1,read,104.0,118.6,0,52.4,58.7,62.9,71.3,,,
20260908T035252Z_p4-chaos-recover,cockroachdb,chaos-recover,smoke,40659d82c028c5872c820a016d4ff03b23068151,2026-09-08T03:52:52.473562Z,2026-09-08T03:53:59.318728Z,2026-09-08T03:53:59.314400Z,3.0,19.703,10,1,update,30.0,24.3,0,151.0,159.4,159.4,159.4,,,
20260908T035252Z_p4-chaos-recover,cockroachdb,chaos-recover,smoke,40659d82c028c5872c820a016d4ff03b23068151,2026-09-08T03:52:52.473562Z,2026-09-08T03:53:59.318728Z,2026-09-08T03:53:59.314400Z,4.0,20.704,10,1,read,123.0,119.7,0,52.4,52.4,52.4,52.4,,,
20260908T035252Z_p4-chaos-recover,cockroachdb,chaos-recover,smoke,40659d82c028c5872c820a016d4ff03b23068151,2026-09-08T03:52:52.473562Z,2026-09-08T03:53:59.318728Z,2026-09-08T03:53:59.314400Z,4.0,20.704,10,1,update,25.0,24.5,0,151.0,151.0,151.0,151.0,,,
20260908T035252Z_p4-chaos-recover,cockroachdb,chaos-recover,smoke,40659d82c028c5872c820a016d4ff03b23068151,2026-09-08T03:52:52.473562Z,2026-09-08T03:53:59.318728Z,2026-09-08T03:53:59.314400Z,5.0,21.703,10,1,read,91.0,114.0,0,52.4,52.4,54.5,54.5,,,
20260908T035252Z_p4-chaos-recover,cockroachdb,chaos-recover,smoke,40659d82c028c5872c820a016d4ff03b23068151,2026-09-08T03:52:52.473562Z,2026-09-08T03:53:59.318728Z,2026-09-08T03:53:59.314400Z,5.0,21.703,10,1,update,36.0,26.8,0,151.0,151.0,151.0,151.0,,,
20260908T035252Z_p4-chaos-recover,cockroachdb,chaos-recover,smoke,40659d82c028c5872c820a016d4ff03b23068151,2026-09-08T03:52:52.473562Z,2026-09-08T03:53:59.318728Z,2026-09-08T03:53:59.314400Z,6.0,22.704,10,1,read,110.0,113.3,0,52.4,54.5,56.6,56.6,,,
20260908T035252Z_p4-chaos-recover,cockroachdb,chaos-recover,smoke,40659d82c028c5872c820a016d4ff03b23068151,2026-09-08T03:52:52.473562Z,2026-09-08T03:53:59.318728Z,2026-09-08T03:53:59.314400Z,6.0,22.704,10,1,update,30.0,27.3,0,151.0,159.4,159.4,159.4,,,
20260908T035252Z_p4-chaos-recover,cockroachdb,chaos-recover,smoke,40659d82c028c5872c820a016d4ff03b23068151,2026-09-08T03:52:52.473562Z,2026-09-08T03:53:59.318728Z,2026-09-08T03:53:59.314400Z,7.0,23.705,10,1,read,119.1,114.1,0,52.4,54.5,56.6,60.8,,,
20260908T035252Z_p4-chaos-recover,cockroachdb,chaos-recover,smoke,40659d82c028c5872c820a016d4ff03b23068151,2026-09-08T03:52:52.473562Z,2026-09-08T03:53:59.318728Z,2026-09-08T03:53:59.314400Z,7.0,23.705,10,1,update,25.0,27.0,0,151.0,159.4,159.4,159.4,,,
20260908T035252Z_p4-chaos-recover,cockroachdb,chaos-recover,smoke,40659d82c028c5872c820a016d4ff03b23068151,2026-09-08T03:52:52.473562Z,2026-09-08T03:53:59.318728Z,2026-09-08T03:53:59.314400Z,8.0,24.704,10,1,read,123.0,115.2,0,52.4,56.6,60.8,60.8,,,
20260908T035252Z_p4-chaos-recover,cockroachdb,chaos-recover,smoke,40659d82c028c5872c820a016d4ff03b23068151,2026-09-08T03:52:52.473562Z,2026-09-08T03:53:59.318728Z,2026-09-08T03:53:59.314400Z,8.0,24.704,10,1,update,23.0,26.5,0,151.0,159.4,159.4,159.4,,,
20260908T035252Z_p4-chaos-recover,cockroachdb,chaos-recover,smoke,40659d82c028c5872c820a016d4ff03b23068151,2026-09-08T03:52:52.473562Z,2026-09-08T03:53:59.318728Z,2026-09-08T03:53:59.314400Z,9.0,25.704,10,1,read,110.0,114.7,0,52.4,52.4,54.5,54.5,,,
20260908T035252Z_p4-chaos-recover,cockroachdb,chaos-recover,smoke,40659d82c028c5872c820a016d4ff03b23068151,2026-09-08T03:52:52.473562Z,2026-09-08T03:53:59.318728Z,2026-09-08T03:53:59.314400Z,9.0,25.704,10,1,update,29.0,26.8,0,151.0,151.0,159.4,159.4,,,
20260908T035252Z_p4-chaos-recover,cockroachdb,chaos-recover,smoke,40659d82c028c5872c820a016d4ff03b23068151,2026-09-08T03:52:52.473562Z,2026-09-08T03:53:59.318728Z,2026-09-08T03:53:59.314400Z,10.0,26.704,10,1,read,91.0,112.3,0,52.4,52.4,54.5,54.5,,,
20260908T035252Z_p4-chaos-recover,cockroachdb,chaos-recover,smoke,40659d82c028c5872c820a016d4ff03b23068151,2026-09-08T03:52:52.473562Z,2026-09-08T03:53:59.318728Z,2026-09-08T03:53:59.314400Z,10.0,26.704,10,1,update,36.0,27.7,0,151.0,151.0,151.0,151.0,,,
20260908T035252Z_p4-chaos-recover,cockroachdb,chaos-recover,smoke,40659d82c028c5872c820a016d4ff03b23068151,2026-09-08T03:52:52.473562Z,2026-09-08T03:53:59.318728Z,2026-09-08T03:53:59.314400Z,11.0,27.704,10,1,read,116.9,112.7,0,52.4,52.4,58.7,58.7,,,
20260908T035252Z_p4-chaos-recover,cockroachdb,chaos-recover,smoke,40659d82c028c5872c820a016d4ff03b23068151,2026-09-08T03:52:52.473562Z,2026-09-08T03:53:59.318728Z,2026-09-08T03:53:59.314400Z,11.0,27.704,10,1,update,27.0,27.6,0,151.0,151.0,151.0,151.0,,,
20260908T035252Z_p4-chaos-recover,cockroachdb,chaos-recover,smoke,40659d82c028c5872c820a016d4ff03b23068151,2026-09-08T03:52:52.473562Z,2026-09-08T03:53:59.318728Z,2026-09-08T03:53:59.314400Z,12.0,28.704,10,1,read,111.1,112.6,0,52.4,52.4,54.5,54.5,,,
20260908T035252Z_p4-chaos-recover,cockroachdb,chaos-recover,smoke,40659d82c028c5872c820a016d4ff03b23068151,2026-09-08T03:52:52.473562Z,2026-09-08T03:53:59.318728Z,2026-09-08T03:53:59.314400Z,12.0,28.704,10,1,update,30.0,27.8,0,151.0,151.0,151.0,151.0,,,
20260908T035252Z_p4-chaos-recover,cockroachdb,chaos-recover,smoke,40659d82c028c5872c820a016d4ff03b23068151,2026-09-08T03:52:52.473562Z,2026-09-08T03:53:59.318728Z,2026-09-08T03:53:59.314400Z,13.0,29.704,10,1,read,104.0,111.9,0,52.4,52.4,54.5,54.5,,,
20260908T035252Z_p4-chaos-recover,cockroachdb,chaos-recover,smoke,40659d82c028c5872c820a016d4ff03b23068151,2026-09-08T03:52:52.473562Z,2026-09-08T03:53:59.318728Z,2026-09-08T03:53:59.314400Z,13.0,29.704,10,1,update,31.0,28.1,0,151.0,151.0,151.0,151.0,,,
20260908T035252Z_p4-chaos-recover,cockroachdb,chaos-recover,smoke,40659d82c028c5872c820a016d4ff03b23068151,2026-09-08T03:52:52.473562Z,2026-09-08T03:53:59.318728Z,2026-09-08T03:53:59.314400Z,14.0,30.704,10,1,read,120.0,112.5,0,52.4,52.4,52.4,54.5,,,
20260908T035252Z_p4-chaos-recover,cockroachdb,chaos-recover,smoke,40659d82c028c5872c820a016d4ff03b23068151,2026-09-08T03:52:52.473562Z,2026-09-08T03:53:59.318728Z,2026-09-08T03:53:59.314400Z,14.0,30.704,10,1,update,27.0,28.0,0,151.0,151.0,151.0,151.0,,,
20260908T035252Z_p4-chaos-recover,cockroachdb,chaos-recover,smoke,40659d82c028c5872c820a016d4ff03b23068151,2026-09-08T03:52:52.473562Z,2026-09-08T03:53:59.318728Z,2026-09-08T03:53:59.314400Z,15.0,31.703,10,1,read,123.9,113.3,0,52.4,52.4,52.4,52.4,,,
20260908T035252Z_p4-chaos-recover,cockroachdb,chaos-recover,smoke,40659d82c028c5872c820a016d4ff03b23068151,2026-09-08T03:52:52.473562Z,2026-09-08T03:53:59.318728Z,2026-09-08T03:53:59.314400Z,15.0,31.703,10,1,update,23.0,27.7,0,151.0,151.0,151.0,151.0,,,
20260908T035252Z_p4-chaos-recover,cockroachdb,chaos-recover,smoke,40659d82c028c5872c820a016d4ff03b23068151,2026-09-08T03:52:52.473562Z,2026-09-08T03:53:59.318728Z,2026-09-08T03:53:59.314400Z,16.0,32.702,10,1,read,122.0,113.8,0,52.4,54.5,56.6,58.7,,,
20260908T035252Z_p4-chaos-recover,cockroachdb,chaos-recover,smoke,40659d82c028c5872c820a016d4ff03b23068151,2026-09-08T03:52:52.473562Z,2026-09-08T03:53:59.318728Z,2026-09-08T03:53:59.314400Z,16.0,32.702,10,1,update,24.0,27.4,0,151.0,151.0,159.4,159.4,,,
20260908T035252Z_p4-chaos-recover,cockroachdb,chaos-recover,smoke,40659d82c028c5872c820a016d4ff03b23068151,2026-09-08T03:52:52.473562Z,2026-09-08T03:53:59.318728Z,2026-09-08T03:53:59.314400Z,17.0,33.705,10,1,read,111.1,113.6,0,52.4,52.4,54.5,56.6,,,
20260908T035252Z_p4-chaos-recover,cockroachdb,chaos-recover,smoke,40659d82c028c5872c820a016d4ff03b23068151,2026-09-08T03:52:52.473562Z,2026-09-08T03:53:59.318728Z,2026-09-08T03:53:59.314400Z,17.0,33.705,10,1,update,29.0,27.5,0,151.0,159.4,159.4,159.4,,,
20260908T035252Z_p4-chaos-recover,cockroachdb,chaos-recover,smoke,40659d82c028c5872c820a016d4ff03b23068151,2026-09-08T03:52:52.473562Z,2026-09-08T03:53:59.318728Z,2026-09-08T03:53:59.314400Z,18.0,34.704,10,1,read,128.0,114.4,0,52.4,54.5,58.7,58.7,,,
20260908T035252Z_p4-chaos-recover,cockroachdb,chaos-recover,smoke,40659d82c028c5872c820a016d4ff03b23068151,2026-09-08T03:52:52.473562Z,2026-09-08T03:53:59.318728Z,2026-09-08T03:53:59.314400Z,18.0,34.704,10,1,update,23.0,27.3,0,151.0,159.4,159.4,159.4,,,
20260908T035252Z_p4-chaos-recover,cockroachdb,chaos-recover,smoke,40659d82c028c5872c820a016d4ff03b23068151,2026-09-08T03:52:52.473562Z,2026-09-08T03:53:59.318728Z,2026-09-08T03:53:59.314400Z,19.0,35.704,10,1,read,105.0,113.9,0,52.4,54.5,54.5,56.6,,,
20260908T035252Z_p4-chaos-recover,cockroachdb,chaos-recover,smoke,40659d82c028c5872c820a016d4ff03b23068151,2026-09-08T03:52:52.473562Z,2026-09-08T03:53:59.318728Z,2026-09-08T03:53:59.314400Z,19.0,35.704,10,1,update,31.0,27.5,0,151.0,151.0,151.0,151.0,,,
20260908T035252Z_p4-chaos-recover,cockroachdb,chaos-recover,smoke,40659d82c028c5872c820a016d4ff03b23068151,2026-09-08T03:52:52.473562Z,2026-09-08T03:53:59.318728Z,2026-09-08T03:53:59.314400Z,20.0,36.706,10,1,read,112.9,113.9,0,52.4,54.5,54.5,54.5,,,
20260908T035252Z_p4-chaos-recover,cockroachdb,chaos-recover,smoke,40659d82c028c5872c820a016d4ff03b23068151,2026-09-08T03:52:52.473562Z,2026-09-08T03:53:59.318728Z,2026-09-08T03:53:59.314400Z,20.0,36.706,10,1,update,19.0,27.0,0,151.0,151.0,151.0,151.0,,,
20260908T035252Z_p4-chaos-recover,cockroachdb,chaos-recover,smoke,40659d82c028c5872c820a016d4ff03b23068151,2026-09-08T03:52:52.473562Z,2026-09-08T03:53:59.318728Z,2026-09-08T03:53:59.314400Z,21.0,37.797,10,1,read,0.0,108.5,0,0.0,0.0,0.0,0.0,,,
20260908T035252Z_p4-chaos-recover,cockroachdb,chaos-recover,smoke,40659d82c028c5872c820a016d4ff03b23068151,2026-09-08T03:52:52.473562Z,2026-09-08T03:53:59.318728Z,2026-09-08T03:53:59.314400Z,21.0,37.797,10,1,update,0.0,25.8,0,0.0,0.0,0.0,0.0,,,
20260908T035252Z_p4-chaos-recover,cockroachdb,chaos-recover,smoke,40659d82c028c5872c820a016d4ff03b23068151,2026-09-08T03:52:52.473562Z,2026-09-08T03:53:59.318728Z,2026-09-08T03:53:59.314400Z,22.0,38.704,10,1,read,0.0,103.5,0,0.0,0.0,0.0,0.0,,,
20260908T035252Z_p4-chaos-recover,cockroachdb,chaos-recover,smoke,40659d82c028c5872c820a016d4ff03b23068151,2026-09-08T03:52:52.473562Z,2026-09-08T03:53:59.318728Z,2026-09-08T03:53:59.314400Z,22.0,38.704,10,1,update,0.0,24.6,0,0.0,0.0,0.0,0.0,,,
20260908T035252Z_p4-chaos-recover,cockroachdb,chaos-recover,smoke,40659d82c028c5872c820a016d4ff03b23068151,2026-09-08T03:52:52.473562Z,2026-09-08T03:53:59.318728Z,2026-09-08T03:53:59.314400Z,23.0,39.705,10,1,read,0.0,99.0,0,0.0,0.0,0.0,0.0,,,
20260908T035252Z_p4-chaos-recover,cockroachdb,chaos-recover,smoke,40659d82c028c5872c820a016d4ff03b23068151,2026-09-08T03:52:52.473562Z,2026-09-08T03:53:59.318728Z,2026-09-08T03:53:59.314400Z,23.0,39.705,10,1,update,0.0,23.5,0,0.0,0.0,0.0,0.0,,,
20260908T035252Z_p4-chaos-recover,cockroachdb,chaos-recover,smoke,40659d82c028c5872c820a016d4ff03b23068151,2026-09-08T03:52:52.473562Z,2026-09-08T03:53:59.318728Z,2026-09-08T03:53:59.314400Z,24.0,40.708,10,1,read,0.0,94.9,0,0.0,0.0,0.0,0.0,,,
20260908T035252Z_p4-chaos-recover,cockroachdb,chaos-recover,smoke,40659d82c028c5872c820a016d4ff03b23068151,2026-09-08T03:52:52.473562Z,2026-09-08T03:53:59.318728Z,2026-09-08T03:53:59.314400Z,24.0,40.708,10,1,update,0.0,22.5,0,0.0,0.0,0.0,0.0,,,
20260908T035252Z_p4-chaos-recover,cockroachdb,chaos-recover,smoke,40659d82c028c5872c820a016d4ff03b23068151,2026-09-08T03:52:52.473562Z,2026-09-08T03:53:59.318728Z,2026-09-08T03:53:59.314400Z,25.0,41.792,10,1,read,0.0,91.1,0,0.0,0.0,0.0,0.0,,,
20260908T035252Z_p4-chaos-recover,cockroachdb,chaos-recover,smoke,40659d82c028c5872c820a016d4ff03b23068151,2026-09-08T03:52:52.473562Z,2026-09-08T03:53:59.318728Z,2026-09-08T03:53:59.314400Z,25.0,41.792,10,1,update,0.0,21.6,0,0.0,0.0,0.0,0.0,,,
20260908T035252Z_p4-chaos-recover,cockroachdb,chaos-recover,smoke,40659d82c028c5872c820a016d4ff03b23068151,2026-09-08T03:52:52.473562Z,2026-09-08T03:53:59.318728Z,2026-09-08T03:53:59.314400Z,26.0,42.704,10,1,read,0.0,87.6,0,0.0,0.0,0.0,0.0,,,
20260908T035252Z_p4-chaos-recover,cockroachdb,chaos-recover,smoke,40659d82c028c5872c820a016d4ff03b23068151,2026-09-08T03:52:52.473562Z,2026-09-08T03:53:59.318728Z,2026-09-08T03:53:59.314400Z,26.0,42.704,10,1,update,0.0,20.8,0,0.0,0.0,0.0,0.0,,,
20260908T035252Z_p4-chaos-recover,cockroachdb,chaos-recover,smoke,40659d82c028c5872c820a016d4ff03b23068151,2026-09-08T03:52:52.473562Z,2026-09-08T03:53:59.318728Z,2026-09-08T03:53:59.314400Z,27.0,43.705,10,1,read,52.0,86.3,3,27.3,6979.3,6979.3,6979.3,,,
20260908T035252Z_p4-chaos-recover,cockroachdb,chaos-recover,smoke,40659d82c028c5872c820a016d4ff03b23068151,2026-09-08T03:52:52.473562Z,2026-09-08T03:53:59.318728Z,2026-09-08T03:53:59.314400Z,27.0,43.705,10,1,update,1.0,20.1,3,218.1,218.1,218.1,218.1,,,
20260908T035252Z_p4-chaos-recover,cockroachdb,chaos-recover,smoke,40659d82c028c5872c820a016d4ff03b23068151,2026-09-08T03:52:52.473562Z,2026-09-08T03:53:59.318728Z,2026-09-08T03:53:59.314400Z,28.0,44.705,10,1,read,102.1,86.9,3,27.3,29.4,30.4,30.4,,,
20260908T035252Z_p4-chaos-recover,cockroachdb,chaos-recover,smoke,40659d82c028c5872c820a016d4ff03b23068151,2026-09-08T03:52:52.473562Z,2026-09-08T03:53:59.318728Z,2026-09-08T03:53:59.314400Z,28.0,44.705,10,1,update,28.0,20.4,3,218.1,520.1,570.4,570.4,,,
20260908T035252Z_p4-chaos-recover,cockroachdb,chaos-recover,smoke,40659d82c028c5872c820a016d4ff03b23068151,2026-09-08T03:52:52.473562Z,2026-09-08T03:53:59.318728Z,2026-09-08T03:53:59.314400Z,29.0,45.704,10,1,read,117.0,87.9,3,27.3,27.3,28.3,28.3,,,
20260908T035252Z_p4-chaos-recover,cockroachdb,chaos-recover,smoke,40659d82c028c5872c820a016d4ff03b23068151,2026-09-08T03:52:52.473562Z,2026-09-08T03:53:59.318728Z,2026-09-08T03:53:59.314400Z,29.0,45.704,10,1,update,34.0,20.8,3,209.7,218.1,260.0,260.0,,,
20260908T035252Z_p4-chaos-recover,cockroachdb,chaos-recover,smoke,40659d82c028c5872c820a016d4ff03b23068151,2026-09-08T03:52:52.473562Z,2026-09-08T03:53:59.318728Z,2026-09-08T03:53:59.314400Z,30.0,46.703,10,1,read,135.9,89.5,3,27.3,28.3,29.4,29.4,,,
20260908T035252Z_p4-chaos-recover,cockroachdb,chaos-recover,smoke,40659d82c028c5872c820a016d4ff03b23068151,2026-09-08T03:52:52.473562Z,2026-09-08T03:53:59.318728Z,2026-09-08T03:53:59.314400Z,30.0,46.703,10,1,update,31.0,21.2,3,209.7,218.1,218.1,218.1,,,
20260908T035252Z_p4-chaos-recover,cockroachdb,chaos-recover,smoke,40659d82c028c5872c820a016d4ff03b23068151,2026-09-08T03:52:52.473562Z,2026-09-08T03:53:59.318728Z,2026-09-08T03:53:59.314400Z,31.0,47.705,10,1,read,137.1,91.0,3,27.3,27.3,28.3,29.4,,,
20260908T035252Z_p4-chaos-recover,cockroachdb,chaos-recover,smoke,40659d82c028c5872c820a016d4ff03b23068151,2026-09-08T03:52:52.473562Z,2026-09-08T03:53:59.318728Z,2026-09-08T03:53:59.314400Z,31.0,47.705,10,1,update,30.0,21.5,3,209.7,218.1,218.1,218.1,,,
20260908T035252Z_p4-chaos-recover,cockroachdb,chaos-recover,smoke,40659d82c028c5872c820a016d4ff03b23068151,2026-09-08T03:52:52.473562Z,2026-09-08T03:53:59.318728Z,2026-09-08T03:53:59.314400Z,32.0,48.703,10,1,read,139.9,92.6,3,27.3,27.3,28.3,29.4,,,
20260908T035252Z_p4-chaos-recover,cockroachdb,chaos-recover,smoke,40659d82c028c5872c820a016d4ff03b23068151,2026-09-08T03:52:52.473562Z,2026-09-08T03:53:59.318728Z,2026-09-08T03:53:59.314400Z,32.0,48.703,10,1,update,27.0,21.6,3,209.7,218.1,218.1,218.1,,,
20260908T035252Z_p4-chaos-recover,cockroachdb,chaos-recover,smoke,40659d82c028c5872c820a016d4ff03b23068151,2026-09-08T03:52:52.473562Z,2026-09-08T03:53:59.318728Z,2026-09-08T03:53:59.314400Z,33.0,49.704,10,1,read,130.0,93.7,3,27.3,27.3,37.7,41.9,,,
20260908T035252Z_p4-chaos-recover,cockroachdb,chaos-recover,smoke,40659d82c028c5872c820a016d4ff03b23068151,2026-09-08T03:52:52.473562Z,2026-09-08T03:53:59.318728Z,2026-09-08T03:53:59.314400Z,33.0,49.704,10,1,update,34.0,22.0,3,209.7,218.1,226.5,226.5,,,
20260908T035252Z_p4-chaos-recover,cockroachdb,chaos-recover,smoke,40659d82c028c5872c820a016d4ff03b23068151,2026-09-08T03:52:52.473562Z,2026-09-08T03:53:59.318728Z,2026-09-08T03:53:59.314400Z,34.0,50.707,10,1,read,122.9,94.6,3,27.3,27.3,28.3,28.3,,,
20260908T035252Z_p4-chaos-recover,cockroachdb,chaos-recover,smoke,40659d82c028c5872c820a016d4ff03b23068151,2026-09-08T03:52:52.473562Z,2026-09-08T03:53:59.318728Z,2026-09-08T03:53:59.314400Z,34.0,50.707,10,1,update,34.0,22.4,3,209.7,218.1,218.1,218.1,,,
20260908T035252Z_p4-chaos-recover,cockroachdb,chaos-recover,smoke,40659d82c028c5872c820a016d4ff03b23068151,2026-09-08T03:52:52.473562Z,2026-09-08T03:53:59.318728Z,2026-09-08T03:53:59.314400Z,35.0,51.704,10,1,read,122.0,95.3,3,27.3,27.3,30.4,32.5,,,
20260908T035252Z_p4-chaos-recover,cockroachdb,chaos-recover,smoke,40659d82c028c5872c820a016d4ff03b23068151,2026-09-08T03:52:52.473562Z,2026-09-08T03:53:59.318728Z,2026-09-08T03:53:59.314400Z,35.0,51.704,10,1,update,29.0,22.5,3,209.7,218.1,218.1,218.1,,,
20260908T035252Z_p4-chaos-recover,cockroachdb,chaos-recover,smoke,40659d82c028c5872c820a016d4ff03b23068151,2026-09-08T03:52:52.473562Z,2026-09-08T03:53:59.318728Z,2026-09-08T03:53:59.314400Z,36.0,52.704,10,1,read,122.0,96.1,3,26.2,27.3,28.3,28.3,,,
20260908T035252Z_p4-chaos-recover,cockroachdb,chaos-recover,smoke,40659d82c028c5872c820a016d4ff03b23068151,2026-09-08T03:52:52.473562Z,2026-09-08T03:53:59.318728Z,2026-09-08T03:53:59.314400Z,36.0,52.704,10,1,update,34.0,22.9,3,209.7,218.1,218.1,218.1,,,
20260908T035252Z_p4-chaos-recover,cockroachdb,chaos-recover,smoke,40659d82c028c5872c820a016d4ff03b23068151,2026-09-08T03:52:52.473562Z,2026-09-08T03:53:59.318728Z,2026-09-08T03:53:59.314400Z,37.0,53.705,10,1,read,133.1,97.1,3,27.3,28.3,29.4,29.4,,,
20260908T035252Z_p4-chaos-recover,cockroachdb,chaos-recover,smoke,40659d82c028c5872c820a016d4ff03b23068151,2026-09-08T03:52:52.473562Z,2026-09-08T03:53:59.318728Z,2026-09-08T03:53:59.314400Z,37.0,53.705,10,1,update,32.0,23.1,3,209.7,218.1,218.1,218.1,,,
20260908T035252Z_p4-chaos-recover,cockroachdb,chaos-recover,smoke,40659d82c028c5872c820a016d4ff03b23068151,2026-09-08T03:52:52.473562Z,2026-09-08T03:53:59.318728Z,2026-09-08T03:53:59.314400Z,38.0,54.704,10,1,read,108.9,97.4,3,26.2,27.3,28.3,28.3,,,
20260908T035252Z_p4-chaos-recover,cockroachdb,chaos-recover,smoke,40659d82c028c5872c820a016d4ff03b23068151,2026-09-08T03:52:52.473562Z,2026-09-08T03:53:59.318728Z,2026-09-08T03:53:59.314400Z,38.0,54.704,10,1,update,34.0,23.4,3,209.7,218.1,218.1,218.1,,,
20260908T035252Z_p4-chaos-recover,cockroachdb,chaos-recover,smoke,40659d82c028c5872c820a016d4ff03b23068151,2026-09-08T03:52:52.473562Z,2026-09-08T03:53:59.318728Z,2026-09-08T03:53:59.314400Z,39.0,55.705,10,1,read,124.0,98.1,3,26.2,27.3,27.3,28.3,,,
20260908T035252Z_p4-chaos-recover,cockroachdb,chaos-recover,smoke,40659d82c028c5872c820a016d4ff03b23068151,2026-09-08T03:52:52.473562Z,2026-09-08T03:53:59.318728Z,2026-09-08T03:53:59.314400Z,39.0,55.705,10,1,update,32.0,23.6,3,209.7,218.1,218.1,218.1,,,
20260908T035252Z_p4-chaos-recover,cockroachdb,chaos-recover,smoke,40659d82c028c5872c820a016d4ff03b23068151,2026-09-08T03:52:52.473562Z,2026-09-08T03:53:59.318728Z,2026-09-08T03:53:59.314400Z,40.0,56.705,10,1,read,128.1,98.8,3,26.2,27.3,27.3,27.3,,,
20260908T035252Z_p4-chaos-recover,cockroachdb,chaos-recover,smoke,40659d82c028c5872c820a016d4ff03b23068151,2026-09-08T03:52:52.473562Z,2026-09-08T03:53:59.318728Z,2026-09-08T03:53:59.314400Z,40.0,56.705,10,1,update,31.0,23.8,3,209.7,209.7,218.1,218.1,,,
20260908T035252Z_p4-chaos-recover,cockroachdb,chaos-recover,smoke,40659d82c028c5872c820a016d4ff03b23068151,2026-09-08T03:52:52.473562Z,2026-09-08T03:53:59.318728Z,2026-09-08T03:53:59.314400Z,41.0,57.705,10,1,read,130.0,99.6,3,26.2,27.3,27.3,27.3,,,
20260908T035252Z_p4-chaos-recover,cockroachdb,chaos-recover,smoke,40659d82c028c5872c820a016d4ff03b23068151,2026-09-08T03:52:52.473562Z,2026-09-08T03:53:59.318728Z,2026-09-08T03:53:59.314400Z,41.0,57.705,10,1,update,33.0,24.0,3,209.7,209.7,218.1,218.1,,,
20260908T035252Z_p4-chaos-recover,cockroachdb,chaos-recover,smoke,40659d82c028c5872c820a016d4ff03b23068151,2026-09-08T03:52:52.473562Z,2026-09-08T03:53:59.318728Z,2026-09-08T03:53:59.314400Z,42.0,58.705,10,1,read,121.0,100.1,3,26.2,27.3,27.3,28.3,,,
20260908T035252Z_p4-chaos-recover,cockroachdb,chaos-recover,smoke,40659d82c028c5872c820a016d4ff03b23068151,2026-09-08T03:52:52.473562Z,2026-09-08T03:53:59.318728Z,2026-09-08T03:53:59.314400Z,42.0,58.705,10,1,update,33.0,24.2,3,209.7,209.7,218.1,218.1,,,
20260908T035252Z_p4-chaos-recover,cockroachdb,chaos-recover,smoke,40659d82c028c5872c820a016d4ff03b23068151,2026-09-08T03:52:52.473562Z,2026-09-08T03:53:59.318728Z,2026-09-08T03:53:59.314400Z,43.0,59.705,10,1,read,121.0,100.6,3,26.2,27.3,28.3,28.3,,,
20260908T035252Z_p4-chaos-recover,cockroachdb,chaos-recover,smoke,40659d82c028c5872c820a016d4ff03b23068151,2026-09-08T03:52:52.473562Z,2026-09-08T03:53:59.318728Z,2026-09-08T03:53:59.314400Z,43.0,59.705,10,1,update,33.0,24.4,3,209.7,209.7,218.1,218.1,,,
20260908T035252Z_p4-chaos-recover,cockroachdb,chaos-recover,smoke,40659d82c028c5872c820a016d4ff03b23068151,2026-09-08T03:52:52.473562Z,2026-09-08T03:53:59.318728Z,2026-09-08T03:53:59.314400Z,44.0,60.704,10,1,read,118.0,101.0,3,27.3,27.3,28.3,28.3,,,
20260908T035252Z_p4-chaos-recover,cockroachdb,chaos-recover,smoke,40659d82c028c5872c820a016d4ff03b23068151,2026-09-08T03:52:52.473562Z,2026-09-08T03:53:59.318728Z,2026-09-08T03:53:59.314400Z,44.0,60.704,10,1,update,31.0,24.6,3,209.7,218.1,218.1,218.1,,,
20260908T035252Z_p4-chaos-recover,cockroachdb,chaos-recover,smoke,40659d82c028c5872c820a016d4ff03b23068151,2026-09-08T03:52:52.473562Z,2026-09-08T03:53:59.318728Z,2026-09-08T03:53:59.314400Z,45.0,61.705,10,1,read,116.0,101.3,3,26.2,27.3,27.3,27.3,,,
20260908T035252Z_p4-chaos-recover,cockroachdb,chaos-recover,smoke,40659d82c028c5872c820a016d4ff03b23068151,2026-09-08T03:52:52.473562Z,2026-09-08T03:53:59.318728Z,2026-09-08T03:53:59.314400Z,45.0,61.705,10,1,update,34.0,24.8,3,209.7,209.7,209.7,209.7,,,
20260908T055503Z_p4-chaos-recover,cockroachdb,chaos-recover,thesis,c518dc6a29d6bfb5d7d89439d9fad14b81b56649,2026-09-08T05:55:03.440674Z,2026-09-08T05:59:22.794824Z,2026-09-08T05:59:22.791530Z,1.0,74.329,100,1,read,15.7,1007.0,0,56.6,117.4,142.6,142.6,,,
20260908T055503Z_p4-chaos-recover,cockroachdb,chaos-recover,thesis,c518dc6a29d6bfb5d7d89439d9fad14b81b56649,2026-09-08T05:55:03.440674Z,2026-09-08T05:59:22.794824Z,2026-09-08T05:59:22.791530Z,1.0,74.329,100,1,update,3.2,205.8,0,159.4,218.1,234.9,243.3,,,
20260908T055503Z_p4-chaos-recover,cockroachdb,chaos-recover,thesis,c518dc6a29d6bfb5d7d89439d9fad14b81b56649,2026-09-08T05:55:03.440674Z,2026-09-08T05:59:22.794824Z,2026-09-08T05:59:22.791530Z,2.0,75.328,100,1,read,1088.8,1047.9,0,54.5,71.3,83.9,88.1,,,
20260908T055503Z_p4-chaos-recover,cockroachdb,chaos-recover,thesis,c518dc6a29d6bfb5d7d89439d9fad14b81b56649,2026-09-08T05:55:03.440674Z,2026-09-08T05:59:22.794824Z,2026-09-08T05:59:22.791530Z,2.0,75.328,100,1,update,253.2,229.5,0,159.4,176.2,192.9,201.3,,,
20260908T055503Z_p4-chaos-recover,cockroachdb,chaos-recover,thesis,c518dc6a29d6bfb5d7d89439d9fad14b81b56649,2026-09-08T05:55:03.440674Z,2026-09-08T05:59:22.794824Z,2026-09-08T05:59:22.791530Z,3.0,76.345,100,1,read,761.7,952.5,0,71.3,113.2,121.6,151.0,,,
20260908T055503Z_p4-chaos-recover,cockroachdb,chaos-recover,thesis,c518dc6a29d6bfb5d7d89439d9fad14b81b56649,2026-09-08T05:55:03.440674Z,2026-09-08T05:59:22.794824Z,2026-09-08T05:59:22.791530Z,3.0,76.345,100,1,update,209.9,223.0,0,184.5,251.7,260.0,260.0,,,
20260908T055503Z_p4-chaos-recover,cockroachdb,chaos-recover,thesis,c518dc6a29d6bfb5d7d89439d9fad14b81b56649,2026-09-08T05:55:03.440674Z,2026-09-08T05:59:22.794824Z,2026-09-08T05:59:22.791530Z,4.0,77.328,100,1,read,776.9,908.6,0,83.9,117.4,130.0,167.8,,,
20260908T055503Z_p4-chaos-recover,cockroachdb,chaos-recover,thesis,c518dc6a29d6bfb5d7d89439d9fad14b81b56649,2026-09-08T05:55:03.440674Z,2026-09-08T05:59:22.794824Z,2026-09-08T05:59:22.791530Z,4.0,77.328,100,1,update,188.0,214.2,0,209.7,268.4,285.2,302.0,,,
20260908T055503Z_p4-chaos-recover,cockroachdb,chaos-recover,thesis,c518dc6a29d6bfb5d7d89439d9fad14b81b56649,2026-09-08T05:55:03.440674Z,2026-09-08T05:59:22.794824Z,2026-09-08T05:59:22.791530Z,5.0,78.328,100,1,read,1042.5,935.4,0,56.6,71.3,79.7,88.1,,,
20260908T055503Z_p4-chaos-recover,cockroachdb,chaos-recover,thesis,c518dc6a29d6bfb5d7d89439d9fad14b81b56649,2026-09-08T05:55:03.440674Z,2026-09-08T05:59:22.794824Z,2026-09-08T05:59:22.791530Z,5.0,78.328,100,1,update,269.1,225.2,0,159.4,176.2,192.9,201.3,,,
20260908T055503Z_p4-chaos-recover,cockroachdb,chaos-recover,thesis,c518dc6a29d6bfb5d7d89439d9fad14b81b56649,2026-09-08T05:55:03.440674Z,2026-09-08T05:59:22.794824Z,2026-09-08T05:59:22.791530Z,6.0,79.329,100,1,read,846.2,920.5,0,62.9,109.1,134.2,159.4,,,
20260908T055503Z_p4-chaos-recover,cockroachdb,chaos-recover,thesis,c518dc6a29d6bfb5d7d89439d9fad14b81b56649,2026-09-08T05:55:03.440674Z,2026-09-08T05:59:22.794824Z,2026-09-08T05:59:22.791530Z,6.0,79.329,100,1,update,228.1,225.7,0,167.8,201.3,226.5,226.5,,,
20260908T055503Z_p4-chaos-recover,cockroachdb,chaos-recover,thesis,c518dc6a29d6bfb5d7d89439d9fad14b81b56649,2026-09-08T05:55:03.440674Z,2026-09-08T05:59:22.794824Z,2026-09-08T05:59:22.791530Z,7.0,80.34,100,1,read,965.1,926.9,0,54.5,104.9,113.2,142.6,,,
20260908T055503Z_p4-chaos-recover,cockroachdb,chaos-recover,thesis,c518dc6a29d6bfb5d7d89439d9fad14b81b56649,2026-09-08T05:55:03.440674Z,2026-09-08T05:59:22.794824Z,2026-09-08T05:59:22.791530Z,7.0,80.34,100,1,update,244.8,228.4,0,159.4,234.9,268.4,268.4,,,
20260908T055503Z_p4-chaos-recover,cockroachdb,chaos-recover,thesis,c518dc6a29d6bfb5d7d89439d9fad14b81b56649,2026-09-08T05:55:03.440674Z,2026-09-08T05:59:22.794824Z,2026-09-08T05:59:22.791530Z,8.0,81.327,100,1,read,995.8,935.5,0,54.5,62.9,65.0,71.3,,,
20260908T055503Z_p4-chaos-recover,cockroachdb,chaos-recover,thesis,c518dc6a29d6bfb5d7d89439d9fad14b81b56649,2026-09-08T05:55:03.440674Z,2026-09-08T05:59:22.794824Z,2026-09-08T05:59:22.791530Z,8.0,81.327,100,1,update,300.2,237.4,0,159.4,167.8,167.8,184.5,,,
20260908T055503Z_p4-chaos-recover,cockroachdb,chaos-recover,thesis,c518dc6a29d6bfb5d7d89439d9fad14b81b56649,2026-09-08T05:55:03.440674Z,2026-09-08T05:59:22.794824Z,2026-09-08T05:59:22.791530Z,9.0,82.329,100,1,read,1147.0,959.0,0,54.5,62.9,67.1,75.5,,,
20260908T055503Z_p4-chaos-recover,cockroachdb,chaos-recover,thesis,c518dc6a29d6bfb5d7d89439d9fad14b81b56649,2026-09-08T05:55:03.440674Z,2026-09-08T05:59:22.794824Z,2026-09-08T05:59:22.791530Z,9.0,82.329,100,1,update,246.8,238.4,0,159.4,167.8,176.2,176.2,,,
20260908T055503Z_p4-chaos-recover,cockroachdb,chaos-recover,thesis,c518dc6a29d6bfb5d7d89439d9fad14b81b56649,2026-09-08T05:55:03.440674Z,2026-09-08T05:59:22.794824Z,2026-09-08T05:59:22.791530Z,10.0,83.328,100,1,read,1032.9,966.4,0,54.5,62.9,67.1,75.5,,,
20260908T055503Z_p4-chaos-recover,cockroachdb,chaos-recover,thesis,c518dc6a29d6bfb5d7d89439d9fad14b81b56649,2026-09-08T05:55:03.440674Z,2026-09-08T05:59:22.794824Z,2026-09-08T05:59:22.791530Z,10.0,83.328,100,1,update,271.2,241.7,0,159.4,167.8,176.2,176.2,,,
20260908T055503Z_p4-chaos-recover,cockroachdb,chaos-recover,thesis,c518dc6a29d6bfb5d7d89439d9fad14b81b56649,2026-09-08T05:55:03.440674Z,2026-09-08T05:59:22.794824Z,2026-09-08T05:59:22.791530Z,11.0,84.329,100,1,read,912.2,961.4,0,56.6,79.7,100.7,117.4,,,
20260908T055503Z_p4-chaos-recover,cockroachdb,chaos-recover,thesis,c518dc6a29d6bfb5d7d89439d9fad14b81b56649,2026-09-08T05:55:03.440674Z,2026-09-08T05:59:22.794824Z,2026-09-08T05:59:22.791530Z,11.0,84.329,100,1,update,287.1,245.8,0,159.4,201.3,218.1,226.5,,,
20260908T055503Z_p4-chaos-recover,cockroachdb,chaos-recover,thesis,c518dc6a29d6bfb5d7d89439d9fad14b81b56649,2026-09-08T05:55:03.440674Z,2026-09-08T05:59:22.794824Z,2026-09-08T05:59:22.791530Z,12.0,85.329,100,1,read,1065.6,970.1,0,54.5,60.8,67.1,75.5,,,
20260908T055503Z_p4-chaos-recover,cockroachdb,chaos-recover,thesis,c518dc6a29d6bfb5d7d89439d9fad14b81b56649,2026-09-08T05:55:03.440674Z,2026-09-08T05:59:22.794824Z,2026-09-08T05:59:22.791530Z,12.0,85.329,100,1,update,277.9,248.5,0,159.4,167.8,167.8,176.2,,,
20260908T055503Z_p4-chaos-recover,cockroachdb,chaos-recover,thesis,c518dc6a29d6bfb5d7d89439d9fad14b81b56649,2026-09-08T05:55:03.440674Z,2026-09-08T05:59:22.794824Z,2026-09-08T05:59:22.791530Z,13.0,86.329,100,1,read,979.2,970.8,0,58.7,79.7,88.1,96.5,,,
20260908T055503Z_p4-chaos-recover,cockroachdb,chaos-recover,thesis,c518dc6a29d6bfb5d7d89439d9fad14b81b56649,2026-09-08T05:55:03.440674Z,2026-09-08T05:59:22.794824Z,2026-09-08T05:59:22.791530Z,13.0,86.329,100,1,update,241.0,247.9,0,167.8,184.5,192.9,201.3,,,
20260908T055503Z_p4-chaos-recover,cockroachdb,chaos-recover,thesis,c518dc6a29d6bfb5d7d89439d9fad14b81b56649,2026-09-08T05:55:03.440674Z,2026-09-08T05:59:22.794824Z,2026-09-08T05:59:22.791530Z,14.0,87.328,100,1,read,962.2,970.2,0,60.8,79.7,92.3,104.9,,,
20260908T055503Z_p4-chaos-recover,cockroachdb,chaos-recover,thesis,c518dc6a29d6bfb5d7d89439d9fad14b81b56649,2026-09-08T05:55:03.440674Z,2026-09-08T05:59:22.794824Z,2026-09-08T05:59:22.791530Z,14.0,87.328,100,1,update,241.0,247.4,0,167.8,201.3,226.5,226.5,,,
20260908T055503Z_p4-chaos-recover,cockroachdb,chaos-recover,thesis,c518dc6a29d6bfb5d7d89439d9fad14b81b56649,2026-09-08T05:55:03.440674Z,2026-09-08T05:59:22.794824Z,2026-09-08T05:59:22.791530Z,15.0,88.329,100,1,read,1059.3,976.1,0,56.6,71.3,75.5,100.7,,,
20260908T055503Z_p4-chaos-recover,cockroachdb,chaos-recover,thesis,c518dc6a29d6bfb5d7d89439d9fad14b81b56649,2026-09-08T05:55:03.440674Z,2026-09-08T05:59:22.794824Z,2026-09-08T05:59:22.791530Z,15.0,88.329,100,1,update,242.8,247.1,0,167.8,184.5,201.3,201.3,,,
20260908T055503Z_p4-chaos-recover,cockroachdb,chaos-recover,thesis,c518dc6a29d6bfb5d7d89439d9fad14b81b56649,2026-09-08T05:55:03.440674Z,2026-09-08T05:59:22.794824Z,2026-09-08T05:59:22.791530Z,16.0,89.328,100,1,read,1043.7,980.4,0,58.7,71.3,75.5,79.7,,,
20260908T055503Z_p4-chaos-recover,cockroachdb,chaos-recover,thesis,c518dc6a29d6bfb5d7d89439d9fad14b81b56649,2026-09-08T05:55:03.440674Z,2026-09-08T05:59:22.794824Z,2026-09-08T05:59:22.791530Z,16.0,89.328,100,1,update,242.9,246.9,0,167.8,176.2,184.5,192.9,,,
20260908T055503Z_p4-chaos-recover,cockroachdb,chaos-recover,thesis,c518dc6a29d6bfb5d7d89439d9fad14b81b56649,2026-09-08T05:55:03.440674Z,2026-09-08T05:59:22.794824Z,2026-09-08T05:59:22.791530Z,17.0,90.328,100,1,read,999.8,981.5,0,60.8,75.5,83.9,88.1,,,
20260908T055503Z_p4-chaos-recover,cockroachdb,chaos-recover,thesis,c518dc6a29d6bfb5d7d89439d9fad14b81b56649,2026-09-08T05:55:03.440674Z,2026-09-08T05:59:22.794824Z,2026-09-08T05:59:22.791530Z,17.0,90.328,100,1,update,234.2,246.1,0,167.8,184.5,201.3,201.3,,,
20260908T055503Z_p4-chaos-recover,cockroachdb,chaos-recover,thesis,c518dc6a29d6bfb5d7d89439d9fad14b81b56649,2026-09-08T05:55:03.440674Z,2026-09-08T05:59:22.794824Z,2026-09-08T05:59:22.791530Z,18.0,91.329,100,1,read,993.5,982.2,0,58.7,71.3,79.7,88.1,,,
20260908T055503Z_p4-chaos-recover,cockroachdb,chaos-recover,thesis,c518dc6a29d6bfb5d7d89439d9fad14b81b56649,2026-09-08T05:55:03.440674Z,2026-09-08T05:59:22.794824Z,2026-09-08T05:59:22.791530Z,18.0,91.329,100,1,update,262.9,247.0,0,167.8,176.2,192.9,201.3,,,
20260908T055503Z_p4-chaos-recover,cockroachdb,chaos-recover,thesis,c518dc6a29d6bfb5d7d89439d9fad14b81b56649,2026-09-08T05:55:03.440674Z,2026-09-08T05:59:22.794824Z,2026-09-08T05:59:22.791530Z,19.0,92.329,100,1,read,1074.3,987.0,0,54.5,65.0,71.3,79.7,,,
20260908T055503Z_p4-chaos-recover,cockroachdb,chaos-recover,thesis,c518dc6a29d6bfb5d7d89439d9fad14b81b56649,2026-09-08T05:55:03.440674Z,2026-09-08T05:59:22.794824Z,2026-09-08T05:59:22.791530Z,19.0,92.329,100,1,update,258.1,247.6,0,159.4,176.2,176.2,176.2,,,
20260908T055503Z_p4-chaos-recover,cockroachdb,chaos-recover,thesis,c518dc6a29d6bfb5d7d89439d9fad14b81b56649,2026-09-08T05:55:03.440674Z,2026-09-08T05:59:22.794824Z,2026-09-08T05:59:22.791530Z,20.0,93.335,100,1,read,1077.7,991.6,0,54.5,62.9,65.0,92.3,,,
20260908T055503Z_p4-chaos-recover,cockroachdb,chaos-recover,thesis,c518dc6a29d6bfb5d7d89439d9fad14b81b56649,2026-09-08T05:55:03.440674Z,2026-09-08T05:59:22.794824Z,2026-09-08T05:59:22.791530Z,20.0,93.335,100,1,update,268.9,248.7,0,159.4,167.8,167.8,176.2,,,
20260908T055503Z_p4-chaos-recover,cockroachdb,chaos-recover,thesis,c518dc6a29d6bfb5d7d89439d9fad14b81b56649,2026-09-08T05:55:03.440674Z,2026-09-08T05:59:22.794824Z,2026-09-08T05:59:22.791530Z,21.0,94.329,100,1,read,991.5,991.6,0,56.6,67.1,75.5,83.9,,,
20260908T055503Z_p4-chaos-recover,cockroachdb,chaos-recover,thesis,c518dc6a29d6bfb5d7d89439d9fad14b81b56649,2026-09-08T05:55:03.440674Z,2026-09-08T05:59:22.794824Z,2026-09-08T05:59:22.791530Z,21.0,94.329,100,1,update,271.1,249.8,0,159.4,176.2,184.5,192.9,,,
20260908T055503Z_p4-chaos-recover,cockroachdb,chaos-recover,thesis,c518dc6a29d6bfb5d7d89439d9fad14b81b56649,2026-09-08T05:55:03.440674Z,2026-09-08T05:59:22.794824Z,2026-09-08T05:59:22.791530Z,22.0,95.327,100,1,read,1050.1,994.2,0,56.6,62.9,67.1,71.3,,,
20260908T055503Z_p4-chaos-recover,cockroachdb,chaos-recover,thesis,c518dc6a29d6bfb5d7d89439d9fad14b81b56649,2026-09-08T05:55:03.440674Z,2026-09-08T05:59:22.794824Z,2026-09-08T05:59:22.791530Z,22.0,95.327,100,1,update,271.0,250.7,0,159.4,167.8,167.8,176.2,,,
20260908T055503Z_p4-chaos-recover,cockroachdb,chaos-recover,thesis,c518dc6a29d6bfb5d7d89439d9fad14b81b56649,2026-09-08T05:55:03.440674Z,2026-09-08T05:59:22.794824Z,2026-09-08T05:59:22.791530Z,23.0,96.329,100,1,read,896.7,990.0,0,56.6,79.7,92.3,104.9,,,
20260908T055503Z_p4-chaos-recover,cockroachdb,chaos-recover,thesis,c518dc6a29d6bfb5d7d89439d9fad14b81b56649,2026-09-08T05:55:03.440674Z,2026-09-08T05:59:22.794824Z,2026-09-08T05:59:22.791530Z,23.0,96.329,100,1,update,264.9,251.3,0,167.8,184.5,192.9,201.3,,,
20260908T055503Z_p4-chaos-recover,cockroachdb,chaos-recover,thesis,c518dc6a29d6bfb5d7d89439d9fad14b81b56649,2026-09-08T05:55:03.440674Z,2026-09-08T05:59:22.794824Z,2026-09-08T05:59:22.791530Z,24.0,97.328,100,1,read,868.9,984.9,0,62.9,134.2,159.4,184.5,,,
20260908T055503Z_p4-chaos-recover,cockroachdb,chaos-recover,thesis,c518dc6a29d6bfb5d7d89439d9fad14b81b56649,2026-09-08T05:55:03.440674Z,2026-09-08T05:59:22.794824Z,2026-09-08T05:59:22.791530Z,24.0,97.328,100,1,update,221.0,250.1,0,176.2,268.4,285.2,302.0,,,
20260908T055503Z_p4-chaos-recover,cockroachdb,chaos-recover,thesis,c518dc6a29d6bfb5d7d89439d9fad14b81b56649,2026-09-08T05:55:03.440674Z,2026-09-08T05:59:22.794824Z,2026-09-08T05:59:22.791530Z,25.0,98.329,100,1,read,1041.3,987.2,0,58.7,71.3,75.5,79.7,,,
20260908T055503Z_p4-chaos-recover,cockroachdb,chaos-recover,thesis,c518dc6a29d6bfb5d7d89439d9fad14b81b56649,2026-09-08T05:55:03.440674Z,2026-09-08T05:59:22.794824Z,2026-09-08T05:59:22.791530Z,25.0,98.329,100,1,update,249.1,250.0,0,159.4,176.2,184.5,184.5,,,
20260908T055503Z_p4-chaos-recover,cockroachdb,chaos-recover,thesis,c518dc6a29d6bfb5d7d89439d9fad14b81b56649,2026-09-08T05:55:03.440674Z,2026-09-08T05:59:22.794824Z,2026-09-08T05:59:22.791530Z,26.0,99.328,100,1,read,1018.1,988.4,0,58.7,75.5,83.9,92.3,,,
20260908T055503Z_p4-chaos-recover,cockroachdb,chaos-recover,thesis,c518dc6a29d6bfb5d7d89439d9fad14b81b56649,2026-09-08T05:55:03.440674Z,2026-09-08T05:59:22.794824Z,2026-09-08T05:59:22.791530Z,26.0,99.328,100,1,update,239.0,249.6,0,167.8,184.5,192.9,201.3,,,
20260908T055503Z_p4-chaos-recover,cockroachdb,chaos-recover,thesis,c518dc6a29d6bfb5d7d89439d9fad14b81b56649,2026-09-08T05:55:03.440674Z,2026-09-08T05:59:22.794824Z,2026-09-08T05:59:22.791530Z,27.0,100.328,100,1,read,1033.9,990.1,0,56.6,65.0,71.3,151.0,,,
20260908T055503Z_p4-chaos-recover,cockroachdb,chaos-recover,thesis,c518dc6a29d6bfb5d7d89439d9fad14b81b56649,2026-09-08T05:55:03.440674Z,2026-09-08T05:59:22.794824Z,2026-09-08T05:59:22.791530Z,27.0,100.328,100,1,update,268.0,250.3,0,159.4,176.2,176.2,184.5,,,
20260908T055503Z_p4-chaos-recover,cockroachdb,chaos-recover,thesis,c518dc6a29d6bfb5d7d89439d9fad14b81b56649,2026-09-08T05:55:03.440674Z,2026-09-08T05:59:22.794824Z,2026-09-08T05:59:22.791530Z,28.0,101.329,100,1,read,1052.1,992.3,0,54.5,65.0,71.3,117.4,,,
20260908T055503Z_p4-chaos-recover,cockroachdb,chaos-recover,thesis,c518dc6a29d6bfb5d7d89439d9fad14b81b56649,2026-09-08T05:55:03.440674Z,2026-09-08T05:59:22.794824Z,2026-09-08T05:59:22.791530Z,28.0,101.329,100,1,update,261.8,250.7,0,159.4,176.2,184.5,184.5,,,
20260908T055503Z_p4-chaos-recover,cockroachdb,chaos-recover,thesis,c518dc6a29d6bfb5d7d89439d9fad14b81b56649,2026-09-08T05:55:03.440674Z,2026-09-08T05:59:22.794824Z,2026-09-08T05:59:22.791530Z,29.0,102.329,100,1,read,1104.9,996.2,0,54.5,62.9,65.0,75.5,,,
20260908T055503Z_p4-chaos-recover,cockroachdb,chaos-recover,thesis,c518dc6a29d6bfb5d7d89439d9fad14b81b56649,2026-09-08T05:55:03.440674Z,2026-09-08T05:59:22.794824Z,2026-09-08T05:59:22.791530Z,29.0,102.329,100,1,update,257.2,250.9,0,159.4,167.8,176.2,176.2,,,
20260908T055503Z_p4-chaos-recover,cockroachdb,chaos-recover,thesis,c518dc6a29d6bfb5d7d89439d9fad14b81b56649,2026-09-08T05:55:03.440674Z,2026-09-08T05:59:22.794824Z,2026-09-08T05:59:22.791530Z,30.0,103.329,100,1,read,1101.8,999.7,0,54.5,67.1,75.5,79.7,,,
20260908T055503Z_p4-chaos-recover,cockroachdb,chaos-recover,thesis,c518dc6a29d6bfb5d7d89439d9fad14b81b56649,2026-09-08T05:55:03.440674Z,2026-09-08T05:59:22.794824Z,2026-09-08T05:59:22.791530Z,30.0,103.329,100,1,update,238.0,250.5,0,159.4,176.2,176.2,184.5,,,
20260908T055503Z_p4-chaos-recover,cockroachdb,chaos-recover,thesis,c518dc6a29d6bfb5d7d89439d9fad14b81b56649,2026-09-08T05:55:03.440674Z,2026-09-08T05:59:22.794824Z,2026-09-08T05:59:22.791530Z,31.0,104.33,100,1,read,1046.5,1001.2,0,56.6,71.3,75.5,92.3,,,
20260908T055503Z_p4-chaos-recover,cockroachdb,chaos-recover,thesis,c518dc6a29d6bfb5d7d89439d9fad14b81b56649,2026-09-08T05:55:03.440674Z,2026-09-08T05:59:22.794824Z,2026-09-08T05:59:22.791530Z,31.0,104.33,100,1,update,254.1,250.6,0,159.4,176.2,192.9,192.9,,,
20260908T055503Z_p4-chaos-recover,cockroachdb,chaos-recover,thesis,c518dc6a29d6bfb5d7d89439d9fad14b81b56649,2026-09-08T05:55:03.440674Z,2026-09-08T05:59:22.794824Z,2026-09-08T05:59:22.791530Z,32.0,105.329,100,1,read,1061.9,1003.1,0,54.5,60.8,65.0,71.3,,,
20260908T055503Z_p4-chaos-recover,cockroachdb,chaos-recover,thesis,c518dc6a29d6bfb5d7d89439d9fad14b81b56649,2026-09-08T05:55:03.440674Z,2026-09-08T05:59:22.794824Z,2026-09-08T05:59:22.791530Z,32.0,105.329,100,1,update,273.0,251.3,0,159.4,167.8,167.8,176.2,,,
20260908T055503Z_p4-chaos-recover,cockroachdb,chaos-recover,thesis,c518dc6a29d6bfb5d7d89439d9fad14b81b56649,2026-09-08T05:55:03.440674Z,2026-09-08T05:59:22.794824Z,2026-09-08T05:59:22.791530Z,33.0,106.328,100,1,read,985.9,1002.6,0,56.6,71.3,75.5,167.8,,,
20260908T055503Z_p4-chaos-recover,cockroachdb,chaos-recover,thesis,c518dc6a29d6bfb5d7d89439d9fad14b81b56649,2026-09-08T05:55:03.440674Z,2026-09-08T05:59:22.794824Z,2026-09-08T05:59:22.791530Z,33.0,106.328,100,1,update,267.0,251.8,0,159.4,176.2,184.5,192.9,,,
20260908T055503Z_p4-chaos-recover,cockroachdb,chaos-recover,thesis,c518dc6a29d6bfb5d7d89439d9fad14b81b56649,2026-09-08T05:55:03.440674Z,2026-09-08T05:59:22.794824Z,2026-09-08T05:59:22.791530Z,34.0,107.328,100,1,read,1043.5,1003.8,0,56.6,71.3,88.1,104.9,,,
20260908T055503Z_p4-chaos-recover,cockroachdb,chaos-recover,thesis,c518dc6a29d6bfb5d7d89439d9fad14b81b56649,2026-09-08T05:55:03.440674Z,2026-09-08T05:59:22.794824Z,2026-09-08T05:59:22.791530Z,34.0,107.328,100,1,update,251.9,251.8,0,159.4,192.9,209.7,209.7,,,
20260908T055503Z_p4-chaos-recover,cockroachdb,chaos-recover,thesis,c518dc6a29d6bfb5d7d89439d9fad14b81b56649,2026-09-08T05:55:03.440674Z,2026-09-08T05:59:22.794824Z,2026-09-08T05:59:22.791530Z,35.0,108.341,100,1,read,968.2,1002.8,0,56.6,71.3,79.7,167.8,,,
20260908T055503Z_p4-chaos-recover,cockroachdb,chaos-recover,thesis,c518dc6a29d6bfb5d7d89439d9fad14b81b56649,2026-09-08T05:55:03.440674Z,2026-09-08T05:59:22.794824Z,2026-09-08T05:59:22.791530Z,35.0,108.341,100,1,update,286.1,252.8,0,159.4,176.2,184.5,192.9,,,
20260908T055503Z_p4-chaos-recover,cockroachdb,chaos-recover,thesis,c518dc6a29d6bfb5d7d89439d9fad14b81b56649,2026-09-08T05:55:03.440674Z,2026-09-08T05:59:22.794824Z,2026-09-08T05:59:22.791530Z,36.0,109.329,100,1,read,988.8,1002.4,0,56.6,67.1,71.3,79.7,,,
20260908T055503Z_p4-chaos-recover,cockroachdb,chaos-recover,thesis,c518dc6a29d6bfb5d7d89439d9fad14b81b56649,2026-09-08T05:55:03.440674Z,2026-09-08T05:59:22.794824Z,2026-09-08T05:59:22.791530Z,36.0,109.329,100,1,update,278.9,253.5,0,159.4,167.8,176.2,176.2,,,
20260908T055503Z_p4-chaos-recover,cockroachdb,chaos-recover,thesis,c518dc6a29d6bfb5d7d89439d9fad14b81b56649,2026-09-08T05:55:03.440674Z,2026-09-08T05:59:22.794824Z,2026-09-08T05:59:22.791530Z,37.0,110.33,100,1,read,1013.9,1002.7,0,56.6,71.3,75.5,79.7,,,
20260908T055503Z_p4-chaos-recover,cockroachdb,chaos-recover,thesis,c518dc6a29d6bfb5d7d89439d9fad14b81b56649,2026-09-08T05:55:03.440674Z,2026-09-08T05:59:22.794824Z,2026-09-08T05:59:22.791530Z,37.0,110.33,100,1,update,262.0,253.7,0,159.4,176.2,176.2,184.5,,,
20260908T055503Z_p4-chaos-recover,cockroachdb,chaos-recover,thesis,c518dc6a29d6bfb5d7d89439d9fad14b81b56649,2026-09-08T05:55:03.440674Z,2026-09-08T05:59:22.794824Z,2026-09-08T05:59:22.791530Z,38.0,111.329,100,1,read,1043.4,1003.8,0,56.6,65.0,71.3,79.7,,,
20260908T055503Z_p4-chaos-recover,cockroachdb,chaos-recover,thesis,c518dc6a29d6bfb5d7d89439d9fad14b81b56649,2026-09-08T05:55:03.440674Z,2026-09-08T05:59:22.794824Z,2026-09-08T05:59:22.791530Z,38.0,111.329,100,1,update,264.1,254.0,0,159.4,176.2,176.2,192.9,,,
20260908T055503Z_p4-chaos-recover,cockroachdb,chaos-recover,thesis,c518dc6a29d6bfb5d7d89439d9fad14b81b56649,2026-09-08T05:55:03.440674Z,2026-09-08T05:59:22.794824Z,2026-09-08T05:59:22.791530Z,39.0,112.329,100,1,read,1038.3,1004.6,0,56.6,65.0,71.3,75.5,,,
20260908T055503Z_p4-chaos-recover,cockroachdb,chaos-recover,thesis,c518dc6a29d6bfb5d7d89439d9fad14b81b56649,2026-09-08T05:55:03.440674Z,2026-09-08T05:59:22.794824Z,2026-09-08T05:59:22.791530Z,39.0,112.329,100,1,update,271.8,254.5,0,159.4,176.2,176.2,184.5,,,
20260908T055503Z_p4-chaos-recover,cockroachdb,chaos-recover,thesis,c518dc6a29d6bfb5d7d89439d9fad14b81b56649,2026-09-08T05:55:03.440674Z,2026-09-08T05:59:22.794824Z,2026-09-08T05:59:22.791530Z,40.0,113.329,100,1,read,1082.4,1006.6,0,54.5,60.8,62.9,151.0,,,
20260908T055503Z_p4-chaos-recover,cockroachdb,chaos-recover,thesis,c518dc6a29d6bfb5d7d89439d9fad14b81b56649,2026-09-08T05:55:03.440674Z,2026-09-08T05:59:22.794824Z,2026-09-08T05:59:22.791530Z,40.0,113.329,100,1,update,269.1,254.8,0,159.4,167.8,167.8,176.2,,,
20260908T055503Z_p4-chaos-recover,cockroachdb,chaos-recover,thesis,c518dc6a29d6bfb5d7d89439d9fad14b81b56649,2026-09-08T05:55:03.440674Z,2026-09-08T05:59:22.794824Z,2026-09-08T05:59:22.791530Z,41.0,114.329,100,1,read,985.2,1006.1,0,56.6,75.5,83.9,92.3,,,
20260908T055503Z_p4-chaos-recover,cockroachdb,chaos-recover,thesis,c518dc6a29d6bfb5d7d89439d9fad14b81b56649,2026-09-08T05:55:03.440674Z,2026-09-08T05:59:22.794824Z,2026-09-08T05:59:22.791530Z,41.0,114.329,100,1,update,263.1,255.0,0,159.4,184.5,192.9,201.3,,,
20260908T055503Z_p4-chaos-recover,cockroachdb,chaos-recover,thesis,c518dc6a29d6bfb5d7d89439d9fad14b81b56649,2026-09-08T05:55:03.440674Z,2026-09-08T05:59:22.794824Z,2026-09-08T05:59:22.791530Z,42.0,115.328,100,1,read,945.1,1004.6,0,58.7,88.1,104.9,113.2,,,
20260908T055503Z_p4-chaos-recover,cockroachdb,chaos-recover,thesis,c518dc6a29d6bfb5d7d89439d9fad14b81b56649,2026-09-08T05:55:03.440674Z,2026-09-08T05:59:22.794824Z,2026-09-08T05:59:22.791530Z,42.0,115.328,100,1,update,250.0,254.9,0,159.4,234.9,260.0,268.4,,,
20260908T055503Z_p4-chaos-recover,cockroachdb,chaos-recover,thesis,c518dc6a29d6bfb5d7d89439d9fad14b81b56649,2026-09-08T05:55:03.440674Z,2026-09-08T05:59:22.794824Z,2026-09-08T05:59:22.791530Z,43.0,116.329,100,1,read,887.6,1001.9,0,67.1,92.3,104.9,117.4,,,
20260908T055503Z_p4-chaos-recover,cockroachdb,chaos-recover,thesis,c518dc6a29d6bfb5d7d89439d9fad14b81b56649,2026-09-08T05:55:03.440674Z,2026-09-08T05:59:22.794824Z,2026-09-08T05:59:22.791530Z,43.0,116.329,100,1,update,218.9,254.1,0,184.5,234.9,243.3,251.7,,,
20260908T055503Z_p4-chaos-recover,cockroachdb,chaos-recover,thesis,c518dc6a29d6bfb5d7d89439d9fad14b81b56649,2026-09-08T05:55:03.440674Z,2026-09-08T05:59:22.794824Z,2026-09-08T05:59:22.791530Z,44.0,117.329,100,1,read,1064.4,1003.3,0,56.6,71.3,83.9,88.1,,,
20260908T055503Z_p4-chaos-recover,cockroachdb,chaos-recover,thesis,c518dc6a29d6bfb5d7d89439d9fad14b81b56649,2026-09-08T05:55:03.440674Z,2026-09-08T05:59:22.794824Z,2026-09-08T05:59:22.791530Z,44.0,117.329,100,1,update,255.1,254.1,0,159.4,184.5,192.9,201.3,,,
20260908T055503Z_p4-chaos-recover,cockroachdb,chaos-recover,thesis,c518dc6a29d6bfb5d7d89439d9fad14b81b56649,2026-09-08T05:55:03.440674Z,2026-09-08T05:59:22.794824Z,2026-09-08T05:59:22.791530Z,45.0,118.328,100,1,read,1076.2,1004.9,0,56.6,62.9,67.1,71.3,,,
20260908T055503Z_p4-chaos-recover,cockroachdb,chaos-recover,thesis,c518dc6a29d6bfb5d7d89439d9fad14b81b56649,2026-09-08T05:55:03.440674Z,2026-09-08T05:59:22.794824Z,2026-09-08T05:59:22.791530Z,45.0,118.328,100,1,update,257.8,254.2,0,159.4,167.8,176.2,184.5,,,
20260908T055503Z_p4-chaos-recover,cockroachdb,chaos-recover,thesis,c518dc6a29d6bfb5d7d89439d9fad14b81b56649,2026-09-08T05:55:03.440674Z,2026-09-08T05:59:22.794824Z,2026-09-08T05:59:22.791530Z,46.0,119.329,100,1,read,1011.7,1005.1,0,56.6,71.3,79.7,83.9,,,
20260908T055503Z_p4-chaos-recover,cockroachdb,chaos-recover,thesis,c518dc6a29d6bfb5d7d89439d9fad14b81b56649,2026-09-08T05:55:03.440674Z,2026-09-08T05:59:22.794824Z,2026-09-08T05:59:22.791530Z,46.0,119.329,100,1,update,270.2,254.5,0,159.4,176.2,184.5,184.5,,,
20260908T055503Z_p4-chaos-recover,cockroachdb,chaos-recover,thesis,c518dc6a29d6bfb5d7d89439d9fad14b81b56649,2026-09-08T05:55:03.440674Z,2026-09-08T05:59:22.794824Z,2026-09-08T05:59:22.791530Z,47.0,120.328,100,1,read,1088.0,1006.8,0,56.6,62.9,67.1,75.5,,,
20260908T055503Z_p4-chaos-recover,cockroachdb,chaos-recover,thesis,c518dc6a29d6bfb5d7d89439d9fad14b81b56649,2026-09-08T05:55:03.440674Z,2026-09-08T05:59:22.794824Z,2026-09-08T05:59:22.791530Z,47.0,120.328,100,1,update,250.0,254.4,0,159.4,167.8,176.2,176.2,,,
20260908T055503Z_p4-chaos-recover,cockroachdb,chaos-recover,thesis,c518dc6a29d6bfb5d7d89439d9fad14b81b56649,2026-09-08T05:55:03.440674Z,2026-09-08T05:59:22.794824Z,2026-09-08T05:59:22.791530Z,48.0,121.328,100,1,read,1063.1,1008.0,0,54.5,62.9,67.1,75.5,,,
20260908T055503Z_p4-chaos-recover,cockroachdb,chaos-recover,thesis,c518dc6a29d6bfb5d7d89439d9fad14b81b56649,2026-09-08T05:55:03.440674Z,2026-09-08T05:59:22.794824Z,2026-09-08T05:59:22.791530Z,48.0,121.328,100,1,update,268.0,254.7,0,159.4,167.8,176.2,184.5,,,
20260908T055503Z_p4-chaos-recover,cockroachdb,chaos-recover,thesis,c518dc6a29d6bfb5d7d89439d9fad14b81b56649,2026-09-08T05:55:03.440674Z,2026-09-08T05:59:22.794824Z,2026-09-08T05:59:22.791530Z,49.0,122.33,100,1,read,1006.1,1008.0,0,54.5,62.9,67.1,71.3,,,
20260908T055503Z_p4-chaos-recover,cockroachdb,chaos-recover,thesis,c518dc6a29d6bfb5d7d89439d9fad14b81b56649,2026-09-08T05:55:03.440674Z,2026-09-08T05:59:22.794824Z,2026-09-08T05:59:22.791530Z,49.0,122.33,100,1,update,278.0,255.2,0,159.4,167.8,176.2,176.2,,,
20260908T055503Z_p4-chaos-recover,cockroachdb,chaos-recover,thesis,c518dc6a29d6bfb5d7d89439d9fad14b81b56649,2026-09-08T05:55:03.440674Z,2026-09-08T05:59:22.794824Z,2026-09-08T05:59:22.791530Z,50.0,123.328,100,1,read,1087.1,1009.6,0,54.5,60.8,67.1,96.5,,,
20260908T055503Z_p4-chaos-recover,cockroachdb,chaos-recover,thesis,c518dc6a29d6bfb5d7d89439d9fad14b81b56649,2026-09-08T05:55:03.440674Z,2026-09-08T05:59:22.794824Z,2026-09-08T05:59:22.791530Z,50.0,123.328,100,1,update,276.8,255.6,0,159.4,167.8,167.8,176.2,,,
20260908T055503Z_p4-chaos-recover,cockroachdb,chaos-recover,thesis,c518dc6a29d6bfb5d7d89439d9fad14b81b56649,2026-09-08T05:55:03.440674Z,2026-09-08T05:59:22.794824Z,2026-09-08T05:59:22.791530Z,51.0,124.329,100,1,read,1029.9,1010.0,0,54.5,62.9,71.3,75.5,,,
20260908T055503Z_p4-chaos-recover,cockroachdb,chaos-recover,thesis,c518dc6a29d6bfb5d7d89439d9fad14b81b56649,2026-09-08T05:55:03.440674Z,2026-09-08T05:59:22.794824Z,2026-09-08T05:59:22.791530Z,51.0,124.329,100,1,update,286.2,256.2,0,159.4,176.2,201.3,201.3,,,
20260908T055503Z_p4-chaos-recover,cockroachdb,chaos-recover,thesis,c518dc6a29d6bfb5d7d89439d9fad14b81b56649,2026-09-08T05:55:03.440674Z,2026-09-08T05:59:22.794824Z,2026-09-08T05:59:22.791530Z,52.0,125.33,100,1,read,1079.1,1011.3,0,54.5,60.8,65.0,71.3,,,
20260908T055503Z_p4-chaos-recover,cockroachdb,chaos-recover,thesis,c518dc6a29d6bfb5d7d89439d9fad14b81b56649,2026-09-08T05:55:03.440674Z,2026-09-08T05:59:22.794824Z,2026-09-08T05:59:22.791530Z,52.0,125.33,100,1,update,255.8,256.2,0,159.4,167.8,176.2,184.5,,,
20260908T055503Z_p4-chaos-recover,cockroachdb,chaos-recover,thesis,c518dc6a29d6bfb5d7d89439d9fad14b81b56649,2026-09-08T05:55:03.440674Z,2026-09-08T05:59:22.794824Z,2026-09-08T05:59:22.791530Z,53.0,126.331,100,1,read,1059.7,1012.2,0,56.6,62.9,71.3,75.5,,,
20260908T055503Z_p4-chaos-recover,cockroachdb,chaos-recover,thesis,c518dc6a29d6bfb5d7d89439d9fad14b81b56649,2026-09-08T05:55:03.440674Z,2026-09-08T05:59:22.794824Z,2026-09-08T05:59:22.791530Z,53.0,126.331,100,1,update,259.9,256.3,0,159.4,167.8,176.2,184.5,,,
20260908T055503Z_p4-chaos-recover,cockroachdb,chaos-recover,thesis,c518dc6a29d6bfb5d7d89439d9fad14b81b56649,2026-09-08T05:55:03.440674Z,2026-09-08T05:59:22.794824Z,2026-09-08T05:59:22.791530Z,54.0,127.33,100,1,read,1087.3,1013.6,0,56.6,65.0,71.3,100.7,,,
20260908T055503Z_p4-chaos-recover,cockroachdb,chaos-recover,thesis,c518dc6a29d6bfb5d7d89439d9fad14b81b56649,2026-09-08T05:55:03.440674Z,2026-09-08T05:59:22.794824Z,2026-09-08T05:59:22.791530Z,54.0,127.33,100,1,update,254.1,256.2,0,159.4,176.2,184.5,192.9,,,
20260908T055503Z_p4-chaos-recover,cockroachdb,chaos-recover,thesis,c518dc6a29d6bfb5d7d89439d9fad14b81b56649,2026-09-08T05:55:03.440674Z,2026-09-08T05:59:22.794824Z,2026-09-08T05:59:22.791530Z,55.0,128.329,100,1,read,1027.8,1013.9,0,56.6,67.1,71.3,83.9,,,
20260908T055503Z_p4-chaos-recover,cockroachdb,chaos-recover,thesis,c518dc6a29d6bfb5d7d89439d9fad14b81b56649,2026-09-08T05:55:03.440674Z,2026-09-08T05:59:22.794824Z,2026-09-08T05:59:22.791530Z,55.0,128.329,100,1,update,258.2,256.3,0,167.8,176.2,184.5,184.5,,,
20260908T055503Z_p4-chaos-recover,cockroachdb,chaos-recover,thesis,c518dc6a29d6bfb5d7d89439d9fad14b81b56649,2026-09-08T05:55:03.440674Z,2026-09-08T05:59:22.794824Z,2026-09-08T05:59:22.791530Z,56.0,129.329,100,1,read,846.2,1010.9,0,52.4,60.8,65.0,67.1,,,
20260908T055503Z_p4-chaos-recover,cockroachdb,chaos-recover,thesis,c518dc6a29d6bfb5d7d89439d9fad14b81b56649,2026-09-08T05:55:03.440674Z,2026-09-08T05:59:22.794824Z,2026-09-08T05:59:22.791530Z,56.0,129.329,100,1,update,195.8,255.2,0,302.0,318.8,318.8,318.8,,,
20260908T055503Z_p4-chaos-recover,cockroachdb,chaos-recover,thesis,c518dc6a29d6bfb5d7d89439d9fad14b81b56649,2026-09-08T05:55:03.440674Z,2026-09-08T05:59:22.794824Z,2026-09-08T05:59:22.791530Z,57.0,130.33,100,1,read,999.8,1010.7,0,54.5,62.9,71.3,79.7,,,
20260908T055503Z_p4-chaos-recover,cockroachdb,chaos-recover,thesis,c518dc6a29d6bfb5d7d89439d9fad14b81b56649,2026-09-08T05:55:03.440674Z,2026-09-08T05:59:22.794824Z,2026-09-08T05:59:22.791530Z,57.0,130.33,100,1,update,304.2,256.1,0,159.4,268.4,302.0,302.0,,,
20260908T055503Z_p4-chaos-recover,cockroachdb,chaos-recover,thesis,c518dc6a29d6bfb5d7d89439d9fad14b81b56649,2026-09-08T05:55:03.440674Z,2026-09-08T05:59:22.794824Z,2026-09-08T05:59:22.791530Z,58.0,131.328,100,1,read,1023.9,1010.9,0,56.6,79.7,92.3,151.0,,,
20260908T055503Z_p4-chaos-recover,cockroachdb,chaos-recover,thesis,c518dc6a29d6bfb5d7d89439d9fad14b81b56649,2026-09-08T05:55:03.440674Z,2026-09-08T05:59:22.794824Z,2026-09-08T05:59:22.791530Z,58.0,131.328,100,1,update,238.0,255.7,0,159.4,201.3,209.7,226.5,,,
20260908T055503Z_p4-chaos-recover,cockroachdb,chaos-recover,thesis,c518dc6a29d6bfb5d7d89439d9fad14b81b56649,2026-09-08T05:55:03.440674Z,2026-09-08T05:59:22.794824Z,2026-09-08T05:59:22.791530Z,59.0,132.33,100,1,read,745.9,1006.4,0,83.9,113.2,117.4,125.8,,,
20260908T055503Z_p4-chaos-recover,cockroachdb,chaos-recover,thesis,c518dc6a29d6bfb5d7d89439d9fad14b81b56649,2026-09-08T05:55:03.440674Z,2026-09-08T05:59:22.794824Z,2026-09-08T05:59:22.791530Z,59.0,132.33,100,1,update,169.0,254.3,0,209.7,243.3,285.2,285.2,,,
20260908T055503Z_p4-chaos-recover,cockroachdb,chaos-recover,thesis,c518dc6a29d6bfb5d7d89439d9fad14b81b56649,2026-09-08T05:55:03.440674Z,2026-09-08T05:59:22.794824Z,2026-09-08T05:59:22.791530Z,60.0,133.329,100,1,read,927.6,1005.1,0,60.8,113.2,121.6,130.0,,,
20260908T055503Z_p4-chaos-recover,cockroachdb,chaos-recover,thesis,c518dc6a29d6bfb5d7d89439d9fad14b81b56649,2026-09-08T05:55:03.440674Z,2026-09-08T05:59:22.794824Z,2026-09-08T05:59:22.791530Z,60.0,133.329,100,1,update,207.9,253.5,0,184.5,243.3,251.7,251.7,,,
20260908T055503Z_p4-chaos-recover,cockroachdb,chaos-recover,thesis,c518dc6a29d6bfb5d7d89439d9fad14b81b56649,2026-09-08T05:55:03.440674Z,2026-09-08T05:59:22.794824Z,2026-09-08T05:59:22.791530Z,61.0,134.33,100,1,read,983.3,1004.7,0,56.6,79.7,88.1,92.3,,,
20260908T055503Z_p4-chaos-recover,cockroachdb,chaos-recover,thesis,c518dc6a29d6bfb5d7d89439d9fad14b81b56649,2026-09-08T05:55:03.440674Z,2026-09-08T05:59:22.794824Z,2026-09-08T05:59:22.791530Z,61.0,134.33,100,1,update,244.1,253.3,0,167.8,192.9,201.3,201.3,,,
20260908T055503Z_p4-chaos-recover,cockroachdb,chaos-recover,thesis,c518dc6a29d6bfb5d7d89439d9fad14b81b56649,2026-09-08T05:55:03.440674Z,2026-09-08T05:59:22.794824Z,2026-09-08T05:59:22.791530Z,62.0,135.33,100,1,read,939.7,1003.7,0,62.9,100.7,117.4,125.8,,,
20260908T055503Z_p4-chaos-recover,cockroachdb,chaos-recover,thesis,c518dc6a29d6bfb5d7d89439d9fad14b81b56649,2026-09-08T05:55:03.440674Z,2026-09-08T05:59:22.794824Z,2026-09-08T05:59:22.791530Z,62.0,135.33,100,1,update,222.9,252.9,0,176.2,218.1,226.5,226.5,,,
20260908T055503Z_p4-chaos-recover,cockroachdb,chaos-recover,thesis,c518dc6a29d6bfb5d7d89439d9fad14b81b56649,2026-09-08T05:55:03.440674Z,2026-09-08T05:59:22.794824Z,2026-09-08T05:59:22.791530Z,63.0,136.33,100,1,read,1075.6,1004.8,0,56.6,65.0,71.3,75.5,,,
20260908T055503Z_p4-chaos-recover,cockroachdb,chaos-recover,thesis,c518dc6a29d6bfb5d7d89439d9fad14b81b56649,2026-09-08T05:55:03.440674Z,2026-09-08T05:59:22.794824Z,2026-09-08T05:59:22.791530Z,63.0,136.33,100,1,update,252.1,252.8,0,159.4,176.2,176.2,184.5,,,
20260908T055503Z_p4-chaos-recover,cockroachdb,chaos-recover,thesis,c518dc6a29d6bfb5d7d89439d9fad14b81b56649,2026-09-08T05:55:03.440674Z,2026-09-08T05:59:22.794824Z,2026-09-08T05:59:22.791530Z,64.0,137.33,100,1,read,1066.1,1005.8,0,56.6,67.1,75.5,96.5,,,
20260908T055503Z_p4-chaos-recover,cockroachdb,chaos-recover,thesis,c518dc6a29d6bfb5d7d89439d9fad14b81b56649,2026-09-08T05:55:03.440674Z,2026-09-08T05:59:22.794824Z,2026-09-08T05:59:22.791530Z,64.0,137.33,100,1,update,249.0,252.8,0,167.8,184.5,192.9,201.3,,,
20260908T055503Z_p4-chaos-recover,cockroachdb,chaos-recover,thesis,c518dc6a29d6bfb5d7d89439d9fad14b81b56649,2026-09-08T05:55:03.440674Z,2026-09-08T05:59:22.794824Z,2026-09-08T05:59:22.791530Z,65.0,138.331,100,1,read,766.6,1002.1,0,56.6,65.0,71.3,75.5,,,
20260908T055503Z_p4-chaos-recover,cockroachdb,chaos-recover,thesis,c518dc6a29d6bfb5d7d89439d9fad14b81b56649,2026-09-08T05:55:03.440674Z,2026-09-08T05:59:22.794824Z,2026-09-08T05:59:22.791530Z,65.0,138.331,100,1,update,189.9,251.8,0,167.8,176.2,184.5,184.5,,,
20260908T055503Z_p4-chaos-recover,cockroachdb,chaos-recover,thesis,c518dc6a29d6bfb5d7d89439d9fad14b81b56649,2026-09-08T05:55:03.440674Z,2026-09-08T05:59:22.794824Z,2026-09-08T05:59:22.791530Z,66.0,139.465,100,1,read,0.0,986.9,0,0.0,0.0,0.0,0.0,,,
20260908T055503Z_p4-chaos-recover,cockroachdb,chaos-recover,thesis,c518dc6a29d6bfb5d7d89439d9fad14b81b56649,2026-09-08T05:55:03.440674Z,2026-09-08T05:59:22.794824Z,2026-09-08T05:59:22.791530Z,66.0,139.465,100,1,update,0.0,248.0,0,0.0,0.0,0.0,0.0,,,
20260908T055503Z_p4-chaos-recover,cockroachdb,chaos-recover,thesis,c518dc6a29d6bfb5d7d89439d9fad14b81b56649,2026-09-08T05:55:03.440674Z,2026-09-08T05:59:22.794824Z,2026-09-08T05:59:22.791530Z,67.0,140.413,100,1,read,0.0,972.2,0,0.0,0.0,0.0,0.0,,,
20260908T055503Z_p4-chaos-recover,cockroachdb,chaos-recover,thesis,c518dc6a29d6bfb5d7d89439d9fad14b81b56649,2026-09-08T05:55:03.440674Z,2026-09-08T05:59:22.794824Z,2026-09-08T05:59:22.791530Z,67.0,140.413,100,1,update,0.0,244.3,0,0.0,0.0,0.0,0.0,,,
20260908T055503Z_p4-chaos-recover,cockroachdb,chaos-recover,thesis,c518dc6a29d6bfb5d7d89439d9fad14b81b56649,2026-09-08T05:55:03.440674Z,2026-09-08T05:59:22.794824Z,2026-09-08T05:59:22.791530Z,68.0,141.331,100,1,read,0.0,957.9,0,0.0,0.0,0.0,0.0,,,
20260908T055503Z_p4-chaos-recover,cockroachdb,chaos-recover,thesis,c518dc6a29d6bfb5d7d89439d9fad14b81b56649,2026-09-08T05:55:03.440674Z,2026-09-08T05:59:22.794824Z,2026-09-08T05:59:22.791530Z,68.0,141.331,100,1,update,0.0,240.7,0,0.0,0.0,0.0,0.0,,,
20260908T055503Z_p4-chaos-recover,cockroachdb,chaos-recover,thesis,c518dc6a29d6bfb5d7d89439d9fad14b81b56649,2026-09-08T05:55:03.440674Z,2026-09-08T05:59:22.794824Z,2026-09-08T05:59:22.791530Z,69.0,142.342,100,1,read,0.0,944.0,0,0.0,0.0,0.0,0.0,,,
20260908T055503Z_p4-chaos-recover,cockroachdb,chaos-recover,thesis,c518dc6a29d6bfb5d7d89439d9fad14b81b56649,2026-09-08T05:55:03.440674Z,2026-09-08T05:59:22.794824Z,2026-09-08T05:59:22.791530Z,69.0,142.342,100,1,update,0.0,237.2,0,0.0,0.0,0.0,0.0,,,
20260908T055503Z_p4-chaos-recover,cockroachdb,chaos-recover,thesis,c518dc6a29d6bfb5d7d89439d9fad14b81b56649,2026-09-08T05:55:03.440674Z,2026-09-08T05:59:22.794824Z,2026-09-08T05:59:22.791530Z,70.0,143.332,100,1,read,0.0,930.5,0,0.0,0.0,0.0,0.0,,,
20260908T055503Z_p4-chaos-recover,cockroachdb,chaos-recover,thesis,c518dc6a29d6bfb5d7d89439d9fad14b81b56649,2026-09-08T05:55:03.440674Z,2026-09-08T05:59:22.794824Z,2026-09-08T05:59:22.791530Z,70.0,143.332,100,1,update,0.0,233.8,0,0.0,0.0,0.0,0.0,,,
20260908T055503Z_p4-chaos-recover,cockroachdb,chaos-recover,thesis,c518dc6a29d6bfb5d7d89439d9fad14b81b56649,2026-09-08T05:55:03.440674Z,2026-09-08T05:59:22.794824Z,2026-09-08T05:59:22.791530Z,71.0,144.451,100,1,read,0.0,917.4,0,0.0,0.0,0.0,0.0,,,
20260908T055503Z_p4-chaos-recover,cockroachdb,chaos-recover,thesis,c518dc6a29d6bfb5d7d89439d9fad14b81b56649,2026-09-08T05:55:03.440674Z,2026-09-08T05:59:22.794824Z,2026-09-08T05:59:22.791530Z,71.0,144.451,100,1,update,0.0,230.5,0,0.0,0.0,0.0,0.0,,,
20260908T055503Z_p4-chaos-recover,cockroachdb,chaos-recover,thesis,c518dc6a29d6bfb5d7d89439d9fad14b81b56649,2026-09-08T05:55:03.440674Z,2026-09-08T05:59:22.794824Z,2026-09-08T05:59:22.791530Z,72.0,145.331,100,1,read,993.3,918.5,30,29.4,6442.5,6442.5,6442.5,,,
20260908T055503Z_p4-chaos-recover,cockroachdb,chaos-recover,thesis,c518dc6a29d6bfb5d7d89439d9fad14b81b56649,2026-09-08T05:55:03.440674Z,2026-09-08T05:59:22.794824Z,2026-09-08T05:59:22.791530Z,72.0,145.331,100,1,update,195.9,230.1,30,243.3,6710.9,6979.3,6979.3,,,
20260908T055503Z_p4-chaos-recover,cockroachdb,chaos-recover,thesis,c518dc6a29d6bfb5d7d89439d9fad14b81b56649,2026-09-08T05:55:03.440674Z,2026-09-08T05:59:22.794824Z,2026-09-08T05:59:22.791530Z,73.0,146.331,100,1,read,1109.7,921.1,30,30.4,44.0,50.3,117.4,,,
20260908T055503Z_p4-chaos-recover,cockroachdb,chaos-recover,thesis,c518dc6a29d6bfb5d7d89439d9fad14b81b56649,2026-09-08T05:55:03.440674Z,2026-09-08T05:59:22.794824Z,2026-09-08T05:59:22.791530Z,73.0,146.331,100,1,update,249.2,230.3,30,243.3,268.4,285.2,285.2,,,
20260908T055503Z_p4-chaos-recover,cockroachdb,chaos-recover,thesis,c518dc6a29d6bfb5d7d89439d9fad14b81b56649,2026-09-08T05:55:03.440674Z,2026-09-08T05:59:22.794824Z,2026-09-08T05:59:22.791530Z,74.0,147.336,100,1,read,1118.1,923.8,30,28.3,39.8,48.2,60.8,,,
20260908T055503Z_p4-chaos-recover,cockroachdb,chaos-recover,thesis,c518dc6a29d6bfb5d7d89439d9fad14b81b56649,2026-09-08T05:55:03.440674Z,2026-09-08T05:59:22.794824Z,2026-09-08T05:59:22.791530Z,74.0,147.336,100,1,update,295.0,231.2,30,243.3,268.4,285.2,302.0,,,
20260908T055503Z_p4-chaos-recover,cockroachdb,chaos-recover,thesis,c518dc6a29d6bfb5d7d89439d9fad14b81b56649,2026-09-08T05:55:03.440674Z,2026-09-08T05:59:22.794824Z,2026-09-08T05:59:22.791530Z,75.0,148.33,100,1,read,1090.4,926.0,30,28.3,58.7,71.3,79.7,,,
20260908T055503Z_p4-chaos-recover,cockroachdb,chaos-recover,thesis,c518dc6a29d6bfb5d7d89439d9fad14b81b56649,2026-09-08T05:55:03.440674Z,2026-09-08T05:59:22.794824Z,2026-09-08T05:59:22.791530Z,75.0,148.33,100,1,update,269.8,231.7,30,243.3,285.2,302.0,302.0,,,
20260908T055503Z_p4-chaos-recover,cockroachdb,chaos-recover,thesis,c518dc6a29d6bfb5d7d89439d9fad14b81b56649,2026-09-08T05:55:03.440674Z,2026-09-08T05:59:22.794824Z,2026-09-08T05:59:22.791530Z,76.0,149.33,100,1,read,1059.9,927.7,30,28.3,41.9,48.2,62.9,,,
20260908T055503Z_p4-chaos-recover,cockroachdb,chaos-recover,thesis,c518dc6a29d6bfb5d7d89439d9fad14b81b56649,2026-09-08T05:55:03.440674Z,2026-09-08T05:59:22.794824Z,2026-09-08T05:59:22.791530Z,76.0,149.33,100,1,update,284.0,232.4,30,234.9,268.4,268.4,285.2,,,
20260908T055503Z_p4-chaos-recover,cockroachdb,chaos-recover,thesis,c518dc6a29d6bfb5d7d89439d9fad14b81b56649,2026-09-08T05:55:03.440674Z,2026-09-08T05:59:22.794824Z,2026-09-08T05:59:22.791530Z,77.0,150.342,100,1,read,1026.0,929.0,30,29.4,60.8,79.7,121.6,,,
20260908T055503Z_p4-chaos-recover,cockroachdb,chaos-recover,thesis,c518dc6a29d6bfb5d7d89439d9fad14b81b56649,2026-09-08T05:55:03.440674Z,2026-09-08T05:59:22.794824Z,2026-09-08T05:59:22.791530Z,77.0,150.342,100,1,update,274.0,232.9,30,243.3,285.2,318.8,318.8,,,
20260908T055503Z_p4-chaos-recover,cockroachdb,chaos-recover,thesis,c518dc6a29d6bfb5d7d89439d9fad14b81b56649,2026-09-08T05:55:03.440674Z,2026-09-08T05:59:22.794824Z,2026-09-08T05:59:22.791530Z,78.0,151.331,100,1,read,1190.3,932.4,30,28.3,41.9,48.2,71.3,,,
20260908T055503Z_p4-chaos-recover,cockroachdb,chaos-recover,thesis,c518dc6a29d6bfb5d7d89439d9fad14b81b56649,2026-09-08T05:55:03.440674Z,2026-09-08T05:59:22.794824Z,2026-09-08T05:59:22.791530Z,78.0,151.331,100,1,update,279.1,233.5,30,243.3,260.0,285.2,285.2,,,
20260908T055503Z_p4-chaos-recover,cockroachdb,chaos-recover,thesis,c518dc6a29d6bfb5d7d89439d9fad14b81b56649,2026-09-08T05:55:03.440674Z,2026-09-08T05:59:22.794824Z,2026-09-08T05:59:22.791530Z,79.0,152.331,100,1,read,1173.5,935.4,30,27.3,35.7,39.8,192.9,,,
20260908T055503Z_p4-chaos-recover,cockroachdb,chaos-recover,thesis,c518dc6a29d6bfb5d7d89439d9fad14b81b56649,2026-09-08T05:55:03.440674Z,2026-09-08T05:59:22.794824Z,2026-09-08T05:59:22.791530Z,79.0,152.331,100,1,update,283.1,234.2,30,234.9,251.7,268.4,285.2,,,
20260908T055503Z_p4-chaos-recover,cockroachdb,chaos-recover,thesis,c518dc6a29d6bfb5d7d89439d9fad14b81b56649,2026-09-08T05:55:03.440674Z,2026-09-08T05:59:22.794824Z,2026-09-08T05:59:22.791530Z,80.0,153.33,100,1,read,1114.9,937.7,30,27.3,41.9,48.2,60.8,,,
20260908T055503Z_p4-chaos-recover,cockroachdb,chaos-recover,thesis,c518dc6a29d6bfb5d7d89439d9fad14b81b56649,2026-09-08T05:55:03.440674Z,2026-09-08T05:59:22.794824Z,2026-09-08T05:59:22.791530Z,80.0,153.33,100,1,update,287.0,234.8,30,234.9,268.4,285.2,285.2,,,
20260908T055503Z_p4-chaos-recover,cockroachdb,chaos-recover,thesis,c518dc6a29d6bfb5d7d89439d9fad14b81b56649,2026-09-08T05:55:03.440674Z,2026-09-08T05:59:22.794824Z,2026-09-08T05:59:22.791530Z,81.0,154.333,100,1,read,1196.8,940.9,30,27.3,35.7,44.0,48.2,,,
20260908T055503Z_p4-chaos-recover,cockroachdb,chaos-recover,thesis,c518dc6a29d6bfb5d7d89439d9fad14b81b56649,2026-09-08T05:55:03.440674Z,2026-09-08T05:59:22.794824Z,2026-09-08T05:59:22.791530Z,81.0,154.333,100,1,update,280.9,235.4,30,234.9,243.3,251.7,260.0,,,
20260908T055503Z_p4-chaos-recover,cockroachdb,chaos-recover,thesis,c518dc6a29d6bfb5d7d89439d9fad14b81b56649,2026-09-08T05:55:03.440674Z,2026-09-08T05:59:22.794824Z,2026-09-08T05:59:22.791530Z,82.0,155.33,100,1,read,1187.1,943.9,30,27.3,35.7,39.8,46.1,,,
20260908T055503Z_p4-chaos-recover,cockroachdb,chaos-recover,thesis,c518dc6a29d6bfb5d7d89439d9fad14b81b56649,2026-09-08T05:55:03.440674Z,2026-09-08T05:59:22.794824Z,2026-09-08T05:59:22.791530Z,82.0,155.33,100,1,update,296.0,236.1,30,234.9,243.3,251.7,260.0,,,
20260908T055503Z_p4-chaos-recover,cockroachdb,chaos-recover,thesis,c518dc6a29d6bfb5d7d89439d9fad14b81b56649,2026-09-08T05:55:03.440674Z,2026-09-08T05:59:22.794824Z,2026-09-08T05:59:22.791530Z,83.0,156.331,100,1,read,1045.1,945.1,30,28.3,52.4,62.9,184.5,,,
20260908T055503Z_p4-chaos-recover,cockroachdb,chaos-recover,thesis,c518dc6a29d6bfb5d7d89439d9fad14b81b56649,2026-09-08T05:55:03.440674Z,2026-09-08T05:59:22.794824Z,2026-09-08T05:59:22.791530Z,83.0,156.331,100,1,update,280.0,236.6,30,234.9,285.2,302.0,302.0,,,
20260908T055503Z_p4-chaos-recover,cockroachdb,chaos-recover,thesis,c518dc6a29d6bfb5d7d89439d9fad14b81b56649,2026-09-08T05:55:03.440674Z,2026-09-08T05:59:22.794824Z,2026-09-08T05:59:22.791530Z,84.0,157.33,100,1,read,1049.3,946.3,30,31.5,71.3,96.5,117.4,,,
20260908T055503Z_p4-chaos-recover,cockroachdb,chaos-recover,thesis,c518dc6a29d6bfb5d7d89439d9fad14b81b56649,2026-09-08T05:55:03.440674Z,2026-09-08T05:59:22.794824Z,2026-09-08T05:59:22.791530Z,84.0,157.33,100,1,update,231.8,236.6,30,260.0,335.5,352.3,352.3,,,
20260908T055503Z_p4-chaos-recover,cockroachdb,chaos-recover,thesis,c518dc6a29d6bfb5d7d89439d9fad14b81b56649,2026-09-08T05:55:03.440674Z,2026-09-08T05:59:22.794824Z,2026-09-08T05:59:22.791530Z,85.0,158.33,100,1,read,1095.4,948.1,30,27.3,35.7,39.8,46.1,,,
20260908T055503Z_p4-chaos-recover,cockroachdb,chaos-recover,thesis,c518dc6a29d6bfb5d7d89439d9fad14b81b56649,2026-09-08T05:55:03.440674Z,2026-09-08T05:59:22.794824Z,2026-09-08T05:59:22.791530Z,85.0,158.33,100,1,update,308.1,237.4,30,234.9,243.3,251.7,260.0,,,
20260908T055503Z_p4-chaos-recover,cockroachdb,chaos-recover,thesis,c518dc6a29d6bfb5d7d89439d9fad14b81b56649,2026-09-08T05:55:03.440674Z,2026-09-08T05:59:22.794824Z,2026-09-08T05:59:22.791530Z,86.0,159.331,100,1,read,1160.4,950.6,30,27.3,35.7,48.2,71.3,,,
20260908T055503Z_p4-chaos-recover,cockroachdb,chaos-recover,thesis,c518dc6a29d6bfb5d7d89439d9fad14b81b56649,2026-09-08T05:55:03.440674Z,2026-09-08T05:59:22.794824Z,2026-09-08T05:59:22.791530Z,86.0,159.331,100,1,update,282.9,238.0,30,234.9,251.7,268.4,285.2,,,
20260908T055503Z_p4-chaos-recover,cockroachdb,chaos-recover,thesis,c518dc6a29d6bfb5d7d89439d9fad14b81b56649,2026-09-08T05:55:03.440674Z,2026-09-08T05:59:22.794824Z,2026-09-08T05:59:22.791530Z,87.0,160.329,100,1,read,1079.7,952.0,30,27.3,37.7,46.1,58.7,,,
20260908T055503Z_p4-chaos-recover,cockroachdb,chaos-recover,thesis,c518dc6a29d6bfb5d7d89439d9fad14b81b56649,2026-09-08T05:55:03.440674Z,2026-09-08T05:59:22.794824Z,2026-09-08T05:59:22.791530Z,87.0,160.329,100,1,update,304.2,238.7,30,234.9,251.7,260.0,268.4,,,
20260908T055503Z_p4-chaos-recover,cockroachdb,chaos-recover,thesis,c518dc6a29d6bfb5d7d89439d9fad14b81b56649,2026-09-08T05:55:03.440674Z,2026-09-08T05:59:22.794824Z,2026-09-08T05:59:22.791530Z,88.0,161.331,100,1,read,1097.3,953.7,30,27.3,41.9,48.2,56.6,,,
20260908T055503Z_p4-chaos-recover,cockroachdb,chaos-recover,thesis,c518dc6a29d6bfb5d7d89439d9fad14b81b56649,2026-09-08T05:55:03.440674Z,2026-09-08T05:59:22.794824Z,2026-09-08T05:59:22.791530Z,88.0,161.331,100,1,update,292.8,239.3,30,234.9,260.0,268.4,285.2,,,
20260908T055503Z_p4-chaos-recover,cockroachdb,chaos-recover,thesis,c518dc6a29d6bfb5d7d89439d9fad14b81b56649,2026-09-08T05:55:03.440674Z,2026-09-08T05:59:22.794824Z,2026-09-08T05:59:22.791530Z,89.0,162.329,100,1,read,1180.9,956.2,30,27.3,37.7,48.2,58.7,,,
20260908T055503Z_p4-chaos-recover,cockroachdb,chaos-recover,thesis,c518dc6a29d6bfb5d7d89439d9fad14b81b56649,2026-09-08T05:55:03.440674Z,2026-09-08T05:59:22.794824Z,2026-09-08T05:59:22.791530Z,89.0,162.329,100,1,update,280.2,239.8,30,234.9,251.7,268.4,268.4,,,
20260908T055503Z_p4-chaos-recover,cockroachdb,chaos-recover,thesis,c518dc6a29d6bfb5d7d89439d9fad14b81b56649,2026-09-08T05:55:03.440674Z,2026-09-08T05:59:22.794824Z,2026-09-08T05:59:22.791530Z,90.0,163.33,100,1,read,1142.6,958.3,30,27.3,33.6,37.7,44.0,,,
20260908T055503Z_p4-chaos-recover,cockroachdb,chaos-recover,thesis,c518dc6a29d6bfb5d7d89439d9fad14b81b56649,2026-09-08T05:55:03.440674Z,2026-09-08T05:59:22.794824Z,2026-09-08T05:59:22.791530Z,90.0,163.33,100,1,update,300.9,240.5,30,234.9,243.3,251.7,251.7,,,
20260908T055503Z_p4-chaos-recover,cockroachdb,chaos-recover,thesis,c518dc6a29d6bfb5d7d89439d9fad14b81b56649,2026-09-08T05:55:03.440674Z,2026-09-08T05:59:22.794824Z,2026-09-08T05:59:22.791530Z,91.0,164.331,100,1,read,1184.3,960.8,30,26.2,32.5,35.7,44.0,,,
20260908T055503Z_p4-chaos-recover,cockroachdb,chaos-recover,thesis,c518dc6a29d6bfb5d7d89439d9fad14b81b56649,2026-09-08T05:55:03.440674Z,2026-09-08T05:59:22.794824Z,2026-09-08T05:59:22.791530Z,91.0,164.331,100,1,update,294.1,241.1,30,234.9,243.3,251.7,260.0,,,
20260908T055503Z_p4-chaos-recover,cockroachdb,chaos-recover,thesis,c518dc6a29d6bfb5d7d89439d9fad14b81b56649,2026-09-08T05:55:03.440674Z,2026-09-08T05:59:22.794824Z,2026-09-08T05:59:22.791530Z,92.0,165.329,100,1,read,1125.5,962.6,30,27.3,37.7,44.0,134.2,,,
20260908T055503Z_p4-chaos-recover,cockroachdb,chaos-recover,thesis,c518dc6a29d6bfb5d7d89439d9fad14b81b56649,2026-09-08T05:55:03.440674Z,2026-09-08T05:59:22.794824Z,2026-09-08T05:59:22.791530Z,92.0,165.329,100,1,update,292.1,241.6,30,234.9,260.0,260.0,268.4,,,
20260908T055503Z_p4-chaos-recover,cockroachdb,chaos-recover,thesis,c518dc6a29d6bfb5d7d89439d9fad14b81b56649,2026-09-08T05:55:03.440674Z,2026-09-08T05:59:22.794824Z,2026-09-08T05:59:22.791530Z,93.0,166.331,100,1,read,1171.4,964.8,30,27.3,37.7,44.0,226.5,,,
20260908T055503Z_p4-chaos-recover,cockroachdb,chaos-recover,thesis,c518dc6a29d6bfb5d7d89439d9fad14b81b56649,2026-09-08T05:55:03.440674Z,2026-09-08T05:59:22.794824Z,2026-09-08T05:59:22.791530Z,93.0,166.331,100,1,update,278.9,242.0,30,234.9,260.0,268.4,268.4,,,
20260908T055503Z_p4-chaos-recover,cockroachdb,chaos-recover,thesis,c518dc6a29d6bfb5d7d89439d9fad14b81b56649,2026-09-08T05:55:03.440674Z,2026-09-08T05:59:22.794824Z,2026-09-08T05:59:22.791530Z,94.0,167.331,100,1,read,1139.8,966.7,30,28.3,44.0,50.3,58.7,,,
20260908T055503Z_p4-chaos-recover,cockroachdb,chaos-recover,thesis,c518dc6a29d6bfb5d7d89439d9fad14b81b56649,2026-09-08T05:55:03.440674Z,2026-09-08T05:59:22.794824Z,2026-09-08T05:59:22.791530Z,94.0,167.331,100,1,update,286.9,242.5,30,234.9,285.2,285.2,285.2,,,
20260908T055503Z_p4-chaos-recover,cockroachdb,chaos-recover,thesis,c518dc6a29d6bfb5d7d89439d9fad14b81b56649,2026-09-08T05:55:03.440674Z,2026-09-08T05:59:22.794824Z,2026-09-08T05:59:22.791530Z,95.0,168.329,100,1,read,1170.4,968.8,30,27.3,37.7,48.2,234.9,,,
20260908T055503Z_p4-chaos-recover,cockroachdb,chaos-recover,thesis,c518dc6a29d6bfb5d7d89439d9fad14b81b56649,2026-09-08T05:55:03.440674Z,2026-09-08T05:59:22.794824Z,2026-09-08T05:59:22.791530Z,95.0,168.329,100,1,update,283.1,242.9,30,234.9,251.7,251.7,268.4,,,
20260908T055503Z_p4-chaos-recover,cockroachdb,chaos-recover,thesis,c518dc6a29d6bfb5d7d89439d9fad14b81b56649,2026-09-08T05:55:03.440674Z,2026-09-08T05:59:22.794824Z,2026-09-08T05:59:22.791530Z,96.0,169.33,100,1,read,1244.0,971.7,30,27.3,35.7,39.8,46.1,,,
20260908T055503Z_p4-chaos-recover,cockroachdb,chaos-recover,thesis,c518dc6a29d6bfb5d7d89439d9fad14b81b56649,2026-09-08T05:55:03.440674Z,2026-09-08T05:59:22.794824Z,2026-09-08T05:59:22.791530Z,96.0,169.33,100,1,update,284.0,243.4,30,234.9,251.7,260.0,268.4,,,
20260908T055503Z_p4-chaos-recover,cockroachdb,chaos-recover,thesis,c518dc6a29d6bfb5d7d89439d9fad14b81b56649,2026-09-08T05:55:03.440674Z,2026-09-08T05:59:22.794824Z,2026-09-08T05:59:22.791530Z,97.0,170.331,100,1,read,1278.8,974.9,30,27.3,33.6,39.8,54.5,,,
20260908T055503Z_p4-chaos-recover,cockroachdb,chaos-recover,thesis,c518dc6a29d6bfb5d7d89439d9fad14b81b56649,2026-09-08T05:55:03.440674Z,2026-09-08T05:59:22.794824Z,2026-09-08T05:59:22.791530Z,97.0,170.331,100,1,update,279.0,243.7,30,234.9,243.3,260.0,260.0,,,
20260908T055503Z_p4-chaos-recover,cockroachdb,chaos-recover,thesis,c518dc6a29d6bfb5d7d89439d9fad14b81b56649,2026-09-08T05:55:03.440674Z,2026-09-08T05:59:22.794824Z,2026-09-08T05:59:22.791530Z,98.0,171.327,100,1,read,1049.2,975.6,30,27.3,37.7,48.2,54.5,,,
20260908T055503Z_p4-chaos-recover,cockroachdb,chaos-recover,thesis,c518dc6a29d6bfb5d7d89439d9fad14b81b56649,2026-09-08T05:55:03.440674Z,2026-09-08T05:59:22.794824Z,2026-09-08T05:59:22.791530Z,98.0,171.327,100,1,update,308.1,244.4,30,234.9,251.7,268.4,285.2,,,
20260908T055503Z_p4-chaos-recover,cockroachdb,chaos-recover,thesis,c518dc6a29d6bfb5d7d89439d9fad14b81b56649,2026-09-08T05:55:03.440674Z,2026-09-08T05:59:22.794824Z,2026-09-08T05:59:22.791530Z,99.0,172.331,100,1,read,1175.0,977.6,30,27.3,33.6,37.7,46.1,,,
20260908T055503Z_p4-chaos-recover,cockroachdb,chaos-recover,thesis,c518dc6a29d6bfb5d7d89439d9fad14b81b56649,2026-09-08T05:55:03.440674Z,2026-09-08T05:59:22.794824Z,2026-09-08T05:59:22.791530Z,99.0,172.331,100,1,update,291.0,244.8,30,234.9,243.3,251.7,251.7,,,
20260908T055503Z_p4-chaos-recover,cockroachdb,chaos-recover,thesis,c518dc6a29d6bfb5d7d89439d9fad14b81b56649,2026-09-08T05:55:03.440674Z,2026-09-08T05:59:22.794824Z,2026-09-08T05:59:22.791530Z,100.0,173.331,100,1,read,1139.0,979.2,30,27.3,35.7,46.1,52.4,,,
20260908T055503Z_p4-chaos-recover,cockroachdb,chaos-recover,thesis,c518dc6a29d6bfb5d7d89439d9fad14b81b56649,2026-09-08T05:55:03.440674Z,2026-09-08T05:59:22.794824Z,2026-09-08T05:59:22.791530Z,100.0,173.331,100,1,update,295.0,245.3,30,234.9,251.7,251.7,260.0,,,
20260908T055503Z_p4-chaos-recover,cockroachdb,chaos-recover,thesis,c518dc6a29d6bfb5d7d89439d9fad14b81b56649,2026-09-08T05:55:03.440674Z,2026-09-08T05:59:22.794824Z,2026-09-08T05:59:22.791530Z,101.0,174.331,100,1,read,1076.7,980.2,30,28.3,37.7,41.9,50.3,,,
20260908T055503Z_p4-chaos-recover,cockroachdb,chaos-recover,thesis,c518dc6a29d6bfb5d7d89439d9fad14b81b56649,2026-09-08T05:55:03.440674Z,2026-09-08T05:59:22.794824Z,2026-09-08T05:59:22.791530Z,101.0,174.331,100,1,update,300.9,245.9,30,234.9,251.7,251.7,260.0,,,
20260908T055503Z_p4-chaos-recover,cockroachdb,chaos-recover,thesis,c518dc6a29d6bfb5d7d89439d9fad14b81b56649,2026-09-08T05:55:03.440674Z,2026-09-08T05:59:22.794824Z,2026-09-08T05:59:22.791530Z,102.0,175.33,100,1,read,1207.5,982.4,30,28.3,39.8,48.2,71.3,,,
20260908T055503Z_p4-chaos-recover,cockroachdb,chaos-recover,thesis,c518dc6a29d6bfb5d7d89439d9fad14b81b56649,2026-09-08T05:55:03.440674Z,2026-09-08T05:59:22.794824Z,2026-09-08T05:59:22.791530Z,102.0,175.33,100,1,update,280.1,246.2,30,234.9,251.7,260.0,285.2,,,
20260908T055503Z_p4-chaos-recover,cockroachdb,chaos-recover,thesis,c518dc6a29d6bfb5d7d89439d9fad14b81b56649,2026-09-08T05:55:03.440674Z,2026-09-08T05:59:22.794824Z,2026-09-08T05:59:22.791530Z,103.0,176.332,100,1,read,1047.6,983.1,30,29.4,44.0,54.5,218.1,,,
20260908T055503Z_p4-chaos-recover,cockroachdb,chaos-recover,thesis,c518dc6a29d6bfb5d7d89439d9fad14b81b56649,2026-09-08T05:55:03.440674Z,2026-09-08T05:59:22.794824Z,2026-09-08T05:59:22.791530Z,103.0,176.332,100,1,update,265.9,246.4,30,243.3,268.4,285.2,302.0,,,
20260908T055503Z_p4-chaos-recover,cockroachdb,chaos-recover,thesis,c518dc6a29d6bfb5d7d89439d9fad14b81b56649,2026-09-08T05:55:03.440674Z,2026-09-08T05:59:22.794824Z,2026-09-08T05:59:22.791530Z,104.0,177.332,100,1,read,843.7,981.7,30,41.9,83.9,100.7,151.0,,,
20260908T055503Z_p4-chaos-recover,cockroachdb,chaos-recover,thesis,c518dc6a29d6bfb5d7d89439d9fad14b81b56649,2026-09-08T05:55:03.440674Z,2026-09-08T05:59:22.794824Z,2026-09-08T05:59:22.791530Z,104.0,177.332,100,1,update,228.9,246.3,30,260.0,369.1,385.9,402.7,,,
20260908T055503Z_p4-chaos-recover,cockroachdb,chaos-recover,thesis,c518dc6a29d6bfb5d7d89439d9fad14b81b56649,2026-09-08T05:55:03.440674Z,2026-09-08T05:59:22.794824Z,2026-09-08T05:59:22.791530Z,105.0,178.343,100,1,read,1123.6,983.1,30,29.4,58.7,71.3,92.3,,,
20260908T055503Z_p4-chaos-recover,cockroachdb,chaos-recover,thesis,c518dc6a29d6bfb5d7d89439d9fad14b81b56649,2026-09-08T05:55:03.440674Z,2026-09-08T05:59:22.794824Z,2026-09-08T05:59:22.791530Z,105.0,178.343,100,1,update,250.1,246.3,30,251.7,335.5,335.5,352.3,,,
20260908T055503Z_p4-chaos-recover,cockroachdb,chaos-recover,thesis,c518dc6a29d6bfb5d7d89439d9fad14b81b56649,2026-09-08T05:55:03.440674Z,2026-09-08T05:59:22.794824Z,2026-09-08T05:59:22.791530Z,106.0,179.331,100,1,read,1166.0,984.8,30,27.3,35.7,44.0,113.2,,,
20260908T055503Z_p4-chaos-recover,cockroachdb,chaos-recover,thesis,c518dc6a29d6bfb5d7d89439d9fad14b81b56649,2026-09-08T05:55:03.440674Z,2026-09-08T05:59:22.794824Z,2026-09-08T05:59:22.791530Z,106.0,179.331,100,1,update,291.0,246.7,30,234.9,260.0,285.2,285.2,,,
20260908T055503Z_p4-chaos-recover,cockroachdb,chaos-recover,thesis,c518dc6a29d6bfb5d7d89439d9fad14b81b56649,2026-09-08T05:55:03.440674Z,2026-09-08T05:59:22.794824Z,2026-09-08T05:59:22.791530Z,107.0,180.33,100,1,read,1174.1,986.6,30,27.3,35.7,41.9,56.6,,,
20260908T055503Z_p4-chaos-recover,cockroachdb,chaos-recover,thesis,c518dc6a29d6bfb5d7d89439d9fad14b81b56649,2026-09-08T05:55:03.440674Z,2026-09-08T05:59:22.794824Z,2026-09-08T05:59:22.791530Z,107.0,180.33,100,1,update,300.0,247.2,30,234.9,251.7,251.7,260.0,,,
20260908T055503Z_p4-chaos-recover,cockroachdb,chaos-recover,thesis,c518dc6a29d6bfb5d7d89439d9fad14b81b56649,2026-09-08T05:55:03.440674Z,2026-09-08T05:59:22.794824Z,2026-09-08T05:59:22.791530Z,108.0,181.333,100,1,read,1174.6,988.3,30,27.3,39.8,50.3,201.3,,,
20260908T055503Z_p4-chaos-recover,cockroachdb,chaos-recover,thesis,c518dc6a29d6bfb5d7d89439d9fad14b81b56649,2026-09-08T05:55:03.440674Z,2026-09-08T05:59:22.794824Z,2026-09-08T05:59:22.791530Z,108.0,181.333,100,1,update,274.9,247.5,30,234.9,260.0,268.4,285.2,,,
20260908T055503Z_p4-chaos-recover,cockroachdb,chaos-recover,thesis,c518dc6a29d6bfb5d7d89439d9fad14b81b56649,2026-09-08T05:55:03.440674Z,2026-09-08T05:59:22.794824Z,2026-09-08T05:59:22.791530Z,109.0,182.33,100,1,read,1109.3,989.4,30,26.2,35.7,41.9,201.3,,,
20260908T055503Z_p4-chaos-recover,cockroachdb,chaos-recover,thesis,c518dc6a29d6bfb5d7d89439d9fad14b81b56649,2026-09-08T05:55:03.440674Z,2026-09-08T05:59:22.794824Z,2026-09-08T05:59:22.791530Z,109.0,182.33,100,1,update,303.1,248.0,30,234.9,243.3,260.0,268.4,,,
20260908T055503Z_p4-chaos-recover,cockroachdb,chaos-recover,thesis,c518dc6a29d6bfb5d7d89439d9fad14b81b56649,2026-09-08T05:55:03.440674Z,2026-09-08T05:59:22.794824Z,2026-09-08T05:59:22.791530Z,110.0,183.329,100,1,read,1106.2,990.5,30,27.3,39.8,46.1,62.9,,,
20260908T055503Z_p4-chaos-recover,cockroachdb,chaos-recover,thesis,c518dc6a29d6bfb5d7d89439d9fad14b81b56649,2026-09-08T05:55:03.440674Z,2026-09-08T05:59:22.794824Z,2026-09-08T05:59:22.791530Z,110.0,183.329,100,1,update,286.1,248.3,30,234.9,268.4,285.2,285.2,,,
20260908T055503Z_p4-chaos-recover,cockroachdb,chaos-recover,thesis,c518dc6a29d6bfb5d7d89439d9fad14b81b56649,2026-09-08T05:55:03.440674Z,2026-09-08T05:59:22.794824Z,2026-09-08T05:59:22.791530Z,111.0,184.333,100,1,read,1163.0,992.0,30,30.4,44.0,52.4,192.9,,,
20260908T055503Z_p4-chaos-recover,cockroachdb,chaos-recover,thesis,c518dc6a29d6bfb5d7d89439d9fad14b81b56649,2026-09-08T05:55:03.440674Z,2026-09-08T05:59:22.794824Z,2026-09-08T05:59:22.791530Z,111.0,184.333,100,1,update,268.0,248.5,30,243.3,260.0,285.2,285.2,,,
20260908T055503Z_p4-chaos-recover,cockroachdb,chaos-recover,thesis,c518dc6a29d6bfb5d7d89439d9fad14b81b56649,2026-09-08T05:55:03.440674Z,2026-09-08T05:59:22.794824Z,2026-09-08T05:59:22.791530Z,112.0,185.331,100,1,read,1073.8,992.8,30,29.4,44.0,56.6,75.5,,,
20260908T055503Z_p4-chaos-recover,cockroachdb,chaos-recover,thesis,c518dc6a29d6bfb5d7d89439d9fad14b81b56649,2026-09-08T05:55:03.440674Z,2026-09-08T05:59:22.794824Z,2026-09-08T05:59:22.791530Z,112.0,185.331,100,1,update,271.0,248.7,30,243.3,268.4,285.2,302.0,,,
20260908T055503Z_p4-chaos-recover,cockroachdb,chaos-recover,thesis,c518dc6a29d6bfb5d7d89439d9fad14b81b56649,2026-09-08T05:55:03.440674Z,2026-09-08T05:59:22.794824Z,2026-09-08T05:59:22.791530Z,113.0,186.331,100,1,read,1132.0,994.0,30,28.3,37.7,46.1,151.0,,,
20260908T055503Z_p4-chaos-recover,cockroachdb,chaos-recover,thesis,c518dc6a29d6bfb5d7d89439d9fad14b81b56649,2026-09-08T05:55:03.440674Z,2026-09-08T05:59:22.794824Z,2026-09-08T05:59:22.791530Z,113.0,186.331,100,1,update,288.0,249.1,30,234.9,251.7,268.4,285.2,,,
20260908T055503Z_p4-chaos-recover,cockroachdb,chaos-recover,thesis,c518dc6a29d6bfb5d7d89439d9fad14b81b56649,2026-09-08T05:55:03.440674Z,2026-09-08T05:59:22.794824Z,2026-09-08T05:59:22.791530Z,114.0,187.329,100,1,read,1175.2,995.6,30,28.3,41.9,46.1,96.5,,,
20260908T055503Z_p4-chaos-recover,cockroachdb,chaos-recover,thesis,c518dc6a29d6bfb5d7d89439d9fad14b81b56649,2026-09-08T05:55:03.440674Z,2026-09-08T05:59:22.794824Z,2026-09-08T05:59:22.791530Z,114.0,187.329,100,1,update,284.0,249.4,30,243.3,268.4,285.2,285.2,,,
20260908T055503Z_p4-chaos-recover,cockroachdb,chaos-recover,thesis,c518dc6a29d6bfb5d7d89439d9fad14b81b56649,2026-09-08T05:55:03.440674Z,2026-09-08T05:59:22.794824Z,2026-09-08T05:59:22.791530Z,115.0,188.331,100,1,read,1112.1,996.6,30,27.3,39.8,44.0,50.3,,,
20260908T055503Z_p4-chaos-recover,cockroachdb,chaos-recover,thesis,c518dc6a29d6bfb5d7d89439d9fad14b81b56649,2026-09-08T05:55:03.440674Z,2026-09-08T05:59:22.794824Z,2026-09-08T05:59:22.791530Z,115.0,188.331,100,1,update,288.8,249.7,30,234.9,251.7,260.0,268.4,,,
20260908T055503Z_p4-chaos-recover,cockroachdb,chaos-recover,thesis,c518dc6a29d6bfb5d7d89439d9fad14b81b56649,2026-09-08T05:55:03.440674Z,2026-09-08T05:59:22.794824Z,2026-09-08T05:59:22.791530Z,116.0,189.332,100,1,read,1159.2,998.0,30,33.6,62.9,75.5,167.8,,,
20260908T055503Z_p4-chaos-recover,cockroachdb,chaos-recover,thesis,c518dc6a29d6bfb5d7d89439d9fad14b81b56649,2026-09-08T05:55:03.440674Z,2026-09-08T05:59:22.794824Z,2026-09-08T05:59:22.791530Z,116.0,189.332,100,1,update,323.1,250.3,30,192.9,260.0,285.2,302.0,,,
20260908T055503Z_p4-chaos-recover,cockroachdb,chaos-recover,thesis,c518dc6a29d6bfb5d7d89439d9fad14b81b56649,2026-09-08T05:55:03.440674Z,2026-09-08T05:59:22.794824Z,2026-09-08T05:59:22.791530Z,117.0,190.332,100,1,read,1506.2,1002.3,30,35.7,54.5,65.0,92.3,,,
20260908T055503Z_p4-chaos-recover,cockroachdb,chaos-recover,thesis,c518dc6a29d6bfb5d7d89439d9fad14b81b56649,2026-09-08T05:55:03.440674Z,2026-09-08T05:59:22.794824Z,2026-09-08T05:59:22.791530Z,117.0,190.332,100,1,update,347.3,251.2,30,134.2,167.8,184.5,192.9,,,
20260908T055503Z_p4-chaos-recover,cockroachdb,chaos-recover,thesis,c518dc6a29d6bfb5d7d89439d9fad14b81b56649,2026-09-08T05:55:03.440674Z,2026-09-08T05:59:22.794824Z,2026-09-08T05:59:22.791530Z,118.0,191.331,100,1,read,1347.5,1005.3,30,33.6,52.4,62.9,83.9,,,
20260908T055503Z_p4-chaos-recover,cockroachdb,chaos-recover,thesis,c518dc6a29d6bfb5d7d89439d9fad14b81b56649,2026-09-08T05:55:03.440674Z,2026-09-08T05:59:22.794824Z,2026-09-08T05:59:22.791530Z,118.0,191.331,100,1,update,395.8,252.4,30,130.0,176.2,201.3,234.9,,,
20260908T055503Z_p4-chaos-recover,cockroachdb,chaos-recover,thesis,c518dc6a29d6bfb5d7d89439d9fad14b81b56649,2026-09-08T05:55:03.440674Z,2026-09-08T05:59:22.794824Z,2026-09-08T05:59:22.791530Z,119.0,192.331,100,1,read,1440.8,1008.9,30,35.7,50.3,58.7,67.1,,,
20260908T055503Z_p4-chaos-recover,cockroachdb,chaos-recover,thesis,c518dc6a29d6bfb5d7d89439d9fad14b81b56649,2026-09-08T05:55:03.440674Z,2026-09-08T05:59:22.794824Z,2026-09-08T05:59:22.791530Z,119.0,192.331,100,1,update,365.9,253.3,30,130.0,159.4,176.2,260.0,,,
20260908T055503Z_p4-chaos-recover,cockroachdb,chaos-recover,thesis,c518dc6a29d6bfb5d7d89439d9fad14b81b56649,2026-09-08T05:55:03.440674Z,2026-09-08T05:59:22.794824Z,2026-09-08T05:59:22.791530Z,120.0,193.332,100,1,read,1363.3,1011.9,30,37.7,58.7,71.3,100.7,,,
20260908T055503Z_p4-chaos-recover,cockroachdb,chaos-recover,thesis,c518dc6a29d6bfb5d7d89439d9fad14b81b56649,2026-09-08T05:55:03.440674Z,2026-09-08T05:59:22.794824Z,2026-09-08T05:59:22.791530Z,120.0,193.332,100,1,update,351.8,254.2,30,142.6,176.2,184.5,201.3,,,
20260908T055503Z_p4-chaos-recover,cockroachdb,chaos-recover,thesis,c518dc6a29d6bfb5d7d89439d9fad14b81b56649,2026-09-08T05:55:03.440674Z,2026-09-08T05:59:22.794824Z,2026-09-08T05:59:22.791530Z,121.0,194.331,100,1,read,1468.0,1015.7,30,35.7,50.3,62.9,75.5,,,
20260908T055503Z_p4-chaos-recover,cockroachdb,chaos-recover,thesis,c518dc6a29d6bfb5d7d89439d9fad14b81b56649,2026-09-08T05:55:03.440674Z,2026-09-08T05:59:22.794824Z,2026-09-08T05:59:22.791530Z,121.0,194.331,100,1,update,367.3,255.1,30,130.0,159.4,176.2,184.5,,,
20260908T055503Z_p4-chaos-recover,cockroachdb,chaos-recover,thesis,c518dc6a29d6bfb5d7d89439d9fad14b81b56649,2026-09-08T05:55:03.440674Z,2026-09-08T05:59:22.794824Z,2026-09-08T05:59:22.791530Z,122.0,195.332,100,1,read,1438.1,1019.1,30,33.6,50.3,58.7,71.3,,,
20260908T055503Z_p4-chaos-recover,cockroachdb,chaos-recover,thesis,c518dc6a29d6bfb5d7d89439d9fad14b81b56649,2026-09-08T05:55:03.440674Z,2026-09-08T05:59:22.794824Z,2026-09-08T05:59:22.791530Z,122.0,195.332,100,1,update,386.0,256.2,30,134.2,167.8,176.2,184.5,,,
20260908T055503Z_p4-chaos-recover,cockroachdb,chaos-recover,thesis,c518dc6a29d6bfb5d7d89439d9fad14b81b56649,2026-09-08T05:55:03.440674Z,2026-09-08T05:59:22.794824Z,2026-09-08T05:59:22.791530Z,123.0,196.331,100,1,read,1384.5,1022.1,30,35.7,54.5,62.9,83.9,,,
20260908T055503Z_p4-chaos-recover,cockroachdb,chaos-recover,thesis,c518dc6a29d6bfb5d7d89439d9fad14b81b56649,2026-09-08T05:55:03.440674Z,2026-09-08T05:59:22.794824Z,2026-09-08T05:59:22.791530Z,123.0,196.331,100,1,update,344.9,256.9,30,134.2,176.2,184.5,192.9,,,
20260908T055503Z_p4-chaos-recover,cockroachdb,chaos-recover,thesis,c518dc6a29d6bfb5d7d89439d9fad14b81b56649,2026-09-08T05:55:03.440674Z,2026-09-08T05:59:22.794824Z,2026-09-08T05:59:22.791530Z,124.0,197.341,100,1,read,702.1,1019.5,30,79.7,151.0,184.5,226.5,,,
20260908T055503Z_p4-chaos-recover,cockroachdb,chaos-recover,thesis,c518dc6a29d6bfb5d7d89439d9fad14b81b56649,2026-09-08T05:55:03.440674Z,2026-09-08T05:59:22.794824Z,2026-09-08T05:59:22.791530Z,124.0,197.341,100,1,update,182.0,256.3,30,234.9,335.5,385.9,385.9,,,
20260908T055503Z_p4-chaos-recover,cockroachdb,chaos-recover,thesis,c518dc6a29d6bfb5d7d89439d9fad14b81b56649,2026-09-08T05:55:03.440674Z,2026-09-08T05:59:22.794824Z,2026-09-08T05:59:22.791530Z,125.0,198.331,100,1,read,1053.9,1019.8,30,50.3,79.7,92.3,104.9,,,
20260908T055503Z_p4-chaos-recover,cockroachdb,chaos-recover,thesis,c518dc6a29d6bfb5d7d89439d9fad14b81b56649,2026-09-08T05:55:03.440674Z,2026-09-08T05:59:22.794824Z,2026-09-08T05:59:22.791530Z,125.0,198.331,100,1,update,281.0,256.5,30,176.2,209.7,226.5,226.5,,,
20260908T055503Z_p4-chaos-recover,cockroachdb,chaos-recover,thesis,c518dc6a29d6bfb5d7d89439d9fad14b81b56649,2026-09-08T05:55:03.440674Z,2026-09-08T05:59:22.794824Z,2026-09-08T05:59:22.791530Z,126.0,199.332,100,1,read,160.0,1013.0,30,79.7,104.9,104.9,109.1,,,
20260908T055503Z_p4-chaos-recover,cockroachdb,chaos-recover,thesis,c518dc6a29d6bfb5d7d89439d9fad14b81b56649,2026-09-08T05:55:03.440674Z,2026-09-08T05:59:22.794824Z,2026-09-08T05:59:22.791530Z,126.0,199.332,100,1,update,52.0,254.9,30,184.5,234.9,234.9,243.3,,,
20260908T055503Z_p4-chaos-recover,cockroachdb,chaos-recover,thesis,c518dc6a29d6bfb5d7d89439d9fad14b81b56649,2026-09-08T05:55:03.440674Z,2026-09-08T05:59:22.794824Z,2026-09-08T05:59:22.791530Z,127.0,200.331,100,1,read,851.4,1011.7,30,50.3,1140.9,1208.0,1208.0,,,
20260908T055503Z_p4-chaos-recover,cockroachdb,chaos-recover,thesis,c518dc6a29d6bfb5d7d89439d9fad14b81b56649,2026-09-08T05:55:03.440674Z,2026-09-08T05:59:22.794824Z,2026-09-08T05:59:22.791530Z,127.0,200.331,100,1,update,166.1,254.2,30,176.2,1342.2,1342.2,1409.3,,,
20260908T055503Z_p4-chaos-recover,cockroachdb,chaos-recover,thesis,c518dc6a29d6bfb5d7d89439d9fad14b81b56649,2026-09-08T05:55:03.440674Z,2026-09-08T05:59:22.794824Z,2026-09-08T05:59:22.791530Z,128.0,201.332,100,1,read,1371.1,1014.5,30,37.7,52.4,67.1,104.9,,,
20260908T055503Z_p4-chaos-recover,cockroachdb,chaos-recover,thesis,c518dc6a29d6bfb5d7d89439d9fad14b81b56649,2026-09-08T05:55:03.440674Z,2026-09-08T05:59:22.794824Z,2026-09-08T05:59:22.791530Z,128.0,201.332,100,1,update,338.0,254.8,30,142.6,184.5,192.9,218.1,,,
20260908T055503Z_p4-chaos-recover,cockroachdb,chaos-recover,thesis,c518dc6a29d6bfb5d7d89439d9fad14b81b56649,2026-09-08T05:55:03.440674Z,2026-09-08T05:59:22.794824Z,2026-09-08T05:59:22.791530Z,129.0,202.331,100,1,read,1388.0,1017.4,30,33.6,52.4,67.1,109.1,,,
20260908T055503Z_p4-chaos-recover,cockroachdb,chaos-recover,thesis,c518dc6a29d6bfb5d7d89439d9fad14b81b56649,2026-09-08T05:55:03.440674Z,2026-09-08T05:59:22.794824Z,2026-09-08T05:59:22.791530Z,129.0,202.331,100,1,update,349.0,255.5,30,142.6,184.5,201.3,218.1,,,
20260908T055503Z_p4-chaos-recover,cockroachdb,chaos-recover,thesis,c518dc6a29d6bfb5d7d89439d9fad14b81b56649,2026-09-08T05:55:03.440674Z,2026-09-08T05:59:22.794824Z,2026-09-08T05:59:22.791530Z,130.0,203.331,100,1,read,1441.9,1020.7,30,35.7,48.2,54.5,71.3,,,
20260908T055503Z_p4-chaos-recover,cockroachdb,chaos-recover,thesis,c518dc6a29d6bfb5d7d89439d9fad14b81b56649,2026-09-08T05:55:03.440674Z,2026-09-08T05:59:22.794824Z,2026-09-08T05:59:22.791530Z,130.0,203.331,100,1,update,379.0,256.5,30,130.0,159.4,167.8,176.2,,,
20260908T055503Z_p4-chaos-recover,cockroachdb,chaos-recover,thesis,c518dc6a29d6bfb5d7d89439d9fad14b81b56649,2026-09-08T05:55:03.440674Z,2026-09-08T05:59:22.794824Z,2026-09-08T05:59:22.791530Z,131.0,204.331,100,1,read,1430.5,1023.8,30,33.6,50.3,58.7,71.3,,,
20260908T055503Z_p4-chaos-recover,cockroachdb,chaos-recover,thesis,c518dc6a29d6bfb5d7d89439d9fad14b81b56649,2026-09-08T05:55:03.440674Z,2026-09-08T05:59:22.794824Z,2026-09-08T05:59:22.791530Z,131.0,204.331,100,1,update,346.1,257.2,30,142.6,184.5,201.3,226.5,,,
20260908T055503Z_p4-chaos-recover,cockroachdb,chaos-recover,thesis,c518dc6a29d6bfb5d7d89439d9fad14b81b56649,2026-09-08T05:55:03.440674Z,2026-09-08T05:59:22.794824Z,2026-09-08T05:59:22.791530Z,132.0,205.331,100,1,read,1416.4,1026.8,30,35.7,50.3,56.6,62.9,,,
20260908T055503Z_p4-chaos-recover,cockroachdb,chaos-recover,thesis,c518dc6a29d6bfb5d7d89439d9fad14b81b56649,2026-09-08T05:55:03.440674Z,2026-09-08T05:59:22.794824Z,2026-09-08T05:59:22.791530Z,132.0,205.331,100,1,update,384.8,258.2,30,134.2,159.4,167.8,167.8,,,
20260908T055503Z_p4-chaos-recover,cockroachdb,chaos-recover,thesis,c518dc6a29d6bfb5d7d89439d9fad14b81b56649,2026-09-08T05:55:03.440674Z,2026-09-08T05:59:22.794824Z,2026-09-08T05:59:22.791530Z,133.0,206.332,100,1,read,1284.0,1028.7,30,37.7,54.5,62.9,79.7,,,
20260908T055503Z_p4-chaos-recover,cockroachdb,chaos-recover,thesis,c518dc6a29d6bfb5d7d89439d9fad14b81b56649,2026-09-08T05:55:03.440674Z,2026-09-08T05:59:22.794824Z,2026-09-08T05:59:22.791530Z,133.0,206.332,100,1,update,383.0,259.1,30,134.2,167.8,184.5,201.3,,,
20260908T055503Z_p4-chaos-recover,cockroachdb,chaos-recover,thesis,c518dc6a29d6bfb5d7d89439d9fad14b81b56649,2026-09-08T05:55:03.440674Z,2026-09-08T05:59:22.794824Z,2026-09-08T05:59:22.791530Z,134.0,207.332,100,1,read,1374.1,1031.3,30,37.7,56.6,65.0,79.7,,,
20260908T055503Z_p4-chaos-recover,cockroachdb,chaos-recover,thesis,c518dc6a29d6bfb5d7d89439d9fad14b81b56649,2026-09-08T05:55:03.440674Z,2026-09-08T05:59:22.794824Z,2026-09-08T05:59:22.791530Z,134.0,207.332,100,1,update,341.0,259.7,30,134.2,176.2,192.9,201.3,,,
20260908T055503Z_p4-chaos-recover,cockroachdb,chaos-recover,thesis,c518dc6a29d6bfb5d7d89439d9fad14b81b56649,2026-09-08T05:55:03.440674Z,2026-09-08T05:59:22.794824Z,2026-09-08T05:59:22.791530Z,135.0,208.329,100,1,read,1298.5,1033.3,30,35.7,56.6,71.3,79.7,,,
20260908T055503Z_p4-chaos-recover,cockroachdb,chaos-recover,thesis,c518dc6a29d6bfb5d7d89439d9fad14b81b56649,2026-09-08T05:55:03.440674Z,2026-09-08T05:59:22.794824Z,2026-09-08T05:59:22.791530Z,135.0,208.329,100,1,update,378.1,260.6,30,142.6,184.5,192.9,209.7,,,
20260908T055503Z_p4-chaos-recover,cockroachdb,chaos-recover,thesis,c518dc6a29d6bfb5d7d89439d9fad14b81b56649,2026-09-08T05:55:03.440674Z,2026-09-08T05:59:22.794824Z,2026-09-08T05:59:22.791530Z,136.0,209.338,100,1,read,1392.6,1035.9,30,35.7,52.4,60.8,75.5,,,
20260908T055503Z_p4-chaos-recover,cockroachdb,chaos-recover,thesis,c518dc6a29d6bfb5d7d89439d9fad14b81b56649,2026-09-08T05:55:03.440674Z,2026-09-08T05:59:22.794824Z,2026-09-08T05:59:22.791530Z,136.0,209.338,100,1,update,371.9,261.4,30,142.6,176.2,192.9,209.7,,,
20260908T055503Z_p4-chaos-recover,cockroachdb,chaos-recover,thesis,c518dc6a29d6bfb5d7d89439d9fad14b81b56649,2026-09-08T05:55:03.440674Z,2026-09-08T05:59:22.794824Z,2026-09-08T05:59:22.791530Z,137.0,210.332,100,1,read,1471.0,1039.1,30,35.7,50.3,60.8,75.5,,,
20260908T055503Z_p4-chaos-recover,cockroachdb,chaos-recover,thesis,c518dc6a29d6bfb5d7d89439d9fad14b81b56649,2026-09-08T05:55:03.440674Z,2026-09-08T05:59:22.794824Z,2026-09-08T05:59:22.791530Z,137.0,210.332,100,1,update,352.0,262.1,30,134.2,167.8,176.2,184.5,,,
20260908T055503Z_p4-chaos-recover,cockroachdb,chaos-recover,thesis,c518dc6a29d6bfb5d7d89439d9fad14b81b56649,2026-09-08T05:55:03.440674Z,2026-09-08T05:59:22.794824Z,2026-09-08T05:59:22.791530Z,138.0,211.333,100,1,read,1471.4,1042.2,30,33.6,54.5,67.1,134.2,,,
20260908T055503Z_p4-chaos-recover,cockroachdb,chaos-recover,thesis,c518dc6a29d6bfb5d7d89439d9fad14b81b56649,2026-09-08T05:55:03.440674Z,2026-09-08T05:59:22.794824Z,2026-09-08T05:59:22.791530Z,138.0,211.333,100,1,update,348.1,262.7,30,134.2,176.2,192.9,192.9,,,
20260908T055503Z_p4-chaos-recover,cockroachdb,chaos-recover,thesis,c518dc6a29d6bfb5d7d89439d9fad14b81b56649,2026-09-08T05:55:03.440674Z,2026-09-08T05:59:22.794824Z,2026-09-08T05:59:22.791530Z,139.0,212.344,100,1,read,1437.2,1045.0,30,33.6,54.5,71.3,92.3,,,
20260908T055503Z_p4-chaos-recover,cockroachdb,chaos-recover,thesis,c518dc6a29d6bfb5d7d89439d9fad14b81b56649,2026-09-08T05:55:03.440674Z,2026-09-08T05:59:22.794824Z,2026-09-08T05:59:22.791530Z,139.0,212.344,100,1,update,350.8,263.3,30,142.6,167.8,176.2,201.3,,,
20260908T055503Z_p4-chaos-recover,cockroachdb,chaos-recover,thesis,c518dc6a29d6bfb5d7d89439d9fad14b81b56649,2026-09-08T05:55:03.440674Z,2026-09-08T05:59:22.794824Z,2026-09-08T05:59:22.791530Z,140.0,213.332,100,1,read,1458.2,1048.0,30,35.7,50.3,56.6,117.4,,,
20260908T055503Z_p4-chaos-recover,cockroachdb,chaos-recover,thesis,c518dc6a29d6bfb5d7d89439d9fad14b81b56649,2026-09-08T05:55:03.440674Z,2026-09-08T05:59:22.794824Z,2026-09-08T05:59:22.791530Z,140.0,213.332,100,1,update,367.1,264.1,30,130.0,167.8,176.2,184.5,,,
20260908T055503Z_p4-chaos-recover,cockroachdb,chaos-recover,thesis,c518dc6a29d6bfb5d7d89439d9fad14b81b56649,2026-09-08T05:55:03.440674Z,2026-09-08T05:59:22.794824Z,2026-09-08T05:59:22.791530Z,141.0,214.332,100,1,read,1375.5,1050.3,30,35.7,52.4,60.8,117.4,,,
20260908T055503Z_p4-chaos-recover,cockroachdb,chaos-recover,thesis,c518dc6a29d6bfb5d7d89439d9fad14b81b56649,2026-09-08T05:55:03.440674Z,2026-09-08T05:59:22.794824Z,2026-09-08T05:59:22.791530Z,141.0,214.332,100,1,update,356.1,264.7,30,151.0,192.9,209.7,218.1,,,
20260908T055503Z_p4-chaos-recover,cockroachdb,chaos-recover,thesis,c518dc6a29d6bfb5d7d89439d9fad14b81b56649,2026-09-08T05:55:03.440674Z,2026-09-08T05:59:22.794824Z,2026-09-08T05:59:22.791530Z,142.0,215.333,100,1,read,1118.2,1050.8,30,41.9,88.1,109.1,142.6,,,
20260908T055503Z_p4-chaos-recover,cockroachdb,chaos-recover,thesis,c518dc6a29d6bfb5d7d89439d9fad14b81b56649,2026-09-08T05:55:03.440674Z,2026-09-08T05:59:22.794824Z,2026-09-08T05:59:22.791530Z,142.0,215.333,100,1,update,290.8,264.9,30,151.0,218.1,234.9,251.7,,,
20260908T055503Z_p4-chaos-recover,cockroachdb,chaos-recover,thesis,c518dc6a29d6bfb5d7d89439d9fad14b81b56649,2026-09-08T05:55:03.440674Z,2026-09-08T05:59:22.794824Z,2026-09-08T05:59:22.791530Z,143.0,216.333,100,1,read,1101.8,1051.2,30,44.0,96.5,121.6,176.2,,,
20260908T055503Z_p4-chaos-recover,cockroachdb,chaos-recover,thesis,c518dc6a29d6bfb5d7d89439d9fad14b81b56649,2026-09-08T05:55:03.440674Z,2026-09-08T05:59:22.794824Z,2026-09-08T05:59:22.791530Z,143.0,216.333,100,1,update,289.2,265.1,30,159.4,285.2,318.8,352.3,,,
20260908T055503Z_p4-chaos-recover,cockroachdb,chaos-recover,thesis,c518dc6a29d6bfb5d7d89439d9fad14b81b56649,2026-09-08T05:55:03.440674Z,2026-09-08T05:59:22.794824Z,2026-09-08T05:59:22.791530Z,144.0,217.333,100,1,read,1285.7,1052.8,30,37.7,56.6,71.3,88.1,,,
20260908T055503Z_p4-chaos-recover,cockroachdb,chaos-recover,thesis,c518dc6a29d6bfb5d7d89439d9fad14b81b56649,2026-09-08T05:55:03.440674Z,2026-09-08T05:59:22.794824Z,2026-09-08T05:59:22.791530Z,144.0,217.333,100,1,update,344.9,265.6,30,151.0,192.9,201.3,218.1,,,
20260908T055503Z_p4-chaos-recover,cockroachdb,chaos-recover,thesis,c518dc6a29d6bfb5d7d89439d9fad14b81b56649,2026-09-08T05:55:03.440674Z,2026-09-08T05:59:22.794824Z,2026-09-08T05:59:22.791530Z,145.0,218.331,100,1,read,1397.7,1055.2,30,35.7,50.3,62.9,75.5,,,
20260908T055503Z_p4-chaos-recover,cockroachdb,chaos-recover,thesis,c518dc6a29d6bfb5d7d89439d9fad14b81b56649,2026-09-08T05:55:03.440674Z,2026-09-08T05:59:22.794824Z,2026-09-08T05:59:22.791530Z,145.0,218.331,100,1,update,368.9,266.3,30,134.2,184.5,209.7,218.1,,,
20260908T055503Z_p4-chaos-recover,cockroachdb,chaos-recover,thesis,c518dc6a29d6bfb5d7d89439d9fad14b81b56649,2026-09-08T05:55:03.440674Z,2026-09-08T05:59:22.794824Z,2026-09-08T05:59:22.791530Z,146.0,219.333,100,1,read,1478.9,1058.1,30,33.6,48.2,56.6,75.5,,,
20260908T055503Z_p4-chaos-recover,cockroachdb,chaos-recover,thesis,c518dc6a29d6bfb5d7d89439d9fad14b81b56649,2026-09-08T05:55:03.440674Z,2026-09-08T05:59:22.794824Z,2026-09-08T05:59:22.791530Z,146.0,219.333,100,1,update,360.0,267.0,30,134.2,176.2,184.5,218.1,,,
20260908T055503Z_p4-chaos-recover,cockroachdb,chaos-recover,thesis,c518dc6a29d6bfb5d7d89439d9fad14b81b56649,2026-09-08T05:55:03.440674Z,2026-09-08T05:59:22.794824Z,2026-09-08T05:59:22.791530Z,147.0,220.329,100,1,read,1450.8,1060.7,30,32.5,48.2,56.6,65.0,,,
20260908T055503Z_p4-chaos-recover,cockroachdb,chaos-recover,thesis,c518dc6a29d6bfb5d7d89439d9fad14b81b56649,2026-09-08T05:55:03.440674Z,2026-09-08T05:59:22.794824Z,2026-09-08T05:59:22.791530Z,147.0,220.329,100,1,update,406.2,267.9,30,130.0,159.4,167.8,192.9,,,
20260908T055503Z_p4-chaos-recover,cockroachdb,chaos-recover,thesis,c518dc6a29d6bfb5d7d89439d9fad14b81b56649,2026-09-08T05:55:03.440674Z,2026-09-08T05:59:22.794824Z,2026-09-08T05:59:22.791530Z,148.0,221.338,100,1,read,1476.4,1063.5,30,33.6,50.3,60.8,71.3,,,
20260908T055503Z_p4-chaos-recover,cockroachdb,chaos-recover,thesis,c518dc6a29d6bfb5d7d89439d9fad14b81b56649,2026-09-08T05:55:03.440674Z,2026-09-08T05:59:22.794824Z,2026-09-08T05:59:22.791530Z,148.0,221.338,100,1,update,372.9,268.6,30,130.0,167.8,176.2,176.2,,,
20260908T055503Z_p4-chaos-recover,cockroachdb,chaos-recover,thesis,c518dc6a29d6bfb5d7d89439d9fad14b81b56649,2026-09-08T05:55:03.440674Z,2026-09-08T05:59:22.794824Z,2026-09-08T05:59:22.791530Z,149.0,222.329,100,1,read,1591.5,1067.1,30,33.6,48.2,56.6,71.3,,,
20260908T055503Z_p4-chaos-recover,cockroachdb,chaos-recover,thesis,c518dc6a29d6bfb5d7d89439d9fad14b81b56649,2026-09-08T05:55:03.440674Z,2026-09-08T05:59:22.794824Z,2026-09-08T05:59:22.791530Z,149.0,222.329,100,1,update,365.1,269.3,30,130.0,151.0,159.4,167.8,,,
20260908T055503Z_p4-chaos-recover,cockroachdb,chaos-recover,thesis,c518dc6a29d6bfb5d7d89439d9fad14b81b56649,2026-09-08T05:55:03.440674Z,2026-09-08T05:59:22.794824Z,2026-09-08T05:59:22.791530Z,150.0,223.332,100,1,read,1509.7,1070.0,30,33.6,52.4,62.9,83.9,,,
20260908T055503Z_p4-chaos-recover,cockroachdb,chaos-recover,thesis,c518dc6a29d6bfb5d7d89439d9fad14b81b56649,2026-09-08T05:55:03.440674Z,2026-09-08T05:59:22.794824Z,2026-09-08T05:59:22.791530Z,150.0,223.332,100,1,update,348.9,269.8,30,134.2,159.4,167.8,184.5,,,
20260908T055503Z_p4-chaos-recover,cockroachdb,chaos-recover,thesis,c518dc6a29d6bfb5d7d89439d9fad14b81b56649,2026-09-08T05:55:03.440674Z,2026-09-08T05:59:22.794824Z,2026-09-08T05:59:22.791530Z,151.0,224.331,100,1,read,1537.8,1073.1,30,32.5,50.3,60.8,75.5,,,
20260908T055503Z_p4-chaos-recover,cockroachdb,chaos-recover,thesis,c518dc6a29d6bfb5d7d89439d9fad14b81b56649,2026-09-08T05:55:03.440674Z,2026-09-08T05:59:22.794824Z,2026-09-08T05:59:22.791530Z,151.0,224.331,100,1,update,358.0,270.4,30,134.2,167.8,176.2,184.5,,,
20260908T055503Z_p4-chaos-recover,cockroachdb,chaos-recover,thesis,c518dc6a29d6bfb5d7d89439d9fad14b81b56649,2026-09-08T05:55:03.440674Z,2026-09-08T05:59:22.794824Z,2026-09-08T05:59:22.791530Z,152.0,225.332,100,1,read,1462.0,1075.7,30,35.7,48.2,54.5,67.1,,,
20260908T055503Z_p4-chaos-recover,cockroachdb,chaos-recover,thesis,c518dc6a29d6bfb5d7d89439d9fad14b81b56649,2026-09-08T05:55:03.440674Z,2026-09-08T05:59:22.794824Z,2026-09-08T05:59:22.791530Z,152.0,225.332,100,1,update,368.0,271.0,30,130.0,159.4,167.8,176.2,,,
20260908T055503Z_p4-chaos-recover,cockroachdb,chaos-recover,thesis,c518dc6a29d6bfb5d7d89439d9fad14b81b56649,2026-09-08T05:55:03.440674Z,2026-09-08T05:59:22.794824Z,2026-09-08T05:59:22.791530Z,153.0,226.332,100,1,read,1385.7,1077.7,30,35.7,56.6,71.3,75.5,,,
20260908T055503Z_p4-chaos-recover,cockroachdb,chaos-recover,thesis,c518dc6a29d6bfb5d7d89439d9fad14b81b56649,2026-09-08T05:55:03.440674Z,2026-09-08T05:59:22.794824Z,2026-09-08T05:59:22.791530Z,153.0,226.332,100,1,update,368.9,271.7,30,134.2,167.8,184.5,184.5,,,
20260908T055503Z_p4-chaos-recover,cockroachdb,chaos-recover,thesis,c518dc6a29d6bfb5d7d89439d9fad14b81b56649,2026-09-08T05:55:03.440674Z,2026-09-08T05:59:22.794824Z,2026-09-08T05:59:22.791530Z,154.0,227.332,100,1,read,1403.0,1079.8,30,33.6,56.6,65.0,83.9,,,
20260908T055503Z_p4-chaos-recover,cockroachdb,chaos-recover,thesis,c518dc6a29d6bfb5d7d89439d9fad14b81b56649,2026-09-08T05:55:03.440674Z,2026-09-08T05:59:22.794824Z,2026-09-08T05:59:22.791530Z,154.0,227.332,100,1,update,364.0,272.3,30,142.6,184.5,201.3,209.7,,,
20260908T055503Z_p4-chaos-recover,cockroachdb,chaos-recover,thesis,c518dc6a29d6bfb5d7d89439d9fad14b81b56649,2026-09-08T05:55:03.440674Z,2026-09-08T05:59:22.794824Z,2026-09-08T05:59:22.791530Z,155.0,228.334,100,1,read,1507.1,1082.6,30,33.6,50.3,56.6,62.9,,,
20260908T055503Z_p4-chaos-recover,cockroachdb,chaos-recover,thesis,c518dc6a29d6bfb5d7d89439d9fad14b81b56649,2026-09-08T05:55:03.440674Z,2026-09-08T05:59:22.794824Z,2026-09-08T05:59:22.791530Z,155.0,228.334,100,1,update,375.0,272.9,30,130.0,159.4,176.2,201.3,,,
20260908T055503Z_p4-chaos-recover,cockroachdb,chaos-recover,thesis,c518dc6a29d6bfb5d7d89439d9fad14b81b56649,2026-09-08T05:55:03.440674Z,2026-09-08T05:59:22.794824Z,2026-09-08T05:59:22.791530Z,156.0,229.331,100,1,read,1497.4,1085.2,30,32.5,50.3,62.9,71.3,,,
20260908T055503Z_p4-chaos-recover,cockroachdb,chaos-recover,thesis,c518dc6a29d6bfb5d7d89439d9fad14b81b56649,2026-09-08T05:55:03.440674Z,2026-09-08T05:59:22.794824Z,2026-09-08T05:59:22.791530Z,156.0,229.331,100,1,update,368.1,273.5,30,134.2,167.8,176.2,184.5,,,
20260908T055503Z_p4-chaos-recover,cockroachdb,chaos-recover,thesis,c518dc6a29d6bfb5d7d89439d9fad14b81b56649,2026-09-08T05:55:03.440674Z,2026-09-08T05:59:22.794824Z,2026-09-08T05:59:22.791530Z,157.0,230.33,100,1,read,1518.2,1088.0,30,32.5,48.2,60.8,75.5,,,
20260908T055503Z_p4-chaos-recover,cockroachdb,chaos-recover,thesis,c518dc6a29d6bfb5d7d89439d9fad14b81b56649,2026-09-08T05:55:03.440674Z,2026-09-08T05:59:22.794824Z,2026-09-08T05:59:22.791530Z,157.0,230.33,100,1,update,360.0,274.1,30,134.2,167.8,176.2,201.3,,,
20260908T055503Z_p4-chaos-recover,cockroachdb,chaos-recover,thesis,c518dc6a29d6bfb5d7d89439d9fad14b81b56649,2026-09-08T05:55:03.440674Z,2026-09-08T05:59:22.794824Z,2026-09-08T05:59:22.791530Z,158.0,231.332,100,1,read,1415.4,1090.1,30,35.7,50.3,56.6,67.1,,,
20260908T055503Z_p4-chaos-recover,cockroachdb,chaos-recover,thesis,c518dc6a29d6bfb5d7d89439d9fad14b81b56649,2026-09-08T05:55:03.440674Z,2026-09-08T05:59:22.794824Z,2026-09-08T05:59:22.791530Z,158.0,231.332,100,1,update,380.8,274.8,30,134.2,167.8,184.5,201.3,,,
20260908T055503Z_p4-chaos-recover,cockroachdb,chaos-recover,thesis,c518dc6a29d6bfb5d7d89439d9fad14b81b56649,2026-09-08T05:55:03.440674Z,2026-09-08T05:59:22.794824Z,2026-09-08T05:59:22.791530Z,159.0,232.333,100,1,read,1319.6,1091.5,30,37.7,58.7,65.0,79.7,,,
20260908T055503Z_p4-chaos-recover,cockroachdb,chaos-recover,thesis,c518dc6a29d6bfb5d7d89439d9fad14b81b56649,2026-09-08T05:55:03.440674Z,2026-09-08T05:59:22.794824Z,2026-09-08T05:59:22.791530Z,159.0,232.333,100,1,update,315.9,275.0,30,159.4,192.9,201.3,209.7,,,
20260908T055503Z_p4-chaos-recover,cockroachdb,chaos-recover,thesis,c518dc6a29d6bfb5d7d89439d9fad14b81b56649,2026-09-08T05:55:03.440674Z,2026-09-08T05:59:22.794824Z,2026-09-08T05:59:22.791530Z,160.0,233.333,100,1,read,1111.6,1091.6,30,46.1,75.5,117.4,209.7,,,
20260908T055503Z_p4-chaos-recover,cockroachdb,chaos-recover,thesis,c518dc6a29d6bfb5d7d89439d9fad14b81b56649,2026-09-08T05:55:03.440674Z,2026-09-08T05:59:22.794824Z,2026-09-08T05:59:22.791530Z,160.0,233.333,100,1,update,242.1,274.8,30,184.5,302.0,335.5,369.1,,,
20260908T055503Z_p4-chaos-recover,cockroachdb,chaos-recover,thesis,c518dc6a29d6bfb5d7d89439d9fad14b81b56649,2026-09-08T05:55:03.440674Z,2026-09-08T05:59:22.794824Z,2026-09-08T05:59:22.791530Z,161.0,234.332,100,1,read,1195.6,1092.3,30,41.9,75.5,88.1,167.8,,,
20260908T055503Z_p4-chaos-recover,cockroachdb,chaos-recover,thesis,c518dc6a29d6bfb5d7d89439d9fad14b81b56649,2026-09-08T05:55:03.440674Z,2026-09-08T05:59:22.794824Z,2026-09-08T05:59:22.791530Z,161.0,234.332,100,1,update,314.9,275.1,30,151.0,234.9,251.7,318.8,,,
20260908T055503Z_p4-chaos-recover,cockroachdb,chaos-recover,thesis,c518dc6a29d6bfb5d7d89439d9fad14b81b56649,2026-09-08T05:55:03.440674Z,2026-09-08T05:59:22.794824Z,2026-09-08T05:59:22.791530Z,162.0,235.332,100,1,read,1431.4,1094.4,30,35.7,50.3,60.8,71.3,,,
20260908T055503Z_p4-chaos-recover,cockroachdb,chaos-recover,thesis,c518dc6a29d6bfb5d7d89439d9fad14b81b56649,2026-09-08T05:55:03.440674Z,2026-09-08T05:59:22.794824Z,2026-09-08T05:59:22.791530Z,162.0,235.332,100,1,update,345.1,275.5,30,142.6,167.8,192.9,201.3,,,
20260908T055503Z_p4-chaos-recover,cockroachdb,chaos-recover,thesis,c518dc6a29d6bfb5d7d89439d9fad14b81b56649,2026-09-08T05:55:03.440674Z,2026-09-08T05:59:22.794824Z,2026-09-08T05:59:22.791530Z,163.0,236.329,100,1,read,1333.3,1095.9,30,37.7,56.6,71.3,88.1,,,
20260908T055503Z_p4-chaos-recover,cockroachdb,chaos-recover,thesis,c518dc6a29d6bfb5d7d89439d9fad14b81b56649,2026-09-08T05:55:03.440674Z,2026-09-08T05:59:22.794824Z,2026-09-08T05:59:22.791530Z,163.0,236.329,100,1,update,362.1,276.0,30,134.2,184.5,192.9,192.9,,,
20260908T055503Z_p4-chaos-recover,cockroachdb,chaos-recover,thesis,c518dc6a29d6bfb5d7d89439d9fad14b81b56649,2026-09-08T05:55:03.440674Z,2026-09-08T05:59:22.794824Z,2026-09-08T05:59:22.791530Z,164.0,237.33,100,1,read,1374.0,1097.5,30,37.7,62.9,79.7,151.0,,,
20260908T055503Z_p4-chaos-recover,cockroachdb,chaos-recover,thesis,c518dc6a29d6bfb5d7d89439d9fad14b81b56649,2026-09-08T05:55:03.440674Z,2026-09-08T05:59:22.794824Z,2026-09-08T05:59:22.791530Z,164.0,237.33,100,1,update,313.0,276.3,30,151.0,192.9,209.7,226.5,,,
20260908T055503Z_p4-chaos-recover,cockroachdb,chaos-recover,thesis,c518dc6a29d6bfb5d7d89439d9fad14b81b56649,2026-09-08T05:55:03.440674Z,2026-09-08T05:59:22.794824Z,2026-09-08T05:59:22.791530Z,165.0,238.331,100,1,read,1459.9,1099.7,30,37.7,54.5,62.9,88.1,,,
20260908T055503Z_p4-chaos-recover,cockroachdb,chaos-recover,thesis,c518dc6a29d6bfb5d7d89439d9fad14b81b56649,2026-09-08T05:55:03.440674Z,2026-09-08T05:59:22.794824Z,2026-09-08T05:59:22.791530Z,165.0,238.331,100,1,update,312.0,276.5,30,142.6,176.2,184.5,192.9,,,
20260908T055503Z_p4-chaos-recover,cockroachdb,chaos-recover,thesis,c518dc6a29d6bfb5d7d89439d9fad14b81b56649,2026-09-08T05:55:03.440674Z,2026-09-08T05:59:22.794824Z,2026-09-08T05:59:22.791530Z,166.0,239.331,100,1,read,1443.9,1101.8,30,35.7,50.3,60.8,71.3,,,
20260908T055503Z_p4-chaos-recover,cockroachdb,chaos-recover,thesis,c518dc6a29d6bfb5d7d89439d9fad14b81b56649,2026-09-08T05:55:03.440674Z,2026-09-08T05:59:22.794824Z,2026-09-08T05:59:22.791530Z,166.0,239.331,100,1,update,379.0,277.1,30,134.2,167.8,176.2,184.5,,,
20260908T055503Z_p4-chaos-recover,cockroachdb,chaos-recover,thesis,c518dc6a29d6bfb5d7d89439d9fad14b81b56649,2026-09-08T05:55:03.440674Z,2026-09-08T05:59:22.794824Z,2026-09-08T05:59:22.791530Z,167.0,240.33,100,1,read,1466.2,1104.0,30,35.7,50.3,58.7,88.1,,,
20260908T055503Z_p4-chaos-recover,cockroachdb,chaos-recover,thesis,c518dc6a29d6bfb5d7d89439d9fad14b81b56649,2026-09-08T05:55:03.440674Z,2026-09-08T05:59:22.794824Z,2026-09-08T05:59:22.791530Z,167.0,240.33,100,1,update,358.0,277.6,30,130.0,167.8,184.5,201.3,,,
20260908T055503Z_p4-chaos-recover,cockroachdb,chaos-recover,thesis,c518dc6a29d6bfb5d7d89439d9fad14b81b56649,2026-09-08T05:55:03.440674Z,2026-09-08T05:59:22.794824Z,2026-09-08T05:59:22.791530Z,168.0,241.333,100,1,read,1463.9,1106.1,30,35.7,50.3,56.6,75.5,,,
20260908T055503Z_p4-chaos-recover,cockroachdb,chaos-recover,thesis,c518dc6a29d6bfb5d7d89439d9fad14b81b56649,2026-09-08T05:55:03.440674Z,2026-09-08T05:59:22.794824Z,2026-09-08T05:59:22.791530Z,168.0,241.333,100,1,update,360.0,278.1,30,134.2,167.8,167.8,184.5,,,
20260908T055503Z_p4-chaos-recover,cockroachdb,chaos-recover,thesis,c518dc6a29d6bfb5d7d89439d9fad14b81b56649,2026-09-08T05:55:03.440674Z,2026-09-08T05:59:22.794824Z,2026-09-08T05:59:22.791530Z,169.0,242.332,100,1,read,1457.6,1108.2,30,33.6,48.2,62.9,71.3,,,
20260908T055503Z_p4-chaos-recover,cockroachdb,chaos-recover,thesis,c518dc6a29d6bfb5d7d89439d9fad14b81b56649,2026-09-08T05:55:03.440674Z,2026-09-08T05:59:22.794824Z,2026-09-08T05:59:22.791530Z,169.0,242.332,100,1,update,395.9,278.8,30,130.0,159.4,159.4,167.8,,,
20260908T055503Z_p4-chaos-recover,cockroachdb,chaos-recover,thesis,c518dc6a29d6bfb5d7d89439d9fad14b81b56649,2026-09-08T05:55:03.440674Z,2026-09-08T05:59:22.794824Z,2026-09-08T05:59:22.791530Z,170.0,243.335,100,1,read,1503.9,1110.5,30,32.5,48.2,56.6,65.0,,,
20260908T055503Z_p4-chaos-recover,cockroachdb,chaos-recover,thesis,c518dc6a29d6bfb5d7d89439d9fad14b81b56649,2026-09-08T05:55:03.440674Z,2026-09-08T05:59:22.794824Z,2026-09-08T05:59:22.791530Z,170.0,243.335,100,1,update,366.0,279.3,30,134.2,159.4,167.8,184.5,,,
20260908T055503Z_p4-chaos-recover,cockroachdb,chaos-recover,thesis,c518dc6a29d6bfb5d7d89439d9fad14b81b56649,2026-09-08T05:55:03.440674Z,2026-09-08T05:59:22.794824Z,2026-09-08T05:59:22.791530Z,171.0,244.332,100,1,read,1489.3,1112.8,30,35.7,50.3,58.7,104.9,,,
20260908T055503Z_p4-chaos-recover,cockroachdb,chaos-recover,thesis,c518dc6a29d6bfb5d7d89439d9fad14b81b56649,2026-09-08T05:55:03.440674Z,2026-09-08T05:59:22.794824Z,2026-09-08T05:59:22.791530Z,171.0,244.332,100,1,update,342.1,279.6,30,134.2,167.8,176.2,184.5,,,
20260908T055503Z_p4-chaos-recover,cockroachdb,chaos-recover,thesis,c518dc6a29d6bfb5d7d89439d9fad14b81b56649,2026-09-08T05:55:03.440674Z,2026-09-08T05:59:22.794824Z,2026-09-08T05:59:22.791530Z,172.0,245.34,100,1,read,1390.4,1114.4,30,33.6,50.3,56.6,71.3,,,
20260908T055503Z_p4-chaos-recover,cockroachdb,chaos-recover,thesis,c518dc6a29d6bfb5d7d89439d9fad14b81b56649,2026-09-08T05:55:03.440674Z,2026-09-08T05:59:22.794824Z,2026-09-08T05:59:22.791530Z,172.0,245.34,100,1,update,394.1,280.3,30,130.0,167.8,176.2,192.9,,,
20260908T055503Z_p4-chaos-recover,cockroachdb,chaos-recover,thesis,c518dc6a29d6bfb5d7d89439d9fad14b81b56649,2026-09-08T05:55:03.440674Z,2026-09-08T05:59:22.794824Z,2026-09-08T05:59:22.791530Z,173.0,246.332,100,1,read,1307.5,1115.5,30,35.7,62.9,75.5,88.1,,,
20260908T055503Z_p4-chaos-recover,cockroachdb,chaos-recover,thesis,c518dc6a29d6bfb5d7d89439d9fad14b81b56649,2026-09-08T05:55:03.440674Z,2026-09-08T05:59:22.794824Z,2026-09-08T05:59:22.791530Z,173.0,246.332,100,1,update,329.9,280.6,30,151.0,184.5,192.9,201.3,,,
20260908T055503Z_p4-chaos-recover,cockroachdb,chaos-recover,thesis,c518dc6a29d6bfb5d7d89439d9fad14b81b56649,2026-09-08T05:55:03.440674Z,2026-09-08T05:59:22.794824Z,2026-09-08T05:59:22.791530Z,174.0,247.33,100,1,read,1070.3,1115.2,30,48.2,79.7,96.5,113.2,,,
20260908T055503Z_p4-chaos-recover,cockroachdb,chaos-recover,thesis,c518dc6a29d6bfb5d7d89439d9fad14b81b56649,2026-09-08T05:55:03.440674Z,2026-09-08T05:59:22.794824Z,2026-09-08T05:59:22.791530Z,174.0,247.33,100,1,update,243.1,280.4,30,192.9,268.4,318.8,335.5,,,
20260908T055503Z_p4-chaos-recover,cockroachdb,chaos-recover,thesis,c518dc6a29d6bfb5d7d89439d9fad14b81b56649,2026-09-08T05:55:03.440674Z,2026-09-08T05:59:22.794824Z,2026-09-08T05:59:22.791530Z,175.0,248.331,100,1,read,1102.6,1115.2,30,41.9,71.3,92.3,159.4,,,
20260908T055503Z_p4-chaos-recover,cockroachdb,chaos-recover,thesis,c518dc6a29d6bfb5d7d89439d9fad14b81b56649,2026-09-08T05:55:03.440674Z,2026-09-08T05:59:22.794824Z,2026-09-08T05:59:22.791530Z,175.0,248.331,100,1,update,291.9,280.5,30,167.8,285.2,318.8,335.5,,,
20260908T055503Z_p4-chaos-recover,cockroachdb,chaos-recover,thesis,c518dc6a29d6bfb5d7d89439d9fad14b81b56649,2026-09-08T05:55:03.440674Z,2026-09-08T05:59:22.794824Z,2026-09-08T05:59:22.791530Z,176.0,249.33,100,1,read,985.2,1114.4,30,52.4,75.5,88.1,113.2,,,
20260908T055503Z_p4-chaos-recover,cockroachdb,chaos-recover,thesis,c518dc6a29d6bfb5d7d89439d9fad14b81b56649,2026-09-08T05:55:03.440674Z,2026-09-08T05:59:22.794824Z,2026-09-08T05:59:22.791530Z,176.0,249.33,100,1,update,259.1,280.3,30,184.5,234.9,251.7,260.0,,,
20260908T055503Z_p4-chaos-recover,cockroachdb,chaos-recover,thesis,c518dc6a29d6bfb5d7d89439d9fad14b81b56649,2026-09-08T05:55:03.440674Z,2026-09-08T05:59:22.794824Z,2026-09-08T05:59:22.791530Z,177.0,250.333,100,1,read,1028.5,1113.9,30,46.1,88.1,125.8,130.0,,,
20260908T055503Z_p4-chaos-recover,cockroachdb,chaos-recover,thesis,c518dc6a29d6bfb5d7d89439d9fad14b81b56649,2026-09-08T05:55:03.440674Z,2026-09-08T05:59:22.794824Z,2026-09-08T05:59:22.791530Z,177.0,250.333,100,1,update,233.9,280.1,30,209.7,285.2,318.8,318.8,,,
20260908T055503Z_p4-chaos-recover,cockroachdb,chaos-recover,thesis,c518dc6a29d6bfb5d7d89439d9fad14b81b56649,2026-09-08T05:55:03.440674Z,2026-09-08T05:59:22.794824Z,2026-09-08T05:59:22.791530Z,178.0,251.335,100,1,read,1041.3,1113.5,30,44.0,71.3,83.9,134.2,,,
20260908T055503Z_p4-chaos-recover,cockroachdb,chaos-recover,thesis,c518dc6a29d6bfb5d7d89439d9fad14b81b56649,2026-09-08T05:55:03.440674Z,2026-09-08T05:59:22.794824Z,2026-09-08T05:59:22.791530Z,178.0,251.335,100,1,update,262.1,280.0,30,201.3,285.2,302.0,318.8,,,
20260908T055503Z_p4-chaos-recover,cockroachdb,chaos-recover,thesis,c518dc6a29d6bfb5d7d89439d9fad14b81b56649,2026-09-08T05:55:03.440674Z,2026-09-08T05:59:22.794824Z,2026-09-08T05:59:22.791530Z,179.0,252.344,100,1,read,870.3,1112.2,30,50.3,318.8,369.1,385.9,,,
20260908T055503Z_p4-chaos-recover,cockroachdb,chaos-recover,thesis,c518dc6a29d6bfb5d7d89439d9fad14b81b56649,2026-09-08T05:55:03.440674Z,2026-09-08T05:59:22.794824Z,2026-09-08T05:59:22.791530Z,179.0,252.344,100,1,update,249.1,279.8,30,151.0,503.3,536.9,536.9,,,
