run_id,engine,category,profile_name,git_revision,started_utc,finished_utc,ts_utc,elapsed_s,wall_offset_s,concurrency,repetition,op,tps,tps_cum,errors_cum,p50_ms,p95_ms,p99_ms,pmax_ms,gateway_cpu_pct,gateway_disk_iops,gateway_rss_bytes
20260905T213941Z_p4-chaos-dead,cockroachdb,chaos-dead,thesis-extended,f4e8357c79a5ac7a69f21cf0b607ef79f3c48eec,2026-09-05T21:39:41.634756Z,2026-09-05T21:42:54.961474Z,2026-09-05T21:42:54.957750Z,1.0,6.552,100,1,read,1580.5,2216.0,0,13.1,35.7,71.3,130.0,,,
20260905T213941Z_p4-chaos-dead,cockroachdb,chaos-dead,thesis-extended,f4e8357c79a5ac7a69f21cf0b607ef79f3c48eec,2026-09-05T21:39:41.634756Z,2026-09-05T21:42:54.961474Z,2026-09-05T21:42:54.957750Z,1.0,6.552,100,1,update,332.2,465.8,0,134.2,176.2,192.9,201.3,,,
20260905T213941Z_p4-chaos-dead,cockroachdb,chaos-dead,thesis-extended,f4e8357c79a5ac7a69f21cf0b607ef79f3c48eec,2026-09-05T21:39:41.634756Z,2026-09-05T21:42:54.961474Z,2026-09-05T21:42:54.957750Z,2.0,7.547,100,1,read,1658.7,1937.2,0,18.9,65.0,71.3,83.9,,,
20260905T213941Z_p4-chaos-dead,cockroachdb,chaos-dead,thesis-extended,f4e8357c79a5ac7a69f21cf0b607ef79f3c48eec,2026-09-05T21:39:41.634756Z,2026-09-05T21:42:54.961474Z,2026-09-05T21:42:54.957750Z,2.0,7.547,100,1,update,414.9,440.3,0,151.0,192.9,209.7,226.5,,,
20260905T213941Z_p4-chaos-dead,cockroachdb,chaos-dead,thesis-extended,f4e8357c79a5ac7a69f21cf0b607ef79f3c48eec,2026-09-05T21:39:41.634756Z,2026-09-05T21:42:54.961474Z,2026-09-05T21:42:54.957750Z,3.0,8.546,100,1,read,2046.2,1973.6,0,15.2,31.5,39.8,52.4,,,
20260905T213941Z_p4-chaos-dead,cockroachdb,chaos-dead,thesis-extended,f4e8357c79a5ac7a69f21cf0b607ef79f3c48eec,2026-09-05T21:39:41.634756Z,2026-09-05T21:42:54.961474Z,2026-09-05T21:42:54.957750Z,3.0,8.546,100,1,update,545.3,475.3,0,130.0,159.4,167.8,176.2,,,
20260905T213941Z_p4-chaos-dead,cockroachdb,chaos-dead,thesis-extended,f4e8357c79a5ac7a69f21cf0b607ef79f3c48eec,2026-09-05T21:39:41.634756Z,2026-09-05T21:42:54.961474Z,2026-09-05T21:42:54.957750Z,4.0,9.551,100,1,read,2169.8,2023.0,0,12.6,26.2,35.7,52.4,,,
20260905T213941Z_p4-chaos-dead,cockroachdb,chaos-dead,thesis-extended,f4e8357c79a5ac7a69f21cf0b607ef79f3c48eec,2026-09-05T21:39:41.634756Z,2026-09-05T21:42:54.961474Z,2026-09-05T21:42:54.957750Z,4.0,9.551,100,1,update,560.7,496.7,0,125.8,159.4,159.4,176.2,,,
20260905T213941Z_p4-chaos-dead,cockroachdb,chaos-dead,thesis-extended,f4e8357c79a5ac7a69f21cf0b607ef79f3c48eec,2026-09-05T21:39:41.634756Z,2026-09-05T21:42:54.961474Z,2026-09-05T21:42:54.957750Z,5.0,10.553,100,1,read,2217.0,2061.6,0,11.0,28.3,35.7,65.0,,,
20260905T213941Z_p4-chaos-dead,cockroachdb,chaos-dead,thesis-extended,f4e8357c79a5ac7a69f21cf0b607ef79f3c48eec,2026-09-05T21:39:41.634756Z,2026-09-05T21:42:54.961474Z,2026-09-05T21:42:54.957750Z,5.0,10.553,100,1,update,595.7,516.5,0,125.8,176.2,184.5,192.9,,,
20260905T213941Z_p4-chaos-dead,cockroachdb,chaos-dead,thesis-extended,f4e8357c79a5ac7a69f21cf0b607ef79f3c48eec,2026-09-05T21:39:41.634756Z,2026-09-05T21:42:54.961474Z,2026-09-05T21:42:54.957750Z,6.0,11.549,100,1,read,2288.3,2099.2,0,10.5,24.1,30.4,50.3,,,
20260905T213941Z_p4-chaos-dead,cockroachdb,chaos-dead,thesis-extended,f4e8357c79a5ac7a69f21cf0b607ef79f3c48eec,2026-09-05T21:39:41.634756Z,2026-09-05T21:42:54.961474Z,2026-09-05T21:42:54.957750Z,6.0,11.549,100,1,update,590.6,528.8,0,125.8,159.4,176.2,176.2,,,
20260905T213941Z_p4-chaos-dead,cockroachdb,chaos-dead,thesis-extended,f4e8357c79a5ac7a69f21cf0b607ef79f3c48eec,2026-09-05T21:39:41.634756Z,2026-09-05T21:42:54.961474Z,2026-09-05T21:42:54.957750Z,7.0,12.548,100,1,read,2294.9,2127.3,0,11.0,27.3,37.7,96.5,,,
20260905T213941Z_p4-chaos-dead,cockroachdb,chaos-dead,thesis-extended,f4e8357c79a5ac7a69f21cf0b607ef79f3c48eec,2026-09-05T21:39:41.634756Z,2026-09-05T21:42:54.961474Z,2026-09-05T21:42:54.957750Z,7.0,12.548,100,1,update,553.0,532.3,0,130.0,167.8,176.2,184.5,,,
20260905T213941Z_p4-chaos-dead,cockroachdb,chaos-dead,thesis-extended,f4e8357c79a5ac7a69f21cf0b607ef79f3c48eec,2026-09-05T21:39:41.634756Z,2026-09-05T21:42:54.961474Z,2026-09-05T21:42:54.957750Z,8.0,13.547,100,1,read,2257.4,2143.5,0,13.6,31.5,41.9,62.9,,,
20260905T213941Z_p4-chaos-dead,cockroachdb,chaos-dead,thesis-extended,f4e8357c79a5ac7a69f21cf0b607ef79f3c48eec,2026-09-05T21:39:41.634756Z,2026-09-05T21:42:54.961474Z,2026-09-05T21:42:54.957750Z,8.0,13.547,100,1,update,537.1,532.9,0,125.8,167.8,176.2,192.9,,,
20260905T213941Z_p4-chaos-dead,cockroachdb,chaos-dead,thesis-extended,f4e8357c79a5ac7a69f21cf0b607ef79f3c48eec,2026-09-05T21:39:41.634756Z,2026-09-05T21:42:54.961474Z,2026-09-05T21:42:54.957750Z,9.0,14.547,100,1,read,2185.4,2148.2,0,10.5,29.4,37.7,100.7,,,
20260905T213941Z_p4-chaos-dead,cockroachdb,chaos-dead,thesis-extended,f4e8357c79a5ac7a69f21cf0b607ef79f3c48eec,2026-09-05T21:39:41.634756Z,2026-09-05T21:42:54.961474Z,2026-09-05T21:42:54.957750Z,9.0,14.547,100,1,update,594.8,539.8,0,125.8,167.8,184.5,201.3,,,
20260905T213941Z_p4-chaos-dead,cockroachdb,chaos-dead,thesis-extended,f4e8357c79a5ac7a69f21cf0b607ef79f3c48eec,2026-09-05T21:39:41.634756Z,2026-09-05T21:42:54.961474Z,2026-09-05T21:42:54.957750Z,10.0,15.546,100,1,read,2300.4,2163.4,0,13.6,27.3,35.7,48.2,,,
20260905T213941Z_p4-chaos-dead,cockroachdb,chaos-dead,thesis-extended,f4e8357c79a5ac7a69f21cf0b607ef79f3c48eec,2026-09-05T21:39:41.634756Z,2026-09-05T21:42:54.961474Z,2026-09-05T21:42:54.957750Z,10.0,15.546,100,1,update,541.9,540.0,0,121.6,151.0,167.8,192.9,,,
20260905T213941Z_p4-chaos-dead,cockroachdb,chaos-dead,thesis-extended,f4e8357c79a5ac7a69f21cf0b607ef79f3c48eec,2026-09-05T21:39:41.634756Z,2026-09-05T21:42:54.961474Z,2026-09-05T21:42:54.957750Z,11.0,16.55,100,1,read,2280.7,2174.1,0,12.6,27.3,31.5,44.0,,,
20260905T213941Z_p4-chaos-dead,cockroachdb,chaos-dead,thesis-extended,f4e8357c79a5ac7a69f21cf0b607ef79f3c48eec,2026-09-05T21:39:41.634756Z,2026-09-05T21:42:54.961474Z,2026-09-05T21:42:54.957750Z,11.0,16.55,100,1,update,608.2,546.2,0,117.4,151.0,167.8,176.2,,,
20260905T213941Z_p4-chaos-dead,cockroachdb,chaos-dead,thesis-extended,f4e8357c79a5ac7a69f21cf0b607ef79f3c48eec,2026-09-05T21:39:41.634756Z,2026-09-05T21:42:54.961474Z,2026-09-05T21:42:54.957750Z,12.0,17.549,100,1,read,2050.2,2163.7,0,13.6,32.5,44.0,113.2,,,
20260905T213941Z_p4-chaos-dead,cockroachdb,chaos-dead,thesis-extended,f4e8357c79a5ac7a69f21cf0b607ef79f3c48eec,2026-09-05T21:39:41.634756Z,2026-09-05T21:42:54.961474Z,2026-09-05T21:42:54.957750Z,12.0,17.549,100,1,update,537.1,545.4,0,130.0,167.8,176.2,184.5,,,
20260905T213941Z_p4-chaos-dead,cockroachdb,chaos-dead,thesis-extended,f4e8357c79a5ac7a69f21cf0b607ef79f3c48eec,2026-09-05T21:39:41.634756Z,2026-09-05T21:42:54.961474Z,2026-09-05T21:42:54.957750Z,13.0,18.546,100,1,read,1822.9,2137.7,0,18.9,54.5,75.5,113.2,,,
20260905T213941Z_p4-chaos-dead,cockroachdb,chaos-dead,thesis-extended,f4e8357c79a5ac7a69f21cf0b607ef79f3c48eec,2026-09-05T21:39:41.634756Z,2026-09-05T21:42:54.961474Z,2026-09-05T21:42:54.957750Z,13.0,18.546,100,1,update,393.5,533.8,0,151.0,226.5,251.7,268.4,,,
20260905T213941Z_p4-chaos-dead,cockroachdb,chaos-dead,thesis-extended,f4e8357c79a5ac7a69f21cf0b607ef79f3c48eec,2026-09-05T21:39:41.634756Z,2026-09-05T21:42:54.961474Z,2026-09-05T21:42:54.957750Z,14.0,19.549,100,1,read,2138.1,2137.5,0,14.2,28.3,35.7,44.0,,,
20260905T213941Z_p4-chaos-dead,cockroachdb,chaos-dead,thesis-extended,f4e8357c79a5ac7a69f21cf0b607ef79f3c48eec,2026-09-05T21:39:41.634756Z,2026-09-05T21:42:54.961474Z,2026-09-05T21:42:54.957750Z,14.0,19.549,100,1,update,538.5,534.1,0,125.8,176.2,192.9,209.7,,,
20260905T213941Z_p4-chaos-dead,cockroachdb,chaos-dead,thesis-extended,f4e8357c79a5ac7a69f21cf0b607ef79f3c48eec,2026-09-05T21:39:41.634756Z,2026-09-05T21:42:54.961474Z,2026-09-05T21:42:54.957750Z,15.0,20.546,100,1,read,2240.0,2144.5,0,13.1,31.5,48.2,100.7,,,
20260905T213941Z_p4-chaos-dead,cockroachdb,chaos-dead,thesis-extended,f4e8357c79a5ac7a69f21cf0b607ef79f3c48eec,2026-09-05T21:39:41.634756Z,2026-09-05T21:42:54.961474Z,2026-09-05T21:42:54.957750Z,15.0,20.546,100,1,update,497.6,531.7,0,130.0,176.2,184.5,192.9,,,
20260905T213941Z_p4-chaos-dead,cockroachdb,chaos-dead,thesis-extended,f4e8357c79a5ac7a69f21cf0b607ef79f3c48eec,2026-09-05T21:39:41.634756Z,2026-09-05T21:42:54.961474Z,2026-09-05T21:42:54.957750Z,16.0,21.55,100,1,read,2214.8,2148.8,0,11.0,25.2,30.4,100.7,,,
20260905T213941Z_p4-chaos-dead,cockroachdb,chaos-dead,thesis-extended,f4e8357c79a5ac7a69f21cf0b607ef79f3c48eec,2026-09-05T21:39:41.634756Z,2026-09-05T21:42:54.961474Z,2026-09-05T21:42:54.957750Z,16.0,21.55,100,1,update,583.5,534.9,0,130.0,167.8,184.5,192.9,,,
20260905T213941Z_p4-chaos-dead,cockroachdb,chaos-dead,thesis-extended,f4e8357c79a5ac7a69f21cf0b607ef79f3c48eec,2026-09-05T21:39:41.634756Z,2026-09-05T21:42:54.961474Z,2026-09-05T21:42:54.957750Z,17.0,22.561,100,1,read,2274.4,2156.2,0,10.5,25.2,30.4,109.1,,,
20260905T213941Z_p4-chaos-dead,cockroachdb,chaos-dead,thesis-extended,f4e8357c79a5ac7a69f21cf0b607ef79f3c48eec,2026-09-05T21:39:41.634756Z,2026-09-05T21:42:54.961474Z,2026-09-05T21:42:54.957750Z,17.0,22.561,100,1,update,622.1,540.0,0,121.6,151.0,159.4,176.2,,,
20260905T213941Z_p4-chaos-dead,cockroachdb,chaos-dead,thesis-extended,f4e8357c79a5ac7a69f21cf0b607ef79f3c48eec,2026-09-05T21:39:41.634756Z,2026-09-05T21:42:54.961474Z,2026-09-05T21:42:54.957750Z,18.0,23.549,100,1,read,2318.0,2165.1,0,10.0,25.2,35.7,54.5,,,
20260905T213941Z_p4-chaos-dead,cockroachdb,chaos-dead,thesis-extended,f4e8357c79a5ac7a69f21cf0b607ef79f3c48eec,2026-09-05T21:39:41.634756Z,2026-09-05T21:42:54.961474Z,2026-09-05T21:42:54.957750Z,18.0,23.549,100,1,update,618.0,544.3,0,125.8,159.4,167.8,192.9,,,
20260905T213941Z_p4-chaos-dead,cockroachdb,chaos-dead,thesis-extended,f4e8357c79a5ac7a69f21cf0b607ef79f3c48eec,2026-09-05T21:39:41.634756Z,2026-09-05T21:42:54.961474Z,2026-09-05T21:42:54.957750Z,19.0,24.548,100,1,read,2382.3,2176.6,0,8.1,22.0,28.3,75.5,,,
20260905T213941Z_p4-chaos-dead,cockroachdb,chaos-dead,thesis-extended,f4e8357c79a5ac7a69f21cf0b607ef79f3c48eec,2026-09-05T21:39:41.634756Z,2026-09-05T21:42:54.961474Z,2026-09-05T21:42:54.957750Z,19.0,24.548,100,1,update,662.1,550.5,0,117.4,151.0,159.4,176.2,,,
20260905T213941Z_p4-chaos-dead,cockroachdb,chaos-dead,thesis-extended,f4e8357c79a5ac7a69f21cf0b607ef79f3c48eec,2026-09-05T21:39:41.634756Z,2026-09-05T21:42:54.961474Z,2026-09-05T21:42:54.957750Z,20.0,25.55,100,1,read,2448.2,2190.2,0,10.5,25.2,31.5,44.0,,,
20260905T213941Z_p4-chaos-dead,cockroachdb,chaos-dead,thesis-extended,f4e8357c79a5ac7a69f21cf0b607ef79f3c48eec,2026-09-05T21:39:41.634756Z,2026-09-05T21:42:54.961474Z,2026-09-05T21:42:54.957750Z,20.0,25.55,100,1,update,575.6,551.8,0,121.6,151.0,167.8,176.2,,,
20260905T213941Z_p4-chaos-dead,cockroachdb,chaos-dead,thesis-extended,f4e8357c79a5ac7a69f21cf0b607ef79f3c48eec,2026-09-05T21:39:41.634756Z,2026-09-05T21:42:54.961474Z,2026-09-05T21:42:54.957750Z,21.0,26.55,100,1,read,2468.4,2203.4,0,11.0,24.1,31.5,62.9,,,
20260905T213941Z_p4-chaos-dead,cockroachdb,chaos-dead,thesis-extended,f4e8357c79a5ac7a69f21cf0b607ef79f3c48eec,2026-09-05T21:39:41.634756Z,2026-09-05T21:42:54.961474Z,2026-09-05T21:42:54.957750Z,21.0,26.55,100,1,update,644.4,556.2,0,117.4,151.0,167.8,184.5,,,
20260905T213941Z_p4-chaos-dead,cockroachdb,chaos-dead,thesis-extended,f4e8357c79a5ac7a69f21cf0b607ef79f3c48eec,2026-09-05T21:39:41.634756Z,2026-09-05T21:42:54.961474Z,2026-09-05T21:42:54.957750Z,22.0,27.55,100,1,read,2328.7,2209.1,0,11.0,28.3,37.7,50.3,,,
20260905T213941Z_p4-chaos-dead,cockroachdb,chaos-dead,thesis-extended,f4e8357c79a5ac7a69f21cf0b607ef79f3c48eec,2026-09-05T21:39:41.634756Z,2026-09-05T21:42:54.961474Z,2026-09-05T21:42:54.957750Z,22.0,27.55,100,1,update,584.9,557.5,0,125.8,159.4,176.2,201.3,,,
20260905T213941Z_p4-chaos-dead,cockroachdb,chaos-dead,thesis-extended,f4e8357c79a5ac7a69f21cf0b607ef79f3c48eec,2026-09-05T21:39:41.634756Z,2026-09-05T21:42:54.961474Z,2026-09-05T21:42:54.957750Z,23.0,28.549,100,1,read,2188.9,2208.2,0,10.5,26.2,35.7,71.3,,,
20260905T213941Z_p4-chaos-dead,cockroachdb,chaos-dead,thesis-extended,f4e8357c79a5ac7a69f21cf0b607ef79f3c48eec,2026-09-05T21:39:41.634756Z,2026-09-05T21:42:54.961474Z,2026-09-05T21:42:54.957750Z,23.0,28.549,100,1,update,558.0,557.5,0,121.6,159.4,184.5,192.9,,,
20260905T213941Z_p4-chaos-dead,cockroachdb,chaos-dead,thesis-extended,f4e8357c79a5ac7a69f21cf0b607ef79f3c48eec,2026-09-05T21:39:41.634756Z,2026-09-05T21:42:54.961474Z,2026-09-05T21:42:54.957750Z,24.0,29.548,100,1,read,1999.4,2199.7,0,15.2,31.5,48.2,96.5,,,
20260905T213941Z_p4-chaos-dead,cockroachdb,chaos-dead,thesis-extended,f4e8357c79a5ac7a69f21cf0b607ef79f3c48eec,2026-09-05T21:39:41.634756Z,2026-09-05T21:42:54.961474Z,2026-09-05T21:42:54.957750Z,24.0,29.548,100,1,update,499.1,555.1,0,130.0,260.0,285.2,318.8,,,
20260905T213941Z_p4-chaos-dead,cockroachdb,chaos-dead,thesis-extended,f4e8357c79a5ac7a69f21cf0b607ef79f3c48eec,2026-09-05T21:39:41.634756Z,2026-09-05T21:42:54.961474Z,2026-09-05T21:42:54.957750Z,25.0,30.547,100,1,read,2273.9,2202.5,0,13.6,27.3,32.5,48.2,,,
20260905T213941Z_p4-chaos-dead,cockroachdb,chaos-dead,thesis-extended,f4e8357c79a5ac7a69f21cf0b607ef79f3c48eec,2026-09-05T21:39:41.634756Z,2026-09-05T21:42:54.961474Z,2026-09-05T21:42:54.957750Z,25.0,30.547,100,1,update,561.2,555.3,0,121.6,159.4,176.2,192.9,,,
20260905T213941Z_p4-chaos-dead,cockroachdb,chaos-dead,thesis-extended,f4e8357c79a5ac7a69f21cf0b607ef79f3c48eec,2026-09-05T21:39:41.634756Z,2026-09-05T21:42:54.961474Z,2026-09-05T21:42:54.957750Z,26.0,31.548,100,1,read,2430.8,2211.3,0,8.9,25.2,35.7,54.5,,,
20260905T213941Z_p4-chaos-dead,cockroachdb,chaos-dead,thesis-extended,f4e8357c79a5ac7a69f21cf0b607ef79f3c48eec,2026-09-05T21:39:41.634756Z,2026-09-05T21:42:54.961474Z,2026-09-05T21:42:54.957750Z,26.0,31.548,100,1,update,604.7,557.2,0,125.8,159.4,176.2,184.5,,,
20260905T213941Z_p4-chaos-dead,cockroachdb,chaos-dead,thesis-extended,f4e8357c79a5ac7a69f21cf0b607ef79f3c48eec,2026-09-05T21:39:41.634756Z,2026-09-05T21:42:54.961474Z,2026-09-05T21:42:54.957750Z,27.0,32.545,100,1,read,2434.6,2219.5,0,10.5,24.1,29.4,44.0,,,
20260905T213941Z_p4-chaos-dead,cockroachdb,chaos-dead,thesis-extended,f4e8357c79a5ac7a69f21cf0b607ef79f3c48eec,2026-09-05T21:39:41.634756Z,2026-09-05T21:42:54.961474Z,2026-09-05T21:42:54.957750Z,27.0,32.545,100,1,update,597.1,558.7,0,121.6,159.4,176.2,209.7,,,
20260905T213941Z_p4-chaos-dead,cockroachdb,chaos-dead,thesis-extended,f4e8357c79a5ac7a69f21cf0b607ef79f3c48eec,2026-09-05T21:39:41.634756Z,2026-09-05T21:42:54.961474Z,2026-09-05T21:42:54.957750Z,28.0,33.546,100,1,read,2418.2,2226.6,0,11.5,27.3,33.6,96.5,,,
20260905T213941Z_p4-chaos-dead,cockroachdb,chaos-dead,thesis-extended,f4e8357c79a5ac7a69f21cf0b607ef79f3c48eec,2026-09-05T21:39:41.634756Z,2026-09-05T21:42:54.961474Z,2026-09-05T21:42:54.957750Z,28.0,33.546,100,1,update,571.1,559.1,0,125.8,159.4,167.8,192.9,,,
20260905T213941Z_p4-chaos-dead,cockroachdb,chaos-dead,thesis-extended,f4e8357c79a5ac7a69f21cf0b607ef79f3c48eec,2026-09-05T21:39:41.634756Z,2026-09-05T21:42:54.961474Z,2026-09-05T21:42:54.957750Z,29.0,34.548,100,1,read,2488.1,2235.6,0,10.0,24.1,32.5,44.0,,,
20260905T213941Z_p4-chaos-dead,cockroachdb,chaos-dead,thesis-extended,f4e8357c79a5ac7a69f21cf0b607ef79f3c48eec,2026-09-05T21:39:41.634756Z,2026-09-05T21:42:54.961474Z,2026-09-05T21:42:54.957750Z,29.0,34.548,100,1,update,590.0,560.2,0,117.4,159.4,176.2,184.5,,,
20260905T213941Z_p4-chaos-dead,cockroachdb,chaos-dead,thesis-extended,f4e8357c79a5ac7a69f21cf0b607ef79f3c48eec,2026-09-05T21:39:41.634756Z,2026-09-05T21:42:54.961474Z,2026-09-05T21:42:54.957750Z,30.0,35.549,100,1,read,2473.4,2243.6,0,8.9,24.1,35.7,113.2,,,
20260905T213941Z_p4-chaos-dead,cockroachdb,chaos-dead,thesis-extended,f4e8357c79a5ac7a69f21cf0b607ef79f3c48eec,2026-09-05T21:39:41.634756Z,2026-09-05T21:42:54.961474Z,2026-09-05T21:42:54.957750Z,30.0,35.549,100,1,update,590.9,561.2,0,130.0,159.4,176.2,192.9,,,
20260905T213941Z_p4-chaos-dead,cockroachdb,chaos-dead,thesis-extended,f4e8357c79a5ac7a69f21cf0b607ef79f3c48eec,2026-09-05T21:39:41.634756Z,2026-09-05T21:42:54.961474Z,2026-09-05T21:42:54.957750Z,31.0,36.55,100,1,read,2303.7,2245.6,0,10.5,27.3,33.6,44.0,,,
20260905T213941Z_p4-chaos-dead,cockroachdb,chaos-dead,thesis-extended,f4e8357c79a5ac7a69f21cf0b607ef79f3c48eec,2026-09-05T21:39:41.634756Z,2026-09-05T21:42:54.961474Z,2026-09-05T21:42:54.957750Z,31.0,36.55,100,1,update,607.7,562.7,0,121.6,159.4,167.8,176.2,,,
20260905T213941Z_p4-chaos-dead,cockroachdb,chaos-dead,thesis-extended,f4e8357c79a5ac7a69f21cf0b607ef79f3c48eec,2026-09-05T21:39:41.634756Z,2026-09-05T21:42:54.961474Z,2026-09-05T21:42:54.957750Z,32.0,37.546,100,1,read,2182.4,2243.5,0,13.6,32.5,41.9,71.3,,,
20260905T213941Z_p4-chaos-dead,cockroachdb,chaos-dead,thesis-extended,f4e8357c79a5ac7a69f21cf0b607ef79f3c48eec,2026-09-05T21:39:41.634756Z,2026-09-05T21:42:54.961474Z,2026-09-05T21:42:54.957750Z,32.0,37.546,100,1,update,522.3,561.5,0,130.0,159.4,176.2,201.3,,,
20260905T213941Z_p4-chaos-dead,cockroachdb,chaos-dead,thesis-extended,f4e8357c79a5ac7a69f21cf0b607ef79f3c48eec,2026-09-05T21:39:41.634756Z,2026-09-05T21:42:54.961474Z,2026-09-05T21:42:54.957750Z,33.0,38.547,100,1,read,2326.2,2246.0,0,10.5,27.3,35.7,48.2,,,
20260905T213941Z_p4-chaos-dead,cockroachdb,chaos-dead,thesis-extended,f4e8357c79a5ac7a69f21cf0b607ef79f3c48eec,2026-09-05T21:39:41.634756Z,2026-09-05T21:42:54.961474Z,2026-09-05T21:42:54.957750Z,33.0,38.547,100,1,update,593.1,562.4,0,125.8,159.4,176.2,201.3,,,
20260905T213941Z_p4-chaos-dead,cockroachdb,chaos-dead,thesis-extended,f4e8357c79a5ac7a69f21cf0b607ef79f3c48eec,2026-09-05T21:39:41.634756Z,2026-09-05T21:42:54.961474Z,2026-09-05T21:42:54.957750Z,34.0,39.546,100,1,read,1800.5,2232.9,0,13.6,39.8,50.3,58.7,,,
20260905T213941Z_p4-chaos-dead,cockroachdb,chaos-dead,thesis-extended,f4e8357c79a5ac7a69f21cf0b607ef79f3c48eec,2026-09-05T21:39:41.634756Z,2026-09-05T21:42:54.961474Z,2026-09-05T21:42:54.957750Z,34.0,39.546,100,1,update,502.1,560.6,0,130.0,234.9,302.0,335.5,,,
20260905T213941Z_p4-chaos-dead,cockroachdb,chaos-dead,thesis-extended,f4e8357c79a5ac7a69f21cf0b607ef79f3c48eec,2026-09-05T21:39:41.634756Z,2026-09-05T21:42:54.961474Z,2026-09-05T21:42:54.957750Z,35.0,40.552,100,1,read,2154.2,2230.8,0,16.3,32.5,39.8,109.1,,,
20260905T213941Z_p4-chaos-dead,cockroachdb,chaos-dead,thesis-extended,f4e8357c79a5ac7a69f21cf0b607ef79f3c48eec,2026-09-05T21:39:41.634756Z,2026-09-05T21:42:54.961474Z,2026-09-05T21:42:54.957750Z,35.0,40.552,100,1,update,505.9,559.1,0,125.8,159.4,167.8,176.2,,,
20260905T213941Z_p4-chaos-dead,cockroachdb,chaos-dead,thesis-extended,f4e8357c79a5ac7a69f21cf0b607ef79f3c48eec,2026-09-05T21:39:41.634756Z,2026-09-05T21:42:54.961474Z,2026-09-05T21:42:54.957750Z,36.0,41.548,100,1,read,2337.6,2233.7,0,11.5,26.2,33.6,46.1,,,
20260905T213941Z_p4-chaos-dead,cockroachdb,chaos-dead,thesis-extended,f4e8357c79a5ac7a69f21cf0b607ef79f3c48eec,2026-09-05T21:39:41.634756Z,2026-09-05T21:42:54.961474Z,2026-09-05T21:42:54.957750Z,36.0,41.548,100,1,update,583.4,559.8,0,121.6,159.4,167.8,184.5,,,
20260905T213941Z_p4-chaos-dead,cockroachdb,chaos-dead,thesis-extended,f4e8357c79a5ac7a69f21cf0b607ef79f3c48eec,2026-09-05T21:39:41.634756Z,2026-09-05T21:42:54.961474Z,2026-09-05T21:42:54.957750Z,37.0,42.549,100,1,read,2246.9,2234.1,0,10.5,25.2,32.5,75.5,,,
20260905T213941Z_p4-chaos-dead,cockroachdb,chaos-dead,thesis-extended,f4e8357c79a5ac7a69f21cf0b607ef79f3c48eec,2026-09-05T21:39:41.634756Z,2026-09-05T21:42:54.961474Z,2026-09-05T21:42:54.957750Z,37.0,42.549,100,1,update,638.3,561.9,0,121.6,151.0,167.8,184.5,,,
20260905T213941Z_p4-chaos-dead,cockroachdb,chaos-dead,thesis-extended,f4e8357c79a5ac7a69f21cf0b607ef79f3c48eec,2026-09-05T21:39:41.634756Z,2026-09-05T21:42:54.961474Z,2026-09-05T21:42:54.957750Z,38.0,43.562,100,1,read,2244.9,2234.3,0,13.1,28.3,33.6,83.9,,,
20260905T213941Z_p4-chaos-dead,cockroachdb,chaos-dead,thesis-extended,f4e8357c79a5ac7a69f21cf0b607ef79f3c48eec,2026-09-05T21:39:41.634756Z,2026-09-05T21:42:54.961474Z,2026-09-05T21:42:54.957750Z,38.0,43.562,100,1,update,552.2,561.6,0,125.8,159.4,176.2,184.5,,,
20260905T213941Z_p4-chaos-dead,cockroachdb,chaos-dead,thesis-extended,f4e8357c79a5ac7a69f21cf0b607ef79f3c48eec,2026-09-05T21:39:41.634756Z,2026-09-05T21:42:54.961474Z,2026-09-05T21:42:54.957750Z,39.0,44.548,100,1,read,2345.5,2237.2,0,11.5,25.2,31.5,54.5,,,
20260905T213941Z_p4-chaos-dead,cockroachdb,chaos-dead,thesis-extended,f4e8357c79a5ac7a69f21cf0b607ef79f3c48eec,2026-09-05T21:39:41.634756Z,2026-09-05T21:42:54.961474Z,2026-09-05T21:42:54.957750Z,39.0,44.548,100,1,update,588.1,562.3,0,121.6,159.4,167.8,176.2,,,
20260905T213941Z_p4-chaos-dead,cockroachdb,chaos-dead,thesis-extended,f4e8357c79a5ac7a69f21cf0b607ef79f3c48eec,2026-09-05T21:39:41.634756Z,2026-09-05T21:42:54.961474Z,2026-09-05T21:42:54.957750Z,40.0,45.564,100,1,read,2416.8,2241.6,0,9.4,25.2,33.6,62.9,,,
20260905T213941Z_p4-chaos-dead,cockroachdb,chaos-dead,thesis-extended,f4e8357c79a5ac7a69f21cf0b607ef79f3c48eec,2026-09-05T21:39:41.634756Z,2026-09-05T21:42:54.961474Z,2026-09-05T21:42:54.957750Z,40.0,45.564,100,1,update,600.0,563.2,0,125.8,159.4,167.8,176.2,,,
20260905T213941Z_p4-chaos-dead,cockroachdb,chaos-dead,thesis-extended,f4e8357c79a5ac7a69f21cf0b607ef79f3c48eec,2026-09-05T21:39:41.634756Z,2026-09-05T21:42:54.961474Z,2026-09-05T21:42:54.957750Z,41.0,46.556,100,1,read,2347.9,2244.2,0,11.5,27.3,35.7,50.3,,,
20260905T213941Z_p4-chaos-dead,cockroachdb,chaos-dead,thesis-extended,f4e8357c79a5ac7a69f21cf0b607ef79f3c48eec,2026-09-05T21:39:41.634756Z,2026-09-05T21:42:54.961474Z,2026-09-05T21:42:54.957750Z,41.0,46.556,100,1,update,567.0,563.3,0,125.8,167.8,176.2,184.5,,,
20260905T213941Z_p4-chaos-dead,cockroachdb,chaos-dead,thesis-extended,f4e8357c79a5ac7a69f21cf0b607ef79f3c48eec,2026-09-05T21:39:41.634756Z,2026-09-05T21:42:54.961474Z,2026-09-05T21:42:54.957750Z,42.0,47.548,100,1,read,2242.6,2244.2,0,14.2,29.4,39.8,48.2,,,
20260905T213941Z_p4-chaos-dead,cockroachdb,chaos-dead,thesis-extended,f4e8357c79a5ac7a69f21cf0b607ef79f3c48eec,2026-09-05T21:39:41.634756Z,2026-09-05T21:42:54.961474Z,2026-09-05T21:42:54.957750Z,42.0,47.548,100,1,update,544.1,562.9,0,130.0,159.4,167.8,176.2,,,
20260905T213941Z_p4-chaos-dead,cockroachdb,chaos-dead,thesis-extended,f4e8357c79a5ac7a69f21cf0b607ef79f3c48eec,2026-09-05T21:39:41.634756Z,2026-09-05T21:42:54.961474Z,2026-09-05T21:42:54.957750Z,43.0,48.556,100,1,read,2309.5,2245.7,0,12.1,28.3,37.7,62.9,,,
20260905T213941Z_p4-chaos-dead,cockroachdb,chaos-dead,thesis-extended,f4e8357c79a5ac7a69f21cf0b607ef79f3c48eec,2026-09-05T21:39:41.634756Z,2026-09-05T21:42:54.961474Z,2026-09-05T21:42:54.957750Z,43.0,48.556,100,1,update,564.2,562.9,0,125.8,159.4,176.2,201.3,,,
20260905T213941Z_p4-chaos-dead,cockroachdb,chaos-dead,thesis-extended,f4e8357c79a5ac7a69f21cf0b607ef79f3c48eec,2026-09-05T21:39:41.634756Z,2026-09-05T21:42:54.961474Z,2026-09-05T21:42:54.957750Z,44.0,49.548,100,1,read,2292.8,2246.8,0,10.0,25.2,35.7,88.1,,,
20260905T213941Z_p4-chaos-dead,cockroachdb,chaos-dead,thesis-extended,f4e8357c79a5ac7a69f21cf0b607ef79f3c48eec,2026-09-05T21:39:41.634756Z,2026-09-05T21:42:54.961474Z,2026-09-05T21:42:54.957750Z,44.0,49.548,100,1,update,604.0,563.8,0,121.6,151.0,167.8,176.2,,,
20260905T213941Z_p4-chaos-dead,cockroachdb,chaos-dead,thesis-extended,f4e8357c79a5ac7a69f21cf0b607ef79f3c48eec,2026-09-05T21:39:41.634756Z,2026-09-05T21:42:54.961474Z,2026-09-05T21:42:54.957750Z,45.0,50.549,100,1,read,1746.1,2235.7,0,17.8,44.0,60.8,96.5,,,
20260905T213941Z_p4-chaos-dead,cockroachdb,chaos-dead,thesis-extended,f4e8357c79a5ac7a69f21cf0b607ef79f3c48eec,2026-09-05T21:39:41.634756Z,2026-09-05T21:42:54.961474Z,2026-09-05T21:42:54.957750Z,45.0,50.549,100,1,update,453.8,561.4,0,142.6,218.1,234.9,251.7,,,
20260905T213941Z_p4-chaos-dead,cockroachdb,chaos-dead,thesis-extended,f4e8357c79a5ac7a69f21cf0b607ef79f3c48eec,2026-09-05T21:39:41.634756Z,2026-09-05T21:42:54.961474Z,2026-09-05T21:42:54.957750Z,46.0,51.55,100,1,read,2353.4,2238.2,0,13.1,27.3,32.5,48.2,,,
20260905T213941Z_p4-chaos-dead,cockroachdb,chaos-dead,thesis-extended,f4e8357c79a5ac7a69f21cf0b607ef79f3c48eec,2026-09-05T21:39:41.634756Z,2026-09-05T21:42:54.961474Z,2026-09-05T21:42:54.957750Z,46.0,51.55,100,1,update,547.4,561.1,0,121.6,159.4,167.8,176.2,,,
20260905T213941Z_p4-chaos-dead,cockroachdb,chaos-dead,thesis-extended,f4e8357c79a5ac7a69f21cf0b607ef79f3c48eec,2026-09-05T21:39:41.634756Z,2026-09-05T21:42:54.961474Z,2026-09-05T21:42:54.957750Z,47.0,52.549,100,1,read,2469.1,2243.1,0,11.0,26.2,35.7,130.0,,,
20260905T213941Z_p4-chaos-dead,cockroachdb,chaos-dead,thesis-extended,f4e8357c79a5ac7a69f21cf0b607ef79f3c48eec,2026-09-05T21:39:41.634756Z,2026-09-05T21:42:54.961474Z,2026-09-05T21:42:54.957750Z,47.0,52.549,100,1,update,572.7,561.3,0,125.8,151.0,167.8,176.2,,,
20260905T213941Z_p4-chaos-dead,cockroachdb,chaos-dead,thesis-extended,f4e8357c79a5ac7a69f21cf0b607ef79f3c48eec,2026-09-05T21:39:41.634756Z,2026-09-05T21:42:54.961474Z,2026-09-05T21:42:54.957750Z,48.0,53.55,100,1,read,2331.2,2245.0,0,11.5,27.3,33.6,46.1,,,
20260905T213941Z_p4-chaos-dead,cockroachdb,chaos-dead,thesis-extended,f4e8357c79a5ac7a69f21cf0b607ef79f3c48eec,2026-09-05T21:39:41.634756Z,2026-09-05T21:42:54.961474Z,2026-09-05T21:42:54.957750Z,48.0,53.55,100,1,update,613.8,562.4,0,121.6,159.4,159.4,176.2,,,
20260905T213941Z_p4-chaos-dead,cockroachdb,chaos-dead,thesis-extended,f4e8357c79a5ac7a69f21cf0b607ef79f3c48eec,2026-09-05T21:39:41.634756Z,2026-09-05T21:42:54.961474Z,2026-09-05T21:42:54.957750Z,49.0,54.547,100,1,read,2295.5,2246.0,0,11.0,26.2,33.6,41.9,,,
20260905T213941Z_p4-chaos-dead,cockroachdb,chaos-dead,thesis-extended,f4e8357c79a5ac7a69f21cf0b607ef79f3c48eec,2026-09-05T21:39:41.634756Z,2026-09-05T21:42:54.961474Z,2026-09-05T21:42:54.957750Z,49.0,54.547,100,1,update,602.4,563.2,0,121.6,151.0,167.8,184.5,,,
20260905T213941Z_p4-chaos-dead,cockroachdb,chaos-dead,thesis-extended,f4e8357c79a5ac7a69f21cf0b607ef79f3c48eec,2026-09-05T21:39:41.634756Z,2026-09-05T21:42:54.961474Z,2026-09-05T21:42:54.957750Z,50.0,55.548,100,1,read,2297.7,2247.0,0,12.1,26.2,32.5,56.6,,,
20260905T213941Z_p4-chaos-dead,cockroachdb,chaos-dead,thesis-extended,f4e8357c79a5ac7a69f21cf0b607ef79f3c48eec,2026-09-05T21:39:41.634756Z,2026-09-05T21:42:54.961474Z,2026-09-05T21:42:54.957750Z,50.0,55.548,100,1,update,576.9,563.5,0,121.6,159.4,176.2,192.9,,,
20260905T213941Z_p4-chaos-dead,cockroachdb,chaos-dead,thesis-extended,f4e8357c79a5ac7a69f21cf0b607ef79f3c48eec,2026-09-05T21:39:41.634756Z,2026-09-05T21:42:54.961474Z,2026-09-05T21:42:54.957750Z,51.0,56.553,100,1,read,2330.6,2248.7,0,8.9,25.2,35.7,52.4,,,
20260905T213941Z_p4-chaos-dead,cockroachdb,chaos-dead,thesis-extended,f4e8357c79a5ac7a69f21cf0b607ef79f3c48eec,2026-09-05T21:39:41.634756Z,2026-09-05T21:42:54.961474Z,2026-09-05T21:42:54.957750Z,51.0,56.553,100,1,update,605.4,564.4,0,125.8,159.4,176.2,218.1,,,
20260905T213941Z_p4-chaos-dead,cockroachdb,chaos-dead,thesis-extended,f4e8357c79a5ac7a69f21cf0b607ef79f3c48eec,2026-09-05T21:39:41.634756Z,2026-09-05T21:42:54.961474Z,2026-09-05T21:42:54.957750Z,52.0,57.547,100,1,read,2072.3,2245.3,0,13.6,33.6,41.9,130.0,,,
20260905T213941Z_p4-chaos-dead,cockroachdb,chaos-dead,thesis-extended,f4e8357c79a5ac7a69f21cf0b607ef79f3c48eec,2026-09-05T21:39:41.634756Z,2026-09-05T21:42:54.961474Z,2026-09-05T21:42:54.957750Z,52.0,57.547,100,1,update,529.3,563.7,0,130.0,167.8,184.5,192.9,,,
20260905T213941Z_p4-chaos-dead,cockroachdb,chaos-dead,thesis-extended,f4e8357c79a5ac7a69f21cf0b607ef79f3c48eec,2026-09-05T21:39:41.634756Z,2026-09-05T21:42:54.961474Z,2026-09-05T21:42:54.957750Z,53.0,58.55,100,1,read,1442.5,2230.1,0,35.7,60.8,75.5,104.9,,,
20260905T213941Z_p4-chaos-dead,cockroachdb,chaos-dead,thesis-extended,f4e8357c79a5ac7a69f21cf0b607ef79f3c48eec,2026-09-05T21:39:41.634756Z,2026-09-05T21:42:54.961474Z,2026-09-05T21:42:54.957750Z,53.0,58.55,100,1,update,365.1,559.9,0,151.0,192.9,201.3,226.5,,,
20260905T213941Z_p4-chaos-dead,cockroachdb,chaos-dead,thesis-extended,f4e8357c79a5ac7a69f21cf0b607ef79f3c48eec,2026-09-05T21:39:41.634756Z,2026-09-05T21:42:54.961474Z,2026-09-05T21:42:54.957750Z,54.0,59.547,100,1,read,1852.2,2223.1,0,19.9,48.2,56.6,67.1,,,
20260905T213941Z_p4-chaos-dead,cockroachdb,chaos-dead,thesis-extended,f4e8357c79a5ac7a69f21cf0b607ef79f3c48eec,2026-09-05T21:39:41.634756Z,2026-09-05T21:42:54.961474Z,2026-09-05T21:42:54.957750Z,54.0,59.547,100,1,update,433.1,557.6,0,142.6,167.8,176.2,243.3,,,
20260905T213941Z_p4-chaos-dead,cockroachdb,chaos-dead,thesis-extended,f4e8357c79a5ac7a69f21cf0b607ef79f3c48eec,2026-09-05T21:39:41.634756Z,2026-09-05T21:42:54.961474Z,2026-09-05T21:42:54.957750Z,55.0,60.548,100,1,read,1915.9,2217.6,0,12.6,50.3,79.7,117.4,,,
20260905T213941Z_p4-chaos-dead,cockroachdb,chaos-dead,thesis-extended,f4e8357c79a5ac7a69f21cf0b607ef79f3c48eec,2026-09-05T21:39:41.634756Z,2026-09-05T21:42:54.961474Z,2026-09-05T21:42:54.957750Z,55.0,60.548,100,1,update,488.0,556.3,0,125.8,176.2,201.3,260.0,,,
20260905T213941Z_p4-chaos-dead,cockroachdb,chaos-dead,thesis-extended,f4e8357c79a5ac7a69f21cf0b607ef79f3c48eec,2026-09-05T21:39:41.634756Z,2026-09-05T21:42:54.961474Z,2026-09-05T21:42:54.957750Z,56.0,61.549,100,1,read,2080.0,2215.1,0,14.7,35.7,52.4,79.7,,,
20260905T213941Z_p4-chaos-dead,cockroachdb,chaos-dead,thesis-extended,f4e8357c79a5ac7a69f21cf0b607ef79f3c48eec,2026-09-05T21:39:41.634756Z,2026-09-05T21:42:54.961474Z,2026-09-05T21:42:54.957750Z,56.0,61.549,100,1,update,580.7,556.7,0,117.4,226.5,285.2,285.2,,,
20260905T213941Z_p4-chaos-dead,cockroachdb,chaos-dead,thesis-extended,f4e8357c79a5ac7a69f21cf0b607ef79f3c48eec,2026-09-05T21:39:41.634756Z,2026-09-05T21:42:54.961474Z,2026-09-05T21:42:54.957750Z,57.0,62.547,100,1,read,2378.0,2217.9,0,11.5,27.3,35.7,130.0,,,
20260905T213941Z_p4-chaos-dead,cockroachdb,chaos-dead,thesis-extended,f4e8357c79a5ac7a69f21cf0b607ef79f3c48eec,2026-09-05T21:39:41.634756Z,2026-09-05T21:42:54.961474Z,2026-09-05T21:42:54.957750Z,57.0,62.547,100,1,update,595.5,557.4,0,117.4,151.0,159.4,167.8,,,
20260905T213941Z_p4-chaos-dead,cockroachdb,chaos-dead,thesis-extended,f4e8357c79a5ac7a69f21cf0b607ef79f3c48eec,2026-09-05T21:39:41.634756Z,2026-09-05T21:42:54.961474Z,2026-09-05T21:42:54.957750Z,58.0,63.547,100,1,read,2334.7,2220.0,0,13.6,29.4,37.7,117.4,,,
20260905T213941Z_p4-chaos-dead,cockroachdb,chaos-dead,thesis-extended,f4e8357c79a5ac7a69f21cf0b607ef79f3c48eec,2026-09-05T21:39:41.634756Z,2026-09-05T21:42:54.961474Z,2026-09-05T21:42:54.957750Z,58.0,63.547,100,1,update,540.9,557.1,0,121.6,159.4,176.2,184.5,,,
20260905T213941Z_p4-chaos-dead,cockroachdb,chaos-dead,thesis-extended,f4e8357c79a5ac7a69f21cf0b607ef79f3c48eec,2026-09-05T21:39:41.634756Z,2026-09-05T21:42:54.961474Z,2026-09-05T21:42:54.957750Z,59.0,64.546,100,1,read,2357.0,2222.3,0,11.5,28.3,39.8,56.6,,,
20260905T213941Z_p4-chaos-dead,cockroachdb,chaos-dead,thesis-extended,f4e8357c79a5ac7a69f21cf0b607ef79f3c48eec,2026-09-05T21:39:41.634756Z,2026-09-05T21:42:54.961474Z,2026-09-05T21:42:54.957750Z,59.0,64.546,100,1,update,602.0,557.9,0,117.4,151.0,167.8,201.3,,,
20260905T213941Z_p4-chaos-dead,cockroachdb,chaos-dead,thesis-extended,f4e8357c79a5ac7a69f21cf0b607ef79f3c48eec,2026-09-05T21:39:41.634756Z,2026-09-05T21:42:54.961474Z,2026-09-05T21:42:54.957750Z,60.0,65.549,100,1,read,2356.2,2224.5,0,9.4,25.2,30.4,50.3,,,
20260905T213941Z_p4-chaos-dead,cockroachdb,chaos-dead,thesis-extended,f4e8357c79a5ac7a69f21cf0b607ef79f3c48eec,2026-09-05T21:39:41.634756Z,2026-09-05T21:42:54.961474Z,2026-09-05T21:42:54.957750Z,60.0,65.549,100,1,update,628.0,559.1,0,121.6,151.0,167.8,176.2,,,
20260905T213941Z_p4-chaos-dead,cockroachdb,chaos-dead,thesis-extended,f4e8357c79a5ac7a69f21cf0b607ef79f3c48eec,2026-09-05T21:39:41.634756Z,2026-09-05T21:42:54.961474Z,2026-09-05T21:42:54.957750Z,61.0,66.55,100,1,read,1853.8,2218.5,0,4.2,21.0,30.4,109.1,,,
20260905T213941Z_p4-chaos-dead,cockroachdb,chaos-dead,thesis-extended,f4e8357c79a5ac7a69f21cf0b607ef79f3c48eec,2026-09-05T21:39:41.634756Z,2026-09-05T21:42:54.961474Z,2026-09-05T21:42:54.957750Z,61.0,66.55,100,1,update,480.0,557.8,0,167.8,234.9,243.3,251.7,,,
20260905T213941Z_p4-chaos-dead,cockroachdb,chaos-dead,thesis-extended,f4e8357c79a5ac7a69f21cf0b607ef79f3c48eec,2026-09-05T21:39:41.634756Z,2026-09-05T21:42:54.961474Z,2026-09-05T21:42:54.957750Z,62.0,67.547,100,1,read,1846.8,2212.5,0,2.0,6.6,9.4,19.9,,,
20260905T213941Z_p4-chaos-dead,cockroachdb,chaos-dead,thesis-extended,f4e8357c79a5ac7a69f21cf0b607ef79f3c48eec,2026-09-05T21:39:41.634756Z,2026-09-05T21:42:54.961474Z,2026-09-05T21:42:54.957750Z,62.0,67.547,100,1,update,460.7,556.2,0,209.7,218.1,226.5,226.5,,,
20260905T213941Z_p4-chaos-dead,cockroachdb,chaos-dead,thesis-extended,f4e8357c79a5ac7a69f21cf0b607ef79f3c48eec,2026-09-05T21:39:41.634756Z,2026-09-05T21:42:54.961474Z,2026-09-05T21:42:54.957750Z,63.0,68.55,100,1,read,1663.7,2203.7,0,1.5,5.8,8.9,14.2,,,
20260905T213941Z_p4-chaos-dead,cockroachdb,chaos-dead,thesis-extended,f4e8357c79a5ac7a69f21cf0b607ef79f3c48eec,2026-09-05T21:39:41.634756Z,2026-09-05T21:42:54.961474Z,2026-09-05T21:42:54.957750Z,63.0,68.55,100,1,update,466.9,554.8,0,209.7,218.1,226.5,226.5,,,
20260905T213941Z_p4-chaos-dead,cockroachdb,chaos-dead,thesis-extended,f4e8357c79a5ac7a69f21cf0b607ef79f3c48eec,2026-09-05T21:39:41.634756Z,2026-09-05T21:42:54.961474Z,2026-09-05T21:42:54.957750Z,64.0,69.551,100,1,read,1721.0,2196.2,0,1.7,5.8,8.1,201.3,,,
20260905T213941Z_p4-chaos-dead,cockroachdb,chaos-dead,thesis-extended,f4e8357c79a5ac7a69f21cf0b607ef79f3c48eec,2026-09-05T21:39:41.634756Z,2026-09-05T21:42:54.961474Z,2026-09-05T21:42:54.957750Z,64.0,69.551,100,1,update,460.0,553.3,0,209.7,218.1,218.1,218.1,,,
20260905T213941Z_p4-chaos-dead,cockroachdb,chaos-dead,thesis-extended,f4e8357c79a5ac7a69f21cf0b607ef79f3c48eec,2026-09-05T21:39:41.634756Z,2026-09-05T21:42:54.961474Z,2026-09-05T21:42:54.957750Z,65.0,70.546,100,1,read,1756.6,2189.4,0,2.6,8.4,11.0,134.2,,,
20260905T213941Z_p4-chaos-dead,cockroachdb,chaos-dead,thesis-extended,f4e8357c79a5ac7a69f21cf0b607ef79f3c48eec,2026-09-05T21:39:41.634756Z,2026-09-05T21:42:54.961474Z,2026-09-05T21:42:54.957750Z,65.0,70.546,100,1,update,445.1,551.6,0,218.1,226.5,226.5,243.3,,,
20260905T213941Z_p4-chaos-dead,cockroachdb,chaos-dead,thesis-extended,f4e8357c79a5ac7a69f21cf0b607ef79f3c48eec,2026-09-05T21:39:41.634756Z,2026-09-05T21:42:54.961474Z,2026-09-05T21:42:54.957750Z,66.0,71.552,100,1,read,1865.7,2184.6,0,1.6,5.2,7.6,21.0,,,
20260905T213941Z_p4-chaos-dead,cockroachdb,chaos-dead,thesis-extended,f4e8357c79a5ac7a69f21cf0b607ef79f3c48eec,2026-09-05T21:39:41.634756Z,2026-09-05T21:42:54.961474Z,2026-09-05T21:42:54.957750Z,66.0,71.552,100,1,update,462.4,550.3,0,209.7,218.1,218.1,226.5,,,
20260905T213941Z_p4-chaos-dead,cockroachdb,chaos-dead,thesis-extended,f4e8357c79a5ac7a69f21cf0b607ef79f3c48eec,2026-09-05T21:39:41.634756Z,2026-09-05T21:42:54.961474Z,2026-09-05T21:42:54.957750Z,67.0,72.549,100,1,read,1475.9,2174.0,0,4.5,29.4,37.7,60.8,,,
20260905T213941Z_p4-chaos-dead,cockroachdb,chaos-dead,thesis-extended,f4e8357c79a5ac7a69f21cf0b607ef79f3c48eec,2026-09-05T21:39:41.634756Z,2026-09-05T21:42:54.961474Z,2026-09-05T21:42:54.957750Z,67.0,72.549,100,1,update,377.5,547.7,0,234.9,285.2,302.0,318.8,,,
20260905T213941Z_p4-chaos-dead,cockroachdb,chaos-dead,thesis-extended,f4e8357c79a5ac7a69f21cf0b607ef79f3c48eec,2026-09-05T21:39:41.634756Z,2026-09-05T21:42:54.961474Z,2026-09-05T21:42:54.957750Z,68.0,73.548,100,1,read,1777.4,2168.1,0,1.8,6.0,9.4,15.2,,,
20260905T213941Z_p4-chaos-dead,cockroachdb,chaos-dead,thesis-extended,f4e8357c79a5ac7a69f21cf0b607ef79f3c48eec,2026-09-05T21:39:41.634756Z,2026-09-05T21:42:54.961474Z,2026-09-05T21:42:54.957750Z,68.0,73.548,100,1,update,455.8,546.4,0,209.7,226.5,234.9,243.3,,,
20260905T213941Z_p4-chaos-dead,cockroachdb,chaos-dead,thesis-extended,f4e8357c79a5ac7a69f21cf0b607ef79f3c48eec,2026-09-05T21:39:41.634756Z,2026-09-05T21:42:54.961474Z,2026-09-05T21:42:54.957750Z,69.0,74.548,100,1,read,1847.5,2163.5,0,1.6,5.2,7.6,13.6,,,
20260905T213941Z_p4-chaos-dead,cockroachdb,chaos-dead,thesis-extended,f4e8357c79a5ac7a69f21cf0b607ef79f3c48eec,2026-09-05T21:39:41.634756Z,2026-09-05T21:42:54.961474Z,2026-09-05T21:42:54.957750Z,69.0,74.548,100,1,update,468.9,545.2,0,209.7,218.1,218.1,226.5,,,
20260905T213941Z_p4-chaos-dead,cockroachdb,chaos-dead,thesis-extended,f4e8357c79a5ac7a69f21cf0b607ef79f3c48eec,2026-09-05T21:39:41.634756Z,2026-09-05T21:42:54.961474Z,2026-09-05T21:42:54.957750Z,70.0,75.551,100,1,read,1741.0,2157.5,0,1.8,5.8,9.4,109.1,,,
20260905T213941Z_p4-chaos-dead,cockroachdb,chaos-dead,thesis-extended,f4e8357c79a5ac7a69f21cf0b607ef79f3c48eec,2026-09-05T21:39:41.634756Z,2026-09-05T21:42:54.961474Z,2026-09-05T21:42:54.957750Z,70.0,75.551,100,1,update,459.3,544.0,0,209.7,218.1,226.5,369.1,,,
20260905T213941Z_p4-chaos-dead,cockroachdb,chaos-dead,thesis-extended,f4e8357c79a5ac7a69f21cf0b607ef79f3c48eec,2026-09-05T21:39:41.634756Z,2026-09-05T21:42:54.961474Z,2026-09-05T21:42:54.957750Z,71.0,76.548,100,1,read,1738.8,2151.6,0,2.0,10.0,15.7,192.9,,,
20260905T213941Z_p4-chaos-dead,cockroachdb,chaos-dead,thesis-extended,f4e8357c79a5ac7a69f21cf0b607ef79f3c48eec,2026-09-05T21:39:41.634756Z,2026-09-05T21:42:54.961474Z,2026-09-05T21:42:54.957750Z,71.0,76.548,100,1,update,436.0,542.5,0,209.7,226.5,234.9,243.3,,,
20260905T213941Z_p4-chaos-dead,cockroachdb,chaos-dead,thesis-extended,f4e8357c79a5ac7a69f21cf0b607ef79f3c48eec,2026-09-05T21:39:41.634756Z,2026-09-05T21:42:54.961474Z,2026-09-05T21:42:54.957750Z,72.0,77.547,100,1,read,1792.2,2146.6,0,1.9,7.3,12.6,65.0,,,
20260905T213941Z_p4-chaos-dead,cockroachdb,chaos-dead,thesis-extended,f4e8357c79a5ac7a69f21cf0b607ef79f3c48eec,2026-09-05T21:39:41.634756Z,2026-09-05T21:42:54.961474Z,2026-09-05T21:42:54.957750Z,72.0,77.547,100,1,update,462.1,541.4,0,209.7,226.5,226.5,234.9,,,
20260905T213941Z_p4-chaos-dead,cockroachdb,chaos-dead,thesis-extended,f4e8357c79a5ac7a69f21cf0b607ef79f3c48eec,2026-09-05T21:39:41.634756Z,2026-09-05T21:42:54.961474Z,2026-09-05T21:42:54.957750Z,73.0,78.547,100,1,read,1789.1,2141.7,0,1.5,5.8,9.4,23.1,,,
20260905T213941Z_p4-chaos-dead,cockroachdb,chaos-dead,thesis-extended,f4e8357c79a5ac7a69f21cf0b607ef79f3c48eec,2026-09-05T21:39:41.634756Z,2026-09-05T21:42:54.961474Z,2026-09-05T21:42:54.957750Z,73.0,78.547,100,1,update,460.0,540.3,0,209.7,226.5,226.5,234.9,,,
20260905T213941Z_p4-chaos-dead,cockroachdb,chaos-dead,thesis-extended,f4e8357c79a5ac7a69f21cf0b607ef79f3c48eec,2026-09-05T21:39:41.634756Z,2026-09-05T21:42:54.961474Z,2026-09-05T21:42:54.957750Z,74.0,79.547,100,1,read,1991.8,2139.6,0,1.9,5.8,8.4,201.3,,,
20260905T213941Z_p4-chaos-dead,cockroachdb,chaos-dead,thesis-extended,f4e8357c79a5ac7a69f21cf0b607ef79f3c48eec,2026-09-05T21:39:41.634756Z,2026-09-05T21:42:54.961474Z,2026-09-05T21:42:54.957750Z,74.0,79.547,100,1,update,452.9,539.1,0,209.7,226.5,234.9,243.3,,,
20260905T213941Z_p4-chaos-dead,cockroachdb,chaos-dead,thesis-extended,f4e8357c79a5ac7a69f21cf0b607ef79f3c48eec,2026-09-05T21:39:41.634756Z,2026-09-05T21:42:54.961474Z,2026-09-05T21:42:54.957750Z,75.0,80.55,100,1,read,1840.8,2135.7,0,2.2,8.9,14.7,41.9,,,
20260905T213941Z_p4-chaos-dead,cockroachdb,chaos-dead,thesis-extended,f4e8357c79a5ac7a69f21cf0b607ef79f3c48eec,2026-09-05T21:39:41.634756Z,2026-09-05T21:42:54.961474Z,2026-09-05T21:42:54.957750Z,75.0,80.55,100,1,update,456.9,538.0,0,209.7,226.5,226.5,234.9,,,
20260905T213941Z_p4-chaos-dead,cockroachdb,chaos-dead,thesis-extended,f4e8357c79a5ac7a69f21cf0b607ef79f3c48eec,2026-09-05T21:39:41.634756Z,2026-09-05T21:42:54.961474Z,2026-09-05T21:42:54.957750Z,76.0,81.549,100,1,read,1788.1,2131.1,0,2.4,9.4,13.6,176.2,,,
20260905T213941Z_p4-chaos-dead,cockroachdb,chaos-dead,thesis-extended,f4e8357c79a5ac7a69f21cf0b607ef79f3c48eec,2026-09-05T21:39:41.634756Z,2026-09-05T21:42:54.961474Z,2026-09-05T21:42:54.957750Z,76.0,81.549,100,1,update,438.0,536.7,0,218.1,226.5,234.9,234.9,,,
20260905T213941Z_p4-chaos-dead,cockroachdb,chaos-dead,thesis-extended,f4e8357c79a5ac7a69f21cf0b607ef79f3c48eec,2026-09-05T21:39:41.634756Z,2026-09-05T21:42:54.961474Z,2026-09-05T21:42:54.957750Z,77.0,82.548,100,1,read,1829.0,2127.2,0,1.6,6.3,8.9,11.5,,,
20260905T213941Z_p4-chaos-dead,cockroachdb,chaos-dead,thesis-extended,f4e8357c79a5ac7a69f21cf0b607ef79f3c48eec,2026-09-05T21:39:41.634756Z,2026-09-05T21:42:54.961474Z,2026-09-05T21:42:54.957750Z,77.0,82.548,100,1,update,463.0,535.7,0,209.7,218.1,226.5,226.5,,,
20260905T213941Z_p4-chaos-dead,cockroachdb,chaos-dead,thesis-extended,f4e8357c79a5ac7a69f21cf0b607ef79f3c48eec,2026-09-05T21:39:41.634756Z,2026-09-05T21:42:54.961474Z,2026-09-05T21:42:54.957750Z,78.0,83.549,100,1,read,1930.8,2124.6,0,1.8,6.6,10.0,83.9,,,
20260905T213941Z_p4-chaos-dead,cockroachdb,chaos-dead,thesis-extended,f4e8357c79a5ac7a69f21cf0b607ef79f3c48eec,2026-09-05T21:39:41.634756Z,2026-09-05T21:42:54.961474Z,2026-09-05T21:42:54.957750Z,78.0,83.549,100,1,update,454.9,534.7,0,209.7,218.1,226.5,226.5,,,
20260905T213941Z_p4-chaos-dead,cockroachdb,chaos-dead,thesis-extended,f4e8357c79a5ac7a69f21cf0b607ef79f3c48eec,2026-09-05T21:39:41.634756Z,2026-09-05T21:42:54.961474Z,2026-09-05T21:42:54.957750Z,79.0,84.549,100,1,read,1577.2,2117.7,0,1.6,9.4,21.0,33.6,,,
20260905T213941Z_p4-chaos-dead,cockroachdb,chaos-dead,thesis-extended,f4e8357c79a5ac7a69f21cf0b607ef79f3c48eec,2026-09-05T21:39:41.634756Z,2026-09-05T21:42:54.961474Z,2026-09-05T21:42:54.957750Z,79.0,84.549,100,1,update,477.1,533.9,0,209.7,226.5,243.3,251.7,,,
20260905T213941Z_p4-chaos-dead,cockroachdb,chaos-dead,thesis-extended,f4e8357c79a5ac7a69f21cf0b607ef79f3c48eec,2026-09-05T21:39:41.634756Z,2026-09-05T21:42:54.961474Z,2026-09-05T21:42:54.957750Z,80.0,85.547,100,1,read,1569.1,2110.9,0,4.1,23.1,35.7,48.2,,,
20260905T213941Z_p4-chaos-dead,cockroachdb,chaos-dead,thesis-extended,f4e8357c79a5ac7a69f21cf0b607ef79f3c48eec,2026-09-05T21:39:41.634756Z,2026-09-05T21:42:54.961474Z,2026-09-05T21:42:54.957750Z,80.0,85.547,100,1,update,385.0,532.1,0,218.1,268.4,285.2,285.2,,,
20260905T213941Z_p4-chaos-dead,cockroachdb,chaos-dead,thesis-extended,f4e8357c79a5ac7a69f21cf0b607ef79f3c48eec,2026-09-05T21:39:41.634756Z,2026-09-05T21:42:54.961474Z,2026-09-05T21:42:54.957750Z,81.0,86.547,100,1,read,1891.7,2108.2,0,1.8,5.8,8.1,167.8,,,
20260905T213941Z_p4-chaos-dead,cockroachdb,chaos-dead,thesis-extended,f4e8357c79a5ac7a69f21cf0b607ef79f3c48eec,2026-09-05T21:39:41.634756Z,2026-09-05T21:42:54.961474Z,2026-09-05T21:42:54.957750Z,81.0,86.547,100,1,update,457.9,531.2,0,209.7,218.1,226.5,234.9,,,
20260905T213941Z_p4-chaos-dead,cockroachdb,chaos-dead,thesis-extended,f4e8357c79a5ac7a69f21cf0b607ef79f3c48eec,2026-09-05T21:39:41.634756Z,2026-09-05T21:42:54.961474Z,2026-09-05T21:42:54.957750Z,82.0,87.55,100,1,read,1902.5,2105.7,0,2.2,9.4,13.6,23.1,,,
20260905T213941Z_p4-chaos-dead,cockroachdb,chaos-dead,thesis-extended,f4e8357c79a5ac7a69f21cf0b607ef79f3c48eec,2026-09-05T21:39:41.634756Z,2026-09-05T21:42:54.961474Z,2026-09-05T21:42:54.957750Z,82.0,87.55,100,1,update,450.6,530.2,0,218.1,226.5,226.5,243.3,,,
20260905T213941Z_p4-chaos-dead,cockroachdb,chaos-dead,thesis-extended,f4e8357c79a5ac7a69f21cf0b607ef79f3c48eec,2026-09-05T21:39:41.634756Z,2026-09-05T21:42:54.961474Z,2026-09-05T21:42:54.957750Z,83.0,88.549,100,1,read,1992.0,2104.3,0,1.8,6.6,9.4,16.3,,,
20260905T213941Z_p4-chaos-dead,cockroachdb,chaos-dead,thesis-extended,f4e8357c79a5ac7a69f21cf0b607ef79f3c48eec,2026-09-05T21:39:41.634756Z,2026-09-05T21:42:54.961474Z,2026-09-05T21:42:54.957750Z,83.0,88.549,100,1,update,453.2,529.3,0,209.7,218.1,226.5,234.9,,,
20260905T213941Z_p4-chaos-dead,cockroachdb,chaos-dead,thesis-extended,f4e8357c79a5ac7a69f21cf0b607ef79f3c48eec,2026-09-05T21:39:41.634756Z,2026-09-05T21:42:54.961474Z,2026-09-05T21:42:54.957750Z,84.0,89.554,100,1,read,1865.1,2101.4,0,1.6,5.2,7.9,109.1,,,
20260905T213941Z_p4-chaos-dead,cockroachdb,chaos-dead,thesis-extended,f4e8357c79a5ac7a69f21cf0b607ef79f3c48eec,2026-09-05T21:39:41.634756Z,2026-09-05T21:42:54.961474Z,2026-09-05T21:42:54.957750Z,84.0,89.554,100,1,update,462.0,528.5,0,209.7,218.1,218.1,226.5,,,
20260905T213941Z_p4-chaos-dead,cockroachdb,chaos-dead,thesis-extended,f4e8357c79a5ac7a69f21cf0b607ef79f3c48eec,2026-09-05T21:39:41.634756Z,2026-09-05T21:42:54.961474Z,2026-09-05T21:42:54.957750Z,85.0,90.55,100,1,read,1772.1,2097.6,0,1.4,5.0,8.1,13.6,,,
20260905T213941Z_p4-chaos-dead,cockroachdb,chaos-dead,thesis-extended,f4e8357c79a5ac7a69f21cf0b607ef79f3c48eec,2026-09-05T21:39:41.634756Z,2026-09-05T21:42:54.961474Z,2026-09-05T21:42:54.957750Z,85.0,90.55,100,1,update,470.3,527.8,0,209.7,218.1,226.5,226.5,,,
20260905T213941Z_p4-chaos-dead,cockroachdb,chaos-dead,thesis-extended,f4e8357c79a5ac7a69f21cf0b607ef79f3c48eec,2026-09-05T21:39:41.634756Z,2026-09-05T21:42:54.961474Z,2026-09-05T21:42:54.957750Z,86.0,91.548,100,1,read,1872.5,2094.9,0,1.4,5.2,8.4,184.5,,,
20260905T213941Z_p4-chaos-dead,cockroachdb,chaos-dead,thesis-extended,f4e8357c79a5ac7a69f21cf0b607ef79f3c48eec,2026-09-05T21:39:41.634756Z,2026-09-05T21:42:54.961474Z,2026-09-05T21:42:54.957750Z,86.0,91.548,100,1,update,467.9,527.1,0,209.7,218.1,218.1,218.1,,,
20260905T213941Z_p4-chaos-dead,cockroachdb,chaos-dead,thesis-extended,f4e8357c79a5ac7a69f21cf0b607ef79f3c48eec,2026-09-05T21:39:41.634756Z,2026-09-05T21:42:54.961474Z,2026-09-05T21:42:54.957750Z,87.0,92.549,100,1,read,1902.1,2092.7,0,1.6,6.8,10.0,56.6,,,
20260905T213941Z_p4-chaos-dead,cockroachdb,chaos-dead,thesis-extended,f4e8357c79a5ac7a69f21cf0b607ef79f3c48eec,2026-09-05T21:39:41.634756Z,2026-09-05T21:42:54.961474Z,2026-09-05T21:42:54.957750Z,87.0,92.549,100,1,update,458.0,526.3,0,209.7,218.1,218.1,226.5,,,
20260905T213941Z_p4-chaos-dead,cockroachdb,chaos-dead,thesis-extended,f4e8357c79a5ac7a69f21cf0b607ef79f3c48eec,2026-09-05T21:39:41.634756Z,2026-09-05T21:42:54.961474Z,2026-09-05T21:42:54.957750Z,88.0,93.549,100,1,read,2048.2,2092.3,0,2.0,6.6,8.9,184.5,,,
20260905T213941Z_p4-chaos-dead,cockroachdb,chaos-dead,thesis-extended,f4e8357c79a5ac7a69f21cf0b607ef79f3c48eec,2026-09-05T21:39:41.634756Z,2026-09-05T21:42:54.961474Z,2026-09-05T21:42:54.957750Z,88.0,93.549,100,1,update,454.2,525.5,0,209.7,218.1,218.1,226.5,,,
20260905T213941Z_p4-chaos-dead,cockroachdb,chaos-dead,thesis-extended,f4e8357c79a5ac7a69f21cf0b607ef79f3c48eec,2026-09-05T21:39:41.634756Z,2026-09-05T21:42:54.961474Z,2026-09-05T21:42:54.957750Z,89.0,94.548,100,1,read,1813.5,2089.1,0,1.5,5.0,7.6,12.6,,,
20260905T213941Z_p4-chaos-dead,cockroachdb,chaos-dead,thesis-extended,f4e8357c79a5ac7a69f21cf0b607ef79f3c48eec,2026-09-05T21:39:41.634756Z,2026-09-05T21:42:54.961474Z,2026-09-05T21:42:54.957750Z,89.0,94.548,100,1,update,467.6,524.8,0,209.7,218.1,218.1,226.5,,,
20260905T213941Z_p4-chaos-dead,cockroachdb,chaos-dead,thesis-extended,f4e8357c79a5ac7a69f21cf0b607ef79f3c48eec,2026-09-05T21:39:41.634756Z,2026-09-05T21:42:54.961474Z,2026-09-05T21:42:54.957750Z,90.0,95.599,100,1,read,1846.5,2086.4,0,1.5,6.0,10.0,14.7,,,
20260905T213941Z_p4-chaos-dead,cockroachdb,chaos-dead,thesis-extended,f4e8357c79a5ac7a69f21cf0b607ef79f3c48eec,2026-09-05T21:39:41.634756Z,2026-09-05T21:42:54.961474Z,2026-09-05T21:42:54.957750Z,90.0,95.599,100,1,update,462.1,524.1,0,209.7,218.1,226.5,226.5,,,
20260905T213941Z_p4-chaos-dead,cockroachdb,chaos-dead,thesis-extended,f4e8357c79a5ac7a69f21cf0b607ef79f3c48eec,2026-09-05T21:39:41.634756Z,2026-09-05T21:42:54.961474Z,2026-09-05T21:42:54.957750Z,91.0,96.547,100,1,read,1667.0,2081.8,0,1.4,6.3,10.0,167.8,,,
20260905T213941Z_p4-chaos-dead,cockroachdb,chaos-dead,thesis-extended,f4e8357c79a5ac7a69f21cf0b607ef79f3c48eec,2026-09-05T21:39:41.634756Z,2026-09-05T21:42:54.961474Z,2026-09-05T21:42:54.957750Z,91.0,96.547,100,1,update,464.0,523.5,0,209.7,218.1,218.1,226.5,,,
20260905T213941Z_p4-chaos-dead,cockroachdb,chaos-dead,thesis-extended,f4e8357c79a5ac7a69f21cf0b607ef79f3c48eec,2026-09-05T21:39:41.634756Z,2026-09-05T21:42:54.961474Z,2026-09-05T21:42:54.957750Z,92.0,97.548,100,1,read,1333.3,2073.7,0,5.0,33.6,56.6,176.2,,,
20260905T213941Z_p4-chaos-dead,cockroachdb,chaos-dead,thesis-extended,f4e8357c79a5ac7a69f21cf0b607ef79f3c48eec,2026-09-05T21:39:41.634756Z,2026-09-05T21:42:54.961474Z,2026-09-05T21:42:54.957750Z,92.0,97.548,100,1,update,363.1,521.7,0,218.1,335.5,352.3,369.1,,,
20260905T213941Z_p4-chaos-dead,cockroachdb,chaos-dead,thesis-extended,f4e8357c79a5ac7a69f21cf0b607ef79f3c48eec,2026-09-05T21:39:41.634756Z,2026-09-05T21:42:54.961474Z,2026-09-05T21:42:54.957750Z,93.0,98.549,100,1,read,1785.1,2070.5,0,2.5,10.0,16.3,176.2,,,
20260905T213941Z_p4-chaos-dead,cockroachdb,chaos-dead,thesis-extended,f4e8357c79a5ac7a69f21cf0b607ef79f3c48eec,2026-09-05T21:39:41.634756Z,2026-09-05T21:42:54.961474Z,2026-09-05T21:42:54.957750Z,93.0,98.549,100,1,update,440.8,520.8,0,218.1,234.9,251.7,251.7,,,
20260905T213941Z_p4-chaos-dead,cockroachdb,chaos-dead,thesis-extended,f4e8357c79a5ac7a69f21cf0b607ef79f3c48eec,2026-09-05T21:39:41.634756Z,2026-09-05T21:42:54.961474Z,2026-09-05T21:42:54.957750Z,94.0,99.549,100,1,read,1875.1,2068.5,0,1.9,6.3,9.4,26.2,,,
20260905T213941Z_p4-chaos-dead,cockroachdb,chaos-dead,thesis-extended,f4e8357c79a5ac7a69f21cf0b607ef79f3c48eec,2026-09-05T21:39:41.634756Z,2026-09-05T21:42:54.961474Z,2026-09-05T21:42:54.957750Z,94.0,99.549,100,1,update,457.3,520.2,0,209.7,218.1,226.5,226.5,,,
20260905T213941Z_p4-chaos-dead,cockroachdb,chaos-dead,thesis-extended,f4e8357c79a5ac7a69f21cf0b607ef79f3c48eec,2026-09-05T21:39:41.634756Z,2026-09-05T21:42:54.961474Z,2026-09-05T21:42:54.957750Z,95.0,100.549,100,1,read,1886.8,2066.6,0,2.1,7.3,11.0,88.1,,,
20260905T213941Z_p4-chaos-dead,cockroachdb,chaos-dead,thesis-extended,f4e8357c79a5ac7a69f21cf0b607ef79f3c48eec,2026-09-05T21:39:41.634756Z,2026-09-05T21:42:54.961474Z,2026-09-05T21:42:54.957750Z,95.0,100.549,100,1,update,449.9,519.4,0,209.7,226.5,226.5,234.9,,,
20260905T213941Z_p4-chaos-dead,cockroachdb,chaos-dead,thesis-extended,f4e8357c79a5ac7a69f21cf0b607ef79f3c48eec,2026-09-05T21:39:41.634756Z,2026-09-05T21:42:54.961474Z,2026-09-05T21:42:54.957750Z,96.0,101.548,100,1,read,1864.7,2064.5,0,2.0,6.6,10.0,130.0,,,
20260905T213941Z_p4-chaos-dead,cockroachdb,chaos-dead,thesis-extended,f4e8357c79a5ac7a69f21cf0b607ef79f3c48eec,2026-09-05T21:39:41.634756Z,2026-09-05T21:42:54.961474Z,2026-09-05T21:42:54.957750Z,96.0,101.548,100,1,update,453.9,518.7,0,209.7,218.1,226.5,226.5,,,
20260905T213941Z_p4-chaos-dead,cockroachdb,chaos-dead,thesis-extended,f4e8357c79a5ac7a69f21cf0b607ef79f3c48eec,2026-09-05T21:39:41.634756Z,2026-09-05T21:42:54.961474Z,2026-09-05T21:42:54.957750Z,97.0,102.549,100,1,read,1812.8,2061.9,0,1.4,5.5,8.1,60.8,,,
20260905T213941Z_p4-chaos-dead,cockroachdb,chaos-dead,thesis-extended,f4e8357c79a5ac7a69f21cf0b607ef79f3c48eec,2026-09-05T21:39:41.634756Z,2026-09-05T21:42:54.961474Z,2026-09-05T21:42:54.957750Z,97.0,102.549,100,1,update,462.7,518.2,0,209.7,218.1,226.5,226.5,,,
20260905T213941Z_p4-chaos-dead,cockroachdb,chaos-dead,thesis-extended,f4e8357c79a5ac7a69f21cf0b607ef79f3c48eec,2026-09-05T21:39:41.634756Z,2026-09-05T21:42:54.961474Z,2026-09-05T21:42:54.957750Z,98.0,103.55,100,1,read,1753.7,2058.7,0,2.0,6.6,10.0,17.8,,,
20260905T213941Z_p4-chaos-dead,cockroachdb,chaos-dead,thesis-extended,f4e8357c79a5ac7a69f21cf0b607ef79f3c48eec,2026-09-05T21:39:41.634756Z,2026-09-05T21:42:54.961474Z,2026-09-05T21:42:54.957750Z,98.0,103.55,100,1,update,460.5,517.6,0,209.7,218.1,226.5,234.9,,,
20260905T213941Z_p4-chaos-dead,cockroachdb,chaos-dead,thesis-extended,f4e8357c79a5ac7a69f21cf0b607ef79f3c48eec,2026-09-05T21:39:41.634756Z,2026-09-05T21:42:54.961474Z,2026-09-05T21:42:54.957750Z,99.0,104.548,100,1,read,1778.3,2055.9,0,1.8,6.0,8.9,15.2,,,
20260905T213941Z_p4-chaos-dead,cockroachdb,chaos-dead,thesis-extended,f4e8357c79a5ac7a69f21cf0b607ef79f3c48eec,2026-09-05T21:39:41.634756Z,2026-09-05T21:42:54.961474Z,2026-09-05T21:42:54.957750Z,99.0,104.548,100,1,update,459.1,517.0,0,209.7,218.1,226.5,234.9,,,
20260905T213941Z_p4-chaos-dead,cockroachdb,chaos-dead,thesis-extended,f4e8357c79a5ac7a69f21cf0b607ef79f3c48eec,2026-09-05T21:39:41.634756Z,2026-09-05T21:42:54.961474Z,2026-09-05T21:42:54.957750Z,100.0,105.55,100,1,read,1618.6,2051.5,0,2.9,15.7,24.1,100.7,,,
20260905T213941Z_p4-chaos-dead,cockroachdb,chaos-dead,thesis-extended,f4e8357c79a5ac7a69f21cf0b607ef79f3c48eec,2026-09-05T21:39:41.634756Z,2026-09-05T21:42:54.961474Z,2026-09-05T21:42:54.957750Z,100.0,105.55,100,1,update,426.9,516.1,0,218.1,234.9,251.7,251.7,,,
20260905T213941Z_p4-chaos-dead,cockroachdb,chaos-dead,thesis-extended,f4e8357c79a5ac7a69f21cf0b607ef79f3c48eec,2026-09-05T21:39:41.634756Z,2026-09-05T21:42:54.961474Z,2026-09-05T21:42:54.957750Z,101.0,106.549,100,1,read,1822.5,2049.2,0,1.4,4.7,6.8,11.0,,,
20260905T213941Z_p4-chaos-dead,cockroachdb,chaos-dead,thesis-extended,f4e8357c79a5ac7a69f21cf0b607ef79f3c48eec,2026-09-05T21:39:41.634756Z,2026-09-05T21:42:54.961474Z,2026-09-05T21:42:54.957750Z,101.0,106.549,100,1,update,471.6,515.6,0,209.7,218.1,218.1,226.5,,,
20260905T213941Z_p4-chaos-dead,cockroachdb,chaos-dead,thesis-extended,f4e8357c79a5ac7a69f21cf0b607ef79f3c48eec,2026-09-05T21:39:41.634756Z,2026-09-05T21:42:54.961474Z,2026-09-05T21:42:54.957750Z,102.0,107.55,100,1,read,1741.4,2046.2,0,2.4,8.1,11.5,18.9,,,
20260905T213941Z_p4-chaos-dead,cockroachdb,chaos-dead,thesis-extended,f4e8357c79a5ac7a69f21cf0b607ef79f3c48eec,2026-09-05T21:39:41.634756Z,2026-09-05T21:42:54.961474Z,2026-09-05T21:42:54.957750Z,102.0,107.55,100,1,update,453.4,515.0,0,218.1,226.5,234.9,234.9,,,
20260905T213941Z_p4-chaos-dead,cockroachdb,chaos-dead,thesis-extended,f4e8357c79a5ac7a69f21cf0b607ef79f3c48eec,2026-09-05T21:39:41.634756Z,2026-09-05T21:42:54.961474Z,2026-09-05T21:42:54.957750Z,103.0,108.556,100,1,read,1646.1,2042.3,0,3.0,13.6,19.9,201.3,,,
20260905T213941Z_p4-chaos-dead,cockroachdb,chaos-dead,thesis-extended,f4e8357c79a5ac7a69f21cf0b607ef79f3c48eec,2026-09-05T21:39:41.634756Z,2026-09-05T21:42:54.961474Z,2026-09-05T21:42:54.957750Z,103.0,108.556,100,1,update,425.8,514.2,0,218.1,234.9,243.3,251.7,,,
20260905T213941Z_p4-chaos-dead,cockroachdb,chaos-dead,thesis-extended,f4e8357c79a5ac7a69f21cf0b607ef79f3c48eec,2026-09-05T21:39:41.634756Z,2026-09-05T21:42:54.961474Z,2026-09-05T21:42:54.957750Z,104.0,109.55,100,1,read,1485.1,2037.0,0,2.4,23.1,35.7,142.6,,,
20260905T213941Z_p4-chaos-dead,cockroachdb,chaos-dead,thesis-extended,f4e8357c79a5ac7a69f21cf0b607ef79f3c48eec,2026-09-05T21:39:41.634756Z,2026-09-05T21:42:54.961474Z,2026-09-05T21:42:54.957750Z,104.0,109.55,100,1,update,418.0,513.2,0,209.7,268.4,285.2,302.0,,,
20260905T213941Z_p4-chaos-dead,cockroachdb,chaos-dead,thesis-extended,f4e8357c79a5ac7a69f21cf0b607ef79f3c48eec,2026-09-05T21:39:41.634756Z,2026-09-05T21:42:54.961474Z,2026-09-05T21:42:54.957750Z,105.0,110.554,100,1,read,1835.7,2035.1,0,2.1,10.0,15.7,19.9,,,
20260905T213941Z_p4-chaos-dead,cockroachdb,chaos-dead,thesis-extended,f4e8357c79a5ac7a69f21cf0b607ef79f3c48eec,2026-09-05T21:39:41.634756Z,2026-09-05T21:42:54.961474Z,2026-09-05T21:42:54.957750Z,105.0,110.554,100,1,update,441.2,512.6,0,218.1,251.7,268.4,285.2,,,
20260905T213941Z_p4-chaos-dead,cockroachdb,chaos-dead,thesis-extended,f4e8357c79a5ac7a69f21cf0b607ef79f3c48eec,2026-09-05T21:39:41.634756Z,2026-09-05T21:42:54.961474Z,2026-09-05T21:42:54.957750Z,106.0,111.548,100,1,read,1833.7,2033.2,0,1.6,6.3,10.0,22.0,,,
20260905T213941Z_p4-chaos-dead,cockroachdb,chaos-dead,thesis-extended,f4e8357c79a5ac7a69f21cf0b607ef79f3c48eec,2026-09-05T21:39:41.634756Z,2026-09-05T21:42:54.961474Z,2026-09-05T21:42:54.957750Z,106.0,111.548,100,1,update,465.9,512.1,0,209.7,218.1,226.5,226.5,,,
20260905T213941Z_p4-chaos-dead,cockroachdb,chaos-dead,thesis-extended,f4e8357c79a5ac7a69f21cf0b607ef79f3c48eec,2026-09-05T21:39:41.634756Z,2026-09-05T21:42:54.961474Z,2026-09-05T21:42:54.957750Z,107.0,112.55,100,1,read,1718.5,2030.2,0,2.4,12.1,18.9,176.2,,,
20260905T213941Z_p4-chaos-dead,cockroachdb,chaos-dead,thesis-extended,f4e8357c79a5ac7a69f21cf0b607ef79f3c48eec,2026-09-05T21:39:41.634756Z,2026-09-05T21:42:54.961474Z,2026-09-05T21:42:54.957750Z,107.0,112.55,100,1,update,436.1,511.4,0,218.1,226.5,234.9,243.3,,,
20260905T213941Z_p4-chaos-dead,cockroachdb,chaos-dead,thesis-extended,f4e8357c79a5ac7a69f21cf0b607ef79f3c48eec,2026-09-05T21:39:41.634756Z,2026-09-05T21:42:54.961474Z,2026-09-05T21:42:54.957750Z,108.0,113.547,100,1,read,1832.6,2028.4,0,3.5,14.2,21.0,167.8,,,
20260905T213941Z_p4-chaos-dead,cockroachdb,chaos-dead,thesis-extended,f4e8357c79a5ac7a69f21cf0b607ef79f3c48eec,2026-09-05T21:39:41.634756Z,2026-09-05T21:42:54.961474Z,2026-09-05T21:42:54.957750Z,108.0,113.547,100,1,update,420.9,510.6,0,218.1,243.3,260.0,268.4,,,
20260905T213941Z_p4-chaos-dead,cockroachdb,chaos-dead,thesis-extended,f4e8357c79a5ac7a69f21cf0b607ef79f3c48eec,2026-09-05T21:39:41.634756Z,2026-09-05T21:42:54.961474Z,2026-09-05T21:42:54.957750Z,109.0,114.549,100,1,read,1801.7,2026.3,0,1.8,8.1,14.7,113.2,,,
20260905T213941Z_p4-chaos-dead,cockroachdb,chaos-dead,thesis-extended,f4e8357c79a5ac7a69f21cf0b607ef79f3c48eec,2026-09-05T21:39:41.634756Z,2026-09-05T21:42:54.961474Z,2026-09-05T21:42:54.957750Z,109.0,114.549,100,1,update,447.4,510.0,0,218.1,234.9,251.7,268.4,,,
20260905T213941Z_p4-chaos-dead,cockroachdb,chaos-dead,thesis-extended,f4e8357c79a5ac7a69f21cf0b607ef79f3c48eec,2026-09-05T21:39:41.634756Z,2026-09-05T21:42:54.961474Z,2026-09-05T21:42:54.957750Z,110.0,115.548,100,1,read,1914.1,2025.3,0,1.5,5.2,7.6,13.1,,,
20260905T213941Z_p4-chaos-dead,cockroachdb,chaos-dead,thesis-extended,f4e8357c79a5ac7a69f21cf0b607ef79f3c48eec,2026-09-05T21:39:41.634756Z,2026-09-05T21:42:54.961474Z,2026-09-05T21:42:54.957750Z,110.0,115.548,100,1,update,463.7,509.6,0,209.7,218.1,226.5,226.5,,,
20260905T213941Z_p4-chaos-dead,cockroachdb,chaos-dead,thesis-extended,f4e8357c79a5ac7a69f21cf0b607ef79f3c48eec,2026-09-05T21:39:41.634756Z,2026-09-05T21:42:54.961474Z,2026-09-05T21:42:54.957750Z,111.0,116.549,100,1,read,1789.3,2023.2,0,2.2,11.0,16.3,130.0,,,
20260905T213941Z_p4-chaos-dead,cockroachdb,chaos-dead,thesis-extended,f4e8357c79a5ac7a69f21cf0b607ef79f3c48eec,2026-09-05T21:39:41.634756Z,2026-09-05T21:42:54.961474Z,2026-09-05T21:42:54.957750Z,111.0,116.549,100,1,update,443.8,509.0,0,218.1,226.5,234.9,234.9,,,
20260905T213941Z_p4-chaos-dead,cockroachdb,chaos-dead,thesis-extended,f4e8357c79a5ac7a69f21cf0b607ef79f3c48eec,2026-09-05T21:39:41.634756Z,2026-09-05T21:42:54.961474Z,2026-09-05T21:42:54.957750Z,112.0,117.548,100,1,read,1808.2,2021.2,0,1.4,7.3,18.9,159.4,,,
20260905T213941Z_p4-chaos-dead,cockroachdb,chaos-dead,thesis-extended,f4e8357c79a5ac7a69f21cf0b607ef79f3c48eec,2026-09-05T21:39:41.634756Z,2026-09-05T21:42:54.961474Z,2026-09-05T21:42:54.957750Z,112.0,117.548,100,1,update,461.1,508.6,0,209.7,218.1,234.9,318.8,,,
20260905T213941Z_p4-chaos-dead,cockroachdb,chaos-dead,thesis-extended,f4e8357c79a5ac7a69f21cf0b607ef79f3c48eec,2026-09-05T21:39:41.634756Z,2026-09-05T21:42:54.961474Z,2026-09-05T21:42:54.957750Z,113.0,118.562,100,1,read,1821.2,2019.5,0,2.5,11.5,17.8,24.1,,,
20260905T213941Z_p4-chaos-dead,cockroachdb,chaos-dead,thesis-extended,f4e8357c79a5ac7a69f21cf0b607ef79f3c48eec,2026-09-05T21:39:41.634756Z,2026-09-05T21:42:54.961474Z,2026-09-05T21:42:54.957750Z,113.0,118.562,100,1,update,433.1,507.9,0,218.1,226.5,234.9,243.3,,,
20260905T213941Z_p4-chaos-dead,cockroachdb,chaos-dead,thesis-extended,f4e8357c79a5ac7a69f21cf0b607ef79f3c48eec,2026-09-05T21:39:41.634756Z,2026-09-05T21:42:54.961474Z,2026-09-05T21:42:54.957750Z,114.0,119.549,100,1,read,1817.8,2017.7,0,1.5,5.5,7.1,121.6,,,
20260905T213941Z_p4-chaos-dead,cockroachdb,chaos-dead,thesis-extended,f4e8357c79a5ac7a69f21cf0b607ef79f3c48eec,2026-09-05T21:39:41.634756Z,2026-09-05T21:42:54.961474Z,2026-09-05T21:42:54.957750Z,114.0,119.549,100,1,update,466.9,507.5,0,209.7,218.1,218.1,218.1,,,
20260905T213941Z_p4-chaos-dead,cockroachdb,chaos-dead,thesis-extended,f4e8357c79a5ac7a69f21cf0b607ef79f3c48eec,2026-09-05T21:39:41.634756Z,2026-09-05T21:42:54.961474Z,2026-09-05T21:42:54.957750Z,115.0,120.562,100,1,read,1619.9,2014.2,0,3.0,12.1,22.0,28.3,,,
20260905T213941Z_p4-chaos-dead,cockroachdb,chaos-dead,thesis-extended,f4e8357c79a5ac7a69f21cf0b607ef79f3c48eec,2026-09-05T21:39:41.634756Z,2026-09-05T21:42:54.961474Z,2026-09-05T21:42:54.957750Z,115.0,120.562,100,1,update,438.0,506.9,0,218.1,234.9,234.9,234.9,,,
20260905T213941Z_p4-chaos-dead,cockroachdb,chaos-dead,thesis-extended,f4e8357c79a5ac7a69f21cf0b607ef79f3c48eec,2026-09-05T21:39:41.634756Z,2026-09-05T21:42:54.961474Z,2026-09-05T21:42:54.957750Z,116.0,121.55,100,1,read,1541.9,2010.2,0,3.7,29.4,41.9,113.2,,,
20260905T213941Z_p4-chaos-dead,cockroachdb,chaos-dead,thesis-extended,f4e8357c79a5ac7a69f21cf0b607ef79f3c48eec,2026-09-05T21:39:41.634756Z,2026-09-05T21:42:54.961474Z,2026-09-05T21:42:54.957750Z,116.0,121.55,100,1,update,384.0,505.9,0,218.1,285.2,302.0,302.0,,,
20260905T213941Z_p4-chaos-dead,cockroachdb,chaos-dead,thesis-extended,f4e8357c79a5ac7a69f21cf0b607ef79f3c48eec,2026-09-05T21:39:41.634756Z,2026-09-05T21:42:54.961474Z,2026-09-05T21:42:54.957750Z,117.0,122.548,100,1,read,1513.6,2005.9,0,7.6,25.2,30.4,35.7,,,
20260905T213941Z_p4-chaos-dead,cockroachdb,chaos-dead,thesis-extended,f4e8357c79a5ac7a69f21cf0b607ef79f3c48eec,2026-09-05T21:39:41.634756Z,2026-09-05T21:42:54.961474Z,2026-09-05T21:42:54.957750Z,117.0,122.548,100,1,update,384.9,504.8,0,226.5,260.0,285.2,285.2,,,
20260905T213941Z_p4-chaos-dead,cockroachdb,chaos-dead,thesis-extended,f4e8357c79a5ac7a69f21cf0b607ef79f3c48eec,2026-09-05T21:39:41.634756Z,2026-09-05T21:42:54.961474Z,2026-09-05T21:42:54.957750Z,118.0,123.549,100,1,read,1301.3,2000.0,0,14.2,39.8,50.3,56.6,,,
20260905T213941Z_p4-chaos-dead,cockroachdb,chaos-dead,thesis-extended,f4e8357c79a5ac7a69f21cf0b607ef79f3c48eec,2026-09-05T21:39:41.634756Z,2026-09-05T21:42:54.961474Z,2026-09-05T21:42:54.957750Z,118.0,123.549,100,1,update,320.8,503.3,0,251.7,285.2,302.0,302.0,,,
20260905T213941Z_p4-chaos-dead,cockroachdb,chaos-dead,thesis-extended,f4e8357c79a5ac7a69f21cf0b607ef79f3c48eec,2026-09-05T21:39:41.634756Z,2026-09-05T21:42:54.961474Z,2026-09-05T21:42:54.957750Z,119.0,124.55,100,1,read,1772.6,1998.0,0,1.6,5.0,7.1,134.2,,,
20260905T213941Z_p4-chaos-dead,cockroachdb,chaos-dead,thesis-extended,f4e8357c79a5ac7a69f21cf0b607ef79f3c48eec,2026-09-05T21:39:41.634756Z,2026-09-05T21:42:54.961474Z,2026-09-05T21:42:54.957750Z,119.0,124.55,100,1,update,459.4,502.9,0,209.7,226.5,243.3,251.7,,,
20260905T213941Z_p4-chaos-dead,cockroachdb,chaos-dead,thesis-extended,f4e8357c79a5ac7a69f21cf0b607ef79f3c48eec,2026-09-05T21:39:41.634756Z,2026-09-05T21:42:54.961474Z,2026-09-05T21:42:54.957750Z,120.0,125.548,100,1,read,1802.8,1996.4,0,2.5,11.0,15.2,151.0,,,
20260905T213941Z_p4-chaos-dead,cockroachdb,chaos-dead,thesis-extended,f4e8357c79a5ac7a69f21cf0b607ef79f3c48eec,2026-09-05T21:39:41.634756Z,2026-09-05T21:42:54.961474Z,2026-09-05T21:42:54.957750Z,120.0,125.548,100,1,update,438.9,502.4,0,218.1,234.9,251.7,260.0,,,
20260905T213941Z_p4-chaos-dead,cockroachdb,chaos-dead,thesis-extended,f4e8357c79a5ac7a69f21cf0b607ef79f3c48eec,2026-09-05T21:39:41.634756Z,2026-09-05T21:42:54.961474Z,2026-09-05T21:42:54.957750Z,121.0,126.556,100,1,read,1767.4,1994.5,0,2.2,12.6,23.1,33.6,,,
20260905T213941Z_p4-chaos-dead,cockroachdb,chaos-dead,thesis-extended,f4e8357c79a5ac7a69f21cf0b607ef79f3c48eec,2026-09-05T21:39:41.634756Z,2026-09-05T21:42:54.961474Z,2026-09-05T21:42:54.957750Z,121.0,126.556,100,1,update,436.1,501.8,0,218.1,234.9,243.3,243.3,,,
20260905T213941Z_p4-chaos-dead,cockroachdb,chaos-dead,thesis-extended,f4e8357c79a5ac7a69f21cf0b607ef79f3c48eec,2026-09-05T21:39:41.634756Z,2026-09-05T21:42:54.961474Z,2026-09-05T21:42:54.957750Z,122.0,127.549,100,1,read,1661.7,1991.8,0,1.9,9.4,12.6,176.2,,,
20260905T213941Z_p4-chaos-dead,cockroachdb,chaos-dead,thesis-extended,f4e8357c79a5ac7a69f21cf0b607ef79f3c48eec,2026-09-05T21:39:41.634756Z,2026-09-05T21:42:54.961474Z,2026-09-05T21:42:54.957750Z,122.0,127.549,100,1,update,456.9,501.4,0,218.1,226.5,234.9,243.3,,,
20260905T213941Z_p4-chaos-dead,cockroachdb,chaos-dead,thesis-extended,f4e8357c79a5ac7a69f21cf0b607ef79f3c48eec,2026-09-05T21:39:41.634756Z,2026-09-05T21:42:54.961474Z,2026-09-05T21:42:54.957750Z,123.0,128.559,100,1,read,1850.2,1990.6,0,3.0,14.2,24.1,234.9,,,
20260905T213941Z_p4-chaos-dead,cockroachdb,chaos-dead,thesis-extended,f4e8357c79a5ac7a69f21cf0b607ef79f3c48eec,2026-09-05T21:39:41.634756Z,2026-09-05T21:42:54.961474Z,2026-09-05T21:42:54.957750Z,123.0,128.559,100,1,update,415.1,500.7,0,218.1,243.3,243.3,251.7,,,
20260905T213941Z_p4-chaos-dead,cockroachdb,chaos-dead,thesis-extended,f4e8357c79a5ac7a69f21cf0b607ef79f3c48eec,2026-09-05T21:39:41.634756Z,2026-09-05T21:42:54.961474Z,2026-09-05T21:42:54.957750Z,124.0,129.548,100,1,read,1916.3,1990.0,0,2.5,9.4,15.2,24.1,,,
20260905T213941Z_p4-chaos-dead,cockroachdb,chaos-dead,thesis-extended,f4e8357c79a5ac7a69f21cf0b607ef79f3c48eec,2026-09-05T21:39:41.634756Z,2026-09-05T21:42:54.961474Z,2026-09-05T21:42:54.957750Z,124.0,129.548,100,1,update,434.1,500.2,0,218.1,234.9,243.3,251.7,,,
20260905T213941Z_p4-chaos-dead,cockroachdb,chaos-dead,thesis-extended,f4e8357c79a5ac7a69f21cf0b607ef79f3c48eec,2026-09-05T21:39:41.634756Z,2026-09-05T21:42:54.961474Z,2026-09-05T21:42:54.957750Z,125.0,130.55,100,1,read,1751.0,1988.1,0,2.6,9.4,14.7,25.2,,,
20260905T213941Z_p4-chaos-dead,cockroachdb,chaos-dead,thesis-extended,f4e8357c79a5ac7a69f21cf0b607ef79f3c48eec,2026-09-05T21:39:41.634756Z,2026-09-05T21:42:54.961474Z,2026-09-05T21:42:54.957750Z,125.0,130.55,100,1,update,446.5,499.8,0,218.1,234.9,234.9,243.3,,,
20260905T213941Z_p4-chaos-dead,cockroachdb,chaos-dead,thesis-extended,f4e8357c79a5ac7a69f21cf0b607ef79f3c48eec,2026-09-05T21:39:41.634756Z,2026-09-05T21:42:54.961474Z,2026-09-05T21:42:54.957750Z,126.0,131.568,100,1,read,1576.4,1984.9,0,3.8,28.3,39.8,71.3,,,
20260905T213941Z_p4-chaos-dead,cockroachdb,chaos-dead,thesis-extended,f4e8357c79a5ac7a69f21cf0b607ef79f3c48eec,2026-09-05T21:39:41.634756Z,2026-09-05T21:42:54.961474Z,2026-09-05T21:42:54.957750Z,126.0,131.568,100,1,update,388.3,498.9,0,218.1,285.2,318.8,335.5,,,
20260905T213941Z_p4-chaos-dead,cockroachdb,chaos-dead,thesis-extended,f4e8357c79a5ac7a69f21cf0b607ef79f3c48eec,2026-09-05T21:39:41.634756Z,2026-09-05T21:42:54.961474Z,2026-09-05T21:42:54.957750Z,127.0,132.551,100,1,read,1858.3,1983.9,0,2.2,7.6,11.5,201.3,,,
20260905T213941Z_p4-chaos-dead,cockroachdb,chaos-dead,thesis-extended,f4e8357c79a5ac7a69f21cf0b607ef79f3c48eec,2026-09-05T21:39:41.634756Z,2026-09-05T21:42:54.961474Z,2026-09-05T21:42:54.957750Z,127.0,132.551,100,1,update,444.1,498.5,0,218.1,226.5,234.9,251.7,,,
20260905T213941Z_p4-chaos-dead,cockroachdb,chaos-dead,thesis-extended,f4e8357c79a5ac7a69f21cf0b607ef79f3c48eec,2026-09-05T21:39:41.634756Z,2026-09-05T21:42:54.961474Z,2026-09-05T21:42:54.957750Z,128.0,133.551,100,1,read,1870.6,1983.0,0,2.0,6.6,9.4,100.7,,,
20260905T213941Z_p4-chaos-dead,cockroachdb,chaos-dead,thesis-extended,f4e8357c79a5ac7a69f21cf0b607ef79f3c48eec,2026-09-05T21:39:41.634756Z,2026-09-05T21:42:54.961474Z,2026-09-05T21:42:54.957750Z,128.0,133.551,100,1,update,449.9,498.1,0,209.7,218.1,226.5,234.9,,,
20260905T213941Z_p4-chaos-dead,cockroachdb,chaos-dead,thesis-extended,f4e8357c79a5ac7a69f21cf0b607ef79f3c48eec,2026-09-05T21:39:41.634756Z,2026-09-05T21:42:54.961474Z,2026-09-05T21:42:54.957750Z,129.0,134.551,100,1,read,1794.2,1981.5,0,1.8,11.0,16.3,142.6,,,
20260905T213941Z_p4-chaos-dead,cockroachdb,chaos-dead,thesis-extended,f4e8357c79a5ac7a69f21cf0b607ef79f3c48eec,2026-09-05T21:39:41.634756Z,2026-09-05T21:42:54.961474Z,2026-09-05T21:42:54.957750Z,129.0,134.551,100,1,update,446.1,497.7,0,209.7,226.5,226.5,243.3,,,
20260905T213941Z_p4-chaos-dead,cockroachdb,chaos-dead,thesis-extended,f4e8357c79a5ac7a69f21cf0b607ef79f3c48eec,2026-09-05T21:39:41.634756Z,2026-09-05T21:42:54.961474Z,2026-09-05T21:42:54.957750Z,130.0,135.548,100,1,read,2051.1,1982.1,0,2.2,7.1,10.0,192.9,,,
20260905T213941Z_p4-chaos-dead,cockroachdb,chaos-dead,thesis-extended,f4e8357c79a5ac7a69f21cf0b607ef79f3c48eec,2026-09-05T21:39:41.634756Z,2026-09-05T21:42:54.961474Z,2026-09-05T21:42:54.957750Z,130.0,135.548,100,1,update,453.0,497.3,0,209.7,226.5,226.5,234.9,,,
20260905T213941Z_p4-chaos-dead,cockroachdb,chaos-dead,thesis-extended,f4e8357c79a5ac7a69f21cf0b607ef79f3c48eec,2026-09-05T21:39:41.634756Z,2026-09-05T21:42:54.961474Z,2026-09-05T21:42:54.957750Z,131.0,136.55,100,1,read,1776.0,1980.5,0,2.0,6.3,8.9,14.2,,,
20260905T213941Z_p4-chaos-dead,cockroachdb,chaos-dead,thesis-extended,f4e8357c79a5ac7a69f21cf0b607ef79f3c48eec,2026-09-05T21:39:41.634756Z,2026-09-05T21:42:54.961474Z,2026-09-05T21:42:54.957750Z,131.0,136.55,100,1,update,456.0,497.0,0,209.7,218.1,218.1,226.5,,,
20260905T213941Z_p4-chaos-dead,cockroachdb,chaos-dead,thesis-extended,f4e8357c79a5ac7a69f21cf0b607ef79f3c48eec,2026-09-05T21:39:41.634756Z,2026-09-05T21:42:54.961474Z,2026-09-05T21:42:54.957750Z,132.0,137.55,100,1,read,1843.3,1979.5,0,2.1,8.1,13.1,218.1,,,
20260905T213941Z_p4-chaos-dead,cockroachdb,chaos-dead,thesis-extended,f4e8357c79a5ac7a69f21cf0b607ef79f3c48eec,2026-09-05T21:39:41.634756Z,2026-09-05T21:42:54.961474Z,2026-09-05T21:42:54.957750Z,132.0,137.55,100,1,update,450.8,496.7,0,209.7,226.5,226.5,234.9,,,
20260905T213941Z_p4-chaos-dead,cockroachdb,chaos-dead,thesis-extended,f4e8357c79a5ac7a69f21cf0b607ef79f3c48eec,2026-09-05T21:39:41.634756Z,2026-09-05T21:42:54.961474Z,2026-09-05T21:42:54.957750Z,133.0,138.549,100,1,read,1723.1,1977.5,0,2.0,8.9,15.2,121.6,,,
20260905T213941Z_p4-chaos-dead,cockroachdb,chaos-dead,thesis-extended,f4e8357c79a5ac7a69f21cf0b607ef79f3c48eec,2026-09-05T21:39:41.634756Z,2026-09-05T21:42:54.961474Z,2026-09-05T21:42:54.957750Z,133.0,138.549,100,1,update,445.0,496.3,0,209.7,226.5,226.5,243.3,,,
20260905T213941Z_p4-chaos-dead,cockroachdb,chaos-dead,thesis-extended,f4e8357c79a5ac7a69f21cf0b607ef79f3c48eec,2026-09-05T21:39:41.634756Z,2026-09-05T21:42:54.961474Z,2026-09-05T21:42:54.957750Z,134.0,139.548,100,1,read,1867.3,1976.7,0,1.8,6.3,10.5,201.3,,,
20260905T213941Z_p4-chaos-dead,cockroachdb,chaos-dead,thesis-extended,f4e8357c79a5ac7a69f21cf0b607ef79f3c48eec,2026-09-05T21:39:41.634756Z,2026-09-05T21:42:54.961474Z,2026-09-05T21:42:54.957750Z,134.0,139.548,100,1,update,466.1,496.1,0,209.7,218.1,226.5,234.9,,,
20260905T213941Z_p4-chaos-dead,cockroachdb,chaos-dead,thesis-extended,f4e8357c79a5ac7a69f21cf0b607ef79f3c48eec,2026-09-05T21:39:41.634756Z,2026-09-05T21:42:54.961474Z,2026-09-05T21:42:54.957750Z,135.0,140.55,100,1,read,1630.4,1974.1,0,2.1,10.5,14.2,83.9,,,
20260905T213941Z_p4-chaos-dead,cockroachdb,chaos-dead,thesis-extended,f4e8357c79a5ac7a69f21cf0b607ef79f3c48eec,2026-09-05T21:39:41.634756Z,2026-09-05T21:42:54.961474Z,2026-09-05T21:42:54.957750Z,135.0,140.55,100,1,update,436.8,495.6,0,218.1,234.9,234.9,234.9,,,
20260905T213941Z_p4-chaos-dead,cockroachdb,chaos-dead,thesis-extended,f4e8357c79a5ac7a69f21cf0b607ef79f3c48eec,2026-09-05T21:39:41.634756Z,2026-09-05T21:42:54.961474Z,2026-09-05T21:42:54.957750Z,136.0,141.55,100,1,read,1911.3,1973.7,0,1.6,7.1,11.5,52.4,,,
20260905T213941Z_p4-chaos-dead,cockroachdb,chaos-dead,thesis-extended,f4e8357c79a5ac7a69f21cf0b607ef79f3c48eec,2026-09-05T21:39:41.634756Z,2026-09-05T21:42:54.961474Z,2026-09-05T21:42:54.957750Z,136.0,141.55,100,1,update,458.3,495.3,0,209.7,226.5,234.9,234.9,,,
20260905T213941Z_p4-chaos-dead,cockroachdb,chaos-dead,thesis-extended,f4e8357c79a5ac7a69f21cf0b607ef79f3c48eec,2026-09-05T21:39:41.634756Z,2026-09-05T21:42:54.961474Z,2026-09-05T21:42:54.957750Z,137.0,142.55,100,1,read,1834.2,1972.7,0,1.7,5.8,8.1,12.1,,,
20260905T213941Z_p4-chaos-dead,cockroachdb,chaos-dead,thesis-extended,f4e8357c79a5ac7a69f21cf0b607ef79f3c48eec,2026-09-05T21:39:41.634756Z,2026-09-05T21:42:54.961474Z,2026-09-05T21:42:54.957750Z,137.0,142.55,100,1,update,461.6,495.1,0,209.7,218.1,218.1,226.5,,,
20260905T213941Z_p4-chaos-dead,cockroachdb,chaos-dead,thesis-extended,f4e8357c79a5ac7a69f21cf0b607ef79f3c48eec,2026-09-05T21:39:41.634756Z,2026-09-05T21:42:54.961474Z,2026-09-05T21:42:54.957750Z,138.0,143.549,100,1,read,1394.8,1968.5,0,7.6,54.5,83.9,130.0,,,
20260905T213941Z_p4-chaos-dead,cockroachdb,chaos-dead,thesis-extended,f4e8357c79a5ac7a69f21cf0b607ef79f3c48eec,2026-09-05T21:39:41.634756Z,2026-09-05T21:42:54.961474Z,2026-09-05T21:42:54.957750Z,138.0,143.549,100,1,update,325.2,493.9,0,226.5,335.5,369.1,402.7,,,
20260905T213941Z_p4-chaos-dead,cockroachdb,chaos-dead,thesis-extended,f4e8357c79a5ac7a69f21cf0b607ef79f3c48eec,2026-09-05T21:39:41.634756Z,2026-09-05T21:42:54.961474Z,2026-09-05T21:42:54.957750Z,139.0,144.556,100,1,read,1651.6,1966.2,0,2.0,8.1,17.8,26.2,,,
20260905T213941Z_p4-chaos-dead,cockroachdb,chaos-dead,thesis-extended,f4e8357c79a5ac7a69f21cf0b607ef79f3c48eec,2026-09-05T21:39:41.634756Z,2026-09-05T21:42:54.961474Z,2026-09-05T21:42:54.957750Z,139.0,144.556,100,1,update,455.2,493.6,0,209.7,243.3,251.7,302.0,,,
20260905T213941Z_p4-chaos-dead,cockroachdb,chaos-dead,thesis-extended,f4e8357c79a5ac7a69f21cf0b607ef79f3c48eec,2026-09-05T21:39:41.634756Z,2026-09-05T21:42:54.961474Z,2026-09-05T21:42:54.957750Z,140.0,145.548,100,1,read,1793.9,1965.0,0,2.0,7.6,11.0,201.3,,,
20260905T213941Z_p4-chaos-dead,cockroachdb,chaos-dead,thesis-extended,f4e8357c79a5ac7a69f21cf0b607ef79f3c48eec,2026-09-05T21:39:41.634756Z,2026-09-05T21:42:54.961474Z,2026-09-05T21:42:54.957750Z,140.0,145.548,100,1,update,456.0,493.3,0,209.7,218.1,218.1,226.5,,,
20260905T213941Z_p4-chaos-dead,cockroachdb,chaos-dead,thesis-extended,f4e8357c79a5ac7a69f21cf0b607ef79f3c48eec,2026-09-05T21:39:41.634756Z,2026-09-05T21:42:54.961474Z,2026-09-05T21:42:54.957750Z,141.0,146.548,100,1,read,1868.9,1964.3,0,1.8,6.6,9.4,159.4,,,
20260905T213941Z_p4-chaos-dead,cockroachdb,chaos-dead,thesis-extended,f4e8357c79a5ac7a69f21cf0b607ef79f3c48eec,2026-09-05T21:39:41.634756Z,2026-09-05T21:42:54.961474Z,2026-09-05T21:42:54.957750Z,141.0,146.548,100,1,update,458.0,493.1,0,209.7,218.1,226.5,234.9,,,
20260905T213941Z_p4-chaos-dead,cockroachdb,chaos-dead,thesis-extended,f4e8357c79a5ac7a69f21cf0b607ef79f3c48eec,2026-09-05T21:39:41.634756Z,2026-09-05T21:42:54.961474Z,2026-09-05T21:42:54.957750Z,142.0,147.549,100,1,read,1811.0,1963.2,0,2.1,7.1,12.6,26.2,,,
20260905T213941Z_p4-chaos-dead,cockroachdb,chaos-dead,thesis-extended,f4e8357c79a5ac7a69f21cf0b607ef79f3c48eec,2026-09-05T21:39:41.634756Z,2026-09-05T21:42:54.961474Z,2026-09-05T21:42:54.957750Z,142.0,147.549,100,1,update,454.0,492.8,0,209.7,226.5,234.9,234.9,,,
20260905T213941Z_p4-chaos-dead,cockroachdb,chaos-dead,thesis-extended,f4e8357c79a5ac7a69f21cf0b607ef79f3c48eec,2026-09-05T21:39:41.634756Z,2026-09-05T21:42:54.961474Z,2026-09-05T21:42:54.957750Z,143.0,148.554,100,1,read,1856.7,1962.4,0,2.2,6.6,10.0,17.8,,,
20260905T213941Z_p4-chaos-dead,cockroachdb,chaos-dead,thesis-extended,f4e8357c79a5ac7a69f21cf0b607ef79f3c48eec,2026-09-05T21:39:41.634756Z,2026-09-05T21:42:54.961474Z,2026-09-05T21:42:54.957750Z,143.0,148.554,100,1,update,448.7,492.5,0,209.7,218.1,226.5,226.5,,,
20260905T213941Z_p4-chaos-dead,cockroachdb,chaos-dead,thesis-extended,f4e8357c79a5ac7a69f21cf0b607ef79f3c48eec,2026-09-05T21:39:41.634756Z,2026-09-05T21:42:54.961474Z,2026-09-05T21:42:54.957750Z,144.0,149.551,100,1,read,1758.6,1961.0,0,1.4,5.2,7.6,176.2,,,
20260905T213941Z_p4-chaos-dead,cockroachdb,chaos-dead,thesis-extended,f4e8357c79a5ac7a69f21cf0b607ef79f3c48eec,2026-09-05T21:39:41.634756Z,2026-09-05T21:42:54.961474Z,2026-09-05T21:42:54.957750Z,144.0,149.551,100,1,update,470.2,492.3,0,209.7,218.1,218.1,218.1,,,
20260905T213941Z_p4-chaos-dead,cockroachdb,chaos-dead,thesis-extended,f4e8357c79a5ac7a69f21cf0b607ef79f3c48eec,2026-09-05T21:39:41.634756Z,2026-09-05T21:42:54.961474Z,2026-09-05T21:42:54.957750Z,145.0,150.549,100,1,read,1969.6,1961.1,0,2.5,7.9,12.1,17.8,,,
20260905T213941Z_p4-chaos-dead,cockroachdb,chaos-dead,thesis-extended,f4e8357c79a5ac7a69f21cf0b607ef79f3c48eec,2026-09-05T21:39:41.634756Z,2026-09-05T21:42:54.961474Z,2026-09-05T21:42:54.957750Z,145.0,150.549,100,1,update,446.1,492.0,0,209.7,226.5,234.9,243.3,,,
20260905T213941Z_p4-chaos-dead,cockroachdb,chaos-dead,thesis-extended,f4e8357c79a5ac7a69f21cf0b607ef79f3c48eec,2026-09-05T21:39:41.634756Z,2026-09-05T21:42:54.961474Z,2026-09-05T21:42:54.957750Z,146.0,151.556,100,1,read,1667.3,1959.1,0,2.2,7.9,10.5,176.2,,,
20260905T213941Z_p4-chaos-dead,cockroachdb,chaos-dead,thesis-extended,f4e8357c79a5ac7a69f21cf0b607ef79f3c48eec,2026-09-05T21:39:41.634756Z,2026-09-05T21:42:54.961474Z,2026-09-05T21:42:54.957750Z,146.0,151.556,100,1,update,450.1,491.7,0,218.1,218.1,226.5,234.9,,,
20260905T213941Z_p4-chaos-dead,cockroachdb,chaos-dead,thesis-extended,f4e8357c79a5ac7a69f21cf0b607ef79f3c48eec,2026-09-05T21:39:41.634756Z,2026-09-05T21:42:54.961474Z,2026-09-05T21:42:54.957750Z,147.0,152.549,100,1,read,1870.3,1958.5,0,2.4,7.1,11.0,159.4,,,
20260905T213941Z_p4-chaos-dead,cockroachdb,chaos-dead,thesis-extended,f4e8357c79a5ac7a69f21cf0b607ef79f3c48eec,2026-09-05T21:39:41.634756Z,2026-09-05T21:42:54.961474Z,2026-09-05T21:42:54.957750Z,147.0,152.549,100,1,update,454.8,491.5,0,209.7,218.1,226.5,234.9,,,
20260905T213941Z_p4-chaos-dead,cockroachdb,chaos-dead,thesis-extended,f4e8357c79a5ac7a69f21cf0b607ef79f3c48eec,2026-09-05T21:39:41.634756Z,2026-09-05T21:42:54.961474Z,2026-09-05T21:42:54.957750Z,148.0,153.549,100,1,read,1868.6,1957.9,0,2.2,7.6,12.1,18.9,,,
20260905T213941Z_p4-chaos-dead,cockroachdb,chaos-dead,thesis-extended,f4e8357c79a5ac7a69f21cf0b607ef79f3c48eec,2026-09-05T21:39:41.634756Z,2026-09-05T21:42:54.961474Z,2026-09-05T21:42:54.957750Z,148.0,153.549,100,1,update,448.1,491.2,0,209.7,226.5,226.5,243.3,,,
20260905T213941Z_p4-chaos-dead,cockroachdb,chaos-dead,thesis-extended,f4e8357c79a5ac7a69f21cf0b607ef79f3c48eec,2026-09-05T21:39:41.634756Z,2026-09-05T21:42:54.961474Z,2026-09-05T21:42:54.957750Z,149.0,154.552,100,1,read,1674.2,1956.0,0,1.8,6.3,9.4,142.6,,,
20260905T213941Z_p4-chaos-dead,cockroachdb,chaos-dead,thesis-extended,f4e8357c79a5ac7a69f21cf0b607ef79f3c48eec,2026-09-05T21:39:41.634756Z,2026-09-05T21:42:54.961474Z,2026-09-05T21:42:54.957750Z,149.0,154.552,100,1,update,457.0,491.0,0,209.7,218.1,218.1,218.1,,,
20260905T213941Z_p4-chaos-dead,cockroachdb,chaos-dead,thesis-extended,f4e8357c79a5ac7a69f21cf0b607ef79f3c48eec,2026-09-05T21:39:41.634756Z,2026-09-05T21:42:54.961474Z,2026-09-05T21:42:54.957750Z,150.0,155.568,100,1,read,1681.3,1954.1,0,2.5,23.1,37.7,56.6,,,
20260905T213941Z_p4-chaos-dead,cockroachdb,chaos-dead,thesis-extended,f4e8357c79a5ac7a69f21cf0b607ef79f3c48eec,2026-09-05T21:39:41.634756Z,2026-09-05T21:42:54.961474Z,2026-09-05T21:42:54.957750Z,150.0,155.568,100,1,update,431.8,490.6,0,209.7,243.3,251.7,260.0,,,
20260905T213941Z_p4-chaos-dead,cockroachdb,chaos-dead,thesis-extended,f4e8357c79a5ac7a69f21cf0b607ef79f3c48eec,2026-09-05T21:39:41.634756Z,2026-09-05T21:42:54.961474Z,2026-09-05T21:42:54.957750Z,151.0,156.55,100,1,read,1637.3,1952.0,0,3.7,18.9,58.7,192.9,,,
20260905T213941Z_p4-chaos-dead,cockroachdb,chaos-dead,thesis-extended,f4e8357c79a5ac7a69f21cf0b607ef79f3c48eec,2026-09-05T21:39:41.634756Z,2026-09-05T21:42:54.961474Z,2026-09-05T21:42:54.957750Z,151.0,156.55,100,1,update,397.1,489.9,0,218.1,302.0,318.8,335.5,,,
20260905T213941Z_p4-chaos-dead,cockroachdb,chaos-dead,thesis-extended,f4e8357c79a5ac7a69f21cf0b607ef79f3c48eec,2026-09-05T21:39:41.634756Z,2026-09-05T21:42:54.961474Z,2026-09-05T21:42:54.957750Z,152.0,157.549,100,1,read,1796.8,1951.0,0,2.8,10.5,16.3,29.4,,,
20260905T213941Z_p4-chaos-dead,cockroachdb,chaos-dead,thesis-extended,f4e8357c79a5ac7a69f21cf0b607ef79f3c48eec,2026-09-05T21:39:41.634756Z,2026-09-05T21:42:54.961474Z,2026-09-05T21:42:54.957750Z,152.0,157.549,100,1,update,439.0,489.6,0,218.1,226.5,234.9,234.9,,,
20260905T213941Z_p4-chaos-dead,cockroachdb,chaos-dead,thesis-extended,f4e8357c79a5ac7a69f21cf0b607ef79f3c48eec,2026-09-05T21:39:41.634756Z,2026-09-05T21:42:54.961474Z,2026-09-05T21:42:54.957750Z,153.0,158.548,100,1,read,1804.2,1950.1,0,2.1,8.4,13.6,22.0,,,
20260905T213941Z_p4-chaos-dead,cockroachdb,chaos-dead,thesis-extended,f4e8357c79a5ac7a69f21cf0b607ef79f3c48eec,2026-09-05T21:39:41.634756Z,2026-09-05T21:42:54.961474Z,2026-09-05T21:42:54.957750Z,153.0,158.548,100,1,update,453.1,489.4,0,209.7,226.5,234.9,243.3,,,
20260905T213941Z_p4-chaos-dead,cockroachdb,chaos-dead,thesis-extended,f4e8357c79a5ac7a69f21cf0b607ef79f3c48eec,2026-09-05T21:39:41.634756Z,2026-09-05T21:42:54.961474Z,2026-09-05T21:42:54.957750Z,154.0,159.549,100,1,read,1679.4,1948.3,0,1.8,7.3,11.5,75.5,,,
20260905T213941Z_p4-chaos-dead,cockroachdb,chaos-dead,thesis-extended,f4e8357c79a5ac7a69f21cf0b607ef79f3c48eec,2026-09-05T21:39:41.634756Z,2026-09-05T21:42:54.961474Z,2026-09-05T21:42:54.957750Z,154.0,159.549,100,1,update,449.8,489.1,0,209.7,226.5,234.9,243.3,,,
20260905T213941Z_p4-chaos-dead,cockroachdb,chaos-dead,thesis-extended,f4e8357c79a5ac7a69f21cf0b607ef79f3c48eec,2026-09-05T21:39:41.634756Z,2026-09-05T21:42:54.961474Z,2026-09-05T21:42:54.957750Z,155.0,160.553,100,1,read,1834.0,1947.6,0,2.2,7.6,11.0,109.1,,,
20260905T213941Z_p4-chaos-dead,cockroachdb,chaos-dead,thesis-extended,f4e8357c79a5ac7a69f21cf0b607ef79f3c48eec,2026-09-05T21:39:41.634756Z,2026-09-05T21:42:54.961474Z,2026-09-05T21:42:54.957750Z,155.0,160.553,100,1,update,452.0,488.9,0,209.7,218.1,226.5,226.5,,,
20260905T213941Z_p4-chaos-dead,cockroachdb,chaos-dead,thesis-extended,f4e8357c79a5ac7a69f21cf0b607ef79f3c48eec,2026-09-05T21:39:41.634756Z,2026-09-05T21:42:54.961474Z,2026-09-05T21:42:54.957750Z,156.0,161.548,100,1,read,1790.1,1946.6,0,2.5,8.4,13.6,25.2,,,
20260905T213941Z_p4-chaos-dead,cockroachdb,chaos-dead,thesis-extended,f4e8357c79a5ac7a69f21cf0b607ef79f3c48eec,2026-09-05T21:39:41.634756Z,2026-09-05T21:42:54.961474Z,2026-09-05T21:42:54.957750Z,156.0,161.548,100,1,update,449.3,488.6,0,218.1,234.9,251.7,260.0,,,
20260905T213941Z_p4-chaos-dead,cockroachdb,chaos-dead,thesis-extended,f4e8357c79a5ac7a69f21cf0b607ef79f3c48eec,2026-09-05T21:39:41.634756Z,2026-09-05T21:42:54.961474Z,2026-09-05T21:42:54.957750Z,157.0,162.548,100,1,read,1865.9,1946.0,0,2.1,8.1,13.1,130.0,,,
20260905T213941Z_p4-chaos-dead,cockroachdb,chaos-dead,thesis-extended,f4e8357c79a5ac7a69f21cf0b607ef79f3c48eec,2026-09-05T21:39:41.634756Z,2026-09-05T21:42:54.961474Z,2026-09-05T21:42:54.957750Z,157.0,162.548,100,1,update,441.5,488.3,0,209.7,218.1,226.5,226.5,,,
20260905T213941Z_p4-chaos-dead,cockroachdb,chaos-dead,thesis-extended,f4e8357c79a5ac7a69f21cf0b607ef79f3c48eec,2026-09-05T21:39:41.634756Z,2026-09-05T21:42:54.961474Z,2026-09-05T21:42:54.957750Z,158.0,163.548,100,1,read,1900.1,1945.7,0,2.4,7.9,12.1,176.2,,,
20260905T213941Z_p4-chaos-dead,cockroachdb,chaos-dead,thesis-extended,f4e8357c79a5ac7a69f21cf0b607ef79f3c48eec,2026-09-05T21:39:41.634756Z,2026-09-05T21:42:54.961474Z,2026-09-05T21:42:54.957750Z,158.0,163.548,100,1,update,448.3,488.1,0,209.7,226.5,226.5,226.5,,,
20260905T213941Z_p4-chaos-dead,cockroachdb,chaos-dead,thesis-extended,f4e8357c79a5ac7a69f21cf0b607ef79f3c48eec,2026-09-05T21:39:41.634756Z,2026-09-05T21:42:54.961474Z,2026-09-05T21:42:54.957750Z,159.0,164.549,100,1,read,1647.0,1943.9,0,1.7,6.3,8.9,71.3,,,
20260905T213941Z_p4-chaos-dead,cockroachdb,chaos-dead,thesis-extended,f4e8357c79a5ac7a69f21cf0b607ef79f3c48eec,2026-09-05T21:39:41.634756Z,2026-09-05T21:42:54.961474Z,2026-09-05T21:42:54.957750Z,159.0,164.549,100,1,update,468.0,487.9,0,209.7,226.5,226.5,234.9,,,
20260905T213941Z_p4-chaos-dead,cockroachdb,chaos-dead,thesis-extended,f4e8357c79a5ac7a69f21cf0b607ef79f3c48eec,2026-09-05T21:39:41.634756Z,2026-09-05T21:42:54.961474Z,2026-09-05T21:42:54.957750Z,160.0,165.551,100,1,read,1699.4,1942.3,0,1.8,6.6,10.0,201.3,,,
20260905T213941Z_p4-chaos-dead,cockroachdb,chaos-dead,thesis-extended,f4e8357c79a5ac7a69f21cf0b607ef79f3c48eec,2026-09-05T21:39:41.634756Z,2026-09-05T21:42:54.961474Z,2026-09-05T21:42:54.957750Z,160.0,165.551,100,1,update,451.1,487.7,0,209.7,218.1,226.5,226.5,,,
20260905T213941Z_p4-chaos-dead,cockroachdb,chaos-dead,thesis-extended,f4e8357c79a5ac7a69f21cf0b607ef79f3c48eec,2026-09-05T21:39:41.634756Z,2026-09-05T21:42:54.961474Z,2026-09-05T21:42:54.957750Z,161.0,166.55,100,1,read,1682.0,1940.7,0,1.7,6.6,10.0,79.7,,,
20260905T213941Z_p4-chaos-dead,cockroachdb,chaos-dead,thesis-extended,f4e8357c79a5ac7a69f21cf0b607ef79f3c48eec,2026-09-05T21:39:41.634756Z,2026-09-05T21:42:54.961474Z,2026-09-05T21:42:54.957750Z,161.0,166.55,100,1,update,463.7,487.6,0,209.7,218.1,226.5,226.5,,,
20260905T213941Z_p4-chaos-dead,cockroachdb,chaos-dead,thesis-extended,f4e8357c79a5ac7a69f21cf0b607ef79f3c48eec,2026-09-05T21:39:41.634756Z,2026-09-05T21:42:54.961474Z,2026-09-05T21:42:54.957750Z,162.0,167.551,100,1,read,1658.8,1939.0,0,2.6,10.5,17.8,24.1,,,
20260905T213941Z_p4-chaos-dead,cockroachdb,chaos-dead,thesis-extended,f4e8357c79a5ac7a69f21cf0b607ef79f3c48eec,2026-09-05T21:39:41.634756Z,2026-09-05T21:42:54.961474Z,2026-09-05T21:42:54.957750Z,162.0,167.551,100,1,update,437.2,487.2,0,218.1,226.5,234.9,243.3,,,
20260905T213941Z_p4-chaos-dead,cockroachdb,chaos-dead,thesis-extended,f4e8357c79a5ac7a69f21cf0b607ef79f3c48eec,2026-09-05T21:39:41.634756Z,2026-09-05T21:42:54.961474Z,2026-09-05T21:42:54.957750Z,163.0,168.549,100,1,read,1267.0,1934.9,0,3.4,39.8,58.7,100.7,,,
20260905T213941Z_p4-chaos-dead,cockroachdb,chaos-dead,thesis-extended,f4e8357c79a5ac7a69f21cf0b607ef79f3c48eec,2026-09-05T21:39:41.634756Z,2026-09-05T21:42:54.961474Z,2026-09-05T21:42:54.957750Z,163.0,168.549,100,1,update,365.0,486.5,0,218.1,335.5,352.3,385.9,,,
20260905T213941Z_p4-chaos-dead,cockroachdb,chaos-dead,thesis-extended,f4e8357c79a5ac7a69f21cf0b607ef79f3c48eec,2026-09-05T21:39:41.634756Z,2026-09-05T21:42:54.961474Z,2026-09-05T21:42:54.957750Z,164.0,169.55,100,1,read,1821.5,1934.2,0,2.4,14.7,21.0,192.9,,,
20260905T213941Z_p4-chaos-dead,cockroachdb,chaos-dead,thesis-extended,f4e8357c79a5ac7a69f21cf0b607ef79f3c48eec,2026-09-05T21:39:41.634756Z,2026-09-05T21:42:54.961474Z,2026-09-05T21:42:54.957750Z,164.0,169.55,100,1,update,428.9,486.1,0,218.1,251.7,268.4,318.8,,,
20260905T213941Z_p4-chaos-dead,cockroachdb,chaos-dead,thesis-extended,f4e8357c79a5ac7a69f21cf0b607ef79f3c48eec,2026-09-05T21:39:41.634756Z,2026-09-05T21:42:54.961474Z,2026-09-05T21:42:54.957750Z,165.0,170.548,100,1,read,1909.2,1934.0,0,1.9,6.3,10.0,201.3,,,
20260905T213941Z_p4-chaos-dead,cockroachdb,chaos-dead,thesis-extended,f4e8357c79a5ac7a69f21cf0b607ef79f3c48eec,2026-09-05T21:39:41.634756Z,2026-09-05T21:42:54.961474Z,2026-09-05T21:42:54.957750Z,165.0,170.548,100,1,update,459.3,486.0,0,209.7,218.1,218.1,218.1,,,
20260905T213941Z_p4-chaos-dead,cockroachdb,chaos-dead,thesis-extended,f4e8357c79a5ac7a69f21cf0b607ef79f3c48eec,2026-09-05T21:39:41.634756Z,2026-09-05T21:42:54.961474Z,2026-09-05T21:42:54.957750Z,166.0,171.554,100,1,read,1716.0,1932.7,0,1.8,6.3,10.5,125.8,,,
20260905T213941Z_p4-chaos-dead,cockroachdb,chaos-dead,thesis-extended,f4e8357c79a5ac7a69f21cf0b607ef79f3c48eec,2026-09-05T21:39:41.634756Z,2026-09-05T21:42:54.961474Z,2026-09-05T21:42:54.957750Z,166.0,171.554,100,1,update,457.0,485.8,0,209.7,218.1,226.5,226.5,,,
20260905T213941Z_p4-chaos-dead,cockroachdb,chaos-dead,thesis-extended,f4e8357c79a5ac7a69f21cf0b607ef79f3c48eec,2026-09-05T21:39:41.634756Z,2026-09-05T21:42:54.961474Z,2026-09-05T21:42:54.957750Z,167.0,172.548,100,1,read,1845.8,1932.2,0,2.0,7.1,10.0,184.5,,,
20260905T213941Z_p4-chaos-dead,cockroachdb,chaos-dead,thesis-extended,f4e8357c79a5ac7a69f21cf0b607ef79f3c48eec,2026-09-05T21:39:41.634756Z,2026-09-05T21:42:54.961474Z,2026-09-05T21:42:54.957750Z,167.0,172.548,100,1,update,454.0,485.6,0,209.7,218.1,226.5,234.9,,,
20260905T213941Z_p4-chaos-dead,cockroachdb,chaos-dead,thesis-extended,f4e8357c79a5ac7a69f21cf0b607ef79f3c48eec,2026-09-05T21:39:41.634756Z,2026-09-05T21:42:54.961474Z,2026-09-05T21:42:54.957750Z,168.0,173.552,100,1,read,1816.0,1931.5,0,2.1,7.1,11.0,121.6,,,
20260905T213941Z_p4-chaos-dead,cockroachdb,chaos-dead,thesis-extended,f4e8357c79a5ac7a69f21cf0b607ef79f3c48eec,2026-09-05T21:39:41.634756Z,2026-09-05T21:42:54.961474Z,2026-09-05T21:42:54.957750Z,168.0,173.552,100,1,update,455.8,485.4,0,209.7,226.5,226.5,243.3,,,
20260905T213941Z_p4-chaos-dead,cockroachdb,chaos-dead,thesis-extended,f4e8357c79a5ac7a69f21cf0b607ef79f3c48eec,2026-09-05T21:39:41.634756Z,2026-09-05T21:42:54.961474Z,2026-09-05T21:42:54.957750Z,169.0,174.55,100,1,read,1950.7,1931.6,0,1.6,6.3,10.5,92.3,,,
20260905T213941Z_p4-chaos-dead,cockroachdb,chaos-dead,thesis-extended,f4e8357c79a5ac7a69f21cf0b607ef79f3c48eec,2026-09-05T21:39:41.634756Z,2026-09-05T21:42:54.961474Z,2026-09-05T21:42:54.957750Z,169.0,174.55,100,1,update,453.2,485.2,0,209.7,218.1,218.1,226.5,,,
20260905T213941Z_p4-chaos-dead,cockroachdb,chaos-dead,thesis-extended,f4e8357c79a5ac7a69f21cf0b607ef79f3c48eec,2026-09-05T21:39:41.634756Z,2026-09-05T21:42:54.961474Z,2026-09-05T21:42:54.957750Z,170.0,175.55,100,1,read,1852.3,1931.1,0,2.0,6.3,8.9,209.7,,,
20260905T213941Z_p4-chaos-dead,cockroachdb,chaos-dead,thesis-extended,f4e8357c79a5ac7a69f21cf0b607ef79f3c48eec,2026-09-05T21:39:41.634756Z,2026-09-05T21:42:54.961474Z,2026-09-05T21:42:54.957750Z,170.0,175.55,100,1,update,456.1,485.1,0,209.7,218.1,218.1,226.5,,,
20260905T213941Z_p4-chaos-dead,cockroachdb,chaos-dead,thesis-extended,f4e8357c79a5ac7a69f21cf0b607ef79f3c48eec,2026-09-05T21:39:41.634756Z,2026-09-05T21:42:54.961474Z,2026-09-05T21:42:54.957750Z,171.0,176.557,100,1,read,1593.9,1929.2,0,1.6,5.2,8.9,201.3,,,
20260905T213941Z_p4-chaos-dead,cockroachdb,chaos-dead,thesis-extended,f4e8357c79a5ac7a69f21cf0b607ef79f3c48eec,2026-09-05T21:39:41.634756Z,2026-09-05T21:42:54.961474Z,2026-09-05T21:42:54.957750Z,171.0,176.557,100,1,update,468.0,485.0,0,209.7,218.1,218.1,218.1,,,
20260905T213941Z_p4-chaos-dead,cockroachdb,chaos-dead,thesis-extended,f4e8357c79a5ac7a69f21cf0b607ef79f3c48eec,2026-09-05T21:39:41.634756Z,2026-09-05T21:42:54.961474Z,2026-09-05T21:42:54.957750Z,172.0,177.551,100,1,read,1737.5,1928.0,0,2.0,8.1,14.2,28.3,,,
20260905T213941Z_p4-chaos-dead,cockroachdb,chaos-dead,thesis-extended,f4e8357c79a5ac7a69f21cf0b607ef79f3c48eec,2026-09-05T21:39:41.634756Z,2026-09-05T21:42:54.961474Z,2026-09-05T21:42:54.957750Z,172.0,177.551,100,1,update,458.1,484.8,0,209.7,226.5,234.9,260.0,,,
20260905T213941Z_p4-chaos-dead,cockroachdb,chaos-dead,thesis-extended,f4e8357c79a5ac7a69f21cf0b607ef79f3c48eec,2026-09-05T21:39:41.634756Z,2026-09-05T21:42:54.961474Z,2026-09-05T21:42:54.957750Z,173.0,178.556,100,1,read,1778.6,1927.2,0,1.6,5.0,6.8,8.9,,,
20260905T213941Z_p4-chaos-dead,cockroachdb,chaos-dead,thesis-extended,f4e8357c79a5ac7a69f21cf0b607ef79f3c48eec,2026-09-05T21:39:41.634756Z,2026-09-05T21:42:54.961474Z,2026-09-05T21:42:54.957750Z,173.0,178.556,100,1,update,456.9,484.7,0,209.7,218.1,218.1,226.5,,,
20260905T213941Z_p4-chaos-dead,cockroachdb,chaos-dead,thesis-extended,f4e8357c79a5ac7a69f21cf0b607ef79f3c48eec,2026-09-05T21:39:41.634756Z,2026-09-05T21:42:54.961474Z,2026-09-05T21:42:54.957750Z,174.0,179.556,100,1,read,1952.9,1927.3,0,2.0,6.8,10.0,14.2,,,
20260905T213941Z_p4-chaos-dead,cockroachdb,chaos-dead,thesis-extended,f4e8357c79a5ac7a69f21cf0b607ef79f3c48eec,2026-09-05T21:39:41.634756Z,2026-09-05T21:42:54.961474Z,2026-09-05T21:42:54.957750Z,174.0,179.556,100,1,update,461.0,484.5,0,209.7,226.5,226.5,234.9,,,
20260905T213941Z_p4-chaos-dead,cockroachdb,chaos-dead,thesis-extended,f4e8357c79a5ac7a69f21cf0b607ef79f3c48eec,2026-09-05T21:39:41.634756Z,2026-09-05T21:42:54.961474Z,2026-09-05T21:42:54.957750Z,175.0,180.55,100,1,read,1804.4,1926.6,0,1.8,6.0,9.4,16.3,,,
20260905T213941Z_p4-chaos-dead,cockroachdb,chaos-dead,thesis-extended,f4e8357c79a5ac7a69f21cf0b607ef79f3c48eec,2026-09-05T21:39:41.634756Z,2026-09-05T21:42:54.961474Z,2026-09-05T21:42:54.957750Z,175.0,180.55,100,1,update,455.1,484.4,0,209.7,218.1,226.5,285.2,,,
20260905T213941Z_p4-chaos-dead,cockroachdb,chaos-dead,thesis-extended,f4e8357c79a5ac7a69f21cf0b607ef79f3c48eec,2026-09-05T21:39:41.634756Z,2026-09-05T21:42:54.961474Z,2026-09-05T21:42:54.957750Z,176.0,181.552,100,1,read,1336.6,1923.3,0,6.0,33.6,46.1,192.9,,,
20260905T213941Z_p4-chaos-dead,cockroachdb,chaos-dead,thesis-extended,f4e8357c79a5ac7a69f21cf0b607ef79f3c48eec,2026-09-05T21:39:41.634756Z,2026-09-05T21:42:54.961474Z,2026-09-05T21:42:54.957750Z,176.0,181.552,100,1,update,381.9,483.8,0,226.5,285.2,302.0,335.5,,,
20260905T213941Z_p4-chaos-dead,cockroachdb,chaos-dead,thesis-extended,f4e8357c79a5ac7a69f21cf0b607ef79f3c48eec,2026-09-05T21:39:41.634756Z,2026-09-05T21:42:54.961474Z,2026-09-05T21:42:54.957750Z,177.0,182.548,100,1,read,1668.7,1921.8,0,1.2,4.2,6.6,192.9,,,
20260905T213941Z_p4-chaos-dead,cockroachdb,chaos-dead,thesis-extended,f4e8357c79a5ac7a69f21cf0b607ef79f3c48eec,2026-09-05T21:39:41.634756Z,2026-09-05T21:42:54.961474Z,2026-09-05T21:42:54.957750Z,177.0,182.548,100,1,update,465.9,483.7,0,209.7,218.1,218.1,226.5,,,
20260905T213941Z_p4-chaos-dead,cockroachdb,chaos-dead,thesis-extended,f4e8357c79a5ac7a69f21cf0b607ef79f3c48eec,2026-09-05T21:39:41.634756Z,2026-09-05T21:42:54.961474Z,2026-09-05T21:42:54.957750Z,178.0,183.552,100,1,read,1776.7,1921.0,0,1.6,5.8,7.9,13.6,,,
20260905T213941Z_p4-chaos-dead,cockroachdb,chaos-dead,thesis-extended,f4e8357c79a5ac7a69f21cf0b607ef79f3c48eec,2026-09-05T21:39:41.634756Z,2026-09-05T21:42:54.961474Z,2026-09-05T21:42:54.957750Z,178.0,183.552,100,1,update,463.9,483.6,0,209.7,218.1,218.1,226.5,,,
20260905T213941Z_p4-chaos-dead,cockroachdb,chaos-dead,thesis-extended,f4e8357c79a5ac7a69f21cf0b607ef79f3c48eec,2026-09-05T21:39:41.634756Z,2026-09-05T21:42:54.961474Z,2026-09-05T21:42:54.957750Z,179.0,184.548,100,1,read,1912.9,1921.0,0,1.5,5.0,7.3,75.5,,,
20260905T213941Z_p4-chaos-dead,cockroachdb,chaos-dead,thesis-extended,f4e8357c79a5ac7a69f21cf0b607ef79f3c48eec,2026-09-05T21:39:41.634756Z,2026-09-05T21:42:54.961474Z,2026-09-05T21:42:54.957750Z,179.0,184.548,100,1,update,467.7,483.5,0,209.7,218.1,218.1,218.1,,,
20260905T213941Z_p4-chaos-dead,cockroachdb,chaos-dead,thesis-extended,f4e8357c79a5ac7a69f21cf0b607ef79f3c48eec,2026-09-05T21:39:41.634756Z,2026-09-05T21:42:54.961474Z,2026-09-05T21:42:54.957750Z,180.0,185.549,100,1,read,1770.9,1920.1,0,1.6,5.2,7.3,79.7,,,
20260905T213941Z_p4-chaos-dead,cockroachdb,chaos-dead,thesis-extended,f4e8357c79a5ac7a69f21cf0b607ef79f3c48eec,2026-09-05T21:39:41.634756Z,2026-09-05T21:42:54.961474Z,2026-09-05T21:42:54.957750Z,180.0,185.549,100,1,update,466.5,483.4,0,209.7,218.1,226.5,260.0,,,
20260907T172312Z_p4-chaos-dead,cockroachdb,chaos-dead,thesis,01ff85c294945c8138a8326bbe68c7055b3604d1,2026-09-07T17:23:12.645992Z,2026-09-07T17:30:52.495352Z,2026-09-07T17:30:52.492215Z,1.0,273.777,100,1,read,5.5,1490.9,0,1.8,151.0,637.5,704.6,,,
20260907T172312Z_p4-chaos-dead,cockroachdb,chaos-dead,thesis,01ff85c294945c8138a8326bbe68c7055b3604d1,2026-09-07T17:23:12.645992Z,2026-09-07T17:30:52.495352Z,2026-09-07T17:30:52.492215Z,1.0,273.777,100,1,update,1.1,294.0,0,75.5,285.2,369.1,1006.6,,,
20260907T172312Z_p4-chaos-dead,cockroachdb,chaos-dead,thesis,01ff85c294945c8138a8326bbe68c7055b3604d1,2026-09-07T17:23:12.645992Z,2026-09-07T17:30:52.495352Z,2026-09-07T17:30:52.492215Z,2.0,274.772,100,1,read,1330.4,1410.7,0,1.6,419.4,469.8,469.8,,,
20260907T172312Z_p4-chaos-dead,cockroachdb,chaos-dead,thesis,01ff85c294945c8138a8326bbe68c7055b3604d1,2026-09-07T17:23:12.645992Z,2026-09-07T17:30:52.495352Z,2026-09-07T17:30:52.492215Z,2.0,274.772,100,1,update,345.9,319.9,0,75.5,302.0,771.8,771.8,,,
20260907T172312Z_p4-chaos-dead,cockroachdb,chaos-dead,thesis,01ff85c294945c8138a8326bbe68c7055b3604d1,2026-09-07T17:23:12.645992Z,2026-09-07T17:30:52.495352Z,2026-09-07T17:30:52.492215Z,3.0,275.771,100,1,read,1311.5,1377.6,0,2.0,151.0,453.0,704.6,,,
20260907T172312Z_p4-chaos-dead,cockroachdb,chaos-dead,thesis,01ff85c294945c8138a8326bbe68c7055b3604d1,2026-09-07T17:23:12.645992Z,2026-09-07T17:30:52.495352Z,2026-09-07T17:30:52.492215Z,3.0,275.771,100,1,update,355.1,331.7,0,75.5,302.0,771.8,838.9,,,
20260907T172312Z_p4-chaos-dead,cockroachdb,chaos-dead,thesis,01ff85c294945c8138a8326bbe68c7055b3604d1,2026-09-07T17:23:12.645992Z,2026-09-07T17:30:52.495352Z,2026-09-07T17:30:52.492215Z,4.0,276.774,100,1,read,1284.3,1354.3,0,1.9,419.4,469.8,771.8,,,
20260907T172312Z_p4-chaos-dead,cockroachdb,chaos-dead,thesis,01ff85c294945c8138a8326bbe68c7055b3604d1,2026-09-07T17:23:12.645992Z,2026-09-07T17:30:52.495352Z,2026-09-07T17:30:52.492215Z,4.0,276.774,100,1,update,342.8,334.5,0,75.5,369.1,771.8,973.1,,,
20260907T172312Z_p4-chaos-dead,cockroachdb,chaos-dead,thesis,01ff85c294945c8138a8326bbe68c7055b3604d1,2026-09-07T17:23:12.645992Z,2026-09-07T17:30:52.495352Z,2026-09-07T17:30:52.492215Z,5.0,277.773,100,1,read,1220.4,1327.5,0,2.0,151.0,469.8,604.0,,,
20260907T172312Z_p4-chaos-dead,cockroachdb,chaos-dead,thesis,01ff85c294945c8138a8326bbe68c7055b3604d1,2026-09-07T17:23:12.645992Z,2026-09-07T17:30:52.495352Z,2026-09-07T17:30:52.492215Z,5.0,277.773,100,1,update,344.1,336.4,0,75.5,302.0,771.8,805.3,,,
20260907T172312Z_p4-chaos-dead,cockroachdb,chaos-dead,thesis,01ff85c294945c8138a8326bbe68c7055b3604d1,2026-09-07T17:23:12.645992Z,2026-09-07T17:30:52.495352Z,2026-09-07T17:30:52.492215Z,6.0,278.772,100,1,read,1415.8,1342.2,0,2.0,142.6,453.0,469.8,,,
20260907T172312Z_p4-chaos-dead,cockroachdb,chaos-dead,thesis,01ff85c294945c8138a8326bbe68c7055b3604d1,2026-09-07T17:23:12.645992Z,2026-09-07T17:30:52.495352Z,2026-09-07T17:30:52.492215Z,6.0,278.772,100,1,update,347.0,338.1,0,75.5,704.6,771.8,771.8,,,
20260907T172312Z_p4-chaos-dead,cockroachdb,chaos-dead,thesis,01ff85c294945c8138a8326bbe68c7055b3604d1,2026-09-07T17:23:12.645992Z,2026-09-07T17:30:52.495352Z,2026-09-07T17:30:52.492215Z,7.0,279.775,100,1,read,1088.6,1306.0,0,6.6,419.4,469.8,486.5,,,
20260907T172312Z_p4-chaos-dead,cockroachdb,chaos-dead,thesis,01ff85c294945c8138a8326bbe68c7055b3604d1,2026-09-07T17:23:12.645992Z,2026-09-07T17:30:52.495352Z,2026-09-07T17:30:52.492215Z,7.0,279.775,100,1,update,276.9,329.4,0,92.3,335.5,771.8,805.3,,,
20260907T172312Z_p4-chaos-dead,cockroachdb,chaos-dead,thesis,01ff85c294945c8138a8326bbe68c7055b3604d1,2026-09-07T17:23:12.645992Z,2026-09-07T17:30:52.495352Z,2026-09-07T17:30:52.492215Z,8.0,280.776,100,1,read,1195.2,1292.1,0,2.2,419.4,453.0,469.8,,,
20260907T172312Z_p4-chaos-dead,cockroachdb,chaos-dead,thesis,01ff85c294945c8138a8326bbe68c7055b3604d1,2026-09-07T17:23:12.645992Z,2026-09-07T17:30:52.495352Z,2026-09-07T17:30:52.492215Z,8.0,280.776,100,1,update,332.1,329.7,0,75.5,704.6,771.8,805.3,,,
20260907T172312Z_p4-chaos-dead,cockroachdb,chaos-dead,thesis,01ff85c294945c8138a8326bbe68c7055b3604d1,2026-09-07T17:23:12.645992Z,2026-09-07T17:30:52.495352Z,2026-09-07T17:30:52.492215Z,9.0,281.781,100,1,read,1474.8,1312.4,0,1.8,151.0,453.0,469.8,,,
20260907T172312Z_p4-chaos-dead,cockroachdb,chaos-dead,thesis,01ff85c294945c8138a8326bbe68c7055b3604d1,2026-09-07T17:23:12.645992Z,2026-09-07T17:30:52.495352Z,2026-09-07T17:30:52.492215Z,9.0,281.781,100,1,update,331.2,329.9,0,75.5,302.0,704.6,771.8,,,
20260907T172312Z_p4-chaos-dead,cockroachdb,chaos-dead,thesis,01ff85c294945c8138a8326bbe68c7055b3604d1,2026-09-07T17:23:12.645992Z,2026-09-07T17:30:52.495352Z,2026-09-07T17:30:52.492215Z,10.0,282.774,100,1,read,1326.2,1313.8,0,1.9,151.0,453.0,469.8,,,
20260907T172312Z_p4-chaos-dead,cockroachdb,chaos-dead,thesis,01ff85c294945c8138a8326bbe68c7055b3604d1,2026-09-07T17:23:12.645992Z,2026-09-07T17:30:52.495352Z,2026-09-07T17:30:52.492215Z,10.0,282.774,100,1,update,353.8,332.3,0,75.5,302.0,771.8,771.8,,,
20260907T172312Z_p4-chaos-dead,cockroachdb,chaos-dead,thesis,01ff85c294945c8138a8326bbe68c7055b3604d1,2026-09-07T17:23:12.645992Z,2026-09-07T17:30:52.495352Z,2026-09-07T17:30:52.492215Z,11.0,283.782,100,1,read,1289.5,1311.6,0,2.0,419.4,453.0,469.8,,,
20260907T172312Z_p4-chaos-dead,cockroachdb,chaos-dead,thesis,01ff85c294945c8138a8326bbe68c7055b3604d1,2026-09-07T17:23:12.645992Z,2026-09-07T17:30:52.495352Z,2026-09-07T17:30:52.492215Z,11.0,283.782,100,1,update,350.1,333.9,0,75.5,302.0,771.8,771.8,,,
20260907T172312Z_p4-chaos-dead,cockroachdb,chaos-dead,thesis,01ff85c294945c8138a8326bbe68c7055b3604d1,2026-09-07T17:23:12.645992Z,2026-09-07T17:30:52.495352Z,2026-09-07T17:30:52.492215Z,12.0,284.776,100,1,read,1407.0,1319.6,0,1.8,151.0,453.0,469.8,,,
20260907T172312Z_p4-chaos-dead,cockroachdb,chaos-dead,thesis,01ff85c294945c8138a8326bbe68c7055b3604d1,2026-09-07T17:23:12.645992Z,2026-09-07T17:30:52.495352Z,2026-09-07T17:30:52.492215Z,12.0,284.776,100,1,update,345.0,334.8,0,75.5,302.0,771.8,771.8,,,
20260907T172312Z_p4-chaos-dead,cockroachdb,chaos-dead,thesis,01ff85c294945c8138a8326bbe68c7055b3604d1,2026-09-07T17:23:12.645992Z,2026-09-07T17:30:52.495352Z,2026-09-07T17:30:52.492215Z,13.0,285.775,100,1,read,1328.6,1320.3,0,2.0,419.4,453.0,469.8,,,
20260907T172312Z_p4-chaos-dead,cockroachdb,chaos-dead,thesis,01ff85c294945c8138a8326bbe68c7055b3604d1,2026-09-07T17:23:12.645992Z,2026-09-07T17:30:52.495352Z,2026-09-07T17:30:52.492215Z,13.0,285.775,100,1,update,338.9,335.1,0,75.5,302.0,771.8,771.8,,,
20260907T172312Z_p4-chaos-dead,cockroachdb,chaos-dead,thesis,01ff85c294945c8138a8326bbe68c7055b3604d1,2026-09-07T17:23:12.645992Z,2026-09-07T17:30:52.495352Z,2026-09-07T17:30:52.492215Z,14.0,286.775,100,1,read,1357.8,1322.9,0,2.4,419.4,469.8,469.8,,,
20260907T172312Z_p4-chaos-dead,cockroachdb,chaos-dead,thesis,01ff85c294945c8138a8326bbe68c7055b3604d1,2026-09-07T17:23:12.645992Z,2026-09-07T17:30:52.495352Z,2026-09-07T17:30:52.492215Z,14.0,286.775,100,1,update,334.2,335.1,0,79.7,318.8,771.8,771.8,,,
20260907T172312Z_p4-chaos-dead,cockroachdb,chaos-dead,thesis,01ff85c294945c8138a8326bbe68c7055b3604d1,2026-09-07T17:23:12.645992Z,2026-09-07T17:30:52.495352Z,2026-09-07T17:30:52.492215Z,15.0,287.775,100,1,read,1279.9,1320.1,0,2.4,151.0,453.0,469.8,,,
20260907T172312Z_p4-chaos-dead,cockroachdb,chaos-dead,thesis,01ff85c294945c8138a8326bbe68c7055b3604d1,2026-09-07T17:23:12.645992Z,2026-09-07T17:30:52.495352Z,2026-09-07T17:30:52.492215Z,15.0,287.775,100,1,update,339.0,335.3,0,79.7,704.6,771.8,805.3,,,
20260907T172312Z_p4-chaos-dead,cockroachdb,chaos-dead,thesis,01ff85c294945c8138a8326bbe68c7055b3604d1,2026-09-07T17:23:12.645992Z,2026-09-07T17:30:52.495352Z,2026-09-07T17:30:52.492215Z,16.0,288.781,100,1,read,1245.9,1315.4,0,1.7,268.4,453.0,469.8,,,
20260907T172312Z_p4-chaos-dead,cockroachdb,chaos-dead,thesis,01ff85c294945c8138a8326bbe68c7055b3604d1,2026-09-07T17:23:12.645992Z,2026-09-07T17:30:52.495352Z,2026-09-07T17:30:52.492215Z,16.0,288.781,100,1,update,358.0,336.7,0,75.5,704.6,771.8,771.8,,,
20260907T172312Z_p4-chaos-dead,cockroachdb,chaos-dead,thesis,01ff85c294945c8138a8326bbe68c7055b3604d1,2026-09-07T17:23:12.645992Z,2026-09-07T17:30:52.495352Z,2026-09-07T17:30:52.492215Z,17.0,289.775,100,1,read,1263.2,1312.4,0,1.9,419.4,453.0,469.8,,,
20260907T172312Z_p4-chaos-dead,cockroachdb,chaos-dead,thesis,01ff85c294945c8138a8326bbe68c7055b3604d1,2026-09-07T17:23:12.645992Z,2026-09-07T17:30:52.495352Z,2026-09-07T17:30:52.492215Z,17.0,289.775,100,1,update,341.8,337.0,0,75.5,302.0,771.8,771.8,,,
20260907T172312Z_p4-chaos-dead,cockroachdb,chaos-dead,thesis,01ff85c294945c8138a8326bbe68c7055b3604d1,2026-09-07T17:23:12.645992Z,2026-09-07T17:30:52.495352Z,2026-09-07T17:30:52.492215Z,18.0,290.779,100,1,read,1362.6,1315.2,0,1.6,151.0,453.0,453.0,,,
20260907T172312Z_p4-chaos-dead,cockroachdb,chaos-dead,thesis,01ff85c294945c8138a8326bbe68c7055b3604d1,2026-09-07T17:23:12.645992Z,2026-09-07T17:30:52.495352Z,2026-09-07T17:30:52.492215Z,18.0,290.779,100,1,update,340.2,337.2,0,75.5,302.0,771.8,771.8,,,
20260907T172312Z_p4-chaos-dead,cockroachdb,chaos-dead,thesis,01ff85c294945c8138a8326bbe68c7055b3604d1,2026-09-07T17:23:12.645992Z,2026-09-07T17:30:52.495352Z,2026-09-07T17:30:52.492215Z,19.0,291.776,100,1,read,1438.0,1321.6,0,1.7,419.4,453.0,469.8,,,
20260907T172312Z_p4-chaos-dead,cockroachdb,chaos-dead,thesis,01ff85c294945c8138a8326bbe68c7055b3604d1,2026-09-07T17:23:12.645992Z,2026-09-07T17:30:52.495352Z,2026-09-07T17:30:52.492215Z,19.0,291.776,100,1,update,345.0,337.6,0,75.5,302.0,771.8,771.8,,,
20260907T172312Z_p4-chaos-dead,cockroachdb,chaos-dead,thesis,01ff85c294945c8138a8326bbe68c7055b3604d1,2026-09-07T17:23:12.645992Z,2026-09-07T17:30:52.495352Z,2026-09-07T17:30:52.492215Z,20.0,292.828,100,1,read,1295.6,1320.3,0,1.7,419.4,453.0,469.8,,,
20260907T172312Z_p4-chaos-dead,cockroachdb,chaos-dead,thesis,01ff85c294945c8138a8326bbe68c7055b3604d1,2026-09-07T17:23:12.645992Z,2026-09-07T17:30:52.495352Z,2026-09-07T17:30:52.492215Z,20.0,292.828,100,1,update,342.9,337.9,0,75.5,302.0,771.8,771.8,,,
20260907T172312Z_p4-chaos-dead,cockroachdb,chaos-dead,thesis,01ff85c294945c8138a8326bbe68c7055b3604d1,2026-09-07T17:23:12.645992Z,2026-09-07T17:30:52.495352Z,2026-09-07T17:30:52.492215Z,21.0,293.771,100,1,read,1344.5,1321.5,0,1.9,419.4,453.0,469.8,,,
20260907T172312Z_p4-chaos-dead,cockroachdb,chaos-dead,thesis,01ff85c294945c8138a8326bbe68c7055b3604d1,2026-09-07T17:23:12.645992Z,2026-09-07T17:30:52.495352Z,2026-09-07T17:30:52.492215Z,21.0,293.771,100,1,update,356.1,338.8,0,75.5,302.0,771.8,771.8,,,
20260907T172312Z_p4-chaos-dead,cockroachdb,chaos-dead,thesis,01ff85c294945c8138a8326bbe68c7055b3604d1,2026-09-07T17:23:12.645992Z,2026-09-07T17:30:52.495352Z,2026-09-07T17:30:52.492215Z,22.0,294.813,100,1,read,1404.1,1325.2,0,2.0,151.0,453.0,469.8,,,
20260907T172312Z_p4-chaos-dead,cockroachdb,chaos-dead,thesis,01ff85c294945c8138a8326bbe68c7055b3604d1,2026-09-07T17:23:12.645992Z,2026-09-07T17:30:52.495352Z,2026-09-07T17:30:52.492215Z,22.0,294.813,100,1,update,341.0,338.9,0,75.5,302.0,771.8,771.8,,,
20260907T172312Z_p4-chaos-dead,cockroachdb,chaos-dead,thesis,01ff85c294945c8138a8326bbe68c7055b3604d1,2026-09-07T17:23:12.645992Z,2026-09-07T17:30:52.495352Z,2026-09-07T17:30:52.492215Z,23.0,295.791,100,1,read,1284.0,1323.4,0,2.0,151.0,453.0,469.8,,,
20260907T172312Z_p4-chaos-dead,cockroachdb,chaos-dead,thesis,01ff85c294945c8138a8326bbe68c7055b3604d1,2026-09-07T17:23:12.645992Z,2026-09-07T17:30:52.495352Z,2026-09-07T17:30:52.492215Z,23.0,295.791,100,1,update,344.0,339.1,0,75.5,704.6,771.8,771.8,,,
20260907T172312Z_p4-chaos-dead,cockroachdb,chaos-dead,thesis,01ff85c294945c8138a8326bbe68c7055b3604d1,2026-09-07T17:23:12.645992Z,2026-09-07T17:30:52.495352Z,2026-09-07T17:30:52.492215Z,24.0,296.778,100,1,read,1190.7,1317.9,0,2.2,419.4,453.0,469.8,,,
20260907T172312Z_p4-chaos-dead,cockroachdb,chaos-dead,thesis,01ff85c294945c8138a8326bbe68c7055b3604d1,2026-09-07T17:23:12.645992Z,2026-09-07T17:30:52.495352Z,2026-09-07T17:30:52.492215Z,24.0,296.778,100,1,update,325.9,338.5,0,75.5,318.8,771.8,805.3,,,
20260907T172312Z_p4-chaos-dead,cockroachdb,chaos-dead,thesis,01ff85c294945c8138a8326bbe68c7055b3604d1,2026-09-07T17:23:12.645992Z,2026-09-07T17:30:52.495352Z,2026-09-07T17:30:52.492215Z,25.0,297.772,100,1,read,1232.1,1314.5,0,2.2,151.0,453.0,469.8,,,
20260907T172312Z_p4-chaos-dead,cockroachdb,chaos-dead,thesis,01ff85c294945c8138a8326bbe68c7055b3604d1,2026-09-07T17:23:12.645992Z,2026-09-07T17:30:52.495352Z,2026-09-07T17:30:52.492215Z,25.0,297.772,100,1,update,352.0,339.1,0,75.5,704.6,771.8,771.8,,,
20260907T172312Z_p4-chaos-dead,cockroachdb,chaos-dead,thesis,01ff85c294945c8138a8326bbe68c7055b3604d1,2026-09-07T17:23:12.645992Z,2026-09-07T17:30:52.495352Z,2026-09-07T17:30:52.492215Z,26.0,298.78,100,1,read,1377.1,1316.9,0,1.8,142.6,453.0,469.8,,,
20260907T172312Z_p4-chaos-dead,cockroachdb,chaos-dead,thesis,01ff85c294945c8138a8326bbe68c7055b3604d1,2026-09-07T17:23:12.645992Z,2026-09-07T17:30:52.495352Z,2026-09-07T17:30:52.492215Z,26.0,298.78,100,1,update,348.0,339.4,0,75.5,704.6,771.8,771.8,,,
20260907T172312Z_p4-chaos-dead,cockroachdb,chaos-dead,thesis,01ff85c294945c8138a8326bbe68c7055b3604d1,2026-09-07T17:23:12.645992Z,2026-09-07T17:30:52.495352Z,2026-09-07T17:30:52.492215Z,27.0,299.772,100,1,read,1468.8,1322.5,0,1.9,419.4,453.0,469.8,,,
20260907T172312Z_p4-chaos-dead,cockroachdb,chaos-dead,thesis,01ff85c294945c8138a8326bbe68c7055b3604d1,2026-09-07T17:23:12.645992Z,2026-09-07T17:30:52.495352Z,2026-09-07T17:30:52.492215Z,27.0,299.772,100,1,update,331.0,339.1,0,75.5,302.0,771.8,771.8,,,
20260907T172312Z_p4-chaos-dead,cockroachdb,chaos-dead,thesis,01ff85c294945c8138a8326bbe68c7055b3604d1,2026-09-07T17:23:12.645992Z,2026-09-07T17:30:52.495352Z,2026-09-07T17:30:52.492215Z,28.0,300.772,100,1,read,1461.1,1327.4,0,1.8,142.6,453.0,469.8,,,
20260907T172312Z_p4-chaos-dead,cockroachdb,chaos-dead,thesis,01ff85c294945c8138a8326bbe68c7055b3604d1,2026-09-07T17:23:12.645992Z,2026-09-07T17:30:52.495352Z,2026-09-07T17:30:52.492215Z,28.0,300.772,100,1,update,338.0,339.1,0,75.5,302.0,771.8,771.8,,,
20260907T172312Z_p4-chaos-dead,cockroachdb,chaos-dead,thesis,01ff85c294945c8138a8326bbe68c7055b3604d1,2026-09-07T17:23:12.645992Z,2026-09-07T17:30:52.495352Z,2026-09-07T17:30:52.492215Z,29.0,301.777,100,1,read,1374.7,1329.1,0,1.8,419.4,453.0,469.8,,,
20260907T172312Z_p4-chaos-dead,cockroachdb,chaos-dead,thesis,01ff85c294945c8138a8326bbe68c7055b3604d1,2026-09-07T17:23:12.645992Z,2026-09-07T17:30:52.495352Z,2026-09-07T17:30:52.492215Z,29.0,301.777,100,1,update,346.9,339.3,0,75.5,302.0,771.8,771.8,,,
20260907T172312Z_p4-chaos-dead,cockroachdb,chaos-dead,thesis,01ff85c294945c8138a8326bbe68c7055b3604d1,2026-09-07T17:23:12.645992Z,2026-09-07T17:30:52.495352Z,2026-09-07T17:30:52.492215Z,30.0,302.774,100,1,read,1375.7,1330.6,0,2.0,419.4,453.0,469.8,,,
20260907T172312Z_p4-chaos-dead,cockroachdb,chaos-dead,thesis,01ff85c294945c8138a8326bbe68c7055b3604d1,2026-09-07T17:23:12.645992Z,2026-09-07T17:30:52.495352Z,2026-09-07T17:30:52.492215Z,30.0,302.774,100,1,update,344.9,339.5,0,75.5,302.0,771.8,771.8,,,
20260907T172312Z_p4-chaos-dead,cockroachdb,chaos-dead,thesis,01ff85c294945c8138a8326bbe68c7055b3604d1,2026-09-07T17:23:12.645992Z,2026-09-07T17:30:52.495352Z,2026-09-07T17:30:52.492215Z,31.0,303.776,100,1,read,1432.3,1333.9,0,1.8,142.6,453.0,469.8,,,
20260907T172312Z_p4-chaos-dead,cockroachdb,chaos-dead,thesis,01ff85c294945c8138a8326bbe68c7055b3604d1,2026-09-07T17:23:12.645992Z,2026-09-07T17:30:52.495352Z,2026-09-07T17:30:52.492215Z,31.0,303.776,100,1,update,334.1,339.3,0,75.5,302.0,771.8,771.8,,,
20260907T172312Z_p4-chaos-dead,cockroachdb,chaos-dead,thesis,01ff85c294945c8138a8326bbe68c7055b3604d1,2026-09-07T17:23:12.645992Z,2026-09-07T17:30:52.495352Z,2026-09-07T17:30:52.492215Z,32.0,304.775,100,1,read,1256.7,1331.5,0,1.8,419.4,453.0,469.8,,,
20260907T172312Z_p4-chaos-dead,cockroachdb,chaos-dead,thesis,01ff85c294945c8138a8326bbe68c7055b3604d1,2026-09-07T17:23:12.645992Z,2026-09-07T17:30:52.495352Z,2026-09-07T17:30:52.492215Z,32.0,304.775,100,1,update,354.2,339.8,0,75.5,302.0,771.8,771.8,,,
20260907T172312Z_p4-chaos-dead,cockroachdb,chaos-dead,thesis,01ff85c294945c8138a8326bbe68c7055b3604d1,2026-09-07T17:23:12.645992Z,2026-09-07T17:30:52.495352Z,2026-09-07T17:30:52.492215Z,33.0,305.77,100,1,read,1265.1,1329.5,0,2.0,419.4,453.0,469.8,,,
20260907T172312Z_p4-chaos-dead,cockroachdb,chaos-dead,thesis,01ff85c294945c8138a8326bbe68c7055b3604d1,2026-09-07T17:23:12.645992Z,2026-09-07T17:30:52.495352Z,2026-09-07T17:30:52.492215Z,33.0,305.77,100,1,update,341.0,339.8,0,75.5,302.0,771.8,771.8,,,
20260907T172312Z_p4-chaos-dead,cockroachdb,chaos-dead,thesis,01ff85c294945c8138a8326bbe68c7055b3604d1,2026-09-07T17:23:12.645992Z,2026-09-07T17:30:52.495352Z,2026-09-07T17:30:52.492215Z,34.0,306.775,100,1,read,1322.9,1329.3,0,2.5,151.0,453.0,469.8,,,
20260907T172312Z_p4-chaos-dead,cockroachdb,chaos-dead,thesis,01ff85c294945c8138a8326bbe68c7055b3604d1,2026-09-07T17:23:12.645992Z,2026-09-07T17:30:52.495352Z,2026-09-07T17:30:52.492215Z,34.0,306.775,100,1,update,299.8,338.7,0,79.7,704.6,771.8,771.8,,,
20260907T172312Z_p4-chaos-dead,cockroachdb,chaos-dead,thesis,01ff85c294945c8138a8326bbe68c7055b3604d1,2026-09-07T17:23:12.645992Z,2026-09-07T17:30:52.495352Z,2026-09-07T17:30:52.492215Z,35.0,307.775,100,1,read,1327.0,1329.2,0,1.8,151.0,453.0,469.8,,,
20260907T172312Z_p4-chaos-dead,cockroachdb,chaos-dead,thesis,01ff85c294945c8138a8326bbe68c7055b3604d1,2026-09-07T17:23:12.645992Z,2026-09-07T17:30:52.495352Z,2026-09-07T17:30:52.492215Z,35.0,307.775,100,1,update,351.3,339.0,0,75.5,302.0,771.8,771.8,,,
20260907T172312Z_p4-chaos-dead,cockroachdb,chaos-dead,thesis,01ff85c294945c8138a8326bbe68c7055b3604d1,2026-09-07T17:23:12.645992Z,2026-09-07T17:30:52.495352Z,2026-09-07T17:30:52.492215Z,36.0,308.771,100,1,read,1358.2,1330.0,0,2.9,151.0,453.0,469.8,,,
20260907T172312Z_p4-chaos-dead,cockroachdb,chaos-dead,thesis,01ff85c294945c8138a8326bbe68c7055b3604d1,2026-09-07T17:23:12.645992Z,2026-09-07T17:30:52.495352Z,2026-09-07T17:30:52.492215Z,36.0,308.771,100,1,update,321.0,338.5,0,83.9,704.6,771.8,771.8,,,
20260907T172312Z_p4-chaos-dead,cockroachdb,chaos-dead,thesis,01ff85c294945c8138a8326bbe68c7055b3604d1,2026-09-07T17:23:12.645992Z,2026-09-07T17:30:52.495352Z,2026-09-07T17:30:52.492215Z,37.0,309.777,100,1,read,1288.8,1328.9,0,2.0,419.4,453.0,469.8,,,
20260907T172312Z_p4-chaos-dead,cockroachdb,chaos-dead,thesis,01ff85c294945c8138a8326bbe68c7055b3604d1,2026-09-07T17:23:12.645992Z,2026-09-07T17:30:52.495352Z,2026-09-07T17:30:52.492215Z,37.0,309.777,100,1,update,347.0,338.8,0,75.5,302.0,771.8,771.8,,,
20260907T172312Z_p4-chaos-dead,cockroachdb,chaos-dead,thesis,01ff85c294945c8138a8326bbe68c7055b3604d1,2026-09-07T17:23:12.645992Z,2026-09-07T17:30:52.495352Z,2026-09-07T17:30:52.492215Z,38.0,310.776,100,1,read,1389.7,1330.5,0,1.8,142.6,453.0,469.8,,,
20260907T172312Z_p4-chaos-dead,cockroachdb,chaos-dead,thesis,01ff85c294945c8138a8326bbe68c7055b3604d1,2026-09-07T17:23:12.645992Z,2026-09-07T17:30:52.495352Z,2026-09-07T17:30:52.492215Z,38.0,310.776,100,1,update,341.9,338.8,0,75.5,302.0,771.8,1543.5,,,
20260907T172312Z_p4-chaos-dead,cockroachdb,chaos-dead,thesis,01ff85c294945c8138a8326bbe68c7055b3604d1,2026-09-07T17:23:12.645992Z,2026-09-07T17:30:52.495352Z,2026-09-07T17:30:52.492215Z,39.0,311.818,100,1,read,1477.8,1334.3,0,1.7,142.6,453.0,469.8,,,
20260907T172312Z_p4-chaos-dead,cockroachdb,chaos-dead,thesis,01ff85c294945c8138a8326bbe68c7055b3604d1,2026-09-07T17:23:12.645992Z,2026-09-07T17:30:52.495352Z,2026-09-07T17:30:52.492215Z,39.0,311.818,100,1,update,357.7,339.3,0,75.5,704.6,771.8,771.8,,,
20260907T172312Z_p4-chaos-dead,cockroachdb,chaos-dead,thesis,01ff85c294945c8138a8326bbe68c7055b3604d1,2026-09-07T17:23:12.645992Z,2026-09-07T17:30:52.495352Z,2026-09-07T17:30:52.492215Z,40.0,312.782,100,1,read,1260.3,1332.4,0,1.9,419.4,453.0,469.8,,,
20260907T172312Z_p4-chaos-dead,cockroachdb,chaos-dead,thesis,01ff85c294945c8138a8326bbe68c7055b3604d1,2026-09-07T17:23:12.645992Z,2026-09-07T17:30:52.495352Z,2026-09-07T17:30:52.492215Z,40.0,312.782,100,1,update,338.4,339.3,0,75.5,385.9,771.8,1543.5,,,
20260907T172312Z_p4-chaos-dead,cockroachdb,chaos-dead,thesis,01ff85c294945c8138a8326bbe68c7055b3604d1,2026-09-07T17:23:12.645992Z,2026-09-07T17:30:52.495352Z,2026-09-07T17:30:52.492215Z,41.0,313.777,100,1,read,1283.5,1331.3,0,2.2,419.4,453.0,469.8,,,
20260907T172312Z_p4-chaos-dead,cockroachdb,chaos-dead,thesis,01ff85c294945c8138a8326bbe68c7055b3604d1,2026-09-07T17:23:12.645992Z,2026-09-07T17:30:52.495352Z,2026-09-07T17:30:52.492215Z,41.0,313.777,100,1,update,333.9,339.2,0,79.7,302.0,771.8,771.8,,,
20260907T172312Z_p4-chaos-dead,cockroachdb,chaos-dead,thesis,01ff85c294945c8138a8326bbe68c7055b3604d1,2026-09-07T17:23:12.645992Z,2026-09-07T17:30:52.495352Z,2026-09-07T17:30:52.492215Z,42.0,314.775,100,1,read,1336.1,1331.4,0,1.8,151.0,453.0,469.8,,,
20260907T172312Z_p4-chaos-dead,cockroachdb,chaos-dead,thesis,01ff85c294945c8138a8326bbe68c7055b3604d1,2026-09-07T17:23:12.645992Z,2026-09-07T17:30:52.495352Z,2026-09-07T17:30:52.492215Z,42.0,314.775,100,1,update,345.0,339.3,0,75.5,302.0,771.8,771.8,,,
20260907T172312Z_p4-chaos-dead,cockroachdb,chaos-dead,thesis,01ff85c294945c8138a8326bbe68c7055b3604d1,2026-09-07T17:23:12.645992Z,2026-09-07T17:30:52.495352Z,2026-09-07T17:30:52.492215Z,43.0,315.772,100,1,read,1290.3,1330.4,0,2.0,419.4,453.0,469.8,,,
20260907T172312Z_p4-chaos-dead,cockroachdb,chaos-dead,thesis,01ff85c294945c8138a8326bbe68c7055b3604d1,2026-09-07T17:23:12.645992Z,2026-09-07T17:30:52.495352Z,2026-09-07T17:30:52.492215Z,43.0,315.772,100,1,update,334.1,339.2,0,75.5,704.6,771.8,771.8,,,
20260907T172312Z_p4-chaos-dead,cockroachdb,chaos-dead,thesis,01ff85c294945c8138a8326bbe68c7055b3604d1,2026-09-07T17:23:12.645992Z,2026-09-07T17:30:52.495352Z,2026-09-07T17:30:52.492215Z,44.0,316.772,100,1,read,1363.9,1331.2,0,1.8,151.0,453.0,469.8,,,
20260907T172312Z_p4-chaos-dead,cockroachdb,chaos-dead,thesis,01ff85c294945c8138a8326bbe68c7055b3604d1,2026-09-07T17:23:12.645992Z,2026-09-07T17:30:52.495352Z,2026-09-07T17:30:52.492215Z,44.0,316.772,100,1,update,353.0,339.5,0,75.5,704.6,771.8,771.8,,,
20260907T172312Z_p4-chaos-dead,cockroachdb,chaos-dead,thesis,01ff85c294945c8138a8326bbe68c7055b3604d1,2026-09-07T17:23:12.645992Z,2026-09-07T17:30:52.495352Z,2026-09-07T17:30:52.492215Z,45.0,317.776,100,1,read,1372.1,1332.1,0,2.1,151.0,453.0,469.8,,,
20260907T172312Z_p4-chaos-dead,cockroachdb,chaos-dead,thesis,01ff85c294945c8138a8326bbe68c7055b3604d1,2026-09-07T17:23:12.645992Z,2026-09-07T17:30:52.495352Z,2026-09-07T17:30:52.492215Z,45.0,317.776,100,1,update,326.0,339.2,0,75.5,704.6,771.8,771.8,,,
20260907T172312Z_p4-chaos-dead,cockroachdb,chaos-dead,thesis,01ff85c294945c8138a8326bbe68c7055b3604d1,2026-09-07T17:23:12.645992Z,2026-09-07T17:30:52.495352Z,2026-09-07T17:30:52.492215Z,46.0,318.786,100,1,read,1395.8,1333.5,0,1.8,142.6,453.0,469.8,,,
20260907T172312Z_p4-chaos-dead,cockroachdb,chaos-dead,thesis,01ff85c294945c8138a8326bbe68c7055b3604d1,2026-09-07T17:23:12.645992Z,2026-09-07T17:30:52.495352Z,2026-09-07T17:30:52.492215Z,46.0,318.786,100,1,update,345.0,339.3,0,75.5,302.0,771.8,771.8,,,
20260907T172312Z_p4-chaos-dead,cockroachdb,chaos-dead,thesis,01ff85c294945c8138a8326bbe68c7055b3604d1,2026-09-07T17:23:12.645992Z,2026-09-07T17:30:52.495352Z,2026-09-07T17:30:52.492215Z,47.0,319.772,100,1,read,1412.0,1335.1,0,1.8,151.0,453.0,469.8,,,
20260907T172312Z_p4-chaos-dead,cockroachdb,chaos-dead,thesis,01ff85c294945c8138a8326bbe68c7055b3604d1,2026-09-07T17:23:12.645992Z,2026-09-07T17:30:52.495352Z,2026-09-07T17:30:52.492215Z,47.0,319.772,100,1,update,343.0,339.4,0,75.5,704.6,771.8,771.8,,,
20260907T172312Z_p4-chaos-dead,cockroachdb,chaos-dead,thesis,01ff85c294945c8138a8326bbe68c7055b3604d1,2026-09-07T17:23:12.645992Z,2026-09-07T17:30:52.495352Z,2026-09-07T17:30:52.492215Z,48.0,320.776,100,1,read,1402.1,1336.5,0,1.7,142.6,453.0,469.8,,,
20260907T172312Z_p4-chaos-dead,cockroachdb,chaos-dead,thesis,01ff85c294945c8138a8326bbe68c7055b3604d1,2026-09-07T17:23:12.645992Z,2026-09-07T17:30:52.495352Z,2026-09-07T17:30:52.492215Z,48.0,320.776,100,1,update,340.8,339.4,0,75.5,704.6,771.8,771.8,,,
20260907T172312Z_p4-chaos-dead,cockroachdb,chaos-dead,thesis,01ff85c294945c8138a8326bbe68c7055b3604d1,2026-09-07T17:23:12.645992Z,2026-09-07T17:30:52.495352Z,2026-09-07T17:30:52.492215Z,49.0,321.775,100,1,read,1432.4,1338.5,0,1.8,151.0,453.0,469.8,,,
20260907T172312Z_p4-chaos-dead,cockroachdb,chaos-dead,thesis,01ff85c294945c8138a8326bbe68c7055b3604d1,2026-09-07T17:23:12.645992Z,2026-09-07T17:30:52.495352Z,2026-09-07T17:30:52.492215Z,49.0,321.775,100,1,update,338.3,339.4,0,75.5,302.0,771.8,771.8,,,
20260907T172312Z_p4-chaos-dead,cockroachdb,chaos-dead,thesis,01ff85c294945c8138a8326bbe68c7055b3604d1,2026-09-07T17:23:12.645992Z,2026-09-07T17:30:52.495352Z,2026-09-07T17:30:52.492215Z,50.0,322.781,100,1,read,1278.5,1337.3,0,2.6,419.4,453.0,469.8,,,
20260907T172312Z_p4-chaos-dead,cockroachdb,chaos-dead,thesis,01ff85c294945c8138a8326bbe68c7055b3604d1,2026-09-07T17:23:12.645992Z,2026-09-07T17:30:52.495352Z,2026-09-07T17:30:52.492215Z,50.0,322.781,100,1,update,324.9,339.1,0,79.7,302.0,771.8,771.8,,,
20260907T172312Z_p4-chaos-dead,cockroachdb,chaos-dead,thesis,01ff85c294945c8138a8326bbe68c7055b3604d1,2026-09-07T17:23:12.645992Z,2026-09-07T17:30:52.495352Z,2026-09-07T17:30:52.492215Z,51.0,323.775,100,1,read,1484.6,1340.2,0,1.8,142.6,453.0,469.8,,,
20260907T172312Z_p4-chaos-dead,cockroachdb,chaos-dead,thesis,01ff85c294945c8138a8326bbe68c7055b3604d1,2026-09-07T17:23:12.645992Z,2026-09-07T17:30:52.495352Z,2026-09-07T17:30:52.492215Z,51.0,323.775,100,1,update,333.1,339.0,0,75.5,704.6,771.8,771.8,,,
20260907T172312Z_p4-chaos-dead,cockroachdb,chaos-dead,thesis,01ff85c294945c8138a8326bbe68c7055b3604d1,2026-09-07T17:23:12.645992Z,2026-09-07T17:30:52.495352Z,2026-09-07T17:30:52.492215Z,52.0,324.803,100,1,read,1440.7,1342.1,0,1.7,142.6,453.0,469.8,,,
20260907T172312Z_p4-chaos-dead,cockroachdb,chaos-dead,thesis,01ff85c294945c8138a8326bbe68c7055b3604d1,2026-09-07T17:23:12.645992Z,2026-09-07T17:30:52.495352Z,2026-09-07T17:30:52.492215Z,52.0,324.803,100,1,update,343.7,339.1,0,75.5,704.6,771.8,771.8,,,
20260907T172312Z_p4-chaos-dead,cockroachdb,chaos-dead,thesis,01ff85c294945c8138a8326bbe68c7055b3604d1,2026-09-07T17:23:12.645992Z,2026-09-07T17:30:52.495352Z,2026-09-07T17:30:52.492215Z,53.0,325.772,100,1,read,1436.3,1343.9,0,2.0,419.4,453.0,469.8,,,
20260907T172312Z_p4-chaos-dead,cockroachdb,chaos-dead,thesis,01ff85c294945c8138a8326bbe68c7055b3604d1,2026-09-07T17:23:12.645992Z,2026-09-07T17:30:52.495352Z,2026-09-07T17:30:52.492215Z,53.0,325.772,100,1,update,325.3,338.8,0,75.5,285.2,771.8,771.8,,,
20260907T172312Z_p4-chaos-dead,cockroachdb,chaos-dead,thesis,01ff85c294945c8138a8326bbe68c7055b3604d1,2026-09-07T17:23:12.645992Z,2026-09-07T17:30:52.495352Z,2026-09-07T17:30:52.492215Z,54.0,326.777,100,1,read,1421.0,1345.3,0,2.0,151.0,453.0,469.8,,,
20260907T172312Z_p4-chaos-dead,cockroachdb,chaos-dead,thesis,01ff85c294945c8138a8326bbe68c7055b3604d1,2026-09-07T17:23:12.645992Z,2026-09-07T17:30:52.495352Z,2026-09-07T17:30:52.492215Z,54.0,326.777,100,1,update,335.8,338.8,0,75.5,704.6,771.8,771.8,,,
20260907T172312Z_p4-chaos-dead,cockroachdb,chaos-dead,thesis,01ff85c294945c8138a8326bbe68c7055b3604d1,2026-09-07T17:23:12.645992Z,2026-09-07T17:30:52.495352Z,2026-09-07T17:30:52.492215Z,55.0,327.775,100,1,read,1361.8,1345.6,0,1.9,419.4,453.0,469.8,,,
20260907T172312Z_p4-chaos-dead,cockroachdb,chaos-dead,thesis,01ff85c294945c8138a8326bbe68c7055b3604d1,2026-09-07T17:23:12.645992Z,2026-09-07T17:30:52.495352Z,2026-09-07T17:30:52.492215Z,55.0,327.775,100,1,update,344.9,338.9,0,75.5,302.0,771.8,771.8,,,
20260907T172312Z_p4-chaos-dead,cockroachdb,chaos-dead,thesis,01ff85c294945c8138a8326bbe68c7055b3604d1,2026-09-07T17:23:12.645992Z,2026-09-07T17:30:52.495352Z,2026-09-07T17:30:52.492215Z,56.0,328.778,100,1,read,1455.4,1347.6,0,2.0,151.0,453.0,469.8,,,
20260907T172312Z_p4-chaos-dead,cockroachdb,chaos-dead,thesis,01ff85c294945c8138a8326bbe68c7055b3604d1,2026-09-07T17:23:12.645992Z,2026-09-07T17:30:52.495352Z,2026-09-07T17:30:52.492215Z,56.0,328.778,100,1,update,328.1,338.7,0,75.5,302.0,771.8,771.8,,,
20260907T172312Z_p4-chaos-dead,cockroachdb,chaos-dead,thesis,01ff85c294945c8138a8326bbe68c7055b3604d1,2026-09-07T17:23:12.645992Z,2026-09-07T17:30:52.495352Z,2026-09-07T17:30:52.492215Z,57.0,329.782,100,1,read,1238.5,1345.7,0,3.1,159.4,469.8,486.5,,,
20260907T172312Z_p4-chaos-dead,cockroachdb,chaos-dead,thesis,01ff85c294945c8138a8326bbe68c7055b3604d1,2026-09-07T17:23:12.645992Z,2026-09-07T17:30:52.495352Z,2026-09-07T17:30:52.492215Z,57.0,329.782,100,1,update,306.1,338.1,0,83.9,704.6,771.8,872.4,,,
20260907T172312Z_p4-chaos-dead,cockroachdb,chaos-dead,thesis,01ff85c294945c8138a8326bbe68c7055b3604d1,2026-09-07T17:23:12.645992Z,2026-09-07T17:30:52.495352Z,2026-09-07T17:30:52.492215Z,58.0,330.776,100,1,read,1322.1,1345.3,0,2.0,209.7,453.0,469.8,,,
20260907T172312Z_p4-chaos-dead,cockroachdb,chaos-dead,thesis,01ff85c294945c8138a8326bbe68c7055b3604d1,2026-09-07T17:23:12.645992Z,2026-09-07T17:30:52.495352Z,2026-09-07T17:30:52.492215Z,58.0,330.776,100,1,update,327.8,337.9,0,79.7,704.6,771.8,838.9,,,
20260907T172312Z_p4-chaos-dead,cockroachdb,chaos-dead,thesis,01ff85c294945c8138a8326bbe68c7055b3604d1,2026-09-07T17:23:12.645992Z,2026-09-07T17:30:52.495352Z,2026-09-07T17:30:52.492215Z,59.0,331.809,100,1,read,1210.3,1343.0,0,1.8,419.4,453.0,469.8,,,
20260907T172312Z_p4-chaos-dead,cockroachdb,chaos-dead,thesis,01ff85c294945c8138a8326bbe68c7055b3604d1,2026-09-07T17:23:12.645992Z,2026-09-07T17:30:52.495352Z,2026-09-07T17:30:52.492215Z,59.0,331.809,100,1,update,352.1,338.2,0,75.5,302.0,771.8,771.8,,,
20260907T172312Z_p4-chaos-dead,cockroachdb,chaos-dead,thesis,01ff85c294945c8138a8326bbe68c7055b3604d1,2026-09-07T17:23:12.645992Z,2026-09-07T17:30:52.495352Z,2026-09-07T17:30:52.492215Z,60.0,332.776,100,1,read,1280.6,1341.9,0,2.0,151.0,453.0,469.8,,,
20260907T172312Z_p4-chaos-dead,cockroachdb,chaos-dead,thesis,01ff85c294945c8138a8326bbe68c7055b3604d1,2026-09-07T17:23:12.645992Z,2026-09-07T17:30:52.495352Z,2026-09-07T17:30:52.492215Z,60.0,332.776,100,1,update,337.2,338.2,0,75.5,704.6,771.8,771.8,,,
20260907T172312Z_p4-chaos-dead,cockroachdb,chaos-dead,thesis,01ff85c294945c8138a8326bbe68c7055b3604d1,2026-09-07T17:23:12.645992Z,2026-09-07T17:30:52.495352Z,2026-09-07T17:30:52.492215Z,61.0,333.776,100,1,read,1368.1,1342.4,0,2.1,419.4,453.0,469.8,,,
20260907T172312Z_p4-chaos-dead,cockroachdb,chaos-dead,thesis,01ff85c294945c8138a8326bbe68c7055b3604d1,2026-09-07T17:23:12.645992Z,2026-09-07T17:30:52.495352Z,2026-09-07T17:30:52.492215Z,61.0,333.776,100,1,update,332.8,338.1,0,75.5,302.0,771.8,771.8,,,
20260907T172312Z_p4-chaos-dead,cockroachdb,chaos-dead,thesis,01ff85c294945c8138a8326bbe68c7055b3604d1,2026-09-07T17:23:12.645992Z,2026-09-07T17:30:52.495352Z,2026-09-07T17:30:52.492215Z,62.0,334.772,100,1,read,1214.6,1340.3,0,2.0,151.0,453.0,469.8,,,
20260907T172312Z_p4-chaos-dead,cockroachdb,chaos-dead,thesis,01ff85c294945c8138a8326bbe68c7055b3604d1,2026-09-07T17:23:12.645992Z,2026-09-07T17:30:52.495352Z,2026-09-07T17:30:52.492215Z,62.0,334.772,100,1,update,342.2,338.1,0,75.5,704.6,771.8,771.8,,,
20260907T172312Z_p4-chaos-dead,cockroachdb,chaos-dead,thesis,01ff85c294945c8138a8326bbe68c7055b3604d1,2026-09-07T17:23:12.645992Z,2026-09-07T17:30:52.495352Z,2026-09-07T17:30:52.492215Z,63.0,335.781,100,1,read,1423.7,1341.6,0,1.8,142.6,453.0,469.8,,,
20260907T172312Z_p4-chaos-dead,cockroachdb,chaos-dead,thesis,01ff85c294945c8138a8326bbe68c7055b3604d1,2026-09-07T17:23:12.645992Z,2026-09-07T17:30:52.495352Z,2026-09-07T17:30:52.492215Z,63.0,335.781,100,1,update,342.9,338.2,0,75.5,704.6,771.8,771.8,,,
20260907T172312Z_p4-chaos-dead,cockroachdb,chaos-dead,thesis,01ff85c294945c8138a8326bbe68c7055b3604d1,2026-09-07T17:23:12.645992Z,2026-09-07T17:30:52.495352Z,2026-09-07T17:30:52.492215Z,64.0,336.776,100,1,read,1148.6,1338.6,0,4.7,419.4,469.8,486.5,,,
20260907T172312Z_p4-chaos-dead,cockroachdb,chaos-dead,thesis,01ff85c294945c8138a8326bbe68c7055b3604d1,2026-09-07T17:23:12.645992Z,2026-09-07T17:30:52.495352Z,2026-09-07T17:30:52.492215Z,64.0,336.776,100,1,update,294.2,337.5,0,83.9,352.3,771.8,805.3,,,
20260907T172312Z_p4-chaos-dead,cockroachdb,chaos-dead,thesis,01ff85c294945c8138a8326bbe68c7055b3604d1,2026-09-07T17:23:12.645992Z,2026-09-07T17:30:52.495352Z,2026-09-07T17:30:52.492215Z,65.0,337.775,100,1,read,1103.8,1335.0,0,5.0,419.4,469.8,536.9,,,
20260907T172312Z_p4-chaos-dead,cockroachdb,chaos-dead,thesis,01ff85c294945c8138a8326bbe68c7055b3604d1,2026-09-07T17:23:12.645992Z,2026-09-07T17:30:52.495352Z,2026-09-07T17:30:52.492215Z,65.0,337.775,100,1,update,306.9,337.1,0,88.1,704.6,771.8,805.3,,,
20260907T172312Z_p4-chaos-dead,cockroachdb,chaos-dead,thesis,01ff85c294945c8138a8326bbe68c7055b3604d1,2026-09-07T17:23:12.645992Z,2026-09-07T17:30:52.495352Z,2026-09-07T17:30:52.492215Z,66.0,338.782,100,1,read,1250.1,1333.7,0,2.0,142.6,453.0,469.8,,,
20260907T172312Z_p4-chaos-dead,cockroachdb,chaos-dead,thesis,01ff85c294945c8138a8326bbe68c7055b3604d1,2026-09-07T17:23:12.645992Z,2026-09-07T17:30:52.495352Z,2026-09-07T17:30:52.492215Z,66.0,338.782,100,1,update,333.0,337.0,0,75.5,704.6,771.8,771.8,,,
20260907T172312Z_p4-chaos-dead,cockroachdb,chaos-dead,thesis,01ff85c294945c8138a8326bbe68c7055b3604d1,2026-09-07T17:23:12.645992Z,2026-09-07T17:30:52.495352Z,2026-09-07T17:30:52.492215Z,67.0,339.777,100,1,read,1446.3,1335.4,0,1.9,151.0,453.0,469.8,,,
20260907T172312Z_p4-chaos-dead,cockroachdb,chaos-dead,thesis,01ff85c294945c8138a8326bbe68c7055b3604d1,2026-09-07T17:23:12.645992Z,2026-09-07T17:30:52.495352Z,2026-09-07T17:30:52.492215Z,67.0,339.777,100,1,update,340.1,337.0,0,75.5,704.6,771.8,771.8,,,
20260907T172312Z_p4-chaos-dead,cockroachdb,chaos-dead,thesis,01ff85c294945c8138a8326bbe68c7055b3604d1,2026-09-07T17:23:12.645992Z,2026-09-07T17:30:52.495352Z,2026-09-07T17:30:52.492215Z,68.0,340.772,100,1,read,1340.4,1335.5,0,1.8,151.0,453.0,469.8,,,
20260907T172312Z_p4-chaos-dead,cockroachdb,chaos-dead,thesis,01ff85c294945c8138a8326bbe68c7055b3604d1,2026-09-07T17:23:12.645992Z,2026-09-07T17:30:52.495352Z,2026-09-07T17:30:52.492215Z,68.0,340.772,100,1,update,336.8,337.0,0,75.5,302.0,771.8,771.8,,,
20260907T172312Z_p4-chaos-dead,cockroachdb,chaos-dead,thesis,01ff85c294945c8138a8326bbe68c7055b3604d1,2026-09-07T17:23:12.645992Z,2026-09-07T17:30:52.495352Z,2026-09-07T17:30:52.492215Z,69.0,341.776,100,1,read,1386.5,1336.2,0,1.6,142.6,453.0,469.8,,,
20260907T172312Z_p4-chaos-dead,cockroachdb,chaos-dead,thesis,01ff85c294945c8138a8326bbe68c7055b3604d1,2026-09-07T17:23:12.645992Z,2026-09-07T17:30:52.495352Z,2026-09-07T17:30:52.492215Z,69.0,341.776,100,1,update,346.9,337.2,0,75.5,704.6,771.8,771.8,,,
20260907T172312Z_p4-chaos-dead,cockroachdb,chaos-dead,thesis,01ff85c294945c8138a8326bbe68c7055b3604d1,2026-09-07T17:23:12.645992Z,2026-09-07T17:30:52.495352Z,2026-09-07T17:30:52.492215Z,70.0,342.776,100,1,read,1416.4,1337.3,0,1.8,151.0,453.0,469.8,,,
20260907T172312Z_p4-chaos-dead,cockroachdb,chaos-dead,thesis,01ff85c294945c8138a8326bbe68c7055b3604d1,2026-09-07T17:23:12.645992Z,2026-09-07T17:30:52.495352Z,2026-09-07T17:30:52.492215Z,70.0,342.776,100,1,update,341.1,337.2,0,75.5,302.0,771.8,771.8,,,
20260907T172312Z_p4-chaos-dead,cockroachdb,chaos-dead,thesis,01ff85c294945c8138a8326bbe68c7055b3604d1,2026-09-07T17:23:12.645992Z,2026-09-07T17:30:52.495352Z,2026-09-07T17:30:52.492215Z,71.0,343.776,100,1,read,1223.7,1335.7,0,1.8,419.4,469.8,671.1,,,
20260907T172312Z_p4-chaos-dead,cockroachdb,chaos-dead,thesis,01ff85c294945c8138a8326bbe68c7055b3604d1,2026-09-07T17:23:12.645992Z,2026-09-07T17:30:52.495352Z,2026-09-07T17:30:52.492215Z,71.0,343.776,100,1,update,344.9,337.3,0,75.5,302.0,771.8,805.3,,,
20260907T172312Z_p4-chaos-dead,cockroachdb,chaos-dead,thesis,01ff85c294945c8138a8326bbe68c7055b3604d1,2026-09-07T17:23:12.645992Z,2026-09-07T17:30:52.495352Z,2026-09-07T17:30:52.492215Z,72.0,344.772,100,1,read,1346.8,1335.9,0,2.1,151.0,453.0,469.8,,,
20260907T172312Z_p4-chaos-dead,cockroachdb,chaos-dead,thesis,01ff85c294945c8138a8326bbe68c7055b3604d1,2026-09-07T17:23:12.645992Z,2026-09-07T17:30:52.495352Z,2026-09-07T17:30:52.492215Z,72.0,344.772,100,1,update,337.2,337.3,0,75.5,302.0,771.8,771.8,,,
20260907T172312Z_p4-chaos-dead,cockroachdb,chaos-dead,thesis,01ff85c294945c8138a8326bbe68c7055b3604d1,2026-09-07T17:23:12.645992Z,2026-09-07T17:30:52.495352Z,2026-09-07T17:30:52.492215Z,73.0,345.771,100,1,read,1464.2,1337.7,0,2.0,151.0,453.0,469.8,,,
20260907T172312Z_p4-chaos-dead,cockroachdb,chaos-dead,thesis,01ff85c294945c8138a8326bbe68c7055b3604d1,2026-09-07T17:23:12.645992Z,2026-09-07T17:30:52.495352Z,2026-09-07T17:30:52.492215Z,73.0,345.771,100,1,update,336.1,337.3,0,75.5,704.6,771.8,1543.5,,,
20260907T172312Z_p4-chaos-dead,cockroachdb,chaos-dead,thesis,01ff85c294945c8138a8326bbe68c7055b3604d1,2026-09-07T17:23:12.645992Z,2026-09-07T17:30:52.495352Z,2026-09-07T17:30:52.492215Z,74.0,346.77,100,1,read,1409.3,1338.6,0,2.0,142.6,453.0,469.8,,,
20260907T172312Z_p4-chaos-dead,cockroachdb,chaos-dead,thesis,01ff85c294945c8138a8326bbe68c7055b3604d1,2026-09-07T17:23:12.645992Z,2026-09-07T17:30:52.495352Z,2026-09-07T17:30:52.492215Z,74.0,346.77,100,1,update,346.8,337.5,0,75.5,704.6,771.8,771.8,,,
20260907T172312Z_p4-chaos-dead,cockroachdb,chaos-dead,thesis,01ff85c294945c8138a8326bbe68c7055b3604d1,2026-09-07T17:23:12.645992Z,2026-09-07T17:30:52.495352Z,2026-09-07T17:30:52.492215Z,75.0,347.771,100,1,read,1315.6,1338.3,0,2.1,151.0,453.0,469.8,,,
20260907T172312Z_p4-chaos-dead,cockroachdb,chaos-dead,thesis,01ff85c294945c8138a8326bbe68c7055b3604d1,2026-09-07T17:23:12.645992Z,2026-09-07T17:30:52.495352Z,2026-09-07T17:30:52.492215Z,75.0,347.771,100,1,update,344.2,337.5,0,75.5,704.6,771.8,771.8,,,
20260907T172312Z_p4-chaos-dead,cockroachdb,chaos-dead,thesis,01ff85c294945c8138a8326bbe68c7055b3604d1,2026-09-07T17:23:12.645992Z,2026-09-07T17:30:52.495352Z,2026-09-07T17:30:52.492215Z,76.0,348.776,100,1,read,1312.5,1338.0,0,1.9,419.4,453.0,469.8,,,
20260907T172312Z_p4-chaos-dead,cockroachdb,chaos-dead,thesis,01ff85c294945c8138a8326bbe68c7055b3604d1,2026-09-07T17:23:12.645992Z,2026-09-07T17:30:52.495352Z,2026-09-07T17:30:52.492215Z,76.0,348.776,100,1,update,342.9,337.6,0,75.5,302.0,771.8,771.8,,,
20260907T172312Z_p4-chaos-dead,cockroachdb,chaos-dead,thesis,01ff85c294945c8138a8326bbe68c7055b3604d1,2026-09-07T17:23:12.645992Z,2026-09-07T17:30:52.495352Z,2026-09-07T17:30:52.492215Z,77.0,349.77,100,1,read,1345.2,1338.1,0,2.0,151.0,453.0,469.8,,,
20260907T172312Z_p4-chaos-dead,cockroachdb,chaos-dead,thesis,01ff85c294945c8138a8326bbe68c7055b3604d1,2026-09-07T17:23:12.645992Z,2026-09-07T17:30:52.495352Z,2026-09-07T17:30:52.492215Z,77.0,349.77,100,1,update,343.0,337.7,0,75.5,302.0,771.8,771.8,,,
20260907T172312Z_p4-chaos-dead,cockroachdb,chaos-dead,thesis,01ff85c294945c8138a8326bbe68c7055b3604d1,2026-09-07T17:23:12.645992Z,2026-09-07T17:30:52.495352Z,2026-09-07T17:30:52.492215Z,78.0,350.771,100,1,read,1326.1,1337.9,0,3.0,419.4,469.8,469.8,,,
20260907T172312Z_p4-chaos-dead,cockroachdb,chaos-dead,thesis,01ff85c294945c8138a8326bbe68c7055b3604d1,2026-09-07T17:23:12.645992Z,2026-09-07T17:30:52.495352Z,2026-09-07T17:30:52.492215Z,78.0,350.771,100,1,update,317.0,337.4,0,79.7,302.0,771.8,771.8,,,
20260907T172312Z_p4-chaos-dead,cockroachdb,chaos-dead,thesis,01ff85c294945c8138a8326bbe68c7055b3604d1,2026-09-07T17:23:12.645992Z,2026-09-07T17:30:52.495352Z,2026-09-07T17:30:52.492215Z,79.0,351.771,100,1,read,1358.2,1338.2,0,1.9,419.4,453.0,469.8,,,
20260907T172312Z_p4-chaos-dead,cockroachdb,chaos-dead,thesis,01ff85c294945c8138a8326bbe68c7055b3604d1,2026-09-07T17:23:12.645992Z,2026-09-07T17:30:52.495352Z,2026-09-07T17:30:52.492215Z,79.0,351.771,100,1,update,329.8,337.3,0,75.5,302.0,771.8,771.8,,,
20260907T172312Z_p4-chaos-dead,cockroachdb,chaos-dead,thesis,01ff85c294945c8138a8326bbe68c7055b3604d1,2026-09-07T17:23:12.645992Z,2026-09-07T17:30:52.495352Z,2026-09-07T17:30:52.492215Z,80.0,352.768,100,1,read,1359.0,1338.4,0,2.0,159.4,453.0,469.8,,,
20260907T172312Z_p4-chaos-dead,cockroachdb,chaos-dead,thesis,01ff85c294945c8138a8326bbe68c7055b3604d1,2026-09-07T17:23:12.645992Z,2026-09-07T17:30:52.495352Z,2026-09-07T17:30:52.492215Z,80.0,352.768,100,1,update,349.3,337.5,0,75.5,302.0,771.8,771.8,,,
20260907T172312Z_p4-chaos-dead,cockroachdb,chaos-dead,thesis,01ff85c294945c8138a8326bbe68c7055b3604d1,2026-09-07T17:23:12.645992Z,2026-09-07T17:30:52.495352Z,2026-09-07T17:30:52.492215Z,81.0,353.77,100,1,read,1399.8,1339.2,0,1.8,151.0,453.0,469.8,,,
20260907T172312Z_p4-chaos-dead,cockroachdb,chaos-dead,thesis,01ff85c294945c8138a8326bbe68c7055b3604d1,2026-09-07T17:23:12.645992Z,2026-09-07T17:30:52.495352Z,2026-09-07T17:30:52.492215Z,81.0,353.77,100,1,update,339.0,337.5,0,75.5,302.0,771.8,771.8,,,
20260907T172312Z_p4-chaos-dead,cockroachdb,chaos-dead,thesis,01ff85c294945c8138a8326bbe68c7055b3604d1,2026-09-07T17:23:12.645992Z,2026-09-07T17:30:52.495352Z,2026-09-07T17:30:52.492215Z,82.0,354.767,100,1,read,1369.2,1339.6,0,2.2,151.0,453.0,469.8,,,
20260907T172312Z_p4-chaos-dead,cockroachdb,chaos-dead,thesis,01ff85c294945c8138a8326bbe68c7055b3604d1,2026-09-07T17:23:12.645992Z,2026-09-07T17:30:52.495352Z,2026-09-07T17:30:52.492215Z,82.0,354.767,100,1,update,322.1,337.3,0,79.7,704.6,771.8,771.8,,,
20260907T172312Z_p4-chaos-dead,cockroachdb,chaos-dead,thesis,01ff85c294945c8138a8326bbe68c7055b3604d1,2026-09-07T17:23:12.645992Z,2026-09-07T17:30:52.495352Z,2026-09-07T17:30:52.492215Z,83.0,355.771,100,1,read,1327.7,1339.4,0,2.0,419.4,453.0,469.8,,,
20260907T172312Z_p4-chaos-dead,cockroachdb,chaos-dead,thesis,01ff85c294945c8138a8326bbe68c7055b3604d1,2026-09-07T17:23:12.645992Z,2026-09-07T17:30:52.495352Z,2026-09-07T17:30:52.492215Z,83.0,355.771,100,1,update,330.9,337.2,0,75.5,302.0,771.8,771.8,,,
20260907T172312Z_p4-chaos-dead,cockroachdb,chaos-dead,thesis,01ff85c294945c8138a8326bbe68c7055b3604d1,2026-09-07T17:23:12.645992Z,2026-09-07T17:30:52.495352Z,2026-09-07T17:30:52.492215Z,84.0,356.771,100,1,read,1320.1,1339.2,0,1.9,151.0,453.0,469.8,,,
20260907T172312Z_p4-chaos-dead,cockroachdb,chaos-dead,thesis,01ff85c294945c8138a8326bbe68c7055b3604d1,2026-09-07T17:23:12.645992Z,2026-09-07T17:30:52.495352Z,2026-09-07T17:30:52.492215Z,84.0,356.771,100,1,update,351.0,337.4,0,75.5,704.6,771.8,771.8,,,
20260907T172312Z_p4-chaos-dead,cockroachdb,chaos-dead,thesis,01ff85c294945c8138a8326bbe68c7055b3604d1,2026-09-07T17:23:12.645992Z,2026-09-07T17:30:52.495352Z,2026-09-07T17:30:52.492215Z,85.0,357.772,100,1,read,1204.1,1337.6,0,2.6,419.4,453.0,469.8,,,
20260907T172312Z_p4-chaos-dead,cockroachdb,chaos-dead,thesis,01ff85c294945c8138a8326bbe68c7055b3604d1,2026-09-07T17:23:12.645992Z,2026-09-07T17:30:52.495352Z,2026-09-07T17:30:52.492215Z,85.0,357.772,100,1,update,322.0,337.2,0,79.7,302.0,771.8,771.8,,,
20260907T172312Z_p4-chaos-dead,cockroachdb,chaos-dead,thesis,01ff85c294945c8138a8326bbe68c7055b3604d1,2026-09-07T17:23:12.645992Z,2026-09-07T17:30:52.495352Z,2026-09-07T17:30:52.492215Z,86.0,358.771,100,1,read,1357.9,1337.8,0,1.9,419.4,453.0,486.5,,,
20260907T172312Z_p4-chaos-dead,cockroachdb,chaos-dead,thesis,01ff85c294945c8138a8326bbe68c7055b3604d1,2026-09-07T17:23:12.645992Z,2026-09-07T17:30:52.495352Z,2026-09-07T17:30:52.492215Z,86.0,358.771,100,1,update,337.0,337.2,0,75.5,302.0,771.8,771.8,,,
20260907T172312Z_p4-chaos-dead,cockroachdb,chaos-dead,thesis,01ff85c294945c8138a8326bbe68c7055b3604d1,2026-09-07T17:23:12.645992Z,2026-09-07T17:30:52.495352Z,2026-09-07T17:30:52.492215Z,87.0,359.771,100,1,read,1353.2,1338.0,0,1.9,151.0,453.0,469.8,,,
20260907T172312Z_p4-chaos-dead,cockroachdb,chaos-dead,thesis,01ff85c294945c8138a8326bbe68c7055b3604d1,2026-09-07T17:23:12.645992Z,2026-09-07T17:30:52.495352Z,2026-09-07T17:30:52.492215Z,87.0,359.771,100,1,update,344.1,337.3,0,75.5,704.6,771.8,771.8,,,
20260907T172312Z_p4-chaos-dead,cockroachdb,chaos-dead,thesis,01ff85c294945c8138a8326bbe68c7055b3604d1,2026-09-07T17:23:12.645992Z,2026-09-07T17:30:52.495352Z,2026-09-07T17:30:52.492215Z,88.0,360.776,100,1,read,1462.6,1339.4,0,1.8,142.6,453.0,469.8,,,
20260907T172312Z_p4-chaos-dead,cockroachdb,chaos-dead,thesis,01ff85c294945c8138a8326bbe68c7055b3604d1,2026-09-07T17:23:12.645992Z,2026-09-07T17:30:52.495352Z,2026-09-07T17:30:52.492215Z,88.0,360.776,100,1,update,332.7,337.2,0,75.5,302.0,771.8,771.8,,,
20260907T172312Z_p4-chaos-dead,cockroachdb,chaos-dead,thesis,01ff85c294945c8138a8326bbe68c7055b3604d1,2026-09-07T17:23:12.645992Z,2026-09-07T17:30:52.495352Z,2026-09-07T17:30:52.492215Z,89.0,361.77,100,1,read,1431.1,1340.5,0,1.9,419.4,453.0,469.8,,,
20260907T172312Z_p4-chaos-dead,cockroachdb,chaos-dead,thesis,01ff85c294945c8138a8326bbe68c7055b3604d1,2026-09-07T17:23:12.645992Z,2026-09-07T17:30:52.495352Z,2026-09-07T17:30:52.492215Z,89.0,361.77,100,1,update,338.0,337.2,0,75.5,285.2,771.8,771.8,,,
20260907T172312Z_p4-chaos-dead,cockroachdb,chaos-dead,thesis,01ff85c294945c8138a8326bbe68c7055b3604d1,2026-09-07T17:23:12.645992Z,2026-09-07T17:30:52.495352Z,2026-09-07T17:30:52.492215Z,90.0,362.771,100,1,read,1381.4,1340.9,0,2.0,142.6,453.0,469.8,,,
20260907T172312Z_p4-chaos-dead,cockroachdb,chaos-dead,thesis,01ff85c294945c8138a8326bbe68c7055b3604d1,2026-09-07T17:23:12.645992Z,2026-09-07T17:30:52.495352Z,2026-09-07T17:30:52.492215Z,90.0,362.771,100,1,update,336.1,337.2,0,75.5,704.6,771.8,771.8,,,
20260907T172312Z_p4-chaos-dead,cockroachdb,chaos-dead,thesis,01ff85c294945c8138a8326bbe68c7055b3604d1,2026-09-07T17:23:12.645992Z,2026-09-07T17:30:52.495352Z,2026-09-07T17:30:52.492215Z,91.0,363.771,100,1,read,1371.3,1341.2,0,2.0,419.4,453.0,469.8,,,
20260907T172312Z_p4-chaos-dead,cockroachdb,chaos-dead,thesis,01ff85c294945c8138a8326bbe68c7055b3604d1,2026-09-07T17:23:12.645992Z,2026-09-07T17:30:52.495352Z,2026-09-07T17:30:52.492215Z,91.0,363.771,100,1,update,339.1,337.3,0,75.5,302.0,771.8,771.8,,,
20260907T172312Z_p4-chaos-dead,cockroachdb,chaos-dead,thesis,01ff85c294945c8138a8326bbe68c7055b3604d1,2026-09-07T17:23:12.645992Z,2026-09-07T17:30:52.495352Z,2026-09-07T17:30:52.492215Z,92.0,364.786,100,1,read,1447.6,1342.4,0,1.9,419.4,453.0,469.8,,,
20260907T172312Z_p4-chaos-dead,cockroachdb,chaos-dead,thesis,01ff85c294945c8138a8326bbe68c7055b3604d1,2026-09-07T17:23:12.645992Z,2026-09-07T17:30:52.495352Z,2026-09-07T17:30:52.492215Z,92.0,364.786,100,1,update,334.9,337.2,0,75.5,302.0,771.8,771.8,,,
20260907T172312Z_p4-chaos-dead,cockroachdb,chaos-dead,thesis,01ff85c294945c8138a8326bbe68c7055b3604d1,2026-09-07T17:23:12.645992Z,2026-09-07T17:30:52.495352Z,2026-09-07T17:30:52.492215Z,93.0,365.771,100,1,read,1327.4,1342.2,0,1.9,419.4,453.0,469.8,,,
20260907T172312Z_p4-chaos-dead,cockroachdb,chaos-dead,thesis,01ff85c294945c8138a8326bbe68c7055b3604d1,2026-09-07T17:23:12.645992Z,2026-09-07T17:30:52.495352Z,2026-09-07T17:30:52.492215Z,93.0,365.771,100,1,update,341.1,337.3,0,75.5,302.0,771.8,771.8,,,
20260907T172312Z_p4-chaos-dead,cockroachdb,chaos-dead,thesis,01ff85c294945c8138a8326bbe68c7055b3604d1,2026-09-07T17:23:12.645992Z,2026-09-07T17:30:52.495352Z,2026-09-07T17:30:52.492215Z,94.0,366.771,100,1,read,1431.3,1343.2,0,2.0,419.4,453.0,469.8,,,
20260907T172312Z_p4-chaos-dead,cockroachdb,chaos-dead,thesis,01ff85c294945c8138a8326bbe68c7055b3604d1,2026-09-07T17:23:12.645992Z,2026-09-07T17:30:52.495352Z,2026-09-07T17:30:52.492215Z,94.0,366.771,100,1,update,327.8,337.2,0,75.5,302.0,771.8,771.8,,,
20260907T172312Z_p4-chaos-dead,cockroachdb,chaos-dead,thesis,01ff85c294945c8138a8326bbe68c7055b3604d1,2026-09-07T17:23:12.645992Z,2026-09-07T17:30:52.495352Z,2026-09-07T17:30:52.492215Z,95.0,367.771,100,1,read,1419.2,1344.0,0,1.8,151.0,453.0,469.8,,,
20260907T172312Z_p4-chaos-dead,cockroachdb,chaos-dead,thesis,01ff85c294945c8138a8326bbe68c7055b3604d1,2026-09-07T17:23:12.645992Z,2026-09-07T17:30:52.495352Z,2026-09-07T17:30:52.492215Z,95.0,367.771,100,1,update,341.0,337.2,0,75.5,704.6,771.8,771.8,,,
20260907T172312Z_p4-chaos-dead,cockroachdb,chaos-dead,thesis,01ff85c294945c8138a8326bbe68c7055b3604d1,2026-09-07T17:23:12.645992Z,2026-09-07T17:30:52.495352Z,2026-09-07T17:30:52.492215Z,96.0,368.798,100,1,read,1410.8,1344.7,0,1.8,419.4,453.0,469.8,,,
20260907T172312Z_p4-chaos-dead,cockroachdb,chaos-dead,thesis,01ff85c294945c8138a8326bbe68c7055b3604d1,2026-09-07T17:23:12.645992Z,2026-09-07T17:30:52.495352Z,2026-09-07T17:30:52.492215Z,96.0,368.798,100,1,update,345.2,337.3,0,75.5,285.2,771.8,771.8,,,
20260907T172312Z_p4-chaos-dead,cockroachdb,chaos-dead,thesis,01ff85c294945c8138a8326bbe68c7055b3604d1,2026-09-07T17:23:12.645992Z,2026-09-07T17:30:52.495352Z,2026-09-07T17:30:52.492215Z,97.0,369.792,100,1,read,1286.3,1344.1,0,2.4,419.4,453.0,469.8,,,
20260907T172312Z_p4-chaos-dead,cockroachdb,chaos-dead,thesis,01ff85c294945c8138a8326bbe68c7055b3604d1,2026-09-07T17:23:12.645992Z,2026-09-07T17:30:52.495352Z,2026-09-07T17:30:52.492215Z,97.0,369.792,100,1,update,307.8,337.0,0,75.5,704.6,771.8,838.9,,,
20260907T172312Z_p4-chaos-dead,cockroachdb,chaos-dead,thesis,01ff85c294945c8138a8326bbe68c7055b3604d1,2026-09-07T17:23:12.645992Z,2026-09-07T17:30:52.495352Z,2026-09-07T17:30:52.492215Z,98.0,370.783,100,1,read,1363.0,1344.3,0,2.1,419.4,453.0,469.8,,,
20260907T172312Z_p4-chaos-dead,cockroachdb,chaos-dead,thesis,01ff85c294945c8138a8326bbe68c7055b3604d1,2026-09-07T17:23:12.645992Z,2026-09-07T17:30:52.495352Z,2026-09-07T17:30:52.492215Z,98.0,370.783,100,1,update,335.2,337.0,0,75.5,302.0,771.8,771.8,,,
20260907T172312Z_p4-chaos-dead,cockroachdb,chaos-dead,thesis,01ff85c294945c8138a8326bbe68c7055b3604d1,2026-09-07T17:23:12.645992Z,2026-09-07T17:30:52.495352Z,2026-09-07T17:30:52.492215Z,99.0,371.778,100,1,read,1348.7,1344.3,0,2.8,419.4,453.0,469.8,,,
20260907T172312Z_p4-chaos-dead,cockroachdb,chaos-dead,thesis,01ff85c294945c8138a8326bbe68c7055b3604d1,2026-09-07T17:23:12.645992Z,2026-09-07T17:30:52.495352Z,2026-09-07T17:30:52.492215Z,99.0,371.778,100,1,update,308.9,336.7,0,75.5,302.0,771.8,771.8,,,
20260907T172312Z_p4-chaos-dead,cockroachdb,chaos-dead,thesis,01ff85c294945c8138a8326bbe68c7055b3604d1,2026-09-07T17:23:12.645992Z,2026-09-07T17:30:52.495352Z,2026-09-07T17:30:52.492215Z,100.0,372.772,100,1,read,1411.8,1345.0,0,2.0,151.0,469.8,486.5,,,
20260907T172312Z_p4-chaos-dead,cockroachdb,chaos-dead,thesis,01ff85c294945c8138a8326bbe68c7055b3604d1,2026-09-07T17:23:12.645992Z,2026-09-07T17:30:52.495352Z,2026-09-07T17:30:52.492215Z,100.0,372.772,100,1,update,340.0,336.7,0,79.7,335.5,771.8,805.3,,,
20260907T172312Z_p4-chaos-dead,cockroachdb,chaos-dead,thesis,01ff85c294945c8138a8326bbe68c7055b3604d1,2026-09-07T17:23:12.645992Z,2026-09-07T17:30:52.495352Z,2026-09-07T17:30:52.492215Z,101.0,373.788,100,1,read,1405.0,1345.6,0,2.0,419.4,453.0,469.8,,,
20260907T172312Z_p4-chaos-dead,cockroachdb,chaos-dead,thesis,01ff85c294945c8138a8326bbe68c7055b3604d1,2026-09-07T17:23:12.645992Z,2026-09-07T17:30:52.495352Z,2026-09-07T17:30:52.492215Z,101.0,373.788,100,1,update,338.0,336.7,0,75.5,302.0,771.8,771.8,,,
20260907T172312Z_p4-chaos-dead,cockroachdb,chaos-dead,thesis,01ff85c294945c8138a8326bbe68c7055b3604d1,2026-09-07T17:23:12.645992Z,2026-09-07T17:30:52.495352Z,2026-09-07T17:30:52.492215Z,102.0,374.778,100,1,read,1408.0,1346.2,0,2.0,419.4,453.0,469.8,,,
20260907T172312Z_p4-chaos-dead,cockroachdb,chaos-dead,thesis,01ff85c294945c8138a8326bbe68c7055b3604d1,2026-09-07T17:23:12.645992Z,2026-09-07T17:30:52.495352Z,2026-09-07T17:30:52.492215Z,102.0,374.778,100,1,update,323.0,336.6,0,75.5,302.0,771.8,771.8,,,
20260907T172312Z_p4-chaos-dead,cockroachdb,chaos-dead,thesis,01ff85c294945c8138a8326bbe68c7055b3604d1,2026-09-07T17:23:12.645992Z,2026-09-07T17:30:52.495352Z,2026-09-07T17:30:52.492215Z,103.0,375.8,100,1,read,1485.1,1347.5,0,2.0,151.0,453.0,469.8,,,
20260907T172312Z_p4-chaos-dead,cockroachdb,chaos-dead,thesis,01ff85c294945c8138a8326bbe68c7055b3604d1,2026-09-07T17:23:12.645992Z,2026-09-07T17:30:52.495352Z,2026-09-07T17:30:52.492215Z,103.0,375.8,100,1,update,344.8,336.7,0,75.5,704.6,771.8,771.8,,,
20260907T172312Z_p4-chaos-dead,cockroachdb,chaos-dead,thesis,01ff85c294945c8138a8326bbe68c7055b3604d1,2026-09-07T17:23:12.645992Z,2026-09-07T17:30:52.495352Z,2026-09-07T17:30:52.492215Z,104.0,376.776,100,1,read,1333.4,1347.4,0,1.8,151.0,453.0,469.8,,,
20260907T172312Z_p4-chaos-dead,cockroachdb,chaos-dead,thesis,01ff85c294945c8138a8326bbe68c7055b3604d1,2026-09-07T17:23:12.645992Z,2026-09-07T17:30:52.495352Z,2026-09-07T17:30:52.492215Z,104.0,376.776,100,1,update,350.1,336.8,0,75.5,704.6,771.8,771.8,,,
20260907T172312Z_p4-chaos-dead,cockroachdb,chaos-dead,thesis,01ff85c294945c8138a8326bbe68c7055b3604d1,2026-09-07T17:23:12.645992Z,2026-09-07T17:30:52.495352Z,2026-09-07T17:30:52.492215Z,105.0,377.771,100,1,read,1349.9,1347.4,0,2.1,419.4,453.0,469.8,,,
20260907T172312Z_p4-chaos-dead,cockroachdb,chaos-dead,thesis,01ff85c294945c8138a8326bbe68c7055b3604d1,2026-09-07T17:23:12.645992Z,2026-09-07T17:30:52.495352Z,2026-09-07T17:30:52.492215Z,105.0,377.771,100,1,update,330.2,336.7,0,75.5,302.0,771.8,771.8,,,
20260907T172312Z_p4-chaos-dead,cockroachdb,chaos-dead,thesis,01ff85c294945c8138a8326bbe68c7055b3604d1,2026-09-07T17:23:12.645992Z,2026-09-07T17:30:52.495352Z,2026-09-07T17:30:52.492215Z,106.0,378.777,100,1,read,1457.7,1348.5,0,1.9,151.0,453.0,469.8,,,
20260907T172312Z_p4-chaos-dead,cockroachdb,chaos-dead,thesis,01ff85c294945c8138a8326bbe68c7055b3604d1,2026-09-07T17:23:12.645992Z,2026-09-07T17:30:52.495352Z,2026-09-07T17:30:52.492215Z,106.0,378.777,100,1,update,334.7,336.7,0,75.5,285.2,771.8,771.8,,,
20260907T172312Z_p4-chaos-dead,cockroachdb,chaos-dead,thesis,01ff85c294945c8138a8326bbe68c7055b3604d1,2026-09-07T17:23:12.645992Z,2026-09-07T17:30:52.495352Z,2026-09-07T17:30:52.492215Z,107.0,379.777,100,1,read,1296.1,1348.0,0,2.0,419.4,453.0,469.8,,,
20260907T172312Z_p4-chaos-dead,cockroachdb,chaos-dead,thesis,01ff85c294945c8138a8326bbe68c7055b3604d1,2026-09-07T17:23:12.645992Z,2026-09-07T17:30:52.495352Z,2026-09-07T17:30:52.492215Z,107.0,379.777,100,1,update,333.0,336.7,0,75.5,302.0,771.8,771.8,,,
20260907T172312Z_p4-chaos-dead,cockroachdb,chaos-dead,thesis,01ff85c294945c8138a8326bbe68c7055b3604d1,2026-09-07T17:23:12.645992Z,2026-09-07T17:30:52.495352Z,2026-09-07T17:30:52.492215Z,108.0,380.768,100,1,read,1393.9,1348.4,0,1.8,142.6,453.0,469.8,,,
20260907T172312Z_p4-chaos-dead,cockroachdb,chaos-dead,thesis,01ff85c294945c8138a8326bbe68c7055b3604d1,2026-09-07T17:23:12.645992Z,2026-09-07T17:30:52.495352Z,2026-09-07T17:30:52.492215Z,108.0,380.768,100,1,update,353.2,336.8,0,75.5,302.0,771.8,771.8,,,
20260907T172312Z_p4-chaos-dead,cockroachdb,chaos-dead,thesis,01ff85c294945c8138a8326bbe68c7055b3604d1,2026-09-07T17:23:12.645992Z,2026-09-07T17:30:52.495352Z,2026-09-07T17:30:52.492215Z,109.0,381.772,100,1,read,1311.7,1348.1,0,1.8,142.6,453.0,469.8,,,
20260907T172312Z_p4-chaos-dead,cockroachdb,chaos-dead,thesis,01ff85c294945c8138a8326bbe68c7055b3604d1,2026-09-07T17:23:12.645992Z,2026-09-07T17:30:52.495352Z,2026-09-07T17:30:52.492215Z,109.0,381.772,100,1,update,346.9,336.9,0,75.5,704.6,771.8,771.8,,,
20260907T172312Z_p4-chaos-dead,cockroachdb,chaos-dead,thesis,01ff85c294945c8138a8326bbe68c7055b3604d1,2026-09-07T17:23:12.645992Z,2026-09-07T17:30:52.495352Z,2026-09-07T17:30:52.492215Z,110.0,382.771,100,1,read,1299.1,1347.6,0,2.1,419.4,453.0,469.8,,,
20260907T172312Z_p4-chaos-dead,cockroachdb,chaos-dead,thesis,01ff85c294945c8138a8326bbe68c7055b3604d1,2026-09-07T17:23:12.645992Z,2026-09-07T17:30:52.495352Z,2026-09-07T17:30:52.492215Z,110.0,382.771,100,1,update,342.0,337.0,0,75.5,302.0,771.8,771.8,,,
20260907T172312Z_p4-chaos-dead,cockroachdb,chaos-dead,thesis,01ff85c294945c8138a8326bbe68c7055b3604d1,2026-09-07T17:23:12.645992Z,2026-09-07T17:30:52.495352Z,2026-09-07T17:30:52.492215Z,111.0,383.777,100,1,read,1377.0,1347.9,0,1.9,151.0,453.0,469.8,,,
20260907T172312Z_p4-chaos-dead,cockroachdb,chaos-dead,thesis,01ff85c294945c8138a8326bbe68c7055b3604d1,2026-09-07T17:23:12.645992Z,2026-09-07T17:30:52.495352Z,2026-09-07T17:30:52.492215Z,111.0,383.777,100,1,update,333.0,336.9,0,75.5,302.0,771.8,771.8,,,
20260907T172312Z_p4-chaos-dead,cockroachdb,chaos-dead,thesis,01ff85c294945c8138a8326bbe68c7055b3604d1,2026-09-07T17:23:12.645992Z,2026-09-07T17:30:52.495352Z,2026-09-07T17:30:52.492215Z,112.0,384.782,100,1,read,1261.4,1347.1,0,2.0,151.0,453.0,469.8,,,
20260907T172312Z_p4-chaos-dead,cockroachdb,chaos-dead,thesis,01ff85c294945c8138a8326bbe68c7055b3604d1,2026-09-07T17:23:12.645992Z,2026-09-07T17:30:52.495352Z,2026-09-07T17:30:52.492215Z,112.0,384.782,100,1,update,362.1,337.2,0,75.5,302.0,771.8,771.8,,,
20260907T172312Z_p4-chaos-dead,cockroachdb,chaos-dead,thesis,01ff85c294945c8138a8326bbe68c7055b3604d1,2026-09-07T17:23:12.645992Z,2026-09-07T17:30:52.495352Z,2026-09-07T17:30:52.492215Z,113.0,385.771,100,1,read,1429.2,1347.9,0,2.0,419.4,453.0,469.8,,,
20260907T172312Z_p4-chaos-dead,cockroachdb,chaos-dead,thesis,01ff85c294945c8138a8326bbe68c7055b3604d1,2026-09-07T17:23:12.645992Z,2026-09-07T17:30:52.495352Z,2026-09-07T17:30:52.492215Z,113.0,385.771,100,1,update,332.8,337.1,0,75.5,302.0,771.8,1409.3,,,
20260907T172312Z_p4-chaos-dead,cockroachdb,chaos-dead,thesis,01ff85c294945c8138a8326bbe68c7055b3604d1,2026-09-07T17:23:12.645992Z,2026-09-07T17:30:52.495352Z,2026-09-07T17:30:52.492215Z,114.0,386.771,100,1,read,1443.4,1348.7,0,2.4,151.0,453.0,469.8,,,
20260907T172312Z_p4-chaos-dead,cockroachdb,chaos-dead,thesis,01ff85c294945c8138a8326bbe68c7055b3604d1,2026-09-07T17:23:12.645992Z,2026-09-07T17:30:52.495352Z,2026-09-07T17:30:52.492215Z,114.0,386.771,100,1,update,324.9,337.0,0,79.7,302.0,771.8,771.8,,,
20260907T172312Z_p4-chaos-dead,cockroachdb,chaos-dead,thesis,01ff85c294945c8138a8326bbe68c7055b3604d1,2026-09-07T17:23:12.645992Z,2026-09-07T17:30:52.495352Z,2026-09-07T17:30:52.492215Z,115.0,387.772,100,1,read,1316.8,1348.4,0,1.8,151.0,453.0,469.8,,,
20260907T172312Z_p4-chaos-dead,cockroachdb,chaos-dead,thesis,01ff85c294945c8138a8326bbe68c7055b3604d1,2026-09-07T17:23:12.645992Z,2026-09-07T17:30:52.495352Z,2026-09-07T17:30:52.492215Z,115.0,387.772,100,1,update,347.2,337.1,0,75.5,704.6,771.8,771.8,,,
20260907T172312Z_p4-chaos-dead,cockroachdb,chaos-dead,thesis,01ff85c294945c8138a8326bbe68c7055b3604d1,2026-09-07T17:23:12.645992Z,2026-09-07T17:30:52.495352Z,2026-09-07T17:30:52.492215Z,116.0,388.819,100,1,read,1362.2,1348.5,0,2.0,151.0,453.0,469.8,,,
20260907T172312Z_p4-chaos-dead,cockroachdb,chaos-dead,thesis,01ff85c294945c8138a8326bbe68c7055b3604d1,2026-09-07T17:23:12.645992Z,2026-09-07T17:30:52.495352Z,2026-09-07T17:30:52.492215Z,116.0,388.819,100,1,update,340.1,337.1,0,75.5,704.6,771.8,771.8,,,
20260907T172312Z_p4-chaos-dead,cockroachdb,chaos-dead,thesis,01ff85c294945c8138a8326bbe68c7055b3604d1,2026-09-07T17:23:12.645992Z,2026-09-07T17:30:52.495352Z,2026-09-07T17:30:52.492215Z,117.0,389.809,100,1,read,1313.1,1348.2,0,2.0,419.4,453.0,469.8,,,
20260907T172312Z_p4-chaos-dead,cockroachdb,chaos-dead,thesis,01ff85c294945c8138a8326bbe68c7055b3604d1,2026-09-07T17:23:12.645992Z,2026-09-07T17:30:52.495352Z,2026-09-07T17:30:52.492215Z,117.0,389.809,100,1,update,339.8,337.2,0,75.5,302.0,771.8,771.8,,,
20260907T172312Z_p4-chaos-dead,cockroachdb,chaos-dead,thesis,01ff85c294945c8138a8326bbe68c7055b3604d1,2026-09-07T17:23:12.645992Z,2026-09-07T17:30:52.495352Z,2026-09-07T17:30:52.492215Z,118.0,390.836,100,1,read,1325.9,1348.0,0,1.7,218.1,453.0,469.8,,,
20260907T172312Z_p4-chaos-dead,cockroachdb,chaos-dead,thesis,01ff85c294945c8138a8326bbe68c7055b3604d1,2026-09-07T17:23:12.645992Z,2026-09-07T17:30:52.495352Z,2026-09-07T17:30:52.492215Z,118.0,390.836,100,1,update,337.0,337.2,0,75.5,302.0,771.8,771.8,,,
20260907T172312Z_p4-chaos-dead,cockroachdb,chaos-dead,thesis,01ff85c294945c8138a8326bbe68c7055b3604d1,2026-09-07T17:23:12.645992Z,2026-09-07T17:30:52.495352Z,2026-09-07T17:30:52.492215Z,119.0,391.902,100,1,read,1390.3,1348.4,0,1.8,419.4,453.0,469.8,,,
20260907T172312Z_p4-chaos-dead,cockroachdb,chaos-dead,thesis,01ff85c294945c8138a8326bbe68c7055b3604d1,2026-09-07T17:23:12.645992Z,2026-09-07T17:30:52.495352Z,2026-09-07T17:30:52.492215Z,119.0,391.902,100,1,update,337.1,337.2,0,75.5,302.0,771.8,771.8,,,
20260907T172312Z_p4-chaos-dead,cockroachdb,chaos-dead,thesis,01ff85c294945c8138a8326bbe68c7055b3604d1,2026-09-07T17:23:12.645992Z,2026-09-07T17:30:52.495352Z,2026-09-07T17:30:52.492215Z,120.0,392.822,100,1,read,1040.6,1345.8,0,2.6,419.4,453.0,469.8,,,
20260907T172312Z_p4-chaos-dead,cockroachdb,chaos-dead,thesis,01ff85c294945c8138a8326bbe68c7055b3604d1,2026-09-07T17:23:12.645992Z,2026-09-07T17:30:52.495352Z,2026-09-07T17:30:52.492215Z,120.0,392.822,100,1,update,307.2,336.9,0,75.5,704.6,771.8,771.8,,,
20260907T172312Z_p4-chaos-dead,cockroachdb,chaos-dead,thesis,01ff85c294945c8138a8326bbe68c7055b3604d1,2026-09-07T17:23:12.645992Z,2026-09-07T17:30:52.495352Z,2026-09-07T17:30:52.492215Z,121.0,393.81,100,1,read,986.3,1342.9,0,12.6,419.4,469.8,503.3,,,
20260907T172312Z_p4-chaos-dead,cockroachdb,chaos-dead,thesis,01ff85c294945c8138a8326bbe68c7055b3604d1,2026-09-07T17:23:12.645992Z,2026-09-07T17:30:52.495352Z,2026-09-07T17:30:52.492215Z,121.0,393.81,100,1,update,234.8,336.1,0,104.9,771.8,805.3,1677.7,,,
20260907T172312Z_p4-chaos-dead,cockroachdb,chaos-dead,thesis,01ff85c294945c8138a8326bbe68c7055b3604d1,2026-09-07T17:23:12.645992Z,2026-09-07T17:30:52.495352Z,2026-09-07T17:30:52.492215Z,122.0,394.789,100,1,read,1306.7,1342.6,0,2.2,419.4,453.0,469.8,,,
20260907T172312Z_p4-chaos-dead,cockroachdb,chaos-dead,thesis,01ff85c294945c8138a8326bbe68c7055b3604d1,2026-09-07T17:23:12.645992Z,2026-09-07T17:30:52.495352Z,2026-09-07T17:30:52.492215Z,122.0,394.789,100,1,update,345.9,336.1,0,75.5,302.0,771.8,771.8,,,
20260907T172312Z_p4-chaos-dead,cockroachdb,chaos-dead,thesis,01ff85c294945c8138a8326bbe68c7055b3604d1,2026-09-07T17:23:12.645992Z,2026-09-07T17:30:52.495352Z,2026-09-07T17:30:52.492215Z,123.0,395.792,100,1,read,1448.0,1343.4,0,2.0,151.0,453.0,469.8,,,
20260907T172312Z_p4-chaos-dead,cockroachdb,chaos-dead,thesis,01ff85c294945c8138a8326bbe68c7055b3604d1,2026-09-07T17:23:12.645992Z,2026-09-07T17:30:52.495352Z,2026-09-07T17:30:52.492215Z,123.0,395.792,100,1,update,338.2,336.2,0,75.5,302.0,771.8,771.8,,,
20260907T172312Z_p4-chaos-dead,cockroachdb,chaos-dead,thesis,01ff85c294945c8138a8326bbe68c7055b3604d1,2026-09-07T17:23:12.645992Z,2026-09-07T17:30:52.495352Z,2026-09-07T17:30:52.492215Z,124.0,396.771,100,1,read,1290.0,1343.0,0,1.8,151.0,453.0,469.8,,,
20260907T172312Z_p4-chaos-dead,cockroachdb,chaos-dead,thesis,01ff85c294945c8138a8326bbe68c7055b3604d1,2026-09-07T17:23:12.645992Z,2026-09-07T17:30:52.495352Z,2026-09-07T17:30:52.492215Z,124.0,396.771,100,1,update,339.7,336.2,0,75.5,318.8,771.8,771.8,,,
20260907T172312Z_p4-chaos-dead,cockroachdb,chaos-dead,thesis,01ff85c294945c8138a8326bbe68c7055b3604d1,2026-09-07T17:23:12.645992Z,2026-09-07T17:30:52.495352Z,2026-09-07T17:30:52.492215Z,125.0,397.782,100,1,read,1395.7,1343.4,0,2.0,151.0,453.0,469.8,,,
20260907T172312Z_p4-chaos-dead,cockroachdb,chaos-dead,thesis,01ff85c294945c8138a8326bbe68c7055b3604d1,2026-09-07T17:23:12.645992Z,2026-09-07T17:30:52.495352Z,2026-09-07T17:30:52.492215Z,125.0,397.782,100,1,update,339.2,336.2,0,75.5,704.6,771.8,771.8,,,
20260907T172312Z_p4-chaos-dead,cockroachdb,chaos-dead,thesis,01ff85c294945c8138a8326bbe68c7055b3604d1,2026-09-07T17:23:12.645992Z,2026-09-07T17:30:52.495352Z,2026-09-07T17:30:52.492215Z,126.0,398.781,100,1,read,1414.1,1344.0,0,2.0,142.6,453.0,469.8,,,
20260907T172312Z_p4-chaos-dead,cockroachdb,chaos-dead,thesis,01ff85c294945c8138a8326bbe68c7055b3604d1,2026-09-07T17:23:12.645992Z,2026-09-07T17:30:52.495352Z,2026-09-07T17:30:52.492215Z,126.0,398.781,100,1,update,339.0,336.2,0,75.5,704.6,771.8,771.8,,,
20260907T172312Z_p4-chaos-dead,cockroachdb,chaos-dead,thesis,01ff85c294945c8138a8326bbe68c7055b3604d1,2026-09-07T17:23:12.645992Z,2026-09-07T17:30:52.495352Z,2026-09-07T17:30:52.492215Z,127.0,399.776,100,1,read,1364.5,1344.1,0,2.0,167.8,469.8,469.8,,,
20260907T172312Z_p4-chaos-dead,cockroachdb,chaos-dead,thesis,01ff85c294945c8138a8326bbe68c7055b3604d1,2026-09-07T17:23:12.645992Z,2026-09-07T17:30:52.495352Z,2026-09-07T17:30:52.492215Z,127.0,399.776,100,1,update,349.1,336.3,0,79.7,704.6,771.8,771.8,,,
20260907T172312Z_p4-chaos-dead,cockroachdb,chaos-dead,thesis,01ff85c294945c8138a8326bbe68c7055b3604d1,2026-09-07T17:23:12.645992Z,2026-09-07T17:30:52.495352Z,2026-09-07T17:30:52.492215Z,128.0,400.771,100,1,read,1293.4,1343.7,0,2.6,419.4,453.0,469.8,,,
20260907T172312Z_p4-chaos-dead,cockroachdb,chaos-dead,thesis,01ff85c294945c8138a8326bbe68c7055b3604d1,2026-09-07T17:23:12.645992Z,2026-09-07T17:30:52.495352Z,2026-09-07T17:30:52.492215Z,128.0,400.771,100,1,update,327.8,336.3,0,79.7,402.7,771.8,771.8,,,
20260907T172312Z_p4-chaos-dead,cockroachdb,chaos-dead,thesis,01ff85c294945c8138a8326bbe68c7055b3604d1,2026-09-07T17:23:12.645992Z,2026-09-07T17:30:52.495352Z,2026-09-07T17:30:52.492215Z,129.0,401.781,100,1,read,1400.5,1344.2,0,2.5,151.0,469.8,469.8,,,
20260907T172312Z_p4-chaos-dead,cockroachdb,chaos-dead,thesis,01ff85c294945c8138a8326bbe68c7055b3604d1,2026-09-07T17:23:12.645992Z,2026-09-07T17:30:52.495352Z,2026-09-07T17:30:52.492215Z,129.0,401.781,100,1,update,323.1,336.2,0,79.7,704.6,771.8,771.8,,,
20260907T172312Z_p4-chaos-dead,cockroachdb,chaos-dead,thesis,01ff85c294945c8138a8326bbe68c7055b3604d1,2026-09-07T17:23:12.645992Z,2026-09-07T17:30:52.495352Z,2026-09-07T17:30:52.492215Z,130.0,402.768,100,1,read,1248.4,1343.4,0,2.0,151.0,453.0,469.8,,,
20260907T172312Z_p4-chaos-dead,cockroachdb,chaos-dead,thesis,01ff85c294945c8138a8326bbe68c7055b3604d1,2026-09-07T17:23:12.645992Z,2026-09-07T17:30:52.495352Z,2026-09-07T17:30:52.492215Z,130.0,402.768,100,1,update,342.1,336.2,0,79.7,302.0,771.8,771.8,,,
20260907T172312Z_p4-chaos-dead,cockroachdb,chaos-dead,thesis,01ff85c294945c8138a8326bbe68c7055b3604d1,2026-09-07T17:23:12.645992Z,2026-09-07T17:30:52.495352Z,2026-09-07T17:30:52.492215Z,131.0,403.771,100,1,read,1298.2,1343.1,0,2.1,151.0,453.0,469.8,,,
20260907T172312Z_p4-chaos-dead,cockroachdb,chaos-dead,thesis,01ff85c294945c8138a8326bbe68c7055b3604d1,2026-09-07T17:23:12.645992Z,2026-09-07T17:30:52.495352Z,2026-09-07T17:30:52.492215Z,131.0,403.771,100,1,update,344.8,336.3,0,75.5,704.6,771.8,771.8,,,
20260907T172312Z_p4-chaos-dead,cockroachdb,chaos-dead,thesis,01ff85c294945c8138a8326bbe68c7055b3604d1,2026-09-07T17:23:12.645992Z,2026-09-07T17:30:52.495352Z,2026-09-07T17:30:52.492215Z,132.0,404.772,100,1,read,1270.8,1342.5,0,2.2,419.4,453.0,469.8,,,
20260907T172312Z_p4-chaos-dead,cockroachdb,chaos-dead,thesis,01ff85c294945c8138a8326bbe68c7055b3604d1,2026-09-07T17:23:12.645992Z,2026-09-07T17:30:52.495352Z,2026-09-07T17:30:52.492215Z,132.0,404.772,100,1,update,329.2,336.2,0,79.7,302.0,771.8,838.9,,,
20260907T172312Z_p4-chaos-dead,cockroachdb,chaos-dead,thesis,01ff85c294945c8138a8326bbe68c7055b3604d1,2026-09-07T17:23:12.645992Z,2026-09-07T17:30:52.495352Z,2026-09-07T17:30:52.492215Z,133.0,405.771,100,1,read,1376.5,1342.8,0,1.8,151.0,453.0,469.8,,,
20260907T172312Z_p4-chaos-dead,cockroachdb,chaos-dead,thesis,01ff85c294945c8138a8326bbe68c7055b3604d1,2026-09-07T17:23:12.645992Z,2026-09-07T17:30:52.495352Z,2026-09-07T17:30:52.492215Z,133.0,405.771,100,1,update,348.9,336.3,0,75.5,704.6,771.8,771.8,,,
20260907T172312Z_p4-chaos-dead,cockroachdb,chaos-dead,thesis,01ff85c294945c8138a8326bbe68c7055b3604d1,2026-09-07T17:23:12.645992Z,2026-09-07T17:30:52.495352Z,2026-09-07T17:30:52.492215Z,134.0,406.788,100,1,read,1353.3,1342.9,0,1.8,151.0,453.0,469.8,,,
20260907T172312Z_p4-chaos-dead,cockroachdb,chaos-dead,thesis,01ff85c294945c8138a8326bbe68c7055b3604d1,2026-09-07T17:23:12.645992Z,2026-09-07T17:30:52.495352Z,2026-09-07T17:30:52.492215Z,134.0,406.788,100,1,update,336.8,336.3,0,75.5,302.0,771.8,771.8,,,
20260907T172312Z_p4-chaos-dead,cockroachdb,chaos-dead,thesis,01ff85c294945c8138a8326bbe68c7055b3604d1,2026-09-07T17:23:12.645992Z,2026-09-07T17:30:52.495352Z,2026-09-07T17:30:52.492215Z,135.0,407.776,100,1,read,1465.6,1343.8,0,2.0,151.0,453.0,469.8,,,
20260907T172312Z_p4-chaos-dead,cockroachdb,chaos-dead,thesis,01ff85c294945c8138a8326bbe68c7055b3604d1,2026-09-07T17:23:12.645992Z,2026-09-07T17:30:52.495352Z,2026-09-07T17:30:52.492215Z,135.0,407.776,100,1,update,333.1,336.3,0,79.7,302.0,771.8,771.8,,,
20260907T172312Z_p4-chaos-dead,cockroachdb,chaos-dead,thesis,01ff85c294945c8138a8326bbe68c7055b3604d1,2026-09-07T17:23:12.645992Z,2026-09-07T17:30:52.495352Z,2026-09-07T17:30:52.492215Z,136.0,408.772,100,1,read,1457.6,1344.6,0,2.0,142.6,453.0,469.8,,,
20260907T172312Z_p4-chaos-dead,cockroachdb,chaos-dead,thesis,01ff85c294945c8138a8326bbe68c7055b3604d1,2026-09-07T17:23:12.645992Z,2026-09-07T17:30:52.495352Z,2026-09-07T17:30:52.492215Z,136.0,408.772,100,1,update,341.1,336.3,0,75.5,704.6,771.8,771.8,,,
20260907T172312Z_p4-chaos-dead,cockroachdb,chaos-dead,thesis,01ff85c294945c8138a8326bbe68c7055b3604d1,2026-09-07T17:23:12.645992Z,2026-09-07T17:30:52.495352Z,2026-09-07T17:30:52.492215Z,137.0,409.782,100,1,read,1329.8,1344.5,0,2.0,419.4,453.0,469.8,,,
20260907T172312Z_p4-chaos-dead,cockroachdb,chaos-dead,thesis,01ff85c294945c8138a8326bbe68c7055b3604d1,2026-09-07T17:23:12.645992Z,2026-09-07T17:30:52.495352Z,2026-09-07T17:30:52.492215Z,137.0,409.782,100,1,update,337.9,336.4,0,79.7,302.0,771.8,771.8,,,
20260907T172312Z_p4-chaos-dead,cockroachdb,chaos-dead,thesis,01ff85c294945c8138a8326bbe68c7055b3604d1,2026-09-07T17:23:12.645992Z,2026-09-07T17:30:52.495352Z,2026-09-07T17:30:52.492215Z,138.0,410.78,100,1,read,1167.1,1343.2,0,3.5,419.4,453.0,469.8,,,
20260907T172312Z_p4-chaos-dead,cockroachdb,chaos-dead,thesis,01ff85c294945c8138a8326bbe68c7055b3604d1,2026-09-07T17:23:12.645992Z,2026-09-07T17:30:52.495352Z,2026-09-07T17:30:52.492215Z,138.0,410.78,100,1,update,322.0,336.2,0,83.9,704.6,771.8,771.8,,,
20260907T172312Z_p4-chaos-dead,cockroachdb,chaos-dead,thesis,01ff85c294945c8138a8326bbe68c7055b3604d1,2026-09-07T17:23:12.645992Z,2026-09-07T17:30:52.495352Z,2026-09-07T17:30:52.492215Z,139.0,411.773,100,1,read,1365.9,1343.4,0,2.4,419.4,453.0,469.8,,,
20260907T172312Z_p4-chaos-dead,cockroachdb,chaos-dead,thesis,01ff85c294945c8138a8326bbe68c7055b3604d1,2026-09-07T17:23:12.645992Z,2026-09-07T17:30:52.495352Z,2026-09-07T17:30:52.492215Z,139.0,411.773,100,1,update,331.0,336.2,0,79.7,318.8,771.8,771.8,,,
20260907T172312Z_p4-chaos-dead,cockroachdb,chaos-dead,thesis,01ff85c294945c8138a8326bbe68c7055b3604d1,2026-09-07T17:23:12.645992Z,2026-09-07T17:30:52.495352Z,2026-09-07T17:30:52.492215Z,140.0,412.775,100,1,read,1320.9,1343.2,0,2.2,419.4,469.8,469.8,,,
20260907T172312Z_p4-chaos-dead,cockroachdb,chaos-dead,thesis,01ff85c294945c8138a8326bbe68c7055b3604d1,2026-09-07T17:23:12.645992Z,2026-09-07T17:30:52.495352Z,2026-09-07T17:30:52.492215Z,140.0,412.775,100,1,update,324.0,336.1,0,79.7,302.0,771.8,771.8,,,
20260907T172312Z_p4-chaos-dead,cockroachdb,chaos-dead,thesis,01ff85c294945c8138a8326bbe68c7055b3604d1,2026-09-07T17:23:12.645992Z,2026-09-07T17:30:52.495352Z,2026-09-07T17:30:52.492215Z,141.0,413.778,100,1,read,1384.1,1343.5,0,1.9,151.0,453.0,469.8,,,
20260907T172312Z_p4-chaos-dead,cockroachdb,chaos-dead,thesis,01ff85c294945c8138a8326bbe68c7055b3604d1,2026-09-07T17:23:12.645992Z,2026-09-07T17:30:52.495352Z,2026-09-07T17:30:52.492215Z,141.0,413.778,100,1,update,345.0,336.2,0,75.5,704.6,771.8,771.8,,,
20260907T172312Z_p4-chaos-dead,cockroachdb,chaos-dead,thesis,01ff85c294945c8138a8326bbe68c7055b3604d1,2026-09-07T17:23:12.645992Z,2026-09-07T17:30:52.495352Z,2026-09-07T17:30:52.492215Z,142.0,414.77,100,1,read,1397.6,1343.9,0,1.9,151.0,453.0,469.8,,,
20260907T172312Z_p4-chaos-dead,cockroachdb,chaos-dead,thesis,01ff85c294945c8138a8326bbe68c7055b3604d1,2026-09-07T17:23:12.645992Z,2026-09-07T17:30:52.495352Z,2026-09-07T17:30:52.492215Z,142.0,414.77,100,1,update,327.9,336.1,0,75.5,302.0,771.8,771.8,,,
20260907T172312Z_p4-chaos-dead,cockroachdb,chaos-dead,thesis,01ff85c294945c8138a8326bbe68c7055b3604d1,2026-09-07T17:23:12.645992Z,2026-09-07T17:30:52.495352Z,2026-09-07T17:30:52.492215Z,143.0,415.777,100,1,read,1280.3,1343.5,0,3.7,419.4,453.0,469.8,,,
20260907T172312Z_p4-chaos-dead,cockroachdb,chaos-dead,thesis,01ff85c294945c8138a8326bbe68c7055b3604d1,2026-09-07T17:23:12.645992Z,2026-09-07T17:30:52.495352Z,2026-09-07T17:30:52.492215Z,143.0,415.777,100,1,update,319.1,336.0,0,83.9,318.8,771.8,771.8,,,
20260907T172312Z_p4-chaos-dead,cockroachdb,chaos-dead,thesis,01ff85c294945c8138a8326bbe68c7055b3604d1,2026-09-07T17:23:12.645992Z,2026-09-07T17:30:52.495352Z,2026-09-07T17:30:52.492215Z,144.0,416.773,100,1,read,1340.1,1343.4,0,2.1,419.4,453.0,469.8,,,
20260907T172312Z_p4-chaos-dead,cockroachdb,chaos-dead,thesis,01ff85c294945c8138a8326bbe68c7055b3604d1,2026-09-07T17:23:12.645992Z,2026-09-07T17:30:52.495352Z,2026-09-07T17:30:52.492215Z,144.0,416.773,100,1,update,331.8,336.0,0,75.5,302.0,771.8,771.8,,,
20260907T172312Z_p4-chaos-dead,cockroachdb,chaos-dead,thesis,01ff85c294945c8138a8326bbe68c7055b3604d1,2026-09-07T17:23:12.645992Z,2026-09-07T17:30:52.495352Z,2026-09-07T17:30:52.492215Z,145.0,417.782,100,1,read,1344.8,1343.4,0,2.1,151.0,453.0,469.8,,,
20260907T172312Z_p4-chaos-dead,cockroachdb,chaos-dead,thesis,01ff85c294945c8138a8326bbe68c7055b3604d1,2026-09-07T17:23:12.645992Z,2026-09-07T17:30:52.495352Z,2026-09-07T17:30:52.492215Z,145.0,417.782,100,1,update,349.0,336.1,0,75.5,704.6,771.8,771.8,,,
20260907T172312Z_p4-chaos-dead,cockroachdb,chaos-dead,thesis,01ff85c294945c8138a8326bbe68c7055b3604d1,2026-09-07T17:23:12.645992Z,2026-09-07T17:30:52.495352Z,2026-09-07T17:30:52.492215Z,146.0,418.774,100,1,read,1232.9,1342.7,0,2.8,419.4,453.0,469.8,,,
20260907T172312Z_p4-chaos-dead,cockroachdb,chaos-dead,thesis,01ff85c294945c8138a8326bbe68c7055b3604d1,2026-09-07T17:23:12.645992Z,2026-09-07T17:30:52.495352Z,2026-09-07T17:30:52.492215Z,146.0,418.774,100,1,update,328.2,336.0,0,79.7,302.0,771.8,771.8,,,
20260907T172312Z_p4-chaos-dead,cockroachdb,chaos-dead,thesis,01ff85c294945c8138a8326bbe68c7055b3604d1,2026-09-07T17:23:12.645992Z,2026-09-07T17:30:52.495352Z,2026-09-07T17:30:52.492215Z,147.0,419.772,100,1,read,1242.2,1342.0,0,2.2,419.4,453.0,486.5,,,
20260907T172312Z_p4-chaos-dead,cockroachdb,chaos-dead,thesis,01ff85c294945c8138a8326bbe68c7055b3604d1,2026-09-07T17:23:12.645992Z,2026-09-07T17:30:52.495352Z,2026-09-07T17:30:52.492215Z,147.0,419.772,100,1,update,340.0,336.0,0,75.5,302.0,771.8,805.3,,,
20260907T172312Z_p4-chaos-dead,cockroachdb,chaos-dead,thesis,01ff85c294945c8138a8326bbe68c7055b3604d1,2026-09-07T17:23:12.645992Z,2026-09-07T17:30:52.495352Z,2026-09-07T17:30:52.492215Z,148.0,420.769,100,1,read,1266.1,1341.5,0,2.0,419.4,453.0,469.8,,,
20260907T172312Z_p4-chaos-dead,cockroachdb,chaos-dead,thesis,01ff85c294945c8138a8326bbe68c7055b3604d1,2026-09-07T17:23:12.645992Z,2026-09-07T17:30:52.495352Z,2026-09-07T17:30:52.492215Z,148.0,420.769,100,1,update,316.0,335.9,0,75.5,385.9,771.8,771.8,,,
20260907T172312Z_p4-chaos-dead,cockroachdb,chaos-dead,thesis,01ff85c294945c8138a8326bbe68c7055b3604d1,2026-09-07T17:23:12.645992Z,2026-09-07T17:30:52.495352Z,2026-09-07T17:30:52.492215Z,149.0,421.776,100,1,read,1227.0,1340.7,0,3.5,419.4,453.0,469.8,,,
20260907T172312Z_p4-chaos-dead,cockroachdb,chaos-dead,thesis,01ff85c294945c8138a8326bbe68c7055b3604d1,2026-09-07T17:23:12.645992Z,2026-09-07T17:30:52.495352Z,2026-09-07T17:30:52.492215Z,149.0,421.776,100,1,update,316.0,335.8,0,79.7,704.6,771.8,771.8,,,
20260907T172312Z_p4-chaos-dead,cockroachdb,chaos-dead,thesis,01ff85c294945c8138a8326bbe68c7055b3604d1,2026-09-07T17:23:12.645992Z,2026-09-07T17:30:52.495352Z,2026-09-07T17:30:52.492215Z,150.0,422.778,100,1,read,1456.3,1341.5,0,2.4,151.0,453.0,570.4,,,
20260907T172312Z_p4-chaos-dead,cockroachdb,chaos-dead,thesis,01ff85c294945c8138a8326bbe68c7055b3604d1,2026-09-07T17:23:12.645992Z,2026-09-07T17:30:52.495352Z,2026-09-07T17:30:52.492215Z,150.0,422.778,100,1,update,327.8,335.7,0,79.7,302.0,771.8,771.8,,,
20260907T172312Z_p4-chaos-dead,cockroachdb,chaos-dead,thesis,01ff85c294945c8138a8326bbe68c7055b3604d1,2026-09-07T17:23:12.645992Z,2026-09-07T17:30:52.495352Z,2026-09-07T17:30:52.492215Z,151.0,423.774,100,1,read,1257.0,1340.9,0,1.9,151.0,453.0,469.8,,,
20260907T172312Z_p4-chaos-dead,cockroachdb,chaos-dead,thesis,01ff85c294945c8138a8326bbe68c7055b3604d1,2026-09-07T17:23:12.645992Z,2026-09-07T17:30:52.495352Z,2026-09-07T17:30:52.492215Z,151.0,423.774,100,1,update,347.0,335.8,0,75.5,704.6,771.8,771.8,,,
20260907T172312Z_p4-chaos-dead,cockroachdb,chaos-dead,thesis,01ff85c294945c8138a8326bbe68c7055b3604d1,2026-09-07T17:23:12.645992Z,2026-09-07T17:30:52.495352Z,2026-09-07T17:30:52.492215Z,152.0,424.772,100,1,read,1388.4,1341.2,0,1.8,151.0,453.0,469.8,,,
20260907T172312Z_p4-chaos-dead,cockroachdb,chaos-dead,thesis,01ff85c294945c8138a8326bbe68c7055b3604d1,2026-09-07T17:23:12.645992Z,2026-09-07T17:30:52.495352Z,2026-09-07T17:30:52.492215Z,152.0,424.772,100,1,update,351.1,335.9,0,75.5,704.6,771.8,771.8,,,
20260907T172312Z_p4-chaos-dead,cockroachdb,chaos-dead,thesis,01ff85c294945c8138a8326bbe68c7055b3604d1,2026-09-07T17:23:12.645992Z,2026-09-07T17:30:52.495352Z,2026-09-07T17:30:52.492215Z,153.0,425.771,100,1,read,1362.6,1341.4,0,2.8,151.0,453.0,469.8,,,
20260907T172312Z_p4-chaos-dead,cockroachdb,chaos-dead,thesis,01ff85c294945c8138a8326bbe68c7055b3604d1,2026-09-07T17:23:12.645992Z,2026-09-07T17:30:52.495352Z,2026-09-07T17:30:52.492215Z,153.0,425.771,100,1,update,315.9,335.8,0,79.7,318.8,771.8,805.3,,,
20260907T172312Z_p4-chaos-dead,cockroachdb,chaos-dead,thesis,01ff85c294945c8138a8326bbe68c7055b3604d1,2026-09-07T17:23:12.645992Z,2026-09-07T17:30:52.495352Z,2026-09-07T17:30:52.492215Z,154.0,426.778,100,1,read,1283.2,1341.0,0,2.6,151.0,453.0,469.8,,,
20260907T172312Z_p4-chaos-dead,cockroachdb,chaos-dead,thesis,01ff85c294945c8138a8326bbe68c7055b3604d1,2026-09-07T17:23:12.645992Z,2026-09-07T17:30:52.495352Z,2026-09-07T17:30:52.492215Z,154.0,426.778,100,1,update,345.1,335.8,0,79.7,704.6,771.8,771.8,,,
20260907T172312Z_p4-chaos-dead,cockroachdb,chaos-dead,thesis,01ff85c294945c8138a8326bbe68c7055b3604d1,2026-09-07T17:23:12.645992Z,2026-09-07T17:30:52.495352Z,2026-09-07T17:30:52.492215Z,155.0,427.774,100,1,read,1235.1,1340.3,0,3.8,419.4,469.8,503.3,,,
20260907T172312Z_p4-chaos-dead,cockroachdb,chaos-dead,thesis,01ff85c294945c8138a8326bbe68c7055b3604d1,2026-09-07T17:23:12.645992Z,2026-09-07T17:30:52.495352Z,2026-09-07T17:30:52.492215Z,155.0,427.774,100,1,update,297.0,335.6,0,83.9,704.6,771.8,805.3,,,
20260907T172312Z_p4-chaos-dead,cockroachdb,chaos-dead,thesis,01ff85c294945c8138a8326bbe68c7055b3604d1,2026-09-07T17:23:12.645992Z,2026-09-07T17:30:52.495352Z,2026-09-07T17:30:52.492215Z,156.0,428.777,100,1,read,1275.6,1339.9,0,2.2,151.0,453.0,469.8,,,
20260907T172312Z_p4-chaos-dead,cockroachdb,chaos-dead,thesis,01ff85c294945c8138a8326bbe68c7055b3604d1,2026-09-07T17:23:12.645992Z,2026-09-07T17:30:52.495352Z,2026-09-07T17:30:52.492215Z,156.0,428.777,100,1,update,329.9,335.5,0,75.5,302.0,771.8,771.8,,,
20260907T172312Z_p4-chaos-dead,cockroachdb,chaos-dead,thesis,01ff85c294945c8138a8326bbe68c7055b3604d1,2026-09-07T17:23:12.645992Z,2026-09-07T17:30:52.495352Z,2026-09-07T17:30:52.492215Z,157.0,429.771,100,1,read,1296.7,1339.6,0,2.4,419.4,453.0,469.8,,,
20260907T172312Z_p4-chaos-dead,cockroachdb,chaos-dead,thesis,01ff85c294945c8138a8326bbe68c7055b3604d1,2026-09-07T17:23:12.645992Z,2026-09-07T17:30:52.495352Z,2026-09-07T17:30:52.492215Z,157.0,429.771,100,1,update,323.9,335.5,0,79.7,704.6,771.8,771.8,,,
20260907T172312Z_p4-chaos-dead,cockroachdb,chaos-dead,thesis,01ff85c294945c8138a8326bbe68c7055b3604d1,2026-09-07T17:23:12.645992Z,2026-09-07T17:30:52.495352Z,2026-09-07T17:30:52.492215Z,158.0,430.819,100,1,read,1290.6,1339.3,0,2.6,419.4,453.0,469.8,,,
20260907T172312Z_p4-chaos-dead,cockroachdb,chaos-dead,thesis,01ff85c294945c8138a8326bbe68c7055b3604d1,2026-09-07T17:23:12.645992Z,2026-09-07T17:30:52.495352Z,2026-09-07T17:30:52.492215Z,158.0,430.819,100,1,update,323.2,335.4,0,79.7,302.0,704.6,771.8,,,
20260907T172312Z_p4-chaos-dead,cockroachdb,chaos-dead,thesis,01ff85c294945c8138a8326bbe68c7055b3604d1,2026-09-07T17:23:12.645992Z,2026-09-07T17:30:52.495352Z,2026-09-07T17:30:52.492215Z,159.0,431.772,100,1,read,1380.1,1339.6,0,2.8,159.4,453.0,469.8,,,
20260907T172312Z_p4-chaos-dead,cockroachdb,chaos-dead,thesis,01ff85c294945c8138a8326bbe68c7055b3604d1,2026-09-07T17:23:12.645992Z,2026-09-07T17:30:52.495352Z,2026-09-07T17:30:52.492215Z,159.0,431.772,100,1,update,319.0,335.3,0,79.7,704.6,771.8,771.8,,,
20260907T172312Z_p4-chaos-dead,cockroachdb,chaos-dead,thesis,01ff85c294945c8138a8326bbe68c7055b3604d1,2026-09-07T17:23:12.645992Z,2026-09-07T17:30:52.495352Z,2026-09-07T17:30:52.492215Z,160.0,432.783,100,1,read,1292.7,1339.3,0,2.4,419.4,453.0,469.8,,,
20260907T172312Z_p4-chaos-dead,cockroachdb,chaos-dead,thesis,01ff85c294945c8138a8326bbe68c7055b3604d1,2026-09-07T17:23:12.645992Z,2026-09-07T17:30:52.495352Z,2026-09-07T17:30:52.492215Z,160.0,432.783,100,1,update,325.9,335.2,0,79.7,352.3,771.8,771.8,,,
20260907T172312Z_p4-chaos-dead,cockroachdb,chaos-dead,thesis,01ff85c294945c8138a8326bbe68c7055b3604d1,2026-09-07T17:23:12.645992Z,2026-09-07T17:30:52.495352Z,2026-09-07T17:30:52.492215Z,161.0,433.772,100,1,read,1309.7,1339.1,0,2.2,151.0,453.0,469.8,,,
20260907T172312Z_p4-chaos-dead,cockroachdb,chaos-dead,thesis,01ff85c294945c8138a8326bbe68c7055b3604d1,2026-09-07T17:23:12.645992Z,2026-09-07T17:30:52.495352Z,2026-09-07T17:30:52.492215Z,161.0,433.772,100,1,update,340.9,335.3,0,79.7,302.0,771.8,771.8,,,
20260907T172312Z_p4-chaos-dead,cockroachdb,chaos-dead,thesis,01ff85c294945c8138a8326bbe68c7055b3604d1,2026-09-07T17:23:12.645992Z,2026-09-07T17:30:52.495352Z,2026-09-07T17:30:52.492215Z,162.0,434.772,100,1,read,1361.2,1339.2,0,1.8,142.6,453.0,469.8,,,
20260907T172312Z_p4-chaos-dead,cockroachdb,chaos-dead,thesis,01ff85c294945c8138a8326bbe68c7055b3604d1,2026-09-07T17:23:12.645992Z,2026-09-07T17:30:52.495352Z,2026-09-07T17:30:52.492215Z,162.0,434.772,100,1,update,343.1,335.3,0,75.5,704.6,771.8,771.8,,,
20260907T172312Z_p4-chaos-dead,cockroachdb,chaos-dead,thesis,01ff85c294945c8138a8326bbe68c7055b3604d1,2026-09-07T17:23:12.645992Z,2026-09-07T17:30:52.495352Z,2026-09-07T17:30:52.492215Z,163.0,435.773,100,1,read,1307.1,1339.0,0,2.8,419.4,453.0,469.8,,,
20260907T172312Z_p4-chaos-dead,cockroachdb,chaos-dead,thesis,01ff85c294945c8138a8326bbe68c7055b3604d1,2026-09-07T17:23:12.645992Z,2026-09-07T17:30:52.495352Z,2026-09-07T17:30:52.492215Z,163.0,435.773,100,1,update,317.0,335.2,0,79.7,704.6,771.8,771.8,,,
20260907T172312Z_p4-chaos-dead,cockroachdb,chaos-dead,thesis,01ff85c294945c8138a8326bbe68c7055b3604d1,2026-09-07T17:23:12.645992Z,2026-09-07T17:30:52.495352Z,2026-09-07T17:30:52.492215Z,164.0,436.772,100,1,read,1363.3,1339.2,0,2.2,419.4,453.0,469.8,,,
20260907T172312Z_p4-chaos-dead,cockroachdb,chaos-dead,thesis,01ff85c294945c8138a8326bbe68c7055b3604d1,2026-09-07T17:23:12.645992Z,2026-09-07T17:30:52.495352Z,2026-09-07T17:30:52.492215Z,164.0,436.772,100,1,update,320.1,335.1,0,79.7,419.4,704.6,838.9,,,
20260907T172312Z_p4-chaos-dead,cockroachdb,chaos-dead,thesis,01ff85c294945c8138a8326bbe68c7055b3604d1,2026-09-07T17:23:12.645992Z,2026-09-07T17:30:52.495352Z,2026-09-07T17:30:52.492215Z,165.0,437.771,100,1,read,1290.5,1338.9,0,2.4,419.4,453.0,469.8,,,
20260907T172312Z_p4-chaos-dead,cockroachdb,chaos-dead,thesis,01ff85c294945c8138a8326bbe68c7055b3604d1,2026-09-07T17:23:12.645992Z,2026-09-07T17:30:52.495352Z,2026-09-07T17:30:52.492215Z,165.0,437.771,100,1,update,331.9,335.1,0,79.7,302.0,771.8,771.8,,,
20260907T172312Z_p4-chaos-dead,cockroachdb,chaos-dead,thesis,01ff85c294945c8138a8326bbe68c7055b3604d1,2026-09-07T17:23:12.645992Z,2026-09-07T17:30:52.495352Z,2026-09-07T17:30:52.492215Z,166.0,439.279,100,1,read,1340.3,1338.9,0,1.9,151.0,453.0,469.8,,,
20260907T172312Z_p4-chaos-dead,cockroachdb,chaos-dead,thesis,01ff85c294945c8138a8326bbe68c7055b3604d1,2026-09-07T17:23:12.645992Z,2026-09-07T17:30:52.495352Z,2026-09-07T17:30:52.492215Z,166.0,439.279,100,1,update,337.1,335.1,0,75.5,704.6,771.8,771.8,,,
20260907T172312Z_p4-chaos-dead,cockroachdb,chaos-dead,thesis,01ff85c294945c8138a8326bbe68c7055b3604d1,2026-09-07T17:23:12.645992Z,2026-09-07T17:30:52.495352Z,2026-09-07T17:30:52.492215Z,167.0,439.774,100,1,read,1513.6,1340.0,0,2.0,419.4,453.0,469.8,,,
20260907T172312Z_p4-chaos-dead,cockroachdb,chaos-dead,thesis,01ff85c294945c8138a8326bbe68c7055b3604d1,2026-09-07T17:23:12.645992Z,2026-09-07T17:30:52.495352Z,2026-09-07T17:30:52.492215Z,167.0,439.774,100,1,update,329.1,335.1,0,75.5,302.0,771.8,771.8,,,
20260907T172312Z_p4-chaos-dead,cockroachdb,chaos-dead,thesis,01ff85c294945c8138a8326bbe68c7055b3604d1,2026-09-07T17:23:12.645992Z,2026-09-07T17:30:52.495352Z,2026-09-07T17:30:52.492215Z,168.0,440.866,100,1,read,1262.8,1339.5,0,2.0,419.4,453.0,469.8,,,
20260907T172312Z_p4-chaos-dead,cockroachdb,chaos-dead,thesis,01ff85c294945c8138a8326bbe68c7055b3604d1,2026-09-07T17:23:12.645992Z,2026-09-07T17:30:52.495352Z,2026-09-07T17:30:52.492215Z,168.0,440.866,100,1,update,350.9,335.2,0,75.5,302.0,771.8,771.8,,,
20260907T172312Z_p4-chaos-dead,cockroachdb,chaos-dead,thesis,01ff85c294945c8138a8326bbe68c7055b3604d1,2026-09-07T17:23:12.645992Z,2026-09-07T17:30:52.495352Z,2026-09-07T17:30:52.492215Z,169.0,441.778,100,1,read,1392.0,1339.8,0,1.9,151.0,453.0,469.8,,,
20260907T172312Z_p4-chaos-dead,cockroachdb,chaos-dead,thesis,01ff85c294945c8138a8326bbe68c7055b3604d1,2026-09-07T17:23:12.645992Z,2026-09-07T17:30:52.495352Z,2026-09-07T17:30:52.492215Z,169.0,441.778,100,1,update,333.0,335.1,0,75.5,302.0,771.8,771.8,,,
20260907T172312Z_p4-chaos-dead,cockroachdb,chaos-dead,thesis,01ff85c294945c8138a8326bbe68c7055b3604d1,2026-09-07T17:23:12.645992Z,2026-09-07T17:30:52.495352Z,2026-09-07T17:30:52.492215Z,170.0,442.79,100,1,read,1266.2,1339.4,0,2.8,419.4,453.0,469.8,,,
20260907T172312Z_p4-chaos-dead,cockroachdb,chaos-dead,thesis,01ff85c294945c8138a8326bbe68c7055b3604d1,2026-09-07T17:23:12.645992Z,2026-09-07T17:30:52.495352Z,2026-09-07T17:30:52.492215Z,170.0,442.79,100,1,update,307.0,335.0,0,79.7,318.8,771.8,771.8,,,
20260907T172312Z_p4-chaos-dead,cockroachdb,chaos-dead,thesis,01ff85c294945c8138a8326bbe68c7055b3604d1,2026-09-07T17:23:12.645992Z,2026-09-07T17:30:52.495352Z,2026-09-07T17:30:52.492215Z,171.0,443.777,100,1,read,1084.0,1337.9,0,7.3,419.4,469.8,486.5,,,
20260907T172312Z_p4-chaos-dead,cockroachdb,chaos-dead,thesis,01ff85c294945c8138a8326bbe68c7055b3604d1,2026-09-07T17:23:12.645992Z,2026-09-07T17:30:52.495352Z,2026-09-07T17:30:52.492215Z,171.0,443.777,100,1,update,270.0,334.6,0,92.3,771.8,805.3,805.3,,,
20260907T172312Z_p4-chaos-dead,cockroachdb,chaos-dead,thesis,01ff85c294945c8138a8326bbe68c7055b3604d1,2026-09-07T17:23:12.645992Z,2026-09-07T17:30:52.495352Z,2026-09-07T17:30:52.492215Z,172.0,445.021,100,1,read,1358.0,1338.0,0,2.5,419.4,453.0,469.8,,,
20260907T172312Z_p4-chaos-dead,cockroachdb,chaos-dead,thesis,01ff85c294945c8138a8326bbe68c7055b3604d1,2026-09-07T17:23:12.645992Z,2026-09-07T17:30:52.495352Z,2026-09-07T17:30:52.492215Z,172.0,445.021,100,1,update,308.0,334.4,0,79.7,704.6,771.8,805.3,,,
20260907T172312Z_p4-chaos-dead,cockroachdb,chaos-dead,thesis,01ff85c294945c8138a8326bbe68c7055b3604d1,2026-09-07T17:23:12.645992Z,2026-09-07T17:30:52.495352Z,2026-09-07T17:30:52.492215Z,173.0,445.789,100,1,read,1215.1,1337.3,0,3.1,167.8,453.0,469.8,,,
20260907T172312Z_p4-chaos-dead,cockroachdb,chaos-dead,thesis,01ff85c294945c8138a8326bbe68c7055b3604d1,2026-09-07T17:23:12.645992Z,2026-09-07T17:30:52.495352Z,2026-09-07T17:30:52.492215Z,173.0,445.789,100,1,update,315.0,334.3,0,79.7,318.8,771.8,771.8,,,
20260907T172312Z_p4-chaos-dead,cockroachdb,chaos-dead,thesis,01ff85c294945c8138a8326bbe68c7055b3604d1,2026-09-07T17:23:12.645992Z,2026-09-07T17:30:52.495352Z,2026-09-07T17:30:52.492215Z,174.0,446.816,100,1,read,1350.8,1337.4,0,2.0,335.5,453.0,469.8,,,
20260907T172312Z_p4-chaos-dead,cockroachdb,chaos-dead,thesis,01ff85c294945c8138a8326bbe68c7055b3604d1,2026-09-07T17:23:12.645992Z,2026-09-07T17:30:52.495352Z,2026-09-07T17:30:52.492215Z,174.0,446.816,100,1,update,337.7,334.3,0,75.5,704.6,771.8,805.3,,,
20260907T172312Z_p4-chaos-dead,cockroachdb,chaos-dead,thesis,01ff85c294945c8138a8326bbe68c7055b3604d1,2026-09-07T17:23:12.645992Z,2026-09-07T17:30:52.495352Z,2026-09-07T17:30:52.492215Z,175.0,447.808,100,1,read,1396.6,1337.7,0,2.1,151.0,453.0,469.8,,,
20260907T172312Z_p4-chaos-dead,cockroachdb,chaos-dead,thesis,01ff85c294945c8138a8326bbe68c7055b3604d1,2026-09-07T17:23:12.645992Z,2026-09-07T17:30:52.495352Z,2026-09-07T17:30:52.492215Z,175.0,447.808,100,1,update,335.1,334.4,0,79.7,704.6,771.8,771.8,,,
20260907T172312Z_p4-chaos-dead,cockroachdb,chaos-dead,thesis,01ff85c294945c8138a8326bbe68c7055b3604d1,2026-09-07T17:23:12.645992Z,2026-09-07T17:30:52.495352Z,2026-09-07T17:30:52.492215Z,176.0,448.778,100,1,read,1303.1,1337.5,0,1.8,419.4,453.0,469.8,,,
20260907T172312Z_p4-chaos-dead,cockroachdb,chaos-dead,thesis,01ff85c294945c8138a8326bbe68c7055b3604d1,2026-09-07T17:23:12.645992Z,2026-09-07T17:30:52.495352Z,2026-09-07T17:30:52.492215Z,176.0,448.778,100,1,update,344.0,334.4,0,75.5,302.0,771.8,771.8,,,
20260907T172312Z_p4-chaos-dead,cockroachdb,chaos-dead,thesis,01ff85c294945c8138a8326bbe68c7055b3604d1,2026-09-07T17:23:12.645992Z,2026-09-07T17:30:52.495352Z,2026-09-07T17:30:52.492215Z,177.0,449.773,100,1,read,1400.1,1337.9,0,1.8,151.0,453.0,469.8,,,
20260907T172312Z_p4-chaos-dead,cockroachdb,chaos-dead,thesis,01ff85c294945c8138a8326bbe68c7055b3604d1,2026-09-07T17:23:12.645992Z,2026-09-07T17:30:52.495352Z,2026-09-07T17:30:52.492215Z,177.0,449.773,100,1,update,343.0,334.5,0,75.5,704.6,771.8,771.8,,,
20260907T172312Z_p4-chaos-dead,cockroachdb,chaos-dead,thesis,01ff85c294945c8138a8326bbe68c7055b3604d1,2026-09-07T17:23:12.645992Z,2026-09-07T17:30:52.495352Z,2026-09-07T17:30:52.492215Z,178.0,450.804,100,1,read,1298.7,1337.6,0,1.9,419.4,453.0,469.8,,,
20260907T172312Z_p4-chaos-dead,cockroachdb,chaos-dead,thesis,01ff85c294945c8138a8326bbe68c7055b3604d1,2026-09-07T17:23:12.645992Z,2026-09-07T17:30:52.495352Z,2026-09-07T17:30:52.492215Z,178.0,450.804,100,1,update,333.9,334.5,0,75.5,302.0,771.8,771.8,,,
20260907T172312Z_p4-chaos-dead,cockroachdb,chaos-dead,thesis,01ff85c294945c8138a8326bbe68c7055b3604d1,2026-09-07T17:23:12.645992Z,2026-09-07T17:30:52.495352Z,2026-09-07T17:30:52.492215Z,179.0,451.778,100,1,read,1327.4,1337.6,0,2.2,151.0,453.0,469.8,,,
20260907T172312Z_p4-chaos-dead,cockroachdb,chaos-dead,thesis,01ff85c294945c8138a8326bbe68c7055b3604d1,2026-09-07T17:23:12.645992Z,2026-09-07T17:30:52.495352Z,2026-09-07T17:30:52.492215Z,179.0,451.778,100,1,update,314.1,334.3,0,75.5,704.6,771.8,771.8,,,
20260908T004113Z_p4-chaos-dead,cockroachdb,chaos-dead,thesis,01ff85c294945c8138a8326bbe68c7055b3604d1,2026-09-08T00:41:13.634512Z,2026-09-08T00:45:29.528578Z,2026-09-08T00:45:29.525194Z,1.0,70.276,100,1,read,14.8,975.5,0,56.6,142.6,151.0,167.8,,,
20260908T004113Z_p4-chaos-dead,cockroachdb,chaos-dead,thesis,01ff85c294945c8138a8326bbe68c7055b3604d1,2026-09-08T00:41:13.634512Z,2026-09-08T00:45:29.528578Z,2026-09-08T00:45:29.525194Z,1.0,70.276,100,1,update,3.0,194.9,0,167.8,218.1,251.7,251.7,,,
20260908T004113Z_p4-chaos-dead,cockroachdb,chaos-dead,thesis,01ff85c294945c8138a8326bbe68c7055b3604d1,2026-09-08T00:41:13.634512Z,2026-09-08T00:45:29.528578Z,2026-09-08T00:45:29.525194Z,2.0,71.277,100,1,read,930.0,952.7,0,60.8,100.7,117.4,125.8,,,
20260908T004113Z_p4-chaos-dead,cockroachdb,chaos-dead,thesis,01ff85c294945c8138a8326bbe68c7055b3604d1,2026-09-08T00:41:13.634512Z,2026-09-08T00:45:29.528578Z,2026-09-08T00:45:29.525194Z,2.0,71.277,100,1,update,226.0,210.4,0,167.8,218.1,243.3,251.7,,,
20260908T004113Z_p4-chaos-dead,cockroachdb,chaos-dead,thesis,01ff85c294945c8138a8326bbe68c7055b3604d1,2026-09-08T00:41:13.634512Z,2026-09-08T00:45:29.528578Z,2026-09-08T00:45:29.525194Z,3.0,72.276,100,1,read,751.3,885.6,0,71.3,130.0,142.6,167.8,,,
20260908T004113Z_p4-chaos-dead,cockroachdb,chaos-dead,thesis,01ff85c294945c8138a8326bbe68c7055b3604d1,2026-09-08T00:41:13.634512Z,2026-09-08T00:45:29.528578Z,2026-09-08T00:45:29.525194Z,3.0,72.276,100,1,update,192.1,204.3,0,201.3,285.2,335.5,335.5,,,
20260908T004113Z_p4-chaos-dead,cockroachdb,chaos-dead,thesis,01ff85c294945c8138a8326bbe68c7055b3604d1,2026-09-08T00:41:13.634512Z,2026-09-08T00:45:29.528578Z,2026-09-08T00:45:29.525194Z,4.0,73.277,100,1,read,738.7,848.9,0,83.9,109.1,117.4,130.0,,,
20260908T004113Z_p4-chaos-dead,cockroachdb,chaos-dead,thesis,01ff85c294945c8138a8326bbe68c7055b3604d1,2026-09-08T00:41:13.634512Z,2026-09-08T00:45:29.528578Z,2026-09-08T00:45:29.525194Z,4.0,73.277,100,1,update,175.9,197.2,0,209.7,251.7,285.2,285.2,,,
20260908T004113Z_p4-chaos-dead,cockroachdb,chaos-dead,thesis,01ff85c294945c8138a8326bbe68c7055b3604d1,2026-09-08T00:41:13.634512Z,2026-09-08T00:45:29.528578Z,2026-09-08T00:45:29.525194Z,5.0,74.286,100,1,read,996.2,878.4,0,58.7,75.5,83.9,88.1,,,
20260908T004113Z_p4-chaos-dead,cockroachdb,chaos-dead,thesis,01ff85c294945c8138a8326bbe68c7055b3604d1,2026-09-08T00:41:13.634512Z,2026-09-08T00:45:29.528578Z,2026-09-08T00:45:29.525194Z,5.0,74.286,100,1,update,258.1,209.4,0,167.8,192.9,218.1,226.5,,,
20260908T004113Z_p4-chaos-dead,cockroachdb,chaos-dead,thesis,01ff85c294945c8138a8326bbe68c7055b3604d1,2026-09-08T00:41:13.634512Z,2026-09-08T00:45:29.528578Z,2026-09-08T00:45:29.525194Z,6.0,75.277,100,1,read,897.3,881.5,0,60.8,100.7,113.2,117.4,,,
20260908T004113Z_p4-chaos-dead,cockroachdb,chaos-dead,thesis,01ff85c294945c8138a8326bbe68c7055b3604d1,2026-09-08T00:41:13.634512Z,2026-09-08T00:45:29.528578Z,2026-09-08T00:45:29.525194Z,6.0,75.277,100,1,update,250.8,216.3,0,167.8,218.1,226.5,234.9,,,
20260908T004113Z_p4-chaos-dead,cockroachdb,chaos-dead,thesis,01ff85c294945c8138a8326bbe68c7055b3604d1,2026-09-08T00:41:13.634512Z,2026-09-08T00:45:29.528578Z,2026-09-08T00:45:29.525194Z,7.0,76.277,100,1,read,1050.5,905.6,0,56.6,67.1,75.5,79.7,,,
20260908T004113Z_p4-chaos-dead,cockroachdb,chaos-dead,thesis,01ff85c294945c8138a8326bbe68c7055b3604d1,2026-09-08T00:41:13.634512Z,2026-09-08T00:45:29.528578Z,2026-09-08T00:45:29.525194Z,7.0,76.277,100,1,update,256.1,222.0,0,159.4,176.2,176.2,184.5,,,
20260908T004113Z_p4-chaos-dead,cockroachdb,chaos-dead,thesis,01ff85c294945c8138a8326bbe68c7055b3604d1,2026-09-08T00:41:13.634512Z,2026-09-08T00:45:29.528578Z,2026-09-08T00:45:29.525194Z,8.0,77.277,100,1,read,883.3,902.8,0,58.7,79.7,104.9,117.4,,,
20260908T004113Z_p4-chaos-dead,cockroachdb,chaos-dead,thesis,01ff85c294945c8138a8326bbe68c7055b3604d1,2026-09-08T00:41:13.634512Z,2026-09-08T00:45:29.528578Z,2026-09-08T00:45:29.525194Z,8.0,77.277,100,1,update,277.1,228.9,0,159.4,184.5,201.3,218.1,,,
20260908T004113Z_p4-chaos-dead,cockroachdb,chaos-dead,thesis,01ff85c294945c8138a8326bbe68c7055b3604d1,2026-09-08T00:41:13.634512Z,2026-09-08T00:45:29.528578Z,2026-09-08T00:45:29.525194Z,9.0,78.277,100,1,read,1048.9,919.1,0,60.8,71.3,79.7,83.9,,,
20260908T004113Z_p4-chaos-dead,cockroachdb,chaos-dead,thesis,01ff85c294945c8138a8326bbe68c7055b3604d1,2026-09-08T00:41:13.634512Z,2026-09-08T00:45:29.528578Z,2026-09-08T00:45:29.525194Z,9.0,78.277,100,1,update,244.0,230.5,0,167.8,209.7,218.1,226.5,,,
20260908T004113Z_p4-chaos-dead,cockroachdb,chaos-dead,thesis,01ff85c294945c8138a8326bbe68c7055b3604d1,2026-09-08T00:41:13.634512Z,2026-09-08T00:45:29.528578Z,2026-09-08T00:45:29.525194Z,10.0,79.277,100,1,read,1049.0,932.1,0,56.6,67.1,75.5,92.3,,,
20260908T004113Z_p4-chaos-dead,cockroachdb,chaos-dead,thesis,01ff85c294945c8138a8326bbe68c7055b3604d1,2026-09-08T00:41:13.634512Z,2026-09-08T00:45:29.528578Z,2026-09-08T00:45:29.525194Z,10.0,79.277,100,1,update,241.0,231.6,0,159.4,176.2,184.5,184.5,,,
20260908T004113Z_p4-chaos-dead,cockroachdb,chaos-dead,thesis,01ff85c294945c8138a8326bbe68c7055b3604d1,2026-09-08T00:41:13.634512Z,2026-09-08T00:45:29.528578Z,2026-09-08T00:45:29.525194Z,11.0,80.278,100,1,read,904.0,929.5,0,58.7,83.9,92.3,121.6,,,
20260908T004113Z_p4-chaos-dead,cockroachdb,chaos-dead,thesis,01ff85c294945c8138a8326bbe68c7055b3604d1,2026-09-08T00:41:13.634512Z,2026-09-08T00:45:29.528578Z,2026-09-08T00:45:29.525194Z,11.0,80.278,100,1,update,270.0,235.1,0,167.8,192.9,201.3,226.5,,,
20260908T004113Z_p4-chaos-dead,cockroachdb,chaos-dead,thesis,01ff85c294945c8138a8326bbe68c7055b3604d1,2026-09-08T00:41:13.634512Z,2026-09-08T00:45:29.528578Z,2026-09-08T00:45:29.525194Z,12.0,81.277,100,1,read,931.2,929.7,0,58.7,75.5,83.9,92.3,,,
20260908T004113Z_p4-chaos-dead,cockroachdb,chaos-dead,thesis,01ff85c294945c8138a8326bbe68c7055b3604d1,2026-09-08T00:41:13.634512Z,2026-09-08T00:45:29.528578Z,2026-09-08T00:45:29.525194Z,12.0,81.277,100,1,update,271.1,238.1,0,167.8,184.5,192.9,201.3,,,
20260908T004113Z_p4-chaos-dead,cockroachdb,chaos-dead,thesis,01ff85c294945c8138a8326bbe68c7055b3604d1,2026-09-08T00:41:13.634512Z,2026-09-08T00:45:29.528578Z,2026-09-08T00:45:29.525194Z,13.0,82.277,100,1,read,938.8,930.4,0,60.8,92.3,109.1,113.2,,,
20260908T004113Z_p4-chaos-dead,cockroachdb,chaos-dead,thesis,01ff85c294945c8138a8326bbe68c7055b3604d1,2026-09-08T00:41:13.634512Z,2026-09-08T00:45:29.528578Z,2026-09-08T00:45:29.525194Z,13.0,82.277,100,1,update,238.9,238.1,0,167.8,218.1,226.5,234.9,,,
20260908T004113Z_p4-chaos-dead,cockroachdb,chaos-dead,thesis,01ff85c294945c8138a8326bbe68c7055b3604d1,2026-09-08T00:41:13.634512Z,2026-09-08T00:45:29.528578Z,2026-09-08T00:45:29.525194Z,14.0,83.277,100,1,read,916.0,929.3,0,62.9,100.7,109.1,113.2,,,
20260908T004113Z_p4-chaos-dead,cockroachdb,chaos-dead,thesis,01ff85c294945c8138a8326bbe68c7055b3604d1,2026-09-08T00:41:13.634512Z,2026-09-08T00:45:29.528578Z,2026-09-08T00:45:29.525194Z,14.0,83.277,100,1,update,217.0,236.6,0,176.2,243.3,260.0,285.2,,,
20260908T004113Z_p4-chaos-dead,cockroachdb,chaos-dead,thesis,01ff85c294945c8138a8326bbe68c7055b3604d1,2026-09-08T00:41:13.634512Z,2026-09-08T00:45:29.528578Z,2026-09-08T00:45:29.525194Z,15.0,84.277,100,1,read,1045.9,937.1,0,56.6,71.3,79.7,88.1,,,
20260908T004113Z_p4-chaos-dead,cockroachdb,chaos-dead,thesis,01ff85c294945c8138a8326bbe68c7055b3604d1,2026-09-08T00:41:13.634512Z,2026-09-08T00:45:29.528578Z,2026-09-08T00:45:29.525194Z,15.0,84.277,100,1,update,248.0,237.4,0,159.4,176.2,184.5,192.9,,,
20260908T004113Z_p4-chaos-dead,cockroachdb,chaos-dead,thesis,01ff85c294945c8138a8326bbe68c7055b3604d1,2026-09-08T00:41:13.634512Z,2026-09-08T00:45:29.528578Z,2026-09-08T00:45:29.525194Z,16.0,85.277,100,1,read,1066.4,945.2,0,56.6,67.1,71.3,79.7,,,
20260908T004113Z_p4-chaos-dead,cockroachdb,chaos-dead,thesis,01ff85c294945c8138a8326bbe68c7055b3604d1,2026-09-08T00:41:13.634512Z,2026-09-08T00:45:29.528578Z,2026-09-08T00:45:29.525194Z,16.0,85.277,100,1,update,255.9,238.5,0,159.4,176.2,184.5,184.5,,,
20260908T004113Z_p4-chaos-dead,cockroachdb,chaos-dead,thesis,01ff85c294945c8138a8326bbe68c7055b3604d1,2026-09-08T00:41:13.634512Z,2026-09-08T00:45:29.528578Z,2026-09-08T00:45:29.525194Z,17.0,86.283,100,1,read,1070.1,952.6,0,56.6,71.3,83.9,88.1,,,
20260908T004113Z_p4-chaos-dead,cockroachdb,chaos-dead,thesis,01ff85c294945c8138a8326bbe68c7055b3604d1,2026-09-08T00:41:13.634512Z,2026-09-08T00:45:29.528578Z,2026-09-08T00:45:29.525194Z,17.0,86.283,100,1,update,245.0,238.9,0,159.4,184.5,192.9,201.3,,,
20260908T004113Z_p4-chaos-dead,cockroachdb,chaos-dead,thesis,01ff85c294945c8138a8326bbe68c7055b3604d1,2026-09-08T00:41:13.634512Z,2026-09-08T00:45:29.528578Z,2026-09-08T00:45:29.525194Z,18.0,87.277,100,1,read,916.4,950.5,0,58.7,92.3,100.7,104.9,,,
20260908T004113Z_p4-chaos-dead,cockroachdb,chaos-dead,thesis,01ff85c294945c8138a8326bbe68c7055b3604d1,2026-09-08T00:41:13.634512Z,2026-09-08T00:45:29.528578Z,2026-09-08T00:45:29.525194Z,18.0,87.277,100,1,update,236.1,238.8,0,167.8,201.3,209.7,218.1,,,
20260908T004113Z_p4-chaos-dead,cockroachdb,chaos-dead,thesis,01ff85c294945c8138a8326bbe68c7055b3604d1,2026-09-08T00:41:13.634512Z,2026-09-08T00:45:29.528578Z,2026-09-08T00:45:29.525194Z,19.0,88.276,100,1,read,966.0,951.3,0,60.8,75.5,79.7,83.9,,,
20260908T004113Z_p4-chaos-dead,cockroachdb,chaos-dead,thesis,01ff85c294945c8138a8326bbe68c7055b3604d1,2026-09-08T00:41:13.634512Z,2026-09-08T00:45:29.528578Z,2026-09-08T00:45:29.525194Z,19.0,88.276,100,1,update,254.0,239.6,0,159.4,184.5,192.9,192.9,,,
20260908T004113Z_p4-chaos-dead,cockroachdb,chaos-dead,thesis,01ff85c294945c8138a8326bbe68c7055b3604d1,2026-09-08T00:41:13.634512Z,2026-09-08T00:45:29.528578Z,2026-09-08T00:45:29.525194Z,20.0,89.284,100,1,read,916.6,949.6,0,67.1,83.9,92.3,92.3,,,
20260908T004113Z_p4-chaos-dead,cockroachdb,chaos-dead,thesis,01ff85c294945c8138a8326bbe68c7055b3604d1,2026-09-08T00:41:13.634512Z,2026-09-08T00:45:29.528578Z,2026-09-08T00:45:29.525194Z,20.0,89.284,100,1,update,217.9,238.5,0,176.2,192.9,201.3,201.3,,,
20260908T004113Z_p4-chaos-dead,cockroachdb,chaos-dead,thesis,01ff85c294945c8138a8326bbe68c7055b3604d1,2026-09-08T00:41:13.634512Z,2026-09-08T00:45:29.528578Z,2026-09-08T00:45:29.525194Z,21.0,90.284,100,1,read,909.8,947.7,0,65.0,96.5,113.2,121.6,,,
20260908T004113Z_p4-chaos-dead,cockroachdb,chaos-dead,thesis,01ff85c294945c8138a8326bbe68c7055b3604d1,2026-09-08T00:41:13.634512Z,2026-09-08T00:45:29.528578Z,2026-09-08T00:45:29.525194Z,21.0,90.284,100,1,update,227.0,237.9,0,176.2,218.1,226.5,234.9,,,
20260908T004113Z_p4-chaos-dead,cockroachdb,chaos-dead,thesis,01ff85c294945c8138a8326bbe68c7055b3604d1,2026-09-08T00:41:13.634512Z,2026-09-08T00:45:29.528578Z,2026-09-08T00:45:29.525194Z,22.0,91.277,100,1,read,1033.0,951.6,0,54.5,75.5,83.9,88.1,,,
20260908T004113Z_p4-chaos-dead,cockroachdb,chaos-dead,thesis,01ff85c294945c8138a8326bbe68c7055b3604d1,2026-09-08T00:41:13.634512Z,2026-09-08T00:45:29.528578Z,2026-09-08T00:45:29.525194Z,22.0,91.277,100,1,update,261.0,239.0,0,159.4,184.5,192.9,201.3,,,
20260908T004113Z_p4-chaos-dead,cockroachdb,chaos-dead,thesis,01ff85c294945c8138a8326bbe68c7055b3604d1,2026-09-08T00:41:13.634512Z,2026-09-08T00:45:29.528578Z,2026-09-08T00:45:29.525194Z,23.0,92.276,100,1,read,879.4,948.5,0,62.9,88.1,104.9,113.2,,,
20260908T004113Z_p4-chaos-dead,cockroachdb,chaos-dead,thesis,01ff85c294945c8138a8326bbe68c7055b3604d1,2026-09-08T00:41:13.634512Z,2026-09-08T00:45:29.528578Z,2026-09-08T00:45:29.525194Z,23.0,92.276,100,1,update,253.1,239.6,0,167.8,201.3,209.7,218.1,,,
20260908T004113Z_p4-chaos-dead,cockroachdb,chaos-dead,thesis,01ff85c294945c8138a8326bbe68c7055b3604d1,2026-09-08T00:41:13.634512Z,2026-09-08T00:45:29.528578Z,2026-09-08T00:45:29.525194Z,24.0,93.277,100,1,read,860.3,944.8,0,65.0,88.1,96.5,100.7,,,
20260908T004113Z_p4-chaos-dead,cockroachdb,chaos-dead,thesis,01ff85c294945c8138a8326bbe68c7055b3604d1,2026-09-08T00:41:13.634512Z,2026-09-08T00:45:29.528578Z,2026-09-08T00:45:29.525194Z,24.0,93.277,100,1,update,260.8,240.5,0,176.2,201.3,201.3,209.7,,,
20260908T004113Z_p4-chaos-dead,cockroachdb,chaos-dead,thesis,01ff85c294945c8138a8326bbe68c7055b3604d1,2026-09-08T00:41:13.634512Z,2026-09-08T00:45:29.528578Z,2026-09-08T00:45:29.525194Z,25.0,94.276,100,1,read,1022.9,947.9,0,58.7,75.5,88.1,117.4,,,
20260908T004113Z_p4-chaos-dead,cockroachdb,chaos-dead,thesis,01ff85c294945c8138a8326bbe68c7055b3604d1,2026-09-08T00:41:13.634512Z,2026-09-08T00:45:29.528578Z,2026-09-08T00:45:29.525194Z,25.0,94.276,100,1,update,240.2,240.5,0,159.4,184.5,201.3,201.3,,,
20260908T004113Z_p4-chaos-dead,cockroachdb,chaos-dead,thesis,01ff85c294945c8138a8326bbe68c7055b3604d1,2026-09-08T00:41:13.634512Z,2026-09-08T00:45:29.528578Z,2026-09-08T00:45:29.525194Z,26.0,95.277,100,1,read,1084.1,953.1,0,54.5,62.9,67.1,75.5,,,
20260908T004113Z_p4-chaos-dead,cockroachdb,chaos-dead,thesis,01ff85c294945c8138a8326bbe68c7055b3604d1,2026-09-08T00:41:13.634512Z,2026-09-08T00:45:29.528578Z,2026-09-08T00:45:29.525194Z,26.0,95.277,100,1,update,263.0,241.3,0,159.4,167.8,176.2,176.2,,,
20260908T004113Z_p4-chaos-dead,cockroachdb,chaos-dead,thesis,01ff85c294945c8138a8326bbe68c7055b3604d1,2026-09-08T00:41:13.634512Z,2026-09-08T00:45:29.528578Z,2026-09-08T00:45:29.525194Z,27.0,96.277,100,1,read,1031.2,956.0,0,56.6,83.9,100.7,113.2,,,
20260908T004113Z_p4-chaos-dead,cockroachdb,chaos-dead,thesis,01ff85c294945c8138a8326bbe68c7055b3604d1,2026-09-08T00:41:13.634512Z,2026-09-08T00:45:29.528578Z,2026-09-08T00:45:29.525194Z,27.0,96.277,100,1,update,242.0,241.4,0,159.4,192.9,201.3,209.7,,,
20260908T004113Z_p4-chaos-dead,cockroachdb,chaos-dead,thesis,01ff85c294945c8138a8326bbe68c7055b3604d1,2026-09-08T00:41:13.634512Z,2026-09-08T00:45:29.528578Z,2026-09-08T00:45:29.525194Z,28.0,97.277,100,1,read,1050.0,959.4,0,56.6,65.0,71.3,75.5,,,
20260908T004113Z_p4-chaos-dead,cockroachdb,chaos-dead,thesis,01ff85c294945c8138a8326bbe68c7055b3604d1,2026-09-08T00:41:13.634512Z,2026-09-08T00:45:29.528578Z,2026-09-08T00:45:29.525194Z,28.0,97.277,100,1,update,262.0,242.1,0,159.4,167.8,167.8,176.2,,,
20260908T004113Z_p4-chaos-dead,cockroachdb,chaos-dead,thesis,01ff85c294945c8138a8326bbe68c7055b3604d1,2026-09-08T00:41:13.634512Z,2026-09-08T00:45:29.528578Z,2026-09-08T00:45:29.525194Z,29.0,98.277,100,1,read,1004.3,960.9,0,56.6,75.5,96.5,104.9,,,
20260908T004113Z_p4-chaos-dead,cockroachdb,chaos-dead,thesis,01ff85c294945c8138a8326bbe68c7055b3604d1,2026-09-08T00:41:13.634512Z,2026-09-08T00:45:29.528578Z,2026-09-08T00:45:29.525194Z,29.0,98.277,100,1,update,258.8,242.7,0,159.4,176.2,184.5,184.5,,,
20260908T004113Z_p4-chaos-dead,cockroachdb,chaos-dead,thesis,01ff85c294945c8138a8326bbe68c7055b3604d1,2026-09-08T00:41:13.634512Z,2026-09-08T00:45:29.528578Z,2026-09-08T00:45:29.525194Z,30.0,99.277,100,1,read,1013.3,962.7,0,58.7,79.7,88.1,100.7,,,
20260908T004113Z_p4-chaos-dead,cockroachdb,chaos-dead,thesis,01ff85c294945c8138a8326bbe68c7055b3604d1,2026-09-08T00:41:13.634512Z,2026-09-08T00:45:29.528578Z,2026-09-08T00:45:29.525194Z,30.0,99.277,100,1,update,236.1,242.5,0,159.4,226.5,243.3,251.7,,,
20260908T004113Z_p4-chaos-dead,cockroachdb,chaos-dead,thesis,01ff85c294945c8138a8326bbe68c7055b3604d1,2026-09-08T00:41:13.634512Z,2026-09-08T00:45:29.528578Z,2026-09-08T00:45:29.525194Z,31.0,100.278,100,1,read,1098.5,967.1,0,56.6,67.1,75.5,79.7,,,
20260908T004113Z_p4-chaos-dead,cockroachdb,chaos-dead,thesis,01ff85c294945c8138a8326bbe68c7055b3604d1,2026-09-08T00:41:13.634512Z,2026-09-08T00:45:29.528578Z,2026-09-08T00:45:29.525194Z,31.0,100.278,100,1,update,240.1,242.4,0,159.4,192.9,234.9,243.3,,,
20260908T004113Z_p4-chaos-dead,cockroachdb,chaos-dead,thesis,01ff85c294945c8138a8326bbe68c7055b3604d1,2026-09-08T00:41:13.634512Z,2026-09-08T00:45:29.528578Z,2026-09-08T00:45:29.525194Z,32.0,101.277,100,1,read,968.0,967.1,0,60.8,83.9,92.3,113.2,,,
20260908T004113Z_p4-chaos-dead,cockroachdb,chaos-dead,thesis,01ff85c294945c8138a8326bbe68c7055b3604d1,2026-09-08T00:41:13.634512Z,2026-09-08T00:45:29.528578Z,2026-09-08T00:45:29.525194Z,32.0,101.277,100,1,update,233.0,242.1,0,167.8,201.3,209.7,209.7,,,
20260908T004113Z_p4-chaos-dead,cockroachdb,chaos-dead,thesis,01ff85c294945c8138a8326bbe68c7055b3604d1,2026-09-08T00:41:13.634512Z,2026-09-08T00:45:29.528578Z,2026-09-08T00:45:29.525194Z,33.0,102.277,100,1,read,931.1,966.0,0,62.9,83.9,88.1,96.5,,,
20260908T004113Z_p4-chaos-dead,cockroachdb,chaos-dead,thesis,01ff85c294945c8138a8326bbe68c7055b3604d1,2026-09-08T00:41:13.634512Z,2026-09-08T00:45:29.528578Z,2026-09-08T00:45:29.525194Z,33.0,102.277,100,1,update,241.0,242.1,0,167.8,192.9,218.1,218.1,,,
20260908T004113Z_p4-chaos-dead,cockroachdb,chaos-dead,thesis,01ff85c294945c8138a8326bbe68c7055b3604d1,2026-09-08T00:41:13.634512Z,2026-09-08T00:45:29.528578Z,2026-09-08T00:45:29.525194Z,34.0,103.277,100,1,read,920.7,964.7,0,62.9,83.9,92.3,100.7,,,
20260908T004113Z_p4-chaos-dead,cockroachdb,chaos-dead,thesis,01ff85c294945c8138a8326bbe68c7055b3604d1,2026-09-08T00:41:13.634512Z,2026-09-08T00:45:29.528578Z,2026-09-08T00:45:29.525194Z,34.0,103.277,100,1,update,240.9,242.0,0,167.8,201.3,209.7,209.7,,,
20260908T004113Z_p4-chaos-dead,cockroachdb,chaos-dead,thesis,01ff85c294945c8138a8326bbe68c7055b3604d1,2026-09-08T00:41:13.634512Z,2026-09-08T00:45:29.528578Z,2026-09-08T00:45:29.525194Z,35.0,104.278,100,1,read,1014.3,966.1,0,60.8,71.3,75.5,79.7,,,
20260908T004113Z_p4-chaos-dead,cockroachdb,chaos-dead,thesis,01ff85c294945c8138a8326bbe68c7055b3604d1,2026-09-08T00:41:13.634512Z,2026-09-08T00:45:29.528578Z,2026-09-08T00:45:29.525194Z,35.0,104.278,100,1,update,252.1,242.3,0,167.8,184.5,184.5,192.9,,,
20260908T004113Z_p4-chaos-dead,cockroachdb,chaos-dead,thesis,01ff85c294945c8138a8326bbe68c7055b3604d1,2026-09-08T00:41:13.634512Z,2026-09-08T00:45:29.528578Z,2026-09-08T00:45:29.525194Z,36.0,105.277,100,1,read,831.6,962.4,0,67.1,109.1,113.2,117.4,,,
20260908T004113Z_p4-chaos-dead,cockroachdb,chaos-dead,thesis,01ff85c294945c8138a8326bbe68c7055b3604d1,2026-09-08T00:41:13.634512Z,2026-09-08T00:45:29.528578Z,2026-09-08T00:45:29.525194Z,36.0,105.277,100,1,update,213.9,241.5,0,176.2,226.5,234.9,243.3,,,
20260908T004113Z_p4-chaos-dead,cockroachdb,chaos-dead,thesis,01ff85c294945c8138a8326bbe68c7055b3604d1,2026-09-08T00:41:13.634512Z,2026-09-08T00:45:29.528578Z,2026-09-08T00:45:29.525194Z,37.0,106.277,100,1,read,944.3,961.9,0,58.7,71.3,75.5,79.7,,,
20260908T004113Z_p4-chaos-dead,cockroachdb,chaos-dead,thesis,01ff85c294945c8138a8326bbe68c7055b3604d1,2026-09-08T00:41:13.634512Z,2026-09-08T00:45:29.528578Z,2026-09-08T00:45:29.525194Z,37.0,106.277,100,1,update,285.1,242.7,0,159.4,184.5,192.9,192.9,,,
20260908T004113Z_p4-chaos-dead,cockroachdb,chaos-dead,thesis,01ff85c294945c8138a8326bbe68c7055b3604d1,2026-09-08T00:41:13.634512Z,2026-09-08T00:45:29.528578Z,2026-09-08T00:45:29.525194Z,38.0,107.278,100,1,read,1014.7,963.2,0,58.7,67.1,75.5,75.5,,,
20260908T004113Z_p4-chaos-dead,cockroachdb,chaos-dead,thesis,01ff85c294945c8138a8326bbe68c7055b3604d1,2026-09-08T00:41:13.634512Z,2026-09-08T00:45:29.528578Z,2026-09-08T00:45:29.525194Z,38.0,107.278,100,1,update,261.9,243.2,0,159.4,176.2,184.5,192.9,,,
20260908T004113Z_p4-chaos-dead,cockroachdb,chaos-dead,thesis,01ff85c294945c8138a8326bbe68c7055b3604d1,2026-09-08T00:41:13.634512Z,2026-09-08T00:45:29.528578Z,2026-09-08T00:45:29.525194Z,39.0,108.285,100,1,read,990.4,963.9,0,54.5,71.3,79.7,96.5,,,
20260908T004113Z_p4-chaos-dead,cockroachdb,chaos-dead,thesis,01ff85c294945c8138a8326bbe68c7055b3604d1,2026-09-08T00:41:13.634512Z,2026-09-08T00:45:29.528578Z,2026-09-08T00:45:29.525194Z,39.0,108.285,100,1,update,285.1,244.3,0,159.4,176.2,176.2,184.5,,,
20260908T004113Z_p4-chaos-dead,cockroachdb,chaos-dead,thesis,01ff85c294945c8138a8326bbe68c7055b3604d1,2026-09-08T00:41:13.634512Z,2026-09-08T00:45:29.528578Z,2026-09-08T00:45:29.525194Z,40.0,109.277,100,1,read,1068.9,966.6,0,56.6,67.1,71.3,79.7,,,
20260908T004113Z_p4-chaos-dead,cockroachdb,chaos-dead,thesis,01ff85c294945c8138a8326bbe68c7055b3604d1,2026-09-08T00:41:13.634512Z,2026-09-08T00:45:29.528578Z,2026-09-08T00:45:29.525194Z,40.0,109.277,100,1,update,250.0,244.4,0,159.4,184.5,192.9,201.3,,,
20260908T004113Z_p4-chaos-dead,cockroachdb,chaos-dead,thesis,01ff85c294945c8138a8326bbe68c7055b3604d1,2026-09-08T00:41:13.634512Z,2026-09-08T00:45:29.528578Z,2026-09-08T00:45:29.525194Z,41.0,110.278,100,1,read,971.9,966.7,0,58.7,75.5,92.3,104.9,,,
20260908T004113Z_p4-chaos-dead,cockroachdb,chaos-dead,thesis,01ff85c294945c8138a8326bbe68c7055b3604d1,2026-09-08T00:41:13.634512Z,2026-09-08T00:45:29.528578Z,2026-09-08T00:45:29.525194Z,41.0,110.278,100,1,update,266.0,244.9,0,159.4,192.9,201.3,209.7,,,
20260908T004113Z_p4-chaos-dead,cockroachdb,chaos-dead,thesis,01ff85c294945c8138a8326bbe68c7055b3604d1,2026-09-08T00:41:13.634512Z,2026-09-08T00:45:29.528578Z,2026-09-08T00:45:29.525194Z,42.0,111.278,100,1,read,1010.1,967.7,0,58.7,71.3,83.9,151.0,,,
20260908T004113Z_p4-chaos-dead,cockroachdb,chaos-dead,thesis,01ff85c294945c8138a8326bbe68c7055b3604d1,2026-09-08T00:41:13.634512Z,2026-09-08T00:45:29.528578Z,2026-09-08T00:45:29.525194Z,42.0,111.278,100,1,update,254.0,245.2,0,159.4,184.5,201.3,209.7,,,
20260908T004113Z_p4-chaos-dead,cockroachdb,chaos-dead,thesis,01ff85c294945c8138a8326bbe68c7055b3604d1,2026-09-08T00:41:13.634512Z,2026-09-08T00:45:29.528578Z,2026-09-08T00:45:29.525194Z,43.0,112.278,100,1,read,1014.0,968.8,0,56.6,71.3,88.1,92.3,,,
20260908T004113Z_p4-chaos-dead,cockroachdb,chaos-dead,thesis,01ff85c294945c8138a8326bbe68c7055b3604d1,2026-09-08T00:41:13.634512Z,2026-09-08T00:45:29.528578Z,2026-09-08T00:45:29.525194Z,43.0,112.278,100,1,update,262.0,245.6,0,159.4,184.5,209.7,218.1,,,
20260908T004113Z_p4-chaos-dead,cockroachdb,chaos-dead,thesis,01ff85c294945c8138a8326bbe68c7055b3604d1,2026-09-08T00:41:13.634512Z,2026-09-08T00:45:29.528578Z,2026-09-08T00:45:29.525194Z,44.0,113.277,100,1,read,996.7,969.4,0,58.7,67.1,79.7,83.9,,,
20260908T004113Z_p4-chaos-dead,cockroachdb,chaos-dead,thesis,01ff85c294945c8138a8326bbe68c7055b3604d1,2026-09-08T00:41:13.634512Z,2026-09-08T00:45:29.528578Z,2026-09-08T00:45:29.525194Z,44.0,113.277,100,1,update,262.9,246.0,0,159.4,176.2,184.5,184.5,,,
20260908T004113Z_p4-chaos-dead,cockroachdb,chaos-dead,thesis,01ff85c294945c8138a8326bbe68c7055b3604d1,2026-09-08T00:41:13.634512Z,2026-09-08T00:45:29.528578Z,2026-09-08T00:45:29.525194Z,45.0,114.278,100,1,read,1070.9,971.7,0,56.6,62.9,65.0,71.3,,,
20260908T004113Z_p4-chaos-dead,cockroachdb,chaos-dead,thesis,01ff85c294945c8138a8326bbe68c7055b3604d1,2026-09-08T00:41:13.634512Z,2026-09-08T00:45:29.528578Z,2026-09-08T00:45:29.525194Z,45.0,114.278,100,1,update,267.0,246.4,0,159.4,167.8,167.8,167.8,,,
20260908T004113Z_p4-chaos-dead,cockroachdb,chaos-dead,thesis,01ff85c294945c8138a8326bbe68c7055b3604d1,2026-09-08T00:41:13.634512Z,2026-09-08T00:45:29.528578Z,2026-09-08T00:45:29.525194Z,46.0,115.277,100,1,read,1048.1,973.4,0,56.6,67.1,75.5,88.1,,,
20260908T004113Z_p4-chaos-dead,cockroachdb,chaos-dead,thesis,01ff85c294945c8138a8326bbe68c7055b3604d1,2026-09-08T00:41:13.634512Z,2026-09-08T00:45:29.528578Z,2026-09-08T00:45:29.525194Z,46.0,115.277,100,1,update,251.0,246.5,0,159.4,176.2,184.5,184.5,,,
20260908T004113Z_p4-chaos-dead,cockroachdb,chaos-dead,thesis,01ff85c294945c8138a8326bbe68c7055b3604d1,2026-09-08T00:41:13.634512Z,2026-09-08T00:45:29.528578Z,2026-09-08T00:45:29.525194Z,47.0,116.277,100,1,read,1033.1,974.6,0,56.6,67.1,75.5,79.7,,,
20260908T004113Z_p4-chaos-dead,cockroachdb,chaos-dead,thesis,01ff85c294945c8138a8326bbe68c7055b3604d1,2026-09-08T00:41:13.634512Z,2026-09-08T00:45:29.528578Z,2026-09-08T00:45:29.525194Z,47.0,116.277,100,1,update,270.0,247.0,0,159.4,176.2,176.2,192.9,,,
20260908T004113Z_p4-chaos-dead,cockroachdb,chaos-dead,thesis,01ff85c294945c8138a8326bbe68c7055b3604d1,2026-09-08T00:41:13.634512Z,2026-09-08T00:45:29.528578Z,2026-09-08T00:45:29.525194Z,48.0,117.277,100,1,read,1089.9,977.0,0,56.6,65.0,71.3,79.7,,,
20260908T004113Z_p4-chaos-dead,cockroachdb,chaos-dead,thesis,01ff85c294945c8138a8326bbe68c7055b3604d1,2026-09-08T00:41:13.634512Z,2026-09-08T00:45:29.528578Z,2026-09-08T00:45:29.525194Z,48.0,117.277,100,1,update,251.0,247.1,0,159.4,167.8,176.2,176.2,,,
20260908T004113Z_p4-chaos-dead,cockroachdb,chaos-dead,thesis,01ff85c294945c8138a8326bbe68c7055b3604d1,2026-09-08T00:41:13.634512Z,2026-09-08T00:45:29.528578Z,2026-09-08T00:45:29.525194Z,49.0,118.277,100,1,read,1063.3,978.8,0,56.6,62.9,71.3,79.7,,,
20260908T004113Z_p4-chaos-dead,cockroachdb,chaos-dead,thesis,01ff85c294945c8138a8326bbe68c7055b3604d1,2026-09-08T00:41:13.634512Z,2026-09-08T00:45:29.528578Z,2026-09-08T00:45:29.525194Z,49.0,118.277,100,1,update,261.1,247.4,0,159.4,167.8,176.2,184.5,,,
20260908T004113Z_p4-chaos-dead,cockroachdb,chaos-dead,thesis,01ff85c294945c8138a8326bbe68c7055b3604d1,2026-09-08T00:41:13.634512Z,2026-09-08T00:45:29.528578Z,2026-09-08T00:45:29.525194Z,50.0,119.277,100,1,read,1046.6,980.2,0,56.6,65.0,75.5,83.9,,,
20260908T004113Z_p4-chaos-dead,cockroachdb,chaos-dead,thesis,01ff85c294945c8138a8326bbe68c7055b3604d1,2026-09-08T00:41:13.634512Z,2026-09-08T00:45:29.528578Z,2026-09-08T00:45:29.525194Z,50.0,119.277,100,1,update,270.9,247.9,0,159.4,167.8,176.2,176.2,,,
20260908T004113Z_p4-chaos-dead,cockroachdb,chaos-dead,thesis,01ff85c294945c8138a8326bbe68c7055b3604d1,2026-09-08T00:41:13.634512Z,2026-09-08T00:45:29.528578Z,2026-09-08T00:45:29.525194Z,51.0,120.276,100,1,read,1023.5,981.0,0,54.5,60.8,62.9,71.3,,,
20260908T004113Z_p4-chaos-dead,cockroachdb,chaos-dead,thesis,01ff85c294945c8138a8326bbe68c7055b3604d1,2026-09-08T00:41:13.634512Z,2026-09-08T00:45:29.528578Z,2026-09-08T00:45:29.525194Z,51.0,120.276,100,1,update,282.1,248.5,0,159.4,167.8,176.2,176.2,,,
20260908T004113Z_p4-chaos-dead,cockroachdb,chaos-dead,thesis,01ff85c294945c8138a8326bbe68c7055b3604d1,2026-09-08T00:41:13.634512Z,2026-09-08T00:45:29.528578Z,2026-09-08T00:45:29.525194Z,52.0,121.278,100,1,read,971.7,980.8,0,58.7,75.5,88.1,104.9,,,
20260908T004113Z_p4-chaos-dead,cockroachdb,chaos-dead,thesis,01ff85c294945c8138a8326bbe68c7055b3604d1,2026-09-08T00:41:13.634512Z,2026-09-08T00:45:29.528578Z,2026-09-08T00:45:29.525194Z,52.0,121.278,100,1,update,265.9,248.9,0,159.4,184.5,192.9,209.7,,,
20260908T004113Z_p4-chaos-dead,cockroachdb,chaos-dead,thesis,01ff85c294945c8138a8326bbe68c7055b3604d1,2026-09-08T00:41:13.634512Z,2026-09-08T00:45:29.528578Z,2026-09-08T00:45:29.525194Z,53.0,122.283,100,1,read,1009.6,981.4,0,56.6,75.5,83.9,92.3,,,
20260908T004113Z_p4-chaos-dead,cockroachdb,chaos-dead,thesis,01ff85c294945c8138a8326bbe68c7055b3604d1,2026-09-08T00:41:13.634512Z,2026-09-08T00:45:29.528578Z,2026-09-08T00:45:29.525194Z,53.0,122.283,100,1,update,247.9,248.8,0,159.4,184.5,192.9,201.3,,,
20260908T004113Z_p4-chaos-dead,cockroachdb,chaos-dead,thesis,01ff85c294945c8138a8326bbe68c7055b3604d1,2026-09-08T00:41:13.634512Z,2026-09-08T00:45:29.528578Z,2026-09-08T00:45:29.525194Z,54.0,123.282,100,1,read,1082.7,983.2,0,56.6,62.9,67.1,71.3,,,
20260908T004113Z_p4-chaos-dead,cockroachdb,chaos-dead,thesis,01ff85c294945c8138a8326bbe68c7055b3604d1,2026-09-08T00:41:13.634512Z,2026-09-08T00:45:29.528578Z,2026-09-08T00:45:29.525194Z,54.0,123.282,100,1,update,261.2,249.1,0,159.4,167.8,176.2,176.2,,,
20260908T004113Z_p4-chaos-dead,cockroachdb,chaos-dead,thesis,01ff85c294945c8138a8326bbe68c7055b3604d1,2026-09-08T00:41:13.634512Z,2026-09-08T00:45:29.528578Z,2026-09-08T00:45:29.525194Z,55.0,124.283,100,1,read,1104.0,985.4,0,56.6,62.9,71.3,79.7,,,
20260908T004113Z_p4-chaos-dead,cockroachdb,chaos-dead,thesis,01ff85c294945c8138a8326bbe68c7055b3604d1,2026-09-08T00:41:13.634512Z,2026-09-08T00:45:29.528578Z,2026-09-08T00:45:29.525194Z,55.0,124.283,100,1,update,238.8,248.9,0,159.4,167.8,176.2,176.2,,,
20260908T004113Z_p4-chaos-dead,cockroachdb,chaos-dead,thesis,01ff85c294945c8138a8326bbe68c7055b3604d1,2026-09-08T00:41:13.634512Z,2026-09-08T00:45:29.528578Z,2026-09-08T00:45:29.525194Z,56.0,125.284,100,1,read,1040.2,986.4,0,56.6,65.0,71.3,75.5,,,
20260908T004113Z_p4-chaos-dead,cockroachdb,chaos-dead,thesis,01ff85c294945c8138a8326bbe68c7055b3604d1,2026-09-08T00:41:13.634512Z,2026-09-08T00:45:29.528578Z,2026-09-08T00:45:29.525194Z,56.0,125.284,100,1,update,274.0,249.3,0,159.4,167.8,176.2,176.2,,,
20260908T004113Z_p4-chaos-dead,cockroachdb,chaos-dead,thesis,01ff85c294945c8138a8326bbe68c7055b3604d1,2026-09-08T00:41:13.634512Z,2026-09-08T00:45:29.528578Z,2026-09-08T00:45:29.525194Z,57.0,126.283,100,1,read,1084.9,988.1,0,54.5,60.8,67.1,79.7,,,
20260908T004113Z_p4-chaos-dead,cockroachdb,chaos-dead,thesis,01ff85c294945c8138a8326bbe68c7055b3604d1,2026-09-08T00:41:13.634512Z,2026-09-08T00:45:29.528578Z,2026-09-08T00:45:29.525194Z,57.0,126.283,100,1,update,268.0,249.7,0,159.4,167.8,167.8,176.2,,,
20260908T004113Z_p4-chaos-dead,cockroachdb,chaos-dead,thesis,01ff85c294945c8138a8326bbe68c7055b3604d1,2026-09-08T00:41:13.634512Z,2026-09-08T00:45:29.528578Z,2026-09-08T00:45:29.525194Z,58.0,127.283,100,1,read,1022.6,988.7,0,54.5,62.9,65.0,71.3,,,
20260908T004113Z_p4-chaos-dead,cockroachdb,chaos-dead,thesis,01ff85c294945c8138a8326bbe68c7055b3604d1,2026-09-08T00:41:13.634512Z,2026-09-08T00:45:29.528578Z,2026-09-08T00:45:29.525194Z,58.0,127.283,100,1,update,289.2,250.3,0,159.4,167.8,176.2,176.2,,,
20260908T004113Z_p4-chaos-dead,cockroachdb,chaos-dead,thesis,01ff85c294945c8138a8326bbe68c7055b3604d1,2026-09-08T00:41:13.634512Z,2026-09-08T00:45:29.528578Z,2026-09-08T00:45:29.525194Z,59.0,128.283,100,1,read,910.8,987.4,0,67.1,96.5,100.7,176.2,,,
20260908T004113Z_p4-chaos-dead,cockroachdb,chaos-dead,thesis,01ff85c294945c8138a8326bbe68c7055b3604d1,2026-09-08T00:41:13.634512Z,2026-09-08T00:45:29.528578Z,2026-09-08T00:45:29.525194Z,59.0,128.283,100,1,update,221.9,249.9,0,176.2,209.7,218.1,226.5,,,
20260908T004113Z_p4-chaos-dead,cockroachdb,chaos-dead,thesis,01ff85c294945c8138a8326bbe68c7055b3604d1,2026-09-08T00:41:13.634512Z,2026-09-08T00:45:29.528578Z,2026-09-08T00:45:29.525194Z,60.0,129.283,100,1,read,839.0,984.9,0,75.5,92.3,96.5,109.1,,,
20260908T004113Z_p4-chaos-dead,cockroachdb,chaos-dead,thesis,01ff85c294945c8138a8326bbe68c7055b3604d1,2026-09-08T00:41:13.634512Z,2026-09-08T00:45:29.528578Z,2026-09-08T00:45:29.525194Z,60.0,129.283,100,1,update,196.0,249.0,0,192.9,209.7,218.1,218.1,,,
20260908T004113Z_p4-chaos-dead,cockroachdb,chaos-dead,thesis,01ff85c294945c8138a8326bbe68c7055b3604d1,2026-09-08T00:41:13.634512Z,2026-09-08T00:45:29.528578Z,2026-09-08T00:45:29.525194Z,61.0,130.286,100,1,read,999.1,985.2,0,60.8,83.9,88.1,92.3,,,
20260908T004113Z_p4-chaos-dead,cockroachdb,chaos-dead,thesis,01ff85c294945c8138a8326bbe68c7055b3604d1,2026-09-08T00:41:13.634512Z,2026-09-08T00:45:29.528578Z,2026-09-08T00:45:29.525194Z,61.0,130.286,100,1,update,222.0,248.5,0,176.2,201.3,201.3,209.7,,,
20260908T004113Z_p4-chaos-dead,cockroachdb,chaos-dead,thesis,01ff85c294945c8138a8326bbe68c7055b3604d1,2026-09-08T00:41:13.634512Z,2026-09-08T00:45:29.528578Z,2026-09-08T00:45:29.525194Z,62.0,131.283,100,1,read,1058.4,986.4,0,56.6,67.1,75.5,75.5,,,
20260908T004113Z_p4-chaos-dead,cockroachdb,chaos-dead,thesis,01ff85c294945c8138a8326bbe68c7055b3604d1,2026-09-08T00:41:13.634512Z,2026-09-08T00:45:29.528578Z,2026-09-08T00:45:29.525194Z,62.0,131.283,100,1,update,256.9,248.7,0,159.4,167.8,184.5,184.5,,,
20260908T004113Z_p4-chaos-dead,cockroachdb,chaos-dead,thesis,01ff85c294945c8138a8326bbe68c7055b3604d1,2026-09-08T00:41:13.634512Z,2026-09-08T00:45:29.528578Z,2026-09-08T00:45:29.525194Z,63.0,132.282,100,1,read,1028.8,987.0,0,56.6,75.5,83.9,96.5,,,
20260908T004113Z_p4-chaos-dead,cockroachdb,chaos-dead,thesis,01ff85c294945c8138a8326bbe68c7055b3604d1,2026-09-08T00:41:13.634512Z,2026-09-08T00:45:29.528578Z,2026-09-08T00:45:29.525194Z,63.0,132.282,100,1,update,251.2,248.7,0,159.4,201.3,218.1,226.5,,,
20260908T004113Z_p4-chaos-dead,cockroachdb,chaos-dead,thesis,01ff85c294945c8138a8326bbe68c7055b3604d1,2026-09-08T00:41:13.634512Z,2026-09-08T00:45:29.528578Z,2026-09-08T00:45:29.525194Z,64.0,133.282,100,1,read,1046.3,988.0,0,56.6,79.7,100.7,109.1,,,
20260908T004113Z_p4-chaos-dead,cockroachdb,chaos-dead,thesis,01ff85c294945c8138a8326bbe68c7055b3604d1,2026-09-08T00:41:13.634512Z,2026-09-08T00:45:29.528578Z,2026-09-08T00:45:29.525194Z,64.0,133.282,100,1,update,241.8,248.6,0,159.4,176.2,192.9,209.7,,,
20260908T004113Z_p4-chaos-dead,cockroachdb,chaos-dead,thesis,01ff85c294945c8138a8326bbe68c7055b3604d1,2026-09-08T00:41:13.634512Z,2026-09-08T00:45:29.528578Z,2026-09-08T00:45:29.525194Z,65.0,134.283,100,1,read,1078.2,989.3,0,56.6,65.0,71.3,79.7,,,
20260908T004113Z_p4-chaos-dead,cockroachdb,chaos-dead,thesis,01ff85c294945c8138a8326bbe68c7055b3604d1,2026-09-08T00:41:13.634512Z,2026-09-08T00:45:29.528578Z,2026-09-08T00:45:29.525194Z,65.0,134.283,100,1,update,253.0,248.7,0,159.4,167.8,176.2,176.2,,,
20260908T004113Z_p4-chaos-dead,cockroachdb,chaos-dead,thesis,01ff85c294945c8138a8326bbe68c7055b3604d1,2026-09-08T00:41:13.634512Z,2026-09-08T00:45:29.528578Z,2026-09-08T00:45:29.525194Z,66.0,135.283,100,1,read,1023.9,989.9,0,56.6,65.0,71.3,79.7,,,
20260908T004113Z_p4-chaos-dead,cockroachdb,chaos-dead,thesis,01ff85c294945c8138a8326bbe68c7055b3604d1,2026-09-08T00:41:13.634512Z,2026-09-08T00:45:29.528578Z,2026-09-08T00:45:29.525194Z,66.0,135.283,100,1,update,271.0,249.0,0,159.4,167.8,176.2,184.5,,,
20260908T004113Z_p4-chaos-dead,cockroachdb,chaos-dead,thesis,01ff85c294945c8138a8326bbe68c7055b3604d1,2026-09-08T00:41:13.634512Z,2026-09-08T00:45:29.528578Z,2026-09-08T00:45:29.525194Z,67.0,136.286,100,1,read,1074.7,991.1,0,56.6,62.9,71.3,75.5,,,
20260908T004113Z_p4-chaos-dead,cockroachdb,chaos-dead,thesis,01ff85c294945c8138a8326bbe68c7055b3604d1,2026-09-08T00:41:13.634512Z,2026-09-08T00:45:29.528578Z,2026-09-08T00:45:29.525194Z,67.0,136.286,100,1,update,259.9,249.2,0,159.4,167.8,167.8,176.2,,,
20260908T004113Z_p4-chaos-dead,cockroachdb,chaos-dead,thesis,01ff85c294945c8138a8326bbe68c7055b3604d1,2026-09-08T00:41:13.634512Z,2026-09-08T00:45:29.528578Z,2026-09-08T00:45:29.525194Z,68.0,137.283,100,1,read,1072.2,992.3,0,54.5,65.0,67.1,71.3,,,
20260908T004113Z_p4-chaos-dead,cockroachdb,chaos-dead,thesis,01ff85c294945c8138a8326bbe68c7055b3604d1,2026-09-08T00:41:13.634512Z,2026-09-08T00:45:29.528578Z,2026-09-08T00:45:29.525194Z,68.0,137.283,100,1,update,258.0,249.3,0,159.4,167.8,167.8,176.2,,,
20260908T004113Z_p4-chaos-dead,cockroachdb,chaos-dead,thesis,01ff85c294945c8138a8326bbe68c7055b3604d1,2026-09-08T00:41:13.634512Z,2026-09-08T00:45:29.528578Z,2026-09-08T00:45:29.525194Z,69.0,138.282,100,1,read,1077.7,993.6,0,54.5,62.9,67.1,71.3,,,
20260908T004113Z_p4-chaos-dead,cockroachdb,chaos-dead,thesis,01ff85c294945c8138a8326bbe68c7055b3604d1,2026-09-08T00:41:13.634512Z,2026-09-08T00:45:29.528578Z,2026-09-08T00:45:29.525194Z,69.0,138.282,100,1,update,264.2,249.5,0,159.4,167.8,176.2,184.5,,,
20260908T004113Z_p4-chaos-dead,cockroachdb,chaos-dead,thesis,01ff85c294945c8138a8326bbe68c7055b3604d1,2026-09-08T00:41:13.634512Z,2026-09-08T00:45:29.528578Z,2026-09-08T00:45:29.525194Z,70.0,139.289,100,1,read,1055.7,994.4,0,54.5,60.8,65.0,71.3,,,
20260908T004113Z_p4-chaos-dead,cockroachdb,chaos-dead,thesis,01ff85c294945c8138a8326bbe68c7055b3604d1,2026-09-08T00:41:13.634512Z,2026-09-08T00:45:29.528578Z,2026-09-08T00:45:29.525194Z,70.0,139.289,100,1,update,271.9,249.8,0,159.4,167.8,167.8,176.2,,,
20260908T004113Z_p4-chaos-dead,cockroachdb,chaos-dead,thesis,01ff85c294945c8138a8326bbe68c7055b3604d1,2026-09-08T00:41:13.634512Z,2026-09-08T00:45:29.528578Z,2026-09-08T00:45:29.525194Z,71.0,140.284,100,1,read,1031.9,995.0,0,56.6,62.9,67.1,75.5,,,
20260908T004113Z_p4-chaos-dead,cockroachdb,chaos-dead,thesis,01ff85c294945c8138a8326bbe68c7055b3604d1,2026-09-08T00:41:13.634512Z,2026-09-08T00:45:29.528578Z,2026-09-08T00:45:29.525194Z,71.0,140.284,100,1,update,274.0,250.2,0,159.4,167.8,176.2,176.2,,,
20260908T004113Z_p4-chaos-dead,cockroachdb,chaos-dead,thesis,01ff85c294945c8138a8326bbe68c7055b3604d1,2026-09-08T00:41:13.634512Z,2026-09-08T00:45:29.528578Z,2026-09-08T00:45:29.525194Z,72.0,141.283,100,1,read,1027.8,995.4,0,56.6,71.3,79.7,88.1,,,
20260908T004113Z_p4-chaos-dead,cockroachdb,chaos-dead,thesis,01ff85c294945c8138a8326bbe68c7055b3604d1,2026-09-08T00:41:13.634512Z,2026-09-08T00:45:29.528578Z,2026-09-08T00:45:29.525194Z,72.0,141.283,100,1,update,255.0,250.2,0,159.4,176.2,184.5,192.9,,,
20260908T004113Z_p4-chaos-dead,cockroachdb,chaos-dead,thesis,01ff85c294945c8138a8326bbe68c7055b3604d1,2026-09-08T00:41:13.634512Z,2026-09-08T00:45:29.528578Z,2026-09-08T00:45:29.525194Z,73.0,142.29,100,1,read,1024.2,995.8,0,56.6,75.5,83.9,88.1,,,
20260908T004113Z_p4-chaos-dead,cockroachdb,chaos-dead,thesis,01ff85c294945c8138a8326bbe68c7055b3604d1,2026-09-08T00:41:13.634512Z,2026-09-08T00:45:29.528578Z,2026-09-08T00:45:29.525194Z,73.0,142.29,100,1,update,264.1,250.4,0,159.4,184.5,192.9,201.3,,,
20260908T004113Z_p4-chaos-dead,cockroachdb,chaos-dead,thesis,01ff85c294945c8138a8326bbe68c7055b3604d1,2026-09-08T00:41:13.634512Z,2026-09-08T00:45:29.528578Z,2026-09-08T00:45:29.525194Z,74.0,143.283,100,1,read,1053.6,996.6,0,56.6,67.1,75.5,79.7,,,
20260908T004113Z_p4-chaos-dead,cockroachdb,chaos-dead,thesis,01ff85c294945c8138a8326bbe68c7055b3604d1,2026-09-08T00:41:13.634512Z,2026-09-08T00:45:29.528578Z,2026-09-08T00:45:29.525194Z,74.0,143.283,100,1,update,257.9,250.5,0,159.4,167.8,176.2,184.5,,,
20260908T004113Z_p4-chaos-dead,cockroachdb,chaos-dead,thesis,01ff85c294945c8138a8326bbe68c7055b3604d1,2026-09-08T00:41:13.634512Z,2026-09-08T00:45:29.528578Z,2026-09-08T00:45:29.525194Z,75.0,144.283,100,1,read,1095.0,997.9,0,54.5,60.8,65.0,79.7,,,
20260908T004113Z_p4-chaos-dead,cockroachdb,chaos-dead,thesis,01ff85c294945c8138a8326bbe68c7055b3604d1,2026-09-08T00:41:13.634512Z,2026-09-08T00:45:29.528578Z,2026-09-08T00:45:29.525194Z,75.0,144.283,100,1,update,260.2,250.7,0,159.4,167.8,176.2,176.2,,,
20260908T004113Z_p4-chaos-dead,cockroachdb,chaos-dead,thesis,01ff85c294945c8138a8326bbe68c7055b3604d1,2026-09-08T00:41:13.634512Z,2026-09-08T00:45:29.528578Z,2026-09-08T00:45:29.525194Z,76.0,145.284,100,1,read,1079.6,999.0,0,56.6,62.9,71.3,75.5,,,
20260908T004113Z_p4-chaos-dead,cockroachdb,chaos-dead,thesis,01ff85c294945c8138a8326bbe68c7055b3604d1,2026-09-08T00:41:13.634512Z,2026-09-08T00:45:29.528578Z,2026-09-08T00:45:29.525194Z,76.0,145.284,100,1,update,250.9,250.7,0,159.4,167.8,176.2,176.2,,,
20260908T004113Z_p4-chaos-dead,cockroachdb,chaos-dead,thesis,01ff85c294945c8138a8326bbe68c7055b3604d1,2026-09-08T00:41:13.634512Z,2026-09-08T00:45:29.528578Z,2026-09-08T00:45:29.525194Z,77.0,146.282,100,1,read,1039.8,999.5,0,56.6,71.3,88.1,100.7,,,
20260908T004113Z_p4-chaos-dead,cockroachdb,chaos-dead,thesis,01ff85c294945c8138a8326bbe68c7055b3604d1,2026-09-08T00:41:13.634512Z,2026-09-08T00:45:29.528578Z,2026-09-08T00:45:29.525194Z,77.0,146.282,100,1,update,256.9,250.7,0,159.4,176.2,192.9,192.9,,,
20260908T004113Z_p4-chaos-dead,cockroachdb,chaos-dead,thesis,01ff85c294945c8138a8326bbe68c7055b3604d1,2026-09-08T00:41:13.634512Z,2026-09-08T00:45:29.528578Z,2026-09-08T00:45:29.525194Z,78.0,147.283,100,1,read,1033.6,1000.0,0,56.6,67.1,71.3,96.5,,,
20260908T004113Z_p4-chaos-dead,cockroachdb,chaos-dead,thesis,01ff85c294945c8138a8326bbe68c7055b3604d1,2026-09-08T00:41:13.634512Z,2026-09-08T00:45:29.528578Z,2026-09-08T00:45:29.525194Z,78.0,147.283,100,1,update,259.2,250.8,0,159.4,167.8,176.2,176.2,,,
20260908T004113Z_p4-chaos-dead,cockroachdb,chaos-dead,thesis,01ff85c294945c8138a8326bbe68c7055b3604d1,2026-09-08T00:41:13.634512Z,2026-09-08T00:45:29.528578Z,2026-09-08T00:45:29.525194Z,79.0,148.282,100,1,read,966.8,999.5,0,60.8,79.7,92.3,96.5,,,
20260908T004113Z_p4-chaos-dead,cockroachdb,chaos-dead,thesis,01ff85c294945c8138a8326bbe68c7055b3604d1,2026-09-08T00:41:13.634512Z,2026-09-08T00:45:29.528578Z,2026-09-08T00:45:29.525194Z,79.0,148.282,100,1,update,249.9,250.8,0,167.8,201.3,209.7,218.1,,,
20260908T004113Z_p4-chaos-dead,cockroachdb,chaos-dead,thesis,01ff85c294945c8138a8326bbe68c7055b3604d1,2026-09-08T00:41:13.634512Z,2026-09-08T00:45:29.528578Z,2026-09-08T00:45:29.525194Z,80.0,149.283,100,1,read,942.3,998.8,0,62.9,79.7,83.9,88.1,,,
20260908T004113Z_p4-chaos-dead,cockroachdb,chaos-dead,thesis,01ff85c294945c8138a8326bbe68c7055b3604d1,2026-09-08T00:41:13.634512Z,2026-09-08T00:45:29.528578Z,2026-09-08T00:45:29.525194Z,80.0,149.283,100,1,update,241.1,250.7,0,167.8,192.9,192.9,218.1,,,
20260908T004113Z_p4-chaos-dead,cockroachdb,chaos-dead,thesis,01ff85c294945c8138a8326bbe68c7055b3604d1,2026-09-08T00:41:13.634512Z,2026-09-08T00:45:29.528578Z,2026-09-08T00:45:29.525194Z,81.0,150.283,100,1,read,961.7,998.4,0,60.8,75.5,83.9,92.3,,,
20260908T004113Z_p4-chaos-dead,cockroachdb,chaos-dead,thesis,01ff85c294945c8138a8326bbe68c7055b3604d1,2026-09-08T00:41:13.634512Z,2026-09-08T00:45:29.528578Z,2026-09-08T00:45:29.525194Z,81.0,150.283,100,1,update,248.9,250.7,0,167.8,184.5,192.9,201.3,,,
20260908T004113Z_p4-chaos-dead,cockroachdb,chaos-dead,thesis,01ff85c294945c8138a8326bbe68c7055b3604d1,2026-09-08T00:41:13.634512Z,2026-09-08T00:45:29.528578Z,2026-09-08T00:45:29.525194Z,82.0,151.284,100,1,read,970.1,998.0,0,56.6,75.5,88.1,92.3,,,
20260908T004113Z_p4-chaos-dead,cockroachdb,chaos-dead,thesis,01ff85c294945c8138a8326bbe68c7055b3604d1,2026-09-08T00:41:13.634512Z,2026-09-08T00:45:29.528578Z,2026-09-08T00:45:29.525194Z,82.0,151.284,100,1,update,265.0,250.9,0,159.4,184.5,192.9,192.9,,,
20260908T004113Z_p4-chaos-dead,cockroachdb,chaos-dead,thesis,01ff85c294945c8138a8326bbe68c7055b3604d1,2026-09-08T00:41:13.634512Z,2026-09-08T00:45:29.528578Z,2026-09-08T00:45:29.525194Z,83.0,152.283,100,1,read,869.8,996.5,0,67.1,104.9,109.1,117.4,,,
20260908T004113Z_p4-chaos-dead,cockroachdb,chaos-dead,thesis,01ff85c294945c8138a8326bbe68c7055b3604d1,2026-09-08T00:41:13.634512Z,2026-09-08T00:45:29.528578Z,2026-09-08T00:45:29.525194Z,83.0,152.283,100,1,update,218.9,250.5,0,184.5,226.5,243.3,243.3,,,
20260908T004113Z_p4-chaos-dead,cockroachdb,chaos-dead,thesis,01ff85c294945c8138a8326bbe68c7055b3604d1,2026-09-08T00:41:13.634512Z,2026-09-08T00:45:29.528578Z,2026-09-08T00:45:29.525194Z,84.0,153.283,100,1,read,1033.3,996.9,0,54.5,62.9,67.1,71.3,,,
20260908T004113Z_p4-chaos-dead,cockroachdb,chaos-dead,thesis,01ff85c294945c8138a8326bbe68c7055b3604d1,2026-09-08T00:41:13.634512Z,2026-09-08T00:45:29.528578Z,2026-09-08T00:45:29.525194Z,84.0,153.283,100,1,update,264.1,250.6,0,159.4,218.1,243.3,251.7,,,
20260908T004113Z_p4-chaos-dead,cockroachdb,chaos-dead,thesis,01ff85c294945c8138a8326bbe68c7055b3604d1,2026-09-08T00:41:13.634512Z,2026-09-08T00:45:29.528578Z,2026-09-08T00:45:29.525194Z,85.0,154.283,100,1,read,1028.9,997.3,0,54.5,60.8,62.9,65.0,,,
20260908T004113Z_p4-chaos-dead,cockroachdb,chaos-dead,thesis,01ff85c294945c8138a8326bbe68c7055b3604d1,2026-09-08T00:41:13.634512Z,2026-09-08T00:45:29.528578Z,2026-09-08T00:45:29.525194Z,85.0,154.283,100,1,update,283.7,251.0,0,159.4,167.8,167.8,167.8,,,
20260908T004113Z_p4-chaos-dead,cockroachdb,chaos-dead,thesis,01ff85c294945c8138a8326bbe68c7055b3604d1,2026-09-08T00:41:13.634512Z,2026-09-08T00:45:29.528578Z,2026-09-08T00:45:29.525194Z,86.0,155.283,100,1,read,1042.2,997.8,0,58.7,67.1,79.7,88.1,,,
20260908T004113Z_p4-chaos-dead,cockroachdb,chaos-dead,thesis,01ff85c294945c8138a8326bbe68c7055b3604d1,2026-09-08T00:41:13.634512Z,2026-09-08T00:45:29.528578Z,2026-09-08T00:45:29.525194Z,86.0,155.283,100,1,update,251.3,251.0,0,159.4,176.2,184.5,192.9,,,
20260908T004113Z_p4-chaos-dead,cockroachdb,chaos-dead,thesis,01ff85c294945c8138a8326bbe68c7055b3604d1,2026-09-08T00:41:13.634512Z,2026-09-08T00:45:29.528578Z,2026-09-08T00:45:29.525194Z,87.0,156.284,100,1,read,1071.7,998.7,0,54.5,65.0,75.5,88.1,,,
20260908T004113Z_p4-chaos-dead,cockroachdb,chaos-dead,thesis,01ff85c294945c8138a8326bbe68c7055b3604d1,2026-09-08T00:41:13.634512Z,2026-09-08T00:45:29.528578Z,2026-09-08T00:45:29.525194Z,87.0,156.284,100,1,update,255.9,251.1,0,159.4,167.8,176.2,184.5,,,
20260908T004113Z_p4-chaos-dead,cockroachdb,chaos-dead,thesis,01ff85c294945c8138a8326bbe68c7055b3604d1,2026-09-08T00:41:13.634512Z,2026-09-08T00:45:29.528578Z,2026-09-08T00:45:29.525194Z,88.0,157.284,100,1,read,1019.6,998.9,0,54.5,60.8,67.1,75.5,,,
20260908T004113Z_p4-chaos-dead,cockroachdb,chaos-dead,thesis,01ff85c294945c8138a8326bbe68c7055b3604d1,2026-09-08T00:41:13.634512Z,2026-09-08T00:45:29.528578Z,2026-09-08T00:45:29.525194Z,88.0,157.284,100,1,update,289.9,251.5,0,159.4,167.8,167.8,176.2,,,
20260908T004113Z_p4-chaos-dead,cockroachdb,chaos-dead,thesis,01ff85c294945c8138a8326bbe68c7055b3604d1,2026-09-08T00:41:13.634512Z,2026-09-08T00:45:29.528578Z,2026-09-08T00:45:29.525194Z,89.0,158.283,100,1,read,1037.3,999.3,0,56.6,75.5,79.7,92.3,,,
20260908T004113Z_p4-chaos-dead,cockroachdb,chaos-dead,thesis,01ff85c294945c8138a8326bbe68c7055b3604d1,2026-09-08T00:41:13.634512Z,2026-09-08T00:45:29.528578Z,2026-09-08T00:45:29.525194Z,89.0,158.283,100,1,update,249.1,251.5,0,159.4,184.5,192.9,192.9,,,
20260908T004113Z_p4-chaos-dead,cockroachdb,chaos-dead,thesis,01ff85c294945c8138a8326bbe68c7055b3604d1,2026-09-08T00:41:13.634512Z,2026-09-08T00:45:29.528578Z,2026-09-08T00:45:29.525194Z,90.0,159.283,100,1,read,1069.4,1000.1,0,56.6,67.1,75.5,75.5,,,
20260908T004113Z_p4-chaos-dead,cockroachdb,chaos-dead,thesis,01ff85c294945c8138a8326bbe68c7055b3604d1,2026-09-08T00:41:13.634512Z,2026-09-08T00:45:29.528578Z,2026-09-08T00:45:29.525194Z,90.0,159.283,100,1,update,248.9,251.5,0,159.4,176.2,184.5,192.9,,,
20260908T004113Z_p4-chaos-dead,cockroachdb,chaos-dead,thesis,01ff85c294945c8138a8326bbe68c7055b3604d1,2026-09-08T00:41:13.634512Z,2026-09-08T00:45:29.528578Z,2026-09-08T00:45:29.525194Z,91.0,160.284,100,1,read,1070.1,1000.9,0,56.6,62.9,67.1,71.3,,,
20260908T004113Z_p4-chaos-dead,cockroachdb,chaos-dead,thesis,01ff85c294945c8138a8326bbe68c7055b3604d1,2026-09-08T00:41:13.634512Z,2026-09-08T00:45:29.528578Z,2026-09-08T00:45:29.525194Z,91.0,160.284,100,1,update,262.0,251.6,0,159.4,167.8,167.8,176.2,,,
20260908T004113Z_p4-chaos-dead,cockroachdb,chaos-dead,thesis,01ff85c294945c8138a8326bbe68c7055b3604d1,2026-09-08T00:41:13.634512Z,2026-09-08T00:45:29.528578Z,2026-09-08T00:45:29.525194Z,92.0,161.285,100,1,read,1064.7,1001.6,0,56.6,71.3,75.5,121.6,,,
20260908T004113Z_p4-chaos-dead,cockroachdb,chaos-dead,thesis,01ff85c294945c8138a8326bbe68c7055b3604d1,2026-09-08T00:41:13.634512Z,2026-09-08T00:45:29.528578Z,2026-09-08T00:45:29.525194Z,92.0,161.285,100,1,update,246.2,251.5,0,159.4,184.5,192.9,201.3,,,
20260908T004113Z_p4-chaos-dead,cockroachdb,chaos-dead,thesis,01ff85c294945c8138a8326bbe68c7055b3604d1,2026-09-08T00:41:13.634512Z,2026-09-08T00:45:29.528578Z,2026-09-08T00:45:29.525194Z,93.0,162.283,100,1,read,973.5,1001.3,0,56.6,75.5,83.9,96.5,,,
20260908T004113Z_p4-chaos-dead,cockroachdb,chaos-dead,thesis,01ff85c294945c8138a8326bbe68c7055b3604d1,2026-09-08T00:41:13.634512Z,2026-09-08T00:45:29.528578Z,2026-09-08T00:45:29.525194Z,93.0,162.283,100,1,update,270.9,251.7,0,159.4,192.9,209.7,209.7,,,
20260908T004113Z_p4-chaos-dead,cockroachdb,chaos-dead,thesis,01ff85c294945c8138a8326bbe68c7055b3604d1,2026-09-08T00:41:13.634512Z,2026-09-08T00:45:29.528578Z,2026-09-08T00:45:29.525194Z,94.0,163.283,100,1,read,1069.5,1002.0,0,56.6,71.3,83.9,92.3,,,
20260908T004113Z_p4-chaos-dead,cockroachdb,chaos-dead,thesis,01ff85c294945c8138a8326bbe68c7055b3604d1,2026-09-08T00:41:13.634512Z,2026-09-08T00:45:29.528578Z,2026-09-08T00:45:29.525194Z,94.0,163.283,100,1,update,238.1,251.6,0,159.4,176.2,184.5,192.9,,,
20260908T004113Z_p4-chaos-dead,cockroachdb,chaos-dead,thesis,01ff85c294945c8138a8326bbe68c7055b3604d1,2026-09-08T00:41:13.634512Z,2026-09-08T00:45:29.528578Z,2026-09-08T00:45:29.525194Z,95.0,164.284,100,1,read,1068.1,1002.7,0,56.6,65.0,71.3,75.5,,,
20260908T004113Z_p4-chaos-dead,cockroachdb,chaos-dead,thesis,01ff85c294945c8138a8326bbe68c7055b3604d1,2026-09-08T00:41:13.634512Z,2026-09-08T00:45:29.528578Z,2026-09-08T00:45:29.525194Z,95.0,164.284,100,1,update,253.0,251.6,0,159.4,176.2,176.2,184.5,,,
20260908T004113Z_p4-chaos-dead,cockroachdb,chaos-dead,thesis,01ff85c294945c8138a8326bbe68c7055b3604d1,2026-09-08T00:41:13.634512Z,2026-09-08T00:45:29.528578Z,2026-09-08T00:45:29.525194Z,96.0,165.283,100,1,read,1015.9,1002.8,0,54.5,58.7,65.0,75.5,,,
20260908T004113Z_p4-chaos-dead,cockroachdb,chaos-dead,thesis,01ff85c294945c8138a8326bbe68c7055b3604d1,2026-09-08T00:41:13.634512Z,2026-09-08T00:45:29.528578Z,2026-09-08T00:45:29.525194Z,96.0,165.283,100,1,update,300.0,252.1,0,159.4,167.8,176.2,176.2,,,
20260908T004113Z_p4-chaos-dead,cockroachdb,chaos-dead,thesis,01ff85c294945c8138a8326bbe68c7055b3604d1,2026-09-08T00:41:13.634512Z,2026-09-08T00:45:29.528578Z,2026-09-08T00:45:29.525194Z,97.0,166.284,100,1,read,1049.3,1003.3,0,56.6,71.3,83.9,96.5,,,
20260908T004113Z_p4-chaos-dead,cockroachdb,chaos-dead,thesis,01ff85c294945c8138a8326bbe68c7055b3604d1,2026-09-08T00:41:13.634512Z,2026-09-08T00:45:29.528578Z,2026-09-08T00:45:29.525194Z,97.0,166.284,100,1,update,242.1,252.0,0,159.4,176.2,184.5,192.9,,,
20260908T004113Z_p4-chaos-dead,cockroachdb,chaos-dead,thesis,01ff85c294945c8138a8326bbe68c7055b3604d1,2026-09-08T00:41:13.634512Z,2026-09-08T00:45:29.528578Z,2026-09-08T00:45:29.525194Z,98.0,167.284,100,1,read,1035.0,1003.6,0,56.6,65.0,75.5,83.9,,,
20260908T004113Z_p4-chaos-dead,cockroachdb,chaos-dead,thesis,01ff85c294945c8138a8326bbe68c7055b3604d1,2026-09-08T00:41:13.634512Z,2026-09-08T00:45:29.528578Z,2026-09-08T00:45:29.525194Z,98.0,167.284,100,1,update,275.0,252.2,0,159.4,176.2,192.9,209.7,,,
20260908T004113Z_p4-chaos-dead,cockroachdb,chaos-dead,thesis,01ff85c294945c8138a8326bbe68c7055b3604d1,2026-09-08T00:41:13.634512Z,2026-09-08T00:45:29.528578Z,2026-09-08T00:45:29.525194Z,99.0,168.284,100,1,read,1036.7,1004.0,0,56.6,67.1,71.3,79.7,,,
20260908T004113Z_p4-chaos-dead,cockroachdb,chaos-dead,thesis,01ff85c294945c8138a8326bbe68c7055b3604d1,2026-09-08T00:41:13.634512Z,2026-09-08T00:45:29.528578Z,2026-09-08T00:45:29.525194Z,99.0,168.284,100,1,update,250.9,252.2,0,159.4,176.2,184.5,184.5,,,
20260908T004113Z_p4-chaos-dead,cockroachdb,chaos-dead,thesis,01ff85c294945c8138a8326bbe68c7055b3604d1,2026-09-08T00:41:13.634512Z,2026-09-08T00:45:29.528578Z,2026-09-08T00:45:29.525194Z,100.0,169.284,100,1,read,1051.4,1004.4,0,56.6,65.0,71.3,79.7,,,
20260908T004113Z_p4-chaos-dead,cockroachdb,chaos-dead,thesis,01ff85c294945c8138a8326bbe68c7055b3604d1,2026-09-08T00:41:13.634512Z,2026-09-08T00:45:29.528578Z,2026-09-08T00:45:29.525194Z,100.0,169.284,100,1,update,262.9,252.3,0,159.4,176.2,184.5,184.5,,,
20260908T004113Z_p4-chaos-dead,cockroachdb,chaos-dead,thesis,01ff85c294945c8138a8326bbe68c7055b3604d1,2026-09-08T00:41:13.634512Z,2026-09-08T00:45:29.528578Z,2026-09-08T00:45:29.525194Z,101.0,170.285,100,1,read,1006.1,1004.5,0,56.6,75.5,88.1,96.5,,,
20260908T004113Z_p4-chaos-dead,cockroachdb,chaos-dead,thesis,01ff85c294945c8138a8326bbe68c7055b3604d1,2026-09-08T00:41:13.634512Z,2026-09-08T00:45:29.528578Z,2026-09-08T00:45:29.525194Z,101.0,170.285,100,1,update,253.0,252.3,0,159.4,176.2,192.9,192.9,,,
20260908T004113Z_p4-chaos-dead,cockroachdb,chaos-dead,thesis,01ff85c294945c8138a8326bbe68c7055b3604d1,2026-09-08T00:41:13.634512Z,2026-09-08T00:45:29.528578Z,2026-09-08T00:45:29.525194Z,102.0,171.284,100,1,read,1006.8,1004.5,0,54.5,75.5,92.3,100.7,,,
20260908T004113Z_p4-chaos-dead,cockroachdb,chaos-dead,thesis,01ff85c294945c8138a8326bbe68c7055b3604d1,2026-09-08T00:41:13.634512Z,2026-09-08T00:45:29.528578Z,2026-09-08T00:45:29.525194Z,102.0,171.284,100,1,update,274.9,252.6,0,159.4,218.1,243.3,251.7,,,
20260908T004113Z_p4-chaos-dead,cockroachdb,chaos-dead,thesis,01ff85c294945c8138a8326bbe68c7055b3604d1,2026-09-08T00:41:13.634512Z,2026-09-08T00:45:29.528578Z,2026-09-08T00:45:29.525194Z,103.0,172.284,100,1,read,1034.7,1004.8,0,56.6,71.3,88.1,92.3,,,
20260908T004113Z_p4-chaos-dead,cockroachdb,chaos-dead,thesis,01ff85c294945c8138a8326bbe68c7055b3604d1,2026-09-08T00:41:13.634512Z,2026-09-08T00:45:29.528578Z,2026-09-08T00:45:29.525194Z,103.0,172.284,100,1,update,260.2,252.6,0,159.4,176.2,192.9,201.3,,,
20260908T004113Z_p4-chaos-dead,cockroachdb,chaos-dead,thesis,01ff85c294945c8138a8326bbe68c7055b3604d1,2026-09-08T00:41:13.634512Z,2026-09-08T00:45:29.528578Z,2026-09-08T00:45:29.525194Z,104.0,173.285,100,1,read,1081.3,1005.5,0,56.6,62.9,65.0,104.9,,,
20260908T004113Z_p4-chaos-dead,cockroachdb,chaos-dead,thesis,01ff85c294945c8138a8326bbe68c7055b3604d1,2026-09-08T00:41:13.634512Z,2026-09-08T00:45:29.528578Z,2026-09-08T00:45:29.525194Z,104.0,173.285,100,1,update,250.1,252.6,0,159.4,167.8,167.8,176.2,,,
20260908T004113Z_p4-chaos-dead,cockroachdb,chaos-dead,thesis,01ff85c294945c8138a8326bbe68c7055b3604d1,2026-09-08T00:41:13.634512Z,2026-09-08T00:45:29.528578Z,2026-09-08T00:45:29.525194Z,105.0,174.284,100,1,read,1009.4,1005.5,0,56.6,62.9,67.1,71.3,,,
20260908T004113Z_p4-chaos-dead,cockroachdb,chaos-dead,thesis,01ff85c294945c8138a8326bbe68c7055b3604d1,2026-09-08T00:41:13.634512Z,2026-09-08T00:45:29.528578Z,2026-09-08T00:45:29.525194Z,105.0,174.284,100,1,update,283.8,252.9,0,159.4,167.8,176.2,176.2,,,
20260908T004113Z_p4-chaos-dead,cockroachdb,chaos-dead,thesis,01ff85c294945c8138a8326bbe68c7055b3604d1,2026-09-08T00:41:13.634512Z,2026-09-08T00:45:29.528578Z,2026-09-08T00:45:29.525194Z,106.0,175.284,100,1,read,1060.8,1006.1,0,56.6,67.1,75.5,83.9,,,
20260908T004113Z_p4-chaos-dead,cockroachdb,chaos-dead,thesis,01ff85c294945c8138a8326bbe68c7055b3604d1,2026-09-08T00:41:13.634512Z,2026-09-08T00:45:29.528578Z,2026-09-08T00:45:29.525194Z,106.0,175.284,100,1,update,249.0,252.9,0,159.4,176.2,184.5,184.5,,,
20260908T004113Z_p4-chaos-dead,cockroachdb,chaos-dead,thesis,01ff85c294945c8138a8326bbe68c7055b3604d1,2026-09-08T00:41:13.634512Z,2026-09-08T00:45:29.528578Z,2026-09-08T00:45:29.525194Z,107.0,176.284,100,1,read,1073.8,1006.7,0,56.6,67.1,75.5,79.7,,,
20260908T004113Z_p4-chaos-dead,cockroachdb,chaos-dead,thesis,01ff85c294945c8138a8326bbe68c7055b3604d1,2026-09-08T00:41:13.634512Z,2026-09-08T00:45:29.528578Z,2026-09-08T00:45:29.525194Z,107.0,176.284,100,1,update,246.2,252.8,0,159.4,176.2,176.2,184.5,,,
20260908T004113Z_p4-chaos-dead,cockroachdb,chaos-dead,thesis,01ff85c294945c8138a8326bbe68c7055b3604d1,2026-09-08T00:41:13.634512Z,2026-09-08T00:45:29.528578Z,2026-09-08T00:45:29.525194Z,108.0,177.284,100,1,read,1041.1,1007.0,0,56.6,62.9,75.5,79.7,,,
20260908T004113Z_p4-chaos-dead,cockroachdb,chaos-dead,thesis,01ff85c294945c8138a8326bbe68c7055b3604d1,2026-09-08T00:41:13.634512Z,2026-09-08T00:45:29.528578Z,2026-09-08T00:45:29.525194Z,108.0,177.284,100,1,update,264.0,252.9,0,159.4,167.8,176.2,184.5,,,
20260908T004113Z_p4-chaos-dead,cockroachdb,chaos-dead,thesis,01ff85c294945c8138a8326bbe68c7055b3604d1,2026-09-08T00:41:13.634512Z,2026-09-08T00:45:29.528578Z,2026-09-08T00:45:29.525194Z,109.0,178.284,100,1,read,795.7,1005.1,0,75.5,109.1,117.4,125.8,,,
20260908T004113Z_p4-chaos-dead,cockroachdb,chaos-dead,thesis,01ff85c294945c8138a8326bbe68c7055b3604d1,2026-09-08T00:41:13.634512Z,2026-09-08T00:45:29.528578Z,2026-09-08T00:45:29.525194Z,109.0,178.284,100,1,update,207.9,252.5,0,192.9,234.9,234.9,243.3,,,
20260908T004113Z_p4-chaos-dead,cockroachdb,chaos-dead,thesis,01ff85c294945c8138a8326bbe68c7055b3604d1,2026-09-08T00:41:13.634512Z,2026-09-08T00:45:29.528578Z,2026-09-08T00:45:29.525194Z,110.0,179.284,100,1,read,1037.3,1005.4,0,56.6,71.3,79.7,92.3,,,
20260908T004113Z_p4-chaos-dead,cockroachdb,chaos-dead,thesis,01ff85c294945c8138a8326bbe68c7055b3604d1,2026-09-08T00:41:13.634512Z,2026-09-08T00:45:29.528578Z,2026-09-08T00:45:29.525194Z,110.0,179.284,100,1,update,259.8,252.6,0,159.4,184.5,192.9,201.3,,,
20260908T004113Z_p4-chaos-dead,cockroachdb,chaos-dead,thesis,01ff85c294945c8138a8326bbe68c7055b3604d1,2026-09-08T00:41:13.634512Z,2026-09-08T00:45:29.528578Z,2026-09-08T00:45:29.525194Z,111.0,180.284,100,1,read,1068.1,1005.9,0,54.5,62.9,67.1,75.5,,,
20260908T004113Z_p4-chaos-dead,cockroachdb,chaos-dead,thesis,01ff85c294945c8138a8326bbe68c7055b3604d1,2026-09-08T00:41:13.634512Z,2026-09-08T00:45:29.528578Z,2026-09-08T00:45:29.525194Z,111.0,180.284,100,1,update,272.0,252.7,0,159.4,167.8,167.8,176.2,,,
20260908T004113Z_p4-chaos-dead,cockroachdb,chaos-dead,thesis,01ff85c294945c8138a8326bbe68c7055b3604d1,2026-09-08T00:41:13.634512Z,2026-09-08T00:45:29.528578Z,2026-09-08T00:45:29.525194Z,112.0,181.284,100,1,read,1040.1,1006.2,0,58.7,71.3,83.9,92.3,,,
20260908T004113Z_p4-chaos-dead,cockroachdb,chaos-dead,thesis,01ff85c294945c8138a8326bbe68c7055b3604d1,2026-09-08T00:41:13.634512Z,2026-09-08T00:45:29.528578Z,2026-09-08T00:45:29.525194Z,112.0,181.284,100,1,update,238.0,252.6,0,159.4,184.5,201.3,201.3,,,
20260908T004113Z_p4-chaos-dead,cockroachdb,chaos-dead,thesis,01ff85c294945c8138a8326bbe68c7055b3604d1,2026-09-08T00:41:13.634512Z,2026-09-08T00:45:29.528578Z,2026-09-08T00:45:29.525194Z,113.0,182.283,100,1,read,979.7,1006.0,0,56.6,71.3,83.9,96.5,,,
20260908T004113Z_p4-chaos-dead,cockroachdb,chaos-dead,thesis,01ff85c294945c8138a8326bbe68c7055b3604d1,2026-09-08T00:41:13.634512Z,2026-09-08T00:45:29.528578Z,2026-09-08T00:45:29.525194Z,113.0,182.283,100,1,update,268.2,252.8,0,167.8,192.9,209.7,218.1,,,
20260908T004113Z_p4-chaos-dead,cockroachdb,chaos-dead,thesis,01ff85c294945c8138a8326bbe68c7055b3604d1,2026-09-08T00:41:13.634512Z,2026-09-08T00:45:29.528578Z,2026-09-08T00:45:29.525194Z,114.0,183.283,100,1,read,1004.2,1006.0,0,56.6,71.3,75.5,134.2,,,
20260908T004113Z_p4-chaos-dead,cockroachdb,chaos-dead,thesis,01ff85c294945c8138a8326bbe68c7055b3604d1,2026-09-08T00:41:13.634512Z,2026-09-08T00:45:29.528578Z,2026-09-08T00:45:29.525194Z,114.0,183.283,100,1,update,258.0,252.8,0,159.4,176.2,184.5,192.9,,,
20260908T004113Z_p4-chaos-dead,cockroachdb,chaos-dead,thesis,01ff85c294945c8138a8326bbe68c7055b3604d1,2026-09-08T00:41:13.634512Z,2026-09-08T00:45:29.528578Z,2026-09-08T00:45:29.525194Z,115.0,184.285,100,1,read,1127.3,1007.0,0,54.5,62.9,71.3,75.5,,,
20260908T004113Z_p4-chaos-dead,cockroachdb,chaos-dead,thesis,01ff85c294945c8138a8326bbe68c7055b3604d1,2026-09-08T00:41:13.634512Z,2026-09-08T00:45:29.528578Z,2026-09-08T00:45:29.525194Z,115.0,184.285,100,1,update,257.8,252.8,0,159.4,167.8,176.2,176.2,,,
20260908T004113Z_p4-chaos-dead,cockroachdb,chaos-dead,thesis,01ff85c294945c8138a8326bbe68c7055b3604d1,2026-09-08T00:41:13.634512Z,2026-09-08T00:45:29.528578Z,2026-09-08T00:45:29.525194Z,116.0,185.285,100,1,read,1044.7,1007.4,0,54.5,62.9,71.3,75.5,,,
20260908T004113Z_p4-chaos-dead,cockroachdb,chaos-dead,thesis,01ff85c294945c8138a8326bbe68c7055b3604d1,2026-09-08T00:41:13.634512Z,2026-09-08T00:45:29.528578Z,2026-09-08T00:45:29.525194Z,116.0,185.285,100,1,update,267.9,253.0,0,159.4,167.8,167.8,176.2,,,
20260908T004113Z_p4-chaos-dead,cockroachdb,chaos-dead,thesis,01ff85c294945c8138a8326bbe68c7055b3604d1,2026-09-08T00:41:13.634512Z,2026-09-08T00:45:29.528578Z,2026-09-08T00:45:29.525194Z,117.0,186.286,100,1,read,1040.1,1007.7,0,54.5,62.9,71.3,79.7,,,
20260908T004113Z_p4-chaos-dead,cockroachdb,chaos-dead,thesis,01ff85c294945c8138a8326bbe68c7055b3604d1,2026-09-08T00:41:13.634512Z,2026-09-08T00:45:29.528578Z,2026-09-08T00:45:29.525194Z,117.0,186.286,100,1,update,277.0,253.2,0,159.4,167.8,176.2,176.2,,,
20260908T004113Z_p4-chaos-dead,cockroachdb,chaos-dead,thesis,01ff85c294945c8138a8326bbe68c7055b3604d1,2026-09-08T00:41:13.634512Z,2026-09-08T00:45:29.528578Z,2026-09-08T00:45:29.525194Z,118.0,187.284,100,1,read,1027.8,1007.8,0,56.6,65.0,71.3,71.3,,,
20260908T004113Z_p4-chaos-dead,cockroachdb,chaos-dead,thesis,01ff85c294945c8138a8326bbe68c7055b3604d1,2026-09-08T00:41:13.634512Z,2026-09-08T00:45:29.528578Z,2026-09-08T00:45:29.525194Z,118.0,187.284,100,1,update,275.2,253.4,0,159.4,167.8,167.8,176.2,,,
20260908T004113Z_p4-chaos-dead,cockroachdb,chaos-dead,thesis,01ff85c294945c8138a8326bbe68c7055b3604d1,2026-09-08T00:41:13.634512Z,2026-09-08T00:45:29.528578Z,2026-09-08T00:45:29.525194Z,119.0,188.284,100,1,read,1003.3,1007.8,0,54.5,71.3,79.7,88.1,,,
20260908T004113Z_p4-chaos-dead,cockroachdb,chaos-dead,thesis,01ff85c294945c8138a8326bbe68c7055b3604d1,2026-09-08T00:41:13.634512Z,2026-09-08T00:45:29.528578Z,2026-09-08T00:45:29.525194Z,119.0,188.284,100,1,update,274.8,253.5,0,159.4,184.5,192.9,201.3,,,
20260908T004113Z_p4-chaos-dead,cockroachdb,chaos-dead,thesis,01ff85c294945c8138a8326bbe68c7055b3604d1,2026-09-08T00:41:13.634512Z,2026-09-08T00:45:29.528578Z,2026-09-08T00:45:29.525194Z,120.0,189.286,100,1,read,834.3,1006.3,0,75.5,96.5,100.7,109.1,,,
20260908T004113Z_p4-chaos-dead,cockroachdb,chaos-dead,thesis,01ff85c294945c8138a8326bbe68c7055b3604d1,2026-09-08T00:41:13.634512Z,2026-09-08T00:45:29.528578Z,2026-09-08T00:45:29.525194Z,120.0,189.286,100,1,update,199.1,253.1,0,192.9,218.1,226.5,226.5,,,
20260908T004113Z_p4-chaos-dead,cockroachdb,chaos-dead,thesis,01ff85c294945c8138a8326bbe68c7055b3604d1,2026-09-08T00:41:13.634512Z,2026-09-08T00:45:29.528578Z,2026-09-08T00:45:29.525194Z,121.0,190.285,100,1,read,865.1,1005.2,0,71.3,100.7,109.1,113.2,,,
20260908T004113Z_p4-chaos-dead,cockroachdb,chaos-dead,thesis,01ff85c294945c8138a8326bbe68c7055b3604d1,2026-09-08T00:41:13.634512Z,2026-09-08T00:45:29.528578Z,2026-09-08T00:45:29.525194Z,121.0,190.285,100,1,update,211.0,252.7,0,184.5,226.5,234.9,234.9,,,
20260908T004113Z_p4-chaos-dead,cockroachdb,chaos-dead,thesis,01ff85c294945c8138a8326bbe68c7055b3604d1,2026-09-08T00:41:13.634512Z,2026-09-08T00:45:29.528578Z,2026-09-08T00:45:29.525194Z,122.0,191.284,100,1,read,1025.7,1005.3,0,58.7,75.5,83.9,92.3,,,
20260908T004113Z_p4-chaos-dead,cockroachdb,chaos-dead,thesis,01ff85c294945c8138a8326bbe68c7055b3604d1,2026-09-08T00:41:13.634512Z,2026-09-08T00:45:29.528578Z,2026-09-08T00:45:29.525194Z,122.0,191.284,100,1,update,246.9,252.7,0,159.4,184.5,192.9,201.3,,,
20260908T004113Z_p4-chaos-dead,cockroachdb,chaos-dead,thesis,01ff85c294945c8138a8326bbe68c7055b3604d1,2026-09-08T00:41:13.634512Z,2026-09-08T00:45:29.528578Z,2026-09-08T00:45:29.525194Z,123.0,192.283,100,1,read,974.3,1005.1,0,56.6,75.5,88.1,104.9,,,
20260908T004113Z_p4-chaos-dead,cockroachdb,chaos-dead,thesis,01ff85c294945c8138a8326bbe68c7055b3604d1,2026-09-08T00:41:13.634512Z,2026-09-08T00:45:29.528578Z,2026-09-08T00:45:29.525194Z,123.0,192.283,100,1,update,265.1,252.8,0,159.4,192.9,201.3,209.7,,,
20260908T004113Z_p4-chaos-dead,cockroachdb,chaos-dead,thesis,01ff85c294945c8138a8326bbe68c7055b3604d1,2026-09-08T00:41:13.634512Z,2026-09-08T00:45:29.528578Z,2026-09-08T00:45:29.525194Z,124.0,193.284,100,1,read,1060.8,1005.5,0,56.6,65.0,67.1,71.3,,,
20260908T004113Z_p4-chaos-dead,cockroachdb,chaos-dead,thesis,01ff85c294945c8138a8326bbe68c7055b3604d1,2026-09-08T00:41:13.634512Z,2026-09-08T00:45:29.528578Z,2026-09-08T00:45:29.525194Z,124.0,193.284,100,1,update,256.0,252.8,0,159.4,167.8,167.8,176.2,,,
20260908T004113Z_p4-chaos-dead,cockroachdb,chaos-dead,thesis,01ff85c294945c8138a8326bbe68c7055b3604d1,2026-09-08T00:41:13.634512Z,2026-09-08T00:45:29.528578Z,2026-09-08T00:45:29.525194Z,125.0,194.284,100,1,read,1043.0,1005.8,0,56.6,65.0,71.3,113.2,,,
20260908T004113Z_p4-chaos-dead,cockroachdb,chaos-dead,thesis,01ff85c294945c8138a8326bbe68c7055b3604d1,2026-09-08T00:41:13.634512Z,2026-09-08T00:45:29.528578Z,2026-09-08T00:45:29.525194Z,125.0,194.284,100,1,update,260.0,252.9,0,159.4,176.2,176.2,176.2,,,
20260908T004113Z_p4-chaos-dead,cockroachdb,chaos-dead,thesis,01ff85c294945c8138a8326bbe68c7055b3604d1,2026-09-08T00:41:13.634512Z,2026-09-08T00:45:29.528578Z,2026-09-08T00:45:29.525194Z,126.0,195.284,100,1,read,1021.4,1006.0,0,56.6,71.3,88.1,100.7,,,
20260908T004113Z_p4-chaos-dead,cockroachdb,chaos-dead,thesis,01ff85c294945c8138a8326bbe68c7055b3604d1,2026-09-08T00:41:13.634512Z,2026-09-08T00:45:29.528578Z,2026-09-08T00:45:29.525194Z,126.0,195.284,100,1,update,264.1,253.0,0,159.4,176.2,184.5,209.7,,,
20260908T004113Z_p4-chaos-dead,cockroachdb,chaos-dead,thesis,01ff85c294945c8138a8326bbe68c7055b3604d1,2026-09-08T00:41:13.634512Z,2026-09-08T00:45:29.528578Z,2026-09-08T00:45:29.525194Z,127.0,196.284,100,1,read,989.6,1005.8,0,56.6,65.0,71.3,79.7,,,
20260908T004113Z_p4-chaos-dead,cockroachdb,chaos-dead,thesis,01ff85c294945c8138a8326bbe68c7055b3604d1,2026-09-08T00:41:13.634512Z,2026-09-08T00:45:29.528578Z,2026-09-08T00:45:29.525194Z,127.0,196.284,100,1,update,264.9,253.1,0,159.4,234.9,251.7,260.0,,,
20260908T004113Z_p4-chaos-dead,cockroachdb,chaos-dead,thesis,01ff85c294945c8138a8326bbe68c7055b3604d1,2026-09-08T00:41:13.634512Z,2026-09-08T00:45:29.528578Z,2026-09-08T00:45:29.525194Z,128.0,197.285,100,1,read,1050.1,1006.2,0,56.6,71.3,75.5,83.9,,,
20260908T004113Z_p4-chaos-dead,cockroachdb,chaos-dead,thesis,01ff85c294945c8138a8326bbe68c7055b3604d1,2026-09-08T00:41:13.634512Z,2026-09-08T00:45:29.528578Z,2026-09-08T00:45:29.525194Z,128.0,197.285,100,1,update,246.0,253.0,0,159.4,176.2,176.2,176.2,,,
20260908T004113Z_p4-chaos-dead,cockroachdb,chaos-dead,thesis,01ff85c294945c8138a8326bbe68c7055b3604d1,2026-09-08T00:41:13.634512Z,2026-09-08T00:45:29.528578Z,2026-09-08T00:45:29.525194Z,129.0,198.283,100,1,read,899.8,1005.4,0,67.1,83.9,88.1,92.3,,,
20260908T004113Z_p4-chaos-dead,cockroachdb,chaos-dead,thesis,01ff85c294945c8138a8326bbe68c7055b3604d1,2026-09-08T00:41:13.634512Z,2026-09-08T00:45:29.528578Z,2026-09-08T00:45:29.525194Z,129.0,198.283,100,1,update,232.9,252.9,0,176.2,192.9,201.3,201.3,,,
20260908T004113Z_p4-chaos-dead,cockroachdb,chaos-dead,thesis,01ff85c294945c8138a8326bbe68c7055b3604d1,2026-09-08T00:41:13.634512Z,2026-09-08T00:45:29.528578Z,2026-09-08T00:45:29.525194Z,130.0,199.285,100,1,read,906.4,1004.6,0,65.0,88.1,104.9,117.4,,,
20260908T004113Z_p4-chaos-dead,cockroachdb,chaos-dead,thesis,01ff85c294945c8138a8326bbe68c7055b3604d1,2026-09-08T00:41:13.634512Z,2026-09-08T00:45:29.528578Z,2026-09-08T00:45:29.525194Z,130.0,199.285,100,1,update,235.1,252.7,0,176.2,201.3,218.1,226.5,,,
20260908T004113Z_p4-chaos-dead,cockroachdb,chaos-dead,thesis,01ff85c294945c8138a8326bbe68c7055b3604d1,2026-09-08T00:41:13.634512Z,2026-09-08T00:45:29.528578Z,2026-09-08T00:45:29.525194Z,131.0,200.284,100,1,read,994.9,1004.5,0,56.6,75.5,100.7,100.7,,,
20260908T004113Z_p4-chaos-dead,cockroachdb,chaos-dead,thesis,01ff85c294945c8138a8326bbe68c7055b3604d1,2026-09-08T00:41:13.634512Z,2026-09-08T00:45:29.528578Z,2026-09-08T00:45:29.525194Z,131.0,200.284,100,1,update,239.0,252.6,0,167.8,234.9,243.3,251.7,,,
20260908T004113Z_p4-chaos-dead,cockroachdb,chaos-dead,thesis,01ff85c294945c8138a8326bbe68c7055b3604d1,2026-09-08T00:41:13.634512Z,2026-09-08T00:45:29.528578Z,2026-09-08T00:45:29.525194Z,132.0,201.285,100,1,read,1036.4,1004.8,0,56.6,75.5,88.1,100.7,,,
20260908T004113Z_p4-chaos-dead,cockroachdb,chaos-dead,thesis,01ff85c294945c8138a8326bbe68c7055b3604d1,2026-09-08T00:41:13.634512Z,2026-09-08T00:45:29.528578Z,2026-09-08T00:45:29.525194Z,132.0,201.285,100,1,update,238.9,252.5,0,167.8,192.9,209.7,218.1,,,
20260908T004113Z_p4-chaos-dead,cockroachdb,chaos-dead,thesis,01ff85c294945c8138a8326bbe68c7055b3604d1,2026-09-08T00:41:13.634512Z,2026-09-08T00:45:29.528578Z,2026-09-08T00:45:29.525194Z,133.0,202.284,100,1,read,883.0,1003.8,0,71.3,96.5,104.9,109.1,,,
20260908T004113Z_p4-chaos-dead,cockroachdb,chaos-dead,thesis,01ff85c294945c8138a8326bbe68c7055b3604d1,2026-09-08T00:41:13.634512Z,2026-09-08T00:45:29.528578Z,2026-09-08T00:45:29.525194Z,133.0,202.284,100,1,update,219.0,252.3,0,176.2,218.1,234.9,243.3,,,
20260908T004113Z_p4-chaos-dead,cockroachdb,chaos-dead,thesis,01ff85c294945c8138a8326bbe68c7055b3604d1,2026-09-08T00:41:13.634512Z,2026-09-08T00:45:29.528578Z,2026-09-08T00:45:29.525194Z,134.0,203.284,100,1,read,1037.3,1004.1,0,54.5,65.0,75.5,83.9,,,
20260908T004113Z_p4-chaos-dead,cockroachdb,chaos-dead,thesis,01ff85c294945c8138a8326bbe68c7055b3604d1,2026-09-08T00:41:13.634512Z,2026-09-08T00:45:29.528578Z,2026-09-08T00:45:29.525194Z,134.0,203.284,100,1,update,285.1,252.5,0,159.4,167.8,184.5,201.3,,,
20260908T004113Z_p4-chaos-dead,cockroachdb,chaos-dead,thesis,01ff85c294945c8138a8326bbe68c7055b3604d1,2026-09-08T00:41:13.634512Z,2026-09-08T00:45:29.528578Z,2026-09-08T00:45:29.525194Z,135.0,204.284,100,1,read,951.3,1003.7,0,58.7,75.5,88.1,88.1,,,
20260908T004113Z_p4-chaos-dead,cockroachdb,chaos-dead,thesis,01ff85c294945c8138a8326bbe68c7055b3604d1,2026-09-08T00:41:13.634512Z,2026-09-08T00:45:29.528578Z,2026-09-08T00:45:29.525194Z,135.0,204.284,100,1,update,260.1,252.6,0,159.4,184.5,192.9,201.3,,,
20260908T004113Z_p4-chaos-dead,cockroachdb,chaos-dead,thesis,01ff85c294945c8138a8326bbe68c7055b3604d1,2026-09-08T00:41:13.634512Z,2026-09-08T00:45:29.528578Z,2026-09-08T00:45:29.525194Z,136.0,205.285,100,1,read,870.3,1002.7,0,65.0,88.1,92.3,113.2,,,
20260908T004113Z_p4-chaos-dead,cockroachdb,chaos-dead,thesis,01ff85c294945c8138a8326bbe68c7055b3604d1,2026-09-08T00:41:13.634512Z,2026-09-08T00:45:29.528578Z,2026-09-08T00:45:29.525194Z,136.0,205.285,100,1,update,243.8,252.5,0,176.2,209.7,251.7,260.0,,,
20260908T004113Z_p4-chaos-dead,cockroachdb,chaos-dead,thesis,01ff85c294945c8138a8326bbe68c7055b3604d1,2026-09-08T00:41:13.634512Z,2026-09-08T00:45:29.528578Z,2026-09-08T00:45:29.525194Z,137.0,206.284,100,1,read,936.7,1002.2,0,62.9,88.1,92.3,96.5,,,
20260908T004113Z_p4-chaos-dead,cockroachdb,chaos-dead,thesis,01ff85c294945c8138a8326bbe68c7055b3604d1,2026-09-08T00:41:13.634512Z,2026-09-08T00:45:29.528578Z,2026-09-08T00:45:29.525194Z,137.0,206.284,100,1,update,235.2,252.4,0,176.2,192.9,209.7,226.5,,,
20260908T004113Z_p4-chaos-dead,cockroachdb,chaos-dead,thesis,01ff85c294945c8138a8326bbe68c7055b3604d1,2026-09-08T00:41:13.634512Z,2026-09-08T00:45:29.528578Z,2026-09-08T00:45:29.525194Z,138.0,207.284,100,1,read,791.7,1000.7,0,67.1,96.5,109.1,125.8,,,
20260908T004113Z_p4-chaos-dead,cockroachdb,chaos-dead,thesis,01ff85c294945c8138a8326bbe68c7055b3604d1,2026-09-08T00:41:13.634512Z,2026-09-08T00:45:29.528578Z,2026-09-08T00:45:29.525194Z,138.0,207.284,100,1,update,244.9,252.3,0,176.2,209.7,243.3,251.7,,,
20260908T004113Z_p4-chaos-dead,cockroachdb,chaos-dead,thesis,01ff85c294945c8138a8326bbe68c7055b3604d1,2026-09-08T00:41:13.634512Z,2026-09-08T00:45:29.528578Z,2026-09-08T00:45:29.525194Z,139.0,208.284,100,1,read,868.1,999.8,0,71.3,92.3,109.1,121.6,,,
20260908T004113Z_p4-chaos-dead,cockroachdb,chaos-dead,thesis,01ff85c294945c8138a8326bbe68c7055b3604d1,2026-09-08T00:41:13.634512Z,2026-09-08T00:45:29.528578Z,2026-09-08T00:45:29.525194Z,139.0,208.284,100,1,update,235.0,252.2,0,176.2,218.1,226.5,226.5,,,
20260908T004113Z_p4-chaos-dead,cockroachdb,chaos-dead,thesis,01ff85c294945c8138a8326bbe68c7055b3604d1,2026-09-08T00:41:13.634512Z,2026-09-08T00:45:29.528578Z,2026-09-08T00:45:29.525194Z,140.0,209.285,100,1,read,883.8,998.9,0,67.1,96.5,104.9,121.6,,,
20260908T004113Z_p4-chaos-dead,cockroachdb,chaos-dead,thesis,01ff85c294945c8138a8326bbe68c7055b3604d1,2026-09-08T00:41:13.634512Z,2026-09-08T00:45:29.528578Z,2026-09-08T00:45:29.525194Z,140.0,209.285,100,1,update,222.9,252.0,0,184.5,209.7,226.5,226.5,,,
20260908T004113Z_p4-chaos-dead,cockroachdb,chaos-dead,thesis,01ff85c294945c8138a8326bbe68c7055b3604d1,2026-09-08T00:41:13.634512Z,2026-09-08T00:45:29.528578Z,2026-09-08T00:45:29.525194Z,141.0,210.286,100,1,read,866.1,998.0,0,65.0,96.5,121.6,151.0,,,
20260908T004113Z_p4-chaos-dead,cockroachdb,chaos-dead,thesis,01ff85c294945c8138a8326bbe68c7055b3604d1,2026-09-08T00:41:13.634512Z,2026-09-08T00:45:29.528578Z,2026-09-08T00:45:29.525194Z,141.0,210.286,100,1,update,236.0,251.9,0,167.8,201.3,226.5,234.9,,,
20260908T004113Z_p4-chaos-dead,cockroachdb,chaos-dead,thesis,01ff85c294945c8138a8326bbe68c7055b3604d1,2026-09-08T00:41:13.634512Z,2026-09-08T00:45:29.528578Z,2026-09-08T00:45:29.525194Z,142.0,211.284,100,1,read,903.0,997.3,0,67.1,92.3,109.1,113.2,,,
20260908T004113Z_p4-chaos-dead,cockroachdb,chaos-dead,thesis,01ff85c294945c8138a8326bbe68c7055b3604d1,2026-09-08T00:41:13.634512Z,2026-09-08T00:45:29.528578Z,2026-09-08T00:45:29.525194Z,142.0,211.284,100,1,update,200.0,251.5,0,184.5,209.7,218.1,226.5,,,
20260908T004113Z_p4-chaos-dead,cockroachdb,chaos-dead,thesis,01ff85c294945c8138a8326bbe68c7055b3604d1,2026-09-08T00:41:13.634512Z,2026-09-08T00:45:29.528578Z,2026-09-08T00:45:29.525194Z,143.0,212.284,100,1,read,969.4,997.1,0,58.7,88.1,100.7,104.9,,,
20260908T004113Z_p4-chaos-dead,cockroachdb,chaos-dead,thesis,01ff85c294945c8138a8326bbe68c7055b3604d1,2026-09-08T00:41:13.634512Z,2026-09-08T00:45:29.528578Z,2026-09-08T00:45:29.525194Z,143.0,212.284,100,1,update,262.1,251.6,0,167.8,243.3,285.2,302.0,,,
20260908T004113Z_p4-chaos-dead,cockroachdb,chaos-dead,thesis,01ff85c294945c8138a8326bbe68c7055b3604d1,2026-09-08T00:41:13.634512Z,2026-09-08T00:45:29.528578Z,2026-09-08T00:45:29.525194Z,144.0,213.287,100,1,read,1032.9,997.4,0,56.6,67.1,88.1,96.5,,,
20260908T004113Z_p4-chaos-dead,cockroachdb,chaos-dead,thesis,01ff85c294945c8138a8326bbe68c7055b3604d1,2026-09-08T00:41:13.634512Z,2026-09-08T00:45:29.528578Z,2026-09-08T00:45:29.525194Z,144.0,213.287,100,1,update,265.7,251.7,0,159.4,167.8,184.5,184.5,,,
20260908T004113Z_p4-chaos-dead,cockroachdb,chaos-dead,thesis,01ff85c294945c8138a8326bbe68c7055b3604d1,2026-09-08T00:41:13.634512Z,2026-09-08T00:45:29.528578Z,2026-09-08T00:45:29.525194Z,145.0,214.285,100,1,read,1039.4,997.7,0,56.6,67.1,75.5,83.9,,,
20260908T004113Z_p4-chaos-dead,cockroachdb,chaos-dead,thesis,01ff85c294945c8138a8326bbe68c7055b3604d1,2026-09-08T00:41:13.634512Z,2026-09-08T00:45:29.528578Z,2026-09-08T00:45:29.525194Z,145.0,214.285,100,1,update,257.1,251.7,0,159.4,176.2,184.5,184.5,,,
20260908T004113Z_p4-chaos-dead,cockroachdb,chaos-dead,thesis,01ff85c294945c8138a8326bbe68c7055b3604d1,2026-09-08T00:41:13.634512Z,2026-09-08T00:45:29.528578Z,2026-09-08T00:45:29.525194Z,146.0,215.284,100,1,read,1043.8,998.0,0,56.6,67.1,71.3,75.5,,,
20260908T004113Z_p4-chaos-dead,cockroachdb,chaos-dead,thesis,01ff85c294945c8138a8326bbe68c7055b3604d1,2026-09-08T00:41:13.634512Z,2026-09-08T00:45:29.528578Z,2026-09-08T00:45:29.525194Z,146.0,215.284,100,1,update,264.2,251.8,0,159.4,167.8,176.2,184.5,,,
20260908T004113Z_p4-chaos-dead,cockroachdb,chaos-dead,thesis,01ff85c294945c8138a8326bbe68c7055b3604d1,2026-09-08T00:41:13.634512Z,2026-09-08T00:45:29.528578Z,2026-09-08T00:45:29.525194Z,147.0,216.284,100,1,read,1058.0,998.4,0,56.6,75.5,92.3,96.5,,,
20260908T004113Z_p4-chaos-dead,cockroachdb,chaos-dead,thesis,01ff85c294945c8138a8326bbe68c7055b3604d1,2026-09-08T00:41:13.634512Z,2026-09-08T00:45:29.528578Z,2026-09-08T00:45:29.525194Z,147.0,216.284,100,1,update,249.0,251.8,0,159.4,176.2,192.9,318.8,,,
20260908T004113Z_p4-chaos-dead,cockroachdb,chaos-dead,thesis,01ff85c294945c8138a8326bbe68c7055b3604d1,2026-09-08T00:41:13.634512Z,2026-09-08T00:45:29.528578Z,2026-09-08T00:45:29.525194Z,148.0,217.285,100,1,read,1014.6,998.5,0,56.6,65.0,71.3,167.8,,,
20260908T004113Z_p4-chaos-dead,cockroachdb,chaos-dead,thesis,01ff85c294945c8138a8326bbe68c7055b3604d1,2026-09-08T00:41:13.634512Z,2026-09-08T00:45:29.528578Z,2026-09-08T00:45:29.525194Z,148.0,217.285,100,1,update,277.9,252.0,0,159.4,167.8,184.5,184.5,,,
20260908T004113Z_p4-chaos-dead,cockroachdb,chaos-dead,thesis,01ff85c294945c8138a8326bbe68c7055b3604d1,2026-09-08T00:41:13.634512Z,2026-09-08T00:45:29.528578Z,2026-09-08T00:45:29.525194Z,149.0,218.284,100,1,read,908.2,997.9,0,71.3,92.3,104.9,109.1,,,
20260908T004113Z_p4-chaos-dead,cockroachdb,chaos-dead,thesis,01ff85c294945c8138a8326bbe68c7055b3604d1,2026-09-08T00:41:13.634512Z,2026-09-08T00:45:29.528578Z,2026-09-08T00:45:29.525194Z,149.0,218.284,100,1,update,204.0,251.6,0,176.2,218.1,218.1,234.9,,,
20260908T004113Z_p4-chaos-dead,cockroachdb,chaos-dead,thesis,01ff85c294945c8138a8326bbe68c7055b3604d1,2026-09-08T00:41:13.634512Z,2026-09-08T00:45:29.528578Z,2026-09-08T00:45:29.525194Z,150.0,219.286,100,1,read,1002.0,997.9,0,54.5,65.0,71.3,79.7,,,
20260908T004113Z_p4-chaos-dead,cockroachdb,chaos-dead,thesis,01ff85c294945c8138a8326bbe68c7055b3604d1,2026-09-08T00:41:13.634512Z,2026-09-08T00:45:29.528578Z,2026-09-08T00:45:29.525194Z,150.0,219.286,100,1,update,294.7,251.9,0,159.4,176.2,184.5,192.9,,,
20260908T004113Z_p4-chaos-dead,cockroachdb,chaos-dead,thesis,01ff85c294945c8138a8326bbe68c7055b3604d1,2026-09-08T00:41:13.634512Z,2026-09-08T00:45:29.528578Z,2026-09-08T00:45:29.525194Z,151.0,220.283,100,1,read,1000.2,997.9,0,54.5,65.0,75.5,83.9,,,
20260908T004113Z_p4-chaos-dead,cockroachdb,chaos-dead,thesis,01ff85c294945c8138a8326bbe68c7055b3604d1,2026-09-08T00:41:13.634512Z,2026-09-08T00:45:29.528578Z,2026-09-08T00:45:29.525194Z,151.0,220.283,100,1,update,281.3,252.1,0,159.4,167.8,176.2,184.5,,,
20260908T004113Z_p4-chaos-dead,cockroachdb,chaos-dead,thesis,01ff85c294945c8138a8326bbe68c7055b3604d1,2026-09-08T00:41:13.634512Z,2026-09-08T00:45:29.528578Z,2026-09-08T00:45:29.525194Z,152.0,221.29,100,1,read,1057.4,998.3,0,56.6,67.1,71.3,88.1,,,
20260908T004113Z_p4-chaos-dead,cockroachdb,chaos-dead,thesis,01ff85c294945c8138a8326bbe68c7055b3604d1,2026-09-08T00:41:13.634512Z,2026-09-08T00:45:29.528578Z,2026-09-08T00:45:29.525194Z,152.0,221.29,100,1,update,256.8,252.1,0,159.4,176.2,176.2,192.9,,,
20260908T004113Z_p4-chaos-dead,cockroachdb,chaos-dead,thesis,01ff85c294945c8138a8326bbe68c7055b3604d1,2026-09-08T00:41:13.634512Z,2026-09-08T00:45:29.528578Z,2026-09-08T00:45:29.525194Z,153.0,222.295,100,1,read,1005.9,998.4,0,56.6,75.5,88.1,125.8,,,
20260908T004113Z_p4-chaos-dead,cockroachdb,chaos-dead,thesis,01ff85c294945c8138a8326bbe68c7055b3604d1,2026-09-08T00:41:13.634512Z,2026-09-08T00:45:29.528578Z,2026-09-08T00:45:29.525194Z,153.0,222.295,100,1,update,261.0,252.2,0,159.4,201.3,209.7,218.1,,,
20260908T004113Z_p4-chaos-dead,cockroachdb,chaos-dead,thesis,01ff85c294945c8138a8326bbe68c7055b3604d1,2026-09-08T00:41:13.634512Z,2026-09-08T00:45:29.528578Z,2026-09-08T00:45:29.525194Z,154.0,223.291,100,1,read,1022.3,998.5,0,56.6,71.3,75.5,79.7,,,
20260908T004113Z_p4-chaos-dead,cockroachdb,chaos-dead,thesis,01ff85c294945c8138a8326bbe68c7055b3604d1,2026-09-08T00:41:13.634512Z,2026-09-08T00:45:29.528578Z,2026-09-08T00:45:29.525194Z,154.0,223.291,100,1,update,263.1,252.3,0,159.4,176.2,184.5,184.5,,,
20260908T004113Z_p4-chaos-dead,cockroachdb,chaos-dead,thesis,01ff85c294945c8138a8326bbe68c7055b3604d1,2026-09-08T00:41:13.634512Z,2026-09-08T00:45:29.528578Z,2026-09-08T00:45:29.525194Z,155.0,224.291,100,1,read,1004.9,998.6,0,58.7,71.3,79.7,83.9,,,
20260908T004113Z_p4-chaos-dead,cockroachdb,chaos-dead,thesis,01ff85c294945c8138a8326bbe68c7055b3604d1,2026-09-08T00:41:13.634512Z,2026-09-08T00:45:29.528578Z,2026-09-08T00:45:29.525194Z,155.0,224.291,100,1,update,248.0,252.2,0,167.8,176.2,192.9,201.3,,,
20260908T004113Z_p4-chaos-dead,cockroachdb,chaos-dead,thesis,01ff85c294945c8138a8326bbe68c7055b3604d1,2026-09-08T00:41:13.634512Z,2026-09-08T00:45:29.528578Z,2026-09-08T00:45:29.525194Z,156.0,225.291,100,1,read,1017.1,998.7,0,56.6,71.3,75.5,83.9,,,
20260908T004113Z_p4-chaos-dead,cockroachdb,chaos-dead,thesis,01ff85c294945c8138a8326bbe68c7055b3604d1,2026-09-08T00:41:13.634512Z,2026-09-08T00:45:29.528578Z,2026-09-08T00:45:29.525194Z,156.0,225.291,100,1,update,256.0,252.3,0,159.4,176.2,192.9,201.3,,,
20260908T004113Z_p4-chaos-dead,cockroachdb,chaos-dead,thesis,01ff85c294945c8138a8326bbe68c7055b3604d1,2026-09-08T00:41:13.634512Z,2026-09-08T00:45:29.528578Z,2026-09-08T00:45:29.525194Z,157.0,226.29,100,1,read,1007.2,998.7,0,56.6,67.1,75.5,117.4,,,
20260908T004113Z_p4-chaos-dead,cockroachdb,chaos-dead,thesis,01ff85c294945c8138a8326bbe68c7055b3604d1,2026-09-08T00:41:13.634512Z,2026-09-08T00:45:29.528578Z,2026-09-08T00:45:29.525194Z,157.0,226.29,100,1,update,276.0,252.4,0,159.4,176.2,184.5,192.9,,,
20260908T004113Z_p4-chaos-dead,cockroachdb,chaos-dead,thesis,01ff85c294945c8138a8326bbe68c7055b3604d1,2026-09-08T00:41:13.634512Z,2026-09-08T00:45:29.528578Z,2026-09-08T00:45:29.525194Z,158.0,227.284,100,1,read,1065.5,999.2,0,56.6,62.9,71.3,96.5,,,
20260908T004113Z_p4-chaos-dead,cockroachdb,chaos-dead,thesis,01ff85c294945c8138a8326bbe68c7055b3604d1,2026-09-08T00:41:13.634512Z,2026-09-08T00:45:29.528578Z,2026-09-08T00:45:29.525194Z,158.0,227.284,100,1,update,257.9,252.5,0,159.4,167.8,176.2,176.2,,,
20260908T004113Z_p4-chaos-dead,cockroachdb,chaos-dead,thesis,01ff85c294945c8138a8326bbe68c7055b3604d1,2026-09-08T00:41:13.634512Z,2026-09-08T00:45:29.528578Z,2026-09-08T00:45:29.525194Z,159.0,228.281,100,1,read,1051.5,999.5,0,56.6,65.0,71.3,71.3,,,
20260908T004113Z_p4-chaos-dead,cockroachdb,chaos-dead,thesis,01ff85c294945c8138a8326bbe68c7055b3604d1,2026-09-08T00:41:13.634512Z,2026-09-08T00:45:29.528578Z,2026-09-08T00:45:29.525194Z,159.0,228.281,100,1,update,265.1,252.5,0,159.4,167.8,176.2,176.2,,,
20260908T004113Z_p4-chaos-dead,cockroachdb,chaos-dead,thesis,01ff85c294945c8138a8326bbe68c7055b3604d1,2026-09-08T00:41:13.634512Z,2026-09-08T00:45:29.528578Z,2026-09-08T00:45:29.525194Z,160.0,229.285,100,1,read,1083.7,1000.0,0,56.6,67.1,75.5,83.9,,,
20260908T004113Z_p4-chaos-dead,cockroachdb,chaos-dead,thesis,01ff85c294945c8138a8326bbe68c7055b3604d1,2026-09-08T00:41:13.634512Z,2026-09-08T00:45:29.528578Z,2026-09-08T00:45:29.525194Z,160.0,229.285,100,1,update,239.9,252.5,0,159.4,184.5,192.9,192.9,,,
20260908T004113Z_p4-chaos-dead,cockroachdb,chaos-dead,thesis,01ff85c294945c8138a8326bbe68c7055b3604d1,2026-09-08T00:41:13.634512Z,2026-09-08T00:45:29.528578Z,2026-09-08T00:45:29.525194Z,161.0,230.281,100,1,read,1056.4,1000.4,0,56.6,62.9,67.1,151.0,,,
20260908T004113Z_p4-chaos-dead,cockroachdb,chaos-dead,thesis,01ff85c294945c8138a8326bbe68c7055b3604d1,2026-09-08T00:41:13.634512Z,2026-09-08T00:45:29.528578Z,2026-09-08T00:45:29.525194Z,161.0,230.281,100,1,update,269.1,252.6,0,159.4,167.8,167.8,176.2,,,
20260908T004113Z_p4-chaos-dead,cockroachdb,chaos-dead,thesis,01ff85c294945c8138a8326bbe68c7055b3604d1,2026-09-08T00:41:13.634512Z,2026-09-08T00:45:29.528578Z,2026-09-08T00:45:29.525194Z,162.0,231.281,100,1,read,854.1,999.5,0,71.3,92.3,96.5,104.9,,,
20260908T004113Z_p4-chaos-dead,cockroachdb,chaos-dead,thesis,01ff85c294945c8138a8326bbe68c7055b3604d1,2026-09-08T00:41:13.634512Z,2026-09-08T00:45:29.528578Z,2026-09-08T00:45:29.525194Z,162.0,231.281,100,1,update,209.0,252.3,0,184.5,218.1,226.5,226.5,,,
20260908T004113Z_p4-chaos-dead,cockroachdb,chaos-dead,thesis,01ff85c294945c8138a8326bbe68c7055b3604d1,2026-09-08T00:41:13.634512Z,2026-09-08T00:45:29.528578Z,2026-09-08T00:45:29.525194Z,163.0,232.285,100,1,read,775.7,998.1,0,83.9,109.1,121.6,134.2,,,
20260908T004113Z_p4-chaos-dead,cockroachdb,chaos-dead,thesis,01ff85c294945c8138a8326bbe68c7055b3604d1,2026-09-08T00:41:13.634512Z,2026-09-08T00:45:29.528578Z,2026-09-08T00:45:29.525194Z,163.0,232.285,100,1,update,188.9,251.9,0,209.7,260.0,285.2,302.0,,,
20260908T004113Z_p4-chaos-dead,cockroachdb,chaos-dead,thesis,01ff85c294945c8138a8326bbe68c7055b3604d1,2026-09-08T00:41:13.634512Z,2026-09-08T00:45:29.528578Z,2026-09-08T00:45:29.525194Z,164.0,233.285,100,1,read,1055.2,998.4,0,54.5,65.0,79.7,83.9,,,
20260908T004113Z_p4-chaos-dead,cockroachdb,chaos-dead,thesis,01ff85c294945c8138a8326bbe68c7055b3604d1,2026-09-08T00:41:13.634512Z,2026-09-08T00:45:29.528578Z,2026-09-08T00:45:29.525194Z,164.0,233.285,100,1,update,260.1,252.0,0,159.4,176.2,184.5,184.5,,,
20260908T004113Z_p4-chaos-dead,cockroachdb,chaos-dead,thesis,01ff85c294945c8138a8326bbe68c7055b3604d1,2026-09-08T00:41:13.634512Z,2026-09-08T00:45:29.528578Z,2026-09-08T00:45:29.525194Z,165.0,234.285,100,1,read,1074.4,998.9,0,56.6,67.1,75.5,83.9,,,
20260908T004113Z_p4-chaos-dead,cockroachdb,chaos-dead,thesis,01ff85c294945c8138a8326bbe68c7055b3604d1,2026-09-08T00:41:13.634512Z,2026-09-08T00:45:29.528578Z,2026-09-08T00:45:29.525194Z,165.0,234.285,100,1,update,238.9,251.9,0,159.4,176.2,176.2,184.5,,,
20260908T004113Z_p4-chaos-dead,cockroachdb,chaos-dead,thesis,01ff85c294945c8138a8326bbe68c7055b3604d1,2026-09-08T00:41:13.634512Z,2026-09-08T00:45:29.528578Z,2026-09-08T00:45:29.525194Z,166.0,235.29,100,1,read,1086.3,999.4,0,54.5,58.7,62.9,71.3,,,
20260908T004113Z_p4-chaos-dead,cockroachdb,chaos-dead,thesis,01ff85c294945c8138a8326bbe68c7055b3604d1,2026-09-08T00:41:13.634512Z,2026-09-08T00:45:29.528578Z,2026-09-08T00:45:29.525194Z,166.0,235.29,100,1,update,277.1,252.0,0,159.4,159.4,167.8,176.2,,,
20260908T004113Z_p4-chaos-dead,cockroachdb,chaos-dead,thesis,01ff85c294945c8138a8326bbe68c7055b3604d1,2026-09-08T00:41:13.634512Z,2026-09-08T00:45:29.528578Z,2026-09-08T00:45:29.525194Z,167.0,236.281,100,1,read,1002.4,999.4,0,56.6,65.0,71.3,75.5,,,
20260908T004113Z_p4-chaos-dead,cockroachdb,chaos-dead,thesis,01ff85c294945c8138a8326bbe68c7055b3604d1,2026-09-08T00:41:13.634512Z,2026-09-08T00:45:29.528578Z,2026-09-08T00:45:29.525194Z,167.0,236.281,100,1,update,273.1,252.1,0,159.4,176.2,176.2,184.5,,,
20260908T004113Z_p4-chaos-dead,cockroachdb,chaos-dead,thesis,01ff85c294945c8138a8326bbe68c7055b3604d1,2026-09-08T00:41:13.634512Z,2026-09-08T00:45:29.528578Z,2026-09-08T00:45:29.525194Z,168.0,237.281,100,1,read,1041.9,999.7,0,56.6,60.8,67.1,75.5,,,
20260908T004113Z_p4-chaos-dead,cockroachdb,chaos-dead,thesis,01ff85c294945c8138a8326bbe68c7055b3604d1,2026-09-08T00:41:13.634512Z,2026-09-08T00:45:29.528578Z,2026-09-08T00:45:29.525194Z,168.0,237.281,100,1,update,274.0,252.3,0,159.4,167.8,167.8,176.2,,,
20260908T004113Z_p4-chaos-dead,cockroachdb,chaos-dead,thesis,01ff85c294945c8138a8326bbe68c7055b3604d1,2026-09-08T00:41:13.634512Z,2026-09-08T00:45:29.528578Z,2026-09-08T00:45:29.525194Z,169.0,238.285,100,1,read,1053.7,1000.0,0,56.6,62.9,67.1,71.3,,,
20260908T004113Z_p4-chaos-dead,cockroachdb,chaos-dead,thesis,01ff85c294945c8138a8326bbe68c7055b3604d1,2026-09-08T00:41:13.634512Z,2026-09-08T00:45:29.528578Z,2026-09-08T00:45:29.525194Z,169.0,238.285,100,1,update,271.9,252.4,0,159.4,167.8,167.8,176.2,,,
20260908T004113Z_p4-chaos-dead,cockroachdb,chaos-dead,thesis,01ff85c294945c8138a8326bbe68c7055b3604d1,2026-09-08T00:41:13.634512Z,2026-09-08T00:45:29.528578Z,2026-09-08T00:45:29.525194Z,170.0,239.281,100,1,read,1099.1,1000.6,0,54.5,60.8,65.0,71.3,,,
20260908T004113Z_p4-chaos-dead,cockroachdb,chaos-dead,thesis,01ff85c294945c8138a8326bbe68c7055b3604d1,2026-09-08T00:41:13.634512Z,2026-09-08T00:45:29.528578Z,2026-09-08T00:45:29.525194Z,170.0,239.281,100,1,update,261.0,252.4,0,159.4,167.8,176.2,176.2,,,
20260908T004113Z_p4-chaos-dead,cockroachdb,chaos-dead,thesis,01ff85c294945c8138a8326bbe68c7055b3604d1,2026-09-08T00:41:13.634512Z,2026-09-08T00:45:29.528578Z,2026-09-08T00:45:29.525194Z,171.0,240.286,100,1,read,1056.3,1000.9,0,56.6,62.9,71.3,75.5,,,
20260908T004113Z_p4-chaos-dead,cockroachdb,chaos-dead,thesis,01ff85c294945c8138a8326bbe68c7055b3604d1,2026-09-08T00:41:13.634512Z,2026-09-08T00:45:29.528578Z,2026-09-08T00:45:29.525194Z,171.0,240.286,100,1,update,266.1,252.5,0,159.4,167.8,176.2,176.2,,,
20260908T004113Z_p4-chaos-dead,cockroachdb,chaos-dead,thesis,01ff85c294945c8138a8326bbe68c7055b3604d1,2026-09-08T00:41:13.634512Z,2026-09-08T00:45:29.528578Z,2026-09-08T00:45:29.525194Z,172.0,241.285,100,1,read,1044.0,1001.2,0,58.7,79.7,83.9,88.1,,,
20260908T004113Z_p4-chaos-dead,cockroachdb,chaos-dead,thesis,01ff85c294945c8138a8326bbe68c7055b3604d1,2026-09-08T00:41:13.634512Z,2026-09-08T00:45:29.528578Z,2026-09-08T00:45:29.525194Z,172.0,241.285,100,1,update,228.8,252.4,0,159.4,184.5,201.3,218.1,,,
20260908T004113Z_p4-chaos-dead,cockroachdb,chaos-dead,thesis,01ff85c294945c8138a8326bbe68c7055b3604d1,2026-09-08T00:41:13.634512Z,2026-09-08T00:45:29.528578Z,2026-09-08T00:45:29.525194Z,173.0,242.281,100,1,read,922.9,1000.7,0,62.9,92.3,109.1,125.8,,,
20260908T004113Z_p4-chaos-dead,cockroachdb,chaos-dead,thesis,01ff85c294945c8138a8326bbe68c7055b3604d1,2026-09-08T00:41:13.634512Z,2026-09-08T00:45:29.528578Z,2026-09-08T00:45:29.525194Z,173.0,242.281,100,1,update,232.0,252.3,0,167.8,201.3,209.7,218.1,,,
20260908T004113Z_p4-chaos-dead,cockroachdb,chaos-dead,thesis,01ff85c294945c8138a8326bbe68c7055b3604d1,2026-09-08T00:41:13.634512Z,2026-09-08T00:45:29.528578Z,2026-09-08T00:45:29.525194Z,174.0,243.282,100,1,read,967.9,1000.5,0,56.6,88.1,109.1,117.4,,,
20260908T004113Z_p4-chaos-dead,cockroachdb,chaos-dead,thesis,01ff85c294945c8138a8326bbe68c7055b3604d1,2026-09-08T00:41:13.634512Z,2026-09-08T00:45:29.528578Z,2026-09-08T00:45:29.525194Z,174.0,243.282,100,1,update,255.0,252.3,0,167.8,209.7,218.1,226.5,,,
20260908T004113Z_p4-chaos-dead,cockroachdb,chaos-dead,thesis,01ff85c294945c8138a8326bbe68c7055b3604d1,2026-09-08T00:41:13.634512Z,2026-09-08T00:45:29.528578Z,2026-09-08T00:45:29.525194Z,175.0,244.282,100,1,read,1082.9,1001.0,0,56.6,65.0,79.7,151.0,,,
20260908T004113Z_p4-chaos-dead,cockroachdb,chaos-dead,thesis,01ff85c294945c8138a8326bbe68c7055b3604d1,2026-09-08T00:41:13.634512Z,2026-09-08T00:45:29.528578Z,2026-09-08T00:45:29.525194Z,175.0,244.282,100,1,update,252.2,252.3,0,159.4,176.2,184.5,192.9,,,
20260908T004113Z_p4-chaos-dead,cockroachdb,chaos-dead,thesis,01ff85c294945c8138a8326bbe68c7055b3604d1,2026-09-08T00:41:13.634512Z,2026-09-08T00:45:29.528578Z,2026-09-08T00:45:29.525194Z,176.0,245.282,100,1,read,1011.5,1001.1,0,56.6,65.0,71.3,79.7,,,
20260908T004113Z_p4-chaos-dead,cockroachdb,chaos-dead,thesis,01ff85c294945c8138a8326bbe68c7055b3604d1,2026-09-08T00:41:13.634512Z,2026-09-08T00:45:29.528578Z,2026-09-08T00:45:29.525194Z,176.0,245.282,100,1,update,267.9,252.4,0,159.4,167.8,176.2,184.5,,,
20260908T004113Z_p4-chaos-dead,cockroachdb,chaos-dead,thesis,01ff85c294945c8138a8326bbe68c7055b3604d1,2026-09-08T00:41:13.634512Z,2026-09-08T00:45:29.528578Z,2026-09-08T00:45:29.525194Z,177.0,246.284,100,1,read,1067.0,1001.4,0,56.6,62.9,65.0,71.3,,,
20260908T004113Z_p4-chaos-dead,cockroachdb,chaos-dead,thesis,01ff85c294945c8138a8326bbe68c7055b3604d1,2026-09-08T00:41:13.634512Z,2026-09-08T00:45:29.528578Z,2026-09-08T00:45:29.525194Z,177.0,246.284,100,1,update,263.0,252.4,0,159.4,167.8,176.2,184.5,,,
20260908T004113Z_p4-chaos-dead,cockroachdb,chaos-dead,thesis,01ff85c294945c8138a8326bbe68c7055b3604d1,2026-09-08T00:41:13.634512Z,2026-09-08T00:45:29.528578Z,2026-09-08T00:45:29.525194Z,178.0,247.281,100,1,read,1016.7,1001.5,0,56.6,65.0,71.3,79.7,,,
20260908T004113Z_p4-chaos-dead,cockroachdb,chaos-dead,thesis,01ff85c294945c8138a8326bbe68c7055b3604d1,2026-09-08T00:41:13.634512Z,2026-09-08T00:45:29.528578Z,2026-09-08T00:45:29.525194Z,178.0,247.281,100,1,update,281.2,252.6,0,159.4,167.8,167.8,184.5,,,
20260908T004113Z_p4-chaos-dead,cockroachdb,chaos-dead,thesis,01ff85c294945c8138a8326bbe68c7055b3604d1,2026-09-08T00:41:13.634512Z,2026-09-08T00:45:29.528578Z,2026-09-08T00:45:29.525194Z,179.0,248.282,100,1,read,1084.4,1002.0,0,56.6,62.9,65.0,100.7,,,
20260908T004113Z_p4-chaos-dead,cockroachdb,chaos-dead,thesis,01ff85c294945c8138a8326bbe68c7055b3604d1,2026-09-08T00:41:13.634512Z,2026-09-08T00:45:29.528578Z,2026-09-08T00:45:29.525194Z,179.0,248.282,100,1,update,250.9,252.6,0,159.4,167.8,176.2,176.2,,,
20260908T004113Z_p4-chaos-dead,cockroachdb,chaos-dead,thesis,01ff85c294945c8138a8326bbe68c7055b3604d1,2026-09-08T00:41:13.634512Z,2026-09-08T00:45:29.528578Z,2026-09-08T00:45:29.525194Z,180.0,249.281,100,1,read,1016.8,1002.1,0,58.7,79.7,83.9,92.3,,,
20260908T004113Z_p4-chaos-dead,cockroachdb,chaos-dead,thesis,01ff85c294945c8138a8326bbe68c7055b3604d1,2026-09-08T00:41:13.634512Z,2026-09-08T00:45:29.528578Z,2026-09-08T00:45:29.525194Z,180.0,249.281,100,1,update,234.2,252.5,0,167.8,192.9,201.3,201.3,,,
20260908T031454Z_p4-chaos-dead,cockroachdb,chaos-dead,thesis,9d2dcf84917da48f6a7ea8ea5d5fcca12cd94578,2026-09-08T03:14:54.551426Z,2026-09-08T03:17:24.236162Z,2026-09-08T03:17:24.234599Z,1.0,75.006,100,1,read,14.9,978.4,0,58.7,109.1,142.6,142.6,,,
20260908T031454Z_p4-chaos-dead,cockroachdb,chaos-dead,thesis,9d2dcf84917da48f6a7ea8ea5d5fcca12cd94578,2026-09-08T03:14:54.551426Z,2026-09-08T03:17:24.236162Z,2026-09-08T03:17:24.234599Z,1.0,75.006,100,1,update,3.1,199.9,0,167.8,209.7,234.9,234.9,,,
20260908T031454Z_p4-chaos-dead,cockroachdb,chaos-dead,thesis,9d2dcf84917da48f6a7ea8ea5d5fcca12cd94578,2026-09-08T03:14:54.551426Z,2026-09-08T03:17:24.236162Z,2026-09-08T03:17:24.234599Z,2.0,76.001,100,1,read,1035.3,1006.8,0,58.7,71.3,75.5,79.7,,,
20260908T031454Z_p4-chaos-dead,cockroachdb,chaos-dead,thesis,9d2dcf84917da48f6a7ea8ea5d5fcca12cd94578,2026-09-08T03:14:54.551426Z,2026-09-08T03:17:24.236162Z,2026-09-08T03:17:24.234599Z,2.0,76.001,100,1,update,244.1,222.0,0,167.8,176.2,184.5,192.9,,,
20260908T031454Z_p4-chaos-dead,cockroachdb,chaos-dead,thesis,9d2dcf84917da48f6a7ea8ea5d5fcca12cd94578,2026-09-08T03:14:54.551426Z,2026-09-08T03:17:24.236162Z,2026-09-08T03:17:24.234599Z,3.0,77.002,100,1,read,992.9,1002.3,0,58.7,65.0,71.3,75.5,,,
20260908T031454Z_p4-chaos-dead,cockroachdb,chaos-dead,thesis,9d2dcf84917da48f6a7ea8ea5d5fcca12cd94578,2026-09-08T03:14:54.551426Z,2026-09-08T03:17:24.236162Z,2026-09-08T03:17:24.234599Z,3.0,77.002,100,1,update,268.0,237.3,0,159.4,176.2,176.2,184.5,,,
20260908T031454Z_p4-chaos-dead,cockroachdb,chaos-dead,thesis,9d2dcf84917da48f6a7ea8ea5d5fcca12cd94578,2026-09-08T03:14:54.551426Z,2026-09-08T03:17:24.236162Z,2026-09-08T03:17:24.234599Z,4.0,78.015,100,1,read,1010.9,1004.4,0,58.7,75.5,79.7,92.3,,,
20260908T031454Z_p4-chaos-dead,cockroachdb,chaos-dead,thesis,9d2dcf84917da48f6a7ea8ea5d5fcca12cd94578,2026-09-08T03:14:54.551426Z,2026-09-08T03:17:24.236162Z,2026-09-08T03:17:24.234599Z,4.0,78.015,100,1,update,248.0,240.0,0,159.4,184.5,192.9,201.3,,,
20260908T031454Z_p4-chaos-dead,cockroachdb,chaos-dead,thesis,9d2dcf84917da48f6a7ea8ea5d5fcca12cd94578,2026-09-08T03:14:54.551426Z,2026-09-08T03:17:24.236162Z,2026-09-08T03:17:24.234599Z,5.0,79.002,100,1,read,851.8,973.9,0,65.0,96.5,109.1,113.2,,,
20260908T031454Z_p4-chaos-dead,cockroachdb,chaos-dead,thesis,9d2dcf84917da48f6a7ea8ea5d5fcca12cd94578,2026-09-08T03:14:54.551426Z,2026-09-08T03:17:24.236162Z,2026-09-08T03:17:24.234599Z,5.0,79.002,100,1,update,233.9,238.8,0,176.2,218.1,226.5,226.5,,,
20260908T031454Z_p4-chaos-dead,cockroachdb,chaos-dead,thesis,9d2dcf84917da48f6a7ea8ea5d5fcca12cd94578,2026-09-08T03:14:54.551426Z,2026-09-08T03:17:24.236162Z,2026-09-08T03:17:24.234599Z,6.0,80.005,100,1,read,835.7,950.8,0,65.0,113.2,130.0,142.6,,,
20260908T031454Z_p4-chaos-dead,cockroachdb,chaos-dead,thesis,9d2dcf84917da48f6a7ea8ea5d5fcca12cd94578,2026-09-08T03:14:54.551426Z,2026-09-08T03:17:24.236162Z,2026-09-08T03:17:24.234599Z,6.0,80.005,100,1,update,203.2,232.8,0,176.2,251.7,260.0,260.0,,,
20260908T031454Z_p4-chaos-dead,cockroachdb,chaos-dead,thesis,9d2dcf84917da48f6a7ea8ea5d5fcca12cd94578,2026-09-08T03:14:54.551426Z,2026-09-08T03:17:24.236162Z,2026-09-08T03:17:24.234599Z,7.0,81.004,100,1,read,929.7,947.8,0,62.9,75.5,83.9,159.4,,,
20260908T031454Z_p4-chaos-dead,cockroachdb,chaos-dead,thesis,9d2dcf84917da48f6a7ea8ea5d5fcca12cd94578,2026-09-08T03:14:54.551426Z,2026-09-08T03:17:24.236162Z,2026-09-08T03:17:24.234599Z,7.0,81.004,100,1,update,253.9,235.8,0,167.8,192.9,218.1,226.5,,,
20260908T031454Z_p4-chaos-dead,cockroachdb,chaos-dead,thesis,9d2dcf84917da48f6a7ea8ea5d5fcca12cd94578,2026-09-08T03:14:54.551426Z,2026-09-08T03:17:24.236162Z,2026-09-08T03:17:24.234599Z,8.0,82.008,100,1,read,930.2,945.6,0,60.8,75.5,88.1,96.5,,,
20260908T031454Z_p4-chaos-dead,cockroachdb,chaos-dead,thesis,9d2dcf84917da48f6a7ea8ea5d5fcca12cd94578,2026-09-08T03:14:54.551426Z,2026-09-08T03:17:24.236162Z,2026-09-08T03:17:24.234599Z,8.0,82.008,100,1,update,266.1,239.6,0,167.8,192.9,201.3,201.3,,,
20260908T031454Z_p4-chaos-dead,cockroachdb,chaos-dead,thesis,9d2dcf84917da48f6a7ea8ea5d5fcca12cd94578,2026-09-08T03:14:54.551426Z,2026-09-08T03:17:24.236162Z,2026-09-08T03:17:24.234599Z,9.0,83.004,100,1,read,1068.3,959.2,0,56.6,71.3,83.9,92.3,,,
20260908T031454Z_p4-chaos-dead,cockroachdb,chaos-dead,thesis,9d2dcf84917da48f6a7ea8ea5d5fcca12cd94578,2026-09-08T03:14:54.551426Z,2026-09-08T03:17:24.236162Z,2026-09-08T03:17:24.234599Z,9.0,83.004,100,1,update,235.8,239.2,0,159.4,176.2,184.5,184.5,,,
20260908T031454Z_p4-chaos-dead,cockroachdb,chaos-dead,thesis,9d2dcf84917da48f6a7ea8ea5d5fcca12cd94578,2026-09-08T03:14:54.551426Z,2026-09-08T03:17:24.236162Z,2026-09-08T03:17:24.234599Z,10.0,84.003,100,1,read,872.8,950.6,0,67.1,109.1,117.4,125.8,,,
20260908T031454Z_p4-chaos-dead,cockroachdb,chaos-dead,thesis,9d2dcf84917da48f6a7ea8ea5d5fcca12cd94578,2026-09-08T03:14:54.551426Z,2026-09-08T03:17:24.236162Z,2026-09-08T03:17:24.234599Z,10.0,84.003,100,1,update,225.0,237.8,0,176.2,226.5,234.9,243.3,,,
20260908T031454Z_p4-chaos-dead,cockroachdb,chaos-dead,thesis,9d2dcf84917da48f6a7ea8ea5d5fcca12cd94578,2026-09-08T03:14:54.551426Z,2026-09-08T03:17:24.236162Z,2026-09-08T03:17:24.234599Z,11.0,85.003,100,1,read,947.4,950.3,0,56.6,71.3,75.5,96.5,,,
20260908T031454Z_p4-chaos-dead,cockroachdb,chaos-dead,thesis,9d2dcf84917da48f6a7ea8ea5d5fcca12cd94578,2026-09-08T03:14:54.551426Z,2026-09-08T03:17:24.236162Z,2026-09-08T03:17:24.234599Z,11.0,85.003,100,1,update,280.1,241.6,0,159.4,176.2,184.5,184.5,,,
20260908T031454Z_p4-chaos-dead,cockroachdb,chaos-dead,thesis,9d2dcf84917da48f6a7ea8ea5d5fcca12cd94578,2026-09-08T03:14:54.551426Z,2026-09-08T03:17:24.236162Z,2026-09-08T03:17:24.234599Z,12.0,86.003,100,1,read,967.4,951.7,0,58.7,79.7,92.3,100.7,,,
20260908T031454Z_p4-chaos-dead,cockroachdb,chaos-dead,thesis,9d2dcf84917da48f6a7ea8ea5d5fcca12cd94578,2026-09-08T03:14:54.551426Z,2026-09-08T03:17:24.236162Z,2026-09-08T03:17:24.234599Z,12.0,86.003,100,1,update,259.1,243.1,0,167.8,201.3,209.7,209.7,,,
20260908T031454Z_p4-chaos-dead,cockroachdb,chaos-dead,thesis,9d2dcf84917da48f6a7ea8ea5d5fcca12cd94578,2026-09-08T03:14:54.551426Z,2026-09-08T03:17:24.236162Z,2026-09-08T03:17:24.234599Z,13.0,87.003,100,1,read,1026.0,957.5,0,58.7,71.3,79.7,83.9,,,
20260908T031454Z_p4-chaos-dead,cockroachdb,chaos-dead,thesis,9d2dcf84917da48f6a7ea8ea5d5fcca12cd94578,2026-09-08T03:14:54.551426Z,2026-09-08T03:17:24.236162Z,2026-09-08T03:17:24.234599Z,13.0,87.003,100,1,update,256.0,244.1,0,159.4,176.2,184.5,192.9,,,
20260908T031454Z_p4-chaos-dead,cockroachdb,chaos-dead,thesis,9d2dcf84917da48f6a7ea8ea5d5fcca12cd94578,2026-09-08T03:14:54.551426Z,2026-09-08T03:17:24.236162Z,2026-09-08T03:17:24.234599Z,14.0,88.005,100,1,read,1038.6,963.2,0,56.6,71.3,79.7,83.9,,,
20260908T031454Z_p4-chaos-dead,cockroachdb,chaos-dead,thesis,9d2dcf84917da48f6a7ea8ea5d5fcca12cd94578,2026-09-08T03:14:54.551426Z,2026-09-08T03:17:24.236162Z,2026-09-08T03:17:24.234599Z,14.0,88.005,100,1,update,256.9,245.0,0,159.4,176.2,184.5,184.5,,,
20260908T031454Z_p4-chaos-dead,cockroachdb,chaos-dead,thesis,9d2dcf84917da48f6a7ea8ea5d5fcca12cd94578,2026-09-08T03:14:54.551426Z,2026-09-08T03:17:24.236162Z,2026-09-08T03:17:24.234599Z,15.0,89.004,100,1,read,1005.6,966.1,0,58.7,75.5,88.1,130.0,,,
20260908T031454Z_p4-chaos-dead,cockroachdb,chaos-dead,thesis,9d2dcf84917da48f6a7ea8ea5d5fcca12cd94578,2026-09-08T03:14:54.551426Z,2026-09-08T03:17:24.236162Z,2026-09-08T03:17:24.234599Z,15.0,89.004,100,1,update,240.9,244.7,0,167.8,184.5,201.3,243.3,,,
20260908T031454Z_p4-chaos-dead,cockroachdb,chaos-dead,thesis,9d2dcf84917da48f6a7ea8ea5d5fcca12cd94578,2026-09-08T03:14:54.551426Z,2026-09-08T03:17:24.236162Z,2026-09-08T03:17:24.234599Z,16.0,90.003,100,1,read,1019.3,969.4,0,58.7,75.5,79.7,88.1,,,
20260908T031454Z_p4-chaos-dead,cockroachdb,chaos-dead,thesis,9d2dcf84917da48f6a7ea8ea5d5fcca12cd94578,2026-09-08T03:14:54.551426Z,2026-09-08T03:17:24.236162Z,2026-09-08T03:17:24.234599Z,16.0,90.003,100,1,update,244.1,244.7,0,159.4,184.5,184.5,192.9,,,
20260908T031454Z_p4-chaos-dead,cockroachdb,chaos-dead,thesis,9d2dcf84917da48f6a7ea8ea5d5fcca12cd94578,2026-09-08T03:14:54.551426Z,2026-09-08T03:17:24.236162Z,2026-09-08T03:17:24.234599Z,17.0,91.004,100,1,read,1056.3,974.5,0,58.7,75.5,83.9,88.1,,,
20260908T031454Z_p4-chaos-dead,cockroachdb,chaos-dead,thesis,9d2dcf84917da48f6a7ea8ea5d5fcca12cd94578,2026-09-08T03:14:54.551426Z,2026-09-08T03:17:24.236162Z,2026-09-08T03:17:24.234599Z,17.0,91.004,100,1,update,233.1,244.0,0,167.8,192.9,218.1,226.5,,,
20260908T031454Z_p4-chaos-dead,cockroachdb,chaos-dead,thesis,9d2dcf84917da48f6a7ea8ea5d5fcca12cd94578,2026-09-08T03:14:54.551426Z,2026-09-08T03:17:24.236162Z,2026-09-08T03:17:24.234599Z,18.0,92.005,100,1,read,979.7,974.8,0,58.7,71.3,75.5,88.1,,,
20260908T031454Z_p4-chaos-dead,cockroachdb,chaos-dead,thesis,9d2dcf84917da48f6a7ea8ea5d5fcca12cd94578,2026-09-08T03:14:54.551426Z,2026-09-08T03:17:24.236162Z,2026-09-08T03:17:24.234599Z,18.0,92.005,100,1,update,265.9,245.2,0,167.8,184.5,192.9,201.3,,,
20260908T031454Z_p4-chaos-dead,cockroachdb,chaos-dead,thesis,9d2dcf84917da48f6a7ea8ea5d5fcca12cd94578,2026-09-08T03:14:54.551426Z,2026-09-08T03:17:24.236162Z,2026-09-08T03:17:24.234599Z,19.0,93.003,100,1,read,1038.2,978.1,0,56.6,65.0,75.5,75.5,,,
20260908T031454Z_p4-chaos-dead,cockroachdb,chaos-dead,thesis,9d2dcf84917da48f6a7ea8ea5d5fcca12cd94578,2026-09-08T03:14:54.551426Z,2026-09-08T03:17:24.236162Z,2026-09-08T03:17:24.234599Z,19.0,93.003,100,1,update,258.0,245.9,0,159.4,167.8,176.2,176.2,,,
20260908T031454Z_p4-chaos-dead,cockroachdb,chaos-dead,thesis,9d2dcf84917da48f6a7ea8ea5d5fcca12cd94578,2026-09-08T03:14:54.551426Z,2026-09-08T03:17:24.236162Z,2026-09-08T03:17:24.234599Z,20.0,94.003,100,1,read,1058.4,982.1,0,56.6,65.0,71.3,96.5,,,
20260908T031454Z_p4-chaos-dead,cockroachdb,chaos-dead,thesis,9d2dcf84917da48f6a7ea8ea5d5fcca12cd94578,2026-09-08T03:14:54.551426Z,2026-09-08T03:17:24.236162Z,2026-09-08T03:17:24.234599Z,20.0,94.003,100,1,update,259.1,246.5,0,159.4,167.8,176.2,176.2,,,
20260908T031454Z_p4-chaos-dead,cockroachdb,chaos-dead,thesis,9d2dcf84917da48f6a7ea8ea5d5fcca12cd94578,2026-09-08T03:14:54.551426Z,2026-09-08T03:17:24.236162Z,2026-09-08T03:17:24.234599Z,21.0,95.003,100,1,read,1000.9,983.0,0,56.6,67.1,75.5,83.9,,,
20260908T031454Z_p4-chaos-dead,cockroachdb,chaos-dead,thesis,9d2dcf84917da48f6a7ea8ea5d5fcca12cd94578,2026-09-08T03:14:54.551426Z,2026-09-08T03:17:24.236162Z,2026-09-08T03:17:24.234599Z,21.0,95.003,100,1,update,266.0,247.5,0,159.4,167.8,176.2,192.9,,,
20260908T031454Z_p4-chaos-dead,cockroachdb,chaos-dead,thesis,9d2dcf84917da48f6a7ea8ea5d5fcca12cd94578,2026-09-08T03:14:54.551426Z,2026-09-08T03:17:24.236162Z,2026-09-08T03:17:24.234599Z,22.0,96.003,100,1,read,1040.1,985.6,0,54.5,60.8,65.0,71.3,,,
20260908T031454Z_p4-chaos-dead,cockroachdb,chaos-dead,thesis,9d2dcf84917da48f6a7ea8ea5d5fcca12cd94578,2026-09-08T03:14:54.551426Z,2026-09-08T03:17:24.236162Z,2026-09-08T03:17:24.234599Z,22.0,96.003,100,1,update,280.0,249.0,0,159.4,184.5,209.7,218.1,,,
20260908T031454Z_p4-chaos-dead,cockroachdb,chaos-dead,thesis,9d2dcf84917da48f6a7ea8ea5d5fcca12cd94578,2026-09-08T03:14:54.551426Z,2026-09-08T03:17:24.236162Z,2026-09-08T03:17:24.234599Z,23.0,97.005,100,1,read,968.4,984.9,0,56.6,71.3,71.3,79.7,,,
20260908T031454Z_p4-chaos-dead,cockroachdb,chaos-dead,thesis,9d2dcf84917da48f6a7ea8ea5d5fcca12cd94578,2026-09-08T03:14:54.551426Z,2026-09-08T03:17:24.236162Z,2026-09-08T03:17:24.234599Z,23.0,97.005,100,1,update,280.8,250.3,0,159.4,176.2,184.5,184.5,,,
20260908T031454Z_p4-chaos-dead,cockroachdb,chaos-dead,thesis,9d2dcf84917da48f6a7ea8ea5d5fcca12cd94578,2026-09-08T03:14:54.551426Z,2026-09-08T03:17:24.236162Z,2026-09-08T03:17:24.234599Z,24.0,98.003,100,1,read,1024.0,986.5,0,58.7,71.3,75.5,113.2,,,
20260908T031454Z_p4-chaos-dead,cockroachdb,chaos-dead,thesis,9d2dcf84917da48f6a7ea8ea5d5fcca12cd94578,2026-09-08T03:14:54.551426Z,2026-09-08T03:17:24.236162Z,2026-09-08T03:17:24.234599Z,24.0,98.003,100,1,update,260.0,250.7,0,159.4,176.2,184.5,184.5,,,
20260908T031454Z_p4-chaos-dead,cockroachdb,chaos-dead,thesis,9d2dcf84917da48f6a7ea8ea5d5fcca12cd94578,2026-09-08T03:14:54.551426Z,2026-09-08T03:17:24.236162Z,2026-09-08T03:17:24.234599Z,25.0,99.005,100,1,read,1050.3,989.1,0,56.6,79.7,88.1,142.6,,,
20260908T031454Z_p4-chaos-dead,cockroachdb,chaos-dead,thesis,9d2dcf84917da48f6a7ea8ea5d5fcca12cd94578,2026-09-08T03:14:54.551426Z,2026-09-08T03:17:24.236162Z,2026-09-08T03:17:24.234599Z,25.0,99.005,100,1,update,244.8,250.5,0,159.4,176.2,201.3,201.3,,,
20260908T031454Z_p4-chaos-dead,cockroachdb,chaos-dead,thesis,9d2dcf84917da48f6a7ea8ea5d5fcca12cd94578,2026-09-08T03:14:54.551426Z,2026-09-08T03:17:24.236162Z,2026-09-08T03:17:24.234599Z,26.0,100.005,100,1,read,1071.9,992.2,0,56.6,71.3,79.7,151.0,,,
20260908T031454Z_p4-chaos-dead,cockroachdb,chaos-dead,thesis,9d2dcf84917da48f6a7ea8ea5d5fcca12cd94578,2026-09-08T03:14:54.551426Z,2026-09-08T03:17:24.236162Z,2026-09-08T03:17:24.234599Z,26.0,100.005,100,1,update,240.2,250.1,0,159.4,176.2,184.5,184.5,,,
20260908T031454Z_p4-chaos-dead,cockroachdb,chaos-dead,thesis,9d2dcf84917da48f6a7ea8ea5d5fcca12cd94578,2026-09-08T03:14:54.551426Z,2026-09-08T03:17:24.236162Z,2026-09-08T03:17:24.234599Z,27.0,101.012,100,1,read,1003.1,992.7,0,56.6,75.5,83.9,88.1,,,
20260908T031454Z_p4-chaos-dead,cockroachdb,chaos-dead,thesis,9d2dcf84917da48f6a7ea8ea5d5fcca12cd94578,2026-09-08T03:14:54.551426Z,2026-09-08T03:17:24.236162Z,2026-09-08T03:17:24.234599Z,27.0,101.012,100,1,update,260.0,250.5,0,159.4,184.5,201.3,201.3,,,
20260908T031454Z_p4-chaos-dead,cockroachdb,chaos-dead,thesis,9d2dcf84917da48f6a7ea8ea5d5fcca12cd94578,2026-09-08T03:14:54.551426Z,2026-09-08T03:17:24.236162Z,2026-09-08T03:17:24.234599Z,28.0,102.007,100,1,read,1001.4,993.0,0,58.7,75.5,79.7,88.1,,,
20260908T031454Z_p4-chaos-dead,cockroachdb,chaos-dead,thesis,9d2dcf84917da48f6a7ea8ea5d5fcca12cd94578,2026-09-08T03:14:54.551426Z,2026-09-08T03:17:24.236162Z,2026-09-08T03:17:24.234599Z,28.0,102.007,100,1,update,263.8,251.0,0,159.4,176.2,184.5,192.9,,,
20260908T031454Z_p4-chaos-dead,cockroachdb,chaos-dead,thesis,9d2dcf84917da48f6a7ea8ea5d5fcca12cd94578,2026-09-08T03:14:54.551426Z,2026-09-08T03:17:24.236162Z,2026-09-08T03:17:24.234599Z,29.0,103.005,100,1,read,1064.3,995.4,0,58.7,65.0,71.3,75.5,,,
20260908T031454Z_p4-chaos-dead,cockroachdb,chaos-dead,thesis,9d2dcf84917da48f6a7ea8ea5d5fcca12cd94578,2026-09-08T03:14:54.551426Z,2026-09-08T03:17:24.236162Z,2026-09-08T03:17:24.234599Z,29.0,103.005,100,1,update,248.1,250.9,0,159.4,167.8,176.2,176.2,,,
20260908T031454Z_p4-chaos-dead,cockroachdb,chaos-dead,thesis,9d2dcf84917da48f6a7ea8ea5d5fcca12cd94578,2026-09-08T03:14:54.551426Z,2026-09-08T03:17:24.236162Z,2026-09-08T03:17:24.234599Z,30.0,104.004,100,1,read,1096.2,998.8,0,56.6,67.1,79.7,83.9,,,
20260908T031454Z_p4-chaos-dead,cockroachdb,chaos-dead,thesis,9d2dcf84917da48f6a7ea8ea5d5fcca12cd94578,2026-09-08T03:14:54.551426Z,2026-09-08T03:17:24.236162Z,2026-09-08T03:17:24.234599Z,30.0,104.004,100,1,update,232.0,250.2,0,159.4,167.8,176.2,176.2,,,
20260908T031454Z_p4-chaos-dead,cockroachdb,chaos-dead,thesis,9d2dcf84917da48f6a7ea8ea5d5fcca12cd94578,2026-09-08T03:14:54.551426Z,2026-09-08T03:17:24.236162Z,2026-09-08T03:17:24.234599Z,31.0,105.005,100,1,read,1055.4,1000.6,0,54.5,62.9,71.3,75.5,,,
20260908T031454Z_p4-chaos-dead,cockroachdb,chaos-dead,thesis,9d2dcf84917da48f6a7ea8ea5d5fcca12cd94578,2026-09-08T03:14:54.551426Z,2026-09-08T03:17:24.236162Z,2026-09-08T03:17:24.234599Z,31.0,105.005,100,1,update,275.8,251.1,0,159.4,184.5,218.1,226.5,,,
20260908T031454Z_p4-chaos-dead,cockroachdb,chaos-dead,thesis,9d2dcf84917da48f6a7ea8ea5d5fcca12cd94578,2026-09-08T03:14:54.551426Z,2026-09-08T03:17:24.236162Z,2026-09-08T03:17:24.234599Z,32.0,106.005,100,1,read,1056.8,1002.4,0,56.6,65.0,67.1,121.6,,,
20260908T031454Z_p4-chaos-dead,cockroachdb,chaos-dead,thesis,9d2dcf84917da48f6a7ea8ea5d5fcca12cd94578,2026-09-08T03:14:54.551426Z,2026-09-08T03:17:24.236162Z,2026-09-08T03:17:24.234599Z,32.0,106.005,100,1,update,252.2,251.1,0,159.4,167.8,176.2,184.5,,,
20260908T031454Z_p4-chaos-dead,cockroachdb,chaos-dead,thesis,9d2dcf84917da48f6a7ea8ea5d5fcca12cd94578,2026-09-08T03:14:54.551426Z,2026-09-08T03:17:24.236162Z,2026-09-08T03:17:24.234599Z,33.0,107.007,100,1,read,998.3,1002.2,0,56.6,67.1,71.3,159.4,,,
20260908T031454Z_p4-chaos-dead,cockroachdb,chaos-dead,thesis,9d2dcf84917da48f6a7ea8ea5d5fcca12cd94578,2026-09-08T03:14:54.551426Z,2026-09-08T03:17:24.236162Z,2026-09-08T03:17:24.234599Z,33.0,107.007,100,1,update,273.8,251.8,0,159.4,167.8,176.2,176.2,,,
20260908T031454Z_p4-chaos-dead,cockroachdb,chaos-dead,thesis,9d2dcf84917da48f6a7ea8ea5d5fcca12cd94578,2026-09-08T03:14:54.551426Z,2026-09-08T03:17:24.236162Z,2026-09-08T03:17:24.234599Z,34.0,108.006,100,1,read,882.8,998.8,0,67.1,100.7,113.2,121.6,,,
20260908T031454Z_p4-chaos-dead,cockroachdb,chaos-dead,thesis,9d2dcf84917da48f6a7ea8ea5d5fcca12cd94578,2026-09-08T03:14:54.551426Z,2026-09-08T03:17:24.236162Z,2026-09-08T03:17:24.234599Z,34.0,108.006,100,1,update,211.0,250.6,0,176.2,218.1,218.1,234.9,,,
20260908T031454Z_p4-chaos-dead,cockroachdb,chaos-dead,thesis,9d2dcf84917da48f6a7ea8ea5d5fcca12cd94578,2026-09-08T03:14:54.551426Z,2026-09-08T03:17:24.236162Z,2026-09-08T03:17:24.234599Z,35.0,109.005,100,1,read,1007.1,999.0,0,54.5,67.1,79.7,96.5,,,
20260908T031454Z_p4-chaos-dead,cockroachdb,chaos-dead,thesis,9d2dcf84917da48f6a7ea8ea5d5fcca12cd94578,2026-09-08T03:14:54.551426Z,2026-09-08T03:17:24.236162Z,2026-09-08T03:17:24.234599Z,35.0,109.005,100,1,update,285.3,251.6,0,159.4,176.2,192.9,201.3,,,
20260908T031454Z_p4-chaos-dead,cockroachdb,chaos-dead,thesis,9d2dcf84917da48f6a7ea8ea5d5fcca12cd94578,2026-09-08T03:14:54.551426Z,2026-09-08T03:17:24.236162Z,2026-09-08T03:17:24.234599Z,36.0,110.012,100,1,read,988.0,998.7,0,56.6,65.0,75.5,100.7,,,
20260908T031454Z_p4-chaos-dead,cockroachdb,chaos-dead,thesis,9d2dcf84917da48f6a7ea8ea5d5fcca12cd94578,2026-09-08T03:14:54.551426Z,2026-09-08T03:17:24.236162Z,2026-09-08T03:17:24.234599Z,36.0,110.012,100,1,update,288.0,252.6,0,159.4,167.8,176.2,192.9,,,
20260908T031454Z_p4-chaos-dead,cockroachdb,chaos-dead,thesis,9d2dcf84917da48f6a7ea8ea5d5fcca12cd94578,2026-09-08T03:14:54.551426Z,2026-09-08T03:17:24.236162Z,2026-09-08T03:17:24.234599Z,37.0,111.008,100,1,read,1010.3,999.0,0,56.6,71.3,79.7,88.1,,,
20260908T031454Z_p4-chaos-dead,cockroachdb,chaos-dead,thesis,9d2dcf84917da48f6a7ea8ea5d5fcca12cd94578,2026-09-08T03:14:54.551426Z,2026-09-08T03:17:24.236162Z,2026-09-08T03:17:24.234599Z,37.0,111.008,100,1,update,257.8,252.7,0,159.4,184.5,201.3,218.1,,,
20260908T031454Z_p4-chaos-dead,cockroachdb,chaos-dead,thesis,9d2dcf84917da48f6a7ea8ea5d5fcca12cd94578,2026-09-08T03:14:54.551426Z,2026-09-08T03:17:24.236162Z,2026-09-08T03:17:24.234599Z,38.0,112.005,100,1,read,995.4,998.9,0,56.6,75.5,83.9,100.7,,,
20260908T031454Z_p4-chaos-dead,cockroachdb,chaos-dead,thesis,9d2dcf84917da48f6a7ea8ea5d5fcca12cd94578,2026-09-08T03:14:54.551426Z,2026-09-08T03:17:24.236162Z,2026-09-08T03:17:24.234599Z,38.0,112.005,100,1,update,261.1,252.9,0,159.4,184.5,192.9,192.9,,,
20260908T031454Z_p4-chaos-dead,cockroachdb,chaos-dead,thesis,9d2dcf84917da48f6a7ea8ea5d5fcca12cd94578,2026-09-08T03:14:54.551426Z,2026-09-08T03:17:24.236162Z,2026-09-08T03:17:24.234599Z,39.0,113.008,100,1,read,1045.7,1000.1,0,56.6,65.0,67.1,79.7,,,
20260908T031454Z_p4-chaos-dead,cockroachdb,chaos-dead,thesis,9d2dcf84917da48f6a7ea8ea5d5fcca12cd94578,2026-09-08T03:14:54.551426Z,2026-09-08T03:17:24.236162Z,2026-09-08T03:17:24.234599Z,39.0,113.008,100,1,update,262.9,253.2,0,159.4,167.8,176.2,184.5,,,
20260908T031454Z_p4-chaos-dead,cockroachdb,chaos-dead,thesis,9d2dcf84917da48f6a7ea8ea5d5fcca12cd94578,2026-09-08T03:14:54.551426Z,2026-09-08T03:17:24.236162Z,2026-09-08T03:17:24.234599Z,40.0,114.004,100,1,read,1048.1,1001.3,0,56.6,65.0,67.1,75.5,,,
20260908T031454Z_p4-chaos-dead,cockroachdb,chaos-dead,thesis,9d2dcf84917da48f6a7ea8ea5d5fcca12cd94578,2026-09-08T03:14:54.551426Z,2026-09-08T03:17:24.236162Z,2026-09-08T03:17:24.234599Z,40.0,114.004,100,1,update,271.0,253.6,0,159.4,167.8,167.8,176.2,,,
20260908T031454Z_p4-chaos-dead,cockroachdb,chaos-dead,thesis,9d2dcf84917da48f6a7ea8ea5d5fcca12cd94578,2026-09-08T03:14:54.551426Z,2026-09-08T03:17:24.236162Z,2026-09-08T03:17:24.234599Z,41.0,115.011,100,1,read,1035.6,1002.1,0,56.6,65.0,71.3,75.5,,,
20260908T031454Z_p4-chaos-dead,cockroachdb,chaos-dead,thesis,9d2dcf84917da48f6a7ea8ea5d5fcca12cd94578,2026-09-08T03:14:54.551426Z,2026-09-08T03:17:24.236162Z,2026-09-08T03:17:24.234599Z,41.0,115.011,100,1,update,260.9,253.8,0,159.4,184.5,234.9,234.9,,,
20260908T031454Z_p4-chaos-dead,cockroachdb,chaos-dead,thesis,9d2dcf84917da48f6a7ea8ea5d5fcca12cd94578,2026-09-08T03:14:54.551426Z,2026-09-08T03:17:24.236162Z,2026-09-08T03:17:24.234599Z,42.0,116.007,100,1,read,1020.3,1002.6,0,56.6,67.1,75.5,79.7,,,
20260908T031454Z_p4-chaos-dead,cockroachdb,chaos-dead,thesis,9d2dcf84917da48f6a7ea8ea5d5fcca12cd94578,2026-09-08T03:14:54.551426Z,2026-09-08T03:17:24.236162Z,2026-09-08T03:17:24.234599Z,42.0,116.007,100,1,update,276.1,254.4,0,159.4,167.8,176.2,184.5,,,
20260908T031454Z_p4-chaos-dead,cockroachdb,chaos-dead,thesis,9d2dcf84917da48f6a7ea8ea5d5fcca12cd94578,2026-09-08T03:14:54.551426Z,2026-09-08T03:17:24.236162Z,2026-09-08T03:17:24.234599Z,43.0,117.004,100,1,read,1103.4,1004.9,0,54.5,60.8,65.0,71.3,,,
20260908T031454Z_p4-chaos-dead,cockroachdb,chaos-dead,thesis,9d2dcf84917da48f6a7ea8ea5d5fcca12cd94578,2026-09-08T03:14:54.551426Z,2026-09-08T03:17:24.236162Z,2026-09-08T03:17:24.234599Z,43.0,117.004,100,1,update,264.1,254.6,0,151.0,159.4,167.8,176.2,,,
20260908T031454Z_p4-chaos-dead,cockroachdb,chaos-dead,thesis,9d2dcf84917da48f6a7ea8ea5d5fcca12cd94578,2026-09-08T03:14:54.551426Z,2026-09-08T03:17:24.236162Z,2026-09-08T03:17:24.234599Z,44.0,118.004,100,1,read,1076.9,1006.5,0,54.5,65.0,71.3,151.0,,,
20260908T031454Z_p4-chaos-dead,cockroachdb,chaos-dead,thesis,9d2dcf84917da48f6a7ea8ea5d5fcca12cd94578,2026-09-08T03:14:54.551426Z,2026-09-08T03:17:24.236162Z,2026-09-08T03:17:24.234599Z,44.0,118.004,100,1,update,262.0,254.7,0,159.4,167.8,176.2,176.2,,,
20260908T031454Z_p4-chaos-dead,cockroachdb,chaos-dead,thesis,9d2dcf84917da48f6a7ea8ea5d5fcca12cd94578,2026-09-08T03:14:54.551426Z,2026-09-08T03:17:24.236162Z,2026-09-08T03:17:24.234599Z,45.0,119.011,100,1,read,1075.7,1008.1,0,54.5,62.9,65.0,75.5,,,
20260908T031454Z_p4-chaos-dead,cockroachdb,chaos-dead,thesis,9d2dcf84917da48f6a7ea8ea5d5fcca12cd94578,2026-09-08T03:14:54.551426Z,2026-09-08T03:17:24.236162Z,2026-09-08T03:17:24.234599Z,45.0,119.011,100,1,update,274.9,255.2,0,159.4,167.8,167.8,176.2,,,
20260908T031454Z_p4-chaos-dead,cockroachdb,chaos-dead,thesis,9d2dcf84917da48f6a7ea8ea5d5fcca12cd94578,2026-09-08T03:14:54.551426Z,2026-09-08T03:17:24.236162Z,2026-09-08T03:17:24.234599Z,46.0,120.006,100,1,read,1029.4,1008.5,0,56.6,71.3,75.5,88.1,,,
20260908T031454Z_p4-chaos-dead,cockroachdb,chaos-dead,thesis,9d2dcf84917da48f6a7ea8ea5d5fcca12cd94578,2026-09-08T03:14:54.551426Z,2026-09-08T03:17:24.236162Z,2026-09-08T03:17:24.234599Z,46.0,120.006,100,1,update,264.1,255.4,0,159.4,176.2,184.5,192.9,,,
20260908T031454Z_p4-chaos-dead,cockroachdb,chaos-dead,thesis,9d2dcf84917da48f6a7ea8ea5d5fcca12cd94578,2026-09-08T03:14:54.551426Z,2026-09-08T03:17:24.236162Z,2026-09-08T03:17:24.234599Z,47.0,121.005,100,1,read,1045.6,1009.3,0,56.6,75.5,83.9,104.9,,,
20260908T031454Z_p4-chaos-dead,cockroachdb,chaos-dead,thesis,9d2dcf84917da48f6a7ea8ea5d5fcca12cd94578,2026-09-08T03:14:54.551426Z,2026-09-08T03:17:24.236162Z,2026-09-08T03:17:24.234599Z,47.0,121.005,100,1,update,243.9,255.1,0,159.4,192.9,209.7,226.5,,,
20260908T031454Z_p4-chaos-dead,cockroachdb,chaos-dead,thesis,9d2dcf84917da48f6a7ea8ea5d5fcca12cd94578,2026-09-08T03:14:54.551426Z,2026-09-08T03:17:24.236162Z,2026-09-08T03:17:24.234599Z,48.0,122.006,100,1,read,990.9,1008.9,0,58.7,79.7,83.9,96.5,,,
20260908T031454Z_p4-chaos-dead,cockroachdb,chaos-dead,thesis,9d2dcf84917da48f6a7ea8ea5d5fcca12cd94578,2026-09-08T03:14:54.551426Z,2026-09-08T03:17:24.236162Z,2026-09-08T03:17:24.234599Z,48.0,122.006,100,1,update,239.0,254.8,0,159.4,201.3,209.7,209.7,,,
20260908T031454Z_p4-chaos-dead,cockroachdb,chaos-dead,thesis,9d2dcf84917da48f6a7ea8ea5d5fcca12cd94578,2026-09-08T03:14:54.551426Z,2026-09-08T03:17:24.236162Z,2026-09-08T03:17:24.234599Z,49.0,123.004,100,1,read,888.1,1006.5,0,62.9,79.7,88.1,96.5,,,
20260908T031454Z_p4-chaos-dead,cockroachdb,chaos-dead,thesis,9d2dcf84917da48f6a7ea8ea5d5fcca12cd94578,2026-09-08T03:14:54.551426Z,2026-09-08T03:17:24.236162Z,2026-09-08T03:17:24.234599Z,49.0,123.004,100,1,update,250.0,254.7,0,167.8,243.3,285.2,285.2,,,
20260908T031454Z_p4-chaos-dead,cockroachdb,chaos-dead,thesis,9d2dcf84917da48f6a7ea8ea5d5fcca12cd94578,2026-09-08T03:14:54.551426Z,2026-09-08T03:17:24.236162Z,2026-09-08T03:17:24.234599Z,50.0,124.005,100,1,read,928.1,1004.9,0,62.9,79.7,92.3,109.1,,,
20260908T031454Z_p4-chaos-dead,cockroachdb,chaos-dead,thesis,9d2dcf84917da48f6a7ea8ea5d5fcca12cd94578,2026-09-08T03:14:54.551426Z,2026-09-08T03:17:24.236162Z,2026-09-08T03:17:24.234599Z,50.0,124.005,100,1,update,252.0,254.7,0,167.8,184.5,192.9,201.3,,,
20260908T031454Z_p4-chaos-dead,cockroachdb,chaos-dead,thesis,9d2dcf84917da48f6a7ea8ea5d5fcca12cd94578,2026-09-08T03:14:54.551426Z,2026-09-08T03:17:24.236162Z,2026-09-08T03:17:24.234599Z,51.0,125.005,100,1,read,970.5,1004.2,0,58.7,79.7,88.1,96.5,,,
20260908T031454Z_p4-chaos-dead,cockroachdb,chaos-dead,thesis,9d2dcf84917da48f6a7ea8ea5d5fcca12cd94578,2026-09-08T03:14:54.551426Z,2026-09-08T03:17:24.236162Z,2026-09-08T03:17:24.234599Z,51.0,125.005,100,1,update,262.9,254.8,0,159.4,184.5,201.3,209.7,,,
20260908T031454Z_p4-chaos-dead,cockroachdb,chaos-dead,thesis,9d2dcf84917da48f6a7ea8ea5d5fcca12cd94578,2026-09-08T03:14:54.551426Z,2026-09-08T03:17:24.236162Z,2026-09-08T03:17:24.234599Z,52.0,126.012,100,1,read,1085.4,1005.8,0,56.6,62.9,67.1,75.5,,,
20260908T031454Z_p4-chaos-dead,cockroachdb,chaos-dead,thesis,9d2dcf84917da48f6a7ea8ea5d5fcca12cd94578,2026-09-08T03:14:54.551426Z,2026-09-08T03:17:24.236162Z,2026-09-08T03:17:24.234599Z,52.0,126.012,100,1,update,259.1,254.9,0,159.4,167.8,176.2,176.2,,,
20260908T031454Z_p4-chaos-dead,cockroachdb,chaos-dead,thesis,9d2dcf84917da48f6a7ea8ea5d5fcca12cd94578,2026-09-08T03:14:54.551426Z,2026-09-08T03:17:24.236162Z,2026-09-08T03:17:24.234599Z,53.0,127.005,100,1,read,1035.2,1006.4,0,58.7,71.3,75.5,79.7,,,
20260908T031454Z_p4-chaos-dead,cockroachdb,chaos-dead,thesis,9d2dcf84917da48f6a7ea8ea5d5fcca12cd94578,2026-09-08T03:14:54.551426Z,2026-09-08T03:17:24.236162Z,2026-09-08T03:17:24.234599Z,53.0,127.005,100,1,update,247.1,254.8,0,159.4,184.5,192.9,192.9,,,
20260908T031454Z_p4-chaos-dead,cockroachdb,chaos-dead,thesis,9d2dcf84917da48f6a7ea8ea5d5fcca12cd94578,2026-09-08T03:14:54.551426Z,2026-09-08T03:17:24.236162Z,2026-09-08T03:17:24.234599Z,54.0,128.006,100,1,read,1040.0,1007.0,0,58.7,67.1,71.3,79.7,,,
20260908T031454Z_p4-chaos-dead,cockroachdb,chaos-dead,thesis,9d2dcf84917da48f6a7ea8ea5d5fcca12cd94578,2026-09-08T03:14:54.551426Z,2026-09-08T03:17:24.236162Z,2026-09-08T03:17:24.234599Z,54.0,128.006,100,1,update,250.8,254.7,0,159.4,176.2,176.2,192.9,,,
20260908T031454Z_p4-chaos-dead,cockroachdb,chaos-dead,thesis,9d2dcf84917da48f6a7ea8ea5d5fcca12cd94578,2026-09-08T03:14:54.551426Z,2026-09-08T03:17:24.236162Z,2026-09-08T03:17:24.234599Z,55.0,129.004,100,1,read,1038.2,1007.5,0,56.6,67.1,75.5,83.9,,,
20260908T031454Z_p4-chaos-dead,cockroachdb,chaos-dead,thesis,9d2dcf84917da48f6a7ea8ea5d5fcca12cd94578,2026-09-08T03:14:54.551426Z,2026-09-08T03:17:24.236162Z,2026-09-08T03:17:24.234599Z,55.0,129.004,100,1,update,256.3,254.7,0,159.4,226.5,243.3,243.3,,,
20260908T031454Z_p4-chaos-dead,cockroachdb,chaos-dead,thesis,9d2dcf84917da48f6a7ea8ea5d5fcca12cd94578,2026-09-08T03:14:54.551426Z,2026-09-08T03:17:24.236162Z,2026-09-08T03:17:24.234599Z,56.0,130.007,100,1,read,1030.6,1008.0,0,58.7,71.3,79.7,88.1,,,
20260908T031454Z_p4-chaos-dead,cockroachdb,chaos-dead,thesis,9d2dcf84917da48f6a7ea8ea5d5fcca12cd94578,2026-09-08T03:14:54.551426Z,2026-09-08T03:17:24.236162Z,2026-09-08T03:17:24.234599Z,56.0,130.007,100,1,update,251.9,254.7,0,159.4,176.2,184.5,192.9,,,
20260908T031454Z_p4-chaos-dead,cockroachdb,chaos-dead,thesis,9d2dcf84917da48f6a7ea8ea5d5fcca12cd94578,2026-09-08T03:14:54.551426Z,2026-09-08T03:17:24.236162Z,2026-09-08T03:17:24.234599Z,57.0,131.006,100,1,read,940.1,1006.8,0,58.7,71.3,79.7,92.3,,,
20260908T031454Z_p4-chaos-dead,cockroachdb,chaos-dead,thesis,9d2dcf84917da48f6a7ea8ea5d5fcca12cd94578,2026-09-08T03:14:54.551426Z,2026-09-08T03:17:24.236162Z,2026-09-08T03:17:24.234599Z,57.0,131.006,100,1,update,275.0,255.0,0,159.4,184.5,209.7,218.1,,,
20260908T031454Z_p4-chaos-dead,cockroachdb,chaos-dead,thesis,9d2dcf84917da48f6a7ea8ea5d5fcca12cd94578,2026-09-08T03:14:54.551426Z,2026-09-08T03:17:24.236162Z,2026-09-08T03:17:24.234599Z,58.0,132.005,100,1,read,1004.7,1006.7,0,58.7,83.9,96.5,104.9,,,
20260908T031454Z_p4-chaos-dead,cockroachdb,chaos-dead,thesis,9d2dcf84917da48f6a7ea8ea5d5fcca12cd94578,2026-09-08T03:14:54.551426Z,2026-09-08T03:17:24.236162Z,2026-09-08T03:17:24.234599Z,58.0,132.005,100,1,update,238.9,254.7,0,167.8,201.3,218.1,218.1,,,
20260908T031454Z_p4-chaos-dead,cockroachdb,chaos-dead,thesis,9d2dcf84917da48f6a7ea8ea5d5fcca12cd94578,2026-09-08T03:14:54.551426Z,2026-09-08T03:17:24.236162Z,2026-09-08T03:17:24.234599Z,59.0,133.006,100,1,read,960.2,1005.9,0,58.7,100.7,121.6,130.0,,,
20260908T031454Z_p4-chaos-dead,cockroachdb,chaos-dead,thesis,9d2dcf84917da48f6a7ea8ea5d5fcca12cd94578,2026-09-08T03:14:54.551426Z,2026-09-08T03:17:24.236162Z,2026-09-08T03:17:24.234599Z,59.0,133.006,100,1,update,220.0,254.1,0,167.8,218.1,234.9,243.3,,,
20260908T031454Z_p4-chaos-dead,cockroachdb,chaos-dead,thesis,9d2dcf84917da48f6a7ea8ea5d5fcca12cd94578,2026-09-08T03:14:54.551426Z,2026-09-08T03:17:24.236162Z,2026-09-08T03:17:24.234599Z,60.0,134.007,100,1,read,1006.2,1005.9,0,62.9,83.9,88.1,109.1,,,
20260908T031454Z_p4-chaos-dead,cockroachdb,chaos-dead,thesis,9d2dcf84917da48f6a7ea8ea5d5fcca12cd94578,2026-09-08T03:14:54.551426Z,2026-09-08T03:17:24.236162Z,2026-09-08T03:17:24.234599Z,60.0,134.007,100,1,update,224.1,253.6,0,167.8,201.3,218.1,218.1,,,
20260908T031454Z_p4-chaos-dead,cockroachdb,chaos-dead,thesis,9d2dcf84917da48f6a7ea8ea5d5fcca12cd94578,2026-09-08T03:14:54.551426Z,2026-09-08T03:17:24.236162Z,2026-09-08T03:17:24.234599Z,61.0,135.015,100,1,read,1038.8,1006.5,0,56.6,71.3,83.9,88.1,,,
20260908T031454Z_p4-chaos-dead,cockroachdb,chaos-dead,thesis,9d2dcf84917da48f6a7ea8ea5d5fcca12cd94578,2026-09-08T03:14:54.551426Z,2026-09-08T03:17:24.236162Z,2026-09-08T03:17:24.234599Z,61.0,135.015,100,1,update,252.9,253.6,0,159.4,176.2,184.5,192.9,,,
20260908T031454Z_p4-chaos-dead,cockroachdb,chaos-dead,thesis,9d2dcf84917da48f6a7ea8ea5d5fcca12cd94578,2026-09-08T03:14:54.551426Z,2026-09-08T03:17:24.236162Z,2026-09-08T03:17:24.234599Z,62.0,136.006,100,1,read,1070.9,1007.5,0,56.6,65.0,71.3,75.5,,,
20260908T031454Z_p4-chaos-dead,cockroachdb,chaos-dead,thesis,9d2dcf84917da48f6a7ea8ea5d5fcca12cd94578,2026-09-08T03:14:54.551426Z,2026-09-08T03:17:24.236162Z,2026-09-08T03:17:24.234599Z,62.0,136.006,100,1,update,254.0,253.6,0,159.4,167.8,176.2,201.3,,,
20260908T031454Z_p4-chaos-dead,cockroachdb,chaos-dead,thesis,9d2dcf84917da48f6a7ea8ea5d5fcca12cd94578,2026-09-08T03:14:54.551426Z,2026-09-08T03:17:24.236162Z,2026-09-08T03:17:24.234599Z,63.0,137.007,100,1,read,1104.7,1009.1,0,54.5,67.1,79.7,92.3,,,
20260908T031454Z_p4-chaos-dead,cockroachdb,chaos-dead,thesis,9d2dcf84917da48f6a7ea8ea5d5fcca12cd94578,2026-09-08T03:14:54.551426Z,2026-09-08T03:17:24.236162Z,2026-09-08T03:17:24.234599Z,63.0,137.007,100,1,update,243.9,253.5,0,159.4,176.2,184.5,192.9,,,
20260908T031454Z_p4-chaos-dead,cockroachdb,chaos-dead,thesis,9d2dcf84917da48f6a7ea8ea5d5fcca12cd94578,2026-09-08T03:14:54.551426Z,2026-09-08T03:17:24.236162Z,2026-09-08T03:17:24.234599Z,64.0,138.006,100,1,read,877.6,1007.0,0,62.9,88.1,100.7,121.6,,,
20260908T031454Z_p4-chaos-dead,cockroachdb,chaos-dead,thesis,9d2dcf84917da48f6a7ea8ea5d5fcca12cd94578,2026-09-08T03:14:54.551426Z,2026-09-08T03:17:24.236162Z,2026-09-08T03:17:24.234599Z,64.0,138.006,100,1,update,233.1,253.2,0,176.2,226.5,243.3,243.3,,,
20260908T031454Z_p4-chaos-dead,cockroachdb,chaos-dead,thesis,9d2dcf84917da48f6a7ea8ea5d5fcca12cd94578,2026-09-08T03:14:54.551426Z,2026-09-08T03:17:24.236162Z,2026-09-08T03:17:24.234599Z,65.0,139.007,100,1,read,514.1,999.4,0,79.7,100.7,104.9,113.2,,,
20260908T031454Z_p4-chaos-dead,cockroachdb,chaos-dead,thesis,9d2dcf84917da48f6a7ea8ea5d5fcca12cd94578,2026-09-08T03:14:54.551426Z,2026-09-08T03:17:24.236162Z,2026-09-08T03:17:24.234599Z,65.0,139.007,100,1,update,124.0,251.2,0,192.9,226.5,226.5,234.9,,,
20260908T031454Z_p4-chaos-dead,cockroachdb,chaos-dead,thesis,9d2dcf84917da48f6a7ea8ea5d5fcca12cd94578,2026-09-08T03:14:54.551426Z,2026-09-08T03:17:24.236162Z,2026-09-08T03:17:24.234599Z,66.0,140.174,100,1,read,0.0,984.3,0,0.0,0.0,0.0,0.0,,,
20260908T031454Z_p4-chaos-dead,cockroachdb,chaos-dead,thesis,9d2dcf84917da48f6a7ea8ea5d5fcca12cd94578,2026-09-08T03:14:54.551426Z,2026-09-08T03:17:24.236162Z,2026-09-08T03:17:24.234599Z,66.0,140.174,100,1,update,0.0,247.4,0,0.0,0.0,0.0,0.0,,,
20260908T031454Z_p4-chaos-dead,cockroachdb,chaos-dead,thesis,9d2dcf84917da48f6a7ea8ea5d5fcca12cd94578,2026-09-08T03:14:54.551426Z,2026-09-08T03:17:24.236162Z,2026-09-08T03:17:24.234599Z,67.0,141.065,100,1,read,0.0,969.6,0,0.0,0.0,0.0,0.0,,,
20260908T031454Z_p4-chaos-dead,cockroachdb,chaos-dead,thesis,9d2dcf84917da48f6a7ea8ea5d5fcca12cd94578,2026-09-08T03:14:54.551426Z,2026-09-08T03:17:24.236162Z,2026-09-08T03:17:24.234599Z,67.0,141.065,100,1,update,0.0,243.7,0,0.0,0.0,0.0,0.0,,,
20260908T031454Z_p4-chaos-dead,cockroachdb,chaos-dead,thesis,9d2dcf84917da48f6a7ea8ea5d5fcca12cd94578,2026-09-08T03:14:54.551426Z,2026-09-08T03:17:24.236162Z,2026-09-08T03:17:24.234599Z,68.0,142.13,100,1,read,0.0,955.3,0,0.0,0.0,0.0,0.0,,,
20260908T031454Z_p4-chaos-dead,cockroachdb,chaos-dead,thesis,9d2dcf84917da48f6a7ea8ea5d5fcca12cd94578,2026-09-08T03:14:54.551426Z,2026-09-08T03:17:24.236162Z,2026-09-08T03:17:24.234599Z,68.0,142.13,100,1,update,0.0,240.1,0,0.0,0.0,0.0,0.0,,,
20260908T035651Z_p4-chaos-dead,cockroachdb,chaos-dead,smoke,40659d82c028c5872c820a016d4ff03b23068151,2026-09-08T03:56:51.792694Z,2026-09-08T03:58:12.561207Z,2026-09-08T03:57:57.548066Z,1.0,16.339,10,1,read,16.7,123.9,0,52.4,56.6,79.7,79.7,,,
20260908T035651Z_p4-chaos-dead,cockroachdb,chaos-dead,smoke,40659d82c028c5872c820a016d4ff03b23068151,2026-09-08T03:56:51.792694Z,2026-09-08T03:58:12.561207Z,2026-09-08T03:57:57.548066Z,1.0,16.339,10,1,update,2.8,21.0,0,151.0,151.0,159.4,159.4,,,
20260908T035651Z_p4-chaos-dead,cockroachdb,chaos-dead,smoke,40659d82c028c5872c820a016d4ff03b23068151,2026-09-08T03:56:51.792694Z,2026-09-08T03:58:12.561207Z,2026-09-08T03:57:57.548066Z,2.0,17.34,10,1,read,130.0,126.9,0,52.4,52.4,54.5,54.5,,,
20260908T035651Z_p4-chaos-dead,cockroachdb,chaos-dead,smoke,40659d82c028c5872c820a016d4ff03b23068151,2026-09-08T03:56:51.792694Z,2026-09-08T03:58:12.561207Z,2026-09-08T03:57:57.548066Z,2.0,17.34,10,1,update,20.0,20.5,0,151.0,151.0,151.0,151.0,,,
20260908T035651Z_p4-chaos-dead,cockroachdb,chaos-dead,smoke,40659d82c028c5872c820a016d4ff03b23068151,2026-09-08T03:56:51.792694Z,2026-09-08T03:58:12.561207Z,2026-09-08T03:57:57.548066Z,3.0,18.345,10,1,read,103.1,119.0,0,52.4,52.4,52.4,52.4,,,
20260908T035651Z_p4-chaos-dead,cockroachdb,chaos-dead,smoke,40659d82c028c5872c820a016d4ff03b23068151,2026-09-08T03:56:51.792694Z,2026-09-08T03:58:12.561207Z,2026-09-08T03:57:57.548066Z,3.0,18.345,10,1,update,32.0,24.3,0,151.0,151.0,151.0,151.0,,,
20260908T035651Z_p4-chaos-dead,cockroachdb,chaos-dead,smoke,40659d82c028c5872c820a016d4ff03b23068151,2026-09-08T03:56:51.792694Z,2026-09-08T03:58:12.561207Z,2026-09-08T03:57:57.548066Z,4.0,19.339,10,1,read,124.0,120.2,0,52.4,52.4,56.6,151.0,,,
20260908T035651Z_p4-chaos-dead,cockroachdb,chaos-dead,smoke,40659d82c028c5872c820a016d4ff03b23068151,2026-09-08T03:56:51.792694Z,2026-09-08T03:58:12.561207Z,2026-09-08T03:57:57.548066Z,4.0,19.339,10,1,update,25.0,24.5,0,151.0,151.0,151.0,151.0,,,
20260908T035651Z_p4-chaos-dead,cockroachdb,chaos-dead,smoke,40659d82c028c5872c820a016d4ff03b23068151,2026-09-08T03:56:51.792694Z,2026-09-08T03:58:12.561207Z,2026-09-08T03:57:57.548066Z,5.0,20.339,10,1,read,88.0,113.8,0,52.4,54.5,54.5,54.5,,,
20260908T035651Z_p4-chaos-dead,cockroachdb,chaos-dead,smoke,40659d82c028c5872c820a016d4ff03b23068151,2026-09-08T03:56:51.792694Z,2026-09-08T03:58:12.561207Z,2026-09-08T03:57:57.548066Z,5.0,20.339,10,1,update,37.0,27.0,0,151.0,151.0,159.4,159.4,,,
20260908T035651Z_p4-chaos-dead,cockroachdb,chaos-dead,smoke,40659d82c028c5872c820a016d4ff03b23068151,2026-09-08T03:56:51.792694Z,2026-09-08T03:58:12.561207Z,2026-09-08T03:57:57.548066Z,6.0,21.344,10,1,read,109.0,113.0,0,52.4,52.4,54.5,54.5,,,
20260908T035651Z_p4-chaos-dead,cockroachdb,chaos-dead,smoke,40659d82c028c5872c820a016d4ff03b23068151,2026-09-08T03:56:51.792694Z,2026-09-08T03:58:12.561207Z,2026-09-08T03:57:57.548066Z,6.0,21.344,10,1,update,30.0,27.5,0,151.0,151.0,151.0,151.0,,,
20260908T035651Z_p4-chaos-dead,cockroachdb,chaos-dead,smoke,40659d82c028c5872c820a016d4ff03b23068151,2026-09-08T03:56:51.792694Z,2026-09-08T03:58:12.561207Z,2026-09-08T03:57:57.548066Z,7.0,22.339,10,1,read,122.1,114.3,0,52.4,52.4,60.8,62.9,,,
20260908T035651Z_p4-chaos-dead,cockroachdb,chaos-dead,smoke,40659d82c028c5872c820a016d4ff03b23068151,2026-09-08T03:56:51.792694Z,2026-09-08T03:58:12.561207Z,2026-09-08T03:57:57.548066Z,7.0,22.339,10,1,update,25.0,27.1,0,151.0,151.0,151.0,151.0,,,
20260908T035651Z_p4-chaos-dead,cockroachdb,chaos-dead,smoke,40659d82c028c5872c820a016d4ff03b23068151,2026-09-08T03:56:51.792694Z,2026-09-08T03:58:12.561207Z,2026-09-08T03:57:57.548066Z,8.0,23.339,10,1,read,123.0,115.4,0,52.4,52.4,52.4,54.5,,,
20260908T035651Z_p4-chaos-dead,cockroachdb,chaos-dead,smoke,40659d82c028c5872c820a016d4ff03b23068151,2026-09-08T03:56:51.792694Z,2026-09-08T03:58:12.561207Z,2026-09-08T03:57:57.548066Z,8.0,23.339,10,1,update,24.0,26.7,0,151.0,151.0,151.0,151.0,,,
20260908T035651Z_p4-chaos-dead,cockroachdb,chaos-dead,smoke,40659d82c028c5872c820a016d4ff03b23068151,2026-09-08T03:56:51.792694Z,2026-09-08T03:58:12.561207Z,2026-09-08T03:57:57.548066Z,9.0,24.343,10,1,read,110.0,114.8,0,52.4,54.5,54.5,56.6,,,
20260908T035651Z_p4-chaos-dead,cockroachdb,chaos-dead,smoke,40659d82c028c5872c820a016d4ff03b23068151,2026-09-08T03:56:51.792694Z,2026-09-08T03:58:12.561207Z,2026-09-08T03:57:57.548066Z,9.0,24.343,10,1,update,28.0,26.9,0,151.0,159.4,159.4,159.4,,,
20260908T035651Z_p4-chaos-dead,cockroachdb,chaos-dead,smoke,40659d82c028c5872c820a016d4ff03b23068151,2026-09-08T03:56:51.792694Z,2026-09-08T03:58:12.561207Z,2026-09-08T03:57:57.548066Z,10.0,25.34,10,1,read,86.1,111.9,0,54.5,65.0,71.3,79.7,,,
20260908T035651Z_p4-chaos-dead,cockroachdb,chaos-dead,smoke,40659d82c028c5872c820a016d4ff03b23068151,2026-09-08T03:56:51.792694Z,2026-09-08T03:58:12.561207Z,2026-09-08T03:57:57.548066Z,10.0,25.34,10,1,update,34.0,27.6,0,159.4,167.8,184.5,184.5,,,
20260908T035651Z_p4-chaos-dead,cockroachdb,chaos-dead,smoke,40659d82c028c5872c820a016d4ff03b23068151,2026-09-08T03:56:51.792694Z,2026-09-08T03:58:12.561207Z,2026-09-08T03:57:57.548066Z,11.0,26.341,10,1,read,112.0,111.9,0,54.5,58.7,60.8,65.0,,,
20260908T035651Z_p4-chaos-dead,cockroachdb,chaos-dead,smoke,40659d82c028c5872c820a016d4ff03b23068151,2026-09-08T03:56:51.792694Z,2026-09-08T03:58:12.561207Z,2026-09-08T03:57:57.548066Z,11.0,26.341,10,1,update,28.0,27.6,0,151.0,159.4,159.4,159.4,,,
20260908T035651Z_p4-chaos-dead,cockroachdb,chaos-dead,smoke,40659d82c028c5872c820a016d4ff03b23068151,2026-09-08T03:56:51.792694Z,2026-09-08T03:58:12.561207Z,2026-09-08T03:57:57.548066Z,12.0,27.343,10,1,read,111.0,111.8,0,52.4,54.5,56.6,56.6,,,
20260908T035651Z_p4-chaos-dead,cockroachdb,chaos-dead,smoke,40659d82c028c5872c820a016d4ff03b23068151,2026-09-08T03:56:51.792694Z,2026-09-08T03:58:12.561207Z,2026-09-08T03:57:57.548066Z,12.0,27.343,10,1,update,28.0,27.7,0,151.0,151.0,151.0,151.0,,,
20260908T035651Z_p4-chaos-dead,cockroachdb,chaos-dead,smoke,40659d82c028c5872c820a016d4ff03b23068151,2026-09-08T03:56:51.792694Z,2026-09-08T03:58:12.561207Z,2026-09-08T03:57:57.548066Z,13.0,28.341,10,1,read,106.9,111.5,0,52.4,52.4,52.4,52.4,,,
20260908T035651Z_p4-chaos-dead,cockroachdb,chaos-dead,smoke,40659d82c028c5872c820a016d4ff03b23068151,2026-09-08T03:56:51.792694Z,2026-09-08T03:58:12.561207Z,2026-09-08T03:57:57.548066Z,13.0,28.341,10,1,update,30.0,27.8,0,151.0,151.0,151.0,151.0,,,
20260908T035651Z_p4-chaos-dead,cockroachdb,chaos-dead,smoke,40659d82c028c5872c820a016d4ff03b23068151,2026-09-08T03:56:51.792694Z,2026-09-08T03:58:12.561207Z,2026-09-08T03:57:57.548066Z,14.0,29.34,10,1,read,112.0,111.5,0,52.4,52.4,54.5,54.5,,,
20260908T035651Z_p4-chaos-dead,cockroachdb,chaos-dead,smoke,40659d82c028c5872c820a016d4ff03b23068151,2026-09-08T03:56:51.792694Z,2026-09-08T03:58:12.561207Z,2026-09-08T03:57:57.548066Z,14.0,29.34,10,1,update,30.0,28.0,0,151.0,151.0,151.0,151.0,,,
20260908T035651Z_p4-chaos-dead,cockroachdb,chaos-dead,smoke,40659d82c028c5872c820a016d4ff03b23068151,2026-09-08T03:56:51.792694Z,2026-09-08T03:58:12.561207Z,2026-09-08T03:57:57.548066Z,15.0,30.338,10,1,read,133.0,112.9,0,52.4,52.4,54.5,54.5,,,
20260908T035651Z_p4-chaos-dead,cockroachdb,chaos-dead,smoke,40659d82c028c5872c820a016d4ff03b23068151,2026-09-08T03:56:51.792694Z,2026-09-08T03:58:12.561207Z,2026-09-08T03:57:57.548066Z,15.0,30.338,10,1,update,21.0,27.5,0,151.0,151.0,151.0,151.0,,,
20260908T035651Z_p4-chaos-dead,cockroachdb,chaos-dead,smoke,40659d82c028c5872c820a016d4ff03b23068151,2026-09-08T03:56:51.792694Z,2026-09-08T03:58:12.561207Z,2026-09-08T03:57:57.548066Z,16.0,31.339,10,1,read,119.0,113.3,0,52.4,52.4,54.5,56.6,,,
20260908T035651Z_p4-chaos-dead,cockroachdb,chaos-dead,smoke,40659d82c028c5872c820a016d4ff03b23068151,2026-09-08T03:56:51.792694Z,2026-09-08T03:58:12.561207Z,2026-09-08T03:57:57.548066Z,16.0,31.339,10,1,update,26.0,27.4,0,151.0,151.0,151.0,151.0,,,
20260908T035651Z_p4-chaos-dead,cockroachdb,chaos-dead,smoke,40659d82c028c5872c820a016d4ff03b23068151,2026-09-08T03:56:51.792694Z,2026-09-08T03:58:12.561207Z,2026-09-08T03:57:57.548066Z,17.0,32.341,10,1,read,108.9,113.1,0,52.4,52.4,54.5,54.5,,,
20260908T035651Z_p4-chaos-dead,cockroachdb,chaos-dead,smoke,40659d82c028c5872c820a016d4ff03b23068151,2026-09-08T03:56:51.792694Z,2026-09-08T03:58:12.561207Z,2026-09-08T03:57:57.548066Z,17.0,32.341,10,1,update,29.0,27.5,0,151.0,151.0,151.0,151.0,,,
20260908T035651Z_p4-chaos-dead,cockroachdb,chaos-dead,smoke,40659d82c028c5872c820a016d4ff03b23068151,2026-09-08T03:56:51.792694Z,2026-09-08T03:58:12.561207Z,2026-09-08T03:57:57.548066Z,18.0,33.34,10,1,read,132.0,114.1,0,52.4,52.4,54.5,54.5,,,
20260908T035651Z_p4-chaos-dead,cockroachdb,chaos-dead,smoke,40659d82c028c5872c820a016d4ff03b23068151,2026-09-08T03:56:51.792694Z,2026-09-08T03:58:12.561207Z,2026-09-08T03:57:57.548066Z,18.0,33.34,10,1,update,22.0,27.2,0,151.0,151.0,151.0,151.0,,,
20260908T035651Z_p4-chaos-dead,cockroachdb,chaos-dead,smoke,40659d82c028c5872c820a016d4ff03b23068151,2026-09-08T03:56:51.792694Z,2026-09-08T03:58:12.561207Z,2026-09-08T03:57:57.548066Z,19.0,34.339,10,1,read,107.0,113.7,0,52.4,54.5,58.7,60.8,,,
20260908T035651Z_p4-chaos-dead,cockroachdb,chaos-dead,smoke,40659d82c028c5872c820a016d4ff03b23068151,2026-09-08T03:56:51.792694Z,2026-09-08T03:58:12.561207Z,2026-09-08T03:57:57.548066Z,19.0,34.339,10,1,update,29.0,27.3,0,151.0,159.4,159.4,159.4,,,
20260908T035651Z_p4-chaos-dead,cockroachdb,chaos-dead,smoke,40659d82c028c5872c820a016d4ff03b23068151,2026-09-08T03:56:51.792694Z,2026-09-08T03:58:12.561207Z,2026-09-08T03:57:57.548066Z,20.0,35.342,10,1,read,74.0,111.7,0,52.4,52.4,54.5,54.5,,,
20260908T035651Z_p4-chaos-dead,cockroachdb,chaos-dead,smoke,40659d82c028c5872c820a016d4ff03b23068151,2026-09-08T03:56:51.792694Z,2026-09-08T03:58:12.561207Z,2026-09-08T03:57:57.548066Z,20.0,35.342,10,1,update,16.0,26.7,0,151.0,151.0,151.0,151.0,,,
20260908T035651Z_p4-chaos-dead,cockroachdb,chaos-dead,smoke,40659d82c028c5872c820a016d4ff03b23068151,2026-09-08T03:56:51.792694Z,2026-09-08T03:58:12.561207Z,2026-09-08T03:57:57.548066Z,21.0,36.341,10,1,read,0.0,106.4,0,0.0,0.0,0.0,0.0,,,
20260908T035651Z_p4-chaos-dead,cockroachdb,chaos-dead,smoke,40659d82c028c5872c820a016d4ff03b23068151,2026-09-08T03:56:51.792694Z,2026-09-08T03:58:12.561207Z,2026-09-08T03:57:57.548066Z,21.0,36.341,10,1,update,0.0,25.5,0,0.0,0.0,0.0,0.0,,,
20260908T035651Z_p4-chaos-dead,cockroachdb,chaos-dead,smoke,40659d82c028c5872c820a016d4ff03b23068151,2026-09-08T03:56:51.792694Z,2026-09-08T03:58:12.561207Z,2026-09-08T03:57:57.548066Z,22.0,37.378,10,1,read,0.0,101.6,0,0.0,0.0,0.0,0.0,,,
20260908T035651Z_p4-chaos-dead,cockroachdb,chaos-dead,smoke,40659d82c028c5872c820a016d4ff03b23068151,2026-09-08T03:56:51.792694Z,2026-09-08T03:58:12.561207Z,2026-09-08T03:57:57.548066Z,22.0,37.378,10,1,update,0.0,24.3,0,0.0,0.0,0.0,0.0,,,
20260908T035651Z_p4-chaos-dead,cockroachdb,chaos-dead,smoke,40659d82c028c5872c820a016d4ff03b23068151,2026-09-08T03:56:51.792694Z,2026-09-08T03:58:12.561207Z,2026-09-08T03:57:57.548066Z,23.0,38.341,10,1,read,36.0,98.7,4,26.2,3355.4,3355.4,3355.4,,,
20260908T035651Z_p4-chaos-dead,cockroachdb,chaos-dead,smoke,40659d82c028c5872c820a016d4ff03b23068151,2026-09-08T03:56:51.792694Z,2026-09-08T03:58:12.561207Z,2026-09-08T03:57:57.548066Z,23.0,38.341,10,1,update,0.0,23.3,4,0.0,0.0,0.0,0.0,,,
20260908T035651Z_p4-chaos-dead,cockroachdb,chaos-dead,smoke,40659d82c028c5872c820a016d4ff03b23068151,2026-09-08T03:56:51.792694Z,2026-09-08T03:58:12.561207Z,2026-09-08T03:57:57.548066Z,24.0,39.341,10,1,read,114.0,99.4,4,27.3,32.5,35.7,37.7,,,
20260908T035651Z_p4-chaos-dead,cockroachdb,chaos-dead,smoke,40659d82c028c5872c820a016d4ff03b23068151,2026-09-08T03:56:51.792694Z,2026-09-08T03:58:12.561207Z,2026-09-08T03:57:57.548066Z,24.0,39.341,10,1,update,26.0,23.4,4,218.1,570.4,3892.3,3892.3,,,
20260908T035651Z_p4-chaos-dead,cockroachdb,chaos-dead,smoke,40659d82c028c5872c820a016d4ff03b23068151,2026-09-08T03:56:51.792694Z,2026-09-08T03:58:12.561207Z,2026-09-08T03:57:57.548066Z,25.0,40.338,10,1,read,125.0,100.4,4,26.2,27.3,28.3,28.3,,,
20260908T035651Z_p4-chaos-dead,cockroachdb,chaos-dead,smoke,40659d82c028c5872c820a016d4ff03b23068151,2026-09-08T03:56:51.792694Z,2026-09-08T03:58:12.561207Z,2026-09-08T03:57:57.548066Z,25.0,40.338,10,1,update,28.0,23.6,4,209.7,402.7,402.7,402.7,,,
20260908T035651Z_p4-chaos-dead,cockroachdb,chaos-dead,smoke,40659d82c028c5872c820a016d4ff03b23068151,2026-09-08T03:56:51.792694Z,2026-09-08T03:58:12.561207Z,2026-09-08T03:57:57.548066Z,26.0,41.349,10,1,read,124.9,101.3,4,26.2,27.3,27.3,27.3,,,
20260908T035651Z_p4-chaos-dead,cockroachdb,chaos-dead,smoke,40659d82c028c5872c820a016d4ff03b23068151,2026-09-08T03:56:51.792694Z,2026-09-08T03:58:12.561207Z,2026-09-08T03:57:57.548066Z,26.0,41.349,10,1,update,31.0,23.8,4,209.7,218.1,218.1,218.1,,,
20260908T035651Z_p4-chaos-dead,cockroachdb,chaos-dead,smoke,40659d82c028c5872c820a016d4ff03b23068151,2026-09-08T03:56:51.792694Z,2026-09-08T03:58:12.561207Z,2026-09-08T03:57:57.548066Z,27.0,42.339,10,1,read,128.1,102.3,4,26.2,27.3,27.3,27.3,,,
20260908T035651Z_p4-chaos-dead,cockroachdb,chaos-dead,smoke,40659d82c028c5872c820a016d4ff03b23068151,2026-09-08T03:56:51.792694Z,2026-09-08T03:58:12.561207Z,2026-09-08T03:57:57.548066Z,27.0,42.339,10,1,update,32.0,24.1,4,209.7,209.7,218.1,218.1,,,
20260908T035651Z_p4-chaos-dead,cockroachdb,chaos-dead,smoke,40659d82c028c5872c820a016d4ff03b23068151,2026-09-08T03:56:51.792694Z,2026-09-08T03:58:12.561207Z,2026-09-08T03:57:57.548066Z,28.0,43.338,10,1,read,143.0,103.8,4,26.2,27.3,27.3,29.4,,,
20260908T035651Z_p4-chaos-dead,cockroachdb,chaos-dead,smoke,40659d82c028c5872c820a016d4ff03b23068151,2026-09-08T03:56:51.792694Z,2026-09-08T03:58:12.561207Z,2026-09-08T03:57:57.548066Z,28.0,43.338,10,1,update,30.0,24.4,4,209.7,218.1,218.1,218.1,,,
20260908T035651Z_p4-chaos-dead,cockroachdb,chaos-dead,smoke,40659d82c028c5872c820a016d4ff03b23068151,2026-09-08T03:56:51.792694Z,2026-09-08T03:58:12.561207Z,2026-09-08T03:57:57.548066Z,29.0,44.338,10,1,read,145.0,105.2,4,26.2,27.3,29.4,30.4,,,
20260908T035651Z_p4-chaos-dead,cockroachdb,chaos-dead,smoke,40659d82c028c5872c820a016d4ff03b23068151,2026-09-08T03:56:51.792694Z,2026-09-08T03:58:12.561207Z,2026-09-08T03:57:57.548066Z,29.0,44.338,10,1,update,29.0,24.5,4,209.7,218.1,218.1,218.1,,,
20260908T035651Z_p4-chaos-dead,cockroachdb,chaos-dead,smoke,40659d82c028c5872c820a016d4ff03b23068151,2026-09-08T03:56:51.792694Z,2026-09-08T03:58:12.561207Z,2026-09-08T03:57:57.548066Z,30.0,45.339,10,1,read,108.0,105.3,4,26.2,27.3,32.5,39.8,,,
20260908T035651Z_p4-chaos-dead,cockroachdb,chaos-dead,smoke,40659d82c028c5872c820a016d4ff03b23068151,2026-09-08T03:56:51.792694Z,2026-09-08T03:58:12.561207Z,2026-09-08T03:57:57.548066Z,30.0,45.339,10,1,update,33.0,24.8,4,209.7,218.1,226.5,226.5,,,
20260908T035651Z_p4-chaos-dead,cockroachdb,chaos-dead,smoke,40659d82c028c5872c820a016d4ff03b23068151,2026-09-08T03:56:51.792694Z,2026-09-08T03:58:12.561207Z,2026-09-08T03:57:57.548066Z,31.0,46.336,10,1,read,131.0,106.1,4,26.2,27.3,27.3,28.3,,,
20260908T035651Z_p4-chaos-dead,cockroachdb,chaos-dead,smoke,40659d82c028c5872c820a016d4ff03b23068151,2026-09-08T03:56:51.792694Z,2026-09-08T03:58:12.561207Z,2026-09-08T03:57:57.548066Z,31.0,46.336,10,1,update,33.0,25.1,4,209.7,218.1,234.9,234.9,,,
20260908T035651Z_p4-chaos-dead,cockroachdb,chaos-dead,smoke,40659d82c028c5872c820a016d4ff03b23068151,2026-09-08T03:56:51.792694Z,2026-09-08T03:58:12.561207Z,2026-09-08T03:57:57.548066Z,32.0,47.34,10,1,read,117.0,106.5,4,26.2,27.3,27.3,27.3,,,
20260908T035651Z_p4-chaos-dead,cockroachdb,chaos-dead,smoke,40659d82c028c5872c820a016d4ff03b23068151,2026-09-08T03:56:51.792694Z,2026-09-08T03:58:12.561207Z,2026-09-08T03:57:57.548066Z,32.0,47.34,10,1,update,35.0,25.4,4,209.7,209.7,218.1,218.1,,,
20260908T035651Z_p4-chaos-dead,cockroachdb,chaos-dead,smoke,40659d82c028c5872c820a016d4ff03b23068151,2026-09-08T03:56:51.792694Z,2026-09-08T03:58:12.561207Z,2026-09-08T03:57:57.548066Z,33.0,48.342,10,1,read,130.0,107.2,4,26.2,27.3,27.3,29.4,,,
20260908T035651Z_p4-chaos-dead,cockroachdb,chaos-dead,smoke,40659d82c028c5872c820a016d4ff03b23068151,2026-09-08T03:56:51.792694Z,2026-09-08T03:58:12.561207Z,2026-09-08T03:57:57.548066Z,33.0,48.342,10,1,update,32.0,25.6,4,209.7,218.1,218.1,218.1,,,
20260908T035651Z_p4-chaos-dead,cockroachdb,chaos-dead,smoke,40659d82c028c5872c820a016d4ff03b23068151,2026-09-08T03:56:51.792694Z,2026-09-08T03:58:12.561207Z,2026-09-08T03:57:57.548066Z,34.0,49.341,10,1,read,113.0,107.4,4,26.2,27.3,28.3,28.3,,,
20260908T035651Z_p4-chaos-dead,cockroachdb,chaos-dead,smoke,40659d82c028c5872c820a016d4ff03b23068151,2026-09-08T03:56:51.792694Z,2026-09-08T03:58:12.561207Z,2026-09-08T03:57:57.548066Z,34.0,49.341,10,1,update,31.0,25.7,4,209.7,218.1,218.1,218.1,,,
20260908T035651Z_p4-chaos-dead,cockroachdb,chaos-dead,smoke,40659d82c028c5872c820a016d4ff03b23068151,2026-09-08T03:56:51.792694Z,2026-09-08T03:58:12.561207Z,2026-09-08T03:57:57.548066Z,35.0,50.344,10,1,read,125.0,107.9,4,26.2,27.3,27.3,27.3,,,
20260908T035651Z_p4-chaos-dead,cockroachdb,chaos-dead,smoke,40659d82c028c5872c820a016d4ff03b23068151,2026-09-08T03:56:51.792694Z,2026-09-08T03:58:12.561207Z,2026-09-08T03:57:57.548066Z,35.0,50.344,10,1,update,34.0,26.0,4,209.7,218.1,226.5,226.5,,,
20260908T035651Z_p4-chaos-dead,cockroachdb,chaos-dead,smoke,40659d82c028c5872c820a016d4ff03b23068151,2026-09-08T03:56:51.792694Z,2026-09-08T03:58:12.561207Z,2026-09-08T03:57:57.548066Z,36.0,51.344,10,1,read,135.0,108.6,4,26.2,27.3,27.3,27.3,,,
20260908T035651Z_p4-chaos-dead,cockroachdb,chaos-dead,smoke,40659d82c028c5872c820a016d4ff03b23068151,2026-09-08T03:56:51.792694Z,2026-09-08T03:58:12.561207Z,2026-09-08T03:57:57.548066Z,36.0,51.344,10,1,update,31.0,26.1,4,209.7,209.7,218.1,218.1,,,
20260908T035651Z_p4-chaos-dead,cockroachdb,chaos-dead,smoke,40659d82c028c5872c820a016d4ff03b23068151,2026-09-08T03:56:51.792694Z,2026-09-08T03:58:12.561207Z,2026-09-08T03:57:57.548066Z,37.0,52.345,10,1,read,113.0,108.7,4,26.2,27.3,28.3,28.3,,,
20260908T035651Z_p4-chaos-dead,cockroachdb,chaos-dead,smoke,40659d82c028c5872c820a016d4ff03b23068151,2026-09-08T03:56:51.792694Z,2026-09-08T03:58:12.561207Z,2026-09-08T03:57:57.548066Z,37.0,52.345,10,1,update,31.0,26.2,4,209.7,218.1,218.1,218.1,,,
20260908T035651Z_p4-chaos-dead,cockroachdb,chaos-dead,smoke,40659d82c028c5872c820a016d4ff03b23068151,2026-09-08T03:56:51.792694Z,2026-09-08T03:58:12.561207Z,2026-09-08T03:57:57.548066Z,38.0,53.339,10,1,read,130.0,109.3,4,26.2,27.3,28.3,28.3,,,
20260908T035651Z_p4-chaos-dead,cockroachdb,chaos-dead,smoke,40659d82c028c5872c820a016d4ff03b23068151,2026-09-08T03:56:51.792694Z,2026-09-08T03:58:12.561207Z,2026-09-08T03:57:57.548066Z,38.0,53.339,10,1,update,34.0,26.4,4,209.7,218.1,218.1,218.1,,,
20260908T035651Z_p4-chaos-dead,cockroachdb,chaos-dead,smoke,40659d82c028c5872c820a016d4ff03b23068151,2026-09-08T03:56:51.792694Z,2026-09-08T03:58:12.561207Z,2026-09-08T03:57:57.548066Z,39.0,54.341,10,1,read,124.1,109.7,4,26.2,27.3,28.3,28.3,,,
20260908T035651Z_p4-chaos-dead,cockroachdb,chaos-dead,smoke,40659d82c028c5872c820a016d4ff03b23068151,2026-09-08T03:56:51.792694Z,2026-09-08T03:58:12.561207Z,2026-09-08T03:57:57.548066Z,39.0,54.341,10,1,update,32.0,26.6,4,209.7,218.1,218.1,218.1,,,
20260908T035651Z_p4-chaos-dead,cockroachdb,chaos-dead,smoke,40659d82c028c5872c820a016d4ff03b23068151,2026-09-08T03:56:51.792694Z,2026-09-08T03:58:12.561207Z,2026-09-08T03:57:57.548066Z,40.0,55.339,10,1,read,116.0,109.8,4,26.2,28.3,32.5,32.5,,,
20260908T035651Z_p4-chaos-dead,cockroachdb,chaos-dead,smoke,40659d82c028c5872c820a016d4ff03b23068151,2026-09-08T03:56:51.792694Z,2026-09-08T03:58:12.561207Z,2026-09-08T03:57:57.548066Z,40.0,55.339,10,1,update,34.0,26.8,4,209.7,218.1,218.1,218.1,,,
20260908T035651Z_p4-chaos-dead,cockroachdb,chaos-dead,smoke,40659d82c028c5872c820a016d4ff03b23068151,2026-09-08T03:56:51.792694Z,2026-09-08T03:58:12.561207Z,2026-09-08T03:57:57.548066Z,41.0,56.34,10,1,read,111.0,109.9,4,26.2,27.3,27.3,27.3,,,
20260908T035651Z_p4-chaos-dead,cockroachdb,chaos-dead,smoke,40659d82c028c5872c820a016d4ff03b23068151,2026-09-08T03:56:51.792694Z,2026-09-08T03:58:12.561207Z,2026-09-08T03:57:57.548066Z,41.0,56.34,10,1,update,34.0,27.0,4,209.7,218.1,218.1,218.1,,,
20260908T035651Z_p4-chaos-dead,cockroachdb,chaos-dead,smoke,40659d82c028c5872c820a016d4ff03b23068151,2026-09-08T03:56:51.792694Z,2026-09-08T03:58:12.561207Z,2026-09-08T03:57:57.548066Z,42.0,57.34,10,1,read,117.0,110.0,4,26.2,27.3,27.3,27.3,,,
20260908T035651Z_p4-chaos-dead,cockroachdb,chaos-dead,smoke,40659d82c028c5872c820a016d4ff03b23068151,2026-09-08T03:56:51.792694Z,2026-09-08T03:58:12.561207Z,2026-09-08T03:57:57.548066Z,42.0,57.34,10,1,update,32.0,27.1,4,209.7,218.1,226.5,226.5,,,
20260908T035651Z_p4-chaos-dead,cockroachdb,chaos-dead,smoke,40659d82c028c5872c820a016d4ff03b23068151,2026-09-08T03:56:51.792694Z,2026-09-08T03:58:12.561207Z,2026-09-08T03:57:57.548066Z,43.0,58.34,10,1,read,107.0,110.0,4,26.2,27.3,28.3,28.3,,,
20260908T035651Z_p4-chaos-dead,cockroachdb,chaos-dead,smoke,40659d82c028c5872c820a016d4ff03b23068151,2026-09-08T03:56:51.792694Z,2026-09-08T03:58:12.561207Z,2026-09-08T03:57:57.548066Z,43.0,58.34,10,1,update,35.0,27.3,4,209.7,218.1,218.1,218.1,,,
20260908T035651Z_p4-chaos-dead,cockroachdb,chaos-dead,smoke,40659d82c028c5872c820a016d4ff03b23068151,2026-09-08T03:56:51.792694Z,2026-09-08T03:58:12.561207Z,2026-09-08T03:57:57.548066Z,44.0,59.339,10,1,read,95.0,109.6,4,26.2,27.3,28.3,39.8,,,
20260908T035651Z_p4-chaos-dead,cockroachdb,chaos-dead,smoke,40659d82c028c5872c820a016d4ff03b23068151,2026-09-08T03:56:51.792694Z,2026-09-08T03:58:12.561207Z,2026-09-08T03:57:57.548066Z,44.0,59.339,10,1,update,34.0,27.4,4,209.7,218.1,226.5,226.5,,,
20260908T035651Z_p4-chaos-dead,cockroachdb,chaos-dead,smoke,40659d82c028c5872c820a016d4ff03b23068151,2026-09-08T03:56:51.792694Z,2026-09-08T03:58:12.561207Z,2026-09-08T03:57:57.548066Z,45.0,60.341,10,1,read,101.0,109.4,4,26.2,27.3,30.4,32.5,,,
20260908T035651Z_p4-chaos-dead,cockroachdb,chaos-dead,smoke,40659d82c028c5872c820a016d4ff03b23068151,2026-09-08T03:56:51.792694Z,2026-09-08T03:58:12.561207Z,2026-09-08T03:57:57.548066Z,45.0,60.341,10,1,update,36.0,27.6,4,209.7,218.1,218.1,218.1,,,
20260908T060102Z_p4-chaos-dead,cockroachdb,chaos-dead,thesis,c518dc6a29d6bfb5d7d89439d9fad14b81b56649,2026-09-08T06:01:02.607701Z,2026-09-08T06:05:35.709409Z,2026-09-08T06:05:19.711356Z,1.0,71.764,100,1,read,15.3,960.3,0,58.7,134.2,167.8,167.8,,,
20260908T060102Z_p4-chaos-dead,cockroachdb,chaos-dead,thesis,c518dc6a29d6bfb5d7d89439d9fad14b81b56649,2026-09-08T06:01:02.607701Z,2026-09-08T06:05:35.709409Z,2026-09-08T06:05:19.711356Z,1.0,71.764,100,1,update,3.1,195.9,0,167.8,201.3,268.4,268.4,,,
20260908T060102Z_p4-chaos-dead,cockroachdb,chaos-dead,thesis,c518dc6a29d6bfb5d7d89439d9fad14b81b56649,2026-09-08T06:01:02.607701Z,2026-09-08T06:05:35.709409Z,2026-09-08T06:05:19.711356Z,2.0,72.759,100,1,read,1069.6,1014.9,0,56.6,67.1,71.3,75.5,,,
20260908T060102Z_p4-chaos-dead,cockroachdb,chaos-dead,thesis,c518dc6a29d6bfb5d7d89439d9fad14b81b56649,2026-09-08T06:01:02.607701Z,2026-09-08T06:05:35.709409Z,2026-09-08T06:05:19.711356Z,2.0,72.759,100,1,update,250.1,223.0,0,159.4,176.2,176.2,176.2,,,
20260908T060102Z_p4-chaos-dead,cockroachdb,chaos-dead,thesis,c518dc6a29d6bfb5d7d89439d9fad14b81b56649,2026-09-08T06:01:02.607701Z,2026-09-08T06:05:35.709409Z,2026-09-08T06:05:19.711356Z,3.0,73.764,100,1,read,953.8,994.6,0,58.7,75.5,79.7,92.3,,,
20260908T060102Z_p4-chaos-dead,cockroachdb,chaos-dead,thesis,c518dc6a29d6bfb5d7d89439d9fad14b81b56649,2026-09-08T06:01:02.607701Z,2026-09-08T06:05:35.709409Z,2026-09-08T06:05:19.711356Z,3.0,73.764,100,1,update,266.9,237.6,0,167.8,176.2,192.9,192.9,,,
20260908T060102Z_p4-chaos-dead,cockroachdb,chaos-dead,thesis,c518dc6a29d6bfb5d7d89439d9fad14b81b56649,2026-09-08T06:01:02.607701Z,2026-09-08T06:05:35.709409Z,2026-09-08T06:05:19.711356Z,4.0,74.761,100,1,read,772.9,939.1,0,83.9,109.1,117.4,125.8,,,
20260908T060102Z_p4-chaos-dead,cockroachdb,chaos-dead,thesis,c518dc6a29d6bfb5d7d89439d9fad14b81b56649,2026-09-08T06:01:02.607701Z,2026-09-08T06:05:35.709409Z,2026-09-08T06:05:19.711356Z,4.0,74.761,100,1,update,181.0,223.5,0,201.3,234.9,243.3,285.2,,,
20260908T060102Z_p4-chaos-dead,cockroachdb,chaos-dead,thesis,c518dc6a29d6bfb5d7d89439d9fad14b81b56649,2026-09-08T06:01:02.607701Z,2026-09-08T06:05:35.709409Z,2026-09-08T06:05:19.711356Z,5.0,75.763,100,1,read,993.5,950.0,0,56.6,79.7,88.1,96.5,,,
20260908T060102Z_p4-chaos-dead,cockroachdb,chaos-dead,thesis,c518dc6a29d6bfb5d7d89439d9fad14b81b56649,2026-09-08T06:01:02.607701Z,2026-09-08T06:05:35.709409Z,2026-09-08T06:05:19.711356Z,5.0,75.763,100,1,update,255.9,230.0,0,167.8,192.9,209.7,218.1,,,
20260908T060102Z_p4-chaos-dead,cockroachdb,chaos-dead,thesis,c518dc6a29d6bfb5d7d89439d9fad14b81b56649,2026-09-08T06:01:02.607701Z,2026-09-08T06:05:35.709409Z,2026-09-08T06:05:19.711356Z,6.0,76.762,100,1,read,984.4,955.8,0,58.7,75.5,79.7,79.7,,,
20260908T060102Z_p4-chaos-dead,cockroachdb,chaos-dead,thesis,c518dc6a29d6bfb5d7d89439d9fad14b81b56649,2026-09-08T06:01:02.607701Z,2026-09-08T06:05:35.709409Z,2026-09-08T06:05:19.711356Z,6.0,76.762,100,1,update,249.1,233.1,0,167.8,184.5,201.3,209.7,,,
20260908T060102Z_p4-chaos-dead,cockroachdb,chaos-dead,thesis,c518dc6a29d6bfb5d7d89439d9fad14b81b56649,2026-09-08T06:01:02.607701Z,2026-09-08T06:05:35.709409Z,2026-09-08T06:05:19.711356Z,7.0,77.763,100,1,read,985.0,960.0,0,56.6,71.3,75.5,192.9,,,
20260908T060102Z_p4-chaos-dead,cockroachdb,chaos-dead,thesis,c518dc6a29d6bfb5d7d89439d9fad14b81b56649,2026-09-08T06:01:02.607701Z,2026-09-08T06:05:35.709409Z,2026-09-08T06:05:19.711356Z,7.0,77.763,100,1,update,272.0,238.7,0,159.4,201.3,226.5,226.5,,,
20260908T060102Z_p4-chaos-dead,cockroachdb,chaos-dead,thesis,c518dc6a29d6bfb5d7d89439d9fad14b81b56649,2026-09-08T06:01:02.607701Z,2026-09-08T06:05:35.709409Z,2026-09-08T06:05:19.711356Z,8.0,78.763,100,1,read,984.4,963.0,0,56.6,65.0,71.3,83.9,,,
20260908T060102Z_p4-chaos-dead,cockroachdb,chaos-dead,thesis,c518dc6a29d6bfb5d7d89439d9fad14b81b56649,2026-09-08T06:01:02.607701Z,2026-09-08T06:05:35.709409Z,2026-09-08T06:05:19.711356Z,8.0,78.763,100,1,update,285.1,244.5,0,159.4,176.2,176.2,184.5,,,
20260908T060102Z_p4-chaos-dead,cockroachdb,chaos-dead,thesis,c518dc6a29d6bfb5d7d89439d9fad14b81b56649,2026-09-08T06:01:02.607701Z,2026-09-08T06:05:35.709409Z,2026-09-08T06:05:19.711356Z,9.0,79.763,100,1,read,1023.3,969.7,0,60.8,79.7,83.9,88.1,,,
20260908T060102Z_p4-chaos-dead,cockroachdb,chaos-dead,thesis,c518dc6a29d6bfb5d7d89439d9fad14b81b56649,2026-09-08T06:01:02.607701Z,2026-09-08T06:05:35.709409Z,2026-09-08T06:05:19.711356Z,9.0,79.763,100,1,update,217.8,241.5,0,167.8,184.5,192.9,201.3,,,
20260908T060102Z_p4-chaos-dead,cockroachdb,chaos-dead,thesis,c518dc6a29d6bfb5d7d89439d9fad14b81b56649,2026-09-08T06:01:02.607701Z,2026-09-08T06:05:35.709409Z,2026-09-08T06:05:19.711356Z,10.0,80.761,100,1,read,990.3,971.8,0,58.7,67.1,79.7,83.9,,,
20260908T060102Z_p4-chaos-dead,cockroachdb,chaos-dead,thesis,c518dc6a29d6bfb5d7d89439d9fad14b81b56649,2026-09-08T06:01:02.607701Z,2026-09-08T06:05:35.709409Z,2026-09-08T06:05:19.711356Z,10.0,80.761,100,1,update,267.1,244.1,0,159.4,176.2,184.5,192.9,,,
20260908T060102Z_p4-chaos-dead,cockroachdb,chaos-dead,thesis,c518dc6a29d6bfb5d7d89439d9fad14b81b56649,2026-09-08T06:01:02.607701Z,2026-09-08T06:05:35.709409Z,2026-09-08T06:05:19.711356Z,11.0,81.763,100,1,read,980.1,972.5,0,54.5,62.9,71.3,142.6,,,
20260908T060102Z_p4-chaos-dead,cockroachdb,chaos-dead,thesis,c518dc6a29d6bfb5d7d89439d9fad14b81b56649,2026-09-08T06:01:02.607701Z,2026-09-08T06:05:35.709409Z,2026-09-08T06:05:19.711356Z,11.0,81.763,100,1,update,291.0,248.4,0,159.4,184.5,192.9,192.9,,,
20260908T060102Z_p4-chaos-dead,cockroachdb,chaos-dead,thesis,c518dc6a29d6bfb5d7d89439d9fad14b81b56649,2026-09-08T06:01:02.607701Z,2026-09-08T06:05:35.709409Z,2026-09-08T06:05:19.711356Z,12.0,82.759,100,1,read,1044.0,978.5,0,56.6,65.0,71.3,83.9,,,
20260908T060102Z_p4-chaos-dead,cockroachdb,chaos-dead,thesis,c518dc6a29d6bfb5d7d89439d9fad14b81b56649,2026-09-08T06:01:02.607701Z,2026-09-08T06:05:35.709409Z,2026-09-08T06:05:19.711356Z,12.0,82.759,100,1,update,270.0,250.2,0,159.4,176.2,176.2,184.5,,,
20260908T060102Z_p4-chaos-dead,cockroachdb,chaos-dead,thesis,c518dc6a29d6bfb5d7d89439d9fad14b81b56649,2026-09-08T06:01:02.607701Z,2026-09-08T06:05:35.709409Z,2026-09-08T06:05:19.711356Z,13.0,83.763,100,1,read,1086.8,986.8,0,54.5,65.0,79.7,83.9,,,
20260908T060102Z_p4-chaos-dead,cockroachdb,chaos-dead,thesis,c518dc6a29d6bfb5d7d89439d9fad14b81b56649,2026-09-08T06:01:02.607701Z,2026-09-08T06:05:35.709409Z,2026-09-08T06:05:19.711356Z,13.0,83.763,100,1,update,259.0,250.8,0,159.4,167.8,184.5,184.5,,,
20260908T060102Z_p4-chaos-dead,cockroachdb,chaos-dead,thesis,c518dc6a29d6bfb5d7d89439d9fad14b81b56649,2026-09-08T06:01:02.607701Z,2026-09-08T06:05:35.709409Z,2026-09-08T06:05:19.711356Z,14.0,84.76,100,1,read,1020.2,989.2,0,56.6,67.1,75.5,83.9,,,
20260908T060102Z_p4-chaos-dead,cockroachdb,chaos-dead,thesis,c518dc6a29d6bfb5d7d89439d9fad14b81b56649,2026-09-08T06:01:02.607701Z,2026-09-08T06:05:35.709409Z,2026-09-08T06:05:19.711356Z,14.0,84.76,100,1,update,270.1,252.2,0,159.4,176.2,184.5,192.9,,,
20260908T060102Z_p4-chaos-dead,cockroachdb,chaos-dead,thesis,c518dc6a29d6bfb5d7d89439d9fad14b81b56649,2026-09-08T06:01:02.607701Z,2026-09-08T06:05:35.709409Z,2026-09-08T06:05:19.711356Z,15.0,85.763,100,1,read,1063.4,994.1,0,56.6,71.3,75.5,83.9,,,
20260908T060102Z_p4-chaos-dead,cockroachdb,chaos-dead,thesis,c518dc6a29d6bfb5d7d89439d9fad14b81b56649,2026-09-08T06:01:02.607701Z,2026-09-08T06:05:35.709409Z,2026-09-08T06:05:19.711356Z,15.0,85.763,100,1,update,242.9,251.6,0,167.8,176.2,184.5,192.9,,,
20260908T060102Z_p4-chaos-dead,cockroachdb,chaos-dead,thesis,c518dc6a29d6bfb5d7d89439d9fad14b81b56649,2026-09-08T06:01:02.607701Z,2026-09-08T06:05:35.709409Z,2026-09-08T06:05:19.711356Z,16.0,86.761,100,1,read,1004.8,994.8,0,58.7,75.5,92.3,117.4,,,
20260908T060102Z_p4-chaos-dead,cockroachdb,chaos-dead,thesis,c518dc6a29d6bfb5d7d89439d9fad14b81b56649,2026-09-08T06:01:02.607701Z,2026-09-08T06:05:35.709409Z,2026-09-08T06:05:19.711356Z,16.0,86.761,100,1,update,228.0,250.1,0,167.8,184.5,201.3,209.7,,,
20260908T060102Z_p4-chaos-dead,cockroachdb,chaos-dead,thesis,c518dc6a29d6bfb5d7d89439d9fad14b81b56649,2026-09-08T06:01:02.607701Z,2026-09-08T06:05:35.709409Z,2026-09-08T06:05:19.711356Z,17.0,87.764,100,1,read,1049.2,998.0,0,58.7,71.3,79.7,83.9,,,
20260908T060102Z_p4-chaos-dead,cockroachdb,chaos-dead,thesis,c518dc6a29d6bfb5d7d89439d9fad14b81b56649,2026-09-08T06:01:02.607701Z,2026-09-08T06:05:35.709409Z,2026-09-08T06:05:19.711356Z,17.0,87.764,100,1,update,251.0,250.2,0,167.8,192.9,201.3,218.1,,,
20260908T060102Z_p4-chaos-dead,cockroachdb,chaos-dead,thesis,c518dc6a29d6bfb5d7d89439d9fad14b81b56649,2026-09-08T06:01:02.607701Z,2026-09-08T06:05:35.709409Z,2026-09-08T06:05:19.711356Z,18.0,88.759,100,1,read,1030.7,999.8,0,54.5,62.9,67.1,71.3,,,
20260908T060102Z_p4-chaos-dead,cockroachdb,chaos-dead,thesis,c518dc6a29d6bfb5d7d89439d9fad14b81b56649,2026-09-08T06:01:02.607701Z,2026-09-08T06:05:35.709409Z,2026-09-08T06:05:19.711356Z,18.0,88.759,100,1,update,276.2,251.6,0,159.4,167.8,167.8,176.2,,,
20260908T060102Z_p4-chaos-dead,cockroachdb,chaos-dead,thesis,c518dc6a29d6bfb5d7d89439d9fad14b81b56649,2026-09-08T06:01:02.607701Z,2026-09-08T06:05:35.709409Z,2026-09-08T06:05:19.711356Z,19.0,89.764,100,1,read,1029.7,1001.4,0,58.7,71.3,79.7,100.7,,,
20260908T060102Z_p4-chaos-dead,cockroachdb,chaos-dead,thesis,c518dc6a29d6bfb5d7d89439d9fad14b81b56649,2026-09-08T06:01:02.607701Z,2026-09-08T06:05:35.709409Z,2026-09-08T06:05:19.711356Z,19.0,89.764,100,1,update,251.9,251.6,0,159.4,184.5,192.9,209.7,,,
20260908T060102Z_p4-chaos-dead,cockroachdb,chaos-dead,thesis,c518dc6a29d6bfb5d7d89439d9fad14b81b56649,2026-09-08T06:01:02.607701Z,2026-09-08T06:05:35.709409Z,2026-09-08T06:05:19.711356Z,20.0,90.761,100,1,read,1067.8,1004.7,0,56.6,62.9,67.1,75.5,,,
20260908T060102Z_p4-chaos-dead,cockroachdb,chaos-dead,thesis,c518dc6a29d6bfb5d7d89439d9fad14b81b56649,2026-09-08T06:01:02.607701Z,2026-09-08T06:05:35.709409Z,2026-09-08T06:05:19.711356Z,20.0,90.761,100,1,update,257.0,251.9,0,159.4,167.8,176.2,176.2,,,
20260908T060102Z_p4-chaos-dead,cockroachdb,chaos-dead,thesis,c518dc6a29d6bfb5d7d89439d9fad14b81b56649,2026-09-08T06:01:02.607701Z,2026-09-08T06:05:35.709409Z,2026-09-08T06:05:19.711356Z,21.0,91.763,100,1,read,990.1,1004.0,0,58.7,71.3,75.5,79.7,,,
20260908T060102Z_p4-chaos-dead,cockroachdb,chaos-dead,thesis,c518dc6a29d6bfb5d7d89439d9fad14b81b56649,2026-09-08T06:01:02.607701Z,2026-09-08T06:05:35.709409Z,2026-09-08T06:05:19.711356Z,21.0,91.763,100,1,update,264.0,252.5,0,167.8,184.5,192.9,192.9,,,
20260908T060102Z_p4-chaos-dead,cockroachdb,chaos-dead,thesis,c518dc6a29d6bfb5d7d89439d9fad14b81b56649,2026-09-08T06:01:02.607701Z,2026-09-08T06:05:35.709409Z,2026-09-08T06:05:19.711356Z,22.0,92.761,100,1,read,979.4,1002.9,0,56.6,67.1,71.3,79.7,,,
20260908T060102Z_p4-chaos-dead,cockroachdb,chaos-dead,thesis,c518dc6a29d6bfb5d7d89439d9fad14b81b56649,2026-09-08T06:01:02.607701Z,2026-09-08T06:05:35.709409Z,2026-09-08T06:05:19.711356Z,22.0,92.761,100,1,update,274.8,253.5,0,167.8,176.2,184.5,184.5,,,
20260908T060102Z_p4-chaos-dead,cockroachdb,chaos-dead,thesis,c518dc6a29d6bfb5d7d89439d9fad14b81b56649,2026-09-08T06:01:02.607701Z,2026-09-08T06:05:35.709409Z,2026-09-08T06:05:19.711356Z,23.0,93.764,100,1,read,1012.9,1003.3,0,56.6,67.1,71.3,79.7,,,
20260908T060102Z_p4-chaos-dead,cockroachdb,chaos-dead,thesis,c518dc6a29d6bfb5d7d89439d9fad14b81b56649,2026-09-08T06:01:02.607701Z,2026-09-08T06:05:35.709409Z,2026-09-08T06:05:19.711356Z,23.0,93.764,100,1,update,266.2,254.0,0,159.4,209.7,243.3,243.3,,,
20260908T060102Z_p4-chaos-dead,cockroachdb,chaos-dead,thesis,c518dc6a29d6bfb5d7d89439d9fad14b81b56649,2026-09-08T06:01:02.607701Z,2026-09-08T06:05:35.709409Z,2026-09-08T06:05:19.711356Z,24.0,94.763,100,1,read,1019.9,1004.0,0,56.6,65.0,71.3,75.5,,,
20260908T060102Z_p4-chaos-dead,cockroachdb,chaos-dead,thesis,c518dc6a29d6bfb5d7d89439d9fad14b81b56649,2026-09-08T06:01:02.607701Z,2026-09-08T06:05:35.709409Z,2026-09-08T06:05:19.711356Z,24.0,94.763,100,1,update,274.0,254.9,0,159.4,176.2,176.2,184.5,,,
20260908T060102Z_p4-chaos-dead,cockroachdb,chaos-dead,thesis,c518dc6a29d6bfb5d7d89439d9fad14b81b56649,2026-09-08T06:01:02.607701Z,2026-09-08T06:05:35.709409Z,2026-09-08T06:05:19.711356Z,25.0,95.764,100,1,read,1096.1,1007.7,0,56.6,65.0,71.3,83.9,,,
20260908T060102Z_p4-chaos-dead,cockroachdb,chaos-dead,thesis,c518dc6a29d6bfb5d7d89439d9fad14b81b56649,2026-09-08T06:01:02.607701Z,2026-09-08T06:05:35.709409Z,2026-09-08T06:05:19.711356Z,25.0,95.764,100,1,update,249.8,254.7,0,159.4,184.5,184.5,192.9,,,
20260908T060102Z_p4-chaos-dead,cockroachdb,chaos-dead,thesis,c518dc6a29d6bfb5d7d89439d9fad14b81b56649,2026-09-08T06:01:02.607701Z,2026-09-08T06:05:35.709409Z,2026-09-08T06:05:19.711356Z,26.0,96.768,100,1,read,833.4,1001.0,0,62.9,121.6,151.0,167.8,,,
20260908T060102Z_p4-chaos-dead,cockroachdb,chaos-dead,thesis,c518dc6a29d6bfb5d7d89439d9fad14b81b56649,2026-09-08T06:01:02.607701Z,2026-09-08T06:05:35.709409Z,2026-09-08T06:05:19.711356Z,26.0,96.768,100,1,update,217.1,253.2,0,176.2,234.9,268.4,285.2,,,
20260908T060102Z_p4-chaos-dead,cockroachdb,chaos-dead,thesis,c518dc6a29d6bfb5d7d89439d9fad14b81b56649,2026-09-08T06:01:02.607701Z,2026-09-08T06:05:35.709409Z,2026-09-08T06:05:19.711356Z,27.0,97.764,100,1,read,970.4,999.9,0,58.7,104.9,134.2,176.2,,,
20260908T060102Z_p4-chaos-dead,cockroachdb,chaos-dead,thesis,c518dc6a29d6bfb5d7d89439d9fad14b81b56649,2026-09-08T06:01:02.607701Z,2026-09-08T06:05:35.709409Z,2026-09-08T06:05:19.711356Z,27.0,97.764,100,1,update,231.9,252.4,0,167.8,251.7,285.2,285.2,,,
20260908T060102Z_p4-chaos-dead,cockroachdb,chaos-dead,thesis,c518dc6a29d6bfb5d7d89439d9fad14b81b56649,2026-09-08T06:01:02.607701Z,2026-09-08T06:05:35.709409Z,2026-09-08T06:05:19.711356Z,28.0,98.759,100,1,read,1039.8,1001.3,0,54.5,62.9,71.3,151.0,,,
20260908T060102Z_p4-chaos-dead,cockroachdb,chaos-dead,thesis,c518dc6a29d6bfb5d7d89439d9fad14b81b56649,2026-09-08T06:01:02.607701Z,2026-09-08T06:05:35.709409Z,2026-09-08T06:05:19.711356Z,28.0,98.759,100,1,update,270.2,253.1,0,159.4,176.2,184.5,184.5,,,
20260908T060102Z_p4-chaos-dead,cockroachdb,chaos-dead,thesis,c518dc6a29d6bfb5d7d89439d9fad14b81b56649,2026-09-08T06:01:02.607701Z,2026-09-08T06:05:35.709409Z,2026-09-08T06:05:19.711356Z,29.0,99.764,100,1,read,1088.0,1004.3,0,56.6,67.1,71.3,75.5,,,
20260908T060102Z_p4-chaos-dead,cockroachdb,chaos-dead,thesis,c518dc6a29d6bfb5d7d89439d9fad14b81b56649,2026-09-08T06:01:02.607701Z,2026-09-08T06:05:35.709409Z,2026-09-08T06:05:19.711356Z,29.0,99.764,100,1,update,245.0,252.8,0,159.4,176.2,184.5,184.5,,,
20260908T060102Z_p4-chaos-dead,cockroachdb,chaos-dead,thesis,c518dc6a29d6bfb5d7d89439d9fad14b81b56649,2026-09-08T06:01:02.607701Z,2026-09-08T06:05:35.709409Z,2026-09-08T06:05:19.711356Z,30.0,100.763,100,1,read,1082.9,1006.9,0,56.6,62.9,67.1,83.9,,,
20260908T060102Z_p4-chaos-dead,cockroachdb,chaos-dead,thesis,c518dc6a29d6bfb5d7d89439d9fad14b81b56649,2026-09-08T06:01:02.607701Z,2026-09-08T06:05:35.709409Z,2026-09-08T06:05:19.711356Z,30.0,100.763,100,1,update,240.0,252.4,0,159.4,167.8,176.2,176.2,,,
20260908T060102Z_p4-chaos-dead,cockroachdb,chaos-dead,thesis,c518dc6a29d6bfb5d7d89439d9fad14b81b56649,2026-09-08T06:01:02.607701Z,2026-09-08T06:05:35.709409Z,2026-09-08T06:05:19.711356Z,31.0,101.77,100,1,read,1069.9,1009.0,0,56.6,71.3,79.7,92.3,,,
20260908T060102Z_p4-chaos-dead,cockroachdb,chaos-dead,thesis,c518dc6a29d6bfb5d7d89439d9fad14b81b56649,2026-09-08T06:01:02.607701Z,2026-09-08T06:05:35.709409Z,2026-09-08T06:05:19.711356Z,31.0,101.77,100,1,update,267.0,252.8,0,159.4,176.2,192.9,209.7,,,
20260908T060102Z_p4-chaos-dead,cockroachdb,chaos-dead,thesis,c518dc6a29d6bfb5d7d89439d9fad14b81b56649,2026-09-08T06:01:02.607701Z,2026-09-08T06:05:35.709409Z,2026-09-08T06:05:19.711356Z,32.0,102.762,100,1,read,1063.4,1010.7,0,54.5,62.9,71.3,75.5,,,
20260908T060102Z_p4-chaos-dead,cockroachdb,chaos-dead,thesis,c518dc6a29d6bfb5d7d89439d9fad14b81b56649,2026-09-08T06:01:02.607701Z,2026-09-08T06:05:35.709409Z,2026-09-08T06:05:19.711356Z,32.0,102.762,100,1,update,263.8,253.2,0,159.4,167.8,176.2,184.5,,,
20260908T060102Z_p4-chaos-dead,cockroachdb,chaos-dead,thesis,c518dc6a29d6bfb5d7d89439d9fad14b81b56649,2026-09-08T06:01:02.607701Z,2026-09-08T06:05:35.709409Z,2026-09-08T06:05:19.711356Z,33.0,103.765,100,1,read,1053.4,1012.0,0,54.5,62.9,67.1,75.5,,,
20260908T060102Z_p4-chaos-dead,cockroachdb,chaos-dead,thesis,c518dc6a29d6bfb5d7d89439d9fad14b81b56649,2026-09-08T06:01:02.607701Z,2026-09-08T06:05:35.709409Z,2026-09-08T06:05:19.711356Z,33.0,103.765,100,1,update,280.1,254.0,0,159.4,167.8,176.2,184.5,,,
20260908T060102Z_p4-chaos-dead,cockroachdb,chaos-dead,thesis,c518dc6a29d6bfb5d7d89439d9fad14b81b56649,2026-09-08T06:01:02.607701Z,2026-09-08T06:05:35.709409Z,2026-09-08T06:05:19.711356Z,34.0,104.762,100,1,read,1078.7,1013.9,0,52.4,60.8,62.9,67.1,,,
20260908T060102Z_p4-chaos-dead,cockroachdb,chaos-dead,thesis,c518dc6a29d6bfb5d7d89439d9fad14b81b56649,2026-09-08T06:01:02.607701Z,2026-09-08T06:05:35.709409Z,2026-09-08T06:05:19.711356Z,34.0,104.762,100,1,update,272.9,254.6,0,159.4,167.8,167.8,176.2,,,
20260908T060102Z_p4-chaos-dead,cockroachdb,chaos-dead,thesis,c518dc6a29d6bfb5d7d89439d9fad14b81b56649,2026-09-08T06:01:02.607701Z,2026-09-08T06:05:35.709409Z,2026-09-08T06:05:19.711356Z,35.0,105.764,100,1,read,1008.7,1013.8,0,54.5,62.9,67.1,71.3,,,
20260908T060102Z_p4-chaos-dead,cockroachdb,chaos-dead,thesis,c518dc6a29d6bfb5d7d89439d9fad14b81b56649,2026-09-08T06:01:02.607701Z,2026-09-08T06:05:35.709409Z,2026-09-08T06:05:19.711356Z,35.0,105.764,100,1,update,296.2,255.7,0,159.4,176.2,184.5,184.5,,,
20260908T060102Z_p4-chaos-dead,cockroachdb,chaos-dead,thesis,c518dc6a29d6bfb5d7d89439d9fad14b81b56649,2026-09-08T06:01:02.607701Z,2026-09-08T06:05:35.709409Z,2026-09-08T06:05:19.711356Z,36.0,106.768,100,1,read,975.3,1012.7,0,56.6,75.5,96.5,109.1,,,
20260908T060102Z_p4-chaos-dead,cockroachdb,chaos-dead,thesis,c518dc6a29d6bfb5d7d89439d9fad14b81b56649,2026-09-08T06:01:02.607701Z,2026-09-08T06:05:35.709409Z,2026-09-08T06:05:19.711356Z,36.0,106.768,100,1,update,259.8,255.9,0,167.8,176.2,184.5,192.9,,,
20260908T060102Z_p4-chaos-dead,cockroachdb,chaos-dead,thesis,c518dc6a29d6bfb5d7d89439d9fad14b81b56649,2026-09-08T06:01:02.607701Z,2026-09-08T06:05:35.709409Z,2026-09-08T06:05:19.711356Z,37.0,107.764,100,1,read,998.4,1012.3,0,54.5,71.3,75.5,79.7,,,
20260908T060102Z_p4-chaos-dead,cockroachdb,chaos-dead,thesis,c518dc6a29d6bfb5d7d89439d9fad14b81b56649,2026-09-08T06:01:02.607701Z,2026-09-08T06:05:35.709409Z,2026-09-08T06:05:19.711356Z,37.0,107.764,100,1,update,281.1,256.5,0,159.4,184.5,209.7,218.1,,,
20260908T060102Z_p4-chaos-dead,cockroachdb,chaos-dead,thesis,c518dc6a29d6bfb5d7d89439d9fad14b81b56649,2026-09-08T06:01:02.607701Z,2026-09-08T06:05:35.709409Z,2026-09-08T06:05:19.711356Z,38.0,108.763,100,1,read,1083.5,1014.2,0,54.5,60.8,65.0,121.6,,,
20260908T060102Z_p4-chaos-dead,cockroachdb,chaos-dead,thesis,c518dc6a29d6bfb5d7d89439d9fad14b81b56649,2026-09-08T06:01:02.607701Z,2026-09-08T06:05:35.709409Z,2026-09-08T06:05:19.711356Z,38.0,108.763,100,1,update,257.9,256.6,0,159.4,167.8,176.2,176.2,,,
20260908T060102Z_p4-chaos-dead,cockroachdb,chaos-dead,thesis,c518dc6a29d6bfb5d7d89439d9fad14b81b56649,2026-09-08T06:01:02.607701Z,2026-09-08T06:05:35.709409Z,2026-09-08T06:05:19.711356Z,39.0,109.764,100,1,read,1016.7,1014.2,0,54.5,71.3,79.7,83.9,,,
20260908T060102Z_p4-chaos-dead,cockroachdb,chaos-dead,thesis,c518dc6a29d6bfb5d7d89439d9fad14b81b56649,2026-09-08T06:01:02.607701Z,2026-09-08T06:05:35.709409Z,2026-09-08T06:05:19.711356Z,39.0,109.764,100,1,update,273.2,257.0,0,159.4,176.2,184.5,192.9,,,
20260908T060102Z_p4-chaos-dead,cockroachdb,chaos-dead,thesis,c518dc6a29d6bfb5d7d89439d9fad14b81b56649,2026-09-08T06:01:02.607701Z,2026-09-08T06:05:35.709409Z,2026-09-08T06:05:19.711356Z,40.0,110.763,100,1,read,1032.7,1014.7,0,56.6,67.1,71.3,167.8,,,
20260908T060102Z_p4-chaos-dead,cockroachdb,chaos-dead,thesis,c518dc6a29d6bfb5d7d89439d9fad14b81b56649,2026-09-08T06:01:02.607701Z,2026-09-08T06:05:35.709409Z,2026-09-08T06:05:19.711356Z,40.0,110.763,100,1,update,272.9,257.4,0,159.4,176.2,176.2,184.5,,,
20260908T060102Z_p4-chaos-dead,cockroachdb,chaos-dead,thesis,c518dc6a29d6bfb5d7d89439d9fad14b81b56649,2026-09-08T06:01:02.607701Z,2026-09-08T06:05:35.709409Z,2026-09-08T06:05:19.711356Z,41.0,111.765,100,1,read,1061.5,1015.9,0,54.5,71.3,88.1,130.0,,,
20260908T060102Z_p4-chaos-dead,cockroachdb,chaos-dead,thesis,c518dc6a29d6bfb5d7d89439d9fad14b81b56649,2026-09-08T06:01:02.607701Z,2026-09-08T06:05:35.709409Z,2026-09-08T06:05:19.711356Z,41.0,111.765,100,1,update,257.1,257.4,0,159.4,184.5,192.9,201.3,,,
20260908T060102Z_p4-chaos-dead,cockroachdb,chaos-dead,thesis,c518dc6a29d6bfb5d7d89439d9fad14b81b56649,2026-09-08T06:01:02.607701Z,2026-09-08T06:05:35.709409Z,2026-09-08T06:05:19.711356Z,42.0,112.762,100,1,read,1043.0,1016.5,0,54.5,62.9,67.1,75.5,,,
20260908T060102Z_p4-chaos-dead,cockroachdb,chaos-dead,thesis,c518dc6a29d6bfb5d7d89439d9fad14b81b56649,2026-09-08T06:01:02.607701Z,2026-09-08T06:05:35.709409Z,2026-09-08T06:05:19.711356Z,42.0,112.762,100,1,update,285.0,258.0,0,159.4,167.8,176.2,184.5,,,
20260908T060102Z_p4-chaos-dead,cockroachdb,chaos-dead,thesis,c518dc6a29d6bfb5d7d89439d9fad14b81b56649,2026-09-08T06:01:02.607701Z,2026-09-08T06:05:35.709409Z,2026-09-08T06:05:19.711356Z,43.0,113.764,100,1,read,1101.2,1018.5,0,52.4,58.7,62.9,121.6,,,
20260908T060102Z_p4-chaos-dead,cockroachdb,chaos-dead,thesis,c518dc6a29d6bfb5d7d89439d9fad14b81b56649,2026-09-08T06:01:02.607701Z,2026-09-08T06:05:35.709409Z,2026-09-08T06:05:19.711356Z,43.0,113.764,100,1,update,265.8,258.2,0,159.4,159.4,167.8,167.8,,,
20260908T060102Z_p4-chaos-dead,cockroachdb,chaos-dead,thesis,c518dc6a29d6bfb5d7d89439d9fad14b81b56649,2026-09-08T06:01:02.607701Z,2026-09-08T06:05:35.709409Z,2026-09-08T06:05:19.711356Z,44.0,114.762,100,1,read,1065.6,1019.5,0,56.6,62.9,67.1,159.4,,,
20260908T060102Z_p4-chaos-dead,cockroachdb,chaos-dead,thesis,c518dc6a29d6bfb5d7d89439d9fad14b81b56649,2026-09-08T06:01:02.607701Z,2026-09-08T06:05:35.709409Z,2026-09-08T06:05:19.711356Z,44.0,114.762,100,1,update,257.1,258.2,0,159.4,167.8,176.2,176.2,,,
20260908T060102Z_p4-chaos-dead,cockroachdb,chaos-dead,thesis,c518dc6a29d6bfb5d7d89439d9fad14b81b56649,2026-09-08T06:01:02.607701Z,2026-09-08T06:05:35.709409Z,2026-09-08T06:05:19.711356Z,45.0,115.764,100,1,read,1034.5,1019.9,0,56.6,67.1,79.7,83.9,,,
20260908T060102Z_p4-chaos-dead,cockroachdb,chaos-dead,thesis,c518dc6a29d6bfb5d7d89439d9fad14b81b56649,2026-09-08T06:01:02.607701Z,2026-09-08T06:05:35.709409Z,2026-09-08T06:05:19.711356Z,45.0,115.764,100,1,update,258.9,258.2,0,159.4,176.2,184.5,184.5,,,
20260908T060102Z_p4-chaos-dead,cockroachdb,chaos-dead,thesis,c518dc6a29d6bfb5d7d89439d9fad14b81b56649,2026-09-08T06:01:02.607701Z,2026-09-08T06:05:35.709409Z,2026-09-08T06:05:19.711356Z,46.0,116.762,100,1,read,1056.7,1020.7,0,56.6,71.3,83.9,113.2,,,
20260908T060102Z_p4-chaos-dead,cockroachdb,chaos-dead,thesis,c518dc6a29d6bfb5d7d89439d9fad14b81b56649,2026-09-08T06:01:02.607701Z,2026-09-08T06:05:35.709409Z,2026-09-08T06:05:19.711356Z,46.0,116.762,100,1,update,247.2,258.0,0,159.4,176.2,184.5,192.9,,,
20260908T060102Z_p4-chaos-dead,cockroachdb,chaos-dead,thesis,c518dc6a29d6bfb5d7d89439d9fad14b81b56649,2026-09-08T06:01:02.607701Z,2026-09-08T06:05:35.709409Z,2026-09-08T06:05:19.711356Z,47.0,117.765,100,1,read,1041.3,1021.1,0,56.6,75.5,79.7,88.1,,,
20260908T060102Z_p4-chaos-dead,cockroachdb,chaos-dead,thesis,c518dc6a29d6bfb5d7d89439d9fad14b81b56649,2026-09-08T06:01:02.607701Z,2026-09-08T06:05:35.709409Z,2026-09-08T06:05:19.711356Z,47.0,117.765,100,1,update,257.8,258.0,0,159.4,184.5,201.3,201.3,,,
20260908T060102Z_p4-chaos-dead,cockroachdb,chaos-dead,thesis,c518dc6a29d6bfb5d7d89439d9fad14b81b56649,2026-09-08T06:01:02.607701Z,2026-09-08T06:05:35.709409Z,2026-09-08T06:05:19.711356Z,48.0,118.762,100,1,read,1048.6,1021.7,0,56.6,67.1,75.5,83.9,,,
20260908T060102Z_p4-chaos-dead,cockroachdb,chaos-dead,thesis,c518dc6a29d6bfb5d7d89439d9fad14b81b56649,2026-09-08T06:01:02.607701Z,2026-09-08T06:05:35.709409Z,2026-09-08T06:05:19.711356Z,48.0,118.762,100,1,update,263.1,258.1,0,159.4,176.2,176.2,184.5,,,
20260908T060102Z_p4-chaos-dead,cockroachdb,chaos-dead,thesis,c518dc6a29d6bfb5d7d89439d9fad14b81b56649,2026-09-08T06:01:02.607701Z,2026-09-08T06:05:35.709409Z,2026-09-08T06:05:19.711356Z,49.0,119.764,100,1,read,959.9,1020.4,0,56.6,71.3,75.5,88.1,,,
20260908T060102Z_p4-chaos-dead,cockroachdb,chaos-dead,thesis,c518dc6a29d6bfb5d7d89439d9fad14b81b56649,2026-09-08T06:01:02.607701Z,2026-09-08T06:05:35.709409Z,2026-09-08T06:05:19.711356Z,49.0,119.764,100,1,update,286.0,258.7,0,159.4,176.2,184.5,192.9,,,
20260908T060102Z_p4-chaos-dead,cockroachdb,chaos-dead,thesis,c518dc6a29d6bfb5d7d89439d9fad14b81b56649,2026-09-08T06:01:02.607701Z,2026-09-08T06:05:35.709409Z,2026-09-08T06:05:19.711356Z,50.0,120.761,100,1,read,953.0,1019.1,0,54.5,79.7,100.7,117.4,,,
20260908T060102Z_p4-chaos-dead,cockroachdb,chaos-dead,thesis,c518dc6a29d6bfb5d7d89439d9fad14b81b56649,2026-09-08T06:01:02.607701Z,2026-09-08T06:05:35.709409Z,2026-09-08T06:05:19.711356Z,50.0,120.761,100,1,update,257.0,258.6,0,159.4,184.5,209.7,218.1,,,
20260908T060102Z_p4-chaos-dead,cockroachdb,chaos-dead,thesis,c518dc6a29d6bfb5d7d89439d9fad14b81b56649,2026-09-08T06:01:02.607701Z,2026-09-08T06:05:35.709409Z,2026-09-08T06:05:19.711356Z,51.0,121.764,100,1,read,907.2,1016.9,0,71.3,104.9,125.8,142.6,,,
20260908T060102Z_p4-chaos-dead,cockroachdb,chaos-dead,thesis,c518dc6a29d6bfb5d7d89439d9fad14b81b56649,2026-09-08T06:01:02.607701Z,2026-09-08T06:05:35.709409Z,2026-09-08T06:05:19.711356Z,51.0,121.764,100,1,update,224.1,257.9,0,192.9,234.9,260.0,285.2,,,
20260908T060102Z_p4-chaos-dead,cockroachdb,chaos-dead,thesis,c518dc6a29d6bfb5d7d89439d9fad14b81b56649,2026-09-08T06:01:02.607701Z,2026-09-08T06:05:35.709409Z,2026-09-08T06:05:19.711356Z,52.0,122.762,100,1,read,1088.9,1018.3,0,54.5,65.0,67.1,75.5,,,
20260908T060102Z_p4-chaos-dead,cockroachdb,chaos-dead,thesis,c518dc6a29d6bfb5d7d89439d9fad14b81b56649,2026-09-08T06:01:02.607701Z,2026-09-08T06:05:35.709409Z,2026-09-08T06:05:19.711356Z,52.0,122.762,100,1,update,263.0,258.0,0,159.4,167.8,176.2,176.2,,,
20260908T060102Z_p4-chaos-dead,cockroachdb,chaos-dead,thesis,c518dc6a29d6bfb5d7d89439d9fad14b81b56649,2026-09-08T06:01:02.607701Z,2026-09-08T06:05:35.709409Z,2026-09-08T06:05:19.711356Z,53.0,123.764,100,1,read,1074.3,1019.3,0,56.6,75.5,79.7,92.3,,,
20260908T060102Z_p4-chaos-dead,cockroachdb,chaos-dead,thesis,c518dc6a29d6bfb5d7d89439d9fad14b81b56649,2026-09-08T06:01:02.607701Z,2026-09-08T06:05:35.709409Z,2026-09-08T06:05:19.711356Z,53.0,123.764,100,1,update,235.1,257.6,0,159.4,184.5,192.9,192.9,,,
20260908T060102Z_p4-chaos-dead,cockroachdb,chaos-dead,thesis,c518dc6a29d6bfb5d7d89439d9fad14b81b56649,2026-09-08T06:01:02.607701Z,2026-09-08T06:05:35.709409Z,2026-09-08T06:05:19.711356Z,54.0,124.762,100,1,read,1083.0,1020.5,0,54.5,62.9,71.3,79.7,,,
20260908T060102Z_p4-chaos-dead,cockroachdb,chaos-dead,thesis,c518dc6a29d6bfb5d7d89439d9fad14b81b56649,2026-09-08T06:01:02.607701Z,2026-09-08T06:05:35.709409Z,2026-09-08T06:05:19.711356Z,54.0,124.762,100,1,update,268.8,257.8,0,159.4,167.8,176.2,176.2,,,
20260908T060102Z_p4-chaos-dead,cockroachdb,chaos-dead,thesis,c518dc6a29d6bfb5d7d89439d9fad14b81b56649,2026-09-08T06:01:02.607701Z,2026-09-08T06:05:35.709409Z,2026-09-08T06:05:19.711356Z,55.0,125.77,100,1,read,1052.5,1021.1,0,54.5,71.3,88.1,96.5,,,
20260908T060102Z_p4-chaos-dead,cockroachdb,chaos-dead,thesis,c518dc6a29d6bfb5d7d89439d9fad14b81b56649,2026-09-08T06:01:02.607701Z,2026-09-08T06:05:35.709409Z,2026-09-08T06:05:19.711356Z,55.0,125.77,100,1,update,270.1,258.0,0,159.4,176.2,192.9,201.3,,,
20260908T060102Z_p4-chaos-dead,cockroachdb,chaos-dead,thesis,c518dc6a29d6bfb5d7d89439d9fad14b81b56649,2026-09-08T06:01:02.607701Z,2026-09-08T06:05:35.709409Z,2026-09-08T06:05:19.711356Z,56.0,126.762,100,1,read,957.1,1019.9,0,56.6,88.1,96.5,104.9,,,
20260908T060102Z_p4-chaos-dead,cockroachdb,chaos-dead,thesis,c518dc6a29d6bfb5d7d89439d9fad14b81b56649,2026-09-08T06:01:02.607701Z,2026-09-08T06:05:35.709409Z,2026-09-08T06:05:19.711356Z,56.0,126.762,100,1,update,268.0,258.2,0,159.4,176.2,192.9,209.7,,,
20260908T060102Z_p4-chaos-dead,cockroachdb,chaos-dead,thesis,c518dc6a29d6bfb5d7d89439d9fad14b81b56649,2026-09-08T06:01:02.607701Z,2026-09-08T06:05:35.709409Z,2026-09-08T06:05:19.711356Z,57.0,127.765,100,1,read,724.8,1014.8,0,83.9,121.6,130.0,134.2,,,
20260908T060102Z_p4-chaos-dead,cockroachdb,chaos-dead,thesis,c518dc6a29d6bfb5d7d89439d9fad14b81b56649,2026-09-08T06:01:02.607701Z,2026-09-08T06:05:35.709409Z,2026-09-08T06:05:19.711356Z,57.0,127.765,100,1,update,194.0,257.1,0,209.7,260.0,260.0,285.2,,,
20260908T060102Z_p4-chaos-dead,cockroachdb,chaos-dead,thesis,c518dc6a29d6bfb5d7d89439d9fad14b81b56649,2026-09-08T06:01:02.607701Z,2026-09-08T06:05:35.709409Z,2026-09-08T06:05:19.711356Z,58.0,128.762,100,1,read,707.7,1009.5,0,92.3,113.2,121.6,130.0,,,
20260908T060102Z_p4-chaos-dead,cockroachdb,chaos-dead,thesis,c518dc6a29d6bfb5d7d89439d9fad14b81b56649,2026-09-08T06:01:02.607701Z,2026-09-08T06:05:35.709409Z,2026-09-08T06:05:19.711356Z,58.0,128.762,100,1,update,152.9,255.3,0,226.5,260.0,268.4,285.2,,,
20260908T060102Z_p4-chaos-dead,cockroachdb,chaos-dead,thesis,c518dc6a29d6bfb5d7d89439d9fad14b81b56649,2026-09-08T06:01:02.607701Z,2026-09-08T06:05:35.709409Z,2026-09-08T06:05:19.711356Z,59.0,129.765,100,1,read,921.6,1008.0,0,65.0,104.9,113.2,117.4,,,
20260908T060102Z_p4-chaos-dead,cockroachdb,chaos-dead,thesis,c518dc6a29d6bfb5d7d89439d9fad14b81b56649,2026-09-08T06:01:02.607701Z,2026-09-08T06:05:35.709409Z,2026-09-08T06:05:19.711356Z,59.0,129.765,100,1,update,216.1,254.6,0,192.9,218.1,226.5,226.5,,,
20260908T060102Z_p4-chaos-dead,cockroachdb,chaos-dead,thesis,c518dc6a29d6bfb5d7d89439d9fad14b81b56649,2026-09-08T06:01:02.607701Z,2026-09-08T06:05:35.709409Z,2026-09-08T06:05:19.711356Z,60.0,130.762,100,1,read,1063.8,1008.9,0,58.7,71.3,75.5,92.3,,,
20260908T060102Z_p4-chaos-dead,cockroachdb,chaos-dead,thesis,c518dc6a29d6bfb5d7d89439d9fad14b81b56649,2026-09-08T06:01:02.607701Z,2026-09-08T06:05:35.709409Z,2026-09-08T06:05:19.711356Z,60.0,130.762,100,1,update,238.0,254.3,0,159.4,176.2,192.9,192.9,,,
20260908T060102Z_p4-chaos-dead,cockroachdb,chaos-dead,thesis,c518dc6a29d6bfb5d7d89439d9fad14b81b56649,2026-09-08T06:01:02.607701Z,2026-09-08T06:05:35.709409Z,2026-09-08T06:05:19.711356Z,61.0,131.765,100,1,read,1084.7,1010.2,0,54.5,62.9,71.3,79.7,,,
20260908T060102Z_p4-chaos-dead,cockroachdb,chaos-dead,thesis,c518dc6a29d6bfb5d7d89439d9fad14b81b56649,2026-09-08T06:01:02.607701Z,2026-09-08T06:05:35.709409Z,2026-09-08T06:05:19.711356Z,61.0,131.765,100,1,update,261.9,254.5,0,159.4,176.2,184.5,184.5,,,
20260908T060102Z_p4-chaos-dead,cockroachdb,chaos-dead,thesis,c518dc6a29d6bfb5d7d89439d9fad14b81b56649,2026-09-08T06:01:02.607701Z,2026-09-08T06:05:35.709409Z,2026-09-08T06:05:19.711356Z,62.0,132.769,100,1,read,1046.5,1010.7,0,54.5,75.5,100.7,104.9,,,
20260908T060102Z_p4-chaos-dead,cockroachdb,chaos-dead,thesis,c518dc6a29d6bfb5d7d89439d9fad14b81b56649,2026-09-08T06:01:02.607701Z,2026-09-08T06:05:35.709409Z,2026-09-08T06:05:19.711356Z,62.0,132.769,100,1,update,261.1,254.6,0,159.4,184.5,192.9,201.3,,,
20260908T060102Z_p4-chaos-dead,cockroachdb,chaos-dead,thesis,c518dc6a29d6bfb5d7d89439d9fad14b81b56649,2026-09-08T06:01:02.607701Z,2026-09-08T06:05:35.709409Z,2026-09-08T06:05:19.711356Z,63.0,133.769,100,1,read,1103.3,1012.2,0,54.5,65.0,67.1,75.5,,,
20260908T060102Z_p4-chaos-dead,cockroachdb,chaos-dead,thesis,c518dc6a29d6bfb5d7d89439d9fad14b81b56649,2026-09-08T06:01:02.607701Z,2026-09-08T06:05:35.709409Z,2026-09-08T06:05:19.711356Z,63.0,133.769,100,1,update,249.1,254.5,0,159.4,167.8,176.2,184.5,,,
20260908T060102Z_p4-chaos-dead,cockroachdb,chaos-dead,thesis,c518dc6a29d6bfb5d7d89439d9fad14b81b56649,2026-09-08T06:01:02.607701Z,2026-09-08T06:05:35.709409Z,2026-09-08T06:05:19.711356Z,64.0,134.762,100,1,read,1046.8,1012.7,0,56.6,65.0,71.3,79.7,,,
20260908T060102Z_p4-chaos-dead,cockroachdb,chaos-dead,thesis,c518dc6a29d6bfb5d7d89439d9fad14b81b56649,2026-09-08T06:01:02.607701Z,2026-09-08T06:05:35.709409Z,2026-09-08T06:05:19.711356Z,64.0,134.762,100,1,update,267.0,254.7,0,159.4,176.2,176.2,184.5,,,
20260908T060102Z_p4-chaos-dead,cockroachdb,chaos-dead,thesis,c518dc6a29d6bfb5d7d89439d9fad14b81b56649,2026-09-08T06:01:02.607701Z,2026-09-08T06:05:35.709409Z,2026-09-08T06:05:19.711356Z,65.0,135.765,100,1,read,1031.3,1013.0,0,56.6,67.1,75.5,88.1,,,
20260908T060102Z_p4-chaos-dead,cockroachdb,chaos-dead,thesis,c518dc6a29d6bfb5d7d89439d9fad14b81b56649,2026-09-08T06:01:02.607701Z,2026-09-08T06:05:35.709409Z,2026-09-08T06:05:19.711356Z,65.0,135.765,100,1,update,260.8,254.8,0,159.4,184.5,192.9,201.3,,,
20260908T060102Z_p4-chaos-dead,cockroachdb,chaos-dead,thesis,c518dc6a29d6bfb5d7d89439d9fad14b81b56649,2026-09-08T06:01:02.607701Z,2026-09-08T06:05:35.709409Z,2026-09-08T06:05:19.711356Z,66.0,136.763,100,1,read,11.0,997.9,0,65.0,67.1,67.1,67.1,,,
20260908T060102Z_p4-chaos-dead,cockroachdb,chaos-dead,thesis,c518dc6a29d6bfb5d7d89439d9fad14b81b56649,2026-09-08T06:01:02.607701Z,2026-09-08T06:05:35.709409Z,2026-09-08T06:05:19.711356Z,66.0,136.763,100,1,update,5.0,251.0,0,167.8,167.8,167.8,167.8,,,
20260908T060102Z_p4-chaos-dead,cockroachdb,chaos-dead,thesis,c518dc6a29d6bfb5d7d89439d9fad14b81b56649,2026-09-08T06:01:02.607701Z,2026-09-08T06:05:35.709409Z,2026-09-08T06:05:19.711356Z,67.0,137.79,100,1,read,0.0,983.0,0,0.0,0.0,0.0,0.0,,,
20260908T060102Z_p4-chaos-dead,cockroachdb,chaos-dead,thesis,c518dc6a29d6bfb5d7d89439d9fad14b81b56649,2026-09-08T06:01:02.607701Z,2026-09-08T06:05:35.709409Z,2026-09-08T06:05:19.711356Z,67.0,137.79,100,1,update,0.0,247.2,0,0.0,0.0,0.0,0.0,,,
20260908T060102Z_p4-chaos-dead,cockroachdb,chaos-dead,thesis,c518dc6a29d6bfb5d7d89439d9fad14b81b56649,2026-09-08T06:01:02.607701Z,2026-09-08T06:05:35.709409Z,2026-09-08T06:05:19.711356Z,68.0,138.77,100,1,read,0.0,968.5,0,0.0,0.0,0.0,0.0,,,
20260908T060102Z_p4-chaos-dead,cockroachdb,chaos-dead,thesis,c518dc6a29d6bfb5d7d89439d9fad14b81b56649,2026-09-08T06:01:02.607701Z,2026-09-08T06:05:35.709409Z,2026-09-08T06:05:19.711356Z,68.0,138.77,100,1,update,0.0,243.6,0,0.0,0.0,0.0,0.0,,,
20260908T060102Z_p4-chaos-dead,cockroachdb,chaos-dead,thesis,c518dc6a29d6bfb5d7d89439d9fad14b81b56649,2026-09-08T06:01:02.607701Z,2026-09-08T06:05:35.709409Z,2026-09-08T06:05:19.711356Z,69.0,139.767,100,1,read,359.2,959.7,19,35.7,3623.9,3623.9,3892.3,,,
20260908T060102Z_p4-chaos-dead,cockroachdb,chaos-dead,thesis,c518dc6a29d6bfb5d7d89439d9fad14b81b56649,2026-09-08T06:01:02.607701Z,2026-09-08T06:05:35.709409Z,2026-09-08T06:05:19.711356Z,69.0,139.767,100,1,update,0.0,240.1,19,0.0,0.0,0.0,0.0,,,
20260908T060102Z_p4-chaos-dead,cockroachdb,chaos-dead,thesis,c518dc6a29d6bfb5d7d89439d9fad14b81b56649,2026-09-08T06:01:02.607701Z,2026-09-08T06:05:35.709409Z,2026-09-08T06:05:19.711356Z,70.0,140.77,100,1,read,771.2,957.0,19,28.3,50.3,58.7,79.7,,,
20260908T060102Z_p4-chaos-dead,cockroachdb,chaos-dead,thesis,c518dc6a29d6bfb5d7d89439d9fad14b81b56649,2026-09-08T06:01:02.607701Z,2026-09-08T06:05:35.709409Z,2026-09-08T06:05:19.711356Z,70.0,140.77,100,1,update,201.8,239.5,19,285.2,4563.4,4563.4,4563.4,,,
20260908T060102Z_p4-chaos-dead,cockroachdb,chaos-dead,thesis,c518dc6a29d6bfb5d7d89439d9fad14b81b56649,2026-09-08T06:01:02.607701Z,2026-09-08T06:05:35.709409Z,2026-09-08T06:05:19.711356Z,71.0,141.77,100,1,read,1144.9,959.6,19,27.3,37.7,41.9,56.6,,,
20260908T060102Z_p4-chaos-dead,cockroachdb,chaos-dead,thesis,c518dc6a29d6bfb5d7d89439d9fad14b81b56649,2026-09-08T06:01:02.607701Z,2026-09-08T06:05:35.709409Z,2026-09-08T06:05:19.711356Z,71.0,141.77,100,1,update,289.2,240.2,19,234.9,260.0,268.4,285.2,,,
20260908T060102Z_p4-chaos-dead,cockroachdb,chaos-dead,thesis,c518dc6a29d6bfb5d7d89439d9fad14b81b56649,2026-09-08T06:01:02.607701Z,2026-09-08T06:05:35.709409Z,2026-09-08T06:05:19.711356Z,72.0,142.763,100,1,read,1081.9,961.3,19,27.3,41.9,50.3,71.3,,,
20260908T060102Z_p4-chaos-dead,cockroachdb,chaos-dead,thesis,c518dc6a29d6bfb5d7d89439d9fad14b81b56649,2026-09-08T06:01:02.607701Z,2026-09-08T06:05:35.709409Z,2026-09-08T06:05:19.711356Z,72.0,142.763,100,1,update,285.0,240.9,19,234.9,251.7,260.0,268.4,,,
20260908T060102Z_p4-chaos-dead,cockroachdb,chaos-dead,thesis,c518dc6a29d6bfb5d7d89439d9fad14b81b56649,2026-09-08T06:01:02.607701Z,2026-09-08T06:05:35.709409Z,2026-09-08T06:05:19.711356Z,73.0,143.77,100,1,read,1140.2,963.8,19,26.2,37.7,46.1,65.0,,,
20260908T060102Z_p4-chaos-dead,cockroachdb,chaos-dead,thesis,c518dc6a29d6bfb5d7d89439d9fad14b81b56649,2026-09-08T06:01:02.607701Z,2026-09-08T06:05:35.709409Z,2026-09-08T06:05:19.711356Z,73.0,143.77,100,1,update,299.0,241.7,19,234.9,268.4,285.2,285.2,,,
20260908T060102Z_p4-chaos-dead,cockroachdb,chaos-dead,thesis,c518dc6a29d6bfb5d7d89439d9fad14b81b56649,2026-09-08T06:01:02.607701Z,2026-09-08T06:05:35.709409Z,2026-09-08T06:05:19.711356Z,74.0,144.766,100,1,read,912.0,963.1,19,37.7,65.0,88.1,109.1,,,
20260908T060102Z_p4-chaos-dead,cockroachdb,chaos-dead,thesis,c518dc6a29d6bfb5d7d89439d9fad14b81b56649,2026-09-08T06:01:02.607701Z,2026-09-08T06:05:35.709409Z,2026-09-08T06:05:19.711356Z,74.0,144.766,100,1,update,235.8,241.6,19,285.2,318.8,352.3,352.3,,,
20260908T060102Z_p4-chaos-dead,cockroachdb,chaos-dead,thesis,c518dc6a29d6bfb5d7d89439d9fad14b81b56649,2026-09-08T06:01:02.607701Z,2026-09-08T06:05:35.709409Z,2026-09-08T06:05:19.711356Z,75.0,145.765,100,1,read,1033.6,964.0,19,29.4,52.4,71.3,75.5,,,
20260908T060102Z_p4-chaos-dead,cockroachdb,chaos-dead,thesis,c518dc6a29d6bfb5d7d89439d9fad14b81b56649,2026-09-08T06:01:02.607701Z,2026-09-08T06:05:35.709409Z,2026-09-08T06:05:19.711356Z,75.0,145.765,100,1,update,261.2,241.8,19,243.3,318.8,335.5,369.1,,,
20260908T060102Z_p4-chaos-dead,cockroachdb,chaos-dead,thesis,c518dc6a29d6bfb5d7d89439d9fad14b81b56649,2026-09-08T06:01:02.607701Z,2026-09-08T06:05:35.709409Z,2026-09-08T06:05:19.711356Z,76.0,146.763,100,1,read,931.7,963.6,19,41.9,79.7,100.7,121.6,,,
20260908T060102Z_p4-chaos-dead,cockroachdb,chaos-dead,thesis,c518dc6a29d6bfb5d7d89439d9fad14b81b56649,2026-09-08T06:01:02.607701Z,2026-09-08T06:05:35.709409Z,2026-09-08T06:05:19.711356Z,76.0,146.763,100,1,update,211.9,241.4,19,285.2,369.1,385.9,385.9,,,
20260908T060102Z_p4-chaos-dead,cockroachdb,chaos-dead,thesis,c518dc6a29d6bfb5d7d89439d9fad14b81b56649,2026-09-08T06:01:02.607701Z,2026-09-08T06:05:35.709409Z,2026-09-08T06:05:19.711356Z,77.0,147.765,100,1,read,1127.6,965.7,19,27.3,39.8,48.2,88.1,,,
20260908T060102Z_p4-chaos-dead,cockroachdb,chaos-dead,thesis,c518dc6a29d6bfb5d7d89439d9fad14b81b56649,2026-09-08T06:01:02.607701Z,2026-09-08T06:05:35.709409Z,2026-09-08T06:05:19.711356Z,77.0,147.765,100,1,update,282.2,242.0,19,243.3,268.4,285.2,302.0,,,
20260908T060102Z_p4-chaos-dead,cockroachdb,chaos-dead,thesis,c518dc6a29d6bfb5d7d89439d9fad14b81b56649,2026-09-08T06:01:02.607701Z,2026-09-08T06:05:35.709409Z,2026-09-08T06:05:19.711356Z,78.0,148.764,100,1,read,1197.9,968.7,19,26.2,32.5,39.8,54.5,,,
20260908T060102Z_p4-chaos-dead,cockroachdb,chaos-dead,thesis,c518dc6a29d6bfb5d7d89439d9fad14b81b56649,2026-09-08T06:01:02.607701Z,2026-09-08T06:05:35.709409Z,2026-09-08T06:05:19.711356Z,78.0,148.764,100,1,update,291.0,242.6,19,234.9,243.3,251.7,260.0,,,
20260908T060102Z_p4-chaos-dead,cockroachdb,chaos-dead,thesis,c518dc6a29d6bfb5d7d89439d9fad14b81b56649,2026-09-08T06:01:02.607701Z,2026-09-08T06:05:35.709409Z,2026-09-08T06:05:19.711356Z,79.0,149.765,100,1,read,1246.6,972.2,19,26.2,35.7,41.9,62.9,,,
20260908T060102Z_p4-chaos-dead,cockroachdb,chaos-dead,thesis,c518dc6a29d6bfb5d7d89439d9fad14b81b56649,2026-09-08T06:01:02.607701Z,2026-09-08T06:05:35.709409Z,2026-09-08T06:05:19.711356Z,79.0,149.765,100,1,update,292.9,243.2,19,234.9,243.3,251.7,251.7,,,
20260908T060102Z_p4-chaos-dead,cockroachdb,chaos-dead,thesis,c518dc6a29d6bfb5d7d89439d9fad14b81b56649,2026-09-08T06:01:02.607701Z,2026-09-08T06:05:35.709409Z,2026-09-08T06:05:19.711356Z,80.0,150.764,100,1,read,1199.0,975.1,19,26.2,32.5,37.7,54.5,,,
20260908T060102Z_p4-chaos-dead,cockroachdb,chaos-dead,thesis,c518dc6a29d6bfb5d7d89439d9fad14b81b56649,2026-09-08T06:01:02.607701Z,2026-09-08T06:05:35.709409Z,2026-09-08T06:05:19.711356Z,80.0,150.764,100,1,update,302.0,244.0,19,226.5,243.3,251.7,260.0,,,
20260908T060102Z_p4-chaos-dead,cockroachdb,chaos-dead,thesis,c518dc6a29d6bfb5d7d89439d9fad14b81b56649,2026-09-08T06:01:02.607701Z,2026-09-08T06:05:35.709409Z,2026-09-08T06:05:19.711356Z,81.0,151.765,100,1,read,1157.2,977.3,19,27.3,41.9,50.3,251.7,,,
20260908T060102Z_p4-chaos-dead,cockroachdb,chaos-dead,thesis,c518dc6a29d6bfb5d7d89439d9fad14b81b56649,2026-09-08T06:01:02.607701Z,2026-09-08T06:05:35.709409Z,2026-09-08T06:05:19.711356Z,81.0,151.765,100,1,update,288.1,244.5,19,234.9,260.0,268.4,285.2,,,
20260908T060102Z_p4-chaos-dead,cockroachdb,chaos-dead,thesis,c518dc6a29d6bfb5d7d89439d9fad14b81b56649,2026-09-08T06:01:02.607701Z,2026-09-08T06:05:35.709409Z,2026-09-08T06:05:19.711356Z,82.0,152.763,100,1,read,1120.1,979.0,19,26.2,35.7,39.8,44.0,,,
20260908T060102Z_p4-chaos-dead,cockroachdb,chaos-dead,thesis,c518dc6a29d6bfb5d7d89439d9fad14b81b56649,2026-09-08T06:01:02.607701Z,2026-09-08T06:05:35.709409Z,2026-09-08T06:05:19.711356Z,82.0,152.763,100,1,update,296.0,245.1,19,234.9,251.7,260.0,268.4,,,
20260908T060102Z_p4-chaos-dead,cockroachdb,chaos-dead,thesis,c518dc6a29d6bfb5d7d89439d9fad14b81b56649,2026-09-08T06:01:02.607701Z,2026-09-08T06:05:35.709409Z,2026-09-08T06:05:19.711356Z,83.0,153.766,100,1,read,1188.0,981.6,19,26.2,33.6,37.7,44.0,,,
20260908T060102Z_p4-chaos-dead,cockroachdb,chaos-dead,thesis,c518dc6a29d6bfb5d7d89439d9fad14b81b56649,2026-09-08T06:01:02.607701Z,2026-09-08T06:05:35.709409Z,2026-09-08T06:05:19.711356Z,83.0,153.766,100,1,update,303.0,245.8,19,234.9,243.3,251.7,251.7,,,
20260908T060102Z_p4-chaos-dead,cockroachdb,chaos-dead,thesis,c518dc6a29d6bfb5d7d89439d9fad14b81b56649,2026-09-08T06:01:02.607701Z,2026-09-08T06:05:35.709409Z,2026-09-08T06:05:19.711356Z,84.0,154.769,100,1,read,1116.5,983.2,19,26.2,32.5,35.7,44.0,,,
20260908T060102Z_p4-chaos-dead,cockroachdb,chaos-dead,thesis,c518dc6a29d6bfb5d7d89439d9fad14b81b56649,2026-09-08T06:01:02.607701Z,2026-09-08T06:05:35.709409Z,2026-09-08T06:05:19.711356Z,84.0,154.769,100,1,update,301.9,246.5,19,234.9,243.3,243.3,251.7,,,
20260908T060102Z_p4-chaos-dead,cockroachdb,chaos-dead,thesis,c518dc6a29d6bfb5d7d89439d9fad14b81b56649,2026-09-08T06:01:02.607701Z,2026-09-08T06:05:35.709409Z,2026-09-08T06:05:19.711356Z,85.0,155.765,100,1,read,1131.1,984.9,19,26.2,41.9,56.6,79.7,,,
20260908T060102Z_p4-chaos-dead,cockroachdb,chaos-dead,thesis,c518dc6a29d6bfb5d7d89439d9fad14b81b56649,2026-09-08T06:01:02.607701Z,2026-09-08T06:05:35.709409Z,2026-09-08T06:05:19.711356Z,85.0,155.765,100,1,update,290.0,247.0,19,234.9,260.0,285.2,285.2,,,
20260908T060102Z_p4-chaos-dead,cockroachdb,chaos-dead,thesis,c518dc6a29d6bfb5d7d89439d9fad14b81b56649,2026-09-08T06:01:02.607701Z,2026-09-08T06:05:35.709409Z,2026-09-08T06:05:19.711356Z,86.0,156.766,100,1,read,1120.5,986.5,19,27.3,41.9,54.5,71.3,,,
20260908T060102Z_p4-chaos-dead,cockroachdb,chaos-dead,thesis,c518dc6a29d6bfb5d7d89439d9fad14b81b56649,2026-09-08T06:01:02.607701Z,2026-09-08T06:05:35.709409Z,2026-09-08T06:05:19.711356Z,86.0,156.766,100,1,update,294.1,247.6,19,234.9,260.0,268.4,268.4,,,
20260908T060102Z_p4-chaos-dead,cockroachdb,chaos-dead,thesis,c518dc6a29d6bfb5d7d89439d9fad14b81b56649,2026-09-08T06:01:02.607701Z,2026-09-08T06:05:35.709409Z,2026-09-08T06:05:19.711356Z,87.0,157.765,100,1,read,1082.7,987.6,19,27.3,46.1,56.6,71.3,,,
20260908T060102Z_p4-chaos-dead,cockroachdb,chaos-dead,thesis,c518dc6a29d6bfb5d7d89439d9fad14b81b56649,2026-09-08T06:01:02.607701Z,2026-09-08T06:05:35.709409Z,2026-09-08T06:05:19.711356Z,87.0,157.765,100,1,update,281.9,248.0,19,243.3,268.4,285.2,302.0,,,
20260908T060102Z_p4-chaos-dead,cockroachdb,chaos-dead,thesis,c518dc6a29d6bfb5d7d89439d9fad14b81b56649,2026-09-08T06:01:02.607701Z,2026-09-08T06:05:35.709409Z,2026-09-08T06:05:19.711356Z,88.0,158.763,100,1,read,1184.8,989.8,19,27.3,35.7,44.0,48.2,,,
20260908T060102Z_p4-chaos-dead,cockroachdb,chaos-dead,thesis,c518dc6a29d6bfb5d7d89439d9fad14b81b56649,2026-09-08T06:01:02.607701Z,2026-09-08T06:05:35.709409Z,2026-09-08T06:05:19.711356Z,88.0,158.763,100,1,update,294.0,248.5,19,234.9,243.3,260.0,268.4,,,
20260908T060102Z_p4-chaos-dead,cockroachdb,chaos-dead,thesis,c518dc6a29d6bfb5d7d89439d9fad14b81b56649,2026-09-08T06:01:02.607701Z,2026-09-08T06:05:35.709409Z,2026-09-08T06:05:19.711356Z,89.0,159.767,100,1,read,1179.9,992.0,19,27.3,39.8,44.0,52.4,,,
20260908T060102Z_p4-chaos-dead,cockroachdb,chaos-dead,thesis,c518dc6a29d6bfb5d7d89439d9fad14b81b56649,2026-09-08T06:01:02.607701Z,2026-09-08T06:05:35.709409Z,2026-09-08T06:05:19.711356Z,89.0,159.767,100,1,update,286.0,248.9,19,234.9,260.0,268.4,268.4,,,
20260908T060102Z_p4-chaos-dead,cockroachdb,chaos-dead,thesis,c518dc6a29d6bfb5d7d89439d9fad14b81b56649,2026-09-08T06:01:02.607701Z,2026-09-08T06:05:35.709409Z,2026-09-08T06:05:19.711356Z,90.0,160.765,100,1,read,1180.7,994.1,19,26.2,32.5,37.7,71.3,,,
20260908T060102Z_p4-chaos-dead,cockroachdb,chaos-dead,thesis,c518dc6a29d6bfb5d7d89439d9fad14b81b56649,2026-09-08T06:01:02.607701Z,2026-09-08T06:05:35.709409Z,2026-09-08T06:05:19.711356Z,90.0,160.765,100,1,update,305.2,249.5,19,234.9,243.3,251.7,251.7,,,
20260908T060102Z_p4-chaos-dead,cockroachdb,chaos-dead,thesis,c518dc6a29d6bfb5d7d89439d9fad14b81b56649,2026-09-08T06:01:02.607701Z,2026-09-08T06:05:35.709409Z,2026-09-08T06:05:19.711356Z,91.0,161.765,100,1,read,1162.2,995.9,19,26.2,35.7,41.9,218.1,,,
20260908T060102Z_p4-chaos-dead,cockroachdb,chaos-dead,thesis,c518dc6a29d6bfb5d7d89439d9fad14b81b56649,2026-09-08T06:01:02.607701Z,2026-09-08T06:05:35.709409Z,2026-09-08T06:05:19.711356Z,91.0,161.765,100,1,update,297.0,250.1,19,234.9,243.3,260.0,285.2,,,
20260908T060102Z_p4-chaos-dead,cockroachdb,chaos-dead,thesis,c518dc6a29d6bfb5d7d89439d9fad14b81b56649,2026-09-08T06:01:02.607701Z,2026-09-08T06:05:35.709409Z,2026-09-08T06:05:19.711356Z,92.0,162.763,100,1,read,1290.7,999.1,19,27.3,35.7,39.8,201.3,,,
20260908T060102Z_p4-chaos-dead,cockroachdb,chaos-dead,thesis,c518dc6a29d6bfb5d7d89439d9fad14b81b56649,2026-09-08T06:01:02.607701Z,2026-09-08T06:05:35.709409Z,2026-09-08T06:05:19.711356Z,92.0,162.763,100,1,update,276.9,250.3,19,234.9,251.7,260.0,268.4,,,
20260908T060102Z_p4-chaos-dead,cockroachdb,chaos-dead,thesis,c518dc6a29d6bfb5d7d89439d9fad14b81b56649,2026-09-08T06:01:02.607701Z,2026-09-08T06:05:35.709409Z,2026-09-08T06:05:19.711356Z,93.0,163.77,100,1,read,1182.5,1001.1,19,26.2,33.6,41.9,201.3,,,
20260908T060102Z_p4-chaos-dead,cockroachdb,chaos-dead,thesis,c518dc6a29d6bfb5d7d89439d9fad14b81b56649,2026-09-08T06:01:02.607701Z,2026-09-08T06:05:35.709409Z,2026-09-08T06:05:19.711356Z,93.0,163.77,100,1,update,287.9,250.8,19,234.9,251.7,260.0,268.4,,,
20260908T060102Z_p4-chaos-dead,cockroachdb,chaos-dead,thesis,c518dc6a29d6bfb5d7d89439d9fad14b81b56649,2026-09-08T06:01:02.607701Z,2026-09-08T06:05:35.709409Z,2026-09-08T06:05:19.711356Z,94.0,164.763,100,1,read,1168.3,1002.9,19,28.3,46.1,52.4,60.8,,,
20260908T060102Z_p4-chaos-dead,cockroachdb,chaos-dead,thesis,c518dc6a29d6bfb5d7d89439d9fad14b81b56649,2026-09-08T06:01:02.607701Z,2026-09-08T06:05:35.709409Z,2026-09-08T06:05:19.711356Z,94.0,164.763,100,1,update,282.1,251.1,19,234.9,260.0,260.0,268.4,,,
20260908T060102Z_p4-chaos-dead,cockroachdb,chaos-dead,thesis,c518dc6a29d6bfb5d7d89439d9fad14b81b56649,2026-09-08T06:01:02.607701Z,2026-09-08T06:05:35.709409Z,2026-09-08T06:05:19.711356Z,95.0,165.766,100,1,read,1118.3,1004.1,19,26.2,39.8,56.6,121.6,,,
20260908T060102Z_p4-chaos-dead,cockroachdb,chaos-dead,thesis,c518dc6a29d6bfb5d7d89439d9fad14b81b56649,2026-09-08T06:01:02.607701Z,2026-09-08T06:05:35.709409Z,2026-09-08T06:05:19.711356Z,95.0,165.766,100,1,update,292.1,251.5,19,234.9,260.0,260.0,260.0,,,
20260908T060102Z_p4-chaos-dead,cockroachdb,chaos-dead,thesis,c518dc6a29d6bfb5d7d89439d9fad14b81b56649,2026-09-08T06:01:02.607701Z,2026-09-08T06:05:35.709409Z,2026-09-08T06:05:19.711356Z,96.0,166.764,100,1,read,1121.0,1005.3,19,28.3,41.9,54.5,71.3,,,
20260908T060102Z_p4-chaos-dead,cockroachdb,chaos-dead,thesis,c518dc6a29d6bfb5d7d89439d9fad14b81b56649,2026-09-08T06:01:02.607701Z,2026-09-08T06:05:35.709409Z,2026-09-08T06:05:19.711356Z,96.0,166.764,100,1,update,294.0,252.0,19,234.9,251.7,260.0,268.4,,,
20260908T060102Z_p4-chaos-dead,cockroachdb,chaos-dead,thesis,c518dc6a29d6bfb5d7d89439d9fad14b81b56649,2026-09-08T06:01:02.607701Z,2026-09-08T06:05:35.709409Z,2026-09-08T06:05:19.711356Z,97.0,167.766,100,1,read,1137.8,1006.7,19,27.3,35.7,46.1,56.6,,,
20260908T060102Z_p4-chaos-dead,cockroachdb,chaos-dead,thesis,c518dc6a29d6bfb5d7d89439d9fad14b81b56649,2026-09-08T06:01:02.607701Z,2026-09-08T06:05:35.709409Z,2026-09-08T06:05:19.711356Z,97.0,167.766,100,1,update,289.9,252.3,19,234.9,260.0,268.4,285.2,,,
20260908T060102Z_p4-chaos-dead,cockroachdb,chaos-dead,thesis,c518dc6a29d6bfb5d7d89439d9fad14b81b56649,2026-09-08T06:01:02.607701Z,2026-09-08T06:05:35.709409Z,2026-09-08T06:05:19.711356Z,98.0,168.765,100,1,read,851.1,1005.1,19,39.8,75.5,96.5,125.8,,,
20260908T060102Z_p4-chaos-dead,cockroachdb,chaos-dead,thesis,c518dc6a29d6bfb5d7d89439d9fad14b81b56649,2026-09-08T06:01:02.607701Z,2026-09-08T06:05:35.709409Z,2026-09-08T06:05:19.711356Z,98.0,168.765,100,1,update,227.0,252.1,19,285.2,352.3,385.9,385.9,,,
20260908T060102Z_p4-chaos-dead,cockroachdb,chaos-dead,thesis,c518dc6a29d6bfb5d7d89439d9fad14b81b56649,2026-09-08T06:01:02.607701Z,2026-09-08T06:05:35.709409Z,2026-09-08T06:05:19.711356Z,99.0,169.766,100,1,read,1160.1,1006.6,19,27.3,44.0,88.1,96.5,,,
20260908T060102Z_p4-chaos-dead,cockroachdb,chaos-dead,thesis,c518dc6a29d6bfb5d7d89439d9fad14b81b56649,2026-09-08T06:01:02.607701Z,2026-09-08T06:05:35.709409Z,2026-09-08T06:05:19.711356Z,99.0,169.766,100,1,update,281.0,252.4,19,234.9,285.2,302.0,318.8,,,
20260908T060102Z_p4-chaos-dead,cockroachdb,chaos-dead,thesis,c518dc6a29d6bfb5d7d89439d9fad14b81b56649,2026-09-08T06:01:02.607701Z,2026-09-08T06:05:35.709409Z,2026-09-08T06:05:19.711356Z,100.0,170.763,100,1,read,1218.8,1008.8,19,26.2,33.6,37.7,52.4,,,
20260908T060102Z_p4-chaos-dead,cockroachdb,chaos-dead,thesis,c518dc6a29d6bfb5d7d89439d9fad14b81b56649,2026-09-08T06:01:02.607701Z,2026-09-08T06:05:35.709409Z,2026-09-08T06:05:19.711356Z,100.0,170.763,100,1,update,290.0,252.8,19,234.9,243.3,243.3,251.7,,,
20260908T060102Z_p4-chaos-dead,cockroachdb,chaos-dead,thesis,c518dc6a29d6bfb5d7d89439d9fad14b81b56649,2026-09-08T06:01:02.607701Z,2026-09-08T06:05:35.709409Z,2026-09-08T06:05:19.711356Z,101.0,171.766,100,1,read,1122.0,1009.9,19,27.3,35.7,41.9,113.2,,,
20260908T060102Z_p4-chaos-dead,cockroachdb,chaos-dead,thesis,c518dc6a29d6bfb5d7d89439d9fad14b81b56649,2026-09-08T06:01:02.607701Z,2026-09-08T06:05:35.709409Z,2026-09-08T06:05:19.711356Z,101.0,171.766,100,1,update,303.0,253.3,19,234.9,251.7,260.0,268.4,,,
20260908T060102Z_p4-chaos-dead,cockroachdb,chaos-dead,thesis,c518dc6a29d6bfb5d7d89439d9fad14b81b56649,2026-09-08T06:01:02.607701Z,2026-09-08T06:05:35.709409Z,2026-09-08T06:05:19.711356Z,102.0,172.763,100,1,read,1202.2,1011.8,19,26.2,35.7,39.8,46.1,,,
20260908T060102Z_p4-chaos-dead,cockroachdb,chaos-dead,thesis,c518dc6a29d6bfb5d7d89439d9fad14b81b56649,2026-09-08T06:01:02.607701Z,2026-09-08T06:05:35.709409Z,2026-09-08T06:05:19.711356Z,102.0,172.763,100,1,update,293.0,253.6,19,234.9,243.3,260.0,260.0,,,
20260908T060102Z_p4-chaos-dead,cockroachdb,chaos-dead,thesis,c518dc6a29d6bfb5d7d89439d9fad14b81b56649,2026-09-08T06:01:02.607701Z,2026-09-08T06:05:35.709409Z,2026-09-08T06:05:19.711356Z,103.0,173.766,100,1,read,1206.0,1013.7,19,26.2,33.6,39.8,46.1,,,
20260908T060102Z_p4-chaos-dead,cockroachdb,chaos-dead,thesis,c518dc6a29d6bfb5d7d89439d9fad14b81b56649,2026-09-08T06:01:02.607701Z,2026-09-08T06:05:35.709409Z,2026-09-08T06:05:19.711356Z,103.0,173.766,100,1,update,301.0,254.1,19,234.9,243.3,251.7,260.0,,,
20260908T060102Z_p4-chaos-dead,cockroachdb,chaos-dead,thesis,c518dc6a29d6bfb5d7d89439d9fad14b81b56649,2026-09-08T06:01:02.607701Z,2026-09-08T06:05:35.709409Z,2026-09-08T06:05:19.711356Z,104.0,174.764,100,1,read,1191.3,1015.4,19,26.2,31.5,37.7,44.0,,,
20260908T060102Z_p4-chaos-dead,cockroachdb,chaos-dead,thesis,c518dc6a29d6bfb5d7d89439d9fad14b81b56649,2026-09-08T06:01:02.607701Z,2026-09-08T06:05:35.709409Z,2026-09-08T06:05:19.711356Z,104.0,174.764,100,1,update,303.1,254.6,19,226.5,243.3,251.7,251.7,,,
20260908T060102Z_p4-chaos-dead,cockroachdb,chaos-dead,thesis,c518dc6a29d6bfb5d7d89439d9fad14b81b56649,2026-09-08T06:01:02.607701Z,2026-09-08T06:05:35.709409Z,2026-09-08T06:05:19.711356Z,105.0,175.766,100,1,read,1241.6,1017.5,19,26.2,33.6,41.9,52.4,,,
20260908T060102Z_p4-chaos-dead,cockroachdb,chaos-dead,thesis,c518dc6a29d6bfb5d7d89439d9fad14b81b56649,2026-09-08T06:01:02.607701Z,2026-09-08T06:05:35.709409Z,2026-09-08T06:05:19.711356Z,105.0,175.766,100,1,update,282.9,254.8,19,234.9,243.3,251.7,251.7,,,
20260908T060102Z_p4-chaos-dead,cockroachdb,chaos-dead,thesis,c518dc6a29d6bfb5d7d89439d9fad14b81b56649,2026-09-08T06:01:02.607701Z,2026-09-08T06:05:35.709409Z,2026-09-08T06:05:19.711356Z,106.0,176.764,100,1,read,1105.4,1018.3,19,27.3,41.9,50.3,56.6,,,
20260908T060102Z_p4-chaos-dead,cockroachdb,chaos-dead,thesis,c518dc6a29d6bfb5d7d89439d9fad14b81b56649,2026-09-08T06:01:02.607701Z,2026-09-08T06:05:35.709409Z,2026-09-08T06:05:19.711356Z,106.0,176.764,100,1,update,297.8,255.3,19,234.9,260.0,268.4,285.2,,,
20260908T060102Z_p4-chaos-dead,cockroachdb,chaos-dead,thesis,c518dc6a29d6bfb5d7d89439d9fad14b81b56649,2026-09-08T06:01:02.607701Z,2026-09-08T06:05:35.709409Z,2026-09-08T06:05:19.711356Z,107.0,177.766,100,1,read,1103.9,1019.1,19,26.2,35.7,44.0,54.5,,,
20260908T060102Z_p4-chaos-dead,cockroachdb,chaos-dead,thesis,c518dc6a29d6bfb5d7d89439d9fad14b81b56649,2026-09-08T06:01:02.607701Z,2026-09-08T06:05:35.709409Z,2026-09-08T06:05:19.711356Z,107.0,177.766,100,1,update,294.2,255.6,19,234.9,251.7,268.4,369.1,,,
20260908T060102Z_p4-chaos-dead,cockroachdb,chaos-dead,thesis,c518dc6a29d6bfb5d7d89439d9fad14b81b56649,2026-09-08T06:01:02.607701Z,2026-09-08T06:05:35.709409Z,2026-09-08T06:05:19.711356Z,108.0,178.764,100,1,read,1215.5,1021.0,19,27.3,37.7,41.9,60.8,,,
20260908T060102Z_p4-chaos-dead,cockroachdb,chaos-dead,thesis,c518dc6a29d6bfb5d7d89439d9fad14b81b56649,2026-09-08T06:01:02.607701Z,2026-09-08T06:05:35.709409Z,2026-09-08T06:05:19.711356Z,108.0,178.764,100,1,update,296.9,256.0,19,234.9,251.7,260.0,260.0,,,
20260908T060102Z_p4-chaos-dead,cockroachdb,chaos-dead,thesis,c518dc6a29d6bfb5d7d89439d9fad14b81b56649,2026-09-08T06:01:02.607701Z,2026-09-08T06:05:35.709409Z,2026-09-08T06:05:19.711356Z,109.0,179.768,100,1,read,1185.3,1022.5,19,26.2,35.7,44.0,56.6,,,
20260908T060102Z_p4-chaos-dead,cockroachdb,chaos-dead,thesis,c518dc6a29d6bfb5d7d89439d9fad14b81b56649,2026-09-08T06:01:02.607701Z,2026-09-08T06:05:35.709409Z,2026-09-08T06:05:19.711356Z,109.0,179.768,100,1,update,283.1,256.2,19,234.9,251.7,251.7,260.0,,,
20260908T060102Z_p4-chaos-dead,cockroachdb,chaos-dead,thesis,c518dc6a29d6bfb5d7d89439d9fad14b81b56649,2026-09-08T06:01:02.607701Z,2026-09-08T06:05:35.709409Z,2026-09-08T06:05:19.711356Z,110.0,180.763,100,1,read,1188.9,1024.0,19,26.2,35.7,41.9,46.1,,,
20260908T060102Z_p4-chaos-dead,cockroachdb,chaos-dead,thesis,c518dc6a29d6bfb5d7d89439d9fad14b81b56649,2026-09-08T06:01:02.607701Z,2026-09-08T06:05:35.709409Z,2026-09-08T06:05:19.711356Z,110.0,180.763,100,1,update,310.0,256.7,19,234.9,243.3,251.7,260.0,,,
20260908T060102Z_p4-chaos-dead,cockroachdb,chaos-dead,thesis,c518dc6a29d6bfb5d7d89439d9fad14b81b56649,2026-09-08T06:01:02.607701Z,2026-09-08T06:05:35.709409Z,2026-09-08T06:05:19.711356Z,111.0,181.767,100,1,read,1197.8,1025.6,19,27.3,37.7,50.3,83.9,,,
20260908T060102Z_p4-chaos-dead,cockroachdb,chaos-dead,thesis,c518dc6a29d6bfb5d7d89439d9fad14b81b56649,2026-09-08T06:01:02.607701Z,2026-09-08T06:05:35.709409Z,2026-09-08T06:05:19.711356Z,111.0,181.767,100,1,update,279.0,256.9,19,234.9,260.0,285.2,285.2,,,
20260908T060102Z_p4-chaos-dead,cockroachdb,chaos-dead,thesis,c518dc6a29d6bfb5d7d89439d9fad14b81b56649,2026-09-08T06:01:02.607701Z,2026-09-08T06:05:35.709409Z,2026-09-08T06:05:19.711356Z,112.0,182.764,100,1,read,1206.3,1027.2,19,26.2,31.5,35.7,39.8,,,
20260908T060102Z_p4-chaos-dead,cockroachdb,chaos-dead,thesis,c518dc6a29d6bfb5d7d89439d9fad14b81b56649,2026-09-08T06:01:02.607701Z,2026-09-08T06:05:35.709409Z,2026-09-08T06:05:19.711356Z,112.0,182.764,100,1,update,300.1,257.3,19,226.5,243.3,243.3,251.7,,,
20260908T060102Z_p4-chaos-dead,cockroachdb,chaos-dead,thesis,c518dc6a29d6bfb5d7d89439d9fad14b81b56649,2026-09-08T06:01:02.607701Z,2026-09-08T06:05:35.709409Z,2026-09-08T06:05:19.711356Z,113.0,183.766,100,1,read,1196.8,1028.7,19,26.2,33.6,41.9,226.5,,,
20260908T060102Z_p4-chaos-dead,cockroachdb,chaos-dead,thesis,c518dc6a29d6bfb5d7d89439d9fad14b81b56649,2026-09-08T06:01:02.607701Z,2026-09-08T06:05:35.709409Z,2026-09-08T06:05:19.711356Z,113.0,183.766,100,1,update,292.0,257.6,19,234.9,243.3,260.0,260.0,,,
20260908T060102Z_p4-chaos-dead,cockroachdb,chaos-dead,thesis,c518dc6a29d6bfb5d7d89439d9fad14b81b56649,2026-09-08T06:01:02.607701Z,2026-09-08T06:05:35.709409Z,2026-09-08T06:05:19.711356Z,114.0,184.764,100,1,read,1134.1,1029.6,19,27.3,39.8,46.1,58.7,,,
20260908T060102Z_p4-chaos-dead,cockroachdb,chaos-dead,thesis,c518dc6a29d6bfb5d7d89439d9fad14b81b56649,2026-09-08T06:01:02.607701Z,2026-09-08T06:05:35.709409Z,2026-09-08T06:05:19.711356Z,114.0,184.764,100,1,update,293.0,257.9,19,234.9,251.7,260.0,285.2,,,
20260908T060102Z_p4-chaos-dead,cockroachdb,chaos-dead,thesis,c518dc6a29d6bfb5d7d89439d9fad14b81b56649,2026-09-08T06:01:02.607701Z,2026-09-08T06:05:35.709409Z,2026-09-08T06:05:19.711356Z,115.0,185.766,100,1,read,1009.1,1029.4,19,28.3,41.9,48.2,58.7,,,
20260908T060102Z_p4-chaos-dead,cockroachdb,chaos-dead,thesis,c518dc6a29d6bfb5d7d89439d9fad14b81b56649,2026-09-08T06:01:02.607701Z,2026-09-08T06:05:35.709409Z,2026-09-08T06:05:19.711356Z,115.0,185.766,100,1,update,286.0,258.2,19,243.3,260.0,285.2,285.2,,,
20260908T060102Z_p4-chaos-dead,cockroachdb,chaos-dead,thesis,c518dc6a29d6bfb5d7d89439d9fad14b81b56649,2026-09-08T06:01:02.607701Z,2026-09-08T06:05:35.709409Z,2026-09-08T06:05:19.711356Z,116.0,186.771,100,1,read,1078.8,1029.8,19,28.3,41.9,48.2,54.5,,,
20260908T060102Z_p4-chaos-dead,cockroachdb,chaos-dead,thesis,c518dc6a29d6bfb5d7d89439d9fad14b81b56649,2026-09-08T06:01:02.607701Z,2026-09-08T06:05:35.709409Z,2026-09-08T06:05:19.711356Z,116.0,186.771,100,1,update,292.9,258.5,19,243.3,268.4,285.2,285.2,,,
20260908T060102Z_p4-chaos-dead,cockroachdb,chaos-dead,thesis,c518dc6a29d6bfb5d7d89439d9fad14b81b56649,2026-09-08T06:01:02.607701Z,2026-09-08T06:05:35.709409Z,2026-09-08T06:05:19.711356Z,117.0,187.765,100,1,read,1150.3,1030.9,19,26.2,39.8,48.2,209.7,,,
20260908T060102Z_p4-chaos-dead,cockroachdb,chaos-dead,thesis,c518dc6a29d6bfb5d7d89439d9fad14b81b56649,2026-09-08T06:01:02.607701Z,2026-09-08T06:05:35.709409Z,2026-09-08T06:05:19.711356Z,117.0,187.765,100,1,update,290.1,258.8,19,234.9,260.0,268.4,268.4,,,
20260908T060102Z_p4-chaos-dead,cockroachdb,chaos-dead,thesis,c518dc6a29d6bfb5d7d89439d9fad14b81b56649,2026-09-08T06:01:02.607701Z,2026-09-08T06:05:35.709409Z,2026-09-08T06:05:19.711356Z,118.0,188.764,100,1,read,1202.1,1032.3,19,26.2,35.7,44.0,54.5,,,
20260908T060102Z_p4-chaos-dead,cockroachdb,chaos-dead,thesis,c518dc6a29d6bfb5d7d89439d9fad14b81b56649,2026-09-08T06:01:02.607701Z,2026-09-08T06:05:35.709409Z,2026-09-08T06:05:19.711356Z,118.0,188.764,100,1,update,286.0,259.0,19,234.9,251.7,260.0,268.4,,,
20260908T060102Z_p4-chaos-dead,cockroachdb,chaos-dead,thesis,c518dc6a29d6bfb5d7d89439d9fad14b81b56649,2026-09-08T06:01:02.607701Z,2026-09-08T06:05:35.709409Z,2026-09-08T06:05:19.711356Z,119.0,189.766,100,1,read,1142.6,1033.3,19,26.2,35.7,41.9,54.5,,,
20260908T060102Z_p4-chaos-dead,cockroachdb,chaos-dead,thesis,c518dc6a29d6bfb5d7d89439d9fad14b81b56649,2026-09-08T06:01:02.607701Z,2026-09-08T06:05:35.709409Z,2026-09-08T06:05:19.711356Z,119.0,189.766,100,1,update,301.9,259.3,19,234.9,243.3,251.7,260.0,,,
20260908T060102Z_p4-chaos-dead,cockroachdb,chaos-dead,thesis,c518dc6a29d6bfb5d7d89439d9fad14b81b56649,2026-09-08T06:01:02.607701Z,2026-09-08T06:05:35.709409Z,2026-09-08T06:05:19.711356Z,120.0,190.764,100,1,read,1044.3,1033.3,19,27.3,52.4,60.8,79.7,,,
20260908T060102Z_p4-chaos-dead,cockroachdb,chaos-dead,thesis,c518dc6a29d6bfb5d7d89439d9fad14b81b56649,2026-09-08T06:01:02.607701Z,2026-09-08T06:05:35.709409Z,2026-09-08T06:05:19.711356Z,120.0,190.764,100,1,update,281.1,259.5,19,234.9,268.4,285.2,285.2,,,
20260908T060102Z_p4-chaos-dead,cockroachdb,chaos-dead,thesis,c518dc6a29d6bfb5d7d89439d9fad14b81b56649,2026-09-08T06:01:02.607701Z,2026-09-08T06:05:35.709409Z,2026-09-08T06:05:19.711356Z,121.0,191.766,100,1,read,948.0,1032.6,19,37.7,58.7,67.1,75.5,,,
20260908T060102Z_p4-chaos-dead,cockroachdb,chaos-dead,thesis,c518dc6a29d6bfb5d7d89439d9fad14b81b56649,2026-09-08T06:01:02.607701Z,2026-09-08T06:05:35.709409Z,2026-09-08T06:05:19.711356Z,121.0,191.766,100,1,update,245.0,259.4,19,285.2,302.0,335.5,335.5,,,
20260908T060102Z_p4-chaos-dead,cockroachdb,chaos-dead,thesis,c518dc6a29d6bfb5d7d89439d9fad14b81b56649,2026-09-08T06:01:02.607701Z,2026-09-08T06:05:35.709409Z,2026-09-08T06:05:19.711356Z,122.0,192.764,100,1,read,1200.3,1034.0,19,26.2,31.5,35.7,92.3,,,
20260908T060102Z_p4-chaos-dead,cockroachdb,chaos-dead,thesis,c518dc6a29d6bfb5d7d89439d9fad14b81b56649,2026-09-08T06:01:02.607701Z,2026-09-08T06:05:35.709409Z,2026-09-08T06:05:19.711356Z,122.0,192.764,100,1,update,292.8,259.7,19,234.9,251.7,251.7,268.4,,,
20260908T060102Z_p4-chaos-dead,cockroachdb,chaos-dead,thesis,c518dc6a29d6bfb5d7d89439d9fad14b81b56649,2026-09-08T06:01:02.607701Z,2026-09-08T06:05:35.709409Z,2026-09-08T06:05:19.711356Z,123.0,193.771,100,1,read,1118.6,1034.7,19,27.3,35.7,46.1,159.4,,,
20260908T060102Z_p4-chaos-dead,cockroachdb,chaos-dead,thesis,c518dc6a29d6bfb5d7d89439d9fad14b81b56649,2026-09-08T06:01:02.607701Z,2026-09-08T06:05:35.709409Z,2026-09-08T06:05:19.711356Z,123.0,193.771,100,1,update,300.2,260.0,19,234.9,251.7,260.0,260.0,,,
20260908T060102Z_p4-chaos-dead,cockroachdb,chaos-dead,thesis,c518dc6a29d6bfb5d7d89439d9fad14b81b56649,2026-09-08T06:01:02.607701Z,2026-09-08T06:05:35.709409Z,2026-09-08T06:05:19.711356Z,124.0,194.764,100,1,read,1265.0,1036.6,19,26.2,35.7,39.8,218.1,,,
20260908T060102Z_p4-chaos-dead,cockroachdb,chaos-dead,thesis,c518dc6a29d6bfb5d7d89439d9fad14b81b56649,2026-09-08T06:01:02.607701Z,2026-09-08T06:05:35.709409Z,2026-09-08T06:05:19.711356Z,124.0,194.764,100,1,update,281.0,260.2,19,234.9,251.7,260.0,260.0,,,
20260908T060102Z_p4-chaos-dead,cockroachdb,chaos-dead,thesis,c518dc6a29d6bfb5d7d89439d9fad14b81b56649,2026-09-08T06:01:02.607701Z,2026-09-08T06:05:35.709409Z,2026-09-08T06:05:19.711356Z,125.0,195.767,100,1,read,1200.5,1037.9,19,26.2,35.7,39.8,44.0,,,
20260908T060102Z_p4-chaos-dead,cockroachdb,chaos-dead,thesis,c518dc6a29d6bfb5d7d89439d9fad14b81b56649,2026-09-08T06:01:02.607701Z,2026-09-08T06:05:35.709409Z,2026-09-08T06:05:19.711356Z,125.0,195.767,100,1,update,294.9,260.5,19,234.9,251.7,251.7,251.7,,,
20260908T060102Z_p4-chaos-dead,cockroachdb,chaos-dead,thesis,c518dc6a29d6bfb5d7d89439d9fad14b81b56649,2026-09-08T06:01:02.607701Z,2026-09-08T06:05:35.709409Z,2026-09-08T06:05:19.711356Z,126.0,196.764,100,1,read,1117.1,1038.5,19,27.3,39.8,48.2,71.3,,,
20260908T060102Z_p4-chaos-dead,cockroachdb,chaos-dead,thesis,c518dc6a29d6bfb5d7d89439d9fad14b81b56649,2026-09-08T06:01:02.607701Z,2026-09-08T06:05:35.709409Z,2026-09-08T06:05:19.711356Z,126.0,196.764,100,1,update,294.0,260.7,19,234.9,251.7,251.7,260.0,,,
20260908T060102Z_p4-chaos-dead,cockroachdb,chaos-dead,thesis,c518dc6a29d6bfb5d7d89439d9fad14b81b56649,2026-09-08T06:01:02.607701Z,2026-09-08T06:05:35.709409Z,2026-09-08T06:05:19.711356Z,127.0,197.767,100,1,read,1082.8,1038.8,19,27.3,41.9,54.5,67.1,,,
20260908T060102Z_p4-chaos-dead,cockroachdb,chaos-dead,thesis,c518dc6a29d6bfb5d7d89439d9fad14b81b56649,2026-09-08T06:01:02.607701Z,2026-09-08T06:05:35.709409Z,2026-09-08T06:05:19.711356Z,127.0,197.767,100,1,update,291.0,261.0,19,234.9,268.4,285.2,285.2,,,
20260908T060102Z_p4-chaos-dead,cockroachdb,chaos-dead,thesis,c518dc6a29d6bfb5d7d89439d9fad14b81b56649,2026-09-08T06:01:02.607701Z,2026-09-08T06:05:35.709409Z,2026-09-08T06:05:19.711356Z,128.0,198.77,100,1,read,1180.8,1040.0,19,26.2,32.5,37.7,209.7,,,
20260908T060102Z_p4-chaos-dead,cockroachdb,chaos-dead,thesis,c518dc6a29d6bfb5d7d89439d9fad14b81b56649,2026-09-08T06:01:02.607701Z,2026-09-08T06:05:35.709409Z,2026-09-08T06:05:19.711356Z,128.0,198.77,100,1,update,297.2,261.2,19,234.9,243.3,251.7,251.7,,,
20260908T060102Z_p4-chaos-dead,cockroachdb,chaos-dead,thesis,c518dc6a29d6bfb5d7d89439d9fad14b81b56649,2026-09-08T06:01:02.607701Z,2026-09-08T06:05:35.709409Z,2026-09-08T06:05:19.711356Z,129.0,199.766,100,1,read,979.5,1039.5,19,37.7,71.3,79.7,142.6,,,
20260908T060102Z_p4-chaos-dead,cockroachdb,chaos-dead,thesis,c518dc6a29d6bfb5d7d89439d9fad14b81b56649,2026-09-08T06:01:02.607701Z,2026-09-08T06:05:35.709409Z,2026-09-08T06:05:19.711356Z,129.0,199.766,100,1,update,235.9,261.0,19,251.7,318.8,335.5,352.3,,,
20260908T060102Z_p4-chaos-dead,cockroachdb,chaos-dead,thesis,c518dc6a29d6bfb5d7d89439d9fad14b81b56649,2026-09-08T06:01:02.607701Z,2026-09-08T06:05:35.709409Z,2026-09-08T06:05:19.711356Z,130.0,200.763,100,1,read,873.2,1038.2,19,39.8,54.5,58.7,176.2,,,
20260908T060102Z_p4-chaos-dead,cockroachdb,chaos-dead,thesis,c518dc6a29d6bfb5d7d89439d9fad14b81b56649,2026-09-08T06:01:02.607701Z,2026-09-08T06:05:35.709409Z,2026-09-08T06:05:19.711356Z,130.0,200.763,100,1,update,245.1,260.9,19,260.0,285.2,302.0,318.8,,,
20260908T060102Z_p4-chaos-dead,cockroachdb,chaos-dead,thesis,c518dc6a29d6bfb5d7d89439d9fad14b81b56649,2026-09-08T06:01:02.607701Z,2026-09-08T06:05:35.709409Z,2026-09-08T06:05:19.711356Z,131.0,201.766,100,1,read,1045.1,1038.3,19,28.3,52.4,67.1,75.5,,,
20260908T060102Z_p4-chaos-dead,cockroachdb,chaos-dead,thesis,c518dc6a29d6bfb5d7d89439d9fad14b81b56649,2026-09-08T06:01:02.607701Z,2026-09-08T06:05:35.709409Z,2026-09-08T06:05:19.711356Z,131.0,201.766,100,1,update,277.0,261.0,19,243.3,285.2,302.0,302.0,,,
20260908T060102Z_p4-chaos-dead,cockroachdb,chaos-dead,thesis,c518dc6a29d6bfb5d7d89439d9fad14b81b56649,2026-09-08T06:01:02.607701Z,2026-09-08T06:05:35.709409Z,2026-09-08T06:05:19.711356Z,132.0,202.764,100,1,read,1086.2,1038.6,19,27.3,37.7,44.0,60.8,,,
20260908T060102Z_p4-chaos-dead,cockroachdb,chaos-dead,thesis,c518dc6a29d6bfb5d7d89439d9fad14b81b56649,2026-09-08T06:01:02.607701Z,2026-09-08T06:05:35.709409Z,2026-09-08T06:05:19.711356Z,132.0,202.764,100,1,update,305.0,261.4,19,234.9,251.7,260.0,260.0,,,
20260908T060102Z_p4-chaos-dead,cockroachdb,chaos-dead,thesis,c518dc6a29d6bfb5d7d89439d9fad14b81b56649,2026-09-08T06:01:02.607701Z,2026-09-08T06:05:35.709409Z,2026-09-08T06:05:19.711356Z,133.0,203.766,100,1,read,1071.2,1038.9,19,27.3,41.9,48.2,96.5,,,
20260908T060102Z_p4-chaos-dead,cockroachdb,chaos-dead,thesis,c518dc6a29d6bfb5d7d89439d9fad14b81b56649,2026-09-08T06:01:02.607701Z,2026-09-08T06:05:35.709409Z,2026-09-08T06:05:19.711356Z,133.0,203.766,100,1,update,287.8,261.6,19,234.9,260.0,260.0,268.4,,,
20260908T060102Z_p4-chaos-dead,cockroachdb,chaos-dead,thesis,c518dc6a29d6bfb5d7d89439d9fad14b81b56649,2026-09-08T06:01:02.607701Z,2026-09-08T06:05:35.709409Z,2026-09-08T06:05:19.711356Z,134.0,204.764,100,1,read,1104.8,1039.4,19,26.2,35.7,39.8,48.2,,,
20260908T060102Z_p4-chaos-dead,cockroachdb,chaos-dead,thesis,c518dc6a29d6bfb5d7d89439d9fad14b81b56649,2026-09-08T06:01:02.607701Z,2026-09-08T06:05:35.709409Z,2026-09-08T06:05:19.711356Z,134.0,204.764,100,1,update,321.2,262.0,19,226.5,243.3,251.7,251.7,,,
20260908T060102Z_p4-chaos-dead,cockroachdb,chaos-dead,thesis,c518dc6a29d6bfb5d7d89439d9fad14b81b56649,2026-09-08T06:01:02.607701Z,2026-09-08T06:05:35.709409Z,2026-09-08T06:05:19.711356Z,135.0,205.769,100,1,read,1058.8,1039.5,19,26.2,37.7,41.9,52.4,,,
20260908T060102Z_p4-chaos-dead,cockroachdb,chaos-dead,thesis,c518dc6a29d6bfb5d7d89439d9fad14b81b56649,2026-09-08T06:01:02.607701Z,2026-09-08T06:05:35.709409Z,2026-09-08T06:05:19.711356Z,135.0,205.769,100,1,update,299.9,262.3,19,234.9,251.7,268.4,285.2,,,
20260908T060102Z_p4-chaos-dead,cockroachdb,chaos-dead,thesis,c518dc6a29d6bfb5d7d89439d9fad14b81b56649,2026-09-08T06:01:02.607701Z,2026-09-08T06:05:35.709409Z,2026-09-08T06:05:19.711356Z,136.0,206.763,100,1,read,1162.8,1040.4,19,27.3,44.0,50.3,56.6,,,
20260908T060102Z_p4-chaos-dead,cockroachdb,chaos-dead,thesis,c518dc6a29d6bfb5d7d89439d9fad14b81b56649,2026-09-08T06:01:02.607701Z,2026-09-08T06:05:35.709409Z,2026-09-08T06:05:19.711356Z,136.0,206.763,100,1,update,288.9,262.5,19,234.9,251.7,260.0,285.2,,,
20260908T060102Z_p4-chaos-dead,cockroachdb,chaos-dead,thesis,c518dc6a29d6bfb5d7d89439d9fad14b81b56649,2026-09-08T06:01:02.607701Z,2026-09-08T06:05:35.709409Z,2026-09-08T06:05:19.711356Z,137.0,207.771,100,1,read,1228.1,1041.8,19,26.2,35.7,44.0,176.2,,,
20260908T060102Z_p4-chaos-dead,cockroachdb,chaos-dead,thesis,c518dc6a29d6bfb5d7d89439d9fad14b81b56649,2026-09-08T06:01:02.607701Z,2026-09-08T06:05:35.709409Z,2026-09-08T06:05:19.711356Z,137.0,207.771,100,1,update,281.0,262.6,19,234.9,260.0,260.0,268.4,,,
20260908T060102Z_p4-chaos-dead,cockroachdb,chaos-dead,thesis,c518dc6a29d6bfb5d7d89439d9fad14b81b56649,2026-09-08T06:01:02.607701Z,2026-09-08T06:05:35.709409Z,2026-09-08T06:05:19.711356Z,138.0,208.77,100,1,read,1223.2,1043.1,19,26.2,32.5,39.8,52.4,,,
20260908T060102Z_p4-chaos-dead,cockroachdb,chaos-dead,thesis,c518dc6a29d6bfb5d7d89439d9fad14b81b56649,2026-09-08T06:01:02.607701Z,2026-09-08T06:05:35.709409Z,2026-09-08T06:05:19.711356Z,138.0,208.77,100,1,update,290.1,262.8,19,234.9,251.7,251.7,251.7,,,
20260908T060102Z_p4-chaos-dead,cockroachdb,chaos-dead,thesis,c518dc6a29d6bfb5d7d89439d9fad14b81b56649,2026-09-08T06:01:02.607701Z,2026-09-08T06:05:35.709409Z,2026-09-08T06:05:19.711356Z,139.0,209.767,100,1,read,1221.1,1044.4,19,26.2,32.5,37.7,201.3,,,
20260908T060102Z_p4-chaos-dead,cockroachdb,chaos-dead,thesis,c518dc6a29d6bfb5d7d89439d9fad14b81b56649,2026-09-08T06:01:02.607701Z,2026-09-08T06:05:35.709409Z,2026-09-08T06:05:19.711356Z,139.0,209.767,100,1,update,300.0,263.1,19,226.5,243.3,251.7,251.7,,,
20260908T060102Z_p4-chaos-dead,cockroachdb,chaos-dead,thesis,c518dc6a29d6bfb5d7d89439d9fad14b81b56649,2026-09-08T06:01:02.607701Z,2026-09-08T06:05:35.709409Z,2026-09-08T06:05:19.711356Z,140.0,210.77,100,1,read,1159.9,1045.2,19,26.2,33.6,39.8,234.9,,,
20260908T060102Z_p4-chaos-dead,cockroachdb,chaos-dead,thesis,c518dc6a29d6bfb5d7d89439d9fad14b81b56649,2026-09-08T06:01:02.607701Z,2026-09-08T06:05:35.709409Z,2026-09-08T06:05:19.711356Z,140.0,210.77,100,1,update,301.0,263.4,19,226.5,243.3,243.3,251.7,,,
20260908T060102Z_p4-chaos-dead,cockroachdb,chaos-dead,thesis,c518dc6a29d6bfb5d7d89439d9fad14b81b56649,2026-09-08T06:01:02.607701Z,2026-09-08T06:05:35.709409Z,2026-09-08T06:05:19.711356Z,141.0,211.768,100,1,read,1173.4,1046.1,19,26.2,33.6,41.9,218.1,,,
20260908T060102Z_p4-chaos-dead,cockroachdb,chaos-dead,thesis,c518dc6a29d6bfb5d7d89439d9fad14b81b56649,2026-09-08T06:01:02.607701Z,2026-09-08T06:05:35.709409Z,2026-09-08T06:05:19.711356Z,141.0,211.768,100,1,update,293.9,263.6,19,234.9,243.3,251.7,260.0,,,
20260908T060102Z_p4-chaos-dead,cockroachdb,chaos-dead,thesis,c518dc6a29d6bfb5d7d89439d9fad14b81b56649,2026-09-08T06:01:02.607701Z,2026-09-08T06:05:35.709409Z,2026-09-08T06:05:19.711356Z,142.0,212.771,100,1,read,1061.4,1046.2,19,29.4,52.4,71.3,100.7,,,
20260908T060102Z_p4-chaos-dead,cockroachdb,chaos-dead,thesis,c518dc6a29d6bfb5d7d89439d9fad14b81b56649,2026-09-08T06:01:02.607701Z,2026-09-08T06:05:35.709409Z,2026-09-08T06:05:19.711356Z,142.0,212.771,100,1,update,259.1,263.6,19,243.3,302.0,318.8,318.8,,,
20260908T060102Z_p4-chaos-dead,cockroachdb,chaos-dead,thesis,c518dc6a29d6bfb5d7d89439d9fad14b81b56649,2026-09-08T06:01:02.607701Z,2026-09-08T06:05:35.709409Z,2026-09-08T06:05:19.711356Z,143.0,213.767,100,1,read,1049.7,1046.2,19,29.4,50.3,58.7,151.0,,,
20260908T060102Z_p4-chaos-dead,cockroachdb,chaos-dead,thesis,c518dc6a29d6bfb5d7d89439d9fad14b81b56649,2026-09-08T06:01:02.607701Z,2026-09-08T06:05:35.709409Z,2026-09-08T06:05:19.711356Z,143.0,213.767,100,1,update,277.9,263.7,19,251.7,302.0,335.5,352.3,,,
20260908T060102Z_p4-chaos-dead,cockroachdb,chaos-dead,thesis,c518dc6a29d6bfb5d7d89439d9fad14b81b56649,2026-09-08T06:01:02.607701Z,2026-09-08T06:05:35.709409Z,2026-09-08T06:05:19.711356Z,144.0,214.764,100,1,read,1129.9,1046.8,19,26.2,31.5,39.8,48.2,,,
20260908T060102Z_p4-chaos-dead,cockroachdb,chaos-dead,thesis,c518dc6a29d6bfb5d7d89439d9fad14b81b56649,2026-09-08T06:01:02.607701Z,2026-09-08T06:05:35.709409Z,2026-09-08T06:05:19.711356Z,144.0,214.764,100,1,update,303.0,263.9,19,234.9,243.3,260.0,268.4,,,
20260908T060102Z_p4-chaos-dead,cockroachdb,chaos-dead,thesis,c518dc6a29d6bfb5d7d89439d9fad14b81b56649,2026-09-08T06:01:02.607701Z,2026-09-08T06:05:35.709409Z,2026-09-08T06:05:19.711356Z,145.0,215.772,100,1,read,1179.1,1047.7,19,26.2,32.5,37.7,104.9,,,
20260908T060102Z_p4-chaos-dead,cockroachdb,chaos-dead,thesis,c518dc6a29d6bfb5d7d89439d9fad14b81b56649,2026-09-08T06:01:02.607701Z,2026-09-08T06:05:35.709409Z,2026-09-08T06:05:19.711356Z,145.0,215.772,100,1,update,310.0,264.2,19,226.5,243.3,251.7,251.7,,,
20260908T060102Z_p4-chaos-dead,cockroachdb,chaos-dead,thesis,c518dc6a29d6bfb5d7d89439d9fad14b81b56649,2026-09-08T06:01:02.607701Z,2026-09-08T06:05:35.709409Z,2026-09-08T06:05:19.711356Z,146.0,216.765,100,1,read,1104.2,1048.1,19,26.2,35.7,41.9,56.6,,,
20260908T060102Z_p4-chaos-dead,cockroachdb,chaos-dead,thesis,c518dc6a29d6bfb5d7d89439d9fad14b81b56649,2026-09-08T06:01:02.607701Z,2026-09-08T06:05:35.709409Z,2026-09-08T06:05:19.711356Z,146.0,216.765,100,1,update,305.0,264.5,19,234.9,243.3,251.7,402.7,,,
20260908T060102Z_p4-chaos-dead,cockroachdb,chaos-dead,thesis,c518dc6a29d6bfb5d7d89439d9fad14b81b56649,2026-09-08T06:01:02.607701Z,2026-09-08T06:05:35.709409Z,2026-09-08T06:05:19.711356Z,147.0,217.766,100,1,read,1160.2,1048.9,19,26.2,35.7,41.9,48.2,,,
20260908T060102Z_p4-chaos-dead,cockroachdb,chaos-dead,thesis,c518dc6a29d6bfb5d7d89439d9fad14b81b56649,2026-09-08T06:01:02.607701Z,2026-09-08T06:05:35.709409Z,2026-09-08T06:05:19.711356Z,147.0,217.766,100,1,update,290.0,264.7,19,234.9,251.7,260.0,285.2,,,
20260908T060102Z_p4-chaos-dead,cockroachdb,chaos-dead,thesis,c518dc6a29d6bfb5d7d89439d9fad14b81b56649,2026-09-08T06:01:02.607701Z,2026-09-08T06:05:35.709409Z,2026-09-08T06:05:19.711356Z,148.0,218.764,100,1,read,1109.6,1049.3,19,26.2,37.7,46.1,109.1,,,
20260908T060102Z_p4-chaos-dead,cockroachdb,chaos-dead,thesis,c518dc6a29d6bfb5d7d89439d9fad14b81b56649,2026-09-08T06:01:02.607701Z,2026-09-08T06:05:35.709409Z,2026-09-08T06:05:19.711356Z,148.0,218.764,100,1,update,305.9,265.0,19,234.9,251.7,260.0,285.2,,,
20260908T060102Z_p4-chaos-dead,cockroachdb,chaos-dead,thesis,c518dc6a29d6bfb5d7d89439d9fad14b81b56649,2026-09-08T06:01:02.607701Z,2026-09-08T06:05:35.709409Z,2026-09-08T06:05:19.711356Z,149.0,219.767,100,1,read,1201.9,1050.3,19,26.2,35.7,44.0,46.1,,,
20260908T060102Z_p4-chaos-dead,cockroachdb,chaos-dead,thesis,c518dc6a29d6bfb5d7d89439d9fad14b81b56649,2026-09-08T06:01:02.607701Z,2026-09-08T06:05:35.709409Z,2026-09-08T06:05:19.711356Z,149.0,219.767,100,1,update,285.0,265.1,19,234.9,243.3,251.7,251.7,,,
20260908T060102Z_p4-chaos-dead,cockroachdb,chaos-dead,thesis,c518dc6a29d6bfb5d7d89439d9fad14b81b56649,2026-09-08T06:01:02.607701Z,2026-09-08T06:05:35.709409Z,2026-09-08T06:05:19.711356Z,150.0,220.765,100,1,read,1218.4,1051.4,19,26.2,35.7,41.9,234.9,,,
20260908T060102Z_p4-chaos-dead,cockroachdb,chaos-dead,thesis,c518dc6a29d6bfb5d7d89439d9fad14b81b56649,2026-09-08T06:01:02.607701Z,2026-09-08T06:05:35.709409Z,2026-09-08T06:05:19.711356Z,150.0,220.765,100,1,update,299.1,265.3,19,234.9,251.7,251.7,260.0,,,
20260908T060102Z_p4-chaos-dead,cockroachdb,chaos-dead,thesis,c518dc6a29d6bfb5d7d89439d9fad14b81b56649,2026-09-08T06:01:02.607701Z,2026-09-08T06:05:35.709409Z,2026-09-08T06:05:19.711356Z,151.0,221.768,100,1,read,1240.8,1052.7,19,27.3,39.8,46.1,209.7,,,
20260908T060102Z_p4-chaos-dead,cockroachdb,chaos-dead,thesis,c518dc6a29d6bfb5d7d89439d9fad14b81b56649,2026-09-08T06:01:02.607701Z,2026-09-08T06:05:35.709409Z,2026-09-08T06:05:19.711356Z,151.0,221.768,100,1,update,273.0,265.4,19,234.9,251.7,260.0,268.4,,,
20260908T060102Z_p4-chaos-dead,cockroachdb,chaos-dead,thesis,c518dc6a29d6bfb5d7d89439d9fad14b81b56649,2026-09-08T06:01:02.607701Z,2026-09-08T06:05:35.709409Z,2026-09-08T06:05:19.711356Z,152.0,222.763,100,1,read,1179.0,1053.5,19,27.3,37.7,46.1,56.6,,,
20260908T060102Z_p4-chaos-dead,cockroachdb,chaos-dead,thesis,c518dc6a29d6bfb5d7d89439d9fad14b81b56649,2026-09-08T06:01:02.607701Z,2026-09-08T06:05:35.709409Z,2026-09-08T06:05:19.711356Z,152.0,222.763,100,1,update,288.0,265.5,19,234.9,251.7,260.0,260.0,,,
20260908T060102Z_p4-chaos-dead,cockroachdb,chaos-dead,thesis,c518dc6a29d6bfb5d7d89439d9fad14b81b56649,2026-09-08T06:01:02.607701Z,2026-09-08T06:05:35.709409Z,2026-09-08T06:05:19.711356Z,153.0,223.766,100,1,read,1219.2,1054.6,19,27.3,39.8,44.0,167.8,,,
20260908T060102Z_p4-chaos-dead,cockroachdb,chaos-dead,thesis,c518dc6a29d6bfb5d7d89439d9fad14b81b56649,2026-09-08T06:01:02.607701Z,2026-09-08T06:05:35.709409Z,2026-09-08T06:05:19.711356Z,153.0,223.766,100,1,update,281.0,265.6,19,234.9,251.7,268.4,285.2,,,
20260908T060102Z_p4-chaos-dead,cockroachdb,chaos-dead,thesis,c518dc6a29d6bfb5d7d89439d9fad14b81b56649,2026-09-08T06:01:02.607701Z,2026-09-08T06:05:35.709409Z,2026-09-08T06:05:19.711356Z,154.0,224.767,100,1,read,1171.0,1055.4,19,26.2,32.5,37.7,44.0,,,
20260908T060102Z_p4-chaos-dead,cockroachdb,chaos-dead,thesis,c518dc6a29d6bfb5d7d89439d9fad14b81b56649,2026-09-08T06:01:02.607701Z,2026-09-08T06:05:35.709409Z,2026-09-08T06:05:19.711356Z,154.0,224.767,100,1,update,299.0,265.9,19,234.9,243.3,243.3,243.3,,,
20260908T060102Z_p4-chaos-dead,cockroachdb,chaos-dead,thesis,c518dc6a29d6bfb5d7d89439d9fad14b81b56649,2026-09-08T06:01:02.607701Z,2026-09-08T06:05:35.709409Z,2026-09-08T06:05:19.711356Z,155.0,225.767,100,1,read,1225.2,1056.5,19,26.2,35.7,39.8,44.0,,,
20260908T060102Z_p4-chaos-dead,cockroachdb,chaos-dead,thesis,c518dc6a29d6bfb5d7d89439d9fad14b81b56649,2026-09-08T06:01:02.607701Z,2026-09-08T06:05:35.709409Z,2026-09-08T06:05:19.711356Z,155.0,225.767,100,1,update,295.0,266.0,19,234.9,243.3,251.7,251.7,,,
20260908T060102Z_p4-chaos-dead,cockroachdb,chaos-dead,thesis,c518dc6a29d6bfb5d7d89439d9fad14b81b56649,2026-09-08T06:01:02.607701Z,2026-09-08T06:05:35.709409Z,2026-09-08T06:05:19.711356Z,156.0,226.765,100,1,read,1036.0,1056.3,19,26.2,37.7,44.0,88.1,,,
20260908T060102Z_p4-chaos-dead,cockroachdb,chaos-dead,thesis,c518dc6a29d6bfb5d7d89439d9fad14b81b56649,2026-09-08T06:01:02.607701Z,2026-09-08T06:05:35.709409Z,2026-09-08T06:05:19.711356Z,156.0,226.765,100,1,update,315.0,266.4,19,234.9,243.3,251.7,260.0,,,
20260908T060102Z_p4-chaos-dead,cockroachdb,chaos-dead,thesis,c518dc6a29d6bfb5d7d89439d9fad14b81b56649,2026-09-08T06:01:02.607701Z,2026-09-08T06:05:35.709409Z,2026-09-08T06:05:19.711356Z,157.0,227.767,100,1,read,1234.5,1057.5,19,26.2,37.7,48.2,58.7,,,
20260908T060102Z_p4-chaos-dead,cockroachdb,chaos-dead,thesis,c518dc6a29d6bfb5d7d89439d9fad14b81b56649,2026-09-08T06:01:02.607701Z,2026-09-08T06:05:35.709409Z,2026-09-08T06:05:19.711356Z,157.0,227.767,100,1,update,280.9,266.5,19,234.9,251.7,268.4,285.2,,,
20260908T060102Z_p4-chaos-dead,cockroachdb,chaos-dead,thesis,c518dc6a29d6bfb5d7d89439d9fad14b81b56649,2026-09-08T06:01:02.607701Z,2026-09-08T06:05:35.709409Z,2026-09-08T06:05:19.711356Z,158.0,228.765,100,1,read,1219.2,1058.5,19,26.2,35.7,39.8,46.1,,,
20260908T060102Z_p4-chaos-dead,cockroachdb,chaos-dead,thesis,c518dc6a29d6bfb5d7d89439d9fad14b81b56649,2026-09-08T06:01:02.607701Z,2026-09-08T06:05:35.709409Z,2026-09-08T06:05:19.711356Z,158.0,228.765,100,1,update,290.1,266.6,19,234.9,243.3,260.0,260.0,,,
20260908T060102Z_p4-chaos-dead,cockroachdb,chaos-dead,thesis,c518dc6a29d6bfb5d7d89439d9fad14b81b56649,2026-09-08T06:01:02.607701Z,2026-09-08T06:05:35.709409Z,2026-09-08T06:05:19.711356Z,159.0,229.767,100,1,read,1142.2,1059.0,19,26.2,35.7,39.8,52.4,,,
20260908T060102Z_p4-chaos-dead,cockroachdb,chaos-dead,thesis,c518dc6a29d6bfb5d7d89439d9fad14b81b56649,2026-09-08T06:01:02.607701Z,2026-09-08T06:05:35.709409Z,2026-09-08T06:05:19.711356Z,159.0,229.767,100,1,update,295.0,266.8,19,234.9,243.3,251.7,251.7,,,
20260908T060102Z_p4-chaos-dead,cockroachdb,chaos-dead,thesis,c518dc6a29d6bfb5d7d89439d9fad14b81b56649,2026-09-08T06:01:02.607701Z,2026-09-08T06:05:35.709409Z,2026-09-08T06:05:19.711356Z,160.0,230.765,100,1,read,1132.0,1059.5,19,26.2,32.5,39.8,41.9,,,
20260908T060102Z_p4-chaos-dead,cockroachdb,chaos-dead,thesis,c518dc6a29d6bfb5d7d89439d9fad14b81b56649,2026-09-08T06:01:02.607701Z,2026-09-08T06:05:35.709409Z,2026-09-08T06:05:19.711356Z,160.0,230.765,100,1,update,306.0,267.0,19,226.5,243.3,243.3,251.7,,,
20260908T060102Z_p4-chaos-dead,cockroachdb,chaos-dead,thesis,c518dc6a29d6bfb5d7d89439d9fad14b81b56649,2026-09-08T06:01:02.607701Z,2026-09-08T06:05:35.709409Z,2026-09-08T06:05:19.711356Z,161.0,231.767,100,1,read,1136.6,1059.9,19,27.3,44.0,62.9,83.9,,,
20260908T060102Z_p4-chaos-dead,cockroachdb,chaos-dead,thesis,c518dc6a29d6bfb5d7d89439d9fad14b81b56649,2026-09-08T06:01:02.607701Z,2026-09-08T06:05:35.709409Z,2026-09-08T06:05:19.711356Z,161.0,231.767,100,1,update,287.9,267.2,19,234.9,285.2,285.2,302.0,,,
20260908T060102Z_p4-chaos-dead,cockroachdb,chaos-dead,thesis,c518dc6a29d6bfb5d7d89439d9fad14b81b56649,2026-09-08T06:01:02.607701Z,2026-09-08T06:05:35.709409Z,2026-09-08T06:05:19.711356Z,162.0,232.765,100,1,read,1200.2,1060.8,19,26.2,35.7,41.9,159.4,,,
20260908T060102Z_p4-chaos-dead,cockroachdb,chaos-dead,thesis,c518dc6a29d6bfb5d7d89439d9fad14b81b56649,2026-09-08T06:01:02.607701Z,2026-09-08T06:05:35.709409Z,2026-09-08T06:05:19.711356Z,162.0,232.765,100,1,update,289.0,267.3,19,234.9,251.7,251.7,260.0,,,
20260908T060102Z_p4-chaos-dead,cockroachdb,chaos-dead,thesis,c518dc6a29d6bfb5d7d89439d9fad14b81b56649,2026-09-08T06:01:02.607701Z,2026-09-08T06:05:35.709409Z,2026-09-08T06:05:19.711356Z,163.0,233.767,100,1,read,1165.2,1061.5,19,27.3,35.7,41.9,167.8,,,
20260908T060102Z_p4-chaos-dead,cockroachdb,chaos-dead,thesis,c518dc6a29d6bfb5d7d89439d9fad14b81b56649,2026-09-08T06:01:02.607701Z,2026-09-08T06:05:35.709409Z,2026-09-08T06:05:19.711356Z,163.0,233.767,100,1,update,292.1,267.4,19,234.9,243.3,251.7,251.7,,,
20260908T060102Z_p4-chaos-dead,cockroachdb,chaos-dead,thesis,c518dc6a29d6bfb5d7d89439d9fad14b81b56649,2026-09-08T06:01:02.607701Z,2026-09-08T06:05:35.709409Z,2026-09-08T06:05:19.711356Z,164.0,234.765,100,1,read,1182.3,1062.2,19,27.3,44.0,56.6,71.3,,,
20260908T060102Z_p4-chaos-dead,cockroachdb,chaos-dead,thesis,c518dc6a29d6bfb5d7d89439d9fad14b81b56649,2026-09-08T06:01:02.607701Z,2026-09-08T06:05:35.709409Z,2026-09-08T06:05:19.711356Z,164.0,234.765,100,1,update,270.1,267.5,19,234.9,260.0,285.2,302.0,,,
20260908T060102Z_p4-chaos-dead,cockroachdb,chaos-dead,thesis,c518dc6a29d6bfb5d7d89439d9fad14b81b56649,2026-09-08T06:01:02.607701Z,2026-09-08T06:05:35.709409Z,2026-09-08T06:05:19.711356Z,165.0,235.767,100,1,read,1071.7,1062.2,19,31.5,62.9,79.7,184.5,,,
20260908T060102Z_p4-chaos-dead,cockroachdb,chaos-dead,thesis,c518dc6a29d6bfb5d7d89439d9fad14b81b56649,2026-09-08T06:01:02.607701Z,2026-09-08T06:05:35.709409Z,2026-09-08T06:05:19.711356Z,165.0,235.767,100,1,update,246.9,267.3,19,251.7,318.8,352.3,369.1,,,
20260908T060102Z_p4-chaos-dead,cockroachdb,chaos-dead,thesis,c518dc6a29d6bfb5d7d89439d9fad14b81b56649,2026-09-08T06:01:02.607701Z,2026-09-08T06:05:35.709409Z,2026-09-08T06:05:19.711356Z,166.0,236.765,100,1,read,1159.2,1062.8,19,27.3,44.0,54.5,75.5,,,
20260908T060102Z_p4-chaos-dead,cockroachdb,chaos-dead,thesis,c518dc6a29d6bfb5d7d89439d9fad14b81b56649,2026-09-08T06:01:02.607701Z,2026-09-08T06:05:35.709409Z,2026-09-08T06:05:19.711356Z,166.0,236.765,100,1,update,277.0,267.4,19,234.9,260.0,268.4,268.4,,,
20260908T060102Z_p4-chaos-dead,cockroachdb,chaos-dead,thesis,c518dc6a29d6bfb5d7d89439d9fad14b81b56649,2026-09-08T06:01:02.607701Z,2026-09-08T06:05:35.709409Z,2026-09-08T06:05:19.711356Z,167.0,237.775,100,1,read,1153.7,1063.4,19,26.2,37.7,44.0,130.0,,,
20260908T060102Z_p4-chaos-dead,cockroachdb,chaos-dead,thesis,c518dc6a29d6bfb5d7d89439d9fad14b81b56649,2026-09-08T06:01:02.607701Z,2026-09-08T06:05:35.709409Z,2026-09-08T06:05:19.711356Z,167.0,237.775,100,1,update,287.9,267.5,19,234.9,251.7,268.4,285.2,,,
20260908T060102Z_p4-chaos-dead,cockroachdb,chaos-dead,thesis,c518dc6a29d6bfb5d7d89439d9fad14b81b56649,2026-09-08T06:01:02.607701Z,2026-09-08T06:05:35.709409Z,2026-09-08T06:05:19.711356Z,168.0,238.764,100,1,read,1175.2,1064.0,19,26.2,35.7,44.0,50.3,,,
20260908T060102Z_p4-chaos-dead,cockroachdb,chaos-dead,thesis,c518dc6a29d6bfb5d7d89439d9fad14b81b56649,2026-09-08T06:01:02.607701Z,2026-09-08T06:05:35.709409Z,2026-09-08T06:05:19.711356Z,168.0,238.764,100,1,update,302.8,267.7,19,234.9,251.7,251.7,260.0,,,
20260908T060102Z_p4-chaos-dead,cockroachdb,chaos-dead,thesis,c518dc6a29d6bfb5d7d89439d9fad14b81b56649,2026-09-08T06:01:02.607701Z,2026-09-08T06:05:35.709409Z,2026-09-08T06:05:19.711356Z,169.0,239.768,100,1,read,1227.1,1065.0,19,27.3,37.7,46.1,176.2,,,
20260908T060102Z_p4-chaos-dead,cockroachdb,chaos-dead,thesis,c518dc6a29d6bfb5d7d89439d9fad14b81b56649,2026-09-08T06:01:02.607701Z,2026-09-08T06:05:35.709409Z,2026-09-08T06:05:19.711356Z,169.0,239.768,100,1,update,280.3,267.8,19,234.9,251.7,260.0,268.4,,,
20260908T060102Z_p4-chaos-dead,cockroachdb,chaos-dead,thesis,c518dc6a29d6bfb5d7d89439d9fad14b81b56649,2026-09-08T06:01:02.607701Z,2026-09-08T06:05:35.709409Z,2026-09-08T06:05:19.711356Z,170.0,240.765,100,1,read,1139.0,1065.4,19,27.3,44.0,67.1,251.7,,,
20260908T060102Z_p4-chaos-dead,cockroachdb,chaos-dead,thesis,c518dc6a29d6bfb5d7d89439d9fad14b81b56649,2026-09-08T06:01:02.607701Z,2026-09-08T06:05:35.709409Z,2026-09-08T06:05:19.711356Z,170.0,240.765,100,1,update,272.8,267.8,19,234.9,260.0,285.2,302.0,,,
20260908T060102Z_p4-chaos-dead,cockroachdb,chaos-dead,thesis,c518dc6a29d6bfb5d7d89439d9fad14b81b56649,2026-09-08T06:01:02.607701Z,2026-09-08T06:05:35.709409Z,2026-09-08T06:05:19.711356Z,171.0,241.77,100,1,read,1089.9,1065.6,19,32.5,52.4,58.7,209.7,,,
20260908T060102Z_p4-chaos-dead,cockroachdb,chaos-dead,thesis,c518dc6a29d6bfb5d7d89439d9fad14b81b56649,2026-09-08T06:01:02.607701Z,2026-09-08T06:05:35.709409Z,2026-09-08T06:05:19.711356Z,171.0,241.77,100,1,update,258.2,267.8,19,251.7,285.2,302.0,318.8,,,
20260908T060102Z_p4-chaos-dead,cockroachdb,chaos-dead,thesis,c518dc6a29d6bfb5d7d89439d9fad14b81b56649,2026-09-08T06:01:02.607701Z,2026-09-08T06:05:35.709409Z,2026-09-08T06:05:19.711356Z,172.0,242.765,100,1,read,1170.7,1066.2,19,27.3,37.7,41.9,52.4,,,
20260908T060102Z_p4-chaos-dead,cockroachdb,chaos-dead,thesis,c518dc6a29d6bfb5d7d89439d9fad14b81b56649,2026-09-08T06:01:02.607701Z,2026-09-08T06:05:35.709409Z,2026-09-08T06:05:19.711356Z,172.0,242.765,100,1,update,286.9,267.9,19,234.9,260.0,268.4,268.4,,,
20260908T060102Z_p4-chaos-dead,cockroachdb,chaos-dead,thesis,c518dc6a29d6bfb5d7d89439d9fad14b81b56649,2026-09-08T06:01:02.607701Z,2026-09-08T06:05:35.709409Z,2026-09-08T06:05:19.711356Z,173.0,243.767,100,1,read,1189.1,1066.9,19,26.2,32.5,39.8,83.9,,,
20260908T060102Z_p4-chaos-dead,cockroachdb,chaos-dead,thesis,c518dc6a29d6bfb5d7d89439d9fad14b81b56649,2026-09-08T06:01:02.607701Z,2026-09-08T06:05:35.709409Z,2026-09-08T06:05:19.711356Z,173.0,243.767,100,1,update,298.0,268.1,19,226.5,243.3,251.7,260.0,,,
20260908T060102Z_p4-chaos-dead,cockroachdb,chaos-dead,thesis,c518dc6a29d6bfb5d7d89439d9fad14b81b56649,2026-09-08T06:01:02.607701Z,2026-09-08T06:05:35.709409Z,2026-09-08T06:05:19.711356Z,174.0,244.764,100,1,read,1132.2,1067.3,19,26.2,37.7,44.0,52.4,,,
20260908T060102Z_p4-chaos-dead,cockroachdb,chaos-dead,thesis,c518dc6a29d6bfb5d7d89439d9fad14b81b56649,2026-09-08T06:01:02.607701Z,2026-09-08T06:05:35.709409Z,2026-09-08T06:05:19.711356Z,174.0,244.764,100,1,update,301.1,268.2,19,234.9,251.7,260.0,260.0,,,
20260908T060102Z_p4-chaos-dead,cockroachdb,chaos-dead,thesis,c518dc6a29d6bfb5d7d89439d9fad14b81b56649,2026-09-08T06:01:02.607701Z,2026-09-08T06:05:35.709409Z,2026-09-08T06:05:19.711356Z,175.0,245.768,100,1,read,1183.5,1067.9,19,26.2,35.7,44.0,218.1,,,
20260908T060102Z_p4-chaos-dead,cockroachdb,chaos-dead,thesis,c518dc6a29d6bfb5d7d89439d9fad14b81b56649,2026-09-08T06:01:02.607701Z,2026-09-08T06:05:35.709409Z,2026-09-08T06:05:19.711356Z,175.0,245.768,100,1,update,293.9,268.4,19,234.9,243.3,251.7,251.7,,,
20260908T060102Z_p4-chaos-dead,cockroachdb,chaos-dead,thesis,c518dc6a29d6bfb5d7d89439d9fad14b81b56649,2026-09-08T06:01:02.607701Z,2026-09-08T06:05:35.709409Z,2026-09-08T06:05:19.711356Z,176.0,246.766,100,1,read,1058.2,1067.9,19,27.3,44.0,52.4,54.5,,,
20260908T060102Z_p4-chaos-dead,cockroachdb,chaos-dead,thesis,c518dc6a29d6bfb5d7d89439d9fad14b81b56649,2026-09-08T06:01:02.607701Z,2026-09-08T06:05:35.709409Z,2026-09-08T06:05:19.711356Z,176.0,246.766,100,1,update,309.1,268.6,19,234.9,251.7,260.0,268.4,,,
20260908T060102Z_p4-chaos-dead,cockroachdb,chaos-dead,thesis,c518dc6a29d6bfb5d7d89439d9fad14b81b56649,2026-09-08T06:01:02.607701Z,2026-09-08T06:05:35.709409Z,2026-09-08T06:05:19.711356Z,177.0,247.772,100,1,read,1186.2,1068.6,19,26.2,37.7,48.2,79.7,,,
20260908T060102Z_p4-chaos-dead,cockroachdb,chaos-dead,thesis,c518dc6a29d6bfb5d7d89439d9fad14b81b56649,2026-09-08T06:01:02.607701Z,2026-09-08T06:05:35.709409Z,2026-09-08T06:05:19.711356Z,177.0,247.772,100,1,update,276.8,268.7,19,234.9,268.4,285.2,302.0,,,
20260908T060102Z_p4-chaos-dead,cockroachdb,chaos-dead,thesis,c518dc6a29d6bfb5d7d89439d9fad14b81b56649,2026-09-08T06:01:02.607701Z,2026-09-08T06:05:35.709409Z,2026-09-08T06:05:19.711356Z,178.0,248.766,100,1,read,1280.8,1069.7,19,26.2,32.5,37.7,201.3,,,
20260908T060102Z_p4-chaos-dead,cockroachdb,chaos-dead,thesis,c518dc6a29d6bfb5d7d89439d9fad14b81b56649,2026-09-08T06:01:02.607701Z,2026-09-08T06:05:35.709409Z,2026-09-08T06:05:19.711356Z,178.0,248.766,100,1,update,294.2,268.8,19,226.5,243.3,243.3,251.7,,,
20260908T060102Z_p4-chaos-dead,cockroachdb,chaos-dead,thesis,c518dc6a29d6bfb5d7d89439d9fad14b81b56649,2026-09-08T06:01:02.607701Z,2026-09-08T06:05:35.709409Z,2026-09-08T06:05:19.711356Z,179.0,249.767,100,1,read,1191.4,1070.4,19,26.2,33.6,39.8,44.0,,,
20260908T060102Z_p4-chaos-dead,cockroachdb,chaos-dead,thesis,c518dc6a29d6bfb5d7d89439d9fad14b81b56649,2026-09-08T06:01:02.607701Z,2026-09-08T06:05:35.709409Z,2026-09-08T06:05:19.711356Z,179.0,249.767,100,1,update,293.1,268.9,19,234.9,243.3,243.3,251.7,,,
20260908T060102Z_p4-chaos-dead,cockroachdb,chaos-dead,thesis,c518dc6a29d6bfb5d7d89439d9fad14b81b56649,2026-09-08T06:01:02.607701Z,2026-09-08T06:05:35.709409Z,2026-09-08T06:05:19.711356Z,180.0,250.766,100,1,read,1079.8,1070.5,19,26.2,32.5,37.7,44.0,,,
20260908T060102Z_p4-chaos-dead,cockroachdb,chaos-dead,thesis,c518dc6a29d6bfb5d7d89439d9fad14b81b56649,2026-09-08T06:01:02.607701Z,2026-09-08T06:05:35.709409Z,2026-09-08T06:05:19.711356Z,180.0,250.766,100,1,update,319.9,269.2,19,226.5,243.3,243.3,243.3,,,
