run_id,engine,category,profile_name,git_revision,started_utc,finished_utc,ts_utc,elapsed_s,wall_offset_s,concurrency,repetition,op,tps,tps_cum,errors_cum,p50_ms,p95_ms,p99_ms,pmax_ms,gateway_cpu_pct,gateway_disk_iops,gateway_rss_bytes
20260909T041214Z_p4-chaos-dead,postgresql,chaos-dead,smoke,a5e48a8bbbc24fbf77c80ceaad1c8ff2f10a917e,2026-09-09T04:12:14.699660Z,2026-09-09T04:14:31.055509Z,2026-09-09T04:13:33.626146Z,1.0,11.915,10,1,read,356.8,462.5,0,1.0,2.8,6.3,11.5,,,
20260909T041214Z_p4-chaos-dead,postgresql,chaos-dead,smoke,a5e48a8bbbc24fbf77c80ceaad1c8ff2f10a917e,2026-09-09T04:12:14.699660Z,2026-09-09T04:14:31.055509Z,2026-09-09T04:13:33.626146Z,1.0,11.915,10,1,update,67.0,86.9,0,75.5,352.3,352.3,352.3,,,
20260909T041214Z_p4-chaos-dead,postgresql,chaos-dead,smoke,a5e48a8bbbc24fbf77c80ceaad1c8ff2f10a917e,2026-09-09T04:12:14.699660Z,2026-09-09T04:14:31.055509Z,2026-09-09T04:13:33.626146Z,2.0,12.939,10,1,read,475.9,469.2,0,1.0,1.5,2.1,5.0,,,
20260909T041214Z_p4-chaos-dead,postgresql,chaos-dead,smoke,a5e48a8bbbc24fbf77c80ceaad1c8ff2f10a917e,2026-09-09T04:12:14.699660Z,2026-09-09T04:14:31.055509Z,2026-09-09T04:13:33.626146Z,2.0,12.939,10,1,update,127.0,106.9,0,75.5,79.7,79.7,79.7,,,
20260909T041214Z_p4-chaos-dead,postgresql,chaos-dead,smoke,a5e48a8bbbc24fbf77c80ceaad1c8ff2f10a917e,2026-09-09T04:12:14.699660Z,2026-09-09T04:14:31.055509Z,2026-09-09T04:13:33.626146Z,3.0,13.91,10,1,read,157.1,365.3,0,1.1,2.8,3.0,4.7,,,
20260909T041214Z_p4-chaos-dead,postgresql,chaos-dead,smoke,a5e48a8bbbc24fbf77c80ceaad1c8ff2f10a917e,2026-09-09T04:12:14.699660Z,2026-09-09T04:14:31.055509Z,2026-09-09T04:13:33.626146Z,3.0,13.91,10,1,update,40.0,84.6,0,226.5,385.9,385.9,385.9,,,
20260909T041214Z_p4-chaos-dead,postgresql,chaos-dead,smoke,a5e48a8bbbc24fbf77c80ceaad1c8ff2f10a917e,2026-09-09T04:12:14.699660Z,2026-09-09T04:14:31.055509Z,2026-09-09T04:13:33.626146Z,4.0,14.91,10,1,read,156.9,313.2,0,1.0,2.0,2.6,3.3,,,
20260909T041214Z_p4-chaos-dead,postgresql,chaos-dead,smoke,a5e48a8bbbc24fbf77c80ceaad1c8ff2f10a917e,2026-09-09T04:12:14.699660Z,2026-09-09T04:14:31.055509Z,2026-09-09T04:13:33.626146Z,4.0,14.91,10,1,update,50.0,76.0,0,226.5,226.5,226.5,226.5,,,
20260909T041214Z_p4-chaos-dead,postgresql,chaos-dead,smoke,a5e48a8bbbc24fbf77c80ceaad1c8ff2f10a917e,2026-09-09T04:12:14.699660Z,2026-09-09T04:14:31.055509Z,2026-09-09T04:13:33.626146Z,5.0,15.908,10,1,read,347.3,320.0,0,1.0,2.5,3.8,4.5,,,
20260909T041214Z_p4-chaos-dead,postgresql,chaos-dead,smoke,a5e48a8bbbc24fbf77c80ceaad1c8ff2f10a917e,2026-09-09T04:12:14.699660Z,2026-09-09T04:14:31.055509Z,2026-09-09T04:13:33.626146Z,5.0,15.908,10,1,update,80.1,76.8,0,75.5,226.5,226.5,226.5,,,
20260909T041214Z_p4-chaos-dead,postgresql,chaos-dead,smoke,a5e48a8bbbc24fbf77c80ceaad1c8ff2f10a917e,2026-09-09T04:12:14.699660Z,2026-09-09T04:14:31.055509Z,2026-09-09T04:13:33.626146Z,6.0,16.909,10,1,read,544.7,357.5,0,1.0,1.4,2.0,3.5,,,
20260909T041214Z_p4-chaos-dead,postgresql,chaos-dead,smoke,a5e48a8bbbc24fbf77c80ceaad1c8ff2f10a917e,2026-09-09T04:12:14.699660Z,2026-09-09T04:14:31.055509Z,2026-09-09T04:13:33.626146Z,6.0,16.909,10,1,update,129.9,85.7,0,75.5,75.5,79.7,79.7,,,
20260909T041214Z_p4-chaos-dead,postgresql,chaos-dead,smoke,a5e48a8bbbc24fbf77c80ceaad1c8ff2f10a917e,2026-09-09T04:12:14.699660Z,2026-09-09T04:14:31.055509Z,2026-09-09T04:13:33.626146Z,7.0,17.91,10,1,read,560.9,386.5,0,1.0,1.4,2.0,3.3,,,
20260909T041214Z_p4-chaos-dead,postgresql,chaos-dead,smoke,a5e48a8bbbc24fbf77c80ceaad1c8ff2f10a917e,2026-09-09T04:12:14.699660Z,2026-09-09T04:14:31.055509Z,2026-09-09T04:13:33.626146Z,7.0,17.91,10,1,update,128.0,91.7,0,75.5,75.5,79.7,79.7,,,
20260909T041214Z_p4-chaos-dead,postgresql,chaos-dead,smoke,a5e48a8bbbc24fbf77c80ceaad1c8ff2f10a917e,2026-09-09T04:12:14.699660Z,2026-09-09T04:14:31.055509Z,2026-09-09T04:13:33.626146Z,8.0,18.911,10,1,read,573.3,409.8,0,1.0,1.4,2.2,5.8,,,
20260909T041214Z_p4-chaos-dead,postgresql,chaos-dead,smoke,a5e48a8bbbc24fbf77c80ceaad1c8ff2f10a917e,2026-09-09T04:12:14.699660Z,2026-09-09T04:14:31.055509Z,2026-09-09T04:13:33.626146Z,8.0,18.911,10,1,update,128.1,96.2,0,75.5,75.5,79.7,83.9,,,
20260909T041214Z_p4-chaos-dead,postgresql,chaos-dead,smoke,a5e48a8bbbc24fbf77c80ceaad1c8ff2f10a917e,2026-09-09T04:12:14.699660Z,2026-09-09T04:14:31.055509Z,2026-09-09T04:13:33.626146Z,9.0,19.91,10,1,read,417.1,410.7,0,1.0,2.1,3.1,3.9,,,
20260909T041214Z_p4-chaos-dead,postgresql,chaos-dead,smoke,a5e48a8bbbc24fbf77c80ceaad1c8ff2f10a917e,2026-09-09T04:12:14.699660Z,2026-09-09T04:14:31.055509Z,2026-09-09T04:13:33.626146Z,9.0,19.91,10,1,update,104.0,97.1,0,75.5,285.2,302.0,318.8,,,
20260909T041214Z_p4-chaos-dead,postgresql,chaos-dead,smoke,a5e48a8bbbc24fbf77c80ceaad1c8ff2f10a917e,2026-09-09T04:12:14.699660Z,2026-09-09T04:14:31.055509Z,2026-09-09T04:13:33.626146Z,10.0,20.909,10,1,read,455.9,415.2,0,1.0,1.4,1.8,2.2,,,
20260909T041214Z_p4-chaos-dead,postgresql,chaos-dead,smoke,a5e48a8bbbc24fbf77c80ceaad1c8ff2f10a917e,2026-09-09T04:12:14.699660Z,2026-09-09T04:14:31.055509Z,2026-09-09T04:13:33.626146Z,10.0,20.909,10,1,update,130.0,100.4,0,75.5,75.5,75.5,79.7,,,
20260909T041214Z_p4-chaos-dead,postgresql,chaos-dead,smoke,a5e48a8bbbc24fbf77c80ceaad1c8ff2f10a917e,2026-09-09T04:12:14.699660Z,2026-09-09T04:14:31.055509Z,2026-09-09T04:13:33.626146Z,11.0,21.914,10,1,read,451.0,418.4,0,1.0,1.6,2.0,3.8,,,
20260909T041214Z_p4-chaos-dead,postgresql,chaos-dead,smoke,a5e48a8bbbc24fbf77c80ceaad1c8ff2f10a917e,2026-09-09T04:12:14.699660Z,2026-09-09T04:14:31.055509Z,2026-09-09T04:13:33.626146Z,11.0,21.914,10,1,update,131.0,103.2,0,75.5,75.5,79.7,79.7,,,
20260909T041214Z_p4-chaos-dead,postgresql,chaos-dead,smoke,a5e48a8bbbc24fbf77c80ceaad1c8ff2f10a917e,2026-09-09T04:12:14.699660Z,2026-09-09T04:14:31.055509Z,2026-09-09T04:13:33.626146Z,12.0,22.91,10,1,read,412.7,418.0,0,1.0,1.4,1.6,2.8,,,
20260909T041214Z_p4-chaos-dead,postgresql,chaos-dead,smoke,a5e48a8bbbc24fbf77c80ceaad1c8ff2f10a917e,2026-09-09T04:12:14.699660Z,2026-09-09T04:14:31.055509Z,2026-09-09T04:13:33.626146Z,12.0,22.91,10,1,update,129.9,105.4,0,75.5,75.5,75.5,75.5,,,
20260909T041214Z_p4-chaos-dead,postgresql,chaos-dead,smoke,a5e48a8bbbc24fbf77c80ceaad1c8ff2f10a917e,2026-09-09T04:12:14.699660Z,2026-09-09T04:14:31.055509Z,2026-09-09T04:13:33.626146Z,13.0,23.908,10,1,read,536.5,427.1,0,0.9,1.3,2.8,6.8,,,
20260909T041214Z_p4-chaos-dead,postgresql,chaos-dead,smoke,a5e48a8bbbc24fbf77c80ceaad1c8ff2f10a917e,2026-09-09T04:12:14.699660Z,2026-09-09T04:14:31.055509Z,2026-09-09T04:13:33.626146Z,13.0,23.908,10,1,update,129.1,107.2,0,75.5,75.5,79.7,83.9,,,
20260909T041214Z_p4-chaos-dead,postgresql,chaos-dead,smoke,a5e48a8bbbc24fbf77c80ceaad1c8ff2f10a917e,2026-09-09T04:12:14.699660Z,2026-09-09T04:14:31.055509Z,2026-09-09T04:13:33.626146Z,14.0,24.909,10,1,read,494.9,431.9,0,1.0,1.4,1.7,2.6,,,
20260909T041214Z_p4-chaos-dead,postgresql,chaos-dead,smoke,a5e48a8bbbc24fbf77c80ceaad1c8ff2f10a917e,2026-09-09T04:12:14.699660Z,2026-09-09T04:14:31.055509Z,2026-09-09T04:13:33.626146Z,14.0,24.909,10,1,update,128.0,108.7,0,75.5,75.5,75.5,79.7,,,
20260909T041214Z_p4-chaos-dead,postgresql,chaos-dead,smoke,a5e48a8bbbc24fbf77c80ceaad1c8ff2f10a917e,2026-09-09T04:12:14.699660Z,2026-09-09T04:14:31.055509Z,2026-09-09T04:13:33.626146Z,15.0,25.911,10,1,read,481.8,435.2,0,0.9,1.4,2.2,3.3,,,
20260909T041214Z_p4-chaos-dead,postgresql,chaos-dead,smoke,a5e48a8bbbc24fbf77c80ceaad1c8ff2f10a917e,2026-09-09T04:12:14.699660Z,2026-09-09T04:14:31.055509Z,2026-09-09T04:13:33.626146Z,15.0,25.911,10,1,update,116.0,109.2,0,75.5,75.5,75.5,75.5,,,
20260909T041214Z_p4-chaos-dead,postgresql,chaos-dead,smoke,a5e48a8bbbc24fbf77c80ceaad1c8ff2f10a917e,2026-09-09T04:12:14.699660Z,2026-09-09T04:14:31.055509Z,2026-09-09T04:13:33.626146Z,16.0,26.909,10,1,read,450.0,436.2,0,1.0,2.0,2.4,2.5,,,
20260909T041214Z_p4-chaos-dead,postgresql,chaos-dead,smoke,a5e48a8bbbc24fbf77c80ceaad1c8ff2f10a917e,2026-09-09T04:12:14.699660Z,2026-09-09T04:14:31.055509Z,2026-09-09T04:13:33.626146Z,16.0,26.909,10,1,update,110.0,109.2,0,75.5,335.5,352.3,369.1,,,
20260909T041214Z_p4-chaos-dead,postgresql,chaos-dead,smoke,a5e48a8bbbc24fbf77c80ceaad1c8ff2f10a917e,2026-09-09T04:12:14.699660Z,2026-09-09T04:14:31.055509Z,2026-09-09T04:13:33.626146Z,17.0,27.918,10,1,read,484.2,439.0,0,1.0,1.5,1.9,2.0,,,
20260909T041214Z_p4-chaos-dead,postgresql,chaos-dead,smoke,a5e48a8bbbc24fbf77c80ceaad1c8ff2f10a917e,2026-09-09T04:12:14.699660Z,2026-09-09T04:14:31.055509Z,2026-09-09T04:13:33.626146Z,17.0,27.918,10,1,update,130.0,110.5,0,75.5,75.5,79.7,79.7,,,
20260909T041214Z_p4-chaos-dead,postgresql,chaos-dead,smoke,a5e48a8bbbc24fbf77c80ceaad1c8ff2f10a917e,2026-09-09T04:12:14.699660Z,2026-09-09T04:14:31.055509Z,2026-09-09T04:13:33.626146Z,18.0,28.908,10,1,read,497.6,442.3,0,1.0,1.4,2.2,2.6,,,
20260909T041214Z_p4-chaos-dead,postgresql,chaos-dead,smoke,a5e48a8bbbc24fbf77c80ceaad1c8ff2f10a917e,2026-09-09T04:12:14.699660Z,2026-09-09T04:14:31.055509Z,2026-09-09T04:13:33.626146Z,18.0,28.908,10,1,update,129.9,111.5,0,75.5,75.5,79.7,79.7,,,
20260909T041214Z_p4-chaos-dead,postgresql,chaos-dead,smoke,a5e48a8bbbc24fbf77c80ceaad1c8ff2f10a917e,2026-09-09T04:12:14.699660Z,2026-09-09T04:14:31.055509Z,2026-09-09T04:13:33.626146Z,19.0,29.91,10,1,read,421.0,441.1,0,0.9,1.4,1.8,2.0,,,
20260909T041214Z_p4-chaos-dead,postgresql,chaos-dead,smoke,a5e48a8bbbc24fbf77c80ceaad1c8ff2f10a917e,2026-09-09T04:12:14.699660Z,2026-09-09T04:14:31.055509Z,2026-09-09T04:13:33.626146Z,19.0,29.91,10,1,update,130.0,112.5,0,75.5,75.5,79.7,79.7,,,
20260909T041214Z_p4-chaos-dead,postgresql,chaos-dead,smoke,a5e48a8bbbc24fbf77c80ceaad1c8ff2f10a917e,2026-09-09T04:12:14.699660Z,2026-09-09T04:14:31.055509Z,2026-09-09T04:13:33.626146Z,20.0,30.91,10,1,read,435.1,440.8,0,1.0,1.8,2.8,4.7,,,
20260909T041214Z_p4-chaos-dead,postgresql,chaos-dead,smoke,a5e48a8bbbc24fbf77c80ceaad1c8ff2f10a917e,2026-09-09T04:12:14.699660Z,2026-09-09T04:14:31.055509Z,2026-09-09T04:13:33.626146Z,20.0,30.91,10,1,update,127.0,113.2,0,75.5,79.7,79.7,79.7,,,
20260909T041214Z_p4-chaos-dead,postgresql,chaos-dead,smoke,a5e48a8bbbc24fbf77c80ceaad1c8ff2f10a917e,2026-09-09T04:12:14.699660Z,2026-09-09T04:14:31.055509Z,2026-09-09T04:13:33.626146Z,21.0,32.058,10,1,read,142.0,426.6,10,1.0,2.8,4.1,4.2,,,
20260909T041214Z_p4-chaos-dead,postgresql,chaos-dead,smoke,a5e48a8bbbc24fbf77c80ceaad1c8ff2f10a917e,2026-09-09T04:12:14.699660Z,2026-09-09T04:14:31.055509Z,2026-09-09T04:13:33.626146Z,21.0,32.058,10,1,update,41.0,109.8,10,75.5,79.7,83.9,83.9,,,
20260909T041214Z_p4-chaos-dead,postgresql,chaos-dead,smoke,a5e48a8bbbc24fbf77c80ceaad1c8ff2f10a917e,2026-09-09T04:12:14.699660Z,2026-09-09T04:14:31.055509Z,2026-09-09T04:13:33.626146Z,22.0,32.981,10,1,read,0.0,407.2,10,0.0,0.0,0.0,0.0,,,
20260909T041214Z_p4-chaos-dead,postgresql,chaos-dead,smoke,a5e48a8bbbc24fbf77c80ceaad1c8ff2f10a917e,2026-09-09T04:12:14.699660Z,2026-09-09T04:14:31.055509Z,2026-09-09T04:13:33.626146Z,22.0,32.981,10,1,update,0.0,104.8,10,0.0,0.0,0.0,0.0,,,
20260909T041214Z_p4-chaos-dead,postgresql,chaos-dead,smoke,a5e48a8bbbc24fbf77c80ceaad1c8ff2f10a917e,2026-09-09T04:12:14.699660Z,2026-09-09T04:14:31.055509Z,2026-09-09T04:13:33.626146Z,23.0,33.909,10,1,read,0.0,389.5,10,0.0,0.0,0.0,0.0,,,
20260909T041214Z_p4-chaos-dead,postgresql,chaos-dead,smoke,a5e48a8bbbc24fbf77c80ceaad1c8ff2f10a917e,2026-09-09T04:12:14.699660Z,2026-09-09T04:14:31.055509Z,2026-09-09T04:13:33.626146Z,23.0,33.909,10,1,update,0.0,100.3,10,0.0,0.0,0.0,0.0,,,
20260909T041214Z_p4-chaos-dead,postgresql,chaos-dead,smoke,a5e48a8bbbc24fbf77c80ceaad1c8ff2f10a917e,2026-09-09T04:12:14.699660Z,2026-09-09T04:14:31.055509Z,2026-09-09T04:13:33.626146Z,24.0,34.913,10,1,read,0.0,373.3,10,0.0,0.0,0.0,0.0,,,
20260909T041214Z_p4-chaos-dead,postgresql,chaos-dead,smoke,a5e48a8bbbc24fbf77c80ceaad1c8ff2f10a917e,2026-09-09T04:12:14.699660Z,2026-09-09T04:14:31.055509Z,2026-09-09T04:13:33.626146Z,24.0,34.913,10,1,update,0.0,96.1,10,0.0,0.0,0.0,0.0,,,
20260909T041214Z_p4-chaos-dead,postgresql,chaos-dead,smoke,a5e48a8bbbc24fbf77c80ceaad1c8ff2f10a917e,2026-09-09T04:12:14.699660Z,2026-09-09T04:14:31.055509Z,2026-09-09T04:13:33.626146Z,25.0,35.909,10,1,read,0.0,358.3,10,0.0,0.0,0.0,0.0,,,
20260909T041214Z_p4-chaos-dead,postgresql,chaos-dead,smoke,a5e48a8bbbc24fbf77c80ceaad1c8ff2f10a917e,2026-09-09T04:12:14.699660Z,2026-09-09T04:14:31.055509Z,2026-09-09T04:13:33.626146Z,25.0,35.909,10,1,update,0.0,92.2,10,0.0,0.0,0.0,0.0,,,
20260909T041214Z_p4-chaos-dead,postgresql,chaos-dead,smoke,a5e48a8bbbc24fbf77c80ceaad1c8ff2f10a917e,2026-09-09T04:12:14.699660Z,2026-09-09T04:14:31.055509Z,2026-09-09T04:13:33.626146Z,26.0,36.909,10,1,read,0.0,344.6,10,0.0,0.0,0.0,0.0,,,
20260909T041214Z_p4-chaos-dead,postgresql,chaos-dead,smoke,a5e48a8bbbc24fbf77c80ceaad1c8ff2f10a917e,2026-09-09T04:12:14.699660Z,2026-09-09T04:14:31.055509Z,2026-09-09T04:13:33.626146Z,26.0,36.909,10,1,update,0.0,88.7,10,0.0,0.0,0.0,0.0,,,
20260909T041214Z_p4-chaos-dead,postgresql,chaos-dead,smoke,a5e48a8bbbc24fbf77c80ceaad1c8ff2f10a917e,2026-09-09T04:12:14.699660Z,2026-09-09T04:14:31.055509Z,2026-09-09T04:13:33.626146Z,27.0,37.91,10,1,read,0.0,331.8,10,0.0,0.0,0.0,0.0,,,
20260909T041214Z_p4-chaos-dead,postgresql,chaos-dead,smoke,a5e48a8bbbc24fbf77c80ceaad1c8ff2f10a917e,2026-09-09T04:12:14.699660Z,2026-09-09T04:14:31.055509Z,2026-09-09T04:13:33.626146Z,27.0,37.91,10,1,update,0.0,85.4,10,0.0,0.0,0.0,0.0,,,
20260909T041214Z_p4-chaos-dead,postgresql,chaos-dead,smoke,a5e48a8bbbc24fbf77c80ceaad1c8ff2f10a917e,2026-09-09T04:12:14.699660Z,2026-09-09T04:14:31.055509Z,2026-09-09T04:13:33.626146Z,28.0,38.909,10,1,read,0.0,320.0,10,0.0,0.0,0.0,0.0,,,
20260909T041214Z_p4-chaos-dead,postgresql,chaos-dead,smoke,a5e48a8bbbc24fbf77c80ceaad1c8ff2f10a917e,2026-09-09T04:12:14.699660Z,2026-09-09T04:14:31.055509Z,2026-09-09T04:13:33.626146Z,28.0,38.909,10,1,update,0.0,82.4,10,0.0,0.0,0.0,0.0,,,
20260909T041214Z_p4-chaos-dead,postgresql,chaos-dead,smoke,a5e48a8bbbc24fbf77c80ceaad1c8ff2f10a917e,2026-09-09T04:12:14.699660Z,2026-09-09T04:14:31.055509Z,2026-09-09T04:13:33.626146Z,29.0,39.908,10,1,read,0.0,308.9,10,0.0,0.0,0.0,0.0,,,
20260909T041214Z_p4-chaos-dead,postgresql,chaos-dead,smoke,a5e48a8bbbc24fbf77c80ceaad1c8ff2f10a917e,2026-09-09T04:12:14.699660Z,2026-09-09T04:14:31.055509Z,2026-09-09T04:13:33.626146Z,29.0,39.908,10,1,update,0.0,79.5,10,0.0,0.0,0.0,0.0,,,
20260909T041214Z_p4-chaos-dead,postgresql,chaos-dead,smoke,a5e48a8bbbc24fbf77c80ceaad1c8ff2f10a917e,2026-09-09T04:12:14.699660Z,2026-09-09T04:14:31.055509Z,2026-09-09T04:13:33.626146Z,30.0,40.909,10,1,read,0.0,298.6,10,0.0,0.0,0.0,0.0,,,
20260909T041214Z_p4-chaos-dead,postgresql,chaos-dead,smoke,a5e48a8bbbc24fbf77c80ceaad1c8ff2f10a917e,2026-09-09T04:12:14.699660Z,2026-09-09T04:14:31.055509Z,2026-09-09T04:13:33.626146Z,30.0,40.909,10,1,update,0.0,76.9,10,0.0,0.0,0.0,0.0,,,
20260909T041214Z_p4-chaos-dead,postgresql,chaos-dead,smoke,a5e48a8bbbc24fbf77c80ceaad1c8ff2f10a917e,2026-09-09T04:12:14.699660Z,2026-09-09T04:14:31.055509Z,2026-09-09T04:13:33.626146Z,31.0,41.911,10,1,read,0.0,289.0,10,0.0,0.0,0.0,0.0,,,
20260909T041214Z_p4-chaos-dead,postgresql,chaos-dead,smoke,a5e48a8bbbc24fbf77c80ceaad1c8ff2f10a917e,2026-09-09T04:12:14.699660Z,2026-09-09T04:14:31.055509Z,2026-09-09T04:13:33.626146Z,31.0,41.911,10,1,update,0.0,74.4,10,0.0,0.0,0.0,0.0,,,
20260909T041214Z_p4-chaos-dead,postgresql,chaos-dead,smoke,a5e48a8bbbc24fbf77c80ceaad1c8ff2f10a917e,2026-09-09T04:12:14.699660Z,2026-09-09T04:14:31.055509Z,2026-09-09T04:13:33.626146Z,32.0,42.911,10,1,read,0.0,280.0,10,0.0,0.0,0.0,0.0,,,
20260909T041214Z_p4-chaos-dead,postgresql,chaos-dead,smoke,a5e48a8bbbc24fbf77c80ceaad1c8ff2f10a917e,2026-09-09T04:12:14.699660Z,2026-09-09T04:14:31.055509Z,2026-09-09T04:13:33.626146Z,32.0,42.911,10,1,update,0.0,72.1,10,0.0,0.0,0.0,0.0,,,
20260909T041214Z_p4-chaos-dead,postgresql,chaos-dead,smoke,a5e48a8bbbc24fbf77c80ceaad1c8ff2f10a917e,2026-09-09T04:12:14.699660Z,2026-09-09T04:14:31.055509Z,2026-09-09T04:13:33.626146Z,33.0,43.909,10,1,read,0.0,271.5,10,0.0,0.0,0.0,0.0,,,
20260909T041214Z_p4-chaos-dead,postgresql,chaos-dead,smoke,a5e48a8bbbc24fbf77c80ceaad1c8ff2f10a917e,2026-09-09T04:12:14.699660Z,2026-09-09T04:14:31.055509Z,2026-09-09T04:13:33.626146Z,33.0,43.909,10,1,update,0.0,69.9,10,0.0,0.0,0.0,0.0,,,
20260909T041214Z_p4-chaos-dead,postgresql,chaos-dead,smoke,a5e48a8bbbc24fbf77c80ceaad1c8ff2f10a917e,2026-09-09T04:12:14.699660Z,2026-09-09T04:14:31.055509Z,2026-09-09T04:13:33.626146Z,34.0,44.914,10,1,read,0.0,263.5,10,0.0,0.0,0.0,0.0,,,
20260909T041214Z_p4-chaos-dead,postgresql,chaos-dead,smoke,a5e48a8bbbc24fbf77c80ceaad1c8ff2f10a917e,2026-09-09T04:12:14.699660Z,2026-09-09T04:14:31.055509Z,2026-09-09T04:13:33.626146Z,34.0,44.914,10,1,update,0.0,67.8,10,0.0,0.0,0.0,0.0,,,
20260909T041214Z_p4-chaos-dead,postgresql,chaos-dead,smoke,a5e48a8bbbc24fbf77c80ceaad1c8ff2f10a917e,2026-09-09T04:12:14.699660Z,2026-09-09T04:14:31.055509Z,2026-09-09T04:13:33.626146Z,35.0,45.91,10,1,read,0.0,256.0,10,0.0,0.0,0.0,0.0,,,
20260909T041214Z_p4-chaos-dead,postgresql,chaos-dead,smoke,a5e48a8bbbc24fbf77c80ceaad1c8ff2f10a917e,2026-09-09T04:12:14.699660Z,2026-09-09T04:14:31.055509Z,2026-09-09T04:13:33.626146Z,35.0,45.91,10,1,update,0.0,65.9,10,0.0,0.0,0.0,0.0,,,
20260909T041214Z_p4-chaos-dead,postgresql,chaos-dead,smoke,a5e48a8bbbc24fbf77c80ceaad1c8ff2f10a917e,2026-09-09T04:12:14.699660Z,2026-09-09T04:14:31.055509Z,2026-09-09T04:13:33.626146Z,36.0,46.908,10,1,read,0.0,248.9,10,0.0,0.0,0.0,0.0,,,
20260909T041214Z_p4-chaos-dead,postgresql,chaos-dead,smoke,a5e48a8bbbc24fbf77c80ceaad1c8ff2f10a917e,2026-09-09T04:12:14.699660Z,2026-09-09T04:14:31.055509Z,2026-09-09T04:13:33.626146Z,36.0,46.908,10,1,update,0.0,64.1,10,0.0,0.0,0.0,0.0,,,
20260909T041214Z_p4-chaos-dead,postgresql,chaos-dead,smoke,a5e48a8bbbc24fbf77c80ceaad1c8ff2f10a917e,2026-09-09T04:12:14.699660Z,2026-09-09T04:14:31.055509Z,2026-09-09T04:13:33.626146Z,37.0,47.909,10,1,read,0.0,242.1,10,0.0,0.0,0.0,0.0,,,
20260909T041214Z_p4-chaos-dead,postgresql,chaos-dead,smoke,a5e48a8bbbc24fbf77c80ceaad1c8ff2f10a917e,2026-09-09T04:12:14.699660Z,2026-09-09T04:14:31.055509Z,2026-09-09T04:13:33.626146Z,37.0,47.909,10,1,update,0.0,62.3,10,0.0,0.0,0.0,0.0,,,
20260909T041214Z_p4-chaos-dead,postgresql,chaos-dead,smoke,a5e48a8bbbc24fbf77c80ceaad1c8ff2f10a917e,2026-09-09T04:12:14.699660Z,2026-09-09T04:14:31.055509Z,2026-09-09T04:13:33.626146Z,38.0,48.91,10,1,read,0.0,235.8,10,0.0,0.0,0.0,0.0,,,
20260909T041214Z_p4-chaos-dead,postgresql,chaos-dead,smoke,a5e48a8bbbc24fbf77c80ceaad1c8ff2f10a917e,2026-09-09T04:12:14.699660Z,2026-09-09T04:14:31.055509Z,2026-09-09T04:13:33.626146Z,38.0,48.91,10,1,update,0.0,60.7,10,0.0,0.0,0.0,0.0,,,
20260909T041214Z_p4-chaos-dead,postgresql,chaos-dead,smoke,a5e48a8bbbc24fbf77c80ceaad1c8ff2f10a917e,2026-09-09T04:12:14.699660Z,2026-09-09T04:14:31.055509Z,2026-09-09T04:13:33.626146Z,39.0,49.91,10,1,read,0.0,229.7,10,0.0,0.0,0.0,0.0,,,
20260909T041214Z_p4-chaos-dead,postgresql,chaos-dead,smoke,a5e48a8bbbc24fbf77c80ceaad1c8ff2f10a917e,2026-09-09T04:12:14.699660Z,2026-09-09T04:14:31.055509Z,2026-09-09T04:13:33.626146Z,39.0,49.91,10,1,update,0.0,59.1,10,0.0,0.0,0.0,0.0,,,
20260909T041214Z_p4-chaos-dead,postgresql,chaos-dead,smoke,a5e48a8bbbc24fbf77c80ceaad1c8ff2f10a917e,2026-09-09T04:12:14.699660Z,2026-09-09T04:14:31.055509Z,2026-09-09T04:13:33.626146Z,40.0,50.91,10,1,read,0.0,224.0,10,0.0,0.0,0.0,0.0,,,
20260909T041214Z_p4-chaos-dead,postgresql,chaos-dead,smoke,a5e48a8bbbc24fbf77c80ceaad1c8ff2f10a917e,2026-09-09T04:12:14.699660Z,2026-09-09T04:14:31.055509Z,2026-09-09T04:13:33.626146Z,40.0,50.91,10,1,update,0.0,57.6,10,0.0,0.0,0.0,0.0,,,
20260909T041214Z_p4-chaos-dead,postgresql,chaos-dead,smoke,a5e48a8bbbc24fbf77c80ceaad1c8ff2f10a917e,2026-09-09T04:12:14.699660Z,2026-09-09T04:14:31.055509Z,2026-09-09T04:13:33.626146Z,41.0,51.91,10,1,read,0.0,218.5,10,0.0,0.0,0.0,0.0,,,
20260909T041214Z_p4-chaos-dead,postgresql,chaos-dead,smoke,a5e48a8bbbc24fbf77c80ceaad1c8ff2f10a917e,2026-09-09T04:12:14.699660Z,2026-09-09T04:14:31.055509Z,2026-09-09T04:13:33.626146Z,41.0,51.91,10,1,update,0.0,56.2,10,0.0,0.0,0.0,0.0,,,
20260909T041214Z_p4-chaos-dead,postgresql,chaos-dead,smoke,a5e48a8bbbc24fbf77c80ceaad1c8ff2f10a917e,2026-09-09T04:12:14.699660Z,2026-09-09T04:14:31.055509Z,2026-09-09T04:13:33.626146Z,42.0,52.909,10,1,read,0.0,213.3,10,0.0,0.0,0.0,0.0,,,
20260909T041214Z_p4-chaos-dead,postgresql,chaos-dead,smoke,a5e48a8bbbc24fbf77c80ceaad1c8ff2f10a917e,2026-09-09T04:12:14.699660Z,2026-09-09T04:14:31.055509Z,2026-09-09T04:13:33.626146Z,42.0,52.909,10,1,update,0.0,54.9,10,0.0,0.0,0.0,0.0,,,
20260909T041214Z_p4-chaos-dead,postgresql,chaos-dead,smoke,a5e48a8bbbc24fbf77c80ceaad1c8ff2f10a917e,2026-09-09T04:12:14.699660Z,2026-09-09T04:14:31.055509Z,2026-09-09T04:13:33.626146Z,43.0,53.974,10,1,read,0.0,208.3,10,0.0,0.0,0.0,0.0,,,
20260909T041214Z_p4-chaos-dead,postgresql,chaos-dead,smoke,a5e48a8bbbc24fbf77c80ceaad1c8ff2f10a917e,2026-09-09T04:12:14.699660Z,2026-09-09T04:14:31.055509Z,2026-09-09T04:13:33.626146Z,43.0,53.974,10,1,update,0.0,53.6,10,0.0,0.0,0.0,0.0,,,
20260909T041214Z_p4-chaos-dead,postgresql,chaos-dead,smoke,a5e48a8bbbc24fbf77c80ceaad1c8ff2f10a917e,2026-09-09T04:12:14.699660Z,2026-09-09T04:14:31.055509Z,2026-09-09T04:13:33.626146Z,44.0,54.911,10,1,read,0.0,203.6,10,0.0,0.0,0.0,0.0,,,
20260909T041214Z_p4-chaos-dead,postgresql,chaos-dead,smoke,a5e48a8bbbc24fbf77c80ceaad1c8ff2f10a917e,2026-09-09T04:12:14.699660Z,2026-09-09T04:14:31.055509Z,2026-09-09T04:13:33.626146Z,44.0,54.911,10,1,update,0.0,52.4,10,0.0,0.0,0.0,0.0,,,
20260909T041214Z_p4-chaos-dead,postgresql,chaos-dead,smoke,a5e48a8bbbc24fbf77c80ceaad1c8ff2f10a917e,2026-09-09T04:12:14.699660Z,2026-09-09T04:14:31.055509Z,2026-09-09T04:13:33.626146Z,45.0,55.91,10,1,read,0.0,199.1,10,0.0,0.0,0.0,0.0,,,
20260909T041214Z_p4-chaos-dead,postgresql,chaos-dead,smoke,a5e48a8bbbc24fbf77c80ceaad1c8ff2f10a917e,2026-09-09T04:12:14.699660Z,2026-09-09T04:14:31.055509Z,2026-09-09T04:13:33.626146Z,45.0,55.91,10,1,update,0.0,51.2,10,0.0,0.0,0.0,0.0,,,
20260909T041214Z_p4-chaos-dead,postgresql,chaos-dead,smoke,a5e48a8bbbc24fbf77c80ceaad1c8ff2f10a917e,2026-09-09T04:12:14.699660Z,2026-09-09T04:14:31.055509Z,2026-09-09T04:13:33.626146Z,46.0,56.909,10,1,read,0.0,194.8,10,0.0,0.0,0.0,0.0,,,
20260909T041214Z_p4-chaos-dead,postgresql,chaos-dead,smoke,a5e48a8bbbc24fbf77c80ceaad1c8ff2f10a917e,2026-09-09T04:12:14.699660Z,2026-09-09T04:14:31.055509Z,2026-09-09T04:13:33.626146Z,46.0,56.909,10,1,update,0.0,50.1,10,0.0,0.0,0.0,0.0,,,
20260909T041214Z_p4-chaos-dead,postgresql,chaos-dead,smoke,a5e48a8bbbc24fbf77c80ceaad1c8ff2f10a917e,2026-09-09T04:12:14.699660Z,2026-09-09T04:14:31.055509Z,2026-09-09T04:13:33.626146Z,47.0,57.91,10,1,read,0.0,190.6,10,0.0,0.0,0.0,0.0,,,
20260909T041214Z_p4-chaos-dead,postgresql,chaos-dead,smoke,a5e48a8bbbc24fbf77c80ceaad1c8ff2f10a917e,2026-09-09T04:12:14.699660Z,2026-09-09T04:14:31.055509Z,2026-09-09T04:13:33.626146Z,47.0,57.91,10,1,update,0.0,49.1,10,0.0,0.0,0.0,0.0,,,
20260909T041214Z_p4-chaos-dead,postgresql,chaos-dead,smoke,a5e48a8bbbc24fbf77c80ceaad1c8ff2f10a917e,2026-09-09T04:12:14.699660Z,2026-09-09T04:14:31.055509Z,2026-09-09T04:13:33.626146Z,48.0,58.911,10,1,read,0.0,186.6,10,0.0,0.0,0.0,0.0,,,
20260909T041214Z_p4-chaos-dead,postgresql,chaos-dead,smoke,a5e48a8bbbc24fbf77c80ceaad1c8ff2f10a917e,2026-09-09T04:12:14.699660Z,2026-09-09T04:14:31.055509Z,2026-09-09T04:13:33.626146Z,48.0,58.911,10,1,update,0.0,48.0,10,0.0,0.0,0.0,0.0,,,
20260909T041214Z_p4-chaos-dead,postgresql,chaos-dead,smoke,a5e48a8bbbc24fbf77c80ceaad1c8ff2f10a917e,2026-09-09T04:12:14.699660Z,2026-09-09T04:14:31.055509Z,2026-09-09T04:13:33.626146Z,49.0,59.907,10,1,read,0.0,182.8,10,0.0,0.0,0.0,0.0,,,
20260909T041214Z_p4-chaos-dead,postgresql,chaos-dead,smoke,a5e48a8bbbc24fbf77c80ceaad1c8ff2f10a917e,2026-09-09T04:12:14.699660Z,2026-09-09T04:14:31.055509Z,2026-09-09T04:13:33.626146Z,49.0,59.907,10,1,update,0.0,47.1,10,0.0,0.0,0.0,0.0,,,
20260909T041214Z_p4-chaos-dead,postgresql,chaos-dead,smoke,a5e48a8bbbc24fbf77c80ceaad1c8ff2f10a917e,2026-09-09T04:12:14.699660Z,2026-09-09T04:14:31.055509Z,2026-09-09T04:13:33.626146Z,50.0,60.908,10,1,read,0.0,179.2,10,0.0,0.0,0.0,0.0,,,
20260909T041214Z_p4-chaos-dead,postgresql,chaos-dead,smoke,a5e48a8bbbc24fbf77c80ceaad1c8ff2f10a917e,2026-09-09T04:12:14.699660Z,2026-09-09T04:14:31.055509Z,2026-09-09T04:13:33.626146Z,50.0,60.908,10,1,update,0.0,46.1,10,0.0,0.0,0.0,0.0,,,
20260909T041214Z_p4-chaos-dead,postgresql,chaos-dead,smoke,a5e48a8bbbc24fbf77c80ceaad1c8ff2f10a917e,2026-09-09T04:12:14.699660Z,2026-09-09T04:14:31.055509Z,2026-09-09T04:13:33.626146Z,51.0,61.909,10,1,read,0.0,175.7,10,0.0,0.0,0.0,0.0,,,
20260909T041214Z_p4-chaos-dead,postgresql,chaos-dead,smoke,a5e48a8bbbc24fbf77c80ceaad1c8ff2f10a917e,2026-09-09T04:12:14.699660Z,2026-09-09T04:14:31.055509Z,2026-09-09T04:13:33.626146Z,51.0,61.909,10,1,update,0.0,45.2,10,0.0,0.0,0.0,0.0,,,
20260909T041214Z_p4-chaos-dead,postgresql,chaos-dead,smoke,a5e48a8bbbc24fbf77c80ceaad1c8ff2f10a917e,2026-09-09T04:12:14.699660Z,2026-09-09T04:14:31.055509Z,2026-09-09T04:13:33.626146Z,52.0,62.915,10,1,read,0.0,172.3,10,0.0,0.0,0.0,0.0,,,
20260909T041214Z_p4-chaos-dead,postgresql,chaos-dead,smoke,a5e48a8bbbc24fbf77c80ceaad1c8ff2f10a917e,2026-09-09T04:12:14.699660Z,2026-09-09T04:14:31.055509Z,2026-09-09T04:13:33.626146Z,52.0,62.915,10,1,update,0.0,44.3,10,0.0,0.0,0.0,0.0,,,
20260909T041214Z_p4-chaos-dead,postgresql,chaos-dead,smoke,a5e48a8bbbc24fbf77c80ceaad1c8ff2f10a917e,2026-09-09T04:12:14.699660Z,2026-09-09T04:14:31.055509Z,2026-09-09T04:13:33.626146Z,53.0,63.918,10,1,read,12.0,169.3,10,71.3,75.5,79.7,79.7,,,
20260909T041214Z_p4-chaos-dead,postgresql,chaos-dead,smoke,a5e48a8bbbc24fbf77c80ceaad1c8ff2f10a917e,2026-09-09T04:12:14.699660Z,2026-09-09T04:14:31.055509Z,2026-09-09T04:13:33.626146Z,53.0,63.918,10,1,update,1.0,43.5,10,226.5,226.5,226.5,226.5,,,
20260909T041214Z_p4-chaos-dead,postgresql,chaos-dead,smoke,a5e48a8bbbc24fbf77c80ceaad1c8ff2f10a917e,2026-09-09T04:12:14.699660Z,2026-09-09T04:14:31.055509Z,2026-09-09T04:13:33.626146Z,54.0,64.918,10,1,read,45.0,167.0,10,71.3,71.3,75.5,75.5,,,
20260909T041214Z_p4-chaos-dead,postgresql,chaos-dead,smoke,a5e48a8bbbc24fbf77c80ceaad1c8ff2f10a917e,2026-09-09T04:12:14.699660Z,2026-09-09T04:14:31.055509Z,2026-09-09T04:13:33.626146Z,54.0,64.918,10,1,update,10.0,42.9,10,226.5,226.5,226.5,226.5,,,
20260909T041214Z_p4-chaos-dead,postgresql,chaos-dead,smoke,a5e48a8bbbc24fbf77c80ceaad1c8ff2f10a917e,2026-09-09T04:12:14.699660Z,2026-09-09T04:14:31.055509Z,2026-09-09T04:13:33.626146Z,55.0,65.952,10,1,read,23.0,164.3,10,71.3,738.2,738.2,738.2,,,
20260909T041214Z_p4-chaos-dead,postgresql,chaos-dead,smoke,a5e48a8bbbc24fbf77c80ceaad1c8ff2f10a917e,2026-09-09T04:12:14.699660Z,2026-09-09T04:14:31.055509Z,2026-09-09T04:13:33.626146Z,55.0,65.952,10,1,update,7.0,42.3,10,226.5,906.0,906.0,906.0,,,
20260909T041214Z_p4-chaos-dead,postgresql,chaos-dead,smoke,a5e48a8bbbc24fbf77c80ceaad1c8ff2f10a917e,2026-09-09T04:12:14.699660Z,2026-09-09T04:14:31.055509Z,2026-09-09T04:13:33.626146Z,56.0,66.914,10,1,read,87.0,163.0,10,71.3,71.3,71.3,75.5,,,
20260909T041214Z_p4-chaos-dead,postgresql,chaos-dead,smoke,a5e48a8bbbc24fbf77c80ceaad1c8ff2f10a917e,2026-09-09T04:12:14.699660Z,2026-09-09T04:14:31.055509Z,2026-09-09T04:13:33.626146Z,56.0,66.914,10,1,update,17.0,41.8,10,226.5,872.4,906.0,906.0,,,
20260909T041214Z_p4-chaos-dead,postgresql,chaos-dead,smoke,a5e48a8bbbc24fbf77c80ceaad1c8ff2f10a917e,2026-09-09T04:12:14.699660Z,2026-09-09T04:14:31.055509Z,2026-09-09T04:13:33.626146Z,57.0,67.915,10,1,read,79.0,161.5,10,71.3,71.3,83.9,83.9,,,
20260909T041214Z_p4-chaos-dead,postgresql,chaos-dead,smoke,a5e48a8bbbc24fbf77c80ceaad1c8ff2f10a917e,2026-09-09T04:12:14.699660Z,2026-09-09T04:14:31.055509Z,2026-09-09T04:13:33.626146Z,57.0,67.915,10,1,update,18.0,41.4,10,226.5,226.5,234.9,234.9,,,
20260909T041214Z_p4-chaos-dead,postgresql,chaos-dead,smoke,a5e48a8bbbc24fbf77c80ceaad1c8ff2f10a917e,2026-09-09T04:12:14.699660Z,2026-09-09T04:14:31.055509Z,2026-09-09T04:13:33.626146Z,58.0,68.914,10,1,read,62.0,159.8,10,71.3,71.3,71.3,71.3,,,
20260909T041214Z_p4-chaos-dead,postgresql,chaos-dead,smoke,a5e48a8bbbc24fbf77c80ceaad1c8ff2f10a917e,2026-09-09T04:12:14.699660Z,2026-09-09T04:14:31.055509Z,2026-09-09T04:13:33.626146Z,58.0,68.914,10,1,update,27.0,41.1,10,226.5,226.5,226.5,226.5,,,
20260909T041214Z_p4-chaos-dead,postgresql,chaos-dead,smoke,a5e48a8bbbc24fbf77c80ceaad1c8ff2f10a917e,2026-09-09T04:12:14.699660Z,2026-09-09T04:14:31.055509Z,2026-09-09T04:13:33.626146Z,59.0,69.91,10,1,read,81.0,158.4,10,71.3,71.3,71.3,71.3,,,
20260909T041214Z_p4-chaos-dead,postgresql,chaos-dead,smoke,a5e48a8bbbc24fbf77c80ceaad1c8ff2f10a917e,2026-09-09T04:12:14.699660Z,2026-09-09T04:14:31.055509Z,2026-09-09T04:13:33.626146Z,59.0,69.91,10,1,update,19.0,40.8,10,226.5,226.5,234.9,234.9,,,
20260909T041214Z_p4-chaos-dead,postgresql,chaos-dead,smoke,a5e48a8bbbc24fbf77c80ceaad1c8ff2f10a917e,2026-09-09T04:12:14.699660Z,2026-09-09T04:14:31.055509Z,2026-09-09T04:13:33.626146Z,60.0,70.911,10,1,read,25.0,156.2,10,71.3,71.3,71.3,71.3,,,
20260909T041214Z_p4-chaos-dead,postgresql,chaos-dead,smoke,a5e48a8bbbc24fbf77c80ceaad1c8ff2f10a917e,2026-09-09T04:12:14.699660Z,2026-09-09T04:14:31.055509Z,2026-09-09T04:13:33.626146Z,60.0,70.911,10,1,update,5.0,40.2,10,226.5,226.5,226.5,226.5,,,
20260909T152255Z_p4-chaos-dead,postgresql,chaos-dead,smoke,a5e48a8bbbc24fbf77c80ceaad1c8ff2f10a917e,2026-09-09T15:22:55.796693Z,2026-09-09T15:24:42.411406Z,2026-09-09T15:24:11.901535Z,1.0,10.428,10,1,read,303.6,463.9,0,1.8,2.9,6.3,8.9,,,
20260909T152255Z_p4-chaos-dead,postgresql,chaos-dead,smoke,a5e48a8bbbc24fbf77c80ceaad1c8ff2f10a917e,2026-09-09T15:22:55.796693Z,2026-09-09T15:24:42.411406Z,2026-09-09T15:24:11.901535Z,1.0,10.428,10,1,update,56.3,86.0,0,75.5,335.5,352.3,352.3,,,
20260909T152255Z_p4-chaos-dead,postgresql,chaos-dead,smoke,a5e48a8bbbc24fbf77c80ceaad1c8ff2f10a917e,2026-09-09T15:22:55.796693Z,2026-09-09T15:24:42.411406Z,2026-09-09T15:24:11.901535Z,2.0,11.409,10,1,read,351.7,407.8,0,1.8,2.5,3.3,4.5,,,
20260909T152255Z_p4-chaos-dead,postgresql,chaos-dead,smoke,a5e48a8bbbc24fbf77c80ceaad1c8ff2f10a917e,2026-09-09T15:22:55.796693Z,2026-09-09T15:24:42.411406Z,2026-09-09T15:24:11.901535Z,2.0,11.409,10,1,update,101.9,94.0,0,75.5,109.1,151.0,159.4,,,
20260909T152255Z_p4-chaos-dead,postgresql,chaos-dead,smoke,a5e48a8bbbc24fbf77c80ceaad1c8ff2f10a917e,2026-09-09T15:22:55.796693Z,2026-09-09T15:24:42.411406Z,2026-09-09T15:24:11.901535Z,3.0,12.407,10,1,read,461.2,425.6,0,1.8,2.5,3.1,3.8,,,
20260909T152255Z_p4-chaos-dead,postgresql,chaos-dead,smoke,a5e48a8bbbc24fbf77c80ceaad1c8ff2f10a917e,2026-09-09T15:22:55.796693Z,2026-09-09T15:24:42.411406Z,2026-09-09T15:24:11.901535Z,3.0,12.407,10,1,update,121.1,103.0,0,75.5,209.7,251.7,251.7,,,
20260909T152255Z_p4-chaos-dead,postgresql,chaos-dead,smoke,a5e48a8bbbc24fbf77c80ceaad1c8ff2f10a917e,2026-09-09T15:22:55.796693Z,2026-09-09T15:24:42.411406Z,2026-09-09T15:24:11.901535Z,4.0,13.414,10,1,read,542.9,454.9,0,1.8,2.2,3.1,5.2,,,
20260909T152255Z_p4-chaos-dead,postgresql,chaos-dead,smoke,a5e48a8bbbc24fbf77c80ceaad1c8ff2f10a917e,2026-09-09T15:22:55.796693Z,2026-09-09T15:24:42.411406Z,2026-09-09T15:24:11.901535Z,4.0,13.414,10,1,update,121.0,107.5,0,75.5,79.7,83.9,83.9,,,
20260909T152255Z_p4-chaos-dead,postgresql,chaos-dead,smoke,a5e48a8bbbc24fbf77c80ceaad1c8ff2f10a917e,2026-09-09T15:22:55.796693Z,2026-09-09T15:24:42.411406Z,2026-09-09T15:24:11.901535Z,5.0,14.409,10,1,read,501.3,464.2,0,1.8,2.2,2.6,3.7,,,
20260909T152255Z_p4-chaos-dead,postgresql,chaos-dead,smoke,a5e48a8bbbc24fbf77c80ceaad1c8ff2f10a917e,2026-09-09T15:22:55.796693Z,2026-09-09T15:24:42.411406Z,2026-09-09T15:24:11.901535Z,5.0,14.409,10,1,update,124.1,110.8,0,75.5,79.7,79.7,79.7,,,
20260909T152255Z_p4-chaos-dead,postgresql,chaos-dead,smoke,a5e48a8bbbc24fbf77c80ceaad1c8ff2f10a917e,2026-09-09T15:22:55.796693Z,2026-09-09T15:24:42.411406Z,2026-09-09T15:24:11.901535Z,6.0,15.41,10,1,read,562.7,480.6,0,1.8,2.4,2.8,3.1,,,
20260909T152255Z_p4-chaos-dead,postgresql,chaos-dead,smoke,a5e48a8bbbc24fbf77c80ceaad1c8ff2f10a917e,2026-09-09T15:22:55.796693Z,2026-09-09T15:24:42.411406Z,2026-09-09T15:24:11.901535Z,6.0,15.41,10,1,update,121.9,112.7,0,75.5,75.5,79.7,79.7,,,
20260909T152255Z_p4-chaos-dead,postgresql,chaos-dead,smoke,a5e48a8bbbc24fbf77c80ceaad1c8ff2f10a917e,2026-09-09T15:22:55.796693Z,2026-09-09T15:24:42.411406Z,2026-09-09T15:24:11.901535Z,7.0,16.405,10,1,read,360.0,463.4,0,1.8,2.4,2.6,3.4,,,
20260909T152255Z_p4-chaos-dead,postgresql,chaos-dead,smoke,a5e48a8bbbc24fbf77c80ceaad1c8ff2f10a917e,2026-09-09T15:22:55.796693Z,2026-09-09T15:24:42.411406Z,2026-09-09T15:24:11.901535Z,7.0,16.405,10,1,update,89.0,109.3,0,75.5,302.0,335.5,335.5,,,
20260909T152255Z_p4-chaos-dead,postgresql,chaos-dead,smoke,a5e48a8bbbc24fbf77c80ceaad1c8ff2f10a917e,2026-09-09T15:22:55.796693Z,2026-09-09T15:24:42.411406Z,2026-09-09T15:24:11.901535Z,8.0,17.407,10,1,read,503.8,468.4,0,1.8,2.2,3.0,6.3,,,
20260909T152255Z_p4-chaos-dead,postgresql,chaos-dead,smoke,a5e48a8bbbc24fbf77c80ceaad1c8ff2f10a917e,2026-09-09T15:22:55.796693Z,2026-09-09T15:24:42.411406Z,2026-09-09T15:24:11.901535Z,8.0,17.407,10,1,update,123.0,111.0,0,75.5,121.6,130.0,130.0,,,
20260909T152255Z_p4-chaos-dead,postgresql,chaos-dead,smoke,a5e48a8bbbc24fbf77c80ceaad1c8ff2f10a917e,2026-09-09T15:22:55.796693Z,2026-09-09T15:24:42.411406Z,2026-09-09T15:24:11.901535Z,9.0,18.407,10,1,read,438.3,465.1,0,1.8,2.2,3.4,4.7,,,
20260909T152255Z_p4-chaos-dead,postgresql,chaos-dead,smoke,a5e48a8bbbc24fbf77c80ceaad1c8ff2f10a917e,2026-09-09T15:22:55.796693Z,2026-09-09T15:24:42.411406Z,2026-09-09T15:24:11.901535Z,9.0,18.407,10,1,update,125.1,112.6,0,75.5,75.5,79.7,79.7,,,
20260909T152255Z_p4-chaos-dead,postgresql,chaos-dead,smoke,a5e48a8bbbc24fbf77c80ceaad1c8ff2f10a917e,2026-09-09T15:22:55.796693Z,2026-09-09T15:24:42.411406Z,2026-09-09T15:24:11.901535Z,10.0,19.408,10,1,read,417.1,460.3,0,1.8,2.0,2.5,3.0,,,
20260909T152255Z_p4-chaos-dead,postgresql,chaos-dead,smoke,a5e48a8bbbc24fbf77c80ceaad1c8ff2f10a917e,2026-09-09T15:22:55.796693Z,2026-09-09T15:24:42.411406Z,2026-09-09T15:24:11.901535Z,10.0,19.408,10,1,update,128.0,114.1,0,75.5,75.5,75.5,75.5,,,
20260909T152255Z_p4-chaos-dead,postgresql,chaos-dead,smoke,a5e48a8bbbc24fbf77c80ceaad1c8ff2f10a917e,2026-09-09T15:22:55.796693Z,2026-09-09T15:24:42.411406Z,2026-09-09T15:24:11.901535Z,11.0,20.407,10,1,read,419.9,456.6,0,1.8,2.1,2.5,3.0,,,
20260909T152255Z_p4-chaos-dead,postgresql,chaos-dead,smoke,a5e48a8bbbc24fbf77c80ceaad1c8ff2f10a917e,2026-09-09T15:22:55.796693Z,2026-09-09T15:24:42.411406Z,2026-09-09T15:24:11.901535Z,11.0,20.407,10,1,update,122.0,114.8,0,75.5,75.5,75.5,75.5,,,
20260909T152255Z_p4-chaos-dead,postgresql,chaos-dead,smoke,a5e48a8bbbc24fbf77c80ceaad1c8ff2f10a917e,2026-09-09T15:22:55.796693Z,2026-09-09T15:24:42.411406Z,2026-09-09T15:24:11.901535Z,12.0,21.407,10,1,read,514.1,461.4,0,1.8,2.0,2.4,2.8,,,
20260909T152255Z_p4-chaos-dead,postgresql,chaos-dead,smoke,a5e48a8bbbc24fbf77c80ceaad1c8ff2f10a917e,2026-09-09T15:22:55.796693Z,2026-09-09T15:24:42.411406Z,2026-09-09T15:24:11.901535Z,12.0,21.407,10,1,update,128.0,115.9,0,75.5,75.5,75.5,75.5,,,
20260909T152255Z_p4-chaos-dead,postgresql,chaos-dead,smoke,a5e48a8bbbc24fbf77c80ceaad1c8ff2f10a917e,2026-09-09T15:22:55.796693Z,2026-09-09T15:24:42.411406Z,2026-09-09T15:24:11.901535Z,13.0,22.408,10,1,read,450.6,460.6,0,1.8,2.2,2.6,3.7,,,
20260909T152255Z_p4-chaos-dead,postgresql,chaos-dead,smoke,a5e48a8bbbc24fbf77c80ceaad1c8ff2f10a917e,2026-09-09T15:22:55.796693Z,2026-09-09T15:24:42.411406Z,2026-09-09T15:24:11.901535Z,13.0,22.408,10,1,update,113.9,115.8,0,79.7,88.1,92.3,92.3,,,
20260909T152255Z_p4-chaos-dead,postgresql,chaos-dead,smoke,a5e48a8bbbc24fbf77c80ceaad1c8ff2f10a917e,2026-09-09T15:22:55.796693Z,2026-09-09T15:24:42.411406Z,2026-09-09T15:24:11.901535Z,14.0,23.407,10,1,read,414.3,457.3,0,1.8,2.4,2.8,3.0,,,
20260909T152255Z_p4-chaos-dead,postgresql,chaos-dead,smoke,a5e48a8bbbc24fbf77c80ceaad1c8ff2f10a917e,2026-09-09T15:22:55.796693Z,2026-09-09T15:24:42.411406Z,2026-09-09T15:24:11.901535Z,14.0,23.407,10,1,update,107.1,115.1,0,79.7,184.5,234.9,234.9,,,
20260909T152255Z_p4-chaos-dead,postgresql,chaos-dead,smoke,a5e48a8bbbc24fbf77c80ceaad1c8ff2f10a917e,2026-09-09T15:22:55.796693Z,2026-09-09T15:24:42.411406Z,2026-09-09T15:24:11.901535Z,15.0,24.407,10,1,read,530.9,462.2,0,1.8,2.0,2.5,2.6,,,
20260909T152255Z_p4-chaos-dead,postgresql,chaos-dead,smoke,a5e48a8bbbc24fbf77c80ceaad1c8ff2f10a917e,2026-09-09T15:22:55.796693Z,2026-09-09T15:24:42.411406Z,2026-09-09T15:24:11.901535Z,15.0,24.407,10,1,update,124.0,115.7,0,75.5,75.5,79.7,79.7,,,
20260909T152255Z_p4-chaos-dead,postgresql,chaos-dead,smoke,a5e48a8bbbc24fbf77c80ceaad1c8ff2f10a917e,2026-09-09T15:22:55.796693Z,2026-09-09T15:24:42.411406Z,2026-09-09T15:24:11.901535Z,16.0,25.408,10,1,read,458.0,461.9,0,1.8,2.0,2.4,2.8,,,
20260909T152255Z_p4-chaos-dead,postgresql,chaos-dead,smoke,a5e48a8bbbc24fbf77c80ceaad1c8ff2f10a917e,2026-09-09T15:22:55.796693Z,2026-09-09T15:24:42.411406Z,2026-09-09T15:24:11.901535Z,16.0,25.408,10,1,update,123.0,116.2,0,75.5,75.5,75.5,83.9,,,
20260909T152255Z_p4-chaos-dead,postgresql,chaos-dead,smoke,a5e48a8bbbc24fbf77c80ceaad1c8ff2f10a917e,2026-09-09T15:22:55.796693Z,2026-09-09T15:24:42.411406Z,2026-09-09T15:24:11.901535Z,17.0,26.415,10,1,read,482.0,463.1,0,1.8,2.2,2.5,2.9,,,
20260909T152255Z_p4-chaos-dead,postgresql,chaos-dead,smoke,a5e48a8bbbc24fbf77c80ceaad1c8ff2f10a917e,2026-09-09T15:22:55.796693Z,2026-09-09T15:24:42.411406Z,2026-09-09T15:24:11.901535Z,17.0,26.415,10,1,update,126.0,116.8,0,75.5,75.5,75.5,75.5,,,
20260909T152255Z_p4-chaos-dead,postgresql,chaos-dead,smoke,a5e48a8bbbc24fbf77c80ceaad1c8ff2f10a917e,2026-09-09T15:22:55.796693Z,2026-09-09T15:24:42.411406Z,2026-09-09T15:24:11.901535Z,18.0,27.413,10,1,read,424.8,461.0,0,1.8,2.2,2.6,3.8,,,
20260909T152255Z_p4-chaos-dead,postgresql,chaos-dead,smoke,a5e48a8bbbc24fbf77c80ceaad1c8ff2f10a917e,2026-09-09T15:22:55.796693Z,2026-09-09T15:24:42.411406Z,2026-09-09T15:24:11.901535Z,18.0,27.413,10,1,update,126.9,117.3,0,75.5,75.5,75.5,79.7,,,
20260909T152255Z_p4-chaos-dead,postgresql,chaos-dead,smoke,a5e48a8bbbc24fbf77c80ceaad1c8ff2f10a917e,2026-09-09T15:22:55.796693Z,2026-09-09T15:24:42.411406Z,2026-09-09T15:24:11.901535Z,19.0,28.422,10,1,read,424.3,459.0,0,1.8,2.1,2.9,3.5,,,
20260909T152255Z_p4-chaos-dead,postgresql,chaos-dead,smoke,a5e48a8bbbc24fbf77c80ceaad1c8ff2f10a917e,2026-09-09T15:22:55.796693Z,2026-09-09T15:24:42.411406Z,2026-09-09T15:24:11.901535Z,19.0,28.422,10,1,update,125.1,117.7,0,75.5,75.5,75.5,79.7,,,
20260909T152255Z_p4-chaos-dead,postgresql,chaos-dead,smoke,a5e48a8bbbc24fbf77c80ceaad1c8ff2f10a917e,2026-09-09T15:22:55.796693Z,2026-09-09T15:24:42.411406Z,2026-09-09T15:24:11.901535Z,20.0,29.409,10,1,read,407.8,456.5,0,1.8,2.5,4.7,5.8,,,
20260909T152255Z_p4-chaos-dead,postgresql,chaos-dead,smoke,a5e48a8bbbc24fbf77c80ceaad1c8ff2f10a917e,2026-09-09T15:22:55.796693Z,2026-09-09T15:24:42.411406Z,2026-09-09T15:24:11.901535Z,20.0,29.409,10,1,update,117.9,117.7,0,75.5,75.5,79.7,79.7,,,
20260909T152255Z_p4-chaos-dead,postgresql,chaos-dead,smoke,a5e48a8bbbc24fbf77c80ceaad1c8ff2f10a917e,2026-09-09T15:22:55.796693Z,2026-09-09T15:24:42.411406Z,2026-09-09T15:24:11.901535Z,21.0,30.405,10,1,read,0.0,434.8,4686,0.0,0.0,0.0,0.0,,,
20260909T152255Z_p4-chaos-dead,postgresql,chaos-dead,smoke,a5e48a8bbbc24fbf77c80ceaad1c8ff2f10a917e,2026-09-09T15:22:55.796693Z,2026-09-09T15:24:42.411406Z,2026-09-09T15:24:11.901535Z,21.0,30.405,10,1,update,0.0,112.1,4686,0.0,0.0,0.0,0.0,,,
20260909T152255Z_p4-chaos-dead,postgresql,chaos-dead,smoke,a5e48a8bbbc24fbf77c80ceaad1c8ff2f10a917e,2026-09-09T15:22:55.796693Z,2026-09-09T15:24:42.411406Z,2026-09-09T15:24:11.901535Z,22.0,31.404,10,1,read,0.0,415.0,9623,0.0,0.0,0.0,0.0,,,
20260909T152255Z_p4-chaos-dead,postgresql,chaos-dead,smoke,a5e48a8bbbc24fbf77c80ceaad1c8ff2f10a917e,2026-09-09T15:22:55.796693Z,2026-09-09T15:24:42.411406Z,2026-09-09T15:24:11.901535Z,22.0,31.404,10,1,update,0.0,107.0,9623,0.0,0.0,0.0,0.0,,,
20260909T152255Z_p4-chaos-dead,postgresql,chaos-dead,smoke,a5e48a8bbbc24fbf77c80ceaad1c8ff2f10a917e,2026-09-09T15:22:55.796693Z,2026-09-09T15:24:42.411406Z,2026-09-09T15:24:11.901535Z,23.0,32.432,10,1,read,0.0,397.0,14495,0.0,0.0,0.0,0.0,,,
20260909T152255Z_p4-chaos-dead,postgresql,chaos-dead,smoke,a5e48a8bbbc24fbf77c80ceaad1c8ff2f10a917e,2026-09-09T15:22:55.796693Z,2026-09-09T15:24:42.411406Z,2026-09-09T15:24:11.901535Z,23.0,32.432,10,1,update,0.0,102.4,14495,0.0,0.0,0.0,0.0,,,
20260909T152255Z_p4-chaos-dead,postgresql,chaos-dead,smoke,a5e48a8bbbc24fbf77c80ceaad1c8ff2f10a917e,2026-09-09T15:22:55.796693Z,2026-09-09T15:24:42.411406Z,2026-09-09T15:24:11.901535Z,24.0,33.408,10,1,read,0.0,380.4,19415,0.0,0.0,0.0,0.0,,,
20260909T152255Z_p4-chaos-dead,postgresql,chaos-dead,smoke,a5e48a8bbbc24fbf77c80ceaad1c8ff2f10a917e,2026-09-09T15:22:55.796693Z,2026-09-09T15:24:42.411406Z,2026-09-09T15:24:11.901535Z,24.0,33.408,10,1,update,0.0,98.1,19415,0.0,0.0,0.0,0.0,,,
20260909T152255Z_p4-chaos-dead,postgresql,chaos-dead,smoke,a5e48a8bbbc24fbf77c80ceaad1c8ff2f10a917e,2026-09-09T15:22:55.796693Z,2026-09-09T15:24:42.411406Z,2026-09-09T15:24:11.901535Z,25.0,34.402,10,1,read,0.0,365.2,24316,0.0,0.0,0.0,0.0,,,
20260909T152255Z_p4-chaos-dead,postgresql,chaos-dead,smoke,a5e48a8bbbc24fbf77c80ceaad1c8ff2f10a917e,2026-09-09T15:22:55.796693Z,2026-09-09T15:24:42.411406Z,2026-09-09T15:24:11.901535Z,25.0,34.402,10,1,update,0.0,94.2,24316,0.0,0.0,0.0,0.0,,,
20260909T152255Z_p4-chaos-dead,postgresql,chaos-dead,smoke,a5e48a8bbbc24fbf77c80ceaad1c8ff2f10a917e,2026-09-09T15:22:55.796693Z,2026-09-09T15:24:42.411406Z,2026-09-09T15:24:11.901535Z,26.0,35.41,10,1,read,0.0,351.2,29193,0.0,0.0,0.0,0.0,,,
20260909T152255Z_p4-chaos-dead,postgresql,chaos-dead,smoke,a5e48a8bbbc24fbf77c80ceaad1c8ff2f10a917e,2026-09-09T15:22:55.796693Z,2026-09-09T15:24:42.411406Z,2026-09-09T15:24:11.901535Z,26.0,35.41,10,1,update,0.0,90.6,29193,0.0,0.0,0.0,0.0,,,
20260909T152255Z_p4-chaos-dead,postgresql,chaos-dead,smoke,a5e48a8bbbc24fbf77c80ceaad1c8ff2f10a917e,2026-09-09T15:22:55.796693Z,2026-09-09T15:24:42.411406Z,2026-09-09T15:24:11.901535Z,27.0,36.427,10,1,read,0.0,338.1,34136,0.0,0.0,0.0,0.0,,,
20260909T152255Z_p4-chaos-dead,postgresql,chaos-dead,smoke,a5e48a8bbbc24fbf77c80ceaad1c8ff2f10a917e,2026-09-09T15:22:55.796693Z,2026-09-09T15:24:42.411406Z,2026-09-09T15:24:11.901535Z,27.0,36.427,10,1,update,0.0,87.2,34136,0.0,0.0,0.0,0.0,,,
20260909T152255Z_p4-chaos-dead,postgresql,chaos-dead,smoke,a5e48a8bbbc24fbf77c80ceaad1c8ff2f10a917e,2026-09-09T15:22:55.796693Z,2026-09-09T15:24:42.411406Z,2026-09-09T15:24:11.901535Z,28.0,37.41,10,1,read,0.0,326.1,39039,0.0,0.0,0.0,0.0,,,
20260909T152255Z_p4-chaos-dead,postgresql,chaos-dead,smoke,a5e48a8bbbc24fbf77c80ceaad1c8ff2f10a917e,2026-09-09T15:22:55.796693Z,2026-09-09T15:24:42.411406Z,2026-09-09T15:24:11.901535Z,28.0,37.41,10,1,update,0.0,84.1,39039,0.0,0.0,0.0,0.0,,,
20260909T152255Z_p4-chaos-dead,postgresql,chaos-dead,smoke,a5e48a8bbbc24fbf77c80ceaad1c8ff2f10a917e,2026-09-09T15:22:55.796693Z,2026-09-09T15:24:42.411406Z,2026-09-09T15:24:11.901535Z,29.0,38.407,10,1,read,0.0,314.8,43985,0.0,0.0,0.0,0.0,,,
20260909T152255Z_p4-chaos-dead,postgresql,chaos-dead,smoke,a5e48a8bbbc24fbf77c80ceaad1c8ff2f10a917e,2026-09-09T15:22:55.796693Z,2026-09-09T15:24:42.411406Z,2026-09-09T15:24:11.901535Z,29.0,38.407,10,1,update,0.0,81.2,43985,0.0,0.0,0.0,0.0,,,
20260909T152255Z_p4-chaos-dead,postgresql,chaos-dead,smoke,a5e48a8bbbc24fbf77c80ceaad1c8ff2f10a917e,2026-09-09T15:22:55.796693Z,2026-09-09T15:24:42.411406Z,2026-09-09T15:24:11.901535Z,30.0,39.404,10,1,read,0.0,304.3,48884,0.0,0.0,0.0,0.0,,,
20260909T152255Z_p4-chaos-dead,postgresql,chaos-dead,smoke,a5e48a8bbbc24fbf77c80ceaad1c8ff2f10a917e,2026-09-09T15:22:55.796693Z,2026-09-09T15:24:42.411406Z,2026-09-09T15:24:11.901535Z,30.0,39.404,10,1,update,0.0,78.5,48884,0.0,0.0,0.0,0.0,,,
20260909T152255Z_p4-chaos-dead,postgresql,chaos-dead,smoke,a5e48a8bbbc24fbf77c80ceaad1c8ff2f10a917e,2026-09-09T15:22:55.796693Z,2026-09-09T15:24:42.411406Z,2026-09-09T15:24:11.901535Z,31.0,40.428,10,1,read,0.0,294.5,53680,0.0,0.0,0.0,0.0,,,
20260909T152255Z_p4-chaos-dead,postgresql,chaos-dead,smoke,a5e48a8bbbc24fbf77c80ceaad1c8ff2f10a917e,2026-09-09T15:22:55.796693Z,2026-09-09T15:24:42.411406Z,2026-09-09T15:24:11.901535Z,31.0,40.428,10,1,update,0.0,76.0,53680,0.0,0.0,0.0,0.0,,,
20260909T152255Z_p4-chaos-dead,postgresql,chaos-dead,smoke,a5e48a8bbbc24fbf77c80ceaad1c8ff2f10a917e,2026-09-09T15:22:55.796693Z,2026-09-09T15:24:42.411406Z,2026-09-09T15:24:11.901535Z,32.0,41.408,10,1,read,0.0,285.3,58546,0.0,0.0,0.0,0.0,,,
20260909T152255Z_p4-chaos-dead,postgresql,chaos-dead,smoke,a5e48a8bbbc24fbf77c80ceaad1c8ff2f10a917e,2026-09-09T15:22:55.796693Z,2026-09-09T15:24:42.411406Z,2026-09-09T15:24:11.901535Z,32.0,41.408,10,1,update,0.0,73.6,58546,0.0,0.0,0.0,0.0,,,
20260909T152255Z_p4-chaos-dead,postgresql,chaos-dead,smoke,a5e48a8bbbc24fbf77c80ceaad1c8ff2f10a917e,2026-09-09T15:22:55.796693Z,2026-09-09T15:24:42.411406Z,2026-09-09T15:24:11.901535Z,33.0,42.455,10,1,read,0.0,276.7,63500,0.0,0.0,0.0,0.0,,,
20260909T152255Z_p4-chaos-dead,postgresql,chaos-dead,smoke,a5e48a8bbbc24fbf77c80ceaad1c8ff2f10a917e,2026-09-09T15:22:55.796693Z,2026-09-09T15:24:42.411406Z,2026-09-09T15:24:11.901535Z,33.0,42.455,10,1,update,0.0,71.4,63500,0.0,0.0,0.0,0.0,,,
20260909T152255Z_p4-chaos-dead,postgresql,chaos-dead,smoke,a5e48a8bbbc24fbf77c80ceaad1c8ff2f10a917e,2026-09-09T15:22:55.796693Z,2026-09-09T15:24:42.411406Z,2026-09-09T15:24:11.901535Z,34.0,43.403,10,1,read,0.0,268.5,68327,0.0,0.0,0.0,0.0,,,
20260909T152255Z_p4-chaos-dead,postgresql,chaos-dead,smoke,a5e48a8bbbc24fbf77c80ceaad1c8ff2f10a917e,2026-09-09T15:22:55.796693Z,2026-09-09T15:24:42.411406Z,2026-09-09T15:24:11.901535Z,34.0,43.403,10,1,update,0.0,69.3,68327,0.0,0.0,0.0,0.0,,,
20260909T152255Z_p4-chaos-dead,postgresql,chaos-dead,smoke,a5e48a8bbbc24fbf77c80ceaad1c8ff2f10a917e,2026-09-09T15:22:55.796693Z,2026-09-09T15:24:42.411406Z,2026-09-09T15:24:11.901535Z,35.0,44.412,10,1,read,0.0,260.9,73141,0.0,0.0,0.0,0.0,,,
20260909T152255Z_p4-chaos-dead,postgresql,chaos-dead,smoke,a5e48a8bbbc24fbf77c80ceaad1c8ff2f10a917e,2026-09-09T15:22:55.796693Z,2026-09-09T15:24:42.411406Z,2026-09-09T15:24:11.901535Z,35.0,44.412,10,1,update,0.0,67.3,73141,0.0,0.0,0.0,0.0,,,
20260909T152255Z_p4-chaos-dead,postgresql,chaos-dead,smoke,a5e48a8bbbc24fbf77c80ceaad1c8ff2f10a917e,2026-09-09T15:22:55.796693Z,2026-09-09T15:24:42.411406Z,2026-09-09T15:24:11.901535Z,36.0,45.407,10,1,read,0.0,253.6,78006,0.0,0.0,0.0,0.0,,,
20260909T152255Z_p4-chaos-dead,postgresql,chaos-dead,smoke,a5e48a8bbbc24fbf77c80ceaad1c8ff2f10a917e,2026-09-09T15:22:55.796693Z,2026-09-09T15:24:42.411406Z,2026-09-09T15:24:11.901535Z,36.0,45.407,10,1,update,0.0,65.4,78006,0.0,0.0,0.0,0.0,,,
20260909T152255Z_p4-chaos-dead,postgresql,chaos-dead,smoke,a5e48a8bbbc24fbf77c80ceaad1c8ff2f10a917e,2026-09-09T15:22:55.796693Z,2026-09-09T15:24:42.411406Z,2026-09-09T15:24:11.901535Z,37.0,46.403,10,1,read,0.0,246.8,82816,0.0,0.0,0.0,0.0,,,
20260909T152255Z_p4-chaos-dead,postgresql,chaos-dead,smoke,a5e48a8bbbc24fbf77c80ceaad1c8ff2f10a917e,2026-09-09T15:22:55.796693Z,2026-09-09T15:24:42.411406Z,2026-09-09T15:24:11.901535Z,37.0,46.403,10,1,update,0.0,63.6,82816,0.0,0.0,0.0,0.0,,,
20260909T152255Z_p4-chaos-dead,postgresql,chaos-dead,smoke,a5e48a8bbbc24fbf77c80ceaad1c8ff2f10a917e,2026-09-09T15:22:55.796693Z,2026-09-09T15:24:42.411406Z,2026-09-09T15:24:11.901535Z,38.0,47.416,10,1,read,0.0,240.3,87659,0.0,0.0,0.0,0.0,,,
20260909T152255Z_p4-chaos-dead,postgresql,chaos-dead,smoke,a5e48a8bbbc24fbf77c80ceaad1c8ff2f10a917e,2026-09-09T15:22:55.796693Z,2026-09-09T15:24:42.411406Z,2026-09-09T15:24:11.901535Z,38.0,47.416,10,1,update,0.0,62.0,87659,0.0,0.0,0.0,0.0,,,
20260909T152255Z_p4-chaos-dead,postgresql,chaos-dead,smoke,a5e48a8bbbc24fbf77c80ceaad1c8ff2f10a917e,2026-09-09T15:22:55.796693Z,2026-09-09T15:24:42.411406Z,2026-09-09T15:24:11.901535Z,39.0,48.586,10,1,read,0.0,234.1,92544,0.0,0.0,0.0,0.0,,,
20260909T152255Z_p4-chaos-dead,postgresql,chaos-dead,smoke,a5e48a8bbbc24fbf77c80ceaad1c8ff2f10a917e,2026-09-09T15:22:55.796693Z,2026-09-09T15:24:42.411406Z,2026-09-09T15:24:11.901535Z,39.0,48.586,10,1,update,0.0,60.4,92544,0.0,0.0,0.0,0.0,,,
20260909T152255Z_p4-chaos-dead,postgresql,chaos-dead,smoke,a5e48a8bbbc24fbf77c80ceaad1c8ff2f10a917e,2026-09-09T15:22:55.796693Z,2026-09-09T15:24:42.411406Z,2026-09-09T15:24:11.901535Z,40.0,49.409,10,1,read,0.0,228.2,97354,0.0,0.0,0.0,0.0,,,
20260909T152255Z_p4-chaos-dead,postgresql,chaos-dead,smoke,a5e48a8bbbc24fbf77c80ceaad1c8ff2f10a917e,2026-09-09T15:22:55.796693Z,2026-09-09T15:24:42.411406Z,2026-09-09T15:24:11.901535Z,40.0,49.409,10,1,update,0.0,58.9,97354,0.0,0.0,0.0,0.0,,,
20260909T152255Z_p4-chaos-dead,postgresql,chaos-dead,smoke,a5e48a8bbbc24fbf77c80ceaad1c8ff2f10a917e,2026-09-09T15:22:55.796693Z,2026-09-09T15:24:42.411406Z,2026-09-09T15:24:11.901535Z,41.0,50.41,10,1,read,0.0,222.7,102185,0.0,0.0,0.0,0.0,,,
20260909T152255Z_p4-chaos-dead,postgresql,chaos-dead,smoke,a5e48a8bbbc24fbf77c80ceaad1c8ff2f10a917e,2026-09-09T15:22:55.796693Z,2026-09-09T15:24:42.411406Z,2026-09-09T15:24:11.901535Z,41.0,50.41,10,1,update,0.0,57.4,102185,0.0,0.0,0.0,0.0,,,
20260909T152255Z_p4-chaos-dead,postgresql,chaos-dead,smoke,a5e48a8bbbc24fbf77c80ceaad1c8ff2f10a917e,2026-09-09T15:22:55.796693Z,2026-09-09T15:24:42.411406Z,2026-09-09T15:24:11.901535Z,42.0,51.555,10,1,read,0.0,217.4,107027,0.0,0.0,0.0,0.0,,,
20260909T152255Z_p4-chaos-dead,postgresql,chaos-dead,smoke,a5e48a8bbbc24fbf77c80ceaad1c8ff2f10a917e,2026-09-09T15:22:55.796693Z,2026-09-09T15:24:42.411406Z,2026-09-09T15:24:11.901535Z,42.0,51.555,10,1,update,0.0,56.1,107027,0.0,0.0,0.0,0.0,,,
20260909T152255Z_p4-chaos-dead,postgresql,chaos-dead,smoke,a5e48a8bbbc24fbf77c80ceaad1c8ff2f10a917e,2026-09-09T15:22:55.796693Z,2026-09-09T15:24:42.411406Z,2026-09-09T15:24:11.901535Z,43.0,52.412,10,1,read,0.0,212.3,111863,0.0,0.0,0.0,0.0,,,
20260909T152255Z_p4-chaos-dead,postgresql,chaos-dead,smoke,a5e48a8bbbc24fbf77c80ceaad1c8ff2f10a917e,2026-09-09T15:22:55.796693Z,2026-09-09T15:24:42.411406Z,2026-09-09T15:24:11.901535Z,43.0,52.412,10,1,update,0.0,54.8,111863,0.0,0.0,0.0,0.0,,,
20260909T152255Z_p4-chaos-dead,postgresql,chaos-dead,smoke,a5e48a8bbbc24fbf77c80ceaad1c8ff2f10a917e,2026-09-09T15:22:55.796693Z,2026-09-09T15:24:42.411406Z,2026-09-09T15:24:11.901535Z,44.0,53.405,10,1,read,0.0,207.5,116759,0.0,0.0,0.0,0.0,,,
20260909T152255Z_p4-chaos-dead,postgresql,chaos-dead,smoke,a5e48a8bbbc24fbf77c80ceaad1c8ff2f10a917e,2026-09-09T15:22:55.796693Z,2026-09-09T15:24:42.411406Z,2026-09-09T15:24:11.901535Z,44.0,53.405,10,1,update,0.0,53.5,116759,0.0,0.0,0.0,0.0,,,
20260909T152255Z_p4-chaos-dead,postgresql,chaos-dead,smoke,a5e48a8bbbc24fbf77c80ceaad1c8ff2f10a917e,2026-09-09T15:22:55.796693Z,2026-09-09T15:24:42.411406Z,2026-09-09T15:24:11.901535Z,45.0,54.404,10,1,read,0.0,202.9,121564,0.0,0.0,0.0,0.0,,,
20260909T152255Z_p4-chaos-dead,postgresql,chaos-dead,smoke,a5e48a8bbbc24fbf77c80ceaad1c8ff2f10a917e,2026-09-09T15:22:55.796693Z,2026-09-09T15:24:42.411406Z,2026-09-09T15:24:11.901535Z,45.0,54.404,10,1,update,0.0,52.3,121564,0.0,0.0,0.0,0.0,,,
20260909T152255Z_p4-chaos-dead,postgresql,chaos-dead,smoke,a5e48a8bbbc24fbf77c80ceaad1c8ff2f10a917e,2026-09-09T15:22:55.796693Z,2026-09-09T15:24:42.411406Z,2026-09-09T15:24:11.901535Z,46.0,55.407,10,1,read,0.0,198.5,126467,0.0,0.0,0.0,0.0,,,
20260909T152255Z_p4-chaos-dead,postgresql,chaos-dead,smoke,a5e48a8bbbc24fbf77c80ceaad1c8ff2f10a917e,2026-09-09T15:22:55.796693Z,2026-09-09T15:24:42.411406Z,2026-09-09T15:24:11.901535Z,46.0,55.407,10,1,update,0.0,51.2,126467,0.0,0.0,0.0,0.0,,,
20260909T152255Z_p4-chaos-dead,postgresql,chaos-dead,smoke,a5e48a8bbbc24fbf77c80ceaad1c8ff2f10a917e,2026-09-09T15:22:55.796693Z,2026-09-09T15:24:42.411406Z,2026-09-09T15:24:11.901535Z,47.0,56.404,10,1,read,0.0,194.3,131340,0.0,0.0,0.0,0.0,,,
20260909T152255Z_p4-chaos-dead,postgresql,chaos-dead,smoke,a5e48a8bbbc24fbf77c80ceaad1c8ff2f10a917e,2026-09-09T15:22:55.796693Z,2026-09-09T15:24:42.411406Z,2026-09-09T15:24:11.901535Z,47.0,56.404,10,1,update,0.0,50.1,131340,0.0,0.0,0.0,0.0,,,
20260909T152255Z_p4-chaos-dead,postgresql,chaos-dead,smoke,a5e48a8bbbc24fbf77c80ceaad1c8ff2f10a917e,2026-09-09T15:22:55.796693Z,2026-09-09T15:24:42.411406Z,2026-09-09T15:24:11.901535Z,48.0,57.407,10,1,read,0.0,190.2,136135,0.0,0.0,0.0,0.0,,,
20260909T152255Z_p4-chaos-dead,postgresql,chaos-dead,smoke,a5e48a8bbbc24fbf77c80ceaad1c8ff2f10a917e,2026-09-09T15:22:55.796693Z,2026-09-09T15:24:42.411406Z,2026-09-09T15:24:11.901535Z,48.0,57.407,10,1,update,0.0,49.1,136135,0.0,0.0,0.0,0.0,,,
20260909T152255Z_p4-chaos-dead,postgresql,chaos-dead,smoke,a5e48a8bbbc24fbf77c80ceaad1c8ff2f10a917e,2026-09-09T15:22:55.796693Z,2026-09-09T15:24:42.411406Z,2026-09-09T15:24:11.901535Z,49.0,58.403,10,1,read,0.0,186.3,141035,0.0,0.0,0.0,0.0,,,
20260909T152255Z_p4-chaos-dead,postgresql,chaos-dead,smoke,a5e48a8bbbc24fbf77c80ceaad1c8ff2f10a917e,2026-09-09T15:22:55.796693Z,2026-09-09T15:24:42.411406Z,2026-09-09T15:24:11.901535Z,49.0,58.403,10,1,update,0.0,48.1,141035,0.0,0.0,0.0,0.0,,,
20260909T152255Z_p4-chaos-dead,postgresql,chaos-dead,smoke,a5e48a8bbbc24fbf77c80ceaad1c8ff2f10a917e,2026-09-09T15:22:55.796693Z,2026-09-09T15:24:42.411406Z,2026-09-09T15:24:11.901535Z,50.0,59.408,10,1,read,0.0,182.6,145936,0.0,0.0,0.0,0.0,,,
20260909T152255Z_p4-chaos-dead,postgresql,chaos-dead,smoke,a5e48a8bbbc24fbf77c80ceaad1c8ff2f10a917e,2026-09-09T15:22:55.796693Z,2026-09-09T15:24:42.411406Z,2026-09-09T15:24:11.901535Z,50.0,59.408,10,1,update,0.0,47.1,145936,0.0,0.0,0.0,0.0,,,
20260909T152255Z_p4-chaos-dead,postgresql,chaos-dead,smoke,a5e48a8bbbc24fbf77c80ceaad1c8ff2f10a917e,2026-09-09T15:22:55.796693Z,2026-09-09T15:24:42.411406Z,2026-09-09T15:24:11.901535Z,51.0,60.439,10,1,read,0.0,179.0,147688,0.0,0.0,0.0,0.0,,,
20260909T152255Z_p4-chaos-dead,postgresql,chaos-dead,smoke,a5e48a8bbbc24fbf77c80ceaad1c8ff2f10a917e,2026-09-09T15:22:55.796693Z,2026-09-09T15:24:42.411406Z,2026-09-09T15:24:11.901535Z,51.0,60.439,10,1,update,0.0,46.2,147688,0.0,0.0,0.0,0.0,,,
20260909T152255Z_p4-chaos-dead,postgresql,chaos-dead,smoke,a5e48a8bbbc24fbf77c80ceaad1c8ff2f10a917e,2026-09-09T15:22:55.796693Z,2026-09-09T15:24:42.411406Z,2026-09-09T15:24:11.901535Z,52.0,61.408,10,1,read,0.0,175.6,147688,0.0,0.0,0.0,0.0,,,
20260909T152255Z_p4-chaos-dead,postgresql,chaos-dead,smoke,a5e48a8bbbc24fbf77c80ceaad1c8ff2f10a917e,2026-09-09T15:22:55.796693Z,2026-09-09T15:24:42.411406Z,2026-09-09T15:24:11.901535Z,52.0,61.408,10,1,update,0.0,45.3,147688,0.0,0.0,0.0,0.0,,,
20260909T152255Z_p4-chaos-dead,postgresql,chaos-dead,smoke,a5e48a8bbbc24fbf77c80ceaad1c8ff2f10a917e,2026-09-09T15:22:55.796693Z,2026-09-09T15:24:42.411406Z,2026-09-09T15:24:11.901535Z,53.0,62.408,10,1,read,8.0,172.4,147688,71.3,104.9,104.9,104.9,,,
20260909T152255Z_p4-chaos-dead,postgresql,chaos-dead,smoke,a5e48a8bbbc24fbf77c80ceaad1c8ff2f10a917e,2026-09-09T15:22:55.796693Z,2026-09-09T15:24:42.411406Z,2026-09-09T15:24:11.901535Z,53.0,62.408,10,1,update,7.0,44.6,147688,226.5,251.7,251.7,251.7,,,
20260909T152255Z_p4-chaos-dead,postgresql,chaos-dead,smoke,a5e48a8bbbc24fbf77c80ceaad1c8ff2f10a917e,2026-09-09T15:22:55.796693Z,2026-09-09T15:24:42.411406Z,2026-09-09T15:24:11.901535Z,54.0,63.407,10,1,read,51.0,170.2,147688,71.3,75.5,75.5,96.5,,,
20260909T152255Z_p4-chaos-dead,postgresql,chaos-dead,smoke,a5e48a8bbbc24fbf77c80ceaad1c8ff2f10a917e,2026-09-09T15:22:55.796693Z,2026-09-09T15:24:42.411406Z,2026-09-09T15:24:11.901535Z,54.0,63.407,10,1,update,16.0,44.0,147688,226.5,226.5,226.5,226.5,,,
20260909T152255Z_p4-chaos-dead,postgresql,chaos-dead,smoke,a5e48a8bbbc24fbf77c80ceaad1c8ff2f10a917e,2026-09-09T15:22:55.796693Z,2026-09-09T15:24:42.411406Z,2026-09-09T15:24:11.901535Z,55.0,64.434,10,1,read,88.0,168.7,147688,71.3,75.5,75.5,75.5,,,
20260909T152255Z_p4-chaos-dead,postgresql,chaos-dead,smoke,a5e48a8bbbc24fbf77c80ceaad1c8ff2f10a917e,2026-09-09T15:22:55.796693Z,2026-09-09T15:24:42.411406Z,2026-09-09T15:24:11.901535Z,55.0,64.434,10,1,update,15.0,43.5,147688,226.5,234.9,234.9,234.9,,,
20260909T152255Z_p4-chaos-dead,postgresql,chaos-dead,smoke,a5e48a8bbbc24fbf77c80ceaad1c8ff2f10a917e,2026-09-09T15:22:55.796693Z,2026-09-09T15:24:42.411406Z,2026-09-09T15:24:11.901535Z,56.0,65.408,10,1,read,75.0,167.0,147688,71.3,71.3,75.5,92.3,,,
20260909T152255Z_p4-chaos-dead,postgresql,chaos-dead,smoke,a5e48a8bbbc24fbf77c80ceaad1c8ff2f10a917e,2026-09-09T15:22:55.796693Z,2026-09-09T15:24:42.411406Z,2026-09-09T15:24:11.901535Z,56.0,65.408,10,1,update,21.0,43.1,147688,226.5,226.5,234.9,234.9,,,
20260909T152255Z_p4-chaos-dead,postgresql,chaos-dead,smoke,a5e48a8bbbc24fbf77c80ceaad1c8ff2f10a917e,2026-09-09T15:22:55.796693Z,2026-09-09T15:24:42.411406Z,2026-09-09T15:24:11.901535Z,57.0,66.409,10,1,read,79.0,165.5,147688,71.3,75.5,88.1,88.1,,,
20260909T152255Z_p4-chaos-dead,postgresql,chaos-dead,smoke,a5e48a8bbbc24fbf77c80ceaad1c8ff2f10a917e,2026-09-09T15:22:55.796693Z,2026-09-09T15:24:42.411406Z,2026-09-09T15:24:11.901535Z,57.0,66.409,10,1,update,15.0,42.6,147688,234.9,318.8,318.8,318.8,,,
20260909T152255Z_p4-chaos-dead,postgresql,chaos-dead,smoke,a5e48a8bbbc24fbf77c80ceaad1c8ff2f10a917e,2026-09-09T15:22:55.796693Z,2026-09-09T15:24:42.411406Z,2026-09-09T15:24:11.901535Z,58.0,67.409,10,1,read,75.1,163.9,147688,71.3,75.5,75.5,75.5,,,
20260909T152255Z_p4-chaos-dead,postgresql,chaos-dead,smoke,a5e48a8bbbc24fbf77c80ceaad1c8ff2f10a917e,2026-09-09T15:22:55.796693Z,2026-09-09T15:24:42.411406Z,2026-09-09T15:24:11.901535Z,58.0,67.409,10,1,update,23.0,42.3,147688,226.5,234.9,234.9,234.9,,,
20260909T152255Z_p4-chaos-dead,postgresql,chaos-dead,smoke,a5e48a8bbbc24fbf77c80ceaad1c8ff2f10a917e,2026-09-09T15:22:55.796693Z,2026-09-09T15:24:42.411406Z,2026-09-09T15:24:11.901535Z,59.0,68.408,10,1,read,86.9,162.6,147688,71.3,71.3,75.5,75.5,,,
20260909T152255Z_p4-chaos-dead,postgresql,chaos-dead,smoke,a5e48a8bbbc24fbf77c80ceaad1c8ff2f10a917e,2026-09-09T15:22:55.796693Z,2026-09-09T15:24:42.411406Z,2026-09-09T15:24:11.901535Z,59.0,68.408,10,1,update,16.0,41.8,147688,226.5,226.5,226.5,226.5,,,
20260909T152255Z_p4-chaos-dead,postgresql,chaos-dead,smoke,a5e48a8bbbc24fbf77c80ceaad1c8ff2f10a917e,2026-09-09T15:22:55.796693Z,2026-09-09T15:24:42.411406Z,2026-09-09T15:24:11.901535Z,60.0,69.408,10,1,read,63.0,160.9,147688,71.3,71.3,71.3,75.5,,,
20260909T152255Z_p4-chaos-dead,postgresql,chaos-dead,smoke,a5e48a8bbbc24fbf77c80ceaad1c8ff2f10a917e,2026-09-09T15:22:55.796693Z,2026-09-09T15:24:42.411406Z,2026-09-09T15:24:11.901535Z,60.0,69.408,10,1,update,26.0,41.6,147688,226.5,234.9,234.9,234.9,,,
20260909T172425Z_p4-chaos-dead,postgresql,chaos-dead,thesis,a5e48a8bbbc24fbf77c80ceaad1c8ff2f10a917e,2026-09-09T17:24:25.833200Z,2026-09-09T17:29:55.508303Z,2026-09-09T17:27:46.833852Z,1.0,15.059,100,1,read,452.3,2517.4,0,3.8,18.9,88.1,113.2,,,
20260909T172425Z_p4-chaos-dead,postgresql,chaos-dead,thesis,a5e48a8bbbc24fbf77c80ceaad1c8ff2f10a917e,2026-09-09T17:24:25.833200Z,2026-09-09T17:29:55.508303Z,2026-09-09T17:27:46.833852Z,1.0,15.059,100,1,update,86.8,482.9,0,104.9,402.7,419.4,436.2,,,
20260909T172425Z_p4-chaos-dead,postgresql,chaos-dead,thesis,a5e48a8bbbc24fbf77c80ceaad1c8ff2f10a917e,2026-09-09T17:24:25.833200Z,2026-09-09T17:29:55.508303Z,2026-09-09T17:27:46.833852Z,2.0,16.056,100,1,read,3875.6,3196.6,0,2.5,6.8,12.1,26.2,,,
20260909T172425Z_p4-chaos-dead,postgresql,chaos-dead,thesis,a5e48a8bbbc24fbf77c80ceaad1c8ff2f10a917e,2026-09-09T17:24:25.833200Z,2026-09-09T17:29:55.508303Z,2026-09-09T17:27:46.833852Z,2.0,16.056,100,1,update,1049.9,766.4,0,79.7,125.8,167.8,176.2,,,
20260909T172425Z_p4-chaos-dead,postgresql,chaos-dead,thesis,a5e48a8bbbc24fbf77c80ceaad1c8ff2f10a917e,2026-09-09T17:24:25.833200Z,2026-09-09T17:29:55.508303Z,2026-09-09T17:27:46.833852Z,3.0,17.082,100,1,read,4446.0,3613.0,0,2.4,4.2,5.5,10.5,,,
20260909T172425Z_p4-chaos-dead,postgresql,chaos-dead,thesis,a5e48a8bbbc24fbf77c80ceaad1c8ff2f10a917e,2026-09-09T17:24:25.833200Z,2026-09-09T17:29:55.508303Z,2026-09-09T17:27:46.833852Z,3.0,17.082,100,1,update,1148.3,893.7,0,79.7,83.9,83.9,88.1,,,
20260909T172425Z_p4-chaos-dead,postgresql,chaos-dead,thesis,a5e48a8bbbc24fbf77c80ceaad1c8ff2f10a917e,2026-09-09T17:24:25.833200Z,2026-09-09T17:29:55.508303Z,2026-09-09T17:27:46.833852Z,4.0,18.086,100,1,read,4478.2,3829.0,0,2.2,4.1,5.5,11.0,,,
20260909T172425Z_p4-chaos-dead,postgresql,chaos-dead,thesis,a5e48a8bbbc24fbf77c80ceaad1c8ff2f10a917e,2026-09-09T17:24:25.833200Z,2026-09-09T17:29:55.508303Z,2026-09-09T17:27:46.833852Z,4.0,18.086,100,1,update,1144.8,956.4,0,79.7,83.9,88.1,92.3,,,
20260909T172425Z_p4-chaos-dead,postgresql,chaos-dead,thesis,a5e48a8bbbc24fbf77c80ceaad1c8ff2f10a917e,2026-09-09T17:24:25.833200Z,2026-09-09T17:29:55.508303Z,2026-09-09T17:27:46.833852Z,5.0,19.06,100,1,read,4229.8,3909.4,0,2.5,5.2,7.9,12.1,,,
20260909T172425Z_p4-chaos-dead,postgresql,chaos-dead,thesis,a5e48a8bbbc24fbf77c80ceaad1c8ff2f10a917e,2026-09-09T17:24:25.833200Z,2026-09-09T17:29:55.508303Z,2026-09-09T17:27:46.833852Z,5.0,19.06,100,1,update,1033.0,971.8,0,79.7,142.6,167.8,176.2,,,
20260909T172425Z_p4-chaos-dead,postgresql,chaos-dead,thesis,a5e48a8bbbc24fbf77c80ceaad1c8ff2f10a917e,2026-09-09T17:24:25.833200Z,2026-09-09T17:29:55.508303Z,2026-09-09T17:27:46.833852Z,6.0,20.079,100,1,read,4405.4,3992.1,0,2.4,3.8,5.0,7.3,,,
20260909T172425Z_p4-chaos-dead,postgresql,chaos-dead,thesis,a5e48a8bbbc24fbf77c80ceaad1c8ff2f10a917e,2026-09-09T17:24:25.833200Z,2026-09-09T17:29:55.508303Z,2026-09-09T17:27:46.833852Z,6.0,20.079,100,1,update,1157.3,1002.7,0,79.7,83.9,83.9,88.1,,,
20260909T172425Z_p4-chaos-dead,postgresql,chaos-dead,thesis,a5e48a8bbbc24fbf77c80ceaad1c8ff2f10a917e,2026-09-09T17:24:25.833200Z,2026-09-09T17:29:55.508303Z,2026-09-09T17:27:46.833852Z,7.0,21.06,100,1,read,4822.6,4110.6,0,2.5,3.9,4.7,6.0,,,
20260909T172425Z_p4-chaos-dead,postgresql,chaos-dead,thesis,a5e48a8bbbc24fbf77c80ceaad1c8ff2f10a917e,2026-09-09T17:24:25.833200Z,2026-09-09T17:29:55.508303Z,2026-09-09T17:27:46.833852Z,7.0,21.06,100,1,update,1138.6,1022.1,0,79.7,83.9,83.9,88.1,,,
20260909T172425Z_p4-chaos-dead,postgresql,chaos-dead,thesis,a5e48a8bbbc24fbf77c80ceaad1c8ff2f10a917e,2026-09-09T17:24:25.833200Z,2026-09-09T17:29:55.508303Z,2026-09-09T17:27:46.833852Z,8.0,22.085,100,1,read,4558.7,4166.6,0,2.4,4.1,5.5,10.0,,,
20260909T172425Z_p4-chaos-dead,postgresql,chaos-dead,thesis,a5e48a8bbbc24fbf77c80ceaad1c8ff2f10a917e,2026-09-09T17:24:25.833200Z,2026-09-09T17:29:55.508303Z,2026-09-09T17:27:46.833852Z,8.0,22.085,100,1,update,1104.4,1032.4,0,79.7,83.9,83.9,88.1,,,
20260909T172425Z_p4-chaos-dead,postgresql,chaos-dead,thesis,a5e48a8bbbc24fbf77c80ceaad1c8ff2f10a917e,2026-09-09T17:24:25.833200Z,2026-09-09T17:29:55.508303Z,2026-09-09T17:27:46.833852Z,9.0,23.056,100,1,read,4071.7,4156.1,0,2.6,6.3,12.1,16.8,,,
20260909T172425Z_p4-chaos-dead,postgresql,chaos-dead,thesis,a5e48a8bbbc24fbf77c80ceaad1c8ff2f10a917e,2026-09-09T17:24:25.833200Z,2026-09-09T17:29:55.508303Z,2026-09-09T17:27:46.833852Z,9.0,23.056,100,1,update,1075.0,1037.1,0,79.7,130.0,167.8,176.2,,,
20260909T172425Z_p4-chaos-dead,postgresql,chaos-dead,thesis,a5e48a8bbbc24fbf77c80ceaad1c8ff2f10a917e,2026-09-09T17:24:25.833200Z,2026-09-09T17:29:55.508303Z,2026-09-09T17:27:46.833852Z,10.0,24.055,100,1,read,4330.6,4173.5,0,2.4,3.8,4.7,8.9,,,
20260909T172425Z_p4-chaos-dead,postgresql,chaos-dead,thesis,a5e48a8bbbc24fbf77c80ceaad1c8ff2f10a917e,2026-09-09T17:24:25.833200Z,2026-09-09T17:29:55.508303Z,2026-09-09T17:27:46.833852Z,10.0,24.055,100,1,update,1158.9,1049.3,0,79.7,83.9,83.9,88.1,,,
20260909T172425Z_p4-chaos-dead,postgresql,chaos-dead,thesis,a5e48a8bbbc24fbf77c80ceaad1c8ff2f10a917e,2026-09-09T17:24:25.833200Z,2026-09-09T17:29:55.508303Z,2026-09-09T17:27:46.833852Z,11.0,25.076,100,1,read,4235.0,4179.1,0,2.6,6.3,10.5,19.9,,,
20260909T172425Z_p4-chaos-dead,postgresql,chaos-dead,thesis,a5e48a8bbbc24fbf77c80ceaad1c8ff2f10a917e,2026-09-09T17:24:25.833200Z,2026-09-09T17:29:55.508303Z,2026-09-09T17:27:46.833852Z,11.0,25.076,100,1,update,1071.2,1051.3,0,79.7,96.5,104.9,113.2,,,
20260909T172425Z_p4-chaos-dead,postgresql,chaos-dead,thesis,a5e48a8bbbc24fbf77c80ceaad1c8ff2f10a917e,2026-09-09T17:24:25.833200Z,2026-09-09T17:29:55.508303Z,2026-09-09T17:27:46.833852Z,12.0,26.066,100,1,read,4541.3,4209.4,0,2.4,3.9,5.0,6.3,,,
20260909T172425Z_p4-chaos-dead,postgresql,chaos-dead,thesis,a5e48a8bbbc24fbf77c80ceaad1c8ff2f10a917e,2026-09-09T17:24:25.833200Z,2026-09-09T17:29:55.508303Z,2026-09-09T17:27:46.833852Z,12.0,26.066,100,1,update,1166.6,1060.9,0,79.7,83.9,100.7,113.2,,,
20260909T172425Z_p4-chaos-dead,postgresql,chaos-dead,thesis,a5e48a8bbbc24fbf77c80ceaad1c8ff2f10a917e,2026-09-09T17:24:25.833200Z,2026-09-09T17:29:55.508303Z,2026-09-09T17:27:46.833852Z,13.0,27.065,100,1,read,4289.6,4215.5,0,2.5,5.8,9.4,15.2,,,
20260909T172425Z_p4-chaos-dead,postgresql,chaos-dead,thesis,a5e48a8bbbc24fbf77c80ceaad1c8ff2f10a917e,2026-09-09T17:24:25.833200Z,2026-09-09T17:29:55.508303Z,2026-09-09T17:27:46.833852Z,13.0,27.065,100,1,update,1048.7,1060.0,0,79.7,142.6,167.8,176.2,,,
20260909T172425Z_p4-chaos-dead,postgresql,chaos-dead,thesis,a5e48a8bbbc24fbf77c80ceaad1c8ff2f10a917e,2026-09-09T17:24:25.833200Z,2026-09-09T17:29:55.508303Z,2026-09-09T17:27:46.833852Z,14.0,28.056,100,1,read,4641.9,4245.9,0,2.4,3.9,5.2,8.1,,,
20260909T172425Z_p4-chaos-dead,postgresql,chaos-dead,thesis,a5e48a8bbbc24fbf77c80ceaad1c8ff2f10a917e,2026-09-09T17:24:25.833200Z,2026-09-09T17:29:55.508303Z,2026-09-09T17:27:46.833852Z,14.0,28.056,100,1,update,1124.5,1064.6,0,79.7,88.1,100.7,113.2,,,
20260909T172425Z_p4-chaos-dead,postgresql,chaos-dead,thesis,a5e48a8bbbc24fbf77c80ceaad1c8ff2f10a917e,2026-09-09T17:24:25.833200Z,2026-09-09T17:29:55.508303Z,2026-09-09T17:27:46.833852Z,15.0,29.066,100,1,read,4695.7,4275.9,0,2.2,3.7,4.5,6.0,,,
20260909T172425Z_p4-chaos-dead,postgresql,chaos-dead,thesis,a5e48a8bbbc24fbf77c80ceaad1c8ff2f10a917e,2026-09-09T17:24:25.833200Z,2026-09-09T17:29:55.508303Z,2026-09-09T17:27:46.833852Z,15.0,29.066,100,1,update,1160.2,1070.9,0,79.7,83.9,83.9,88.1,,,
20260909T172425Z_p4-chaos-dead,postgresql,chaos-dead,thesis,a5e48a8bbbc24fbf77c80ceaad1c8ff2f10a917e,2026-09-09T17:24:25.833200Z,2026-09-09T17:29:55.508303Z,2026-09-09T17:27:46.833852Z,16.0,30.085,100,1,read,4417.4,4284.8,0,2.1,5.2,8.4,14.2,,,
20260909T172425Z_p4-chaos-dead,postgresql,chaos-dead,thesis,a5e48a8bbbc24fbf77c80ceaad1c8ff2f10a917e,2026-09-09T17:24:25.833200Z,2026-09-09T17:29:55.508303Z,2026-09-09T17:27:46.833852Z,16.0,30.085,100,1,update,1091.4,1072.2,0,79.7,125.8,159.4,167.8,,,
20260909T172425Z_p4-chaos-dead,postgresql,chaos-dead,thesis,a5e48a8bbbc24fbf77c80ceaad1c8ff2f10a917e,2026-09-09T17:24:25.833200Z,2026-09-09T17:29:55.508303Z,2026-09-09T17:27:46.833852Z,17.0,31.06,100,1,read,3959.1,4265.8,0,2.4,6.8,9.4,14.7,,,
20260909T172425Z_p4-chaos-dead,postgresql,chaos-dead,thesis,a5e48a8bbbc24fbf77c80ceaad1c8ff2f10a917e,2026-09-09T17:24:25.833200Z,2026-09-09T17:29:55.508303Z,2026-09-09T17:27:46.833852Z,17.0,31.06,100,1,update,973.5,1066.5,0,83.9,159.4,184.5,201.3,,,
20260909T172425Z_p4-chaos-dead,postgresql,chaos-dead,thesis,a5e48a8bbbc24fbf77c80ceaad1c8ff2f10a917e,2026-09-09T17:24:25.833200Z,2026-09-09T17:29:55.508303Z,2026-09-09T17:27:46.833852Z,18.0,32.083,100,1,read,4510.5,4279.2,0,2.1,3.8,5.0,6.8,,,
20260909T172425Z_p4-chaos-dead,postgresql,chaos-dead,thesis,a5e48a8bbbc24fbf77c80ceaad1c8ff2f10a917e,2026-09-09T17:24:25.833200Z,2026-09-09T17:29:55.508303Z,2026-09-09T17:27:46.833852Z,18.0,32.083,100,1,update,1165.9,1071.9,0,79.7,83.9,88.1,92.3,,,
20260909T172425Z_p4-chaos-dead,postgresql,chaos-dead,thesis,a5e48a8bbbc24fbf77c80ceaad1c8ff2f10a917e,2026-09-09T17:24:25.833200Z,2026-09-09T17:29:55.508303Z,2026-09-09T17:27:46.833852Z,19.0,33.088,100,1,read,4279.2,4279.2,0,2.2,4.2,6.0,9.4,,,
20260909T172425Z_p4-chaos-dead,postgresql,chaos-dead,thesis,a5e48a8bbbc24fbf77c80ceaad1c8ff2f10a917e,2026-09-09T17:24:25.833200Z,2026-09-09T17:29:55.508303Z,2026-09-09T17:27:46.833852Z,19.0,33.088,100,1,update,1101.8,1073.5,0,79.7,104.9,113.2,121.6,,,
20260909T172425Z_p4-chaos-dead,postgresql,chaos-dead,thesis,a5e48a8bbbc24fbf77c80ceaad1c8ff2f10a917e,2026-09-09T17:24:25.833200Z,2026-09-09T17:29:55.508303Z,2026-09-09T17:27:46.833852Z,20.0,34.053,100,1,read,4341.2,4282.3,0,2.2,4.7,7.3,12.6,,,
20260909T172425Z_p4-chaos-dead,postgresql,chaos-dead,thesis,a5e48a8bbbc24fbf77c80ceaad1c8ff2f10a917e,2026-09-09T17:24:25.833200Z,2026-09-09T17:29:55.508303Z,2026-09-09T17:27:46.833852Z,20.0,34.053,100,1,update,1109.6,1075.3,0,79.7,92.3,117.4,121.6,,,
20260909T172425Z_p4-chaos-dead,postgresql,chaos-dead,thesis,a5e48a8bbbc24fbf77c80ceaad1c8ff2f10a917e,2026-09-09T17:24:25.833200Z,2026-09-09T17:29:55.508303Z,2026-09-09T17:27:46.833852Z,21.0,35.054,100,1,read,4572.0,4296.1,0,2.2,3.9,4.7,7.3,,,
20260909T172425Z_p4-chaos-dead,postgresql,chaos-dead,thesis,a5e48a8bbbc24fbf77c80ceaad1c8ff2f10a917e,2026-09-09T17:24:25.833200Z,2026-09-09T17:29:55.508303Z,2026-09-09T17:27:46.833852Z,21.0,35.054,100,1,update,1140.5,1078.4,0,79.7,88.1,92.3,96.5,,,
20260909T172425Z_p4-chaos-dead,postgresql,chaos-dead,thesis,a5e48a8bbbc24fbf77c80ceaad1c8ff2f10a917e,2026-09-09T17:24:25.833200Z,2026-09-09T17:29:55.508303Z,2026-09-09T17:27:46.833852Z,22.0,36.055,100,1,read,4260.0,4294.6,0,2.5,6.3,10.0,16.8,,,
20260909T172425Z_p4-chaos-dead,postgresql,chaos-dead,thesis,a5e48a8bbbc24fbf77c80ceaad1c8ff2f10a917e,2026-09-09T17:24:25.833200Z,2026-09-09T17:29:55.508303Z,2026-09-09T17:27:46.833852Z,22.0,36.055,100,1,update,1033.8,1076.4,0,83.9,113.2,151.0,159.4,,,
20260909T172425Z_p4-chaos-dead,postgresql,chaos-dead,thesis,a5e48a8bbbc24fbf77c80ceaad1c8ff2f10a917e,2026-09-09T17:24:25.833200Z,2026-09-09T17:29:55.508303Z,2026-09-09T17:27:46.833852Z,23.0,37.062,100,1,read,4326.4,4295.9,0,2.5,4.7,7.1,10.5,,,
20260909T172425Z_p4-chaos-dead,postgresql,chaos-dead,thesis,a5e48a8bbbc24fbf77c80ceaad1c8ff2f10a917e,2026-09-09T17:24:25.833200Z,2026-09-09T17:29:55.508303Z,2026-09-09T17:27:46.833852Z,23.0,37.062,100,1,update,1073.4,1076.2,0,79.7,92.3,109.1,125.8,,,
20260909T172425Z_p4-chaos-dead,postgresql,chaos-dead,thesis,a5e48a8bbbc24fbf77c80ceaad1c8ff2f10a917e,2026-09-09T17:24:25.833200Z,2026-09-09T17:29:55.508303Z,2026-09-09T17:27:46.833852Z,24.0,38.055,100,1,read,4623.4,4309.6,0,2.5,4.5,5.8,9.4,,,
20260909T172425Z_p4-chaos-dead,postgresql,chaos-dead,thesis,a5e48a8bbbc24fbf77c80ceaad1c8ff2f10a917e,2026-09-09T17:24:25.833200Z,2026-09-09T17:29:55.508303Z,2026-09-09T17:27:46.833852Z,24.0,38.055,100,1,update,1138.9,1078.9,0,79.7,83.9,88.1,92.3,,,
20260909T172425Z_p4-chaos-dead,postgresql,chaos-dead,thesis,a5e48a8bbbc24fbf77c80ceaad1c8ff2f10a917e,2026-09-09T17:24:25.833200Z,2026-09-09T17:29:55.508303Z,2026-09-09T17:27:46.833852Z,25.0,39.053,100,1,read,4604.2,4321.3,0,2.5,4.2,5.8,7.6,,,
20260909T172425Z_p4-chaos-dead,postgresql,chaos-dead,thesis,a5e48a8bbbc24fbf77c80ceaad1c8ff2f10a917e,2026-09-09T17:24:25.833200Z,2026-09-09T17:29:55.508303Z,2026-09-09T17:27:46.833852Z,25.0,39.053,100,1,update,1129.3,1080.9,0,79.7,83.9,100.7,113.2,,,
20260909T172425Z_p4-chaos-dead,postgresql,chaos-dead,thesis,a5e48a8bbbc24fbf77c80ceaad1c8ff2f10a917e,2026-09-09T17:24:25.833200Z,2026-09-09T17:29:55.508303Z,2026-09-09T17:27:46.833852Z,26.0,40.054,100,1,read,4336.3,4321.8,0,2.4,3.8,5.2,15.7,,,
20260909T172425Z_p4-chaos-dead,postgresql,chaos-dead,thesis,a5e48a8bbbc24fbf77c80ceaad1c8ff2f10a917e,2026-09-09T17:24:25.833200Z,2026-09-09T17:29:55.508303Z,2026-09-09T17:27:46.833852Z,26.0,40.054,100,1,update,1133.3,1082.9,0,79.7,79.7,83.9,92.3,,,
20260909T172425Z_p4-chaos-dead,postgresql,chaos-dead,thesis,a5e48a8bbbc24fbf77c80ceaad1c8ff2f10a917e,2026-09-09T17:24:25.833200Z,2026-09-09T17:29:55.508303Z,2026-09-09T17:27:46.833852Z,27.0,41.054,100,1,read,4217.2,4318.0,0,2.4,5.8,10.5,18.9,,,
20260909T172425Z_p4-chaos-dead,postgresql,chaos-dead,thesis,a5e48a8bbbc24fbf77c80ceaad1c8ff2f10a917e,2026-09-09T17:24:25.833200Z,2026-09-09T17:29:55.508303Z,2026-09-09T17:27:46.833852Z,27.0,41.054,100,1,update,1102.8,1083.6,0,79.7,134.2,159.4,167.8,,,
20260909T172425Z_p4-chaos-dead,postgresql,chaos-dead,thesis,a5e48a8bbbc24fbf77c80ceaad1c8ff2f10a917e,2026-09-09T17:24:25.833200Z,2026-09-09T17:29:55.508303Z,2026-09-09T17:27:46.833852Z,28.0,42.061,100,1,read,3855.3,4301.5,0,2.6,8.9,12.6,21.0,,,
20260909T172425Z_p4-chaos-dead,postgresql,chaos-dead,thesis,a5e48a8bbbc24fbf77c80ceaad1c8ff2f10a917e,2026-09-09T17:24:25.833200Z,2026-09-09T17:29:55.508303Z,2026-09-09T17:27:46.833852Z,28.0,42.061,100,1,update,976.8,1079.8,0,79.7,159.4,167.8,176.2,,,
20260909T172425Z_p4-chaos-dead,postgresql,chaos-dead,thesis,a5e48a8bbbc24fbf77c80ceaad1c8ff2f10a917e,2026-09-09T17:24:25.833200Z,2026-09-09T17:29:55.508303Z,2026-09-09T17:27:46.833852Z,29.0,43.056,100,1,read,4657.0,4313.8,0,2.4,3.9,5.5,14.7,,,
20260909T172425Z_p4-chaos-dead,postgresql,chaos-dead,thesis,a5e48a8bbbc24fbf77c80ceaad1c8ff2f10a917e,2026-09-09T17:24:25.833200Z,2026-09-09T17:29:55.508303Z,2026-09-09T17:27:46.833852Z,29.0,43.056,100,1,update,1145.0,1082.1,0,79.7,79.7,83.9,88.1,,,
20260909T172425Z_p4-chaos-dead,postgresql,chaos-dead,thesis,a5e48a8bbbc24fbf77c80ceaad1c8ff2f10a917e,2026-09-09T17:24:25.833200Z,2026-09-09T17:29:55.508303Z,2026-09-09T17:27:46.833852Z,30.0,44.064,100,1,read,4010.3,4303.7,0,2.5,5.8,8.9,11.5,,,
20260909T172425Z_p4-chaos-dead,postgresql,chaos-dead,thesis,a5e48a8bbbc24fbf77c80ceaad1c8ff2f10a917e,2026-09-09T17:24:25.833200Z,2026-09-09T17:29:55.508303Z,2026-09-09T17:27:46.833852Z,30.0,44.064,100,1,update,1065.9,1081.5,0,79.7,151.0,184.5,184.5,,,
20260909T172425Z_p4-chaos-dead,postgresql,chaos-dead,thesis,a5e48a8bbbc24fbf77c80ceaad1c8ff2f10a917e,2026-09-09T17:24:25.833200Z,2026-09-09T17:29:55.508303Z,2026-09-09T17:27:46.833852Z,31.0,45.054,100,1,read,4147.4,4298.6,0,2.4,4.5,8.1,15.2,,,
20260909T172425Z_p4-chaos-dead,postgresql,chaos-dead,thesis,a5e48a8bbbc24fbf77c80ceaad1c8ff2f10a917e,2026-09-09T17:24:25.833200Z,2026-09-09T17:29:55.508303Z,2026-09-09T17:27:46.833852Z,31.0,45.054,100,1,update,1100.1,1082.1,0,79.7,151.0,176.2,184.5,,,
20260909T172425Z_p4-chaos-dead,postgresql,chaos-dead,thesis,a5e48a8bbbc24fbf77c80ceaad1c8ff2f10a917e,2026-09-09T17:24:25.833200Z,2026-09-09T17:29:55.508303Z,2026-09-09T17:27:46.833852Z,32.0,46.053,100,1,read,4342.0,4300.0,0,2.6,5.8,8.9,18.9,,,
20260909T172425Z_p4-chaos-dead,postgresql,chaos-dead,thesis,a5e48a8bbbc24fbf77c80ceaad1c8ff2f10a917e,2026-09-09T17:24:25.833200Z,2026-09-09T17:29:55.508303Z,2026-09-09T17:27:46.833852Z,32.0,46.053,100,1,update,1075.3,1081.9,0,79.7,88.1,96.5,100.7,,,
20260909T172425Z_p4-chaos-dead,postgresql,chaos-dead,thesis,a5e48a8bbbc24fbf77c80ceaad1c8ff2f10a917e,2026-09-09T17:24:25.833200Z,2026-09-09T17:29:55.508303Z,2026-09-09T17:27:46.833852Z,33.0,47.058,100,1,read,3942.1,4289.1,0,2.5,6.0,10.0,14.2,,,
20260909T172425Z_p4-chaos-dead,postgresql,chaos-dead,thesis,a5e48a8bbbc24fbf77c80ceaad1c8ff2f10a917e,2026-09-09T17:24:25.833200Z,2026-09-09T17:29:55.508303Z,2026-09-09T17:27:46.833852Z,33.0,47.058,100,1,update,1064.6,1081.4,0,79.7,142.6,176.2,184.5,,,
20260909T172425Z_p4-chaos-dead,postgresql,chaos-dead,thesis,a5e48a8bbbc24fbf77c80ceaad1c8ff2f10a917e,2026-09-09T17:24:25.833200Z,2026-09-09T17:29:55.508303Z,2026-09-09T17:27:46.833852Z,34.0,48.072,100,1,read,4274.9,4288.7,0,2.5,4.1,5.8,11.5,,,
20260909T172425Z_p4-chaos-dead,postgresql,chaos-dead,thesis,a5e48a8bbbc24fbf77c80ceaad1c8ff2f10a917e,2026-09-09T17:24:25.833200Z,2026-09-09T17:29:55.508303Z,2026-09-09T17:27:46.833852Z,34.0,48.072,100,1,update,1024.7,1079.7,0,79.7,79.7,83.9,88.1,,,
20260909T172425Z_p4-chaos-dead,postgresql,chaos-dead,thesis,a5e48a8bbbc24fbf77c80ceaad1c8ff2f10a917e,2026-09-09T17:24:25.833200Z,2026-09-09T17:29:55.508303Z,2026-09-09T17:27:46.833852Z,35.0,49.059,100,1,read,4327.7,4289.8,0,2.9,6.0,10.0,19.9,,,
20260909T172425Z_p4-chaos-dead,postgresql,chaos-dead,thesis,a5e48a8bbbc24fbf77c80ceaad1c8ff2f10a917e,2026-09-09T17:24:25.833200Z,2026-09-09T17:29:55.508303Z,2026-09-09T17:27:46.833852Z,35.0,49.059,100,1,update,1145.5,1081.6,0,79.7,142.6,176.2,184.5,,,
20260909T172425Z_p4-chaos-dead,postgresql,chaos-dead,thesis,a5e48a8bbbc24fbf77c80ceaad1c8ff2f10a917e,2026-09-09T17:24:25.833200Z,2026-09-09T17:29:55.508303Z,2026-09-09T17:27:46.833852Z,36.0,50.082,100,1,read,4167.0,4286.4,0,2.6,6.3,10.5,15.2,,,
20260909T172425Z_p4-chaos-dead,postgresql,chaos-dead,thesis,a5e48a8bbbc24fbf77c80ceaad1c8ff2f10a917e,2026-09-09T17:24:25.833200Z,2026-09-09T17:29:55.508303Z,2026-09-09T17:27:46.833852Z,36.0,50.082,100,1,update,1072.3,1081.3,0,79.7,117.4,142.6,159.4,,,
20260909T172425Z_p4-chaos-dead,postgresql,chaos-dead,thesis,a5e48a8bbbc24fbf77c80ceaad1c8ff2f10a917e,2026-09-09T17:24:25.833200Z,2026-09-09T17:29:55.508303Z,2026-09-09T17:27:46.833852Z,37.0,51.054,100,1,read,4252.3,4285.5,0,2.5,5.8,9.4,17.8,,,
20260909T172425Z_p4-chaos-dead,postgresql,chaos-dead,thesis,a5e48a8bbbc24fbf77c80ceaad1c8ff2f10a917e,2026-09-09T17:24:25.833200Z,2026-09-09T17:29:55.508303Z,2026-09-09T17:27:46.833852Z,37.0,51.054,100,1,update,1075.3,1081.2,0,79.7,130.0,159.4,176.2,,,
20260909T172425Z_p4-chaos-dead,postgresql,chaos-dead,thesis,a5e48a8bbbc24fbf77c80ceaad1c8ff2f10a917e,2026-09-09T17:24:25.833200Z,2026-09-09T17:29:55.508303Z,2026-09-09T17:27:46.833852Z,38.0,52.06,100,1,read,4789.7,4298.8,0,2.5,4.1,6.3,10.5,,,
20260909T172425Z_p4-chaos-dead,postgresql,chaos-dead,thesis,a5e48a8bbbc24fbf77c80ceaad1c8ff2f10a917e,2026-09-09T17:24:25.833200Z,2026-09-09T17:29:55.508303Z,2026-09-09T17:27:46.833852Z,38.0,52.06,100,1,update,1129.2,1082.4,0,79.7,83.9,83.9,88.1,,,
20260909T172425Z_p4-chaos-dead,postgresql,chaos-dead,thesis,a5e48a8bbbc24fbf77c80ceaad1c8ff2f10a917e,2026-09-09T17:24:25.833200Z,2026-09-09T17:29:55.508303Z,2026-09-09T17:27:46.833852Z,39.0,53.054,100,1,read,3744.3,4284.5,0,2.9,6.8,16.8,23.1,,,
20260909T172425Z_p4-chaos-dead,postgresql,chaos-dead,thesis,a5e48a8bbbc24fbf77c80ceaad1c8ff2f10a917e,2026-09-09T17:24:25.833200Z,2026-09-09T17:29:55.508303Z,2026-09-09T17:27:46.833852Z,39.0,53.054,100,1,update,946.3,1078.9,0,79.7,151.0,167.8,167.8,,,
20260909T172425Z_p4-chaos-dead,postgresql,chaos-dead,thesis,a5e48a8bbbc24fbf77c80ceaad1c8ff2f10a917e,2026-09-09T17:24:25.833200Z,2026-09-09T17:29:55.508303Z,2026-09-09T17:27:46.833852Z,40.0,54.064,100,1,read,4024.4,4278.0,0,2.6,7.3,10.5,14.2,,,
20260909T172425Z_p4-chaos-dead,postgresql,chaos-dead,thesis,a5e48a8bbbc24fbf77c80ceaad1c8ff2f10a917e,2026-09-09T17:24:25.833200Z,2026-09-09T17:29:55.508303Z,2026-09-09T17:27:46.833852Z,40.0,54.064,100,1,update,1017.8,1077.4,0,79.7,159.4,176.2,176.2,,,
20260909T172425Z_p4-chaos-dead,postgresql,chaos-dead,thesis,a5e48a8bbbc24fbf77c80ceaad1c8ff2f10a917e,2026-09-09T17:24:25.833200Z,2026-09-09T17:29:55.508303Z,2026-09-09T17:27:46.833852Z,41.0,55.053,100,1,read,4711.0,4288.6,0,2.5,4.5,7.6,14.7,,,
20260909T172425Z_p4-chaos-dead,postgresql,chaos-dead,thesis,a5e48a8bbbc24fbf77c80ceaad1c8ff2f10a917e,2026-09-09T17:24:25.833200Z,2026-09-09T17:29:55.508303Z,2026-09-09T17:27:46.833852Z,41.0,55.053,100,1,update,1138.0,1078.9,0,79.7,83.9,83.9,88.1,,,
20260909T172425Z_p4-chaos-dead,postgresql,chaos-dead,thesis,a5e48a8bbbc24fbf77c80ceaad1c8ff2f10a917e,2026-09-09T17:24:25.833200Z,2026-09-09T17:29:55.508303Z,2026-09-09T17:27:46.833852Z,42.0,56.086,100,1,read,4005.0,4281.8,0,2.6,6.3,9.4,13.6,,,
20260909T172425Z_p4-chaos-dead,postgresql,chaos-dead,thesis,a5e48a8bbbc24fbf77c80ceaad1c8ff2f10a917e,2026-09-09T17:24:25.833200Z,2026-09-09T17:29:55.508303Z,2026-09-09T17:27:46.833852Z,42.0,56.086,100,1,update,977.5,1076.5,0,79.7,142.6,167.8,176.2,,,
20260909T172425Z_p4-chaos-dead,postgresql,chaos-dead,thesis,a5e48a8bbbc24fbf77c80ceaad1c8ff2f10a917e,2026-09-09T17:24:25.833200Z,2026-09-09T17:29:55.508303Z,2026-09-09T17:27:46.833852Z,43.0,57.055,100,1,read,3991.2,4275.1,0,2.6,8.9,18.9,24.1,,,
20260909T172425Z_p4-chaos-dead,postgresql,chaos-dead,thesis,a5e48a8bbbc24fbf77c80ceaad1c8ff2f10a917e,2026-09-09T17:24:25.833200Z,2026-09-09T17:29:55.508303Z,2026-09-09T17:27:46.833852Z,43.0,57.055,100,1,update,1023.8,1075.3,0,79.7,159.4,176.2,184.5,,,
20260909T172425Z_p4-chaos-dead,postgresql,chaos-dead,thesis,a5e48a8bbbc24fbf77c80ceaad1c8ff2f10a917e,2026-09-09T17:24:25.833200Z,2026-09-09T17:29:55.508303Z,2026-09-09T17:27:46.833852Z,44.0,58.058,100,1,read,4541.8,4281.1,0,2.5,4.5,6.8,9.4,,,
20260909T172425Z_p4-chaos-dead,postgresql,chaos-dead,thesis,a5e48a8bbbc24fbf77c80ceaad1c8ff2f10a917e,2026-09-09T17:24:25.833200Z,2026-09-09T17:29:55.508303Z,2026-09-09T17:27:46.833852Z,44.0,58.058,100,1,update,1119.9,1076.3,0,79.7,83.9,96.5,100.7,,,
20260909T172425Z_p4-chaos-dead,postgresql,chaos-dead,thesis,a5e48a8bbbc24fbf77c80ceaad1c8ff2f10a917e,2026-09-09T17:24:25.833200Z,2026-09-09T17:29:55.508303Z,2026-09-09T17:27:46.833852Z,45.0,59.058,100,1,read,4092.8,4277.0,0,2.8,6.6,12.1,21.0,,,
20260909T172425Z_p4-chaos-dead,postgresql,chaos-dead,thesis,a5e48a8bbbc24fbf77c80ceaad1c8ff2f10a917e,2026-09-09T17:24:25.833200Z,2026-09-09T17:29:55.508303Z,2026-09-09T17:27:46.833852Z,45.0,59.058,100,1,update,1070.9,1076.2,0,79.7,113.2,159.4,167.8,,,
20260909T172425Z_p4-chaos-dead,postgresql,chaos-dead,thesis,a5e48a8bbbc24fbf77c80ceaad1c8ff2f10a917e,2026-09-09T17:24:25.833200Z,2026-09-09T17:29:55.508303Z,2026-09-09T17:27:46.833852Z,46.0,60.069,100,1,read,4100.4,4273.1,0,2.6,6.6,12.6,17.8,,,
20260909T172425Z_p4-chaos-dead,postgresql,chaos-dead,thesis,a5e48a8bbbc24fbf77c80ceaad1c8ff2f10a917e,2026-09-09T17:24:25.833200Z,2026-09-09T17:29:55.508303Z,2026-09-09T17:27:46.833852Z,46.0,60.069,100,1,update,1030.6,1075.2,0,79.7,159.4,192.9,201.3,,,
20260909T172425Z_p4-chaos-dead,postgresql,chaos-dead,thesis,a5e48a8bbbc24fbf77c80ceaad1c8ff2f10a917e,2026-09-09T17:24:25.833200Z,2026-09-09T17:29:55.508303Z,2026-09-09T17:27:46.833852Z,47.0,61.062,100,1,read,4098.4,4269.4,0,2.6,5.8,11.0,19.9,,,
20260909T172425Z_p4-chaos-dead,postgresql,chaos-dead,thesis,a5e48a8bbbc24fbf77c80ceaad1c8ff2f10a917e,2026-09-09T17:24:25.833200Z,2026-09-09T17:29:55.508303Z,2026-09-09T17:27:46.833852Z,47.0,61.062,100,1,update,1014.3,1073.9,0,79.7,125.8,159.4,167.8,,,
20260909T172425Z_p4-chaos-dead,postgresql,chaos-dead,thesis,a5e48a8bbbc24fbf77c80ceaad1c8ff2f10a917e,2026-09-09T17:24:25.833200Z,2026-09-09T17:29:55.508303Z,2026-09-09T17:27:46.833852Z,48.0,62.086,100,1,read,4110.7,4266.1,0,2.9,8.1,11.0,16.3,,,
20260909T172425Z_p4-chaos-dead,postgresql,chaos-dead,thesis,a5e48a8bbbc24fbf77c80ceaad1c8ff2f10a917e,2026-09-09T17:24:25.833200Z,2026-09-09T17:29:55.508303Z,2026-09-09T17:27:46.833852Z,48.0,62.086,100,1,update,1046.4,1073.3,0,79.7,121.6,167.8,176.2,,,
20260909T172425Z_p4-chaos-dead,postgresql,chaos-dead,thesis,a5e48a8bbbc24fbf77c80ceaad1c8ff2f10a917e,2026-09-09T17:24:25.833200Z,2026-09-09T17:29:55.508303Z,2026-09-09T17:27:46.833852Z,49.0,63.058,100,1,read,4109.0,4262.9,0,2.5,5.8,9.4,15.7,,,
20260909T172425Z_p4-chaos-dead,postgresql,chaos-dead,thesis,a5e48a8bbbc24fbf77c80ceaad1c8ff2f10a917e,2026-09-09T17:24:25.833200Z,2026-09-09T17:29:55.508303Z,2026-09-09T17:27:46.833852Z,49.0,63.058,100,1,update,1105.5,1074.0,0,79.7,125.8,167.8,167.8,,,
20260909T172425Z_p4-chaos-dead,postgresql,chaos-dead,thesis,a5e48a8bbbc24fbf77c80ceaad1c8ff2f10a917e,2026-09-09T17:24:25.833200Z,2026-09-09T17:29:55.508303Z,2026-09-09T17:27:46.833852Z,50.0,64.053,100,1,read,4366.2,4264.9,0,2.6,6.8,10.5,15.7,,,
20260909T172425Z_p4-chaos-dead,postgresql,chaos-dead,thesis,a5e48a8bbbc24fbf77c80ceaad1c8ff2f10a917e,2026-09-09T17:24:25.833200Z,2026-09-09T17:29:55.508303Z,2026-09-09T17:27:46.833852Z,50.0,64.053,100,1,update,1076.0,1074.0,0,79.7,92.3,109.1,113.2,,,
20260909T172425Z_p4-chaos-dead,postgresql,chaos-dead,thesis,a5e48a8bbbc24fbf77c80ceaad1c8ff2f10a917e,2026-09-09T17:24:25.833200Z,2026-09-09T17:29:55.508303Z,2026-09-09T17:27:46.833852Z,51.0,65.063,100,1,read,4037.4,4260.5,0,2.9,7.3,11.0,17.8,,,
20260909T172425Z_p4-chaos-dead,postgresql,chaos-dead,thesis,a5e48a8bbbc24fbf77c80ceaad1c8ff2f10a917e,2026-09-09T17:24:25.833200Z,2026-09-09T17:29:55.508303Z,2026-09-09T17:27:46.833852Z,51.0,65.063,100,1,update,975.1,1072.1,0,79.7,167.8,201.3,209.7,,,
20260909T172425Z_p4-chaos-dead,postgresql,chaos-dead,thesis,a5e48a8bbbc24fbf77c80ceaad1c8ff2f10a917e,2026-09-09T17:24:25.833200Z,2026-09-09T17:29:55.508303Z,2026-09-09T17:27:46.833852Z,52.0,66.085,100,1,read,3868.6,4252.9,0,2.9,7.6,11.0,17.8,,,
20260909T172425Z_p4-chaos-dead,postgresql,chaos-dead,thesis,a5e48a8bbbc24fbf77c80ceaad1c8ff2f10a917e,2026-09-09T17:24:25.833200Z,2026-09-09T17:29:55.508303Z,2026-09-09T17:27:46.833852Z,52.0,66.085,100,1,update,990.6,1070.5,0,79.7,159.4,184.5,192.9,,,
20260909T172425Z_p4-chaos-dead,postgresql,chaos-dead,thesis,a5e48a8bbbc24fbf77c80ceaad1c8ff2f10a917e,2026-09-09T17:24:25.833200Z,2026-09-09T17:29:55.508303Z,2026-09-09T17:27:46.833852Z,53.0,67.061,100,1,read,4258.7,4253.0,0,2.6,4.7,7.6,13.1,,,
20260909T172425Z_p4-chaos-dead,postgresql,chaos-dead,thesis,a5e48a8bbbc24fbf77c80ceaad1c8ff2f10a917e,2026-09-09T17:24:25.833200Z,2026-09-09T17:29:55.508303Z,2026-09-09T17:27:46.833852Z,53.0,67.061,100,1,update,1043.7,1070.0,0,79.7,83.9,88.1,92.3,,,
20260909T172425Z_p4-chaos-dead,postgresql,chaos-dead,thesis,a5e48a8bbbc24fbf77c80ceaad1c8ff2f10a917e,2026-09-09T17:24:25.833200Z,2026-09-09T17:29:55.508303Z,2026-09-09T17:27:46.833852Z,54.0,68.077,100,1,read,4398.7,4255.8,0,2.8,6.3,11.5,18.9,,,
20260909T172425Z_p4-chaos-dead,postgresql,chaos-dead,thesis,a5e48a8bbbc24fbf77c80ceaad1c8ff2f10a917e,2026-09-09T17:24:25.833200Z,2026-09-09T17:29:55.508303Z,2026-09-09T17:27:46.833852Z,54.0,68.077,100,1,update,1114.2,1070.8,0,79.7,142.6,184.5,201.3,,,
20260909T172425Z_p4-chaos-dead,postgresql,chaos-dead,thesis,a5e48a8bbbc24fbf77c80ceaad1c8ff2f10a917e,2026-09-09T17:24:25.833200Z,2026-09-09T17:29:55.508303Z,2026-09-09T17:27:46.833852Z,55.0,69.067,100,1,read,3868.0,4248.7,0,2.9,7.6,10.5,17.8,,,
20260909T172425Z_p4-chaos-dead,postgresql,chaos-dead,thesis,a5e48a8bbbc24fbf77c80ceaad1c8ff2f10a917e,2026-09-09T17:24:25.833200Z,2026-09-09T17:29:55.508303Z,2026-09-09T17:27:46.833852Z,55.0,69.067,100,1,update,1000.5,1069.5,0,79.7,159.4,184.5,201.3,,,
20260909T172425Z_p4-chaos-dead,postgresql,chaos-dead,thesis,a5e48a8bbbc24fbf77c80ceaad1c8ff2f10a917e,2026-09-09T17:24:25.833200Z,2026-09-09T17:29:55.508303Z,2026-09-09T17:27:46.833852Z,56.0,70.066,100,1,read,4120.1,4246.4,0,2.8,6.6,10.5,17.8,,,
20260909T172425Z_p4-chaos-dead,postgresql,chaos-dead,thesis,a5e48a8bbbc24fbf77c80ceaad1c8ff2f10a917e,2026-09-09T17:24:25.833200Z,2026-09-09T17:29:55.508303Z,2026-09-09T17:27:46.833852Z,56.0,70.066,100,1,update,1021.8,1068.7,0,79.7,151.0,184.5,192.9,,,
20260909T172425Z_p4-chaos-dead,postgresql,chaos-dead,thesis,a5e48a8bbbc24fbf77c80ceaad1c8ff2f10a917e,2026-09-09T17:24:25.833200Z,2026-09-09T17:29:55.508303Z,2026-09-09T17:27:46.833852Z,57.0,71.064,100,1,read,3937.7,4241.0,0,2.9,7.3,11.5,18.9,,,
20260909T172425Z_p4-chaos-dead,postgresql,chaos-dead,thesis,a5e48a8bbbc24fbf77c80ceaad1c8ff2f10a917e,2026-09-09T17:24:25.833200Z,2026-09-09T17:29:55.508303Z,2026-09-09T17:27:46.833852Z,57.0,71.064,100,1,update,1016.9,1067.8,0,79.7,151.0,176.2,192.9,,,
20260909T172425Z_p4-chaos-dead,postgresql,chaos-dead,thesis,a5e48a8bbbc24fbf77c80ceaad1c8ff2f10a917e,2026-09-09T17:24:25.833200Z,2026-09-09T17:29:55.508303Z,2026-09-09T17:27:46.833852Z,58.0,72.056,100,1,read,4338.9,4242.7,0,2.8,6.8,10.5,15.2,,,
20260909T172425Z_p4-chaos-dead,postgresql,chaos-dead,thesis,a5e48a8bbbc24fbf77c80ceaad1c8ff2f10a917e,2026-09-09T17:24:25.833200Z,2026-09-09T17:29:55.508303Z,2026-09-09T17:27:46.833852Z,58.0,72.056,100,1,update,1014.2,1066.8,0,79.7,142.6,184.5,192.9,,,
20260909T172425Z_p4-chaos-dead,postgresql,chaos-dead,thesis,a5e48a8bbbc24fbf77c80ceaad1c8ff2f10a917e,2026-09-09T17:24:25.833200Z,2026-09-09T17:29:55.508303Z,2026-09-09T17:27:46.833852Z,59.0,73.053,100,1,read,3958.0,4237.8,0,3.0,7.6,10.5,16.8,,,
20260909T172425Z_p4-chaos-dead,postgresql,chaos-dead,thesis,a5e48a8bbbc24fbf77c80ceaad1c8ff2f10a917e,2026-09-09T17:24:25.833200Z,2026-09-09T17:29:55.508303Z,2026-09-09T17:27:46.833852Z,59.0,73.053,100,1,update,990.3,1065.5,0,79.7,142.6,176.2,184.5,,,
20260909T172425Z_p4-chaos-dead,postgresql,chaos-dead,thesis,a5e48a8bbbc24fbf77c80ceaad1c8ff2f10a917e,2026-09-09T17:24:25.833200Z,2026-09-09T17:29:55.508303Z,2026-09-09T17:27:46.833852Z,60.0,74.056,100,1,read,4084.8,4235.3,0,2.9,7.3,10.0,14.7,,,
20260909T172425Z_p4-chaos-dead,postgresql,chaos-dead,thesis,a5e48a8bbbc24fbf77c80ceaad1c8ff2f10a917e,2026-09-09T17:24:25.833200Z,2026-09-09T17:29:55.508303Z,2026-09-09T17:27:46.833852Z,60.0,74.056,100,1,update,973.9,1064.0,0,79.7,100.7,109.1,134.2,,,
20260909T172425Z_p4-chaos-dead,postgresql,chaos-dead,thesis,a5e48a8bbbc24fbf77c80ceaad1c8ff2f10a917e,2026-09-09T17:24:25.833200Z,2026-09-09T17:29:55.508303Z,2026-09-09T17:27:46.833852Z,61.0,75.057,100,1,read,4562.0,4240.7,0,3.0,7.9,12.6,24.1,,,
20260909T172425Z_p4-chaos-dead,postgresql,chaos-dead,thesis,a5e48a8bbbc24fbf77c80ceaad1c8ff2f10a917e,2026-09-09T17:24:25.833200Z,2026-09-09T17:29:55.508303Z,2026-09-09T17:27:46.833852Z,61.0,75.057,100,1,update,1108.8,1064.8,0,79.7,142.6,184.5,192.9,,,
20260909T172425Z_p4-chaos-dead,postgresql,chaos-dead,thesis,a5e48a8bbbc24fbf77c80ceaad1c8ff2f10a917e,2026-09-09T17:24:25.833200Z,2026-09-09T17:29:55.508303Z,2026-09-09T17:27:46.833852Z,62.0,76.069,100,1,read,4056.0,4237.7,0,3.0,6.6,10.5,14.2,,,
20260909T172425Z_p4-chaos-dead,postgresql,chaos-dead,thesis,a5e48a8bbbc24fbf77c80ceaad1c8ff2f10a917e,2026-09-09T17:24:25.833200Z,2026-09-09T17:29:55.508303Z,2026-09-09T17:27:46.833852Z,62.0,76.069,100,1,update,991.5,1063.6,0,79.7,159.4,184.5,192.9,,,
20260909T172425Z_p4-chaos-dead,postgresql,chaos-dead,thesis,a5e48a8bbbc24fbf77c80ceaad1c8ff2f10a917e,2026-09-09T17:24:25.833200Z,2026-09-09T17:29:55.508303Z,2026-09-09T17:27:46.833852Z,63.0,77.054,100,1,read,4020.4,4234.3,0,3.1,7.6,11.5,14.7,,,
20260909T172425Z_p4-chaos-dead,postgresql,chaos-dead,thesis,a5e48a8bbbc24fbf77c80ceaad1c8ff2f10a917e,2026-09-09T17:24:25.833200Z,2026-09-09T17:29:55.508303Z,2026-09-09T17:27:46.833852Z,63.0,77.054,100,1,update,997.1,1062.5,0,79.7,159.4,184.5,192.9,,,
20260909T172425Z_p4-chaos-dead,postgresql,chaos-dead,thesis,a5e48a8bbbc24fbf77c80ceaad1c8ff2f10a917e,2026-09-09T17:24:25.833200Z,2026-09-09T17:29:55.508303Z,2026-09-09T17:27:46.833852Z,64.0,78.061,100,1,read,3586.6,4224.1,0,3.0,8.9,11.5,15.2,,,
20260909T172425Z_p4-chaos-dead,postgresql,chaos-dead,thesis,a5e48a8bbbc24fbf77c80ceaad1c8ff2f10a917e,2026-09-09T17:24:25.833200Z,2026-09-09T17:29:55.508303Z,2026-09-09T17:27:46.833852Z,64.0,78.061,100,1,update,957.3,1060.9,0,83.9,151.0,167.8,176.2,,,
20260909T172425Z_p4-chaos-dead,postgresql,chaos-dead,thesis,a5e48a8bbbc24fbf77c80ceaad1c8ff2f10a917e,2026-09-09T17:24:25.833200Z,2026-09-09T17:29:55.508303Z,2026-09-09T17:27:46.833852Z,65.0,79.056,100,1,read,3567.5,4214.0,0,3.7,12.1,17.8,25.2,,,
20260909T172425Z_p4-chaos-dead,postgresql,chaos-dead,thesis,a5e48a8bbbc24fbf77c80ceaad1c8ff2f10a917e,2026-09-09T17:24:25.833200Z,2026-09-09T17:29:55.508303Z,2026-09-09T17:27:46.833852Z,65.0,79.056,100,1,update,892.9,1058.3,0,83.9,159.4,192.9,201.3,,,
20260909T172425Z_p4-chaos-dead,postgresql,chaos-dead,thesis,a5e48a8bbbc24fbf77c80ceaad1c8ff2f10a917e,2026-09-09T17:24:25.833200Z,2026-09-09T17:29:55.508303Z,2026-09-09T17:27:46.833852Z,66.0,80.074,100,1,read,1326.1,4170.2,100,4.7,16.8,22.0,44.0,,,
20260909T172425Z_p4-chaos-dead,postgresql,chaos-dead,thesis,a5e48a8bbbc24fbf77c80ceaad1c8ff2f10a917e,2026-09-09T17:24:25.833200Z,2026-09-09T17:29:55.508303Z,2026-09-09T17:27:46.833852Z,66.0,80.074,100,1,update,323.8,1047.2,100,88.1,121.6,130.0,130.0,,,
20260909T172425Z_p4-chaos-dead,postgresql,chaos-dead,thesis,a5e48a8bbbc24fbf77c80ceaad1c8ff2f10a917e,2026-09-09T17:24:25.833200Z,2026-09-09T17:29:55.508303Z,2026-09-09T17:27:46.833852Z,67.0,81.053,100,1,read,0.0,4108.0,100,0.0,0.0,0.0,0.0,,,
20260909T172425Z_p4-chaos-dead,postgresql,chaos-dead,thesis,a5e48a8bbbc24fbf77c80ceaad1c8ff2f10a917e,2026-09-09T17:24:25.833200Z,2026-09-09T17:29:55.508303Z,2026-09-09T17:27:46.833852Z,67.0,81.053,100,1,update,0.0,1031.5,100,0.0,0.0,0.0,0.0,,,
20260909T172425Z_p4-chaos-dead,postgresql,chaos-dead,thesis,a5e48a8bbbc24fbf77c80ceaad1c8ff2f10a917e,2026-09-09T17:24:25.833200Z,2026-09-09T17:29:55.508303Z,2026-09-09T17:27:46.833852Z,68.0,82.085,100,1,read,0.0,4047.6,100,0.0,0.0,0.0,0.0,,,
20260909T172425Z_p4-chaos-dead,postgresql,chaos-dead,thesis,a5e48a8bbbc24fbf77c80ceaad1c8ff2f10a917e,2026-09-09T17:24:25.833200Z,2026-09-09T17:29:55.508303Z,2026-09-09T17:27:46.833852Z,68.0,82.085,100,1,update,0.0,1016.4,100,0.0,0.0,0.0,0.0,,,
20260909T172425Z_p4-chaos-dead,postgresql,chaos-dead,thesis,a5e48a8bbbc24fbf77c80ceaad1c8ff2f10a917e,2026-09-09T17:24:25.833200Z,2026-09-09T17:29:55.508303Z,2026-09-09T17:27:46.833852Z,69.0,83.066,100,1,read,0.0,3988.9,100,0.0,0.0,0.0,0.0,,,
20260909T172425Z_p4-chaos-dead,postgresql,chaos-dead,thesis,a5e48a8bbbc24fbf77c80ceaad1c8ff2f10a917e,2026-09-09T17:24:25.833200Z,2026-09-09T17:29:55.508303Z,2026-09-09T17:27:46.833852Z,69.0,83.066,100,1,update,0.0,1001.6,100,0.0,0.0,0.0,0.0,,,
20260909T172425Z_p4-chaos-dead,postgresql,chaos-dead,thesis,a5e48a8bbbc24fbf77c80ceaad1c8ff2f10a917e,2026-09-09T17:24:25.833200Z,2026-09-09T17:29:55.508303Z,2026-09-09T17:27:46.833852Z,70.0,84.077,100,1,read,0.0,3932.0,100,0.0,0.0,0.0,0.0,,,
20260909T172425Z_p4-chaos-dead,postgresql,chaos-dead,thesis,a5e48a8bbbc24fbf77c80ceaad1c8ff2f10a917e,2026-09-09T17:24:25.833200Z,2026-09-09T17:29:55.508303Z,2026-09-09T17:27:46.833852Z,70.0,84.077,100,1,update,0.0,987.3,100,0.0,0.0,0.0,0.0,,,
20260909T172425Z_p4-chaos-dead,postgresql,chaos-dead,thesis,a5e48a8bbbc24fbf77c80ceaad1c8ff2f10a917e,2026-09-09T17:24:25.833200Z,2026-09-09T17:29:55.508303Z,2026-09-09T17:27:46.833852Z,71.0,85.054,100,1,read,0.0,3876.6,100,0.0,0.0,0.0,0.0,,,
20260909T172425Z_p4-chaos-dead,postgresql,chaos-dead,thesis,a5e48a8bbbc24fbf77c80ceaad1c8ff2f10a917e,2026-09-09T17:24:25.833200Z,2026-09-09T17:29:55.508303Z,2026-09-09T17:27:46.833852Z,71.0,85.054,100,1,update,0.0,973.4,100,0.0,0.0,0.0,0.0,,,
20260909T172425Z_p4-chaos-dead,postgresql,chaos-dead,thesis,a5e48a8bbbc24fbf77c80ceaad1c8ff2f10a917e,2026-09-09T17:24:25.833200Z,2026-09-09T17:29:55.508303Z,2026-09-09T17:27:46.833852Z,72.0,86.071,100,1,read,0.0,3822.7,100,0.0,0.0,0.0,0.0,,,
20260909T172425Z_p4-chaos-dead,postgresql,chaos-dead,thesis,a5e48a8bbbc24fbf77c80ceaad1c8ff2f10a917e,2026-09-09T17:24:25.833200Z,2026-09-09T17:29:55.508303Z,2026-09-09T17:27:46.833852Z,72.0,86.071,100,1,update,0.0,959.9,100,0.0,0.0,0.0,0.0,,,
20260909T172425Z_p4-chaos-dead,postgresql,chaos-dead,thesis,a5e48a8bbbc24fbf77c80ceaad1c8ff2f10a917e,2026-09-09T17:24:25.833200Z,2026-09-09T17:29:55.508303Z,2026-09-09T17:27:46.833852Z,73.0,87.06,100,1,read,0.0,3770.4,100,0.0,0.0,0.0,0.0,,,
20260909T172425Z_p4-chaos-dead,postgresql,chaos-dead,thesis,a5e48a8bbbc24fbf77c80ceaad1c8ff2f10a917e,2026-09-09T17:24:25.833200Z,2026-09-09T17:29:55.508303Z,2026-09-09T17:27:46.833852Z,73.0,87.06,100,1,update,0.0,946.7,100,0.0,0.0,0.0,0.0,,,
20260909T172425Z_p4-chaos-dead,postgresql,chaos-dead,thesis,a5e48a8bbbc24fbf77c80ceaad1c8ff2f10a917e,2026-09-09T17:24:25.833200Z,2026-09-09T17:29:55.508303Z,2026-09-09T17:27:46.833852Z,74.0,88.069,100,1,read,0.0,3719.4,100,0.0,0.0,0.0,0.0,,,
20260909T172425Z_p4-chaos-dead,postgresql,chaos-dead,thesis,a5e48a8bbbc24fbf77c80ceaad1c8ff2f10a917e,2026-09-09T17:24:25.833200Z,2026-09-09T17:29:55.508303Z,2026-09-09T17:27:46.833852Z,74.0,88.069,100,1,update,0.0,934.0,100,0.0,0.0,0.0,0.0,,,
20260909T172425Z_p4-chaos-dead,postgresql,chaos-dead,thesis,a5e48a8bbbc24fbf77c80ceaad1c8ff2f10a917e,2026-09-09T17:24:25.833200Z,2026-09-09T17:29:55.508303Z,2026-09-09T17:27:46.833852Z,75.0,89.059,100,1,read,0.0,3669.8,100,0.0,0.0,0.0,0.0,,,
20260909T172425Z_p4-chaos-dead,postgresql,chaos-dead,thesis,a5e48a8bbbc24fbf77c80ceaad1c8ff2f10a917e,2026-09-09T17:24:25.833200Z,2026-09-09T17:29:55.508303Z,2026-09-09T17:27:46.833852Z,75.0,89.059,100,1,update,0.0,921.5,100,0.0,0.0,0.0,0.0,,,
20260909T172425Z_p4-chaos-dead,postgresql,chaos-dead,thesis,a5e48a8bbbc24fbf77c80ceaad1c8ff2f10a917e,2026-09-09T17:24:25.833200Z,2026-09-09T17:29:55.508303Z,2026-09-09T17:27:46.833852Z,76.0,90.059,100,1,read,0.0,3621.5,100,0.0,0.0,0.0,0.0,,,
20260909T172425Z_p4-chaos-dead,postgresql,chaos-dead,thesis,a5e48a8bbbc24fbf77c80ceaad1c8ff2f10a917e,2026-09-09T17:24:25.833200Z,2026-09-09T17:29:55.508303Z,2026-09-09T17:27:46.833852Z,76.0,90.059,100,1,update,0.0,909.4,100,0.0,0.0,0.0,0.0,,,
20260909T172425Z_p4-chaos-dead,postgresql,chaos-dead,thesis,a5e48a8bbbc24fbf77c80ceaad1c8ff2f10a917e,2026-09-09T17:24:25.833200Z,2026-09-09T17:29:55.508303Z,2026-09-09T17:27:46.833852Z,77.0,91.054,100,1,read,0.0,3574.5,100,0.0,0.0,0.0,0.0,,,
20260909T172425Z_p4-chaos-dead,postgresql,chaos-dead,thesis,a5e48a8bbbc24fbf77c80ceaad1c8ff2f10a917e,2026-09-09T17:24:25.833200Z,2026-09-09T17:29:55.508303Z,2026-09-09T17:27:46.833852Z,77.0,91.054,100,1,update,0.0,897.6,100,0.0,0.0,0.0,0.0,,,
20260909T172425Z_p4-chaos-dead,postgresql,chaos-dead,thesis,a5e48a8bbbc24fbf77c80ceaad1c8ff2f10a917e,2026-09-09T17:24:25.833200Z,2026-09-09T17:29:55.508303Z,2026-09-09T17:27:46.833852Z,78.0,92.077,100,1,read,0.0,3528.7,100,0.0,0.0,0.0,0.0,,,
20260909T172425Z_p4-chaos-dead,postgresql,chaos-dead,thesis,a5e48a8bbbc24fbf77c80ceaad1c8ff2f10a917e,2026-09-09T17:24:25.833200Z,2026-09-09T17:29:55.508303Z,2026-09-09T17:27:46.833852Z,78.0,92.077,100,1,update,0.0,886.1,100,0.0,0.0,0.0,0.0,,,
20260909T172425Z_p4-chaos-dead,postgresql,chaos-dead,thesis,a5e48a8bbbc24fbf77c80ceaad1c8ff2f10a917e,2026-09-09T17:24:25.833200Z,2026-09-09T17:29:55.508303Z,2026-09-09T17:27:46.833852Z,79.0,93.053,100,1,read,0.0,3484.0,100,0.0,0.0,0.0,0.0,,,
20260909T172425Z_p4-chaos-dead,postgresql,chaos-dead,thesis,a5e48a8bbbc24fbf77c80ceaad1c8ff2f10a917e,2026-09-09T17:24:25.833200Z,2026-09-09T17:29:55.508303Z,2026-09-09T17:27:46.833852Z,79.0,93.053,100,1,update,0.0,874.8,100,0.0,0.0,0.0,0.0,,,
20260909T172425Z_p4-chaos-dead,postgresql,chaos-dead,thesis,a5e48a8bbbc24fbf77c80ceaad1c8ff2f10a917e,2026-09-09T17:24:25.833200Z,2026-09-09T17:29:55.508303Z,2026-09-09T17:27:46.833852Z,80.0,94.055,100,1,read,0.0,3440.5,100,0.0,0.0,0.0,0.0,,,
20260909T172425Z_p4-chaos-dead,postgresql,chaos-dead,thesis,a5e48a8bbbc24fbf77c80ceaad1c8ff2f10a917e,2026-09-09T17:24:25.833200Z,2026-09-09T17:29:55.508303Z,2026-09-09T17:27:46.833852Z,80.0,94.055,100,1,update,0.0,863.9,100,0.0,0.0,0.0,0.0,,,
20260909T172425Z_p4-chaos-dead,postgresql,chaos-dead,thesis,a5e48a8bbbc24fbf77c80ceaad1c8ff2f10a917e,2026-09-09T17:24:25.833200Z,2026-09-09T17:29:55.508303Z,2026-09-09T17:27:46.833852Z,81.0,95.054,100,1,read,0.0,3398.0,100,0.0,0.0,0.0,0.0,,,
20260909T172425Z_p4-chaos-dead,postgresql,chaos-dead,thesis,a5e48a8bbbc24fbf77c80ceaad1c8ff2f10a917e,2026-09-09T17:24:25.833200Z,2026-09-09T17:29:55.508303Z,2026-09-09T17:27:46.833852Z,81.0,95.054,100,1,update,0.0,853.2,100,0.0,0.0,0.0,0.0,,,
20260909T172425Z_p4-chaos-dead,postgresql,chaos-dead,thesis,a5e48a8bbbc24fbf77c80ceaad1c8ff2f10a917e,2026-09-09T17:24:25.833200Z,2026-09-09T17:29:55.508303Z,2026-09-09T17:27:46.833852Z,82.0,96.065,100,1,read,0.0,3356.5,100,0.0,0.0,0.0,0.0,,,
20260909T172425Z_p4-chaos-dead,postgresql,chaos-dead,thesis,a5e48a8bbbc24fbf77c80ceaad1c8ff2f10a917e,2026-09-09T17:24:25.833200Z,2026-09-09T17:29:55.508303Z,2026-09-09T17:27:46.833852Z,82.0,96.065,100,1,update,0.0,842.8,100,0.0,0.0,0.0,0.0,,,
20260909T172425Z_p4-chaos-dead,postgresql,chaos-dead,thesis,a5e48a8bbbc24fbf77c80ceaad1c8ff2f10a917e,2026-09-09T17:24:25.833200Z,2026-09-09T17:29:55.508303Z,2026-09-09T17:27:46.833852Z,83.0,97.062,100,1,read,0.0,3316.1,100,0.0,0.0,0.0,0.0,,,
20260909T172425Z_p4-chaos-dead,postgresql,chaos-dead,thesis,a5e48a8bbbc24fbf77c80ceaad1c8ff2f10a917e,2026-09-09T17:24:25.833200Z,2026-09-09T17:29:55.508303Z,2026-09-09T17:27:46.833852Z,83.0,97.062,100,1,update,0.0,832.7,100,0.0,0.0,0.0,0.0,,,
20260909T172425Z_p4-chaos-dead,postgresql,chaos-dead,thesis,a5e48a8bbbc24fbf77c80ceaad1c8ff2f10a917e,2026-09-09T17:24:25.833200Z,2026-09-09T17:29:55.508303Z,2026-09-09T17:27:46.833852Z,84.0,98.061,100,1,read,0.0,3276.6,100,0.0,0.0,0.0,0.0,,,
20260909T172425Z_p4-chaos-dead,postgresql,chaos-dead,thesis,a5e48a8bbbc24fbf77c80ceaad1c8ff2f10a917e,2026-09-09T17:24:25.833200Z,2026-09-09T17:29:55.508303Z,2026-09-09T17:27:46.833852Z,84.0,98.061,100,1,update,0.0,822.8,100,0.0,0.0,0.0,0.0,,,
20260909T172425Z_p4-chaos-dead,postgresql,chaos-dead,thesis,a5e48a8bbbc24fbf77c80ceaad1c8ff2f10a917e,2026-09-09T17:24:25.833200Z,2026-09-09T17:29:55.508303Z,2026-09-09T17:27:46.833852Z,85.0,99.054,100,1,read,0.0,3238.1,100,0.0,0.0,0.0,0.0,,,
20260909T172425Z_p4-chaos-dead,postgresql,chaos-dead,thesis,a5e48a8bbbc24fbf77c80ceaad1c8ff2f10a917e,2026-09-09T17:24:25.833200Z,2026-09-09T17:29:55.508303Z,2026-09-09T17:27:46.833852Z,85.0,99.054,100,1,update,0.0,813.1,100,0.0,0.0,0.0,0.0,,,
20260909T172425Z_p4-chaos-dead,postgresql,chaos-dead,thesis,a5e48a8bbbc24fbf77c80ceaad1c8ff2f10a917e,2026-09-09T17:24:25.833200Z,2026-09-09T17:29:55.508303Z,2026-09-09T17:27:46.833852Z,86.0,100.056,100,1,read,0.0,3200.4,100,0.0,0.0,0.0,0.0,,,
20260909T172425Z_p4-chaos-dead,postgresql,chaos-dead,thesis,a5e48a8bbbc24fbf77c80ceaad1c8ff2f10a917e,2026-09-09T17:24:25.833200Z,2026-09-09T17:29:55.508303Z,2026-09-09T17:27:46.833852Z,86.0,100.056,100,1,update,0.0,803.6,100,0.0,0.0,0.0,0.0,,,
20260909T172425Z_p4-chaos-dead,postgresql,chaos-dead,thesis,a5e48a8bbbc24fbf77c80ceaad1c8ff2f10a917e,2026-09-09T17:24:25.833200Z,2026-09-09T17:29:55.508303Z,2026-09-09T17:27:46.833852Z,87.0,101.053,100,1,read,0.0,3163.6,100,0.0,0.0,0.0,0.0,,,
20260909T172425Z_p4-chaos-dead,postgresql,chaos-dead,thesis,a5e48a8bbbc24fbf77c80ceaad1c8ff2f10a917e,2026-09-09T17:24:25.833200Z,2026-09-09T17:29:55.508303Z,2026-09-09T17:27:46.833852Z,87.0,101.053,100,1,update,0.0,794.4,100,0.0,0.0,0.0,0.0,,,
20260909T172425Z_p4-chaos-dead,postgresql,chaos-dead,thesis,a5e48a8bbbc24fbf77c80ceaad1c8ff2f10a917e,2026-09-09T17:24:25.833200Z,2026-09-09T17:29:55.508303Z,2026-09-09T17:27:46.833852Z,88.0,102.066,100,1,read,0.0,3127.7,100,0.0,0.0,0.0,0.0,,,
20260909T172425Z_p4-chaos-dead,postgresql,chaos-dead,thesis,a5e48a8bbbc24fbf77c80ceaad1c8ff2f10a917e,2026-09-09T17:24:25.833200Z,2026-09-09T17:29:55.508303Z,2026-09-09T17:27:46.833852Z,88.0,102.066,100,1,update,0.0,785.4,100,0.0,0.0,0.0,0.0,,,
20260909T172425Z_p4-chaos-dead,postgresql,chaos-dead,thesis,a5e48a8bbbc24fbf77c80ceaad1c8ff2f10a917e,2026-09-09T17:24:25.833200Z,2026-09-09T17:29:55.508303Z,2026-09-09T17:27:46.833852Z,89.0,103.054,100,1,read,0.0,3092.6,100,0.0,0.0,0.0,0.0,,,
20260909T172425Z_p4-chaos-dead,postgresql,chaos-dead,thesis,a5e48a8bbbc24fbf77c80ceaad1c8ff2f10a917e,2026-09-09T17:24:25.833200Z,2026-09-09T17:29:55.508303Z,2026-09-09T17:27:46.833852Z,89.0,103.054,100,1,update,0.0,776.5,100,0.0,0.0,0.0,0.0,,,
20260909T172425Z_p4-chaos-dead,postgresql,chaos-dead,thesis,a5e48a8bbbc24fbf77c80ceaad1c8ff2f10a917e,2026-09-09T17:24:25.833200Z,2026-09-09T17:29:55.508303Z,2026-09-09T17:27:46.833852Z,90.0,104.057,100,1,read,0.0,3058.2,100,0.0,0.0,0.0,0.0,,,
20260909T172425Z_p4-chaos-dead,postgresql,chaos-dead,thesis,a5e48a8bbbc24fbf77c80ceaad1c8ff2f10a917e,2026-09-09T17:24:25.833200Z,2026-09-09T17:29:55.508303Z,2026-09-09T17:27:46.833852Z,90.0,104.057,100,1,update,0.0,767.9,100,0.0,0.0,0.0,0.0,,,
20260909T172425Z_p4-chaos-dead,postgresql,chaos-dead,thesis,a5e48a8bbbc24fbf77c80ceaad1c8ff2f10a917e,2026-09-09T17:24:25.833200Z,2026-09-09T17:29:55.508303Z,2026-09-09T17:27:46.833852Z,91.0,105.057,100,1,read,0.0,3024.6,100,0.0,0.0,0.0,0.0,,,
20260909T172425Z_p4-chaos-dead,postgresql,chaos-dead,thesis,a5e48a8bbbc24fbf77c80ceaad1c8ff2f10a917e,2026-09-09T17:24:25.833200Z,2026-09-09T17:29:55.508303Z,2026-09-09T17:27:46.833852Z,91.0,105.057,100,1,update,0.0,759.5,100,0.0,0.0,0.0,0.0,,,
20260909T172425Z_p4-chaos-dead,postgresql,chaos-dead,thesis,a5e48a8bbbc24fbf77c80ceaad1c8ff2f10a917e,2026-09-09T17:24:25.833200Z,2026-09-09T17:29:55.508303Z,2026-09-09T17:27:46.833852Z,92.0,106.056,100,1,read,0.0,2991.7,100,0.0,0.0,0.0,0.0,,,
20260909T172425Z_p4-chaos-dead,postgresql,chaos-dead,thesis,a5e48a8bbbc24fbf77c80ceaad1c8ff2f10a917e,2026-09-09T17:24:25.833200Z,2026-09-09T17:29:55.508303Z,2026-09-09T17:27:46.833852Z,92.0,106.056,100,1,update,0.0,751.2,100,0.0,0.0,0.0,0.0,,,
20260909T172425Z_p4-chaos-dead,postgresql,chaos-dead,thesis,a5e48a8bbbc24fbf77c80ceaad1c8ff2f10a917e,2026-09-09T17:24:25.833200Z,2026-09-09T17:29:55.508303Z,2026-09-09T17:27:46.833852Z,93.0,107.057,100,1,read,0.0,2959.5,100,0.0,0.0,0.0,0.0,,,
20260909T172425Z_p4-chaos-dead,postgresql,chaos-dead,thesis,a5e48a8bbbc24fbf77c80ceaad1c8ff2f10a917e,2026-09-09T17:24:25.833200Z,2026-09-09T17:29:55.508303Z,2026-09-09T17:27:46.833852Z,93.0,107.057,100,1,update,0.0,743.1,100,0.0,0.0,0.0,0.0,,,
20260909T172425Z_p4-chaos-dead,postgresql,chaos-dead,thesis,a5e48a8bbbc24fbf77c80ceaad1c8ff2f10a917e,2026-09-09T17:24:25.833200Z,2026-09-09T17:29:55.508303Z,2026-09-09T17:27:46.833852Z,94.0,108.054,100,1,read,0.0,2928.1,100,0.0,0.0,0.0,0.0,,,
20260909T172425Z_p4-chaos-dead,postgresql,chaos-dead,thesis,a5e48a8bbbc24fbf77c80ceaad1c8ff2f10a917e,2026-09-09T17:24:25.833200Z,2026-09-09T17:29:55.508303Z,2026-09-09T17:27:46.833852Z,94.0,108.054,100,1,update,0.0,735.2,100,0.0,0.0,0.0,0.0,,,
20260909T172425Z_p4-chaos-dead,postgresql,chaos-dead,thesis,a5e48a8bbbc24fbf77c80ceaad1c8ff2f10a917e,2026-09-09T17:24:25.833200Z,2026-09-09T17:29:55.508303Z,2026-09-09T17:27:46.833852Z,95.0,109.054,100,1,read,0.0,2897.2,100,0.0,0.0,0.0,0.0,,,
20260909T172425Z_p4-chaos-dead,postgresql,chaos-dead,thesis,a5e48a8bbbc24fbf77c80ceaad1c8ff2f10a917e,2026-09-09T17:24:25.833200Z,2026-09-09T17:29:55.508303Z,2026-09-09T17:27:46.833852Z,95.0,109.054,100,1,update,0.0,727.5,100,0.0,0.0,0.0,0.0,,,
20260909T172425Z_p4-chaos-dead,postgresql,chaos-dead,thesis,a5e48a8bbbc24fbf77c80ceaad1c8ff2f10a917e,2026-09-09T17:24:25.833200Z,2026-09-09T17:29:55.508303Z,2026-09-09T17:27:46.833852Z,96.0,110.055,100,1,read,0.0,2867.1,100,0.0,0.0,0.0,0.0,,,
20260909T172425Z_p4-chaos-dead,postgresql,chaos-dead,thesis,a5e48a8bbbc24fbf77c80ceaad1c8ff2f10a917e,2026-09-09T17:24:25.833200Z,2026-09-09T17:29:55.508303Z,2026-09-09T17:27:46.833852Z,96.0,110.055,100,1,update,0.0,719.9,100,0.0,0.0,0.0,0.0,,,
20260909T172425Z_p4-chaos-dead,postgresql,chaos-dead,thesis,a5e48a8bbbc24fbf77c80ceaad1c8ff2f10a917e,2026-09-09T17:24:25.833200Z,2026-09-09T17:29:55.508303Z,2026-09-09T17:27:46.833852Z,97.0,111.056,100,1,read,0.0,2837.5,100,0.0,0.0,0.0,0.0,,,
20260909T172425Z_p4-chaos-dead,postgresql,chaos-dead,thesis,a5e48a8bbbc24fbf77c80ceaad1c8ff2f10a917e,2026-09-09T17:24:25.833200Z,2026-09-09T17:29:55.508303Z,2026-09-09T17:27:46.833852Z,97.0,111.056,100,1,update,0.0,712.5,100,0.0,0.0,0.0,0.0,,,
20260909T172425Z_p4-chaos-dead,postgresql,chaos-dead,thesis,a5e48a8bbbc24fbf77c80ceaad1c8ff2f10a917e,2026-09-09T17:24:25.833200Z,2026-09-09T17:29:55.508303Z,2026-09-09T17:27:46.833852Z,98.0,112.057,100,1,read,0.0,2808.5,100,0.0,0.0,0.0,0.0,,,
20260909T172425Z_p4-chaos-dead,postgresql,chaos-dead,thesis,a5e48a8bbbc24fbf77c80ceaad1c8ff2f10a917e,2026-09-09T17:24:25.833200Z,2026-09-09T17:29:55.508303Z,2026-09-09T17:27:46.833852Z,98.0,112.057,100,1,update,0.0,705.2,100,0.0,0.0,0.0,0.0,,,
20260909T172425Z_p4-chaos-dead,postgresql,chaos-dead,thesis,a5e48a8bbbc24fbf77c80ceaad1c8ff2f10a917e,2026-09-09T17:24:25.833200Z,2026-09-09T17:29:55.508303Z,2026-09-09T17:27:46.833852Z,99.0,113.157,100,1,read,0.0,2780.2,100,0.0,0.0,0.0,0.0,,,
20260909T172425Z_p4-chaos-dead,postgresql,chaos-dead,thesis,a5e48a8bbbc24fbf77c80ceaad1c8ff2f10a917e,2026-09-09T17:24:25.833200Z,2026-09-09T17:29:55.508303Z,2026-09-09T17:27:46.833852Z,99.0,113.157,100,1,update,0.0,698.1,100,0.0,0.0,0.0,0.0,,,
20260909T172425Z_p4-chaos-dead,postgresql,chaos-dead,thesis,a5e48a8bbbc24fbf77c80ceaad1c8ff2f10a917e,2026-09-09T17:24:25.833200Z,2026-09-09T17:29:55.508303Z,2026-09-09T17:27:46.833852Z,100.0,114.066,100,1,read,0.0,2752.4,100,0.0,0.0,0.0,0.0,,,
20260909T172425Z_p4-chaos-dead,postgresql,chaos-dead,thesis,a5e48a8bbbc24fbf77c80ceaad1c8ff2f10a917e,2026-09-09T17:24:25.833200Z,2026-09-09T17:29:55.508303Z,2026-09-09T17:27:46.833852Z,100.0,114.066,100,1,update,0.0,691.1,100,0.0,0.0,0.0,0.0,,,
20260909T172425Z_p4-chaos-dead,postgresql,chaos-dead,thesis,a5e48a8bbbc24fbf77c80ceaad1c8ff2f10a917e,2026-09-09T17:24:25.833200Z,2026-09-09T17:29:55.508303Z,2026-09-09T17:27:46.833852Z,101.0,115.055,100,1,read,0.0,2725.1,100,0.0,0.0,0.0,0.0,,,
20260909T172425Z_p4-chaos-dead,postgresql,chaos-dead,thesis,a5e48a8bbbc24fbf77c80ceaad1c8ff2f10a917e,2026-09-09T17:24:25.833200Z,2026-09-09T17:29:55.508303Z,2026-09-09T17:27:46.833852Z,101.0,115.055,100,1,update,0.0,684.3,100,0.0,0.0,0.0,0.0,,,
20260909T172425Z_p4-chaos-dead,postgresql,chaos-dead,thesis,a5e48a8bbbc24fbf77c80ceaad1c8ff2f10a917e,2026-09-09T17:24:25.833200Z,2026-09-09T17:29:55.508303Z,2026-09-09T17:27:46.833852Z,102.0,116.055,100,1,read,0.0,2698.4,100,0.0,0.0,0.0,0.0,,,
20260909T172425Z_p4-chaos-dead,postgresql,chaos-dead,thesis,a5e48a8bbbc24fbf77c80ceaad1c8ff2f10a917e,2026-09-09T17:24:25.833200Z,2026-09-09T17:29:55.508303Z,2026-09-09T17:27:46.833852Z,102.0,116.055,100,1,update,0.0,677.6,100,0.0,0.0,0.0,0.0,,,
20260909T172425Z_p4-chaos-dead,postgresql,chaos-dead,thesis,a5e48a8bbbc24fbf77c80ceaad1c8ff2f10a917e,2026-09-09T17:24:25.833200Z,2026-09-09T17:29:55.508303Z,2026-09-09T17:27:46.833852Z,103.0,117.055,100,1,read,6.0,2672.3,100,243.3,268.4,268.4,268.4,,,
20260909T172425Z_p4-chaos-dead,postgresql,chaos-dead,thesis,a5e48a8bbbc24fbf77c80ceaad1c8ff2f10a917e,2026-09-09T17:24:25.833200Z,2026-09-09T17:29:55.508303Z,2026-09-09T17:27:46.833852Z,103.0,117.055,100,1,update,0.0,671.0,100,0.0,0.0,0.0,0.0,,,
20260909T172425Z_p4-chaos-dead,postgresql,chaos-dead,thesis,a5e48a8bbbc24fbf77c80ceaad1c8ff2f10a917e,2026-09-09T17:24:25.833200Z,2026-09-09T17:29:55.508303Z,2026-09-09T17:27:46.833852Z,104.0,118.089,100,1,read,10.0,2646.7,100,209.7,251.7,251.7,251.7,,,
20260909T172425Z_p4-chaos-dead,postgresql,chaos-dead,thesis,a5e48a8bbbc24fbf77c80ceaad1c8ff2f10a917e,2026-09-09T17:24:25.833200Z,2026-09-09T17:29:55.508303Z,2026-09-09T17:27:46.833852Z,104.0,118.089,100,1,update,1.0,664.6,100,419.4,419.4,419.4,419.4,,,
20260909T172425Z_p4-chaos-dead,postgresql,chaos-dead,thesis,a5e48a8bbbc24fbf77c80ceaad1c8ff2f10a917e,2026-09-09T17:24:25.833200Z,2026-09-09T17:29:55.508303Z,2026-09-09T17:27:46.833852Z,105.0,119.054,100,1,read,8.0,2621.5,100,209.7,260.0,260.0,260.0,,,
20260909T172425Z_p4-chaos-dead,postgresql,chaos-dead,thesis,a5e48a8bbbc24fbf77c80ceaad1c8ff2f10a917e,2026-09-09T17:24:25.833200Z,2026-09-09T17:29:55.508303Z,2026-09-09T17:27:46.833852Z,105.0,119.054,100,1,update,5.0,658.3,100,453.0,520.1,520.1,520.1,,,
20260909T172425Z_p4-chaos-dead,postgresql,chaos-dead,thesis,a5e48a8bbbc24fbf77c80ceaad1c8ff2f10a917e,2026-09-09T17:24:25.833200Z,2026-09-09T17:29:55.508303Z,2026-09-09T17:27:46.833852Z,106.0,120.059,100,1,read,21.0,2597.0,100,209.7,209.7,209.7,209.7,,,
20260909T172425Z_p4-chaos-dead,postgresql,chaos-dead,thesis,a5e48a8bbbc24fbf77c80ceaad1c8ff2f10a917e,2026-09-09T17:24:25.833200Z,2026-09-09T17:29:55.508303Z,2026-09-09T17:27:46.833852Z,106.0,120.059,100,1,update,4.0,652.1,100,419.4,419.4,419.4,419.4,,,
20260909T172425Z_p4-chaos-dead,postgresql,chaos-dead,thesis,a5e48a8bbbc24fbf77c80ceaad1c8ff2f10a917e,2026-09-09T17:24:25.833200Z,2026-09-09T17:29:55.508303Z,2026-09-09T17:27:46.833852Z,107.0,121.057,100,1,read,28.0,2573.0,100,209.7,209.7,209.7,209.7,,,
20260909T172425Z_p4-chaos-dead,postgresql,chaos-dead,thesis,a5e48a8bbbc24fbf77c80ceaad1c8ff2f10a917e,2026-09-09T17:24:25.833200Z,2026-09-09T17:29:55.508303Z,2026-09-09T17:27:46.833852Z,107.0,121.057,100,1,update,5.0,646.1,100,419.4,419.4,419.4,419.4,,,
20260909T172425Z_p4-chaos-dead,postgresql,chaos-dead,thesis,a5e48a8bbbc24fbf77c80ceaad1c8ff2f10a917e,2026-09-09T17:24:25.833200Z,2026-09-09T17:29:55.508303Z,2026-09-09T17:27:46.833852Z,108.0,122.06,100,1,read,24.0,2549.4,100,209.7,209.7,209.7,209.7,,,
20260909T172425Z_p4-chaos-dead,postgresql,chaos-dead,thesis,a5e48a8bbbc24fbf77c80ceaad1c8ff2f10a917e,2026-09-09T17:24:25.833200Z,2026-09-09T17:29:55.508303Z,2026-09-09T17:27:46.833852Z,108.0,122.06,100,1,update,11.0,640.2,100,419.4,419.4,419.4,419.4,,,
20260909T172425Z_p4-chaos-dead,postgresql,chaos-dead,thesis,a5e48a8bbbc24fbf77c80ceaad1c8ff2f10a917e,2026-09-09T17:24:25.833200Z,2026-09-09T17:29:55.508303Z,2026-09-09T17:27:46.833852Z,109.0,123.061,100,1,read,35.0,2526.3,100,209.7,234.9,234.9,234.9,,,
20260909T172425Z_p4-chaos-dead,postgresql,chaos-dead,thesis,a5e48a8bbbc24fbf77c80ceaad1c8ff2f10a917e,2026-09-09T17:24:25.833200Z,2026-09-09T17:29:55.508303Z,2026-09-09T17:27:46.833852Z,109.0,123.061,100,1,update,11.0,634.4,100,419.4,419.4,436.2,436.2,,,
20260909T172425Z_p4-chaos-dead,postgresql,chaos-dead,thesis,a5e48a8bbbc24fbf77c80ceaad1c8ff2f10a917e,2026-09-09T17:24:25.833200Z,2026-09-09T17:29:55.508303Z,2026-09-09T17:27:46.833852Z,110.0,124.08,100,1,read,31.0,2503.6,100,209.7,268.4,268.4,268.4,,,
20260909T172425Z_p4-chaos-dead,postgresql,chaos-dead,thesis,a5e48a8bbbc24fbf77c80ceaad1c8ff2f10a917e,2026-09-09T17:24:25.833200Z,2026-09-09T17:29:55.508303Z,2026-09-09T17:27:46.833852Z,110.0,124.08,100,1,update,15.0,628.8,100,419.4,469.8,469.8,469.8,,,
20260909T172425Z_p4-chaos-dead,postgresql,chaos-dead,thesis,a5e48a8bbbc24fbf77c80ceaad1c8ff2f10a917e,2026-09-09T17:24:25.833200Z,2026-09-09T17:29:55.508303Z,2026-09-09T17:27:46.833852Z,111.0,125.059,100,1,read,41.0,2481.5,100,209.7,218.1,218.1,218.1,,,
20260909T172425Z_p4-chaos-dead,postgresql,chaos-dead,thesis,a5e48a8bbbc24fbf77c80ceaad1c8ff2f10a917e,2026-09-09T17:24:25.833200Z,2026-09-09T17:29:55.508303Z,2026-09-09T17:27:46.833852Z,111.0,125.059,100,1,update,11.0,623.2,100,419.4,419.4,419.4,419.4,,,
20260909T172425Z_p4-chaos-dead,postgresql,chaos-dead,thesis,a5e48a8bbbc24fbf77c80ceaad1c8ff2f10a917e,2026-09-09T17:24:25.833200Z,2026-09-09T17:29:55.508303Z,2026-09-09T17:27:46.833852Z,112.0,126.075,100,1,read,51.0,2459.8,100,209.7,209.7,209.7,209.7,,,
20260909T172425Z_p4-chaos-dead,postgresql,chaos-dead,thesis,a5e48a8bbbc24fbf77c80ceaad1c8ff2f10a917e,2026-09-09T17:24:25.833200Z,2026-09-09T17:29:55.508303Z,2026-09-09T17:27:46.833852Z,112.0,126.075,100,1,update,13.0,617.8,100,419.4,419.4,419.4,419.4,,,
20260909T172425Z_p4-chaos-dead,postgresql,chaos-dead,thesis,a5e48a8bbbc24fbf77c80ceaad1c8ff2f10a917e,2026-09-09T17:24:25.833200Z,2026-09-09T17:29:55.508303Z,2026-09-09T17:27:46.833852Z,113.0,127.068,100,1,read,55.0,2438.5,100,209.7,209.7,209.7,209.7,,,
20260909T172425Z_p4-chaos-dead,postgresql,chaos-dead,thesis,a5e48a8bbbc24fbf77c80ceaad1c8ff2f10a917e,2026-09-09T17:24:25.833200Z,2026-09-09T17:29:55.508303Z,2026-09-09T17:27:46.833852Z,113.0,127.068,100,1,update,15.0,612.4,100,419.4,419.4,419.4,419.4,,,
20260909T172425Z_p4-chaos-dead,postgresql,chaos-dead,thesis,a5e48a8bbbc24fbf77c80ceaad1c8ff2f10a917e,2026-09-09T17:24:25.833200Z,2026-09-09T17:29:55.508303Z,2026-09-09T17:27:46.833852Z,114.0,128.087,100,1,read,63.0,2417.6,100,209.7,209.7,209.7,209.7,,,
20260909T172425Z_p4-chaos-dead,postgresql,chaos-dead,thesis,a5e48a8bbbc24fbf77c80ceaad1c8ff2f10a917e,2026-09-09T17:24:25.833200Z,2026-09-09T17:29:55.508303Z,2026-09-09T17:27:46.833852Z,114.0,128.087,100,1,update,18.0,607.2,100,419.4,419.4,419.4,419.4,,,
20260909T172425Z_p4-chaos-dead,postgresql,chaos-dead,thesis,a5e48a8bbbc24fbf77c80ceaad1c8ff2f10a917e,2026-09-09T17:24:25.833200Z,2026-09-09T17:29:55.508303Z,2026-09-09T17:27:46.833852Z,115.0,129.081,100,1,read,79.0,2397.3,100,209.7,209.7,209.7,209.7,,,
20260909T172425Z_p4-chaos-dead,postgresql,chaos-dead,thesis,a5e48a8bbbc24fbf77c80ceaad1c8ff2f10a917e,2026-09-09T17:24:25.833200Z,2026-09-09T17:29:55.508303Z,2026-09-09T17:27:46.833852Z,115.0,129.081,100,1,update,9.0,602.0,100,419.4,419.4,419.4,419.4,,,
20260909T172425Z_p4-chaos-dead,postgresql,chaos-dead,thesis,a5e48a8bbbc24fbf77c80ceaad1c8ff2f10a917e,2026-09-09T17:24:25.833200Z,2026-09-09T17:29:55.508303Z,2026-09-09T17:27:46.833852Z,116.0,130.082,100,1,read,76.0,2377.3,100,209.7,209.7,209.7,209.7,,,
20260909T172425Z_p4-chaos-dead,postgresql,chaos-dead,thesis,a5e48a8bbbc24fbf77c80ceaad1c8ff2f10a917e,2026-09-09T17:24:25.833200Z,2026-09-09T17:29:55.508303Z,2026-09-09T17:27:46.833852Z,116.0,130.082,100,1,update,18.0,597.0,100,419.4,453.0,453.0,453.0,,,
20260909T172425Z_p4-chaos-dead,postgresql,chaos-dead,thesis,a5e48a8bbbc24fbf77c80ceaad1c8ff2f10a917e,2026-09-09T17:24:25.833200Z,2026-09-09T17:29:55.508303Z,2026-09-09T17:27:46.833852Z,117.0,131.06,100,1,read,76.0,2357.6,100,209.7,209.7,209.7,209.7,,,
20260909T172425Z_p4-chaos-dead,postgresql,chaos-dead,thesis,a5e48a8bbbc24fbf77c80ceaad1c8ff2f10a917e,2026-09-09T17:24:25.833200Z,2026-09-09T17:29:55.508303Z,2026-09-09T17:27:46.833852Z,117.0,131.06,100,1,update,21.0,592.0,100,419.4,436.2,436.2,436.2,,,
20260909T172425Z_p4-chaos-dead,postgresql,chaos-dead,thesis,a5e48a8bbbc24fbf77c80ceaad1c8ff2f10a917e,2026-09-09T17:24:25.833200Z,2026-09-09T17:29:55.508303Z,2026-09-09T17:27:46.833852Z,118.0,132.058,100,1,read,86.0,2338.4,100,209.7,209.7,209.7,209.7,,,
20260909T172425Z_p4-chaos-dead,postgresql,chaos-dead,thesis,a5e48a8bbbc24fbf77c80ceaad1c8ff2f10a917e,2026-09-09T17:24:25.833200Z,2026-09-09T17:29:55.508303Z,2026-09-09T17:27:46.833852Z,118.0,132.058,100,1,update,21.0,587.2,100,419.4,419.4,419.4,419.4,,,
20260909T172425Z_p4-chaos-dead,postgresql,chaos-dead,thesis,a5e48a8bbbc24fbf77c80ceaad1c8ff2f10a917e,2026-09-09T17:24:25.833200Z,2026-09-09T17:29:55.508303Z,2026-09-09T17:27:46.833852Z,119.0,133.082,100,1,read,94.0,2319.5,100,209.7,234.9,243.3,243.3,,,
20260909T172425Z_p4-chaos-dead,postgresql,chaos-dead,thesis,a5e48a8bbbc24fbf77c80ceaad1c8ff2f10a917e,2026-09-09T17:24:25.833200Z,2026-09-09T17:29:55.508303Z,2026-09-09T17:27:46.833852Z,119.0,133.082,100,1,update,22.0,582.5,100,419.4,453.0,453.0,453.0,,,
20260909T172425Z_p4-chaos-dead,postgresql,chaos-dead,thesis,a5e48a8bbbc24fbf77c80ceaad1c8ff2f10a917e,2026-09-09T17:24:25.833200Z,2026-09-09T17:29:55.508303Z,2026-09-09T17:27:46.833852Z,120.0,134.092,100,1,read,86.0,2300.9,100,209.7,234.9,234.9,234.9,,,
20260909T172425Z_p4-chaos-dead,postgresql,chaos-dead,thesis,a5e48a8bbbc24fbf77c80ceaad1c8ff2f10a917e,2026-09-09T17:24:25.833200Z,2026-09-09T17:29:55.508303Z,2026-09-09T17:27:46.833852Z,120.0,134.092,100,1,update,16.0,577.7,100,419.4,436.2,436.2,436.2,,,
20260909T172425Z_p4-chaos-dead,postgresql,chaos-dead,thesis,a5e48a8bbbc24fbf77c80ceaad1c8ff2f10a917e,2026-09-09T17:24:25.833200Z,2026-09-09T17:29:55.508303Z,2026-09-09T17:27:46.833852Z,121.0,135.113,100,1,read,105.0,2282.8,100,209.7,209.7,209.7,209.7,,,
20260909T172425Z_p4-chaos-dead,postgresql,chaos-dead,thesis,a5e48a8bbbc24fbf77c80ceaad1c8ff2f10a917e,2026-09-09T17:24:25.833200Z,2026-09-09T17:29:55.508303Z,2026-09-09T17:27:46.833852Z,121.0,135.113,100,1,update,25.0,573.2,100,419.4,419.4,419.4,419.4,,,
20260909T172425Z_p4-chaos-dead,postgresql,chaos-dead,thesis,a5e48a8bbbc24fbf77c80ceaad1c8ff2f10a917e,2026-09-09T17:24:25.833200Z,2026-09-09T17:29:55.508303Z,2026-09-09T17:27:46.833852Z,122.0,136.076,100,1,read,104.0,2264.9,100,209.7,209.7,209.7,209.7,,,
20260909T172425Z_p4-chaos-dead,postgresql,chaos-dead,thesis,a5e48a8bbbc24fbf77c80ceaad1c8ff2f10a917e,2026-09-09T17:24:25.833200Z,2026-09-09T17:29:55.508303Z,2026-09-09T17:27:46.833852Z,122.0,136.076,100,1,update,28.0,568.7,100,419.4,419.4,419.4,419.4,,,
20260909T172425Z_p4-chaos-dead,postgresql,chaos-dead,thesis,a5e48a8bbbc24fbf77c80ceaad1c8ff2f10a917e,2026-09-09T17:24:25.833200Z,2026-09-09T17:29:55.508303Z,2026-09-09T17:27:46.833852Z,123.0,137.072,100,1,read,100.0,2247.3,100,209.7,209.7,209.7,209.7,,,
20260909T172425Z_p4-chaos-dead,postgresql,chaos-dead,thesis,a5e48a8bbbc24fbf77c80ceaad1c8ff2f10a917e,2026-09-09T17:24:25.833200Z,2026-09-09T17:29:55.508303Z,2026-09-09T17:27:46.833852Z,123.0,137.072,100,1,update,30.0,564.3,100,419.4,419.4,419.4,419.4,,,
20260909T172425Z_p4-chaos-dead,postgresql,chaos-dead,thesis,a5e48a8bbbc24fbf77c80ceaad1c8ff2f10a917e,2026-09-09T17:24:25.833200Z,2026-09-09T17:29:55.508303Z,2026-09-09T17:27:46.833852Z,124.0,138.096,100,1,read,118.0,2230.1,100,209.7,285.2,285.2,285.2,,,
20260909T172425Z_p4-chaos-dead,postgresql,chaos-dead,thesis,a5e48a8bbbc24fbf77c80ceaad1c8ff2f10a917e,2026-09-09T17:24:25.833200Z,2026-09-09T17:29:55.508303Z,2026-09-09T17:27:46.833852Z,124.0,138.096,100,1,update,34.0,560.0,100,419.4,436.2,436.2,436.2,,,
20260909T172425Z_p4-chaos-dead,postgresql,chaos-dead,thesis,a5e48a8bbbc24fbf77c80ceaad1c8ff2f10a917e,2026-09-09T17:24:25.833200Z,2026-09-09T17:29:55.508303Z,2026-09-09T17:27:46.833852Z,125.0,139.056,100,1,read,117.0,2213.2,100,209.7,209.7,209.7,209.7,,,
20260909T172425Z_p4-chaos-dead,postgresql,chaos-dead,thesis,a5e48a8bbbc24fbf77c80ceaad1c8ff2f10a917e,2026-09-09T17:24:25.833200Z,2026-09-09T17:29:55.508303Z,2026-09-09T17:27:46.833852Z,125.0,139.056,100,1,update,36.0,555.9,100,369.1,369.1,369.1,369.1,,,
20260909T172425Z_p4-chaos-dead,postgresql,chaos-dead,thesis,a5e48a8bbbc24fbf77c80ceaad1c8ff2f10a917e,2026-09-09T17:24:25.833200Z,2026-09-09T17:29:55.508303Z,2026-09-09T17:27:46.833852Z,126.0,140.09,100,1,read,138.9,2196.7,100,209.7,285.2,318.8,318.8,,,
20260909T172425Z_p4-chaos-dead,postgresql,chaos-dead,thesis,a5e48a8bbbc24fbf77c80ceaad1c8ff2f10a917e,2026-09-09T17:24:25.833200Z,2026-09-09T17:29:55.508303Z,2026-09-09T17:27:46.833852Z,126.0,140.09,100,1,update,25.0,551.6,100,369.1,453.0,453.0,453.0,,,
20260909T172425Z_p4-chaos-dead,postgresql,chaos-dead,thesis,a5e48a8bbbc24fbf77c80ceaad1c8ff2f10a917e,2026-09-09T17:24:25.833200Z,2026-09-09T17:29:55.508303Z,2026-09-09T17:27:46.833852Z,127.0,141.061,100,1,read,144.1,2180.6,100,209.7,209.7,218.1,218.1,,,
20260909T172425Z_p4-chaos-dead,postgresql,chaos-dead,thesis,a5e48a8bbbc24fbf77c80ceaad1c8ff2f10a917e,2026-09-09T17:24:25.833200Z,2026-09-09T17:29:55.508303Z,2026-09-09T17:27:46.833852Z,127.0,141.061,100,1,update,30.0,547.5,100,369.1,369.1,369.1,369.1,,,
20260909T172425Z_p4-chaos-dead,postgresql,chaos-dead,thesis,a5e48a8bbbc24fbf77c80ceaad1c8ff2f10a917e,2026-09-09T17:24:25.833200Z,2026-09-09T17:29:55.508303Z,2026-09-09T17:27:46.833852Z,128.0,142.071,100,1,read,165.0,2164.8,100,209.7,209.7,209.7,209.7,,,
20260909T172425Z_p4-chaos-dead,postgresql,chaos-dead,thesis,a5e48a8bbbc24fbf77c80ceaad1c8ff2f10a917e,2026-09-09T17:24:25.833200Z,2026-09-09T17:29:55.508303Z,2026-09-09T17:27:46.833852Z,128.0,142.071,100,1,update,22.0,543.4,100,369.1,369.1,369.1,369.1,,,
20260909T172425Z_p4-chaos-dead,postgresql,chaos-dead,thesis,a5e48a8bbbc24fbf77c80ceaad1c8ff2f10a917e,2026-09-09T17:24:25.833200Z,2026-09-09T17:29:55.508303Z,2026-09-09T17:27:46.833852Z,129.0,143.061,100,1,read,153.0,2149.2,100,209.7,218.1,226.5,234.9,,,
20260909T172425Z_p4-chaos-dead,postgresql,chaos-dead,thesis,a5e48a8bbbc24fbf77c80ceaad1c8ff2f10a917e,2026-09-09T17:24:25.833200Z,2026-09-09T17:29:55.508303Z,2026-09-09T17:27:46.833852Z,129.0,143.061,100,1,update,32.0,539.5,100,369.1,369.1,385.9,385.9,,,
20260909T172425Z_p4-chaos-dead,postgresql,chaos-dead,thesis,a5e48a8bbbc24fbf77c80ceaad1c8ff2f10a917e,2026-09-09T17:24:25.833200Z,2026-09-09T17:29:55.508303Z,2026-09-09T17:27:46.833852Z,130.0,144.06,100,1,read,153.0,2133.9,100,209.7,209.7,209.7,226.5,,,
20260909T172425Z_p4-chaos-dead,postgresql,chaos-dead,thesis,a5e48a8bbbc24fbf77c80ceaad1c8ff2f10a917e,2026-09-09T17:24:25.833200Z,2026-09-09T17:29:55.508303Z,2026-09-09T17:27:46.833852Z,130.0,144.06,100,1,update,35.0,535.6,100,369.1,369.1,385.9,385.9,,,
20260909T172425Z_p4-chaos-dead,postgresql,chaos-dead,thesis,a5e48a8bbbc24fbf77c80ceaad1c8ff2f10a917e,2026-09-09T17:24:25.833200Z,2026-09-09T17:29:55.508303Z,2026-09-09T17:27:46.833852Z,131.0,145.056,100,1,read,158.0,2118.8,100,209.7,209.7,218.1,218.1,,,
20260909T172425Z_p4-chaos-dead,postgresql,chaos-dead,thesis,a5e48a8bbbc24fbf77c80ceaad1c8ff2f10a917e,2026-09-09T17:24:25.833200Z,2026-09-09T17:29:55.508303Z,2026-09-09T17:27:46.833852Z,131.0,145.056,100,1,update,44.0,531.8,100,369.1,369.1,369.1,369.1,,,
20260909T172425Z_p4-chaos-dead,postgresql,chaos-dead,thesis,a5e48a8bbbc24fbf77c80ceaad1c8ff2f10a917e,2026-09-09T17:24:25.833200Z,2026-09-09T17:29:55.508303Z,2026-09-09T17:27:46.833852Z,132.0,146.057,100,1,read,156.9,2103.9,100,209.7,226.5,243.3,285.2,,,
20260909T172425Z_p4-chaos-dead,postgresql,chaos-dead,thesis,a5e48a8bbbc24fbf77c80ceaad1c8ff2f10a917e,2026-09-09T17:24:25.833200Z,2026-09-09T17:29:55.508303Z,2026-09-09T17:27:46.833852Z,132.0,146.057,100,1,update,46.0,528.1,100,369.1,385.9,419.4,419.4,,,
20260909T172425Z_p4-chaos-dead,postgresql,chaos-dead,thesis,a5e48a8bbbc24fbf77c80ceaad1c8ff2f10a917e,2026-09-09T17:24:25.833200Z,2026-09-09T17:29:55.508303Z,2026-09-09T17:27:46.833852Z,133.0,147.06,100,1,read,161.0,2089.3,100,209.7,209.7,218.1,218.1,,,
20260909T172425Z_p4-chaos-dead,postgresql,chaos-dead,thesis,a5e48a8bbbc24fbf77c80ceaad1c8ff2f10a917e,2026-09-09T17:24:25.833200Z,2026-09-09T17:29:55.508303Z,2026-09-09T17:27:46.833852Z,133.0,147.06,100,1,update,43.0,524.5,100,369.1,369.1,369.1,369.1,,,
20260909T172425Z_p4-chaos-dead,postgresql,chaos-dead,thesis,a5e48a8bbbc24fbf77c80ceaad1c8ff2f10a917e,2026-09-09T17:24:25.833200Z,2026-09-09T17:29:55.508303Z,2026-09-09T17:27:46.833852Z,134.0,148.062,100,1,read,162.0,2075.0,100,209.7,209.7,209.7,218.1,,,
20260909T172425Z_p4-chaos-dead,postgresql,chaos-dead,thesis,a5e48a8bbbc24fbf77c80ceaad1c8ff2f10a917e,2026-09-09T17:24:25.833200Z,2026-09-09T17:29:55.508303Z,2026-09-09T17:27:46.833852Z,134.0,148.062,100,1,update,50.0,521.0,100,369.1,369.1,369.1,369.1,,,
20260909T172425Z_p4-chaos-dead,postgresql,chaos-dead,thesis,a5e48a8bbbc24fbf77c80ceaad1c8ff2f10a917e,2026-09-09T17:24:25.833200Z,2026-09-09T17:29:55.508303Z,2026-09-09T17:27:46.833852Z,135.0,149.06,100,1,read,180.9,2060.9,100,209.7,209.7,209.7,209.7,,,
20260909T172425Z_p4-chaos-dead,postgresql,chaos-dead,thesis,a5e48a8bbbc24fbf77c80ceaad1c8ff2f10a917e,2026-09-09T17:24:25.833200Z,2026-09-09T17:29:55.508303Z,2026-09-09T17:27:46.833852Z,135.0,149.06,100,1,update,49.0,517.5,100,369.1,369.1,369.1,369.1,,,
20260909T172425Z_p4-chaos-dead,postgresql,chaos-dead,thesis,a5e48a8bbbc24fbf77c80ceaad1c8ff2f10a917e,2026-09-09T17:24:25.833200Z,2026-09-09T17:29:55.508303Z,2026-09-09T17:27:46.833852Z,136.0,150.056,100,1,read,194.2,2047.2,100,209.7,209.7,209.7,209.7,,,
20260909T172425Z_p4-chaos-dead,postgresql,chaos-dead,thesis,a5e48a8bbbc24fbf77c80ceaad1c8ff2f10a917e,2026-09-09T17:24:25.833200Z,2026-09-09T17:29:55.508303Z,2026-09-09T17:27:46.833852Z,136.0,150.056,100,1,update,38.0,513.9,100,369.1,369.1,369.1,369.1,,,
20260909T172425Z_p4-chaos-dead,postgresql,chaos-dead,thesis,a5e48a8bbbc24fbf77c80ceaad1c8ff2f10a917e,2026-09-09T17:24:25.833200Z,2026-09-09T17:29:55.508303Z,2026-09-09T17:27:46.833852Z,137.0,151.057,100,1,read,189.9,2033.6,100,209.7,209.7,209.7,209.7,,,
20260909T172425Z_p4-chaos-dead,postgresql,chaos-dead,thesis,a5e48a8bbbc24fbf77c80ceaad1c8ff2f10a917e,2026-09-09T17:24:25.833200Z,2026-09-09T17:29:55.508303Z,2026-09-09T17:27:46.833852Z,137.0,151.057,100,1,update,53.0,510.6,100,369.1,369.1,369.1,369.1,,,
20260909T172425Z_p4-chaos-dead,postgresql,chaos-dead,thesis,a5e48a8bbbc24fbf77c80ceaad1c8ff2f10a917e,2026-09-09T17:24:25.833200Z,2026-09-09T17:29:55.508303Z,2026-09-09T17:27:46.833852Z,138.0,152.057,100,1,read,202.1,2020.4,100,209.7,209.7,209.7,209.7,,,
20260909T172425Z_p4-chaos-dead,postgresql,chaos-dead,thesis,a5e48a8bbbc24fbf77c80ceaad1c8ff2f10a917e,2026-09-09T17:24:25.833200Z,2026-09-09T17:29:55.508303Z,2026-09-09T17:27:46.833852Z,138.0,152.057,100,1,update,42.0,507.2,100,369.1,385.9,402.7,402.7,,,
20260909T172425Z_p4-chaos-dead,postgresql,chaos-dead,thesis,a5e48a8bbbc24fbf77c80ceaad1c8ff2f10a917e,2026-09-09T17:24:25.833200Z,2026-09-09T17:29:55.508303Z,2026-09-09T17:27:46.833852Z,139.0,153.055,100,1,read,212.9,2007.4,100,209.7,226.5,226.5,234.9,,,
20260909T172425Z_p4-chaos-dead,postgresql,chaos-dead,thesis,a5e48a8bbbc24fbf77c80ceaad1c8ff2f10a917e,2026-09-09T17:24:25.833200Z,2026-09-09T17:29:55.508303Z,2026-09-09T17:27:46.833852Z,139.0,153.055,100,1,update,46.0,503.9,100,369.1,369.1,369.1,369.1,,,
20260909T172425Z_p4-chaos-dead,postgresql,chaos-dead,thesis,a5e48a8bbbc24fbf77c80ceaad1c8ff2f10a917e,2026-09-09T17:24:25.833200Z,2026-09-09T17:29:55.508303Z,2026-09-09T17:27:46.833852Z,140.0,154.057,100,1,read,208.0,1994.5,100,209.7,218.1,226.5,226.5,,,
20260909T172425Z_p4-chaos-dead,postgresql,chaos-dead,thesis,a5e48a8bbbc24fbf77c80ceaad1c8ff2f10a917e,2026-09-09T17:24:25.833200Z,2026-09-09T17:29:55.508303Z,2026-09-09T17:27:46.833852Z,140.0,154.057,100,1,update,52.0,500.6,100,369.1,369.1,385.9,385.9,,,
20260909T172425Z_p4-chaos-dead,postgresql,chaos-dead,thesis,a5e48a8bbbc24fbf77c80ceaad1c8ff2f10a917e,2026-09-09T17:24:25.833200Z,2026-09-09T17:29:55.508303Z,2026-09-09T17:27:46.833852Z,141.0,155.06,100,1,read,231.1,1982.0,100,209.7,209.7,209.7,218.1,,,
20260909T172425Z_p4-chaos-dead,postgresql,chaos-dead,thesis,a5e48a8bbbc24fbf77c80ceaad1c8ff2f10a917e,2026-09-09T17:24:25.833200Z,2026-09-09T17:29:55.508303Z,2026-09-09T17:27:46.833852Z,141.0,155.06,100,1,update,45.0,497.4,100,369.1,369.1,369.1,369.1,,,
20260909T172425Z_p4-chaos-dead,postgresql,chaos-dead,thesis,a5e48a8bbbc24fbf77c80ceaad1c8ff2f10a917e,2026-09-09T17:24:25.833200Z,2026-09-09T17:29:55.508303Z,2026-09-09T17:27:46.833852Z,142.0,156.056,100,1,read,225.9,1969.6,100,209.7,209.7,226.5,243.3,,,
20260909T172425Z_p4-chaos-dead,postgresql,chaos-dead,thesis,a5e48a8bbbc24fbf77c80ceaad1c8ff2f10a917e,2026-09-09T17:24:25.833200Z,2026-09-09T17:29:55.508303Z,2026-09-09T17:27:46.833852Z,142.0,156.056,100,1,update,51.0,494.3,100,369.1,369.1,369.1,369.1,,,
20260909T172425Z_p4-chaos-dead,postgresql,chaos-dead,thesis,a5e48a8bbbc24fbf77c80ceaad1c8ff2f10a917e,2026-09-09T17:24:25.833200Z,2026-09-09T17:29:55.508303Z,2026-09-09T17:27:46.833852Z,143.0,157.056,100,1,read,231.1,1957.5,100,209.7,209.7,209.7,209.7,,,
20260909T172425Z_p4-chaos-dead,postgresql,chaos-dead,thesis,a5e48a8bbbc24fbf77c80ceaad1c8ff2f10a917e,2026-09-09T17:24:25.833200Z,2026-09-09T17:29:55.508303Z,2026-09-09T17:27:46.833852Z,143.0,157.056,100,1,update,55.0,491.2,100,369.1,369.1,369.1,369.1,,,
20260909T172425Z_p4-chaos-dead,postgresql,chaos-dead,thesis,a5e48a8bbbc24fbf77c80ceaad1c8ff2f10a917e,2026-09-09T17:24:25.833200Z,2026-09-09T17:29:55.508303Z,2026-09-09T17:27:46.833852Z,144.0,158.064,100,1,read,235.9,1945.5,100,209.7,218.1,243.3,243.3,,,
20260909T172425Z_p4-chaos-dead,postgresql,chaos-dead,thesis,a5e48a8bbbc24fbf77c80ceaad1c8ff2f10a917e,2026-09-09T17:24:25.833200Z,2026-09-09T17:29:55.508303Z,2026-09-09T17:27:46.833852Z,144.0,158.064,100,1,update,58.0,488.2,100,369.1,369.1,369.1,369.1,,,
20260909T172425Z_p4-chaos-dead,postgresql,chaos-dead,thesis,a5e48a8bbbc24fbf77c80ceaad1c8ff2f10a917e,2026-09-09T17:24:25.833200Z,2026-09-09T17:29:55.508303Z,2026-09-09T17:27:46.833852Z,145.0,159.055,100,1,read,236.1,1933.7,100,209.7,218.1,226.5,234.9,,,
20260909T172425Z_p4-chaos-dead,postgresql,chaos-dead,thesis,a5e48a8bbbc24fbf77c80ceaad1c8ff2f10a917e,2026-09-09T17:24:25.833200Z,2026-09-09T17:29:55.508303Z,2026-09-09T17:27:46.833852Z,145.0,159.055,100,1,update,57.0,485.2,100,369.1,369.1,402.7,402.7,,,
20260909T172425Z_p4-chaos-dead,postgresql,chaos-dead,thesis,a5e48a8bbbc24fbf77c80ceaad1c8ff2f10a917e,2026-09-09T17:24:25.833200Z,2026-09-09T17:29:55.508303Z,2026-09-09T17:27:46.833852Z,146.0,160.057,100,1,read,243.0,1922.2,100,209.7,209.7,209.7,209.7,,,
20260909T172425Z_p4-chaos-dead,postgresql,chaos-dead,thesis,a5e48a8bbbc24fbf77c80ceaad1c8ff2f10a917e,2026-09-09T17:24:25.833200Z,2026-09-09T17:29:55.508303Z,2026-09-09T17:27:46.833852Z,146.0,160.057,100,1,update,57.0,482.3,100,369.1,369.1,369.1,369.1,,,
20260909T172425Z_p4-chaos-dead,postgresql,chaos-dead,thesis,a5e48a8bbbc24fbf77c80ceaad1c8ff2f10a917e,2026-09-09T17:24:25.833200Z,2026-09-09T17:29:55.508303Z,2026-09-09T17:27:46.833852Z,147.0,161.054,100,1,read,240.0,1910.7,100,209.7,209.7,209.7,209.7,,,
20260909T172425Z_p4-chaos-dead,postgresql,chaos-dead,thesis,a5e48a8bbbc24fbf77c80ceaad1c8ff2f10a917e,2026-09-09T17:24:25.833200Z,2026-09-09T17:29:55.508303Z,2026-09-09T17:27:46.833852Z,147.0,161.054,100,1,update,68.0,479.5,100,369.1,369.1,369.1,369.1,,,
20260909T172425Z_p4-chaos-dead,postgresql,chaos-dead,thesis,a5e48a8bbbc24fbf77c80ceaad1c8ff2f10a917e,2026-09-09T17:24:25.833200Z,2026-09-09T17:29:55.508303Z,2026-09-09T17:27:46.833852Z,148.0,162.056,100,1,read,261.9,1899.6,100,209.7,209.7,226.5,234.9,,,
20260909T172425Z_p4-chaos-dead,postgresql,chaos-dead,thesis,a5e48a8bbbc24fbf77c80ceaad1c8ff2f10a917e,2026-09-09T17:24:25.833200Z,2026-09-09T17:29:55.508303Z,2026-09-09T17:27:46.833852Z,148.0,162.056,100,1,update,56.0,476.6,100,369.1,369.1,385.9,385.9,,,
20260909T172425Z_p4-chaos-dead,postgresql,chaos-dead,thesis,a5e48a8bbbc24fbf77c80ceaad1c8ff2f10a917e,2026-09-09T17:24:25.833200Z,2026-09-09T17:29:55.508303Z,2026-09-09T17:27:46.833852Z,149.0,163.057,100,1,read,242.2,1888.5,100,209.7,218.1,243.3,243.3,,,
20260909T172425Z_p4-chaos-dead,postgresql,chaos-dead,thesis,a5e48a8bbbc24fbf77c80ceaad1c8ff2f10a917e,2026-09-09T17:24:25.833200Z,2026-09-09T17:29:55.508303Z,2026-09-09T17:27:46.833852Z,149.0,163.057,100,1,update,71.0,473.9,100,369.1,369.1,369.1,402.7,,,
20260909T172425Z_p4-chaos-dead,postgresql,chaos-dead,thesis,a5e48a8bbbc24fbf77c80ceaad1c8ff2f10a917e,2026-09-09T17:24:25.833200Z,2026-09-09T17:29:55.508303Z,2026-09-09T17:27:46.833852Z,150.0,164.055,100,1,read,260.8,1877.6,100,209.7,209.7,209.7,209.7,,,
20260909T172425Z_p4-chaos-dead,postgresql,chaos-dead,thesis,a5e48a8bbbc24fbf77c80ceaad1c8ff2f10a917e,2026-09-09T17:24:25.833200Z,2026-09-09T17:29:55.508303Z,2026-09-09T17:27:46.833852Z,150.0,164.055,100,1,update,71.0,471.2,100,369.1,369.1,369.1,369.1,,,
20260909T172425Z_p4-chaos-dead,postgresql,chaos-dead,thesis,a5e48a8bbbc24fbf77c80ceaad1c8ff2f10a917e,2026-09-09T17:24:25.833200Z,2026-09-09T17:29:55.508303Z,2026-09-09T17:27:46.833852Z,151.0,165.057,100,1,read,258.0,1866.9,100,209.7,209.7,226.5,226.5,,,
20260909T172425Z_p4-chaos-dead,postgresql,chaos-dead,thesis,a5e48a8bbbc24fbf77c80ceaad1c8ff2f10a917e,2026-09-09T17:24:25.833200Z,2026-09-09T17:29:55.508303Z,2026-09-09T17:27:46.833852Z,151.0,165.057,100,1,update,75.0,468.6,100,369.1,369.1,385.9,385.9,,,
20260909T172425Z_p4-chaos-dead,postgresql,chaos-dead,thesis,a5e48a8bbbc24fbf77c80ceaad1c8ff2f10a917e,2026-09-09T17:24:25.833200Z,2026-09-09T17:29:55.508303Z,2026-09-09T17:27:46.833852Z,152.0,166.057,100,1,read,246.0,1856.2,100,209.7,209.7,226.5,226.5,,,
20260909T172425Z_p4-chaos-dead,postgresql,chaos-dead,thesis,a5e48a8bbbc24fbf77c80ceaad1c8ff2f10a917e,2026-09-09T17:24:25.833200Z,2026-09-09T17:29:55.508303Z,2026-09-09T17:27:46.833852Z,152.0,166.057,100,1,update,84.0,466.0,100,369.1,369.1,369.1,369.1,,,
20260909T172425Z_p4-chaos-dead,postgresql,chaos-dead,thesis,a5e48a8bbbc24fbf77c80ceaad1c8ff2f10a917e,2026-09-09T17:24:25.833200Z,2026-09-09T17:29:55.508303Z,2026-09-09T17:27:46.833852Z,153.0,167.055,100,1,read,277.0,1845.9,100,209.7,209.7,218.1,226.5,,,
20260909T172425Z_p4-chaos-dead,postgresql,chaos-dead,thesis,a5e48a8bbbc24fbf77c80ceaad1c8ff2f10a917e,2026-09-09T17:24:25.833200Z,2026-09-09T17:29:55.508303Z,2026-09-09T17:27:46.833852Z,153.0,167.055,100,1,update,77.0,463.5,100,369.1,385.9,385.9,385.9,,,
20260909T172425Z_p4-chaos-dead,postgresql,chaos-dead,thesis,a5e48a8bbbc24fbf77c80ceaad1c8ff2f10a917e,2026-09-09T17:24:25.833200Z,2026-09-09T17:29:55.508303Z,2026-09-09T17:27:46.833852Z,154.0,168.058,100,1,read,298.1,1835.8,100,209.7,209.7,209.7,218.1,,,
20260909T172425Z_p4-chaos-dead,postgresql,chaos-dead,thesis,a5e48a8bbbc24fbf77c80ceaad1c8ff2f10a917e,2026-09-09T17:24:25.833200Z,2026-09-09T17:29:55.508303Z,2026-09-09T17:27:46.833852Z,154.0,168.058,100,1,update,61.0,460.9,100,369.1,369.1,385.9,385.9,,,
20260909T172425Z_p4-chaos-dead,postgresql,chaos-dead,thesis,a5e48a8bbbc24fbf77c80ceaad1c8ff2f10a917e,2026-09-09T17:24:25.833200Z,2026-09-09T17:29:55.508303Z,2026-09-09T17:27:46.833852Z,155.0,169.062,100,1,read,282.9,1825.8,100,209.7,209.7,209.7,209.7,,,
20260909T172425Z_p4-chaos-dead,postgresql,chaos-dead,thesis,a5e48a8bbbc24fbf77c80ceaad1c8ff2f10a917e,2026-09-09T17:24:25.833200Z,2026-09-09T17:29:55.508303Z,2026-09-09T17:27:46.833852Z,155.0,169.062,100,1,update,76.0,458.4,100,369.1,369.1,402.7,402.7,,,
20260909T172425Z_p4-chaos-dead,postgresql,chaos-dead,thesis,a5e48a8bbbc24fbf77c80ceaad1c8ff2f10a917e,2026-09-09T17:24:25.833200Z,2026-09-09T17:29:55.508303Z,2026-09-09T17:27:46.833852Z,156.0,170.056,100,1,read,278.1,1815.9,100,209.7,209.7,209.7,209.7,,,
20260909T172425Z_p4-chaos-dead,postgresql,chaos-dead,thesis,a5e48a8bbbc24fbf77c80ceaad1c8ff2f10a917e,2026-09-09T17:24:25.833200Z,2026-09-09T17:29:55.508303Z,2026-09-09T17:27:46.833852Z,156.0,170.056,100,1,update,89.0,456.0,100,369.1,369.1,369.1,369.1,,,
20260909T172425Z_p4-chaos-dead,postgresql,chaos-dead,thesis,a5e48a8bbbc24fbf77c80ceaad1c8ff2f10a917e,2026-09-09T17:24:25.833200Z,2026-09-09T17:29:55.508303Z,2026-09-09T17:27:46.833852Z,157.0,171.066,100,1,read,330.0,1806.4,100,209.7,209.7,209.7,218.1,,,
20260909T172425Z_p4-chaos-dead,postgresql,chaos-dead,thesis,a5e48a8bbbc24fbf77c80ceaad1c8ff2f10a917e,2026-09-09T17:24:25.833200Z,2026-09-09T17:29:55.508303Z,2026-09-09T17:27:46.833852Z,157.0,171.066,100,1,update,61.0,453.5,100,369.1,369.1,369.1,369.1,,,
20260909T172425Z_p4-chaos-dead,postgresql,chaos-dead,thesis,a5e48a8bbbc24fbf77c80ceaad1c8ff2f10a917e,2026-09-09T17:24:25.833200Z,2026-09-09T17:29:55.508303Z,2026-09-09T17:27:46.833852Z,158.0,172.056,100,1,read,300.8,1796.9,100,209.7,209.7,209.7,209.7,,,
20260909T172425Z_p4-chaos-dead,postgresql,chaos-dead,thesis,a5e48a8bbbc24fbf77c80ceaad1c8ff2f10a917e,2026-09-09T17:24:25.833200Z,2026-09-09T17:29:55.508303Z,2026-09-09T17:27:46.833852Z,158.0,172.056,100,1,update,83.9,451.2,100,369.1,369.1,369.1,369.1,,,
20260909T172425Z_p4-chaos-dead,postgresql,chaos-dead,thesis,a5e48a8bbbc24fbf77c80ceaad1c8ff2f10a917e,2026-09-09T17:24:25.833200Z,2026-09-09T17:29:55.508303Z,2026-09-09T17:27:46.833852Z,159.0,173.057,100,1,read,322.0,1787.6,100,209.7,209.7,209.7,218.1,,,
20260909T172425Z_p4-chaos-dead,postgresql,chaos-dead,thesis,a5e48a8bbbc24fbf77c80ceaad1c8ff2f10a917e,2026-09-09T17:24:25.833200Z,2026-09-09T17:29:55.508303Z,2026-09-09T17:27:46.833852Z,159.0,173.057,100,1,update,72.0,448.8,100,369.1,369.1,369.1,369.1,,,
20260909T172425Z_p4-chaos-dead,postgresql,chaos-dead,thesis,a5e48a8bbbc24fbf77c80ceaad1c8ff2f10a917e,2026-09-09T17:24:25.833200Z,2026-09-09T17:29:55.508303Z,2026-09-09T17:27:46.833852Z,160.0,174.057,100,1,read,342.3,1778.6,100,209.7,209.7,218.1,218.1,,,
20260909T172425Z_p4-chaos-dead,postgresql,chaos-dead,thesis,a5e48a8bbbc24fbf77c80ceaad1c8ff2f10a917e,2026-09-09T17:24:25.833200Z,2026-09-09T17:29:55.508303Z,2026-09-09T17:27:46.833852Z,160.0,174.057,100,1,update,71.1,446.4,100,369.1,369.1,369.1,369.1,,,
20260909T172425Z_p4-chaos-dead,postgresql,chaos-dead,thesis,a5e48a8bbbc24fbf77c80ceaad1c8ff2f10a917e,2026-09-09T17:24:25.833200Z,2026-09-09T17:29:55.508303Z,2026-09-09T17:27:46.833852Z,161.0,175.056,100,1,read,325.9,1769.6,100,209.7,209.7,209.7,209.7,,,
20260909T172425Z_p4-chaos-dead,postgresql,chaos-dead,thesis,a5e48a8bbbc24fbf77c80ceaad1c8ff2f10a917e,2026-09-09T17:24:25.833200Z,2026-09-09T17:29:55.508303Z,2026-09-09T17:27:46.833852Z,161.0,175.056,100,1,update,78.0,444.1,100,369.1,369.1,369.1,369.1,,,
20260909T172425Z_p4-chaos-dead,postgresql,chaos-dead,thesis,a5e48a8bbbc24fbf77c80ceaad1c8ff2f10a917e,2026-09-09T17:24:25.833200Z,2026-09-09T17:29:55.508303Z,2026-09-09T17:27:46.833852Z,162.0,176.06,100,1,read,329.9,1760.7,100,209.7,209.7,209.7,209.7,,,
20260909T172425Z_p4-chaos-dead,postgresql,chaos-dead,thesis,a5e48a8bbbc24fbf77c80ceaad1c8ff2f10a917e,2026-09-09T17:24:25.833200Z,2026-09-09T17:29:55.508303Z,2026-09-09T17:27:46.833852Z,162.0,176.06,100,1,update,85.0,441.9,100,369.1,369.1,369.1,369.1,,,
20260909T172425Z_p4-chaos-dead,postgresql,chaos-dead,thesis,a5e48a8bbbc24fbf77c80ceaad1c8ff2f10a917e,2026-09-09T17:24:25.833200Z,2026-09-09T17:29:55.508303Z,2026-09-09T17:27:46.833852Z,163.0,177.063,100,1,read,327.1,1751.9,100,209.7,209.7,209.7,209.7,,,
20260909T172425Z_p4-chaos-dead,postgresql,chaos-dead,thesis,a5e48a8bbbc24fbf77c80ceaad1c8ff2f10a917e,2026-09-09T17:24:25.833200Z,2026-09-09T17:29:55.508303Z,2026-09-09T17:27:46.833852Z,163.0,177.063,100,1,update,89.0,439.8,100,369.1,369.1,369.1,369.1,,,
20260909T172425Z_p4-chaos-dead,postgresql,chaos-dead,thesis,a5e48a8bbbc24fbf77c80ceaad1c8ff2f10a917e,2026-09-09T17:24:25.833200Z,2026-09-09T17:29:55.508303Z,2026-09-09T17:27:46.833852Z,164.0,178.055,100,1,read,328.0,1743.2,100,209.7,209.7,209.7,209.7,,,
20260909T172425Z_p4-chaos-dead,postgresql,chaos-dead,thesis,a5e48a8bbbc24fbf77c80ceaad1c8ff2f10a917e,2026-09-09T17:24:25.833200Z,2026-09-09T17:29:55.508303Z,2026-09-09T17:27:46.833852Z,164.0,178.055,100,1,update,96.0,437.7,100,369.1,369.1,369.1,369.1,,,
20260909T172425Z_p4-chaos-dead,postgresql,chaos-dead,thesis,a5e48a8bbbc24fbf77c80ceaad1c8ff2f10a917e,2026-09-09T17:24:25.833200Z,2026-09-09T17:29:55.508303Z,2026-09-09T17:27:46.833852Z,165.0,179.058,100,1,read,353.8,1734.8,100,209.7,209.7,209.7,209.7,,,
20260909T172425Z_p4-chaos-dead,postgresql,chaos-dead,thesis,a5e48a8bbbc24fbf77c80ceaad1c8ff2f10a917e,2026-09-09T17:24:25.833200Z,2026-09-09T17:29:55.508303Z,2026-09-09T17:27:46.833852Z,165.0,179.058,100,1,update,80.9,435.5,100,369.1,369.1,369.1,369.1,,,
20260909T172425Z_p4-chaos-dead,postgresql,chaos-dead,thesis,a5e48a8bbbc24fbf77c80ceaad1c8ff2f10a917e,2026-09-09T17:24:25.833200Z,2026-09-09T17:29:55.508303Z,2026-09-09T17:27:46.833852Z,166.0,180.063,100,1,read,370.3,1726.6,100,209.7,209.7,218.1,218.1,,,
20260909T172425Z_p4-chaos-dead,postgresql,chaos-dead,thesis,a5e48a8bbbc24fbf77c80ceaad1c8ff2f10a917e,2026-09-09T17:24:25.833200Z,2026-09-09T17:29:55.508303Z,2026-09-09T17:27:46.833852Z,166.0,180.063,100,1,update,74.1,433.3,100,369.1,369.1,369.1,369.1,,,
20260909T172425Z_p4-chaos-dead,postgresql,chaos-dead,thesis,a5e48a8bbbc24fbf77c80ceaad1c8ff2f10a917e,2026-09-09T17:24:25.833200Z,2026-09-09T17:29:55.508303Z,2026-09-09T17:27:46.833852Z,167.0,181.055,100,1,read,332.9,1718.2,100,209.7,209.7,209.7,209.7,,,
20260909T172425Z_p4-chaos-dead,postgresql,chaos-dead,thesis,a5e48a8bbbc24fbf77c80ceaad1c8ff2f10a917e,2026-09-09T17:24:25.833200Z,2026-09-09T17:29:55.508303Z,2026-09-09T17:27:46.833852Z,167.0,181.055,100,1,update,85.0,431.2,100,369.1,369.1,369.1,369.1,,,
20260909T172425Z_p4-chaos-dead,postgresql,chaos-dead,thesis,a5e48a8bbbc24fbf77c80ceaad1c8ff2f10a917e,2026-09-09T17:24:25.833200Z,2026-09-09T17:29:55.508303Z,2026-09-09T17:27:46.833852Z,168.0,182.061,100,1,read,323.9,1709.9,100,209.7,218.1,218.1,218.1,,,
20260909T172425Z_p4-chaos-dead,postgresql,chaos-dead,thesis,a5e48a8bbbc24fbf77c80ceaad1c8ff2f10a917e,2026-09-09T17:24:25.833200Z,2026-09-09T17:29:55.508303Z,2026-09-09T17:27:46.833852Z,168.0,182.061,100,1,update,89.0,429.2,100,369.1,385.9,402.7,402.7,,,
20260909T172425Z_p4-chaos-dead,postgresql,chaos-dead,thesis,a5e48a8bbbc24fbf77c80ceaad1c8ff2f10a917e,2026-09-09T17:24:25.833200Z,2026-09-09T17:29:55.508303Z,2026-09-09T17:27:46.833852Z,169.0,183.061,100,1,read,351.2,1701.9,100,209.7,209.7,209.7,218.1,,,
20260909T172425Z_p4-chaos-dead,postgresql,chaos-dead,thesis,a5e48a8bbbc24fbf77c80ceaad1c8ff2f10a917e,2026-09-09T17:24:25.833200Z,2026-09-09T17:29:55.508303Z,2026-09-09T17:27:46.833852Z,169.0,183.061,100,1,update,82.0,427.1,100,369.1,385.9,385.9,402.7,,,
20260909T172425Z_p4-chaos-dead,postgresql,chaos-dead,thesis,a5e48a8bbbc24fbf77c80ceaad1c8ff2f10a917e,2026-09-09T17:24:25.833200Z,2026-09-09T17:29:55.508303Z,2026-09-09T17:27:46.833852Z,170.0,184.056,100,1,read,334.9,1693.8,100,209.7,218.1,234.9,234.9,,,
20260909T172425Z_p4-chaos-dead,postgresql,chaos-dead,thesis,a5e48a8bbbc24fbf77c80ceaad1c8ff2f10a917e,2026-09-09T17:24:25.833200Z,2026-09-09T17:29:55.508303Z,2026-09-09T17:27:46.833852Z,170.0,184.056,100,1,update,89.0,425.2,100,369.1,385.9,402.7,402.7,,,
20260909T172425Z_p4-chaos-dead,postgresql,chaos-dead,thesis,a5e48a8bbbc24fbf77c80ceaad1c8ff2f10a917e,2026-09-09T17:24:25.833200Z,2026-09-09T17:29:55.508303Z,2026-09-09T17:27:46.833852Z,171.0,185.077,100,1,read,361.0,1686.0,100,209.7,209.7,209.7,218.1,,,
20260909T172425Z_p4-chaos-dead,postgresql,chaos-dead,thesis,a5e48a8bbbc24fbf77c80ceaad1c8ff2f10a917e,2026-09-09T17:24:25.833200Z,2026-09-09T17:29:55.508303Z,2026-09-09T17:27:46.833852Z,171.0,185.077,100,1,update,70.0,423.1,100,369.1,369.1,369.1,369.1,,,
20260909T172425Z_p4-chaos-dead,postgresql,chaos-dead,thesis,a5e48a8bbbc24fbf77c80ceaad1c8ff2f10a917e,2026-09-09T17:24:25.833200Z,2026-09-09T17:29:55.508303Z,2026-09-09T17:27:46.833852Z,172.0,186.055,100,1,read,346.9,1678.3,100,209.7,209.7,218.1,218.1,,,
20260909T172425Z_p4-chaos-dead,postgresql,chaos-dead,thesis,a5e48a8bbbc24fbf77c80ceaad1c8ff2f10a917e,2026-09-09T17:24:25.833200Z,2026-09-09T17:29:55.508303Z,2026-09-09T17:27:46.833852Z,172.0,186.055,100,1,update,83.0,421.1,100,369.1,369.1,369.1,385.9,,,
20260909T172425Z_p4-chaos-dead,postgresql,chaos-dead,thesis,a5e48a8bbbc24fbf77c80ceaad1c8ff2f10a917e,2026-09-09T17:24:25.833200Z,2026-09-09T17:29:55.508303Z,2026-09-09T17:27:46.833852Z,173.0,187.055,100,1,read,336.1,1670.5,100,209.7,209.7,209.7,209.7,,,
20260909T172425Z_p4-chaos-dead,postgresql,chaos-dead,thesis,a5e48a8bbbc24fbf77c80ceaad1c8ff2f10a917e,2026-09-09T17:24:25.833200Z,2026-09-09T17:29:55.508303Z,2026-09-09T17:27:46.833852Z,173.0,187.055,100,1,update,86.0,419.2,100,369.1,369.1,369.1,369.1,,,
20260909T172425Z_p4-chaos-dead,postgresql,chaos-dead,thesis,a5e48a8bbbc24fbf77c80ceaad1c8ff2f10a917e,2026-09-09T17:24:25.833200Z,2026-09-09T17:29:55.508303Z,2026-09-09T17:27:46.833852Z,174.0,188.057,100,1,read,351.1,1662.9,100,209.7,209.7,209.7,209.7,,,
20260909T172425Z_p4-chaos-dead,postgresql,chaos-dead,thesis,a5e48a8bbbc24fbf77c80ceaad1c8ff2f10a917e,2026-09-09T17:24:25.833200Z,2026-09-09T17:29:55.508303Z,2026-09-09T17:27:46.833852Z,174.0,188.057,100,1,update,84.0,417.2,100,369.1,369.1,369.1,369.1,,,
20260909T172425Z_p4-chaos-dead,postgresql,chaos-dead,thesis,a5e48a8bbbc24fbf77c80ceaad1c8ff2f10a917e,2026-09-09T17:24:25.833200Z,2026-09-09T17:29:55.508303Z,2026-09-09T17:27:46.833852Z,175.0,189.065,100,1,read,338.8,1655.4,100,209.7,209.7,209.7,209.7,,,
20260909T172425Z_p4-chaos-dead,postgresql,chaos-dead,thesis,a5e48a8bbbc24fbf77c80ceaad1c8ff2f10a917e,2026-09-09T17:24:25.833200Z,2026-09-09T17:29:55.508303Z,2026-09-09T17:27:46.833852Z,175.0,189.065,100,1,update,89.9,415.4,100,369.1,369.1,369.1,369.1,,,
20260909T172425Z_p4-chaos-dead,postgresql,chaos-dead,thesis,a5e48a8bbbc24fbf77c80ceaad1c8ff2f10a917e,2026-09-09T17:24:25.833200Z,2026-09-09T17:29:55.508303Z,2026-09-09T17:27:46.833852Z,176.0,190.061,100,1,read,327.1,1647.8,100,209.7,209.7,218.1,218.1,,,
20260909T172425Z_p4-chaos-dead,postgresql,chaos-dead,thesis,a5e48a8bbbc24fbf77c80ceaad1c8ff2f10a917e,2026-09-09T17:24:25.833200Z,2026-09-09T17:29:55.508303Z,2026-09-09T17:27:46.833852Z,176.0,190.061,100,1,update,91.0,413.5,100,369.1,369.1,369.1,369.1,,,
20260909T172425Z_p4-chaos-dead,postgresql,chaos-dead,thesis,a5e48a8bbbc24fbf77c80ceaad1c8ff2f10a917e,2026-09-09T17:24:25.833200Z,2026-09-09T17:29:55.508303Z,2026-09-09T17:27:46.833852Z,177.0,191.061,100,1,read,340.9,1640.4,100,209.7,209.7,209.7,218.1,,,
20260909T172425Z_p4-chaos-dead,postgresql,chaos-dead,thesis,a5e48a8bbbc24fbf77c80ceaad1c8ff2f10a917e,2026-09-09T17:24:25.833200Z,2026-09-09T17:29:55.508303Z,2026-09-09T17:27:46.833852Z,177.0,191.061,100,1,update,83.0,411.7,100,369.1,369.1,369.1,369.1,,,
20260909T172425Z_p4-chaos-dead,postgresql,chaos-dead,thesis,a5e48a8bbbc24fbf77c80ceaad1c8ff2f10a917e,2026-09-09T17:24:25.833200Z,2026-09-09T17:29:55.508303Z,2026-09-09T17:27:46.833852Z,178.0,192.056,100,1,read,348.8,1633.2,100,209.7,209.7,218.1,218.1,,,
20260909T172425Z_p4-chaos-dead,postgresql,chaos-dead,thesis,a5e48a8bbbc24fbf77c80ceaad1c8ff2f10a917e,2026-09-09T17:24:25.833200Z,2026-09-09T17:29:55.508303Z,2026-09-09T17:27:46.833852Z,178.0,192.056,100,1,update,81.0,409.8,100,369.1,369.1,369.1,369.1,,,
20260909T172425Z_p4-chaos-dead,postgresql,chaos-dead,thesis,a5e48a8bbbc24fbf77c80ceaad1c8ff2f10a917e,2026-09-09T17:24:25.833200Z,2026-09-09T17:29:55.508303Z,2026-09-09T17:27:46.833852Z,179.0,193.056,100,1,read,350.2,1626.0,100,209.7,209.7,218.1,218.1,,,
20260909T172425Z_p4-chaos-dead,postgresql,chaos-dead,thesis,a5e48a8bbbc24fbf77c80ceaad1c8ff2f10a917e,2026-09-09T17:24:25.833200Z,2026-09-09T17:29:55.508303Z,2026-09-09T17:27:46.833852Z,179.0,193.056,100,1,update,85.0,408.0,100,369.1,369.1,369.1,369.1,,,
20260909T172425Z_p4-chaos-dead,postgresql,chaos-dead,thesis,a5e48a8bbbc24fbf77c80ceaad1c8ff2f10a917e,2026-09-09T17:24:25.833200Z,2026-09-09T17:29:55.508303Z,2026-09-09T17:27:46.833852Z,180.0,194.058,100,1,read,362.1,1619.0,100,209.7,209.7,218.1,218.1,,,
20260909T172425Z_p4-chaos-dead,postgresql,chaos-dead,thesis,a5e48a8bbbc24fbf77c80ceaad1c8ff2f10a917e,2026-09-09T17:24:25.833200Z,2026-09-09T17:29:55.508303Z,2026-09-09T17:27:46.833852Z,180.0,194.058,100,1,update,72.0,406.1,100,369.1,402.7,402.7,402.7,,,
