ts_utc,elapsed_s,wall_offset_s,concurrency,repetition,op,tps,tps_cum,errors_cum,p50_ms,p95_ms,p99_ms,pmax_ms,gateway_cpu_pct,gateway_disk_iops,gateway_rss_bytes
2026-09-11T09:54:30.881089Z,1.0,12.339,100,1,read,1206.0,3657.8,0,1.3,6.0,67.1,83.9,,,
2026-09-11T09:54:30.881089Z,1.0,12.339,100,1,update,255.1,773.7,0,75.5,335.5,369.1,369.1,,,
2026-09-11T09:54:30.881089Z,2.0,13.353,100,1,read,4727.7,4192.5,0,1.1,2.5,3.7,6.0,,,
2026-09-11T09:54:30.881089Z,2.0,13.353,100,1,update,1266.2,1019.9,0,75.5,79.7,79.7,79.7,,,
2026-09-11T09:54:30.881089Z,3.0,14.342,100,1,read,4922.8,4435.8,0,1.0,2.1,2.9,6.8,,,
2026-09-11T09:54:30.881089Z,3.0,14.342,100,1,update,1284.2,1108.0,0,75.5,79.7,79.7,88.1,,,
2026-09-11T09:54:30.881089Z,4.0,15.341,100,1,read,5148.3,4614.1,0,1.1,2.0,2.5,4.7,,,
2026-09-11T09:54:30.881089Z,4.0,15.341,100,1,update,1270.3,1148.6,0,75.5,75.5,79.7,79.7,,,
2026-09-11T09:54:30.881089Z,5.0,16.339,100,1,read,4954.6,4682.1,0,1.2,2.8,5.5,10.5,,,
2026-09-11T09:54:30.881089Z,5.0,16.339,100,1,update,1257.7,1170.4,0,75.5,79.7,83.9,92.3,,,
2026-09-11T09:54:30.881089Z,6.0,17.339,100,1,read,5291.6,4783.8,0,1.0,1.9,2.4,7.3,,,
2026-09-11T09:54:30.881089Z,6.0,17.339,100,1,update,1275.9,1188.0,0,75.5,75.5,83.9,88.1,,,
2026-09-11T09:54:30.881089Z,7.0,18.34,100,1,read,5019.1,4817.4,0,1.4,2.8,3.5,14.2,,,
2026-09-11T09:54:30.881089Z,7.0,18.34,100,1,update,1239.0,1195.3,0,75.5,79.7,79.7,83.9,,,
2026-09-11T09:54:30.881089Z,8.0,19.342,100,1,read,4800.8,4815.2,0,1.2,2.5,3.1,13.1,,,
2026-09-11T09:54:30.881089Z,8.0,19.342,100,1,update,1265.4,1204.0,0,75.5,79.7,83.9,88.1,,,
2026-09-11T09:54:30.881089Z,9.0,20.339,100,1,read,4259.8,4753.6,0,1.2,3.8,6.3,11.5,,,
2026-09-11T09:54:30.881089Z,9.0,20.339,100,1,update,1130.5,1195.9,0,75.5,125.8,159.4,167.8,,,
2026-09-11T09:54:30.881089Z,10.0,21.341,100,1,read,4837.9,4762.1,0,1.2,3.3,5.2,8.1,,,
2026-09-11T09:54:30.881089Z,10.0,21.341,100,1,update,1247.0,1201.0,0,75.5,92.3,121.6,125.8,,,
2026-09-11T09:54:30.881089Z,11.0,22.339,100,1,read,5139.0,4796.3,0,1.0,2.1,2.9,4.5,,,
2026-09-11T09:54:30.881089Z,11.0,22.339,100,1,update,1274.2,1207.6,0,75.5,79.7,79.7,83.9,,,
2026-09-11T09:54:30.881089Z,12.0,23.347,100,1,read,4993.4,4812.7,0,1.1,3.3,4.7,7.6,,,
2026-09-11T09:54:30.881089Z,12.0,23.347,100,1,update,1235.9,1210.0,0,75.5,88.1,121.6,130.0,,,
2026-09-11T09:54:30.881089Z,13.0,24.34,100,1,read,4850.4,4815.7,0,1.2,3.7,5.5,8.9,,,
2026-09-11T09:54:30.881089Z,13.0,24.34,100,1,update,1187.6,1208.3,0,75.5,121.6,159.4,167.8,,,
2026-09-11T09:54:30.881089Z,14.0,25.341,100,1,read,4835.0,4817.0,0,1.2,4.1,6.3,10.0,,,
2026-09-11T09:54:30.881089Z,14.0,25.341,100,1,update,1168.0,1205.4,0,75.5,113.2,134.2,167.8,,,
2026-09-11T09:54:30.881089Z,15.0,26.343,100,1,read,4605.5,4802.9,0,1.1,3.3,5.2,7.3,,,
2026-09-11T09:54:30.881089Z,15.0,26.343,100,1,update,1139.6,1201.0,0,75.5,125.8,159.4,167.8,,,
2026-09-11T09:54:30.881089Z,16.0,27.341,100,1,read,5041.9,4817.9,0,1.1,2.9,4.5,6.8,,,
2026-09-11T09:54:30.881089Z,16.0,27.341,100,1,update,1258.7,1204.6,0,75.5,104.9,130.0,142.6,,,
2026-09-11T09:54:30.881089Z,17.0,28.339,100,1,read,4769.8,4815.0,0,1.0,3.0,4.7,6.8,,,
2026-09-11T09:54:30.881089Z,17.0,28.339,100,1,update,1246.2,1207.1,0,75.5,92.3,125.8,134.2,,,
2026-09-11T09:54:30.881089Z,18.0,29.354,100,1,read,4555.7,4800.6,0,1.1,3.7,5.2,7.1,,,
2026-09-11T09:54:30.881089Z,18.0,29.354,100,1,update,1188.9,1206.1,0,75.5,117.4,159.4,167.8,,,
2026-09-11T09:54:30.881089Z,19.0,30.34,100,1,read,4814.8,4801.3,0,1.1,3.3,5.0,6.6,,,
2026-09-11T09:54:30.881089Z,19.0,30.34,100,1,update,1153.0,1203.3,0,75.5,125.8,176.2,184.5,,,
2026-09-11T09:54:30.881089Z,20.0,31.345,100,1,read,4655.8,4794.1,0,1.1,4.5,7.1,12.1,,,
2026-09-11T09:54:30.881089Z,20.0,31.345,100,1,update,1157.0,1200.9,0,75.5,125.8,167.8,167.8,,,
2026-09-11T09:54:30.881089Z,21.0,32.339,100,1,read,4716.9,4790.4,0,1.1,3.3,5.5,9.4,,,
2026-09-11T09:54:30.881089Z,21.0,32.339,100,1,update,1158.0,1198.9,0,75.5,134.2,159.4,176.2,,,
2026-09-11T09:54:30.881089Z,22.0,33.339,100,1,read,4992.2,4799.5,0,1.0,2.0,2.5,4.1,,,
2026-09-11T09:54:30.881089Z,22.0,33.339,100,1,update,1244.8,1201.0,0,75.5,88.1,88.1,92.3,,,
2026-09-11T09:54:30.881089Z,23.0,34.34,100,1,read,4781.7,4798.8,0,1.1,3.1,6.3,8.9,,,
2026-09-11T09:54:30.881089Z,23.0,34.34,100,1,update,1192.2,1200.6,0,75.5,109.1,151.0,167.8,,,
2026-09-11T09:54:30.881089Z,24.0,35.34,100,1,read,4268.6,4776.7,0,1.0,2.4,5.5,8.4,,,
2026-09-11T09:54:30.881089Z,24.0,35.34,100,1,update,1164.2,1199.1,0,75.5,130.0,167.8,176.2,,,
2026-09-11T09:54:30.881089Z,25.0,36.34,100,1,read,5181.7,4792.9,0,1.1,2.2,3.0,5.2,,,
2026-09-11T09:54:30.881089Z,25.0,36.34,100,1,update,1285.4,1202.5,0,75.5,79.7,83.9,88.1,,,
2026-09-11T09:54:30.881089Z,26.0,37.339,100,1,read,4655.9,4787.6,0,1.1,3.0,5.2,8.4,,,
2026-09-11T09:54:30.881089Z,26.0,37.339,100,1,update,1161.5,1201.0,0,75.5,142.6,167.8,176.2,,,
2026-09-11T09:54:30.881089Z,27.0,38.342,100,1,read,4904.4,4792.0,0,1.0,1.8,2.4,8.4,,,
2026-09-11T09:54:30.881089Z,27.0,38.342,100,1,update,1279.6,1203.9,0,75.5,79.7,88.1,92.3,,,
2026-09-11T09:54:30.881089Z,28.0,39.34,100,1,read,4632.5,4786.3,0,1.0,3.4,5.8,9.4,,,
2026-09-11T09:54:30.881089Z,28.0,39.34,100,1,update,1170.9,1202.7,0,75.5,134.2,176.2,176.2,,,
2026-09-11T09:54:30.881089Z,29.0,40.342,100,1,read,4428.7,4773.9,0,1.1,3.5,7.6,10.0,,,
2026-09-11T09:54:30.881089Z,29.0,40.342,100,1,update,1180.5,1201.9,0,75.5,130.0,159.4,167.8,,,
2026-09-11T09:54:30.881089Z,30.0,41.341,100,1,read,4578.6,4767.4,0,1.2,3.4,8.4,13.6,,,
2026-09-11T09:54:30.881089Z,30.0,41.341,100,1,update,1153.1,1200.3,0,75.5,142.6,176.2,184.5,,,
2026-09-11T09:54:30.881089Z,31.0,42.34,100,1,read,4959.9,4773.6,0,1.0,1.6,1.9,5.2,,,
2026-09-11T09:54:30.881089Z,31.0,42.34,100,1,update,1294.7,1203.3,0,75.5,75.5,79.7,79.7,,,
2026-09-11T09:54:30.881089Z,32.0,43.342,100,1,read,4575.5,4767.5,0,1.0,2.9,7.3,11.0,,,
2026-09-11T09:54:30.881089Z,32.0,43.342,100,1,update,1194.1,1203.1,0,75.5,121.6,159.4,167.8,,,
2026-09-11T09:54:30.881089Z,33.0,44.342,100,1,read,4898.6,4771.4,0,1.0,3.1,5.5,10.0,,,
2026-09-11T09:54:30.881089Z,33.0,44.342,100,1,update,1187.4,1202.6,0,75.5,125.8,159.4,167.8,,,
2026-09-11T09:54:30.881089Z,34.0,45.343,100,1,read,5141.2,4782.3,0,1.0,1.9,2.5,3.8,,,
2026-09-11T09:54:30.881089Z,34.0,45.343,100,1,update,1280.6,1204.9,0,75.5,79.7,83.9,88.1,,,
2026-09-11T09:54:30.881089Z,35.0,46.34,100,1,read,4806.6,4783.0,0,1.1,3.7,5.5,10.5,,,
2026-09-11T09:54:30.881089Z,35.0,46.34,100,1,update,1181.9,1204.2,0,75.5,130.0,167.8,176.2,,,
2026-09-11T09:54:30.881089Z,36.0,47.342,100,1,read,5128.7,4792.6,0,1.0,1.8,2.2,6.8,,,
2026-09-11T09:54:30.881089Z,36.0,47.342,100,1,update,1266.4,1205.9,0,75.5,75.5,79.7,79.7,,,
2026-09-11T09:54:30.881089Z,37.0,48.345,100,1,read,4942.5,4796.6,0,1.1,2.9,7.1,9.4,,,
2026-09-11T09:54:30.881089Z,37.0,48.345,100,1,update,1211.9,1206.1,0,75.5,125.8,167.8,176.2,,,
2026-09-11T09:54:30.881089Z,38.0,49.34,100,1,read,4486.3,4788.5,0,1.1,4.1,6.0,11.0,,,
2026-09-11T09:54:30.881089Z,38.0,49.34,100,1,update,1151.8,1204.7,0,75.5,142.6,167.8,176.2,,,
2026-09-11T09:54:30.881089Z,39.0,50.34,100,1,read,4895.9,4791.2,0,1.3,3.7,7.6,11.0,,,
2026-09-11T09:54:30.881089Z,39.0,50.34,100,1,update,1161.0,1203.6,0,75.5,121.6,159.4,167.8,,,
2026-09-11T09:54:30.881089Z,40.0,51.34,100,1,read,4487.0,4783.6,0,1.1,3.7,6.0,8.1,,,
2026-09-11T09:54:30.881089Z,40.0,51.34,100,1,update,1174.0,1202.8,0,75.5,130.0,167.8,176.2,,,
2026-09-11T09:54:30.881089Z,41.0,52.342,100,1,read,5176.6,4793.2,0,1.0,1.6,1.9,3.0,,,
2026-09-11T09:54:30.881089Z,41.0,52.342,100,1,update,1294.9,1205.1,0,75.5,75.5,79.7,79.7,,,
2026-09-11T09:54:30.881089Z,42.0,53.339,100,1,read,4632.5,4789.4,0,1.1,3.4,5.8,7.3,,,
2026-09-11T09:54:30.881089Z,42.0,53.339,100,1,update,1181.1,1204.5,0,75.5,130.0,167.8,176.2,,,
2026-09-11T09:54:30.881089Z,43.0,54.342,100,1,read,4272.0,4777.4,0,1.2,4.7,6.8,8.9,,,
2026-09-11T09:54:30.881089Z,43.0,54.342,100,1,update,1096.0,1202.0,0,75.5,142.6,159.4,167.8,,,
2026-09-11T09:54:30.881089Z,44.0,55.346,100,1,read,4621.4,4773.8,0,1.2,3.0,6.0,8.4,,,
2026-09-11T09:54:30.881089Z,44.0,55.346,100,1,update,1206.8,1202.1,0,75.5,125.8,159.4,167.8,,,
2026-09-11T09:54:30.881089Z,45.0,56.341,100,1,read,4728.8,4772.8,0,1.2,3.3,8.9,11.0,,,
2026-09-11T09:54:30.881089Z,45.0,56.341,100,1,update,1172.2,1201.4,0,75.5,109.1,151.0,159.4,,,
2026-09-11T09:54:30.881089Z,46.0,57.341,100,1,read,5188.4,4781.8,0,1.0,1.7,2.0,8.1,,,
2026-09-11T09:54:30.881089Z,46.0,57.341,100,1,update,1269.9,1202.9,0,75.5,79.7,83.9,88.1,,,
2026-09-11T09:54:30.881089Z,47.0,58.349,100,1,read,4739.1,4780.9,0,1.1,3.0,5.2,7.9,,,
2026-09-11T09:54:30.881089Z,47.0,58.349,100,1,update,1206.3,1203.0,0,75.5,113.2,142.6,159.4,,,
2026-09-11T09:54:30.881089Z,48.0,59.344,100,1,read,4656.1,4778.3,0,1.0,3.3,5.5,8.9,,,
2026-09-11T09:54:30.881089Z,48.0,59.344,100,1,update,1202.0,1203.0,0,75.5,109.1,151.0,159.4,,,
2026-09-11T09:54:30.881089Z,49.0,60.349,100,1,read,4850.4,4779.8,0,1.2,3.3,6.6,10.0,,,
2026-09-11T09:54:30.881089Z,49.0,60.349,100,1,update,1174.8,1202.4,0,75.5,121.6,159.4,167.8,,,
2026-09-11T09:54:30.881089Z,50.0,61.342,100,1,read,4387.4,4771.9,0,1.3,3.5,5.5,8.1,,,
2026-09-11T09:54:30.881089Z,50.0,61.342,100,1,update,1122.6,1200.8,0,75.5,134.2,159.4,176.2,,,
2026-09-11T09:54:30.881089Z,51.0,62.338,100,1,read,4749.7,4771.5,0,1.0,1.8,2.4,10.5,,,
2026-09-11T09:54:30.881089Z,51.0,62.338,100,1,update,1190.9,1200.6,0,75.5,79.7,79.7,88.1,,,
2026-09-11T09:54:30.881089Z,52.0,63.339,100,1,read,5262.0,4780.9,0,1.2,3.3,5.5,8.4,,,
2026-09-11T09:54:30.881089Z,52.0,63.339,100,1,update,1274.5,1202.0,0,75.5,113.2,151.0,159.4,,,
2026-09-11T09:54:30.881089Z,53.0,64.338,100,1,read,4923.1,4783.6,0,1.1,3.8,8.9,11.5,,,
2026-09-11T09:54:30.881089Z,53.0,64.338,100,1,update,1178.8,1201.6,0,75.5,121.6,159.4,167.8,,,
2026-09-11T09:54:30.881089Z,54.0,65.343,100,1,read,4411.4,4776.7,0,1.0,2.0,2.6,4.5,,,
2026-09-11T09:54:30.881089Z,54.0,65.343,100,1,update,1091.1,1199.5,0,75.5,209.7,209.7,209.7,,,
2026-09-11T09:54:30.881089Z,55.0,66.35,100,1,read,4506.6,4771.8,0,1.2,3.7,7.9,11.0,,,
2026-09-11T09:54:30.881089Z,55.0,66.35,100,1,update,1078.4,1197.3,0,75.5,134.2,159.4,167.8,,,
2026-09-11T09:54:30.881089Z,56.0,67.34,100,1,read,4227.8,4762.1,0,1.5,5.8,7.9,10.0,,,
2026-09-11T09:54:30.881089Z,56.0,67.34,100,1,update,1096.9,1195.5,0,79.7,176.2,192.9,201.3,,,
2026-09-11T09:54:30.881089Z,57.0,68.34,100,1,read,4772.3,4762.3,0,1.1,3.7,5.5,7.9,,,
2026-09-11T09:54:30.881089Z,57.0,68.34,100,1,update,1202.6,1195.7,0,75.5,117.4,151.0,167.8,,,
2026-09-11T09:54:30.881089Z,58.0,69.342,100,1,read,4642.8,4760.2,0,1.2,3.5,7.3,10.5,,,
2026-09-11T09:54:30.881089Z,58.0,69.342,100,1,update,1147.2,1194.8,0,75.5,121.6,159.4,167.8,,,
2026-09-11T09:54:30.881089Z,59.0,70.34,100,1,read,4609.7,4757.7,0,1.2,4.5,6.0,8.1,,,
2026-09-11T09:54:30.881089Z,59.0,70.34,100,1,update,1159.7,1194.2,0,75.5,121.6,159.4,167.8,,,
2026-09-11T09:54:30.881089Z,60.0,71.339,100,1,read,4704.3,4756.8,0,1.3,3.8,7.1,13.6,,,
2026-09-11T09:54:30.881089Z,60.0,71.339,100,1,update,1149.3,1193.5,0,75.5,142.6,176.2,184.5,,,
2026-09-11T09:54:30.881089Z,61.0,72.34,100,1,read,4627.0,4754.7,0,1.2,3.9,6.8,10.5,,,
2026-09-11T09:54:30.881089Z,61.0,72.34,100,1,update,1153.0,1192.8,0,75.5,134.2,167.8,176.2,,,
2026-09-11T09:54:30.881089Z,62.0,73.34,100,1,read,4744.3,4754.5,0,1.4,3.4,5.2,9.4,,,
2026-09-11T09:54:30.881089Z,62.0,73.34,100,1,update,1196.8,1192.9,0,75.5,92.3,130.0,134.2,,,
2026-09-11T09:54:30.881089Z,63.0,74.34,100,1,read,3961.0,4741.9,0,1.4,5.0,7.9,10.0,,,
2026-09-11T09:54:30.881089Z,63.0,74.34,100,1,update,1034.3,1190.4,0,79.7,176.2,192.9,192.9,,,
2026-09-11T09:54:30.881089Z,64.0,75.343,100,1,read,4608.9,4739.8,0,1.3,4.1,6.8,10.0,,,
2026-09-11T09:54:30.881089Z,64.0,75.343,100,1,update,1136.7,1189.5,0,75.5,142.6,176.2,184.5,,,
2026-09-11T09:54:30.881089Z,65.0,76.346,100,1,read,4439.2,4735.2,0,1.2,4.5,8.4,15.2,,,
2026-09-11T09:54:30.881089Z,65.0,76.346,100,1,update,1150.3,1188.9,0,75.5,134.2,167.8,176.2,,,
2026-09-11T09:54:30.881089Z,66.0,77.342,100,1,read,317.0,4668.2,2085,1.9,4.7,6.8,7.6,,,
2026-09-11T09:54:30.881089Z,66.0,77.342,100,1,update,71.0,1172.0,2085,79.7,83.9,83.9,83.9,,,
2026-09-11T09:54:30.881089Z,67.0,78.342,100,1,read,0.0,4598.6,6452,0.0,0.0,0.0,0.0,,,
2026-09-11T09:54:30.881089Z,67.0,78.342,100,1,update,0.0,1154.5,6452,0.0,0.0,0.0,0.0,,,
2026-09-11T09:54:30.881089Z,68.0,79.341,100,1,read,0.0,4531.0,10844,0.0,0.0,0.0,0.0,,,
2026-09-11T09:54:30.881089Z,68.0,79.341,100,1,update,0.0,1137.5,10844,0.0,0.0,0.0,0.0,,,
2026-09-11T09:54:30.881089Z,69.0,80.343,100,1,read,0.0,4465.3,15144,0.0,0.0,0.0,0.0,,,
2026-09-11T09:54:30.881089Z,69.0,80.343,100,1,update,0.0,1121.0,15144,0.0,0.0,0.0,0.0,,,
2026-09-11T09:54:30.881089Z,70.0,81.343,100,1,read,0.0,4401.5,19484,0.0,0.0,0.0,0.0,,,
2026-09-11T09:54:30.881089Z,70.0,81.343,100,1,update,0.0,1105.0,19484,0.0,0.0,0.0,0.0,,,
2026-09-11T09:54:30.881089Z,71.0,82.347,100,1,read,0.0,4339.5,23779,0.0,0.0,0.0,0.0,,,
2026-09-11T09:54:30.881089Z,71.0,82.347,100,1,update,0.0,1089.4,23779,0.0,0.0,0.0,0.0,,,
2026-09-11T09:54:30.881089Z,72.0,83.34,100,1,read,0.0,4279.2,28158,0.0,0.0,0.0,0.0,,,
2026-09-11T09:54:30.881089Z,72.0,83.34,100,1,update,0.0,1074.3,28158,0.0,0.0,0.0,0.0,,,
2026-09-11T09:54:30.881089Z,73.0,84.34,100,1,read,0.0,4220.6,32486,0.0,0.0,0.0,0.0,,,
2026-09-11T09:54:30.881089Z,73.0,84.34,100,1,update,0.0,1059.6,32486,0.0,0.0,0.0,0.0,,,
2026-09-11T09:54:30.881089Z,74.0,85.341,100,1,read,0.0,4163.6,36742,0.0,0.0,0.0,0.0,,,
2026-09-11T09:54:30.881089Z,74.0,85.341,100,1,update,0.0,1045.3,36742,0.0,0.0,0.0,0.0,,,
2026-09-11T09:54:30.881089Z,75.0,86.343,100,1,read,0.0,4108.1,41073,0.0,0.0,0.0,0.0,,,
2026-09-11T09:54:30.881089Z,75.0,86.343,100,1,update,0.0,1031.3,41073,0.0,0.0,0.0,0.0,,,
2026-09-11T09:54:30.881089Z,76.0,87.343,100,1,read,0.0,4054.0,45363,0.0,0.0,0.0,0.0,,,
2026-09-11T09:54:30.881089Z,76.0,87.343,100,1,update,0.0,1017.8,45363,0.0,0.0,0.0,0.0,,,
2026-09-11T09:54:30.881089Z,77.0,88.34,100,1,read,0.0,4001.4,49767,0.0,0.0,0.0,0.0,,,
2026-09-11T09:54:30.881089Z,77.0,88.34,100,1,update,0.0,1004.6,49767,0.0,0.0,0.0,0.0,,,
2026-09-11T09:54:30.881089Z,78.0,89.343,100,1,read,0.0,3950.1,54038,0.0,0.0,0.0,0.0,,,
2026-09-11T09:54:30.881089Z,78.0,89.343,100,1,update,0.0,991.7,54038,0.0,0.0,0.0,0.0,,,
2026-09-11T09:54:30.881089Z,79.0,90.341,100,1,read,0.0,3900.1,58331,0.0,0.0,0.0,0.0,,,
2026-09-11T09:54:30.881089Z,79.0,90.341,100,1,update,0.0,979.1,58331,0.0,0.0,0.0,0.0,,,
2026-09-11T09:54:30.881089Z,80.0,91.34,100,1,read,0.0,3851.3,62633,0.0,0.0,0.0,0.0,,,
2026-09-11T09:54:30.881089Z,80.0,91.34,100,1,update,0.0,966.9,62633,0.0,0.0,0.0,0.0,,,
2026-09-11T09:54:30.881089Z,81.0,92.342,100,1,read,0.0,3803.8,66877,0.0,0.0,0.0,0.0,,,
2026-09-11T09:54:30.881089Z,81.0,92.342,100,1,update,0.0,954.9,66877,0.0,0.0,0.0,0.0,,,
2026-09-11T09:54:30.881089Z,82.0,93.353,100,1,read,0.0,3757.4,71330,0.0,0.0,0.0,0.0,,,
2026-09-11T09:54:30.881089Z,82.0,93.353,100,1,update,0.0,943.3,71330,0.0,0.0,0.0,0.0,,,
2026-09-11T09:54:30.881089Z,83.0,94.341,100,1,read,0.0,3712.1,75615,0.0,0.0,0.0,0.0,,,
2026-09-11T09:54:30.881089Z,83.0,94.341,100,1,update,0.0,931.9,75615,0.0,0.0,0.0,0.0,,,
2026-09-11T09:54:30.881089Z,84.0,95.342,100,1,read,0.0,3667.9,79894,0.0,0.0,0.0,0.0,,,
2026-09-11T09:54:30.881089Z,84.0,95.342,100,1,update,0.0,920.8,79894,0.0,0.0,0.0,0.0,,,
2026-09-11T09:54:30.881089Z,85.0,96.34,100,1,read,0.0,3624.8,84218,0.0,0.0,0.0,0.0,,,
2026-09-11T09:54:30.881089Z,85.0,96.34,100,1,update,0.0,910.0,84218,0.0,0.0,0.0,0.0,,,
2026-09-11T09:54:30.881089Z,86.0,97.34,100,1,read,0.0,3582.6,88510,0.0,0.0,0.0,0.0,,,
2026-09-11T09:54:30.881089Z,86.0,97.34,100,1,update,0.0,899.4,88510,0.0,0.0,0.0,0.0,,,
2026-09-11T09:54:30.881089Z,87.0,98.341,100,1,read,0.0,3541.4,92897,0.0,0.0,0.0,0.0,,,
2026-09-11T09:54:30.881089Z,87.0,98.341,100,1,update,0.0,889.1,92897,0.0,0.0,0.0,0.0,,,
2026-09-11T09:54:30.881089Z,88.0,99.465,100,1,read,0.0,3501.2,97175,0.0,0.0,0.0,0.0,,,
2026-09-11T09:54:30.881089Z,88.0,99.465,100,1,update,0.0,879.0,97175,0.0,0.0,0.0,0.0,,,
2026-09-11T09:54:30.881089Z,89.0,100.343,100,1,read,0.0,3461.9,101599,0.0,0.0,0.0,0.0,,,
2026-09-11T09:54:30.881089Z,89.0,100.343,100,1,update,0.0,869.1,101599,0.0,0.0,0.0,0.0,,,
2026-09-11T09:54:30.881089Z,90.0,101.346,100,1,read,0.0,3423.4,105991,0.0,0.0,0.0,0.0,,,
2026-09-11T09:54:30.881089Z,90.0,101.346,100,1,update,0.0,859.5,105991,0.0,0.0,0.0,0.0,,,
2026-09-11T09:54:30.881089Z,91.0,102.338,100,1,read,0.0,3385.8,110376,0.0,0.0,0.0,0.0,,,
2026-09-11T09:54:30.881089Z,91.0,102.338,100,1,update,0.0,850.0,110376,0.0,0.0,0.0,0.0,,,
2026-09-11T09:54:30.881089Z,92.0,103.338,100,1,read,0.0,3349.0,114758,0.0,0.0,0.0,0.0,,,
2026-09-11T09:54:30.881089Z,92.0,103.338,100,1,update,0.0,840.8,114758,0.0,0.0,0.0,0.0,,,
2026-09-11T09:54:30.881089Z,93.0,104.341,100,1,read,0.0,3313.0,119138,0.0,0.0,0.0,0.0,,,
2026-09-11T09:54:30.881089Z,93.0,104.341,100,1,update,0.0,831.7,119138,0.0,0.0,0.0,0.0,,,
2026-09-11T09:54:30.881089Z,94.0,105.338,100,1,read,0.0,3277.7,123502,0.0,0.0,0.0,0.0,,,
2026-09-11T09:54:30.881089Z,94.0,105.338,100,1,update,0.0,822.9,123502,0.0,0.0,0.0,0.0,,,
2026-09-11T09:54:30.881089Z,95.0,106.338,100,1,read,0.0,3243.2,127809,0.0,0.0,0.0,0.0,,,
2026-09-11T09:54:30.881089Z,95.0,106.338,100,1,update,0.0,814.2,127809,0.0,0.0,0.0,0.0,,,
2026-09-11T09:54:30.881089Z,96.0,107.339,100,1,read,0.0,3209.4,129723,0.0,0.0,0.0,0.0,,,
2026-09-11T09:54:30.881089Z,96.0,107.339,100,1,update,0.0,805.7,129723,0.0,0.0,0.0,0.0,,,
2026-09-11T09:54:30.881089Z,97.0,108.338,100,1,read,0.0,3176.3,129723,0.0,0.0,0.0,0.0,,,
2026-09-11T09:54:30.881089Z,97.0,108.338,100,1,update,0.0,797.4,129723,0.0,0.0,0.0,0.0,,,
2026-09-11T09:54:30.881089Z,98.0,109.341,100,1,read,11.0,3144.0,129723,71.3,75.5,83.9,83.9,,,
2026-09-11T09:54:30.881089Z,98.0,109.341,100,1,update,3.0,789.3,129723,234.9,234.9,234.9,234.9,,,
2026-09-11T09:54:30.881089Z,99.0,110.341,100,1,read,61.0,3112.9,129723,71.3,75.5,75.5,75.5,,,
2026-09-11T09:54:30.881089Z,99.0,110.341,100,1,update,10.0,781.5,129723,234.9,234.9,234.9,234.9,,,
2026-09-11T09:54:30.881089Z,100.0,111.339,100,1,read,90.0,3082.7,129723,71.3,71.3,75.5,75.5,,,
2026-09-11T09:54:30.881089Z,100.0,111.339,100,1,update,21.0,773.8,129723,234.9,234.9,234.9,234.9,,,
2026-09-11T09:54:30.881089Z,101.0,112.344,100,1,read,128.0,3053.4,129723,71.3,71.3,75.5,75.5,,,
2026-09-11T09:54:30.881089Z,101.0,112.344,100,1,update,28.0,766.5,129723,234.9,234.9,234.9,234.9,,,
2026-09-11T09:54:30.881089Z,102.0,113.341,100,1,read,140.9,3024.8,129723,71.3,75.5,75.5,75.5,,,
2026-09-11T09:54:30.881089Z,102.0,113.341,100,1,update,43.0,759.4,129723,234.9,234.9,243.3,243.3,,,
2026-09-11T09:54:30.881089Z,103.0,114.344,100,1,read,217.2,2997.6,129723,71.3,71.3,75.5,79.7,,,
2026-09-11T09:54:30.881089Z,103.0,114.344,100,1,update,45.0,752.4,129723,234.9,234.9,234.9,234.9,,,
2026-09-11T09:54:30.881089Z,104.0,115.343,100,1,read,217.8,2970.9,129723,71.3,75.5,75.5,79.7,,,
2026-09-11T09:54:30.881089Z,104.0,115.343,100,1,update,60.0,745.8,129723,234.9,234.9,234.9,234.9,,,
2026-09-11T09:54:30.881089Z,105.0,116.341,100,1,read,224.2,2944.7,129723,71.3,71.3,75.5,75.5,,,
2026-09-11T09:54:30.881089Z,105.0,116.341,100,1,update,79.1,739.4,129723,234.9,234.9,234.9,503.3,,,
2026-09-11T09:54:30.881089Z,106.0,117.34,100,1,read,300.0,2919.8,129723,71.3,71.3,75.5,75.5,,,
2026-09-11T09:54:30.881089Z,106.0,117.34,100,1,update,77.0,733.2,129723,234.9,234.9,234.9,234.9,,,
2026-09-11T09:54:30.881089Z,107.0,118.34,100,1,read,352.9,2895.8,129723,71.3,71.3,75.5,75.5,,,
2026-09-11T09:54:30.881089Z,107.0,118.34,100,1,update,85.0,727.1,129723,234.9,234.9,234.9,234.9,,,
2026-09-11T09:54:30.881089Z,108.0,119.343,100,1,read,367.0,2872.3,129723,71.3,71.3,75.5,75.5,,,
2026-09-11T09:54:30.881089Z,108.0,119.343,100,1,update,97.0,721.3,129723,234.9,234.9,234.9,234.9,,,
2026-09-11T09:54:30.881089Z,109.0,120.338,100,1,read,442.2,2850.1,129723,71.3,71.3,75.5,75.5,,,
2026-09-11T09:54:30.881089Z,109.0,120.338,100,1,update,95.0,715.5,129723,234.9,234.9,234.9,243.3,,,
2026-09-11T09:54:30.881089Z,110.0,121.346,100,1,read,411.7,2827.9,129723,71.3,71.3,75.5,79.7,,,
2026-09-11T09:54:30.881089Z,110.0,121.346,100,1,update,122.9,710.1,129723,234.9,234.9,268.4,285.2,,,
2026-09-11T09:54:30.881089Z,111.0,122.344,100,1,read,515.0,2807.0,129723,71.3,71.3,71.3,75.5,,,
2026-09-11T09:54:30.881089Z,111.0,122.344,100,1,update,113.0,704.8,129723,234.9,234.9,234.9,234.9,,,
2026-09-11T09:54:30.881089Z,112.0,123.342,100,1,read,534.0,2786.7,129723,71.3,71.3,75.5,75.5,,,
2026-09-11T09:54:30.881089Z,112.0,123.342,100,1,update,126.0,699.6,129723,234.9,234.9,234.9,234.9,,,
2026-09-11T09:54:30.881089Z,113.0,124.341,100,1,read,544.9,2766.9,129723,71.3,71.3,71.3,75.5,,,
2026-09-11T09:54:30.881089Z,113.0,124.341,100,1,update,147.0,694.7,129723,234.9,234.9,234.9,234.9,,,
2026-09-11T09:54:30.881089Z,114.0,125.344,100,1,read,606.2,2748.0,129723,71.3,71.3,75.5,75.5,,,
2026-09-11T09:54:30.881089Z,114.0,125.344,100,1,update,149.0,689.9,129723,234.9,234.9,234.9,234.9,,,
2026-09-11T09:54:30.881089Z,115.0,126.34,100,1,read,579.9,2729.1,129723,71.3,71.3,75.5,75.5,,,
2026-09-11T09:54:30.881089Z,115.0,126.34,100,1,update,170.0,685.4,129723,234.9,234.9,234.9,234.9,,,
2026-09-11T09:54:30.881089Z,116.0,127.34,100,1,read,657.4,2711.3,129723,71.3,71.3,75.5,75.5,,,
2026-09-11T09:54:30.881089Z,116.0,127.34,100,1,update,173.1,681.0,129723,234.9,234.9,234.9,243.3,,,
2026-09-11T09:54:30.881089Z,117.0,128.345,100,1,read,658.2,2693.7,129723,71.3,71.3,75.5,75.5,,,
2026-09-11T09:54:30.881089Z,117.0,128.345,100,1,update,189.1,676.8,129723,234.9,234.9,243.3,243.3,,,
2026-09-11T09:54:30.881089Z,118.0,129.35,100,1,read,713.2,2676.9,129723,71.3,71.3,71.3,75.5,,,
2026-09-11T09:54:30.881089Z,118.0,129.35,100,1,update,193.8,672.7,129723,234.9,234.9,268.4,302.0,,,
2026-09-11T09:54:30.881089Z,119.0,130.341,100,1,read,751.5,2660.7,129723,71.3,71.3,75.5,75.5,,,
2026-09-11T09:54:30.881089Z,119.0,130.341,100,1,update,206.1,668.8,129723,234.9,234.9,234.9,243.3,,,
2026-09-11T09:54:30.881089Z,120.0,131.346,100,1,read,784.7,2645.1,129723,71.3,71.3,75.5,352.3,,,
2026-09-11T09:54:30.881089Z,120.0,131.346,100,1,update,190.9,664.8,129723,234.9,234.9,243.3,243.3,,,
2026-09-11T09:54:30.881089Z,121.0,132.344,100,1,read,777.3,2629.7,129723,71.3,71.3,71.3,75.5,,,
2026-09-11T09:54:30.881089Z,121.0,132.344,100,1,update,193.1,660.9,129723,234.9,234.9,234.9,234.9,,,
2026-09-11T09:54:30.881089Z,122.0,133.343,100,1,read,804.6,2614.7,129723,71.3,71.3,71.3,71.3,,,
2026-09-11T09:54:30.881089Z,122.0,133.343,100,1,update,202.9,657.1,129723,234.9,234.9,234.9,243.3,,,
2026-09-11T09:54:30.881089Z,123.0,134.344,100,1,read,817.2,2600.1,129723,71.3,71.3,71.3,75.5,,,
2026-09-11T09:54:30.881089Z,123.0,134.344,100,1,update,183.0,653.3,129723,234.9,234.9,234.9,234.9,,,
2026-09-11T09:54:30.881089Z,124.0,135.342,100,1,read,799.3,2585.6,129723,71.3,71.3,71.3,75.5,,,
2026-09-11T09:54:30.881089Z,124.0,135.342,100,1,update,196.1,649.6,129723,234.9,234.9,234.9,234.9,,,
2026-09-11T09:54:30.881089Z,125.0,136.348,100,1,read,776.7,2571.1,129723,71.3,71.3,75.5,75.5,,,
2026-09-11T09:54:30.881089Z,125.0,136.348,100,1,update,193.9,645.9,129723,234.9,234.9,234.9,234.9,,,
2026-09-11T09:54:30.881089Z,126.0,137.344,100,1,read,801.8,2557.1,129723,71.3,71.3,75.5,75.5,,,
2026-09-11T09:54:30.881089Z,126.0,137.344,100,1,update,194.0,642.4,129723,234.9,243.3,285.2,285.2,,,
2026-09-11T09:54:30.881089Z,127.0,138.344,100,1,read,777.6,2543.1,129723,71.3,71.3,71.3,75.5,,,
2026-09-11T09:54:30.881089Z,127.0,138.344,100,1,update,198.1,638.9,129723,234.9,234.9,234.9,243.3,,,
2026-09-11T09:54:30.881089Z,128.0,139.349,100,1,read,746.0,2529.0,129723,71.3,71.3,71.3,75.5,,,
2026-09-11T09:54:30.881089Z,128.0,139.349,100,1,update,208.0,635.5,129723,234.9,234.9,234.9,243.3,,,
2026-09-11T09:54:30.881089Z,129.0,140.347,100,1,read,789.8,2515.5,129723,71.3,71.3,71.3,75.5,,,
2026-09-11T09:54:30.881089Z,129.0,140.347,100,1,update,187.9,632.0,129723,234.9,243.3,251.7,251.7,,,
2026-09-11T09:54:30.881089Z,130.0,141.343,100,1,read,800.0,2502.3,129723,71.3,71.3,71.3,75.5,,,
2026-09-11T09:54:30.881089Z,130.0,141.343,100,1,update,196.0,628.7,129723,234.9,234.9,243.3,243.3,,,
2026-09-11T09:54:30.881089Z,131.0,142.352,100,1,read,757.9,2489.0,129723,71.3,71.3,75.5,79.7,,,
2026-09-11T09:54:30.881089Z,131.0,142.352,100,1,update,207.0,625.5,129723,234.9,234.9,243.3,243.3,,,
2026-09-11T09:54:30.881089Z,132.0,143.346,100,1,read,780.3,2476.1,129723,71.3,71.3,71.3,75.5,,,
2026-09-11T09:54:30.881089Z,132.0,143.346,100,1,update,202.1,622.2,129723,234.9,234.9,243.3,243.3,,,
2026-09-11T09:54:30.881089Z,133.0,144.342,100,1,read,797.4,2463.4,129723,71.3,71.3,75.5,79.7,,,
2026-09-11T09:54:30.881089Z,133.0,144.342,100,1,update,190.9,619.0,129723,234.9,234.9,260.0,285.2,,,
2026-09-11T09:54:30.881089Z,134.0,145.343,100,1,read,786.5,2450.9,129723,71.3,71.3,71.3,75.5,,,
2026-09-11T09:54:30.881089Z,134.0,145.343,100,1,update,194.1,615.8,129723,234.9,234.9,234.9,234.9,,,
2026-09-11T09:54:30.881089Z,135.0,146.348,100,1,read,797.7,2438.7,129723,71.3,71.3,75.5,75.5,,,
2026-09-11T09:54:30.881089Z,135.0,146.348,100,1,update,191.9,612.7,129723,234.9,234.9,234.9,234.9,,,
2026-09-11T09:54:30.881089Z,136.0,147.345,100,1,read,785.9,2426.5,129723,71.3,71.3,71.3,75.5,,,
2026-09-11T09:54:30.881089Z,136.0,147.345,100,1,update,203.0,609.7,129723,234.9,234.9,234.9,234.9,,,
2026-09-11T09:54:30.881089Z,137.0,148.829,100,1,read,819.7,2414.8,129723,71.3,71.3,71.3,75.5,,,
2026-09-11T09:54:30.881089Z,137.0,148.829,100,1,update,182.9,606.6,129723,234.9,234.9,234.9,234.9,,,
2026-09-11T09:54:30.881089Z,138.0,149.341,100,1,read,797.6,2403.1,129723,71.3,71.3,71.3,71.3,,,
2026-09-11T09:54:30.881089Z,138.0,149.341,100,1,update,195.1,603.6,129723,234.9,234.9,243.3,243.3,,,
2026-09-11T09:54:30.881089Z,139.0,150.384,100,1,read,795.7,2391.5,129723,71.3,71.3,71.3,75.5,,,
2026-09-11T09:54:30.881089Z,139.0,150.384,100,1,update,184.9,600.6,129723,234.9,251.7,285.2,285.2,,,
2026-09-11T09:54:30.881089Z,140.0,151.343,100,1,read,760.1,2379.9,129723,71.3,71.3,75.5,75.5,,,
2026-09-11T09:54:30.881089Z,140.0,151.343,100,1,update,212.0,597.8,129723,234.9,234.9,234.9,243.3,,,
2026-09-11T09:54:30.881089Z,141.0,152.343,100,1,read,813.3,2368.8,129723,71.3,71.3,71.3,75.5,,,
2026-09-11T09:54:30.881089Z,141.0,152.343,100,1,update,183.1,594.9,129723,234.9,234.9,234.9,243.3,,,
2026-09-11T09:54:30.881089Z,142.0,153.344,100,1,read,777.4,2357.5,129723,71.3,71.3,71.3,75.5,,,
2026-09-11T09:54:30.881089Z,142.0,153.344,100,1,update,202.8,592.1,129723,234.9,234.9,234.9,234.9,,,
2026-09-11T09:54:30.881089Z,143.0,154.351,100,1,read,753.4,2346.3,129723,71.3,71.3,71.3,71.3,,,
2026-09-11T09:54:30.881089Z,143.0,154.351,100,1,update,201.1,589.4,129723,234.9,234.9,234.9,234.9,,,
2026-09-11T09:54:30.881089Z,144.0,155.343,100,1,read,761.3,2335.3,129723,71.3,71.3,75.5,79.7,,,
2026-09-11T09:54:30.881089Z,144.0,155.343,100,1,update,206.1,586.7,129723,234.9,234.9,243.3,243.3,,,
2026-09-11T09:54:30.881089Z,145.0,156.342,100,1,read,771.8,2324.5,129723,71.3,71.3,75.5,75.5,,,
2026-09-11T09:54:30.881089Z,145.0,156.342,100,1,update,201.9,584.0,129723,234.9,234.9,234.9,234.9,,,
2026-09-11T09:54:30.881089Z,146.0,157.348,100,1,read,744.1,2313.7,129723,71.3,71.3,75.5,75.5,,,
2026-09-11T09:54:30.881089Z,146.0,157.348,100,1,update,209.0,581.5,129723,234.9,243.3,285.2,285.2,,,
2026-09-11T09:54:30.881089Z,147.0,158.342,100,1,read,785.9,2303.3,129723,71.3,71.3,71.3,75.5,,,
2026-09-11T09:54:30.881089Z,147.0,158.342,100,1,update,197.0,578.9,129723,234.9,234.9,234.9,243.3,,,
2026-09-11T09:54:30.881089Z,148.0,159.343,100,1,read,748.8,2292.8,129723,71.3,71.3,71.3,75.5,,,
2026-09-11T09:54:30.881089Z,148.0,159.343,100,1,update,208.9,576.4,129723,234.9,234.9,234.9,234.9,,,
2026-09-11T09:54:30.881089Z,149.0,160.342,100,1,read,734.1,2282.4,129723,71.3,71.3,71.3,75.5,,,
2026-09-11T09:54:30.881089Z,149.0,160.342,100,1,update,212.0,573.9,129723,234.9,234.9,234.9,243.3,,,
2026-09-11T09:54:30.881089Z,150.0,161.343,100,1,read,820.9,2272.6,129723,71.3,71.3,71.3,79.7,,,
2026-09-11T09:54:30.881089Z,150.0,161.343,100,1,update,188.0,571.3,129723,234.9,234.9,234.9,243.3,,,
2026-09-11T09:54:30.881089Z,151.0,162.343,100,1,read,745.8,2262.5,129723,71.3,71.3,71.3,75.5,,,
2026-09-11T09:54:30.881089Z,151.0,162.343,100,1,update,215.9,569.0,129723,234.9,234.9,234.9,243.3,,,
2026-09-11T09:54:30.881089Z,152.0,163.35,100,1,read,723.5,2252.4,129723,71.3,71.3,75.5,75.5,,,
2026-09-11T09:54:30.881089Z,152.0,163.35,100,1,update,209.1,566.6,129723,234.9,251.7,285.2,302.0,,,
2026-09-11T09:54:30.881089Z,153.0,164.342,100,1,read,759.4,2242.6,129723,71.3,71.3,75.5,79.7,,,
2026-09-11T09:54:30.881089Z,153.0,164.342,100,1,update,203.8,564.3,129723,234.9,234.9,234.9,234.9,,,
2026-09-11T09:54:30.881089Z,154.0,165.345,100,1,read,813.5,2233.3,129723,71.3,71.3,71.3,75.5,,,
2026-09-11T09:54:30.881089Z,154.0,165.345,100,1,update,186.1,561.8,129723,234.9,234.9,234.9,243.3,,,
2026-09-11T09:54:30.881089Z,155.0,166.343,100,1,read,761.5,2223.8,129723,71.3,71.3,71.3,75.5,,,
2026-09-11T09:54:30.881089Z,155.0,166.343,100,1,update,206.9,559.5,129723,234.9,234.9,234.9,243.3,,,
2026-09-11T09:54:30.881089Z,156.0,167.343,100,1,read,758.3,2214.5,129723,71.3,71.3,71.3,75.5,,,
2026-09-11T09:54:30.881089Z,156.0,167.343,100,1,update,209.1,557.3,129723,234.9,234.9,243.3,243.3,,,
2026-09-11T09:54:30.881089Z,157.0,168.344,100,1,read,775.8,2205.3,129723,71.3,71.3,71.3,71.3,,,
2026-09-11T09:54:30.881089Z,157.0,168.344,100,1,update,200.0,555.0,129723,234.9,234.9,234.9,234.9,,,
2026-09-11T09:54:30.881089Z,158.0,169.343,100,1,read,811.5,2196.5,129723,71.3,71.3,71.3,75.5,,,
2026-09-11T09:54:30.881089Z,158.0,169.343,100,1,update,183.1,552.6,129723,234.9,234.9,234.9,520.1,,,
2026-09-11T09:54:30.881089Z,159.0,170.344,100,1,read,765.0,2187.5,129723,71.3,71.3,75.5,75.5,,,
2026-09-11T09:54:30.881089Z,159.0,170.344,100,1,update,202.0,550.4,129723,234.9,268.4,285.2,302.0,,,
2026-09-11T09:54:30.881089Z,160.0,171.35,100,1,read,828.6,2179.0,129723,71.3,71.3,71.3,75.5,,,
2026-09-11T09:54:30.881089Z,160.0,171.35,100,1,update,183.9,548.1,129723,234.9,234.9,234.9,520.1,,,
2026-09-11T09:54:30.881089Z,161.0,172.346,100,1,read,784.2,2170.3,129723,71.3,71.3,71.3,75.5,,,
2026-09-11T09:54:30.881089Z,161.0,172.346,100,1,update,192.1,545.9,129723,234.9,234.9,234.9,243.3,,,
2026-09-11T09:54:30.881089Z,162.0,173.343,100,1,read,795.0,2161.8,129723,71.3,71.3,75.5,79.7,,,
2026-09-11T09:54:30.881089Z,162.0,173.343,100,1,update,196.0,543.8,129723,234.9,234.9,243.3,243.3,,,
2026-09-11T09:54:30.881089Z,163.0,174.351,100,1,read,752.7,2153.2,129723,71.3,71.3,71.3,75.5,,,
2026-09-11T09:54:30.881089Z,163.0,174.351,100,1,update,204.9,541.7,129723,234.9,234.9,243.3,243.3,,,
2026-09-11T09:54:30.881089Z,164.0,175.344,100,1,read,805.1,2145.0,129723,71.3,71.3,75.5,75.5,,,
2026-09-11T09:54:30.881089Z,164.0,175.344,100,1,update,192.0,539.6,129723,234.9,234.9,243.3,243.3,,,
2026-09-11T09:54:30.881089Z,165.0,176.346,100,1,read,727.3,2136.4,129723,71.3,71.3,75.5,75.5,,,
2026-09-11T09:54:30.881089Z,165.0,176.346,100,1,update,209.1,537.6,129723,234.9,268.4,285.2,302.0,,,
2026-09-11T09:54:30.881089Z,166.0,177.349,100,1,read,776.9,2128.2,129723,71.3,71.3,71.3,75.5,,,
2026-09-11T09:54:30.881089Z,166.0,177.349,100,1,update,202.0,535.5,129723,234.9,234.9,234.9,243.3,,,
2026-09-11T09:54:30.881089Z,167.0,178.344,100,1,read,767.0,2120.0,129723,71.3,71.3,71.3,71.3,,,
2026-09-11T09:54:30.881089Z,167.0,178.344,100,1,update,198.0,533.5,129723,234.9,234.9,243.3,243.3,,,
2026-09-11T09:54:30.881089Z,168.0,179.399,100,1,read,734.0,2111.8,129723,71.3,71.3,71.3,75.5,,,
2026-09-11T09:54:30.881089Z,168.0,179.399,100,1,update,220.0,531.6,129723,234.9,234.9,234.9,234.9,,,
2026-09-11T09:54:30.881089Z,169.0,180.348,100,1,read,730.6,2103.6,129723,71.3,71.3,71.3,71.3,,,
2026-09-11T09:54:30.881089Z,169.0,180.348,100,1,update,186.9,529.6,129723,234.9,318.8,318.8,318.8,,,
2026-09-11T09:54:30.881089Z,170.0,181.344,100,1,read,768.0,2095.7,129723,71.3,71.3,75.5,75.5,,,
2026-09-11T09:54:30.881089Z,170.0,181.344,100,1,update,205.0,527.7,129723,234.9,234.9,234.9,243.3,,,
2026-09-11T09:54:30.881089Z,171.0,182.342,100,1,read,803.5,2088.2,129723,71.3,71.3,71.3,75.5,,,
2026-09-11T09:54:30.881089Z,171.0,182.342,100,1,update,192.1,525.7,129723,234.9,234.9,268.4,285.2,,,
2026-09-11T09:54:30.881089Z,172.0,183.345,100,1,read,839.2,2080.9,129723,71.3,71.3,71.3,75.5,,,
2026-09-11T09:54:30.881089Z,172.0,183.345,100,1,update,179.8,523.7,129723,234.9,234.9,234.9,234.9,,,
2026-09-11T09:54:30.881089Z,173.0,184.35,100,1,read,792.3,2073.5,129723,71.3,71.3,71.3,75.5,,,
2026-09-11T09:54:30.881089Z,173.0,184.35,100,1,update,194.1,521.8,129723,234.9,234.9,234.9,234.9,,,
2026-09-11T09:54:30.881089Z,174.0,185.343,100,1,read,802.4,2066.2,129723,71.3,71.3,71.3,75.5,,,
2026-09-11T09:54:30.881089Z,174.0,185.343,100,1,update,192.1,519.9,129723,234.9,234.9,234.9,234.9,,,
2026-09-11T09:54:30.881089Z,175.0,186.346,100,1,read,779.4,2058.8,129723,71.3,71.3,75.5,75.5,,,
2026-09-11T09:54:30.881089Z,175.0,186.346,100,1,update,197.9,518.1,129723,234.9,234.9,234.9,234.9,,,
2026-09-11T09:54:30.881089Z,176.0,187.345,100,1,read,788.3,2051.6,129723,71.3,71.3,75.5,75.5,,,
2026-09-11T09:54:30.881089Z,176.0,187.345,100,1,update,193.1,516.2,129723,234.9,234.9,234.9,234.9,,,
2026-09-11T09:54:30.881089Z,177.0,188.342,100,1,read,781.1,2044.4,129723,71.3,71.3,71.3,369.1,,,
2026-09-11T09:54:30.881089Z,177.0,188.342,100,1,update,202.0,514.5,129723,234.9,234.9,234.9,234.9,,,
2026-09-11T09:54:30.881089Z,178.0,189.344,100,1,read,784.1,2037.3,129723,71.3,71.3,75.5,385.9,,,
2026-09-11T09:54:30.881089Z,178.0,189.344,100,1,update,180.0,512.6,129723,234.9,318.8,352.3,369.1,,,
2026-09-11T09:54:30.881089Z,179.0,190.342,100,1,read,768.9,2030.3,129723,71.3,71.3,71.3,75.5,,,
2026-09-11T09:54:30.881089Z,179.0,190.342,100,1,update,204.0,510.9,129723,234.9,234.9,234.9,234.9,,,
2026-09-11T09:54:30.881089Z,180.0,191.343,100,1,read,786.5,2023.3,129723,71.3,71.3,71.3,369.1,,,
2026-09-11T09:54:30.881089Z,180.0,191.343,100,1,update,191.1,509.1,129723,234.9,234.9,234.9,536.9,,,
2026-09-11T09:54:30.881089Z,181.0,192.346,100,1,read,778.6,2016.5,129723,71.3,71.3,71.3,75.5,,,
2026-09-11T09:54:30.881089Z,181.0,192.346,100,1,update,201.9,507.4,129723,234.9,234.9,234.9,234.9,,,
2026-09-11T09:54:30.881089Z,182.0,193.344,100,1,read,782.2,2009.7,129723,71.3,71.3,71.3,75.5,,,
2026-09-11T09:54:30.881089Z,182.0,193.344,100,1,update,194.0,505.7,129723,234.9,234.9,234.9,234.9,,,
2026-09-11T09:54:30.881089Z,183.0,194.343,100,1,read,822.7,2003.2,129723,71.3,71.3,71.3,75.5,,,
2026-09-11T09:54:30.881089Z,183.0,194.343,100,1,update,194.9,504.0,129723,234.9,234.9,234.9,234.9,,,
2026-09-11T09:54:30.881089Z,184.0,195.346,100,1,read,750.0,1996.4,129723,71.3,71.3,71.3,71.3,,,
2026-09-11T09:54:30.881089Z,184.0,195.346,100,1,update,208.0,502.4,129723,234.9,234.9,234.9,234.9,,,
2026-09-11T09:54:30.881089Z,185.0,196.346,100,1,read,742.9,1989.6,129723,71.3,75.5,75.5,79.7,,,
2026-09-11T09:54:30.881089Z,185.0,196.346,100,1,update,195.0,500.7,129723,234.9,335.5,352.3,369.1,,,
2026-09-11T09:54:30.881089Z,186.0,197.343,100,1,read,734.0,1982.9,129723,71.3,71.3,71.3,75.5,,,
2026-09-11T09:54:30.881089Z,186.0,197.343,100,1,update,212.0,499.1,129723,234.9,234.9,234.9,234.9,,,
2026-09-11T09:54:30.881089Z,187.0,198.345,100,1,read,776.9,1976.4,129723,71.3,71.3,71.3,352.3,,,
2026-09-11T09:54:30.881089Z,187.0,198.345,100,1,update,202.0,497.5,129723,234.9,234.9,234.9,234.9,,,
2026-09-11T09:54:30.881089Z,188.0,199.345,100,1,read,799.1,1970.2,129723,71.3,71.3,71.3,79.7,,,
2026-09-11T09:54:30.881089Z,188.0,199.345,100,1,update,190.0,495.9,129723,234.9,234.9,243.3,243.3,,,
2026-09-11T09:54:30.881089Z,189.0,200.343,100,1,read,805.1,1964.0,129723,71.3,71.3,71.3,75.5,,,
2026-09-11T09:54:30.881089Z,189.0,200.343,100,1,update,192.0,494.3,129723,234.9,234.9,234.9,234.9,,,
2026-09-11T09:54:30.881089Z,190.0,201.343,100,1,read,819.4,1958.0,129723,71.3,71.3,71.3,75.5,,,
2026-09-11T09:54:30.881089Z,190.0,201.343,100,1,update,187.1,492.7,129723,234.9,234.9,234.9,234.9,,,
2026-09-11T09:54:30.881089Z,191.0,202.346,100,1,read,842.6,1952.1,129723,71.3,71.3,75.5,385.9,,,
2026-09-11T09:54:30.881089Z,191.0,202.346,100,1,update,174.9,491.0,129723,234.9,234.9,234.9,234.9,,,
2026-09-11T09:54:30.881089Z,192.0,203.345,100,1,read,748.7,1945.9,129723,71.3,71.3,75.5,75.5,,,
2026-09-11T09:54:30.881089Z,192.0,203.345,100,1,update,195.9,489.5,129723,234.9,369.1,402.7,536.9,,,
2026-09-11T09:54:30.881089Z,193.0,204.343,100,1,read,818.8,1940.0,129723,71.3,71.3,71.3,75.5,,,
2026-09-11T09:54:30.881089Z,193.0,204.343,100,1,update,182.2,487.9,129723,234.9,234.9,234.9,243.3,,,
2026-09-11T09:54:30.881089Z,194.0,205.344,100,1,read,731.0,1933.8,129723,71.3,71.3,71.3,75.5,,,
2026-09-11T09:54:30.881089Z,194.0,205.344,100,1,update,217.0,486.5,129723,234.9,234.9,234.9,234.9,,,
2026-09-11T09:54:30.881089Z,195.0,206.343,100,1,read,792.1,1927.9,129723,71.3,71.3,71.3,75.5,,,
2026-09-11T09:54:30.881089Z,195.0,206.343,100,1,update,199.0,485.0,129723,234.9,234.9,234.9,234.9,,,
2026-09-11T09:54:30.881089Z,196.0,207.345,100,1,read,770.5,1922.0,129723,71.3,71.3,71.3,71.3,,,
2026-09-11T09:54:30.881089Z,196.0,207.345,100,1,update,197.9,483.6,129723,234.9,234.9,234.9,234.9,,,
2026-09-11T09:54:30.881089Z,197.0,208.346,100,1,read,779.9,1916.2,129723,71.3,71.3,71.3,71.3,,,
2026-09-11T09:54:30.881089Z,197.0,208.346,100,1,update,201.0,482.1,129723,234.9,234.9,234.9,234.9,,,
2026-09-11T09:54:30.881089Z,198.0,209.343,100,1,read,767.5,1910.4,129723,71.3,71.3,71.3,71.3,,,
2026-09-11T09:54:30.881089Z,198.0,209.343,100,1,update,202.1,480.7,129723,234.9,234.9,234.9,243.3,,,
2026-09-11T09:54:30.881089Z,199.0,210.347,100,1,read,778.1,1904.7,129723,71.3,71.3,75.5,369.1,,,
2026-09-11T09:54:30.881089Z,199.0,210.347,100,1,update,190.0,479.3,129723,234.9,352.3,385.9,385.9,,,
2026-09-11T09:54:30.881089Z,200.0,211.343,100,1,read,831.0,1899.4,129723,71.3,71.3,71.3,75.5,,,
2026-09-11T09:54:30.881089Z,200.0,211.343,100,1,update,177.0,477.7,129723,234.9,234.9,234.9,234.9,,,
2026-09-11T09:54:30.881089Z,201.0,212.346,100,1,read,788.8,1893.8,129723,71.3,71.3,71.3,75.5,,,
2026-09-11T09:54:30.881089Z,201.0,212.346,100,1,update,195.9,476.3,129723,234.9,234.9,234.9,234.9,,,
2026-09-11T09:54:30.881089Z,202.0,213.346,100,1,read,778.7,1888.3,129723,71.3,71.3,71.3,71.3,,,
2026-09-11T09:54:30.881089Z,202.0,213.346,100,1,update,203.9,475.0,129723,234.9,234.9,234.9,243.3,,,
2026-09-11T09:54:30.881089Z,203.0,214.343,100,1,read,782.9,1882.9,129723,71.3,71.3,71.3,75.5,,,
2026-09-11T09:54:30.881089Z,203.0,214.343,100,1,update,196.0,473.6,129723,234.9,234.9,234.9,234.9,,,
2026-09-11T09:54:30.881089Z,204.0,215.347,100,1,read,742.5,1877.3,129723,71.3,71.3,71.3,75.5,,,
2026-09-11T09:54:30.881089Z,204.0,215.347,100,1,update,208.1,472.3,129723,234.9,234.9,234.9,234.9,,,
2026-09-11T09:54:30.881089Z,205.0,216.343,100,1,read,782.7,1871.9,129723,71.3,71.3,75.5,79.7,,,
2026-09-11T09:54:30.881089Z,205.0,216.343,100,1,update,199.9,471.0,129723,234.9,234.9,234.9,234.9,,,
2026-09-11T09:54:30.881089Z,206.0,217.351,100,1,read,772.3,1866.6,129723,71.3,71.3,75.5,75.5,,,
2026-09-11T09:54:30.881089Z,206.0,217.351,100,1,update,188.1,469.6,129723,234.9,335.5,369.1,385.9,,,
2026-09-11T09:54:30.881089Z,207.0,218.346,100,1,read,784.0,1861.4,129723,71.3,71.3,71.3,369.1,,,
2026-09-11T09:54:30.881089Z,207.0,218.346,100,1,update,201.0,468.3,129723,234.9,234.9,234.9,234.9,,,
2026-09-11T09:54:30.881089Z,208.0,219.345,100,1,read,784.9,1856.2,129723,71.3,71.3,75.5,79.7,,,
2026-09-11T09:54:30.881089Z,208.0,219.345,100,1,update,196.0,467.0,129723,234.9,234.9,243.3,243.3,,,
2026-09-11T09:54:30.881089Z,209.0,220.344,100,1,read,820.0,1851.2,129723,71.3,71.3,75.5,83.9,,,
2026-09-11T09:54:30.881089Z,209.0,220.344,100,1,update,187.0,465.7,129723,234.9,234.9,234.9,243.3,,,
2026-09-11T09:54:30.881089Z,210.0,221.344,100,1,read,833.5,1846.4,129723,71.3,71.3,71.3,75.5,,,
2026-09-11T09:54:30.881089Z,210.0,221.344,100,1,update,180.9,464.3,129723,234.9,234.9,234.9,234.9,,,
2026-09-11T09:54:30.881089Z,211.0,222.345,100,1,read,804.4,1841.5,129723,71.3,71.3,75.5,79.7,,,
2026-09-11T09:54:30.881089Z,211.0,222.345,100,1,update,191.1,463.0,129723,234.9,234.9,234.9,234.9,,,
2026-09-11T09:54:30.881089Z,212.0,223.345,100,1,read,800.1,1836.6,129723,71.3,71.3,75.5,75.5,,,
2026-09-11T09:54:30.881089Z,212.0,223.345,100,1,update,192.0,461.7,129723,234.9,234.9,234.9,243.3,,,
2026-09-11T09:54:30.881089Z,213.0,224.346,100,1,read,816.0,1831.8,129723,71.3,71.3,75.5,79.7,,,
2026-09-11T09:54:30.881089Z,213.0,224.346,100,1,update,181.0,460.4,129723,234.9,335.5,369.1,369.1,,,
2026-09-11T09:54:30.881089Z,214.0,225.343,100,1,read,745.6,1826.7,129723,71.3,71.3,71.3,352.3,,,
2026-09-11T09:54:30.881089Z,214.0,225.343,100,1,update,205.9,459.2,129723,234.9,234.9,234.9,234.9,,,
2026-09-11T09:54:30.881089Z,215.0,226.346,100,1,read,771.1,1821.8,129723,71.3,71.3,75.5,352.3,,,
2026-09-11T09:54:30.881089Z,215.0,226.346,100,1,update,201.0,458.0,129723,234.9,234.9,234.9,234.9,,,
2026-09-11T09:54:30.881089Z,216.0,227.347,100,1,read,731.9,1816.7,129723,71.3,71.3,71.3,75.5,,,
2026-09-11T09:54:30.881089Z,216.0,227.347,100,1,update,214.0,456.9,129723,234.9,234.9,234.9,234.9,,,
2026-09-11T09:54:30.881089Z,217.0,228.343,100,1,read,825.5,1812.2,129723,71.3,71.3,71.3,75.5,,,
2026-09-11T09:54:30.881089Z,217.0,228.343,100,1,update,186.1,455.6,129723,234.9,234.9,234.9,234.9,,,
2026-09-11T09:54:30.881089Z,218.0,229.352,100,1,read,817.7,1807.6,129723,71.3,71.3,71.3,71.3,,,
2026-09-11T09:54:30.881089Z,218.0,229.352,100,1,update,185.9,454.4,129723,234.9,234.9,234.9,234.9,,,
2026-09-11T09:54:30.881089Z,219.0,230.346,100,1,read,765.0,1802.8,129723,71.3,71.3,71.3,71.3,,,
2026-09-11T09:54:30.881089Z,219.0,230.346,100,1,update,201.0,453.3,129723,234.9,234.9,234.9,234.9,,,
2026-09-11T09:54:30.881089Z,220.0,231.347,100,1,read,783.9,1798.2,129723,71.3,75.5,75.5,75.5,,,
2026-09-11T09:54:30.881089Z,220.0,231.347,100,1,update,186.0,452.0,129723,234.9,369.1,385.9,402.7,,,
2026-09-11T09:54:30.881089Z,221.0,232.342,100,1,read,751.3,1793.5,129723,71.3,71.3,75.5,75.5,,,
2026-09-11T09:54:30.881089Z,221.0,232.342,100,1,update,202.1,450.9,129723,234.9,234.9,234.9,234.9,,,
2026-09-11T09:54:30.881089Z,222.0,233.343,100,1,read,718.9,1788.6,129723,71.3,71.3,71.3,71.3,,,
2026-09-11T09:54:30.881089Z,222.0,233.343,100,1,update,221.0,449.9,129723,234.9,234.9,234.9,243.3,,,
2026-09-11T09:54:30.881089Z,223.0,234.346,100,1,read,747.9,1784.0,129723,71.3,71.3,71.3,71.3,,,
2026-09-11T09:54:30.881089Z,223.0,234.346,100,1,update,205.0,448.8,129723,234.9,234.9,234.9,234.9,,,
2026-09-11T09:54:30.881089Z,224.0,235.343,100,1,read,860.9,1779.8,129723,71.3,71.3,71.3,79.7,,,
2026-09-11T09:54:30.881089Z,224.0,235.343,100,1,update,178.0,447.6,129723,234.9,234.9,234.9,234.9,,,
2026-09-11T09:54:30.881089Z,225.0,236.345,100,1,read,783.0,1775.4,129723,71.3,71.3,75.5,75.5,,,
2026-09-11T09:54:30.881089Z,225.0,236.345,100,1,update,196.0,446.4,129723,234.9,234.9,234.9,243.3,,,
2026-09-11T09:54:30.881089Z,226.0,237.343,100,1,read,827.0,1771.2,129723,71.3,71.3,75.5,75.5,,,
2026-09-11T09:54:30.881089Z,226.0,237.343,100,1,update,185.0,445.3,129723,234.9,234.9,234.9,234.9,,,
2026-09-11T09:54:30.881089Z,227.0,238.346,100,1,read,831.1,1767.1,129723,71.3,71.3,75.5,75.5,,,
2026-09-11T09:54:30.881089Z,227.0,238.346,100,1,update,176.0,444.1,129723,234.9,318.8,369.1,369.1,,,
2026-09-11T09:54:30.881089Z,228.0,239.344,100,1,read,769.7,1762.7,129723,71.3,71.3,71.3,75.5,,,
2026-09-11T09:54:30.881089Z,228.0,239.344,100,1,update,200.9,443.0,129723,234.9,234.9,234.9,234.9,,,
2026-09-11T09:54:30.881089Z,229.0,240.344,100,1,read,786.5,1758.4,129723,71.3,71.3,75.5,75.5,,,
2026-09-11T09:54:30.881089Z,229.0,240.344,100,1,update,198.1,442.0,129723,234.9,234.9,234.9,234.9,,,
2026-09-11T09:54:30.881089Z,230.0,241.345,100,1,read,799.2,1754.3,129723,71.3,71.3,71.3,75.5,,,
2026-09-11T09:54:30.881089Z,230.0,241.345,100,1,update,193.1,440.9,129723,234.9,234.9,234.9,234.9,,,
2026-09-11T09:54:30.881089Z,231.0,242.347,100,1,read,757.7,1749.9,129723,71.3,71.3,71.3,79.7,,,
2026-09-11T09:54:30.881089Z,231.0,242.347,100,1,update,209.9,439.9,129723,234.9,234.9,234.9,234.9,,,
2026-09-11T09:54:30.881089Z,232.0,243.351,100,1,read,731.1,1745.6,129723,71.3,71.3,71.3,79.7,,,
2026-09-11T09:54:30.881089Z,232.0,243.351,100,1,update,212.0,438.9,129723,234.9,234.9,234.9,234.9,,,
2026-09-11T09:54:30.881089Z,233.0,244.348,100,1,read,804.7,1741.5,129723,71.3,71.3,71.3,75.5,,,
2026-09-11T09:54:30.881089Z,233.0,244.348,100,1,update,187.9,437.8,129723,234.9,234.9,234.9,234.9,,,
2026-09-11T09:54:30.881089Z,234.0,245.354,100,1,read,762.0,1737.3,129723,71.3,75.5,75.5,369.1,,,
2026-09-11T09:54:30.881089Z,234.0,245.354,100,1,update,190.0,436.8,129723,234.9,369.1,402.7,419.4,,,
2026-09-11T09:54:30.881089Z,235.0,246.347,100,1,read,791.9,1733.3,129723,71.3,71.3,71.3,75.5,,,
2026-09-11T09:54:30.881089Z,235.0,246.347,100,1,update,192.0,435.7,129723,234.9,234.9,234.9,234.9,,,
2026-09-11T09:54:30.881089Z,236.0,247.347,100,1,read,772.7,1729.2,129723,71.3,71.3,75.5,75.5,,,
2026-09-11T09:54:30.881089Z,236.0,247.347,100,1,update,199.2,434.7,129723,234.9,234.9,234.9,234.9,,,
2026-09-11T09:54:30.881089Z,237.0,248.351,100,1,read,759.9,1725.2,129723,71.3,71.3,71.3,75.5,,,
2026-09-11T09:54:30.881089Z,237.0,248.351,100,1,update,201.0,433.7,129723,234.9,234.9,234.9,243.3,,,
2026-09-11T09:54:30.881089Z,238.0,249.348,100,1,read,786.0,1721.2,129723,71.3,71.3,71.3,369.1,,,
2026-09-11T09:54:30.881089Z,238.0,249.348,100,1,update,195.0,432.7,129723,234.9,234.9,234.9,243.3,,,
2026-09-11T09:54:30.881089Z,239.0,250.344,100,1,read,763.7,1717.2,129723,71.3,71.3,71.3,75.5,,,
2026-09-11T09:54:30.881089Z,239.0,250.344,100,1,update,199.9,431.8,129723,234.9,234.9,243.3,243.3,,,
2026-09-11T09:54:30.881089Z,240.0,251.344,100,1,read,795.8,1713.4,129723,71.3,71.3,71.3,75.5,,,
2026-09-11T09:54:30.881089Z,240.0,251.344,100,1,update,199.9,430.8,129723,234.9,234.9,234.9,234.9,,,
2026-09-11T09:54:30.881089Z,241.0,252.346,100,1,read,744.5,1709.3,129723,71.3,75.5,75.5,75.5,,,
2026-09-11T09:54:30.881089Z,241.0,252.346,100,1,update,189.1,429.8,129723,234.9,385.9,436.2,436.2,,,
2026-09-11T09:54:30.881089Z,242.0,253.347,100,1,read,765.9,1705.4,129723,71.3,71.3,71.3,75.5,,,
2026-09-11T09:54:30.881089Z,242.0,253.347,100,1,update,199.0,428.8,129723,234.9,234.9,243.3,243.3,,,
2026-09-11T09:54:30.881089Z,243.0,254.343,100,1,read,795.0,1701.7,129723,71.3,71.3,71.3,352.3,,,
2026-09-11T09:54:30.881089Z,243.0,254.343,100,1,update,198.0,427.9,129723,234.9,234.9,234.9,243.3,,,
2026-09-11T09:54:30.881089Z,244.0,255.346,100,1,read,796.5,1698.0,129723,71.3,71.3,71.3,75.5,,,
2026-09-11T09:54:30.881089Z,244.0,255.346,100,1,update,189.9,426.9,129723,234.9,234.9,234.9,243.3,,,
2026-09-11T09:54:30.881089Z,245.0,256.35,100,1,read,755.1,1694.1,129723,71.3,75.5,75.5,75.5,,,
2026-09-11T09:54:30.881089Z,245.0,256.35,100,1,update,205.0,426.0,129723,234.9,234.9,234.9,234.9,,,
2026-09-11T09:54:30.881089Z,246.0,257.345,100,1,read,786.0,1690.4,129723,71.3,71.3,75.5,369.1,,,
2026-09-11T09:54:30.881089Z,246.0,257.345,100,1,update,198.0,425.1,129723,234.9,234.9,234.9,234.9,,,
2026-09-11T09:54:30.881089Z,247.0,258.346,100,1,read,788.5,1686.8,129723,71.3,71.3,75.5,75.5,,,
2026-09-11T09:54:30.881089Z,247.0,258.346,100,1,update,192.1,424.1,129723,234.9,234.9,234.9,234.9,,,
2026-09-11T09:54:30.881089Z,248.0,259.345,100,1,read,761.0,1683.1,129723,71.3,71.3,75.5,79.7,,,
2026-09-11T09:54:30.881089Z,248.0,259.345,100,1,update,190.0,423.2,129723,234.9,369.1,385.9,385.9,,,
2026-09-11T09:54:30.881089Z,249.0,260.352,100,1,read,822.2,1679.6,129723,71.3,71.3,71.3,79.7,,,
2026-09-11T09:54:30.881089Z,249.0,260.352,100,1,update,185.0,422.2,129723,234.9,234.9,234.9,234.9,,,
2026-09-11T09:54:30.881089Z,250.0,261.344,100,1,read,728.4,1675.8,129723,71.3,71.3,75.5,79.7,,,
2026-09-11T09:54:30.881089Z,250.0,261.344,100,1,update,218.8,421.4,129723,234.9,234.9,234.9,243.3,,,
2026-09-11T09:54:30.881089Z,251.0,262.345,100,1,read,779.6,1672.2,129723,71.3,71.3,71.3,75.5,,,
2026-09-11T09:54:30.881089Z,251.0,262.345,100,1,update,192.1,420.5,129723,234.9,234.9,234.9,234.9,,,
2026-09-11T09:54:30.881089Z,252.0,263.346,100,1,read,768.5,1668.6,129723,71.3,71.3,71.3,71.3,,,
2026-09-11T09:54:30.881089Z,252.0,263.346,100,1,update,204.9,419.7,129723,234.9,234.9,243.3,243.3,,,
2026-09-11T09:54:30.881089Z,253.0,264.344,100,1,read,757.6,1665.0,129723,71.3,71.3,75.5,75.5,,,
2026-09-11T09:54:30.881089Z,253.0,264.344,100,1,update,207.2,418.8,129723,234.9,234.9,234.9,234.9,,,
2026-09-11T09:54:30.881089Z,254.0,265.35,100,1,read,817.6,1661.7,129723,71.3,71.3,75.5,83.9,,,
2026-09-11T09:54:30.881089Z,254.0,265.35,100,1,update,186.9,417.9,129723,234.9,234.9,234.9,243.3,,,
2026-09-11T09:54:30.881089Z,255.0,266.343,100,1,read,718.9,1658.0,129723,71.3,75.5,75.5,79.7,,,
2026-09-11T09:54:30.881089Z,255.0,266.343,100,1,update,202.0,417.1,129723,234.9,335.5,369.1,369.1,,,
2026-09-11T09:54:30.881089Z,256.0,267.344,100,1,read,810.1,1654.7,129723,71.3,71.3,75.5,83.9,,,
2026-09-11T09:54:30.881089Z,256.0,267.344,100,1,update,193.0,416.2,129723,234.9,234.9,234.9,243.3,,,
2026-09-11T09:54:30.881089Z,257.0,268.347,100,1,read,786.3,1651.3,129723,71.3,71.3,71.3,75.5,,,
2026-09-11T09:54:30.881089Z,257.0,268.347,100,1,update,192.1,415.3,129723,234.9,234.9,234.9,234.9,,,
2026-09-11T09:54:30.881089Z,258.0,269.355,100,1,read,807.6,1648.0,129723,71.3,71.3,71.3,75.5,,,
2026-09-11T09:54:30.881089Z,258.0,269.355,100,1,update,193.9,414.4,129723,234.9,234.9,234.9,243.3,,,
2026-09-11T09:54:30.881089Z,259.0,270.35,100,1,read,771.9,1644.7,129723,71.3,71.3,71.3,75.5,,,
2026-09-11T09:54:30.881089Z,259.0,270.35,100,1,update,200.0,413.6,129723,234.9,234.9,234.9,234.9,,,
2026-09-11T09:54:30.881089Z,260.0,271.347,100,1,read,762.2,1641.3,129723,71.3,71.3,75.5,75.5,,,
2026-09-11T09:54:30.881089Z,260.0,271.347,100,1,update,206.1,412.8,129723,234.9,234.9,243.3,243.3,,,
2026-09-11T09:54:30.881089Z,261.0,272.347,100,1,read,744.2,1637.8,129723,71.3,71.3,75.5,75.5,,,
2026-09-11T09:54:30.881089Z,261.0,272.347,100,1,update,205.1,412.0,129723,234.9,234.9,268.4,285.2,,,
2026-09-11T09:54:30.881089Z,262.0,273.343,100,1,read,774.8,1634.5,129723,71.3,71.3,71.3,75.5,,,
2026-09-11T09:54:30.881089Z,262.0,273.343,100,1,update,203.9,411.2,129723,234.9,234.9,234.9,243.3,,,
2026-09-11T09:54:30.881089Z,263.0,274.343,100,1,read,790.5,1631.3,129723,71.3,71.3,71.3,75.5,,,
2026-09-11T09:54:30.881089Z,263.0,274.343,100,1,update,193.1,410.4,129723,234.9,234.9,243.3,243.3,,,
2026-09-11T09:54:30.881089Z,264.0,275.348,100,1,read,819.9,1628.3,129723,71.3,71.3,71.3,75.5,,,
2026-09-11T09:54:30.881089Z,264.0,275.348,100,1,update,190.0,409.6,129723,234.9,234.9,234.9,234.9,,,
2026-09-11T09:54:30.881089Z,265.0,276.345,100,1,read,803.4,1625.1,129723,71.3,71.3,75.5,79.7,,,
2026-09-11T09:54:30.881089Z,265.0,276.345,100,1,update,186.9,408.7,129723,234.9,234.9,243.3,243.3,,,
2026-09-11T09:54:30.881089Z,266.0,277.348,100,1,read,840.3,1622.2,129723,71.3,71.3,71.3,75.5,,,
2026-09-11T09:54:30.881089Z,266.0,277.348,100,1,update,181.1,407.9,129723,234.9,234.9,234.9,234.9,,,
2026-09-11T09:54:30.881089Z,267.0,278.347,100,1,read,791.7,1619.1,129723,71.3,71.3,71.3,71.3,,,
2026-09-11T09:54:30.881089Z,267.0,278.347,100,1,update,160.9,406.9,129723,234.9,234.9,234.9,234.9,,,
2026-09-11T09:54:30.881089Z,268.0,279.346,100,1,read,762.3,1615.9,129723,71.3,71.3,75.5,75.5,,,
2026-09-11T09:54:30.881089Z,268.0,279.346,100,1,update,227.1,406.3,129723,234.9,369.1,419.4,436.2,,,
2026-09-11T09:54:30.881089Z,269.0,280.346,100,1,read,779.2,1612.8,129723,71.3,71.3,71.3,75.5,,,
2026-09-11T09:54:30.881089Z,269.0,280.346,100,1,update,196.1,405.5,129723,234.9,234.9,234.9,234.9,,,
2026-09-11T09:54:30.881089Z,270.0,281.345,100,1,read,771.8,1609.7,129723,71.3,71.3,71.3,75.5,,,
2026-09-11T09:54:30.881089Z,270.0,281.345,100,1,update,200.0,404.7,129723,234.9,234.9,234.9,243.3,,,
2026-09-11T09:54:30.881089Z,271.0,282.346,100,1,read,826.7,1606.8,129723,71.3,71.3,75.5,75.5,,,
2026-09-11T09:54:30.881089Z,271.0,282.346,100,1,update,187.9,403.9,129723,234.9,234.9,234.9,243.3,,,
2026-09-11T09:54:30.881089Z,272.0,283.347,100,1,read,797.4,1603.8,129723,71.3,71.3,75.5,79.7,,,
2026-09-11T09:54:30.881089Z,272.0,283.347,100,1,update,187.1,403.1,129723,234.9,234.9,234.9,243.3,,,
2026-09-11T09:54:30.881089Z,273.0,284.346,100,1,read,748.3,1600.7,129723,71.3,71.3,75.5,75.5,,,
2026-09-11T09:54:30.881089Z,273.0,284.346,100,1,update,199.1,402.4,129723,234.9,352.3,385.9,402.7,,,
2026-09-11T09:54:30.881089Z,274.0,285.349,100,1,read,764.0,1597.6,129723,71.3,71.3,71.3,75.5,,,
2026-09-11T09:54:30.881089Z,274.0,285.349,100,1,update,198.0,401.6,129723,234.9,234.9,234.9,234.9,,,
2026-09-11T09:54:30.881089Z,275.0,286.347,100,1,read,755.1,1594.5,129723,71.3,71.3,75.5,369.1,,,
2026-09-11T09:54:30.881089Z,275.0,286.347,100,1,update,209.0,400.9,129723,234.9,234.9,234.9,234.9,,,
2026-09-11T09:54:30.881089Z,276.0,287.353,100,1,read,816.5,1591.7,129723,71.3,71.3,75.5,369.1,,,
2026-09-11T09:54:30.881089Z,276.0,287.353,100,1,update,190.9,400.2,129723,234.9,234.9,243.3,243.3,,,
2026-09-11T09:54:30.881089Z,277.0,288.349,100,1,read,804.3,1588.9,129723,71.3,71.3,71.3,369.1,,,
2026-09-11T09:54:30.881089Z,277.0,288.349,100,1,update,186.1,399.4,129723,234.9,234.9,234.9,243.3,,,
2026-09-11T09:54:30.881089Z,278.0,289.349,100,1,read,788.8,1586.0,129723,71.3,71.3,79.7,88.1,,,
2026-09-11T09:54:30.881089Z,278.0,289.349,100,1,update,200.0,398.7,129723,234.9,234.9,243.3,243.3,,,
2026-09-11T09:54:30.881089Z,279.0,290.353,100,1,read,793.8,1583.2,129723,71.3,71.3,75.5,75.5,,,
2026-09-11T09:54:30.881089Z,279.0,290.353,100,1,update,180.9,397.9,129723,234.9,318.8,369.1,385.9,,,
2026-09-11T09:54:30.881089Z,280.0,291.344,100,1,read,756.5,1580.2,129723,71.3,71.3,71.3,75.5,,,
2026-09-11T09:54:30.881089Z,280.0,291.344,100,1,update,212.2,397.2,129723,234.9,234.9,234.9,243.3,,,
2026-09-11T09:54:30.881089Z,281.0,292.352,100,1,read,782.0,1577.4,129723,71.3,71.3,71.3,75.5,,,
2026-09-11T09:54:30.881089Z,281.0,292.352,100,1,update,204.0,396.6,129723,234.9,234.9,234.9,243.3,,,
2026-09-11T09:54:30.881089Z,282.0,293.346,100,1,read,814.6,1574.7,129723,71.3,71.3,71.3,71.3,,,
2026-09-11T09:54:30.881089Z,282.0,293.346,100,1,update,192.9,395.8,129723,234.9,234.9,234.9,243.3,,,
2026-09-11T09:54:30.881089Z,283.0,294.349,100,1,read,794.9,1571.9,129723,71.3,71.3,71.3,71.3,,,
2026-09-11T09:54:30.881089Z,283.0,294.349,100,1,update,191.0,395.1,129723,234.9,234.9,234.9,234.9,,,
2026-09-11T09:54:30.881089Z,284.0,295.35,100,1,read,790.9,1569.2,129723,71.3,71.3,71.3,75.5,,,
2026-09-11T09:54:30.881089Z,284.0,295.35,100,1,update,178.0,394.3,129723,234.9,234.9,234.9,234.9,,,
2026-09-11T09:54:30.881089Z,285.0,296.345,100,1,read,781.8,1566.4,129723,71.3,71.3,75.5,75.5,,,
2026-09-11T09:54:30.881089Z,285.0,296.345,100,1,update,209.9,393.7,129723,234.9,318.8,369.1,369.1,,,
2026-09-11T09:54:30.881089Z,286.0,297.344,100,1,read,781.7,1563.7,129723,71.3,71.3,75.5,75.5,,,
2026-09-11T09:54:30.881089Z,286.0,297.344,100,1,update,201.2,393.0,129723,234.9,234.9,234.9,243.3,,,
2026-09-11T09:54:30.881089Z,287.0,298.349,100,1,read,772.8,1560.9,129723,71.3,71.3,71.3,79.7,,,
2026-09-11T09:54:30.881089Z,287.0,298.349,100,1,update,205.9,392.4,129723,234.9,234.9,234.9,234.9,,,
2026-09-11T09:54:30.881089Z,288.0,299.347,100,1,read,802.9,1558.3,129723,71.3,71.3,71.3,71.3,,,
2026-09-11T09:54:30.881089Z,288.0,299.347,100,1,update,191.0,391.7,129723,234.9,234.9,234.9,234.9,,,
2026-09-11T09:54:30.881089Z,289.0,300.344,100,1,read,833.9,1555.8,129723,71.3,71.3,71.3,75.5,,,
2026-09-11T09:54:30.881089Z,289.0,300.344,100,1,update,191.0,391.0,129723,234.9,234.9,234.9,234.9,,,
2026-09-11T09:54:30.881089Z,290.0,301.345,100,1,read,763.5,1553.0,129723,71.3,71.3,75.5,75.5,,,
2026-09-11T09:54:30.881089Z,290.0,301.345,100,1,update,191.1,390.3,129723,234.9,335.5,369.1,385.9,,,
2026-09-11T09:54:30.881089Z,291.0,302.349,100,1,read,830.8,1550.5,129723,71.3,71.3,71.3,75.5,,,
2026-09-11T09:54:30.881089Z,291.0,302.349,100,1,update,184.0,389.6,129723,234.9,234.9,234.9,234.9,,,
2026-09-11T09:54:30.881089Z,292.0,303.346,100,1,read,842.2,1548.1,129723,71.3,71.3,71.3,75.5,,,
2026-09-11T09:54:30.881089Z,292.0,303.346,100,1,update,183.0,388.9,129723,234.9,234.9,234.9,536.9,,,
2026-09-11T09:54:30.881089Z,293.0,304.348,100,1,read,800.9,1545.6,129723,71.3,71.3,71.3,71.3,,,
2026-09-11T09:54:30.881089Z,293.0,304.348,100,1,update,188.0,388.2,129723,234.9,234.9,234.9,234.9,,,
2026-09-11T09:54:30.881089Z,294.0,305.347,100,1,read,830.3,1543.1,129723,71.3,71.3,71.3,75.5,,,
2026-09-11T09:54:30.881089Z,294.0,305.347,100,1,update,191.1,387.5,129723,234.9,234.9,234.9,234.9,,,
2026-09-11T09:54:30.881089Z,295.0,306.343,100,1,read,830.9,1540.7,129723,71.3,71.3,75.5,79.7,,,
2026-09-11T09:54:30.881089Z,295.0,306.343,100,1,update,181.0,386.8,129723,234.9,234.9,234.9,234.9,,,
2026-09-11T09:54:30.881089Z,296.0,307.346,100,1,read,751.0,1538.1,129723,71.3,71.3,75.5,75.5,,,
2026-09-11T09:54:30.881089Z,296.0,307.346,100,1,update,198.0,386.2,129723,234.9,335.5,369.1,369.1,,,
2026-09-11T09:54:30.881089Z,297.0,308.352,100,1,read,810.3,1535.6,129723,71.3,71.3,71.3,71.3,,,
2026-09-11T09:54:30.881089Z,297.0,308.352,100,1,update,199.8,385.6,129723,234.9,234.9,234.9,234.9,,,
2026-09-11T09:54:30.881089Z,298.0,309.351,100,1,read,788.3,1533.1,129723,71.3,71.3,71.3,75.5,,,
2026-09-11T09:54:30.881089Z,298.0,309.351,100,1,update,198.1,384.9,129723,234.9,234.9,234.9,234.9,,,
2026-09-11T09:54:30.881089Z,299.0,310.344,100,1,read,764.3,1530.5,129723,71.3,71.3,71.3,71.3,,,
2026-09-11T09:54:30.881089Z,299.0,310.344,100,1,update,202.1,384.3,129723,234.9,234.9,234.9,234.9,,,
2026-09-11T09:54:30.881089Z,300.0,311.347,100,1,read,854.1,1528.3,129723,71.3,71.3,71.3,75.5,,,
2026-09-11T09:54:30.881089Z,300.0,311.347,100,1,update,187.0,383.7,129723,234.9,234.9,234.9,234.9,,,
2026-09-11T09:54:30.881089Z,301.0,312.347,100,1,read,832.1,1526.0,129723,71.3,71.3,71.3,75.5,,,
2026-09-11T09:54:30.881089Z,301.0,312.347,100,1,update,177.8,383.0,129723,234.9,234.9,234.9,234.9,,,
2026-09-11T09:54:30.881089Z,302.0,313.352,100,1,read,743.5,1523.4,129723,71.3,71.3,75.5,75.5,,,
2026-09-11T09:54:30.881089Z,302.0,313.352,100,1,update,203.1,382.4,129723,234.9,318.8,369.1,385.9,,,
2026-09-11T09:54:30.881089Z,303.0,314.352,100,1,read,818.8,1521.0,129723,71.3,71.3,79.7,83.9,,,
2026-09-11T09:54:30.881089Z,303.0,314.352,100,1,update,186.9,381.7,129723,234.9,234.9,234.9,243.3,,,
2026-09-11T09:54:30.881089Z,304.0,315.352,100,1,read,782.4,1518.6,129723,71.3,71.3,71.3,75.5,,,
2026-09-11T09:54:30.881089Z,304.0,315.352,100,1,update,204.1,381.1,129723,234.9,234.9,234.9,234.9,,,
2026-09-11T09:54:30.881089Z,305.0,316.348,100,1,read,761.0,1516.1,129723,71.3,71.3,75.5,79.7,,,
2026-09-11T09:54:30.881089Z,305.0,316.348,100,1,update,208.0,380.6,129723,234.9,234.9,234.9,243.3,,,
2026-09-11T09:54:30.881089Z,306.0,317.35,100,1,read,839.8,1513.9,129723,71.3,71.3,71.3,71.3,,,
2026-09-11T09:54:30.881089Z,306.0,317.35,100,1,update,180.0,379.9,129723,234.9,234.9,234.9,243.3,,,
2026-09-11T09:54:30.881089Z,307.0,318.349,100,1,read,757.8,1511.5,129723,71.3,71.3,71.3,75.5,,,
2026-09-11T09:54:30.881089Z,307.0,318.349,100,1,update,201.0,379.3,129723,234.9,234.9,234.9,234.9,,,
2026-09-11T09:54:30.881089Z,308.0,319.346,100,1,read,766.3,1509.0,129723,71.3,71.3,75.5,75.5,,,
2026-09-11T09:54:30.881089Z,308.0,319.346,100,1,update,207.1,378.8,129723,234.9,352.3,369.1,385.9,,,
2026-09-11T09:54:30.881089Z,309.0,320.351,100,1,read,788.1,1506.7,129723,71.3,71.3,71.3,75.5,,,
2026-09-11T09:54:30.881089Z,309.0,320.351,100,1,update,191.0,378.2,129723,234.9,234.9,234.9,234.9,,,
2026-09-11T09:54:30.881089Z,310.0,321.346,100,1,read,790.4,1504.4,129723,71.3,71.3,71.3,75.5,,,
2026-09-11T09:54:30.881089Z,310.0,321.346,100,1,update,197.9,377.6,129723,234.9,234.9,234.9,243.3,,,
2026-09-11T09:54:30.881089Z,311.0,322.346,100,1,read,784.9,1502.1,129723,71.3,71.3,71.3,75.5,,,
2026-09-11T09:54:30.881089Z,311.0,322.346,100,1,update,201.0,377.0,129723,234.9,234.9,234.9,234.9,,,
2026-09-11T09:54:30.881089Z,312.0,323.347,100,1,read,827.6,1499.9,129723,71.3,71.3,75.5,79.7,,,
2026-09-11T09:54:30.881089Z,312.0,323.347,100,1,update,185.1,376.4,129723,234.9,234.9,234.9,234.9,,,
2026-09-11T09:54:30.881089Z,313.0,324.347,100,1,read,800.5,1497.7,129723,71.3,71.3,75.5,75.5,,,
2026-09-11T09:54:30.881089Z,313.0,324.347,100,1,update,181.9,375.8,129723,234.9,385.9,419.4,419.4,,,
2026-09-11T09:54:30.881089Z,314.0,325.356,100,1,read,802.2,1495.5,129723,71.3,71.3,71.3,75.5,,,
2026-09-11T09:54:30.881089Z,314.0,325.356,100,1,update,188.1,375.2,129723,234.9,234.9,243.3,243.3,,,
2026-09-11T09:54:30.881089Z,315.0,326.344,100,1,read,815.6,1493.3,129723,71.3,71.3,75.5,75.5,,,
2026-09-11T09:54:30.881089Z,315.0,326.344,100,1,update,191.9,374.6,129723,234.9,234.9,234.9,243.3,,,
2026-09-11T09:54:30.881089Z,316.0,327.345,100,1,read,794.5,1491.1,129723,71.3,71.3,71.3,75.5,,,
2026-09-11T09:54:30.881089Z,316.0,327.345,100,1,update,196.1,374.0,129723,234.9,234.9,243.3,243.3,,,
2026-09-11T09:54:30.881089Z,317.0,328.346,100,1,read,807.9,1488.9,129723,71.3,71.3,71.3,71.3,,,
2026-09-11T09:54:30.881089Z,317.0,328.346,100,1,update,193.0,373.5,129723,234.9,234.9,234.9,243.3,,,
2026-09-11T09:54:30.881089Z,318.0,329.35,100,1,read,784.1,1486.7,129723,71.3,71.3,71.3,71.3,,,
2026-09-11T09:54:30.881089Z,318.0,329.35,100,1,update,206.0,372.9,129723,234.9,234.9,234.9,234.9,,,
2026-09-11T09:54:30.881089Z,319.0,330.35,100,1,read,752.1,1484.4,129723,71.3,71.3,75.5,75.5,,,
2026-09-11T09:54:30.881089Z,319.0,330.35,100,1,update,194.0,372.4,129723,234.9,335.5,369.1,385.9,,,
2026-09-11T09:54:30.881089Z,320.0,331.344,100,1,read,833.1,1482.4,129723,71.3,71.3,71.3,71.3,,,
2026-09-11T09:54:30.881089Z,320.0,331.344,100,1,update,184.0,371.8,129723,234.9,234.9,234.9,234.9,,,
2026-09-11T09:54:30.881089Z,321.0,332.344,100,1,read,807.7,1480.3,129723,71.3,71.3,71.3,75.5,,,
2026-09-11T09:54:30.881089Z,321.0,332.344,100,1,update,192.9,371.2,129723,234.9,234.9,234.9,234.9,,,
2026-09-11T09:54:30.881089Z,322.0,333.345,100,1,read,816.8,1478.2,129723,71.3,71.3,71.3,71.3,,,
2026-09-11T09:54:30.881089Z,322.0,333.345,100,1,update,192.0,370.7,129723,234.9,234.9,234.9,234.9,,,
2026-09-11T09:54:30.881089Z,323.0,334.344,100,1,read,822.6,1476.2,129723,71.3,71.3,71.3,75.5,,,
2026-09-11T09:54:30.881089Z,323.0,334.344,100,1,update,191.1,370.1,129723,234.9,234.9,234.9,234.9,,,
2026-09-11T09:54:30.881089Z,324.0,335.345,100,1,read,706.8,1473.8,129723,71.3,71.3,79.7,79.7,,,
2026-09-11T09:54:30.881089Z,324.0,335.345,100,1,update,195.0,369.6,129723,234.9,419.4,436.2,436.2,,,
2026-09-11T09:54:30.881089Z,325.0,336.349,100,1,read,845.4,1471.9,129723,71.3,71.3,75.5,75.5,,,
2026-09-11T09:54:30.881089Z,325.0,336.349,100,1,update,184.9,369.0,129723,234.9,234.9,234.9,243.3,,,
2026-09-11T09:54:30.881089Z,326.0,337.353,100,1,read,822.5,1469.9,129723,71.3,71.3,71.3,75.5,,,
2026-09-11T09:54:30.881089Z,326.0,337.353,100,1,update,184.1,368.5,129723,234.9,234.9,234.9,234.9,,,
2026-09-11T09:54:30.881089Z,327.0,338.351,100,1,read,757.8,1467.7,129723,71.3,71.3,71.3,75.5,,,
2026-09-11T09:54:30.881089Z,327.0,338.351,100,1,update,208.9,368.0,129723,234.9,234.9,234.9,243.3,,,
2026-09-11T09:54:30.881089Z,328.0,339.345,100,1,read,811.3,1465.7,129723,71.3,71.3,71.3,71.3,,,
2026-09-11T09:54:30.881089Z,328.0,339.345,100,1,update,194.1,367.4,129723,234.9,234.9,234.9,234.9,,,
2026-09-11T09:54:30.881089Z,329.0,340.35,100,1,read,768.0,1463.6,129723,71.3,71.3,71.3,75.5,,,
2026-09-11T09:54:30.881089Z,329.0,340.35,100,1,update,205.0,366.9,129723,234.9,234.9,234.9,234.9,,,
2026-09-11T09:54:30.881089Z,330.0,341.345,100,1,read,779.8,1461.5,129723,71.3,75.5,79.7,79.7,,,
2026-09-11T09:54:30.881089Z,330.0,341.345,100,1,update,182.0,366.4,129723,234.9,385.9,419.4,436.2,,,
2026-09-11T09:54:30.881089Z,331.0,342.346,100,1,read,800.0,1459.5,129723,71.3,71.3,71.3,75.5,,,
2026-09-11T09:54:30.881089Z,331.0,342.346,100,1,update,195.0,365.9,129723,234.9,234.9,234.9,234.9,,,
2026-09-11T09:54:30.881089Z,332.0,343.353,100,1,read,814.1,1457.6,129723,71.3,71.3,71.3,369.1,,,
2026-09-11T09:54:30.881089Z,332.0,343.353,100,1,update,185.0,365.3,129723,234.9,234.9,243.3,536.9,,,
2026-09-11T09:54:30.881089Z,333.0,344.35,100,1,read,802.3,1455.6,129723,71.3,71.3,75.5,75.5,,,
2026-09-11T09:54:30.881089Z,333.0,344.35,100,1,update,194.1,364.8,129723,234.9,234.9,234.9,234.9,,,
2026-09-11T09:54:30.881089Z,334.0,345.343,100,1,read,745.4,1453.5,129723,71.3,71.3,75.5,75.5,,,
2026-09-11T09:54:30.881089Z,334.0,345.343,100,1,update,205.8,364.3,129723,234.9,234.9,234.9,243.3,,,
2026-09-11T09:54:30.881089Z,335.0,346.345,100,1,read,783.4,1451.5,129723,71.3,71.3,75.5,75.5,,,
2026-09-11T09:54:30.881089Z,335.0,346.345,100,1,update,191.1,363.8,129723,234.9,335.5,369.1,385.9,,,
2026-09-11T09:54:30.881089Z,336.0,347.358,100,1,read,736.2,1449.4,129723,71.3,71.3,71.3,75.5,,,
2026-09-11T09:54:30.881089Z,336.0,347.358,100,1,update,216.0,363.4,129723,234.9,234.9,234.9,234.9,,,
2026-09-11T09:54:30.881089Z,337.0,348.345,100,1,read,775.6,1447.4,129723,71.3,71.3,71.3,71.3,,,
2026-09-11T09:54:30.881089Z,337.0,348.345,100,1,update,202.9,362.9,129723,234.9,234.9,234.9,234.9,,,
2026-09-11T09:54:30.881089Z,338.0,349.347,100,1,read,846.7,1445.6,129723,71.3,71.3,71.3,75.5,,,
2026-09-11T09:54:30.881089Z,338.0,349.347,100,1,update,185.1,362.4,129723,234.9,234.9,234.9,234.9,,,
2026-09-11T09:54:30.881089Z,339.0,350.359,100,1,read,788.5,1443.6,129723,71.3,71.3,71.3,71.3,,,
2026-09-11T09:54:30.881089Z,339.0,350.359,100,1,update,198.9,361.9,129723,234.9,234.9,234.9,234.9,,,
2026-09-11T09:54:30.881089Z,340.0,351.348,100,1,read,789.3,1441.7,129723,71.3,71.3,71.3,75.5,,,
2026-09-11T09:54:30.881089Z,340.0,351.348,100,1,update,195.1,361.4,129723,234.9,234.9,234.9,243.3,,,
2026-09-11T09:54:30.881089Z,341.0,352.348,100,1,read,816.3,1439.9,129723,71.3,71.3,75.5,75.5,,,
2026-09-11T09:54:30.881089Z,341.0,352.348,100,1,update,180.8,360.9,129723,234.9,335.5,369.1,385.9,,,
2026-09-11T09:54:30.881089Z,342.0,353.346,100,1,read,793.8,1438.0,129723,71.3,71.3,71.3,75.5,,,
2026-09-11T09:54:30.881089Z,342.0,353.346,100,1,update,197.2,360.4,129723,234.9,234.9,234.9,234.9,,,
2026-09-11T09:54:30.881089Z,343.0,354.347,100,1,read,772.5,1436.1,129723,71.3,71.3,71.3,71.3,,,
2026-09-11T09:54:30.881089Z,343.0,354.347,100,1,update,203.9,359.9,129723,234.9,234.9,234.9,234.9,,,
2026-09-11T09:54:30.881089Z,344.0,355.35,100,1,read,774.3,1434.1,129723,71.3,71.3,71.3,71.3,,,
2026-09-11T09:54:30.881089Z,344.0,355.35,100,1,update,204.1,359.5,129723,234.9,234.9,234.9,234.9,,,
2026-09-11T09:54:30.881089Z,345.0,356.345,100,1,read,868.5,1432.5,129723,71.3,71.3,71.3,75.5,,,
2026-09-11T09:54:30.881089Z,345.0,356.345,100,1,update,174.9,358.9,129723,234.9,234.9,234.9,234.9,,,
2026-09-11T09:54:30.881089Z,346.0,357.346,100,1,read,767.0,1430.6,129723,71.3,71.3,71.3,75.5,,,
2026-09-11T09:54:30.881089Z,346.0,357.346,100,1,update,195.0,358.5,129723,234.9,335.5,369.1,385.9,,,
2026-09-11T09:54:30.881089Z,347.0,358.35,100,1,read,773.6,1428.7,129723,71.3,71.3,71.3,71.3,,,
2026-09-11T09:54:30.881089Z,347.0,358.35,100,1,update,204.2,358.0,129723,234.9,234.9,234.9,234.9,,,
2026-09-11T09:54:30.881089Z,348.0,359.353,100,1,read,796.9,1426.9,129723,71.3,71.3,83.9,88.1,,,
2026-09-11T09:54:30.881089Z,348.0,359.353,100,1,update,191.0,357.5,129723,234.9,234.9,243.3,243.3,,,
2026-09-11T09:54:30.881089Z,349.0,360.348,100,1,read,816.3,1425.1,129723,71.3,71.3,71.3,369.1,,,
2026-09-11T09:54:30.881089Z,349.0,360.348,100,1,update,185.8,357.1,129723,234.9,234.9,243.3,536.9,,,
2026-09-11T09:54:30.881089Z,350.0,361.345,100,1,read,838.7,1423.4,129723,71.3,71.3,71.3,71.3,,,
2026-09-11T09:54:30.881089Z,350.0,361.345,100,1,update,188.2,356.6,129723,234.9,234.9,234.9,234.9,,,
2026-09-11T09:54:30.881089Z,351.0,362.35,100,1,read,796.1,1421.6,129723,71.3,71.3,75.5,79.7,,,
2026-09-11T09:54:30.881089Z,351.0,362.35,100,1,update,183.0,356.1,129723,234.9,234.9,234.9,234.9,,,
2026-09-11T09:54:30.881089Z,352.0,363.349,100,1,read,812.8,1419.9,129723,71.3,71.3,83.9,88.1,,,
2026-09-11T09:54:30.881089Z,352.0,363.349,100,1,update,187.0,355.6,129723,234.9,352.3,419.4,453.0,,,
2026-09-11T09:54:30.881089Z,353.0,364.351,100,1,read,872.0,1418.4,129723,71.3,71.3,71.3,75.5,,,
2026-09-11T09:54:30.881089Z,353.0,364.351,100,1,update,176.0,355.1,129723,234.9,234.9,251.7,251.7,,,
2026-09-11T09:54:30.881089Z,354.0,365.344,100,1,read,753.1,1416.5,129723,71.3,71.3,71.3,75.5,,,
2026-09-11T09:54:30.881089Z,354.0,365.344,100,1,update,205.0,354.7,129723,234.9,234.9,234.9,243.3,,,
2026-09-11T09:54:30.881089Z,355.0,366.347,100,1,read,812.4,1414.8,129723,71.3,71.3,75.5,88.1,,,
2026-09-11T09:54:30.881089Z,355.0,366.347,100,1,update,190.9,354.2,129723,234.9,234.9,243.3,251.7,,,
2026-09-11T09:54:30.881089Z,356.0,367.345,100,1,read,792.5,1413.0,129723,71.3,71.3,71.3,75.5,,,
2026-09-11T09:54:30.881089Z,356.0,367.345,100,1,update,195.1,353.8,129723,234.9,234.9,234.9,243.3,,,
2026-09-11T09:54:30.881089Z,357.0,368.35,100,1,read,699.4,1411.0,129723,71.3,88.1,92.3,92.3,,,
2026-09-11T09:54:30.881089Z,357.0,368.35,100,1,update,196.8,353.3,129723,234.9,402.7,436.2,453.0,,,
2026-09-11T09:54:30.881089Z,358.0,369.348,100,1,read,772.3,1409.3,129723,71.3,71.3,71.3,83.9,,,
2026-09-11T09:54:30.881089Z,358.0,369.348,100,1,update,209.1,352.9,129723,234.9,234.9,243.3,243.3,,,
2026-09-11T09:54:30.881089Z,359.0,370.346,100,1,read,805.3,1407.6,129723,71.3,71.3,71.3,71.3,,,
2026-09-11T09:54:30.881089Z,359.0,370.346,100,1,update,191.1,352.5,129723,234.9,234.9,234.9,234.9,,,
2026-09-11T09:54:30.881089Z,360.0,371.345,100,1,read,808.8,1405.9,129723,71.3,71.3,71.3,75.5,,,
2026-09-11T09:54:30.881089Z,360.0,371.345,100,1,update,187.0,352.0,129723,234.9,234.9,234.9,234.9,,,
2026-09-11T09:54:30.881089Z,361.0,372.348,100,1,read,815.3,1404.3,129723,71.3,71.3,71.3,352.3,,,
2026-09-11T09:54:30.881089Z,361.0,372.348,100,1,update,195.1,351.6,129723,234.9,234.9,234.9,234.9,,,
2026-09-11T09:54:30.881089Z,362.0,373.344,100,1,read,772.9,1402.5,129723,71.3,71.3,71.3,75.5,,,
2026-09-11T09:54:30.881089Z,362.0,373.344,100,1,update,200.0,351.1,129723,234.9,234.9,234.9,234.9,,,
2026-09-11T09:54:30.881089Z,363.0,374.347,100,1,read,734.7,1400.7,129723,71.3,71.3,75.5,75.5,,,
2026-09-11T09:54:30.881089Z,363.0,374.347,100,1,update,202.9,350.7,129723,234.9,352.3,385.9,402.7,,,
2026-09-11T09:54:30.881089Z,364.0,375.347,100,1,read,765.1,1398.9,129723,71.3,71.3,71.3,71.3,,,
2026-09-11T09:54:30.881089Z,364.0,375.347,100,1,update,205.0,350.3,129723,234.9,234.9,234.9,234.9,,,
2026-09-11T09:54:30.881089Z,365.0,376.345,100,1,read,812.0,1397.3,129723,71.3,71.3,71.3,79.7,,,
2026-09-11T09:54:30.881089Z,365.0,376.345,100,1,update,193.0,349.9,129723,234.9,234.9,234.9,243.3,,,
2026-09-11T09:54:30.881089Z,366.0,377.348,100,1,read,783.3,1395.7,129723,71.3,71.3,71.3,75.5,,,
2026-09-11T09:54:30.881089Z,366.0,377.348,100,1,update,205.1,349.5,129723,234.9,234.9,234.9,234.9,,,
2026-09-11T09:54:30.881089Z,367.0,378.346,100,1,read,790.7,1394.0,129723,71.3,71.3,71.3,71.3,,,
2026-09-11T09:54:30.881089Z,367.0,378.346,100,1,update,191.9,349.1,129723,234.9,234.9,234.9,234.9,,,
2026-09-11T09:54:30.881089Z,368.0,379.353,100,1,read,727.8,1392.2,129723,71.3,71.3,75.5,75.5,,,
2026-09-11T09:54:30.881089Z,368.0,379.353,100,1,update,191.9,348.7,129723,234.9,385.9,419.4,419.4,,,
2026-09-11T09:54:30.881089Z,369.0,380.351,100,1,read,771.0,1390.5,129723,71.3,71.3,71.3,71.3,,,
2026-09-11T09:54:30.881089Z,369.0,380.351,100,1,update,211.0,348.3,129723,234.9,234.9,243.3,243.3,,,
2026-09-11T09:54:30.881089Z,370.0,381.35,100,1,read,801.5,1388.9,129723,71.3,71.3,75.5,83.9,,,
2026-09-11T09:54:30.881089Z,370.0,381.35,100,1,update,193.1,347.9,129723,234.9,234.9,243.3,243.3,,,
2026-09-11T09:54:30.881089Z,371.0,382.349,100,1,read,825.7,1387.4,129723,71.3,71.3,71.3,71.3,,,
2026-09-11T09:54:30.881089Z,371.0,382.349,100,1,update,188.9,347.4,129723,234.9,234.9,234.9,243.3,,,
2026-09-11T09:54:30.881089Z,372.0,383.344,100,1,read,768.3,1385.7,129723,71.3,71.3,71.3,75.5,,,
2026-09-11T09:54:30.881089Z,372.0,383.344,100,1,update,204.1,347.0,129723,234.9,234.9,234.9,234.9,,,
2026-09-11T09:54:30.881089Z,373.0,384.344,100,1,read,802.6,1384.2,129723,71.3,71.3,79.7,92.3,,,
2026-09-11T09:54:30.881089Z,373.0,384.344,100,1,update,196.9,346.6,129723,234.9,234.9,243.3,251.7,,,
2026-09-11T09:54:30.881089Z,374.0,385.344,100,1,read,744.4,1382.5,129723,71.3,71.3,75.5,75.5,,,
2026-09-11T09:54:30.881089Z,374.0,385.344,100,1,update,191.1,346.2,129723,234.9,352.3,385.9,385.9,,,
2026-09-11T09:54:30.881089Z,375.0,386.346,100,1,read,824.5,1381.0,129723,71.3,71.3,71.3,75.5,,,
2026-09-11T09:54:30.881089Z,375.0,386.346,100,1,update,194.9,345.8,129723,234.9,234.9,234.9,234.9,,,
2026-09-11T09:54:30.881089Z,376.0,387.345,100,1,read,786.2,1379.4,129723,71.3,71.3,75.5,83.9,,,
2026-09-11T09:54:30.881089Z,376.0,387.345,100,1,update,194.0,345.4,129723,234.9,234.9,243.3,520.1,,,
2026-09-11T09:54:30.881089Z,377.0,388.345,100,1,read,803.3,1377.9,129723,71.3,71.3,71.3,71.3,,,
2026-09-11T09:54:30.881089Z,377.0,388.345,100,1,update,195.1,345.0,129723,234.9,234.9,243.3,243.3,,,
2026-09-11T09:54:30.881089Z,378.0,389.349,100,1,read,811.9,1376.4,129723,71.3,71.3,71.3,75.5,,,
2026-09-11T09:54:30.881089Z,378.0,389.349,100,1,update,187.0,344.6,129723,234.9,234.9,234.9,234.9,,,
2026-09-11T09:54:30.881089Z,379.0,390.351,100,1,read,769.2,1374.8,129723,71.3,71.3,71.3,75.5,,,
2026-09-11T09:54:30.881089Z,379.0,390.351,100,1,update,202.0,344.2,129723,234.9,335.5,352.3,369.1,,,
2026-09-11T09:54:30.881089Z,380.0,391.345,100,1,read,789.3,1373.2,129723,71.3,71.3,75.5,79.7,,,
2026-09-11T09:54:30.881089Z,380.0,391.345,100,1,update,193.8,343.8,129723,234.9,234.9,234.9,234.9,,,
2026-09-11T09:54:30.881089Z,381.0,392.347,100,1,read,778.5,1371.7,129723,71.3,71.3,75.5,79.7,,,
2026-09-11T09:54:30.881089Z,381.0,392.347,100,1,update,201.1,343.5,129723,234.9,234.9,243.3,243.3,,,
2026-09-11T09:54:30.881089Z,382.0,393.348,100,1,read,789.1,1370.1,129723,71.3,71.3,71.3,71.3,,,
2026-09-11T09:54:30.881089Z,382.0,393.348,100,1,update,201.0,343.1,129723,234.9,234.9,234.9,234.9,,,
2026-09-11T09:54:30.881089Z,383.0,394.345,100,1,read,796.1,1368.6,129723,71.3,71.3,71.3,71.3,,,
2026-09-11T09:54:30.881089Z,383.0,394.345,100,1,update,195.0,342.7,129723,234.9,234.9,234.9,234.9,,,
2026-09-11T09:54:30.881089Z,384.0,395.347,100,1,read,809.4,1367.2,129723,71.3,71.3,75.5,79.7,,,
2026-09-11T09:54:30.881089Z,384.0,395.347,100,1,update,192.9,342.3,129723,234.9,234.9,234.9,234.9,,,
2026-09-11T09:54:30.881089Z,385.0,396.345,100,1,read,733.6,1365.5,129723,71.3,79.7,83.9,83.9,,,
2026-09-11T09:54:30.881089Z,385.0,396.345,100,1,update,194.1,341.9,129723,234.9,402.7,436.2,436.2,,,
2026-09-11T09:54:30.881089Z,386.0,397.346,100,1,read,812.0,1364.1,129723,71.3,71.3,71.3,71.3,,,
2026-09-11T09:54:30.881089Z,386.0,397.346,100,1,update,193.0,341.5,129723,234.9,234.9,243.3,243.3,,,
2026-09-11T09:54:30.881089Z,387.0,398.342,100,1,read,766.6,1362.6,129723,71.3,71.3,71.3,71.3,,,
2026-09-11T09:54:30.881089Z,387.0,398.342,100,1,update,204.9,341.2,129723,234.9,234.9,234.9,234.9,,,
2026-09-11T09:54:30.881089Z,388.0,399.346,100,1,read,771.6,1361.0,129723,71.3,71.3,75.5,83.9,,,
2026-09-11T09:54:30.881089Z,388.0,399.346,100,1,update,200.9,340.8,129723,234.9,234.9,234.9,243.3,,,
2026-09-11T09:54:30.881089Z,389.0,400.343,100,1,read,797.3,1359.6,129723,71.3,71.3,75.5,83.9,,,
2026-09-11T09:54:30.881089Z,389.0,400.343,100,1,update,189.1,340.4,129723,234.9,234.9,243.3,243.3,,,
2026-09-11T09:54:30.881089Z,390.0,401.342,100,1,read,767.8,1358.1,129723,71.3,71.3,71.3,75.5,,,
2026-09-11T09:54:30.881089Z,390.0,401.342,100,1,update,213.0,340.1,129723,234.9,234.9,234.9,243.3,,,
2026-09-11T09:54:30.881089Z,391.0,402.343,100,1,read,760.4,1356.5,129723,71.3,71.3,75.5,75.5,,,
2026-09-11T09:54:30.881089Z,391.0,402.343,100,1,update,192.1,339.7,129723,234.9,369.1,385.9,402.7,,,
2026-09-11T09:54:30.881089Z,392.0,403.342,100,1,read,752.0,1355.0,129723,71.3,75.5,83.9,88.1,,,
2026-09-11T09:54:30.881089Z,392.0,403.342,100,1,update,204.0,339.4,129723,234.9,243.3,251.7,251.7,,,
2026-09-11T09:54:30.881089Z,393.0,404.343,100,1,read,767.6,1353.5,129723,71.3,71.3,79.7,88.1,,,
2026-09-11T09:54:30.881089Z,393.0,404.343,100,1,update,206.9,339.0,129723,234.9,234.9,243.3,243.3,,,
2026-09-11T09:54:30.881089Z,394.0,405.346,100,1,read,777.3,1352.0,129723,71.3,71.3,71.3,71.3,,,
2026-09-11T09:54:30.881089Z,394.0,405.346,100,1,update,201.1,338.7,129723,234.9,234.9,234.9,234.9,,,
2026-09-11T09:54:30.881089Z,395.0,406.342,100,1,read,770.2,1350.6,129723,71.3,71.3,71.3,75.5,,,
2026-09-11T09:54:30.881089Z,395.0,406.342,100,1,update,205.1,338.4,129723,234.9,234.9,234.9,234.9,,,
2026-09-11T09:54:30.881089Z,396.0,407.342,100,1,read,795.0,1349.2,129723,71.3,71.3,75.5,75.5,,,
2026-09-11T09:54:30.881089Z,396.0,407.342,100,1,update,189.0,338.0,129723,234.9,352.3,385.9,385.9,,,
2026-09-11T09:54:30.881089Z,397.0,408.348,100,1,read,790.7,1347.8,129723,71.3,71.3,83.9,88.1,,,
2026-09-11T09:54:30.881089Z,397.0,408.348,100,1,update,194.9,337.6,129723,234.9,234.9,243.3,243.3,,,
2026-09-11T09:54:30.881089Z,398.0,409.343,100,1,read,769.0,1346.3,129723,71.3,71.3,71.3,75.5,,,
2026-09-11T09:54:30.881089Z,398.0,409.343,100,1,update,201.0,337.3,129723,234.9,234.9,234.9,243.3,,,
2026-09-11T09:54:30.881089Z,399.0,410.347,100,1,read,789.4,1344.9,129723,71.3,71.3,71.3,71.3,,,
2026-09-11T09:54:30.881089Z,399.0,410.347,100,1,update,201.1,336.9,129723,234.9,234.9,234.9,234.9,,,
2026-09-11T09:54:30.881089Z,400.0,411.346,100,1,read,777.8,1343.5,129723,71.3,71.3,71.3,83.9,,,
2026-09-11T09:54:30.881089Z,400.0,411.346,100,1,update,197.9,336.6,129723,234.9,234.9,234.9,243.3,,,
2026-09-11T09:54:30.881089Z,401.0,412.34,100,1,read,783.2,1342.1,129723,71.3,71.3,79.7,83.9,,,
2026-09-11T09:54:30.881089Z,401.0,412.34,100,1,update,204.1,336.3,129723,234.9,234.9,243.3,243.3,,,
2026-09-11T09:54:30.881089Z,402.0,413.344,100,1,read,781.8,1340.7,129723,71.3,71.3,75.5,385.9,,,
2026-09-11T09:54:30.881089Z,402.0,413.344,100,1,update,184.9,335.9,129723,234.9,352.3,385.9,385.9,,,
2026-09-11T09:54:30.881089Z,403.0,414.343,100,1,read,833.9,1339.4,129723,71.3,71.3,71.3,75.5,,,
2026-09-11T09:54:30.881089Z,403.0,414.343,100,1,update,185.0,335.5,129723,234.9,234.9,234.9,234.9,,,
2026-09-11T09:54:30.881089Z,404.0,415.344,100,1,read,819.7,1338.2,129723,71.3,71.3,71.3,369.1,,,
2026-09-11T09:54:30.881089Z,404.0,415.344,100,1,update,176.9,335.1,129723,234.9,234.9,234.9,234.9,,,
2026-09-11T09:54:30.881089Z,405.0,416.342,100,1,read,764.2,1336.7,129723,71.3,71.3,75.5,83.9,,,
2026-09-11T09:54:30.881089Z,405.0,416.342,100,1,update,209.1,334.8,129723,234.9,234.9,243.3,243.3,,,
2026-09-11T09:54:30.881089Z,406.0,417.344,100,1,read,762.9,1335.3,129723,71.3,71.3,71.3,369.1,,,
2026-09-11T09:54:30.881089Z,406.0,417.344,100,1,update,207.0,334.5,129723,234.9,234.9,234.9,234.9,,,
2026-09-11T09:54:30.881089Z,407.0,418.346,100,1,read,750.3,1333.9,129723,71.3,71.3,71.3,71.3,,,
2026-09-11T09:54:30.881089Z,407.0,418.346,100,1,update,210.1,334.2,129723,234.9,234.9,234.9,243.3,,,
2026-09-11T09:54:30.881089Z,408.0,419.346,100,1,read,804.4,1332.6,129723,71.3,71.3,75.5,75.5,,,
2026-09-11T09:54:30.881089Z,408.0,419.346,100,1,update,183.9,333.8,129723,234.9,318.8,352.3,369.1,,,
2026-09-11T09:54:30.881089Z,409.0,420.342,100,1,read,750.3,1331.2,129723,71.3,71.3,79.7,83.9,,,
2026-09-11T09:54:30.881089Z,409.0,420.342,100,1,update,216.1,333.5,129723,234.9,234.9,234.9,243.3,,,
2026-09-11T09:54:30.881089Z,410.0,421.341,100,1,read,816.2,1329.9,129723,71.3,71.3,71.3,75.5,,,
2026-09-11T09:54:30.881089Z,410.0,421.341,100,1,update,181.0,333.2,129723,234.9,234.9,234.9,234.9,,,
2026-09-11T09:54:30.881089Z,411.0,422.345,100,1,read,768.5,1328.5,129723,71.3,71.3,71.3,79.7,,,
2026-09-11T09:54:30.881089Z,411.0,422.345,100,1,update,207.9,332.8,129723,234.9,234.9,234.9,243.3,,,
2026-09-11T09:54:30.881089Z,412.0,423.344,100,1,read,812.5,1327.3,129723,71.3,71.3,71.3,75.5,,,
2026-09-11T09:54:30.881089Z,412.0,423.344,100,1,update,195.1,332.5,129723,234.9,234.9,234.9,234.9,,,
2026-09-11T09:54:30.881089Z,413.0,424.344,100,1,read,800.3,1326.0,129723,71.3,71.3,71.3,71.3,,,
2026-09-11T09:54:30.881089Z,413.0,424.344,100,1,update,162.1,332.1,129723,234.9,234.9,234.9,243.3,,,
2026-09-11T09:54:30.881089Z,414.0,425.341,100,1,read,803.6,1324.8,129723,71.3,71.3,75.5,75.5,,,
2026-09-11T09:54:30.881089Z,414.0,425.341,100,1,update,209.9,331.8,129723,234.9,369.1,402.7,402.7,,,
2026-09-11T09:54:30.881089Z,415.0,426.346,100,1,read,793.2,1323.5,129723,71.3,71.3,71.3,75.5,,,
2026-09-11T09:54:30.881089Z,415.0,426.346,100,1,update,198.0,331.5,129723,234.9,234.9,234.9,234.9,,,
2026-09-11T09:54:30.881089Z,416.0,427.345,100,1,read,804.0,1322.2,129723,71.3,71.3,71.3,75.5,,,
2026-09-11T09:54:30.881089Z,416.0,427.345,100,1,update,188.0,331.1,129723,234.9,234.9,234.9,243.3,,,
2026-09-11T09:54:30.881089Z,417.0,428.353,100,1,read,807.9,1321.0,129723,71.3,71.3,71.3,369.1,,,
2026-09-11T09:54:30.881089Z,417.0,428.353,100,1,update,189.0,330.8,129723,234.9,234.9,234.9,243.3,,,
2026-09-11T09:54:30.881089Z,418.0,429.344,100,1,read,755.0,1319.6,129723,71.3,71.3,71.3,79.7,,,
2026-09-11T09:54:30.881089Z,418.0,429.344,100,1,update,215.0,330.5,129723,234.9,234.9,243.3,243.3,,,
2026-09-11T09:54:30.881089Z,419.0,430.345,100,1,read,748.7,1318.3,129723,71.3,75.5,75.5,352.3,,,
2026-09-11T09:54:30.881089Z,419.0,430.345,100,1,update,190.9,330.2,129723,234.9,352.3,385.9,402.7,,,
2026-09-11T09:54:30.881089Z,420.0,431.351,100,1,read,807.3,1317.1,129723,71.3,71.3,71.3,75.5,,,
2026-09-11T09:54:30.881089Z,420.0,431.351,100,1,update,194.1,329.9,129723,234.9,234.9,243.3,243.3,,,
2026-09-11T09:54:30.881089Z,421.0,432.346,100,1,read,798.9,1315.8,129723,71.3,71.3,79.7,79.7,,,
2026-09-11T09:54:30.881089Z,421.0,432.346,100,1,update,196.0,329.5,129723,234.9,234.9,234.9,234.9,,,
2026-09-11T09:54:30.881089Z,422.0,433.346,100,1,read,848.3,1314.7,129723,71.3,71.3,71.3,75.5,,,
2026-09-11T09:54:30.881089Z,422.0,433.346,100,1,update,180.1,329.2,129723,234.9,234.9,234.9,234.9,,,
2026-09-11T09:54:30.881089Z,423.0,434.346,100,1,read,773.9,1313.4,129723,71.3,71.3,71.3,385.9,,,
2026-09-11T09:54:30.881089Z,423.0,434.346,100,1,update,203.0,328.9,129723,234.9,234.9,243.3,243.3,,,
2026-09-11T09:54:30.881089Z,424.0,435.344,100,1,read,783.0,1312.2,129723,71.3,71.3,71.3,71.3,,,
2026-09-11T09:54:30.881089Z,424.0,435.344,100,1,update,196.0,328.6,129723,234.9,234.9,234.9,243.3,,,
2026-09-11T09:54:30.881089Z,425.0,436.348,100,1,read,748.7,1310.9,129723,71.3,75.5,75.5,352.3,,,
2026-09-11T09:54:30.881089Z,425.0,436.348,100,1,update,186.9,328.2,129723,234.9,436.2,453.0,453.0,,,
2026-09-11T09:54:30.881089Z,426.0,437.341,100,1,read,795.4,1309.7,129723,71.3,71.3,71.3,369.1,,,
2026-09-11T09:54:30.881089Z,426.0,437.341,100,1,update,193.1,327.9,129723,234.9,234.9,234.9,243.3,,,
2026-09-11T09:54:30.881089Z,427.0,438.346,100,1,read,782.4,1308.4,129723,71.3,71.3,71.3,75.5,,,
2026-09-11T09:54:30.881089Z,427.0,438.346,100,1,update,197.8,327.6,129723,234.9,234.9,234.9,520.1,,,
2026-09-11T09:54:30.881089Z,428.0,439.347,100,1,read,790.7,1307.2,129723,71.3,71.3,71.3,71.3,,,
2026-09-11T09:54:30.881089Z,428.0,439.347,100,1,update,203.2,327.3,129723,234.9,234.9,234.9,234.9,,,
2026-09-11T09:54:30.881089Z,429.0,440.343,100,1,read,763.0,1305.9,129723,71.3,71.3,75.5,79.7,,,
2026-09-11T09:54:30.881089Z,429.0,440.343,100,1,update,205.0,327.0,129723,234.9,234.9,243.3,243.3,,,
2026-09-11T09:54:30.881089Z,430.0,441.342,100,1,read,782.3,1304.7,129723,71.3,71.3,71.3,75.5,,,
2026-09-11T09:54:30.881089Z,430.0,441.342,100,1,update,201.8,326.8,129723,234.9,234.9,234.9,234.9,,,
2026-09-11T09:54:30.881089Z,431.0,442.342,100,1,read,827.6,1303.6,129723,71.3,71.3,71.3,75.5,,,
2026-09-11T09:54:30.881089Z,431.0,442.342,100,1,update,173.1,326.4,129723,234.9,243.3,285.2,285.2,,,
2026-09-11T09:54:30.881089Z,432.0,443.346,100,1,read,744.2,1302.3,129723,71.3,71.3,71.3,75.5,,,
2026-09-11T09:54:30.881089Z,432.0,443.346,100,1,update,221.1,326.2,129723,234.9,234.9,234.9,234.9,,,
2026-09-11T09:54:30.881089Z,433.0,444.344,100,1,read,794.5,1301.2,129723,71.3,71.3,71.3,71.3,,,
2026-09-11T09:54:30.881089Z,433.0,444.344,100,1,update,194.9,325.9,129723,234.9,234.9,234.9,243.3,,,
2026-09-11T09:54:30.881089Z,434.0,445.347,100,1,read,803.7,1300.0,129723,71.3,71.3,71.3,75.5,,,
2026-09-11T09:54:30.881089Z,434.0,445.347,100,1,update,195.9,325.6,129723,234.9,234.9,243.3,243.3,,,
2026-09-11T09:54:30.881089Z,435.0,446.343,100,1,read,769.6,1298.8,129723,71.3,71.3,71.3,369.1,,,
2026-09-11T09:54:30.881089Z,435.0,446.343,100,1,update,201.2,325.3,129723,234.9,234.9,234.9,234.9,,,
2026-09-11T09:54:30.881089Z,436.0,447.345,100,1,read,787.1,1297.6,129723,71.3,71.3,71.3,369.1,,,
2026-09-11T09:54:30.881089Z,436.0,447.345,100,1,update,195.0,325.0,129723,234.9,234.9,234.9,234.9,,,
2026-09-11T09:54:30.881089Z,437.0,448.345,100,1,read,796.4,1296.5,129723,71.3,71.3,75.5,352.3,,,
2026-09-11T09:54:30.881089Z,437.0,448.345,100,1,update,188.9,324.7,129723,234.9,234.9,285.2,302.0,,,
2026-09-11T09:54:30.881089Z,438.0,449.347,100,1,read,817.2,1295.4,129723,71.3,71.3,71.3,369.1,,,
2026-09-11T09:54:30.881089Z,438.0,449.347,100,1,update,194.1,324.4,129723,234.9,234.9,234.9,234.9,,,
2026-09-11T09:54:30.881089Z,439.0,450.354,100,1,read,823.8,1294.3,129723,71.3,71.3,75.5,79.7,,,
2026-09-11T09:54:30.881089Z,439.0,450.354,100,1,update,176.0,324.0,129723,234.9,234.9,243.3,243.3,,,
2026-09-11T09:54:30.881089Z,440.0,451.346,100,1,read,700.2,1292.9,129723,71.3,71.3,75.5,75.5,,,
2026-09-11T09:54:30.881089Z,440.0,451.346,100,1,update,217.1,323.8,129723,234.9,318.8,318.8,318.8,,,
2026-09-11T09:54:30.881089Z,441.0,452.346,100,1,read,812.5,1291.9,129723,71.3,71.3,71.3,75.5,,,
2026-09-11T09:54:30.881089Z,441.0,452.346,100,1,update,197.9,323.5,129723,234.9,234.9,234.9,243.3,,,
2026-09-11T09:54:30.881089Z,442.0,453.345,100,1,read,774.2,1290.7,129723,71.3,71.3,71.3,79.7,,,
2026-09-11T09:54:30.881089Z,442.0,453.345,100,1,update,196.1,323.2,129723,234.9,234.9,243.3,243.3,,,
2026-09-11T09:54:30.881089Z,443.0,454.349,100,1,read,827.9,1289.6,129723,71.3,71.3,75.5,83.9,,,
2026-09-11T09:54:30.881089Z,443.0,454.349,100,1,update,191.0,322.9,129723,234.9,243.3,268.4,285.2,,,
2026-09-11T09:54:30.881089Z,444.0,455.343,100,1,read,780.5,1288.5,129723,71.3,71.3,71.3,71.3,,,
2026-09-11T09:54:30.881089Z,444.0,455.343,100,1,update,197.1,322.6,129723,234.9,234.9,234.9,234.9,,,
2026-09-11T09:54:30.881089Z,445.0,456.343,100,1,read,805.2,1287.4,129723,71.3,71.3,71.3,75.5,,,
2026-09-11T09:54:30.881089Z,445.0,456.343,100,1,update,193.0,322.3,129723,234.9,234.9,234.9,234.9,,,
2026-09-11T09:54:30.881089Z,446.0,457.347,100,1,read,805.6,1286.3,129723,71.3,71.3,75.5,75.5,,,
2026-09-11T09:54:30.881089Z,446.0,457.347,100,1,update,195.9,322.0,129723,234.9,234.9,243.3,243.3,,,
2026-09-11T09:54:30.881089Z,447.0,458.343,100,1,read,769.1,1285.2,129723,71.3,71.3,71.3,75.5,,,
2026-09-11T09:54:30.881089Z,447.0,458.343,100,1,update,202.0,321.8,129723,234.9,234.9,234.9,234.9,,,
2026-09-11T09:54:30.881089Z,448.0,459.351,100,1,read,792.6,1284.1,129723,71.3,71.3,75.5,75.5,,,
2026-09-11T09:54:30.881089Z,448.0,459.351,100,1,update,196.9,321.5,129723,234.9,251.7,285.2,285.2,,,
2026-09-11T09:54:30.881089Z,449.0,460.348,100,1,read,837.6,1283.1,129723,71.3,71.3,71.3,75.5,,,
2026-09-11T09:54:30.881089Z,449.0,460.348,100,1,update,181.1,321.2,129723,234.9,234.9,243.3,243.3,,,
2026-09-11T09:54:30.881089Z,450.0,461.356,100,1,read,790.1,1282.0,129723,71.3,71.3,75.5,75.5,,,
2026-09-11T09:54:30.881089Z,450.0,461.356,100,1,update,205.0,320.9,129723,234.9,234.9,234.9,243.3,,,
2026-09-11T09:54:30.881089Z,451.0,462.345,100,1,read,845.4,1281.0,129723,71.3,71.3,71.3,75.5,,,
2026-09-11T09:54:30.881089Z,451.0,462.345,100,1,update,178.9,320.6,129723,234.9,234.9,243.3,243.3,,,
2026-09-11T09:54:30.881089Z,452.0,463.344,100,1,read,793.5,1279.9,129723,71.3,71.3,71.3,385.9,,,
2026-09-11T09:54:30.881089Z,452.0,463.344,100,1,update,190.1,320.3,129723,234.9,234.9,234.9,243.3,,,
2026-09-11T09:54:30.881089Z,453.0,464.344,100,1,read,782.0,1278.8,129723,71.3,71.3,75.5,75.5,,,
2026-09-11T09:54:30.881089Z,453.0,464.344,100,1,update,200.0,320.1,129723,234.9,234.9,234.9,234.9,,,
2026-09-11T09:54:30.881089Z,454.0,465.344,100,1,read,784.7,1277.7,129723,71.3,71.3,71.3,75.5,,,
2026-09-11T09:54:30.881089Z,454.0,465.344,100,1,update,201.9,319.8,129723,234.9,243.3,285.2,285.2,,,
2026-09-11T09:54:30.881089Z,455.0,466.345,100,1,read,822.3,1276.7,129723,71.3,71.3,71.3,75.5,,,
2026-09-11T09:54:30.881089Z,455.0,466.345,100,1,update,187.1,319.5,129723,234.9,234.9,234.9,234.9,,,
2026-09-11T09:54:30.881089Z,456.0,467.346,100,1,read,795.9,1275.7,129723,71.3,71.3,71.3,75.5,,,
2026-09-11T09:54:30.881089Z,456.0,467.346,100,1,update,190.0,319.2,129723,234.9,234.9,234.9,243.3,,,
2026-09-11T09:54:30.881089Z,457.0,468.345,100,1,read,791.1,1274.6,129723,71.3,71.3,71.3,75.5,,,
2026-09-11T09:54:30.881089Z,457.0,468.345,100,1,update,205.0,319.0,129723,234.9,234.9,234.9,234.9,,,
2026-09-11T09:54:30.881089Z,458.0,469.348,100,1,read,770.8,1273.5,129723,71.3,71.3,71.3,369.1,,,
2026-09-11T09:54:30.881089Z,458.0,469.348,100,1,update,198.9,318.7,129723,234.9,234.9,234.9,234.9,,,
2026-09-11T09:54:30.881089Z,459.0,470.348,100,1,read,759.0,1272.4,129723,71.3,71.3,71.3,71.3,,,
2026-09-11T09:54:30.881089Z,459.0,470.348,100,1,update,213.0,318.5,129723,234.9,234.9,234.9,234.9,,,
2026-09-11T09:54:30.881089Z,460.0,471.346,100,1,read,785.7,1271.4,129723,71.3,71.3,75.5,79.7,,,
2026-09-11T09:54:30.881089Z,460.0,471.346,100,1,update,194.9,318.2,129723,234.9,234.9,268.4,285.2,,,
2026-09-11T09:54:30.881089Z,461.0,472.344,100,1,read,752.1,1270.2,129723,71.3,71.3,71.3,75.5,,,
2026-09-11T09:54:30.881089Z,461.0,472.344,100,1,update,210.0,318.0,129723,234.9,268.4,302.0,302.0,,,
2026-09-11T09:54:30.881089Z,462.0,473.345,100,1,read,798.3,1269.2,129723,71.3,71.3,71.3,75.5,,,
2026-09-11T09:54:30.881089Z,462.0,473.345,100,1,update,195.1,317.7,129723,234.9,234.9,243.3,243.3,,,
2026-09-11T09:54:30.881089Z,463.0,474.346,100,1,read,781.6,1268.2,129723,71.3,71.3,71.3,75.5,,,
2026-09-11T09:54:30.881089Z,463.0,474.346,100,1,update,200.9,317.5,129723,234.9,234.9,234.9,234.9,,,
2026-09-11T09:54:30.881089Z,464.0,475.344,100,1,read,790.5,1267.1,129723,71.3,71.3,71.3,71.3,,,
2026-09-11T09:54:30.881089Z,464.0,475.344,100,1,update,196.1,317.2,129723,234.9,234.9,234.9,243.3,,,
2026-09-11T09:54:30.881089Z,465.0,476.346,100,1,read,792.7,1266.1,129723,71.3,71.3,71.3,83.9,,,
2026-09-11T09:54:30.881089Z,465.0,476.346,100,1,update,194.9,316.9,129723,234.9,234.9,243.3,243.3,,,
2026-09-11T09:54:30.881089Z,466.0,477.343,100,1,read,801.2,1265.1,129723,71.3,71.3,75.5,79.7,,,
2026-09-11T09:54:30.881089Z,466.0,477.343,100,1,update,195.1,316.7,129723,234.9,243.3,285.2,520.1,,,
2026-09-11T09:54:30.881089Z,467.0,478.348,100,1,read,854.5,1264.2,129723,71.3,71.3,71.3,75.5,,,
2026-09-11T09:54:30.881089Z,467.0,478.348,100,1,update,179.9,316.4,129723,234.9,234.9,234.9,243.3,,,
2026-09-11T09:54:30.881089Z,468.0,479.344,100,1,read,813.5,1263.3,129723,71.3,71.3,71.3,75.5,,,
2026-09-11T09:54:30.881089Z,468.0,479.344,100,1,update,192.1,316.1,129723,234.9,234.9,243.3,243.3,,,
2026-09-11T09:54:30.881089Z,469.0,480.343,100,1,read,830.0,1262.3,129723,71.3,71.3,71.3,75.5,,,
2026-09-11T09:54:30.881089Z,469.0,480.343,100,1,update,182.0,315.8,129723,234.9,234.9,234.9,234.9,,,
2026-09-11T09:54:30.881089Z,470.0,481.346,100,1,read,841.9,1261.4,129723,71.3,71.3,71.3,75.5,,,
2026-09-11T09:54:30.881089Z,470.0,481.346,100,1,update,184.0,315.6,129723,234.9,234.9,234.9,234.9,,,
2026-09-11T09:54:30.881089Z,471.0,482.344,100,1,read,809.8,1260.5,129723,71.3,71.3,71.3,75.5,,,
2026-09-11T09:54:30.881089Z,471.0,482.344,100,1,update,186.9,315.3,129723,234.9,234.9,234.9,234.9,,,
2026-09-11T09:54:30.881089Z,472.0,483.344,100,1,read,830.3,1259.6,129723,71.3,71.3,71.3,71.3,,,
2026-09-11T09:54:30.881089Z,472.0,483.344,100,1,update,189.1,315.0,129723,234.9,243.3,285.2,285.2,,,
2026-09-11T09:54:30.881089Z,473.0,484.344,100,1,read,819.7,1258.6,129723,71.3,71.3,71.3,75.5,,,
2026-09-11T09:54:30.881089Z,473.0,484.344,100,1,update,188.9,314.7,129723,234.9,234.9,234.9,243.3,,,
2026-09-11T09:54:30.881089Z,474.0,485.344,100,1,read,750.5,1257.6,129723,71.3,71.3,71.3,75.5,,,
2026-09-11T09:54:30.881089Z,474.0,485.344,100,1,update,198.1,314.5,129723,234.9,318.8,318.8,318.8,,,
2026-09-11T09:54:30.881089Z,475.0,486.343,100,1,read,785.6,1256.6,129723,71.3,71.3,71.3,75.5,,,
2026-09-11T09:54:30.881089Z,475.0,486.343,100,1,update,191.9,314.2,129723,234.9,234.9,234.9,234.9,,,
2026-09-11T09:54:30.881089Z,476.0,487.343,100,1,read,849.2,1255.7,129723,71.3,71.3,71.3,369.1,,,
2026-09-11T09:54:30.881089Z,476.0,487.343,100,1,update,187.1,314.0,129723,234.9,234.9,234.9,234.9,,,
2026-09-11T09:54:30.881089Z,477.0,488.346,100,1,read,823.2,1254.8,129723,71.3,71.3,71.3,75.5,,,
2026-09-11T09:54:30.881089Z,477.0,488.346,100,1,update,181.0,313.7,129723,234.9,234.9,260.0,536.9,,,
2026-09-11T09:54:30.881089Z,478.0,489.347,100,1,read,765.0,1253.8,129723,71.3,71.3,75.5,369.1,,,
2026-09-11T09:54:30.881089Z,478.0,489.347,100,1,update,207.0,313.5,129723,234.9,234.9,234.9,536.9,,,
2026-09-11T09:54:30.881089Z,479.0,490.344,100,1,read,800.0,1252.8,129723,71.3,71.3,71.3,75.5,,,
2026-09-11T09:54:30.881089Z,479.0,490.344,100,1,update,193.0,313.2,129723,234.9,234.9,234.9,234.9,,,
2026-09-11T09:54:30.881089Z,480.0,491.353,100,1,read,794.1,1251.9,129723,71.3,71.3,71.3,75.5,,,
2026-09-11T09:54:30.881089Z,480.0,491.353,100,1,update,197.0,313.0,129723,234.9,234.9,243.3,243.3,,,
2026-09-11T09:54:30.881089Z,481.0,492.346,100,1,read,785.9,1250.9,129723,71.3,71.3,71.3,75.5,,,
2026-09-11T09:54:30.881089Z,481.0,492.346,100,1,update,192.0,312.7,129723,234.9,234.9,234.9,234.9,,,
2026-09-11T09:54:30.881089Z,482.0,493.345,100,1,read,765.8,1249.9,129723,71.3,71.3,71.3,75.5,,,
2026-09-11T09:54:30.881089Z,482.0,493.345,100,1,update,212.9,312.5,129723,234.9,234.9,234.9,234.9,,,
2026-09-11T09:54:30.881089Z,483.0,494.346,100,1,read,787.9,1249.0,129723,71.3,71.3,71.3,75.5,,,
2026-09-11T09:54:30.881089Z,483.0,494.346,100,1,update,200.0,312.3,129723,234.9,234.9,268.4,302.0,,,
2026-09-11T09:54:30.881089Z,484.0,495.344,100,1,read,811.1,1248.1,129723,71.3,71.3,71.3,75.5,,,
2026-09-11T09:54:30.881089Z,484.0,495.344,100,1,update,187.0,312.0,129723,234.9,234.9,234.9,243.3,,,
2026-09-11T09:54:30.881089Z,485.0,496.347,100,1,read,800.0,1247.1,129723,71.3,71.3,71.3,75.5,,,
2026-09-11T09:54:30.881089Z,485.0,496.347,100,1,update,197.0,311.8,129723,234.9,234.9,234.9,243.3,,,
2026-09-11T09:54:30.881089Z,486.0,497.347,100,1,read,789.8,1246.2,129723,71.3,71.3,71.3,75.5,,,
2026-09-11T09:54:30.881089Z,486.0,497.347,100,1,update,202.0,311.6,129723,234.9,234.9,234.9,234.9,,,
2026-09-11T09:54:30.881089Z,487.0,498.343,100,1,read,846.6,1245.4,129723,71.3,71.3,71.3,71.3,,,
2026-09-11T09:54:30.881089Z,487.0,498.343,100,1,update,182.1,311.3,129723,234.9,234.9,234.9,243.3,,,
2026-09-11T09:54:30.881089Z,488.0,499.346,100,1,read,786.9,1244.4,129723,71.3,71.3,71.3,71.3,,,
2026-09-11T09:54:30.881089Z,488.0,499.346,100,1,update,195.0,311.1,129723,234.9,234.9,234.9,234.9,,,
2026-09-11T09:54:30.881089Z,489.0,500.349,100,1,read,822.3,1243.6,129723,71.3,71.3,71.3,71.3,,,
2026-09-11T09:54:30.881089Z,489.0,500.349,100,1,update,187.8,310.8,129723,234.9,234.9,243.3,243.3,,,
2026-09-11T09:54:30.881089Z,490.0,501.349,100,1,read,822.2,1242.7,129723,71.3,71.3,71.3,71.3,,,
2026-09-11T09:54:30.881089Z,490.0,501.349,100,1,update,189.0,310.6,129723,234.9,234.9,234.9,243.3,,,
2026-09-11T09:54:30.881089Z,491.0,502.344,100,1,read,751.3,1241.7,129723,71.3,71.3,71.3,75.5,,,
2026-09-11T09:54:30.881089Z,491.0,502.344,100,1,update,209.1,310.4,129723,234.9,234.9,234.9,234.9,,,
2026-09-11T09:54:30.881089Z,492.0,503.347,100,1,read,746.6,1240.7,129723,71.3,71.3,71.3,75.5,,,
2026-09-11T09:54:30.881089Z,492.0,503.347,100,1,update,212.9,310.2,129723,234.9,234.9,234.9,243.3,,,
2026-09-11T09:54:30.881089Z,493.0,504.344,100,1,read,759.4,1239.7,129723,71.3,71.3,71.3,75.5,,,
2026-09-11T09:54:30.881089Z,493.0,504.344,100,1,update,200.1,309.9,129723,234.9,234.9,234.9,234.9,,,
2026-09-11T09:54:30.881089Z,494.0,505.348,100,1,read,771.8,1238.8,129723,71.3,71.3,71.3,75.5,,,
2026-09-11T09:54:30.881089Z,494.0,505.348,100,1,update,213.0,309.7,129723,234.9,234.9,234.9,234.9,,,
2026-09-11T09:54:30.881089Z,495.0,506.345,100,1,read,770.7,1237.8,129723,71.3,75.5,75.5,75.5,,,
2026-09-11T09:54:30.881089Z,495.0,506.345,100,1,update,182.9,309.5,129723,234.9,369.1,385.9,402.7,,,
2026-09-11T09:54:30.881089Z,496.0,507.346,100,1,read,774.1,1236.9,129723,71.3,71.3,71.3,75.5,,,
2026-09-11T09:54:30.881089Z,496.0,507.346,100,1,update,207.0,309.3,129723,234.9,234.9,234.9,243.3,,,
2026-09-11T09:54:30.881089Z,497.0,508.353,100,1,read,733.1,1235.9,129723,71.3,71.3,71.3,75.5,,,
2026-09-11T09:54:30.881089Z,497.0,508.353,100,1,update,207.0,309.1,129723,234.9,234.9,234.9,570.4,,,
2026-09-11T09:54:30.881089Z,498.0,509.343,100,1,read,763.3,1234.9,129723,71.3,71.3,71.3,71.3,,,
2026-09-11T09:54:30.881089Z,498.0,509.343,100,1,update,206.1,308.9,129723,234.9,234.9,243.3,243.3,,,
2026-09-11T09:54:30.881089Z,499.0,510.345,100,1,read,838.9,1234.1,129723,71.3,71.3,71.3,75.5,,,
2026-09-11T09:54:30.881089Z,499.0,510.345,100,1,update,187.0,308.6,129723,234.9,234.9,234.9,234.9,,,
2026-09-11T09:54:30.881089Z,500.0,511.346,100,1,read,777.9,1233.2,129723,71.3,71.3,71.3,352.3,,,
2026-09-11T09:54:30.881089Z,500.0,511.346,100,1,update,199.0,308.4,129723,234.9,234.9,234.9,234.9,,,
2026-09-11T09:54:30.881089Z,501.0,512.344,100,1,read,839.4,1232.4,129723,71.3,71.3,75.5,75.5,,,
2026-09-11T09:54:30.881089Z,501.0,512.344,100,1,update,185.1,308.1,129723,234.9,302.0,335.5,352.3,,,
2026-09-11T09:54:30.881089Z,502.0,513.344,100,1,read,778.9,1231.5,129723,71.3,71.3,71.3,71.3,,,
2026-09-11T09:54:30.881089Z,502.0,513.344,100,1,update,195.0,307.9,129723,234.9,234.9,234.9,243.3,,,
2026-09-11T09:54:30.881089Z,503.0,514.348,100,1,read,730.1,1230.5,129723,71.3,71.3,71.3,75.5,,,
2026-09-11T09:54:30.881089Z,503.0,514.348,100,1,update,216.0,307.7,129723,234.9,234.9,234.9,234.9,,,
2026-09-11T09:54:30.881089Z,504.0,515.346,100,1,read,763.9,1229.6,129723,71.3,71.3,71.3,369.1,,,
2026-09-11T09:54:30.881089Z,504.0,515.346,100,1,update,206.0,307.5,129723,234.9,234.9,234.9,234.9,,,
2026-09-11T09:54:30.881089Z,505.0,516.346,100,1,read,808.0,1228.8,129723,71.3,71.3,71.3,75.5,,,
2026-09-11T09:54:30.881089Z,505.0,516.346,100,1,update,192.0,307.3,129723,234.9,234.9,243.3,243.3,,,
2026-09-11T09:54:30.881089Z,506.0,517.344,100,1,read,740.0,1227.8,129723,71.3,71.3,71.3,75.5,,,
2026-09-11T09:54:30.881089Z,506.0,517.344,100,1,update,211.0,307.1,129723,234.9,234.9,234.9,243.3,,,
2026-09-11T09:54:30.881089Z,507.0,518.347,100,1,read,761.0,1226.9,129723,71.3,71.3,75.5,75.5,,,
2026-09-11T09:54:30.881089Z,507.0,518.347,100,1,update,204.0,306.9,129723,234.9,260.0,318.8,335.5,,,
2026-09-11T09:54:30.881089Z,508.0,519.346,100,1,read,834.3,1226.1,129723,71.3,71.3,71.3,75.5,,,
2026-09-11T09:54:30.881089Z,508.0,519.346,100,1,update,190.8,306.7,129723,234.9,234.9,243.3,243.3,,,
2026-09-11T09:54:30.881089Z,509.0,520.357,100,1,read,821.1,1225.3,129723,71.3,71.3,75.5,79.7,,,
2026-09-11T09:54:30.881089Z,509.0,520.357,100,1,update,184.0,306.4,129723,234.9,234.9,243.3,243.3,,,
2026-09-11T09:54:30.881089Z,510.0,521.35,100,1,read,796.8,1224.5,129723,71.3,71.3,75.5,385.9,,,
2026-09-11T09:54:30.881089Z,510.0,521.35,100,1,update,195.0,306.2,129723,234.9,234.9,234.9,243.3,,,
2026-09-11T09:54:30.881089Z,511.0,522.344,100,1,read,720.5,1223.5,129723,71.3,71.3,71.3,369.1,,,
2026-09-11T09:54:30.881089Z,511.0,522.344,100,1,update,210.2,306.0,129723,234.9,234.9,234.9,234.9,,,
2026-09-11T09:54:30.881089Z,512.0,523.347,100,1,read,772.5,1222.6,129723,71.3,75.5,75.5,75.5,,,
2026-09-11T09:54:30.881089Z,512.0,523.347,100,1,update,194.9,305.8,129723,234.9,352.3,402.7,402.7,,,
2026-09-11T09:54:30.881089Z,513.0,524.344,100,1,read,821.7,1221.8,129723,71.3,71.3,71.3,75.5,,,
2026-09-11T09:54:30.881089Z,513.0,524.344,100,1,update,184.2,305.6,129723,234.9,234.9,234.9,234.9,,,
2026-09-11T09:54:30.881089Z,514.0,525.345,100,1,read,778.1,1221.0,129723,71.3,71.3,71.3,75.5,,,
2026-09-11T09:54:30.881089Z,514.0,525.345,100,1,update,201.0,305.4,129723,234.9,234.9,234.9,234.9,,,
2026-09-11T09:54:30.881089Z,515.0,526.346,100,1,read,777.6,1220.1,129723,71.3,71.3,71.3,75.5,,,
2026-09-11T09:54:30.881089Z,515.0,526.346,100,1,update,203.9,305.2,129723,234.9,234.9,234.9,234.9,,,
2026-09-11T09:54:30.881089Z,516.0,527.349,100,1,read,789.3,1219.3,129723,71.3,71.3,71.3,75.5,,,
2026-09-11T09:54:30.881089Z,516.0,527.349,100,1,update,195.1,305.0,129723,234.9,234.9,243.3,243.3,,,
2026-09-11T09:54:30.881089Z,517.0,528.345,100,1,read,775.7,1218.4,129723,71.3,71.3,71.3,75.5,,,
2026-09-11T09:54:30.881089Z,517.0,528.345,100,1,update,199.9,304.8,129723,234.9,302.0,352.3,369.1,,,
2026-09-11T09:54:30.881089Z,518.0,529.346,100,1,read,780.0,1217.6,129723,71.3,71.3,75.5,75.5,,,
2026-09-11T09:54:30.881089Z,518.0,529.346,100,1,update,203.0,304.6,129723,234.9,234.9,234.9,234.9,,,
2026-09-11T09:54:30.881089Z,519.0,530.347,100,1,read,775.4,1216.7,129723,71.3,71.3,71.3,369.1,,,
2026-09-11T09:54:30.881089Z,519.0,530.347,100,1,update,197.1,304.4,129723,234.9,234.9,234.9,234.9,,,
2026-09-11T09:54:30.881089Z,520.0,531.344,100,1,read,809.9,1215.9,129723,71.3,71.3,71.3,75.5,,,
2026-09-11T09:54:30.881089Z,520.0,531.344,100,1,update,189.0,304.1,129723,234.9,234.9,234.9,243.3,,,
2026-09-11T09:54:30.881089Z,521.0,532.344,100,1,read,799.8,1215.1,129723,71.3,71.3,71.3,352.3,,,
2026-09-11T09:54:30.881089Z,521.0,532.344,100,1,update,197.9,303.9,129723,234.9,234.9,234.9,234.9,,,
2026-09-11T09:54:30.881089Z,522.0,533.352,100,1,read,795.9,1214.3,129723,71.3,71.3,71.3,75.5,,,
2026-09-11T09:54:30.881089Z,522.0,533.352,100,1,update,189.0,303.7,129723,234.9,302.0,352.3,352.3,,,
2026-09-11T09:54:30.881089Z,523.0,534.344,100,1,read,826.2,1213.6,129723,71.3,71.3,71.3,75.5,,,
2026-09-11T09:54:30.881089Z,523.0,534.344,100,1,update,193.0,303.5,129723,234.9,234.9,234.9,243.3,,,
2026-09-11T09:54:30.881089Z,524.0,535.35,100,1,read,778.6,1212.8,129723,71.3,71.3,71.3,71.3,,,
2026-09-11T09:54:30.881089Z,524.0,535.35,100,1,update,199.9,303.3,129723,234.9,234.9,234.9,234.9,,,
2026-09-11T09:54:30.881089Z,525.0,536.343,100,1,read,763.6,1211.9,129723,71.3,71.3,71.3,75.5,,,
2026-09-11T09:54:30.881089Z,525.0,536.343,100,1,update,205.2,303.1,129723,234.9,234.9,234.9,243.3,,,
2026-09-11T09:54:30.881089Z,526.0,537.368,100,1,read,729.0,1211.0,129723,71.3,71.3,71.3,75.5,,,
2026-09-11T09:54:30.881089Z,526.0,537.368,100,1,update,210.0,302.9,129723,234.9,234.9,243.3,520.1,,,
2026-09-11T09:54:30.881089Z,527.0,538.346,100,1,read,763.8,1210.1,129723,71.3,71.3,71.3,71.3,,,
2026-09-11T09:54:30.881089Z,527.0,538.346,100,1,update,200.0,302.8,129723,234.9,234.9,243.3,243.3,,,
2026-09-11T09:54:30.881089Z,528.0,539.349,100,1,read,829.3,1209.4,129723,71.3,71.3,75.5,75.5,,,
2026-09-11T09:54:30.881089Z,528.0,539.349,100,1,update,190.1,302.5,129723,234.9,268.4,318.8,369.1,,,
2026-09-11T09:54:30.881089Z,529.0,540.346,100,1,read,800.4,1208.6,129723,71.3,71.3,71.3,75.5,,,
2026-09-11T09:54:30.881089Z,529.0,540.346,100,1,update,193.9,302.3,129723,234.9,234.9,234.9,243.3,,,
2026-09-11T09:54:30.881089Z,530.0,541.347,100,1,read,774.5,1207.8,129723,71.3,71.3,71.3,75.5,,,
2026-09-11T09:54:30.881089Z,530.0,541.347,100,1,update,205.1,302.1,129723,234.9,234.9,234.9,234.9,,,
2026-09-11T09:54:30.881089Z,531.0,542.347,100,1,read,783.9,1207.0,129723,71.3,71.3,71.3,71.3,,,
2026-09-11T09:54:30.881089Z,531.0,542.347,100,1,update,199.0,302.0,129723,234.9,234.9,243.3,251.7,,,
2026-09-11T09:54:30.881089Z,532.0,543.347,100,1,read,795.7,1206.3,129723,71.3,71.3,71.3,71.3,,,
2026-09-11T09:54:30.881089Z,532.0,543.347,100,1,update,191.9,301.7,129723,234.9,234.9,243.3,243.3,,,
2026-09-11T09:54:30.881089Z,533.0,544.351,100,1,read,733.5,1205.4,129723,71.3,75.5,75.5,75.5,,,
2026-09-11T09:54:30.881089Z,533.0,544.351,100,1,update,205.2,301.6,129723,234.9,335.5,369.1,385.9,,,
2026-09-11T09:54:30.881089Z,534.0,545.346,100,1,read,824.2,1204.7,129723,71.3,71.3,71.3,71.3,,,
2026-09-11T09:54:30.881089Z,534.0,545.346,100,1,update,186.8,301.4,129723,234.9,234.9,234.9,243.3,,,
2026-09-11T09:54:30.881089Z,535.0,546.395,100,1,read,801.2,1203.9,129723,71.3,71.3,75.5,75.5,,,
2026-09-11T09:54:30.881089Z,535.0,546.395,100,1,update,197.1,301.2,129723,234.9,234.9,234.9,243.3,,,
2026-09-11T09:54:30.881089Z,536.0,547.347,100,1,read,788.0,1203.1,129723,71.3,71.3,71.3,75.5,,,
2026-09-11T09:54:30.881089Z,536.0,547.347,100,1,update,195.0,301.0,129723,234.9,234.9,243.3,520.1,,,
2026-09-11T09:54:30.881089Z,537.0,548.347,100,1,read,770.0,1202.3,129723,71.3,71.3,71.3,75.5,,,
2026-09-11T09:54:30.881089Z,537.0,548.347,100,1,update,207.0,300.8,129723,234.9,234.9,234.9,234.9,,,
2026-09-11T09:54:30.881089Z,538.0,549.347,100,1,read,765.9,1201.5,129723,71.3,71.3,75.5,75.5,,,
2026-09-11T09:54:30.881089Z,538.0,549.347,100,1,update,195.0,300.6,129723,234.9,335.5,385.9,385.9,,,
2026-09-11T09:54:30.881089Z,539.0,550.345,100,1,read,787.6,1200.7,129723,71.3,71.3,71.3,75.5,,,
2026-09-11T09:54:30.881089Z,539.0,550.345,100,1,update,195.1,300.4,129723,234.9,234.9,243.3,243.3,,,
2026-09-11T09:54:30.881089Z,540.0,551.344,100,1,read,812.8,1200.0,129723,71.3,71.3,71.3,75.5,,,
2026-09-11T09:54:30.881089Z,540.0,551.344,100,1,update,188.0,300.2,129723,234.9,234.9,243.3,243.3,,,
2026-09-11T09:54:30.881089Z,541.0,552.344,100,1,read,836.0,1199.3,129723,71.3,71.3,71.3,75.5,,,
2026-09-11T09:54:30.881089Z,541.0,552.344,100,1,update,191.0,300.0,129723,234.9,234.9,234.9,243.3,,,
2026-09-11T09:54:30.881089Z,542.0,553.355,100,1,read,749.6,1198.5,129723,71.3,71.3,71.3,75.5,,,
2026-09-11T09:54:30.881089Z,542.0,553.355,100,1,update,204.9,299.8,129723,234.9,234.9,234.9,234.9,,,
2026-09-11T09:54:30.881089Z,543.0,554.346,100,1,read,754.5,1197.7,129723,71.3,71.3,71.3,71.3,,,
2026-09-11T09:54:30.881089Z,543.0,554.346,100,1,update,201.1,299.6,129723,234.9,234.9,243.3,243.3,,,
2026-09-11T09:54:30.881089Z,544.0,555.347,100,1,read,775.2,1196.9,129723,71.3,71.3,75.5,75.5,,,
2026-09-11T09:54:30.881089Z,544.0,555.347,100,1,update,196.0,299.4,129723,234.9,352.3,385.9,385.9,,,
2026-09-11T09:54:30.881089Z,545.0,556.353,100,1,read,823.2,1196.2,129723,71.3,71.3,71.3,75.5,,,
2026-09-11T09:54:30.881089Z,545.0,556.353,100,1,update,187.8,299.2,129723,234.9,234.9,234.9,243.3,,,
2026-09-11T09:54:30.881089Z,546.0,557.349,100,1,read,819.5,1195.5,129723,71.3,71.3,71.3,75.5,,,
2026-09-11T09:54:30.881089Z,546.0,557.349,100,1,update,190.1,299.0,129723,234.9,234.9,234.9,234.9,,,
2026-09-11T09:54:30.881089Z,547.0,558.347,100,1,read,788.3,1194.8,129723,71.3,71.3,71.3,75.5,,,
2026-09-11T09:54:30.881089Z,547.0,558.347,100,1,update,197.1,298.8,129723,234.9,234.9,234.9,520.1,,,
2026-09-11T09:54:30.881089Z,548.0,559.343,100,1,read,771.9,1194.0,129723,71.3,71.3,71.3,75.5,,,
2026-09-11T09:54:30.881089Z,548.0,559.343,100,1,update,198.0,298.7,129723,234.9,234.9,234.9,234.9,,,
2026-09-11T09:54:30.881089Z,549.0,560.346,100,1,read,744.8,1193.2,129723,71.3,75.5,75.5,75.5,,,
2026-09-11T09:54:30.881089Z,549.0,560.346,100,1,update,199.0,298.5,129723,234.9,352.3,402.7,419.4,,,
2026-09-11T09:54:30.881089Z,550.0,561.348,100,1,read,814.0,1192.5,129723,71.3,71.3,71.3,79.7,,,
2026-09-11T09:54:30.881089Z,550.0,561.348,100,1,update,192.0,298.3,129723,234.9,234.9,234.9,243.3,,,
2026-09-11T09:54:30.881089Z,551.0,562.344,100,1,read,799.0,1191.8,129723,71.3,71.3,71.3,75.5,,,
2026-09-11T09:54:30.881089Z,551.0,562.344,100,1,update,193.0,298.1,129723,234.9,234.9,234.9,243.3,,,
2026-09-11T09:54:30.881089Z,552.0,563.348,100,1,read,770.9,1191.0,129723,71.3,71.3,71.3,75.5,,,
2026-09-11T09:54:30.881089Z,552.0,563.348,100,1,update,201.0,297.9,129723,234.9,234.9,234.9,243.3,,,
2026-09-11T09:54:30.881089Z,553.0,564.344,100,1,read,816.1,1190.4,129723,71.3,71.3,71.3,75.5,,,
2026-09-11T09:54:30.881089Z,553.0,564.344,100,1,update,195.0,297.7,129723,234.9,234.9,234.9,243.3,,,
2026-09-11T09:54:30.881089Z,554.0,565.345,100,1,read,742.3,1189.6,129723,71.3,71.3,75.5,75.5,,,
2026-09-11T09:54:30.881089Z,554.0,565.345,100,1,update,200.1,297.6,129723,234.9,318.8,385.9,385.9,,,
2026-09-11T09:54:30.881089Z,555.0,566.344,100,1,read,794.7,1188.8,129723,71.3,71.3,71.3,75.5,,,
2026-09-11T09:54:30.881089Z,555.0,566.344,100,1,update,197.9,297.4,129723,234.9,234.9,234.9,243.3,,,
2026-09-11T09:54:30.881089Z,556.0,567.344,100,1,read,832.8,1188.2,129723,71.3,71.3,71.3,75.5,,,
2026-09-11T09:54:30.881089Z,556.0,567.344,100,1,update,181.0,297.2,129723,234.9,234.9,234.9,234.9,,,
2026-09-11T09:54:30.881089Z,557.0,568.347,100,1,read,778.5,1187.5,129723,71.3,71.3,71.3,369.1,,,
2026-09-11T09:54:30.881089Z,557.0,568.347,100,1,update,201.1,297.0,129723,234.9,234.9,234.9,234.9,,,
2026-09-11T09:54:30.881089Z,558.0,569.347,100,1,read,806.0,1186.8,129723,71.3,71.3,71.3,71.3,,,
2026-09-11T09:54:30.881089Z,558.0,569.347,100,1,update,195.0,296.8,129723,234.9,234.9,234.9,234.9,,,
2026-09-11T09:54:30.881089Z,559.0,570.348,100,1,read,783.9,1186.1,129723,71.3,71.3,75.5,75.5,,,
2026-09-11T09:54:30.881089Z,559.0,570.348,100,1,update,191.0,296.6,129723,234.9,352.3,385.9,385.9,,,
2026-09-11T09:54:30.881089Z,560.0,571.344,100,1,read,772.1,1185.3,129723,71.3,71.3,75.5,75.5,,,
2026-09-11T09:54:30.881089Z,560.0,571.344,100,1,update,200.0,296.4,129723,234.9,234.9,234.9,536.9,,,
2026-09-11T09:54:30.881089Z,561.0,572.347,100,1,read,776.4,1184.6,129723,71.3,71.3,71.3,369.1,,,
2026-09-11T09:54:30.881089Z,561.0,572.347,100,1,update,198.8,296.3,129723,234.9,234.9,234.9,234.9,,,
2026-09-11T09:54:30.881089Z,562.0,573.347,100,1,read,786.6,1183.9,129723,71.3,71.3,75.5,75.5,,,
2026-09-11T09:54:30.881089Z,562.0,573.347,100,1,update,201.1,296.1,129723,234.9,234.9,234.9,234.9,,,
2026-09-11T09:54:30.881089Z,563.0,574.353,100,1,read,808.9,1183.2,129723,71.3,71.3,75.5,75.5,,,
2026-09-11T09:54:30.881089Z,563.0,574.353,100,1,update,187.0,295.9,129723,234.9,234.9,234.9,234.9,,,
2026-09-11T09:54:30.881089Z,564.0,575.346,100,1,read,785.4,1182.5,129723,71.3,71.3,75.5,75.5,,,
2026-09-11T09:54:30.881089Z,564.0,575.346,100,1,update,193.9,295.7,129723,234.9,302.0,318.8,335.5,,,
2026-09-11T09:54:30.881089Z,565.0,576.344,100,1,read,774.3,1181.8,129723,71.3,71.3,71.3,75.5,,,
2026-09-11T09:54:30.881089Z,565.0,576.344,100,1,update,208.1,295.6,129723,234.9,234.9,243.3,243.3,,,
2026-09-11T09:54:30.881089Z,566.0,577.35,100,1,read,847.8,1181.2,129723,71.3,71.3,71.3,369.1,,,
2026-09-11T09:54:30.881089Z,566.0,577.35,100,1,update,172.9,295.4,129723,234.9,234.9,234.9,234.9,,,
2026-09-11T09:54:30.881089Z,567.0,578.346,100,1,read,812.9,1180.6,129723,71.3,71.3,71.3,71.3,,,
2026-09-11T09:54:30.881089Z,567.0,578.346,100,1,update,192.0,295.2,129723,234.9,234.9,234.9,234.9,,,
2026-09-11T09:54:30.881089Z,568.0,579.347,100,1,read,755.2,1179.8,129723,71.3,71.3,71.3,71.3,,,
2026-09-11T09:54:30.881089Z,568.0,579.347,100,1,update,209.1,295.0,129723,234.9,234.9,234.9,234.9,,,
2026-09-11T09:54:30.881089Z,569.0,580.351,100,1,read,759.9,1179.1,129723,71.3,71.3,75.5,75.5,,,
2026-09-11T09:54:30.881089Z,569.0,580.351,100,1,update,204.0,294.9,129723,234.9,268.4,335.5,352.3,,,
2026-09-11T09:54:30.881089Z,570.0,581.346,100,1,read,759.6,1178.3,129723,71.3,71.3,71.3,75.5,,,
2026-09-11T09:54:30.881089Z,570.0,581.346,100,1,update,209.9,294.7,129723,234.9,234.9,234.9,234.9,,,
2026-09-11T09:54:30.881089Z,571.0,582.347,100,1,read,787.0,1177.6,129723,71.3,71.3,71.3,75.5,,,
2026-09-11T09:54:30.881089Z,571.0,582.347,100,1,update,195.3,294.5,129723,234.9,234.9,234.9,234.9,,,
2026-09-11T09:54:30.881089Z,572.0,583.347,100,1,read,822.7,1177.0,129723,71.3,71.3,71.3,71.3,,,
2026-09-11T09:54:30.881089Z,572.0,583.347,100,1,update,187.9,294.4,129723,234.9,234.9,234.9,234.9,,,
2026-09-11T09:54:30.881089Z,573.0,584.344,100,1,read,819.1,1176.4,129723,71.3,71.3,71.3,79.7,,,
2026-09-11T09:54:30.881089Z,573.0,584.344,100,1,update,194.0,294.2,129723,234.9,234.9,234.9,234.9,,,
2026-09-11T09:54:30.881089Z,574.0,585.347,100,1,read,822.0,1175.8,129723,71.3,71.3,71.3,75.5,,,
2026-09-11T09:54:30.881089Z,574.0,585.347,100,1,update,174.0,294.0,129723,234.9,335.5,369.1,385.9,,,
2026-09-11T09:54:30.881089Z,575.0,586.347,100,1,read,842.2,1175.2,129723,71.3,71.3,71.3,369.1,,,
2026-09-11T09:54:30.881089Z,575.0,586.347,100,1,update,177.8,293.8,129723,234.9,234.9,234.9,520.1,,,
2026-09-11T09:54:30.881089Z,576.0,587.346,100,1,read,784.8,1174.5,129723,71.3,71.3,71.3,75.5,,,
2026-09-11T09:54:30.881089Z,576.0,587.346,100,1,update,207.2,293.6,129723,234.9,234.9,243.3,243.3,,,
2026-09-11T09:54:30.881089Z,577.0,588.345,100,1,read,795.0,1173.9,129723,71.3,71.3,71.3,75.5,,,
2026-09-11T09:54:30.881089Z,577.0,588.345,100,1,update,189.0,293.4,129723,234.9,234.9,243.3,243.3,,,
2026-09-11T09:54:30.881089Z,578.0,589.347,100,1,read,797.5,1173.2,129723,71.3,71.3,71.3,71.3,,,
2026-09-11T09:54:30.881089Z,578.0,589.347,100,1,update,199.9,293.3,129723,234.9,234.9,234.9,234.9,,,
2026-09-11T09:54:30.881089Z,579.0,590.348,100,1,read,772.6,1172.5,129723,71.3,71.3,75.5,75.5,,,
2026-09-11T09:54:30.881089Z,579.0,590.348,100,1,update,195.2,293.1,129723,234.9,335.5,369.1,369.1,,,
2026-09-11T09:54:30.881089Z,580.0,591.368,100,1,read,780.5,1171.9,129723,71.3,71.3,75.5,75.5,,,
2026-09-11T09:54:30.881089Z,580.0,591.368,100,1,update,193.9,292.9,129723,234.9,234.9,243.3,243.3,,,
2026-09-11T09:54:30.881089Z,581.0,592.344,100,1,read,775.1,1171.2,129723,71.3,71.3,71.3,75.5,,,
2026-09-11T09:54:30.881089Z,581.0,592.344,100,1,update,201.0,292.8,129723,234.9,234.9,243.3,243.3,,,
2026-09-11T09:54:30.881089Z,582.0,593.348,100,1,read,804.7,1170.5,129723,71.3,71.3,71.3,71.3,,,
2026-09-11T09:54:30.881089Z,582.0,593.348,100,1,update,196.9,292.6,129723,234.9,234.9,234.9,234.9,,,
2026-09-11T09:54:30.881089Z,583.0,594.345,100,1,read,756.2,1169.8,129723,71.3,71.3,71.3,71.3,,,
2026-09-11T09:54:30.881089Z,583.0,594.345,100,1,update,209.1,292.5,129723,234.9,234.9,234.9,234.9,,,
2026-09-11T09:54:30.881089Z,584.0,595.345,100,1,read,768.0,1169.1,129723,71.3,71.3,71.3,75.5,,,
2026-09-11T09:54:30.881089Z,584.0,595.345,100,1,update,174.0,292.3,129723,234.9,234.9,234.9,234.9,,,
2026-09-11T09:54:30.881089Z,585.0,596.348,100,1,read,760.5,1168.4,129723,71.3,71.3,75.5,75.5,,,
2026-09-11T09:54:30.881089Z,585.0,596.348,100,1,update,209.9,292.1,129723,234.9,369.1,385.9,419.4,,,
2026-09-11T09:54:30.881089Z,586.0,597.351,100,1,read,814.7,1167.8,129723,71.3,71.3,71.3,75.5,,,
2026-09-11T09:54:30.881089Z,586.0,597.351,100,1,update,198.2,292.0,129723,234.9,234.9,234.9,243.3,,,
2026-09-11T09:54:30.881089Z,587.0,598.347,100,1,read,791.9,1167.2,129723,71.3,71.3,71.3,369.1,,,
2026-09-11T09:54:30.881089Z,587.0,598.347,100,1,update,202.0,291.8,129723,234.9,234.9,234.9,234.9,,,
2026-09-11T09:54:30.881089Z,588.0,599.345,100,1,read,805.3,1166.6,129723,71.3,71.3,71.3,71.3,,,
2026-09-11T09:54:30.881089Z,588.0,599.345,100,1,update,190.1,291.6,129723,234.9,234.9,234.9,234.9,,,
2026-09-11T09:54:30.881089Z,589.0,600.348,100,1,read,764.0,1165.9,129723,71.3,71.3,71.3,71.3,,,
2026-09-11T09:54:30.881089Z,589.0,600.348,100,1,update,209.0,291.5,129723,234.9,234.9,234.9,234.9,,,
2026-09-11T09:54:30.881089Z,590.0,601.346,100,1,read,778.3,1165.2,129723,71.3,71.3,75.5,75.5,,,
2026-09-11T09:54:30.881089Z,590.0,601.346,100,1,update,192.8,291.3,129723,234.9,285.2,318.8,335.5,,,
2026-09-11T09:54:30.881089Z,591.0,602.345,100,1,read,773.6,1164.6,129723,71.3,71.3,71.3,75.5,,,
2026-09-11T09:54:30.881089Z,591.0,602.345,100,1,update,201.2,291.2,129723,234.9,234.9,234.9,243.3,,,
2026-09-11T09:54:30.881089Z,592.0,603.347,100,1,read,794.1,1164.0,129723,71.3,71.3,71.3,75.5,,,
2026-09-11T09:54:30.881089Z,592.0,603.347,100,1,update,196.0,291.0,129723,234.9,234.9,234.9,234.9,,,
2026-09-11T09:54:30.881089Z,593.0,604.348,100,1,read,758.6,1163.3,129723,71.3,71.3,71.3,71.3,,,
2026-09-11T09:54:30.881089Z,593.0,604.348,100,1,update,211.9,290.9,129723,234.9,234.9,234.9,234.9,,,
2026-09-11T09:54:30.881089Z,594.0,605.345,100,1,read,764.5,1162.6,129723,71.3,71.3,71.3,385.9,,,
2026-09-11T09:54:30.881089Z,594.0,605.345,100,1,update,206.1,290.7,129723,234.9,234.9,234.9,234.9,,,
2026-09-11T09:54:30.881089Z,595.0,606.343,100,1,read,765.9,1161.9,129723,71.3,71.3,75.5,75.5,,,
2026-09-11T09:54:30.881089Z,595.0,606.343,100,1,update,193.0,290.6,129723,234.9,352.3,385.9,402.7,,,
2026-09-11T09:54:30.881089Z,596.0,607.347,100,1,read,781.4,1161.3,129723,71.3,71.3,71.3,75.5,,,
2026-09-11T09:54:30.881089Z,596.0,607.347,100,1,update,194.9,290.4,129723,234.9,234.9,234.9,234.9,,,
2026-09-11T09:54:30.881089Z,597.0,608.349,100,1,read,771.2,1160.6,129723,71.3,71.3,71.3,71.3,,,
2026-09-11T09:54:30.881089Z,597.0,608.349,100,1,update,210.1,290.3,129723,234.9,234.9,234.9,234.9,,,
2026-09-11T09:54:30.881089Z,598.0,609.377,100,1,read,822.0,1160.1,129723,71.3,71.3,71.3,75.5,,,
2026-09-11T09:54:30.881089Z,598.0,609.377,100,1,update,187.0,290.1,129723,234.9,234.9,234.9,234.9,,,
2026-09-11T09:54:30.881089Z,599.0,610.347,100,1,read,806.2,1159.5,129723,71.3,71.3,71.3,75.5,,,
2026-09-11T09:54:30.881089Z,599.0,610.347,100,1,update,192.1,289.9,129723,234.9,234.9,234.9,243.3,,,
2026-09-11T09:54:30.881089Z,600.0,611.359,100,1,read,787.2,1158.9,129723,71.3,71.3,75.5,75.5,,,
2026-09-11T09:54:30.881089Z,600.0,611.359,100,1,update,179.0,289.8,129723,234.9,369.1,402.7,419.4,,,
2026-09-11T09:54:30.881089Z,601.0,612.345,100,1,read,783.0,1158.2,129723,71.3,71.3,71.3,75.5,,,
2026-09-11T09:54:30.881089Z,601.0,612.345,100,1,update,197.0,289.6,129723,234.9,234.9,234.9,536.9,,,
2026-09-11T09:54:30.881089Z,602.0,613.348,100,1,read,731.1,1157.5,129723,71.3,71.3,71.3,71.3,,,
2026-09-11T09:54:30.881089Z,602.0,613.348,100,1,update,228.0,289.5,129723,234.9,234.9,243.3,243.3,,,
2026-09-11T09:54:30.881089Z,603.0,614.352,100,1,read,772.5,1156.9,129723,71.3,71.3,71.3,369.1,,,
2026-09-11T09:54:30.881089Z,603.0,614.352,100,1,update,193.9,289.3,129723,234.9,234.9,234.9,234.9,,,
2026-09-11T09:54:30.881089Z,604.0,615.349,100,1,read,789.0,1156.3,129723,71.3,71.3,71.3,75.5,,,
2026-09-11T09:54:30.881089Z,604.0,615.349,100,1,update,202.0,289.2,129723,234.9,234.9,234.9,234.9,,,
2026-09-11T09:54:30.881089Z,605.0,616.349,100,1,read,744.5,1155.6,129723,71.3,71.3,75.5,75.5,,,
2026-09-11T09:54:30.881089Z,605.0,616.349,100,1,update,199.1,289.1,129723,234.9,318.8,369.1,385.9,,,
2026-09-11T09:54:30.881089Z,606.0,617.347,100,1,read,841.9,1155.1,129723,71.3,71.3,71.3,75.5,,,
2026-09-11T09:54:30.881089Z,606.0,617.347,100,1,update,187.0,288.9,129723,234.9,234.9,243.3,243.3,,,
2026-09-11T09:54:30.881089Z,607.0,618.345,100,1,read,793.2,1154.5,129723,71.3,71.3,71.3,71.3,,,
2026-09-11T09:54:30.881089Z,607.0,618.345,100,1,update,196.1,288.7,129723,234.9,234.9,243.3,243.3,,,
2026-09-11T09:54:30.881089Z,608.0,619.358,100,1,read,834.6,1154.0,129723,71.3,71.3,71.3,71.3,,,
2026-09-11T09:54:30.881089Z,608.0,619.358,100,1,update,185.9,288.6,129723,234.9,234.9,234.9,243.3,,,
2026-09-11T09:54:30.881089Z,609.0,620.343,100,1,read,796.3,1153.4,129723,71.3,71.3,71.3,71.3,,,
2026-09-11T09:54:30.881089Z,609.0,620.343,100,1,update,197.1,288.4,129723,234.9,234.9,234.9,243.3,,,
2026-09-11T09:54:30.881089Z,610.0,621.35,100,1,read,776.1,1152.8,129723,71.3,71.3,71.3,71.3,,,
2026-09-11T09:54:30.881089Z,610.0,621.35,100,1,update,173.0,288.2,129723,234.9,234.9,234.9,243.3,,,
2026-09-11T09:54:30.881089Z,611.0,622.347,100,1,read,765.1,1152.1,129723,71.3,71.3,75.5,75.5,,,
2026-09-11T09:54:30.881089Z,611.0,622.347,100,1,update,220.0,288.1,129723,234.9,335.5,385.9,385.9,,,
2026-09-11T09:54:30.881089Z,612.0,623.345,100,1,read,780.9,1151.5,129723,71.3,71.3,71.3,71.3,,,
2026-09-11T09:54:30.881089Z,612.0,623.345,100,1,update,203.0,288.0,129723,234.9,234.9,234.9,234.9,,,
2026-09-11T09:54:30.881089Z,613.0,624.345,100,1,read,767.7,1150.9,129723,71.3,71.3,71.3,75.5,,,
2026-09-11T09:54:30.881089Z,613.0,624.345,100,1,update,202.9,287.8,129723,234.9,234.9,243.3,243.3,,,
2026-09-11T09:54:30.881089Z,614.0,625.344,100,1,read,858.2,1150.4,129723,71.3,71.3,71.3,71.3,,,
2026-09-11T09:54:30.881089Z,614.0,625.344,100,1,update,178.0,287.7,129723,234.9,234.9,234.9,234.9,,,
2026-09-11T09:54:30.881089Z,615.0,626.348,100,1,read,779.2,1149.8,129723,71.3,71.3,71.3,71.3,,,
2026-09-11T09:54:30.881089Z,615.0,626.348,100,1,update,200.0,287.5,129723,234.9,234.9,234.9,243.3,,,
2026-09-11T09:54:30.881089Z,616.0,627.345,100,1,read,818.8,1149.3,129723,71.3,71.3,71.3,75.5,,,
2026-09-11T09:54:30.881089Z,616.0,627.345,100,1,update,188.9,287.4,129723,234.9,251.7,318.8,335.5,,,
2026-09-11T09:54:30.881089Z,617.0,628.351,100,1,read,819.1,1148.7,129723,71.3,71.3,71.3,75.5,,,
2026-09-11T09:54:30.881089Z,617.0,628.351,100,1,update,190.0,287.2,129723,234.9,234.9,243.3,243.3,,,
2026-09-11T09:54:30.881089Z,618.0,629.351,100,1,read,787.4,1148.1,129723,71.3,71.3,71.3,79.7,,,
2026-09-11T09:54:30.881089Z,618.0,629.351,100,1,update,190.9,287.0,129723,234.9,234.9,243.3,243.3,,,
2026-09-11T09:54:30.881089Z,619.0,630.346,100,1,read,740.0,1147.5,129723,71.3,71.3,75.5,83.9,,,
2026-09-11T09:54:30.881089Z,619.0,630.346,100,1,update,209.0,286.9,129723,234.9,234.9,243.3,243.3,,,
2026-09-11T09:54:30.881089Z,620.0,631.347,100,1,read,805.3,1146.9,129723,71.3,71.3,71.3,71.3,,,
2026-09-11T09:54:30.881089Z,620.0,631.347,100,1,update,198.1,286.8,129723,234.9,234.9,234.9,234.9,,,
2026-09-11T09:54:30.881089Z,621.0,632.349,100,1,read,827.0,1146.4,129723,71.3,71.3,75.5,79.7,,,
2026-09-11T09:54:30.881089Z,621.0,632.349,100,1,update,178.0,286.6,129723,234.9,352.3,369.1,369.1,,,
2026-09-11T09:54:30.881089Z,622.0,633.344,100,1,read,751.3,1145.8,129723,71.3,71.3,71.3,71.3,,,
2026-09-11T09:54:30.881089Z,622.0,633.344,100,1,update,209.1,286.5,129723,234.9,234.9,234.9,234.9,,,
2026-09-11T09:54:30.881089Z,623.0,634.352,100,1,read,808.3,1145.2,129723,71.3,71.3,71.3,75.5,,,
2026-09-11T09:54:30.881089Z,623.0,634.352,100,1,update,194.8,286.3,129723,234.9,234.9,234.9,243.3,,,
2026-09-11T09:54:30.881089Z,624.0,635.345,100,1,read,774.5,1144.7,129723,71.3,71.3,71.3,75.5,,,
2026-09-11T09:54:30.881089Z,624.0,635.345,100,1,update,194.1,286.2,129723,234.9,234.9,234.9,243.3,,,
2026-09-11T09:54:30.881089Z,625.0,636.344,100,1,read,780.2,1144.1,129723,71.3,71.3,71.3,369.1,,,
2026-09-11T09:54:30.881089Z,625.0,636.344,100,1,update,200.1,286.0,129723,234.9,234.9,234.9,520.1,,,
2026-09-11T09:54:30.881089Z,626.0,637.346,100,1,read,748.8,1143.4,129723,71.3,71.3,75.5,75.5,,,
2026-09-11T09:54:30.881089Z,626.0,637.346,100,1,update,198.0,285.9,129723,234.9,302.0,369.1,385.9,,,
2026-09-11T09:54:30.881089Z,627.0,638.347,100,1,read,814.8,1142.9,129723,71.3,71.3,71.3,71.3,,,
2026-09-11T09:54:30.881089Z,627.0,638.347,100,1,update,194.0,285.7,129723,234.9,234.9,243.3,243.3,,,
2026-09-11T09:54:30.881089Z,628.0,639.35,100,1,read,748.1,1142.3,129723,71.3,71.3,71.3,71.3,,,
2026-09-11T09:54:30.881089Z,628.0,639.35,100,1,update,212.0,285.6,129723,234.9,234.9,243.3,243.3,,,
2026-09-11T09:54:30.881089Z,629.0,640.346,100,1,read,733.8,1141.6,129723,71.3,71.3,71.3,352.3,,,
2026-09-11T09:54:30.881089Z,629.0,640.346,100,1,update,216.9,285.5,129723,234.9,234.9,234.9,234.9,,,
2026-09-11T09:54:30.881089Z,630.0,641.345,100,1,read,796.9,1141.1,129723,71.3,71.3,71.3,71.3,,,
2026-09-11T09:54:30.881089Z,630.0,641.345,100,1,update,195.0,285.4,129723,234.9,234.9,234.9,243.3,,,
2026-09-11T09:54:30.881089Z,631.0,642.348,100,1,read,781.3,1140.5,129723,71.3,71.3,71.3,79.7,,,
2026-09-11T09:54:30.881089Z,631.0,642.348,100,1,update,192.1,285.2,129723,234.9,302.0,335.5,352.3,,,
2026-09-11T09:54:30.881089Z,632.0,643.349,100,1,read,809.1,1140.0,129723,71.3,71.3,75.5,75.5,,,
2026-09-11T09:54:30.881089Z,632.0,643.349,100,1,update,191.0,285.1,129723,234.9,234.9,243.3,243.3,,,
2026-09-11T09:54:30.881089Z,633.0,644.353,100,1,read,821.4,1139.5,129723,71.3,71.3,71.3,75.5,,,
2026-09-11T09:54:30.881089Z,633.0,644.353,100,1,update,187.9,284.9,129723,234.9,243.3,251.7,251.7,,,
2026-09-11T09:54:30.881089Z,634.0,645.348,100,1,read,737.3,1138.9,129723,71.3,71.3,71.3,71.3,,,
2026-09-11T09:54:30.881089Z,634.0,645.348,100,1,update,215.1,284.8,129723,234.9,234.9,243.3,243.3,,,
2026-09-11T09:54:30.881089Z,635.0,646.345,100,1,read,774.1,1138.3,129723,71.3,71.3,71.3,71.3,,,
2026-09-11T09:54:30.881089Z,635.0,646.345,100,1,update,206.0,284.7,129723,234.9,234.9,234.9,243.3,,,
2026-09-11T09:54:30.881089Z,636.0,647.345,100,1,read,791.0,1137.7,129723,71.3,71.3,71.3,75.5,,,
2026-09-11T09:54:30.881089Z,636.0,647.345,100,1,update,195.0,284.6,129723,234.9,234.9,243.3,243.3,,,
2026-09-11T09:54:30.881089Z,637.0,648.348,100,1,read,785.6,1137.2,129723,71.3,71.3,75.5,75.5,,,
2026-09-11T09:54:30.881089Z,637.0,648.348,100,1,update,186.9,284.4,129723,234.9,302.0,352.3,369.1,,,
2026-09-11T09:54:30.881089Z,638.0,649.349,100,1,read,779.6,1136.6,129723,71.3,71.3,71.3,75.5,,,
2026-09-11T09:54:30.881089Z,638.0,649.349,100,1,update,206.1,284.3,129723,234.9,234.9,243.3,243.3,,,
2026-09-11T09:54:30.881089Z,639.0,650.346,100,1,read,751.7,1136.0,129723,71.3,71.3,71.3,71.3,,,
2026-09-11T09:54:30.881089Z,639.0,650.346,100,1,update,217.9,284.2,129723,234.9,234.9,234.9,243.3,,,
2026-09-11T09:54:30.881089Z,640.0,651.346,100,1,read,743.5,1135.4,129723,71.3,71.3,71.3,71.3,,,
2026-09-11T09:54:30.881089Z,640.0,651.346,100,1,update,200.9,284.0,129723,234.9,234.9,243.3,243.3,,,
2026-09-11T09:54:30.881089Z,641.0,652.372,100,1,read,760.4,1134.8,129723,71.3,71.3,71.3,75.5,,,
2026-09-11T09:54:30.881089Z,641.0,652.372,100,1,update,214.1,283.9,129723,234.9,234.9,234.9,243.3,,,
2026-09-11T09:54:30.881089Z,642.0,653.355,100,1,read,759.0,1134.2,129723,71.3,71.3,71.3,75.5,,,
2026-09-11T09:54:30.881089Z,642.0,653.355,100,1,update,198.0,283.8,129723,234.9,268.4,302.0,318.8,,,
2026-09-11T09:54:30.881089Z,643.0,654.345,100,1,read,784.3,1133.7,129723,71.3,71.3,71.3,75.5,,,
2026-09-11T09:54:30.881089Z,643.0,654.345,100,1,update,206.1,283.7,129723,234.9,234.9,234.9,243.3,,,
2026-09-11T09:54:30.881089Z,644.0,655.347,100,1,read,772.8,1133.1,129723,71.3,71.3,71.3,71.3,,,
2026-09-11T09:54:30.881089Z,644.0,655.347,100,1,update,196.0,283.5,129723,234.9,234.9,243.3,251.7,,,
2026-09-11T09:54:30.881089Z,645.0,656.348,100,1,read,797.3,1132.6,129723,71.3,71.3,71.3,75.5,,,
2026-09-11T09:54:30.881089Z,645.0,656.348,100,1,update,201.1,283.4,129723,234.9,234.9,243.3,243.3,,,
2026-09-11T09:54:30.881089Z,646.0,657.345,100,1,read,757.6,1132.0,129723,71.3,71.3,71.3,75.5,,,
2026-09-11T09:54:30.881089Z,646.0,657.345,100,1,update,199.9,283.3,129723,234.9,234.9,243.3,243.3,,,
2026-09-11T09:54:30.881089Z,647.0,658.349,100,1,read,832.8,1131.6,129723,71.3,71.3,71.3,71.3,,,
2026-09-11T09:54:30.881089Z,647.0,658.349,100,1,update,192.0,283.1,129723,234.9,234.9,234.9,243.3,,,
2026-09-11T09:54:30.881089Z,648.0,659.345,100,1,read,833.4,1131.1,129723,71.3,71.3,71.3,75.5,,,
2026-09-11T09:54:30.881089Z,648.0,659.345,100,1,update,176.1,283.0,129723,234.9,234.9,243.3,251.7,,,
2026-09-11T09:54:30.881089Z,649.0,660.349,100,1,read,777.2,1130.6,129723,71.3,71.3,71.3,75.5,,,
2026-09-11T09:54:30.881089Z,649.0,660.349,100,1,update,204.1,282.9,129723,234.9,234.9,234.9,243.3,,,
2026-09-11T09:54:30.881089Z,650.0,661.348,100,1,read,805.8,1130.1,129723,71.3,71.3,71.3,79.7,,,
2026-09-11T09:54:30.881089Z,650.0,661.348,100,1,update,199.0,282.7,129723,234.9,234.9,234.9,234.9,,,
2026-09-11T09:54:30.881089Z,651.0,662.347,100,1,read,812.7,1129.6,129723,71.3,71.3,75.5,75.5,,,
2026-09-11T09:54:30.881089Z,651.0,662.347,100,1,update,193.9,282.6,129723,234.9,234.9,234.9,243.3,,,
2026-09-11T09:54:30.881089Z,652.0,663.349,100,1,read,778.7,1129.0,129723,71.3,71.3,71.3,71.3,,,
2026-09-11T09:54:30.881089Z,652.0,663.349,100,1,update,199.9,282.5,129723,234.9,234.9,234.9,234.9,,,
2026-09-11T09:54:30.881089Z,653.0,664.348,100,1,read,813.8,1128.6,129723,71.3,71.3,71.3,385.9,,,
2026-09-11T09:54:30.881089Z,653.0,664.348,100,1,update,186.2,282.3,129723,234.9,234.9,234.9,243.3,,,
2026-09-11T09:54:30.881089Z,654.0,665.345,100,1,read,830.8,1128.1,129723,71.3,71.3,71.3,75.5,,,
2026-09-11T09:54:30.881089Z,654.0,665.345,100,1,update,183.0,282.2,129723,234.9,234.9,243.3,243.3,,,
2026-09-11T09:54:30.881089Z,655.0,666.345,100,1,read,830.7,1127.6,129723,71.3,71.3,71.3,71.3,,,
2026-09-11T09:54:30.881089Z,655.0,666.345,100,1,update,186.9,282.0,129723,234.9,234.9,234.9,243.3,,,
2026-09-11T09:54:30.881089Z,656.0,667.345,100,1,read,765.1,1127.1,129723,71.3,71.3,71.3,75.5,,,
2026-09-11T09:54:30.881089Z,656.0,667.345,100,1,update,203.0,281.9,129723,234.9,234.9,234.9,243.3,,,
2026-09-11T09:54:30.881089Z,657.0,668.344,100,1,read,745.2,1126.5,129723,71.3,71.3,71.3,75.5,,,
2026-09-11T09:54:30.881089Z,657.0,668.344,100,1,update,216.1,281.8,129723,234.9,234.9,234.9,243.3,,,
2026-09-11T09:54:30.881089Z,658.0,669.345,100,1,read,756.1,1125.9,129723,71.3,71.3,71.3,75.5,,,
2026-09-11T09:54:30.881089Z,658.0,669.345,100,1,update,207.0,281.7,129723,234.9,234.9,234.9,234.9,,,
2026-09-11T09:54:30.881089Z,659.0,670.352,100,1,read,784.0,1125.4,129723,71.3,71.3,71.3,75.5,,,
2026-09-11T09:54:30.881089Z,659.0,670.352,100,1,update,202.0,281.6,129723,234.9,234.9,234.9,234.9,,,
2026-09-11T09:54:30.881089Z,660.0,671.346,100,1,read,783.0,1124.9,129723,71.3,71.3,71.3,71.3,,,
2026-09-11T09:54:30.881089Z,660.0,671.346,100,1,update,201.0,281.4,129723,234.9,234.9,234.9,234.9,,,
2026-09-11T09:54:30.881089Z,661.0,672.348,100,1,read,826.0,1124.5,129723,71.3,71.3,71.3,75.5,,,
2026-09-11T09:54:30.881089Z,661.0,672.348,100,1,update,186.0,281.3,129723,234.9,234.9,234.9,234.9,,,
2026-09-11T09:54:30.881089Z,662.0,673.345,100,1,read,796.0,1124.0,129723,71.3,71.3,71.3,71.3,,,
2026-09-11T09:54:30.881089Z,662.0,673.345,100,1,update,197.0,281.2,129723,234.9,234.9,234.9,243.3,,,
2026-09-11T09:54:30.881089Z,663.0,674.358,100,1,read,819.4,1123.5,129723,71.3,71.3,71.3,71.3,,,
2026-09-11T09:54:30.881089Z,663.0,674.358,100,1,update,187.9,281.0,129723,234.9,234.9,234.9,243.3,,,
2026-09-11T09:54:30.881089Z,664.0,675.345,100,1,read,753.5,1122.9,129723,71.3,71.3,71.3,71.3,,,
2026-09-11T09:54:30.881089Z,664.0,675.345,100,1,update,211.1,280.9,129723,234.9,234.9,243.3,243.3,,,
2026-09-11T09:54:30.881089Z,665.0,676.345,100,1,read,848.2,1122.5,129723,71.3,71.3,71.3,71.3,,,
2026-09-11T09:54:30.881089Z,665.0,676.345,100,1,update,179.0,280.8,129723,234.9,234.9,234.9,243.3,,,
2026-09-11T09:54:30.881089Z,666.0,677.359,100,1,read,770.4,1122.0,129723,71.3,71.3,75.5,75.5,,,
2026-09-11T09:54:30.881089Z,666.0,677.359,100,1,update,200.8,280.7,129723,234.9,234.9,234.9,234.9,,,
2026-09-11T09:54:30.881089Z,667.0,678.348,100,1,read,818.3,1121.5,129723,71.3,71.3,75.5,75.5,,,
2026-09-11T09:54:30.881089Z,667.0,678.348,100,1,update,191.1,280.5,129723,234.9,234.9,234.9,234.9,,,
2026-09-11T09:54:30.881089Z,668.0,679.345,100,1,read,739.3,1121.0,129723,71.3,71.3,75.5,75.5,,,
2026-09-11T09:54:30.881089Z,668.0,679.345,100,1,update,200.1,280.4,129723,234.9,318.8,369.1,369.1,,,
2026-09-11T09:54:30.881089Z,669.0,680.348,100,1,read,855.6,1120.6,129723,71.3,71.3,71.3,71.3,,,
2026-09-11T09:54:30.881089Z,669.0,680.348,100,1,update,178.9,280.2,129723,234.9,234.9,234.9,243.3,,,
2026-09-11T09:54:30.881089Z,670.0,681.346,100,1,read,792.2,1120.1,129723,71.3,71.3,71.3,71.3,,,
2026-09-11T09:54:30.881089Z,670.0,681.346,100,1,update,194.0,280.1,129723,234.9,234.9,243.3,243.3,,,
2026-09-11T09:54:30.881089Z,671.0,682.357,100,1,read,793.7,1119.6,129723,71.3,71.3,71.3,75.5,,,
2026-09-11T09:54:30.881089Z,671.0,682.357,100,1,update,199.9,280.0,129723,234.9,234.9,234.9,243.3,,,
2026-09-11T09:54:30.881089Z,672.0,683.35,100,1,read,804.0,1119.1,129723,71.3,71.3,71.3,71.3,,,
2026-09-11T09:54:30.881089Z,672.0,683.35,100,1,update,191.0,279.9,129723,234.9,234.9,234.9,234.9,,,
2026-09-11T09:54:30.881089Z,673.0,684.346,100,1,read,830.3,1118.7,129723,71.3,71.3,71.3,71.3,,,
2026-09-11T09:54:30.881089Z,673.0,684.346,100,1,update,191.1,279.7,129723,234.9,234.9,234.9,234.9,,,
2026-09-11T09:54:30.881089Z,674.0,685.347,100,1,read,806.1,1118.2,129723,71.3,71.3,71.3,75.5,,,
2026-09-11T09:54:30.881089Z,674.0,685.347,100,1,update,191.0,279.6,129723,234.9,268.4,302.0,335.5,,,
2026-09-11T09:54:30.881089Z,675.0,686.344,100,1,read,799.9,1117.8,129723,71.3,71.3,71.3,369.1,,,
2026-09-11T09:54:30.881089Z,675.0,686.344,100,1,update,185.0,279.5,129723,234.9,234.9,243.3,243.3,,,
2026-09-11T09:54:30.881089Z,676.0,687.347,100,1,read,734.7,1117.2,129723,71.3,71.3,71.3,75.5,,,
2026-09-11T09:54:30.881089Z,676.0,687.347,100,1,update,213.9,279.4,129723,234.9,234.9,234.9,234.9,,,
2026-09-11T09:54:30.881089Z,677.0,688.345,100,1,read,771.0,1116.7,129723,71.3,71.3,71.3,75.5,,,
2026-09-11T09:54:30.881089Z,677.0,688.345,100,1,update,204.0,279.3,129723,234.9,234.9,234.9,234.9,,,
2026-09-11T09:54:30.881089Z,678.0,689.35,100,1,read,794.1,1116.2,129723,71.3,71.3,71.3,75.5,,,
2026-09-11T09:54:30.881089Z,678.0,689.35,100,1,update,199.0,279.1,129723,234.9,234.9,234.9,234.9,,,
2026-09-11T09:54:30.881089Z,679.0,690.345,100,1,read,805.3,1115.8,129723,71.3,71.3,75.5,75.5,,,
2026-09-11T09:54:30.881089Z,679.0,690.345,100,1,update,183.1,279.0,129723,234.9,318.8,352.3,352.3,,,
2026-09-11T09:54:30.881089Z,680.0,691.347,100,1,read,798.8,1115.3,129723,71.3,71.3,71.3,71.3,,,
2026-09-11T09:54:30.881089Z,680.0,691.347,100,1,update,197.0,278.9,129723,234.9,234.9,234.9,243.3,,,
2026-09-11T09:54:30.881089Z,681.0,692.351,100,1,read,774.7,1114.8,129723,71.3,71.3,71.3,75.5,,,
2026-09-11T09:54:30.881089Z,681.0,692.351,100,1,update,204.9,278.8,129723,234.9,234.9,243.3,243.3,,,
2026-09-11T09:54:30.881089Z,682.0,693.355,100,1,read,794.4,1114.3,129723,71.3,71.3,71.3,352.3,,,
2026-09-11T09:54:30.881089Z,682.0,693.355,100,1,update,192.1,278.6,129723,234.9,234.9,234.9,234.9,,,
2026-09-11T09:54:30.881089Z,683.0,694.347,100,1,read,805.2,1113.9,129723,71.3,71.3,71.3,71.3,,,
2026-09-11T09:54:30.881089Z,683.0,694.347,100,1,update,176.0,278.5,129723,234.9,234.9,234.9,234.9,,,
2026-09-11T09:54:30.881089Z,684.0,695.346,100,1,read,794.0,1113.4,129723,71.3,71.3,75.5,75.5,,,
2026-09-11T09:54:30.881089Z,684.0,695.346,100,1,update,210.0,278.4,129723,234.9,335.5,369.1,369.1,,,
2026-09-11T09:54:30.881089Z,685.0,696.349,100,1,read,757.3,1112.9,129723,71.3,71.3,71.3,75.5,,,
2026-09-11T09:54:30.881089Z,685.0,696.349,100,1,update,202.8,278.3,129723,234.9,234.9,243.3,243.3,,,
2026-09-11T09:54:30.881089Z,686.0,697.348,100,1,read,835.3,1112.5,129723,71.3,71.3,71.3,71.3,,,
2026-09-11T09:54:30.881089Z,686.0,697.348,100,1,update,185.1,278.1,129723,234.9,234.9,234.9,234.9,,,
2026-09-11T09:54:30.881089Z,687.0,698.346,100,1,read,756.8,1112.0,129723,71.3,71.3,71.3,352.3,,,
2026-09-11T09:54:30.881089Z,687.0,698.346,100,1,update,205.9,278.0,129723,234.9,234.9,234.9,243.3,,,
2026-09-11T09:54:30.881089Z,688.0,699.346,100,1,read,706.6,1111.4,129723,71.3,71.3,75.5,75.5,,,
2026-09-11T09:54:30.881089Z,688.0,699.346,100,1,update,216.2,277.9,129723,234.9,335.5,369.1,369.1,,,
2026-09-11T09:54:30.881089Z,689.0,700.346,100,1,read,839.0,1111.0,129723,71.3,71.3,71.3,369.1,,,
2026-09-11T09:54:30.881089Z,689.0,700.346,100,1,update,176.0,277.8,129723,234.9,234.9,234.9,234.9,,,
2026-09-11T09:54:30.881089Z,690.0,701.346,100,1,read,773.1,1110.5,129723,71.3,71.3,75.5,83.9,,,
2026-09-11T09:54:30.881089Z,690.0,701.346,100,1,update,203.0,277.7,129723,234.9,234.9,243.3,243.3,,,
2026-09-11T09:54:30.881089Z,691.0,702.349,100,1,read,780.2,1110.0,129723,71.3,71.3,71.3,75.5,,,
2026-09-11T09:54:30.881089Z,691.0,702.349,100,1,update,202.8,277.6,129723,234.9,234.9,243.3,243.3,,,
2026-09-11T09:54:30.881089Z,692.0,703.348,100,1,read,771.1,1109.5,129723,71.3,71.3,71.3,75.5,,,
2026-09-11T09:54:30.881089Z,692.0,703.348,100,1,update,202.0,277.5,129723,234.9,234.9,234.9,234.9,,,
2026-09-11T09:54:30.881089Z,693.0,704.348,100,1,read,777.6,1109.0,129723,71.3,71.3,75.5,75.5,,,
2026-09-11T09:54:30.881089Z,693.0,704.348,100,1,update,191.2,277.3,129723,234.9,318.8,369.1,385.9,,,
2026-09-11T09:54:30.881089Z,694.0,705.353,100,1,read,811.8,1108.6,129723,71.3,71.3,71.3,79.7,,,
2026-09-11T09:54:30.881089Z,694.0,705.353,100,1,update,195.9,277.2,129723,234.9,234.9,234.9,243.3,,,
2026-09-11T09:54:30.881089Z,695.0,706.347,100,1,read,795.5,1108.2,129723,71.3,71.3,71.3,71.3,,,
2026-09-11T09:54:30.881089Z,695.0,706.347,100,1,update,193.9,277.1,129723,234.9,234.9,234.9,234.9,,,
2026-09-11T09:54:30.881089Z,696.0,707.348,100,1,read,809.6,1107.7,129723,71.3,71.3,75.5,83.9,,,
2026-09-11T09:54:30.881089Z,696.0,707.348,100,1,update,193.1,277.0,129723,234.9,234.9,234.9,243.3,,,
2026-09-11T09:54:30.881089Z,697.0,708.345,100,1,read,807.9,1107.3,129723,71.3,71.3,71.3,75.5,,,
2026-09-11T09:54:30.881089Z,697.0,708.345,100,1,update,190.0,276.9,129723,234.9,234.9,243.3,243.3,,,
2026-09-11T09:54:30.881089Z,698.0,709.348,100,1,read,770.2,1106.8,129723,71.3,71.3,75.5,75.5,,,
2026-09-11T09:54:30.881089Z,698.0,709.348,100,1,update,194.0,276.7,129723,234.9,335.5,385.9,402.7,,,
2026-09-11T09:54:30.881089Z,699.0,710.356,100,1,read,771.6,1106.3,129723,71.3,71.3,75.5,83.9,,,
2026-09-11T09:54:30.881089Z,699.0,710.356,100,1,update,205.9,276.6,129723,234.9,234.9,234.9,243.3,,,
2026-09-11T09:54:30.881089Z,700.0,711.346,100,1,read,785.5,1105.9,129723,71.3,71.3,71.3,71.3,,,
2026-09-11T09:54:30.881089Z,700.0,711.346,100,1,update,199.1,276.5,129723,234.9,234.9,243.3,243.3,,,
2026-09-11T09:54:30.881089Z,701.0,712.355,100,1,read,809.0,1105.5,129723,71.3,71.3,71.3,75.5,,,
2026-09-11T09:54:30.881089Z,701.0,712.355,100,1,update,194.0,276.4,129723,234.9,234.9,243.3,243.3,,,
2026-09-11T09:54:30.881089Z,702.0,713.346,100,1,read,803.9,1105.0,129723,71.3,71.3,75.5,83.9,,,
2026-09-11T09:54:30.881089Z,702.0,713.346,100,1,update,190.0,276.3,129723,234.9,234.9,243.3,243.3,,,
2026-09-11T09:54:30.881089Z,703.0,714.346,100,1,read,811.2,1104.6,129723,71.3,71.3,75.5,75.5,,,
2026-09-11T09:54:30.881089Z,703.0,714.346,100,1,update,181.0,276.2,129723,234.9,335.5,385.9,402.7,,,
2026-09-11T09:54:30.881089Z,704.0,715.353,100,1,read,840.7,1104.2,129723,71.3,71.3,75.5,79.7,,,
2026-09-11T09:54:30.881089Z,704.0,715.353,100,1,update,182.9,276.0,129723,234.9,234.9,243.3,243.3,,,
2026-09-11T09:54:30.881089Z,705.0,716.348,100,1,read,816.1,1103.8,129723,71.3,71.3,71.3,71.3,,,
2026-09-11T09:54:30.881089Z,705.0,716.348,100,1,update,189.0,275.9,129723,234.9,234.9,234.9,234.9,,,
2026-09-11T09:54:30.881089Z,706.0,717.35,100,1,read,792.1,1103.4,129723,71.3,71.3,71.3,352.3,,,
2026-09-11T09:54:30.881089Z,706.0,717.35,100,1,update,196.0,275.8,129723,234.9,234.9,234.9,234.9,,,
2026-09-11T09:54:30.881089Z,707.0,718.348,100,1,read,807.1,1103.0,129723,71.3,71.3,71.3,75.5,,,
2026-09-11T09:54:30.881089Z,707.0,718.348,100,1,update,192.0,275.7,129723,234.9,234.9,234.9,234.9,,,
2026-09-11T09:54:30.881089Z,708.0,719.347,100,1,read,798.3,1102.5,129723,71.3,71.3,71.3,75.5,,,
2026-09-11T09:54:30.881089Z,708.0,719.347,100,1,update,184.8,275.5,129723,234.9,318.8,352.3,369.1,,,
2026-09-11T09:54:30.881089Z,709.0,720.349,100,1,read,802.1,1102.1,129723,71.3,71.3,71.3,71.3,,,
2026-09-11T09:54:30.881089Z,709.0,720.349,100,1,update,195.0,275.4,129723,234.9,234.9,243.3,243.3,,,
2026-09-11T09:54:30.881089Z,710.0,721.348,100,1,read,773.7,1101.6,129723,71.3,71.3,71.3,75.5,,,
2026-09-11T09:54:30.881089Z,710.0,721.348,100,1,update,204.2,275.3,129723,234.9,234.9,234.9,243.3,,,
2026-09-11T09:54:30.881089Z,711.0,722.345,100,1,read,800.9,1101.2,129723,71.3,71.3,71.3,385.9,,,
2026-09-11T09:54:30.881089Z,711.0,722.345,100,1,update,197.0,275.2,129723,234.9,234.9,234.9,243.3,,,
2026-09-11T09:54:30.881089Z,712.0,723.346,100,1,read,809.6,1100.8,129723,71.3,71.3,75.5,75.5,,,
2026-09-11T09:54:30.881089Z,712.0,723.346,100,1,update,181.9,275.1,129723,234.9,234.9,243.3,520.1,,,
2026-09-11T09:54:30.881089Z,713.0,724.346,100,1,read,798.2,1100.4,129723,71.3,71.3,75.5,75.5,,,
2026-09-11T09:54:30.881089Z,713.0,724.346,100,1,update,195.0,275.0,129723,234.9,335.5,385.9,402.7,,,
2026-09-11T09:54:30.881089Z,714.0,725.349,100,1,read,816.9,1100.0,129723,71.3,71.3,71.3,79.7,,,
2026-09-11T09:54:30.881089Z,714.0,725.349,100,1,update,185.0,274.8,129723,234.9,234.9,234.9,243.3,,,
2026-09-11T09:54:30.881089Z,715.0,726.346,100,1,read,813.6,1099.6,129723,71.3,71.3,79.7,83.9,,,
2026-09-11T09:54:30.881089Z,715.0,726.346,100,1,update,185.9,274.7,129723,234.9,234.9,234.9,243.3,,,
2026-09-11T09:54:30.881089Z,716.0,727.345,100,1,read,788.4,1099.2,129723,71.3,71.3,71.3,75.5,,,
2026-09-11T09:54:30.881089Z,716.0,727.345,100,1,update,200.1,274.6,129723,234.9,234.9,243.3,243.3,,,
2026-09-11T09:54:30.881089Z,717.0,728.35,100,1,read,794.7,1098.7,129723,71.3,71.3,71.3,71.3,,,
2026-09-11T09:54:30.881089Z,717.0,728.35,100,1,update,201.9,274.5,129723,234.9,234.9,234.9,234.9,,,
2026-09-11T09:54:30.881089Z,718.0,729.346,100,1,read,727.1,1098.2,129723,71.3,75.5,75.5,79.7,,,
2026-09-11T09:54:30.881089Z,718.0,729.346,100,1,update,206.0,274.4,129723,234.9,369.1,402.7,402.7,,,
2026-09-11T09:54:30.881089Z,719.0,730.346,100,1,read,823.2,1097.8,129723,71.3,71.3,75.5,83.9,,,
2026-09-11T09:54:30.881089Z,719.0,730.346,100,1,update,180.1,274.3,129723,234.9,234.9,243.3,243.3,,,
2026-09-11T09:54:30.881089Z,720.0,731.346,100,1,read,810.0,1097.4,129723,71.3,71.3,83.9,88.1,,,
2026-09-11T09:54:30.881089Z,720.0,731.346,100,1,update,188.0,274.2,129723,234.9,234.9,243.3,243.3,,,
2026-09-11T09:54:30.881089Z,721.0,732.357,100,1,read,778.5,1097.0,129723,71.3,71.3,71.3,75.5,,,
2026-09-11T09:54:30.881089Z,721.0,732.357,100,1,update,201.9,274.1,129723,234.9,234.9,234.9,234.9,,,
2026-09-11T09:54:30.881089Z,722.0,733.356,100,1,read,751.4,1096.5,129723,71.3,71.3,71.3,71.3,,,
2026-09-11T09:54:30.881089Z,722.0,733.356,100,1,update,214.1,274.0,129723,234.9,234.9,243.3,243.3,,,
2026-09-11T09:54:30.881089Z,723.0,734.351,100,1,read,760.7,1096.0,129723,71.3,71.3,75.5,75.5,,,
2026-09-11T09:54:30.881089Z,723.0,734.351,100,1,update,187.9,273.9,129723,234.9,352.3,402.7,419.4,,,
2026-09-11T09:54:30.881089Z,724.0,735.348,100,1,read,783.4,1095.6,129723,71.3,71.3,71.3,79.7,,,
2026-09-11T09:54:30.881089Z,724.0,735.348,100,1,update,204.1,273.8,129723,234.9,234.9,234.9,234.9,,,
2026-09-11T09:54:30.881089Z,725.0,736.349,100,1,read,759.5,1095.2,129723,71.3,71.3,71.3,71.3,,,
2026-09-11T09:54:30.881089Z,725.0,736.349,100,1,update,203.9,273.7,129723,234.9,234.9,234.9,243.3,,,
2026-09-11T09:54:30.881089Z,726.0,737.348,100,1,read,829.6,1094.8,129723,71.3,71.3,71.3,79.7,,,
2026-09-11T09:54:30.881089Z,726.0,737.348,100,1,update,185.1,273.6,129723,234.9,234.9,234.9,243.3,,,
2026-09-11T09:54:30.881089Z,727.0,738.347,100,1,read,750.9,1094.3,129723,71.3,71.3,79.7,352.3,,,
2026-09-11T09:54:30.881089Z,727.0,738.347,100,1,update,196.0,273.4,129723,234.9,234.9,243.3,503.3,,,
2026-09-11T09:54:30.881089Z,728.0,739.35,100,1,read,762.0,1093.9,129723,71.3,71.3,75.5,369.1,,,
2026-09-11T09:54:30.881089Z,728.0,739.35,100,1,update,205.0,273.4,129723,234.9,335.5,385.9,385.9,,,
2026-09-11T09:54:30.881089Z,729.0,740.345,100,1,read,767.8,1093.4,129723,71.3,71.3,71.3,352.3,,,
2026-09-11T09:54:30.881089Z,729.0,740.345,100,1,update,201.9,273.3,129723,234.9,234.9,234.9,234.9,,,
2026-09-11T09:54:30.881089Z,730.0,741.345,100,1,read,799.0,1093.0,129723,71.3,71.3,71.3,71.3,,,
2026-09-11T09:54:30.881089Z,730.0,741.345,100,1,update,193.0,273.1,129723,234.9,234.9,234.9,234.9,,,
2026-09-11T09:54:30.881089Z,731.0,742.349,100,1,read,793.9,1092.6,129723,71.3,71.3,75.5,79.7,,,
2026-09-11T09:54:30.881089Z,731.0,742.349,100,1,update,197.0,273.0,129723,234.9,234.9,243.3,243.3,,,
2026-09-11T09:54:30.881089Z,732.0,743.345,100,1,read,803.2,1092.2,129723,71.3,71.3,75.5,83.9,,,
2026-09-11T09:54:30.881089Z,732.0,743.345,100,1,update,190.0,272.9,129723,234.9,234.9,243.3,243.3,,,
2026-09-11T09:54:30.881089Z,733.0,744.348,100,1,read,736.9,1091.7,129723,71.3,71.3,75.5,79.7,,,
2026-09-11T09:54:30.881089Z,733.0,744.348,100,1,update,210.0,272.8,129723,234.9,318.8,352.3,369.1,,,
2026-09-11T09:54:30.881089Z,734.0,745.346,100,1,read,814.2,1091.3,129723,71.3,71.3,75.5,83.9,,,
2026-09-11T09:54:30.881089Z,734.0,745.346,100,1,update,188.0,272.7,129723,234.9,234.9,243.3,243.3,,,
2026-09-11T09:54:30.881089Z,735.0,746.346,100,1,read,769.8,1090.9,129723,71.3,71.3,71.3,71.3,,,
2026-09-11T09:54:30.881089Z,735.0,746.346,100,1,update,199.9,272.6,129723,234.9,234.9,234.9,243.3,,,
2026-09-11T09:54:30.881089Z,736.0,747.345,100,1,read,765.1,1090.5,129723,71.3,71.3,79.7,83.9,,,
2026-09-11T09:54:30.881089Z,736.0,747.345,100,1,update,206.0,272.5,129723,234.9,234.9,243.3,243.3,,,
2026-09-11T09:54:30.881089Z,737.0,748.346,100,1,read,780.3,1090.0,129723,71.3,71.3,71.3,75.5,,,
2026-09-11T09:54:30.881089Z,737.0,748.346,100,1,update,201.1,272.4,129723,234.9,234.9,234.9,234.9,,,
2026-09-11T09:54:30.881089Z,738.0,749.349,100,1,read,784.5,1089.6,129723,71.3,71.3,75.5,75.5,,,
2026-09-11T09:54:30.881089Z,738.0,749.349,100,1,update,196.9,272.3,129723,234.9,335.5,385.9,402.7,,,
2026-09-11T09:54:30.881089Z,739.0,750.346,100,1,read,726.4,1089.1,129723,71.3,71.3,71.3,71.3,,,
2026-09-11T09:54:30.881089Z,739.0,750.346,100,1,update,211.1,272.3,129723,234.9,234.9,234.9,243.3,,,
2026-09-11T09:54:30.881089Z,740.0,751.351,100,1,read,786.9,1088.7,129723,71.3,71.3,71.3,369.1,,,
2026-09-11T09:54:30.881089Z,740.0,751.351,100,1,update,200.0,272.2,129723,234.9,234.9,234.9,243.3,,,
2026-09-11T09:54:30.881089Z,741.0,752.351,100,1,read,829.0,1088.4,129723,71.3,75.5,83.9,88.1,,,
2026-09-11T09:54:30.881089Z,741.0,752.351,100,1,update,188.0,272.0,129723,234.9,243.3,251.7,251.7,,,
2026-09-11T09:54:30.881089Z,742.0,753.345,100,1,read,805.1,1088.0,129723,71.3,71.3,71.3,75.5,,,
2026-09-11T09:54:30.881089Z,742.0,753.345,100,1,update,190.0,271.9,129723,234.9,234.9,234.9,243.3,,,
2026-09-11T09:54:30.881089Z,743.0,754.349,100,1,read,773.0,1087.6,129723,71.3,71.3,71.3,75.5,,,
2026-09-11T09:54:30.881089Z,743.0,754.349,100,1,update,196.0,271.8,129723,234.9,335.5,369.1,385.9,,,
2026-09-11T09:54:30.881089Z,744.0,755.353,100,1,read,802.1,1087.2,129723,71.3,75.5,75.5,369.1,,,
2026-09-11T09:54:30.881089Z,744.0,755.353,100,1,update,191.0,271.7,129723,234.9,234.9,234.9,234.9,,,
2026-09-11T09:54:30.881089Z,745.0,756.346,100,1,read,810.9,1086.8,129723,71.3,71.3,88.1,92.3,,,
2026-09-11T09:54:30.881089Z,745.0,756.346,100,1,update,187.0,271.6,129723,234.9,243.3,251.7,251.7,,,
2026-09-11T09:54:30.881089Z,746.0,757.346,100,1,read,733.9,1086.3,129723,71.3,71.3,75.5,75.5,,,
2026-09-11T09:54:30.881089Z,746.0,757.346,100,1,update,213.0,271.5,129723,234.9,234.9,234.9,243.3,,,
2026-09-11T09:54:30.881089Z,747.0,758.346,100,1,read,823.2,1086.0,129723,71.3,71.3,71.3,369.1,,,
2026-09-11T09:54:30.881089Z,747.0,758.346,100,1,update,184.0,271.4,129723,234.9,234.9,243.3,243.3,,,
2026-09-11T09:54:30.881089Z,748.0,759.347,100,1,read,789.7,1085.6,129723,71.3,71.3,71.3,385.9,,,
2026-09-11T09:54:30.881089Z,748.0,759.347,100,1,update,192.9,271.3,129723,234.9,234.9,243.3,243.3,,,
2026-09-11T09:54:30.881089Z,749.0,760.348,100,1,read,769.1,1085.2,129723,71.3,71.3,75.5,385.9,,,
2026-09-11T09:54:30.881089Z,749.0,760.348,100,1,update,192.0,271.2,129723,234.9,335.5,369.1,369.1,,,
2026-09-11T09:54:30.881089Z,750.0,761.347,100,1,read,809.4,1084.8,129723,71.3,71.3,71.3,71.3,,,
2026-09-11T09:54:30.881089Z,750.0,761.347,100,1,update,187.1,271.1,129723,234.9,234.9,234.9,243.3,,,
2026-09-11T09:54:30.881089Z,751.0,762.346,100,1,read,790.0,1084.4,129723,71.3,71.3,75.5,83.9,,,
2026-09-11T09:54:30.881089Z,751.0,762.346,100,1,update,200.0,271.0,129723,234.9,234.9,243.3,243.3,,,
2026-09-11T09:54:30.881089Z,752.0,763.345,100,1,read,784.1,1084.0,129723,71.3,71.3,79.7,83.9,,,
2026-09-11T09:54:30.881089Z,752.0,763.345,100,1,update,203.0,270.9,129723,234.9,234.9,243.3,243.3,,,
2026-09-11T09:54:30.881089Z,753.0,764.356,100,1,read,757.5,1083.6,129723,71.3,71.3,71.3,75.5,,,
2026-09-11T09:54:30.881089Z,753.0,764.356,100,1,update,200.9,270.8,129723,234.9,234.9,234.9,243.3,,,
2026-09-11T09:54:30.881089Z,754.0,765.348,100,1,read,736.8,1083.1,129723,71.3,71.3,75.5,75.5,,,
2026-09-11T09:54:30.881089Z,754.0,765.348,100,1,update,209.9,270.7,129723,234.9,285.2,335.5,352.3,,,
2026-09-11T09:54:30.881089Z,755.0,766.345,100,1,read,777.7,1082.7,129723,71.3,71.3,71.3,71.3,,,
2026-09-11T09:54:30.881089Z,755.0,766.345,100,1,update,203.2,270.6,129723,234.9,234.9,234.9,243.3,,,
2026-09-11T09:54:30.881089Z,756.0,767.346,100,1,read,804.8,1082.3,129723,71.3,71.3,71.3,79.7,,,
2026-09-11T09:54:30.881089Z,756.0,767.346,100,1,update,197.0,270.5,129723,234.9,234.9,234.9,243.3,,,
2026-09-11T09:54:30.881089Z,757.0,768.346,100,1,read,777.2,1081.9,129723,71.3,71.3,71.3,79.7,,,
2026-09-11T09:54:30.881089Z,757.0,768.346,100,1,update,196.0,270.4,129723,234.9,234.9,234.9,243.3,,,
2026-09-11T09:54:30.881089Z,758.0,769.348,100,1,read,778.9,1081.5,129723,71.3,71.3,71.3,71.3,,,
2026-09-11T09:54:30.881089Z,758.0,769.348,100,1,update,203.0,270.4,129723,234.9,234.9,243.3,243.3,,,
2026-09-11T09:54:30.881089Z,759.0,770.348,100,1,read,776.4,1081.1,129723,71.3,71.3,75.5,79.7,,,
2026-09-11T09:54:30.881089Z,759.0,770.348,100,1,update,185.9,270.2,129723,234.9,352.3,385.9,402.7,,,
2026-09-11T09:54:30.881089Z,760.0,771.351,100,1,read,807.5,1080.8,129723,71.3,71.3,71.3,75.5,,,
2026-09-11T09:54:30.881089Z,760.0,771.351,100,1,update,195.1,270.1,129723,234.9,234.9,234.9,234.9,,,
2026-09-11T09:54:30.881089Z,761.0,772.348,100,1,read,836.6,1080.5,129723,71.3,71.3,71.3,75.5,,,
2026-09-11T09:54:30.881089Z,761.0,772.348,100,1,update,186.9,270.0,129723,234.9,234.9,234.9,234.9,,,
2026-09-11T09:54:30.881089Z,762.0,773.348,100,1,read,820.0,1080.1,129723,71.3,71.3,71.3,79.7,,,
2026-09-11T09:54:30.881089Z,762.0,773.348,100,1,update,188.0,269.9,129723,234.9,234.9,234.9,234.9,,,
2026-09-11T09:54:30.881089Z,763.0,774.346,100,1,read,814.4,1079.8,129723,71.3,71.3,71.3,71.3,,,
2026-09-11T09:54:30.881089Z,763.0,774.346,100,1,update,192.1,269.8,129723,234.9,234.9,234.9,243.3,,,
2026-09-11T09:54:30.881089Z,764.0,775.347,100,1,read,756.8,1079.3,129723,71.3,71.3,75.5,75.5,,,
2026-09-11T09:54:30.881089Z,764.0,775.347,100,1,update,196.0,269.7,129723,234.9,318.8,352.3,369.1,,,
2026-09-11T09:54:30.881089Z,765.0,776.348,100,1,read,807.9,1079.0,129723,71.3,71.3,79.7,83.9,,,
2026-09-11T09:54:30.881089Z,765.0,776.348,100,1,update,194.0,269.6,129723,234.9,234.9,243.3,243.3,,,
2026-09-11T09:54:30.881089Z,766.0,777.348,100,1,read,800.2,1078.6,129723,71.3,71.3,75.5,75.5,,,
2026-09-11T09:54:30.881089Z,766.0,777.348,100,1,update,191.1,269.5,129723,234.9,234.9,234.9,234.9,,,
2026-09-11T09:54:30.881089Z,767.0,778.349,100,1,read,780.0,1078.2,129723,71.3,71.3,71.3,369.1,,,
2026-09-11T09:54:30.881089Z,767.0,778.349,100,1,update,208.0,269.4,129723,234.9,234.9,234.9,234.9,,,
2026-09-11T09:54:30.881089Z,768.0,779.346,100,1,read,793.2,1077.9,129723,71.3,71.3,71.3,75.5,,,
2026-09-11T09:54:30.881089Z,768.0,779.346,100,1,update,196.0,269.4,129723,234.9,234.9,243.3,243.3,,,
2026-09-11T09:54:30.881089Z,769.0,780.349,100,1,read,755.8,1077.4,129723,71.3,71.3,75.5,352.3,,,
2026-09-11T09:54:30.881089Z,769.0,780.349,100,1,update,193.0,269.3,129723,234.9,318.8,369.1,369.1,,,
2026-09-11T09:54:30.881089Z,770.0,781.345,100,1,read,765.1,1077.0,129723,71.3,71.3,71.3,369.1,,,
2026-09-11T09:54:30.881089Z,770.0,781.345,100,1,update,201.0,269.2,129723,234.9,234.9,243.3,243.3,,,
2026-09-11T09:54:30.881089Z,771.0,782.348,100,1,read,752.4,1076.6,129723,71.3,71.3,71.3,75.5,,,
2026-09-11T09:54:30.881089Z,771.0,782.348,100,1,update,209.8,269.1,129723,234.9,234.9,234.9,243.3,,,
2026-09-11T09:54:30.881089Z,772.0,783.351,100,1,read,832.4,1076.3,129723,71.3,71.3,71.3,79.7,,,
2026-09-11T09:54:30.881089Z,772.0,783.351,100,1,update,188.1,269.0,129723,234.9,234.9,243.3,243.3,,,
2026-09-11T09:54:30.881089Z,773.0,784.354,100,1,read,730.8,1075.9,129723,71.3,71.3,79.7,369.1,,,
2026-09-11T09:54:30.881089Z,773.0,784.354,100,1,update,208.0,268.9,129723,234.9,234.9,243.3,243.3,,,
2026-09-11T09:54:30.881089Z,774.0,785.349,100,1,read,790.3,1075.5,129723,71.3,71.3,71.3,75.5,,,
2026-09-11T09:54:30.881089Z,774.0,785.349,100,1,update,198.1,268.8,129723,234.9,234.9,234.9,243.3,,,
2026-09-11T09:54:30.881089Z,775.0,786.348,100,1,read,751.5,1075.1,129723,71.3,71.3,75.5,75.5,,,
2026-09-11T09:54:30.881089Z,775.0,786.348,100,1,update,204.9,268.7,129723,234.9,302.0,369.1,369.1,,,
2026-09-11T09:54:30.881089Z,776.0,787.346,100,1,read,818.5,1074.7,129723,71.3,71.3,75.5,79.7,,,
2026-09-11T09:54:30.881089Z,776.0,787.346,100,1,update,186.1,268.6,129723,234.9,234.9,234.9,243.3,,,
2026-09-11T09:54:30.881089Z,777.0,788.348,100,1,read,800.7,1074.4,129723,71.3,71.3,71.3,75.5,,,
2026-09-11T09:54:30.881089Z,777.0,788.348,100,1,update,195.9,268.5,129723,234.9,234.9,234.9,243.3,,,
2026-09-11T09:54:30.881089Z,778.0,789.346,100,1,read,775.5,1074.0,129723,71.3,71.3,71.3,75.5,,,
2026-09-11T09:54:30.881089Z,778.0,789.346,100,1,update,203.1,268.4,129723,234.9,234.9,234.9,234.9,,,
2026-09-11T09:54:30.881089Z,779.0,790.438,100,1,read,785.9,1073.6,129723,71.3,71.3,75.5,79.7,,,
2026-09-11T09:54:30.881089Z,779.0,790.438,100,1,update,186.0,268.3,129723,234.9,335.5,352.3,369.1,,,
2026-09-11T09:54:30.881089Z,780.0,791.353,100,1,read,807.9,1073.3,129723,71.3,71.3,71.3,75.5,,,
2026-09-11T09:54:30.881089Z,780.0,791.353,100,1,update,195.0,268.2,129723,234.9,234.9,234.9,243.3,,,
2026-09-11T09:54:30.881089Z,781.0,792.348,100,1,read,818.8,1073.0,129723,71.3,71.3,71.3,75.5,,,
2026-09-11T09:54:30.881089Z,781.0,792.348,100,1,update,187.0,268.1,129723,234.9,234.9,234.9,234.9,,,
2026-09-11T09:54:30.881089Z,782.0,793.35,100,1,read,799.1,1072.6,129723,71.3,71.3,71.3,352.3,,,
2026-09-11T09:54:30.881089Z,782.0,793.35,100,1,update,199.0,268.1,129723,234.9,234.9,234.9,243.3,,,
2026-09-11T09:54:30.881089Z,783.0,794.346,100,1,read,772.0,1072.2,129723,71.3,71.3,71.3,369.1,,,
2026-09-11T09:54:30.881089Z,783.0,794.346,100,1,update,193.0,268.0,129723,234.9,234.9,234.9,234.9,,,
2026-09-11T09:54:30.881089Z,784.0,795.345,100,1,read,798.1,1071.9,129723,71.3,71.3,71.3,75.5,,,
2026-09-11T09:54:30.881089Z,784.0,795.345,100,1,update,198.0,267.9,129723,234.9,268.4,318.8,318.8,,,
2026-09-11T09:54:30.881089Z,785.0,796.353,100,1,read,793.2,1071.5,129723,71.3,71.3,71.3,75.5,,,
2026-09-11T09:54:30.881089Z,785.0,796.353,100,1,update,195.1,267.8,129723,234.9,234.9,234.9,234.9,,,
2026-09-11T09:54:30.881089Z,786.0,797.345,100,1,read,826.9,1071.2,129723,71.3,71.3,71.3,75.5,,,
2026-09-11T09:54:30.881089Z,786.0,797.345,100,1,update,185.0,267.7,129723,234.9,234.9,234.9,536.9,,,
2026-09-11T09:54:30.881089Z,787.0,798.347,100,1,read,780.9,1070.8,129723,71.3,71.3,71.3,75.5,,,
2026-09-11T09:54:30.881089Z,787.0,798.347,100,1,update,197.0,267.6,129723,234.9,234.9,234.9,234.9,,,
2026-09-11T09:54:30.881089Z,788.0,799.349,100,1,read,741.7,1070.4,129723,71.3,71.3,71.3,75.5,,,
2026-09-11T09:54:30.881089Z,788.0,799.349,100,1,update,211.9,267.5,129723,234.9,234.9,234.9,234.9,,,
2026-09-11T09:54:30.881089Z,789.0,800.353,100,1,read,826.4,1070.1,129723,71.3,71.3,75.5,79.7,,,
2026-09-11T09:54:30.881089Z,789.0,800.353,100,1,update,182.1,267.4,129723,234.9,318.8,335.5,352.3,,,
2026-09-11T09:54:30.881089Z,790.0,801.346,100,1,read,800.8,1069.8,129723,71.3,71.3,71.3,71.3,,,
2026-09-11T09:54:30.881089Z,790.0,801.346,100,1,update,192.9,267.3,129723,234.9,234.9,234.9,243.3,,,
2026-09-11T09:54:30.881089Z,791.0,802.347,100,1,read,805.3,1069.4,129723,71.3,71.3,71.3,75.5,,,
2026-09-11T09:54:30.881089Z,791.0,802.347,100,1,update,193.1,267.2,129723,234.9,234.9,234.9,234.9,,,
2026-09-11T09:54:30.881089Z,792.0,803.35,100,1,read,821.5,1069.1,129723,71.3,71.3,75.5,369.1,,,
2026-09-11T09:54:30.881089Z,792.0,803.35,100,1,update,188.9,267.1,129723,234.9,234.9,234.9,243.3,,,
2026-09-11T09:54:30.881089Z,793.0,804.349,100,1,read,808.0,1068.8,129723,71.3,71.3,71.3,71.3,,,
2026-09-11T09:54:30.881089Z,793.0,804.349,100,1,update,194.0,267.0,129723,234.9,234.9,234.9,243.3,,,
2026-09-11T09:54:30.881089Z,794.0,805.348,100,1,read,741.1,1068.4,129723,71.3,75.5,75.5,75.5,,,
2026-09-11T09:54:30.881089Z,794.0,805.348,100,1,update,193.0,266.9,129723,234.9,369.1,402.7,402.7,,,
2026-09-11T09:54:30.881089Z,795.0,806.348,100,1,read,727.3,1068.0,129723,71.3,71.3,71.3,75.5,,,
2026-09-11T09:54:30.881089Z,795.0,806.348,100,1,update,214.1,266.9,129723,234.9,234.9,234.9,243.3,,,
2026-09-11T09:54:30.881089Z,796.0,807.359,100,1,read,749.9,1067.6,129723,71.3,71.3,71.3,75.5,,,
2026-09-11T09:54:30.881089Z,796.0,807.359,100,1,update,212.0,266.8,129723,234.9,234.9,243.3,243.3,,,
2026-09-11T09:54:30.881089Z,797.0,808.347,100,1,read,799.8,1067.2,129723,71.3,71.3,75.5,75.5,,,
2026-09-11T09:54:30.881089Z,797.0,808.347,100,1,update,194.9,266.7,129723,234.9,234.9,234.9,234.9,,,
2026-09-11T09:54:30.881089Z,798.0,809.346,100,1,read,851.1,1067.0,129723,71.3,71.3,71.3,79.7,,,
2026-09-11T09:54:30.881089Z,798.0,809.346,100,1,update,181.0,266.6,129723,234.9,234.9,234.9,243.3,,,
2026-09-11T09:54:30.881089Z,799.0,810.351,100,1,read,770.2,1066.6,129723,71.3,71.3,75.5,75.5,,,
2026-09-11T09:54:30.881089Z,799.0,810.351,100,1,update,192.0,266.5,129723,234.9,352.3,369.1,385.9,,,
2026-09-11T09:54:30.881089Z,800.0,811.349,100,1,read,772.5,1066.2,129723,71.3,71.3,71.3,79.7,,,
2026-09-11T09:54:30.881089Z,800.0,811.349,100,1,update,200.9,266.4,129723,234.9,234.9,243.3,243.3,,,
2026-09-11T09:54:30.881089Z,801.0,812.346,100,1,read,760.7,1065.8,129723,71.3,71.3,71.3,75.5,,,
2026-09-11T09:54:30.881089Z,801.0,812.346,100,1,update,207.2,266.3,129723,234.9,234.9,234.9,234.9,,,
2026-09-11T09:54:30.881089Z,802.0,813.349,100,1,read,806.0,1065.5,129723,71.3,71.3,71.3,71.3,,,
2026-09-11T09:54:30.881089Z,802.0,813.349,100,1,update,193.0,266.3,129723,234.9,234.9,234.9,243.3,,,
2026-09-11T09:54:30.881089Z,803.0,814.346,100,1,read,794.1,1065.2,129723,71.3,71.3,71.3,79.7,,,
2026-09-11T09:54:30.881089Z,803.0,814.346,100,1,update,191.0,266.2,129723,234.9,234.9,234.9,234.9,,,
2026-09-11T09:54:30.881089Z,804.0,815.348,100,1,read,783.3,1064.8,129723,71.3,71.3,75.5,79.7,,,
2026-09-11T09:54:30.881089Z,804.0,815.348,100,1,update,204.8,266.1,129723,234.9,285.2,318.8,318.8,,,
2026-09-11T09:54:30.881089Z,805.0,816.346,100,1,read,821.5,1064.5,129723,71.3,71.3,71.3,71.3,,,
2026-09-11T09:54:30.881089Z,805.0,816.346,100,1,update,184.1,266.0,129723,234.9,234.9,234.9,234.9,,,
2026-09-11T09:54:30.881089Z,806.0,817.346,100,1,read,801.1,1064.2,129723,71.3,71.3,71.3,75.5,,,
2026-09-11T09:54:30.881089Z,806.0,817.346,100,1,update,197.0,265.9,129723,234.9,234.9,234.9,243.3,,,
2026-09-11T09:54:30.881089Z,807.0,818.346,100,1,read,792.7,1063.9,129723,71.3,71.3,75.5,75.5,,,
2026-09-11T09:54:30.881089Z,807.0,818.346,100,1,update,193.9,265.8,129723,234.9,234.9,234.9,243.3,,,
2026-09-11T09:54:30.881089Z,808.0,819.351,100,1,read,764.9,1063.5,129723,71.3,71.3,71.3,75.5,,,
2026-09-11T09:54:30.881089Z,808.0,819.351,100,1,update,180.0,265.7,129723,234.9,234.9,234.9,234.9,,,
2026-09-11T09:54:30.881089Z,809.0,820.346,100,1,read,786.2,1063.1,129723,71.3,71.3,75.5,75.5,,,
2026-09-11T09:54:30.881089Z,809.0,820.346,100,1,update,216.1,265.6,129723,234.9,302.0,352.3,385.9,,,
2026-09-11T09:54:30.881089Z,810.0,821.348,100,1,read,812.9,1062.8,129723,71.3,71.3,71.3,79.7,,,
2026-09-11T09:54:30.881089Z,810.0,821.348,100,1,update,194.0,265.6,129723,234.9,234.9,234.9,234.9,,,
2026-09-11T09:54:30.881089Z,811.0,822.346,100,1,read,768.2,1062.5,129723,71.3,71.3,71.3,75.5,,,
2026-09-11T09:54:30.881089Z,811.0,822.346,100,1,update,203.1,265.5,129723,234.9,234.9,234.9,234.9,,,
2026-09-11T09:54:30.881089Z,812.0,823.346,100,1,read,757.8,1062.1,129723,71.3,71.3,71.3,75.5,,,
2026-09-11T09:54:30.881089Z,812.0,823.346,100,1,update,203.9,265.4,129723,234.9,234.9,234.9,243.3,,,
2026-09-11T09:54:30.881089Z,813.0,824.347,100,1,read,754.2,1061.7,129723,71.3,71.3,71.3,71.3,,,
2026-09-11T09:54:30.881089Z,813.0,824.347,100,1,update,207.0,265.3,129723,234.9,234.9,234.9,234.9,,,
2026-09-11T09:54:30.881089Z,814.0,825.35,100,1,read,774.2,1061.4,129723,71.3,71.3,71.3,75.5,,,
2026-09-11T09:54:30.881089Z,814.0,825.35,100,1,update,207.0,265.3,129723,234.9,234.9,234.9,243.3,,,
2026-09-11T09:54:30.881089Z,815.0,826.348,100,1,read,779.4,1061.0,129723,71.3,71.3,75.5,352.3,,,
2026-09-11T09:54:30.881089Z,815.0,826.348,100,1,update,201.8,265.2,129723,234.9,234.9,234.9,520.1,,,
2026-09-11T09:54:30.881089Z,816.0,827.346,100,1,read,782.1,1060.7,129723,71.3,71.3,71.3,75.5,,,
2026-09-11T09:54:30.881089Z,816.0,827.346,100,1,update,199.0,265.1,129723,234.9,234.9,234.9,234.9,,,
2026-09-11T09:54:30.881089Z,817.0,828.348,100,1,read,776.1,1060.3,129723,71.3,71.3,71.3,75.5,,,
2026-09-11T09:54:30.881089Z,817.0,828.348,100,1,update,198.0,265.0,129723,234.9,234.9,234.9,243.3,,,
2026-09-11T09:54:30.881089Z,818.0,829.346,100,1,read,774.3,1060.0,129723,71.3,71.3,71.3,75.5,,,
2026-09-11T09:54:30.881089Z,818.0,829.346,100,1,update,204.1,264.9,129723,234.9,234.9,234.9,234.9,,,
2026-09-11T09:54:30.881089Z,819.0,830.351,100,1,read,826.1,1059.7,129723,71.3,71.3,71.3,75.5,,,
2026-09-11T09:54:30.881089Z,819.0,830.351,100,1,update,189.0,264.8,129723,234.9,234.9,243.3,243.3,,,
2026-09-11T09:54:30.881089Z,820.0,831.354,100,1,read,842.2,1059.4,129723,71.3,71.3,71.3,71.3,,,
2026-09-11T09:54:30.881089Z,820.0,831.354,100,1,update,178.8,264.7,129723,234.9,234.9,234.9,234.9,,,
2026-09-11T09:54:30.881089Z,821.0,832.35,100,1,read,774.3,1059.1,129723,71.3,71.3,75.5,369.1,,,
2026-09-11T09:54:30.881089Z,821.0,832.35,100,1,update,199.1,264.7,129723,234.9,234.9,243.3,243.3,,,
2026-09-11T09:54:30.881089Z,822.0,833.357,100,1,read,796.1,1058.8,129723,71.3,71.3,75.5,75.5,,,
2026-09-11T09:54:30.881089Z,822.0,833.357,100,1,update,197.0,264.6,129723,234.9,234.9,234.9,234.9,,,
2026-09-11T09:54:30.881089Z,823.0,834.36,100,1,read,759.0,1058.4,129723,71.3,71.3,71.3,352.3,,,
2026-09-11T09:54:30.881089Z,823.0,834.36,100,1,update,204.0,264.5,129723,234.9,234.9,234.9,234.9,,,
2026-09-11T09:54:30.881089Z,824.0,835.357,100,1,read,742.4,1058.0,129723,71.3,71.3,71.3,75.5,,,
2026-09-11T09:54:30.881089Z,824.0,835.357,100,1,update,214.1,264.4,129723,234.9,234.9,234.9,234.9,,,
2026-09-11T09:54:30.881089Z,825.0,836.353,100,1,read,822.7,1057.7,129723,71.3,71.3,71.3,75.5,,,
2026-09-11T09:54:30.881089Z,825.0,836.353,100,1,update,189.9,264.4,129723,234.9,234.9,234.9,243.3,,,
2026-09-11T09:54:30.881089Z,826.0,837.35,100,1,read,815.2,1057.4,129723,71.3,71.3,71.3,71.3,,,
2026-09-11T09:54:30.881089Z,826.0,837.35,100,1,update,190.0,264.3,129723,234.9,234.9,234.9,234.9,,,
2026-09-11T09:54:30.881089Z,827.0,838.351,100,1,read,817.9,1057.1,129723,71.3,71.3,71.3,71.3,,,
2026-09-11T09:54:30.881089Z,827.0,838.351,100,1,update,185.0,264.2,129723,234.9,234.9,234.9,243.3,,,
2026-09-11T09:54:30.881089Z,828.0,839.352,100,1,read,787.0,1056.8,129723,71.3,71.3,71.3,71.3,,,
2026-09-11T09:54:30.881089Z,828.0,839.352,100,1,update,201.0,264.1,129723,234.9,234.9,243.3,251.7,,,
2026-09-11T09:54:30.881089Z,829.0,840.351,100,1,read,756.1,1056.5,129723,71.3,71.3,71.3,75.5,,,
2026-09-11T09:54:30.881089Z,829.0,840.351,100,1,update,213.0,264.0,129723,234.9,234.9,243.3,243.3,,,
2026-09-11T09:54:30.881089Z,830.0,841.35,100,1,read,762.0,1056.1,129723,71.3,71.3,71.3,71.3,,,
2026-09-11T09:54:30.881089Z,830.0,841.35,100,1,update,198.0,264.0,129723,234.9,234.9,234.9,243.3,,,
2026-09-11T09:54:30.881089Z,831.0,842.352,100,1,read,813.7,1055.8,129723,71.3,71.3,71.3,75.5,,,
2026-09-11T09:54:30.881089Z,831.0,842.352,100,1,update,191.9,263.9,129723,234.9,234.9,243.3,243.3,,,
2026-09-11T09:54:30.881089Z,832.0,843.353,100,1,read,767.0,1055.5,129723,71.3,71.3,71.3,75.5,,,
2026-09-11T09:54:30.881089Z,832.0,843.353,100,1,update,183.0,263.8,129723,234.9,234.9,234.9,234.9,,,
2026-09-11T09:54:30.881089Z,833.0,844.353,100,1,read,740.9,1055.1,129723,71.3,75.5,75.5,79.7,,,
2026-09-11T09:54:30.881089Z,833.0,844.353,100,1,update,217.0,263.7,129723,234.9,352.3,402.7,402.7,,,
2026-09-11T09:54:30.881089Z,834.0,845.355,100,1,read,813.7,1054.8,129723,71.3,71.3,71.3,71.3,,,
2026-09-11T09:54:30.881089Z,834.0,845.355,100,1,update,194.9,263.6,129723,234.9,234.9,234.9,234.9,,,
2026-09-11T09:54:30.881089Z,835.0,846.355,100,1,read,791.5,1054.5,129723,71.3,71.3,71.3,71.3,,,
2026-09-11T09:54:30.881089Z,835.0,846.355,100,1,update,193.1,263.5,129723,234.9,234.9,234.9,234.9,,,
2026-09-11T09:54:30.881089Z,836.0,847.351,100,1,read,763.8,1054.1,129723,71.3,71.3,75.5,79.7,,,
2026-09-11T09:54:30.881089Z,836.0,847.351,100,1,update,211.0,263.5,129723,234.9,234.9,243.3,243.3,,,
2026-09-11T09:54:30.881089Z,837.0,848.35,100,1,read,771.8,1053.8,129723,71.3,71.3,75.5,75.5,,,
2026-09-11T09:54:30.881089Z,837.0,848.35,100,1,update,195.0,263.4,129723,234.9,335.5,369.1,369.1,,,
2026-09-11T09:54:30.881089Z,838.0,849.354,100,1,read,801.8,1053.5,129723,71.3,71.3,71.3,71.3,,,
2026-09-11T09:54:30.881089Z,838.0,849.354,100,1,update,187.0,263.3,129723,234.9,234.9,234.9,234.9,,,
2026-09-11T09:54:30.881089Z,839.0,850.351,100,1,read,751.7,1053.1,129723,71.3,71.3,71.3,71.3,,,
2026-09-11T09:54:30.881089Z,839.0,850.351,100,1,update,211.2,263.2,129723,234.9,234.9,234.9,234.9,,,
2026-09-11T09:54:30.881089Z,840.0,851.354,100,1,read,783.7,1052.8,129723,71.3,71.3,71.3,71.3,,,
2026-09-11T09:54:30.881089Z,840.0,851.354,100,1,update,200.9,263.2,129723,234.9,234.9,234.9,234.9,,,
2026-09-11T09:54:30.881089Z,841.0,852.35,100,1,read,827.3,1052.5,129723,71.3,71.3,75.5,75.5,,,
2026-09-11T09:54:30.881089Z,841.0,852.35,100,1,update,187.1,263.1,129723,234.9,234.9,234.9,234.9,,,
2026-09-11T09:54:30.881089Z,842.0,853.354,100,1,read,792.6,1052.2,129723,71.3,71.3,71.3,75.5,,,
2026-09-11T09:54:30.881089Z,842.0,853.354,100,1,update,194.9,263.0,129723,234.9,302.0,335.5,352.3,,,
2026-09-11T09:54:30.881089Z,843.0,854.355,100,1,read,748.8,1051.9,129723,71.3,71.3,75.5,75.5,,,
2026-09-11T09:54:30.881089Z,843.0,854.355,100,1,update,209.9,262.9,129723,234.9,234.9,234.9,234.9,,,
2026-09-11T09:54:30.881089Z,844.0,855.354,100,1,read,797.2,1051.6,129723,71.3,71.3,75.5,75.5,,,
2026-09-11T09:54:30.881089Z,844.0,855.354,100,1,update,196.0,262.9,129723,234.9,234.9,234.9,243.3,,,
2026-09-11T09:54:30.881089Z,845.0,856.351,100,1,read,793.0,1051.3,129723,71.3,71.3,75.5,75.5,,,
2026-09-11T09:54:30.881089Z,845.0,856.351,100,1,update,186.0,262.8,129723,234.9,234.9,234.9,234.9,,,
2026-09-11T09:54:30.881089Z,846.0,857.353,100,1,read,760.0,1050.9,129723,71.3,71.3,71.3,75.5,,,
2026-09-11T09:54:30.881089Z,846.0,857.353,100,1,update,195.0,262.7,129723,234.9,234.9,243.3,243.3,,,
2026-09-11T09:54:30.881089Z,847.0,858.353,100,1,read,794.5,1050.6,129723,71.3,71.3,75.5,75.5,,,
2026-09-11T09:54:30.881089Z,847.0,858.353,100,1,update,210.1,262.6,129723,234.9,318.8,369.1,369.1,,,
2026-09-11T09:54:30.881089Z,848.0,859.355,100,1,read,789.7,1050.3,129723,71.3,71.3,71.3,71.3,,,
2026-09-11T09:54:30.881089Z,848.0,859.355,100,1,update,193.9,262.5,129723,234.9,234.9,234.9,234.9,,,
2026-09-11T09:54:30.881089Z,849.0,860.354,100,1,read,837.2,1050.1,129723,71.3,71.3,71.3,71.3,,,
2026-09-11T09:54:30.881089Z,849.0,860.354,100,1,update,184.0,262.5,129723,234.9,234.9,234.9,243.3,,,
2026-09-11T09:54:30.881089Z,850.0,861.35,100,1,read,763.8,1049.7,129723,71.3,71.3,71.3,369.1,,,
2026-09-11T09:54:30.881089Z,850.0,861.35,100,1,update,198.9,262.4,129723,234.9,234.9,234.9,234.9,,,
2026-09-11T09:54:30.881089Z,851.0,862.35,100,1,read,792.4,1049.4,129723,71.3,71.3,79.7,79.7,,,
2026-09-11T09:54:30.881089Z,851.0,862.35,100,1,update,199.1,262.3,129723,234.9,318.8,385.9,385.9,,,
2026-09-11T09:54:30.881089Z,852.0,863.353,100,1,read,780.0,1049.1,129723,71.3,71.3,71.3,75.5,,,
2026-09-11T09:54:30.881089Z,852.0,863.353,100,1,update,193.0,262.2,129723,234.9,234.9,234.9,243.3,,,
2026-09-11T09:54:30.881089Z,853.0,864.354,100,1,read,768.9,1048.8,129723,71.3,71.3,71.3,79.7,,,
2026-09-11T09:54:30.881089Z,853.0,864.354,100,1,update,209.0,262.2,129723,234.9,234.9,234.9,234.9,,,
2026-09-11T09:54:30.881089Z,854.0,865.352,100,1,read,763.6,1048.4,129723,71.3,71.3,71.3,385.9,,,
2026-09-11T09:54:30.881089Z,854.0,865.352,100,1,update,199.9,262.1,129723,234.9,234.9,234.9,234.9,,,
2026-09-11T09:54:30.881089Z,855.0,866.352,100,1,read,731.4,1048.1,129723,71.3,71.3,71.3,75.5,,,
2026-09-11T09:54:30.881089Z,855.0,866.352,100,1,update,203.1,262.0,129723,234.9,318.8,352.3,369.1,,,
2026-09-11T09:54:30.881089Z,856.0,867.354,100,1,read,792.9,1047.8,129723,71.3,71.3,75.5,75.5,,,
2026-09-11T09:54:30.881089Z,856.0,867.354,100,1,update,200.0,261.9,129723,234.9,234.9,243.3,243.3,,,
2026-09-11T09:54:30.881089Z,857.0,868.358,100,1,read,788.2,1047.5,129723,71.3,71.3,71.3,75.5,,,
2026-09-11T09:54:30.881089Z,857.0,868.358,100,1,update,196.1,261.9,129723,234.9,234.9,234.9,243.3,,,
2026-09-11T09:54:30.881089Z,858.0,869.35,100,1,read,747.7,1047.1,129723,71.3,71.3,71.3,75.5,,,
2026-09-11T09:54:30.881089Z,858.0,869.35,100,1,update,209.9,261.8,129723,234.9,234.9,234.9,243.3,,,
2026-09-11T09:54:30.881089Z,859.0,870.352,100,1,read,793.1,1046.8,129723,71.3,71.3,71.3,79.7,,,
2026-09-11T09:54:30.881089Z,859.0,870.352,100,1,update,200.0,261.7,129723,234.9,234.9,234.9,234.9,,,
2026-09-11T09:54:30.881089Z,860.0,871.354,100,1,read,778.0,1046.5,129723,71.3,71.3,75.5,75.5,,,
2026-09-11T09:54:30.881089Z,860.0,871.354,100,1,update,196.0,261.7,129723,234.9,335.5,369.1,385.9,,,
2026-09-11T09:54:30.881089Z,861.0,872.359,100,1,read,790.0,1046.2,129723,71.3,71.3,75.5,75.5,,,
2026-09-11T09:54:30.881089Z,861.0,872.359,100,1,update,192.0,261.6,129723,234.9,234.9,234.9,234.9,,,
2026-09-11T09:54:30.881089Z,862.0,873.35,100,1,read,732.3,1045.9,129723,71.3,71.3,71.3,75.5,,,
2026-09-11T09:54:30.881089Z,862.0,873.35,100,1,update,222.1,261.5,129723,234.9,234.9,234.9,234.9,,,
2026-09-11T09:54:30.881089Z,863.0,874.358,100,1,read,765.0,1045.5,129723,71.3,71.3,71.3,71.3,,,
2026-09-11T09:54:30.881089Z,863.0,874.358,100,1,update,200.0,261.5,129723,234.9,234.9,234.9,234.9,,,
2026-09-11T09:54:30.881089Z,864.0,875.35,100,1,read,785.0,1045.2,129723,71.3,71.3,71.3,71.3,,,
2026-09-11T09:54:30.881089Z,864.0,875.35,100,1,update,199.0,261.4,129723,234.9,352.3,385.9,402.7,,,
2026-09-11T09:54:30.881089Z,865.0,876.352,100,1,read,804.8,1044.9,129723,71.3,71.3,75.5,369.1,,,
2026-09-11T09:54:30.881089Z,865.0,876.352,100,1,update,184.9,261.3,129723,234.9,234.9,234.9,234.9,,,
2026-09-11T09:54:30.881089Z,866.0,877.358,100,1,read,810.1,1044.7,129723,71.3,71.3,71.3,75.5,,,
2026-09-11T09:54:30.881089Z,866.0,877.358,100,1,update,192.0,261.2,129723,234.9,234.9,243.3,243.3,,,
2026-09-11T09:54:30.881089Z,867.0,878.35,100,1,read,815.1,1044.4,129723,71.3,71.3,71.3,71.3,,,
2026-09-11T09:54:30.881089Z,867.0,878.35,100,1,update,190.0,261.1,129723,234.9,234.9,234.9,234.9,,,
2026-09-11T09:54:30.881089Z,868.0,879.354,100,1,read,819.4,1044.2,129723,71.3,71.3,71.3,75.5,,,
2026-09-11T09:54:30.881089Z,868.0,879.354,100,1,update,185.9,261.1,129723,234.9,234.9,234.9,234.9,,,
2026-09-11T09:54:30.881089Z,869.0,880.356,100,1,read,834.4,1043.9,129723,71.3,71.3,75.5,75.5,,,
2026-09-11T09:54:30.881089Z,869.0,880.356,100,1,update,178.1,261.0,129723,234.9,335.5,352.3,369.1,,,
2026-09-11T09:54:30.881089Z,870.0,881.351,100,1,read,837.7,1043.7,129723,71.3,71.3,75.5,79.7,,,
2026-09-11T09:54:30.881089Z,870.0,881.351,100,1,update,184.9,260.9,129723,234.9,234.9,243.3,243.3,,,
2026-09-11T09:54:30.881089Z,871.0,882.349,100,1,read,789.3,1043.4,129723,71.3,71.3,71.3,75.5,,,
2026-09-11T09:54:30.881089Z,871.0,882.349,100,1,update,194.1,260.8,129723,234.9,234.9,234.9,243.3,,,
2026-09-11T09:54:30.881089Z,872.0,883.351,100,1,read,859.2,1043.2,129723,71.3,71.3,71.3,75.5,,,
2026-09-11T09:54:30.881089Z,872.0,883.351,100,1,update,181.0,260.7,129723,234.9,234.9,234.9,234.9,,,
2026-09-11T09:54:30.881089Z,873.0,884.354,100,1,read,812.6,1042.9,129723,71.3,71.3,71.3,352.3,,,
2026-09-11T09:54:30.881089Z,873.0,884.354,100,1,update,185.9,260.6,129723,234.9,234.9,234.9,234.9,,,
2026-09-11T09:54:30.881089Z,874.0,885.356,100,1,read,844.3,1042.7,129723,71.3,71.3,71.3,75.5,,,
2026-09-11T09:54:30.881089Z,874.0,885.356,100,1,update,177.1,260.5,129723,234.9,260.0,335.5,335.5,,,
2026-09-11T09:54:30.881089Z,875.0,886.354,100,1,read,814.0,1042.4,129723,71.3,71.3,71.3,71.3,,,
2026-09-11T09:54:30.881089Z,875.0,886.354,100,1,update,195.0,260.4,129723,234.9,234.9,234.9,234.9,,,
2026-09-11T09:54:30.881089Z,876.0,887.352,100,1,read,794.4,1042.1,129723,71.3,71.3,75.5,88.1,,,
2026-09-11T09:54:30.881089Z,876.0,887.352,100,1,update,190.8,260.4,129723,234.9,234.9,243.3,251.7,,,
2026-09-11T09:54:30.881089Z,877.0,888.355,100,1,read,771.4,1041.8,129723,71.3,71.3,71.3,75.5,,,
2026-09-11T09:54:30.881089Z,877.0,888.355,100,1,update,204.1,260.3,129723,234.9,234.9,234.9,234.9,,,
2026-09-11T09:54:30.881089Z,878.0,889.356,100,1,read,724.0,1041.5,129723,71.3,71.3,75.5,75.5,,,
2026-09-11T09:54:30.881089Z,878.0,889.356,100,1,update,213.0,260.2,129723,234.9,318.8,385.9,385.9,,,
2026-09-11T09:54:30.881089Z,879.0,890.355,100,1,read,793.2,1041.2,129723,71.3,71.3,71.3,71.3,,,
2026-09-11T09:54:30.881089Z,879.0,890.355,100,1,update,197.0,260.2,129723,234.9,234.9,234.9,234.9,,,
2026-09-11T09:54:30.881089Z,880.0,891.354,100,1,read,756.5,1040.9,129723,71.3,71.3,71.3,369.1,,,
2026-09-11T09:54:30.881089Z,880.0,891.354,100,1,update,207.9,260.1,129723,234.9,234.9,234.9,234.9,,,
2026-09-11T09:54:30.881089Z,881.0,892.352,100,1,read,794.6,1040.6,129723,71.3,71.3,71.3,79.7,,,
2026-09-11T09:54:30.881089Z,881.0,892.352,100,1,update,191.2,260.0,129723,234.9,234.9,234.9,234.9,,,
2026-09-11T09:54:30.881089Z,882.0,893.355,100,1,read,800.4,1040.3,129723,71.3,71.3,71.3,71.3,,,
2026-09-11T09:54:30.881089Z,882.0,893.355,100,1,update,197.8,260.0,129723,234.9,234.9,234.9,234.9,,,
2026-09-11T09:54:30.881089Z,883.0,894.356,100,1,read,793.7,1040.0,129723,71.3,71.3,71.3,75.5,,,
2026-09-11T09:54:30.881089Z,883.0,894.356,100,1,update,184.2,259.9,129723,234.9,318.8,335.5,335.5,,,
2026-09-11T09:54:30.881089Z,884.0,895.351,100,1,read,787.8,1039.7,129723,71.3,71.3,71.3,75.5,,,
2026-09-11T09:54:30.881089Z,884.0,895.351,100,1,update,200.9,259.8,129723,234.9,234.9,243.3,243.3,,,
2026-09-11T09:54:30.881089Z,885.0,896.352,100,1,read,800.7,1039.5,129723,71.3,71.3,71.3,75.5,,,
2026-09-11T09:54:30.881089Z,885.0,896.352,100,1,update,189.9,259.7,129723,234.9,234.9,234.9,234.9,,,
2026-09-11T09:54:30.881089Z,886.0,897.351,100,1,read,805.8,1039.2,129723,71.3,71.3,71.3,75.5,,,
2026-09-11T09:54:30.881089Z,886.0,897.351,100,1,update,198.0,259.7,129723,234.9,234.9,234.9,234.9,,,
2026-09-11T09:54:30.881089Z,887.0,898.351,100,1,read,767.1,1038.9,129723,71.3,71.3,71.3,75.5,,,
2026-09-11T09:54:30.881089Z,887.0,898.351,100,1,update,195.0,259.6,129723,234.9,318.8,369.1,385.9,,,
2026-09-11T09:54:30.881089Z,888.0,899.351,100,1,read,806.6,1038.6,129723,71.3,71.3,75.5,369.1,,,
2026-09-11T09:54:30.881089Z,888.0,899.351,100,1,update,188.1,259.5,129723,234.9,234.9,234.9,234.9,,,
2026-09-11T09:54:30.881089Z,889.0,900.354,100,1,read,781.6,1038.3,129723,71.3,71.3,71.3,71.3,,,
2026-09-11T09:54:30.881089Z,889.0,900.354,100,1,update,204.9,259.5,129723,234.9,234.9,234.9,234.9,,,
2026-09-11T09:54:30.881089Z,890.0,901.351,100,1,read,813.0,1038.1,129723,71.3,71.3,71.3,75.5,,,
2026-09-11T09:54:30.881089Z,890.0,901.351,100,1,update,189.0,259.4,129723,234.9,234.9,234.9,234.9,,,
2026-09-11T09:54:30.881089Z,891.0,902.356,100,1,read,772.0,1037.8,129723,71.3,71.3,71.3,75.5,,,
2026-09-11T09:54:30.881089Z,891.0,902.356,100,1,update,205.0,259.3,129723,234.9,234.9,234.9,243.3,,,
2026-09-11T09:54:30.881089Z,892.0,903.352,100,1,read,801.3,1037.5,129723,71.3,75.5,75.5,79.7,,,
2026-09-11T09:54:30.881089Z,892.0,903.352,100,1,update,184.1,259.2,129723,234.9,318.8,369.1,385.9,,,
2026-09-11T09:54:30.881089Z,893.0,904.352,100,1,read,810.7,1037.3,129723,71.3,71.3,75.5,369.1,,,
2026-09-11T09:54:30.881089Z,893.0,904.352,100,1,update,186.9,259.1,129723,234.9,234.9,234.9,234.9,,,
2026-09-11T09:54:30.881089Z,894.0,905.354,100,1,read,772.9,1037.0,129723,71.3,71.3,71.3,71.3,,,
2026-09-11T09:54:30.881089Z,894.0,905.354,100,1,update,204.0,259.1,129723,234.9,234.9,234.9,234.9,,,
2026-09-11T09:54:30.881089Z,895.0,906.354,100,1,read,763.5,1036.7,129723,71.3,71.3,71.3,71.3,,,
2026-09-11T09:54:30.881089Z,895.0,906.354,100,1,update,206.1,259.0,129723,234.9,234.9,234.9,234.9,,,
2026-09-11T09:54:30.881089Z,896.0,907.354,100,1,read,744.7,1036.4,129723,71.3,71.3,71.3,75.5,,,
2026-09-11T09:54:30.881089Z,896.0,907.354,100,1,update,218.9,259.0,129723,234.9,234.9,234.9,243.3,,,
2026-09-11T09:54:30.881089Z,897.0,908.351,100,1,read,781.2,1036.1,129723,71.3,71.3,75.5,75.5,,,
2026-09-11T09:54:30.881089Z,897.0,908.351,100,1,update,183.1,258.9,129723,234.9,369.1,402.7,419.4,,,
2026-09-11T09:54:30.881089Z,898.0,909.358,100,1,read,788.0,1035.8,129723,71.3,71.3,71.3,75.5,,,
2026-09-11T09:54:30.881089Z,898.0,909.358,100,1,update,202.0,258.8,129723,234.9,234.9,234.9,234.9,,,
2026-09-11T09:54:30.881089Z,899.0,910.364,100,1,read,772.0,1035.5,129723,71.3,71.3,71.3,75.5,,,
2026-09-11T09:54:30.881089Z,899.0,910.364,100,1,update,204.0,258.8,129723,234.9,234.9,234.9,243.3,,,
2026-09-11T09:54:30.881089Z,900.0,911.351,100,1,read,761.4,1035.2,129723,71.3,71.3,71.3,75.5,,,
2026-09-11T09:54:30.881089Z,900.0,911.351,100,1,update,203.8,258.7,129723,234.9,234.9,234.9,234.9,,,
2026-09-11T09:54:30.881089Z,901.0,912.351,100,1,read,792.4,1034.9,129723,71.3,71.3,75.5,75.5,,,
2026-09-11T09:54:30.881089Z,901.0,912.351,100,1,update,190.1,258.6,129723,234.9,302.0,352.3,352.3,,,
2026-09-11T09:54:30.881089Z,902.0,913.354,100,1,read,798.7,1034.7,129723,71.3,71.3,71.3,75.5,,,
2026-09-11T09:54:30.881089Z,902.0,913.354,100,1,update,195.9,258.6,129723,234.9,234.9,234.9,234.9,,,
2026-09-11T09:54:30.881089Z,903.0,914.352,100,1,read,785.3,1034.4,129723,71.3,71.3,71.3,75.5,,,
2026-09-11T09:54:30.881089Z,903.0,914.352,100,1,update,199.1,258.5,129723,234.9,234.9,234.9,234.9,,,
2026-09-11T09:54:30.881089Z,904.0,915.355,100,1,read,797.2,1034.1,129723,71.3,71.3,71.3,75.5,,,
2026-09-11T09:54:30.881089Z,904.0,915.355,100,1,update,193.0,258.4,129723,234.9,234.9,243.3,243.3,,,
2026-09-11T09:54:30.881089Z,905.0,916.363,100,1,read,788.9,1033.9,129723,71.3,71.3,71.3,71.3,,,
2026-09-11T09:54:30.881089Z,905.0,916.363,100,1,update,197.0,258.4,129723,234.9,234.9,234.9,243.3,,,
2026-09-11T09:54:30.881089Z,906.0,917.351,100,1,read,759.2,1033.5,129723,71.3,71.3,75.5,75.5,,,
2026-09-11T09:54:30.881089Z,906.0,917.351,100,1,update,199.0,258.3,129723,234.9,302.0,335.5,335.5,,,
2026-09-11T09:54:30.881089Z,907.0,918.356,100,1,read,745.4,1033.2,129723,71.3,71.3,71.3,71.3,,,
2026-09-11T09:54:30.881089Z,907.0,918.356,100,1,update,214.8,258.2,129723,234.9,234.9,234.9,234.9,,,
2026-09-11T09:54:30.881089Z,908.0,919.353,100,1,read,813.5,1033.0,129723,71.3,71.3,71.3,71.3,,,
2026-09-11T09:54:30.881089Z,908.0,919.353,100,1,update,195.1,258.2,129723,234.9,234.9,234.9,234.9,,,
2026-09-11T09:54:30.881089Z,909.0,920.351,100,1,read,807.5,1032.7,129723,71.3,71.3,71.3,71.3,,,
2026-09-11T09:54:30.881089Z,909.0,920.351,100,1,update,193.9,258.1,129723,234.9,234.9,234.9,234.9,,,
2026-09-11T09:54:30.881089Z,910.0,921.352,100,1,read,804.1,1032.5,129723,71.3,71.3,71.3,369.1,,,
2026-09-11T09:54:30.881089Z,910.0,921.352,100,1,update,189.0,258.0,129723,234.9,234.9,234.9,520.1,,,
2026-09-11T09:54:30.881089Z,911.0,922.355,100,1,read,715.2,1032.1,129723,71.3,71.3,75.5,83.9,,,
2026-09-11T09:54:30.881089Z,911.0,922.355,100,1,update,202.1,258.0,129723,234.9,352.3,385.9,385.9,,,
2026-09-11T09:54:30.881089Z,912.0,923.35,100,1,read,741.3,1031.8,129723,71.3,71.3,71.3,369.1,,,
2026-09-11T09:54:30.881089Z,912.0,923.35,100,1,update,209.1,257.9,129723,234.9,234.9,234.9,234.9,,,
2026-09-11T09:54:30.881089Z,913.0,924.351,100,1,read,784.9,1031.6,129723,71.3,71.3,71.3,385.9,,,
2026-09-11T09:54:30.881089Z,913.0,924.351,100,1,update,204.0,257.9,129723,234.9,234.9,234.9,234.9,,,
2026-09-11T09:54:30.881089Z,914.0,925.352,100,1,read,799.7,1031.3,129723,71.3,71.3,71.3,369.1,,,
2026-09-11T09:54:30.881089Z,914.0,925.352,100,1,update,195.9,257.8,129723,234.9,234.9,234.9,234.9,,,
2026-09-11T09:54:30.881089Z,915.0,926.35,100,1,read,781.0,1031.0,129723,71.3,71.3,71.3,75.5,,,
2026-09-11T09:54:30.881089Z,915.0,926.35,100,1,update,184.0,257.7,129723,234.9,234.9,234.9,243.3,,,
2026-09-11T09:54:30.881089Z,916.0,927.351,100,1,read,739.0,1030.7,129723,71.3,71.3,75.5,79.7,,,
2026-09-11T09:54:30.881089Z,916.0,927.351,100,1,update,222.0,257.7,129723,234.9,268.4,318.8,335.5,,,
2026-09-11T09:54:30.881089Z,917.0,928.355,100,1,read,780.0,1030.4,129723,71.3,71.3,71.3,75.5,,,
2026-09-11T09:54:30.881089Z,917.0,928.355,100,1,update,197.0,257.6,129723,234.9,234.9,234.9,234.9,,,
2026-09-11T09:54:30.881089Z,918.0,929.355,100,1,read,798.0,1030.2,129723,71.3,71.3,71.3,75.5,,,
2026-09-11T09:54:30.881089Z,918.0,929.355,100,1,update,194.0,257.5,129723,234.9,234.9,234.9,234.9,,,
2026-09-11T09:54:30.881089Z,919.0,930.35,100,1,read,781.5,1029.9,129723,71.3,71.3,71.3,71.3,,,
2026-09-11T09:54:30.881089Z,919.0,930.35,100,1,update,206.1,257.5,129723,234.9,234.9,234.9,234.9,,,
2026-09-11T09:54:30.881089Z,920.0,931.354,100,1,read,756.9,1029.6,129723,71.3,71.3,75.5,352.3,,,
2026-09-11T09:54:30.881089Z,920.0,931.354,100,1,update,196.0,257.4,129723,234.9,318.8,369.1,369.1,,,
2026-09-11T09:54:30.881089Z,921.0,932.355,100,1,read,801.7,1029.4,129723,71.3,71.3,71.3,75.5,,,
2026-09-11T09:54:30.881089Z,921.0,932.355,100,1,update,194.9,257.3,129723,234.9,234.9,251.7,251.7,,,
2026-09-11T09:54:30.881089Z,922.0,933.351,100,1,read,784.4,1029.1,129723,71.3,71.3,71.3,75.5,,,
2026-09-11T09:54:30.881089Z,922.0,933.351,100,1,update,193.1,257.3,129723,234.9,234.9,243.3,243.3,,,
2026-09-11T09:54:30.881089Z,923.0,934.356,100,1,read,755.3,1028.8,129723,71.3,71.3,71.3,71.3,,,
2026-09-11T09:54:30.881089Z,923.0,934.356,100,1,update,208.8,257.2,129723,234.9,234.9,234.9,234.9,,,
2026-09-11T09:54:30.881089Z,924.0,935.351,100,1,read,798.8,1028.6,129723,71.3,71.3,71.3,75.5,,,
2026-09-11T09:54:30.881089Z,924.0,935.351,100,1,update,202.2,257.2,129723,234.9,234.9,234.9,234.9,,,
2026-09-11T09:54:30.881089Z,925.0,936.351,100,1,read,759.6,1028.3,129723,71.3,75.5,75.5,75.5,,,
2026-09-11T09:54:30.881089Z,925.0,936.351,100,1,update,190.9,257.1,129723,234.9,335.5,369.1,385.9,,,
2026-09-11T09:54:30.881089Z,926.0,937.35,100,1,read,815.3,1028.0,129723,71.3,71.3,71.3,75.5,,,
2026-09-11T09:54:30.881089Z,926.0,937.35,100,1,update,192.1,257.0,129723,234.9,234.9,234.9,243.3,,,
2026-09-11T09:54:30.881089Z,927.0,938.402,100,1,read,832.6,1027.8,129723,71.3,71.3,71.3,75.5,,,
2026-09-11T09:54:30.881089Z,927.0,938.402,100,1,update,184.9,256.9,129723,234.9,234.9,234.9,234.9,,,
2026-09-11T09:54:30.881089Z,928.0,939.354,100,1,read,733.4,1027.5,129723,71.3,71.3,71.3,71.3,,,
2026-09-11T09:54:30.881089Z,928.0,939.354,100,1,update,214.1,256.9,129723,234.9,234.9,234.9,234.9,,,
2026-09-11T09:54:30.881089Z,929.0,940.35,100,1,read,753.1,1027.2,129723,71.3,71.3,71.3,75.5,,,
2026-09-11T09:54:30.881089Z,929.0,940.35,100,1,update,209.0,256.8,129723,234.9,234.9,234.9,234.9,,,
2026-09-11T09:54:30.881089Z,930.0,941.351,100,1,read,757.5,1026.9,129723,71.3,71.3,75.5,75.5,,,
2026-09-11T09:54:30.881089Z,930.0,941.351,100,1,update,197.9,256.8,129723,234.9,335.5,369.1,369.1,,,
2026-09-11T09:54:30.881089Z,931.0,942.354,100,1,read,795.1,1026.7,129723,71.3,71.3,71.3,75.5,,,
2026-09-11T09:54:30.881089Z,931.0,942.354,100,1,update,197.0,256.7,129723,234.9,234.9,234.9,234.9,,,
2026-09-11T09:54:30.881089Z,932.0,943.353,100,1,read,811.9,1026.4,129723,71.3,71.3,71.3,369.1,,,
2026-09-11T09:54:30.881089Z,932.0,943.353,100,1,update,187.0,256.6,129723,234.9,234.9,234.9,234.9,,,
2026-09-11T09:54:30.881089Z,933.0,944.351,100,1,read,742.9,1026.1,129723,71.3,71.3,71.3,71.3,,,
2026-09-11T09:54:30.881089Z,933.0,944.351,100,1,update,215.0,256.6,129723,234.9,234.9,234.9,234.9,,,
2026-09-11T09:54:30.881089Z,934.0,945.351,100,1,read,828.5,1025.9,129723,71.3,71.3,71.3,71.3,,,
2026-09-11T09:54:30.881089Z,934.0,945.351,100,1,update,186.1,256.5,129723,234.9,234.9,234.9,243.3,,,
2026-09-11T09:54:30.881089Z,935.0,946.352,100,1,read,754.4,1025.6,129723,71.3,71.3,71.3,75.5,,,
2026-09-11T09:54:30.881089Z,935.0,946.352,100,1,update,198.9,256.5,129723,234.9,268.4,335.5,352.3,,,
2026-09-11T09:54:30.881089Z,936.0,947.35,100,1,read,814.5,1025.4,129723,71.3,71.3,71.3,75.5,,,
2026-09-11T09:54:30.881089Z,936.0,947.35,100,1,update,199.1,256.4,129723,234.9,234.9,234.9,234.9,,,
2026-09-11T09:54:30.881089Z,937.0,948.352,100,1,read,788.9,1025.2,129723,71.3,71.3,71.3,71.3,,,
2026-09-11T09:54:30.881089Z,937.0,948.352,100,1,update,192.0,256.3,129723,234.9,234.9,234.9,234.9,,,
2026-09-11T09:54:30.881089Z,938.0,949.358,100,1,read,797.1,1024.9,129723,71.3,71.3,71.3,75.5,,,
2026-09-11T09:54:30.881089Z,938.0,949.358,100,1,update,201.0,256.3,129723,234.9,234.9,234.9,234.9,,,
2026-09-11T09:54:30.881089Z,939.0,950.355,100,1,read,788.1,1024.7,129723,71.3,71.3,71.3,75.5,,,
2026-09-11T09:54:30.881089Z,939.0,950.355,100,1,update,162.0,256.2,129723,234.9,234.9,234.9,234.9,,,
2026-09-11T09:54:30.881089Z,940.0,951.352,100,1,read,797.6,1024.4,129723,71.3,71.3,75.5,75.5,,,
2026-09-11T09:54:30.881089Z,940.0,951.352,100,1,update,221.9,256.1,129723,234.9,318.8,369.1,419.4,,,
2026-09-11T09:54:30.881089Z,941.0,952.351,100,1,read,812.3,1024.2,129723,71.3,71.3,71.3,71.3,,,
2026-09-11T09:54:30.881089Z,941.0,952.351,100,1,update,185.1,256.1,129723,234.9,234.9,234.9,234.9,,,
2026-09-11T09:54:30.881089Z,942.0,953.355,100,1,read,770.0,1023.9,129723,71.3,71.3,71.3,75.5,,,
2026-09-11T09:54:30.881089Z,942.0,953.355,100,1,update,208.0,256.0,129723,234.9,234.9,234.9,243.3,,,
2026-09-11T09:54:30.881089Z,943.0,954.351,100,1,read,774.5,1023.7,129723,71.3,71.3,71.3,75.5,,,
2026-09-11T09:54:30.881089Z,943.0,954.351,100,1,update,204.9,256.0,129723,234.9,234.9,243.3,243.3,,,
2026-09-11T09:54:30.881089Z,944.0,955.353,100,1,read,766.3,1023.4,129723,71.3,71.3,71.3,75.5,,,
2026-09-11T09:54:30.881089Z,944.0,955.353,100,1,update,201.1,255.9,129723,234.9,285.2,318.8,318.8,,,
2026-09-11T09:54:30.881089Z,945.0,956.356,100,1,read,781.1,1023.1,129723,71.3,71.3,71.3,75.5,,,
2026-09-11T09:54:30.881089Z,945.0,956.356,100,1,update,200.0,255.8,129723,234.9,234.9,234.9,234.9,,,
2026-09-11T09:54:30.881089Z,946.0,957.351,100,1,read,774.6,1022.9,129723,71.3,71.3,75.5,75.5,,,
2026-09-11T09:54:30.881089Z,946.0,957.351,100,1,update,197.9,255.8,129723,234.9,234.9,234.9,243.3,,,
2026-09-11T09:54:30.881089Z,947.0,958.355,100,1,read,741.2,1022.6,129723,71.3,71.3,71.3,75.5,,,
2026-09-11T09:54:30.881089Z,947.0,958.355,100,1,update,218.0,255.7,129723,234.9,234.9,234.9,234.9,,,
2026-09-11T09:54:30.881089Z,948.0,959.357,100,1,read,772.0,1022.3,129723,71.3,71.3,71.3,75.5,,,
2026-09-11T09:54:30.881089Z,948.0,959.357,100,1,update,199.0,255.7,129723,234.9,234.9,234.9,243.3,,,
2026-09-11T09:54:30.881089Z,949.0,960.351,100,1,read,807.4,1022.1,129723,71.3,71.3,71.3,75.5,,,
2026-09-11T09:54:30.881089Z,949.0,960.351,100,1,update,194.1,255.6,129723,234.9,302.0,335.5,369.1,,,
2026-09-11T09:54:30.881089Z,950.0,961.351,100,1,read,773.0,1021.8,129723,71.3,71.3,71.3,75.5,,,
2026-09-11T09:54:30.881089Z,950.0,961.351,100,1,update,204.0,255.6,129723,234.9,234.9,234.9,234.9,,,
2026-09-11T09:54:30.881089Z,951.0,962.351,100,1,read,822.6,1021.6,129723,71.3,71.3,71.3,75.5,,,
2026-09-11T09:54:30.881089Z,951.0,962.351,100,1,update,185.9,255.5,129723,234.9,234.9,234.9,234.9,,,
2026-09-11T09:54:30.881089Z,952.0,963.352,100,1,read,793.5,1021.4,129723,71.3,71.3,71.3,75.5,,,
2026-09-11T09:54:30.881089Z,952.0,963.352,100,1,update,196.1,255.4,129723,234.9,234.9,234.9,243.3,,,
2026-09-11T09:54:30.881089Z,953.0,964.356,100,1,read,815.5,1021.2,129723,71.3,71.3,71.3,75.5,,,
2026-09-11T09:54:30.881089Z,953.0,964.356,100,1,update,183.9,255.3,129723,234.9,234.9,234.9,243.3,,,
2026-09-11T09:54:30.881089Z,954.0,965.356,100,1,read,757.7,1020.9,129723,71.3,71.3,75.5,75.5,,,
2026-09-11T09:54:30.881089Z,954.0,965.356,100,1,update,206.9,255.3,129723,234.9,302.0,335.5,335.5,,,
2026-09-11T09:54:30.881089Z,955.0,966.352,100,1,read,789.5,1020.6,129723,71.3,71.3,71.3,75.5,,,
2026-09-11T09:54:30.881089Z,955.0,966.352,100,1,update,195.1,255.2,129723,234.9,234.9,234.9,234.9,,,
2026-09-11T09:54:30.881089Z,956.0,967.353,100,1,read,800.2,1020.4,129723,71.3,71.3,71.3,352.3,,,
2026-09-11T09:54:30.881089Z,956.0,967.353,100,1,update,196.1,255.2,129723,234.9,234.9,234.9,243.3,,,
2026-09-11T09:54:30.881089Z,957.0,968.354,100,1,read,793.4,1020.2,129723,71.3,71.3,71.3,75.5,,,
2026-09-11T09:54:30.881089Z,957.0,968.354,100,1,update,196.9,255.1,129723,234.9,234.9,234.9,234.9,,,
2026-09-11T09:54:30.881089Z,958.0,969.356,100,1,read,799.5,1019.9,129723,71.3,71.3,71.3,71.3,,,
2026-09-11T09:54:30.881089Z,958.0,969.356,100,1,update,185.1,255.0,129723,234.9,234.9,234.9,234.9,,,
2026-09-11T09:54:30.881089Z,959.0,970.352,100,1,read,775.3,1019.7,129723,71.3,71.3,75.5,75.5,,,
2026-09-11T09:54:30.881089Z,959.0,970.352,100,1,update,207.1,255.0,129723,234.9,302.0,335.5,352.3,,,
2026-09-11T09:54:30.881089Z,960.0,971.355,100,1,read,767.5,1019.4,129723,71.3,71.3,71.3,75.5,,,
2026-09-11T09:54:30.881089Z,960.0,971.355,100,1,update,203.9,254.9,129723,234.9,234.9,234.9,243.3,,,
