ts_utc,seq_id,dispatch_offset_s,complete_offset_s,duration_ms,outcome,worker,detail
2026-09-29T13:53:22.820003Z,1,8.14025,8.995422,855.172,ok,0,
2026-09-29T13:53:22.820180Z,2,8.144152,8.995606,851.454,ok,1,
2026-09-29T13:53:22.945205Z,3,8.99625,9.120633,124.383,ok,0,
2026-09-29T13:53:23.371388Z,4,9.42225,9.546814,124.564,ok,1,
2026-09-29T13:53:23.797558Z,5,9.84825,9.972979,124.729,ok,0,
2026-09-29T13:53:23.922763Z,6,9.974251,10.098188,123.937,ok,1,
2026-09-29T13:53:23.986890Z,7,10.038247,10.162317,124.07,ok,0,
2026-09-29T13:53:24.050755Z,8,10.10225,10.226182,123.932,ok,1,
2026-09-29T13:53:24.114992Z,9,10.16625,10.29042,124.17,ok,0,
2026-09-29T13:53:24.223931Z,10,10.230247,10.399358,169.111,ok,1,
2026-09-29T13:53:24.267731Z,11,10.294254,10.443158,148.904,ok,0,
2026-09-29T13:53:24.373257Z,12,10.40025,10.548684,148.434,ok,1,
2026-09-29T13:53:24.413291Z,13,10.464248,10.588718,124.47,ok,0,
2026-09-29T13:53:24.499236Z,14,10.550247,10.674663,124.416,ok,1,
2026-09-29T13:53:24.562823Z,15,10.61425,10.738248,123.998,ok,0,
2026-09-29T13:53:24.626547Z,16,10.678249,10.801974,123.725,ok,1,
2026-09-29T13:53:24.691028Z,17,10.74225,10.866455,124.205,ok,0,
2026-09-29T13:53:24.754989Z,18,10.806248,10.930406,124.158,ok,1,
2026-09-29T13:53:24.819020Z,19,10.870249,10.994441,124.192,ok,0,
2026-09-29T13:53:24.883136Z,20,10.934252,11.05855,124.298,ok,1,
2026-09-29T13:53:24.946967Z,21,10.998251,11.122383,124.132,ok,0,
2026-09-29T13:53:25.011108Z,22,11.062251,11.186532,124.281,ok,1,
2026-09-29T13:53:25.075325Z,23,11.12625,11.250738,124.488,ok,0,
2026-09-29T13:53:25.139072Z,24,11.190251,11.314497,124.246,ok,1,
2026-09-29T13:53:25.203133Z,25,11.254251,11.378559,124.308,ok,0,
2026-09-29T13:53:25.266834Z,26,11.318249,11.442255,124.006,ok,1,
2026-09-29T13:53:25.334668Z,27,11.382249,11.510082,127.833,ok,0,
2026-09-29T13:53:25.397821Z,28,11.446251,11.573246,126.995,ok,1,
2026-09-29T13:53:25.459327Z,29,11.51025,11.634751,124.501,ok,0,
2026-09-29T13:53:25.522868Z,30,11.574251,11.698293,124.042,ok,1,
2026-09-29T13:53:25.587276Z,31,11.63825,11.762686,124.436,ok,0,
2026-09-29T13:53:25.650575Z,32,11.702251,11.825999,123.748,ok,1,
2026-09-29T13:53:25.715273Z,33,11.76625,11.890697,124.447,ok,0,
2026-09-29T13:53:25.778959Z,34,11.830249,11.954383,124.134,ok,1,
2026-09-29T13:53:25.842980Z,35,11.894249,12.0184,124.151,ok,0,
2026-09-29T13:53:25.907306Z,36,11.958248,12.082729,124.481,ok,1,
2026-09-29T13:53:25.971103Z,37,12.022249,12.146523,124.274,ok,0,
2026-09-29T13:53:26.035395Z,38,12.086252,12.210812,124.56,ok,1,
2026-09-29T13:53:26.099150Z,39,12.15025,12.27457,124.32,ok,0,
2026-09-29T13:53:26.163131Z,40,12.21425,12.338545,124.295,ok,1,
2026-09-29T13:53:26.227046Z,41,12.278251,12.402465,124.214,ok,0,
2026-09-29T13:53:26.290974Z,42,12.34225,12.466399,124.149,ok,1,
2026-09-29T13:53:26.355591Z,43,12.406252,12.531014,124.762,ok,0,
2026-09-29T13:53:26.419644Z,44,12.470248,12.595058,124.81,ok,1,
2026-09-29T13:53:26.483002Z,45,12.534252,12.658426,124.174,ok,0,
2026-09-29T13:53:26.547197Z,46,12.59825,12.722622,124.372,ok,1,
2026-09-29T13:53:26.611069Z,47,12.662248,12.786494,124.246,ok,0,
2026-09-29T13:53:26.675277Z,48,12.72625,12.850703,124.453,ok,1,
2026-09-29T13:53:26.739185Z,49,12.790249,12.914606,124.357,ok,0,
2026-09-29T13:53:26.802952Z,50,12.854249,12.978365,124.116,ok,1,
2026-09-29T13:53:26.866998Z,51,12.918248,13.042417,124.169,ok,0,
2026-09-29T13:53:26.931054Z,52,12.982252,13.106476,124.224,ok,1,
2026-09-29T13:53:26.995093Z,53,13.046249,13.170513,124.264,ok,0,
2026-09-29T13:53:27.059200Z,54,13.11025,13.234622,124.372,ok,1,
2026-09-29T13:53:27.123390Z,55,13.174249,13.298812,124.563,ok,0,
2026-09-29T13:53:27.187402Z,56,13.238249,13.362824,124.575,ok,1,
2026-09-29T13:53:27.250909Z,57,13.30225,13.42633,124.08,ok,0,
2026-09-29T13:53:27.315600Z,58,13.36625,13.49102,124.77,ok,1,
2026-09-29T13:53:27.379003Z,59,13.43025,13.554422,124.172,ok,0,
2026-09-29T13:53:27.443193Z,60,13.494249,13.618614,124.365,ok,1,
2026-09-29T13:53:27.507161Z,61,13.558251,13.682582,124.331,ok,0,
2026-09-29T13:53:27.570870Z,62,13.62225,13.746292,124.042,ok,1,
2026-09-29T13:53:27.634894Z,63,13.686248,13.810314,124.066,ok,0,
2026-09-29T13:53:27.698645Z,64,13.75025,13.874069,123.819,ok,1,
2026-09-29T13:53:27.763320Z,65,13.814251,13.938741,124.49,ok,0,
2026-09-29T13:53:27.826747Z,66,13.87825,14.00217,123.92,ok,1,
2026-09-29T13:53:27.890831Z,67,13.942252,14.066255,124.003,ok,0,
2026-09-29T13:53:27.954893Z,68,14.006248,14.130319,124.071,ok,1,
2026-09-29T13:53:28.019260Z,69,14.070249,14.194686,124.437,ok,0,
2026-09-29T13:53:28.082797Z,70,14.13425,14.258223,123.973,ok,1,
2026-09-29T13:53:28.147037Z,71,14.19827,14.322462,124.192,ok,0,
2026-09-29T13:53:28.210910Z,72,14.262251,14.386336,124.085,ok,1,
2026-09-29T13:53:28.274760Z,73,14.326251,14.450186,123.935,ok,0,
2026-09-29T13:53:28.339035Z,74,14.390249,14.514461,124.212,ok,1,
2026-09-29T13:53:28.402778Z,75,14.454249,14.578204,123.955,ok,0,
2026-09-29T13:53:28.467371Z,76,14.518249,14.642796,124.547,ok,1,
2026-09-29T13:53:28.530908Z,77,14.582253,14.706334,124.081,ok,0,
2026-09-29T13:53:28.595257Z,78,14.64625,14.770683,124.433,ok,1,
2026-09-29T13:53:28.658912Z,79,14.710249,14.834338,124.089,ok,0,
2026-09-29T13:53:28.723054Z,80,14.77425,14.89848,124.23,ok,1,
2026-09-29T13:53:28.787485Z,81,14.838249,14.962911,124.662,ok,0,
2026-09-29T13:53:28.851035Z,82,14.902252,15.026461,124.209,ok,1,
2026-09-29T13:53:28.915090Z,83,14.966251,15.090513,124.262,ok,0,
2026-09-29T13:53:28.979383Z,84,15.030249,15.154808,124.559,ok,1,
2026-09-29T13:53:29.043273Z,85,15.094249,15.218698,124.449,ok,0,
2026-09-29T13:53:29.107072Z,86,15.158253,15.282495,124.242,ok,1,
2026-09-29T13:53:29.171072Z,87,15.222253,15.346495,124.242,ok,0,
2026-09-29T13:53:29.235471Z,88,15.28625,15.410889,124.639,ok,1,
2026-09-29T13:53:29.299449Z,89,15.350251,15.474861,124.61,ok,0,
2026-09-29T13:53:29.362958Z,90,15.414249,15.538371,124.122,ok,1,
2026-09-29T13:53:29.427126Z,91,15.47825,15.602549,124.299,ok,0,
2026-09-29T13:53:29.491580Z,92,15.542253,15.667003,124.75,ok,1,
2026-09-29T13:53:29.555506Z,93,15.60625,15.730929,124.679,ok,0,
2026-09-29T13:53:29.619311Z,94,15.67025,15.794735,124.485,ok,1,
2026-09-29T13:53:29.683881Z,95,15.734251,15.859304,125.053,ok,0,
2026-09-29T13:53:29.746739Z,96,15.798251,15.922161,123.91,ok,1,
2026-09-29T13:53:29.810875Z,97,15.862249,15.986298,124.049,ok,0,
2026-09-29T13:53:29.875185Z,98,15.92625,16.050599,124.349,ok,1,
2026-09-29T13:53:29.938755Z,99,15.990249,16.114179,123.93,ok,0,
2026-09-29T13:53:30.002882Z,100,16.054249,16.178307,124.058,ok,1,
2026-09-29T13:53:30.067165Z,101,16.118252,16.242588,124.336,ok,0,
2026-09-29T13:53:30.131041Z,102,16.182249,16.306462,124.213,ok,1,
2026-09-29T13:53:30.195165Z,103,16.246251,16.370587,124.336,ok,0,
2026-09-29T13:53:30.259238Z,104,16.31025,16.434654,124.404,ok,1,
2026-09-29T13:53:30.323715Z,105,16.374251,16.499134,124.883,ok,0,
2026-09-29T13:53:30.387154Z,106,16.43826,16.562571,124.311,ok,1,
2026-09-29T13:53:30.450927Z,107,16.502249,16.626344,124.095,ok,0,
2026-09-29T13:53:30.515491Z,108,16.566253,16.690907,124.654,ok,1,
2026-09-29T13:53:30.579858Z,109,16.63025,16.755274,125.024,ok,0,
2026-09-29T13:53:30.643056Z,110,16.694249,16.818472,124.223,ok,1,
2026-09-29T13:53:30.707038Z,111,16.75825,16.882455,124.205,ok,0,
2026-09-29T13:53:30.771524Z,112,16.822252,16.946941,124.689,ok,1,
2026-09-29T13:53:30.835270Z,113,16.88625,17.010686,124.436,ok,0,
2026-09-29T13:53:30.899626Z,114,16.950253,17.075044,124.791,ok,1,
2026-09-29T13:53:30.962639Z,115,17.014251,17.138056,123.805,ok,0,
2026-09-29T13:53:31.026989Z,116,17.078274,17.202406,124.132,ok,1,
2026-09-29T13:53:31.091032Z,117,17.142248,17.266448,124.2,ok,0,
2026-09-29T13:53:31.154902Z,118,17.206253,17.330319,124.066,ok,1,
2026-09-29T13:53:31.219183Z,119,17.270224,17.394598,124.374,ok,0,
2026-09-29T13:53:31.282898Z,120,17.334251,17.458315,124.064,ok,1,
2026-09-29T13:53:31.347207Z,121,17.39825,17.522623,124.373,ok,0,
2026-09-29T13:53:31.411354Z,122,17.462249,17.586759,124.51,ok,1,
2026-09-29T13:53:31.475268Z,123,17.52625,17.650685,124.435,ok,0,
2026-09-29T13:53:31.539660Z,124,17.59025,17.715077,124.827,ok,1,
2026-09-29T13:53:31.603608Z,125,17.654251,17.779024,124.773,ok,0,
2026-09-29T13:53:31.667009Z,126,17.718251,17.842425,124.174,ok,1,
2026-09-29T13:53:31.730787Z,127,17.782253,17.9062,123.947,ok,0,
2026-09-29T13:53:31.794934Z,128,17.846248,17.97035,124.102,ok,1,
2026-09-29T13:53:31.858937Z,129,17.910251,18.034353,124.102,ok,0,
2026-09-29T13:53:31.922915Z,130,17.97425,18.098337,124.087,ok,1,
2026-09-29T13:53:31.987070Z,131,18.038248,18.162485,124.237,ok,0,
2026-09-29T13:53:32.050935Z,132,18.102249,18.226351,124.102,ok,1,
2026-09-29T13:53:32.115122Z,133,18.166252,18.290539,124.287,ok,0,
2026-09-29T13:53:32.179444Z,134,18.230252,18.354857,124.605,ok,1,
2026-09-29T13:53:32.243146Z,135,18.29425,18.418564,124.314,ok,0,
2026-09-29T13:53:32.307373Z,136,18.358255,18.482794,124.539,ok,1,
2026-09-29T13:53:32.371434Z,137,18.422253,18.546853,124.6,ok,0,
2026-09-29T13:53:32.434976Z,138,18.486253,18.610396,124.143,ok,1,
2026-09-29T13:53:32.498797Z,139,18.55025,18.674217,123.967,ok,0,
2026-09-29T13:53:32.562609Z,140,18.61425,18.738028,123.778,ok,1,
2026-09-29T13:53:32.627057Z,141,18.678252,18.802476,124.224,ok,0,
2026-09-29T13:53:32.691650Z,142,18.742249,18.867067,124.818,ok,1,
2026-09-29T13:53:32.755060Z,143,18.80625,18.930477,124.227,ok,0,
2026-09-29T13:53:32.818847Z,144,18.870253,18.994263,124.01,ok,1,
2026-09-29T13:53:32.882840Z,145,18.934256,19.058256,124.0,ok,0,
2026-09-29T13:53:32.947395Z,146,18.99825,19.122812,124.562,ok,1,
2026-09-29T13:53:33.011370Z,147,19.062252,19.186786,124.534,ok,0,
2026-09-29T13:53:33.075259Z,148,19.126253,19.250675,124.422,ok,1,
2026-09-29T13:53:33.143481Z,149,19.190251,19.318896,128.645,ok,0,
2026-09-29T13:53:33.203948Z,150,19.25425,19.379366,125.116,ok,1,
2026-09-29T13:53:33.269423Z,151,19.320252,19.444841,124.589,ok,0,
2026-09-29T13:53:33.333111Z,152,19.384253,19.508528,124.275,ok,1,
2026-09-29T13:53:33.397115Z,153,19.448251,19.572531,124.28,ok,0,
2026-09-29T13:53:33.461262Z,154,19.51225,19.636678,124.428,ok,1,
2026-09-29T13:53:33.527461Z,155,19.57625,19.702877,126.627,ok,0,
2026-09-29T13:53:33.590375Z,156,19.640252,19.765791,125.539,ok,1,
2026-09-29T13:53:33.653262Z,157,19.704253,19.828679,124.426,ok,0,
2026-09-29T13:53:33.717094Z,158,19.768253,19.892511,124.258,ok,1,
2026-09-29T13:53:33.780771Z,159,19.83225,19.956188,123.938,ok,0,
2026-09-29T13:53:33.844918Z,160,19.896252,20.020335,124.083,ok,1,
2026-09-29T13:53:33.909126Z,161,19.960248,20.084543,124.295,ok,0,
2026-09-29T13:53:33.972821Z,162,20.02425,20.148234,123.984,ok,1,
2026-09-29T13:53:34.037594Z,163,20.08825,20.21301,124.76,ok,0,
2026-09-29T13:53:34.100983Z,164,20.152249,20.276399,124.15,ok,1,
2026-09-29T13:53:34.165251Z,165,20.21625,20.340667,124.417,ok,0,
2026-09-29T13:53:34.229142Z,166,20.28025,20.404559,124.309,ok,1,
2026-09-29T13:53:34.301121Z,167,20.344251,20.476537,132.286,ok,0,
2026-09-29T13:53:34.356997Z,168,20.408252,20.532411,124.159,ok,1,
2026-09-29T13:53:34.427200Z,169,20.478251,20.602616,124.365,ok,0,
2026-09-29T13:53:34.493448Z,170,20.542248,20.668865,126.617,ok,1,
2026-09-29T13:53:34.555414Z,171,20.606252,20.730832,124.58,ok,0,
2026-09-29T13:53:34.619210Z,172,20.670252,20.794627,124.375,ok,1,
2026-09-29T13:53:34.682865Z,173,20.734251,20.858281,124.03,ok,0,
2026-09-29T13:53:34.747283Z,174,20.79825,20.922699,124.449,ok,1,
2026-09-29T13:53:34.813183Z,175,20.862253,20.9886,126.347,ok,0,
2026-09-29T13:53:34.875121Z,176,20.926251,21.050539,124.288,ok,1,
2026-09-29T13:53:34.940478Z,177,20.990257,21.115894,125.637,ok,0,
2026-09-29T13:53:35.004717Z,178,21.054248,21.180133,125.885,ok,1,
2026-09-29T13:53:35.067218Z,179,21.118252,21.242634,124.382,ok,0,
2026-09-29T13:53:35.131116Z,180,21.18225,21.306533,124.283,ok,1,
2026-09-29T13:53:35.195218Z,181,21.24625,21.370635,124.385,ok,0,
2026-09-29T13:53:35.258888Z,182,21.310249,21.434302,124.053,ok,1,
2026-09-29T13:53:35.322922Z,183,21.374251,21.498338,124.087,ok,0,
2026-09-29T13:53:35.387208Z,184,21.43826,21.562626,124.366,ok,1,
2026-09-29T13:53:35.450809Z,185,21.50225,21.626226,123.976,ok,0,
2026-09-29T13:53:35.515663Z,186,21.566251,21.691075,124.824,ok,1,
2026-09-29T13:53:35.579147Z,187,21.630251,21.754563,124.312,ok,0,
2026-09-29T13:53:35.642797Z,188,21.694252,21.818213,123.961,ok,1,
2026-09-29T13:53:35.706801Z,189,21.758254,21.882218,123.964,ok,0,
2026-09-29T13:53:35.770746Z,190,21.822248,21.946163,123.915,ok,1,
2026-09-29T13:53:35.835831Z,191,21.886254,22.011248,124.994,ok,0,
2026-09-29T13:53:35.900589Z,192,21.950254,22.076005,125.751,ok,1,
2026-09-29T13:53:35.963515Z,193,22.014252,22.138932,124.68,ok,0,
2026-09-29T13:53:36.027687Z,194,22.07825,22.203102,124.852,ok,1,
2026-09-29T13:53:36.092057Z,195,22.142249,22.267473,125.224,ok,0,
2026-09-29T13:53:36.164686Z,196,22.206249,22.340104,133.855,ok,1,
2026-09-29T13:53:36.219104Z,197,22.270251,22.394521,124.27,ok,0,
2026-09-29T13:53:36.289247Z,198,22.340261,22.464665,124.404,ok,1,
2026-09-29T13:53:36.352964Z,199,22.404251,22.528378,124.127,ok,0,
2026-09-29T13:53:36.420126Z,200,22.46825,22.595537,127.287,ok,1,
2026-09-29T13:53:36.485618Z,201,22.532252,22.661034,128.782,ok,0,
2026-09-29T13:53:36.545322Z,202,22.59625,22.720738,124.488,ok,1,
2026-09-29T13:53:36.611171Z,203,22.662254,22.786587,124.333,ok,0,
2026-09-29T13:53:36.676666Z,204,22.726251,22.852082,125.831,ok,1,
2026-09-29T13:53:36.739148Z,205,22.790253,22.914565,124.312,ok,0,
2026-09-29T13:53:36.803139Z,206,22.854254,22.978556,124.302,ok,1,
2026-09-29T13:53:36.866971Z,207,22.918253,23.042386,124.133,ok,0,
2026-09-29T13:53:36.933775Z,208,22.982248,23.109193,126.945,ok,1,
2026-09-29T13:53:36.996152Z,209,23.04625,23.171569,125.319,ok,0,
2026-09-29T13:53:37.059018Z,210,23.110252,23.234437,124.185,ok,1,
2026-09-29T13:53:37.122839Z,211,23.174253,23.298255,124.002,ok,0,
2026-09-29T13:53:37.187396Z,212,23.23825,23.362816,124.566,ok,1,
2026-09-29T13:53:37.251055Z,213,23.302254,23.426475,124.221,ok,0,
2026-09-29T13:53:37.315487Z,214,23.366256,23.490902,124.646,ok,1,
2026-09-29T13:53:37.379090Z,215,23.43025,23.554515,124.265,ok,0,
2026-09-29T13:53:37.442885Z,216,23.494253,23.618312,124.059,ok,1,
2026-09-29T13:53:37.510949Z,217,23.558249,23.686367,128.118,ok,0,
2026-09-29T13:53:37.570661Z,218,23.622248,23.746078,123.83,ok,1,
2026-09-29T13:53:37.637296Z,219,23.68825,23.812715,124.465,ok,0,
2026-09-29T13:53:37.700892Z,220,23.752251,23.876314,124.063,ok,1,
2026-09-29T13:53:37.764899Z,221,23.816254,23.94032,124.066,ok,0,
2026-09-29T13:53:37.828892Z,222,23.880252,24.004316,124.064,ok,1,
2026-09-29T13:53:37.893027Z,223,23.944253,24.06845,124.197,ok,0,
2026-09-29T13:53:37.957023Z,224,24.00825,24.132448,124.198,ok,1,
2026-09-29T13:53:38.020762Z,225,24.07225,24.196188,123.938,ok,0,
2026-09-29T13:53:38.084645Z,226,24.13625,24.260071,123.821,ok,1,
2026-09-29T13:53:38.148686Z,227,24.200251,24.324112,123.861,ok,0,
2026-09-29T13:53:38.212963Z,228,24.264246,24.388385,124.139,ok,1,
2026-09-29T13:53:38.276913Z,229,24.328249,24.452339,124.09,ok,0,
2026-09-29T13:53:38.340751Z,230,24.39225,24.516176,123.926,ok,1,
2026-09-29T13:53:38.404912Z,231,24.456252,24.580337,124.085,ok,0,
2026-09-29T13:53:38.468786Z,232,24.520248,24.644212,123.964,ok,1,
2026-09-29T13:53:38.532834Z,233,24.584249,24.708258,124.009,ok,0,
2026-09-29T13:53:38.596931Z,234,24.648251,24.772356,124.105,ok,1,
2026-09-29T13:53:38.660819Z,235,24.71225,24.836243,123.993,ok,0,
2026-09-29T13:53:38.724558Z,236,24.776249,24.899983,123.734,ok,1,
2026-09-29T13:53:38.788781Z,237,24.84025,24.964206,123.956,ok,0,
2026-09-29T13:53:38.853793Z,238,24.904248,25.029216,124.968,ok,1,
2026-09-29T13:53:38.916794Z,239,24.968249,25.092219,123.97,ok,0,
2026-09-29T13:53:38.980984Z,240,25.03225,25.15641,124.16,ok,1,
2026-09-29T13:53:39.044504Z,241,25.096249,25.219929,123.68,ok,0,
2026-09-29T13:53:39.108656Z,242,25.160249,25.284082,123.833,ok,1,
2026-09-29T13:53:39.172785Z,243,25.224254,25.348204,123.95,ok,0,
2026-09-29T13:53:39.236597Z,244,25.28825,25.41202,123.77,ok,1,
2026-09-29T13:53:39.301210Z,245,25.352252,25.476635,124.383,ok,0,
2026-09-29T13:53:39.365197Z,246,25.416249,25.540615,124.366,ok,1,
2026-09-29T13:53:39.428918Z,247,25.48025,25.604335,124.085,ok,0,
2026-09-29T13:53:39.493071Z,248,25.544251,25.668488,124.237,ok,1,
2026-09-29T13:53:39.556928Z,249,25.60825,25.732347,124.097,ok,0,
2026-09-29T13:53:39.620907Z,250,25.67225,25.796324,124.074,ok,1,
2026-09-29T13:53:39.685367Z,251,25.73625,25.860783,124.533,ok,0,
2026-09-29T13:53:39.749019Z,252,25.800253,25.924435,124.182,ok,1,
2026-09-29T13:53:39.812738Z,253,25.86425,25.988156,123.906,ok,0,
2026-09-29T13:53:39.876914Z,254,25.928253,26.052332,124.079,ok,1,
2026-09-29T13:53:39.940853Z,255,25.992255,26.116271,124.016,ok,0,
2026-09-29T13:53:40.004934Z,256,26.056255,26.180351,124.096,ok,1,
2026-09-29T13:53:40.068931Z,257,26.12025,26.244349,124.099,ok,0,
2026-09-29T13:53:40.133083Z,258,26.184251,26.3085,124.249,ok,1,
2026-09-29T13:53:40.196747Z,259,26.248252,26.372163,123.911,ok,0,
2026-09-29T13:53:40.261345Z,260,26.312224,26.436748,124.524,ok,1,
2026-09-29T13:53:40.325541Z,261,26.376251,26.500957,124.706,ok,0,
2026-09-29T13:53:40.389082Z,262,26.440251,26.564482,124.231,ok,1,
2026-09-29T13:53:40.452901Z,263,26.50425,26.628319,124.069,ok,0,
2026-09-29T13:53:40.516877Z,264,26.568253,26.692295,124.042,ok,1,
2026-09-29T13:53:40.580914Z,265,26.632247,26.756332,124.085,ok,0,
2026-09-29T13:53:40.644849Z,266,26.696247,26.820264,124.017,ok,1,
2026-09-29T13:53:40.708701Z,267,26.760253,26.884119,123.866,ok,0,
2026-09-29T13:53:40.772962Z,268,26.82425,26.948377,124.127,ok,1,
2026-09-29T13:53:40.836904Z,269,26.888249,27.012322,124.073,ok,0,
2026-09-29T13:53:40.901289Z,270,26.952251,27.076706,124.455,ok,1,
2026-09-29T13:53:40.965250Z,271,27.016269,27.140666,124.397,ok,0,
2026-09-29T13:53:41.028980Z,272,27.080257,27.204397,124.14,ok,1,
2026-09-29T13:53:41.092842Z,273,27.144257,27.268259,124.002,ok,0,
2026-09-29T13:53:41.156998Z,274,27.20825,27.332416,124.166,ok,1,
2026-09-29T13:53:41.220931Z,275,27.27225,27.396348,124.098,ok,0,
2026-09-29T13:53:41.284835Z,276,27.33625,27.460251,124.001,ok,1,
2026-09-29T13:53:41.348955Z,277,27.400249,27.524372,124.123,ok,0,
2026-09-29T13:53:41.413513Z,278,27.464252,27.588929,124.677,ok,1,
2026-09-29T13:53:41.477356Z,279,27.528259,27.652756,124.497,ok,0,
2026-09-29T13:53:41.541017Z,280,27.592251,27.716433,124.182,ok,1,
2026-09-29T13:53:41.604986Z,281,27.65625,27.780401,124.151,ok,0,
2026-09-29T13:53:41.669043Z,282,27.720254,27.84446,124.206,ok,1,
2026-09-29T13:53:41.733088Z,283,27.784249,27.908504,124.255,ok,0,
2026-09-29T13:53:41.797265Z,284,27.848269,27.972682,124.413,ok,1,
2026-09-29T13:53:41.861139Z,285,27.912254,28.036556,124.302,ok,0,
2026-09-29T13:53:41.924596Z,286,27.976252,28.100013,123.761,ok,1,
2026-09-29T13:53:41.988789Z,287,28.040251,28.164205,123.954,ok,0,
2026-09-29T13:53:42.052934Z,288,28.104251,28.22835,124.099,ok,1,
2026-09-29T13:53:42.117298Z,289,28.16825,28.292713,124.463,ok,0,
2026-09-29T13:53:42.180818Z,290,28.23225,28.356231,123.981,ok,1,
2026-09-29T13:53:42.244781Z,291,28.296254,28.420197,123.943,ok,0,
2026-09-29T13:53:42.308768Z,292,28.360253,28.484183,123.93,ok,1,
2026-09-29T13:53:42.373355Z,293,28.424256,28.548754,124.498,ok,0,
2026-09-29T13:53:42.437060Z,294,28.488253,28.612476,124.223,ok,1,
2026-09-29T13:53:42.500802Z,295,28.552253,28.676219,123.966,ok,0,
2026-09-29T13:53:42.564967Z,296,28.61625,28.740383,124.133,ok,1,
2026-09-29T13:53:42.628787Z,297,28.68025,28.804204,123.954,ok,0,
2026-09-29T13:53:42.692705Z,298,28.744253,28.868122,123.869,ok,1,
2026-09-29T13:53:42.756986Z,299,28.80825,28.932401,124.151,ok,0,
2026-09-29T13:53:42.821069Z,300,28.872251,28.996486,124.235,ok,1,
2026-09-29T13:53:42.884977Z,301,28.936255,29.060388,124.133,ok,0,
2026-09-29T13:53:42.948657Z,302,29.000253,29.124074,123.821,ok,1,
2026-09-29T13:53:43.012942Z,303,29.064251,29.18836,124.109,ok,0,
2026-09-29T13:53:43.077159Z,304,29.128251,29.252575,124.324,ok,1,
2026-09-29T13:53:43.141061Z,305,29.192252,29.316484,124.232,ok,0,
2026-09-29T13:53:43.212171Z,306,29.256251,29.387597,131.346,ok,1,
2026-09-29T13:53:43.269021Z,307,29.320259,29.444447,124.188,ok,0,
2026-09-29T13:53:43.337111Z,308,29.388253,29.512537,124.284,ok,1,
2026-09-29T13:53:43.401310Z,309,29.452248,29.576726,124.478,ok,0,
2026-09-29T13:53:43.464777Z,310,29.516254,29.640194,123.94,ok,1,
2026-09-29T13:53:43.528934Z,311,29.580249,29.704351,124.102,ok,0,
2026-09-29T13:53:43.593361Z,312,29.644251,29.768761,124.51,ok,1,
2026-09-29T13:53:43.657370Z,313,29.708252,29.832787,124.535,ok,0,
2026-09-29T13:53:43.721056Z,314,29.772251,29.896477,124.226,ok,1,
2026-09-29T13:53:43.785107Z,315,29.83625,29.960528,124.278,ok,0,
2026-09-29T13:53:43.848558Z,316,29.900249,30.023978,123.729,ok,1,
2026-09-29T13:53:43.912953Z,317,29.96425,30.088367,124.117,ok,0,
2026-09-29T13:53:43.976904Z,318,30.028249,30.152329,124.08,ok,1,
2026-09-29T13:53:44.041041Z,319,30.092252,30.216466,124.214,ok,0,
2026-09-29T13:53:44.105602Z,320,30.156249,30.281027,124.778,ok,1,
2026-09-29T13:53:44.169115Z,321,30.220253,30.344539,124.286,ok,0,
2026-09-29T13:53:44.232916Z,322,30.284251,30.408341,124.09,ok,1,
2026-09-29T13:53:44.297150Z,323,30.348254,30.472575,124.321,ok,0,
2026-09-29T13:53:44.360946Z,324,30.41225,30.536362,124.112,ok,1,
2026-09-29T13:53:44.424638Z,325,30.476253,30.600054,123.801,ok,0,
2026-09-29T13:53:44.491874Z,326,30.540251,30.66729,127.039,ok,1,
2026-09-29T13:53:44.552915Z,327,30.604248,30.728331,124.083,ok,0,
2026-09-29T13:53:44.616951Z,328,30.668253,30.792367,124.114,ok,1,
2026-09-29T13:53:44.680696Z,329,30.732251,30.856113,123.862,ok,0,
2026-09-29T13:53:44.744938Z,330,30.796253,30.920354,124.101,ok,1,
2026-09-29T13:53:44.808695Z,331,30.86025,30.984112,123.862,ok,0,
2026-09-29T13:53:44.873099Z,332,30.92425,31.048516,124.266,ok,1,
2026-09-29T13:53:44.936984Z,333,30.988253,31.112402,124.149,ok,0,
2026-09-29T13:53:45.001180Z,334,31.052251,31.176598,124.347,ok,1,
2026-09-29T13:53:45.065043Z,335,31.116251,31.240463,124.212,ok,0,
2026-09-29T13:53:45.128648Z,336,31.180252,31.304066,123.814,ok,1,
2026-09-29T13:53:45.192997Z,337,31.244251,31.368413,124.162,ok,0,
2026-09-29T13:53:45.257214Z,338,31.308258,31.43263,124.372,ok,1,
2026-09-29T13:53:45.321927Z,339,31.37225,31.497344,125.094,ok,0,
2026-09-29T13:53:45.385600Z,340,31.436251,31.561022,124.771,ok,1,
2026-09-29T13:53:45.449410Z,341,31.500251,31.624835,124.584,ok,0,
2026-09-29T13:53:45.512880Z,342,31.564252,31.688297,124.045,ok,1,
2026-09-29T13:53:45.576819Z,343,31.628251,31.752244,123.993,ok,0,
2026-09-29T13:53:45.640535Z,344,31.692251,31.815951,123.7,ok,1,
2026-09-29T13:53:45.704570Z,345,31.756252,31.879985,123.733,ok,0,
2026-09-29T13:53:45.768446Z,346,31.820249,31.94387,123.621,ok,1,
2026-09-29T13:53:45.832877Z,347,31.884252,32.008293,124.041,ok,0,
2026-09-29T13:53:45.896686Z,348,31.948248,32.072104,123.856,ok,1,
2026-09-29T13:53:45.960773Z,349,32.01225,32.136189,123.939,ok,0,
2026-09-29T13:53:46.024938Z,350,32.076253,32.200354,124.101,ok,1,
2026-09-29T13:53:46.088945Z,351,32.14025,32.26436,124.11,ok,0,
2026-09-29T13:53:46.152745Z,352,32.20425,32.328163,123.913,ok,1,
2026-09-29T13:53:46.216859Z,353,32.268252,32.392284,124.032,ok,0,
2026-09-29T13:53:46.280647Z,354,32.33225,32.456072,123.822,ok,1,
2026-09-29T13:53:46.344942Z,355,32.396253,32.520367,124.114,ok,0,
2026-09-29T13:53:46.408899Z,356,32.460259,32.584325,124.066,ok,1,
2026-09-29T13:53:46.472731Z,357,32.524249,32.648156,123.907,ok,0,
2026-09-29T13:53:46.536653Z,358,32.588249,32.712079,123.83,ok,1,
2026-09-29T13:53:46.600617Z,359,32.652248,32.776038,123.79,ok,0,
2026-09-29T13:53:46.664781Z,360,32.716248,32.840205,123.957,ok,1,
2026-09-29T13:53:46.728753Z,361,32.780252,32.904171,123.919,ok,0,
2026-09-29T13:53:46.792906Z,362,32.84425,32.968322,124.072,ok,1,
2026-09-29T13:53:46.856793Z,363,32.908254,33.032215,123.961,ok,0,
2026-09-29T13:53:46.921013Z,364,32.972249,33.096438,124.189,ok,1,
2026-09-29T13:53:46.984713Z,365,33.036255,33.160139,123.884,ok,0,
2026-09-29T13:53:47.048697Z,366,33.100253,33.224122,123.869,ok,1,
2026-09-29T13:53:47.112877Z,367,33.16422,33.288302,124.082,ok,0,
2026-09-29T13:53:47.174568Z,368,33.226252,33.349994,123.742,ok,1,
2026-09-29T13:53:47.238987Z,369,33.290256,33.414408,124.152,ok,0,
2026-09-29T13:53:47.302874Z,370,33.354253,33.478298,124.045,ok,1,
2026-09-29T13:53:47.365159Z,371,33.416257,33.540582,124.325,ok,0,
2026-09-29T13:53:47.429228Z,372,33.480254,33.604646,124.392,ok,1,
2026-09-29T13:53:47.490516Z,373,33.542256,33.665933,123.677,ok,0,
2026-09-29T13:53:47.554961Z,374,33.606251,33.730374,124.123,ok,1,
2026-09-29T13:53:47.616889Z,375,33.668251,33.792306,124.055,ok,0,
2026-09-29T13:53:47.681036Z,376,33.732256,33.856451,124.195,ok,1,
2026-09-29T13:53:47.742993Z,377,33.794256,33.918418,124.162,ok,0,
2026-09-29T13:53:47.806498Z,378,33.858256,33.98192,123.664,ok,1,
2026-09-29T13:53:47.870894Z,379,33.92225,34.046319,124.069,ok,0,
2026-09-29T13:53:47.934900Z,380,33.986254,34.110324,124.07,ok,1,
2026-09-29T13:53:47.998558Z,381,34.050252,34.173983,123.731,ok,0,
2026-09-29T13:53:48.062799Z,382,34.114252,34.23822,123.968,ok,1,
2026-09-29T13:53:48.126686Z,383,34.178248,34.302109,123.861,ok,0,
2026-09-29T13:53:48.190729Z,384,34.242249,34.366143,123.894,ok,1,
2026-09-29T13:53:48.254750Z,385,34.306253,34.430167,123.914,ok,0,
2026-09-29T13:53:48.318939Z,386,34.370253,34.494356,124.103,ok,1,
2026-09-29T13:53:48.381883Z,387,34.432258,34.557304,125.046,ok,0,
2026-09-29T13:53:48.444578Z,388,34.496253,34.620004,123.751,ok,1,
2026-09-29T13:53:48.508824Z,389,34.560249,34.684248,123.999,ok,0,
2026-09-29T13:53:48.570726Z,390,34.622251,34.746151,123.9,ok,1,
2026-09-29T13:53:48.632866Z,391,34.684324,34.80829,123.966,ok,0,
2026-09-29T13:53:48.696702Z,392,34.748253,34.872127,123.874,ok,1,
2026-09-29T13:53:48.758940Z,393,34.810253,34.934364,124.111,ok,0,
2026-09-29T13:53:48.822937Z,394,34.874251,34.998363,124.112,ok,1,
2026-09-29T13:53:48.886924Z,395,34.938252,35.06234,124.088,ok,0,
2026-09-29T13:53:48.951190Z,396,35.002254,35.126605,124.351,ok,1,
2026-09-29T13:53:49.014904Z,397,35.06625,35.190321,124.071,ok,0,
2026-09-29T13:53:49.079201Z,398,35.130252,35.254617,124.365,ok,1,
2026-09-29T13:53:49.142975Z,399,35.194251,35.318392,124.141,ok,0,
2026-09-29T13:53:49.207137Z,400,35.25825,35.382562,124.312,ok,1,
2026-09-29T13:53:54.174443Z,401,35.322252,40.349868,5027.616,timeout,0,QueryCanceled: query execution canceled due to statement timeout
2026-09-29T13:53:54.237545Z,402,35.386251,40.412973,5026.722,timeout,1,QueryCanceled: query execution canceled due to statement timeout
2026-09-29T13:53:54.478681Z,403,40.350251,40.654097,303.846,ok,0,
2026-09-29T13:53:54.539413Z,404,40.414251,40.714834,300.583,ok,1,
2026-09-29T13:53:54.700592Z,405,40.65425,40.876009,221.759,ok,0,
2026-09-29T13:53:54.764396Z,406,40.718251,40.939817,221.566,ok,1,
2026-09-29T13:53:54.924204Z,407,40.876254,41.09962,223.366,ok,0,
2026-09-29T13:53:54.988551Z,408,40.940251,41.163967,223.716,ok,1,
2026-09-29T13:53:55.150244Z,409,41.100249,41.32566,225.411,ok,0,
2026-09-29T13:53:55.211276Z,410,41.164256,41.386695,222.439,ok,1,
2026-09-29T13:53:55.375246Z,411,41.32625,41.550664,224.414,ok,0,
2026-09-29T13:53:55.437223Z,412,41.390253,41.612646,222.393,ok,1,
2026-09-29T13:53:55.624429Z,413,41.552251,41.799847,247.596,ok,0,
2026-09-29T13:53:55.687636Z,414,41.616249,41.863061,246.812,ok,1,
2026-09-29T13:53:55.846515Z,415,41.800248,42.021941,221.693,ok,0,
2026-09-29T13:53:55.910422Z,416,41.864251,42.085848,221.597,ok,1,
2026-09-29T13:53:56.187247Z,417,42.02225,42.36266,340.41,ok,0,
2026-09-29T13:53:56.393922Z,418,42.086248,42.569338,483.09,ok,1,
2026-09-29T13:53:56.421817Z,419,42.364254,42.597233,232.979,ok,0,
2026-09-29T13:53:56.617326Z,420,42.57025,42.792749,222.499,ok,1,
2026-09-29T13:53:56.736899Z,421,42.682249,42.912324,230.075,ok,0,
2026-09-29T13:53:56.841027Z,422,42.794251,43.016445,222.194,ok,1,
2026-09-29T13:53:56.964036Z,423,42.914254,43.139454,225.2,ok,0,
2026-09-29T13:53:57.077769Z,424,43.026249,43.253192,226.943,ok,1,
2026-09-29T13:53:57.192688Z,425,43.140251,43.368114,227.863,ok,0,
2026-09-29T13:53:57.304794Z,426,43.254252,43.480218,225.966,ok,1,
2026-09-29T13:53:57.414618Z,427,43.368256,43.590042,221.786,ok,0,
2026-09-29T13:53:57.526455Z,428,43.480296,43.701879,221.583,ok,1,
2026-09-29T13:53:57.644222Z,429,43.592254,43.81964,227.386,ok,0,
2026-09-29T13:53:57.752394Z,430,43.704252,43.92782,223.568,ok,1,
2026-09-29T13:53:57.869264Z,431,43.82025,44.04469,224.44,ok,0,
2026-09-29T13:53:57.983506Z,432,43.932248,44.158931,226.683,ok,1,
2026-09-29T13:53:58.091830Z,433,44.046252,44.267251,220.999,ok,0,
2026-09-29T13:53:58.207484Z,434,44.160252,44.382907,222.655,ok,1,
2026-09-29T13:53:58.320184Z,435,44.274251,44.495601,221.35,ok,0,
2026-09-29T13:53:58.438214Z,436,44.388252,44.613633,225.381,ok,1,
2026-09-29T13:53:58.551987Z,437,44.502247,44.727412,225.165,ok,0,
2026-09-29T13:53:58.662202Z,438,44.61625,44.837628,221.378,ok,1,
2026-09-29T13:53:58.777954Z,439,44.730252,44.953376,223.124,ok,0,
2026-09-29T13:53:58.894414Z,440,44.844247,45.069837,225.59,ok,1,
2026-09-29T13:53:59.003746Z,441,44.958252,45.179164,220.912,ok,0,
2026-09-29T13:53:59.118556Z,442,45.072251,45.293979,221.728,ok,1,
2026-09-29T13:53:59.232482Z,443,45.18625,45.407906,221.656,ok,0,
2026-09-29T13:53:59.353486Z,444,45.30026,45.528911,228.651,ok,1,
2026-09-29T13:53:59.467920Z,445,45.414251,45.643344,229.093,ok,0,
2026-09-29T13:53:59.582112Z,446,45.530251,45.757529,227.278,ok,1,
2026-09-29T13:53:59.692661Z,447,45.64425,45.868079,223.829,ok,0,
2026-09-29T13:53:59.807931Z,448,45.75825,45.983356,225.106,ok,1,
2026-09-29T13:53:59.918146Z,449,45.872247,46.093571,221.324,ok,0,
2026-09-29T13:54:00.034726Z,450,45.986252,46.210151,223.899,ok,1,
2026-09-29T13:54:00.147403Z,451,46.10025,46.322824,222.574,ok,0,
2026-09-29T13:54:00.263700Z,452,46.214252,46.439122,224.87,ok,1,
2026-09-29T13:54:00.373590Z,453,46.326253,46.549008,222.755,ok,0,
2026-09-29T13:54:00.486525Z,454,46.440253,46.66195,221.697,ok,1,
2026-09-29T13:54:00.600889Z,455,46.552262,46.776313,224.051,ok,0,
2026-09-29T13:54:00.711694Z,456,46.66426,46.88712,222.86,ok,1,
2026-09-29T13:54:00.834640Z,457,46.778255,47.010062,231.807,ok,0,
2026-09-29T13:54:00.936066Z,458,46.890257,47.111482,221.225,ok,1,
2026-09-29T13:54:01.059918Z,459,47.010254,47.235334,225.08,ok,0,
2026-09-29T13:54:01.171112Z,460,47.122249,47.346536,224.287,ok,1,
2026-09-29T13:54:01.285763Z,461,47.236252,47.461189,224.937,ok,0,
2026-09-29T13:54:01.401163Z,462,47.348252,47.576589,228.337,ok,1,
2026-09-29T13:54:01.508100Z,463,47.46225,47.683522,221.272,ok,0,
2026-09-29T13:54:01.624638Z,464,47.578253,47.800063,221.81,ok,1,
2026-09-29T13:54:01.736091Z,465,47.690253,47.911515,221.262,ok,0,
2026-09-29T13:54:01.851685Z,466,47.80225,48.027107,224.857,ok,1,
2026-09-29T13:54:01.962937Z,467,47.91425,48.138356,224.106,ok,0,
2026-09-29T13:54:02.082346Z,468,48.028253,48.257755,229.502,ok,1,
2026-09-29T13:54:02.190748Z,469,48.142251,48.366174,223.923,ok,0,
2026-09-29T13:54:02.306377Z,470,48.258248,48.481802,223.554,ok,1,
2026-09-29T13:54:02.417027Z,471,48.370252,48.592451,222.199,ok,0,
2026-09-29T13:54:02.532801Z,472,48.482249,48.708218,225.969,ok,1,
2026-09-29T13:54:02.651641Z,473,48.594252,48.82706,232.808,ok,0,
2026-09-29T13:54:02.763236Z,474,48.708355,48.938659,230.304,ok,1,
2026-09-29T13:54:02.883930Z,475,48.828253,49.059355,231.102,ok,0,
2026-09-29T13:54:02.989195Z,476,48.942248,49.164621,222.373,ok,1,
2026-09-29T13:54:03.109025Z,477,49.060253,49.284441,224.188,ok,0,
2026-09-29T13:54:03.220711Z,478,49.174258,49.396134,221.876,ok,1,
2026-09-29T13:54:03.337284Z,479,49.288252,49.512702,224.45,ok,0,
2026-09-29T13:54:03.450531Z,480,49.402253,49.625947,223.694,ok,1,
2026-09-29T13:54:03.564851Z,481,49.51625,49.740269,224.019,ok,0,
2026-09-29T13:54:03.678246Z,482,49.630249,49.853666,223.417,ok,1,
2026-09-29T13:54:03.791427Z,483,49.744252,49.966844,222.592,ok,0,
2026-09-29T13:54:03.907438Z,484,49.858248,50.082862,224.614,ok,1,
2026-09-29T13:54:04.018146Z,485,49.972253,50.193563,221.31,ok,0,
2026-09-29T13:54:04.135462Z,486,50.086248,50.310878,224.63,ok,1,
2026-09-29T13:54:04.246379Z,487,50.200247,50.421802,221.555,ok,0,
2026-09-29T13:54:04.364696Z,488,50.31425,50.54012,225.87,ok,1,
2026-09-29T13:54:04.474584Z,489,50.428248,50.650009,221.761,ok,0,
2026-09-29T13:54:04.589148Z,490,50.542251,50.764569,222.318,ok,1,
2026-09-29T13:54:04.702303Z,491,50.656252,50.877724,221.472,ok,0,
2026-09-29T13:54:04.821308Z,492,50.770248,50.996725,226.477,ok,1,
2026-09-29T13:54:04.935778Z,493,50.884251,51.111202,226.951,ok,0,
2026-09-29T13:54:05.044392Z,494,50.998251,51.219816,221.565,ok,1,
2026-09-29T13:54:05.159142Z,495,51.11225,51.334567,222.317,ok,0,
2026-09-29T13:54:05.270392Z,496,51.224248,51.445808,221.56,ok,1,
2026-09-29T13:54:05.381801Z,497,51.336253,51.557216,220.963,ok,0,
2026-09-29T13:54:05.495202Z,498,51.44835,51.67062,222.27,ok,1,
2026-09-29T13:54:05.611624Z,499,51.562262,51.78704,224.778,ok,0,
2026-09-29T13:54:05.723252Z,500,51.67425,51.898674,224.424,ok,1,
2026-09-29T13:54:05.836158Z,501,51.788253,52.011583,223.33,ok,0,
2026-09-29T13:54:05.947759Z,502,51.900251,52.123185,222.934,ok,1,
2026-09-29T13:54:06.065291Z,503,52.012251,52.240709,228.458,ok,0,
2026-09-29T13:54:06.172153Z,504,52.124253,52.347577,223.324,ok,1,
2026-09-29T13:54:06.290729Z,505,52.242252,52.466146,223.894,ok,0,
2026-09-29T13:54:06.402062Z,506,52.354254,52.577486,223.232,ok,1,
2026-09-29T13:54:06.513284Z,507,52.466275,52.68871,222.435,ok,0,
2026-09-29T13:54:06.624520Z,508,52.578251,52.799945,221.694,ok,1,
2026-09-29T13:54:06.737134Z,509,52.690254,52.912557,222.303,ok,0,
2026-09-29T13:54:06.848721Z,510,52.802253,53.024142,221.889,ok,1,
2026-09-29T13:54:06.962140Z,511,52.91425,53.137557,223.307,ok,0,
2026-09-29T13:54:07.072322Z,512,53.026258,53.247746,221.488,ok,1,
2026-09-29T13:54:07.186730Z,513,53.138252,53.362155,223.903,ok,0,
2026-09-29T13:54:07.301667Z,514,53.250251,53.477092,226.841,ok,1,
2026-09-29T13:54:07.412230Z,515,53.36225,53.58765,225.4,ok,0,
2026-09-29T13:54:07.533782Z,516,53.478251,53.709207,230.956,ok,1,
2026-09-29T13:54:07.640415Z,517,53.590254,53.815832,225.578,ok,0,
2026-09-29T13:54:07.757087Z,518,53.710251,53.93251,222.259,ok,1,
2026-09-29T13:54:07.870789Z,519,53.822249,54.046214,223.965,ok,0,
2026-09-29T13:54:07.980828Z,520,53.934252,54.156252,222.0,ok,1,
2026-09-29T13:54:08.095717Z,521,54.046302,54.271142,224.84,ok,0,
2026-09-29T13:54:08.204808Z,522,54.158251,54.38023,221.979,ok,1,
2026-09-29T13:54:08.318393Z,523,54.272251,54.49381,221.559,ok,0,
2026-09-29T13:54:08.437369Z,524,54.384251,54.612789,228.538,ok,1,
2026-09-29T13:54:08.542225Z,525,54.49625,54.717649,221.399,ok,0,
2026-09-29T13:54:08.661140Z,526,54.614251,54.836565,222.314,ok,1,
2026-09-29T13:54:08.773821Z,527,54.726253,54.949246,222.993,ok,0,
2026-09-29T13:54:08.885531Z,528,54.838252,55.060953,222.701,ok,1,
2026-09-29T13:54:08.997468Z,529,54.95025,55.172893,222.643,ok,0,
2026-09-29T13:54:09.108370Z,530,55.062248,55.283787,221.539,ok,1,
2026-09-29T13:54:09.223353Z,531,55.174254,55.398757,224.503,ok,0,
2026-09-29T13:54:09.332591Z,532,55.286252,55.508016,221.764,ok,1,
2026-09-29T13:54:09.446364Z,533,55.400253,55.621789,221.536,ok,0,
2026-09-29T13:54:09.559612Z,534,55.512249,55.735037,222.788,ok,1,
2026-09-29T13:54:09.672449Z,535,55.624253,55.84787,223.617,ok,0,
2026-09-29T13:54:09.783374Z,536,55.736248,55.958799,222.551,ok,1,
2026-09-29T13:54:09.895912Z,537,55.848252,56.07133,223.078,ok,0,
2026-09-29T13:54:10.007626Z,538,55.960253,56.183046,222.793,ok,1,
2026-09-29T13:54:10.124169Z,539,56.072273,56.299594,227.321,ok,0,
2026-09-29T13:54:10.230646Z,540,56.184254,56.406072,221.818,ok,1,
2026-09-29T13:54:10.346781Z,541,56.300252,56.5222,221.948,ok,0,
2026-09-29T13:54:10.461937Z,542,56.41225,56.637359,225.109,ok,1,
2026-09-29T13:54:10.572497Z,543,56.524253,56.747913,223.66,ok,0,
2026-09-29T13:54:10.684844Z,544,56.638251,56.860267,222.016,ok,1,
2026-09-29T13:54:10.799020Z,545,56.750251,56.974445,224.194,ok,0,
2026-09-29T13:54:10.908413Z,546,56.86225,57.083838,221.588,ok,1,
2026-09-29T13:54:11.028314Z,547,56.976253,57.203738,227.485,ok,0,
2026-09-29T13:54:11.135155Z,548,57.088253,57.31058,222.327,ok,1,
2026-09-29T13:54:11.250756Z,549,57.204248,57.426172,221.924,ok,0,
2026-09-29T13:54:11.363920Z,550,57.316254,57.539339,223.085,ok,1,
2026-09-29T13:54:11.479553Z,551,57.428255,57.654978,226.723,ok,0,
2026-09-29T13:54:11.592655Z,552,57.540252,57.768079,227.827,ok,1,
2026-09-29T13:54:11.704420Z,553,57.656252,57.879846,223.594,ok,0,
2026-09-29T13:54:11.816314Z,554,57.768255,57.991735,223.48,ok,1,
2026-09-29T13:54:11.925988Z,555,57.880252,58.101402,221.15,ok,0,
2026-09-29T13:54:12.039220Z,556,57.992251,58.21464,222.389,ok,1,
2026-09-29T13:54:12.151276Z,557,58.104249,58.326701,222.452,ok,0,
2026-09-29T13:54:12.263755Z,558,58.216253,58.43918,222.927,ok,1,
2026-09-29T13:54:12.377687Z,559,58.328252,58.553112,224.86,ok,0,
2026-09-29T13:54:12.486280Z,560,58.440253,58.661704,221.451,ok,1,
2026-09-29T13:54:12.606655Z,561,58.554253,58.782071,227.818,ok,0,
2026-09-29T13:54:12.713285Z,562,58.666251,58.888702,222.451,ok,1,
2026-09-29T13:54:12.828574Z,563,58.782252,59.003998,221.746,ok,0,
2026-09-29T13:54:12.946966Z,564,58.89425,59.12239,228.14,ok,1,
2026-09-29T13:54:13.061063Z,565,59.006251,59.236486,230.235,ok,0,
2026-09-29T13:54:13.181241Z,566,59.12425,59.356656,232.406,ok,1,
2026-09-29T13:54:13.291681Z,567,59.238254,59.467097,228.843,ok,0,
2026-09-29T13:54:13.404675Z,568,59.35825,59.580092,221.842,ok,1,
2026-09-29T13:54:13.519800Z,569,59.470252,59.695216,224.964,ok,0,
2026-09-29T13:54:13.628496Z,570,59.582251,59.803913,221.662,ok,1,
2026-09-29T13:54:13.752538Z,571,59.69625,59.927959,231.709,ok,0,
2026-09-29T13:54:13.854164Z,572,59.808247,60.029584,221.337,ok,1,
2026-09-29T13:54:13.975463Z,573,59.92825,60.150887,222.637,ok,0,
2026-09-29T13:54:14.087922Z,574,60.040252,60.263347,223.095,ok,1,
2026-09-29T13:54:14.203778Z,575,60.15225,60.379203,226.953,ok,0,
2026-09-29T13:54:14.309600Z,576,60.264253,60.485023,220.77,ok,1,
2026-09-29T13:54:14.426422Z,577,60.380251,60.601846,221.595,ok,0,
2026-09-29T13:54:14.538393Z,578,60.492248,60.71381,221.562,ok,1,
2026-09-29T13:54:14.656194Z,579,60.60425,60.831612,227.362,ok,0,
2026-09-29T13:54:14.770166Z,580,60.71625,60.945589,229.339,ok,1,
2026-09-29T13:54:14.878923Z,581,60.832253,61.054339,222.086,ok,0,
2026-09-29T13:54:15.004420Z,582,60.946253,61.179843,233.59,ok,1,
2026-09-29T13:54:15.109081Z,583,61.058253,61.284505,226.252,ok,0,
2026-09-29T13:54:15.227103Z,584,61.18025,61.402528,222.278,ok,1,
2026-09-29T13:54:15.338118Z,585,61.292252,61.513541,221.289,ok,0,
2026-09-29T13:54:15.448658Z,586,61.40425,61.624075,219.825,ok,1,
2026-09-29T13:54:15.560983Z,587,61.51625,61.736399,220.149,ok,0,
2026-09-29T13:54:15.673215Z,588,61.628249,61.848634,220.385,ok,1,
2026-09-29T13:54:15.788482Z,589,61.740249,61.963907,223.658,ok,0,
2026-09-29T13:54:15.898230Z,590,61.852251,62.073653,221.402,ok,1,
2026-09-29T13:54:16.016869Z,591,61.964253,62.192294,228.041,ok,0,
2026-09-29T13:54:16.127111Z,592,62.076254,62.302532,226.278,ok,1,
2026-09-29T13:54:16.239193Z,593,62.194254,62.414614,220.36,ok,0,
2026-09-29T13:54:16.351141Z,594,62.306251,62.526566,220.315,ok,1,
2026-09-29T13:54:16.469032Z,595,62.418251,62.644452,226.201,ok,0,
2026-09-29T13:54:16.575844Z,596,62.53025,62.751261,221.011,ok,1,
2026-09-29T13:54:16.693590Z,597,62.646251,62.869012,222.761,ok,0,
2026-09-29T13:54:16.803411Z,598,62.758249,62.978836,220.587,ok,1,
2026-09-29T13:54:16.919560Z,599,62.870253,63.094984,224.731,ok,0,
2026-09-29T13:54:17.030208Z,600,62.98225,63.205633,223.383,ok,1,
2026-09-29T13:54:17.141912Z,601,63.09625,63.317337,221.087,ok,0,
2026-09-29T13:54:17.253273Z,602,63.208249,63.428699,220.45,ok,1,
2026-09-29T13:54:17.366238Z,603,63.320254,63.541663,221.409,ok,0,
2026-09-29T13:54:17.477731Z,604,63.432254,63.653156,220.902,ok,1,
2026-09-29T13:54:17.589509Z,605,63.54425,63.764935,220.685,ok,0,
2026-09-29T13:54:17.701188Z,606,63.656251,63.876601,220.35,ok,1,
2026-09-29T13:54:17.813705Z,607,63.768251,63.98913,220.879,ok,0,
2026-09-29T13:54:17.925679Z,608,63.88025,64.101104,220.854,ok,1,
2026-09-29T13:54:18.037271Z,609,63.992252,64.212696,220.444,ok,0,
2026-09-29T13:54:18.150219Z,610,64.104249,64.325645,221.396,ok,1,
2026-09-29T13:54:18.260966Z,611,64.216249,64.436392,220.143,ok,0,
2026-09-29T13:54:18.374178Z,612,64.32825,64.549604,221.354,ok,1,
2026-09-29T13:54:18.485181Z,613,64.44025,64.660606,220.356,ok,0,
2026-09-29T13:54:18.598370Z,614,64.552254,64.773795,221.541,ok,1,
2026-09-29T13:54:18.709611Z,615,64.664253,64.885036,220.783,ok,0,
2026-09-29T13:54:18.820845Z,616,64.77625,64.99627,220.02,ok,1,
2026-09-29T13:54:18.932808Z,617,64.888253,65.108234,219.981,ok,0,
2026-09-29T13:54:19.044650Z,618,65.000249,65.220075,219.826,ok,1,
2026-09-29T13:54:19.157741Z,619,65.112249,65.333167,220.918,ok,0,
2026-09-29T13:54:19.269608Z,620,65.22426,65.445034,220.774,ok,1,
2026-09-29T13:54:19.381477Z,621,65.33625,65.556903,220.653,ok,0,
2026-09-29T13:54:19.497508Z,622,65.448252,65.672933,224.681,ok,1,
2026-09-29T13:54:19.604785Z,623,65.560249,65.78021,219.961,ok,0,
2026-09-29T13:54:19.719486Z,624,65.674249,65.894912,220.663,ok,1,
2026-09-29T13:54:19.833701Z,625,65.786251,66.009126,222.875,ok,0,
2026-09-29T13:54:19.945527Z,626,65.898251,66.120953,222.702,ok,1,
2026-09-29T13:54:20.058990Z,627,66.010252,66.234415,224.163,ok,0,
2026-09-29T13:54:20.166869Z,628,66.12225,66.342293,220.043,ok,1,
2026-09-29T13:54:20.280558Z,629,66.236253,66.455979,219.726,ok,0,
2026-09-29T13:54:20.392872Z,630,66.348251,66.568296,220.045,ok,1,
2026-09-29T13:54:20.504878Z,631,66.460251,66.680303,220.052,ok,0,
2026-09-29T13:54:20.620103Z,632,66.572266,66.795528,223.262,ok,1,
2026-09-29T13:54:20.728786Z,633,66.684249,66.904211,219.962,ok,0,
2026-09-29T13:54:20.840585Z,634,66.796253,67.01601,219.757,ok,1,
2026-09-29T13:54:20.953929Z,635,66.908227,67.129354,221.127,ok,0,
2026-09-29T13:54:21.071772Z,636,67.020249,67.247196,226.947,ok,1,
2026-09-29T13:54:21.180680Z,637,67.13225,67.3561,223.85,ok,0,
2026-09-29T13:54:21.293111Z,638,67.248251,67.468527,220.276,ok,1,
2026-09-29T13:54:21.409194Z,639,67.36025,67.584612,224.362,ok,0,
2026-09-29T13:54:21.516687Z,640,67.472253,67.692104,219.851,ok,1,
2026-09-29T13:54:21.631088Z,641,67.586254,67.806512,220.258,ok,0,
2026-09-29T13:54:21.744745Z,642,67.698251,67.92017,221.919,ok,1,
2026-09-29T13:54:21.855797Z,643,67.81025,68.031221,220.971,ok,0,
2026-09-29T13:54:21.968452Z,644,67.922252,68.143872,221.62,ok,1,
2026-09-29T13:54:22.079892Z,645,68.03425,68.255314,221.064,ok,0,
2026-09-29T13:54:22.190342Z,646,68.146251,68.365754,219.503,ok,1,
2026-09-29T13:54:22.302991Z,647,68.25825,68.478416,220.166,ok,0,
2026-09-29T13:54:22.419747Z,648,68.370248,68.595167,224.919,ok,1,
2026-09-29T13:54:22.527582Z,649,68.482252,68.703007,220.755,ok,0,
2026-09-29T13:54:22.640872Z,650,68.59625,68.816295,220.045,ok,1,
2026-09-29T13:54:22.752954Z,651,68.70825,68.928375,220.125,ok,0,
2026-09-29T13:54:22.865393Z,652,68.820253,69.040818,220.565,ok,1,
2026-09-29T13:54:22.976941Z,653,68.932253,69.152367,220.114,ok,0,
2026-09-29T13:54:23.089919Z,654,69.044249,69.265345,221.096,ok,1,
2026-09-29T13:54:23.201908Z,655,69.156254,69.377333,221.079,ok,0,
2026-09-29T13:54:23.319988Z,656,69.268254,69.495408,227.154,ok,1,
2026-09-29T13:54:23.427695Z,657,69.380249,69.603115,222.866,ok,0,
2026-09-29T13:54:23.542477Z,658,69.496252,69.717897,221.645,ok,1,
2026-09-29T13:54:23.656577Z,659,69.60825,69.832,223.75,ok,0,
2026-09-29T13:54:23.765778Z,660,69.720252,69.941202,220.95,ok,1,
2026-09-29T13:54:23.880800Z,661,69.832251,70.056225,223.974,ok,0,
2026-09-29T13:54:23.990790Z,662,69.944249,70.166215,221.966,ok,1,
2026-09-29T13:54:24.102245Z,663,70.056296,70.27767,221.374,ok,0,
2026-09-29T13:54:24.213227Z,664,70.168252,70.388648,220.396,ok,1,
2026-09-29T13:54:24.340303Z,665,70.28025,70.515717,235.467,ok,0,
2026-09-29T13:54:24.449113Z,666,70.392252,70.624537,232.285,ok,1,
2026-09-29T13:54:24.580484Z,667,70.516251,70.755909,239.658,ok,0,
2026-09-29T13:54:24.927590Z,669,70.756248,71.103013,346.765,ok,0,
2026-09-29T13:54:24.927706Z,668,70.62825,71.10313,474.88,ok,1,
2026-09-29T13:54:25.152271Z,670,71.104253,71.327695,223.442,ok,0,
2026-09-29T13:54:25.264502Z,671,71.216246,71.439924,223.678,ok,1,
2026-09-29T13:54:25.375663Z,672,71.328252,71.551076,222.824,ok,0,
2026-09-29T13:54:25.485396Z,673,71.440259,71.660807,220.548,ok,1,
2026-09-29T13:54:25.600981Z,674,71.552252,71.776397,224.145,ok,0,
2026-09-29T13:54:25.709878Z,675,71.664252,71.885289,221.037,ok,1,
2026-09-29T13:54:25.829952Z,676,71.778259,72.005364,227.105,ok,0,
2026-09-29T13:54:25.935262Z,677,71.890251,72.110674,220.423,ok,1,
2026-09-29T13:54:26.051725Z,678,72.006253,72.227141,220.888,ok,0,
2026-09-29T13:54:26.165072Z,679,72.11826,72.340487,222.227,ok,1,
2026-09-29T13:54:26.275036Z,680,72.230252,72.450453,220.201,ok,0,
2026-09-29T13:54:26.392098Z,681,72.342252,72.567516,225.264,ok,1,
2026-09-29T13:54:26.499294Z,682,72.454253,72.67471,220.457,ok,0,
2026-09-29T13:54:26.613968Z,683,72.568252,72.789384,221.132,ok,1,
2026-09-29T13:54:26.725405Z,684,72.680251,72.900822,220.571,ok,0,
2026-09-29T13:54:26.840957Z,685,72.79225,73.016372,224.122,ok,1,
2026-09-29T13:54:26.948990Z,686,72.90425,73.124408,220.158,ok,0,
2026-09-29T13:54:27.064392Z,687,73.018252,73.23981,221.558,ok,1,
2026-09-29T13:54:27.176736Z,688,73.130248,73.352152,221.904,ok,0,
2026-09-29T13:54:27.289732Z,689,73.242254,73.465148,222.894,ok,1,
2026-09-29T13:54:27.400537Z,690,73.354265,73.575953,221.688,ok,0,
2026-09-29T13:54:27.513007Z,691,73.466253,73.688428,222.175,ok,1,
2026-09-29T13:54:27.623282Z,692,73.578253,73.798705,220.452,ok,0,
2026-09-29T13:54:27.737138Z,693,73.690254,73.912562,222.308,ok,1,
2026-09-29T13:54:27.847668Z,694,73.80225,74.023094,220.844,ok,0,
2026-09-29T13:54:27.958549Z,695,73.914249,74.133974,219.725,ok,1,
2026-09-29T13:54:28.070887Z,696,74.02625,74.246312,220.062,ok,0,
2026-09-29T13:54:28.182996Z,697,74.138249,74.358421,220.172,ok,1,
2026-09-29T13:54:28.296729Z,698,74.250249,74.47215,221.901,ok,0,
2026-09-29T13:54:28.408609Z,699,74.362251,74.58402,221.769,ok,1,
2026-09-29T13:54:28.522125Z,700,74.474252,74.697539,223.287,ok,0,
2026-09-29T13:54:28.631282Z,701,74.586254,74.806698,220.444,ok,1,
2026-09-29T13:54:28.745678Z,702,74.698265,74.921092,222.827,ok,0,
2026-09-29T13:54:28.855294Z,703,74.810249,75.030719,220.47,ok,1,
2026-09-29T13:54:28.968120Z,704,74.922256,75.143543,221.287,ok,0,
2026-09-29T13:54:29.078936Z,705,75.034249,75.254354,220.105,ok,1,
2026-09-29T13:54:29.191295Z,706,75.146252,75.366708,220.456,ok,0,
2026-09-29T13:54:29.303322Z,707,75.258249,75.478738,220.489,ok,1,
2026-09-29T13:54:29.415646Z,708,75.370288,75.591065,220.777,ok,0,
2026-09-29T13:54:29.527020Z,709,75.482254,75.702441,220.187,ok,1,
2026-09-29T13:54:29.639144Z,710,75.594252,75.814569,220.317,ok,0,
2026-09-29T13:54:29.750992Z,711,75.706251,75.926411,220.16,ok,1,
2026-09-29T13:54:29.863516Z,712,75.818253,76.038938,220.685,ok,0,
2026-09-29T13:54:29.975834Z,713,75.930253,76.151246,220.993,ok,1,
2026-09-29T13:54:30.089601Z,714,76.042254,76.265026,222.772,ok,0,
2026-09-29T13:54:30.200199Z,715,76.154249,76.375618,221.369,ok,1,
2026-09-29T13:54:30.310855Z,716,76.266255,76.486278,220.023,ok,0,
2026-09-29T13:54:30.428074Z,717,76.378251,76.603486,225.235,ok,1,
2026-09-29T13:54:30.541471Z,718,76.49025,76.716886,226.636,ok,0,
2026-09-29T13:54:30.650172Z,719,76.604251,76.825583,221.332,ok,1,
2026-09-29T13:54:30.764153Z,720,76.718252,76.939564,221.312,ok,0,
2026-09-29T13:54:30.875755Z,721,76.830251,77.051172,220.921,ok,1,
2026-09-29T13:54:30.988476Z,722,76.942254,77.163891,221.637,ok,0,
2026-09-29T13:54:31.099288Z,723,77.054254,77.274704,220.45,ok,1,
2026-09-29T13:54:31.212865Z,724,77.166252,77.388281,222.029,ok,0,
2026-09-29T13:54:31.327301Z,725,77.278251,77.502719,224.468,ok,1,
2026-09-29T13:54:31.436475Z,726,77.390255,77.6119,221.645,ok,0,
2026-09-29T13:54:31.552876Z,727,77.504251,77.72829,224.039,ok,1,
2026-09-29T13:54:31.667176Z,728,77.616249,77.842593,226.344,ok,0,
2026-09-29T13:54:31.782152Z,729,77.730259,77.957569,227.31,ok,1,
2026-09-29T13:54:31.888648Z,730,77.844249,78.064065,219.816,ok,0,
2026-09-29T13:54:32.002665Z,731,77.958252,78.178077,219.825,ok,1,
2026-09-29T13:54:32.115391Z,732,78.070249,78.290808,220.559,ok,0,
2026-09-29T13:54:32.236638Z,733,78.182249,78.412048,229.799,ok,1,
2026-09-29T13:54:32.346267Z,734,78.294249,78.521675,227.426,ok,0,
2026-09-29T13:54:32.456662Z,735,78.412251,78.632075,219.824,ok,1,
2026-09-29T13:54:32.569477Z,736,78.524256,78.744892,220.636,ok,0,
2026-09-29T13:54:32.683428Z,737,78.636251,78.858845,222.594,ok,1,
2026-09-29T13:54:32.792866Z,738,78.748249,78.96828,220.031,ok,0,
2026-09-29T13:54:32.905226Z,739,78.860259,79.080642,220.383,ok,1,
2026-09-29T13:54:33.016595Z,740,78.97225,79.192012,219.762,ok,0,
2026-09-29T13:54:33.129103Z,741,79.084256,79.304521,220.265,ok,1,
2026-09-29T13:54:33.240702Z,742,79.196249,79.416122,219.873,ok,0,
2026-09-29T13:54:33.352989Z,743,79.308251,79.528408,220.157,ok,1,
2026-09-29T13:54:33.465104Z,744,79.420253,79.640525,220.272,ok,0,
2026-09-29T13:54:33.577510Z,745,79.532249,79.752932,220.683,ok,1,
2026-09-29T13:54:33.689077Z,746,79.644251,79.864478,220.227,ok,0,
2026-09-29T13:54:33.801034Z,747,79.756246,79.976456,220.21,ok,1,
2026-09-29T13:54:33.913773Z,748,79.868255,80.089187,220.932,ok,0,
2026-09-29T13:54:34.025279Z,749,79.980249,80.200698,220.449,ok,1,
2026-09-29T13:54:34.138526Z,750,80.092252,80.313948,221.696,ok,0,
2026-09-29T13:54:34.252740Z,751,80.204251,80.428156,223.905,ok,1,
2026-09-29T13:54:34.361007Z,752,80.316253,80.536432,220.179,ok,0,
2026-09-29T13:54:34.474683Z,753,80.428251,80.650105,221.854,ok,1,
2026-09-29T13:54:34.585391Z,754,80.54025,80.760806,220.556,ok,0,
2026-09-29T13:54:34.697521Z,755,80.652253,80.872938,220.685,ok,1,
2026-09-29T13:54:34.809773Z,756,80.764251,80.98518,220.929,ok,0,
2026-09-29T13:54:34.921179Z,757,80.876251,81.096596,220.345,ok,1,
2026-09-29T13:54:35.033092Z,758,80.988254,81.20851,220.256,ok,0,
2026-09-29T13:54:35.146198Z,759,81.100252,81.321612,221.36,ok,1,
2026-09-29T13:54:35.256639Z,760,81.21225,81.432054,219.804,ok,0,
2026-09-29T13:54:35.370613Z,761,81.324251,81.546024,221.773,ok,1,
2026-09-29T13:54:35.487977Z,762,81.436249,81.663389,227.14,ok,0,
2026-09-29T13:54:35.593890Z,763,81.548251,81.769305,221.054,ok,1,
2026-09-29T13:54:35.708823Z,764,81.664254,81.884226,219.972,ok,0,
2026-09-29T13:54:35.820781Z,765,81.776249,81.996196,219.947,ok,1,
2026-09-29T13:54:35.932860Z,766,81.888252,82.108274,220.022,ok,0,
2026-09-29T13:54:36.045545Z,767,82.000252,82.220962,220.71,ok,1,
2026-09-29T13:54:36.157454Z,768,82.112264,82.332868,220.604,ok,0,
2026-09-29T13:54:36.269232Z,769,82.22425,82.444648,220.398,ok,1,
2026-09-29T13:54:36.383164Z,770,82.336253,82.558579,222.326,ok,0,
2026-09-29T13:54:36.494437Z,771,82.44825,82.66985,221.6,ok,1,
2026-09-29T13:54:36.605234Z,772,82.560253,82.78065,220.397,ok,0,
2026-09-29T13:54:36.718116Z,773,82.672275,82.893533,221.258,ok,1,
2026-09-29T13:54:36.828927Z,774,82.784309,83.004338,220.029,ok,0,
2026-09-29T13:54:36.941185Z,775,82.896252,83.1166,220.348,ok,1,
2026-09-29T13:54:37.052504Z,776,83.008257,83.227921,219.664,ok,0,
2026-09-29T13:54:37.164848Z,777,83.120254,83.340265,220.011,ok,1,
2026-09-29T13:54:37.285235Z,778,83.23225,83.460645,228.395,ok,0,
2026-09-29T13:54:37.395022Z,779,83.344254,83.570439,226.185,ok,1,
2026-09-29T13:54:37.508981Z,780,83.462257,83.684397,222.14,ok,0,
2026-09-29T13:54:37.627514Z,781,83.574251,83.802929,228.678,ok,1,
2026-09-29T13:54:37.731894Z,782,83.686255,83.907313,221.058,ok,0,
2026-09-29T13:54:37.850887Z,783,83.804248,84.026297,222.049,ok,1,
2026-09-29T13:54:37.961275Z,784,83.916252,84.136699,220.447,ok,0,
2026-09-29T13:54:38.072909Z,785,84.028249,84.248332,220.083,ok,1,
2026-09-29T13:54:38.184847Z,786,84.140251,84.360271,220.02,ok,0,
2026-09-29T13:54:38.297171Z,787,84.252248,84.472596,220.348,ok,1,
2026-09-29T13:54:38.408798Z,788,84.364249,84.584222,219.973,ok,0,
2026-09-29T13:54:38.525522Z,789,84.47625,84.700938,224.688,ok,1,
2026-09-29T13:54:38.633067Z,790,84.588251,84.808489,220.238,ok,0,
2026-09-29T13:54:38.746678Z,791,84.702252,84.922089,219.837,ok,1,
2026-09-29T13:54:38.786882Z,792,84.814249,84.962293,148.044,ok,0,
2026-09-29T13:54:38.845414Z,793,84.926252,85.02083,94.578,ok,1,
2026-09-29T13:54:38.957141Z,794,85.03825,85.132558,94.308,ok,0,
2026-09-29T13:54:39.069662Z,795,85.150253,85.245074,94.821,ok,1,
2026-09-29T13:54:39.181890Z,796,85.26225,85.357303,95.053,ok,0,
2026-09-29T13:54:39.293278Z,797,85.374249,85.468694,94.445,ok,1,
2026-09-29T13:54:39.405522Z,798,85.486252,85.580937,94.685,ok,0,
2026-09-29T13:54:39.517720Z,799,85.598248,85.693135,94.887,ok,1,
2026-09-29T13:54:39.629695Z,800,85.710252,85.805118,94.866,ok,0,
2026-09-29T13:54:39.741066Z,801,85.82225,85.916479,94.229,ok,1,
2026-09-29T13:54:39.853114Z,802,85.934247,86.028537,94.29,ok,0,
2026-09-29T13:54:39.963281Z,803,86.044267,86.138698,94.431,ok,1,
2026-09-29T13:54:40.075535Z,804,86.156249,86.250951,94.702,ok,0,
2026-09-29T13:54:40.187712Z,805,86.26825,86.36313,94.88,ok,1,
2026-09-29T13:54:40.297282Z,806,86.378247,86.472698,94.451,ok,0,
2026-09-29T13:54:40.408346Z,807,86.488248,86.583749,95.501,ok,1,
2026-09-29T13:54:40.517280Z,808,86.598247,86.692702,94.455,ok,0,
2026-09-29T13:54:40.613142Z,809,86.694252,86.788565,94.313,ok,1,
2026-09-29T13:54:40.689184Z,810,86.770247,86.864607,94.36,ok,0,
2026-09-29T13:54:40.738195Z,811,86.818249,86.91362,95.371,ok,1,
2026-09-29T13:54:40.785230Z,812,86.866251,86.960656,94.405,ok,0,
2026-09-29T13:54:40.833654Z,813,86.914249,87.009079,94.83,ok,1,
2026-09-29T13:54:40.881104Z,814,86.962252,87.05653,94.278,ok,0,
2026-09-29T13:54:40.929396Z,815,87.010254,87.10482,94.566,ok,1,
2026-09-29T13:54:40.977163Z,816,87.058253,87.152588,94.335,ok,0,
2026-09-29T13:54:41.025182Z,817,87.106252,87.200607,94.355,ok,1,
2026-09-29T13:54:41.073048Z,818,87.15425,87.248473,94.223,ok,0,
2026-09-29T13:54:41.121287Z,819,87.202252,87.296701,94.449,ok,1,
2026-09-29T13:54:41.168982Z,820,87.250254,87.344407,94.153,ok,0,
2026-09-29T13:54:41.217374Z,821,87.298253,87.392799,94.546,ok,1,
2026-09-29T13:54:41.265995Z,822,87.346251,87.44142,95.169,ok,0,
2026-09-29T13:54:41.313485Z,823,87.394255,87.488909,94.654,ok,1,
2026-09-29T13:54:41.369182Z,824,87.442251,87.544601,102.35,ok,0,
2026-09-29T13:54:41.409392Z,825,87.490252,87.58481,94.558,ok,1,
2026-09-29T13:54:41.465473Z,826,87.54625,87.640892,94.642,ok,0,
2026-09-29T13:54:41.513499Z,827,87.594247,87.688914,94.667,ok,1,
2026-09-29T13:54:41.561651Z,828,87.642253,87.737063,94.81,ok,0,
2026-09-29T13:54:41.609736Z,829,87.690264,87.785146,94.882,ok,1,
2026-09-29T13:54:41.657747Z,830,87.738254,87.833164,94.91,ok,0,
2026-09-29T13:54:41.706457Z,831,87.786257,87.881869,95.612,ok,1,
2026-09-29T13:54:41.753285Z,832,87.834252,87.928701,94.449,ok,0,
2026-09-29T13:54:41.801402Z,833,87.882251,87.976818,94.567,ok,1,
2026-09-29T13:54:41.849417Z,834,87.930254,88.024832,94.578,ok,0,
2026-09-29T13:54:41.897219Z,835,87.978254,88.072632,94.378,ok,1,
2026-09-29T13:54:41.945477Z,836,88.026257,88.120891,94.634,ok,0,
2026-09-29T13:54:41.993716Z,837,88.074255,88.169134,94.879,ok,1,
2026-09-29T13:54:42.041449Z,838,88.122254,88.216861,94.607,ok,0,
2026-09-29T13:54:42.089688Z,839,88.170261,88.265105,94.844,ok,1,
2026-09-29T13:54:42.137603Z,840,88.218261,88.31302,94.759,ok,0,
2026-09-29T13:54:42.185898Z,841,88.266254,88.361316,95.062,ok,1,
2026-09-29T13:54:42.233492Z,842,88.314253,88.408909,94.656,ok,0,
2026-09-29T13:54:42.281439Z,843,88.362251,88.456854,94.603,ok,1,
2026-09-29T13:54:42.329686Z,844,88.410255,88.505103,94.848,ok,0,
2026-09-29T13:54:42.377823Z,845,88.458254,88.553235,94.981,ok,1,
2026-09-29T13:54:42.425548Z,846,88.506254,88.600967,94.713,ok,0,
2026-09-29T13:54:42.473406Z,847,88.554253,88.648826,94.573,ok,1,
2026-09-29T13:54:42.521266Z,848,88.602255,88.696688,94.433,ok,0,
2026-09-29T13:54:42.569394Z,849,88.650254,88.744816,94.562,ok,1,
2026-09-29T13:54:42.617495Z,850,88.698253,88.792909,94.656,ok,0,
2026-09-29T13:54:42.665443Z,851,88.746248,88.840865,94.617,ok,1,
2026-09-29T13:54:42.713748Z,852,88.794256,88.889162,94.906,ok,0,
2026-09-29T13:54:42.761321Z,853,88.842255,88.936746,94.491,ok,1,
2026-09-29T13:54:42.809537Z,854,88.890254,88.984952,94.698,ok,0,
2026-09-29T13:54:42.857806Z,855,88.938251,89.033228,94.977,ok,1,
2026-09-29T13:54:42.905937Z,856,88.986255,89.081354,95.099,ok,0,
2026-09-29T13:54:42.953597Z,857,89.034251,89.129017,94.766,ok,1,
2026-09-29T13:54:43.001890Z,858,89.082256,89.177304,95.048,ok,0,
2026-09-29T13:54:43.049536Z,859,89.130253,89.22495,94.697,ok,1,
2026-09-29T13:54:43.190105Z,860,89.178253,89.365515,187.262,ok,0,
2026-09-29T13:54:43.190311Z,861,89.226252,89.365733,139.481,ok,1,
2026-09-29T13:54:43.286931Z,862,89.366253,89.462349,96.096,ok,0,
2026-09-29T13:54:43.333752Z,863,89.414254,89.509176,94.922,ok,1,
2026-09-29T13:54:43.383530Z,864,89.464255,89.558944,94.689,ok,0,
2026-09-29T13:54:43.431591Z,865,89.51225,89.607005,94.755,ok,1,
2026-09-29T13:54:43.480377Z,866,89.560251,89.6558,95.549,ok,0,
2026-09-29T13:54:43.528060Z,867,89.608255,89.703485,95.23,ok,1,
2026-09-29T13:54:43.575546Z,868,89.656249,89.750961,94.712,ok,0,
2026-09-29T13:54:43.623320Z,869,89.704258,89.798734,94.476,ok,1,
2026-09-29T13:54:43.671378Z,870,89.752251,89.846794,94.543,ok,0,
2026-09-29T13:54:43.719669Z,871,89.800256,89.89509,94.834,ok,1,
2026-09-29T13:54:43.767593Z,872,89.848252,89.943013,94.761,ok,0,
2026-09-29T13:54:43.815406Z,873,89.896252,89.990826,94.574,ok,1,
2026-09-29T13:54:43.863601Z,874,89.944251,90.03902,94.769,ok,0,
2026-09-29T13:54:43.911614Z,875,89.992253,90.087033,94.78,ok,1,
2026-09-29T13:54:43.959652Z,876,90.040253,90.135067,94.814,ok,0,
2026-09-29T13:54:44.007782Z,877,90.088255,90.183201,94.946,ok,1,
2026-09-29T13:54:44.055934Z,878,90.136254,90.231359,95.105,ok,0,
2026-09-29T13:54:44.103528Z,879,90.184253,90.278953,94.7,ok,1,
2026-09-29T13:54:44.151875Z,880,90.232254,90.3273,95.046,ok,0,
2026-09-29T13:54:44.199603Z,881,90.280254,90.375029,94.775,ok,1,
2026-09-29T13:54:44.251715Z,882,90.328255,90.42714,98.885,ok,0,
2026-09-29T13:54:44.294977Z,883,90.376253,90.470393,94.14,ok,1,
2026-09-29T13:54:44.347652Z,884,90.428253,90.523077,94.824,ok,0,
2026-09-29T13:54:44.403299Z,885,90.476252,90.578725,102.473,ok,1,
2026-09-29T13:54:44.443362Z,886,90.524252,90.618788,94.536,ok,0,
2026-09-29T13:54:44.499579Z,887,90.580253,90.675004,94.751,ok,1,
2026-09-29T13:54:44.547022Z,888,90.62825,90.722447,94.197,ok,0,
2026-09-29T13:54:44.594924Z,889,90.676253,90.770349,94.096,ok,1,
2026-09-29T13:54:44.645407Z,890,90.724252,90.820832,96.58,ok,0,
2026-09-29T13:54:44.691256Z,891,90.77225,90.866681,94.431,ok,1,
2026-09-29T13:54:44.741393Z,892,90.822251,90.916818,94.567,ok,0,
2026-09-29T13:54:44.789112Z,893,90.870253,90.964527,94.274,ok,1,
2026-09-29T13:54:44.837077Z,894,90.918252,91.012502,94.25,ok,0,
2026-09-29T13:54:44.885621Z,895,90.966254,91.061046,94.792,ok,1,
2026-09-29T13:54:44.933568Z,896,91.014252,91.108994,94.742,ok,0,
2026-09-29T13:54:44.981695Z,897,91.062253,91.15712,94.867,ok,1,
2026-09-29T13:54:45.029463Z,898,91.11025,91.204889,94.639,ok,0,
2026-09-29T13:54:45.077066Z,899,91.158252,91.252491,94.239,ok,1,
2026-09-29T13:54:45.125674Z,900,91.206253,91.3011,94.847,ok,0,
2026-09-29T13:54:45.173132Z,901,91.25425,91.348558,94.308,ok,1,
2026-09-29T13:54:45.221501Z,902,91.302253,91.396918,94.665,ok,0,
2026-09-29T13:54:45.269706Z,903,91.35025,91.445131,94.881,ok,1,
2026-09-29T13:54:45.317455Z,904,91.398252,91.492879,94.627,ok,0,
2026-09-29T13:54:45.365807Z,905,91.446254,91.541232,94.978,ok,1,
2026-09-29T13:54:45.413491Z,906,91.494248,91.588916,94.668,ok,0,
2026-09-29T13:54:45.461854Z,907,91.54225,91.637274,95.024,ok,1,
2026-09-29T13:54:45.509562Z,908,91.590251,91.684986,94.735,ok,0,
2026-09-29T13:54:45.557426Z,909,91.638251,91.732851,94.6,ok,1,
2026-09-29T13:54:45.605608Z,910,91.68625,91.781033,94.783,ok,0,
2026-09-29T13:54:45.653239Z,911,91.734253,91.828662,94.409,ok,1,
2026-09-29T13:54:45.701387Z,912,91.782251,91.876813,94.562,ok,0,
2026-09-29T13:54:45.749621Z,913,91.830251,91.925046,94.795,ok,1,
2026-09-29T13:54:45.797471Z,914,91.878253,91.972896,94.643,ok,0,
2026-09-29T13:54:45.845688Z,915,91.92625,92.021114,94.864,ok,1,
2026-09-29T13:54:45.893551Z,916,91.97425,92.068976,94.726,ok,0,
2026-09-29T13:54:45.941805Z,917,92.022253,92.117231,94.978,ok,1,
2026-09-29T13:54:45.989491Z,918,92.070253,92.164917,94.664,ok,0,
2026-09-29T13:54:46.037099Z,919,92.118249,92.212524,94.275,ok,1,
2026-09-29T13:54:46.085630Z,920,92.166252,92.261055,94.803,ok,0,
2026-09-29T13:54:46.133193Z,921,92.21425,92.308618,94.368,ok,1,
2026-09-29T13:54:46.181441Z,922,92.26225,92.356867,94.617,ok,0,
2026-09-29T13:54:46.229586Z,923,92.310253,92.40501,94.757,ok,1,
2026-09-29T13:54:46.277901Z,924,92.358254,92.453327,95.073,ok,0,
2026-09-29T13:54:46.325629Z,925,92.406249,92.501054,94.805,ok,1,
2026-09-29T13:54:46.373374Z,926,92.454252,92.548799,94.547,ok,0,
2026-09-29T13:54:46.422064Z,927,92.502251,92.597489,95.238,ok,1,
2026-09-29T13:54:46.469174Z,928,92.550252,92.644599,94.347,ok,0,
2026-09-29T13:54:46.517043Z,929,92.598251,92.692468,94.217,ok,1,
2026-09-29T13:54:46.565425Z,930,92.646252,92.740851,94.599,ok,0,
2026-09-29T13:54:46.612934Z,931,92.694254,92.788359,94.105,ok,1,
2026-09-29T13:54:46.664689Z,932,92.742253,92.840115,97.862,ok,0,
2026-09-29T13:54:46.709538Z,933,92.790256,92.884964,94.708,ok,1,
2026-09-29T13:54:46.759455Z,934,92.840251,92.934878,94.627,ok,0,
2026-09-29T13:54:46.807061Z,935,92.888252,92.982487,94.235,ok,1,
2026-09-29T13:54:46.855832Z,936,92.936249,93.031258,95.009,ok,0,
2026-09-29T13:54:46.903176Z,937,92.984249,93.078601,94.352,ok,1,
2026-09-29T13:54:46.951396Z,938,93.032252,93.12682,94.568,ok,0,
2026-09-29T13:54:46.999375Z,939,93.080251,93.174801,94.55,ok,1,
2026-09-29T13:54:47.047239Z,940,93.128251,93.222665,94.414,ok,0,
2026-09-29T13:54:47.095255Z,941,93.176252,93.27068,94.428,ok,1,
2026-09-29T13:54:47.143454Z,942,93.224253,93.318875,94.622,ok,0,
2026-09-29T13:54:47.191392Z,943,93.272253,93.366817,94.564,ok,1,
2026-09-29T13:54:47.239551Z,944,93.320251,93.414976,94.725,ok,0,
2026-09-29T13:54:47.287601Z,945,93.368252,93.463026,94.774,ok,1,
2026-09-29T13:54:47.335284Z,946,93.416253,93.51071,94.457,ok,0,
2026-09-29T13:54:47.383164Z,947,93.464251,93.55859,94.339,ok,1,
2026-09-29T13:54:47.431247Z,948,93.512253,93.606673,94.42,ok,0,
2026-09-29T13:54:47.479415Z,949,93.560252,93.654838,94.586,ok,1,
2026-09-29T13:54:47.527121Z,950,93.608249,93.702546,94.297,ok,0,
2026-09-29T13:54:47.575306Z,951,93.656254,93.750731,94.477,ok,1,
2026-09-29T13:54:47.624442Z,952,93.704251,93.799868,95.617,ok,0,
2026-09-29T13:54:47.671625Z,953,93.752255,93.847051,94.796,ok,1,
2026-09-29T13:54:47.719489Z,954,93.80025,93.894914,94.664,ok,0,
2026-09-29T13:54:47.773790Z,955,93.848252,93.949205,100.953,ok,1,
2026-09-29T13:54:47.815689Z,956,93.896252,93.991114,94.862,ok,0,
2026-09-29T13:54:47.869302Z,957,93.950251,94.04472,94.469,ok,1,
2026-09-29T13:54:47.921986Z,958,93.998248,94.097405,99.157,ok,0,
2026-09-29T13:54:47.965925Z,959,94.046275,94.14135,95.075,ok,1,
2026-09-29T13:54:48.017019Z,960,94.098252,94.192445,94.193,ok,0,
2026-09-29T13:54:48.065855Z,961,94.146253,94.24128,95.027,ok,1,
2026-09-29T13:54:48.112999Z,962,94.194252,94.288425,94.173,ok,0,
2026-09-29T13:54:48.161323Z,963,94.242254,94.336748,94.494,ok,1,
2026-09-29T13:54:48.209410Z,964,94.290253,94.384828,94.575,ok,0,
2026-09-29T13:54:48.257377Z,965,94.338251,94.432791,94.54,ok,1,
2026-09-29T13:54:48.305518Z,966,94.386253,94.480935,94.682,ok,0,
2026-09-29T13:54:48.353359Z,967,94.434254,94.528784,94.53,ok,1,
2026-09-29T13:54:48.401168Z,968,94.482252,94.576594,94.342,ok,0,
2026-09-29T13:54:48.449444Z,969,94.530251,94.624869,94.618,ok,1,
2026-09-29T13:54:48.497136Z,970,94.57825,94.672561,94.311,ok,0,
2026-09-29T13:54:48.545431Z,971,94.626253,94.720856,94.603,ok,1,
2026-09-29T13:54:48.593136Z,972,94.674253,94.768562,94.309,ok,0,
2026-09-29T13:54:48.641979Z,973,94.72225,94.817404,95.154,ok,1,
2026-09-29T13:54:48.689216Z,974,94.77025,94.864639,94.389,ok,0,
2026-09-29T13:54:48.737264Z,975,94.818254,94.91268,94.426,ok,1,
2026-09-29T13:54:48.785773Z,976,94.866252,94.961187,94.935,ok,0,
2026-09-29T13:54:48.833699Z,977,94.914251,95.009121,94.87,ok,1,
2026-09-29T13:54:48.881887Z,978,94.962249,95.057311,95.062,ok,0,
2026-09-29T13:54:48.933537Z,979,95.010253,95.108962,98.709,ok,1,
2026-09-29T13:54:48.977371Z,980,95.058251,95.152796,94.545,ok,0,
2026-09-29T13:54:49.029445Z,981,95.11025,95.20487,94.62,ok,1,
2026-09-29T13:54:49.077219Z,982,95.158253,95.252645,94.392,ok,0,
2026-09-29T13:54:49.125363Z,983,95.206253,95.300788,94.535,ok,1,
2026-09-29T13:54:49.173487Z,984,95.25425,95.348912,94.662,ok,0,
2026-09-29T13:54:49.221366Z,985,95.302251,95.396792,94.541,ok,1,
2026-09-29T13:54:49.269618Z,986,95.350252,95.445043,94.791,ok,0,
2026-09-29T13:54:49.317136Z,987,95.398251,95.492562,94.311,ok,1,
2026-09-29T13:54:49.366147Z,988,95.446253,95.541573,95.32,ok,0,
2026-09-29T13:54:49.413853Z,989,95.494253,95.589277,95.024,ok,1,
2026-09-29T13:54:49.461409Z,990,95.542253,95.636834,94.581,ok,0,
2026-09-29T13:54:49.509604Z,991,95.590254,95.685029,94.775,ok,1,
2026-09-29T13:54:49.557421Z,992,95.638249,95.732846,94.597,ok,0,
2026-09-29T13:54:49.605265Z,993,95.686253,95.78069,94.437,ok,1,
2026-09-29T13:54:49.653617Z,994,95.734249,95.829043,94.794,ok,0,
2026-09-29T13:54:49.702292Z,995,95.782252,95.877717,95.465,ok,1,
2026-09-29T13:54:49.749591Z,996,95.830252,95.925015,94.763,ok,0,
2026-09-29T13:54:49.797275Z,997,95.878251,95.9727,94.449,ok,1,
2026-09-29T13:54:49.845388Z,998,95.926247,96.020814,94.567,ok,0,
2026-09-29T13:54:49.894015Z,999,95.974251,96.069431,95.18,ok,1,
2026-09-29T13:54:49.942473Z,1000,96.022254,96.117898,95.644,ok,0,
2026-09-29T13:54:49.989852Z,1001,96.070254,96.165277,95.023,ok,1,
2026-09-29T13:54:50.037885Z,1002,96.11825,96.213297,95.047,ok,0,
2026-09-29T13:54:50.085751Z,1003,96.166253,96.261177,94.924,ok,1,
2026-09-29T13:54:50.133643Z,1004,96.21425,96.309068,94.818,ok,0,
2026-09-29T13:54:50.181787Z,1005,96.26225,96.357212,94.962,ok,1,
2026-09-29T13:54:50.229382Z,1006,96.310251,96.404807,94.556,ok,0,
2026-09-29T13:54:50.277180Z,1007,96.358249,96.452605,94.356,ok,1,
2026-09-29T13:54:50.325368Z,1008,96.40625,96.500794,94.544,ok,0,
2026-09-29T13:54:50.373240Z,1009,96.454254,96.548666,94.412,ok,1,
2026-09-29T13:54:50.421669Z,1010,96.502256,96.597094,94.838,ok,0,
2026-09-29T13:54:50.469934Z,1011,96.550252,96.64536,95.108,ok,1,
2026-09-29T13:54:50.517308Z,1012,96.59825,96.692733,94.483,ok,0,
2026-09-29T13:54:50.565717Z,1013,96.646251,96.741142,94.891,ok,1,
2026-09-29T13:54:50.613583Z,1014,96.694253,96.789008,94.755,ok,0,
2026-09-29T13:54:50.661510Z,1015,96.742252,96.836909,94.657,ok,1,
2026-09-29T13:54:50.711440Z,1016,96.790254,96.886865,96.611,ok,0,
2026-09-29T13:54:50.757998Z,1017,96.838272,96.933421,95.149,ok,1,
2026-09-29T13:54:50.807091Z,1018,96.888253,96.982516,94.263,ok,0,
2026-09-29T13:54:50.855135Z,1019,96.93625,97.030561,94.311,ok,1,
2026-09-29T13:54:50.903393Z,1020,96.98425,97.078819,94.569,ok,0,
2026-09-29T13:54:50.951053Z,1021,97.032251,97.126478,94.227,ok,1,
2026-09-29T13:54:50.999568Z,1022,97.080253,97.174993,94.74,ok,0,
2026-09-29T13:54:51.047225Z,1023,97.12825,97.22265,94.4,ok,1,
2026-09-29T13:54:51.095198Z,1024,97.176254,97.270623,94.369,ok,0,
2026-09-29T13:54:51.143375Z,1025,97.224252,97.3188,94.548,ok,1,
2026-09-29T13:54:51.191867Z,1026,97.272251,97.367292,95.041,ok,0,
2026-09-29T13:54:51.239944Z,1027,97.320255,97.415369,95.114,ok,1,
2026-09-29T13:54:51.287611Z,1028,97.368253,97.463037,94.784,ok,0,
2026-09-29T13:54:51.335582Z,1029,97.416252,97.511005,94.753,ok,1,
2026-09-29T13:54:51.383008Z,1030,97.464252,97.558432,94.18,ok,0,
2026-09-29T13:54:51.431515Z,1031,97.512251,97.606937,94.686,ok,1,
2026-09-29T13:54:51.479695Z,1032,97.560252,97.65512,94.868,ok,0,
2026-09-29T13:54:51.527256Z,1033,97.608252,97.702681,94.429,ok,1,
2026-09-29T13:54:51.575884Z,1034,97.656253,97.751311,95.058,ok,0,
2026-09-29T13:54:51.623892Z,1035,97.704253,97.799318,95.065,ok,1,
2026-09-29T13:54:51.671292Z,1036,97.752249,97.846716,94.467,ok,0,
2026-09-29T13:54:51.719658Z,1037,97.800253,97.895081,94.828,ok,1,
2026-09-29T13:54:51.767056Z,1038,97.848253,97.942481,94.228,ok,0,
2026-09-29T13:54:51.815023Z,1039,97.896252,97.990448,94.196,ok,1,
2026-09-29T13:54:51.863169Z,1040,97.944253,98.038592,94.339,ok,0,
2026-09-29T13:54:51.911187Z,1041,97.992255,98.086612,94.357,ok,1,
2026-09-29T13:54:51.958938Z,1042,98.040253,98.134363,94.11,ok,0,
2026-09-29T13:54:52.007182Z,1043,98.088253,98.182607,94.354,ok,1,
2026-09-29T13:54:52.055112Z,1044,98.136254,98.230538,94.284,ok,0,
2026-09-29T13:54:52.103055Z,1045,98.184254,98.278481,94.227,ok,1,
2026-09-29T13:54:52.151194Z,1046,98.232253,98.326609,94.356,ok,0,
2026-09-29T13:54:52.199001Z,1047,98.280255,98.374423,94.168,ok,1,
2026-09-29T13:54:52.247119Z,1048,98.328253,98.422541,94.288,ok,0,
2026-09-29T13:54:52.296369Z,1049,98.376253,98.471793,95.54,ok,1,
2026-09-29T13:54:52.343301Z,1050,98.424254,98.518727,94.473,ok,0,
2026-09-29T13:54:52.391314Z,1051,98.472251,98.566739,94.488,ok,1,
2026-09-29T13:54:52.438836Z,1052,98.520252,98.614261,94.009,ok,0,
2026-09-29T13:54:52.486858Z,1053,98.56825,98.662284,94.034,ok,1,
2026-09-29T13:54:52.534898Z,1054,98.616251,98.710313,94.062,ok,0,
2026-09-29T13:54:52.582896Z,1055,98.664252,98.758312,94.06,ok,1,
2026-09-29T13:54:52.631048Z,1056,98.712256,98.806474,94.218,ok,0,
2026-09-29T13:54:52.679568Z,1057,98.760254,98.854993,94.739,ok,1,
2026-09-29T13:54:52.727679Z,1058,98.808253,98.903104,94.851,ok,0,
2026-09-29T13:54:52.775293Z,1059,98.856252,98.950718,94.466,ok,1,
2026-09-29T13:54:52.823976Z,1060,98.904254,98.999402,95.148,ok,0,
2026-09-29T13:54:52.871319Z,1061,98.952253,99.046745,94.492,ok,1,
2026-09-29T13:54:52.918834Z,1062,99.000253,99.094259,94.006,ok,0,
2026-09-29T13:54:52.967003Z,1063,99.048252,99.142427,94.175,ok,1,
2026-09-29T13:54:53.016057Z,1064,99.096252,99.191483,95.231,ok,0,
2026-09-29T13:54:53.063008Z,1065,99.144251,99.23843,94.179,ok,1,
2026-09-29T13:54:53.111024Z,1066,99.192251,99.28644,94.189,ok,0,
2026-09-29T13:54:53.159016Z,1067,99.240254,99.334441,94.187,ok,1,
2026-09-29T13:54:53.207345Z,1068,99.28825,99.382755,94.505,ok,0,
2026-09-29T13:54:53.255721Z,1069,99.336252,99.431147,94.895,ok,1,
2026-09-29T13:54:53.303219Z,1070,99.384255,99.478645,94.39,ok,0,
2026-09-29T13:54:53.351309Z,1071,99.432253,99.526735,94.482,ok,1,
2026-09-29T13:54:53.399251Z,1072,99.480251,99.574677,94.426,ok,0,
2026-09-29T13:54:53.447458Z,1073,99.528249,99.622882,94.633,ok,1,
2026-09-29T13:54:53.495101Z,1074,99.576252,99.670526,94.274,ok,0,
2026-09-29T13:54:53.542995Z,1075,99.624261,99.71842,94.159,ok,1,
2026-09-29T13:54:53.591057Z,1076,99.672252,99.766482,94.23,ok,0,
2026-09-29T13:54:53.638993Z,1077,99.720252,99.814409,94.157,ok,1,
2026-09-29T13:54:53.687351Z,1078,99.768252,99.862759,94.507,ok,0,
2026-09-29T13:54:53.735047Z,1079,99.816252,99.910473,94.221,ok,1,
2026-09-29T13:54:53.783751Z,1080,99.864252,99.959176,94.924,ok,0,
2026-09-29T13:54:53.831027Z,1081,99.912253,100.006453,94.2,ok,1,
2026-09-29T13:54:53.879311Z,1082,99.960252,100.054726,94.474,ok,0,
2026-09-29T13:54:53.926876Z,1083,100.008254,100.102301,94.047,ok,1,
2026-09-29T13:54:53.975662Z,1084,100.056232,100.151088,94.856,ok,0,
2026-09-29T13:54:54.022904Z,1085,100.104253,100.19833,94.077,ok,1,
2026-09-29T13:54:54.071212Z,1086,100.152253,100.246637,94.384,ok,0,
2026-09-29T13:54:54.119255Z,1087,100.200255,100.29468,94.425,ok,1,
2026-09-29T13:54:54.167320Z,1088,100.248264,100.342744,94.48,ok,0,
2026-09-29T13:54:54.215353Z,1089,100.296253,100.390776,94.523,ok,1,
2026-09-29T13:54:54.263234Z,1090,100.344252,100.438644,94.392,ok,0,
2026-09-29T13:54:54.311428Z,1091,100.392249,100.486844,94.595,ok,1,
2026-09-29T13:54:54.358905Z,1092,100.440253,100.534329,94.076,ok,0,
2026-09-29T13:54:54.407155Z,1093,100.488251,100.58258,94.329,ok,1,
2026-09-29T13:54:54.455087Z,1094,100.536253,100.630512,94.259,ok,0,
2026-09-29T13:54:54.503198Z,1095,100.58425,100.678624,94.374,ok,1,
2026-09-29T13:54:54.551106Z,1096,100.632254,100.726531,94.277,ok,0,
2026-09-29T13:54:54.599014Z,1097,100.680252,100.77444,94.188,ok,1,
2026-09-29T13:54:54.646967Z,1098,100.728252,100.822393,94.141,ok,0,
2026-09-29T13:54:54.695346Z,1099,100.77625,100.870758,94.508,ok,1,
2026-09-29T13:54:54.743247Z,1100,100.824253,100.918671,94.418,ok,0,
2026-09-29T13:54:54.791240Z,1101,100.872253,100.966665,94.412,ok,1,
2026-09-29T13:54:54.839384Z,1102,100.920256,101.014809,94.553,ok,0,
2026-09-29T13:54:54.887021Z,1103,100.968253,101.062446,94.193,ok,1,
2026-09-29T13:54:54.935002Z,1104,101.016252,101.110427,94.175,ok,0,
2026-09-29T13:54:54.983132Z,1105,101.064253,101.158558,94.305,ok,1,
2026-09-29T13:54:55.031857Z,1106,101.112253,101.207282,95.029,ok,0,
2026-09-29T13:54:55.079188Z,1107,101.160253,101.254614,94.361,ok,1,
2026-09-29T13:54:55.126942Z,1108,101.208253,101.302368,94.115,ok,0,
2026-09-29T13:54:55.175424Z,1109,101.256253,101.35085,94.597,ok,1,
2026-09-29T13:54:55.222913Z,1110,101.304253,101.398338,94.085,ok,0,
2026-09-29T13:54:55.271781Z,1111,101.35225,101.447207,94.957,ok,1,
2026-09-29T13:54:55.322306Z,1112,101.400252,101.497731,97.479,ok,0,
2026-09-29T13:54:55.367005Z,1113,101.448253,101.54243,94.177,ok,1,
2026-09-29T13:54:55.416881Z,1114,101.498249,101.592307,94.058,ok,0,
2026-09-29T13:54:55.465502Z,1115,101.54625,101.640928,94.678,ok,1,
2026-09-29T13:54:55.513211Z,1116,101.594254,101.688636,94.382,ok,0,
2026-09-29T13:54:55.561416Z,1117,101.642251,101.736841,94.59,ok,1,
2026-09-29T13:54:55.609546Z,1118,101.690255,101.784971,94.716,ok,0,
2026-09-29T13:54:55.656922Z,1119,101.738253,101.832348,94.095,ok,1,
2026-09-29T13:54:55.705310Z,1120,101.78626,101.880736,94.476,ok,0,
2026-09-29T13:54:55.752863Z,1121,101.834251,101.928289,94.038,ok,1,
2026-09-29T13:54:55.801135Z,1122,101.88225,101.976561,94.311,ok,0,
2026-09-29T13:54:55.848680Z,1123,101.930253,102.024105,93.852,ok,1,
2026-09-29T13:54:55.897220Z,1124,101.97825,102.072646,94.396,ok,0,
2026-09-29T13:54:55.945052Z,1125,102.026253,102.120478,94.225,ok,1,
2026-09-29T13:54:55.993137Z,1126,102.074251,102.168563,94.312,ok,0,
2026-09-29T13:54:56.041407Z,1127,102.122253,102.216832,94.579,ok,1,
2026-09-29T13:54:56.089299Z,1128,102.170252,102.264724,94.472,ok,0,
2026-09-29T13:54:56.137395Z,1129,102.218253,102.312819,94.566,ok,1,
2026-09-29T13:54:56.185031Z,1130,102.266256,102.360455,94.199,ok,0,
2026-09-29T13:54:56.232997Z,1131,102.314251,102.408421,94.17,ok,1,
2026-09-29T13:54:56.281139Z,1132,102.362253,102.456553,94.3,ok,0,
2026-09-29T13:54:56.329106Z,1133,102.410252,102.504531,94.279,ok,1,
2026-09-29T13:54:56.376983Z,1134,102.458251,102.55241,94.159,ok,0,
2026-09-29T13:54:56.425023Z,1135,102.506252,102.600448,94.196,ok,1,
2026-09-29T13:54:56.473105Z,1136,102.554252,102.64853,94.278,ok,0,
2026-09-29T13:54:56.521162Z,1137,102.602252,102.696585,94.333,ok,1,
2026-09-29T13:54:56.568984Z,1138,102.650252,102.744408,94.156,ok,0,
2026-09-29T13:54:56.617144Z,1139,102.698248,102.792569,94.321,ok,1,
2026-09-29T13:54:56.665004Z,1140,102.746254,102.840429,94.175,ok,0,
2026-09-29T13:54:56.713007Z,1141,102.794251,102.888432,94.181,ok,1,
2026-09-29T13:54:56.761118Z,1142,102.842252,102.936543,94.291,ok,0,
2026-09-29T13:54:56.808735Z,1143,102.890256,102.984161,93.905,ok,1,
2026-09-29T13:54:56.856771Z,1144,102.938251,103.032196,93.945,ok,0,
2026-09-29T13:54:56.905413Z,1145,102.986254,103.080838,94.584,ok,1,
2026-09-29T13:54:56.953218Z,1146,103.034254,103.128644,94.39,ok,0,
2026-09-29T13:54:57.001571Z,1147,103.082251,103.176996,94.745,ok,1,
2026-09-29T13:54:57.054323Z,1148,103.13025,103.229748,99.498,ok,0,
2026-09-29T13:54:57.097276Z,1149,103.178251,103.272702,94.451,ok,1,
2026-09-29T13:54:57.149017Z,1150,103.23025,103.324433,94.183,ok,0,
2026-09-29T13:54:57.197314Z,1151,103.278248,103.372739,94.491,ok,1,
2026-09-29T13:54:57.245588Z,1152,103.326251,103.421013,94.762,ok,0,
2026-09-29T13:54:57.293051Z,1153,103.374251,103.468477,94.226,ok,1,
2026-09-29T13:54:57.340913Z,1154,103.422255,103.516339,94.084,ok,0,
2026-09-29T13:54:57.389229Z,1155,103.470252,103.564655,94.403,ok,1,
2026-09-29T13:54:57.437158Z,1156,103.518252,103.612583,94.331,ok,0,
2026-09-29T13:54:57.485048Z,1157,103.566252,103.660473,94.221,ok,1,
2026-09-29T13:54:57.532989Z,1158,103.614253,103.708415,94.162,ok,0,
2026-09-29T13:54:57.582211Z,1159,103.662254,103.757626,95.372,ok,1,
2026-09-29T13:54:57.630037Z,1160,103.710254,103.805461,95.207,ok,0,
2026-09-29T13:54:57.677086Z,1161,103.75825,103.852511,94.261,ok,1,
2026-09-29T13:54:57.724786Z,1162,103.806252,103.900211,93.959,ok,0,
2026-09-29T13:54:57.772613Z,1163,103.854251,103.948039,93.788,ok,1,
2026-09-29T13:54:57.821373Z,1164,103.902254,103.996799,94.545,ok,0,
2026-09-29T13:54:57.868872Z,1165,103.950253,104.044297,94.044,ok,1,
2026-09-29T13:54:57.917211Z,1166,103.99825,104.092636,94.386,ok,0,
2026-09-29T13:54:57.965101Z,1167,104.046251,104.140526,94.275,ok,1,
2026-09-29T13:54:58.013126Z,1168,104.094266,104.18855,94.284,ok,0,
2026-09-29T13:54:58.061415Z,1169,104.14225,104.236841,94.591,ok,1,
2026-09-29T13:54:58.108778Z,1170,104.190253,104.284203,93.95,ok,0,
2026-09-29T13:54:58.156901Z,1171,104.238253,104.332326,94.073,ok,1,
2026-09-29T13:54:58.204809Z,1172,104.286256,104.380234,93.978,ok,0,
2026-09-29T13:54:58.252973Z,1173,104.334253,104.428398,94.145,ok,1,
2026-09-29T13:54:58.301487Z,1174,104.382259,104.476913,94.654,ok,0,
2026-09-29T13:54:58.349401Z,1175,104.430261,104.524827,94.566,ok,1,
2026-09-29T13:54:58.396765Z,1176,104.478251,104.572192,93.941,ok,0,
2026-09-29T13:54:58.445663Z,1177,104.526254,104.621089,94.835,ok,1,
2026-09-29T13:54:58.492987Z,1178,104.574252,104.668412,94.16,ok,0,
2026-09-29T13:54:58.540943Z,1179,104.622251,104.716366,94.115,ok,1,
2026-09-29T13:54:58.588978Z,1180,104.67026,104.764403,94.143,ok,0,
2026-09-29T13:54:58.637186Z,1181,104.718254,104.812612,94.358,ok,1,
2026-09-29T13:54:58.685433Z,1182,104.766249,104.860859,94.61,ok,0,
2026-09-29T13:54:58.732868Z,1183,104.814252,104.908292,94.04,ok,1,
2026-09-29T13:54:58.781895Z,1184,104.86225,104.957319,95.069,ok,0,
2026-09-29T13:54:58.829113Z,1185,104.910252,105.004538,94.286,ok,1,
2026-09-29T13:54:58.876991Z,1186,104.958253,105.052407,94.154,ok,0,
2026-09-29T13:54:58.925106Z,1187,105.006253,105.10053,94.277,ok,1,
2026-09-29T13:54:58.973245Z,1188,105.054255,105.148671,94.416,ok,0,
2026-09-29T13:54:59.021176Z,1189,105.102251,105.196601,94.35,ok,1,
2026-09-29T13:54:59.069384Z,1190,105.150254,105.24481,94.556,ok,0,
2026-09-29T13:54:59.117218Z,1191,105.198252,105.292644,94.392,ok,1,
2026-09-29T13:54:59.165298Z,1192,105.246251,105.340724,94.473,ok,0,
2026-09-29T13:54:59.212966Z,1193,105.294251,105.38839,94.139,ok,1,
2026-09-29T13:54:59.261267Z,1194,105.342251,105.436692,94.441,ok,0,
2026-09-29T13:54:59.309269Z,1195,105.390252,105.484695,94.443,ok,1,
2026-09-29T13:54:59.357067Z,1196,105.43825,105.532493,94.243,ok,0,
2026-09-29T13:54:59.405091Z,1197,105.486259,105.580517,94.258,ok,1,
2026-09-29T13:54:59.453054Z,1198,105.534253,105.628479,94.226,ok,0,
2026-09-29T13:54:59.500764Z,1199,105.582252,105.676189,93.937,ok,1,
2026-09-29T13:54:59.549166Z,1200,105.63025,105.724592,94.342,ok,0,
2026-09-29T13:54:59.597481Z,1201,105.678253,105.772906,94.653,ok,1,
2026-09-29T13:54:59.645587Z,1202,105.726254,105.821013,94.759,ok,0,
2026-09-29T13:54:59.693047Z,1203,105.774254,105.868471,94.217,ok,1,
2026-09-29T13:54:59.741000Z,1204,105.822252,105.916426,94.174,ok,0,
2026-09-29T13:54:59.789361Z,1205,105.870253,105.964787,94.534,ok,1,
2026-09-29T13:54:59.837147Z,1206,105.918254,106.012573,94.319,ok,0,
2026-09-29T13:54:59.885191Z,1207,105.966251,106.060617,94.366,ok,1,
2026-09-29T13:54:59.933254Z,1208,106.014252,106.108679,94.427,ok,0,
2026-09-29T13:54:59.981436Z,1209,106.062255,106.156862,94.607,ok,1,
2026-09-29T13:55:00.029147Z,1210,106.110244,106.204573,94.329,ok,0,
2026-09-29T13:55:00.077372Z,1211,106.15825,106.252798,94.548,ok,1,
2026-09-29T13:55:00.125219Z,1212,106.206253,106.300645,94.392,ok,0,
2026-09-29T13:55:00.173473Z,1213,106.254249,106.348898,94.649,ok,1,
2026-09-29T13:55:00.234700Z,1214,106.302251,106.410125,107.874,ok,0,
2026-09-29T13:55:00.269594Z,1215,106.350251,106.445019,94.768,ok,1,
2026-09-29T13:55:00.329312Z,1216,106.410254,106.504728,94.474,ok,0,
2026-09-29T13:55:00.378071Z,1217,106.458809,106.553497,94.688,ok,1,
2026-09-29T13:55:00.425001Z,1218,106.506206,106.600425,94.219,ok,0,
2026-09-29T13:55:00.472954Z,1219,106.554253,106.648378,94.125,ok,1,
2026-09-29T13:55:00.521236Z,1220,106.602253,106.696662,94.409,ok,0,
2026-09-29T13:55:00.569081Z,1221,106.650249,106.744507,94.258,ok,1,
2026-09-29T13:55:00.617251Z,1222,106.698251,106.792676,94.425,ok,0,
2026-09-29T13:55:00.665381Z,1223,106.746253,106.840807,94.554,ok,1,
2026-09-29T13:55:00.713085Z,1224,106.79425,106.888511,94.261,ok,0,
2026-09-29T13:55:00.761440Z,1225,106.84225,106.936865,94.615,ok,1,
2026-09-29T13:55:00.809076Z,1226,106.890252,106.984489,94.237,ok,0,
2026-09-29T13:55:00.857161Z,1227,106.938248,107.032588,94.34,ok,1,
2026-09-29T13:55:00.905305Z,1228,106.986248,107.08073,94.482,ok,0,
2026-09-29T13:55:00.952927Z,1229,107.034253,107.128353,94.1,ok,1,
2026-09-29T13:55:01.001022Z,1230,107.082258,107.176437,94.179,ok,0,
2026-09-29T13:55:01.049360Z,1231,107.13025,107.224786,94.536,ok,1,
2026-09-29T13:55:01.097253Z,1232,107.178253,107.272679,94.426,ok,0,
2026-09-29T13:55:01.145354Z,1233,107.226261,107.320778,94.517,ok,1,
2026-09-29T13:55:01.193956Z,1234,107.274251,107.369381,95.13,ok,0,
2026-09-29T13:55:01.241079Z,1235,107.322252,107.416504,94.252,ok,1,
2026-09-29T13:55:01.295777Z,1236,107.370251,107.471203,100.952,ok,0,
2026-09-29T13:55:01.337106Z,1237,107.418252,107.512532,94.28,ok,1,
2026-09-29T13:55:01.391024Z,1238,107.472252,107.56645,94.198,ok,0,
2026-09-29T13:55:01.439140Z,1239,107.520246,107.614564,94.318,ok,1,
2026-09-29T13:55:01.487144Z,1240,107.568252,107.662569,94.317,ok,0,
2026-09-29T13:55:01.535347Z,1241,107.616249,107.710756,94.507,ok,1,
2026-09-29T13:55:01.583242Z,1242,107.664252,107.758668,94.416,ok,0,
2026-09-29T13:55:01.631196Z,1243,107.712251,107.806621,94.37,ok,1,
2026-09-29T13:55:01.679207Z,1244,107.760251,107.854633,94.382,ok,0,
2026-09-29T13:55:01.727165Z,1245,107.808252,107.902591,94.339,ok,1,
2026-09-29T13:55:01.775196Z,1246,107.856252,107.950621,94.369,ok,0,
2026-09-29T13:55:01.823122Z,1247,107.904254,107.998548,94.294,ok,1,
2026-09-29T13:55:01.870973Z,1248,107.952253,108.046398,94.145,ok,0,
2026-09-29T13:55:01.948495Z,1249,108.000252,108.12392,123.668,ok,1,
2026-09-29T13:55:01.967111Z,1250,108.048253,108.142537,94.284,ok,0,
2026-09-29T13:55:02.043142Z,1251,108.124251,108.218567,94.316,ok,1,
2026-09-29T13:55:02.091179Z,1252,108.172248,108.266605,94.357,ok,0,
2026-09-29T13:55:02.139010Z,1253,108.220254,108.314436,94.182,ok,1,
2026-09-29T13:55:02.187046Z,1254,108.268252,108.362471,94.219,ok,0,
2026-09-29T13:55:02.235031Z,1255,108.316256,108.410456,94.2,ok,1,
2026-09-29T13:55:02.283057Z,1256,108.364255,108.458483,94.228,ok,0,
2026-09-29T13:55:02.331386Z,1257,108.412252,108.506812,94.56,ok,1,
2026-09-29T13:55:02.378925Z,1258,108.460251,108.55435,94.099,ok,0,
2026-09-29T13:55:02.426987Z,1259,108.508253,108.602411,94.158,ok,1,
2026-09-29T13:55:02.475355Z,1260,108.55625,108.65078,94.53,ok,0,
2026-09-29T13:55:02.522772Z,1261,108.604254,108.698197,93.943,ok,1,
2026-09-29T13:55:02.570779Z,1262,108.652251,108.746204,93.953,ok,0,
2026-09-29T13:55:02.619041Z,1263,108.70025,108.794466,94.216,ok,1,
2026-09-29T13:55:02.666739Z,1264,108.748253,108.842163,93.91,ok,0,
2026-09-29T13:55:02.715518Z,1265,108.796251,108.890944,94.693,ok,1,
2026-09-29T13:55:02.763036Z,1266,108.844252,108.938461,94.209,ok,0,
2026-09-29T13:55:02.810940Z,1267,108.892249,108.986366,94.117,ok,1,
2026-09-29T13:55:02.859096Z,1268,108.940255,109.034521,94.266,ok,0,
2026-09-29T13:55:02.907176Z,1269,108.988253,109.082601,94.348,ok,1,
2026-09-29T13:55:02.954999Z,1270,109.036251,109.130425,94.174,ok,0,
2026-09-29T13:55:03.003196Z,1271,109.084252,109.178621,94.369,ok,1,
2026-09-29T13:55:03.050896Z,1272,109.13225,109.226322,94.072,ok,0,
2026-09-29T13:55:03.099031Z,1273,109.180251,109.274454,94.203,ok,1,
2026-09-29T13:55:03.146831Z,1274,109.228254,109.322257,94.003,ok,0,
2026-09-29T13:55:03.194808Z,1275,109.276252,109.370233,93.981,ok,1,
2026-09-29T13:55:03.242811Z,1276,109.324252,109.418237,93.985,ok,0,
2026-09-29T13:55:03.292197Z,1277,109.37225,109.467623,95.373,ok,1,
2026-09-29T13:55:03.339376Z,1278,109.420253,109.514802,94.549,ok,0,
2026-09-29T13:55:03.387379Z,1279,109.468251,109.562805,94.554,ok,1,
2026-09-29T13:55:03.434750Z,1280,109.516252,109.610176,93.924,ok,0,
2026-09-29T13:55:03.483190Z,1281,109.564254,109.658616,94.362,ok,1,
2026-09-29T13:55:03.531391Z,1282,109.612254,109.706807,94.553,ok,0,
2026-09-29T13:55:03.579323Z,1283,109.660252,109.754745,94.493,ok,1,
2026-09-29T13:55:03.627346Z,1284,109.708259,109.802752,94.493,ok,0,
2026-09-29T13:55:03.675042Z,1285,109.756252,109.850466,94.214,ok,1,
2026-09-29T13:55:03.723316Z,1286,109.804259,109.898732,94.473,ok,0,
2026-09-29T13:55:03.771100Z,1287,109.852249,109.946523,94.274,ok,1,
2026-09-29T13:55:03.819074Z,1288,109.900253,109.994491,94.238,ok,0,
2026-09-29T13:55:03.867433Z,1289,109.948272,110.042853,94.581,ok,1,
2026-09-29T13:55:03.915425Z,1290,109.996256,110.090846,94.59,ok,0,
2026-09-29T13:55:03.963082Z,1291,110.044255,110.138504,94.249,ok,1,
2026-09-29T13:55:04.011186Z,1292,110.092254,110.186611,94.357,ok,0,
2026-09-29T13:55:04.059191Z,1293,110.140257,110.234613,94.356,ok,1,
2026-09-29T13:55:04.107352Z,1294,110.188253,110.282752,94.499,ok,0,
2026-09-29T13:55:04.155547Z,1295,110.236253,110.330965,94.712,ok,1,
2026-09-29T13:55:04.202848Z,1296,110.284255,110.378268,94.013,ok,0,
2026-09-29T13:55:04.251485Z,1297,110.332252,110.426908,94.656,ok,1,
2026-09-29T13:55:04.299561Z,1298,110.380254,110.474986,94.732,ok,0,
2026-09-29T13:55:04.347240Z,1299,110.428251,110.522666,94.415,ok,1,
2026-09-29T13:55:04.420240Z,1300,110.476252,110.595665,119.413,ok,0,
2026-09-29T13:55:04.443564Z,1301,110.524251,110.618989,94.738,ok,1,
2026-09-29T13:55:04.516725Z,1302,110.59625,110.692151,95.901,ok,0,
2026-09-29T13:55:04.565551Z,1303,110.644246,110.740977,96.731,ok,1,
2026-09-29T13:55:04.611259Z,1304,110.692267,110.786685,94.418,ok,0,
2026-09-29T13:55:04.660828Z,1305,110.742252,110.836253,94.001,ok,1,
2026-09-29T13:55:04.709741Z,1306,110.790253,110.885166,94.913,ok,0,
2026-09-29T13:55:04.757165Z,1307,110.838255,110.93259,94.335,ok,1,
2026-09-29T13:55:04.804802Z,1308,110.886252,110.980227,93.975,ok,0,
2026-09-29T13:55:04.852892Z,1309,110.934251,111.028317,94.066,ok,1,
2026-09-29T13:55:04.901014Z,1310,110.982253,111.076439,94.186,ok,0,
2026-09-29T13:55:04.949162Z,1311,111.030254,111.124587,94.333,ok,1,
2026-09-29T13:55:04.996741Z,1312,111.078252,111.172166,93.914,ok,0,
2026-09-29T13:55:05.045380Z,1313,111.126256,111.220806,94.55,ok,1,
2026-09-29T13:55:05.092722Z,1314,111.174254,111.268138,93.884,ok,0,
2026-09-29T13:55:05.141141Z,1315,111.222252,111.316567,94.315,ok,1,
2026-09-29T13:55:05.188735Z,1316,111.270249,111.364161,93.912,ok,0,
2026-09-29T13:55:05.236771Z,1317,111.318254,111.412196,93.942,ok,1,
2026-09-29T13:55:05.285082Z,1318,111.366254,111.460498,94.244,ok,0,
2026-09-29T13:55:05.332906Z,1319,111.414254,111.50833,94.076,ok,1,
2026-09-29T13:55:05.381440Z,1320,111.462252,111.556864,94.612,ok,0,
2026-09-29T13:55:05.429733Z,1321,111.510452,111.605158,94.706,ok,1,
2026-09-29T13:55:05.476987Z,1322,111.558252,111.652412,94.16,ok,0,
2026-09-29T13:55:05.525383Z,1323,111.606251,111.700808,94.557,ok,1,
2026-09-29T13:55:05.572836Z,1324,111.654253,111.748259,94.006,ok,0,
2026-09-29T13:55:05.621023Z,1325,111.702254,111.796446,94.192,ok,1,
2026-09-29T13:55:05.669009Z,1326,111.750263,111.844434,94.171,ok,0,
2026-09-29T13:55:05.716808Z,1327,111.798253,111.892234,93.981,ok,1,
2026-09-29T13:55:05.765443Z,1328,111.846251,111.940868,94.617,ok,0,
2026-09-29T13:55:05.813405Z,1329,111.894254,111.988831,94.577,ok,1,
2026-09-29T13:55:05.861543Z,1330,111.942253,112.036969,94.716,ok,0,
2026-09-29T13:55:05.909485Z,1331,111.990256,112.084911,94.655,ok,1,
2026-09-29T13:55:05.957311Z,1332,112.03825,112.132736,94.486,ok,0,
2026-09-29T13:55:06.005185Z,1333,112.086254,112.18061,94.356,ok,1,
2026-09-29T13:55:06.053382Z,1334,112.134256,112.228808,94.552,ok,0,
2026-09-29T13:55:06.101809Z,1335,112.182253,112.277235,94.982,ok,1,
2026-09-29T13:55:06.148766Z,1336,112.230251,112.324191,93.94,ok,0,
2026-09-29T13:55:06.196817Z,1337,112.278251,112.372241,93.99,ok,1,
2026-09-29T13:55:06.244764Z,1338,112.326254,112.420189,93.935,ok,0,
2026-09-29T13:55:06.293685Z,1339,112.374252,112.469111,94.859,ok,1,
2026-09-29T13:55:06.340766Z,1340,112.42225,112.516191,93.941,ok,0,
2026-09-29T13:55:06.389570Z,1341,112.470252,112.564995,94.743,ok,1,
2026-09-29T13:55:06.437584Z,1342,112.518255,112.61301,94.755,ok,0,
2026-09-29T13:55:06.485473Z,1343,112.566251,112.660898,94.647,ok,1,
2026-09-29T13:55:06.533179Z,1344,112.614227,112.708605,94.378,ok,0,
2026-09-29T13:55:06.581361Z,1345,112.662253,112.756786,94.533,ok,1,
2026-09-29T13:55:06.629207Z,1346,112.710251,112.804632,94.381,ok,0,
2026-09-29T13:55:06.676982Z,1347,112.758249,112.852407,94.158,ok,1,
2026-09-29T13:55:06.725051Z,1348,112.806255,112.900476,94.221,ok,0,
2026-09-29T13:55:06.772782Z,1349,112.854251,112.948208,93.957,ok,1,
2026-09-29T13:55:06.821769Z,1350,112.902253,112.997195,94.942,ok,0,
2026-09-29T13:55:06.868836Z,1351,112.950252,113.044262,94.01,ok,1,
2026-09-29T13:55:06.916768Z,1352,112.998254,113.092194,93.94,ok,0,
2026-09-29T13:55:06.965376Z,1353,113.046255,113.140801,94.546,ok,1,
2026-09-29T13:55:07.013081Z,1354,113.094255,113.188507,94.252,ok,0,
2026-09-29T13:55:07.061456Z,1355,113.142251,113.236882,94.631,ok,1,
2026-09-29T13:55:07.109452Z,1356,113.190253,113.284877,94.624,ok,0,
2026-09-29T13:55:07.156913Z,1357,113.238251,113.332339,94.088,ok,1,
2026-09-29T13:55:07.205370Z,1358,113.286251,113.380796,94.545,ok,0,
2026-09-29T13:55:07.253622Z,1359,113.334252,113.429048,94.796,ok,1,
2026-09-29T13:55:07.301189Z,1360,113.382251,113.476614,94.363,ok,0,
2026-09-29T13:55:07.348819Z,1361,113.430254,113.524243,93.989,ok,1,
2026-09-29T13:55:07.397141Z,1362,113.478253,113.572566,94.313,ok,0,
2026-09-29T13:55:07.445090Z,1363,113.526253,113.620514,94.261,ok,1,
2026-09-29T13:55:07.493601Z,1364,113.574252,113.669026,94.774,ok,0,
2026-09-29T13:55:07.541053Z,1365,113.622252,113.716478,94.226,ok,1,
2026-09-29T13:55:07.590018Z,1366,113.670254,113.765443,95.189,ok,0,
2026-09-29T13:55:07.636836Z,1367,113.718252,113.812261,94.009,ok,1,
2026-09-29T13:55:07.685602Z,1368,113.766251,113.861028,94.777,ok,0,
2026-09-29T13:55:07.733558Z,1369,113.814252,113.908983,94.731,ok,1,
2026-09-29T13:55:07.781394Z,1370,113.862253,113.95682,94.567,ok,0,
2026-09-29T13:55:07.828982Z,1371,113.910251,114.004408,94.157,ok,1,
2026-09-29T13:55:07.877492Z,1372,113.958251,114.052909,94.658,ok,0,
2026-09-29T13:55:07.925487Z,1373,114.006253,114.100912,94.659,ok,1,
2026-09-29T13:55:07.973613Z,1374,114.054252,114.149039,94.787,ok,0,
2026-09-29T13:55:08.021363Z,1375,114.102253,114.196788,94.535,ok,1,
2026-09-29T13:55:08.069894Z,1376,114.150252,114.24532,95.068,ok,0,
2026-09-29T13:55:08.117281Z,1377,114.198251,114.292705,94.454,ok,1,
2026-09-29T13:55:08.165405Z,1378,114.24625,114.340831,94.581,ok,0,
2026-09-29T13:55:08.213300Z,1379,114.294253,114.388725,94.472,ok,1,
2026-09-29T13:55:08.261576Z,1380,114.34225,114.437001,94.751,ok,0,
2026-09-29T13:55:08.309076Z,1381,114.390253,114.484487,94.234,ok,1,
2026-09-29T13:55:08.357048Z,1382,114.438251,114.532473,94.222,ok,0,
2026-09-29T13:55:08.405846Z,1383,114.486256,114.581272,95.016,ok,1,
2026-09-29T13:55:08.453124Z,1384,114.534253,114.628548,94.295,ok,0,
2026-09-29T13:55:08.501777Z,1385,114.582252,114.677203,94.951,ok,1,
2026-09-29T13:55:08.550811Z,1386,114.630251,114.726236,95.985,ok,0,
2026-09-29T13:55:08.596999Z,1387,114.678255,114.772424,94.169,ok,1,
2026-09-29T13:55:08.645430Z,1388,114.726321,114.820856,94.535,ok,0,
2026-09-29T13:55:08.693418Z,1389,114.774253,114.868843,94.59,ok,1,
2026-09-29T13:55:08.742132Z,1390,114.822254,114.917557,95.303,ok,0,
2026-09-29T13:55:08.791972Z,1391,114.870251,114.967398,97.147,ok,1,
2026-09-29T13:55:08.837828Z,1392,114.918251,115.013253,95.002,ok,0,
2026-09-29T13:55:08.888470Z,1393,114.968252,115.063895,95.643,ok,1,
2026-09-29T13:55:08.935270Z,1394,115.016253,115.110696,94.443,ok,0,
2026-09-29T13:55:08.982982Z,1395,115.064253,115.158408,94.155,ok,1,
2026-09-29T13:55:09.031938Z,1396,115.11225,115.207362,95.112,ok,0,
2026-09-29T13:55:09.079732Z,1397,115.160252,115.255156,94.904,ok,1,
2026-09-29T13:55:09.130007Z,1398,115.208253,115.305432,97.179,ok,0,
2026-09-29T13:55:09.176067Z,1399,115.256252,115.351493,95.241,ok,1,
2026-09-29T13:55:09.226637Z,1400,115.306252,115.402063,95.811,ok,0,
2026-09-29T13:55:09.274461Z,1401,115.354253,115.449883,95.63,ok,1,
2026-09-29T13:55:09.322029Z,1402,115.402257,115.497455,95.198,ok,0,
2026-09-29T13:55:09.369827Z,1403,115.450251,115.545253,95.002,ok,1,
2026-09-29T13:55:09.417521Z,1404,115.498252,115.592947,94.695,ok,0,
2026-09-29T13:55:09.466426Z,1405,115.546252,115.641852,95.6,ok,1,
2026-09-29T13:55:09.513836Z,1406,115.594252,115.689261,95.009,ok,0,
2026-09-29T13:55:09.570885Z,1407,115.642249,115.746309,104.06,ok,1,
2026-09-29T13:55:09.610881Z,1408,115.690253,115.786307,96.054,ok,0,
2026-09-29T13:55:09.670867Z,1409,115.748255,115.846292,98.037,ok,1,
2026-09-29T13:55:09.716036Z,1410,115.796247,115.891461,95.214,ok,0,
2026-09-29T13:55:09.768772Z,1411,115.848254,115.944197,95.943,ok,1,
2026-09-29T13:55:09.815520Z,1412,115.89625,115.990945,94.695,ok,0,
2026-09-29T13:55:09.863931Z,1413,115.94428,116.039357,95.077,ok,1,
2026-09-29T13:55:09.911671Z,1414,115.992251,116.087093,94.842,ok,0,
2026-09-29T13:55:09.959530Z,1415,116.040252,116.134955,94.703,ok,1,
2026-09-29T13:55:10.007762Z,1416,116.088252,116.183188,94.936,ok,0,
2026-09-29T13:55:10.055752Z,1417,116.13625,116.231178,94.928,ok,1,
2026-09-29T13:55:10.103440Z,1418,116.184252,116.278865,94.613,ok,0,
2026-09-29T13:55:10.151699Z,1419,116.232252,116.327125,94.873,ok,1,
2026-09-29T13:55:10.199366Z,1420,116.280253,116.374791,94.538,ok,0,
2026-09-29T13:55:10.247680Z,1421,116.328255,116.423106,94.851,ok,1,
2026-09-29T13:55:10.296640Z,1422,116.376251,116.472065,95.814,ok,0,
2026-09-29T13:55:10.343302Z,1423,116.424253,116.518728,94.475,ok,1,
2026-09-29T13:55:10.391818Z,1424,116.472255,116.567241,94.986,ok,0,
2026-09-29T13:55:10.439087Z,1425,116.520251,116.614512,94.261,ok,1,
2026-09-29T13:55:10.490872Z,1426,116.568266,116.666298,98.032,ok,0,
2026-09-29T13:55:10.539871Z,1427,116.616251,116.715296,99.045,ok,1,
2026-09-29T13:55:10.590213Z,1428,116.668252,116.765639,97.387,ok,0,
2026-09-29T13:55:10.640764Z,1429,116.716249,116.81619,99.941,ok,1,
2026-09-29T13:55:10.686057Z,1430,116.766252,116.861482,95.23,ok,0,
2026-09-29T13:55:10.740968Z,1431,116.818257,116.916388,98.131,ok,1,
2026-09-29T13:55:10.785834Z,1432,116.866252,116.96126,95.008,ok,0,
2026-09-29T13:55:10.837251Z,1433,116.918236,117.012677,94.441,ok,1,
2026-09-29T13:55:10.885591Z,1434,116.96625,117.061017,94.767,ok,0,
2026-09-29T13:55:10.933020Z,1435,117.014251,117.108446,94.195,ok,1,
2026-09-29T13:55:10.982547Z,1436,117.062252,117.157973,95.721,ok,0,
2026-09-29T13:55:11.029317Z,1437,117.110252,117.204744,94.492,ok,1,
2026-09-29T13:55:11.077433Z,1438,117.15825,117.252859,94.609,ok,0,
2026-09-29T13:55:11.125952Z,1439,117.20625,117.301377,95.127,ok,1,
2026-09-29T13:55:11.173840Z,1440,117.254252,117.349266,95.014,ok,0,
2026-09-29T13:55:11.221691Z,1441,117.302249,117.397117,94.868,ok,1,
2026-09-29T13:55:11.271798Z,1442,117.35025,117.447224,96.974,ok,0,
2026-09-29T13:55:11.318480Z,1443,117.398254,117.493905,95.651,ok,1,
2026-09-29T13:55:11.368507Z,1444,117.448253,117.543933,95.68,ok,0,
2026-09-29T13:55:11.416216Z,1445,117.496257,117.591642,95.385,ok,1,
2026-09-29T13:55:11.463575Z,1446,117.54425,117.639001,94.751,ok,0,
2026-09-29T13:55:11.511509Z,1447,117.592251,117.686935,94.684,ok,1,
2026-09-29T13:55:11.559322Z,1448,117.640254,117.734747,94.493,ok,0,
2026-09-29T13:55:11.607815Z,1449,117.688251,117.78324,94.989,ok,1,
2026-09-29T13:55:11.659106Z,1450,117.736258,117.834532,98.274,ok,0,
2026-09-29T13:55:11.703196Z,1451,117.784254,117.878621,94.367,ok,1,
2026-09-29T13:55:11.758099Z,1452,117.83625,117.933523,97.273,ok,0,
2026-09-29T13:55:11.803279Z,1453,117.884253,117.978703,94.45,ok,1,
2026-09-29T13:55:11.853004Z,1454,117.934254,118.028429,94.175,ok,0,
2026-09-29T13:55:11.902931Z,1455,117.982251,118.078355,96.104,ok,1,
2026-09-29T13:55:11.949386Z,1456,118.030255,118.124811,94.556,ok,0,
2026-09-29T13:55:12.000083Z,1457,118.08025,118.175508,95.258,ok,1,
2026-09-29T13:55:12.049229Z,1458,118.12825,118.224655,96.405,ok,0,
2026-09-29T13:55:12.095561Z,1459,118.176253,118.270986,94.733,ok,1,
2026-09-29T13:55:12.145481Z,1460,118.226252,118.320907,94.655,ok,0,
2026-09-29T13:55:12.193943Z,1461,118.274249,118.369369,95.12,ok,1,
2026-09-29T13:55:12.241894Z,1462,118.322253,118.417319,95.066,ok,0,
2026-09-29T13:55:12.289639Z,1463,118.370252,118.465065,94.813,ok,1,
2026-09-29T13:55:12.337206Z,1464,118.418251,118.512632,94.381,ok,0,
2026-09-29T13:55:12.385661Z,1465,118.466255,118.56108,94.825,ok,1,
2026-09-29T13:55:12.433837Z,1466,118.514241,118.609258,95.017,ok,0,
2026-09-29T13:55:12.481503Z,1467,118.562248,118.656924,94.676,ok,1,
2026-09-29T13:55:12.529459Z,1468,118.610253,118.704882,94.629,ok,0,
2026-09-29T13:55:12.577652Z,1469,118.658253,118.753077,94.824,ok,1,
2026-09-29T13:55:12.625813Z,1470,118.706253,118.801235,94.982,ok,0,
2026-09-29T13:55:12.673136Z,1471,118.754254,118.848562,94.308,ok,1,
2026-09-29T13:55:12.722498Z,1472,118.80225,118.897922,95.672,ok,0,
2026-09-29T13:55:12.769371Z,1473,118.850253,118.944796,94.543,ok,1,
2026-09-29T13:55:12.817209Z,1474,118.898252,118.992634,94.382,ok,0,
2026-09-29T13:55:12.865476Z,1475,118.946254,119.040901,94.647,ok,1,
2026-09-29T13:55:12.913470Z,1476,118.994252,119.088895,94.643,ok,0,
2026-09-29T13:55:12.962176Z,1477,119.042253,119.137602,95.349,ok,1,
2026-09-29T13:55:13.009173Z,1478,119.090254,119.184598,94.344,ok,0,
2026-09-29T13:55:13.058200Z,1479,119.13825,119.233626,95.376,ok,1,
2026-09-29T13:55:13.105657Z,1480,119.186252,119.281078,94.826,ok,0,
2026-09-29T13:55:13.153089Z,1481,119.23425,119.32851,94.26,ok,1,
2026-09-29T13:55:13.201707Z,1482,119.282256,119.377133,94.877,ok,0,
2026-09-29T13:55:13.249239Z,1483,119.330251,119.424665,94.414,ok,1,
2026-09-29T13:55:13.297545Z,1484,119.378252,119.472971,94.719,ok,0,
2026-09-29T13:55:13.345542Z,1485,119.426251,119.520968,94.717,ok,1,
2026-09-29T13:55:13.393951Z,1486,119.47425,119.569377,95.127,ok,0,
2026-09-29T13:55:13.441164Z,1487,119.52225,119.616589,94.339,ok,1,
2026-09-29T13:55:13.489575Z,1488,119.570253,119.664998,94.745,ok,0,
2026-09-29T13:55:13.537207Z,1489,119.618252,119.712631,94.379,ok,1,
2026-09-29T13:55:13.585935Z,1490,119.666253,119.761349,95.096,ok,0,
2026-09-29T13:55:13.633764Z,1491,119.714251,119.809186,94.935,ok,1,
2026-09-29T13:55:13.681706Z,1492,119.762252,119.857128,94.876,ok,0,
2026-09-29T13:55:13.729396Z,1493,119.810249,119.904813,94.564,ok,1,
2026-09-29T13:55:13.777525Z,1494,119.858251,119.952944,94.693,ok,0,
2026-09-29T13:55:13.825992Z,1495,119.906253,120.001415,95.162,ok,1,
2026-09-29T13:55:13.873220Z,1496,119.954248,120.048644,94.396,ok,0,
2026-09-29T13:55:13.921020Z,1497,120.002253,120.096443,94.19,ok,1,
2026-09-29T13:55:13.968972Z,1498,120.050252,120.144385,94.133,ok,0,
2026-09-29T13:55:14.017079Z,1499,120.098254,120.192505,94.251,ok,1,
2026-09-29T13:55:14.065231Z,1500,120.146251,120.240651,94.4,ok,0,
2026-09-29T13:55:14.114313Z,1501,120.194253,120.289735,95.482,ok,1,
2026-09-29T13:55:14.165910Z,1502,120.242249,120.341324,99.075,ok,0,
2026-09-29T13:55:14.209425Z,1503,120.29025,120.384848,94.598,ok,1,
2026-09-29T13:55:14.261211Z,1504,120.342253,120.436624,94.371,ok,0,
2026-09-29T13:55:14.309891Z,1505,120.39025,120.485317,95.067,ok,1,
2026-09-29T13:55:14.357359Z,1506,120.438255,120.532784,94.529,ok,0,
2026-09-29T13:55:14.405377Z,1507,120.486251,120.580798,94.547,ok,1,
2026-09-29T13:55:14.458914Z,1508,120.534252,120.63434,100.088,ok,0,
2026-09-29T13:55:14.501189Z,1509,120.582265,120.676611,94.346,ok,1,
2026-09-29T13:55:14.556252Z,1510,120.636251,120.731671,95.42,ok,0,
2026-09-29T13:55:14.603758Z,1511,120.684268,120.779171,94.903,ok,1,
2026-09-29T13:55:14.652357Z,1512,120.73225,120.827783,95.533,ok,0,
2026-09-29T13:55:14.699761Z,1513,120.780251,120.875186,94.935,ok,1,
