ts_utc,seq_id,dispatch_offset_s,complete_offset_s,duration_ms,outcome,worker,detail
2026-09-23T20:40:22.421817Z,2,10.362735,10.970519,607.784,ok,1,
2026-09-23T20:40:22.422138Z,1,10.358657,10.970846,612.189,ok,0,
2026-09-23T20:40:22.534899Z,3,10.970662,11.083608,112.946,ok,1,
2026-09-23T20:40:22.840593Z,4,11.274658,11.389302,114.644,ok,1,
2026-09-23T20:40:23.143335Z,5,11.578656,11.692042,113.386,ok,1,
2026-09-23T20:40:23.257716Z,6,11.692655,11.806424,113.769,ok,0,
2026-09-23T20:40:23.314692Z,7,11.750654,11.8634,112.746,ok,1,
2026-09-23T20:40:23.372825Z,8,11.808655,11.921534,112.879,ok,0,
2026-09-23T20:40:23.448727Z,9,11.866666,11.997437,130.771,ok,1,
2026-09-23T20:40:23.489167Z,10,11.924653,12.037853,113.2,ok,0,
2026-09-23T20:40:23.563317Z,11,11.998655,12.112025,113.37,ok,1,
2026-09-23T20:40:23.621287Z,12,12.056655,12.169997,113.342,ok,0,
2026-09-23T20:40:23.679087Z,13,12.114655,12.227783,113.128,ok,1,
2026-09-23T20:40:23.754339Z,14,12.172655,12.303048,130.393,ok,0,
2026-09-23T20:40:23.795064Z,15,12.230658,12.343772,113.114,ok,1,
2026-09-23T20:40:23.869032Z,16,12.304657,12.417741,113.084,ok,0,
2026-09-23T20:40:23.926849Z,17,12.362668,12.475558,112.89,ok,1,
2026-09-23T20:40:23.984570Z,18,12.420656,12.533279,112.623,ok,0,
2026-09-23T20:40:24.042782Z,19,12.478655,12.59149,112.835,ok,1,
2026-09-23T20:40:24.101021Z,20,12.536655,12.649729,113.074,ok,0,
2026-09-23T20:40:24.158856Z,21,12.594654,12.707565,112.911,ok,1,
2026-09-23T20:40:24.216599Z,22,12.652655,12.765306,112.651,ok,0,
2026-09-23T20:40:24.274344Z,23,12.710658,12.823052,112.394,ok,1,
2026-09-23T20:40:24.332720Z,24,12.768654,12.881428,112.774,ok,0,
2026-09-23T20:40:24.391021Z,25,12.826654,12.939728,113.074,ok,1,
2026-09-23T20:40:24.448683Z,26,12.884655,12.997389,112.734,ok,0,
2026-09-23T20:40:24.506200Z,27,12.942655,13.054908,112.253,ok,1,
2026-09-23T20:40:24.564884Z,28,13.000637,13.113591,112.954,ok,0,
2026-09-23T20:40:24.622359Z,29,13.058658,13.171067,112.409,ok,1,
2026-09-23T20:40:24.680365Z,30,13.116655,13.229073,112.418,ok,0,
2026-09-23T20:40:24.738014Z,31,13.174652,13.286722,112.07,ok,1,
2026-09-23T20:40:24.796480Z,32,13.232655,13.345188,112.533,ok,0,
2026-09-23T20:40:24.854124Z,33,13.290656,13.402832,112.176,ok,1,
2026-09-23T20:40:24.912317Z,34,13.34866,13.461023,112.363,ok,0,
2026-09-23T20:40:24.969997Z,35,13.406675,13.518704,112.029,ok,1,
2026-09-23T20:40:25.028656Z,36,13.464655,13.577363,112.708,ok,0,
2026-09-23T20:40:25.086279Z,37,13.522655,13.634987,112.332,ok,1,
2026-09-23T20:40:25.144652Z,38,13.580657,13.69336,112.703,ok,0,
2026-09-23T20:40:25.203997Z,39,13.638657,13.752704,114.047,ok,1,
2026-09-23T20:40:25.260714Z,40,13.696663,13.809422,112.759,ok,0,
2026-09-23T20:40:25.318861Z,41,13.75466,13.867569,112.909,ok,1,
2026-09-23T20:40:25.376400Z,42,13.812654,13.925108,112.454,ok,0,
2026-09-23T20:40:25.434894Z,43,13.870657,13.983601,112.944,ok,1,
2026-09-23T20:40:25.492540Z,44,13.928654,14.041248,112.594,ok,0,
2026-09-23T20:40:25.550308Z,45,13.986661,14.099016,112.355,ok,1,
2026-09-23T20:40:25.608570Z,46,14.044656,14.157278,112.622,ok,0,
2026-09-23T20:40:25.666487Z,47,14.102655,14.215195,112.54,ok,1,
2026-09-23T20:40:25.724326Z,48,14.160654,14.273034,112.38,ok,0,
2026-09-23T20:40:25.782039Z,49,14.218655,14.330747,112.092,ok,1,
2026-09-23T20:40:25.840703Z,50,14.276654,14.38941,112.756,ok,0,
2026-09-23T20:40:25.898797Z,51,14.334653,14.447505,112.852,ok,1,
2026-09-23T20:40:25.956673Z,52,14.392654,14.50538,112.726,ok,0,
2026-09-23T20:40:26.014595Z,53,14.450661,14.563303,112.642,ok,1,
2026-09-23T20:40:26.073107Z,54,14.508653,14.621814,113.161,ok,0,
2026-09-23T20:40:26.131037Z,55,14.566657,14.679744,113.087,ok,1,
2026-09-23T20:40:26.189688Z,56,14.624656,14.738396,113.74,ok,0,
2026-09-23T20:40:26.248013Z,57,14.682654,14.79671,114.056,ok,1,
2026-09-23T20:40:26.304961Z,58,14.740656,14.853669,113.013,ok,0,
2026-09-23T20:40:26.362290Z,59,14.798656,14.910998,112.342,ok,1,
2026-09-23T20:40:26.421821Z,60,14.856657,14.970528,113.871,ok,0,
2026-09-23T20:40:26.478821Z,61,14.914655,15.027528,112.873,ok,1,
2026-09-23T20:40:26.536518Z,62,14.972656,15.085226,112.57,ok,0,
2026-09-23T20:40:26.597080Z,63,15.030655,15.145774,115.119,ok,1,
2026-09-23T20:40:26.652790Z,64,15.088656,15.201498,112.842,ok,0,
2026-09-23T20:40:26.710259Z,65,15.146655,15.258965,112.31,ok,1,
2026-09-23T20:40:26.768580Z,66,15.204654,15.317287,112.633,ok,0,
2026-09-23T20:40:26.826549Z,67,15.262656,15.375257,112.601,ok,1,
2026-09-23T20:40:26.885601Z,68,15.320652,15.434308,113.656,ok,0,
2026-09-23T20:40:26.949016Z,69,15.378655,15.497724,119.069,ok,1,
2026-09-23T20:40:27.001514Z,70,15.436657,15.550222,113.565,ok,0,
2026-09-23T20:40:27.062962Z,71,15.498653,15.611669,113.016,ok,1,
2026-09-23T20:40:27.120633Z,72,15.556656,15.669339,112.683,ok,0,
2026-09-23T20:40:27.178072Z,73,15.614654,15.726779,112.125,ok,1,
2026-09-23T20:40:27.236116Z,74,15.672664,15.784823,112.159,ok,0,
2026-09-23T20:40:27.294410Z,75,15.730661,15.843118,112.457,ok,1,
2026-09-23T20:40:27.354041Z,76,15.788657,15.902749,114.092,ok,0,
2026-09-23T20:40:27.410762Z,77,15.846665,15.959469,112.804,ok,1,
2026-09-23T20:40:27.468964Z,78,15.904652,16.017672,113.02,ok,0,
2026-09-23T20:40:27.526104Z,79,15.962654,16.074811,112.157,ok,1,
2026-09-23T20:40:27.584053Z,80,16.020656,16.132761,112.105,ok,0,
2026-09-23T20:40:27.642405Z,81,16.078656,16.191113,112.457,ok,1,
2026-09-23T20:40:27.711395Z,82,16.136655,16.260101,123.446,ok,0,
2026-09-23T20:40:27.758928Z,83,16.194662,16.307636,112.974,ok,1,
2026-09-23T20:40:27.824354Z,84,16.260655,16.373041,112.386,ok,0,
2026-09-23T20:40:27.882336Z,85,16.318655,16.431033,112.378,ok,1,
2026-09-23T20:40:27.940740Z,86,16.376656,16.489438,112.782,ok,0,
2026-09-23T20:40:27.998466Z,87,16.434657,16.547164,112.507,ok,1,
2026-09-23T20:40:28.058064Z,88,16.492657,16.606761,114.104,ok,0,
2026-09-23T20:40:28.114603Z,89,16.550658,16.663301,112.643,ok,1,
2026-09-23T20:40:28.172656Z,90,16.608657,16.721351,112.694,ok,0,
2026-09-23T20:40:28.230571Z,91,16.666655,16.77927,112.615,ok,1,
2026-09-23T20:40:28.288322Z,92,16.724657,16.83702,112.363,ok,0,
2026-09-23T20:40:28.347102Z,93,16.782656,16.895805,113.149,ok,1,
2026-09-23T20:40:28.404471Z,94,16.840656,16.953172,112.516,ok,0,
2026-09-23T20:40:28.462428Z,95,16.898683,17.011135,112.452,ok,1,
2026-09-23T20:40:28.520697Z,96,16.956654,17.069403,112.749,ok,0,
2026-09-23T20:40:28.578078Z,97,17.014654,17.126785,112.131,ok,1,
2026-09-23T20:40:28.636397Z,98,17.072656,17.185105,112.449,ok,0,
2026-09-23T20:40:28.694301Z,99,17.13066,17.243009,112.349,ok,1,
2026-09-23T20:40:28.752456Z,100,17.188654,17.301154,112.5,ok,0,
2026-09-23T20:40:28.810506Z,101,17.246625,17.359212,112.587,ok,1,
2026-09-23T20:40:28.868410Z,102,17.304657,17.417118,112.461,ok,0,
2026-09-23T20:40:28.926517Z,103,17.362657,17.475225,112.568,ok,1,
2026-09-23T20:40:28.984517Z,104,17.420655,17.533224,112.569,ok,0,
2026-09-23T20:40:29.042361Z,105,17.478658,17.591069,112.411,ok,1,
2026-09-23T20:40:29.100394Z,106,17.536657,17.649102,112.445,ok,0,
2026-09-23T20:40:29.163955Z,107,17.594658,17.712661,118.003,ok,1,
2026-09-23T20:40:29.216905Z,108,17.652657,17.765611,112.954,ok,0,
2026-09-23T20:40:29.276315Z,109,17.712762,17.825023,112.261,ok,1,
2026-09-23T20:40:29.334473Z,110,17.770654,17.883181,112.527,ok,0,
2026-09-23T20:40:29.392262Z,111,17.828655,17.940969,112.314,ok,1,
2026-09-23T20:40:29.450293Z,112,17.886659,17.999,112.341,ok,0,
2026-09-23T20:40:29.508240Z,113,17.944655,18.056946,112.291,ok,1,
2026-09-23T20:40:29.567103Z,114,18.002654,18.115811,113.157,ok,0,
2026-09-23T20:40:29.624638Z,115,18.060669,18.173346,112.677,ok,1,
2026-09-23T20:40:29.682824Z,116,18.118657,18.231531,112.874,ok,0,
2026-09-23T20:40:29.740730Z,117,18.176653,18.289438,112.785,ok,1,
2026-09-23T20:40:29.798933Z,118,18.234657,18.34764,112.983,ok,0,
2026-09-23T20:40:29.857067Z,119,18.292655,18.405773,113.118,ok,1,
2026-09-23T20:40:29.915032Z,120,18.35066,18.463739,113.079,ok,0,
2026-09-23T20:40:29.972118Z,121,18.408667,18.520826,112.159,ok,1,
2026-09-23T20:40:30.030819Z,122,18.466651,18.579526,112.875,ok,0,
2026-09-23T20:40:30.088229Z,123,18.524658,18.636937,112.279,ok,1,
2026-09-23T20:40:30.147044Z,124,18.582657,18.695751,113.094,ok,0,
2026-09-23T20:40:30.204194Z,125,18.640655,18.752902,112.247,ok,1,
2026-09-23T20:40:30.263140Z,126,18.698659,18.811848,113.189,ok,0,
2026-09-23T20:40:30.320214Z,127,18.756654,18.868922,112.268,ok,1,
2026-09-23T20:40:30.378456Z,128,18.814658,18.927162,112.504,ok,0,
2026-09-23T20:40:30.436404Z,129,18.872656,18.985112,112.456,ok,1,
2026-09-23T20:40:30.494453Z,130,18.930657,19.043161,112.504,ok,0,
2026-09-23T20:40:30.552468Z,131,18.988655,19.101173,112.518,ok,1,
2026-09-23T20:40:30.613004Z,132,19.046654,19.161712,115.058,ok,0,
2026-09-23T20:40:30.668273Z,133,19.104666,19.216981,112.315,ok,1,
2026-09-23T20:40:30.726261Z,134,19.162653,19.274969,112.316,ok,0,
2026-09-23T20:40:30.784068Z,135,19.220655,19.332777,112.122,ok,1,
2026-09-23T20:40:30.842504Z,136,19.278653,19.391211,112.558,ok,0,
2026-09-23T20:40:30.900493Z,137,19.336623,19.449201,112.578,ok,1,
2026-09-23T20:40:30.958675Z,138,19.394658,19.507383,112.725,ok,0,
2026-09-23T20:40:31.016535Z,139,19.452657,19.565243,112.586,ok,1,
2026-09-23T20:40:31.074365Z,140,19.510657,19.623071,112.414,ok,0,
2026-09-23T20:40:31.132136Z,141,19.568676,19.680844,112.168,ok,1,
2026-09-23T20:40:31.189845Z,142,19.626655,19.738553,111.898,ok,0,
2026-09-23T20:40:31.248652Z,143,19.684654,19.79736,112.706,ok,1,
2026-09-23T20:40:31.306152Z,144,19.742654,19.85486,112.206,ok,0,
2026-09-23T20:40:31.365351Z,145,19.800653,19.914057,113.404,ok,1,
2026-09-23T20:40:31.422140Z,146,19.858654,19.970847,112.193,ok,0,
2026-09-23T20:40:31.480245Z,147,19.916656,20.028951,112.295,ok,1,
2026-09-23T20:40:31.538259Z,148,19.974654,20.086966,112.312,ok,0,
2026-09-23T20:40:31.596633Z,149,20.032655,20.145339,112.684,ok,1,
2026-09-23T20:40:31.654540Z,150,20.090655,20.203248,112.593,ok,0,
2026-09-23T20:40:31.712358Z,151,20.148657,20.261065,112.408,ok,1,
2026-09-23T20:40:31.771019Z,152,20.206652,20.319723,113.071,ok,0,
2026-09-23T20:40:31.828209Z,153,20.264656,20.376917,112.261,ok,1,
2026-09-23T20:40:31.886536Z,154,20.322658,20.435243,112.585,ok,0,
2026-09-23T20:40:31.946012Z,155,20.380657,20.494719,114.062,ok,1,
2026-09-23T20:40:32.002382Z,156,20.438656,20.551088,112.432,ok,0,
2026-09-23T20:40:32.061003Z,157,20.496662,20.609708,113.046,ok,1,
2026-09-23T20:40:32.122964Z,158,20.554657,20.671671,117.014,ok,0,
2026-09-23T20:40:32.176539Z,159,20.612667,20.725247,112.58,ok,1,
2026-09-23T20:40:32.236441Z,160,20.672655,20.785149,112.494,ok,0,
2026-09-23T20:40:32.294564Z,161,20.730657,20.843272,112.615,ok,1,
2026-09-23T20:40:32.352331Z,162,20.788653,20.901037,112.384,ok,0,
2026-09-23T20:40:32.410522Z,163,20.846658,20.959229,112.571,ok,1,
2026-09-23T20:40:32.468316Z,164,20.904659,21.017024,112.365,ok,0,
2026-09-23T20:40:32.526252Z,165,20.962657,21.074958,112.301,ok,1,
2026-09-23T20:40:32.584805Z,166,21.020654,21.133511,112.857,ok,0,
2026-09-23T20:40:32.642118Z,167,21.078657,21.190826,112.169,ok,1,
2026-09-23T20:40:32.700437Z,168,21.136656,21.249145,112.489,ok,0,
2026-09-23T20:40:32.758206Z,169,21.194652,21.306912,112.26,ok,1,
2026-09-23T20:40:32.816711Z,170,21.252655,21.365419,112.764,ok,0,
2026-09-23T20:40:32.876047Z,171,21.310657,21.424755,114.098,ok,1,
2026-09-23T20:40:32.931987Z,172,21.368654,21.480695,112.041,ok,0,
2026-09-23T20:40:32.990248Z,173,21.426654,21.538955,112.301,ok,1,
2026-09-23T20:40:33.048584Z,174,21.484658,21.597292,112.634,ok,0,
2026-09-23T20:40:33.106665Z,175,21.54265,21.655372,112.722,ok,1,
2026-09-23T20:40:33.164863Z,176,21.600651,21.713571,112.92,ok,0,
2026-09-23T20:40:33.222677Z,177,21.658655,21.771384,112.729,ok,1,
2026-09-23T20:40:33.280881Z,178,21.716653,21.829588,112.935,ok,0,
2026-09-23T20:40:33.338179Z,179,21.774656,21.886886,112.23,ok,1,
2026-09-23T20:40:33.397099Z,180,21.832654,21.945807,113.153,ok,0,
2026-09-23T20:40:33.454571Z,181,21.890656,22.003279,112.623,ok,1,
2026-09-23T20:40:33.512472Z,182,21.948655,22.06118,112.525,ok,0,
2026-09-23T20:40:33.570612Z,183,22.00667,22.119318,112.648,ok,1,
2026-09-23T20:40:33.630905Z,184,22.064656,22.179613,114.957,ok,0,
2026-09-23T20:40:33.686419Z,185,22.122654,22.235127,112.473,ok,1,
2026-09-23T20:40:33.744236Z,186,22.180656,22.292944,112.288,ok,0,
2026-09-23T20:40:33.803087Z,187,22.238653,22.351794,113.141,ok,1,
2026-09-23T20:40:33.946775Z,189,22.354652,22.495482,140.83,ok,1,
2026-09-23T20:40:33.947085Z,188,22.296655,22.495793,199.138,ok,0,
2026-09-23T20:40:34.060696Z,190,22.496654,22.609402,112.748,ok,1,
2026-09-23T20:40:34.118407Z,191,22.554652,22.667113,112.461,ok,0,
2026-09-23T20:40:34.176353Z,192,22.612655,22.725059,112.404,ok,1,
2026-09-23T20:40:34.234232Z,193,22.670653,22.782939,112.286,ok,0,
2026-09-23T20:40:34.292353Z,194,22.728682,22.84106,112.378,ok,1,
2026-09-23T20:40:34.350457Z,195,22.786654,22.899164,112.51,ok,0,
2026-09-23T20:40:34.408581Z,196,22.844654,22.957289,112.635,ok,1,
2026-09-23T20:40:34.466646Z,197,22.902656,23.015353,112.697,ok,0,
2026-09-23T20:40:34.524683Z,198,22.960656,23.073389,112.733,ok,1,
2026-09-23T20:40:34.583108Z,199,23.018653,23.131802,113.149,ok,0,
2026-09-23T20:40:34.641354Z,200,23.076654,23.190062,113.408,ok,1,
2026-09-23T20:40:34.699922Z,201,23.134656,23.248629,113.973,ok,0,
2026-09-23T20:40:34.757390Z,202,23.192654,23.306098,113.444,ok,1,
2026-09-23T20:40:34.816474Z,203,23.250657,23.365181,114.524,ok,0,
2026-09-23T20:40:34.873560Z,204,23.308657,23.422268,113.611,ok,1,
2026-09-23T20:40:34.930449Z,205,23.366657,23.479157,112.5,ok,0,
2026-09-23T20:40:34.991736Z,206,23.424655,23.540443,115.788,ok,1,
2026-09-23T20:40:35.055987Z,207,23.482655,23.604695,122.04,ok,0,
2026-09-23T20:40:35.105246Z,208,23.540669,23.653954,113.285,ok,1,
2026-09-23T20:40:35.174140Z,209,23.606656,23.722846,116.19,ok,0,
2026-09-23T20:40:35.229222Z,210,23.664654,23.77793,113.276,ok,1,
2026-09-23T20:40:35.298621Z,211,23.724664,23.847328,122.664,ok,0,
2026-09-23T20:40:35.353936Z,212,23.782656,23.902644,119.988,ok,1,
2026-09-23T20:40:35.415353Z,213,23.848657,23.964061,115.404,ok,0,
2026-09-23T20:40:35.489622Z,214,23.906656,24.038328,131.672,ok,1,
2026-09-23T20:40:35.529288Z,215,23.964653,24.077996,113.343,ok,0,
2026-09-23T20:40:35.604215Z,216,24.038655,24.152922,114.267,ok,1,
2026-09-23T20:40:35.665323Z,217,24.096652,24.214031,117.379,ok,0,
2026-09-23T20:40:35.759291Z,218,24.154674,24.307999,153.325,ok,1,
2026-09-23T20:40:35.811819Z,219,24.214656,24.360527,145.871,ok,0,
2026-09-23T20:40:35.876428Z,220,24.308656,24.425135,116.479,ok,1,
2026-09-23T20:40:35.951915Z,221,24.366653,24.500622,133.969,ok,0,
2026-09-23T20:40:35.991489Z,222,24.426655,24.540195,113.54,ok,1,
2026-09-23T20:40:36.066225Z,223,24.500719,24.614933,114.214,ok,0,
2026-09-23T20:40:36.123963Z,224,24.558652,24.672671,114.019,ok,1,
2026-09-23T20:40:36.182118Z,225,24.616657,24.730824,114.167,ok,0,
2026-09-23T20:40:36.239307Z,226,24.674656,24.788015,113.359,ok,1,
2026-09-23T20:40:36.327259Z,227,24.732656,24.875967,143.311,ok,0,
2026-09-23T20:40:36.355299Z,228,24.790652,24.904007,113.355,ok,1,
2026-09-23T20:40:36.440923Z,229,24.876652,24.98963,112.978,ok,0,
2026-09-23T20:40:36.524231Z,230,24.934657,25.072938,138.281,ok,1,
2026-09-23T20:40:36.563780Z,231,24.992656,25.112488,119.832,ok,0,
2026-09-23T20:40:36.639139Z,232,25.074657,25.187847,113.19,ok,1,
2026-09-23T20:40:36.697048Z,233,25.132658,25.245756,113.098,ok,0,
2026-09-23T20:40:36.754077Z,234,25.190655,25.302784,112.129,ok,1,
2026-09-23T20:40:36.819642Z,235,25.248654,25.36835,119.696,ok,0,
2026-09-23T20:40:36.870751Z,236,25.306666,25.419458,112.792,ok,1,
2026-09-23T20:40:36.932690Z,237,25.368656,25.481397,112.741,ok,0,
2026-09-23T20:40:36.990591Z,238,25.426669,25.539297,112.628,ok,1,
2026-09-23T20:40:37.048821Z,239,25.484654,25.597527,112.873,ok,0,
2026-09-23T20:40:37.106980Z,240,25.542669,25.655687,113.018,ok,1,
2026-09-23T20:40:37.164976Z,241,25.600653,25.713682,113.029,ok,0,
2026-09-23T20:40:37.222559Z,242,25.658655,25.771257,112.602,ok,1,
2026-09-23T20:40:37.280776Z,243,25.716678,25.829483,112.805,ok,0,
2026-09-23T20:40:37.338891Z,244,25.774656,25.887599,112.943,ok,1,
2026-09-23T20:40:37.396859Z,245,25.832655,25.945554,112.899,ok,0,
2026-09-23T20:40:37.455503Z,246,25.890655,26.00421,113.555,ok,1,
2026-09-23T20:40:37.513187Z,247,25.94866,26.061894,113.234,ok,0,
2026-09-23T20:40:37.570414Z,248,26.006656,26.119122,112.466,ok,1,
2026-09-23T20:40:37.628769Z,249,26.064659,26.177477,112.818,ok,0,
2026-09-23T20:40:37.686262Z,250,26.122653,26.234968,112.315,ok,1,
2026-09-23T20:40:37.744387Z,251,26.180654,26.293095,112.441,ok,0,
2026-09-23T20:40:37.802436Z,252,26.238655,26.351143,112.488,ok,1,
2026-09-23T20:40:37.860958Z,253,26.296654,26.409665,113.011,ok,0,
2026-09-23T20:40:37.918880Z,254,26.354662,26.467587,112.925,ok,1,
2026-09-23T20:40:37.976294Z,255,26.412657,26.525002,112.345,ok,0,
2026-09-23T20:40:38.034829Z,256,26.470658,26.583536,112.878,ok,1,
2026-09-23T20:40:38.093245Z,257,26.528656,26.641952,113.296,ok,0,
2026-09-23T20:40:38.150722Z,258,26.586656,26.69943,112.774,ok,1,
2026-09-23T20:40:38.208095Z,259,26.644652,26.756801,112.149,ok,0,
2026-09-23T20:40:38.266236Z,260,26.702654,26.814943,112.289,ok,1,
2026-09-23T20:40:38.325231Z,261,26.760652,26.873939,113.287,ok,0,
2026-09-23T20:40:38.382695Z,262,26.818661,26.931403,112.742,ok,1,
2026-09-23T20:40:38.440265Z,263,26.876655,26.988972,112.317,ok,0,
2026-09-23T20:40:38.498237Z,264,26.934656,27.046945,112.289,ok,1,
2026-09-23T20:40:38.556326Z,265,26.992658,27.105034,112.376,ok,0,
2026-09-23T20:40:38.614068Z,266,27.050655,27.162776,112.121,ok,1,
2026-09-23T20:40:38.672200Z,267,27.108654,27.220907,112.253,ok,0,
2026-09-23T20:40:38.730839Z,268,27.166654,27.279547,112.893,ok,1,
2026-09-23T20:40:38.788670Z,269,27.224657,27.337378,112.721,ok,0,
2026-09-23T20:40:38.846797Z,270,27.282658,27.395505,112.847,ok,1,
2026-09-23T20:40:38.904917Z,271,27.340655,27.453625,112.97,ok,0,
2026-09-23T20:40:38.962824Z,272,27.398655,27.511531,112.876,ok,1,
2026-09-23T20:40:39.020731Z,273,27.456657,27.569438,112.781,ok,0,
2026-09-23T20:40:39.078742Z,274,27.514656,27.627449,112.793,ok,1,
2026-09-23T20:40:39.137272Z,275,27.572656,27.685966,113.31,ok,0,
2026-09-23T20:40:39.194370Z,276,27.63066,27.743069,112.409,ok,1,
2026-09-23T20:40:39.252434Z,277,27.688665,27.801135,112.47,ok,0,
2026-09-23T20:40:39.310653Z,278,27.746656,27.859352,112.696,ok,1,
2026-09-23T20:40:39.368336Z,279,27.804657,27.917042,112.385,ok,0,
2026-09-23T20:40:39.426383Z,280,27.862657,27.975086,112.429,ok,1,
2026-09-23T20:40:39.484025Z,281,27.920654,28.032731,112.077,ok,0,
2026-09-23T20:40:39.542378Z,282,27.978656,28.091085,112.429,ok,1,
2026-09-23T20:40:39.600311Z,283,28.036657,28.149018,112.361,ok,0,
2026-09-23T20:40:39.658334Z,284,28.094661,28.207041,112.38,ok,1,
2026-09-23T20:40:39.715962Z,285,28.152656,28.26467,112.014,ok,0,
2026-09-23T20:40:39.774614Z,286,28.210658,28.323321,112.663,ok,1,
2026-09-23T20:40:39.831962Z,287,28.268657,28.38067,112.013,ok,0,
2026-09-23T20:40:39.890306Z,288,28.326657,28.439013,112.356,ok,1,
2026-09-23T20:40:39.948457Z,289,28.384654,28.497165,112.511,ok,0,
2026-09-23T20:40:40.006455Z,290,28.442658,28.555163,112.505,ok,1,
2026-09-23T20:40:40.064176Z,291,28.500654,28.612865,112.211,ok,0,
2026-09-23T20:40:40.122558Z,292,28.558655,28.671265,112.61,ok,1,
2026-09-23T20:40:40.180389Z,293,28.616655,28.729096,112.441,ok,0,
2026-09-23T20:40:40.238270Z,294,28.674657,28.786977,112.32,ok,1,
2026-09-23T20:40:40.296225Z,295,28.732654,28.844924,112.27,ok,0,
2026-09-23T20:40:40.355040Z,296,28.790655,28.903747,113.092,ok,1,
2026-09-23T20:40:40.412440Z,297,28.848657,28.961147,112.49,ok,0,
2026-09-23T20:40:40.470292Z,298,28.906655,29.019,112.345,ok,1,
2026-09-23T20:40:40.528780Z,299,28.964657,29.077488,112.831,ok,0,
2026-09-23T20:40:40.587136Z,300,29.022657,29.135842,113.185,ok,1,
2026-09-23T20:40:40.645013Z,301,29.080655,29.193719,113.064,ok,0,
2026-09-23T20:40:40.702383Z,302,29.138657,29.251091,112.434,ok,1,
2026-09-23T20:40:40.760186Z,303,29.196656,29.308892,112.236,ok,0,
2026-09-23T20:40:40.818106Z,304,29.254651,29.366814,112.163,ok,1,
2026-09-23T20:40:40.876757Z,305,29.312656,29.425464,112.808,ok,0,
2026-09-23T20:40:40.934267Z,306,29.370656,29.482973,112.317,ok,1,
2026-09-23T20:40:40.993082Z,307,29.428655,29.541788,113.133,ok,0,
2026-09-23T20:40:41.050893Z,308,29.486655,29.5996,112.945,ok,1,
2026-09-23T20:40:41.108203Z,309,29.54464,29.656908,112.268,ok,0,
2026-09-23T20:40:41.166482Z,310,29.602658,29.715187,112.529,ok,1,
2026-09-23T20:40:41.224692Z,311,29.660651,29.773399,112.748,ok,0,
2026-09-23T20:40:41.282298Z,312,29.718664,29.831005,112.341,ok,1,
2026-09-23T20:40:41.340286Z,313,29.776664,29.888994,112.33,ok,0,
2026-09-23T20:40:41.398513Z,314,29.834655,29.947219,112.564,ok,1,
2026-09-23T20:40:41.457401Z,315,29.892655,30.006107,113.452,ok,0,
2026-09-23T20:40:41.514739Z,316,29.950655,30.063447,112.792,ok,1,
2026-09-23T20:40:41.572475Z,317,30.008656,30.121182,112.526,ok,0,
2026-09-23T20:40:41.630378Z,318,30.066654,30.179084,112.43,ok,1,
2026-09-23T20:40:41.689108Z,319,30.124657,30.237815,113.158,ok,0,
2026-09-23T20:40:41.746319Z,320,30.182656,30.295027,112.371,ok,1,
2026-09-23T20:40:41.804296Z,321,30.240663,30.353003,112.34,ok,0,
2026-09-23T20:40:46.770826Z,322,30.298656,35.319535,5020.879,timeout,1,QueryCanceled: query execution canceled due to statement timeout
2026-09-23T20:40:46.828361Z,323,30.356656,35.377073,5020.417,timeout,0,QueryCanceled: query execution canceled due to statement timeout
2026-09-23T20:40:47.900327Z,324,35.320655,36.449036,1128.381,conn_error,1,"StatementCompletionUnknown: result is ambiguous: error=ba: ConditionalPut [/Table/114/1/324/0], EndTxn(parallel commit) [/Table/114/1/324/0], [txn: 07303dd8], [can-forward-ts] RPC error: grpc: grpc: t"
2026-09-23T20:40:47.901338Z,325,35.378654,36.450051,1071.397,conn_error,0,"StatementCompletionUnknown: result is ambiguous: error=ba: ConditionalPut [/Table/114/1/325/0], EndTxn(parallel commit) [/Table/114/1/325/0], [txn: c9bd6615], [can-forward-ts] RPC error: grpc: error r"
2026-09-23T20:40:48.695832Z,327,36.508653,37.244531,735.878,ok,0,
2026-09-23T20:40:48.696047Z,326,36.450657,37.244752,794.095,ok,1,
2026-09-23T20:40:48.911319Z,328,37.244673,37.460022,215.349,ok,1,
2026-09-23T20:40:48.969466Z,329,37.302652,37.518159,215.507,ok,0,
2026-09-23T20:40:49.127986Z,330,37.460655,37.676693,216.038,ok,1,
2026-09-23T20:40:49.185825Z,331,37.518656,37.734533,215.877,ok,0,
2026-09-23T20:40:49.345145Z,332,37.678657,37.893851,215.194,ok,1,
2026-09-23T20:40:49.406073Z,333,37.736659,37.954778,218.119,ok,0,
2026-09-23T20:40:49.561622Z,334,37.894655,38.110324,215.669,ok,1,
2026-09-23T20:40:49.623218Z,335,37.956658,38.171926,215.268,ok,0,
2026-09-23T20:40:49.795637Z,336,38.110655,38.344345,233.69,ok,1,
2026-09-23T20:40:49.857984Z,337,38.172654,38.406692,234.038,ok,0,
2026-09-23T20:40:50.011421Z,338,38.344652,38.56013,215.478,ok,1,
2026-09-23T20:40:50.075590Z,339,38.408655,38.624298,215.643,ok,0,
2026-09-23T20:40:50.227508Z,340,38.560652,38.776214,215.562,ok,1,
2026-09-23T20:40:50.294711Z,341,38.624653,38.843418,218.765,ok,0,
2026-09-23T20:40:50.444027Z,342,38.776652,38.992731,216.079,ok,1,
2026-09-23T20:40:50.551719Z,343,38.884652,39.100423,215.771,ok,0,
2026-09-23T20:40:50.661376Z,344,38.994657,39.210083,215.426,ok,1,
2026-09-23T20:40:50.769359Z,345,39.102655,39.318054,215.399,ok,0,
2026-09-23T20:40:50.877658Z,346,39.210651,39.426356,215.705,ok,1,
2026-09-23T20:40:50.986028Z,347,39.318654,39.534732,216.078,ok,0,
2026-09-23T20:40:51.093480Z,348,39.42666,39.642186,215.526,ok,1,
2026-09-23T20:40:51.203339Z,349,39.536658,39.752047,215.389,ok,0,
2026-09-23T20:40:51.311731Z,350,39.644654,39.860439,215.785,ok,1,
2026-09-23T20:40:51.420091Z,351,39.752654,39.968795,216.141,ok,0,
2026-09-23T20:40:51.527739Z,352,39.860652,40.076447,215.795,ok,1,
2026-09-23T20:40:51.637572Z,353,39.970656,40.18628,215.624,ok,0,
2026-09-23T20:40:51.745752Z,354,40.078656,40.294449,215.793,ok,1,
2026-09-23T20:40:51.853439Z,355,40.186653,40.402145,215.492,ok,0,
2026-09-23T20:40:51.961583Z,356,40.294659,40.510276,215.617,ok,1,
2026-09-23T20:40:52.070736Z,357,40.402656,40.61944,216.784,ok,0,
2026-09-23T20:40:52.177568Z,358,40.51065,40.726266,215.616,ok,1,
2026-09-23T20:40:52.289100Z,359,40.620657,40.837805,217.148,ok,0,
2026-09-23T20:40:52.396181Z,360,40.728657,40.944861,216.204,ok,1,
2026-09-23T20:40:52.505706Z,361,40.838658,41.054409,215.751,ok,0,
2026-09-23T20:40:52.614356Z,362,40.946659,41.163048,216.389,ok,1,
2026-09-23T20:40:52.730031Z,363,41.054657,41.278735,224.078,ok,0,
2026-09-23T20:40:52.847482Z,364,41.164654,41.396183,231.529,ok,1,
2026-09-23T20:40:52.951767Z,365,41.280667,41.500466,219.799,ok,0,
2026-09-23T20:40:53.065028Z,366,41.396656,41.613722,217.066,ok,1,
2026-09-23T20:40:53.178853Z,367,41.504653,41.727557,222.904,ok,0,
2026-09-23T20:40:53.284243Z,368,41.614657,41.83295,218.293,ok,1,
2026-09-23T20:40:53.397121Z,369,41.728655,41.945828,217.173,ok,0,
2026-09-23T20:40:53.506997Z,370,41.836654,42.055705,219.051,ok,1,
2026-09-23T20:40:53.614797Z,371,41.946652,42.163504,216.852,ok,0,
2026-09-23T20:40:53.726980Z,372,42.056653,42.275688,219.035,ok,1,
2026-09-23T20:40:53.837439Z,373,42.166655,42.386147,219.492,ok,0,
2026-09-23T20:40:53.950213Z,374,42.276653,42.498922,222.269,ok,1,
2026-09-23T20:40:54.054788Z,375,42.386655,42.603495,216.84,ok,0,
2026-09-23T20:40:54.173481Z,376,42.500656,42.722189,221.533,ok,1,
2026-09-23T20:40:54.284404Z,377,42.610651,42.833112,222.461,ok,0,
2026-09-23T20:40:54.398135Z,378,42.722655,42.946843,224.188,ok,1,
2026-09-23T20:40:54.506534Z,379,42.834655,43.055242,220.587,ok,0,
2026-09-23T20:40:54.629746Z,380,42.948656,43.178454,229.798,ok,1,
2026-09-23T20:40:54.726502Z,381,43.058655,43.27521,216.555,ok,0,
2026-09-23T20:40:54.846586Z,382,43.178654,43.395294,216.64,ok,1,
2026-09-23T20:40:54.956054Z,383,43.288652,43.504762,216.11,ok,0,
2026-09-23T20:40:55.069521Z,384,43.398655,43.618229,219.574,ok,1,
2026-09-23T20:40:55.176065Z,385,43.508654,43.724773,216.119,ok,0,
2026-09-23T20:40:55.290708Z,386,43.618654,43.839417,220.763,ok,1,
2026-09-23T20:40:55.396184Z,387,43.728655,43.944892,216.237,ok,0,
2026-09-23T20:40:55.509765Z,388,43.840655,44.058472,217.817,ok,1,
2026-09-23T20:40:55.617558Z,389,43.950653,44.166266,215.613,ok,0,
2026-09-23T20:40:55.731732Z,390,44.060654,44.28044,219.786,ok,1,
2026-09-23T20:40:55.837172Z,391,44.17065,44.385864,215.214,ok,0,
2026-09-23T20:40:55.947299Z,392,44.280657,44.496007,215.35,ok,1,
2026-09-23T20:40:56.056844Z,393,44.390652,44.605552,214.9,ok,0,
2026-09-23T20:40:56.168037Z,394,44.500653,44.716743,216.09,ok,1,
2026-09-23T20:40:56.277788Z,395,44.610652,44.826496,215.844,ok,0,
2026-09-23T20:40:56.387282Z,396,44.720654,44.93599,215.336,ok,1,
2026-09-23T20:40:56.497288Z,397,44.830652,45.045996,215.344,ok,0,
2026-09-23T20:40:56.607642Z,398,44.940652,45.15635,215.698,ok,1,
2026-09-23T20:40:56.717249Z,399,45.050655,45.265957,215.302,ok,0,
2026-09-23T20:40:56.827339Z,400,45.160653,45.376046,215.393,ok,1,
2026-09-23T20:40:56.937773Z,401,45.270649,45.48648,215.831,ok,0,
2026-09-23T20:40:57.047623Z,402,45.380654,45.596326,215.672,ok,1,
2026-09-23T20:40:57.162893Z,403,45.490651,45.711592,220.941,ok,0,
2026-09-23T20:40:57.271074Z,404,45.600652,45.819772,219.12,ok,1,
2026-09-23T20:40:57.379438Z,405,45.712655,45.928142,215.487,ok,0,
2026-09-23T20:40:57.489352Z,406,45.822656,46.038059,215.403,ok,1,
2026-09-23T20:40:57.603687Z,407,45.932652,46.152385,219.733,ok,0,
2026-09-23T20:40:57.709070Z,408,46.042652,46.257774,215.122,ok,1,
2026-09-23T20:40:57.819718Z,409,46.152656,46.368423,215.767,ok,0,
2026-09-23T20:40:57.929488Z,410,46.262653,46.478195,215.542,ok,1,
2026-09-23T20:40:58.040624Z,411,46.372652,46.589322,216.67,ok,0,
2026-09-23T20:40:58.150047Z,412,46.480654,46.698749,218.095,ok,1,
2026-09-23T20:40:58.257756Z,413,46.590657,46.806459,215.802,ok,0,
2026-09-23T20:40:58.367209Z,414,46.700657,46.915915,215.258,ok,1,
2026-09-23T20:40:58.475151Z,415,46.808662,47.023856,215.194,ok,0,
2026-09-23T20:40:58.583488Z,416,46.916654,47.132191,215.537,ok,1,
2026-09-23T20:40:58.691241Z,417,47.024656,47.239948,215.292,ok,0,
2026-09-23T20:40:58.799576Z,418,47.132653,47.348284,215.631,ok,1,
2026-09-23T20:40:58.907614Z,419,47.240651,47.456322,215.671,ok,0,
2026-09-23T20:40:59.015023Z,420,47.348651,47.563731,215.08,ok,1,
2026-09-23T20:40:59.123360Z,421,47.456652,47.672067,215.415,ok,0,
2026-09-23T20:40:59.231653Z,422,47.564655,47.780361,215.706,ok,1,
2026-09-23T20:40:59.339337Z,423,47.672652,47.888045,215.393,ok,0,
2026-09-23T20:40:59.447661Z,424,47.780654,47.996354,215.7,ok,1,
2026-09-23T20:40:59.555820Z,425,47.888652,48.104527,215.875,ok,0,
2026-09-23T20:40:59.663381Z,426,47.996724,48.212089,215.365,ok,1,
2026-09-23T20:40:59.771212Z,427,48.104665,48.31992,215.255,ok,0,
2026-09-23T20:40:59.881798Z,428,48.21262,48.430506,217.886,ok,1,
2026-09-23T20:40:59.987250Z,429,48.32067,48.535957,215.287,ok,0,
2026-09-23T20:41:00.096765Z,430,48.430653,48.645472,214.819,ok,1,
2026-09-23T20:41:00.205537Z,431,48.538655,48.754245,215.59,ok,0,
2026-09-23T20:41:00.313793Z,432,48.646659,48.862501,215.842,ok,1,
2026-09-23T20:41:00.421385Z,433,48.754657,48.970091,215.434,ok,0,
2026-09-23T20:41:00.535749Z,434,48.862653,49.084455,221.802,ok,1,
2026-09-23T20:41:00.636967Z,435,48.970654,49.185675,215.021,ok,0,
2026-09-23T20:41:00.750865Z,436,49.084662,49.299569,214.907,ok,1,
2026-09-23T20:41:00.858871Z,437,49.192655,49.407575,214.92,ok,0,
2026-09-23T20:41:00.968619Z,438,49.300657,49.517326,216.669,ok,1,
2026-09-23T20:41:01.075078Z,439,49.408657,49.623785,215.128,ok,0,
2026-09-23T20:41:01.185252Z,440,49.518656,49.73396,215.304,ok,1,
2026-09-23T20:41:01.293536Z,441,49.626655,49.842243,215.588,ok,0,
2026-09-23T20:41:01.401452Z,442,49.73466,49.950145,215.485,ok,1,
2026-09-23T20:41:01.509464Z,443,49.842654,50.058168,215.514,ok,0,
2026-09-23T20:41:01.617342Z,444,49.950654,50.166039,215.385,ok,1,
2026-09-23T20:41:01.725435Z,445,50.058656,50.274142,215.486,ok,0,
2026-09-23T20:41:01.833762Z,446,50.166651,50.38247,215.819,ok,1,
2026-09-23T20:41:01.940701Z,447,50.274654,50.489409,214.755,ok,0,
2026-09-23T20:41:02.048877Z,448,50.382661,50.597582,214.921,ok,1,
2026-09-23T20:41:02.156882Z,449,50.490654,50.705588,214.934,ok,0,
2026-09-23T20:41:02.265004Z,450,50.598655,50.813711,215.056,ok,1,
2026-09-23T20:41:02.372877Z,451,50.706656,50.921582,214.926,ok,0,
2026-09-23T20:41:02.481382Z,452,50.814657,51.030087,215.43,ok,1,
2026-09-23T20:41:02.588801Z,453,50.922657,51.137509,214.852,ok,0,
2026-09-23T20:41:02.697019Z,454,51.030655,51.245723,215.068,ok,1,
2026-09-23T20:41:02.808193Z,455,51.138653,51.356901,218.248,ok,0,
2026-09-23T20:41:02.913294Z,456,51.24666,51.462,215.34,ok,1,
2026-09-23T20:41:03.024922Z,457,51.358656,51.573629,214.973,ok,0,
2026-09-23T20:41:03.134010Z,458,51.466655,51.682716,216.061,ok,1,
2026-09-23T20:41:03.241211Z,459,51.574658,51.789916,215.258,ok,0,
2026-09-23T20:41:03.351801Z,460,51.684661,51.900509,215.848,ok,1,
2026-09-23T20:41:03.458986Z,461,51.792656,52.00769,215.034,ok,0,
2026-09-23T20:41:03.567237Z,462,51.900688,52.115941,215.253,ok,1,
2026-09-23T20:41:03.675352Z,463,52.008653,52.224058,215.405,ok,0,
2026-09-23T20:41:03.784355Z,464,52.116658,52.333062,216.404,ok,1,
2026-09-23T20:41:03.892039Z,465,52.224654,52.440737,216.083,ok,0,
2026-09-23T20:41:04.001246Z,466,52.334657,52.549946,215.289,ok,1,
2026-09-23T20:41:04.109553Z,467,52.442659,52.658261,215.602,ok,0,
2026-09-23T20:41:04.217123Z,468,52.550655,52.76583,215.175,ok,1,
2026-09-23T20:41:04.325147Z,469,52.658663,52.873854,215.191,ok,0,
2026-09-23T20:41:04.433179Z,470,52.766657,52.981886,215.229,ok,1,
2026-09-23T20:41:04.541201Z,471,52.874657,53.089908,215.251,ok,0,
2026-09-23T20:41:04.653785Z,472,52.982654,53.202493,219.839,ok,1,
2026-09-23T20:41:04.756810Z,473,53.090654,53.305518,214.864,ok,0,
2026-09-23T20:41:04.869664Z,474,53.202657,53.418372,215.715,ok,1,
2026-09-23T20:41:04.977194Z,475,53.310651,53.525902,215.251,ok,0,
2026-09-23T20:41:05.085291Z,476,53.418657,53.633998,215.341,ok,1,
2026-09-23T20:41:05.192905Z,477,53.526656,53.741612,214.956,ok,0,
2026-09-23T20:41:05.301262Z,478,53.634653,53.84997,215.317,ok,1,
2026-09-23T20:41:05.412398Z,479,53.742654,53.961104,218.45,ok,0,
2026-09-23T20:41:05.518173Z,480,53.850654,54.066864,216.21,ok,1,
2026-09-23T20:41:05.630587Z,481,53.962655,54.179292,216.637,ok,0,
2026-09-23T20:41:05.737019Z,482,54.070656,54.285715,215.059,ok,1,
2026-09-23T20:41:05.847246Z,483,54.180658,54.395952,215.294,ok,0,
2026-09-23T20:41:05.955878Z,484,54.288655,54.504585,215.93,ok,1,
2026-09-23T20:41:06.063253Z,485,54.396658,54.61196,215.302,ok,0,
2026-09-23T20:41:06.170984Z,486,54.50466,54.719688,215.028,ok,1,
2026-09-23T20:41:06.281352Z,487,54.612652,54.830048,217.396,ok,0,
2026-09-23T20:41:06.388015Z,488,54.720655,54.936723,216.068,ok,1,
2026-09-23T20:41:06.497586Z,489,54.830651,55.046293,215.642,ok,0,
2026-09-23T20:41:06.604936Z,490,54.938656,55.153641,214.985,ok,1,
2026-09-23T20:41:06.716617Z,491,55.046655,55.265325,218.67,ok,0,
2026-09-23T20:41:06.822340Z,492,55.154658,55.371039,216.381,ok,1,
2026-09-23T20:41:06.933362Z,493,55.266656,55.48207,215.414,ok,0,
2026-09-23T20:41:07.042070Z,494,55.374653,55.590775,216.122,ok,1,
2026-09-23T20:41:07.149218Z,495,55.482655,55.697925,215.27,ok,0,
2026-09-23T20:41:07.259329Z,496,55.592655,55.808036,215.381,ok,1,
2026-09-23T20:41:07.367404Z,497,55.700654,55.916108,215.454,ok,0,
2026-09-23T20:41:07.475036Z,498,55.808653,56.023742,215.089,ok,1,
2026-09-23T20:41:07.583675Z,499,55.916656,56.132382,215.726,ok,0,
2026-09-23T20:41:07.691351Z,500,56.024656,56.240058,215.402,ok,1,
2026-09-23T20:41:07.801526Z,501,56.132654,56.350234,217.58,ok,0,
2026-09-23T20:41:07.906980Z,502,56.240654,56.455687,215.033,ok,1,
2026-09-23T20:41:08.017296Z,503,56.350653,56.566004,215.351,ok,0,
2026-09-23T20:41:08.125667Z,504,56.458662,56.674375,215.713,ok,1,
2026-09-23T20:41:08.234447Z,505,56.566653,56.783155,216.502,ok,0,
2026-09-23T20:41:08.340988Z,506,56.674654,56.889696,215.042,ok,1,
2026-09-23T20:41:08.452025Z,507,56.784656,57.000732,216.076,ok,0,
2026-09-23T20:41:08.561408Z,508,56.892658,57.110115,217.457,ok,1,
2026-09-23T20:41:08.669115Z,509,57.002656,57.217822,215.166,ok,0,
2026-09-23T20:41:08.778112Z,510,57.110654,57.32682,216.166,ok,1,
2026-09-23T20:41:08.884884Z,511,57.218652,57.433592,214.94,ok,0,
2026-09-23T20:41:08.996080Z,512,57.328656,57.544786,216.13,ok,1,
2026-09-23T20:41:09.103214Z,513,57.436661,57.651918,215.257,ok,0,
2026-09-23T20:41:09.213408Z,514,57.546654,57.762115,215.461,ok,1,
2026-09-23T20:41:09.321473Z,515,57.654654,57.870178,215.524,ok,0,
2026-09-23T20:41:09.429483Z,516,57.762655,57.978188,215.533,ok,1,
2026-09-23T20:41:09.537358Z,517,57.870655,58.086066,215.411,ok,0,
2026-09-23T20:41:09.644924Z,518,57.97866,58.193632,214.972,ok,1,
2026-09-23T20:41:09.753717Z,519,58.086654,58.302425,215.771,ok,0,
2026-09-23T20:41:09.862327Z,520,58.194659,58.411034,216.375,ok,1,
2026-09-23T20:41:09.970116Z,521,58.302654,58.518824,216.17,ok,0,
2026-09-23T20:41:10.079203Z,522,58.412656,58.627911,215.255,ok,1,
2026-09-23T20:41:10.195662Z,523,58.520655,58.74437,223.715,ok,0,
2026-09-23T20:41:10.295313Z,524,58.628652,58.844021,215.369,ok,1,
2026-09-23T20:41:10.410684Z,525,58.744658,58.959391,214.733,ok,0,
2026-09-23T20:41:10.519228Z,526,58.852657,59.067934,215.277,ok,1,
2026-09-23T20:41:10.627358Z,527,58.960654,59.176065,215.411,ok,0,
2026-09-23T20:41:10.735612Z,528,59.068656,59.28432,215.664,ok,1,
2026-09-23T20:41:10.843491Z,529,59.176671,59.392199,215.528,ok,0,
2026-09-23T20:41:10.953598Z,530,59.284654,59.502304,217.65,ok,1,
2026-09-23T20:41:11.059401Z,531,59.392653,59.608108,215.455,ok,0,
2026-09-23T20:41:11.169487Z,532,59.502657,59.718194,215.537,ok,1,
2026-09-23T20:41:11.277457Z,533,59.610653,59.826164,215.511,ok,0,
2026-09-23T20:41:11.385385Z,534,59.718652,59.934092,215.44,ok,1,
2026-09-23T20:41:11.493377Z,535,59.826652,60.042082,215.43,ok,0,
2026-09-23T20:41:11.601301Z,536,59.934654,60.150007,215.353,ok,1,
2026-09-23T20:41:11.709387Z,537,60.042652,60.258093,215.441,ok,0,
2026-09-23T20:41:11.819099Z,538,60.150656,60.367805,217.149,ok,1,
2026-09-23T20:41:11.925471Z,539,60.258653,60.474179,215.526,ok,0,
2026-09-23T20:41:12.039612Z,540,60.368653,60.588317,219.664,ok,1,
2026-09-23T20:41:12.143334Z,541,60.476656,60.692042,215.386,ok,0,
2026-09-23T20:41:12.255404Z,542,60.588662,60.804111,215.449,ok,1,
2026-09-23T20:41:12.363437Z,543,60.696652,60.912144,215.492,ok,0,
2026-09-23T20:41:12.470888Z,544,60.804653,61.019595,214.942,ok,1,
2026-09-23T20:41:12.578795Z,545,60.912655,61.127503,214.848,ok,0,
2026-09-23T20:41:12.687432Z,546,61.020657,61.236139,215.482,ok,1,
2026-09-23T20:41:12.794894Z,547,61.128658,61.343602,214.944,ok,0,
2026-09-23T20:41:12.903027Z,548,61.236665,61.451734,215.069,ok,1,
2026-09-23T20:41:13.011252Z,549,61.344656,61.55996,215.304,ok,0,
2026-09-23T20:41:13.120445Z,550,61.452654,61.669154,216.5,ok,1,
2026-09-23T20:41:13.227390Z,551,61.560653,61.776083,215.43,ok,0,
2026-09-23T20:41:13.337487Z,552,61.670656,61.886195,215.539,ok,1,
2026-09-23T20:41:13.445522Z,553,61.778656,61.99423,215.574,ok,0,
2026-09-23T20:41:13.553244Z,554,61.886653,62.101951,215.298,ok,1,
2026-09-23T20:41:13.661385Z,555,61.994654,62.210093,215.439,ok,0,
2026-09-23T20:41:13.769774Z,556,62.102663,62.318481,215.818,ok,1,
2026-09-23T20:41:13.877030Z,557,62.210657,62.425729,215.072,ok,0,
2026-09-23T20:41:13.985027Z,558,62.318653,62.533732,215.079,ok,1,
2026-09-23T20:41:14.098149Z,559,62.426656,62.646856,220.2,ok,0,
2026-09-23T20:41:14.200612Z,560,62.534657,62.74932,214.663,ok,1,
2026-09-23T20:41:14.314987Z,561,62.648656,62.863695,215.039,ok,0,
2026-09-23T20:41:14.424315Z,562,62.756653,62.973022,216.369,ok,1,
2026-09-23T20:41:14.531984Z,563,62.86466,63.080691,216.031,ok,0,
2026-09-23T20:41:14.641456Z,564,62.974656,63.190163,215.507,ok,1,
2026-09-23T20:41:14.749293Z,565,63.08266,63.297999,215.339,ok,0,
2026-09-23T20:41:14.856980Z,566,63.190654,63.405685,215.031,ok,1,
2026-09-23T20:41:14.965597Z,567,63.298654,63.514295,215.641,ok,0,
2026-09-23T20:41:15.072992Z,568,63.406654,63.6217,215.046,ok,1,
2026-09-23T20:41:15.180909Z,569,63.514655,63.729616,214.961,ok,0,
2026-09-23T20:41:15.289088Z,570,63.62266,63.837796,215.136,ok,1,
2026-09-23T20:41:15.397320Z,571,63.730655,63.946027,215.372,ok,0,
2026-09-23T20:41:15.505666Z,572,63.838653,64.054365,215.712,ok,1,
2026-09-23T20:41:15.613186Z,573,63.946655,64.161894,215.239,ok,0,
2026-09-23T20:41:15.721279Z,574,64.054659,64.269987,215.328,ok,1,
2026-09-23T20:41:15.829271Z,575,64.162653,64.377978,215.325,ok,0,
2026-09-23T20:41:15.938436Z,576,64.270655,64.487143,216.488,ok,1,
2026-09-23T20:41:16.045387Z,577,64.378656,64.594094,215.438,ok,0,
2026-09-23T20:41:16.155471Z,578,64.488657,64.704179,215.522,ok,1,
2026-09-23T20:41:16.263129Z,579,64.596656,64.811836,215.18,ok,0,
2026-09-23T20:41:16.371264Z,580,64.704655,64.919972,215.317,ok,1,
2026-09-23T20:41:16.479113Z,581,64.812651,65.027818,215.167,ok,0,
2026-09-23T20:41:16.586969Z,582,64.920653,65.135676,215.023,ok,1,
2026-09-23T20:41:16.694917Z,583,65.028657,65.243624,214.967,ok,0,
2026-09-23T20:41:16.803350Z,584,65.136655,65.352058,215.403,ok,1,
2026-09-23T20:41:16.911758Z,585,65.244653,65.460466,215.813,ok,0,
2026-09-23T20:41:17.020405Z,586,65.352654,65.56911,216.456,ok,1,
2026-09-23T20:41:17.127361Z,587,65.460653,65.676067,215.414,ok,0,
2026-09-23T20:41:17.237629Z,588,65.570665,65.786336,215.671,ok,1,
2026-09-23T20:41:17.345702Z,589,65.678655,65.894409,215.754,ok,0,
2026-09-23T20:41:17.458405Z,590,65.786654,66.007113,220.459,ok,1,
2026-09-23T20:41:17.561498Z,591,65.894658,66.110205,215.547,ok,0,
2026-09-23T20:41:17.675127Z,592,66.008656,66.223835,215.179,ok,1,
2026-09-23T20:41:17.783678Z,593,66.116654,66.332386,215.732,ok,0,
2026-09-23T20:41:17.890808Z,594,66.224654,66.439515,214.861,ok,1,
2026-09-23T20:41:18.000031Z,595,66.332653,66.548736,216.083,ok,0,
2026-09-23T20:41:18.107427Z,596,66.440655,66.656135,215.48,ok,1,
2026-09-23T20:41:18.216845Z,597,66.550657,66.765551,214.894,ok,0,
2026-09-23T20:41:18.324796Z,598,66.658656,66.873493,214.837,ok,1,
2026-09-23T20:41:18.432952Z,599,66.766657,66.981659,215.002,ok,0,
2026-09-23T20:41:18.541245Z,600,66.874658,67.089944,215.286,ok,1,
2026-09-23T20:41:18.649038Z,601,66.982657,67.197746,215.089,ok,0,
2026-09-23T20:41:18.757239Z,602,67.090655,67.305946,215.291,ok,1,
2026-09-23T20:41:18.865046Z,603,67.198655,67.413749,215.094,ok,0,
2026-09-23T20:41:18.973019Z,604,67.306654,67.521714,215.06,ok,1,
2026-09-23T20:41:19.081725Z,605,67.414658,67.630432,215.774,ok,0,
2026-09-23T20:41:19.189720Z,606,67.522656,67.738426,215.77,ok,1,
2026-09-23T20:41:19.296891Z,607,67.630622,67.845598,214.976,ok,0,
2026-09-23T20:41:19.405387Z,608,67.738662,67.954094,215.432,ok,1,
2026-09-23T20:41:19.513099Z,609,67.846657,68.061806,215.149,ok,0,
2026-09-23T20:41:19.621111Z,610,67.954654,68.16982,215.166,ok,1,
2026-09-23T20:41:19.731685Z,611,68.062653,68.280391,217.738,ok,0,
2026-09-23T20:41:19.837184Z,612,68.170654,68.385892,215.238,ok,1,
2026-09-23T20:41:19.948265Z,613,68.280654,68.496972,216.318,ok,0,
2026-09-23T20:41:20.054873Z,614,68.388655,68.603581,214.926,ok,1,
2026-09-23T20:41:20.165420Z,615,68.498656,68.714127,215.471,ok,0,
2026-09-23T20:41:20.273200Z,616,68.606654,68.821908,215.254,ok,1,
2026-09-23T20:41:20.386141Z,617,68.714655,68.934848,220.193,ok,0,
2026-09-23T20:41:20.494993Z,618,68.822653,69.043701,221.048,ok,1,
2026-09-23T20:41:20.606589Z,619,68.936655,69.155297,218.642,ok,0,
2026-09-23T20:41:20.712748Z,620,69.044657,69.261456,216.799,ok,1,
2026-09-23T20:41:20.822942Z,621,69.156658,69.371649,214.991,ok,0,
2026-09-23T20:41:20.931370Z,622,69.264657,69.480068,215.411,ok,1,
2026-09-23T20:41:21.039199Z,623,69.372656,69.587905,215.249,ok,0,
2026-09-23T20:41:21.147531Z,624,69.480655,69.696229,215.574,ok,1,
2026-09-23T20:41:21.255153Z,625,69.588653,69.80386,215.207,ok,0,
2026-09-23T20:41:21.366113Z,626,69.696653,69.91482,218.167,ok,1,
2026-09-23T20:41:21.477175Z,627,69.804655,70.025883,221.228,ok,0,
2026-09-23T20:41:21.583492Z,628,69.916652,70.132194,215.542,ok,1,
2026-09-23T20:41:21.693270Z,629,70.026658,70.241971,215.313,ok,0,
2026-09-23T20:41:21.801094Z,630,70.134657,70.349796,215.139,ok,1,
2026-09-23T20:41:21.909055Z,631,70.242655,70.457759,215.104,ok,0,
2026-09-23T20:41:22.017106Z,632,70.350654,70.565813,215.159,ok,1,
2026-09-23T20:41:22.126390Z,633,70.458656,70.675093,216.437,ok,0,
2026-09-23T20:41:22.234281Z,634,70.566651,70.782985,216.334,ok,1,
2026-09-23T20:41:22.343329Z,635,70.676657,70.892034,215.377,ok,0,
2026-09-23T20:41:22.451144Z,636,70.784662,70.999853,215.191,ok,1,
2026-09-23T20:41:22.558728Z,637,70.892662,71.107435,214.773,ok,0,
2026-09-23T20:41:22.667818Z,638,71.000653,71.216526,215.873,ok,1,
2026-09-23T20:41:22.775562Z,639,71.108657,71.32427,215.613,ok,0,
2026-09-23T20:41:22.890724Z,640,71.216659,71.439425,222.766,ok,1,
2026-09-23T20:41:22.991234Z,641,71.324654,71.539937,215.283,ok,0,
2026-09-23T20:41:23.107481Z,642,71.440657,71.656184,215.527,ok,1,
2026-09-23T20:41:23.215376Z,643,71.548657,71.764076,215.419,ok,0,
2026-09-23T20:41:23.323523Z,644,71.656656,71.872222,215.566,ok,1,
2026-09-23T20:41:23.431683Z,645,71.764654,71.980382,215.728,ok,0,
2026-09-23T20:41:23.540698Z,646,71.872655,72.089397,216.742,ok,1,
2026-09-23T20:41:23.648062Z,647,71.980656,72.196763,216.107,ok,0,
2026-09-23T20:41:23.758045Z,648,72.090659,72.30675,216.091,ok,1,
2026-09-23T20:41:23.865461Z,649,72.198657,72.414162,215.505,ok,0,
2026-09-23T20:41:23.974750Z,650,72.308657,72.523451,214.794,ok,1,
2026-09-23T20:41:24.086974Z,651,72.416656,72.63568,219.024,ok,0,
2026-09-23T20:41:24.191321Z,652,72.524657,72.740028,215.371,ok,1,
2026-09-23T20:41:24.303415Z,653,72.636656,72.852122,215.466,ok,0,
2026-09-23T20:41:24.413266Z,654,72.744651,72.961973,217.322,ok,1,
2026-09-23T20:41:24.520211Z,655,72.852653,73.068918,216.265,ok,0,
2026-09-23T20:41:24.629258Z,656,72.962654,73.177966,215.312,ok,1,
2026-09-23T20:41:24.738684Z,657,73.070656,73.287391,216.735,ok,0,
2026-09-23T20:41:24.846495Z,658,73.178655,73.395203,216.548,ok,1,
2026-09-23T20:41:24.955611Z,659,73.288655,73.504319,215.664,ok,0,
2026-09-23T20:41:25.063195Z,660,73.396656,73.6119,215.244,ok,1,
2026-09-23T20:41:25.172605Z,661,73.504654,73.721309,216.655,ok,0,
2026-09-23T20:41:25.279990Z,662,73.612654,73.828696,216.042,ok,1,
2026-09-23T20:41:25.389538Z,663,73.722667,73.938246,215.579,ok,0,
2026-09-23T20:41:25.498246Z,664,73.830659,74.046954,216.295,ok,1,
2026-09-23T20:41:25.612004Z,665,73.938655,74.160711,222.056,ok,0,
2026-09-23T20:41:25.715090Z,666,74.048654,74.263797,215.143,ok,1,
2026-09-23T20:41:25.829546Z,667,74.162661,74.378243,215.582,ok,0,
2026-09-23T20:41:25.937344Z,668,74.270653,74.486041,215.388,ok,1,
2026-09-23T20:41:26.047109Z,669,74.378655,74.595816,217.161,ok,0,
2026-09-23T20:41:26.153624Z,670,74.486657,74.702331,215.674,ok,1,
2026-09-23T20:41:26.263593Z,671,74.596653,74.812301,215.648,ok,0,
2026-09-23T20:41:26.371507Z,672,74.704655,74.920214,215.559,ok,1,
2026-09-23T20:41:26.484000Z,673,74.812655,75.032708,220.053,ok,0,
2026-09-23T20:41:26.587126Z,674,74.920652,75.135831,215.179,ok,1,
2026-09-23T20:41:26.701515Z,675,75.034655,75.250219,215.564,ok,0,
2026-09-23T20:41:26.809226Z,676,75.142655,75.357933,215.278,ok,1,
2026-09-23T20:41:26.917361Z,677,75.250655,75.466068,215.413,ok,0,
2026-09-23T20:41:27.028843Z,678,75.358653,75.57755,218.897,ok,1,
2026-09-23T20:41:27.132782Z,679,75.466655,75.681488,214.833,ok,0,
2026-09-23T20:41:27.246185Z,680,75.578657,75.794892,216.235,ok,1,
2026-09-23T20:41:27.353290Z,681,75.686657,75.901998,215.341,ok,0,
2026-09-23T20:41:27.463172Z,682,75.796665,76.011854,215.189,ok,1,
2026-09-23T20:41:27.571238Z,683,75.904656,76.119946,215.29,ok,0,
2026-09-23T20:41:27.678982Z,684,76.012654,76.227689,215.035,ok,1,
2026-09-23T20:41:27.788114Z,685,76.120654,76.336821,216.167,ok,0,
2026-09-23T20:41:27.895886Z,686,76.228655,76.444594,215.939,ok,1,
2026-09-23T20:41:28.004998Z,687,76.338657,76.553705,215.048,ok,0,
2026-09-23T20:41:28.113704Z,688,76.446658,76.66241,215.752,ok,1,
2026-09-23T20:41:28.221248Z,689,76.554656,76.769955,215.299,ok,0,
2026-09-23T20:41:28.329489Z,690,76.662615,76.878196,215.581,ok,1,
2026-09-23T20:41:28.437148Z,691,76.770652,76.985856,215.204,ok,0,
2026-09-23T20:41:28.544837Z,692,76.878665,77.093545,214.88,ok,1,
2026-09-23T20:41:28.653006Z,693,76.986652,77.201714,215.062,ok,0,
2026-09-23T20:41:28.760986Z,694,77.094657,77.309693,215.036,ok,1,
2026-09-23T20:41:28.869879Z,695,77.202654,77.418586,215.932,ok,0,
2026-09-23T20:41:28.977171Z,696,77.310657,77.525865,215.208,ok,1,
2026-09-23T20:41:29.085147Z,697,77.418672,77.633855,215.183,ok,0,
2026-09-23T20:41:29.193568Z,698,77.526659,77.742276,215.617,ok,1,
2026-09-23T20:41:29.301382Z,699,77.634653,77.85008,215.427,ok,0,
2026-09-23T20:41:29.410919Z,700,77.742652,77.959626,216.974,ok,1,
2026-09-23T20:41:29.517101Z,701,77.850655,78.065808,215.153,ok,0,
2026-09-23T20:41:29.628027Z,702,77.960658,78.176735,216.077,ok,1,
2026-09-23T20:41:29.738506Z,703,78.068656,78.287214,218.558,ok,0,
2026-09-23T20:41:29.844978Z,704,78.178659,78.393686,215.027,ok,1,
2026-09-23T20:41:29.955657Z,705,78.288658,78.504365,215.707,ok,0,
2026-09-23T20:41:30.063122Z,706,78.396656,78.61182,215.164,ok,1,
2026-09-23T20:41:30.172653Z,707,78.504654,78.72136,216.706,ok,0,
2026-09-23T20:41:30.278871Z,708,78.612656,78.827579,214.923,ok,1,
2026-09-23T20:41:30.391258Z,709,78.722656,78.939965,217.309,ok,0,
2026-09-23T20:41:30.497512Z,710,78.830654,79.046219,215.565,ok,1,
2026-09-23T20:41:30.606887Z,711,78.940655,79.155593,214.938,ok,0,
2026-09-23T20:41:30.715644Z,712,79.048655,79.264351,215.696,ok,1,
2026-09-23T20:41:30.823213Z,713,79.156655,79.37192,215.265,ok,0,
2026-09-23T20:41:30.931219Z,714,79.264651,79.479926,215.275,ok,1,
2026-09-23T20:41:31.039404Z,715,79.372653,79.588111,215.458,ok,0,
2026-09-23T20:41:31.147622Z,716,79.480655,79.69633,215.675,ok,1,
2026-09-23T20:41:31.255295Z,717,79.588653,79.804002,215.349,ok,0,
2026-09-23T20:41:31.363245Z,718,79.696653,79.911952,215.299,ok,1,
2026-09-23T20:41:31.471134Z,719,79.804654,80.019842,215.188,ok,0,
2026-09-23T20:41:31.571426Z,720,79.912653,80.120132,207.479,ok,1,
2026-09-23T20:41:31.572328Z,721,80.020655,80.121035,100.38,ok,0,
2026-09-23T20:41:31.672025Z,722,80.128657,80.220733,92.076,ok,1,
2026-09-23T20:41:31.777992Z,723,80.236651,80.326699,90.048,ok,1,
2026-09-23T20:41:31.891842Z,724,80.344657,80.440549,95.892,ok,0,
2026-09-23T20:41:32.004336Z,725,80.452657,80.553034,100.377,ok,1,
2026-09-23T20:41:32.114205Z,726,80.560657,80.662911,102.254,ok,0,
2026-09-23T20:41:32.218666Z,727,80.668654,80.767373,98.719,ok,1,
2026-09-23T20:41:32.338827Z,728,80.776654,80.887534,110.88,ok,0,
2026-09-23T20:41:32.434354Z,729,80.884653,80.983061,98.408,ok,1,
2026-09-23T20:41:32.539538Z,730,80.992655,81.088245,95.59,ok,1,
2026-09-23T20:41:32.680377Z,731,81.100655,81.229084,128.429,ok,0,
2026-09-23T20:41:32.750056Z,732,81.208658,81.298762,90.104,ok,1,
2026-09-23T20:41:32.864246Z,733,81.316657,81.412954,96.297,ok,0,
2026-09-23T20:41:32.969864Z,734,81.424654,81.51857,93.916,ok,1,
2026-09-23T20:41:33.074492Z,735,81.532656,81.623186,90.53,ok,0,
2026-09-23T20:41:33.192089Z,736,81.640636,81.740795,100.159,ok,1,
2026-09-23T20:41:33.288270Z,737,81.744656,81.836977,92.321,ok,0,
2026-09-23T20:41:33.380559Z,738,81.838655,81.929258,90.603,ok,1,
2026-09-23T20:41:33.453551Z,739,81.904656,82.002257,97.601,ok,0,
2026-09-23T20:41:33.502641Z,740,81.960657,82.051348,90.691,ok,1,
2026-09-23T20:41:33.555727Z,741,82.012655,82.104425,91.77,ok,0,
2026-09-23T20:41:33.606196Z,742,82.064654,82.154904,90.25,ok,1,
2026-09-23T20:41:33.657291Z,743,82.116678,82.205999,89.321,ok,0,
2026-09-23T20:41:33.712512Z,744,82.168653,82.261219,92.566,ok,1,
2026-09-23T20:41:33.758702Z,745,82.218658,82.30741,88.752,ok,0,
2026-09-23T20:41:33.808700Z,746,82.268652,82.357408,88.756,ok,1,
2026-09-23T20:41:33.858249Z,747,82.318653,82.406957,88.304,ok,0,
2026-09-23T20:41:33.908282Z,748,82.368655,82.45699,88.335,ok,1,
2026-09-23T20:41:33.956758Z,749,82.416656,82.505466,88.81,ok,0,
2026-09-23T20:41:34.004257Z,750,82.464655,82.552965,88.31,ok,1,
2026-09-23T20:41:34.052263Z,751,82.512654,82.600971,88.317,ok,0,
2026-09-23T20:41:34.100393Z,752,82.560657,82.649097,88.44,ok,1,
2026-09-23T20:41:34.147495Z,753,82.608653,82.696201,87.548,ok,0,
2026-09-23T20:41:34.196347Z,754,82.656654,82.745054,88.4,ok,1,
2026-09-23T20:41:34.241778Z,755,82.702655,82.790486,87.831,ok,0,
2026-09-23T20:41:34.287723Z,756,82.748653,82.83643,87.777,ok,1,
2026-09-23T20:41:34.334076Z,757,82.794654,82.882783,88.129,ok,0,
2026-09-23T20:41:34.379462Z,758,82.840657,82.92817,87.513,ok,1,
2026-09-23T20:41:34.426108Z,759,82.886657,82.974816,88.159,ok,0,
2026-09-23T20:41:34.472000Z,760,82.932656,83.020707,88.051,ok,1,
2026-09-23T20:41:34.526122Z,761,82.978656,83.074823,96.167,ok,0,
2026-09-23T20:41:34.563818Z,762,83.024657,83.112525,87.868,ok,1,
2026-09-23T20:41:34.616047Z,763,83.076654,83.164746,88.092,ok,0,
2026-09-23T20:41:34.661879Z,764,83.122655,83.210586,87.931,ok,1,
2026-09-23T20:41:34.708082Z,765,83.168655,83.25679,88.135,ok,0,
2026-09-23T20:41:34.754084Z,766,83.214654,83.302791,88.137,ok,1,
2026-09-23T20:41:34.800195Z,767,83.260653,83.348903,88.25,ok,0,
2026-09-23T20:41:34.845817Z,768,83.306655,83.394523,87.868,ok,1,
2026-09-23T20:41:34.892894Z,769,83.352655,83.441602,88.947,ok,0,
2026-09-23T20:41:34.938078Z,770,83.398655,83.486786,88.131,ok,1,
2026-09-23T20:41:34.983998Z,771,83.444655,83.532707,88.052,ok,0,
2026-09-23T20:41:35.030643Z,772,83.490657,83.579348,88.691,ok,1,
2026-09-23T20:41:35.076251Z,773,83.536657,83.624959,88.302,ok,0,
2026-09-23T20:41:35.121957Z,774,83.582658,83.670665,88.007,ok,1,
2026-09-23T20:41:35.171728Z,775,83.62866,83.720436,91.776,ok,0,
2026-09-23T20:41:35.214307Z,776,83.674656,83.763014,88.358,ok,1,
2026-09-23T20:41:35.259608Z,777,83.720658,83.808315,87.657,ok,0,
2026-09-23T20:41:35.306577Z,778,83.766655,83.855285,88.63,ok,1,
2026-09-23T20:41:35.351429Z,779,83.812653,83.900137,87.484,ok,0,
2026-09-23T20:41:35.397626Z,780,83.858659,83.946334,87.675,ok,1,
2026-09-23T20:41:35.443765Z,781,83.904656,83.992473,87.817,ok,0,
2026-09-23T20:41:35.490297Z,782,83.950663,84.039004,88.341,ok,1,
2026-09-23T20:41:35.535989Z,783,83.996653,84.084697,88.044,ok,0,
2026-09-23T20:41:35.581421Z,784,84.042658,84.130128,87.47,ok,1,
2026-09-23T20:41:35.627637Z,785,84.088654,84.176345,87.691,ok,0,
2026-09-23T20:41:35.674127Z,786,84.134654,84.222833,88.179,ok,1,
2026-09-23T20:41:35.720211Z,787,84.180659,84.268919,88.26,ok,0,
2026-09-23T20:41:35.765859Z,788,84.226654,84.314567,87.913,ok,1,
2026-09-23T20:41:35.812462Z,789,84.272657,84.361161,88.504,ok,0,
2026-09-23T20:41:35.857846Z,790,84.318655,84.406554,87.899,ok,1,
2026-09-23T20:41:35.903934Z,791,84.364655,84.45264,87.985,ok,0,
2026-09-23T20:41:35.950058Z,792,84.410654,84.498766,88.112,ok,1,
2026-09-23T20:41:35.995772Z,793,84.456655,84.544479,87.824,ok,0,
2026-09-23T20:41:36.041739Z,794,84.502661,84.590446,87.785,ok,1,
2026-09-23T20:41:36.087503Z,795,84.548657,84.63621,87.553,ok,0,
2026-09-23T20:41:36.134170Z,796,84.594658,84.682861,88.203,ok,1,
2026-09-23T20:41:36.179736Z,797,84.640655,84.728444,87.789,ok,0,
2026-09-23T20:41:36.225658Z,798,84.686655,84.774366,87.711,ok,1,
2026-09-23T20:41:36.271646Z,799,84.732653,84.820353,87.7,ok,0,
2026-09-23T20:41:36.318174Z,800,84.778657,84.866866,88.209,ok,1,
2026-09-23T20:41:36.363652Z,801,84.824653,84.91236,87.707,ok,0,
2026-09-23T20:41:36.410718Z,802,84.870655,84.959425,88.77,ok,1,
2026-09-23T20:41:36.457130Z,803,84.916656,85.005838,89.182,ok,0,
2026-09-23T20:41:36.499746Z,804,84.96066,85.048454,87.794,ok,1,
2026-09-23T20:41:36.545760Z,805,85.006657,85.094468,87.811,ok,0,
2026-09-23T20:41:36.590101Z,806,85.050657,85.138809,88.152,ok,1,
2026-09-23T20:41:36.634226Z,807,85.094664,85.182934,88.27,ok,0,
2026-09-23T20:41:36.680110Z,808,85.140667,85.228817,88.15,ok,1,
2026-09-23T20:41:36.723732Z,809,85.184656,85.27244,87.784,ok,0,
2026-09-23T20:41:36.769926Z,810,85.230655,85.318633,87.978,ok,1,
2026-09-23T20:41:36.813944Z,811,85.274656,85.362651,87.995,ok,0,
2026-09-23T20:41:36.857904Z,812,85.318724,85.406612,87.888,ok,1,
2026-09-23T20:41:36.901836Z,813,85.362725,85.450544,87.819,ok,0,
2026-09-23T20:41:36.947908Z,814,85.408655,85.496615,87.96,ok,1,
2026-09-23T20:41:36.992388Z,815,85.452655,85.541095,88.44,ok,0,
2026-09-23T20:41:37.036613Z,816,85.496692,85.585318,88.626,ok,1,
2026-09-23T20:41:37.082326Z,817,85.542655,85.631033,88.378,ok,0,
2026-09-23T20:41:37.126632Z,818,85.586659,85.675339,88.68,ok,1,
2026-09-23T20:41:37.172014Z,819,85.632658,85.720722,88.064,ok,0,
2026-09-23T20:41:37.216668Z,820,85.676655,85.765376,88.721,ok,1,
2026-09-23T20:41:37.261657Z,821,85.722655,85.810365,87.71,ok,0,
2026-09-23T20:41:37.306236Z,822,85.766654,85.854943,88.289,ok,1,
2026-09-23T20:41:37.349979Z,823,85.810653,85.898687,88.034,ok,0,
2026-09-23T20:41:37.396621Z,824,85.856653,85.945329,88.676,ok,1,
2026-09-23T20:41:37.442679Z,825,85.902656,85.991387,88.731,ok,0,
2026-09-23T20:41:37.488259Z,826,85.948656,86.036967,88.311,ok,1,
2026-09-23T20:41:37.534294Z,827,85.994654,86.083001,88.347,ok,0,
2026-09-23T20:41:37.579984Z,828,86.040655,86.128692,88.037,ok,1,
2026-09-23T20:41:37.625644Z,829,86.086659,86.174351,87.692,ok,0,
2026-09-23T20:41:37.671924Z,830,86.132654,86.220631,87.977,ok,1,
2026-09-23T20:41:37.717687Z,831,86.178657,86.266394,87.737,ok,0,
2026-09-23T20:41:37.763829Z,832,86.224656,86.312536,87.88,ok,1,
2026-09-23T20:41:37.810188Z,833,86.270654,86.358895,88.241,ok,0,
2026-09-23T20:41:37.855445Z,834,86.316657,86.404152,87.495,ok,1,
2026-09-23T20:41:37.902024Z,835,86.362625,86.450731,88.106,ok,0,
2026-09-23T20:41:37.948321Z,836,86.408654,86.497027,88.373,ok,1,
2026-09-23T20:41:37.994026Z,837,86.454656,86.542732,88.076,ok,0,
2026-09-23T20:41:38.040688Z,838,86.500659,86.589395,88.736,ok,1,
2026-09-23T20:41:38.086548Z,839,86.546655,86.635256,88.601,ok,0,
2026-09-23T20:41:38.132275Z,840,86.592654,86.680983,88.329,ok,1,
2026-09-23T20:41:38.178473Z,841,86.638656,86.72718,88.524,ok,0,
2026-09-23T20:41:38.224347Z,842,86.684656,86.773055,88.399,ok,1,
2026-09-23T20:41:38.273009Z,843,86.730659,86.821711,91.052,ok,0,
2026-09-23T20:41:38.317357Z,844,86.77666,86.866065,89.405,ok,1,
2026-09-23T20:41:38.362559Z,845,86.822664,86.911267,88.603,ok,0,
2026-09-23T20:41:38.407835Z,846,86.868655,86.956543,87.888,ok,1,
2026-09-23T20:41:38.454023Z,847,86.914656,87.002731,88.075,ok,0,
2026-09-23T20:41:38.500094Z,848,86.960655,87.048802,88.147,ok,1,
2026-09-23T20:41:38.545983Z,849,87.006655,87.094691,88.036,ok,0,
2026-09-23T20:41:38.592395Z,850,87.052655,87.141103,88.448,ok,1,
2026-09-23T20:41:38.638621Z,851,87.098654,87.187329,88.675,ok,0,
2026-09-23T20:41:38.684665Z,852,87.144654,87.233372,88.718,ok,1,
2026-09-23T20:41:38.729632Z,853,87.190659,87.27834,87.681,ok,0,
2026-09-23T20:41:38.776110Z,854,87.236654,87.324817,88.163,ok,1,
2026-09-23T20:41:38.821938Z,855,87.282651,87.370638,87.987,ok,0,
2026-09-23T20:41:38.867848Z,856,87.328653,87.416556,87.903,ok,1,
2026-09-23T20:41:38.914640Z,857,87.374654,87.463347,88.693,ok,0,
2026-09-23T20:41:38.960172Z,858,87.420656,87.508863,88.207,ok,1,
2026-09-23T20:41:39.006427Z,859,87.466655,87.555134,88.479,ok,0,
2026-09-23T20:41:39.052203Z,860,87.512672,87.600909,88.237,ok,1,
2026-09-23T20:41:39.097995Z,861,87.558653,87.646702,88.049,ok,0,
2026-09-23T20:41:39.144239Z,862,87.604658,87.692947,88.289,ok,1,
2026-09-23T20:41:39.192099Z,863,87.650653,87.740806,90.153,ok,0,
2026-09-23T20:41:39.237199Z,864,87.696656,87.785906,89.25,ok,1,
2026-09-23T20:41:39.282300Z,865,87.742655,87.831006,88.351,ok,0,
2026-09-23T20:41:39.328318Z,866,87.788656,87.877026,88.37,ok,1,
2026-09-23T20:41:39.373785Z,867,87.834655,87.922492,87.837,ok,0,
2026-09-23T20:41:39.419921Z,868,87.880654,87.968628,87.974,ok,1,
2026-09-23T20:41:39.465935Z,869,87.926655,88.014641,87.986,ok,0,
2026-09-23T20:41:39.511840Z,870,87.972656,88.060548,87.892,ok,1,
2026-09-23T20:41:39.559018Z,871,88.01865,88.107721,89.071,ok,0,
2026-09-23T20:41:39.604220Z,872,88.064654,88.152928,88.274,ok,1,
2026-09-23T20:41:39.650200Z,873,88.110656,88.198906,88.25,ok,0,
2026-09-23T20:41:39.696295Z,874,88.156656,88.245002,88.346,ok,1,
2026-09-23T20:41:39.742276Z,875,88.202657,88.290984,88.327,ok,0,
2026-09-23T20:41:39.787782Z,876,88.248653,88.336487,87.834,ok,1,
2026-09-23T20:41:39.834043Z,877,88.294658,88.38274,88.082,ok,0,
2026-09-23T20:41:39.880599Z,878,88.340654,88.429305,88.651,ok,1,
2026-09-23T20:41:39.925697Z,879,88.386657,88.474404,87.747,ok,0,
2026-09-23T20:41:39.972647Z,880,88.432657,88.521355,88.698,ok,1,
2026-09-23T20:41:40.018451Z,881,88.478654,88.567158,88.504,ok,0,
2026-09-23T20:41:40.064413Z,882,88.524657,88.613111,88.454,ok,1,
2026-09-23T20:41:40.110644Z,883,88.570657,88.659351,88.694,ok,0,
2026-09-23T20:41:40.156048Z,884,88.616654,88.704755,88.101,ok,1,
2026-09-23T20:41:40.202000Z,885,88.662654,88.750703,88.049,ok,0,
2026-09-23T20:41:40.248103Z,886,88.708659,88.796806,88.147,ok,1,
2026-09-23T20:41:40.294147Z,887,88.754654,88.842854,88.2,ok,0,
2026-09-23T20:41:40.340530Z,888,88.800657,88.889238,88.581,ok,1,
2026-09-23T20:41:40.385875Z,889,88.846657,88.934583,87.926,ok,0,
2026-09-23T20:41:40.431747Z,890,88.892656,88.980454,87.798,ok,1,
2026-09-23T20:41:40.478036Z,891,88.938652,89.026743,88.091,ok,0,
2026-09-23T20:41:40.524352Z,892,88.984655,89.073058,88.403,ok,1,
2026-09-23T20:41:40.570405Z,893,89.030655,89.119112,88.457,ok,0,
2026-09-23T20:41:40.615814Z,894,89.076654,89.164521,87.867,ok,1,
2026-09-23T20:41:40.662032Z,895,89.122658,89.210739,88.081,ok,0,
2026-09-23T20:41:40.708300Z,896,89.168652,89.257009,88.357,ok,1,
2026-09-23T20:41:40.754697Z,897,89.214655,89.303404,88.749,ok,0,
2026-09-23T20:41:40.799875Z,898,89.260656,89.348582,87.926,ok,1,
2026-09-23T20:41:40.846048Z,899,89.306654,89.394755,88.101,ok,0,
2026-09-23T20:41:40.892351Z,900,89.352662,89.441058,88.396,ok,1,
2026-09-23T20:41:40.938099Z,901,89.398658,89.486807,88.149,ok,0,
2026-09-23T20:41:40.984530Z,902,89.444653,89.533237,88.584,ok,1,
2026-09-23T20:41:41.030039Z,903,89.490654,89.578747,88.093,ok,0,
2026-09-23T20:41:41.075869Z,904,89.536654,89.624577,87.923,ok,1,
2026-09-23T20:41:41.121841Z,905,89.582654,89.670548,87.894,ok,0,
2026-09-23T20:41:41.167912Z,906,89.628661,89.716619,87.958,ok,1,
2026-09-23T20:41:41.213607Z,907,89.674655,89.762314,87.659,ok,0,
2026-09-23T20:41:41.260058Z,908,89.720654,89.808765,88.111,ok,1,
2026-09-23T20:41:41.306486Z,909,89.766655,89.855194,88.539,ok,0,
2026-09-23T20:41:41.351848Z,910,89.812658,89.900556,87.898,ok,1,
2026-09-23T20:41:41.398233Z,911,89.858659,89.94694,88.281,ok,0,
2026-09-23T20:41:41.444546Z,912,89.904653,89.993254,88.601,ok,1,
2026-09-23T20:41:41.489642Z,913,89.950657,90.03835,87.693,ok,0,
2026-09-23T20:41:41.536512Z,914,89.996654,90.085219,88.565,ok,1,
2026-09-23T20:41:41.582297Z,915,90.042656,90.131005,88.349,ok,0,
2026-09-23T20:41:41.628101Z,916,90.08866,90.176809,88.149,ok,1,
2026-09-23T20:41:41.674271Z,917,90.134655,90.222979,88.324,ok,0,
2026-09-23T20:41:41.720251Z,918,90.180656,90.268958,88.302,ok,1,
2026-09-23T20:41:41.765684Z,919,90.226656,90.314392,87.736,ok,0,
2026-09-23T20:41:41.811981Z,920,90.272655,90.360688,88.033,ok,1,
2026-09-23T20:41:41.858200Z,921,90.318655,90.406908,88.253,ok,0,
2026-09-23T20:41:41.904388Z,922,90.364657,90.453094,88.437,ok,1,
2026-09-23T20:41:41.950924Z,923,90.410653,90.499632,88.979,ok,0,
2026-09-23T20:41:41.996668Z,924,90.456654,90.545374,88.72,ok,1,
2026-09-23T20:41:42.042301Z,925,90.502653,90.591008,88.355,ok,0,
2026-09-23T20:41:42.088366Z,926,90.548665,90.637074,88.409,ok,1,
2026-09-23T20:41:42.134615Z,927,90.594655,90.683323,88.668,ok,0,
2026-09-23T20:41:42.180132Z,928,90.640661,90.72884,88.179,ok,1,
2026-09-23T20:41:42.227424Z,929,90.686656,90.776132,89.476,ok,0,
2026-09-23T20:41:42.272394Z,930,90.732656,90.821102,88.446,ok,1,
2026-09-23T20:41:42.317810Z,931,90.778656,90.866518,87.862,ok,0,
2026-09-23T20:41:42.364260Z,932,90.824651,90.912968,88.317,ok,1,
2026-09-23T20:41:42.411076Z,933,90.870655,90.959783,89.128,ok,0,
2026-09-23T20:41:42.457295Z,934,90.916654,91.006,89.346,ok,1,
2026-09-23T20:41:42.502665Z,935,90.962657,91.05137,88.713,ok,0,
2026-09-23T20:41:42.548046Z,936,91.008659,91.096742,88.083,ok,1,
2026-09-23T20:41:42.595005Z,937,91.054655,91.143708,89.053,ok,0,
2026-09-23T20:41:42.639989Z,938,91.100656,91.188695,88.039,ok,1,
2026-09-23T20:41:42.686190Z,939,91.146655,91.234898,88.243,ok,0,
2026-09-23T20:41:42.731855Z,940,91.192653,91.280562,87.909,ok,1,
2026-09-23T20:41:42.778200Z,941,91.238652,91.326907,88.255,ok,0,
2026-09-23T20:41:42.823765Z,942,91.284657,91.372471,87.814,ok,1,
2026-09-23T20:41:42.869767Z,943,91.330653,91.418475,87.822,ok,0,
2026-09-23T20:41:42.915886Z,944,91.376653,91.464594,87.941,ok,1,
2026-09-23T20:41:42.961832Z,945,91.422652,91.51054,87.888,ok,0,
2026-09-23T20:41:43.008393Z,946,91.468657,91.557099,88.442,ok,1,
2026-09-23T20:41:43.054553Z,947,91.514666,91.60326,88.594,ok,0,
2026-09-23T20:41:43.100243Z,948,91.56066,91.64895,88.29,ok,1,
2026-09-23T20:41:43.145897Z,949,91.606655,91.694604,87.949,ok,0,
2026-09-23T20:41:43.191655Z,950,91.652656,91.740363,87.707,ok,1,
2026-09-23T20:41:43.238102Z,951,91.698638,91.78681,88.172,ok,0,
2026-09-23T20:41:43.284630Z,952,91.744655,91.833336,88.681,ok,1,
2026-09-23T20:41:43.330637Z,953,91.790655,91.879343,88.688,ok,0,
2026-09-23T20:41:43.375947Z,954,91.836657,91.924653,87.996,ok,1,
2026-09-23T20:41:43.422147Z,955,91.882657,91.970854,88.197,ok,0,
2026-09-23T20:41:43.468237Z,956,91.928653,92.016944,88.291,ok,1,
2026-09-23T20:41:43.514502Z,957,91.974655,92.063209,88.554,ok,0,
2026-09-23T20:41:43.567680Z,958,92.020655,92.116388,95.733,ok,1,
2026-09-23T20:41:43.606582Z,959,92.066656,92.15529,88.634,ok,0,
2026-09-23T20:41:43.655902Z,960,92.116652,92.204609,87.957,ok,1,
2026-09-23T20:41:43.702642Z,961,92.162656,92.25135,88.694,ok,0,
2026-09-23T20:41:43.748105Z,962,92.208665,92.296812,88.147,ok,1,
2026-09-23T20:41:43.794119Z,963,92.254656,92.342827,88.171,ok,0,
2026-09-23T20:41:43.840007Z,964,92.300657,92.388706,88.049,ok,1,
2026-09-23T20:41:43.886424Z,965,92.346656,92.435131,88.475,ok,0,
2026-09-23T20:41:43.931697Z,966,92.392646,92.480405,87.759,ok,1,
2026-09-23T20:41:43.978052Z,967,92.438655,92.526758,88.103,ok,0,
2026-09-23T20:41:44.023817Z,968,92.484658,92.572525,87.867,ok,1,
2026-09-23T20:41:44.070539Z,969,92.530655,92.619247,88.592,ok,0,
2026-09-23T20:41:44.117045Z,970,92.576654,92.665753,89.099,ok,1,
2026-09-23T20:41:44.162736Z,971,92.622655,92.711444,88.789,ok,0,
2026-09-23T20:41:44.207917Z,972,92.668654,92.756625,87.971,ok,1,
2026-09-23T20:41:44.254686Z,973,92.714656,92.803394,88.738,ok,0,
2026-09-23T20:41:44.299945Z,974,92.760655,92.848651,87.996,ok,1,
2026-09-23T20:41:44.345771Z,975,92.806653,92.894479,87.826,ok,0,
2026-09-23T20:41:44.392227Z,976,92.852655,92.940933,88.278,ok,1,
2026-09-23T20:41:44.438100Z,977,92.898656,92.986809,88.153,ok,0,
2026-09-23T20:41:44.484464Z,978,92.944658,93.033172,88.514,ok,1,
2026-09-23T20:41:44.530181Z,979,92.990657,93.078861,88.204,ok,0,
2026-09-23T20:41:44.576393Z,980,93.036655,93.125101,88.446,ok,1,
2026-09-23T20:41:44.621960Z,981,93.082657,93.170667,88.01,ok,0,
2026-09-23T20:41:44.667888Z,982,93.128655,93.216595,87.94,ok,1,
2026-09-23T20:41:44.714430Z,983,93.174658,93.263138,88.48,ok,0,
2026-09-23T20:41:44.760222Z,984,93.220657,93.308928,88.271,ok,1,
2026-09-23T20:41:44.806609Z,985,93.266661,93.355317,88.656,ok,0,
2026-09-23T20:41:44.851999Z,986,93.312656,93.400706,88.05,ok,1,
2026-09-23T20:41:44.898350Z,987,93.358655,93.447057,88.402,ok,0,
2026-09-23T20:41:44.944254Z,988,93.404657,93.492962,88.305,ok,1,
2026-09-23T20:41:44.990090Z,989,93.450654,93.538797,88.143,ok,0,
2026-09-23T20:41:45.036357Z,990,93.496654,93.585065,88.411,ok,1,
2026-09-23T20:41:45.081942Z,991,93.542655,93.630639,87.984,ok,0,
2026-09-23T20:41:45.127754Z,992,93.588666,93.676461,87.795,ok,1,
2026-09-23T20:41:45.174236Z,993,93.634657,93.722943,88.286,ok,0,
2026-09-23T20:41:45.223041Z,994,93.680662,93.771748,91.086,ok,1,
2026-09-23T20:41:45.265931Z,995,93.726654,93.814637,87.983,ok,0,
2026-09-23T20:41:45.312032Z,996,93.772653,93.860739,88.086,ok,1,
2026-09-23T20:41:45.357775Z,997,93.818654,93.906481,87.827,ok,0,
2026-09-23T20:41:45.403591Z,998,93.864654,93.952297,87.643,ok,1,
2026-09-23T20:41:45.449810Z,999,93.910658,93.998518,87.86,ok,0,
2026-09-23T20:41:45.496770Z,1000,93.956653,94.045477,88.824,ok,1,
2026-09-23T20:41:45.542185Z,1001,94.002655,94.090893,88.238,ok,0,
2026-09-23T20:41:45.588283Z,1002,94.04866,94.136991,88.331,ok,1,
2026-09-23T20:41:45.633978Z,1003,94.094656,94.182685,88.029,ok,0,
2026-09-23T20:41:45.679904Z,1004,94.140653,94.228612,87.959,ok,1,
2026-09-23T20:41:45.725757Z,1005,94.186655,94.274465,87.81,ok,0,
2026-09-23T20:41:45.772001Z,1006,94.232657,94.320708,88.051,ok,1,
2026-09-23T20:41:45.817629Z,1007,94.278655,94.366337,87.682,ok,0,
2026-09-23T20:41:45.863383Z,1008,94.324659,94.412091,87.432,ok,1,
2026-09-23T20:41:45.909652Z,1009,94.370654,94.45836,87.706,ok,0,
2026-09-23T20:41:45.956046Z,1010,94.416655,94.504754,88.099,ok,1,
2026-09-23T20:41:46.001874Z,1011,94.462657,94.550581,87.924,ok,0,
2026-09-23T20:41:46.047918Z,1012,94.508654,94.596625,87.971,ok,1,
2026-09-23T20:41:46.093724Z,1013,94.554653,94.642431,87.778,ok,0,
2026-09-23T20:41:46.140185Z,1014,94.600653,94.688893,88.24,ok,1,
2026-09-23T20:41:46.185656Z,1015,94.646655,94.734363,87.708,ok,0,
2026-09-23T20:41:46.231804Z,1016,94.692654,94.780503,87.849,ok,1,
2026-09-23T20:41:46.277950Z,1017,94.738654,94.826657,88.003,ok,0,
2026-09-23T20:41:46.324252Z,1018,94.784655,94.872959,88.304,ok,1,
2026-09-23T20:41:46.369986Z,1019,94.830655,94.918693,88.038,ok,0,
2026-09-23T20:41:46.414013Z,1020,94.874658,94.962721,88.063,ok,1,
2026-09-23T20:41:46.459809Z,1021,94.920661,95.008516,87.855,ok,0,
2026-09-23T20:41:46.505826Z,1022,94.966656,95.054533,87.877,ok,1,
2026-09-23T20:41:46.549666Z,1023,95.010653,95.098373,87.72,ok,0,
2026-09-23T20:41:46.594835Z,1024,95.054663,95.143526,88.863,ok,1,
2026-09-23T20:41:46.638218Z,1025,95.098655,95.18692,88.265,ok,0,
2026-09-23T20:41:46.683921Z,1026,95.144655,95.232621,87.966,ok,1,
2026-09-23T20:41:46.727963Z,1027,95.188654,95.276665,88.011,ok,0,
2026-09-23T20:41:46.774699Z,1028,95.234662,95.323392,88.73,ok,1,
2026-09-23T20:41:46.818227Z,1029,95.278659,95.36693,88.271,ok,0,
2026-09-23T20:41:46.863753Z,1030,95.324655,95.41246,87.805,ok,1,
2026-09-23T20:41:46.909761Z,1031,95.370657,95.458468,87.811,ok,0,
2026-09-23T20:41:46.954235Z,1032,95.414659,95.502942,88.283,ok,1,
2026-09-23T20:41:47.010455Z,1033,95.460659,95.559162,98.503,ok,0,
2026-09-23T20:41:47.046646Z,1034,95.506669,95.59535,88.681,ok,1,
2026-09-23T20:41:47.099940Z,1035,95.560655,95.648646,87.991,ok,0,
2026-09-23T20:41:47.144032Z,1036,95.604663,95.69274,88.077,ok,1,
2026-09-23T20:41:47.189746Z,1037,95.650658,95.738454,87.796,ok,0,
2026-09-23T20:41:47.236313Z,1038,95.696655,95.78502,88.365,ok,1,
2026-09-23T20:41:47.281637Z,1039,95.742653,95.830344,87.691,ok,0,
2026-09-23T20:41:47.326066Z,1040,95.786659,95.874773,88.114,ok,1,
2026-09-23T20:41:47.372548Z,1041,95.832657,95.921255,88.598,ok,0,
2026-09-23T20:41:47.418317Z,1042,95.878653,95.967024,88.371,ok,1,
2026-09-23T20:41:47.462635Z,1043,95.922697,96.011342,88.645,ok,0,
2026-09-23T20:41:47.508119Z,1044,95.968663,96.056824,88.161,ok,1,
2026-09-23T20:41:47.553875Z,1045,96.014653,96.102581,87.928,ok,0,
2026-09-23T20:41:47.600329Z,1046,96.06066,96.149036,88.376,ok,1,
2026-09-23T20:41:47.646616Z,1047,96.106655,96.195323,88.668,ok,0,
2026-09-23T20:41:47.692240Z,1048,96.152655,96.240945,88.29,ok,1,
2026-09-23T20:41:47.738666Z,1049,96.198659,96.287373,88.714,ok,0,
2026-09-23T20:41:47.783775Z,1050,96.244655,96.332482,87.827,ok,1,
2026-09-23T20:41:47.829580Z,1051,96.290655,96.378287,87.632,ok,0,
2026-09-23T20:41:47.875910Z,1052,96.336655,96.424615,87.96,ok,1,
2026-09-23T20:41:47.922076Z,1053,96.382654,96.470782,88.128,ok,0,
2026-09-23T20:41:47.967772Z,1054,96.428653,96.516481,87.828,ok,1,
2026-09-23T20:41:48.013829Z,1055,96.474657,96.562536,87.879,ok,0,
2026-09-23T20:41:48.060458Z,1056,96.520654,96.609161,88.507,ok,1,
2026-09-23T20:41:48.106672Z,1057,96.566657,96.655373,88.716,ok,0,
2026-09-23T20:41:48.151747Z,1058,96.612653,96.700453,87.8,ok,1,
2026-09-23T20:41:48.197977Z,1059,96.658642,96.746684,88.042,ok,0,
2026-09-23T20:41:48.245007Z,1060,96.704653,96.793715,89.062,ok,1,
2026-09-23T20:41:48.290106Z,1061,96.750654,96.838814,88.16,ok,0,
2026-09-23T20:41:48.336487Z,1062,96.796666,96.885195,88.529,ok,1,
2026-09-23T20:41:48.382138Z,1063,96.842655,96.930846,88.191,ok,0,
2026-09-23T20:41:48.428624Z,1064,96.888655,96.977332,88.677,ok,1,
2026-09-23T20:41:48.473937Z,1065,96.934656,97.022643,87.987,ok,0,
2026-09-23T20:41:48.519734Z,1066,96.980655,97.068442,87.787,ok,1,
2026-09-23T20:41:48.565541Z,1067,97.026654,97.114249,87.595,ok,0,
2026-09-23T20:41:48.612209Z,1068,97.072655,97.160916,88.261,ok,1,
2026-09-23T20:41:48.658114Z,1069,97.118655,97.206822,88.167,ok,0,
2026-09-23T20:41:48.704291Z,1070,97.164655,97.252999,88.344,ok,1,
2026-09-23T20:41:48.750084Z,1071,97.210655,97.298792,88.137,ok,0,
2026-09-23T20:41:48.796310Z,1072,97.256655,97.345018,88.363,ok,1,
2026-09-23T20:41:48.842055Z,1073,97.302655,97.390762,88.107,ok,0,
2026-09-23T20:41:48.887850Z,1074,97.348654,97.436557,87.903,ok,1,
2026-09-23T20:41:48.934177Z,1075,97.394654,97.482883,88.229,ok,0,
2026-09-23T20:41:48.980231Z,1076,97.440656,97.528938,88.282,ok,1,
2026-09-23T20:41:49.026503Z,1077,97.486655,97.57521,88.555,ok,0,
2026-09-23T20:41:49.072601Z,1078,97.532653,97.621309,88.656,ok,1,
2026-09-23T20:41:49.119770Z,1079,97.578659,97.668477,89.818,ok,0,
2026-09-23T20:41:49.164139Z,1080,97.624658,97.712846,88.188,ok,1,
2026-09-23T20:41:49.217816Z,1081,97.670654,97.766524,95.87,ok,0,
2026-09-23T20:41:49.255627Z,1082,97.716659,97.804332,87.673,ok,1,
2026-09-23T20:41:49.305535Z,1083,97.766656,97.854243,87.587,ok,0,
2026-09-23T20:41:49.352215Z,1084,97.812655,97.900923,88.268,ok,1,
2026-09-23T20:41:49.398486Z,1085,97.858655,97.947194,88.539,ok,0,
2026-09-23T20:41:49.443988Z,1086,97.904654,97.992697,88.043,ok,1,
2026-09-23T20:41:49.490108Z,1087,97.950654,98.038817,88.163,ok,0,
2026-09-23T20:41:49.535942Z,1088,97.996656,98.084649,87.993,ok,1,
2026-09-23T20:41:49.581862Z,1089,98.042654,98.13057,87.916,ok,0,
2026-09-23T20:41:49.628071Z,1090,98.088656,98.176777,88.121,ok,1,
2026-09-23T20:41:49.677227Z,1091,98.134655,98.225935,91.28,ok,0,
2026-09-23T20:41:49.719572Z,1092,98.180659,98.26828,87.621,ok,1,
2026-09-23T20:41:49.766618Z,1093,98.226653,98.315326,88.673,ok,0,
2026-09-23T20:41:49.812418Z,1094,98.272658,98.361125,88.467,ok,1,
2026-09-23T20:41:49.858029Z,1095,98.318655,98.406738,88.083,ok,0,
2026-09-23T20:41:49.904270Z,1096,98.364656,98.452978,88.322,ok,1,
2026-09-23T20:41:49.950093Z,1097,98.410653,98.498801,88.148,ok,0,
2026-09-23T20:41:49.996074Z,1098,98.456654,98.544782,88.128,ok,1,
2026-09-23T20:41:50.042360Z,1099,98.502655,98.591068,88.413,ok,0,
2026-09-23T20:41:50.088198Z,1100,98.548656,98.636906,88.25,ok,1,
2026-09-23T20:41:50.134094Z,1101,98.594653,98.682802,88.149,ok,0,
2026-09-23T20:41:50.180249Z,1102,98.640656,98.728957,88.301,ok,1,
2026-09-23T20:41:50.226356Z,1103,98.686656,98.775064,88.408,ok,0,
2026-09-23T20:41:50.272240Z,1104,98.732655,98.820948,88.293,ok,1,
2026-09-23T20:41:50.318536Z,1105,98.778658,98.867244,88.586,ok,0,
2026-09-23T20:41:50.363749Z,1106,98.824654,98.912457,87.803,ok,1,
2026-09-23T20:41:50.409960Z,1107,98.870658,98.958668,88.01,ok,0,
2026-09-23T20:41:50.455991Z,1108,98.916653,99.004698,88.045,ok,1,
2026-09-23T20:41:50.501972Z,1109,98.962651,99.05068,88.029,ok,0,
2026-09-23T20:41:50.547648Z,1110,99.008656,99.096355,87.699,ok,1,
2026-09-23T20:41:50.594783Z,1111,99.054655,99.14349,88.835,ok,0,
2026-09-23T20:41:50.639729Z,1112,99.100655,99.188437,87.782,ok,1,
2026-09-23T20:41:50.686225Z,1113,99.146655,99.234933,88.278,ok,0,
2026-09-23T20:41:50.731995Z,1114,99.192654,99.280704,88.05,ok,1,
2026-09-23T20:41:50.778174Z,1115,99.238655,99.326867,88.212,ok,0,
2026-09-23T20:41:50.824225Z,1116,99.284657,99.372933,88.276,ok,1,
2026-09-23T20:41:50.876892Z,1117,99.330664,99.4256,94.936,ok,0,
2026-09-23T20:41:50.917121Z,1118,99.376653,99.465829,89.176,ok,1,
2026-09-23T20:41:50.967054Z,1119,99.426683,99.515762,89.079,ok,0,
2026-09-23T20:41:51.011685Z,1120,99.472656,99.560393,87.737,ok,1,
2026-09-23T20:41:51.058197Z,1121,99.518655,99.606905,88.25,ok,0,
2026-09-23T20:41:51.103873Z,1122,99.564653,99.652581,87.928,ok,1,
2026-09-23T20:41:51.150309Z,1123,99.610654,99.699018,88.364,ok,0,
2026-09-23T20:41:51.196262Z,1124,99.656653,99.74497,88.317,ok,1,
2026-09-23T20:41:51.242476Z,1125,99.702656,99.791182,88.526,ok,0,
2026-09-23T20:41:51.287644Z,1126,99.748653,99.836352,87.699,ok,1,
2026-09-23T20:41:51.333715Z,1127,99.794657,99.882423,87.766,ok,0,
2026-09-23T20:41:51.380535Z,1128,99.840657,99.929243,88.586,ok,1,
2026-09-23T20:41:51.426636Z,1129,99.886653,99.975344,88.691,ok,0,
2026-09-23T20:41:51.473355Z,1130,99.932657,100.022062,89.405,ok,1,
2026-09-23T20:41:51.517807Z,1131,99.978654,100.066514,87.86,ok,0,
2026-09-23T20:41:51.563855Z,1132,100.024654,100.112563,87.909,ok,1,
2026-09-23T20:41:51.610301Z,1133,100.070655,100.159009,88.354,ok,0,
2026-09-23T20:41:51.655985Z,1134,100.116655,100.204693,88.038,ok,1,
2026-09-23T20:41:51.702281Z,1135,100.162654,100.250989,88.335,ok,0,
2026-09-23T20:41:51.747893Z,1136,100.208656,100.296601,87.945,ok,1,
2026-09-23T20:41:51.794099Z,1137,100.254656,100.342807,88.151,ok,0,
2026-09-23T20:41:51.839755Z,1138,100.300654,100.388462,87.808,ok,1,
2026-09-23T20:41:51.885667Z,1139,100.346654,100.434374,87.72,ok,0,
2026-09-23T20:41:51.932287Z,1140,100.392655,100.480995,88.34,ok,1,
2026-09-23T20:41:51.979685Z,1141,100.438656,100.528392,89.736,ok,0,
2026-09-23T20:41:52.024606Z,1142,100.484655,100.573312,88.657,ok,1,
2026-09-23T20:41:52.071197Z,1143,100.530659,100.619904,89.245,ok,0,
2026-09-23T20:41:52.116299Z,1144,100.576658,100.665006,88.348,ok,1,
2026-09-23T20:41:52.161831Z,1145,100.622655,100.710539,87.884,ok,0,
2026-09-23T20:41:52.207617Z,1146,100.668655,100.756325,87.67,ok,1,
2026-09-23T20:41:52.254299Z,1147,100.714654,100.803005,88.351,ok,0,
2026-09-23T20:41:52.299795Z,1148,100.760659,100.848503,87.844,ok,1,
2026-09-23T20:41:52.346246Z,1149,100.806656,100.894954,88.298,ok,0,
2026-09-23T20:41:52.391988Z,1150,100.852657,100.940696,88.039,ok,1,
2026-09-23T20:41:52.438340Z,1151,100.898654,100.987048,88.394,ok,0,
2026-09-23T20:41:52.484078Z,1152,100.944655,101.032786,88.131,ok,1,
2026-09-23T20:41:52.530533Z,1153,100.990657,101.07924,88.583,ok,0,
2026-09-23T20:41:52.576723Z,1154,101.036657,101.125429,88.772,ok,1,
2026-09-23T20:41:52.622262Z,1155,101.082654,101.17097,88.316,ok,0,
2026-09-23T20:41:52.667934Z,1156,101.128655,101.21664,87.985,ok,1,
2026-09-23T20:41:52.713934Z,1157,101.174656,101.262641,87.985,ok,0,
2026-09-23T20:41:52.760448Z,1158,101.220654,101.309156,88.502,ok,1,
2026-09-23T20:41:52.805825Z,1159,101.266655,101.354532,87.877,ok,0,
2026-09-23T20:41:52.852757Z,1160,101.312657,101.401465,88.808,ok,1,
2026-09-23T20:41:52.898360Z,1161,101.358654,101.447068,88.414,ok,0,
2026-09-23T20:41:52.943881Z,1162,101.404655,101.492589,87.934,ok,1,
2026-09-23T20:41:52.989770Z,1163,101.450653,101.538478,87.825,ok,0,
2026-09-23T20:41:53.035918Z,1164,101.496654,101.584626,87.972,ok,1,
2026-09-23T20:41:53.081764Z,1165,101.542654,101.630472,87.818,ok,0,
2026-09-23T20:41:53.127723Z,1166,101.588654,101.676429,87.775,ok,1,
2026-09-23T20:41:53.173864Z,1167,101.63466,101.722572,87.912,ok,0,
2026-09-23T20:41:53.220194Z,1168,101.680655,101.768901,88.246,ok,1,
2026-09-23T20:41:53.265546Z,1169,101.726658,101.814254,87.596,ok,0,
2026-09-23T20:41:53.311918Z,1170,101.772657,101.860626,87.969,ok,1,
2026-09-23T20:41:53.358761Z,1171,101.818653,101.907469,88.816,ok,0,
2026-09-23T20:41:53.403621Z,1172,101.864659,101.952328,87.669,ok,1,
2026-09-23T20:41:53.449935Z,1173,101.910654,101.998642,87.988,ok,0,
2026-09-23T20:41:53.495761Z,1174,101.956654,102.044469,87.815,ok,1,
2026-09-23T20:41:53.542511Z,1175,102.002655,102.091218,88.563,ok,0,
2026-09-23T20:41:53.585512Z,1176,102.046658,102.134219,87.561,ok,1,
2026-09-23T20:41:53.631922Z,1177,102.092656,102.18063,87.974,ok,0,
2026-09-23T20:41:53.676395Z,1178,102.136654,102.225104,88.45,ok,1,
2026-09-23T20:41:53.719886Z,1179,102.180708,102.268594,87.886,ok,0,
2026-09-23T20:41:53.765840Z,1180,102.226657,102.314547,87.89,ok,1,
2026-09-23T20:41:53.809771Z,1181,102.270657,102.358479,87.822,ok,0,
2026-09-23T20:41:53.853638Z,1182,102.314658,102.402346,87.688,ok,1,
2026-09-23T20:41:53.897309Z,1183,102.358658,102.446017,87.359,ok,0,
2026-09-23T20:41:53.941521Z,1184,102.402653,102.490229,87.576,ok,1,
2026-09-23T20:41:53.986585Z,1185,102.446655,102.535292,88.637,ok,0,
2026-09-23T20:41:54.030704Z,1186,102.490652,102.579411,88.759,ok,1,
2026-09-23T20:41:54.075796Z,1187,102.536657,102.624504,87.847,ok,0,
2026-09-23T20:41:54.119647Z,1188,102.580659,102.668355,87.696,ok,1,
2026-09-23T20:41:54.163727Z,1189,102.624655,102.712435,87.78,ok,0,
2026-09-23T20:41:54.207538Z,1190,102.668658,102.756246,87.588,ok,1,
2026-09-23T20:41:54.251946Z,1191,102.712655,102.800652,87.997,ok,0,
2026-09-23T20:41:54.295842Z,1192,102.756652,102.84455,87.898,ok,1,
2026-09-23T20:41:54.339633Z,1193,102.800725,102.88834,87.615,ok,0,
2026-09-23T20:41:54.385833Z,1194,102.846655,102.934539,87.884,ok,1,
2026-09-23T20:41:54.438972Z,1195,102.890654,102.98768,97.026,ok,0,
2026-09-23T20:41:54.473791Z,1196,102.934658,103.022499,87.841,ok,1,
2026-09-23T20:41:54.527680Z,1197,102.988659,103.076388,87.729,ok,0,
2026-09-23T20:41:54.572431Z,1198,103.032657,103.121138,88.481,ok,1,
2026-09-23T20:41:54.615850Z,1199,103.076656,103.164558,87.902,ok,0,
2026-09-23T20:41:54.661562Z,1200,103.122656,103.21027,87.614,ok,1,
2026-09-23T20:41:54.705692Z,1201,103.166658,103.2544,87.742,ok,0,
2026-09-23T20:41:54.749653Z,1202,103.210656,103.29836,87.704,ok,1,
2026-09-23T20:41:54.794187Z,1203,103.254654,103.342895,88.241,ok,0,
2026-09-23T20:41:54.837604Z,1204,103.298654,103.386312,87.658,ok,1,
2026-09-23T20:41:54.884109Z,1205,103.344655,103.432816,88.161,ok,0,
2026-09-23T20:41:54.927253Z,1206,103.388657,103.475961,87.304,ok,1,
2026-09-23T20:41:54.973810Z,1207,103.434655,103.522518,87.863,ok,0,
2026-09-23T20:41:55.017671Z,1208,103.478656,103.566378,87.722,ok,1,
2026-09-23T20:41:55.061771Z,1209,103.522655,103.610479,87.824,ok,0,
2026-09-23T20:41:55.105506Z,1210,103.566655,103.654214,87.559,ok,1,
2026-09-23T20:41:55.150289Z,1211,103.610664,103.698996,88.332,ok,0,
2026-09-23T20:41:55.193673Z,1212,103.654653,103.74238,87.727,ok,1,
2026-09-23T20:41:55.239817Z,1213,103.700659,103.788525,87.866,ok,0,
2026-09-23T20:41:55.283612Z,1214,103.744655,103.83232,87.665,ok,1,
2026-09-23T20:41:55.327530Z,1215,103.78866,103.876226,87.566,ok,0,
2026-09-23T20:41:55.372347Z,1216,103.832651,103.921056,88.405,ok,1,
2026-09-23T20:41:55.416151Z,1217,103.876654,103.964858,88.204,ok,0,
2026-09-23T20:41:55.461822Z,1218,103.922659,104.010529,87.87,ok,1,
2026-09-23T20:41:55.505470Z,1219,103.966658,104.054178,87.52,ok,0,
2026-09-23T20:41:55.549913Z,1220,104.010666,104.098621,87.955,ok,1,
2026-09-23T20:41:55.593716Z,1221,104.054653,104.142424,87.771,ok,0,
2026-09-23T20:41:55.637930Z,1222,104.098697,104.186627,87.93,ok,1,
2026-09-23T20:41:55.681479Z,1223,104.142657,104.230187,87.53,ok,0,
2026-09-23T20:41:55.725753Z,1224,104.186736,104.274461,87.725,ok,1,
2026-09-23T20:41:55.771514Z,1225,104.232655,104.32022,87.565,ok,0,
2026-09-23T20:41:55.815709Z,1226,104.276661,104.364417,87.756,ok,1,
2026-09-23T20:41:55.859690Z,1227,104.320653,104.408398,87.745,ok,0,
2026-09-23T20:41:55.903832Z,1228,104.364653,104.452539,87.886,ok,1,
2026-09-23T20:41:55.947531Z,1229,104.408661,104.496238,87.577,ok,0,
2026-09-23T20:41:55.991757Z,1230,104.452665,104.540465,87.8,ok,1,
2026-09-23T20:41:56.035753Z,1231,104.496653,104.584461,87.808,ok,0,
2026-09-23T20:41:56.080114Z,1232,104.540656,104.62882,88.164,ok,1,
2026-09-23T20:41:56.123418Z,1233,104.584657,104.672125,87.468,ok,0,
2026-09-23T20:41:56.169680Z,1234,104.630666,104.718389,87.723,ok,1,
2026-09-23T20:41:56.213426Z,1235,104.674656,104.762134,87.478,ok,0,
2026-09-23T20:41:56.257563Z,1236,104.718653,104.806272,87.619,ok,1,
2026-09-23T20:41:56.301769Z,1237,104.762654,104.850478,87.824,ok,0,
2026-09-23T20:41:56.345695Z,1238,104.806652,104.894402,87.75,ok,1,
2026-09-23T20:41:56.389911Z,1239,104.850657,104.938619,87.962,ok,0,
2026-09-23T20:41:56.434417Z,1240,104.894654,104.983125,88.471,ok,1,
2026-09-23T20:41:56.477716Z,1241,104.938688,105.026424,87.736,ok,0,
2026-09-23T20:41:56.523517Z,1242,104.984657,105.07222,87.563,ok,1,
2026-09-23T20:41:56.567760Z,1243,105.028653,105.116468,87.815,ok,0,
2026-09-23T20:41:56.611800Z,1244,105.072654,105.160508,87.854,ok,1,
2026-09-23T20:41:56.655496Z,1245,105.116653,105.204204,87.551,ok,0,
2026-09-23T20:41:56.699665Z,1246,105.160657,105.248371,87.714,ok,1,
2026-09-23T20:41:56.743827Z,1247,105.204654,105.292535,87.881,ok,0,
2026-09-23T20:41:56.790785Z,1248,105.248654,105.339493,90.839,ok,1,
2026-09-23T20:41:56.832323Z,1249,105.292663,105.38103,88.367,ok,0,
2026-09-23T20:41:56.881433Z,1250,105.340669,105.430141,89.472,ok,1,
2026-09-23T20:41:56.923605Z,1251,105.384653,105.472313,87.66,ok,0,
2026-09-23T20:41:56.970418Z,1252,105.430653,105.519126,88.473,ok,1,
2026-09-23T20:41:57.014806Z,1253,105.474655,105.563513,88.858,ok,0,
2026-09-23T20:41:57.059821Z,1254,105.520657,105.608527,87.87,ok,1,
2026-09-23T20:41:57.103599Z,1255,105.564657,105.652307,87.65,ok,0,
2026-09-23T20:41:57.147734Z,1256,105.608674,105.696441,87.767,ok,1,
2026-09-23T20:41:57.191894Z,1257,105.652654,105.740602,87.948,ok,0,
2026-09-23T20:41:57.236302Z,1258,105.696653,105.78501,88.357,ok,1,
2026-09-23T20:41:57.281804Z,1259,105.742664,105.830512,87.848,ok,0,
2026-09-23T20:41:57.326330Z,1260,105.786658,105.875038,88.38,ok,1,
2026-09-23T20:41:57.369797Z,1261,105.830654,105.918505,87.851,ok,0,
2026-09-23T20:41:57.415858Z,1262,105.876655,105.964566,87.911,ok,1,
2026-09-23T20:41:57.459833Z,1263,105.920655,106.008541,87.886,ok,0,
2026-09-23T20:41:57.504087Z,1264,105.964658,106.052794,88.136,ok,1,
2026-09-23T20:41:57.548188Z,1265,106.008663,106.096895,88.232,ok,0,
2026-09-23T20:41:57.593829Z,1266,106.054656,106.142535,87.879,ok,1,
2026-09-23T20:41:57.637869Z,1267,106.098655,106.186576,87.921,ok,0,
2026-09-23T20:41:57.681763Z,1268,106.142671,106.230471,87.8,ok,1,
2026-09-23T20:41:57.725820Z,1269,106.18666,106.274528,87.868,ok,0,
2026-09-23T20:41:57.769559Z,1270,106.230658,106.318267,87.609,ok,1,
2026-09-23T20:41:57.813892Z,1271,106.274663,106.3626,87.937,ok,0,
2026-09-23T20:41:57.857656Z,1272,106.318655,106.406364,87.709,ok,1,
2026-09-23T20:41:57.901532Z,1273,106.362657,106.45024,87.583,ok,0,
2026-09-23T20:41:57.945832Z,1274,106.406656,106.494541,87.885,ok,1,
2026-09-23T20:41:57.989683Z,1275,106.450653,106.538391,87.738,ok,0,
2026-09-23T20:41:58.033727Z,1276,106.494665,106.582435,87.77,ok,1,
2026-09-23T20:41:58.077812Z,1277,106.538654,106.62652,87.866,ok,0,
2026-09-23T20:41:58.121909Z,1278,106.582659,106.670615,87.956,ok,1,
2026-09-23T20:41:58.166029Z,1279,106.626654,106.714737,88.083,ok,0,
2026-09-23T20:41:58.209749Z,1280,106.6707,106.758457,87.757,ok,1,
2026-09-23T20:41:58.255379Z,1281,106.716655,106.804087,87.432,ok,0,
2026-09-23T20:41:58.299638Z,1282,106.760656,106.848346,87.69,ok,1,
2026-09-23T20:41:58.343593Z,1283,106.804653,106.892301,87.648,ok,0,
2026-09-23T20:41:58.387787Z,1284,106.848656,106.936483,87.827,ok,1,
2026-09-23T20:41:58.432122Z,1285,106.892653,106.98083,88.177,ok,0,
2026-09-23T20:41:58.475595Z,1286,106.936665,107.024302,87.637,ok,1,
2026-09-23T20:41:58.521807Z,1287,106.982656,107.070515,87.859,ok,0,
2026-09-23T20:41:58.565505Z,1288,107.026655,107.114209,87.554,ok,1,
2026-09-23T20:41:58.609745Z,1289,107.070656,107.158453,87.797,ok,0,
2026-09-23T20:41:58.653998Z,1290,107.114655,107.202706,88.051,ok,1,
2026-09-23T20:41:58.698185Z,1291,107.158664,107.246892,88.228,ok,0,
2026-09-23T20:41:58.744116Z,1292,107.204657,107.292824,88.167,ok,1,
2026-09-23T20:41:58.787755Z,1293,107.248654,107.336462,87.808,ok,0,
2026-09-23T20:41:58.833514Z,1294,107.294656,107.382218,87.562,ok,1,
2026-09-23T20:41:58.877372Z,1295,107.338656,107.42608,87.424,ok,0,
2026-09-23T20:41:58.921614Z,1296,107.382655,107.470322,87.667,ok,1,
2026-09-23T20:41:58.965727Z,1297,107.426656,107.514435,87.779,ok,0,
2026-09-23T20:41:59.010268Z,1298,107.470655,107.558976,88.321,ok,1,
2026-09-23T20:41:59.053815Z,1299,107.51464,107.602523,87.883,ok,0,
2026-09-23T20:41:59.100258Z,1300,107.560671,107.648965,88.294,ok,1,
2026-09-23T20:41:59.143351Z,1301,107.604659,107.692059,87.4,ok,0,
2026-09-23T20:41:59.189912Z,1302,107.650655,107.738619,87.964,ok,1,
2026-09-23T20:41:59.233515Z,1303,107.694667,107.782223,87.556,ok,0,
2026-09-23T20:41:59.277824Z,1304,107.738696,107.826532,87.836,ok,1,
2026-09-23T20:41:59.321605Z,1305,107.782653,107.870312,87.659,ok,0,
2026-09-23T20:41:59.366080Z,1306,107.826676,107.914788,88.112,ok,1,
2026-09-23T20:41:59.409368Z,1307,107.870653,107.958076,87.423,ok,0,
2026-09-23T20:41:59.456493Z,1308,107.916654,108.005201,88.547,ok,1,
2026-09-23T20:41:59.499587Z,1309,107.960657,108.048295,87.638,ok,0,
2026-09-23T20:41:59.545355Z,1310,108.006665,108.094063,87.398,ok,1,
2026-09-23T20:41:59.589530Z,1311,108.050656,108.138238,87.582,ok,0,
2026-09-23T20:41:59.633981Z,1312,108.094654,108.182688,88.034,ok,1,
2026-09-23T20:41:59.677896Z,1313,108.138653,108.226604,87.951,ok,0,
2026-09-23T20:41:59.724025Z,1314,108.184659,108.272733,88.074,ok,1,
2026-09-23T20:41:59.767820Z,1315,108.228663,108.316527,87.864,ok,0,
2026-09-23T20:41:59.813736Z,1316,108.274658,108.362435,87.777,ok,1,
2026-09-23T20:41:59.858225Z,1317,108.318655,108.406933,88.278,ok,0,
2026-09-23T20:41:59.901820Z,1318,108.362629,108.450528,87.899,ok,1,
2026-09-23T20:41:59.947631Z,1319,108.408655,108.496339,87.684,ok,0,
2026-09-23T20:41:59.991897Z,1320,108.452655,108.540604,87.949,ok,1,
2026-09-23T20:42:00.036106Z,1321,108.496656,108.584814,88.158,ok,0,
2026-09-23T20:42:00.079947Z,1322,108.540678,108.628654,87.976,ok,1,
2026-09-23T20:42:00.125954Z,1323,108.586655,108.674661,88.006,ok,0,
2026-09-23T20:42:00.169888Z,1324,108.630656,108.718596,87.94,ok,1,
2026-09-23T20:42:00.213560Z,1325,108.67474,108.762267,87.527,ok,0,
2026-09-23T20:42:00.259450Z,1326,108.720657,108.808157,87.5,ok,1,
2026-09-23T20:42:00.303700Z,1327,108.764658,108.852408,87.75,ok,0,
2026-09-23T20:42:00.347381Z,1328,108.808655,108.896088,87.433,ok,1,
2026-09-23T20:42:00.391846Z,1329,108.852658,108.940553,87.895,ok,0,
2026-09-23T20:42:00.435817Z,1330,108.896658,108.984525,87.867,ok,1,
2026-09-23T20:42:00.479682Z,1331,108.940656,109.02839,87.734,ok,0,
2026-09-23T20:42:00.523449Z,1332,108.984663,109.072157,87.494,ok,1,
2026-09-23T20:42:00.567643Z,1333,109.028658,109.116352,87.694,ok,0,
2026-09-23T20:42:00.612170Z,1334,109.072656,109.160863,88.207,ok,1,
2026-09-23T20:42:00.655421Z,1335,109.116655,109.20413,87.475,ok,0,
2026-09-23T20:42:00.701853Z,1336,109.162656,109.25056,87.904,ok,1,
2026-09-23T20:42:00.746366Z,1337,109.206653,109.295074,88.421,ok,0,
2026-09-23T20:42:00.796825Z,1338,109.250659,109.345532,94.873,ok,1,
2026-09-23T20:42:00.836336Z,1339,109.296657,109.385044,88.387,ok,0,
2026-09-23T20:42:00.885790Z,1340,109.346655,109.434498,87.843,ok,1,
2026-09-23T20:42:00.929718Z,1341,109.390656,109.478426,87.77,ok,0,
2026-09-23T20:42:00.974204Z,1342,109.434654,109.522912,88.258,ok,1,
2026-09-23T20:42:01.017778Z,1343,109.478655,109.566486,87.831,ok,0,
2026-09-23T20:42:01.064360Z,1344,109.524655,109.613068,88.413,ok,1,
2026-09-23T20:42:01.107761Z,1345,109.568654,109.656469,87.815,ok,0,
2026-09-23T20:42:01.153370Z,1346,109.614655,109.702077,87.422,ok,1,
2026-09-23T20:42:01.197574Z,1347,109.658657,109.746283,87.626,ok,0,
2026-09-23T20:42:01.241586Z,1348,109.702655,109.790294,87.639,ok,1,
2026-09-23T20:42:01.285576Z,1349,109.746655,109.834283,87.628,ok,0,
2026-09-23T20:42:01.329551Z,1350,109.790655,109.878259,87.604,ok,1,
2026-09-23T20:42:01.373845Z,1351,109.834654,109.922553,87.899,ok,0,
2026-09-23T20:42:01.418304Z,1352,109.878663,109.967012,88.349,ok,1,
2026-09-23T20:42:01.462118Z,1353,109.922664,110.010826,88.162,ok,0,
2026-09-23T20:42:01.508125Z,1354,109.968658,110.056833,88.175,ok,1,
2026-09-23T20:42:01.551357Z,1355,110.012655,110.100064,87.409,ok,0,
2026-09-23T20:42:01.598836Z,1356,110.058655,110.147544,88.889,ok,1,
2026-09-23T20:42:01.641829Z,1357,110.102656,110.190537,87.881,ok,0,
2026-09-23T20:42:01.688481Z,1358,110.148655,110.237187,88.532,ok,1,
2026-09-23T20:42:01.731909Z,1359,110.192653,110.280617,87.964,ok,0,
2026-09-23T20:42:01.777488Z,1360,110.238658,110.326196,87.538,ok,1,
2026-09-23T20:42:01.821845Z,1361,110.282659,110.370553,87.894,ok,0,
2026-09-23T20:42:01.865967Z,1362,110.326655,110.414673,88.018,ok,1,
2026-09-23T20:42:01.909872Z,1363,110.370656,110.45858,87.924,ok,0,
2026-09-23T20:42:01.956007Z,1364,110.416654,110.504706,88.052,ok,1,
2026-09-23T20:42:02.000188Z,1365,110.460656,110.548894,88.238,ok,0,
2026-09-23T20:42:02.045882Z,1366,110.506656,110.59459,87.934,ok,1,
2026-09-23T20:42:02.089600Z,1367,110.550654,110.638305,87.651,ok,0,
2026-09-23T20:42:02.133544Z,1368,110.594666,110.68225,87.584,ok,1,
2026-09-23T20:42:02.177797Z,1369,110.638655,110.726505,87.85,ok,0,
2026-09-23T20:42:02.221834Z,1370,110.682657,110.770542,87.885,ok,1,
2026-09-23T20:42:02.265666Z,1371,110.726655,110.814374,87.719,ok,0,
2026-09-23T20:42:02.309598Z,1372,110.770662,110.858306,87.644,ok,1,
2026-09-23T20:42:02.353518Z,1373,110.814654,110.902226,87.572,ok,0,
2026-09-23T20:42:02.397706Z,1374,110.858655,110.946413,87.758,ok,1,
2026-09-23T20:42:02.441890Z,1375,110.902654,110.990598,87.944,ok,0,
2026-09-23T20:42:02.485654Z,1376,110.946655,111.034362,87.707,ok,1,
2026-09-23T20:42:02.530075Z,1377,110.990666,111.078782,88.116,ok,0,
2026-09-23T20:42:02.574698Z,1378,111.034674,111.123406,88.732,ok,1,
2026-09-23T20:42:02.619900Z,1379,111.080657,111.168608,87.951,ok,0,
2026-09-23T20:42:02.663690Z,1380,111.124656,111.212398,87.742,ok,1,
2026-09-23T20:42:02.707615Z,1381,111.16868,111.256322,87.642,ok,0,
2026-09-23T20:42:02.751627Z,1382,111.212664,111.300335,87.671,ok,1,
2026-09-23T20:42:02.795922Z,1383,111.25665,111.34463,87.98,ok,0,
2026-09-23T20:42:02.839956Z,1384,111.300652,111.388664,88.012,ok,1,
2026-09-23T20:42:02.883852Z,1385,111.344708,111.43256,87.852,ok,0,
2026-09-23T20:42:02.928243Z,1386,111.388756,111.476951,88.195,ok,1,
2026-09-23T20:42:02.973615Z,1387,111.434658,111.522323,87.665,ok,0,
2026-09-23T20:42:03.017709Z,1388,111.478657,111.566417,87.76,ok,1,
2026-09-23T20:42:03.061612Z,1389,111.522655,111.61032,87.665,ok,0,
2026-09-23T20:42:03.105577Z,1390,111.566654,111.654285,87.631,ok,1,
2026-09-23T20:42:03.150377Z,1391,111.610655,111.699085,88.43,ok,0,
2026-09-23T20:42:03.193721Z,1392,111.654655,111.742429,87.774,ok,1,
2026-09-23T20:42:03.240541Z,1393,111.700656,111.789249,88.593,ok,0,
2026-09-23T20:42:03.284427Z,1394,111.744654,111.833135,88.481,ok,1,
2026-09-23T20:42:03.329822Z,1395,111.790653,111.878529,87.876,ok,0,
2026-09-23T20:42:03.374380Z,1396,111.834656,111.923087,88.431,ok,1,
2026-09-23T20:42:03.417941Z,1397,111.878662,111.966648,87.986,ok,0,
2026-09-23T20:42:03.464224Z,1398,111.924656,112.012932,88.276,ok,1,
2026-09-23T20:42:03.507915Z,1399,111.968656,112.056622,87.966,ok,0,
2026-09-23T20:42:03.553629Z,1400,112.014656,112.102337,87.681,ok,1,
2026-09-23T20:42:03.597697Z,1401,112.058657,112.146406,87.749,ok,0,
2026-09-23T20:42:03.642174Z,1402,112.102657,112.190866,88.209,ok,1,
2026-09-23T20:42:03.685795Z,1403,112.146657,112.234503,87.846,ok,0,
2026-09-23T20:42:03.732269Z,1404,112.192655,112.280978,88.323,ok,1,
2026-09-23T20:42:03.775551Z,1405,112.236659,112.324258,87.599,ok,0,
2026-09-23T20:42:03.821642Z,1406,112.282655,112.37035,87.695,ok,1,
2026-09-23T20:42:03.865642Z,1407,112.326654,112.41435,87.696,ok,0,
2026-09-23T20:42:03.910208Z,1408,112.370655,112.458916,88.261,ok,1,
2026-09-23T20:42:03.954810Z,1409,112.414657,112.503518,88.861,ok,0,
2026-09-23T20:42:04.001022Z,1410,112.460656,112.549729,89.073,ok,1,
2026-09-23T20:42:04.046452Z,1411,112.504654,112.59516,90.506,ok,0,
2026-09-23T20:42:04.090087Z,1412,112.550657,112.638792,88.135,ok,1,
2026-09-23T20:42:04.136130Z,1413,112.596657,112.684827,88.17,ok,0,
2026-09-23T20:42:04.180085Z,1414,112.640658,112.72879,88.132,ok,1,
2026-09-23T20:42:04.225859Z,1415,112.686658,112.774556,87.898,ok,0,
2026-09-23T20:42:04.272260Z,1416,112.732655,112.820963,88.308,ok,1,
2026-09-23T20:42:04.317977Z,1417,112.778659,112.86668,88.021,ok,0,
2026-09-23T20:42:04.363790Z,1418,112.824655,112.912493,87.838,ok,1,
2026-09-23T20:42:04.409857Z,1419,112.870655,112.958559,87.904,ok,0,
2026-09-23T20:42:04.455659Z,1420,112.916654,113.004362,87.708,ok,1,
2026-09-23T20:42:04.501730Z,1421,112.962658,113.050433,87.775,ok,0,
2026-09-23T20:42:04.548325Z,1422,113.008658,113.097017,88.359,ok,1,
2026-09-23T20:42:04.593893Z,1423,113.054656,113.142593,87.937,ok,0,
2026-09-23T20:42:04.639917Z,1424,113.100652,113.188616,87.964,ok,1,
2026-09-23T20:42:04.685623Z,1425,113.146655,113.234323,87.668,ok,0,
2026-09-23T20:42:04.731727Z,1426,113.192655,113.280424,87.769,ok,1,
2026-09-23T20:42:04.775567Z,1427,113.236654,113.324267,87.613,ok,0,
2026-09-23T20:42:04.819543Z,1428,113.280659,113.368243,87.584,ok,1,
2026-09-23T20:42:04.863457Z,1429,113.324651,113.412156,87.505,ok,0,
2026-09-23T20:42:04.907598Z,1430,113.368655,113.456297,87.642,ok,1,
2026-09-23T20:42:04.951746Z,1431,113.412655,113.500446,87.791,ok,0,
2026-09-23T20:42:04.995738Z,1432,113.456654,113.54444,87.786,ok,1,
2026-09-23T20:42:05.040048Z,1433,113.500657,113.588749,88.092,ok,0,
2026-09-23T20:42:05.084046Z,1434,113.544628,113.632746,88.118,ok,1,
2026-09-23T20:42:05.129787Z,1435,113.590661,113.678486,87.825,ok,0,
2026-09-23T20:42:05.173822Z,1436,113.634658,113.722522,87.864,ok,1,
2026-09-23T20:42:05.219521Z,1437,113.67866,113.768217,89.557,ok,0,
2026-09-23T20:42:05.261644Z,1438,113.722663,113.810344,87.681,ok,1,
2026-09-23T20:42:05.307507Z,1439,113.768654,113.856207,87.553,ok,0,
2026-09-23T20:42:05.352242Z,1440,113.812657,113.900942,88.285,ok,1,
2026-09-23T20:42:05.396230Z,1441,113.856658,113.944927,88.269,ok,0,
2026-09-23T20:42:05.441985Z,1442,113.902656,113.990684,88.028,ok,1,
2026-09-23T20:42:05.486637Z,1443,113.946652,114.035339,88.687,ok,0,
2026-09-23T20:42:05.530499Z,1444,113.990815,114.079199,88.384,ok,1,
2026-09-23T20:42:05.575737Z,1445,114.036653,114.124439,87.786,ok,0,
2026-09-23T20:42:05.620273Z,1446,114.080656,114.168975,88.319,ok,1,
2026-09-23T20:42:05.664045Z,1447,114.124667,114.212745,88.078,ok,0,
2026-09-23T20:42:05.709413Z,1448,114.170655,114.258116,87.461,ok,1,
2026-09-23T20:42:05.754085Z,1449,114.214657,114.302785,88.128,ok,0,
2026-09-23T20:42:05.797859Z,1450,114.258655,114.346561,87.906,ok,1,
2026-09-23T20:42:05.843885Z,1451,114.304659,114.392586,87.927,ok,0,
2026-09-23T20:42:05.888362Z,1452,114.348628,114.437062,88.434,ok,1,
2026-09-23T20:42:05.933505Z,1453,114.394659,114.482205,87.546,ok,0,
2026-09-23T20:42:05.978326Z,1454,114.438659,114.527027,88.368,ok,1,
2026-09-23T20:42:06.021902Z,1455,114.482655,114.570602,87.947,ok,0,
2026-09-23T20:42:06.068607Z,1456,114.528659,114.617308,88.649,ok,1,
2026-09-23T20:42:06.111987Z,1457,114.572658,114.660686,88.028,ok,0,
2026-09-23T20:42:06.158410Z,1458,114.618654,114.70711,88.456,ok,1,
2026-09-23T20:42:06.202018Z,1459,114.662659,114.750715,88.056,ok,0,
2026-09-23T20:42:06.247827Z,1460,114.708655,114.796527,87.872,ok,1,
2026-09-23T20:42:06.293945Z,1461,114.754654,114.842645,87.991,ok,0,
2026-09-23T20:42:06.340658Z,1462,114.800656,114.889357,88.701,ok,1,
2026-09-23T20:42:06.385782Z,1463,114.846653,114.934482,87.829,ok,0,
2026-09-23T20:42:06.432085Z,1464,114.892655,114.980786,88.131,ok,1,
2026-09-23T20:42:06.478573Z,1465,114.938655,115.027275,88.62,ok,0,
2026-09-23T20:42:06.523748Z,1466,114.984655,115.072449,87.794,ok,1,
2026-09-23T20:42:06.570327Z,1467,115.030656,115.119029,88.373,ok,0,
2026-09-23T20:42:06.616947Z,1468,115.076653,115.165648,88.995,ok,1,
2026-09-23T20:42:06.662648Z,1469,115.122677,115.211347,88.67,ok,0,
2026-09-23T20:42:06.707896Z,1470,115.168654,115.256596,87.942,ok,1,
2026-09-23T20:42:06.753775Z,1471,115.214653,115.302475,87.822,ok,0,
2026-09-23T20:42:06.800200Z,1472,115.260657,115.3489,88.243,ok,1,
2026-09-23T20:42:06.845844Z,1473,115.306658,115.394544,87.886,ok,0,
2026-09-23T20:42:06.891907Z,1474,115.352656,115.440606,87.95,ok,1,
2026-09-23T20:42:06.938375Z,1475,115.398675,115.487079,88.404,ok,0,
2026-09-23T20:42:06.983599Z,1476,115.444653,115.532305,87.652,ok,1,
2026-09-23T20:42:07.030055Z,1477,115.490655,115.578763,88.108,ok,0,
2026-09-23T20:42:07.075995Z,1478,115.536655,115.624703,88.048,ok,1,
2026-09-23T20:42:07.121680Z,1479,115.582654,115.670384,87.73,ok,0,
2026-09-23T20:42:07.168190Z,1480,115.628655,115.716892,88.237,ok,1,
2026-09-23T20:42:07.214723Z,1481,115.674656,115.763416,88.76,ok,0,
2026-09-23T20:42:07.259667Z,1482,115.720655,115.808365,87.71,ok,1,
2026-09-23T20:42:07.304456Z,1483,115.764747,115.853149,88.402,ok,0,
2026-09-23T20:42:07.350177Z,1484,115.810667,115.898852,88.185,ok,1,
2026-09-23T20:42:07.396479Z,1485,115.856658,115.945172,88.514,ok,0,
2026-09-23T20:42:07.442413Z,1486,115.902656,115.991112,88.456,ok,1,
2026-09-23T20:42:07.488424Z,1487,115.948655,116.037118,88.463,ok,0,
