ts_utc,wall_offset_s,node,host,cpu_busy_pct,cpu_seconds_idle_cum,cpu_seconds_total_cum,mem_total_bytes,mem_available_bytes,disk_read_bytes_per_s,disk_write_bytes_per_s,disk_busy_pct,disk_read_bytes_cum,disk_write_bytes_cum,disk_io_time_seconds_cum,net_rx_bytes_per_s,net_tx_bytes_per_s,net_rx_bytes_cum,net_tx_bytes_cum,load1
2026-09-11T04:25:32.270778Z,6.009,linode-1,crdb-linode-1,,4313.86,5953.3,8322887680.0,6772236288.0,,,,10770024448.0,75248537600.0,691.0799999999999,,,19523109266.0,4482379919.0,0.52
2026-09-11T04:25:32.655994Z,6.394,linode-2,crdb-linode-2,,4241.26,5990.94,8322887680.0,6426697728.0,,,,10242111488.0,75804045312.0,667.688,,,19554704415.0,4846790754.0,0.26
2026-09-11T04:25:31.584856Z,5.323,azure-1,crdb-azure-1,,11017.1,12915.15,8327364608.0,6268858368.0,,,,11045062656.0,78781477888.0,679.401,,,19448256120.0,4309345876.0,0.36
2026-09-11T04:25:31.771188Z,5.509,azure-2,crdb-azure-2,,6106.24,7872.87,8327364608.0,6017990656.0,,,,10332755968.0,79106679808.0,488.68800000000005,,,19446136359.0,4365587079.0,0.22
2026-09-11T04:25:32.600724Z,6.339,gcp-1,crdb-gcp-1,,4171.969999999999,6220.72,8324030464.0,3646865408.0,,,,74572789760.0,81662587904.0,387.849,,,17384194662.0,76011795812.0,1.25
2026-09-11T04:25:32.553882Z,6.292,client-1,crdb-client-1,,6288.48,6381.29,8324030464.0,7735607296.0,,,,566388736.0,5656622080.0,13.571,,,340348597.0,4722839.0,0.0
2026-09-11T04:25:37.230044Z,10.968,linode-1,crdb-linode-1,6.0824742268010485,4332.08,5972.7,8322887680.0,6802169856.0,269250.8842124313,1243014.051348801,7.904340806182142,10771359744.0,75254702080.0,691.4720000000001,292469.8853305815,217744.626716863,19524559712.0,4483459780.0,0.47
2026-09-11T04:25:37.933261Z,11.671,linode-2,crdb-linode-2,5.347043701803777,4259.67,6010.39,8322887680.0,6426537984.0,128064.84396105616,1182853.4678584824,7.124819680598084,10242787328.0,75810287616.0,668.064,255998.37143172257,473790.2763060058,19556055402.0,4849291100.0,0.24
2026-09-11T04:25:36.536284Z,10.274,azure-1,crdb-azure-1,4.377279833247128,11035.45,12934.34,8327364608.0,6267633664.0,47978.69265571806,1559307.511310837,7.714785069743091,11045300224.0,78789198848.0,679.783,316633.5613305687,166442.04480974478,19449823941.0,4310170019.0,0.34
2026-09-11T04:25:36.714456Z,10.453,azure-2,crdb-azure-2,5.07853403141485,6124.37,7891.97,8327364608.0,6017429504.0,51372.47756270722,1610775.7480952071,4.4504256961134665,10333009920.0,79114642432.0,488.908,320566.7926880983,189311.6013850688,19447721032.0,4366522912.0,0.2
2026-09-11T04:25:38.178319Z,11.916,gcp-1,crdb-gcp-1,42.28395061728145,4183.19,6240.16,8324030464.0,3434881024.0,112154560.18306372,25698231.312996857,33.02473370333161,75198347264.0,81805923328.0,389.69100000000003,407117.1558431378,662865.9288329597,17386465414.0,76015493038.0,1.31
2026-09-11T04:25:37.495332Z,11.233,client-1,crdb-client-1,0.5558362809483186,6308.16,6401.08,8324030464.0,7734104064.0,0.0,10775.697027738679,0.02023681082435368,566388736.0,5656675328.0,13.572000000000001,5883.448010957155,66274.1388729196,340377670.0,5050332.0,0.0
2026-09-11T04:25:42.258610Z,15.997,linode-1,crdb-linode-1,5.3752535496977005,4350.74,5992.42,8322887680.0,6803550208.0,8145.277534646775,419481.79303430894,5.488517088774737,10771400704.0,75256811520.0,691.748,173343.27840872016,127767.90520314188,19525431400.0,4484102284.0,0.52
2026-09-11T04:25:42.599754Z,16.338,linode-2,crdb-linode-2,5.482233502537747,4278.29,6030.09,8322887680.0,6426079232.0,0.0,636354.2319687655,6.342970523396613,10242787328.0,75813257216.0,668.36,269862.96665513236,519898.5788964912,19557314740.0,4851717250.0,0.22
2026-09-11T04:25:41.594133Z,15.332,azure-1,crdb-azure-1,3.195876288663979,11054.23,12953.74,8327364608.0,6267187200.0,0.0,270479.41541714774,4.705488988034599,11045300224.0,78790566912.0,680.021,126819.4526450674,160625.42537978393,19450465384.0,4310982450.0,0.39
2026-09-11T04:25:41.743560Z,15.482,azure-2,crdb-azure-2,3.824289405683734,6142.98,7911.32,8327364608.0,6017437696.0,0.0,264694.1991094625,2.8831624752766145,10333009920.0,79115973632.0,489.05300000000005,136571.62851678027,221616.57030817898,19448407878.0,4367637466.0,0.18
2026-09-11T04:25:42.586397Z,16.325,gcp-1,crdb-gcp-1,43.80165289256047,4194.07,6259.5199999999995,8324030464.0,3604283392.0,117385520.31726193,56307547.93485226,41.7633183036086,75715803136.0,82054136832.0,391.532,348723.4809838738,469488.2068152873,17388002648.0,76017562624.0,1.37
2026-09-11T04:25:42.982488Z,16.721,client-1,crdb-client-1,5.549949545914878,6326.88,6420.900000000001,8324030464.0,7522074624.0,9703.85515935546,7464.503968734969,0.03644777328481852,566441984.0,5656716288.0,13.574,128407.87438775031,167475.69585516967,341082283.0,5969322.0,0.0
2026-09-11T04:25:47.197468Z,20.936,linode-1,crdb-linode-1,8.900255754474507,4368.55,6011.97,8322887680.0,6811013120.0,223917.8938186843,1958866.9081471567,27.698176969757874,10772506624.0,75266486272.0,693.116,502175.844871834,298243.15760268946,19527911623.0,4485575293.0,0.64
2026-09-11T04:25:47.607298Z,21.346,linode-2,crdb-linode-2,8.307849133537815,4296.28,6049.71,8322887680.0,6425849856.0,13087.176510130945,1770858.5715270934,27.797469638216366,10242852864.0,75822125056.0,669.752,478781.2606539633,449706.944601473,19559712309.0,4853969225.0,0.28
2026-09-11T04:25:46.584464Z,20.323,azure-1,crdb-azure-1,9.791666666671606,11071.55,12972.94,8327364608.0,6266470400.0,0.0,1944420.6480477382,23.825776865245626,11045300224.0,78800270336.0,681.2099999999999,492908.4332512279,216305.39118093604,19452925191.0,4312061899.0,0.36
2026-09-11T04:25:46.739692Z,20.478,azure-2,crdb-azure-2,9.44272445820391,6160.53,7930.7,8327364608.0,6016327680.0,16396.418513079072,1975768.4308260283,14.390899549443063,10333091840.0,79125844992.0,489.77200000000005,506678.55418674723,232938.22550400443,19450939352.0,4368801275.0,0.17
2026-09-11T04:25:47.604499Z,21.343,gcp-1,crdb-gcp-1,67.31171548117291,4200.32,6278.64,8324030464.0,3640860672.0,123423246.71963629,1691221.3792760256,39.356626109357435,76335167488.0,82062623744.0,393.507,1875516.6025397975,6670316.8253258085,17397414393.0,76051035706.0,1.74
2026-09-11T04:25:47.722199Z,21.461,client-1,crdb-client-1,20.48832271761635,6341.860000000001,6439.74,8324030464.0,7521636352.0,0.0,184933.8193274424,0.21098064595438276,566441984.0,5657592832.0,13.584,5235341.895460809,1441411.9668764735,365896606.0,12801285.0,0.0
2026-09-11T04:25:52.181453Z,25.92,linode-1,crdb-linode-1,12.860759493670704,4385.76,6031.72,8322887680.0,6815682560.0,511169.86681406293,1835938.0746987404,53.8514526967306,10775054336.0,75275636736.0,695.8,630939.5906430202,311934.740384611,19531056277.0,4487130001.0,0.58
2026-09-11T04:25:52.579061Z,26.318,linode-2,crdb-linode-2,11.834016393440304,4313.49,6069.23,8322887680.0,6425591808.0,8238.385267621123,1872584.971330281,50.52447214908382,10242893824.0,75831435264.0,672.264,714226.7705499227,680059.7973915583,19563263336.0,4857350379.0,0.26
2026-09-11T04:25:51.577063Z,25.315,azure-1,crdb-azure-1,16.933402168296375,11087.64,12992.31,8327364608.0,6264524800.0,0.0,1377447.0920126133,44.1043673778653,11045300224.0,78807147520.0,683.4119999999999,589290.4300159912,335884.00026017916,19455867343.0,4313738868.0,0.33
2026-09-11T04:25:51.729542Z,25.468,azure-2,crdb-azure-2,15.993788819872067,6176.76,7950.0199999999995,8327364608.0,6015123456.0,0.0,1587524.5975622665,31.844024002109144,10333091840.0,79133766656.0,491.36100000000005,670673.4224421561,356284.7282564995,19454285977.0,4370579117.0,0.24
2026-09-11T04:25:52.576461Z,26.315,gcp-1,crdb-gcp-1,97.52194114609976,4200.8,6298.01,8324030464.0,3626377216.0,117792942.20180058,10516726.813451571,52.31258208485064,76920838144.0,82114913280.0,396.108,2847690.4134443635,11637271.573453693,17411573210.0,76108896630.0,2.4
2026-09-11T04:25:52.489524Z,26.228,client-1,crdb-client-1,28.291909042836615,6355.42,6458.65,8324030464.0,7474327552.0,0.0,8591.643671607566,0.04195138511528533,566441984.0,5657633792.0,13.586,9932821.273222694,2138809.7746580592,413250567.0,22997896.0,0.0
2026-09-11T04:25:57.254109Z,30.993,linode-1,crdb-linode-1,19.606854838711186,4401.71,6051.56,8322887680.0,6837350400.0,443292.7050082136,14228161.666575102,56.37990310523516,10777303040.0,75347812352.0,698.6600000000001,754219.985332438,414173.07645194593,19534882231.0,4489230989.0,0.62
2026-09-11T04:25:57.612432Z,31.351,linode-2,crdb-linode-2,19.240636223708453,4329.23,6088.72,8322887680.0,6472581120.0,53708.23874139811,14956116.96709327,57.853334818504806,10243164160.0,75906715648.0,675.176,734225.771366851,570417.5901928163,19566959001.0,4860221529.0,0.32
2026-09-11T04:25:56.559500Z,30.298,azure-1,crdb-azure-1,18.11594202898408,11103.460000000001,13011.630000000001,8327364608.0,6263328768.0,0.0,2693123.5618298,46.803785954755156,11045300224.0,78820566016.0,685.744,793103.198655464,341579.930546617,19459818982.0,4315440791.0,0.38
2026-09-11T04:25:56.736739Z,30.475,azure-2,crdb-azure-2,18.29896907216537,6192.610000000001,7969.42,8327364608.0,6462636032.0,0.0,2687163.632289969,35.12890646699973,10333091840.0,79147222016.0,493.12000000000006,794196.0748497943,347432.0745017331,19458262733.0,4372318804.0,0.3
2026-09-11T04:25:58.220193Z,31.959,gcp-1,crdb-gcp-1,97.49360613810856,4201.29,6317.56,8324030464.0,3503751168.0,101156541.61969575,3424816.1161652454,46.36935510041537,77491746816.0,82134242304.0,398.725,2675142.3582454785,10961243.87885513,17426671215.0,76170759848.0,3.01
2026-09-11T04:25:57.498171Z,31.237,client-1,crdb-client-1,29.22590837283249,6368.86,6477.64,8324030464.0,7487606784.0,0.0,15537.61642106525,0.039930140884741054,566441984.0,5657711616.0,13.588000000000001,9754417.321068047,2099235.118039821,462107982.0,33512435.0,0.0
2026-09-11T04:26:02.228532Z,35.967,linode-1,crdb-linode-1,16.309887869520058,4418.13,6071.18,8322887680.0,6828662784.0,0.0,7054881.6742096245,60.46835585314616,10777303040.0,75382906880.0,701.668,671828.3606432505,353786.921618805,19538224243.0,4490990903.0,0.89
2026-09-11T04:26:02.666878Z,36.405,linode-2,crdb-linode-2,13.533057851234641,4345.97,6108.08,8322887680.0,6459064320.0,2431.081459545984,4575295.306865542,58.4029335008117,10243176448.0,75929841664.0,678.128,734047.9136000144,695314.0276696081,19570669276.0,4863736022.0,0.29
2026-09-11T04:26:01.585689Z,35.324,azure-1,crdb-azure-1,28.57142857143127,11117.21,13030.88,8327364608.0,6267609088.0,0.0,17280325.439532872,57.57742248060951,11045300224.0,78907421696.0,688.6379999999999,610554.6487465817,338447.2119109207,19462887798.0,4317141920.0,0.43
2026-09-11T04:26:01.751187Z,35.49,azure-2,crdb-azure-2,28.09047869542869,6206.28,7988.43,8327364608.0,6476546048.0,0.0,22483920.82828447,44.39092081740723,10333091840.0,79259968512.0,495.34600000000006,686882.6939060086,371556.39448454673,19461707133.0,4374181988.0,0.27
2026-09-11T04:26:02.671116Z,36.41,gcp-1,crdb-gcp-1,98.60031104199305,4201.5599999999995,6336.849999999999,8324030464.0,3336556544.0,129158223.09129731,1606736.282925232,58.39110488206668,78066632704.0,82141393920.0,401.324,3170009.947871432,12827323.321684642,17440780994.0,76227854526.0,3.49
2026-09-11T04:26:02.972663Z,36.711,client-1,crdb-client-1,29.629629629627306,6382.16,6496.54,8324030464.0,7486726144.0,0.0,0.0,0.0,566441984.0,5657711616.0,13.588000000000001,8482493.712387549,1822117.038895587,508545977.0,43487740.0,0.0
2026-09-11T04:26:07.210392Z,40.949,linode-1,crdb-linode-1,12.461220268872541,4435.0599999999995,6090.5199999999995,8322887680.0,6828204032.0,0.0,2777292.5829879357,57.24684573407145,10777303040.0,75396743168.0,704.5200000000001,762194.5805117339,417507.5487119082,19542021446.0,4493070898.0,0.9
2026-09-11T04:26:07.591771Z,41.33,linode-2,crdb-linode-2,12.071611253199798,4363.16,6127.63,8322887680.0,6458806272.0,0.0,2762829.1892865933,56.284353957037204,10243176448.0,75943448576.0,680.9000000000001,756624.3570365336,589959.3189686033,19574395645.0,4866641567.0,0.27
2026-09-11T04:26:06.698828Z,40.438,azure-1,crdb-azure-1,18.834547346517073,11132.81,13050.1,8327364608.0,6266179584.0,0.0,2675525.562521976,51.337178681846666,11045300224.0,78921102336.0,691.2629999999999,768172.9701669115,323465.68657898845,19466815661.0,4318795882.0,0.4
2026-09-11T04:26:06.865366Z,40.604,azure-2,crdb-azure-2,20.259067357512006,6221.67,8007.7300000000005,8327364608.0,6475345920.0,0.0,2708637.82726647,39.36055041429798,10333091840.0,79273821184.0,497.35900000000004,766493.4369042153,347484.63743447856,19465627178.0,4375959114.0,0.33
2026-09-11T04:26:07.578476Z,41.317,gcp-1,crdb-gcp-1,99.48665297741087,4201.66,6356.33,8324030464.0,3211583488.0,112750549.91386986,1904674.431317973,57.219263991342466,78619949056.0,82150740992.0,404.132,2934239.7214021976,11881217.860639272,17455180594.0,76286160868.0,13.14
2026-09-11T04:26:07.502254Z,41.241,client-1,crdb-client-1,29.589632829372047,6395.2,6515.0599999999995,8324030464.0,7485509632.0,0.0,5425.583461001608,0.022076755619297693,566441984.0,5657736192.0,13.589,9963742.05718491,2131285.3513695,553678252.0,53141719.0,0.4
2026-09-11T04:26:12.226195Z,45.965,linode-1,crdb-linode-1,11.33436373003468,4452.27,6109.93,8322887680.0,6828208128.0,8982.643054908305,2006395.8169008822,52.5529276738658,10777348096.0,75406807040.0,707.156,663034.7297156486,318301.2804421771,19545347159.0,4494667464.0,0.83
2026-09-11T04:26:12.610539Z,46.349,linode-2,crdb-linode-2,11.220268872802775,4380.33,6146.97,8322887680.0,6458552320.0,0.0,2026432.3459329463,53.000147489073875,10243176448.0,75953618944.0,683.5600000000001,734010.5989993295,678174.54512224,19578079537.0,4870045226.0,0.41
2026-09-11T04:26:11.575958Z,45.315,azure-1,crdb-azure-1,19.65499215890516,11148.18,13069.23,8327364608.0,6265413632.0,0.0,1465495.4696070722,55.70815039233971,11045300224.0,78928249856.0,693.98,629181.6289179091,338713.7558061555,19469884308.0,4320447858.0,0.45
2026-09-11T04:26:11.786500Z,45.525,azure-2,crdb-azure-2,17.26469058762239,6237.58,8026.96,8327364608.0,6474366976.0,0.0,1684600.159359619,36.43398463713523,10333091840.0,79282111488.0,499.15200000000004,714033.7592418311,362845.50435784576,19469141102.0,4377744760.0,0.39
2026-09-11T04:26:12.582263Z,46.321,gcp-1,crdb-gcp-1,99.79242345614963,4201.7,6375.599999999999,8324030464.0,3188051968.0,118325320.93618642,1113249.4636754491,55.73681558390563,79212034048.0,82156311552.0,406.921,2794036.8037759513,11325102.805564696,17469161602.0,76342830255.0,17.45
2026-09-11T04:26:12.510432Z,46.249,client-1,crdb-client-1,31.364124597208264,6407.98,6533.679999999999,8324030464.0,7475703808.0,0.0,73606.35751495339,0.07986800945632085,566441984.0,5658104832.0,13.593,9079225.595475458,1958062.4894735522,599149402.0,62948211.0,0.69
2026-09-11T04:26:17.246276Z,50.985,linode-1,crdb-linode-1,11.360083376760477,4469.28,6129.12,8322887680.0,6827499520.0,3263.633469325005,2710447.5962744164,58.96212810792318,10777364480.0,75420413952.0,710.116,658908.1558901531,385088.0329569613,19548654991.0,4496600672.0,0.76
2026-09-11T04:26:17.568249Z,51.307,linode-2,crdb-linode-2,13.771839671117048,4397.110000000001,6166.43,8322887680.0,6458560512.0,0.0,2673505.388147505,62.447284046486644,10243176448.0,75966873600.0,686.6560000000001,648617.9134108241,558024.573452145,19581295243.0,4872811790.0,0.38
2026-09-11T04:26:16.687351Z,50.426,azure-1,crdb-azure-1,19.791666666671603,11163.58,13088.43,8327364608.0,6263926784.0,0.0,2545830.6823024265,54.543766278033466,11045300224.0,78941262848.0,696.768,686465.9700902839,303071.42000830837,19473393173.0,4321997005.0,0.49
2026-09-11T04:26:16.763341Z,50.502,azure-2,crdb-azure-2,19.524793388428762,6253.16,8046.32,8327364608.0,6473142272.0,0.0,2662401.0666485582,42.19476188147431,10333091840.0,79295362048.0,501.252,685988.3737483933,330225.04729167465,19472555212.0,4379388264.0,0.44
2026-09-11T04:26:17.612010Z,51.351,gcp-1,crdb-gcp-1,99.52706253284214,4201.79,6394.63,8324030464.0,3064045568.0,121305469.27621113,1560282.752755557,66.24496086845645,79822178304.0,82164159488.0,410.253,2099040.374902342,7852405.683236194,17479719390.0,76382326415.0,27.51
2026-09-11T04:26:17.928644Z,51.668,client-1,crdb-client-1,21.094580233794492,6422.83,6552.5,8324030464.0,7508217856.0,0.0,5291.68099051237,0.01845591863319419,566441984.0,5658133504.0,13.594,5267189.617367735,1144614.6647657235,627688700.0,69150095.0,0.63
2026-09-11T04:26:22.268468Z,56.007,linode-1,crdb-linode-1,11.642411642410643,4486.28,6148.36,8322887680.0,6827274240.0,0.0,2184090.534395743,63.71623338299846,10777364480.0,75431383040.0,713.316,616103.3222439776,334563.38849296607,19551749227.0,4498280939.0,0.7
2026-09-11T04:26:22.654895Z,56.394,linode-2,crdb-linode-2,15.50426492724657,4413.95,6186.36,8322887680.0,6458077184.0,0.0,2275592.5927735413,65.89711719663026,10243176448.0,75978448896.0,690.008,695830.3076984992,692511.2712139207,19584834735.0,4876334399.0,0.35
2026-09-11T04:26:21.639333Z,55.378,azure-1,crdb-azure-1,19.81132075471096,11178.880000000001,13107.51,8327364608.0,6272704512.0,0.0,1431766.545317867,57.976018530535335,11045300224.0,78948353024.0,699.639,553754.7806854951,330932.40451310424,19476135393.0,4323635798.0,0.53
2026-09-11T04:26:21.781653Z,55.521,azure-2,crdb-azure-2,20.52334530528499,6268.65,8065.8099999999995,8327364608.0,6471880704.0,0.0,1751555.5052560028,43.8585511911298,10333091840.0,79304152064.0,503.45300000000003,623306.5307524244,363596.5556323216,19475683217.0,4381212939.0,0.4
2026-09-11T04:26:22.979938Z,56.719,gcp-1,crdb-gcp-1,99.74039460020674,4201.84,6413.89,8324030464.0,3042598912.0,117905321.53631786,853838.9914583758,55.43944523963145,80455096320.0,82168742912.0,413.229,2294639.7561990973,8846140.124566548,17492037060.0,76429812664.0,36.59
2026-09-11T04:26:22.590495Z,56.329,client-1,crdb-client-1,25.480769230771216,6436.78,6571.22,8324030464.0,7508627456.0,0.0,0.0,0.0,566441984.0,5658133504.0,13.594,7925772.628846978,1698968.7088808417,664637975.0,77070542.0,1.14
2026-09-11T04:26:27.238380Z,60.977,linode-1,crdb-linode-1,14.695153725901744,4502.65,6167.55,8322887680.0,6827278336.0,0.0,3233142.0060973363,72.0326762705782,10777364480.0,75447451648.0,716.896,796649.0049691485,450970.2278044248,19555708546.0,4500522246.0,0.64
2026-09-11T04:26:27.600017Z,61.339,linode-2,crdb-linode-2,16.616161616161286,4430.46,6206.16,8322887680.0,6457847808.0,0.0,3179745.294507972,74.17261664475143,10243176448.0,75994173440.0,693.676,782540.7204980219,618753.710968489,19588704572.0,4879394273.0,0.56
2026-09-11T04:26:26.639841Z,60.379,azure-1,crdb-azure-1,21.960167714887447,11193.77,13126.59,8327364608.0,6270738432.0,0.0,2973341.329738182,63.67240493908106,11045300224.0,78963221504.0,702.823,823492.1710543382,357166.99590652314,19480253345.0,4325421846.0,0.57
2026-09-11T04:26:26.788722Z,60.528,azure-2,crdb-azure-2,23.757763975155278,6283.38,8085.13,8327364608.0,6470426624.0,0.0,3070070.699221424,51.566315602398916,10333091840.0,79319524352.0,506.035,828098.5093362812,386360.32007904066,19479829626.0,4383147501.0,0.69
2026-09-11T04:26:27.734071Z,61.473,gcp-1,crdb-gcp-1,100.0,4201.84,6433.35,8324030464.0,3057049600.0,131827918.38456175,1747229.0963054611,65.66816086827475,81081833472.0,82177049600.0,416.351,3082845.448671655,11839060.314891739,17506693544.0,76486098002.0,43.99
2026-09-11T04:26:27.552935Z,61.292,client-1,crdb-client-1,30.03194888178644,6449.92,6590.0,8324030464.0,7507566592.0,0.0,87490.98870651852,0.16120833709192273,566441984.0,5658567680.0,13.602,8529238.104275798,1826286.9337257016,706964511.0,86133532.0,1.37
2026-09-11T04:26:32.259053Z,65.998,linode-1,crdb-linode-1,13.998970663918842,4519.36,6186.98,8322887680.0,6827282432.0,0.0,2296492.486275177,63.256793756331746,10777364480.0,75458981888.0,720.072,658143.9180413878,350394.43796394876,19559012958.0,4502281508.0,0.59
2026-09-11T04:26:33.073105Z,66.812,linode-2,crdb-linode-2,15.212981744421706,4447.18,6225.88,8322887680.0,6457847808.0,4490.262749867997,2141106.9545620563,59.05163251779474,10243201024.0,76005892096.0,696.908,680519.2715935807,650637.1722795789,19592429174.0,4882955325.0,0.51
2026-09-11T04:26:31.623777Z,65.363,azure-1,crdb-azure-1,20.90719499479654,11208.939999999999,13145.77,8327364608.0,6269972480.0,0.0,1567224.4900763864,57.28312220356069,11045300224.0,78971032576.0,705.678,614324.2666518578,349099.99994542444,19483315147.0,4327161766.0,0.6
2026-09-11T04:26:31.904683Z,65.644,azure-2,crdb-azure-2,20.971074380163014,6298.68,8104.49,8327364608.0,6469193728.0,0.0,1886261.4226689907,43.88165453036186,10333091840.0,79329174528.0,508.28000000000003,686662.280194441,379717.0457244304,19483342613.0,4385090146.0,0.71
2026-09-11T04:26:32.773132Z,66.512,gcp-1,crdb-gcp-1,99.74120082815641,4201.89,6452.67,8324030464.0,2969288704.0,126637305.92839491,2305200.9962510704,59.03772234226748,81719977984.0,82188665856.0,419.326,2671069.5691505675,10468957.681690684,17520153467.0,76538852661.0,42.39
2026-09-11T04:26:32.654522Z,66.394,client-1,crdb-client-1,28.187197417965248,6463.27,6608.59,8324030464.0,7508160512.0,0.0,8028.732446721955,0.01960139757499391,566441984.0,5658608640.0,13.603,8138816.051656915,1742969.209291824,748486122.0,95025598.0,1.42
2026-09-11T04:26:37.272395Z,71.012,linode-1,crdb-linode-1,15.038759689921443,4535.8,6206.33,8322887680.0,6823723008.0,2451.02608236291,3155287.576695186,70.84997269330329,10777376768.0,75474800640.0,723.624,802308.1226471625,446377.36751430115,19563035258.0,4504519381.0,0.54
2026-09-11T04:26:37.626312Z,71.365,linode-2,crdb-linode-2,15.459183673468523,4463.75,6245.48,8322887680.0,6457618432.0,0.0,3391394.1280753003,78.71272843676226,10243201024.0,76021334016.0,700.4920000000001,859485.8926617019,669033.8136073997,19596342642.0,4886001614.0,0.47
2026-09-11T04:26:36.617398Z,70.357,azure-1,crdb-azure-1,22.175950026020786,11223.89,13164.98,8327364608.0,6301474816.0,0.0,2904443.458661075,60.115676619783834,11045300224.0,78985536512.0,708.68,819891.1199400458,347980.8557017744,19487409442.0,4328899480.0,0.64
2026-09-11T04:26:36.785062Z,70.524,azure-2,crdb-azure-2,23.39331619537749,6313.58,8123.9400000000005,8327364608.0,6467448832.0,0.0,3054080.044949781,49.64686456691858,10333091840.0,79344079872.0,510.70300000000003,842905.8189460995,389844.06420156703,19487456389.0,4386992768.0,0.66
2026-09-11T04:26:37.928095Z,71.667,gcp-1,crdb-gcp-1,100.0,4201.89,6472.0,8324030464.0,2964783104.0,126999447.0147771,1672550.8393985445,60.290417264171566,82374666240.0,82197287936.0,422.434,2852323.5400451957,11119984.152649553,17534857332.0,76596176714.0,48.85
2026-09-11T04:26:37.566607Z,71.306,client-1,crdb-client-1,29.27223719676678,6476.39,6627.14,8324030464.0,7507181568.0,0.0,5836.942580763052,0.04071528027877373,566441984.0,5658637312.0,13.605,8849317.354239097,1890299.9213568761,791955391.0,104311055.0,1.39
2026-09-11T04:26:42.336634Z,76.076,linode-1,crdb-linode-1,14.687499999998622,4552.18,6225.53,8322887680.0,6809530368.0,12131.879194753263,2402920.872507463,66.66214870033872,10777438208.0,75486969856.0,727.0000000000001,669054.1815294006,358410.9380934858,19566423578.0,4506334497.0,0.5
2026-09-11T04:26:42.684405Z,76.424,linode-2,crdb-linode-2,12.50654107797098,4480.47,6264.59,8322887680.0,6457622528.0,0.0,2424469.9701285944,67.37591115008571,10243201024.0,76033597440.0,703.9000000000001,746771.8242316649,710809.5362567672,19600119954.0,4889597022.0,0.43
2026-09-11T04:26:41.586444Z,75.326,azure-1,crdb-azure-1,21.906266456028977,11238.72,13183.97,8327364608.0,6301507584.0,0.0,1657645.7535172692,62.18393292905153,11045300224.0,78993773568.0,711.77,636556.3946595523,362086.7780782925,19490572573.0,4330698736.0,0.66
2026-09-11T04:26:41.810876Z,75.55,azure-2,crdb-azure-2,22.170301142262094,6328.57,8143.2,8327364608.0,6466797568.0,0.0,1960830.093269078,47.75244733062395,10333091840.0,79353934848.0,513.103,701040.5473378976,388814.7519001523,19490979763.0,4388946920.0,1.0
2026-09-11T04:26:42.698881Z,76.438,gcp-1,crdb-gcp-1,99.79381443298988,4201.93,6491.4,8324030464.0,2959507456.0,132370385.54409155,1045700.375485329,59.4227971319868,83006191616.0,82202276864.0,425.269,2942756.3007840947,11358172.58660537,17548896917.0,76650365377.0,45.58
2026-09-11T04:26:42.589293Z,76.329,client-1,crdb-client-1,28.610059491617235,6489.59,6645.63,8324030464.0,7507931136.0,0.0,2446.4440721562696,0.0,566441984.0,5658649600.0,13.605,8392301.216335012,1800200.381128612,834108244.0,113353102.0,1.28
2026-09-11T04:26:47.293454Z,81.033,linode-1,crdb-linode-1,29.411764705885947,4565.86,6244.91,8322887680.0,6730203136.0,5641316.087513896,31177216.34420672,68.99485233871718,10805401600.0,75641511936.0,730.42,580173.6785296125,330995.1380003063,19569299436.0,4507975204.0,0.7
2026-09-11T04:26:47.610387Z,81.35,linode-2,crdb-linode-2,19.635416666669126,4495.9,6283.79,8322887680.0,6420258816.0,0.0,23211007.54219319,54.566447069905834,10243201024.0,76147937280.0,706.5880000000001,553336.2533168654,506147.84761137795,19602845746.0,4892090359.0,0.4
2026-09-11T04:26:46.612282Z,80.352,azure-1,crdb-azure-1,19.03023983315736,11254.25,13203.15,8327364608.0,6321954816.0,0.0,8536071.926954139,45.92205906676393,11045300224.0,79036675072.0,714.078,630606.9678879904,283395.2137168773,19493741945.0,4332123054.0,0.61
2026-09-11T04:26:46.749084Z,80.488,azure-2,crdb-azure-2,20.31088082901573,6343.95,8162.5,8327364608.0,6467555328.0,0.0,11602998.91158928,36.227133702207624,10333091840.0,79411233792.0,514.8919999999999,631409.9830224436,316584.6486873112,19494097847.0,4390510306.0,1.0
2026-09-11T04:26:47.607553Z,81.347,gcp-1,crdb-gcp-1,91.86949766960292,4203.5,6510.71,8324030464.0,2940313600.0,191389251.97803324,4838865.006520676,64.45653042546802,83945670656.0,82226029568.0,428.433,1741639.694596534,6548757.211542289,17557446164.0,76682511488.0,50.9
2026-09-11T04:26:47.543185Z,81.283,client-1,crdb-client-1,16.216216216215827,6505.71,6664.87,8324030464.0,7713857536.0,0.0,17363.058936874935,0.02018584790837206,566441984.0,5658735616.0,13.606,4745508.950186457,1052819.5429809673,857617333.0,118568734.0,1.18
2026-09-11T04:26:52.244281Z,85.984,linode-1,crdb-linode-1,8.596134282805757,4583.83,6264.57,8322887680.0,6689251328.0,310245.61662653927,1586802.9138392063,13.97721137406038,10806937600.0,75649368064.0,731.112,195958.68561891455,141559.45974420145,19570269611.0,4508676053.0,0.72
2026-09-11T04:26:52.594930Z,86.334,linode-2,crdb-linode-2,5.069124423957428,4514.4400000000005,6303.32,8322887680.0,6415192064.0,13147.642366172415,700111.955998681,13.401222382512293,10243266560.0,76151427072.0,707.2560000000001,277822.1856549907,627749.1668580446,19604230584.0,4895219450.0,0.37
2026-09-11T04:26:51.647948Z,85.387,azure-1,crdb-azure-1,17.13250517598106,11270.26,13222.47,8327364608.0,6343626752.0,3726922.3701194124,25192108.172705904,24.14731729876054,11064068096.0,79163536384.0,715.294,181949.44010642348,181536.791049295,19494658198.0,4333037229.0,0.56
2026-09-11T04:26:51.957293Z,85.697,azure-2,crdb-azure-2,9.015544041449564,6361.51,8181.8,8327364608.0,6458273792.0,0.0,10029444.642433075,9.888076256208898,10333091840.0,79463470080.0,515.4069999999999,215965.18550964317,267444.23851279437,19495222657.0,4391903234.0,1.0
2026-09-11T04:26:52.641572Z,86.381,gcp-1,crdb-gcp-1,75.70766855378186,4208.22,6530.14,8324030464.0,2869264384.0,241741330.77582818,8712513.488139262,66.14840648197486,85162629120.0,82269889536.0,431.76300000000003,411917.25121959776,388462.17841549695,17559519811.0,76684467059.0,47.06
2026-09-11T04:26:52.516131Z,86.256,client-1,crdb-client-1,0.29970029970228795,6525.67,6684.89,8324030464.0,7712964608.0,0.0,9883.71879033218,0.020108477356657425,566441984.0,5658784768.0,13.607000000000001,5924.5606835847375,66272.71533289629,857646796.0,118898310.0,1.08
2026-09-11T04:26:57.285828Z,91.025,linode-1,crdb-linode-1,9.485368314833753,4601.77,6284.39,8322887680.0,6673776640.0,0.0,1264150.065554641,10.39346547811761,10806937600.0,75655741440.0,731.636,300590.9225418304,224184.07513432906,19571785079.0,4509806306.0,0.67
2026-09-11T04:26:57.621728Z,91.361,linode-2,crdb-linode-2,5.989847715741914,4532.96,6323.02,8322887680.0,6414163968.0,0.0,1240154.6157084503,10.026093953991886,10243266560.0,76157661184.0,707.7600000000001,281052.8980174262,385807.47716699826,19605643404.0,4897158859.0,0.34
2026-09-11T04:26:56.622332Z,90.362,azure-1,crdb-azure-1,5.561277033994028,11288.6,13241.890000000001,8327364608.0,6343168000.0,0.0,1538116.041844791,11.41827813116646,11064068096.0,79171187712.0,715.862,294417.08519576065,165100.86381380464,19496122770.0,4333858520.0,0.6
2026-09-11T04:26:56.793083Z,90.533,azure-2,crdb-azure-2,5.6127703398521245,6379.84,8201.22,8327364608.0,6457565184.0,0.0,1434828.4977823428,6.120943220783313,10333091840.0,79470408704.0,515.703,285158.20156646136,187494.62349505562,19496601641.0,4392809931.0,0.92
2026-09-11T04:26:57.618766Z,91.358,gcp-1,crdb-gcp-1,22.014170040483837,4223.63,6549.9,8324030464.0,2958446592.0,61471433.87789563,1448381.108010982,21.437525554971117,85468588032.0,82277098496.0,432.83,287889.6941679432,754702.5620273409,17560952711.0,76688223405.0,43.29
2026-09-11T04:26:57.536195Z,91.276,client-1,crdb-client-1,0.5988023952090415,6545.59,6704.93,8324030464.0,7712227328.0,0.0,8159.168594011674,0.019919845200212772,566441984.0,5658825728.0,13.608,6288.695129710658,66122.13335607493,857678366.0,119230251.0,0.99
2026-09-11T04:27:02.294292Z,96.034,linode-1,crdb-linode-1,8.572869389817118,4619.9,6304.22,8322887680.0,6669647872.0,0.0,623982.2886553007,6.708525179063837,10806937600.0,75658866688.0,731.972,180355.90422029982,133128.08661817966,19572688401.0,4510473085.0,0.61
2026-09-11T04:27:02.663935Z,96.404,linode-2,crdb-linode-2,5.873493975899658,4551.71,6342.94,8322887680.0,6413676544.0,0.0,620621.5995307685,7.53628261455721,10243266560.0,76160790528.0,708.1400000000001,261465.57393849126,493718.13658423803,19606961785.0,4899648321.0,0.31
2026-09-11T04:27:01.646124Z,95.386,azure-1,crdb-azure-1,3.772609819119477,11307.22,13261.24,8327364608.0,6342680576.0,0.0,288618.7512705451,6.648257010034552,11064068096.0,79172637696.0,716.196,137268.99089141388,166236.6807917179,19496812392.0,4334693672.0,0.55
2026-09-11T04:27:01.892394Z,95.632,azure-2,crdb-azure-2,3.979328165376861,6398.42,8220.57,8327364608.0,6457565184.0,0.0,281129.7053898544,3.5494194109636505,10333091840.0,79471842304.0,515.884,136197.10581424343,168426.81456838598,19497296168.0,4393668811.0,0.85
2026-09-11T04:27:02.680882Z,96.421,gcp-1,crdb-gcp-1,18.925702811246236,4239.780000000001,6569.820000000001,8324030464.0,2625335296.0,35223178.76847544,608468.0334901575,12.129093659193211,85646895104.0,82280178688.0,433.444,169056.25562458762,326841.93617374246,17561808509.0,76689877947.0,39.91
2026-09-11T04:27:02.544876Z,96.285,client-1,crdb-client-1,0.49950049949778474,6565.51,6724.95,8324030464.0,7711977472.0,0.0,13901.91987853985,0.05989453072670774,566441984.0,5658895360.0,13.611,5326.620265961673,65850.24321373331,857705046.0,119560082.0,0.91
2026-09-11T04:27:07.269328Z,101.009,linode-1,crdb-linode-1,8.784473953009964,4637.76,6323.8,8322887680.0,6653132800.0,0.0,1231652.5601024157,6.110408652746874,10806937600.0,75664994304.0,732.276,285128.14976053353,208564.72934160853,19574106947.0,4511510719.0,0.56
2026-09-11T04:27:07.663122Z,101.403,linode-2,crdb-linode-2,6.379746835444145,4570.2,6362.69,8322887680.0,6413451264.0,0.0,1196204.5326368136,7.1210270898888846,10243266560.0,76166770688.0,708.4960000000001,269733.3045493481,374364.3958465148,19608310257.0,4901519873.0,0.28
2026-09-11T04:27:06.618469Z,100.358,azure-1,crdb-azure-1,4.205607476632823,11325.67,13280.5,8327364608.0,6342455296.0,0.0,1549459.072264285,7.0790345041309255,11064068096.0,79180342272.0,716.548,314420.3452243664,157784.84139330694,19498375825.0,4335478246.0,0.5
2026-09-11T04:27:06.781005Z,100.521,azure-2,crdb-azure-2,5.306971904264113,6416.62,8239.789999999999,8327364608.0,6456852480.0,0.0,1613706.3822620844,4.500191206697606,10333091840.0,79479731200.0,516.1039999999999,324394.03303932096,170123.1828366055,19498882027.0,4394500489.0,0.78
2026-09-11T04:27:07.656637Z,101.396,gcp-1,crdb-gcp-1,19.21508664627789,4255.63,6589.44,8324030464.0,3063640064.0,51413484.12729768,1257822.2416464265,16.560108558162202,85902718976.0,82286437376.0,434.26800000000003,270501.33440992597,739466.7271130084,17563154473.0,76693557395.0,36.79
2026-09-11T04:27:07.784855Z,101.525,client-1,crdb-client-1,0.5030181086537411,6585.29,6744.83,8324030464.0,7711604736.0,0.0,427572.5536918596,0.2862554766668234,566441984.0,5661135872.0,13.626,9639.366921279387,62814.565940881665,857755557.0,119889235.0,0.84
2026-09-11T04:27:12.280698Z,106.02,linode-1,crdb-linode-1,4.887983706721077,4656.4400000000005,6343.4400000000005,8322887680.0,6653005824.0,0.0,675114.133793969,5.267943783860903,10806937600.0,75668377600.0,732.54,168092.90258328978,122279.35147631454,19574949335.0,4512123515.0,0.52
2026-09-11T04:27:12.656523Z,106.396,linode-2,crdb-linode-2,6.659989984977022,4588.84,6382.66,8322887680.0,6413455360.0,0.0,582394.9860023157,5.447136202705206,10243266560.0,76169678848.0,708.768,256505.24326072913,607956.8742076784,19609591103.0,4904555675.0,0.26
2026-09-11T04:27:11.734422Z,105.474,azure-1,crdb-azure-1,3.842159916925092,11344.19,13299.76,8327364608.0,6341967872.0,0.0,256998.75159352453,5.4729825653308035,11064068096.0,79181657088.0,716.828,129363.91157842158,159090.02545469263,19499037656.0,4336292157.0,0.46
2026-09-11T04:27:11.805240Z,105.545,azure-2,crdb-azure-2,3.619441571870796,6435.26,8259.13,8327364608.0,6456393728.0,0.0,255168.85633796005,2.786451044527189,10333091840.0,79481013248.0,516.244,132884.0590234495,165723.57877648374,19499549678.0,4395333136.0,0.72
2026-09-11T04:27:12.659968Z,106.4,gcp-1,crdb-gcp-1,20.570264765788217,4271.23,6609.08,8324030464.0,2936029184.0,62539750.92226784,646722.9953346632,19.10685273499037,86215632896.0,82289673216.0,435.224,298093.2845127347,326348.84210069885,17564645965.0,76695190262.0,34.0
2026-09-11T04:27:12.534520Z,106.274,client-1,crdb-client-1,0.29970029970228795,6605.25,6764.85,8324030464.0,7711121408.0,0.0,11210.737784792553,0.021053819457643955,566441984.0,5661189120.0,13.627,5772.536218889764,69036.94776889219,857782975.0,120217142.0,0.77
2026-09-11T04:27:17.316475Z,111.056,linode-1,crdb-linode-1,6.945143432310608,4674.93,6363.31,8322887680.0,6653009920.0,0.0,1207040.4523070601,7.545909161865191,10806937600.0,75674456064.0,732.92,292950.0655537304,216627.36448915783,19576424585.0,4513214416.0,0.48
2026-09-11T04:27:17.968522Z,111.708,linode-2,crdb-linode-2,6.880964339527374,4607.38,6402.57,8322887680.0,6413455360.0,0.0,1193621.8044161357,7.831215407689238,10243266560.0,76176019456.0,709.1840000000001,257992.6145929551,355815.2253060925,19610961579.0,4906445792.0,0.24
2026-09-11T04:27:16.648886Z,110.389,azure-1,crdb-azure-1,4.424778761064041,11362.55,13318.97,8327364608.0,6341087232.0,13335.14801971596,1605218.4428733087,8.830954346551994,11064133632.0,79189545984.0,717.262,325949.3040619928,171319.49693206712,19500639544.0,4337134112.0,0.51
2026-09-11T04:27:16.797565Z,110.537,azure-2,crdb-azure-2,5.301455301457636,6453.48,8278.369999999999,8327364608.0,6455541760.0,13127.187455604959,1578544.2915364965,4.9675636123491795,10333157376.0,79488893952.0,516.492,333579.107548774,277752.5059652665,19501215034.0,4396719784.0,0.66
2026-09-11T04:27:17.625197Z,111.365,gcp-1,crdb-gcp-1,9.373408048900789,4289.02,6628.71,8324030464.0,3120463872.0,18108662.576212954,1238206.201115873,5.8807834283308535,86305548288.0,82295821312.0,435.516,380384.3782930496,769472.9202501063,17566534697.0,76699010945.0,31.28
2026-09-11T04:27:17.616617Z,111.356,client-1,crdb-client-1,5.075376884418725,6624.14,6784.75,8324030464.0,7511158784.0,0.0,9671.481123549402,0.01967667871814787,566441984.0,5661238272.0,13.628,8319.496528824713,66681.90297439392,857825256.0,120556030.0,0.71
2026-09-11T04:27:22.644916Z,116.385,linode-1,crdb-linode-1,18.831507563904893,4690.49,6382.4800000000005,8322887680.0,6653009920.0,0.0,3350697.0786343287,76.41807955813736,10806937600.0,75692310528.0,736.992,704826.355227125,449894.5533514799,19580180310.0,4515611716.0,0.52
2026-09-11T04:27:22.737598Z,116.478,linode-2,crdb-linode-2,20.56074766355136,4622.68,6421.83,8322887680.0,6413225984.0,858.8477171876011,3872544.356798894,87.31059312424469,10243270656.0,76194488320.0,713.348,884280.5968283612,886189.7297543848,19615178873.0,4910672191.0,0.3
2026-09-11T04:27:21.647116Z,115.387,azure-1,crdb-azure-1,22.262964903090456,11377.39,13338.06,8327364608.0,6339280896.0,0.0,1818408.6629746726,61.14030366792598,11064133632.0,79198635008.0,720.318,673550.2747331739,373182.9277822725,19504006177.0,4338999407.0,0.55
2026-09-11T04:27:21.834119Z,115.574,azure-2,crdb-azure-2,27.763496143955958,6467.530000000001,8297.82,8327364608.0,6452228096.0,0.0,2365712.9323165007,60.19876362608267,10333157376.0,79500809216.0,519.524,708155.6609063941,482066.4178277151,19504781765.0,4399147783.0,0.61
2026-09-11T04:27:22.741065Z,116.481,gcp-1,crdb-gcp-1,79.08428720083421,4293.04,6647.929999999999,8324030464.0,3150372864.0,73492043.16984656,2757392.764913626,47.42052278192446,86681528320.0,82309927936.0,437.942,2700201.7770399684,8506822.117405351,17580348736.0,76742531238.0,28.86
2026-09-11T04:27:22.622848Z,116.363,client-1,crdb-client-1,23.66288492706793,6638.2699999999995,6803.259999999999,8324030464.0,7506837504.0,0.0,121088.22662498767,0.07989879818476452,566441984.0,5661844480.0,13.632,6091566.070128262,1454438.7714914985,888321665.0,127837435.0,0.73
2026-09-11T04:27:27.621049Z,121.361,linode-1,crdb-linode-1,20.341697810996152,4705.41,6401.21,8322887680.0,6652764160.0,0.0,4369935.440706657,91.4754597794613,10806937600.0,75714056192.0,741.544,919780.1212967281,608126.525516902,19584757318.0,4518637874.0,0.48
2026-09-11T04:27:27.623663Z,121.364,linode-2,crdb-linode-2,19.13513513513986,4637.639999999999,6440.33,8322887680.0,6413234176.0,0.0,4421101.690790045,90.6229182165861,10243270656.0,76216090624.0,717.776,925400.3909305872,789114.8190987982,19619700547.0,4914527949.0,0.6
2026-09-11T04:27:26.628194Z,120.368,azure-1,crdb-azure-1,29.957582184514642,11390.6,13356.92,8327364608.0,6336217088.0,0.0,3266995.860700705,83.89622936921485,11064133632.0,79214908416.0,724.497,887712.8487595002,429649.47423911537,19508428011.0,4341139557.0,0.58
2026-09-11T04:27:26.924242Z,120.664,azure-2,crdb-azure-2,31.98548470711049,6480.65,8317.11,8327364608.0,6448934912.0,0.0,3370807.798041923,70.58637821412675,10333157376.0,79517967360.0,523.117,878235.2069564748,447965.1629807463,19509252173.0,4401428023.0,0.72
2026-09-11T04:27:27.689186Z,121.429,gcp-1,crdb-gcp-1,89.41299790356688,4295.0599999999995,6667.01,8324030464.0,2751799296.0,80839754.6792689,7603948.294409774,59.860152678098984,87081539584.0,82347553792.0,440.904,3024624.9905097405,9917302.906014074,17595315185.0,76791604035.0,27.02
2026-09-11T04:27:27.843998Z,121.584,client-1,crdb-client-1,23.768272874932595,6652.35,6821.7300000000005,8324030464.0,7505068032.0,0.0,6275.896947308714,0.03830503507880133,566441984.0,5661877248.0,13.634,6370306.601166702,1422452.8810466027,921582601.0,135264411.0,0.68
2026-09-11T04:27:33.283191Z,127.023,linode-1,crdb-linode-1,24.01402278702731,4722.75,6424.03,8322887680.0,6652215296.0,38339.58830159312,3735577.9998005065,100.17234708811041,10807154688.0,75735207936.0,747.216,889738.3103591349,569380.1859960502,19589795231.0,4521861842.0,0.44
2026-09-11T04:27:33.654525Z,127.395,linode-2,crdb-linode-2,21.253286590707788,4655.61,6463.15,8322887680.0,6413234176.0,679.1637241127228,4094678.0926756053,95.24210037362057,10243274752.0,76240785408.0,723.52,930984.2354480689,936125.3854553539,19625315263.0,4920173671.0,0.55
2026-09-11T04:27:32.603052Z,126.343,azure-1,crdb-azure-1,30.44434667839949,11406.41,13379.65,8327364608.0,6342635520.0,0.0,2434991.630428151,86.31011576690722,11064133632.0,79229457408.0,729.654,788550.4395248358,418411.9264822942,19513139573.0,4343639554.0,0.7
2026-09-11T04:27:32.818394Z,126.559,azure-2,crdb-azure-2,32.13973799126546,6496.19,8340.01,8327364608.0,6444621824.0,0.0,2912379.9411992515,76.66775807184149,10333157376.0,79535133696.0,527.636,844504.9407517979,462184.93748535786,19514229908.0,4404152263.0,0.76
2026-09-11T04:27:33.148530Z,126.889,gcp-1,crdb-gcp-1,92.05967276226869,4296.71,6687.79,8324030464.0,3171426304.0,85293545.33996949,7883003.746202747,61.746423209605425,87547193344.0,82390590464.0,444.27500000000003,2951703.961509588,9795716.708325502,17611429793.0,76845083021.0,25.18
2026-09-11T04:27:33.536870Z,127.277,client-1,crdb-client-1,24.68411552346702,6669.04,6843.89,8324030464.0,7506747392.0,0.0,9353.313590043272,0.017565567889945326,566441984.0,5661930496.0,13.635,7450541.892210174,1646988.3974796913,963998206.0,144640643.0,0.86
2026-09-11T04:27:37.262735Z,131.003,linode-1,crdb-linode-1,24.146981627297404,4734.31,6439.27,8322887680.0,6651482112.0,0.0,4678960.509526329,95.58736914491364,10807154688.0,75753828352.0,751.0200000000001,961879.5634520917,561232.5436047671,19593623132.0,4524095326.0,0.48
2026-09-11T04:27:37.647212Z,131.387,linode-2,crdb-linode-2,23.670212765954112,4667.09,6478.19,8322887680.0,6413242368.0,2051.71370852229,4658415.975199859,95.17226675274179,10243282944.0,76259385344.0,727.3199999999999,914317.7126135994,686636.8484076789,19628965914.0,4922915247.0,0.5
2026-09-11T04:27:36.673068Z,130.413,azure-1,crdb-azure-1,31.324503311254638,11416.78,13394.75,8327364608.0,6338838528.0,0.0,3483018.7628340507,83.85530733610237,11064133632.0,79243633664.0,733.067,954071.4371489782,468518.74163688003,19517022745.0,4345546475.0,0.64
2026-09-11T04:27:36.843488Z,130.584,azure-2,crdb-azure-2,34.96458467482332,6506.29,8355.54,8327364608.0,6442098688.0,0.0,3572792.2532161647,78.72981407235994,10333157376.0,79549514752.0,530.805,930504.9148660168,491143.11329838226,19517975338.0,4406129192.0,0.76
2026-09-11T04:27:37.696065Z,131.436,gcp-1,crdb-gcp-1,91.04991394147805,4298.27,6705.22,8324030464.0,3170930688.0,81093557.56400824,8663729.996203644,60.36113329874709,87915976704.0,82429989888.0,447.02,3245930.388145038,10673290.21767785,17626191078.0,76893621178.0,23.8
2026-09-11T04:27:37.913851Z,131.654,client-1,crdb-client-1,25.135135135131947,6680.12,6858.69,8324030464.0,7506407424.0,0.0,9357.846531484936,0.04569261001703155,566441984.0,5661971456.0,13.637,6526067.358891809,1466701.253645311,992563295.0,151060505.0,0.87
2026-09-11T04:27:42.392638Z,136.133,linode-1,crdb-linode-1,22.58233141662621,4749.12,6458.400000000001,8322887680.0,6650966016.0,0.0,4039334.736781342,90.76077352887164,10807154688.0,75774550016.0,755.676,824426.9288532175,526605.4700709698,19597852417.0,4526796796.0,0.77
2026-09-11T04:27:42.714810Z,136.455,linode-2,crdb-linode-2,25.88046958378385,4680.98,6496.93,8322887680.0,6412222464.0,0.0,4029190.7037914344,92.50821810830271,10243282944.0,76279803904.0,732.008,917817.2865482903,891957.0167289411,19633617098.0,4927435380.0,0.46
2026-09-11T04:27:41.777571Z,135.518,azure-1,crdb-azure-1,31.102979613178128,11429.96,13413.88,8327364608.0,6336073728.0,0.0,2382377.707578732,83.00398343931406,11064133632.0,79255794688.0,737.304,812526.9146302466,452734.5215859683,19521170349.0,4347857492.0,0.67
2026-09-11T04:27:42.172389Z,135.913,azure-2,crdb-azure-2,32.19638242893603,6519.41,8374.89,8327364608.0,6441005056.0,0.0,2518783.337958902,68.11786811959124,10333157376.0,79562937344.0,534.435,782780.7036781919,444516.3779177056,19522146775.0,4408498019.0,1.02
2026-09-11T04:27:43.110078Z,136.85,gcp-1,crdb-gcp-1,89.5887558563291,4300.2699999999995,6724.429999999999,8324030464.0,3163488256.0,72219696.07367542,7285519.308500884,57.73820153890736,88306980864.0,82469434368.0,450.146,2868151.4413519497,9242422.478698246,17641719517.0,76943660514.0,22.46
2026-09-11T04:27:42.666915Z,136.407,client-1,crdb-client-1,25.33333333333696,6694.12,6877.4400000000005,8324030464.0,7534342144.0,0.0,2585.2339026084146,0.021038687358455255,566441984.0,5661983744.0,13.638,7427294.530539529,1654427.6732827062,1027866327.0,158924245.0,1.04
2026-09-11T04:27:47.351918Z,141.092,linode-1,crdb-linode-1,30.204509701098047,4762.43,6477.47,8322887680.0,6621675520.0,0.0,23261660.630479213,97.35051947295881,10807154688.0,75889913856.0,760.504,946479.5371581761,603024.7671015143,19602546386.0,4529787436.0,0.7
2026-09-11T04:27:47.667597Z,141.408,linode-2,crdb-linode-2,37.008281573497634,4693.15,6516.25,8322887680.0,6401236992.0,826.9942554547004,27557929.574516978,97.47871741541191,10243287040.0,76416294912.0,736.836,929026.4888474735,753664.133723775,19638218451.0,4931168185.0,0.83
2026-09-11T04:27:46.674355Z,140.415,azure-1,crdb-azure-1,34.86045286993282,11442.33,13432.87,8327364608.0,6324211712.0,57715.32528511668,8665663.332663896,86.72900620113228,11064416256.0,79298229248.0,741.5509999999999,935711.4265691127,432228.0011633543,19525752399.0,4349974053.0,0.7
2026-09-11T04:27:46.866961Z,140.607,azure-2,crdb-azure-2,38.88040712468535,6531.42,8394.54,8327364608.0,6389637120.0,0.0,13718931.98336345,80.49598364315327,10333157376.0,79627342848.0,538.2139999999999,993223.0931855546,495575.15281554585,19526809604.0,4410824568.0,1.02
2026-09-11T04:27:47.696168Z,141.437,gcp-1,crdb-gcp-1,89.56703182054873,4302.27,6743.6,8324030464.0,3152064512.0,86437075.73669297,10121732.357838226,66.13363938838454,88703395840.0,82515854336.0,453.17900000000003,3372789.6612207587,11278347.56736083,17657187698.0,76995384914.0,21.14
2026-09-11T04:27:47.551645Z,141.292,client-1,crdb-client-1,23.962882096067073,6708.05,6895.76,8324030464.0,7534485504.0,0.0,166865.15767601394,0.2456596817230983,566441984.0,5662798848.0,13.65,7225097.718023376,1609945.2590367654,1063159531.0,166788516.0,1.2
2026-09-11T04:27:52.337782Z,146.078,linode-1,crdb-linode-1,21.67461579226375,4777.21,6496.34,8322887680.0,6621421568.0,0.0,4220147.0402027285,95.95094147093191,10807154688.0,75910955008.0,765.288,844056.2037048027,541594.7281132475,19606754750.0,4532487763.0,0.73
2026-09-11T04:27:52.702133Z,146.443,linode-2,crdb-linode-2,23.056994818651688,4708.0,6535.55,8322887680.0,6401236992.0,0.0,4248450.272566004,96.29335867091135,10243287040.0,76437684224.0,741.6840000000001,931372.6836300328,895204.8742782492,19642907554.0,4935675197.0,0.76
2026-09-11T04:27:51.688696Z,145.429,azure-1,crdb-azure-1,35.26620980494951,11454.61,13451.84,8327364608.0,6326190080.0,0.0,13931340.471016208,84.95536958571664,11064416256.0,79368086528.0,745.8109999999999,805748.2344194702,436457.8123951198,19529792741.0,4352162626.0,0.88
2026-09-11T04:27:51.894862Z,145.635,azure-2,crdb-azure-2,36.91446028513348,6543.8099999999995,8414.18,8327364608.0,6354563072.0,0.0,7822198.543275441,75.6766408964572,10333157376.0,79666672640.0,542.019,816986.1208188343,481800.25672947377,19530917387.0,4413247046.0,1.02
2026-09-11T04:27:52.714890Z,146.455,gcp-1,crdb-gcp-1,91.01358411703553,4303.99,6762.74,8324030464.0,3138670592.0,78655968.80758834,2969073.6848211335,59.117475414571025,89098156032.0,82530755584.0,456.146,3113709.2608354148,10086255.839731582,17672814846.0,77046006022.0,19.85
2026-09-11T04:27:52.599190Z,146.34,client-1,crdb-client-1,25.081081081082846,6721.91,6914.26,8324030464.0,7534698496.0,0.0,8926.175279474272,0.019811291014447185,566441984.0,5662843904.0,13.651,7095662.112304603,1581371.720420416,1098975784.0,174770690.0,1.18
2026-09-11T04:27:57.388007Z,151.129,linode-1,crdb-linode-1,21.52631578947445,4792.12,6515.34,8322887680.0,6620467200.0,0.0,4513399.1608939925,92.90447438876947,10807154688.0,75933749248.0,769.98,930290.9944456705,603351.1991946894,19611453044.0,4535534897.0,0.67
2026-09-11T04:27:57.664447Z,151.405,linode-2,crdb-linode-2,21.42105263157742,4722.93,6554.55,8322887680.0,6400356352.0,16508.080926739312,4516610.941555876,93.90583144360923,10243368960.0,76460097536.0,746.344,919198.238659074,768699.2316858676,19647469000.0,4939489804.0,0.86
2026-09-11T04:27:56.707926Z,150.448,azure-1,crdb-azure-1,31.15100316790548,11467.65,13470.78,8327364608.0,6323654656.0,0.0,3304172.1301164688,85.70878626330091,11064416256.0,79384671232.0,750.1129999999999,908604.7802340377,425402.2719706494,19534353321.0,4354297857.0,0.97
2026-09-11T04:27:56.852873Z,150.593,azure-2,crdb-azure-2,34.36055469953217,6556.59,8433.65,8327364608.0,6323118080.0,0.0,3600244.9124697912,74.40352760290955,10333157376.0,79684523008.0,545.708,935941.1141202869,482645.33685103565,19535557875.0,4415640049.0,1.26
2026-09-11T04:27:57.678918Z,151.419,gcp-1,crdb-gcp-1,86.84350132626251,4306.469999999999,6781.59,8324030464.0,3124170752.0,76420257.91717406,3638784.860389967,55.25653517424035,89477515264.0,82548818944.0,458.889,3135970.937758217,10316779.87817609,17688382178.0,77097219742.0,18.58
2026-09-11T04:27:57.571109Z,151.312,client-1,crdb-client-1,24.918211559431146,6735.68,6932.6,8324030464.0,7532298240.0,0.0,9885.746506451222,0.04022520551128956,566441984.0,5662893056.0,13.653,7059648.265366045,1572669.1720442134,1134076404.0,182590012.0,1.09
2026-09-11T04:28:02.370720Z,156.111,linode-1,crdb-linode-1,21.53439153439041,4806.95,6534.24,8322887680.0,6620467200.0,0.0,4043550.0299603604,93.76243653026145,10807154688.0,75953897472.0,774.652,830154.1896834649,557213.1819129314,19615589541.0,4538311382.0,0.62
2026-09-11T04:28:02.829047Z,156.57,linode-2,crdb-linode-2,20.72844134975932,4737.73,6573.219999999999,8322887680.0,6399868928.0,0.0,3924946.0931599448,90.46053015782151,10243368960.0,76480368640.0,751.0160000000001,903960.5379535835,867099.033650532,19652137670.0,4943968096.0,0.87
2026-09-11T04:28:01.670168Z,155.411,azure-1,crdb-azure-1,30.52187664733397,11480.83,13489.75,8327364608.0,6322106368.0,0.0,2376373.087503062,85.74574477328349,11064416256.0,79396463616.0,754.3679999999999,819225.7275151093,452756.4750586569,19538418602.0,4356544591.0,0.97
2026-09-11T04:28:01.849546Z,155.59,azure-2,crdb-azure-2,32.4804177545728,6569.52,8452.800000000001,8327364608.0,6319820800.0,0.0,2878891.1476910696,75.32868807996755,10333157376.0,79698908160.0,549.472,828442.6571195424,490696.3575677992,19539697411.0,4418091945.0,1.56
2026-09-11T04:28:03.208350Z,156.949,gcp-1,crdb-gcp-1,87.80231335436086,4308.79,6800.610000000001,8324030464.0,3112931328.0,64434500.05533576,2568194.6507081576,48.19604051464937,89833805824.0,82563019776.0,461.55400000000003,2811712.334123658,9115598.361458642,17703929541.0,77147624442.0,17.81
2026-09-11T04:28:02.705056Z,156.446,client-1,crdb-client-1,25.176342919154937,6749.47,6951.030000000001,8324030464.0,7524532224.0,0.0,7978.165420812693,0.019477942921895194,566441984.0,5662934016.0,13.654,6944781.857916175,1543608.667294703,1169731000.0,190514918.0,1.16
2026-09-11T04:28:07.332279Z,161.073,linode-1,crdb-linode-1,23.878205128206165,4821.2,6552.96,8322887680.0,6620241920.0,0.0,5380823.420290765,97.30646545340367,10807154688.0,75980595200.0,779.48,1083246.2890555784,685767.5168289833,19620964223.0,4541713916.0,0.73
2026-09-11T04:28:07.700189Z,161.441,linode-2,crdb-linode-2,22.89348171701343,4752.28,6592.09,8322887680.0,6399873024.0,0.0,5419413.995970454,99.11439180591034,10243368960.0,76506767360.0,755.844,1063579.9509736663,850615.1894036422,19657318516.0,4948111561.0,0.88
2026-09-11T04:28:06.786486Z,160.527,azure-1,crdb-azure-1,32.555673382826335,11493.55,13508.61,8327364608.0,6328270848.0,0.0,3343155.9886349505,88.42168752493157,11064416256.0,79413568512.0,758.8919999999999,985605.7087929066,444341.65204035153,19543461347.0,4358818017.0,0.98
2026-09-11T04:28:06.873295Z,160.614,azure-2,crdb-azure-2,37.47412008281399,6581.599999999999,8472.119999999999,8327364608.0,6317678592.0,0.0,3766730.917621939,80.61534120696722,10333157376.0,79717831680.0,553.5219999999999,1018686.3042761555,499584.2172219676,19544815146.0,4420601785.0,1.43
2026-09-11T04:28:07.704124Z,161.445,gcp-1,crdb-gcp-1,83.59872611464824,4311.88,6819.45,8324030464.0,3064324096.0,30502172.64929917,4239146.037550449,49.55649293205386,89970939904.0,82582078464.0,463.782,3812214.404255777,12407419.321160555,17721068796.0,77203406699.0,16.86
2026-09-11T04:28:07.586631Z,161.327,client-1,crdb-client-1,25.726587728739315,6763.27,6969.610000000001,8324030464.0,7528255488.0,0.0,2517.1785967499104,0.0,566441984.0,5662946304.0,13.654,7635338.090124309,1699999.1396218035,1207004094.0,198813729.0,1.31
2026-09-11T04:28:12.329463Z,166.07,linode-1,crdb-linode-1,22.452316076293233,4835.43,6571.31,8322887680.0,6620016640.0,0.0,4617088.921096157,98.45406277995527,10807154688.0,76003667968.0,784.4000000000001,932822.8286871586,599369.5238752911,19625625776.0,4544709118.0,0.99
2026-09-11T04:28:12.697945Z,166.439,linode-2,crdb-linode-2,24.08798283261643,4766.43,6610.7300000000005,8322887680.0,6399107072.0,0.0,4656641.108839302,98.761287156598,10243368960.0,76530040832.0,760.78,1023447.6522962627,959333.6494370404,19662433615.0,4952906224.0,0.81
2026-09-11T04:28:11.664569Z,165.405,azure-1,crdb-azure-1,33.86327503973473,11506.03,13527.48,8327364608.0,6325743616.0,0.0,2615537.69021134,93.96964639917219,11064416256.0,79426327552.0,763.476,925792.0722465896,488554.42347320454,19547977519.0,4361201269.0,1.06
2026-09-11T04:28:11.834546Z,165.575,azure-2,crdb-azure-2,36.472424557756,6593.8099999999995,8491.34,8327364608.0,6316019712.0,0.0,3109160.938791877,82.94167063710852,10333157376.0,79733257216.0,557.637,921278.3858394072,523004.7785600832,19549385901.0,4423196578.0,1.64
2026-09-11T04:28:12.710847Z,166.452,gcp-1,crdb-gcp-1,91.07142857142951,4313.58,6838.49,8324030464.0,3064561664.0,65745626.269078605,3112006.001711877,51.80956446211513,90300114944.0,82597659648.0,466.37600000000003,3404147.4329832075,10976045.573886037,17738112673.0,77258361537.0,15.83
2026-09-11T04:28:12.831220Z,166.572,client-1,crdb-client-1,26.252723311550675,6776.8099999999995,6987.97,8324030464.0,7524544512.0,0.0,6247.856805033808,0.019066945816166515,566441984.0,5662979072.0,13.655000000000001,7290926.088081786,1612937.3928644129,1245242657.0,207273067.0,1.2
2026-09-11T04:28:17.314844Z,171.056,linode-1,crdb-linode-1,23.188405797100884,4849.74,6589.94,8322887680.0,6619869184.0,20539.557013024627,5267985.582700556,97.48266316728512,10807257088.0,76029931520.0,789.2600000000001,1042602.9576019893,680068.3431702516,19630823675.0,4548099600.0,0.99
2026-09-11T04:28:17.982896Z,171.724,linode-2,crdb-linode-2,23.47593582887526,4780.74,6629.429999999999,8322887680.0,6397304832.0,0.0,4872511.198197653,91.73013839656173,10243368960.0,76555792384.0,765.628,962172.8992102531,965259.8984015483,19667518764.0,4958007688.0,0.91
2026-09-11T04:28:16.662434Z,170.403,azure-1,crdb-azure-1,32.77310924370438,11518.83,13546.52,8327364608.0,6323728384.0,0.0,3843606.8070138,86.81520863681376,11064416256.0,79445537792.0,767.8149999999999,1004693.2617883221,454439.30167453754,19552998948.0,4363472544.0,1.05
2026-09-11T04:28:16.845308Z,170.586,azure-2,crdb-azure-2,35.22142121524263,6606.389999999999,8510.76,8327364608.0,6314762240.0,0.0,4040528.3932926413,79.70685345561927,10333157376.0,79753503744.0,561.631,1011594.7210797358,485280.0301684472,19554454862.0,4425628249.0,1.59
2026-09-11T04:28:17.708803Z,171.45,gcp-1,crdb-gcp-1,90.24261603375338,4315.43,6857.45,8324030464.0,3057160192.0,73809482.67710952,3995992.1559511684,54.36139846173012,90669017088.0,82617631744.0,469.093,3379267.192411158,10973947.312116224,17755002358.0,77313209675.0,15.29
2026-09-11T04:28:17.852732Z,171.594,client-1,crdb-client-1,26.338561384526983,6790.43,7006.46,8324030464.0,7525740544.0,0.0,8972.415240274644,0.03982783753670841,566441984.0,5663024128.0,13.657,7553613.84568218,1670665.071885615,1283173985.0,215662501.0,1.11
2026-09-11T04:28:22.338640Z,176.08,linode-1,crdb-linode-1,7.541322314054244,4867.639999999999,6609.3,8322887680.0,6619873280.0,0.0,1293085.8097817064,22.532565475757494,10807257088.0,76036427776.0,790.392,303035.7356713004,207538.46349509602,19632346078.0,4549142240.0,0.91
2026-09-11T04:28:22.678825Z,176.42,linode-2,crdb-linode-2,11.45038167939363,4798.139999999999,6649.08,8322887680.0,6397304832.0,10466.80503475677,1353706.7844952089,23.083529983880545,10243418112.0,76562149376.0,766.7120000000001,401095.7117100179,610937.1372820144,19669402305.0,4960876642.0,0.83
2026-09-11T04:28:21.772037Z,175.513,azure-1,crdb-azure-1,10.690192008300182,11536.04,13565.79,8327364608.0,6323236864.0,0.0,805625.556637405,25.539814390252467,11064416256.0,79449654272.0,769.12,304279.0001567735,238065.9060325549,19554553713.0,4364688982.0,0.97
2026-09-11T04:28:22.008471Z,175.749,azure-2,crdb-azure-2,11.370716510901225,6623.46,8530.02,8327364608.0,6314872832.0,0.0,841700.1890372782,20.471849500131086,10333157376.0,79757849600.0,562.688,292308.57168377825,240877.74652567774,19555964106.0,4426871946.0,1.54
2026-09-11T04:28:22.658818Z,176.4,gcp-1,crdb-gcp-1,20.726714431935466,4330.92,6876.99,8324030464.0,2842890240.0,11203824.650401037,988816.1342119083,9.858424455237701,90724476928.0,82622526464.0,469.581,697741.5057824397,1853056.3281985843,17758456235.0,77322382454.0,14.06
2026-09-11T04:28:22.605347Z,176.346,client-1,crdb-client-1,4.164550533264222,6809.3,7026.15,8324030464.0,7700123648.0,0.0,9480.111100649166,0.021040729538005842,566441984.0,5663069184.0,13.658,1135802.3564865629,316802.90039859124,1288572098.0,217168166.0,1.02
2026-09-11T04:28:27.338027Z,181.079,linode-1,crdb-linode-1,5.57830092118341,4886.09,6628.84,8322887680.0,6619615232.0,0.0,1263338.8610881194,10.241073776655812,10807257088.0,76042743808.0,790.9040000000001,312125.72638451995,243071.6860679263,19633906543.0,4550357471.0,0.84
2026-09-11T04:28:27.681294Z,181.422,linode-2,crdb-linode-2,6.430379746828441,4816.620000000001,6668.83,8322887680.0,6397378560.0,8187.841599976877,1292041.404476351,12.073867984339467,10243459072.0,76568612864.0,767.316,298120.9918023612,519863.37439060217,19670893667.0,4963477279.0,0.77
2026-09-11T04:28:26.654428Z,180.395,azure-1,crdb-azure-1,5.2169421487617935,11554.39,13585.15,8327364608.0,6323007488.0,0.0,1630859.2474428818,10.240714916608406,11064416256.0,79457616896.0,769.62,331100.951355098,174297.99195216672,19556170304.0,4365539987.0,0.97
2026-09-11T04:28:26.893519Z,180.635,azure-2,crdb-azure-2,5.764282038080648,6641.7699999999995,8549.449999999999,8327364608.0,6315200512.0,0.0,1625771.5396067093,5.895413170634403,10333157376.0,79765791744.0,562.976,336883.35524542624,251087.6939557717,19557609833.0,4428098548.0,1.42
2026-09-11T04:28:27.693894Z,181.435,gcp-1,crdb-gcp-1,4.949494949497291,4349.74,6896.79,8324030464.0,3044597760.0,34979.515609928785,1443921.865293572,2.005888374706336,90724653056.0,82629796864.0,469.682,486232.90290748276,749599.691216527,17760904503.0,77326156820.0,12.94
2026-09-11T04:28:27.603554Z,181.345,client-1,crdb-client-1,0.3496503496534298,6829.25,7046.17,8324030464.0,7698903040.0,0.0,249122.48777350597,0.280096341490845,566441984.0,5664314368.0,13.672,6176.124329872637,66326.81366502677,1288602968.0,217499686.0,0.94
2026-09-11T04:28:32.355649Z,186.097,linode-1,crdb-linode-1,6.282183316170187,4904.29,6648.26,8322887680.0,6619619328.0,0.0,679167.8649744128,12.435935027605863,10807257088.0,76046151680.0,791.528,227859.01389398586,182423.60781283124,19635049875.0,4551272821.0,0.93
2026-09-11T04:28:32.967557Z,186.709,linode-2,crdb-linode-2,6.928171166584685,4834.89,6688.46,8322887680.0,6397427712.0,17046.093920012245,642327.8118040977,12.636264580264879,10243549184.0,76572008448.0,767.984,291533.37878642743,524293.1831892668,19672434821.0,4966248888.0,0.71
2026-09-11T04:28:31.650768Z,185.392,azure-1,crdb-azure-1,5.1041666666642005,11572.61,13604.35,8327364608.0,6322552832.0,0.0,383660.4735445542,10.827757546844785,11064416256.0,79459533824.0,770.161,160990.54167286112,181366.5400568121,19556974680.0,4366446170.0,0.89
2026-09-11T04:28:31.935513Z,185.677,azure-2,crdb-azure-2,5.812143227814559,6659.92,8568.72,8327364608.0,6314455040.0,0.0,424864.3378710538,7.199382816569081,10333157376.0,79767933952.0,563.3389999999999,187229.56915500778,195329.56897901726,19558553863.0,4429083419.0,1.3
2026-09-11T04:28:33.022727Z,186.764,gcp-1,crdb-gcp-1,4.550102249490329,4368.41,6916.35,8324030464.0,3043282944.0,79938.25757416763,667945.6329995353,2.176804264620803,90725079040.0,82633356288.0,469.798,190713.38707871348,337891.25183162565,17761920798.0,77327957413.0,11.9
2026-09-11T04:28:33.199945Z,186.941,client-1,crdb-client-1,0.7530120481909375,6849.02,7066.09,8324030464.0,7698141184.0,0.0,731.8881416356613,0.0,566441984.0,5664318464.0,13.672,5354.7909737640375,59211.466021156964,1288632936.0,217831062.0,0.86
2026-09-11T04:28:37.309060Z,191.05,linode-1,crdb-linode-1,6.100660904930422,4922.76,6667.93,8322887680.0,6619164672.0,0.0,1245297.2112331756,9.12486673548957,10807257088.0,76052320256.0,791.98,304572.3051791969,226564.38471472764,19636558573.0,4552395107.0,0.86
2026-09-11T04:28:37.675170Z,191.416,linode-2,crdb-linode-2,6.126582278481196,4853.43,6708.21,8322887680.0,6397431808.0,0.0,1315534.7063997863,10.620881793308046,10243549184.0,76578201600.0,768.484,301073.95971234876,413336.0430147072,19673852189.0,4968194753.0,0.65
2026-09-11T04:28:36.641782Z,190.383,azure-1,crdb-azure-1,5.098855358998944,11590.85,13623.57,8327364608.0,6322089984.0,0.0,1574846.5966672753,9.096182944494263,11064416256.0,79467394048.0,770.615,323221.4406147639,161029.08552571095,19558587912.0,4367249883.0,0.82
2026-09-11T04:28:36.834440Z,190.576,azure-2,crdb-azure-2,6.320657759513482,6678.15,8588.18,8327364608.0,6314266624.0,0.0,1545091.5872768487,5.8175104628265295,10333157376.0,79775503360.0,563.624,327051.86504669994,214138.88591944863,19560156091.0,4430132486.0,1.2
2026-09-11T04:28:37.679141Z,191.42,gcp-1,crdb-gcp-1,5.045408678103003,4387.23,6936.17,8324030464.0,3048644608.0,32546.22125219466,1370459.8029978184,1.8683496416679293,90725230592.0,82639737856.0,469.885,321423.35600345774,809036.4126332985,17763417511.0,77331724704.0,10.95
2026-09-11T04:28:37.565491Z,191.307,client-1,crdb-client-1,0.25025025025117165,6868.95,7086.07,8324030464.0,7697911808.0,0.0,15011.754992620636,0.022906120289020258,566441984.0,5664384000.0,13.673,7253.452050725175,75486.8903513052,1288664602.0,218160611.0,0.79
2026-09-11T04:28:42.605621Z,196.347,linode-1,crdb-linode-1,7.540485829958676,4941.03,6687.69,8322887680.0,6635307008.0,2319.96087757958,4063798.137226898,9.364425417313049,10807269376.0,76073844736.0,792.476,179573.05251755993,136044.8998313128,19637509707.0,4553115688.0,0.87
2026-09-11T04:28:42.997560Z,196.739,linode-2,crdb-linode-2,7.943690296635553,4871.74,6728.1,8322887680.0,6404112384.0,6156.539668803482,3242957.2705422337,9.018368655474191,10243581952.0,76595462144.0,768.964,253980.18302514293,477377.19911277085,19675203991.0,4970735579.0,0.6
2026-09-11T04:28:41.710571Z,195.452,azure-1,crdb-azure-1,3.997923156803884,11609.34,13642.83,8327364608.0,6321860608.0,0.0,306257.37974272255,7.02323827019652,11064416256.0,79468946432.0,770.971,142100.6275313615,168142.04536574986,19559308204.0,4368102176.0,0.76
2026-09-11T04:28:42.341837Z,196.083,azure-2,crdb-azure-2,4.710144927535554,6696.5599999999995,8607.5,8327364608.0,6314778624.0,0.0,319797.42965444055,3.831148804113544,10333157376.0,79777264640.0,563.835,152396.56287042625,160119.68677483193,19560995413.0,4431014343.0,1.1
2026-09-11T04:28:43.289572Z,197.031,gcp-1,crdb-gcp-1,6.369107321963652,4405.9,6956.11,8324030464.0,3026915328.0,777511.1365886783,3830611.20533408,2.780492070767276,90729592832.0,82661229568.0,470.041,157174.80024030484,298105.8232138509,17764299343.0,77333397232.0,10.07
2026-09-11T04:28:42.975554Z,196.717,client-1,crdb-client-1,0.3954522985661124,6889.1,7106.3,8324030464.0,7698059264.0,0.0,4542.561071540095,0.0184837283184309,566441984.0,5664408576.0,13.674,5885.21909659166,61166.90826323499,1288696442.0,218491534.0,0.73
2026-09-11T04:28:48.399960Z,202.141,linode-1,crdb-linode-1,8.690122933447098,4962.57,6711.28,8322887680.0,6607568896.0,8482.579538740587,10803271.924214365,14.289501664381897,10807318528.0,76136443904.0,793.304,288244.0998778341,206574.7656672586,19639179927.0,4554312678.0,0.96
2026-09-11T04:28:48.993786Z,202.735,linode-2,crdb-linode-2,9.523809523808623,4893.4,6752.04,8322887680.0,6376886272.0,0.0,13008711.94628358,15.476193553506958,10243581952.0,76673466368.0,769.892,294259.3077927042,563560.4184018179,19676968460.0,4974114860.0,0.55
2026-09-11T04:28:47.935113Z,201.677,azure-1,crdb-azure-1,12.926621160412067,11629.75,13666.27,8327364608.0,6311288832.0,0.0,19573134.074424278,20.434949136890786,11064416256.0,79590781952.0,772.2429999999999,286486.25929476606,145392.73528359513,19561091475.0,4369007192.0,0.7
2026-09-11T04:28:48.091351Z,201.833,azure-2,crdb-azure-2,10.21367521367289,6717.57,8630.9,8327364608.0,6305931264.0,0.0,14693857.22826361,11.148562781942326,10333157376.0,79861748736.0,564.476,313806.47540484695,261800.25623471494,19562799681.0,4432519595.0,1.08
2026-09-11T04:28:48.958594Z,202.7,client-1,crdb-client-1,0.5670311867166045,6913.65,7130.99,8324030464.0,7696293888.0,0.0,5476.757594206026,0.01671373777530737,566441984.0,5664441344.0,13.675,6130.097603841992,56027.791770316886,1288733119.0,218826754.0,0.67
2026-09-11T04:28:52.341393Z,206.083,linode-1,crdb-linode-1,8.038585209003124,4976.87,6726.83,8322887680.0,6607446016.0,31176.172357288568,796031.6008561014,14.004921176126254,10807441408.0,76139581440.0,793.856,285569.22271310864,217955.64520089893,19640305490.0,4555171744.0,0.88
2026-09-11T04:28:52.674686Z,206.416,linode-2,crdb-linode-2,6.4777327935165,4907.26,6766.86,8322887680.0,6376112128.0,5563.772648900261,883527.0966453614,17.060787224164887,10243602432.0,76676718592.0,770.52,377704.6389933163,521804.4489197284,19678358774.0,4976035599.0,0.5
2026-09-11T04:28:51.694609Z,205.436,azure-1,crdb-azure-1,5.369127516773775,11643.85,13681.17,8327364608.0,6311800832.0,0.0,336653.4859861094,12.60790797221312,11064416256.0,79592047616.0,772.717,174314.967300616,219773.12528093153,19561746820.0,4369833439.0,0.64
2026-09-11T04:28:51.857322Z,205.599,azure-2,crdb-azure-2,5.886243386251255,6731.799999999999,8646.02,8327364608.0,6306197504.0,0.0,472027.029323524,7.726986963403497,10333157376.0,79863526400.0,564.7669999999999,164444.0902555592,261081.8784157533,19563418981.0,4433502835.0,1.08
2026-09-11T04:28:52.721909Z,206.463,gcp-1,crdb-gcp-1,11.94259354177294,4440.26,6995.13,8324030464.0,3010527232.0,4888720.876054437,1116441.7633981132,4.410292360759238,90775705600.0,82671760384.0,470.457,581533.7295246874,1121762.420674782,17769784649.0,77343978235.0,8.52
2026-09-11T04:28:52.598612Z,206.34,client-1,crdb-client-1,13.934426229507634,6926.25,7145.63,8324030464.0,7446282240.0,0.0,13502.959593087757,0.0824155248601579,566441984.0,5664490496.0,13.678,1325314.4401315819,611261.3878117093,1293557384.0,221051801.0,0.7
2026-09-11T04:28:57.559350Z,211.301,linode-1,crdb-linode-1,12.635939927501083,4993.74,6746.14,8322887680.0,6583287808.0,13344.506030216282,2577059.60571765,50.9771169008163,10807511040.0,76153028608.0,796.5160000000001,717264.7077612692,390251.6772115514,19644048197.0,4557208088.0,0.81
2026-09-11T04:28:58.233527Z,211.975,linode-2,crdb-linode-2,12.337998963193952,4924.17,6786.15,8322887680.0,6373052416.0,1473.6621015427438,2383648.449245388,50.225397796721005,10243610624.0,76689969152.0,773.312,658588.0840060138,514037.87806774897,19682019826.0,4978893105.0,0.7
2026-09-11T04:28:56.651656Z,210.393,azure-1,crdb-azure-1,15.924567836568093,11659.9,13700.26,8327364608.0,6311149568.0,0.0,2554869.8959400086,43.79546877594265,11064416256.0,79604712448.0,774.8879999999999,774127.3746690579,308748.977044081,19565584273.0,4371363949.0,0.83
2026-09-11T04:28:56.826252Z,210.568,azure-2,crdb-azure-2,17.20207253885453,6747.78,8665.32,8327364608.0,6305832960.0,0.0,2655096.122298872,33.0246449136636,10333157376.0,79876719616.0,566.408,789126.4058003853,335931.6789892163,19567340163.0,4435172085.0,1.07
2026-09-11T04:28:58.238034Z,211.98,gcp-1,crdb-gcp-1,94.56464379947359,4441.29,7014.08,8324030464.0,3016900608.0,75194810.02988625,2399123.427011124,52.028053998389744,91190499328.0,82684994560.0,473.327,2611563.3981722905,10429201.98715905,17784190698.0,77401508370.0,8.32
2026-09-11T04:28:57.973312Z,211.715,client-1,crdb-client-1,30.01640240568504,6939.05,7163.92,8324030464.0,7482023936.0,0.0,273585.6834990866,0.3348971687156747,566441984.0,5665960960.0,13.696,8235364.923382191,1822124.1440828939,1337820693.0,230845325.0,0.64
2026-09-11T04:29:02.323647Z,216.065,linode-1,crdb-linode-1,14.079422382669648,5010.4,6765.53,8322887680.0,6554644480.0,0.0,2506921.816870834,64.64635440077699,10807511040.0,76164972544.0,799.596,725272.4874005992,382550.8889986771,19647503673.0,4559030707.0,0.75
2026-09-11T04:29:02.697202Z,216.439,linode-2,crdb-linode-2,12.962962962964863,4941.09,6805.59,8322887680.0,6373052416.0,0.0,2725313.408480098,71.86781071131549,10243610624.0,76702134272.0,776.5200000000001,861011.7685624734,800647.2881017973,19685863168.0,4982466995.0,0.73
2026-09-11T04:29:01.673470Z,215.415,azure-1,crdb-azure-1,19.224724986904373,11675.32,13719.35,8327364608.0,6310924288.0,0.0,1707924.6451267167,54.5809531638538,11064416256.0,79613289472.0,777.629,685879.6699552287,363557.13789143733,19569028691.0,4373189696.0,0.84
2026-09-11T04:29:01.908235Z,215.65,azure-2,crdb-azure-2,20.19678922838053,6763.1900000000005,8684.630000000001,8327364608.0,6305869824.0,0.0,2004451.9317742626,41.813723893742655,10333157376.0,79886906368.0,568.533,714896.0259923738,383848.2144103691,19570973310.0,4437122826.0,1.07
2026-09-11T04:29:02.712910Z,216.455,gcp-1,crdb-gcp-1,95.48286604361432,4442.16,7033.34,8324030464.0,2968870912.0,102988124.44596899,2756943.286565987,62.68242394044924,91651364864.0,82697331712.0,476.132,3331277.420589472,12887790.388398144,17799097960.0,77459180441.0,8.05
2026-09-11T04:29:02.611045Z,216.353,client-1,crdb-client-1,30.235101148167065,6951.81,7182.21,8324030464.0,7479459840.0,0.0,87434.37096415275,0.19405710885155378,566441984.0,5666366464.0,13.705,9914650.018034928,2187213.5771045927,1383802956.0,240989206.0,1.07
2026-09-11T04:29:07.368528Z,221.11,linode-1,crdb-linode-1,16.95178849144393,5026.42,6784.82,8322887680.0,6525747200.0,0.0,3447314.633826013,75.4810486018633,10807511040.0,76182364160.0,803.404,894974.115350165,496634.7743761945,19652018795.0,4561536217.0,0.68
2026-09-11T04:29:07.744780Z,221.487,linode-2,crdb-linode-2,16.479017400206043,4957.41,6825.13,8322887680.0,6373052416.0,811.4628638805408,3450340.0972200595,76.31237674970272,10243614720.0,76719550464.0,780.3720000000001,876518.966948612,653195.907655715,19690287550.0,4985764115.0,0.67
2026-09-11T04:29:06.809515Z,220.551,azure-1,crdb-azure-1,22.902374670177185,11689.93,13738.3,8327364608.0,6310559744.0,0.0,2888493.7222683593,63.91958060527691,11064416256.0,79628125184.0,780.9119999999999,846711.1236201447,369637.9979703616,19573377519.0,4375088209.0,0.86
2026-09-11T04:29:06.955949Z,220.698,azure-2,crdb-azure-2,25.542916235776204,6777.59,8703.97,8327364608.0,6305476608.0,0.0,3038849.70984451,52.339583855355386,10333157376.0,79902245888.0,571.175,873348.7562030144,417238.80068554403,19575381804.0,4439228966.0,1.14
2026-09-11T04:29:07.772833Z,221.515,gcp-1,crdb-gcp-1,97.35099337748123,4442.68,7052.97,8324030464.0,2963476480.0,86070482.21772246,3155386.117210889,53.35983670305037,92086880256.0,82713297920.0,478.832,3476128.1430524294,13242432.611704383,17816687118.0,77526186958.0,7.97
2026-09-11T04:29:07.670247Z,221.412,client-1,crdb-client-1,33.513513513517445,6964.11,7200.71,8324030464.0,7524380672.0,0.0,7286.400774195255,0.0,566441984.0,5666403328.0,13.705,10096365.536041113,2224785.582481851,1434883377.0,252245037.0,0.98
2026-09-11T04:29:13.646466Z,227.388,linode-1,crdb-linode-1,16.360529688167237,5046.0,6808.23,8322887680.0,6524743680.0,0.0,2747382.5200418206,68.49240199229426,10807511040.0,76199612416.0,807.7040000000001,763790.3129779089,432303.97150872427,19656813923.0,4564250251.0,0.71
2026-09-11T04:29:13.877828Z,227.62,linode-2,crdb-linode-2,16.444073455757902,4977.43,6849.09,8322887680.0,6373056512.0,0.0,2908453.8187206956,72.26263882979654,10243614720.0,76737388544.0,784.8040000000001,883657.6135642692,796415.1514496157,19695707184.0,4990648675.0,0.62
2026-09-11T04:29:12.733881Z,226.476,azure-1,crdb-azure-1,22.874671340932583,11707.53,13761.12,8327364608.0,6311038976.0,0.0,2173660.024758504,64.91699572242341,11064416256.0,79641003008.0,784.7579999999999,777544.4134064389,372751.49897962104,19577984072.0,4377296571.0,0.87
2026-09-11T04:29:12.985180Z,226.727,azure-2,crdb-azure-2,23.42807924203767,6795.37,8727.19,8327364608.0,6305705984.0,0.0,2447675.2982818773,50.12149944089528,10333157376.0,79917003776.0,574.197,795411.9422985864,399657.25983533595,19580177620.0,4441638639.0,1.04
2026-09-11T04:29:13.715312Z,227.457,gcp-1,crdb-gcp-1,97.40147249891966,4443.28,7076.06,8324030464.0,2907865088.0,104710457.29301713,2619880.90977809,55.27886363054318,92709132288.0,82728866816.0,482.117,3324183.6105818846,12569556.220300194,17836441401.0,77600882763.0,8.13
2026-09-11T04:29:13.684172Z,227.426,client-1,crdb-client-1,32.56549232158956,6979.04,7222.85,8324030464.0,7536078848.0,0.0,7491.795301494253,0.01662774170252597,566441984.0,5666448384.0,13.706,9834414.810823383,2149746.3520054067,1494027998.0,265173710.0,0.91
2026-09-11T04:29:20.050044Z,233.792,linode-1,crdb-linode-1,17.900837089507647,5058.75,6823.76,8322887680.0,6524260352.0,0.0,1924652.397428094,46.72311169603805,10807511040.0,76211937280.0,810.696,502712.5730254946,246954.13237266932,19660033135.0,4565831667.0,0.89
2026-09-11T04:29:21.527879Z,235.27,linode-2,crdb-linode-2,16.912235746318917,4990.4,6864.7,8322887680.0,6373056512.0,0.0,1582145.0867430225,39.26709761474254,10243614720.0,76749492224.0,787.8080000000001,390001.49323301454,278837.3071843554,19698690762.0,4992781828.0,0.57
2026-09-11T04:29:17.437473Z,231.179,azure-1,crdb-azure-1,22.9561805101283,11719.310000000001,13776.41,8327364608.0,6311178240.0,0.0,2486162.1716174437,54.68073679502852,11064416256.0,79652697088.0,787.3299999999999,707361.6616640666,344991.015762982,19581311266.0,4378919294.0,0.88
2026-09-11T04:29:17.310825Z,231.053,azure-2,crdb-azure-2,24.467398321497846,6807.07,8742.68,8327364608.0,6305157120.0,0.0,2728958.779075935,47.39111342615485,10333157376.0,79928808448.0,576.247,781444.0904443635,398720.6248757831,19583557917.0,4443363387.0,1.04
2026-09-11T04:29:21.235939Z,234.978,gcp-1,crdb-gcp-1,96.93174702566868,4443.77,7092.03,8324030464.0,2903662592.0,58363663.47877668,1563074.1411129688,30.076710406664578,93148071936.0,82740622336.0,484.379,1804572.3083522497,7000027.784813607,17850013173.0,77653528357.0,8.12
2026-09-11T04:29:21.194832Z,234.937,client-1,crdb-client-1,32.16689098250236,6989.12,7237.71,8324030464.0,7536017408.0,0.0,4362.782708157945,0.013314156213877187,566441984.0,5666481152.0,13.707,5362808.715097914,1186720.4339097803,1534306996.0,274086933.0,1.15
2026-09-11T04:29:22.683852Z,236.426,linode-1,crdb-linode-1,18.926689027311163,5075.67,6844.63,8322887680.0,6523228160.0,0.0,4368348.890189139,144.8818544063332,10807511040.0,76223442944.0,814.5120000000001,1430823.7317691834,704249.5846488838,19663801739.0,4567686569.0,0.82
2026-09-11T04:29:23.048588Z,236.791,linode-2,crdb-linode-2,13.92716535432993,5007.89,6885.02,8322887680.0,6373064704.0,0.0,8589479.819172613,230.15501411639735,10243614720.0,76762554368.0,791.3080000000001,2687593.0918559344,2440467.1045843484,19702777823.0,4996493081.0,0.6
2026-09-11T04:29:22.095955Z,235.838,azure-1,crdb-azure-1,20.266930301534615,11735.44,13796.64,8327364608.0,6311436288.0,0.0,2291311.8045687447,66.90932297575897,11064416256.0,79663371264.0,790.447,827053.1114800943,423353.3393199179,19585164129.0,4380891504.0,0.89
2026-09-11T04:29:22.358714Z,236.101,azure-2,crdb-azure-2,22.034715525553317,6823.24,8763.42,8327364608.0,6305320960.0,0.0,2339307.090867769,49.60403113629582,10333157376.0,79940617216.0,578.751,798352.514941272,422933.59708751674,19587587982.0,4445498346.0,1.2
2026-09-11T04:29:23.097971Z,236.84,gcp-1,crdb-gcp-1,95.10184287100235,4444.78,7112.65,8324030464.0,2896609280.0,270745598.3509406,6568355.703318995,155.52688356873017,93652215808.0,82752852992.0,487.27500000000003,8736590.03550845,33547329.231330443,17866281206.0,77715995413.0,8.27
2026-09-11T04:29:22.961865Z,236.704,client-1,crdb-client-1,30.970724191062903,7002.5599999999995,7257.179999999999,8324030464.0,7534759936.0,0.0,2318.0013251421615,0.0,566441984.0,5666485248.0,13.707,28003804.002711944,6165186.313542072,1583790825.0,284981061.0,1.06
2026-09-11T04:29:27.737250Z,241.479,linode-1,crdb-linode-1,14.234141309954474,5092.3,6864.02,8322887680.0,6522740736.0,0.0,3067067.9397678166,64.58958151433632,10807511040.0,76238942208.0,817.7760000000001,823160.3781084279,447768.8569261135,19667961536.0,4569949345.0,0.76
2026-09-11T04:29:28.113185Z,241.855,linode-2,crdb-linode-2,13.930605903675142,5024.51,6904.33,8322887680.0,6373089280.0,7278.628079245156,3078859.677520701,67.36837838103271,10243651584.0,76778147840.0,794.72,808489.4490250929,641452.7929342582,19706872572.0,4999741841.0,0.55
2026-09-11T04:29:27.191498Z,240.934,azure-1,crdb-azure-1,19.54380508036332,11750.96,13815.93,8327364608.0,6310551552.0,0.0,2546510.285272074,51.73038607493009,11064416256.0,79676347392.0,793.083,764936.5909035233,350345.21716711344,19589061979.0,4382676741.0,0.9
2026-09-11T04:29:27.283298Z,241.025,azure-2,crdb-azure-2,21.92130812467613,6838.52,8782.99,8327364608.0,6304157696.0,0.0,2838697.391045921,44.551208127376576,10333157376.0,79954596864.0,580.9449999999999,827782.5651727852,399686.47304517764,19591664538.0,4447466670.0,1.26
2026-09-11T04:29:28.143028Z,241.885,gcp-1,crdb-gcp-1,96.07032057910956,4445.54,7131.99,8324030464.0,2888527872.0,63730513.73108795,2900015.223922217,52.089985972627986,93973743616.0,82767483904.0,489.903,3299492.692069457,12791252.435299667,17882927528.0,77780528760.0,8.01
2026-09-11T04:29:27.996073Z,241.738,client-1,crdb-client-1,33.96124865446779,7014.83,7275.76,8324030464.0,7536689152.0,0.0,4881.698045708674,0.019863680198998895,566441984.0,5666509824.0,13.708,9919976.119232489,2180715.0615153112,1633731098.0,295959465.0,1.22
2026-09-11T04:29:33.737552Z,247.48,linode-1,crdb-linode-1,27.158351409976166,5109.09,6887.07,8322887680.0,6510972928.0,5269813.900259895,32610045.290571984,79.26106004352759,10839132160.0,76434616320.0,822.532,841703.4611280948,453711.07288697094,19673012114.0,4572671804.0,0.94
2026-09-11T04:29:34.142577Z,247.885,linode-2,crdb-linode-2,23.702422145330882,5042.15,6927.45,8322887680.0,6367412224.0,1889889.962378364,24098474.6676528,78.14923418410021,10255046656.0,76923449344.0,799.432,905493.3836020121,790582.8292664384,19712332235.0,5004508652.0,0.51
2026-09-11T04:29:33.288825Z,247.031,azure-1,crdb-azure-1,32.74414494033715,11766.18,13838.56,8327364608.0,6309220352.0,4371813.44811927,28371107.739377573,62.89548895626641,11091073024.0,79849337856.0,796.918,812022.9114232059,352496.33282141946,19594013221.0,4384826058.0,1.15
2026-09-11T04:29:33.273518Z,247.016,azure-2,crdb-azure-2,40.53480475382242,6852.530000000001,8806.550000000001,8327364608.0,6312632320.0,8720105.47717585,41924609.6783157,55.956873427710306,10385393664.0,80205739008.0,584.297,859777.8610240858,385246.8807791234,19596814889.0,4449774425.0,1.31
2026-09-11T04:29:34.009596Z,247.752,client-1,crdb-client-1,32.45931283905704,7029.77,7297.88,8324030464.0,7537532928.0,0.0,104211.7086352957,0.16628961881397678,566441984.0,5667136512.0,13.718,9774040.17842851,2144631.7262864835,1692508310.0,308856432.0,1.12
2026-09-11T04:29:37.731074Z,251.473,linode-1,crdb-linode-1,16.81701030928163,5122.0,6902.59,8322887680.0,6510006272.0,0.0,3110787.828032713,77.52450192728047,10839132160.0,76447039488.0,825.628,803151.3359452446,432548.4092271093,19676219560.0,4574399219.0,0.86
2026-09-11T04:29:38.082996Z,251.825,linode-2,crdb-linode-2,15.741345525798767,5055.05,6942.76,8322887680.0,6367416320.0,0.0,3013417.0583639126,77.45252995145131,10255046656.0,76935323648.0,802.4839999999999,771206.6667026915,569360.3488782562,19715371158.0,5006752204.0,0.47
2026-09-11T04:29:37.069073Z,250.811,azure-1,crdb-azure-1,22.97564186964888,11777.880000000001,13853.75,8327364608.0,6310330368.0,0.0,2817131.785216283,66.55558491965955,11091073024.0,79859987456.0,799.434,815528.9135094316,429559.42684576596,19597096164.0,4386449921.0,1.13
2026-09-11T04:29:37.258306Z,251.001,azure-2,crdb-azure-2,27.191867852609363,6863.99,8822.29,8327364608.0,6309109760.0,0.0,2748599.490464178,54.029897119187346,10385393664.0,80216691712.0,586.4499999999999,826913.6475908513,445080.8764211589,19600110000.0,4451547997.0,1.31
2026-09-11T04:29:38.141914Z,251.884,gcp-1,crdb-gcp-1,96.26769626769676,4446.99,7170.84,8324030464.0,2871508992.0,89382533.59275272,5497337.7550526885,55.30508806789296,94867486720.0,82822452224.0,495.433,3314430.6276052133,12669521.495929744,17916068785.0,77907212319.0,7.77
2026-09-11T04:29:38.001661Z,251.744,client-1,crdb-client-1,34.023464458249585,7039.33,7312.37,8324030464.0,7534858240.0,0.0,7182.125070964977,0.0250492643378941,566441984.0,5667165184.0,13.719,9927252.657881625,2209410.493183406,1732139225.0,317676693.0,1.27
2026-09-11T04:29:42.722741Z,256.465,linode-1,crdb-linode-1,15.000000000000712,5138.32,6921.79,8322887680.0,6509776896.0,0.0,2685667.0421455763,70.43606454699007,10839132160.0,76460445696.0,829.144,765534.0470008034,420336.02970874123,19680040923.0,4576497436.0,0.79
2026-09-11T04:29:43.093097Z,256.835,linode-2,crdb-linode-2,15.340613624544385,5071.33,6961.99,8322887680.0,6367416320.0,0.0,2682335.2170961616,72.65211419553317,10255046656.0,76948762624.0,806.124,850043.3084606963,763298.6800484352,19719630026.0,5010576466.0,0.59
2026-09-11T04:29:42.066302Z,255.809,azure-1,crdb-azure-1,22.478991596650623,11792.64,13872.79,8327364608.0,6311878656.0,0.0,2143357.857891781,62.273408126187086,11091073024.0,79870698496.0,802.5459999999999,758872.7162351201,390466.0752850001,19600888492.0,4388401204.0,1.2
2026-09-11T04:29:42.373647Z,256.116,azure-2,crdb-azure-2,23.385416666662117,6878.7,8841.49,8327364608.0,6310506496.0,0.0,2315668.0267954026,48.34395522556494,10385393664.0,80228537344.0,588.923,776662.3548441369,417187.22099182446,19604082960.0,4453682088.0,1.28
2026-09-11T04:29:43.098551Z,256.841,gcp-1,crdb-gcp-1,95.71723426212631,4447.82,7190.22,8324030464.0,2837618688.0,102013387.75007749,2446833.8689994286,58.203881185088186,95373137920.0,82834580480.0,498.318,3211926.4090093556,12124457.550795192,17931989386.0,77967309789.0,7.71
2026-09-11T04:29:43.269110Z,257.011,client-1,crdb-client-1,33.93051031487501,7051.5,7330.79,8324030464.0,7536513024.0,0.0,13219.112172575258,0.01898424886918574,566441984.0,5667234816.0,13.72,8949942.260262512,1976738.710351323,1779283267.0,328089213.0,1.17
2026-09-11T04:29:47.748005Z,261.49,linode-1,crdb-linode-1,14.855072463763063,5154.77,6941.11,8322887680.0,6509322240.0,0.0,3286352.56486662,72.03478304434385,10839132160.0,76476960768.0,832.764,865257.7360039381,491635.8023487392,19684389146.0,4578968078.0,0.73
2026-09-11T04:29:48.111820Z,261.854,linode-2,crdb-linode-2,17.297024710036034,5087.7300000000005,6981.820000000001,8322887680.0,6367158272.0,0.0,3236753.0029969197,72.76586068831482,10255046656.0,76965007360.0,809.776,842653.5729387905,676619.093991436,19723859167.0,5013972307.0,0.7
2026-09-11T04:29:47.094711Z,260.837,azure-1,crdb-azure-1,22.001047668932827,11807.529999999999,13891.88,8327364608.0,6318772224.0,0.0,2753210.4096724573,61.50956769136231,11091073024.0,79884542976.0,805.639,817274.4241561722,378552.9083729535,19604998145.0,4390304752.0,1.19
2026-09-11T04:29:47.265863Z,261.008,azure-2,crdb-azure-2,22.800624674652802,6893.53,8860.7,8327364608.0,6304976896.0,0.0,3069281.883402018,51.10040898219761,10385393664.0,80243553280.0,591.423,874718.609211661,420539.8093909761,19608362371.0,4455739507.0,1.26
2026-09-11T04:29:48.118777Z,261.861,gcp-1,crdb-gcp-1,95.86776859504032,4448.62,7209.58,8324030464.0,2832969728.0,106032141.55436699,3015503.1947132996,59.03996368758439,95905454080.0,82849719296.0,501.282,3301440.272289548,12565405.75507228,17948563700.0,78030392251.0,7.89
2026-09-11T04:29:48.002189Z,261.745,client-1,crdb-client-1,34.21336206896351,7063.71,7349.349999999999,8324030464.0,7539552256.0,0.0,6923.066034324453,0.042255041713382666,566441984.0,5667267584.0,13.722,10249885.541724961,2256457.8908590525,1827797646.0,338769396.0,1.31
2026-09-11T04:29:52.710600Z,266.453,linode-1,crdb-linode-1,14.1984732824468,5171.63,6960.76,8322887680.0,6508376064.0,0.0,2251583.305211468,58.51676621722086,10839132160.0,76488134656.0,835.668,629008.8909114682,335045.1603244836,19687510716.0,4580630800.0,0.67
2026-09-11T04:29:53.074325Z,266.817,linode-2,crdb-linode-2,15.192403798101296,5104.7,7001.83,8322887680.0,6366904320.0,0.0,2164127.894353749,58.75946151941177,10255046656.0,76975747072.0,812.692,698937.3465471604,664078.0340415793,19727327717.0,5017267864.0,0.97
2026-09-11T04:29:52.064405Z,265.807,azure-1,crdb-azure-1,19.769874476980533,11822.87,13911.0,8327364608.0,6317264896.0,0.0,1998638.9913839446,55.1130818842669,11091073024.0,79894475776.0,808.3779999999999,677634.9603340173,356105.7637829797,19608365843.0,4392074520.0,1.17
2026-09-11T04:29:52.289466Z,266.032,azure-2,crdb-azure-2,20.738045738044843,6908.78,8879.94,8327364608.0,6290915328.0,0.0,2057909.191495036,44.03135303031326,10385393664.0,80253891584.0,593.635,690537.4193811163,378481.32837549393,19611831419.0,4457640881.0,1.16
2026-09-11T04:29:53.067962Z,266.81,gcp-1,crdb-gcp-1,79.3691830403275,4452.610000000001,7228.92,8324030464.0,2826846208.0,86871429.98216558,2017686.7835580334,48.431523863982065,96335403008.0,82859705344.0,503.67900000000003,2651495.204828142,10023789.653390642,17961686628.0,78080002550.0,8.14
2026-09-11T04:29:52.980519Z,266.723,client-1,crdb-client-1,26.296098343132357,7077.5,7368.0599999999995,8324030464.0,7621013504.0,0.0,13986.730831971483,0.04017328478853445,566441984.0,5667337216.0,13.724,7911006.19838865,1749713.0708055394,1867182059.0,347480225.0,1.37
2026-09-11T04:29:57.763635Z,271.506,linode-1,crdb-linode-1,5.496722138175237,5190.37,6980.59,8322887680.0,6508376064.0,0.0,1186701.8726610504,6.5702014647680596,10839132160.0,76494131200.0,836.0,280933.305035205,210403.7754919943,19688930305.0,4581693995.0,0.62
2026-09-11T04:29:58.153965Z,271.897,linode-2,crdb-linode-2,5.342741935485851,5123.48,7021.67,8322887680.0,6366650368.0,0.0,1182103.4175582596,6.457068569860174,10255046656.0,76981751808.0,813.02,266490.7006283225,516272.3582992039,19728681411.0,5019890375.0,0.89
2026-09-11T04:29:57.121346Z,270.864,azure-1,crdb-azure-1,4.119464469624557,11841.49,13930.42,8327364608.0,6318792704.0,0.0,1199560.4901602995,7.415465423524018,11091073024.0,79900541952.0,808.7529999999999,254536.5427725681,162181.96343906445,19609653034.0,4392894674.0,1.16
2026-09-11T04:29:57.259724Z,271.002,azure-2,crdb-azure-2,5.255023183923413,6927.17,8899.35,8327364608.0,6267424768.0,0.0,1214715.3589281333,3.862943178409661,10385393664.0,80259929088.0,593.827,268571.1244789215,188817.44344134175,19613166299.0,4458579361.0,1.07
2026-09-11T04:29:58.143876Z,271.886,gcp-1,crdb-gcp-1,8.902377339404454,4470.62,7248.69,8324030464.0,2614161408.0,6196459.242538857,1186195.479428587,5.141851019923575,96366856192.0,82865726464.0,503.94,452872.5671984429,727448.5936971135,17963985406.0,78083695074.0,7.97
2026-09-11T04:29:58.050059Z,271.793,client-1,crdb-client-1,0.3982080637129237,7097.51,7388.15,8324030464.0,7655538688.0,0.0,0.0,0.0,566441984.0,5667337216.0,13.724,5985.058951787898,65712.1679178305,1867212401.0,347813361.0,1.26
2026-09-11T04:30:02.704889Z,276.448,linode-1,crdb-linode-1,6.237322515210975,5208.86,7000.3099999999995,8322887680.0,6507573248.0,37301.696238553195,675575.1652093523,7.933086439623925,10839316480.0,76497469440.0,836.392,191238.58398239108,148275.65917082745,19689875278.0,4582426674.0,0.57
2026-09-11T04:30:03.080118Z,276.823,linode-2,crdb-linode-2,5.954198473278294,5141.96,7041.32,8322887680.0,6366658560.0,46562.29967624062,715895.3575221995,8.850604535279437,10255276032.0,76985278464.0,813.456,273373.656569972,481991.5402647502,19730028109.0,5022264770.0,0.82
2026-09-11T04:30:02.107572Z,275.85,azure-1,crdb-azure-1,4.493207941477473,11859.77,13949.56,8327364608.0,6318047232.0,0.0,431256.0496495289,9.124883863027963,11091073024.0,79902692352.0,809.208,195083.59949078146,169603.3139010441,19610625792.0,4393740378.0,1.06
2026-09-11T04:30:02.251916Z,275.995,azure-2,crdb-azure-2,4.288702928873345,6945.47,8918.470000000001,8327364608.0,6267166720.0,0.0,452076.7128662863,4.446861098442573,10385393664.0,80262185984.0,594.049,194080.64862378326,232286.1962764555,19614135205.0,4459739000.0,0.98
2026-09-11T04:30:03.067760Z,276.81,gcp-1,crdb-gcp-1,4.8321464903348215,4489.33,7268.349999999999,8324030464.0,2820177920.0,772788.8381925982,875938.2633119547,1.7059427982505107,96370661376.0,82870039552.0,504.024,205694.2559874759,340223.6865269359,17964998237.0,78085370323.0,7.33
2026-09-11T04:30:02.982024Z,276.725,client-1,crdb-client-1,0.6039255158570511,7117.26,7408.02,8324030464.0,7674261504.0,0.0,9135.374172146316,0.04055119927268007,566441984.0,5667382272.0,13.726,9060.354453491882,68315.9971466722,1867257087.0,348150298.0,1.16
2026-09-11T04:30:07.724959Z,281.468,linode-1,crdb-linode-1,6.161616161612793,5227.4400000000005,7020.11,8322887680.0,6507085824.0,0.0,1241005.0934451774,7.80855132042091,10839316480.0,76503699456.0,836.784,283491.84606077836,206954.69687221127,19691298446.0,4583465615.0,0.52
2026-09-11T04:30:08.123515Z,281.866,linode-2,crdb-linode-2,5.6231003039497685,5160.59,7061.0599999999995,8322887680.0,6365822976.0,36546.29816205733,1241761.9975507923,7.931054288640461,10255460352.0,76991541248.0,813.856,265329.2574229802,395063.8572657105,19731366288.0,5024257261.0,0.75
2026-09-11T04:30:07.088564Z,280.831,azure-1,crdb-azure-1,3.7441497659967737,11878.279999999999,13968.789999999999,8327364608.0,6318133248.0,13157.100495566749,1453037.2859791527,6.805812176510402,11091138560.0,79909929984.0,809.547,258020.58605815642,155272.89833497978,19611911002.0,4394513798.0,0.98
2026-09-11T04:30:07.257705Z,281.0,azure-2,crdb-azure-2,5.590062111800953,6963.71,8937.79,8327364608.0,6267490304.0,13091.822455340129,1496558.9544260683,4.35488478891546,10385459200.0,80269677568.0,594.2669999999999,264491.13093982585,166269.50124082208,19615459214.0,4460571324.0,0.9
2026-09-11T04:30:08.092968Z,281.836,gcp-1,crdb-gcp-1,3.957382039576951,4508.26,7288.06,8324030464.0,2811543552.0,154049.55572624147,1216909.9825358652,1.1740611291765148,96371435520.0,82876154880.0,504.083,271976.63339573675,730101.454795975,17966364999.0,78089039296.0,6.74
2026-09-11T04:30:08.010648Z,281.753,client-1,crdb-client-1,0.45022511255701225,7137.16,7428.01,8324030464.0,7681708032.0,0.0,359205.6975274415,0.25851635951764806,566441984.0,5669188608.0,13.739,7307.064331135424,65448.58673908347,1867293832.0,348479419.0,1.07
2026-09-11T04:30:12.731197Z,286.474,linode-1,crdb-linode-1,5.086469989831488,5246.1,7039.77,8322887680.0,6507085824.0,0.0,596442.5238686288,5.6728260023726085,10839316480.0,76506685440.0,837.068,171394.65003936525,123121.29772790636,19692156503.0,4584082000.0,0.48
2026-09-11T04:30:13.088249Z,286.831,linode-2,crdb-linode-2,5.284552845532808,5179.23,7080.74,8322887680.0,6365855744.0,0.0,602249.5634133868,6.36474147978144,10255460352.0,76994531328.0,814.172,254769.52356279737,461621.0032493689,19732631181.0,5026549141.0,0.77
2026-09-11T04:30:12.078973Z,285.822,azure-1,crdb-azure-1,4.114583333328248,11896.69,13987.99,8327364608.0,6320148480.0,0.0,372623.5924286392,6.592504662817275,11091138560.0,79911789568.0,809.876,189372.802330709,165061.087870818,19612856070.0,4395337538.0,0.9
2026-09-11T04:30:12.261638Z,286.004,azure-2,crdb-azure-2,3.800104112434599,6982.1900000000005,8957.0,8327364608.0,6267543552.0,0.0,365067.9725992167,3.377268831086591,10385459200.0,80271504384.0,594.436,185597.3090162768,170835.44681015887,19616387951.0,4461426192.0,0.83
2026-09-11T04:30:13.085218Z,286.828,gcp-1,crdb-gcp-1,3.5114503816820464,4527.219999999999,7307.71,8324030464.0,2815160320.0,16409.191663475318,598935.4957168491,0.9614760740317935,96371517440.0,82879144960.0,504.13100000000003,162754.06273924108,326958.5521976622,17967177520.0,78090671579.0,6.28
2026-09-11T04:30:13.270889Z,287.014,client-1,crdb-client-1,0.4509018036033874,7157.030000000001,7447.97,8324030464.0,7681351680.0,0.0,13237.222017070202,0.01901025680299699,566441984.0,5669258240.0,13.74,5732.92314408298,62363.14744226619,1867323989.0,348807469.0,0.98
2026-09-11T04:30:17.849944Z,291.593,linode-1,crdb-linode-1,5.8022199798166145,5264.77,7059.59,8322887680.0,6507089920.0,0.0,1169063.0581377074,6.485834417874359,10839316480.0,76512669696.0,837.4,279044.234788423,204847.65654314752,19693584888.0,4585130584.0,0.44
2026-09-11T04:30:18.165376Z,291.908,linode-2,crdb-linode-2,8.22816759212558,5197.41,7100.55,8322887680.0,6364565504.0,0.0,1259323.6125405193,6.6178020558115564,10255460352.0,77000925184.0,814.508,266258.9934629981,514461.4321917518,19733983035.0,5029161172.0,0.71
2026-09-11T04:30:17.123390Z,290.866,azure-1,crdb-azure-1,4.024767801860751,11915.29,14007.37,8327364608.0,6319202304.0,0.0,1432325.554805671,7.513156263167216,11091138560.0,79919014912.0,810.255,255568.83180754902,154789.256762034,19614145283.0,4396118370.0,0.83
2026-09-11T04:30:17.300331Z,291.043,azure-2,crdb-azure-2,4.634397528324108,7000.71,8976.42,8327364608.0,6267346944.0,0.0,1433138.3707159292,4.5050718401096415,10385459200.0,80278725632.0,594.663,263724.52398427244,165256.35508359573,19617716797.0,4462258880.0,0.76
2026-09-11T04:30:18.450388Z,292.193,gcp-1,crdb-gcp-1,7.403651115618748,4545.48,7327.43,8324030464.0,2602090496.0,305373.0579871212,1114611.6616529925,1.3046944616147707,96373155840.0,82885125120.0,504.201,373314.0901511016,683099.0656526351,17969180440.0,78094336570.0,5.78
2026-09-11T04:30:18.142430Z,291.885,client-1,crdb-client-1,0.3984063745016364,7177.030000000001,7468.05,8324030464.0,7681609728.0,0.0,5044.703336044258,0.020526950423345795,566441984.0,5669282816.0,13.741,6246.761552836054,67666.68153158845,1867354421.0,349137117.0,0.9
2026-09-11T04:30:22.733573Z,296.477,linode-1,crdb-linode-1,4.613018964636262,5283.38,7079.1,8322887680.0,6507094016.0,0.0,599673.9575918906,5.897143376668728,10839316480.0,76515598336.0,837.688,175529.70117807484,133259.26412080694,19694442126.0,4585781385.0,0.4
2026-09-11T04:30:23.103647Z,296.847,linode-2,crdb-linode-2,5.26046986721016,5215.96,7120.13,8322887680.0,6364573696.0,0.0,630365.9512805269,6.479913150499851,10255460352.0,77004038144.0,814.8280000000001,256063.2855144014,465610.51447794685,19735247562.0,5031460514.0,0.97
2026-09-11T04:30:22.104723Z,295.848,azure-1,crdb-azure-1,3.4410844629817916,11933.81,14026.55,8327364608.0,6318944256.0,0.0,366725.1714489813,5.500427901716495,11091138560.0,79920841728.0,810.529,189587.30354844773,172829.06554715973,19615089699.0,4396979306.0,0.76
2026-09-11T04:30:22.291336Z,296.034,azure-2,crdb-azure-2,3.8020833333356485,7019.18,8995.62,8327364608.0,6267650048.0,0.0,365196.0270483735,3.0454373744364025,10385459200.0,80280548352.0,594.8149999999999,186917.12493739437,244534.59612681562,19618649714.0,4463479370.0,0.7
2026-09-11T04:30:23.082219Z,296.825,gcp-1,crdb-gcp-1,4.069175991857977,4564.34,7347.09,8324030464.0,2797588480.0,15917.365339690607,652611.9789273149,1.1226440397994517,96373229568.0,82888147968.0,504.253,263385.4612152925,353788.0996648824,17970400421.0,78095975289.0,5.32
2026-09-11T04:30:23.021505Z,296.765,client-1,crdb-client-1,4.236006051437968,7196.02,7487.88,8324030464.0,7551217664.0,0.0,839.486965100412,0.020495287233921827,566441984.0,5669286912.0,13.742,7867.9358162206345,69008.65688089214,1867392810.0,349473822.0,0.83
2026-09-11T04:30:27.744426Z,301.488,linode-1,crdb-linode-1,16.572310859492777,5299.59,7098.53,8322887680.0,6480519168.0,0.0,16650686.175399493,64.17962846049848,10839316480.0,76599033856.0,840.904,466815.396957355,328371.1974858258,19696781308.0,4587426832.0,0.37
2026-09-11T04:30:28.135252Z,301.878,linode-2,crdb-linode-2,19.63190184049114,5231.68,7139.6900000000005,8322887680.0,6356144128.0,0.0,19321134.537606493,65.74291272201742,10255460352.0,77101256704.0,818.1360000000001,457063.6889589246,525486.7979353833,19737547379.0,5034104617.0,0.9
2026-09-11T04:30:27.130822Z,300.874,azure-1,crdb-azure-1,22.670157068062014,11948.58,14045.65,8327364608.0,6339571712.0,0.0,14835033.272770125,49.30183137377578,11091138560.0,79995405312.0,813.007,424194.31005544454,250989.0976963386,19617221777.0,4398240823.0,0.7
2026-09-11T04:30:27.295065Z,301.038,azure-2,crdb-azure-2,22.44897959183324,7034.0,9014.73,8327364608.0,6252666880.0,0.0,16846171.186776254,37.111439036786855,10385459200.0,80364844032.0,596.672,444283.0797450351,272826.8324716991,19620872839.0,4464844554.0,0.64
2026-09-11T04:30:28.131445Z,301.875,gcp-1,crdb-gcp-1,30.527437400104994,4577.38,7365.86,8324030464.0,2767540224.0,15723416.803689621,6681012.268234418,26.656985958426702,96452622336.0,82921882624.0,505.599,1077271.9792406496,3054349.727324158,17975839926.0,78111397718.0,4.89
2026-09-11T04:30:28.016310Z,301.759,client-1,crdb-client-1,7.219662058371091,7214.14,7507.41,8324030464.0,7473356800.0,0.0,134486.3358141226,0.16016379551032273,566441984.0,5669958656.0,13.75,1597868.7003808122,421575.7349667755,1875373983.0,351579545.0,0.76
2026-09-11T04:30:32.735329Z,306.478,linode-1,crdb-linode-1,9.858416360776811,5316.78,7117.599999999999,8322887680.0,6481059840.0,0.0,1766104.3197228515,67.16115368369806,10839316480.0,76607848448.0,844.256,379753.2463723595,267255.30853060936,19698676649.0,4588760698.0,0.5
2026-09-11T04:30:33.121801Z,306.865,linode-2,crdb-linode-2,12.44239631336571,5248.78,7159.22,8322887680.0,6358163456.0,0.0,1757797.887585674,67.13989631594944,10255460352.0,77110022144.0,821.484,466043.32813939074,605771.3188092596,19739871352.0,5037125358.0,0.82
2026-09-11T04:30:32.087089Z,305.83,azure-1,crdb-azure-1,21.59329140460691,11963.54,14064.73,8327364608.0,6323896320.0,0.0,3218868.9535029638,58.04646117837021,11091138560.0,80011359232.0,815.884,399436.12009100337,288367.23294386786,19619201532.0,4399670079.0,0.64
2026-09-11T04:30:32.311034Z,306.054,azure-2,crdb-azure-2,18.925964546402785,7049.55,9033.91,8327364608.0,6257340416.0,0.0,1641332.677703347,40.968723918011214,10385459200.0,80373076992.0,598.727,394455.44641366036,303547.5426096803,19622851436.0,4466367155.0,0.59
2026-09-11T04:30:33.081485Z,306.825,gcp-1,crdb-gcp-1,27.86096256684889,4590.87,7384.56,8324030464.0,2780770304.0,12446542.50950253,1265175.07625511,23.37311271196982,96514234368.0,82928145408.0,506.75600000000003,1029464.6080952135,2708555.4908657637,17980935912.0,78124805426.0,4.5
2026-09-11T04:30:33.014717Z,306.758,client-1,crdb-client-1,5.742369374033041,7232.36,7526.74,8324030464.0,7465697280.0,0.0,0.0,0.0,566441984.0,5669958656.0,13.75,1557106.953220577,400020.16943703074,1883157140.0,353579035.0,0.7
2026-09-11T04:30:37.765308Z,311.509,linode-1,crdb-linode-1,11.430035879038158,5334.06,7137.110000000001,8322887680.0,6480220160.0,0.0,2355782.7130297646,64.41275268273212,10839316480.0,76619698176.0,847.496,479199.46880235313,336234.17139427626,19701087051.0,4590451976.0,0.46
2026-09-11T04:30:38.115121Z,311.858,linode-2,crdb-linode-2,11.605316973413016,5266.07,7178.78,8322887680.0,6357504000.0,0.0,2369786.1745750485,65.68640827652854,10255460352.0,77121855488.0,824.764,470119.4264060775,533397.4665547605,19742218857.0,5039788837.0,0.76
2026-09-11T04:30:37.115932Z,310.859,azure-1,crdb-azure-1,20.41775456919973,11978.779999999999,14083.88,8327364608.0,6319865856.0,0.0,2061478.6847599735,58.601251550959965,11091138560.0,80021726208.0,818.831,456307.68295819336,268947.13313178567,19621496259.0,4401022588.0,0.67
2026-09-11T04:30:37.296874Z,311.04,azure-2,crdb-azure-2,18.90909090909261,7065.16,9053.16,8327364608.0,6256123904.0,0.0,2252588.26174347,40.33355373983945,10385459200.0,80384308224.0,600.7379999999999,465942.7997935268,293767.6636668574,19625174591.0,4467831858.0,0.71
2026-09-11T04:30:38.118188Z,311.861,gcp-1,crdb-gcp-1,29.4675803900866,4604.25,7403.53,8324030464.0,2793160704.0,15342117.52730572,1847624.8819060002,25.095312099501946,96591509504.0,82937451520.0,508.02000000000004,1113876.4726557091,3148721.1185339005,17986546282.0,78140664896.0,4.38
2026-09-11T04:30:38.000792Z,311.744,client-1,crdb-client-1,6.37204522096495,7250.58,7546.2,8324030464.0,7459704832.0,0.0,5750.31274500169,0.02005549925013429,566441984.0,5669987328.0,13.751,1644968.4940063113,415610.9131807332,1891359222.0,355651339.0,0.64
2026-09-11T04:30:42.758733Z,316.502,linode-1,crdb-linode-1,10.74380165289237,5351.34,7156.47,8322887680.0,6479818752.0,0.0,1725839.0964423043,64.32357240130247,10839316480.0,76628316160.0,850.708,370234.2268183897,255754.88953967896,19702935817.0,4591729089.0,0.51
2026-09-11T04:30:43.142009Z,316.885,linode-2,crdb-linode-2,10.638297872341129,5283.29,7198.05,8322887680.0,6357577728.0,0.0,1707015.0379463888,65.48671391286409,10255460352.0,77130436608.0,828.056,454515.3917269905,592646.8038380352,19744503694.0,5042768057.0,0.78
2026-09-11T04:30:42.117986Z,315.861,azure-1,crdb-azure-1,19.15887850466588,11994.35,14103.14,8327364608.0,6317813760.0,0.0,1464925.962406703,54.13698276300739,11091138560.0,80029053952.0,821.539,391859.7943028817,280919.5623842873,19623456391.0,4402427783.0,0.7
2026-09-11T04:30:42.323780Z,316.067,azure-2,crdb-azure-2,17.798353909469423,7081.139999999999,9072.6,8327364608.0,6254600192.0,0.0,1581530.6904075835,38.810515391868094,10385459200.0,80392258560.0,602.689,387339.4867031804,296542.97223953955,19627121742.0,4469322576.0,0.73
2026-09-11T04:30:43.131334Z,316.875,gcp-1,crdb-gcp-1,28.113504992115214,4617.93,7422.5599999999995,8324030464.0,2788589568.0,14909413.668561393,1496007.0378746116,23.418196256325004,96666253312.0,82944951296.0,509.194,988493.0350254432,2584915.4632904017,17991501791.0,78153623583.0,4.27
2026-09-11T04:30:43.087756Z,316.831,client-1,crdb-client-1,5.589743589744334,7268.99,7565.7,8324030464.0,7454511104.0,0.0,156205.20106352685,0.19657750214384576,566441984.0,5670781952.0,13.761000000000001,1458968.9308635755,379622.01930754335,1898781073.0,357582496.0,0.75
2026-09-11T04:30:47.763720Z,321.507,linode-1,crdb-linode-1,11.427094105480972,5368.47,7175.81,8322887680.0,6479818752.0,0.0,2306162.999613865,62.49651603870719,10839316480.0,76639858688.0,853.836,479718.50194341125,338535.315824552,19705336846.0,4593423485.0,0.46
2026-09-11T04:30:48.168041Z,321.911,linode-2,crdb-linode-2,11.116883116884813,5300.4,7217.3,8322887680.0,6356561920.0,0.0,2275320.6179339807,62.71240398529846,10255460352.0,77141872640.0,831.2080000000001,464541.93356041936,527744.7756035334,19746838537.0,5045420565.0,0.71
2026-09-11T04:30:47.113514Z,320.857,azure-1,crdb-azure-1,20.68785825951568,12009.57,14122.33,8327364608.0,6320410624.0,0.0,2006333.2267085735,58.71123435919852,11091138560.0,80039076864.0,824.472,453705.5261315139,263637.2630600122,19625722939.0,4403744819.0,0.64
2026-09-11T04:30:47.293536Z,321.037,azure-2,crdb-azure-2,18.007265179030963,7096.9400000000005,9091.87,8327364608.0,6253371392.0,0.0,2206326.5615045074,37.94924697617133,10385459200.0,80403223552.0,604.5749999999999,466095.83056655235,292186.06193178275,19629438143.0,4470774681.0,0.67
2026-09-11T04:30:48.164950Z,321.908,gcp-1,crdb-gcp-1,30.195663670019645,4631.13,7441.47,8324030464.0,2953535488.0,15199280.415295972,1788533.5592280393,24.097403971467646,96742762496.0,82953954304.0,510.407,1093450.0007874502,3061104.947409343,17997005931.0,78169032381.0,3.93
2026-09-11T04:30:48.041540Z,321.785,client-1,crdb-client-1,16.034836065573977,7285.38,7585.22,8324030464.0,7449825280.0,0.0,24804.752528267538,0.12111695570440006,566441984.0,5670904832.0,13.767,1597148.0994070878,407620.1237312279,1906693168.0,359601801.0,0.69
2026-09-11T04:30:52.780382Z,326.524,linode-1,crdb-linode-1,11.550308008213817,5385.7,7195.29,8322887680.0,6479867904.0,8981.138407198952,2284475.023940243,67.77315026739221,10839361536.0,76651319296.0,857.236,457399.19715947896,264221.5996292265,19707631497.0,4594749015.0,0.43
2026-09-11T04:30:53.150994Z,326.895,linode-2,crdb-linode-2,15.748841996909135,5316.77,7236.7300000000005,8322887680.0,6260051968.0,0.0,2283487.4902823595,69.11456678074269,10255460352.0,77153251328.0,834.652,481829.87441133,943223.5908855222,19749239510.0,5050120677.0,0.98
2026-09-11T04:30:52.211210Z,325.955,azure-1,crdb-azure-1,20.207253886009234,12024.97,14141.63,8327364608.0,6319808512.0,0.0,1983807.7690153397,55.828176721598446,11091138560.0,80049189888.0,827.318,469764.0940727619,280253.72003294487,19628117695.0,4405173492.0,0.67
2026-09-11T04:30:52.337066Z,326.081,azure-2,crdb-azure-2,18.930041152261467,7112.7,9111.31,8327364608.0,6252085248.0,0.0,2157764.3861000347,39.13809352875336,10385459200.0,80414106624.0,606.549,473119.47557346185,306776.6300377338,19631824406.0,4472321964.0,0.7
2026-09-11T04:30:53.140148Z,326.884,gcp-1,crdb-gcp-1,29.502118644066087,4644.4400000000005,7460.35,8324030464.0,2973769728.0,15890783.7539939,1802141.0028749688,25.526235956630632,96821823488.0,82962920448.0,511.677,1110843.5005771972,2736870.7608340364,18002532681.0,78182649061.0,3.61
2026-09-11T04:30:53.007688Z,326.751,client-1,crdb-client-1,6.652913873130184,7303.4800000000005,7604.610000000001,8324030464.0,7452221440.0,0.0,22268.86646396489,0.060408166406157045,566441984.0,5671015424.0,13.77,1593383.3862473783,406521.7898440856,1914606254.0,361620676.0,0.64
2026-09-11T04:30:57.801916Z,331.546,linode-1,crdb-linode-1,10.488058151611702,5402.94,7214.55,8322887680.0,6479618048.0,0.0,2289585.132775862,63.40558222501897,10839361536.0,76662816768.0,860.4200000000001,477219.4063379551,332260.38535736053,19710027921.0,4596417507.0,0.47
2026-09-11T04:30:58.440013Z,332.184,linode-2,crdb-linode-2,12.024665981501236,5333.89,7256.1900000000005,8322887680.0,6259277824.0,0.0,2178451.892781095,60.274914964649554,10255460352.0,77164773376.0,837.84,441720.970769765,502890.36698503507,19751575816.0,5052780514.0,0.9
2026-09-11T04:30:57.147096Z,330.891,azure-1,crdb-azure-1,19.56181533646315,12040.39,14160.8,8327364608.0,6317551616.0,0.0,2105280.6058569737,57.07112341543507,11091138560.0,80059581440.0,830.135,458812.73134842055,270239.16410408524,19630382370.0,4406507378.0,0.78
2026-09-11T04:30:57.325987Z,331.07,azure-2,crdb-azure-2,18.38311019567299,7128.55,9130.73,8327364608.0,6250606592.0,0.0,2192082.636045417,37.92336313675939,10385459200.0,80425042944.0,608.441,465424.0952450768,290736.0960857342,19634146411.0,4473772449.0,0.88
2026-09-11T04:30:58.149096Z,331.893,gcp-1,crdb-gcp-1,30.709071949950562,4657.73,7479.53,8324030464.0,2980569088.0,15373215.064039167,1806352.770024602,25.693629211969824,96898828288.0,82971968512.0,512.964,1103145.4891317175,3106564.003138753,18008058363.0,78198209914.0,3.56
2026-09-11T04:30:58.035497Z,331.779,client-1,crdb-client-1,6.365503080081158,7321.72,7624.09,8324030464.0,7487508480.0,0.0,7331.880347606842,0.03977799667756777,566441984.0,5671052288.0,13.772,1599015.2027727237,406780.33519379166,1922645951.0,363665929.0,0.59
2026-09-11T04:31:02.765249Z,336.509,linode-1,crdb-linode-1,11.291165708310725,5419.91,7233.68,8322887680.0,6479618048.0,0.0,1677705.4141650083,67.13103950824335,10839361536.0,76671143936.0,863.7520000000001,384273.42244173586,274941.4985804426,19711935234.0,4597782159.0,0.52
2026-09-11T04:31:03.157097Z,336.901,linode-2,crdb-linode-2,12.94298921417366,5350.84,7275.66,8322887680.0,6259281920.0,1736.6298172639345,1780045.5626955328,69.27864065940659,10255468544.0,77173170176.0,841.1080000000001,491918.83895218006,638571.2064772958,19753896287.0,5055792771.0,0.83
2026-09-11T04:31:02.119732Z,335.863,azure-1,crdb-azure-1,18.463966333509617,12055.89,14179.81,8327364608.0,6315798528.0,0.0,1485941.6210054306,52.72759387607854,11091138560.0,80066970624.0,832.757,390574.72476425127,285735.69775822636,19632324592.0,4407928264.0,0.8
2026-09-11T04:31:02.320159Z,336.064,azure-2,crdb-azure-2,17.677824267787013,7144.29,9149.85,8327364608.0,6249115648.0,0.0,1586155.1733323152,38.96476759560298,10385459200.0,80432964608.0,610.387,389013.34715983516,302713.59521734586,19636089243.0,4475284278.0,0.81
2026-09-11T04:31:03.130771Z,336.874,gcp-1,crdb-gcp-1,30.350601779173235,4671.04,7498.64,8324030464.0,2988339200.0,15055295.803645918,1220144.1195243592,24.549561503995715,96973830144.0,82978046976.0,514.187,1000183.2601655086,2667061.1500772308,18013041035.0,78211496570.0,3.36
2026-09-11T04:31:03.014794Z,336.758,client-1,crdb-client-1,6.118251928023244,7339.98,7643.54,8324030464.0,7488290816.0,0.0,4112.962508878417,0.020082824750371764,566441984.0,5671072768.0,13.773,1570295.3467441988,400682.67883551185,1930465047.0,365661080.0,0.54
2026-09-11T04:31:07.787851Z,341.532,linode-1,crdb-linode-1,11.789254042776264,5436.82,7252.85,8322887680.0,6479855616.0,47299.07818076748,2297267.297159,67.61334418014395,10839599104.0,76682682368.0,867.148,482068.2117287742,336788.5181043855,19714356507.0,4599473739.0,0.55
2026-09-11T04:31:08.158286Z,341.902,linode-2,crdb-linode-2,13.302752293576392,5367.85,7295.28,8322887680.0,6258765824.0,156428.13729669127,2326766.167852879,69.18272392508331,10256250880.0,77184806912.0,844.568,471249.1212695186,548382.4597941212,19756253121.0,5058535368.0,0.84
2026-09-11T04:31:07.148687Z,340.892,azure-1,crdb-azure-1,19.210526315787558,12071.24,14198.81,8327364608.0,6318362624.0,0.0,2063055.4144364572,57.12831065170259,11091138560.0,80077345792.0,835.63,455482.44994660845,270064.99142453313,19634615227.0,4409286429.0,0.73
2026-09-11T04:31:07.369192Z,341.113,azure-2,crdb-azure-2,20.453374549202906,7159.73,9169.26,8327364608.0,6247825408.0,0.0,2153823.4434164735,41.31425544895016,10385459200.0,80443839488.0,612.473,467630.0365572218,289419.6290992569,19638450356.0,4476745588.0,1.07
2026-09-11T04:31:08.130991Z,341.875,gcp-1,crdb-gcp-1,28.91820580474731,4684.51,7517.59,8324030464.0,2978271232.0,12650951.82684864,1827523.5383125688,23.69855201848043,97037088768.0,82987185152.0,515.372,1108093.2955001057,3062797.063100718,18018581840.0,78226811491.0,3.09
2026-09-11T04:31:08.049478Z,341.793,client-1,crdb-client-1,5.987717502554579,7358.35,7663.08,8324030464.0,7488782336.0,0.0,10576.098232537348,0.03972392665467578,566441984.0,5671126016.0,13.775,1542022.8496047503,395541.4659214049,1938228745.0,367652532.0,0.5
2026-09-11T04:31:12.756841Z,346.501,linode-1,crdb-linode-1,10.364583333327559,5454.030000000001,7272.05,8322887680.0,6479855616.0,0.0,1778838.711941335,62.14446814988448,10839599104.0,76691521536.0,870.236,397072.15974170703,256775.3880322396,19716329585.0,4600749673.0,0.51
2026-09-11T04:31:13.150146Z,346.894,linode-2,crdb-linode-2,12.602459016398004,5384.91,7314.8,8322887680.0,6258106368.0,73026.26457273537,1777245.9445454474,61.69924477814144,10256615424.0,77193678848.0,847.648,502655.33367413277,625438.2330381958,19758762355.0,5061657529.0,0.77
2026-09-11T04:31:12.119609Z,345.863,azure-1,crdb-azure-1,20.336311087759682,12086.4,14217.84,8327364608.0,6316900352.0,0.0,1508694.627750504,59.26329497511692,11091138560.0,80084845568.0,838.576,416051.867064462,280902.38555388025,19636683436.0,4410682805.0,0.75
2026-09-11T04:31:12.343625Z,346.087,azure-2,crdb-azure-2,17.281348788192364,7175.43,9188.24,8327364608.0,6247370752.0,0.0,1650908.6175886183,37.712171799458986,10385459200.0,80452051968.0,614.3489999999999,429889.0069070877,420255.91909989103,19640588848.0,4478836160.0,1.14
2026-09-11T04:31:13.154095Z,346.898,gcp-1,crdb-gcp-1,28.72340425532177,4697.91,7536.39,8324030464.0,2980331520.0,15262963.413688548,1333205.7474826784,24.7650866940894,97113757696.0,82993882112.0,516.616,1021134.4001644021,2691683.628892644,18023711203.0,78240332358.0,2.84
2026-09-11T04:31:13.033609Z,346.777,client-1,crdb-client-1,5.940082644631017,7376.5599999999995,7682.44,8324030464.0,7488225280.0,0.0,115051.27245907982,0.16050679751543967,566441984.0,5671699456.0,13.783,1593349.5745014667,405196.8020923124,1946170338.0,369672119.0,0.46
2026-09-11T04:31:17.802860Z,351.547,linode-1,crdb-linode-1,11.536498213379842,5471.36,7291.64,8322887680.0,6479859712.0,0.0,2305272.6178645813,66.18970881646621,10839599104.0,76703154176.0,873.576,479781.8513667965,337510.2430302979,19718750613.0,4602452784.0,0.63
2026-09-11T04:31:18.185765Z,351.93,linode-2,crdb-linode-2,12.5379170879656,5402.21,7334.58,8322887680.0,6257393664.0,0.0,2306781.8538870886,66.64419156779135,10256615424.0,77205295104.0,851.004,468671.9013028276,531300.5618882223,19761122445.0,5064332998.0,0.71
2026-09-11T04:31:17.176279Z,350.92,azure-1,crdb-azure-1,19.26892950390997,12101.86,14236.99,8327364608.0,6315405312.0,0.0,2088199.494300699,55.074977040812776,11091138560.0,80095405056.0,841.361,457145.446861781,273190.4751631592,19638995103.0,4412064259.0,0.77
2026-09-11T04:31:17.355117Z,351.099,azure-2,crdb-azure-2,36.542443064184816,7187.69,9207.56,8327364608.0,6227906560.0,12259.601452141436,2201824.420804602,41.02496840104701,10385520640.0,80463086592.0,616.405,467538.5781140009,293766.110427906,19642931956.0,4480308393.0,1.21
2026-09-11T04:31:18.149144Z,351.893,gcp-1,crdb-gcp-1,29.502118644066087,4711.22,7555.27,8324030464.0,2967351296.0,15388143.339492155,1844182.7971074206,26.205606152794868,97190623232.0,83003094016.0,517.925,1133435.708361491,3169332.634136033,18029372844.0,78256163537.0,2.69
2026-09-11T04:31:18.045264Z,351.789,client-1,crdb-client-1,6.15069195284369,7394.87,7701.95,8324030464.0,7488557056.0,0.0,8172.761184525182,0.03990606047132769,566441984.0,5671740416.0,13.785,1635540.1114320038,414223.11191952194,1954367289.0,371748110.0,0.5
2026-09-11T04:31:22.807518Z,356.551,linode-1,crdb-linode-1,10.921325051758302,5488.57,7310.96,8322887680.0,6479372288.0,0.0,1700704.493304747,64.65943135130009,10839599104.0,76711665664.0,876.812,369693.49575631774,256735.50727644842,19720600812.0,4603737664.0,0.58
2026-09-11T04:31:23.157761Z,356.902,linode-2,crdb-linode-2,12.10855949895473,5419.05,7353.74,8322887680.0,6254116864.0,14828.469769427922,1697035.9847234178,66.61226654235223,10256689152.0,77213732864.0,854.316,462109.9283259964,600036.3381233426,19763420082.0,5067316413.0,0.98
2026-09-11T04:31:22.165260Z,355.909,azure-1,crdb-azure-1,18.148342977383948,12117.42,14256.0,8327364608.0,6313889792.0,0.0,1510631.4866984107,52.57497226363248,11091138560.0,80102941696.0,843.9839999999999,395527.7499711792,288972.33191927336,19640968417.0,4413505961.0,0.79
2026-09-11T04:31:22.368431Z,356.112,azure-2,crdb-azure-2,17.99271970878422,7203.46,9226.789999999999,8327364608.0,6250184704.0,0.0,1666699.716720854,39.31460082597093,10385520640.0,80471442432.0,618.376,386970.7635769524,296233.02390806214,19644871997.0,4481793529.0,1.19
2026-09-11T04:31:23.210646Z,356.955,gcp-1,crdb-gcp-1,28.806366047747733,4724.639999999999,7574.12,8324030464.0,2952290304.0,14113877.730888693,1192813.243238916,23.569776503405095,97262061568.0,83009131520.0,519.118,1002338.826163019,2676426.753738868,18034446249.0,78269710450.0,2.56
2026-09-11T04:31:23.034543Z,356.779,client-1,crdb-client-1,5.94008264463074,7413.08,7721.31,8324030464.0,7488581632.0,0.0,16419.032195585074,0.0200427639106152,566441984.0,5671822336.0,13.786,1594553.1919578481,406572.27619039326,1962323044.0,373776634.0,0.46
2026-09-11T04:31:27.792891Z,361.537,linode-1,crdb-linode-1,36.21295831240171,5501.27,7330.87,8322887680.0,6469574656.0,1502666.4812028285,1279197.2177325336,18.373183785721427,10847090688.0,76718043136.0,877.728,294103.72493472963,212392.3999180815,19722067074.0,4604796552.0,0.61
2026-09-11T04:31:28.205711Z,361.95,linode-2,crdb-linode-2,7.719654647030971,5437.22,7373.43,8322887680.0,6253780992.0,0.0,1277150.7127096571,9.508646705569799,10256689152.0,77220179968.0,854.796,295227.4343666154,440754.89503367926,19764910401.0,5069541360.0,0.9
2026-09-11T04:31:27.168667Z,360.913,azure-1,crdb-azure-1,5.9006211180094965,12135.6,14275.32,8327364608.0,6314569728.0,0.0,1315548.9405577325,13.810494581892604,11091138560.0,80109523968.0,844.675,279407.49081028096,168899.75052482315,19642366416.0,4414351041.0,0.73
2026-09-11T04:31:27.358032Z,361.102,azure-2,crdb-azure-2,6.404958677689332,7221.58,9246.15,8327364608.0,6251036672.0,0.0,1312612.5812089823,8.778135116331232,10385520640.0,80477991936.0,618.814,285622.27900744457,180472.6459845062,19646297158.0,4482694028.0,1.1
2026-09-11T04:31:28.161739Z,361.906,gcp-1,crdb-gcp-1,22.987341772147108,4739.85,7593.87,8324030464.0,2739433472.0,24533865.303362407,1244231.6366420642,13.14844651654712,97383532544.0,83015291904.0,519.769,349704.0412928641,828122.4871678838,18036177688.0,78273810613.0,2.43
2026-09-11T04:31:28.049079Z,361.793,client-1,crdb-client-1,0.7496251873999604,7432.9400000000005,7741.32,8324030464.0,7702323200.0,0.0,6534.5177378961935,0.019941765557568908,566441984.0,5671855104.0,13.787,86223.80708239992,83694.59295673654,1962755422.0,374196329.0,0.42
2026-09-11T04:31:32.820292Z,366.564,linode-1,crdb-linode-1,11.884205180299611,5518.62,7350.56,8322887680.0,6480932864.0,14665.011482696542,15149771.584485676,17.742499786466592,10847164416.0,76794208256.0,878.62,191161.31280583842,142924.5876857042,19723028133.0,4605515102.0,0.56
2026-09-11T04:31:33.172238Z,366.916,linode-2,crdb-linode-2,46.72466734902828,5447.63,7392.97,8322887680.0,6214811648.0,11323153.606937425,36615928.404545866,43.49012589153911,10312927232.0,77402038272.0,856.956,254456.49838471517,589744.2279750671,19766174196.0,5072470410.0,0.99
2026-09-11T04:31:32.166472Z,365.911,azure-1,crdb-azure-1,4.149377593366522,12154.08,14294.6,8327364608.0,6314082304.0,0.0,438452.0466456318,7.763187887819431,11091138560.0,80111715328.0,845.063,203730.4602001352,177090.32065086928,19643384650.0,4415236129.0,0.67
2026-09-11T04:31:32.381667Z,366.126,azure-2,crdb-azure-2,4.9948506694095895,7240.030000000001,9265.57,8327364608.0,6251552768.0,13860.665676531702,763967.2787594239,4.359325860468102,10385590272.0,80481829888.0,619.033,202998.07989989856,258894.98834180555,19647316962.0,4483994642.0,1.01
2026-09-11T04:31:33.167633Z,366.912,gcp-1,crdb-gcp-1,7.146477445518151,4758.17,7613.6,8324030464.0,2909298688.0,787950.2057665731,5849487.041563065,3.6556417439215108,97387476992.0,83044574208.0,519.952,361549.9601383893,339395.77236100443,18037987593.0,78275509615.0,2.24
2026-09-11T04:31:33.457850Z,367.202,client-1,crdb-client-1,0.4504504504557194,7452.83,7761.3,8324030464.0,7702069248.0,0.0,0.0,0.0,566441984.0,5671855104.0,13.787,5078.864668260704,61069.13697212343,1962782893.0,374526645.0,0.39
2026-09-11T04:31:37.802782Z,371.547,linode-1,crdb-linode-1,5.3944020356209155,5537.21,7370.21,8322887680.0,6480449536.0,0.0,1219120.925875451,6.342095384683316,10847164416.0,76800282624.0,878.936,286774.09945533186,209416.99309832777,19724457008.0,4606558539.0,0.52
2026-09-11T04:31:38.181218Z,371.925,linode-2,crdb-linode-2,5.882352941175661,5466.1900000000005,7412.6900000000005,8322887680.0,6214422528.0,0.0,1268283.7545408807,7.266847854158514,10312927232.0,77408391168.0,857.32,267773.9604078835,398541.4864594861,19767515489.0,5074466724.0,0.91
2026-09-11T04:31:37.160508Z,370.905,azure-1,crdb-azure-1,12.815126050413927,12170.68,14313.64,8327364608.0,6304231424.0,0.0,15670109.736033324,22.48651084528776,11091138560.0,80189973504.0,846.1859999999999,257429.7010199453,156973.46647442225,19644670281.0,4416020071.0,0.62
2026-09-11T04:31:37.352119Z,371.096,azure-2,crdb-azure-2,11.336453458140095,7257.08,9284.8,8327364608.0,6245740544.0,0.0,15809522.123978194,11.22615902873608,10385590272.0,80560411648.0,619.591,267448.95467879757,168644.67223072145,19648646326.0,4484832896.0,1.17
2026-09-11T04:31:38.141541Z,371.886,gcp-1,crdb-gcp-1,4.303797468356274,4777.07,7633.35,8324030464.0,2911444992.0,15646.022152670796,1260739.9955652098,1.26657508688589,97387554816.0,83050845184.0,520.015,265783.34336746426,735113.7470314419,18039309611.0,78279166103.0,2.06
2026-09-11T04:31:38.057575Z,371.802,client-1,crdb-client-1,0.6506506506466558,7472.68,7781.28,8324030464.0,7700054016.0,0.0,265359.60994285066,0.28261939371665856,566441984.0,5673075712.0,13.8,5775.653409900404,71587.92722749742,1962809460.0,374855937.0,0.36
2026-09-11T04:31:42.818375Z,376.563,linode-1,crdb-linode-1,4.778851042194187,5555.9400000000005,7389.88,8322887680.0,6480449536.0,0.0,583082.3964306242,5.582513752590451,10847164416.0,76803207168.0,879.216,169805.11519198076,122031.15875025402,19725308693.0,4607170606.0,0.48
2026-09-11T04:31:43.200822Z,376.945,linode-2,crdb-linode-2,5.223123732250401,5484.88,7432.41,8322887680.0,6214496256.0,0.0,587511.5252576474,5.817103589382049,10312927232.0,77411340288.0,857.612,250665.56779046383,457270.1617771203,19768773750.0,5076762074.0,0.91
2026-09-11T04:31:42.185374Z,375.93,azure-1,crdb-azure-1,2.9610389610374543,12189.36,14332.89,8327364608.0,6304006144.0,0.0,608089.3611837124,4.895575322660005,11091138560.0,80193029120.0,846.432,189518.46712495055,163732.11865204707,19645622601.0,4416842816.0,0.57
2026-09-11T04:31:42.359999Z,376.104,azure-2,crdb-azure-2,3.694068678464635,7275.59,9304.02,8327364608.0,6245482496.0,0.0,616698.9980865043,3.674174443589195,10385590272.0,80563500032.0,619.775,185676.20265735424,169482.67816401948,19649576179.0,4485681653.0,1.08
2026-09-11T04:31:43.158044Z,376.902,gcp-1,crdb-gcp-1,4.61226558539769,4795.89,7653.08,8324030464.0,3020288000.0,13880.361041069538,596855.5247659901,1.1162974182853422,97387624448.0,83053839360.0,520.071,166953.44187863648,324726.33418600605,18040147147.0,78280795120.0,1.89
2026-09-11T04:31:43.085334Z,376.83,client-1,crdb-client-1,0.5502751375716985,7492.5599999999995,7801.2699999999995,8324030464.0,7699808256.0,0.0,3258.6613945728905,0.0,566441984.0,5673092096.0,13.8,6179.60263240843,65410.70602287383,1962840530.0,375184811.0,0.33
2026-09-11T04:31:47.963673Z,381.708,linode-1,crdb-linode-1,10.745058286877073,5573.549999999999,7409.61,8322887680.0,6479699968.0,796.0504225746907,1170194.1211847954,6.76331901992084,10847168512.0,76809228288.0,879.564,276350.1868952387,202460.14920960343,19726730626.0,4608212345.0,0.6
2026-09-11T04:31:48.292136Z,382.037,linode-2,crdb-linode-2,6.360424028269529,5503.43,7452.22,8322887680.0,6213795840.0,0.0,1250180.6227985471,6.9136034280400676,10312927232.0,77417705472.0,857.9639999999999,312181.79870128806,393470.45509835775,19770363196.0,5078765394.0,0.84
2026-09-11T04:31:47.192735Z,380.937,azure-1,crdb-azure-1,4.248704663220115,12207.84,14352.19,8327364608.0,6303772672.0,0.0,1222881.4988475295,6.949642715282826,11091138560.0,80199152640.0,846.78,255851.49596792308,156200.40931156863,19646903765.0,4417624982.0,0.52
2026-09-11T04:31:47.373876Z,381.118,azure-2,crdb-azure-2,4.404145077717548,7294.04,9323.32,8327364608.0,6245031936.0,0.0,1263763.8190911566,3.829277893981914,10385590272.0,80569836544.0,619.967,265324.68202728743,165871.15522452968,19650906517.0,4486513331.0,1.07
2026-09-11T04:31:48.297078Z,382.042,gcp-1,crdb-gcp-1,4.723209751144286,4814.65,7672.7699999999995,8324030464.0,3030036480.0,58182.528595068135,1386816.4350057337,1.264803737249836,97387923456.0,83060966400.0,520.136,258070.16537831054,711406.1800987581,18041473405.0,78284451134.0,1.74
2026-09-11T04:31:48.300361Z,382.045,client-1,crdb-client-1,0.40080160320602465,7512.4400000000005,7821.2300000000005,8324030464.0,7699349504.0,0.0,8639.9183027452,0.03835191007963606,566441984.0,5673137152.0,13.802,5502.540298678833,63395.32384257275,1962869225.0,375515409.0,0.3
2026-09-11T04:31:52.799782Z,386.544,linode-1,crdb-linode-1,7.237512742095675,5591.75,7429.23,8322887680.0,6479699968.0,0.0,663160.7122637125,6.120526608836565,10847168512.0,76812435456.0,879.86,176714.6977390568,135790.29282799215,19727585251.0,4608869052.0,0.55
2026-09-11T04:31:53.171861Z,386.916,linode-2,crdb-linode-2,5.348955680082401,5522.01,7471.85,8322887680.0,6213128192.0,10911.905195875031,610227.3136462421,6.88551710076275,10312980480.0,77420683264.0,858.3,213255.32569413635,591754.8647624048,19771403841.0,5081653044.0,0.77
2026-09-11T04:31:52.152462Z,385.897,azure-1,crdb-azure-1,16.675324675320134,12223.880000000001,14371.44,8327364608.0,6277132288.0,12387.629055132442,387319.86845714104,6.996268362842952,11091200000.0,80201073664.0,847.127,190830.98202686865,173655.64725000484,19647850246.0,4418486277.0,0.48
2026-09-11T04:31:52.361950Z,386.106,azure-2,crdb-azure-2,3.792207792210245,7312.5599999999995,9342.57,8327364608.0,6245027840.0,0.0,631459.5226555178,3.388019753763118,10385590272.0,80572986368.0,620.136,190545.03759524025,248846.84332126018,19651856987.0,4487754620.0,0.98
2026-09-11T04:31:53.142696Z,386.887,gcp-1,crdb-gcp-1,7.030056036683375,4832.9,7692.400000000001,8324030464.0,3012317184.0,250205.4341825646,618751.2764244503,1.1556680474551335,97389135872.0,83063964672.0,520.192,388515.99247119034,342306.6055937298,18043356030.0,78286109843.0,1.68
2026-09-11T04:31:53.069502Z,386.814,client-1,crdb-client-1,0.5505505505489228,7532.31,7841.21,8324030464.0,7699099648.0,0.0,3435.1854662643013,0.020966708168142698,566441984.0,5673153536.0,13.803,7144.405808285893,69615.13212935408,1962903300.0,375847436.0,0.28
2026-09-11T04:31:58.026300Z,391.771,linode-1,crdb-linode-1,14.776274713840309,5608.13,7448.45,8322887680.0,6478999552.0,0.0,2673145.430096322,42.70464438334067,10847168512.0,76826406912.0,882.092,559122.2276610606,371743.9293569854,19730507558.0,4610812008.0,0.51
2026-09-11T04:31:58.186431Z,391.931,linode-2,crdb-linode-2,10.710553813998613,5539.1,7490.99,8322887680.0,6212743168.0,0.0,2814715.9415395306,46.2644428689106,10312980480.0,77434798080.0,860.62,579277.2885773191,571777.4634400053,19774308714.0,5084520308.0,0.87
2026-09-11T04:31:57.162688Z,390.907,azure-1,crdb-azure-1,15.28861154446477,12240.17,14390.67,8327364608.0,6297919488.0,0.0,2034784.4945111293,41.554140146058266,11091200000.0,80211268608.0,849.209,503764.71299027605,249171.15841759692,19650374274.0,4419734707.0,0.68
2026-09-11T04:31:57.374193Z,391.119,azure-2,crdb-azure-2,17.257318952228427,7328.67,9362.039999999999,8327364608.0,6580428800.0,0.0,2096894.8243611117,31.602047753641052,10385590272.0,80583496704.0,621.72,523074.74022529554,280846.44074878667,19654478812.0,4489162316.0,0.9
2026-09-11T04:31:58.206760Z,391.951,gcp-1,crdb-gcp-1,40.72351421188331,4844.37,7711.75,8324030464.0,3023441920.0,16518563.650551122,2301097.467845955,20.457499594001806,97472788480.0,83075617792.0,521.2280000000001,1660600.2084288793,5357243.134727501,18051765571.0,78313239766.0,1.55
2026-09-11T04:31:58.062491Z,391.807,client-1,crdb-client-1,17.924528301887243,7547.97,7860.29,8324030464.0,7461019648.0,0.0,21328.728912952374,0.08011091088097215,566441984.0,5673260032.0,13.807,3421538.405667638,883287.2817460744,1979987307.0,380257758.0,0.34
2026-09-11T04:32:02.815366Z,396.56,linode-1,crdb-linode-1,28.373333333331786,5621.56,7467.2,8322887680.0,6478774272.0,14539.50638638844,5073432.463768014,103.48373398859916,10847238144.0,76850704384.0,887.048,1024065.7188503345,663109.6104232259,19735411971.0,4613987745.0,0.87
2026-09-11T04:32:03.171550Z,396.916,linode-2,crdb-linode-2,22.808927599349673,5553.28,7509.36,8322887680.0,6212304896.0,0.0,4836921.245397541,99.33348409701317,10312980480.0,77458911232.0,865.572,1068126.6157671993,1004864.7063425315,19779633568.0,5089529787.0,0.8
2026-09-11T04:32:02.190802Z,395.935,azure-1,crdb-azure-1,33.86075949367283,12252.71,14409.63,8327364608.0,6295465984.0,0.0,2373751.642447716,93.11447355054067,11091200000.0,80223204352.0,853.891,940151.3035611132,461274.22592789546,19655101561.0,4422054095.0,0.71
2026-09-11T04:32:02.369227Z,396.114,azure-2,crdb-azure-2,36.08786610879271,7340.889999999999,9381.16,8327364608.0,6580834304.0,0.0,3238169.137120617,84.26192436314786,10385590272.0,80599671808.0,625.929,959365.1508195688,530797.8726865582,19659270974.0,4491813725.0,0.91
2026-09-11T04:32:03.175639Z,396.92,gcp-1,crdb-gcp-1,87.3678646934444,4846.76,7730.67,8324030464.0,3034370048.0,43874026.34291799,3510746.419811888,48.84292340073919,97690798080.0,83093062656.0,523.655,3438309.7683075927,11103735.87665615,18068850498.0,78368414119.0,2.14
2026-09-11T04:32:03.089637Z,396.834,client-1,crdb-client-1,27.820372398689898,7561.15,7878.55,8324030464.0,7485169664.0,0.0,3259.0519636675695,0.0,566441984.0,5673276416.0,13.807,7652238.893018771,1696705.7365692293,2018456863.0,388787486.0,0.71
2026-09-11T04:32:07.835500Z,401.58,linode-1,crdb-linode-1,26.08471074380303,5635.87,7486.5599999999995,8322887680.0,6480674816.0,0.0,5375980.743776751,98.32261033156227,10847238144.0,76877692928.0,891.984,1053387.1340668588,689600.4476621264,19740700194.0,4617449683.0,0.8
2026-09-11T04:32:08.205093Z,401.95,linode-2,crdb-linode-2,25.649013499478425,5567.6,7528.62,8322887680.0,6212395008.0,813.7275128924806,5362464.309961447,98.13998812716811,10312984576.0,77485903872.0,870.512,1085776.3279156396,973560.2047302468,19785098960.0,5094430325.0,0.74
2026-09-11T04:32:07.199895Z,400.945,azure-1,crdb-azure-1,33.68200836820209,12265.39,14428.75,8327364608.0,6292697088.0,0.0,2772021.967973596,94.94647976356778,11091200000.0,80237089792.0,858.6469999999999,984571.8374702125,419135.60520489875,19660033417.0,4424153603.0,0.89
2026-09-11T04:32:07.411525Z,401.156,azure-2,crdb-azure-2,37.68561187915732,7353.06,9400.69,8327364608.0,6580559872.0,0.0,3608309.2861897596,81.01348497213488,10385590272.0,80617866240.0,630.014,1001422.6608571119,499309.6087350846,19664320518.0,4494331429.0,1.08
2026-09-11T04:32:08.195572Z,401.94,gcp-1,crdb-gcp-1,86.7647058823554,4849.28,7749.71,8324030464.0,3029319680.0,45709646.889729574,3755761.315103715,50.51801885692352,97920260096.0,83111916544.0,526.191,3429013.9165531425,11164966.231992705,18086064117.0,78424462149.0,2.21
2026-09-11T04:32:08.105481Z,401.85,client-1,crdb-client-1,26.34120171673695,7574.88,7897.1900000000005,8324030464.0,7484612608.0,0.0,8982.57268989759,0.019936462823802847,566441984.0,5673321472.0,13.808,7464473.247628171,1662904.351426882,2055898175.0,397128506.0,0.81
2026-09-11T04:32:12.843634Z,406.588,linode-1,crdb-linode-1,21.70460561143617,5650.66,7505.45,8322887680.0,6480674816.0,0.0,4144078.4730757102,94.5646484012982,10847238144.0,76898447360.0,896.72,848754.2593734805,538667.8718954399,19744950937.0,4620147447.0,0.89
2026-09-11T04:32:13.197159Z,406.942,linode-2,crdb-linode-2,21.09795479009735,5582.26,7547.2,8322887680.0,6212530176.0,0.0,4161533.1734116194,95.67059747937404,10312984576.0,77506678784.0,875.288,889765.2016491198,785875.8668498535,19789540783.0,5098353519.0,0.76
2026-09-11T04:32:12.182724Z,405.928,azure-1,crdb-azure-1,32.805907172990686,12278.130000000001,14447.710000000001,8327364608.0,6290448384.0,0.0,2272021.752496121,90.89014976538937,11091200000.0,80248411136.0,863.1759999999999,845363.2824921133,422019.48172044195,19664245810.0,4426256500.0,0.9
2026-09-11T04:32:12.367126Z,406.112,azure-2,crdb-azure-2,34.009360374415564,7365.75,9419.92,8327364608.0,6580838400.0,0.0,2981272.62417596,78.03146738931248,10385590272.0,80632640512.0,633.881,861867.142250835,488919.30542399356,19668591667.0,4496754363.0,1.07
2026-09-11T04:32:13.203880Z,406.949,gcp-1,crdb-gcp-1,87.15351812366346,4851.6900000000005,7768.47,8324030464.0,3026313216.0,66395856.85065222,3103641.967189234,55.826069845840145,98252797952.0,83127460864.0,528.987,3121051.674486116,10237060.234240633,18101695632.0,78475733572.0,2.2
2026-09-11T04:32:13.124737Z,406.87,client-1,crdb-client-1,25.054585152839625,7588.61,7915.51,8324030464.0,7483211776.0,0.0,164840.80949661575,0.1992293973069745,566441984.0,5674148864.0,13.818,7274853.473488437,1616830.633951796,2092413135.0,405243928.0,0.83
2026-09-11T04:32:17.823064Z,411.568,linode-1,crdb-linode-1,27.624020887727486,5664.52,7524.6,8322887680.0,6480445440.0,0.0,5642805.321872148,93.74364822431905,10847238144.0,76926545920.0,901.388,1195317.466619792,601460.090459078,19750903065.0,4623142440.0,0.9
2026-09-11T04:32:18.201826Z,411.947,linode-2,crdb-linode-2,27.79248279513403,5595.9,7566.09,8322887680.0,6212128768.0,13094.746241577377,6269109.763155169,94.2303821949448,10313050112.0,77538054144.0,880.004,1238183.82527207,1908570.054448322,19795737590.0,5107905445.0,0.78
2026-09-11T04:32:17.157426Z,410.902,azure-1,crdb-azure-1,31.51483050847976,12291.06,14466.59,8327364608.0,6288371712.0,0.0,4001476.1047413484,91.58149440788235,11091200000.0,80268317696.0,867.732,1132194.9188206398,417618.8509656964,19669878258.0,4428334072.0,0.91
2026-09-11T04:32:17.379522Z,411.124,azure-2,crdb-azure-2,35.05955463490267,7378.29,9439.23,8327364608.0,6580174848.0,0.0,4907881.813827431,76.76864647237423,10385590272.0,80657241088.0,637.7289999999999,1149529.6823224104,498609.964805442,19674353642.0,4499253627.0,1.07
2026-09-11T04:32:18.191097Z,411.936,gcp-1,crdb-gcp-1,89.81627296588097,4853.63,7787.5199999999995,8324030464.0,3011780608.0,73189167.09153894,5001649.863518735,57.165402110000024,98617812992.0,83152405504.0,531.838,3377862.9071491123,10690268.053926568,18118541988.0,78529048957.0,2.58
2026-09-11T04:32:18.091870Z,411.837,client-1,crdb-client-1,24.878836833602392,7602.5599999999995,7934.08,8324030464.0,7498264576.0,0.0,7421.578136801345,0.020132319164524782,566441984.0,5674185728.0,13.819,7157436.472313737,1593422.1271027029,2127965107.0,413158675.0,1.0
2026-09-11T04:32:22.829891Z,416.575,linode-1,crdb-linode-1,29.256465517243747,5677.65,7543.16,8322887680.0,6484316160.0,0.0,23120327.049214028,95.86771375273311,10847238144.0,77042307072.0,906.188,1076087.9243555428,557170.1702446528,19756290929.0,4625932135.0,1.07
2026-09-11T04:32:23.209844Z,416.955,linode-2,crdb-linode-2,38.502389803505196,5607.48,7584.92,8322887680.0,6223843328.0,0.0,21445498.455753632,95.92458858328,10313050112.0,77645455360.0,884.808,1104843.996276749,1635515.2337274118,19801270760.0,5116096270.0,0.8
2026-09-11T04:32:22.192275Z,415.937,azure-1,crdb-azure-1,41.528594334580674,12302.0,14485.300000000001,8327364608.0,6315200512.0,0.0,20890397.106454212,90.32939393433126,11091200000.0,80373498880.0,872.28,1071230.7417258937,401284.3602844039,19675271804.0,4430354501.0,1.0
2026-09-11T04:32:22.416534Z,416.162,azure-2,crdb-azure-2,42.18181818181761,7389.42,9458.48,8327364608.0,6608474112.0,0.0,22079055.01472872,77.14743743989781,10385590272.0,80768455680.0,641.615,1081563.0000017565,488306.3530466176,19679801592.0,4501713279.0,1.06
2026-09-11T04:32:23.214402Z,416.959,gcp-1,crdb-gcp-1,90.30082987551957,4855.5,7806.8,8324030464.0,3009515520.0,74443707.02888606,10678263.587227592,58.18765269129296,98991773696.0,83206046720.0,534.761,3264977.074785448,10178293.69630451,18134943282.0,78580178623.0,2.69
2026-09-11T04:32:23.107266Z,416.852,client-1,crdb-client-1,25.86580086579883,7616.26,7952.56,8324030464.0,7498022912.0,0.0,114332.01679277254,0.1395654501864834,566441984.0,5674759168.0,13.826,7057314.205762327,1571490.8193834976,2163361546.0,421040594.0,1.0
2026-09-11T04:32:27.835519Z,421.581,linode-1,crdb-linode-1,22.670157068062014,5692.42,7562.26,8322887680.0,6484316160.0,0.0,5006954.00664466,96.52951552073237,10847238144.0,77067370496.0,911.02,1004697.0570983259,631597.8940157491,19761320164.0,4629093739.0,1.06
2026-09-11T04:32:28.213439Z,421.959,linode-2,crdb-linode-2,23.625792811835765,5621.93,7603.84,8322887680.0,6223618048.0,0.0,5073675.323421994,95.68972227268594,10313050112.0,77670842368.0,889.596,1054170.3820704839,941082.2377798973,19806545483.0,5120805137.0,0.81
2026-09-11T04:32:27.292173Z,421.037,azure-1,crdb-azure-1,32.02752779247993,12314.84,14504.19,8327364608.0,6315180032.0,0.0,2655175.669387534,93.76484377223771,11091200000.0,80387040256.0,877.062,914738.6001097634,384764.68347914936,19679936964.0,4432316798.0,1.0
2026-09-11T04:32:27.536870Z,421.282,azure-2,crdb-azure-2,34.1666666666722,7402.0599999999995,9477.68,8327364608.0,6604435456.0,0.0,3618891.475364559,76.51691413415756,10385590272.0,80786985984.0,645.533,956379.5977157066,582180.0543760834,19684698673.0,4504694295.0,1.14
2026-09-11T04:32:28.217862Z,421.963,gcp-1,crdb-gcp-1,90.02100840336324,4857.4,7825.84,8324030464.0,3033726976.0,72684389.51823956,3686242.7327780775,56.28007725482914,99355453440.0,83224491008.0,537.577,3223365.878359784,10591112.905167235,18151071544.0,78633171752.0,2.56
2026-09-11T04:32:28.101870Z,421.847,client-1,crdb-client-1,26.07991360691172,7629.95,7971.08,8324030464.0,7543115776.0,0.0,820.0714694447296,0.0,566441984.0,5674763264.0,13.826,7221459.063975035,1608076.8630724994,2199430471.0,429072434.0,1.0
2026-09-11T04:32:32.834527Z,426.58,linode-1,crdb-linode-1,25.949367088607932,5706.46,7581.22,8322887680.0,6484127744.0,11470.880150052932,5010316.579826691,98.65789079949298,10847295488.0,77092417536.0,915.952,1010187.9893082259,633165.4193567852,19766370188.0,4632258992.0,1.06
2026-09-11T04:32:33.167074Z,426.912,linode-2,crdb-linode-2,24.532335649386084,5636.05,7622.55,8322887680.0,6223392768.0,0.0,4966064.8321968755,98.59224694759023,10313050112.0,77695442944.0,894.48,1062695.0248175964,958699.5835993284,19811809794.0,5125554282.0,0.75
2026-09-11T04:32:32.188783Z,425.934,azure-1,crdb-azure-1,33.913502109707736,12327.369999999999,14523.15,8327364608.0,6312357888.0,0.0,2200773.609416817,99.10712202558314,11091200000.0,80397816832.0,881.915,998401.8389499076,441619.94706182857,19684825860.0,4434479288.0,1.0
2026-09-11T04:32:32.407187Z,426.152,azure-2,crdb-azure-2,37.519705727792676,7413.95,9496.71,8327364608.0,6600073216.0,0.0,3337928.581930811,87.89845090494812,10385590272.0,80803243008.0,649.814,1040485.849905741,755045.6400511143,19689766248.0,4508371664.0,1.21
2026-09-11T04:32:33.213856Z,426.959,gcp-1,crdb-gcp-1,90.02100840335846,4859.3,7844.88,8324030464.0,3030179840.0,70977902.04902034,3327742.470886209,52.761376347169886,99710064640.0,83241116672.0,540.213,3392102.342966269,10666948.398005107,18168018755.0,78686464668.0,2.91
2026-09-11T04:32:33.099004Z,426.844,client-1,crdb-client-1,25.69255839217599,7643.63,7989.49,8324030464.0,7543627776.0,0.0,6557.245117491983,0.02001112401577255,566441984.0,5674796032.0,13.827,7341172.696249462,1634357.3255116486,2236115930.0,437239678.0,0.92
2026-09-11T04:32:37.830702Z,431.576,linode-1,crdb-linode-1,22.65458422174814,5720.97,7599.9800000000005,8322887680.0,6484127744.0,22954.77782223338,5071366.271726274,93.99033608852586,10847410176.0,77117755392.0,920.648,1037523.4132109282,733688.0431176041,19771553923.0,4635924687.0,0.97
2026-09-11T04:32:38.195807Z,431.941,linode-2,crdb-linode-2,22.13159325720797,5650.37,7640.9400000000005,8322887680.0,6223163392.0,0.0,5162308.713910893,95.13119683970658,10313050112.0,77721403392.0,899.264,1068605.313831643,945442.826936524,19817183644.0,5130308767.0,0.69
2026-09-11T04:32:37.180514Z,430.926,azure-1,crdb-azure-1,33.036649214656386,12340.16,14542.25,8327364608.0,6313906176.0,0.0,2682362.488751022,93.93400323823111,11091200000.0,80411206656.0,886.6039999999999,967014.0033981832,407857.6758858219,19689653003.0,4436515233.0,1.0
2026-09-11T04:32:37.410023Z,431.155,azure-2,crdb-azure-2,35.36396489416666,7426.47,9516.08,8327364608.0,6596333568.0,0.0,3703081.006321139,77.63470338102303,10385590272.0,80821769216.0,653.698,1008945.1225040774,604023.3774931555,19694813917.0,4511393543.0,1.27
2026-09-11T04:32:38.193389Z,431.939,gcp-1,crdb-gcp-1,89.37728937729052,4861.33,7863.99,8324030464.0,3012841472.0,67973164.40949945,3802654.2476749634,53.11640509399251,100048545792.0,83260052480.0,542.8580000000001,3365777.1374583086,10980843.78916486,18184779077.0,78741145198.0,3.24
2026-09-11T04:32:38.117726Z,431.863,client-1,crdb-client-1,25.29794149512494,7657.42,8007.95,8324030464.0,7542951936.0,0.0,14690.352765215797,0.03985013228412734,566441984.0,5674869760.0,13.829,7322622.2039883975,1624668.5734025573,2272866735.0,445393571.0,1.09
2026-09-11T04:32:42.852722Z,436.598,linode-1,crdb-linode-1,23.48156182212593,5735.08,7618.42,8322887680.0,6484135936.0,0.0,4920473.176463003,98.76322703668284,10847410176.0,77142466560.0,925.608,980519.7250649276,628577.7619973402,19776478203.0,4639081475.0,1.06
2026-09-11T04:32:43.229083Z,436.974,linode-2,crdb-linode-2,23.239436619714283,5664.54,7659.4,8322887680.0,6221381632.0,13020.383447668884,4795569.978569546,98.30453079081019,10313115648.0,77745541120.0,904.212,1011974.6147653832,866385.9622797049,19822277255.0,5134669581.0,0.71
2026-09-11T04:32:42.219303Z,435.965,azure-1,crdb-azure-1,33.84290985767156,12352.71,14561.22,8327364608.0,6310318080.0,0.0,2263061.120699491,95.29920119010664,11091200000.0,80422609920.0,891.406,950468.4287225254,445425.5291943399,19694442287.0,4438759673.0,1.0
2026-09-11T04:32:42.409955Z,436.155,azure-2,crdb-azure-2,36.75169182717236,7438.62,9535.289999999999,8327364608.0,6592667648.0,0.0,3216996.7380845835,84.6199562849385,10385590272.0,80837854208.0,657.929,973239.6972198642,531807.525265769,19699680118.0,4514052582.0,1.25
2026-09-11T04:32:43.216913Z,436.962,gcp-1,crdb-gcp-1,84.56305599162408,4864.280000000001,7883.1,8324030464.0,3027804160.0,27831223.341462467,3194548.9263446988,44.19143850600491,100188358656.0,83276100608.0,545.078,3442983.0415382436,10972303.01592521,18202075238.0,78796265632.0,3.3
2026-09-11T04:32:43.407305Z,437.153,client-1,crdb-client-1,26.7560321715847,7671.08,8026.6,8324030464.0,7544315904.0,0.0,37942.55178265761,0.0567141937121219,566441984.0,5675070464.0,13.832,7197230.059840614,1600460.5570549038,2310937787.0,453859497.0,1.08
2026-09-11T04:32:47.834541Z,441.58,linode-1,crdb-linode-1,23.035522066737148,5749.38,7637.0,8322887680.0,6483910656.0,0.0,5109004.20444551,96.50937923915966,10847410176.0,77167919104.0,930.4159999999999,1032175.6393026443,678414.7689189619,19781620398.0,4642461269.0,1.13
2026-09-11T04:32:48.215460Z,441.961,linode-2,crdb-linode-2,24.701411509229988,5678.41,7677.82,8322887680.0,6211870720.0,1642.8510585179133,5245623.429847697,97.70471627318591,10313123840.0,77771698176.0,909.0840000000001,1087596.6800668058,987449.5464301339,19827700505.0,5139593452.0,0.66
2026-09-11T04:32:47.206090Z,440.952,azure-1,crdb-azure-1,32.07043756670067,12365.44,14579.960000000001,8327364608.0,6306828288.0,0.0,2701444.255702851,93.26496430806688,11091200000.0,80436081664.0,896.057,953740.8399866069,415302.2085249823,19699198466.0,4440830730.0,1.0
2026-09-11T04:32:47.396019Z,441.141,azure-2,crdb-azure-2,35.39501039501426,7451.05,9554.53,8327364608.0,6589829120.0,0.0,3628451.43544134,80.34242063234194,10385590272.0,80855946240.0,661.935,981838.1289258511,497131.66347422876,19704575718.0,4516531359.0,1.23
2026-09-11T04:32:48.232533Z,441.978,gcp-1,crdb-gcp-1,89.02821316614671,4866.38,7902.24,8324030464.0,3018305536.0,53785141.35013786,3669952.707593446,50.20224947130247,100458129408.0,83294508032.0,547.596,3366723.7439669636,11159181.503919236,18218961753.0,78852236867.0,3.68
2026-09-11T04:32:48.097528Z,441.843,client-1,crdb-client-1,27.376425855513332,7684.45,8045.01,8324030464.0,7544061952.0,0.0,78596.19808258781,0.12792349948338344,566441984.0,5675439104.0,13.838000000000001,8044063.960724733,1781872.009003877,2348666886.0,462217017.0,0.99
2026-09-11T04:32:52.845631Z,446.591,linode-1,crdb-linode-1,23.526259378351345,5763.65,7655.66,8322887680.0,6483914752.0,0.0,4629599.908126172,96.26481204620609,10847410176.0,77191118848.0,935.24,941694.9586360697,609987.6488621653,19786339398.0,4645518025.0,1.12
2026-09-11T04:32:53.216473Z,446.962,linode-2,crdb-linode-2,26.69537136706166,5692.03,7696.4,8322887680.0,6200520704.0,0.0,4525083.953903568,95.97887345666415,10313123840.0,77794328576.0,913.884,976522.4511978336,835126.9746894338,19832584192.0,5143770006.0,0.6
2026-09-11T04:32:52.184665Z,445.93,azure-1,crdb-azure-1,32.572944297081655,12378.15,14598.81,8327364608.0,6303997952.0,0.0,2257516.8908869107,92.8762728718204,11091200000.0,80447321088.0,900.6809999999999,917660.5593697855,442020.5580658555,19703767192.0,4443031403.0,1.08
2026-09-11T04:32:52.403965Z,446.149,azure-2,crdb-azure-2,36.31198347107068,7463.38,9573.89,8327364608.0,6586617856.0,0.0,3028642.005416022,80.83041066473277,10385590272.0,80871113728.0,665.983,936324.4612141721,684049.714395544,19709264846.0,4519957091.0,1.21
2026-09-11T04:32:53.231278Z,446.977,gcp-1,crdb-gcp-1,85.24675324675249,4869.22,7921.49,8324030464.0,3012964352.0,22752113.34049839,3126807.523583458,42.18998918025581,100571863040.0,83310138368.0,549.705,3550974.952263003,11089071.921846319,18236712424.0,78907669099.0,3.62
2026-09-11T04:32:53.097676Z,446.843,client-1,crdb-client-1,27.395776935569405,7697.86,8063.48,8324030464.0,7544569856.0,0.0,8191.659158106601,0.03999833573292022,566441984.0,5675480064.0,13.84,7790030.669228482,1720451.0147728736,2387618660.0,470819630.0,0.91
2026-09-11T04:32:57.833136Z,451.579,linode-1,crdb-linode-1,16.727272727269327,5779.68,7674.91,8322887680.0,6483914752.0,0.0,3684898.1286644824,60.871112024500704,10847410176.0,77209497600.0,938.276,752235.2176116433,499133.0937142179,19790091237.0,4648007495.0,1.03
2026-09-11T04:32:58.193571Z,451.939,linode-2,crdb-linode-2,16.684045881124977,5708.01,7715.58,8322887680.0,6199902208.0,31272.67194861108,3671247.093756685,59.23098074148616,10313279488.0,77812600832.0,916.8320000000001,773149.9480189926,780657.093081492,19836432256.0,5147655434.0,0.56
2026-09-11T04:32:57.187523Z,450.933,azure-1,crdb-azure-1,22.808870116154132,12392.77,14617.75,8327364608.0,6301716480.0,0.0,2100840.151775346,65.90150857597102,11091200000.0,80457831424.0,903.978,746082.4318989698,323236.80546084937,19707499783.0,4444648531.0,0.99
2026-09-11T04:32:57.515410Z,451.261,azure-2,crdb-azure-2,26.01036269430602,7477.66,9593.19,8327364608.0,6585397248.0,0.0,2709273.4761654804,53.46718976998374,10385590272.0,80884962304.0,668.716,766270.1264940063,590181.131109834,19713181671.0,4522973829.0,1.19
2026-09-11T04:32:58.198631Z,451.944,gcp-1,crdb-gcp-1,47.16494845361194,4879.469999999999,7940.889999999999,8324030464.0,3025432576.0,10150544.120453548,2681524.73433915,23.05031204368734,100622284800.0,83323458560.0,550.85,2256836.5248588766,6596514.948381351,18247923022.0,78940436593.0,3.73
2026-09-11T04:32:58.095305Z,451.841,client-1,crdb-client-1,14.24100156494289,7714.3,8082.65,8324030464.0,7699947520.0,0.0,262264.6045821242,0.2801288195915248,566441984.0,5676790784.0,13.854000000000001,4164778.008162058,961815.2988469334,2408432974.0,475626495.0,1.16
2026-09-11T04:33:02.928855Z,456.675,linode-1,crdb-linode-1,6.523904382472134,5798.45,7694.99,8322887680.0,6483656704.0,0.0,664743.7598066947,10.36150245315417,10847410176.0,77212884992.0,938.804,186727.42232447426,179636.07284252037,19791042760.0,4648922882.0,0.95
2026-09-11T04:33:03.329748Z,457.075,linode-2,crdb-linode-2,5.749999999998179,5726.860000000001,7735.58,8322887680.0,6199414784.0,0.0,603677.9186331058,10.824909011980704,10313279488.0,77815701504.0,917.388,255078.66215912823,495109.5326359525,19837742417.0,5150198466.0,0.51
2026-09-11T04:33:02.302344Z,456.048,azure-1,crdb-azure-1,6.106870229011452,12411.22,14637.4,8327364608.0,6301716480.0,0.0,628623.86117715,14.526134829526246,11091200000.0,80461046784.0,904.721,198793.57650624547,177668.50992838963,19708516596.0,4445557291.0,0.91
2026-09-11T04:33:02.488116Z,456.234,azure-2,crdb-azure-2,5.493387589012899,7496.24,9612.85,8327364608.0,6585921536.0,0.0,635061.8313260537,5.047489299067024,10385590272.0,80888120320.0,668.967,218870.79952865627,473322.5778071056,19714270065.0,4525327553.0,1.18
2026-09-11T04:33:03.287971Z,457.034,gcp-1,crdb-gcp-1,11.50398406374653,4897.24,7960.97,8324030464.0,3012362240.0,3202306.024158469,753294.405280806,7.486070640419615,100638582784.0,83327292416.0,551.231,607655.1605465593,492575.3922631049,18251015654.0,78942943532.0,3.44
2026-09-11T04:33:03.488947Z,457.235,client-1,crdb-client-1,0.39350713231641743,7734.55,8102.98,8324030464.0,7708966912.0,0.0,10631.516921776476,0.03707978837113066,566441984.0,5676848128.0,13.856,7954.356201379358,62127.741612689424,2408475878.0,475961598.0,1.07
2026-09-11T04:33:07.879290Z,461.625,linode-1,crdb-linode-1,17.32365145228314,5814.389999999999,7714.2699999999995,8322887680.0,6478213120.0,3309.554439887812,25467021.414936714,25.855894061625275,10847426560.0,77338959872.0,940.0840000000001,351877.5082655988,219632.286108944,19792784735.0,4650010175.0,0.87
2026-09-11T04:33:08.253466Z,461.999,linode-2,crdb-linode-2,14.79750778816371,5743.27,7754.84,8322887680.0,6171361280.0,4991.26179659636,18825375.74282927,22.584159821838313,10313304064.0,77908393984.0,918.5,345925.1504624466,539390.1621506362,19839445685.0,5152854318.0,0.63
2026-09-11T04:33:07.226603Z,460.972,azure-1,crdb-azure-1,20.13562858632628,12426.53,14656.57,8327364608.0,6294474752.0,4990.71982191439,18212800.20343958,36.85773305979135,11091224576.0,80550732800.0,906.536,300035.9591374614,168633.97778465782,19709994075.0,4446387702.0,0.92
2026-09-11T04:33:07.410277Z,461.156,azure-2,crdb-azure-2,14.978902953578366,7512.360000000001,9631.81,8327364608.0,6562127872.0,0.0,17090600.236893304,15.17608743852688,10385590272.0,80972243968.0,669.7139999999999,309139.9485299264,284244.0545141365,19715791719.0,4526726664.0,1.08
2026-09-11T04:33:08.222424Z,461.968,gcp-1,crdb-gcp-1,7.9041305456364,4915.3,7980.58,8324030464.0,3025022976.0,852479.5885781007,8087350.176744338,4.904208928174347,100642789376.0,83367199744.0,551.473,297811.3296156181,635447.2675671561,18252485215.0,78946079170.0,3.32
2026-09-11T04:33:08.127240Z,461.873,client-1,crdb-client-1,0.609137055841602,7754.13,8122.68,8324030464.0,7720329216.0,0.0,8830.733267072348,0.021559407390339697,566441984.0,5676889088.0,13.857000000000001,8031.957223261238,72121.39197837183,2408513133.0,476296122.0,0.98
2026-09-11T04:33:12.871282Z,466.617,linode-1,crdb-linode-1,4.8593350383622,5832.99,7733.82,8322887680.0,6478336000.0,0.0,606349.1661265197,6.24989890237191,10847426560.0,77341986816.0,940.396,170142.48016714264,122254.43268315484,19793634100.0,4650620479.0,0.8
2026-09-11T04:33:13.241833Z,466.988,linode-2,crdb-linode-2,5.679513184583551,5761.870000000001,7774.56,8322887680.0,6171361280.0,0.0,565733.8018028494,6.174242382928493,10313304064.0,77911216128.0,918.808,204735.27140651827,364213.9475334147,19840467000.0,5154671187.0,0.66
2026-09-11T04:33:12.230793Z,465.977,azure-1,crdb-azure-1,10.914760914762933,12443.67,14675.81,8327364608.0,6297743360.0,0.0,239001.8124399958,32.472203520891846,11091224576.0,80551928832.0,908.161,187689.1365218101,161835.06782189314,19710933324.0,4447197570.0,0.85
2026-09-11T04:33:12.416738Z,466.163,azure-2,crdb-azure-2,3.8001041124484436,7530.84,9651.02,8327364608.0,6560583680.0,0.0,607048.1923315513,3.2557190550128947,10385590272.0,80975283200.0,669.877,174946.16328978885,170232.76094253798,19716667600.0,4527578947.0,1.08
2026-09-11T04:33:13.212932Z,466.959,gcp-1,crdb-gcp-1,4.020356234096578,4934.16,8000.23,8324030464.0,3034714112.0,13131.909657769267,595039.6563676699,0.9618097893874339,100642854912.0,83370169344.0,551.521,177846.04400818964,325847.3306287278,18253372772.0,78947705341.0,3.05
2026-09-11T04:33:13.098437Z,466.844,client-1,crdb-client-1,0.40322580645124617,7773.89,8142.52,8324030464.0,7719706624.0,0.0,14006.890596924595,0.020115594262575875,566441984.0,5676958720.0,13.858,6312.876947427685,66004.29367411367,2408544516.0,476624247.0,0.9
2026-09-11T04:33:17.838248Z,471.584,linode-1,crdb-linode-1,5.564063297601518,5851.49,7753.41,8322887680.0,6478184448.0,0.0,1230350.4311164096,7.247739166209436,10847426560.0,77348098048.0,940.756,300812.7835934884,218801.3937104245,19795128257.0,4651707280.0,0.74
2026-09-11T04:33:18.228378Z,471.974,linode-2,crdb-linode-2,4.928131416842751,5780.389999999999,7794.04,8322887680.0,6171131904.0,0.0,1276454.6029460884,7.540189422767654,10313304064.0,77917581312.0,919.184,327515.346908232,512664.6981843034,19842100192.0,5157227647.0,0.61
2026-09-11T04:33:17.212880Z,470.959,azure-1,crdb-azure-1,4.108164326577313,12462.11,14695.04,8327364608.0,6297575424.0,0.0,1630295.971218778,8.630823764992899,11091224576.0,80560051200.0,908.591,263022.7485034657,159121.07840069343,19712243741.0,4447990334.0,0.78
2026-09-11T04:33:17.402527Z,471.148,azure-2,crdb-azure-2,4.672897196264458,7549.2,9670.28,8327364608.0,6539481088.0,0.0,1252816.0836658282,4.472624017955421,10385590272.0,80981529600.0,670.1,284658.45081083797,188765.59243200332,19718086875.0,4528520111.0,0.99
2026-09-11T04:33:18.199750Z,471.946,gcp-1,crdb-gcp-1,4.595959595958821,4953.05,8020.03,8324030464.0,3030020096.0,19712.447266482206,1234492.0100634482,1.443782758775607,100642953216.0,83376325632.0,551.593,267169.9942575843,736848.7682433076,18254705122.0,78951379932.0,2.81
2026-09-11T04:33:18.115658Z,471.862,client-1,crdb-client-1,0.4992511233168462,7793.82,8162.55,8324030464.0,7719448576.0,0.0,203277.77398232714,0.11958641635820715,566441984.0,5677978624.0,13.864,5851.961284488645,65596.53765427096,2408573877.0,476953364.0,0.83
2026-09-11T04:33:22.908423Z,476.654,linode-1,crdb-linode-1,5.906108026249612,5870.13,7773.22,8322887680.0,6478360576.0,0.0,665669.3931555208,7.731388488088049,10847426560.0,77351473152.0,941.148,211083.47298582122,149239.4653358591,19796198501.0,4652463960.0,0.92
2026-09-11T04:33:23.241407Z,476.987,linode-2,crdb-linode-2,4.989816700608696,5799.05,7813.68,8322887680.0,6170906624.0,0.0,621778.0893963055,8.697156771543767,10313304064.0,77920698368.0,919.62,252200.3914324929,489723.3334326432,19843364506.0,5159682695.0,0.56
2026-09-11T04:33:22.240559Z,475.987,azure-1,crdb-azure-1,3.7745604963786317,12480.72,14714.38,8327364608.0,6297341952.0,0.0,695736.6616692998,6.742590255011233,11091224576.0,80563549184.0,908.93,214960.3409132291,176932.3307714269,19713324506.0,4448879904.0,0.8
2026-09-11T04:33:22.447168Z,476.193,azure-2,crdb-azure-2,4.909560723504236,7567.6,9689.63,8327364608.0,6528126976.0,0.0,671472.9806774383,4.162769645267218,10385590272.0,80984916992.0,670.31,218083.53717311056,360160.05452888884,19719187045.0,4530337017.0,1.23
2026-09-11T04:33:23.244234Z,476.99,gcp-1,crdb-gcp-1,8.034360788277661,4971.25,8039.82,8324030464.0,2986606592.0,144527.94583363537,791655.8830774971,1.6453184669345577,100643682304.0,83380319232.0,551.676,433694.4504773578,421309.3652753055,18256892944.0,78953505276.0,2.58
2026-09-11T04:33:23.151769Z,476.898,client-1,crdb-client-1,0.34982508745481367,7813.76,8182.56,8324030464.0,7719456768.0,0.0,6506.489599364581,0.0397124609335997,566441984.0,5678011392.0,13.866,6048.009237885918,64990.83225400461,2408604336.0,477280671.0,0.76
2026-09-11T04:33:27.867140Z,481.613,linode-1,crdb-linode-1,4.51282051282107,5888.75,7792.72,8322887680.0,6478397440.0,0.0,1210093.2693478472,6.695135275961857,10847426560.0,77357473792.0,941.48,286039.3699697206,209861.23349274037,19797616920.0,4653504625.0,0.85
2026-09-11T04:33:28.250544Z,481.997,linode-2,crdb-linode-2,6.538266599087638,5817.49,7833.41,8322887680.0,6169415680.0,0.0,1243706.2921346833,6.8673172668297,10313304064.0,77926928384.0,919.9639999999999,293481.79049407714,494108.86739401624,19844834625.0,5162157802.0,0.51
2026-09-11T04:33:27.329732Z,481.076,azure-1,crdb-azure-1,3.421461897355238,12499.35,14733.67,8327364608.0,6297112576.0,0.0,1184703.1282464678,5.364193360889515,11091224576.0,80569578496.0,909.203,251428.38841123815,152456.073543846,19714604101.0,4449655799.0,0.73
2026-09-11T04:33:27.433170Z,481.179,azure-2,crdb-azure-2,4.500775995869799,7586.06,9708.960000000001,8327364608.0,6492545024.0,0.0,1245370.8358380522,3.9108769638904173,10385590272.0,80991126528.0,670.505,275752.52524136123,166852.85255620588,19720561973.0,4531168961.0,1.13
2026-09-11T04:33:28.215439Z,481.962,gcp-1,crdb-gcp-1,7.598164201941082,4989.37,8059.43,8324030464.0,2978762752.0,14007.059771346925,1358684.7978206517,1.2270660702709484,100643751936.0,83387073536.0,551.737,425024.10487796995,811043.1990743034,18259005827.0,78957537140.0,2.38
2026-09-11T04:33:28.142432Z,481.889,client-1,crdb-client-1,7.548125633226732,7832.01,8202.3,8324030464.0,7493054464.0,0.0,3282.8646821357033,0.0,566441984.0,5678027776.0,13.866,170446.8793033177,243296.05905662116,2409454996.0,478494904.0,0.7
2026-09-11T04:33:32.896523Z,486.643,linode-1,crdb-linode-1,13.066385669123392,5905.25,7811.7,8322887680.0,6478544896.0,0.0,2602830.683416255,66.56786809987634,10847426560.0,77370564608.0,944.828,719135.9796403523,380668.98998117266,19801233781.0,4655419182.0,0.86
2026-09-11T04:33:33.242618Z,486.989,linode-2,crdb-linode-2,17.064315352696326,5833.4800000000005,7852.6900000000005,8322887680.0,6168944640.0,0.0,2563212.8619895848,70.11028698686351,10313304064.0,77939724288.0,923.4639999999999,765909.4138024952,628259.8842101294,19848658148.0,5165294160.0,0.55
2026-09-11T04:33:32.233837Z,485.98,azure-1,crdb-azure-1,18.578947368424505,12514.82,14752.67,8327364608.0,6296137728.0,0.0,1902585.4449667954,51.95530826639363,11091224576.0,80578909184.0,911.751,703154.7411405554,358460.6332906413,19718052523.0,4451413767.0,0.83
2026-09-11T04:33:32.397670Z,486.144,azure-2,crdb-azure-2,20.589756854625165,7601.41,9728.289999999999,8327364608.0,6466539520.0,0.0,2056005.9891277237,42.09811746492103,10385590272.0,81001333760.0,672.595,707959.2071739817,381030.6654541925,19724076702.0,4533060623.0,1.12
2026-09-11T04:33:33.275641Z,487.022,gcp-1,crdb-gcp-1,93.02685950413023,4990.72,8078.79,8324030464.0,2935758848.0,82069087.19705173,2416962.9885334643,50.075680429110086,101059049472.0,83399304192.0,554.271,3079230.2642663624,11640216.610909862,18274587781.0,79016440601.0,3.31
2026-09-11T04:33:33.453229Z,487.199,client-1,crdb-client-1,35.32608695652883,7843.91,8220.7,8324030464.0,7510646784.0,0.0,9254.944733993765,0.03765846652830752,566441984.0,5678076928.0,13.868,8678745.153230611,1949911.336429274,2455546863.0,488850670.0,0.64
2026-09-11T04:33:37.954161Z,491.7,linode-1,crdb-linode-1,15.412004069174811,5921.88,7831.36,8322887680.0,6478315520.0,0.0,3390827.1379937264,72.36421026168071,10847426560.0,77387714560.0,948.488,867896.0037285972,477281.50996006967,19805623381.0,4657833152.0,0.79
2026-09-11T04:33:38.352978Z,492.099,linode-2,crdb-linode-2,15.613946437595505,5850.18,7872.4800000000005,8322887680.0,6168686592.0,0.0,3480085.340912446,73.18325624336839,10313304064.0,77957509120.0,927.204,888923.9441488751,751964.8066010589,19853200957.0,5169137045.0,0.51
2026-09-11T04:33:37.512947Z,491.259,azure-1,crdb-azure-1,22.427983539097053,12529.9,14772.11,8327364608.0,6303170560.0,0.0,2633332.8369658906,59.952553197313875,11091224576.0,80592811008.0,914.9159999999999,793073.5891315434,363871.08242115716,19722239297.0,4453334706.0,0.85
2026-09-11T04:33:37.678266Z,491.425,azure-2,crdb-azure-2,25.088877602846015,7616.16,9747.98,8327364608.0,6407512064.0,0.0,2843569.604992341,50.54288507705752,10385590272.0,81016349696.0,675.264,845007.5396542997,396750.2856476931,19728538903.0,4535155728.0,1.03
2026-09-11T04:33:38.355592Z,492.102,gcp-1,crdb-gcp-1,97.26027397260293,4991.26,8098.5,8324030464.0,2940620800.0,82597065.17487164,3260633.2578477454,54.389083916236764,101478647808.0,83415868416.0,557.034,3398529.762488547,13048096.54452426,18291852528.0,79082725760.0,3.6
2026-09-11T04:33:38.248173Z,491.994,client-1,crdb-client-1,34.9865229110465,7855.97,8239.25,8324030464.0,7504396288.0,0.0,9396.380584311393,0.06256467896159279,566441984.0,5678121984.0,13.871,10597009.495069036,2326603.769637946,2506359924.0,500006823.0,0.67
2026-09-11T04:33:42.885698Z,496.632,linode-1,crdb-linode-1,16.206357477855647,5937.96,7850.55,8322887680.0,6478581760.0,0.0,2774906.9559262455,73.32303343396075,10847426560.0,77401399296.0,952.104,763261.1453229336,402693.3034465493,19809387481.0,4659819075.0,0.73
2026-09-11T04:33:43.254583Z,497.001,linode-2,crdb-linode-2,16.339193381587748,5866.360000000001,7891.82,8322887680.0,6168686592.0,0.0,2663984.127335502,74.66798947322107,10313304064.0,77970567168.0,930.864,805464.0035376376,647956.7760054861,19857149099.0,5172313134.0,0.47
2026-09-11T04:33:42.228909Z,495.975,azure-1,crdb-azure-1,22.55999999999767,12544.42,14790.86,8327364608.0,6311620608.0,0.0,2306802.533396242,63.93073794987358,11091224576.0,80603689984.0,917.9309999999999,813189.6568634576,409841.4072998898,19726074333.0,4455267535.0,1.18
2026-09-11T04:33:42.425808Z,496.172,azure-2,crdb-azure-2,25.15560165975207,7630.59,9767.26,8327364608.0,6376316928.0,0.0,2514911.4897020343,54.27984720869072,10385590272.0,81028289536.0,677.841,827562.7250689948,445314.4362095904,19732467855.0,4537269911.0,1.03
2026-09-11T04:33:43.304334Z,497.051,gcp-1,crdb-gcp-1,97.19334719334735,4991.8,8117.74,8324030464.0,2933436416.0,82883483.24714968,2548414.668643637,57.246248815908835,101888821248.0,83428480000.0,559.867,3321676.1036774362,12706327.678117456,18308290825.0,79145606782.0,4.04
2026-09-11T04:33:43.162458Z,496.909,client-1,crdb-client-1,33.023510114820034,7868.22,8257.54,8324030464.0,7498088448.0,0.0,6667.775372863377,0.04069687117227541,566441984.0,5678154752.0,13.873000000000001,9954881.802398194,2197144.71569163,2555282023.0,510804433.0,0.62
2026-09-11T04:33:47.854032Z,501.6,linode-1,crdb-linode-1,16.58962506420355,5954.2,7870.02,8322887680.0,6478585856.0,0.0,3399039.4504797193,73.34344254475249,10847426560.0,77418287104.0,955.748,884902.3207845809,482994.9484804623,19813784035.0,4662218790.0,0.67
2026-09-11T04:33:48.264849Z,502.011,linode-2,crdb-linode-2,15.920915712801042,5882.52,7911.04,8322887680.0,6168694784.0,0.0,3418011.0823445367,73.84737715933683,10313304064.0,77987692544.0,934.564,909394.1247911877,765690.322239209,19861705467.0,5176149498.0,0.43
2026-09-11T04:33:47.230646Z,500.977,azure-1,crdb-azure-1,23.691031622602033,12559.14,14810.15,8327364608.0,6310821888.0,0.0,2731042.8162948703,63.197110006824545,11091224576.0,80617350144.0,921.092,839607.4941665144,379257.03310301725,19730273891.0,4457164507.0,1.17
2026-09-11T04:33:47.432695Z,501.179,azure-2,crdb-azure-2,26.39386189258336,7644.98,9786.81,8327364608.0,6315872256.0,0.0,2976083.2078986648,53.345318783347146,10385590272.0,81043190784.0,680.512,886576.8294944748,416934.70883402444,19736906945.0,4539357503.0,1.03
2026-09-11T04:33:48.268140Z,502.015,gcp-1,crdb-gcp-1,96.53209109731277,4992.469999999999,8137.0599999999995,8324030464.0,2930978816.0,90185553.33510147,3049780.9151977217,58.15988187039196,102336493568.0,83443618816.0,562.754,3427823.7735342495,13109167.468913388,18325306209.0,79210679415.0,4.35
2026-09-11T04:33:48.146328Z,501.893,client-1,crdb-client-1,33.91494002180482,7880.34,8275.88,8324030464.0,7542603776.0,0.0,13149.441594866856,0.040128911117125146,566441984.0,5678220288.0,13.875,10135649.212885292,2226104.7946868553,2605797469.0,521899201.0,1.21
2026-09-11T04:33:52.891587Z,506.638,linode-1,crdb-linode-1,13.221031138332506,5971.2,7889.61,8322887680.0,6478585856.0,0.0,2154649.848782031,57.24876698746507,10847426560.0,77429141504.0,958.6320000000001,642483.6172395989,336049.66670219856,19817020651.0,4663911695.0,0.77
2026-09-11T04:33:53.291001Z,507.038,linode-2,crdb-linode-2,12.288786482337821,5899.65,7930.57,8322887680.0,6168436736.0,0.0,2045450.6737339282,60.00489479563632,10313304064.0,77997973504.0,937.5799999999999,668939.9787637859,561426.9645435448,19865067731.0,5178971374.0,0.39
2026-09-11T04:33:52.255005Z,506.002,azure-1,crdb-azure-1,19.68992248061715,12574.68,14829.5,8327364608.0,6309928960.0,0.0,1810588.0963263754,52.78185800422488,11091224576.0,80626447360.0,923.744,654640.328680519,339448.4481376253,19733563101.0,4458870050.0,1.07
2026-09-11T04:33:52.439318Z,506.186,azure-2,crdb-azure-2,19.660319094182455,7660.59,9806.24,8327364608.0,6287962112.0,0.0,1945456.0711725084,39.986528678489705,10385590272.0,81052931072.0,682.514,659869.8000667904,363252.44669734617,19740210706.0,4541176194.0,0.94
2026-09-11T04:33:53.287422Z,507.034,gcp-1,crdb-gcp-1,95.15624999999866,4993.4,8156.26,8324030464.0,2916876288.0,79861881.95032091,1990324.7338357195,57.67674724663,102737348608.0,83453608960.0,565.649,2892493.6559105124,11181108.231492434,18339824658.0,79266801353.0,4.65
2026-09-11T04:33:53.178836Z,506.925,client-1,crdb-client-1,31.72338090011134,7892.780000000001,8294.1,8324030464.0,7539552256.0,0.0,141617.82001996512,0.19870496029201756,566441984.0,5678932992.0,13.885,8960088.12168605,1971911.4642253306,2650889892.0,531823017.0,1.27
2026-09-11T04:33:57.883855Z,511.63,linode-1,crdb-linode-1,19.585492227977774,5986.72,7908.91,8322887680.0,6491672576.0,0.0,17896609.308934584,63.1366622301644,10847426560.0,77518487552.0,961.784,767267.0859120728,405469.97453288134,19820851113.0,4665935941.0,0.71
2026-09-11T04:33:58.268191Z,512.015,linode-2,crdb-linode-2,20.738045738044843,5914.9,7949.8099999999995,8322887680.0,6169567232.0,0.0,19965401.703931272,64.37272801532549,10313304064.0,78097346560.0,940.784,802323.8810351164,701397.328457832,19869061108.0,5182462413.0,0.44
2026-09-11T04:33:57.240765Z,510.987,azure-1,crdb-azure-1,19.460300985988145,12590.2,14848.77,8327364608.0,6308700160.0,0.0,2457176.032396564,52.00707470722873,11091224576.0,80638698496.0,926.337,730247.521737171,338440.1001430763,19737204013.0,4460557465.0,0.99
2026-09-11T04:33:57.406780Z,511.153,azure-2,crdb-azure-2,20.594262295083745,7676.09,9825.76,8327364608.0,6276960256.0,0.0,2591563.0951837907,39.83852513715169,10385590272.0,81065804800.0,684.4929999999999,770360.3184740195,366644.47515892156,19744037512.0,4542997520.0,0.95
2026-09-11T04:33:58.310032Z,512.057,gcp-1,crdb-gcp-1,95.8071278825986,4994.2,8175.34,8324030464.0,2908876800.0,84737801.63037197,9941761.923181484,59.310909369372716,103162959872.0,83503543296.0,568.628,2941591.9444097206,11521751.589057172,18354599347.0,79324671479.0,4.67
2026-09-11T04:33:58.157866Z,511.904,client-1,crdb-client-1,31.100217864927913,7905.43,8312.460000000001,8324030464.0,7536599040.0,0.0,83909.06437136933,0.060251798290565046,566441984.0,5679350784.0,13.888,8984970.891903067,1985980.009066658,2695627001.0,541711419.0,1.73
2026-09-11T04:34:02.872019Z,516.619,linode-1,crdb-linode-1,18.22405782137674,6002.5599999999995,7928.28,8322887680.0,6490783744.0,0.0,2589013.842518216,76.98066848591334,10847426560.0,77531402240.0,965.624,762763.1541631568,398619.7338839245,19824655978.0,4667924362.0,0.65
2026-09-11T04:34:03.269032Z,517.016,linode-2,crdb-linode-2,17.284595300262694,5930.74,7968.96,8322887680.0,6169346048.0,0.0,2796223.436039186,73.7461443238126,10313304064.0,78111330304.0,944.472,829106.424667605,637241.4729067046,19873207419.0,5185649219.0,0.41
2026-09-11T04:34:02.252524Z,515.999,azure-1,crdb-azure-1,33.74200426439155,12602.630000000001,14867.53,8327364608.0,6290378752.0,0.0,29379037.18120195,66.72201394713254,11091224576.0,80785941504.0,929.6809999999999,760197.7846783084,370316.35567406134,19741014002.0,4462413431.0,0.91
2026-09-11T04:34:02.423389Z,516.17,azure-2,crdb-azure-2,34.08259278619864,7688.7,9844.89,8327364608.0,6249005056.0,0.0,27448911.423207454,55.27519154248114,10385590272.0,81203508224.0,687.266,776961.8862023007,406079.9023009126,19747935310.0,4545034708.0,0.87
2026-09-11T04:34:03.266211Z,517.013,gcp-1,crdb-gcp-1,97.26944873776533,4994.73,8194.75,8324030464.0,2779631616.0,85545018.22944266,2532169.5634806813,59.15725875436488,103586945024.0,83516093440.0,571.5600000000001,3288893.1973903016,12851827.70578657,18370900026.0,79388368749.0,5.02
2026-09-11T04:34:03.156839Z,516.904,client-1,crdb-client-1,33.80053908355672,7917.71,8331.01,8324030464.0,7537766400.0,0.0,40967.590614063934,0.08001482541808481,566441984.0,5679555584.0,13.892,10027151.464614142,2200792.570307836,2745753469.0,552713343.0,1.59
2026-09-11T04:34:07.903703Z,521.65,linode-1,crdb-linode-1,17.665130568355668,6018.639999999999,7947.8099999999995,8322887680.0,6490279936.0,0.0,3628963.0515427254,77.19012701551283,10847426560.0,77549662208.0,969.508,945568.5227867541,520053.3766226976,19829413825.0,4670541131.0,0.6
2026-09-11T04:34:08.299015Z,522.046,linode-2,crdb-linode-2,17.501290655654856,5946.719999999999,7988.33,8322887680.0,6169346048.0,0.0,3567463.359308273,78.96516731948634,10313304064.0,78129274880.0,948.444,949051.769873098,832452.9012102607,19877981212.0,5189836512.0,0.54
2026-09-11T04:34:07.253938Z,521.001,azure-1,crdb-azure-1,24.22327540810447,12617.02,14886.519999999999,8327364608.0,6304002048.0,0.0,2958884.943122333,66.16021920619798,11091224576.0,80800740352.0,932.99,929791.407992981,432636.84885210934,19745664349.0,4464577262.0,0.83
2026-09-11T04:34:07.427269Z,521.174,azure-2,crdb-azure-2,27.29631551634717,7702.71,9864.16,8327364608.0,6255648768.0,0.0,3141615.918031183,56.675374286639126,10385590272.0,81219228672.0,690.102,962211.163017551,570325.5304708496,19752750154.0,4547888581.0,0.8
2026-09-11T04:34:08.295750Z,522.043,gcp-1,crdb-gcp-1,97.23218862121544,4995.27,8214.26,8324030464.0,2770743296.0,83828499.91197848,3262386.051987505,58.19520215628172,104008570880.0,83532502016.0,574.487,3529068.9955483368,13164291.547176767,18388649917.0,79454580189.0,5.18
2026-09-11T04:34:08.178470Z,521.925,client-1,crdb-client-1,34.25026968716169,7929.9,8349.55,8324030464.0,7535972352.0,0.0,1631.3113811051835,0.0,566441984.0,5679563776.0,13.892,10140217.605521515,2232428.5167652955,2796674871.0,563923989.0,1.87
2026-09-11T04:34:12.907562Z,526.654,linode-1,crdb-linode-1,18.04853387259652,6034.85,7967.59,8322887680.0,6489591808.0,0.0,2908324.797712766,74.4213293198127,10847426560.0,77564215296.0,973.232,797842.0145451295,427161.2438448156,19833406180.0,4672678621.0,0.55
2026-09-11T04:34:13.267200Z,527.014,linode-2,crdb-linode-2,16.055756324206406,5962.9800000000005,8007.7,8322887680.0,6169346048.0,0.0,2884699.507267711,77.53235370537755,10313304064.0,78143606784.0,952.2959999999999,832583.1527913348,662002.3132870164,19882117692.0,5193125504.0,0.49
2026-09-11T04:34:12.276641Z,526.024,azure-1,crdb-azure-1,23.186119873823085,12631.630000000001,14905.54,8327364608.0,6303997952.0,0.0,2212412.9990505185,63.19218644700337,11091224576.0,80811852800.0,936.164,799926.2757773199,401391.03442677564,19749682197.0,4466593358.0,0.85
2026-09-11T04:34:12.448414Z,526.195,azure-2,crdb-azure-2,25.52862300154701,7717.15,9883.55,8327364608.0,6254559232.0,0.0,2439056.5624877946,54.90697297288978,10385590272.0,81231475712.0,692.859,817989.2264034713,435703.8582736,19756857458.0,4550076346.0,0.82
2026-09-11T04:34:13.299492Z,527.046,gcp-1,crdb-gcp-1,97.38193018480843,4995.78,8233.74,8324030464.0,2767953920.0,58908935.11856478,2585886.556514224,51.221052792077046,104303339520.0,83545441280.0,577.0500000000001,3434406.962811806,13065091.630974509,18405835009.0,79519955319.0,5.65
2026-09-11T04:34:13.154440Z,526.901,client-1,crdb-client-1,34.41095890410819,7941.87,8367.8,8324030464.0,7535448064.0,0.0,8231.434608658146,0.06028882770013519,566441984.0,5679604736.0,13.895,10256590.992976058,2261846.5035762135,2847712143.0,575179042.0,2.2
2026-09-11T04:34:17.975687Z,531.723,linode-1,crdb-linode-1,16.63275686673683,6051.24,7987.25,8322887680.0,6489362432.0,0.0,3227838.177964657,68.58411094794747,10847426560.0,77580574720.0,976.708,851293.3713764868,465968.6577752212,19837720730.0,4675040257.0,0.67
2026-09-11T04:34:18.291051Z,532.038,linode-2,crdb-linode-2,15.472481827624296,5979.26,8026.96,8322887680.0,6169350144.0,0.0,3273430.2013308974,70.14447791904678,10313304064.0,78160052224.0,955.8199999999999,878291.0703267734,746322.5155144861,19886530153.0,5196874966.0,0.45
2026-09-11T04:34:17.325507Z,531.072,azure-1,crdb-azure-1,22.27513227513771,12646.32,14924.44,8327364608.0,6302765056.0,0.0,2715272.3262307667,61.69582613780227,11091224576.0,80825562112.0,939.279,825242.1820566186,377290.4760878934,19753848815.0,4468498284.0,0.86
2026-09-11T04:34:17.431014Z,531.178,azure-2,crdb-azure-2,25.658234383066848,7731.55,9902.92,8327364608.0,6254411776.0,0.0,2890318.6614725604,53.9267911657234,10385590272.0,81245877248.0,695.5459999999999,885989.6836150957,599081.292743642,19761272062.0,4553061377.0,0.83
2026-09-11T04:34:18.594777Z,532.342,gcp-1,crdb-gcp-1,95.8875585632487,4996.57,8252.95,8324030464.0,2759458816.0,87801325.22412862,2697985.4144687355,51.98875109493877,104768280576.0,83559728128.0,579.803,3232254.9061878007,11634619.07189036,18422951015.0,79581565005.0,6.16
2026-09-11T04:34:18.599582Z,532.347,client-1,crdb-client-1,32.13703099510803,7954.35,8386.19,8324030464.0,7536005120.0,0.0,8274.377507555602,0.018364651783482143,566441984.0,5679649792.0,13.896,8702385.000253502,1922830.8300462598,2895098748.0,585649324.0,2.02
2026-09-11T04:34:22.937197Z,536.684,linode-1,crdb-linode-1,11.92802056555131,6068.37,8006.7,8322887680.0,6488875008.0,0.0,2111739.8568206583,55.46619297503573,10847426560.0,77591052288.0,979.46,641758.9688711229,337675.44177014724,19840904869.0,4676715661.0,0.62
2026-09-11T04:34:23.307433Z,537.054,linode-2,crdb-linode-2,13.613360323889069,5996.33,8046.72,8322887680.0,6169120768.0,0.0,2186613.3828084213,57.171637075886935,10313304064.0,78171021312.0,958.688,713125.6706972957,578673.4493291115,19890107529.0,5199777866.0,0.42
2026-09-11T04:34:22.299342Z,536.046,azure-1,crdb-azure-1,17.30569948185726,12662.28,14943.74,8327364608.0,6301560832.0,0.0,1786987.5780367188,48.81468983422231,11091224576.0,80834450432.0,941.707,648852.5775569187,347780.3381435051,19757076151.0,4470228113.0,0.79
2026-09-11T04:34:22.473187Z,536.22,azure-2,crdb-azure-2,18.717683557393293,7747.27,9922.26,8327364608.0,6253535232.0,0.0,1851308.0327318343,36.828693805696766,10385590272.0,81255212032.0,697.403,658413.9476545273,571113.6807992621,19764591959.0,4555941083.0,0.77
2026-09-11T04:34:23.334389Z,537.081,gcp-1,crdb-gcp-1,95.15372589890383,4997.5,8272.14,8324030464.0,2691764224.0,99310962.59572966,2260720.497662932,61.20641085395759,105238984704.0,83570443264.0,582.7040000000001,3206882.9962539305,11799699.753306977,18438150677.0,79637492037.0,5.98
2026-09-11T04:34:23.203597Z,536.951,client-1,crdb-client-1,30.123722431416454,7967.34,8404.78,8324030464.0,7534546944.0,0.0,9786.122511395675,0.043439819386497915,566441984.0,5679694848.0,13.898,9630565.16976983,2121135.5383721045,2939438551.0,595415182.0,1.86
2026-09-11T04:34:27.916766Z,541.664,linode-1,crdb-linode-1,15.119916579773207,6084.65,8025.88,8322887680.0,6487875584.0,0.0,3372434.483008452,73.65954699215787,10847426560.0,77607845888.0,983.128,870177.7010051335,481077.369335191,19845238064.0,4679111266.0,0.57
2026-09-11T04:34:28.288577Z,542.036,linode-2,crdb-linode-2,17.03437660338505,6012.5,8066.21,8322887680.0,6168866816.0,0.0,3254631.312501858,73.95808920457247,10313304064.0,78187233280.0,962.372,861684.8140011117,765431.4926771242,19894399753.0,5203590633.0,0.38
2026-09-11T04:34:27.286573Z,541.034,azure-1,crdb-azure-1,22.421998942357558,12676.95,14962.65,8327364608.0,6299348992.0,0.0,2803854.5148375416,60.41310290867458,11091224576.0,80848434176.0,944.72,829894.9751137804,379361.8039476165,19761215110.0,4472120115.0,0.89
2026-09-11T04:34:27.589983Z,541.337,azure-2,crdb-azure-2,25.843279709399425,7761.5599999999995,9941.53,8327364608.0,6252855296.0,0.0,2875341.6781262765,50.59705435818721,10385590272.0,81269924864.0,699.992,875790.2572691394,583707.2794224047,19769073289.0,4558927854.0,0.94
2026-09-11T04:34:28.331994Z,542.079,gcp-1,crdb-gcp-1,97.20785935884199,4998.04,8291.48,8324030464.0,2696642560.0,105677674.23322977,2939839.2867636764,56.30621804427828,105767127040.0,83585135616.0,585.518,3532371.9896600326,12776990.390874676,18455804313.0,79701347242.0,6.14
2026-09-11T04:34:28.170146Z,541.917,client-1,crdb-client-1,33.89462248777746,7979.51,8423.19,8324030464.0,7534919680.0,0.0,0.0,0.0,566441984.0,5679694848.0,13.898,9961907.984219212,2186346.039702436,2988915435.0,606273904.0,1.87
2026-09-11T04:34:32.988075Z,546.735,linode-1,crdb-linode-1,7.256819351513066,6102.67,8045.3099999999995,8322887680.0,6487617536.0,0.0,859355.371943914,18.21978263398726,10847426560.0,77612204032.0,984.052,295471.43751490576,213231.59787505172,19846736521.0,4680192651.0,0.52
2026-09-11T04:34:33.381755Z,547.129,linode-2,crdb-linode-2,7.629288274448543,6030.54,8085.74,8322887680.0,6168866816.0,0.0,768810.2011070261,16.492275577814624,10313304064.0,78191149056.0,963.212,335205.10844584147,528484.7613871205,19896107051.0,5206282361.0,0.35
2026-09-11T04:34:32.266783Z,546.014,azure-1,crdb-azure-1,8.077123501829341,12694.59,14981.84,8327364608.0,6295199744.0,13159.044442793438,981171.2512657857,19.657447066488388,11091290112.0,80853320704.0,945.699,324200.295150771,217253.3419727286,19762829725.0,4473202102.0,0.82
2026-09-11T04:34:32.417104Z,546.164,azure-2,crdb-azure-2,8.911917098442535,7779.139999999999,9960.83,8327364608.0,6252367872.0,0.0,981743.9876380588,14.211144619025479,10385590272.0,81274663936.0,700.678,299722.7765137318,335786.97411695914,19770520110.0,4560548764.0,1.11
2026-09-11T04:34:33.377457Z,547.125,gcp-1,crdb-gcp-1,15.199590583419253,5014.610000000001,8311.02,8324030464.0,2487427072.0,11370916.074472118,928701.9339755911,9.275476524524615,105824499712.0,83589821440.0,585.986,508137.7565836688,1083008.2064945556,18458368154.0,79706811628.0,5.65
2026-09-11T04:34:33.265832Z,547.013,client-1,crdb-client-1,2.6606425702843994,7998.9,8443.11,8324030464.0,7695880192.0,0.0,337595.7304891835,0.353232139881274,566441984.0,5681415168.0,13.916,558048.8901894668,186557.9847576661,2991759140.0,607224566.0,1.72
2026-09-11T04:34:37.940329Z,551.688,linode-1,crdb-linode-1,4.691483936771823,6121.36,8064.92,8322887680.0,6487625728.0,0.0,1235667.3203817003,8.642408388818366,10847426560.0,77618323456.0,984.48,295246.88235929824,211278.4136210304,19848198679.0,4681238970.0,0.48
2026-09-11T04:34:38.300251Z,552.048,linode-2,crdb-linode-2,8.645096056622748,6048.610000000001,8105.52,8322887680.0,6168539136.0,0.0,1351562.8924716455,9.514887218112756,10313304064.0,78197796864.0,963.68,312346.0972710597,555388.4397315187,19897643359.0,5209014099.0,0.32
2026-09-11T04:34:37.297266Z,551.045,azure-1,crdb-azure-1,5.157297576070297,12712.98,15001.23,8327364608.0,6273183744.0,0.0,1239261.2127846642,8.76651229297894,11091290112.0,80859554816.0,946.14,261279.83588485082,162275.10009246768,19764144095.0,4474018428.0,0.75
2026-09-11T04:34:37.470567Z,551.218,azure-2,crdb-azure-2,5.314757481934363,7797.49,9980.21,8327364608.0,6252666880.0,0.0,1235235.8912070468,4.155509522662221,10385590272.0,81280906240.0,700.888,294817.3722389604,342221.64394083025,19772009979.0,4562278192.0,1.02
2026-09-11T04:34:38.578932Z,552.326,gcp-1,crdb-gcp-1,4.9773755656099095,5033.51,8330.91,8324030464.0,2663866368.0,20473.822256415922,1330010.991964865,1.6341223067496415,105824606208.0,83596739584.0,586.071,472271.92038301734,625245.1855127162,18460824709.0,79710063884.0,5.2
2026-09-11T04:34:38.489419Z,552.237,client-1,crdb-client-1,0.39880358922741443,8018.88,8463.17,8324030464.0,7694856192.0,0.0,29796.57736031531,0.05743069752322504,566441984.0,5681570816.0,13.919,5210.112879306778,63249.767231934224,2991786356.0,607554963.0,1.58
2026-09-11T04:34:42.897723Z,556.645,linode-1,crdb-linode-1,4.951505870338635,6139.9800000000005,8084.51,8322887680.0,6487629824.0,0.0,622147.6646035596,7.584490225650903,10847426560.0,77621407744.0,984.856,179379.64872195356,144522.25953462147,19849087951.0,4681955437.0,0.44
2026-09-11T04:34:43.306789Z,557.054,linode-2,crdb-linode-2,5.314256515078631,6067.139999999999,8125.09,8322887680.0,6168543232.0,0.0,557958.582852601,7.829674486740838,10313304064.0,78200590336.0,964.072,222660.96215832574,368144.10384911887,19898758132.0,5210857247.0,0.3
2026-09-11T04:34:42.288725Z,556.036,azure-1,crdb-azure-1,12.59105098855321,12729.78,15020.45,8327364608.0,6274584576.0,0.0,484143.9722795527,42.01080466557751,11091290112.0,80861971456.0,948.237,197467.81062824753,166862.82924366795,19765129770.0,4474851336.0,0.69
2026-09-11T04:34:42.670235Z,556.418,azure-2,crdb-azure-2,4.8462741010957044,7815.75,9999.4,8327364608.0,6252662784.0,0.0,586857.9724674813,3.365540621781359,10385590272.0,81283957760.0,701.063,194058.4184682123,286517.3196962417,19773019036.0,4563768013.0,0.94
2026-09-11T04:34:43.240112Z,556.987,gcp-1,crdb-gcp-1,4.018311291967846,5052.379999999999,8350.57,8324030464.0,2664235008.0,15817.254020492797,759228.1929836542,1.1799438084938052,105824679936.0,83600278528.0,586.126,298046.51182771736,478173.08653350105,18462213975.0,79712292763.0,4.78
2026-09-11T04:34:43.147885Z,556.895,client-1,crdb-client-1,0.6535947712378198,8038.64,8483.06,8324030464.0,7701598208.0,0.0,7033.961227636439,0.04293189225853752,566441984.0,5681603584.0,13.921000000000001,7082.688925349862,71987.76762016909,2991819351.0,607890321.0,1.46
2026-09-11T04:34:47.954557Z,561.702,linode-1,crdb-linode-1,6.29122272958239,6158.45,8104.22,8322887680.0,6487916544.0,0.0,1212539.7366656216,10.045647711865497,10847426560.0,77627539456.0,985.364,285512.3368929696,191863.5658398469,19850531763.0,4682925675.0,0.4
2026-09-11T04:34:48.401201Z,562.149,linode-2,crdb-linode-2,5.8943089430886,6085.66,8144.77,8322887680.0,6168313856.0,0.0,1291223.870289596,8.244139796830876,10313304064.0,78207168512.0,964.492,304575.2301459624,486759.92375858955,19900309799.0,5213337059.0,0.27
2026-09-11T04:34:47.298467Z,561.046,azure-1,crdb-azure-1,4.359107420862507,12748.21,15039.72,8327364608.0,6282166272.0,0.0,1341667.8819430561,8.303665098102329,11091290112.0,80868692992.0,948.653,261012.33866742905,158107.7716878706,19766437399.0,4475643430.0,0.72
2026-09-11T04:34:47.479324Z,561.227,azure-2,crdb-azure-2,5.049453409688265,7833.99,10018.61,8327364608.0,6252179456.0,0.0,1267334.7922257956,4.51219866209917,10385590272.0,81290052608.0,701.28,309241.7678558998,302826.3362742521,19774506237.0,4565224361.0,0.86
2026-09-11T04:34:48.400219Z,562.148,gcp-1,crdb-gcp-1,4.95449949443646,5071.18,8370.35,8324030464.0,2646757376.0,21432.11284997389,1115263.6501560488,1.240284308449079,105824790528.0,83606033408.0,586.19,359614.4276072519,617493.9534308229,18464069624.0,79715479098.0,4.4
2026-09-11T04:34:48.404359Z,562.152,client-1,crdb-client-1,0.401002506269843,8058.51,8503.01,8324030464.0,7700856832.0,0.0,209608.8078681275,0.11414280749089149,566441984.0,5682705408.0,13.927,5184.176078225146,62520.771613089535,2991846602.0,608218966.0,1.34
2026-09-11T04:34:52.914718Z,566.662,linode-1,crdb-linode-1,16.012396694212327,6174.71,8123.58,8322887680.0,6495813632.0,3421165.706034181,29765710.60577072,29.75675616077316,10864396288.0,77775183872.0,986.84,179232.44202658875,134567.06717957454,19851420795.0,4683593157.0,0.37
2026-09-11T04:34:53.300623Z,567.048,linode-2,crdb-linode-2,17.18749999999535,6102.09,8164.61,8322887680.0,6161014784.0,836.0130159551469,19371257.592696708,20.328832126252696,10313308160.0,78302076928.0,965.4879999999999,236068.97127559438,375303.5101232884,19901466406.0,5215175838.0,0.25
2026-09-11T04:34:52.285437Z,566.033,azure-1,crdb-azure-1,3.842159916925092,12766.73,15058.98,8327364608.0,6281441280.0,0.0,505937.2275133961,7.258795259543377,11091290112.0,80871216128.0,949.015,196262.98539682236,170199.90003093792,19767416173.0,4476492226.0,0.66
2026-09-11T04:34:52.470441Z,566.218,azure-2,crdb-azure-2,4.9197307094714375,7852.35,10037.92,8327364608.0,6252212224.0,0.0,609738.7249099916,3.5863118191293353,10385590272.0,81293095936.0,701.459,201304.4908705335,305932.23308072117,19775510988.0,4566751330.0,0.79
2026-09-11T04:34:53.266778Z,567.014,gcp-1,crdb-gcp-1,7.452782031653571,5089.3099999999995,8389.94,8324030464.0,2640973824.0,584931.928884307,9020576.134938134,4.109515012956017,105827637248.0,83649934336.0,586.39,302772.8335704014,487071.2259777495,18465543145.0,79717849554.0,4.13
2026-09-11T04:34:53.192240Z,566.94,client-1,crdb-client-1,0.500250125064361,8078.4,8523.0,8324030464.0,7700635648.0,0.0,13687.699439662067,0.04177154370015453,566441984.0,5682770944.0,13.929,5662.96817942806,68582.60902407582,2991873716.0,608547336.0,1.23
2026-09-11T04:34:58.000277Z,571.748,linode-1,crdb-linode-1,6.001008572867395,6193.35,8143.41,8322887680.0,6495076352.0,0.0,1217767.5354762673,8.022557083603566,10864396288.0,77781377024.0,987.248,285476.9915122911,205816.34240422887,19852872634.0,4684639869.0,0.34
2026-09-11T04:34:58.313041Z,572.061,linode-2,crdb-linode-2,5.524581855048294,6120.73,8184.34,8322887680.0,6163476480.0,0.0,1345029.1942699368,8.538580969661439,10313308160.0,78308818944.0,965.9159999999999,303611.7898260707,620658.2787095933,19902988273.0,5218286914.0,0.23
2026-09-11T04:34:57.290767Z,571.038,azure-1,crdb-azure-1,10.774058577402744,12783.79,15078.1,8327364608.0,6254555136.0,0.0,15336044.46397758,17.121486680310117,11091290112.0,80947979264.0,949.872,260655.95490604299,159540.68999240364,19768720862.0,4477290792.0,0.61
2026-09-11T04:34:57.439806Z,571.187,azure-2,crdb-azure-2,11.94184839044733,7869.31,10057.18,8327364608.0,6261260288.0,0.0,15919283.014428254,11.771917092504733,10385590272.0,81372206080.0,702.044,301723.69286042196,390095.97754722956,19777010390.0,4568689894.0,0.73
2026-09-11T04:34:58.304864Z,572.052,gcp-1,crdb-gcp-1,7.524148449413104,5107.5,8409.61,8324030464.0,2639867904.0,302437.0259227877,1170723.9713140172,1.58789601144018,105829160960.0,83655832576.0,586.47,579555.6454041791,610846.5257186018,18468463012.0,79720927068.0,3.96
2026-09-11T04:34:58.271501Z,572.019,client-1,crdb-client-1,2.451225612805341,8097.9,8542.99,8324030464.0,7655784448.0,0.0,3225.6091530724507,0.019687555865909808,566441984.0,5682787328.0,13.93,7922.469356005156,66652.81101075058,2991913957.0,608885889.0,1.13
2026-09-11T04:35:02.924055Z,576.672,linode-1,crdb-linode-1,7.621483375962546,6211.41,8162.96,8322887680.0,6494093312.0,0.0,1054810.8350243424,22.34025190627389,10864396288.0,77786570752.0,988.348,362212.45572320675,228608.40703651705,19854656113.0,4685765502.0,0.31
2026-09-11T04:35:03.298028Z,577.046,linode-2,crdb-linode-2,7.618080243778369,6138.92,8204.03,8322887680.0,6162780160.0,0.0,944080.1064248842,21.825176524728292,10313308160.0,78313525248.0,967.004,398093.42640055344,477733.8566175693,19904972796.0,5220668450.0,0.21
2026-09-11T04:35:02.298726Z,576.046,azure-1,crdb-azure-1,7.002074688798987,12801.72,15097.38,8327364608.0,6254387200.0,0.0,817883.7523640709,16.753038775231953,11091290112.0,80952075264.0,950.711,320321.4959194719,202635.69161446052,19770325047.0,4478305601.0,0.64
2026-09-11T04:35:02.457561Z,576.205,azure-2,crdb-azure-2,9.00669068451304,7886.99,10076.61,8327364608.0,6260776960.0,0.0,951794.251843674,12.515385259724335,10385590272.0,81376982016.0,702.672,324810.71748190286,316042.574085851,19778640233.0,4570275740.0,0.67
2026-09-11T04:35:03.324972Z,577.073,gcp-1,crdb-gcp-1,39.91683991684189,5119.0599999999995,8428.85,8324030464.0,2606501888.0,30165397.864440087,1274433.3945757712,17.210358141378805,105980598272.0,83662230528.0,587.3340000000001,1479758.3454393318,4366012.493810956,18475891743.0,79742845466.0,3.64
2026-09-11T04:35:03.211668Z,576.959,client-1,crdb-client-1,18.848167539268555,8113.4,8562.09,8324030464.0,7485665280.0,0.0,13265.76222797771,0.0404838935180119,566441984.0,5682852864.0,13.932,3320124.5913045653,1120107.3537586413,3008316157.0,614419484.0,1.04
2026-09-11T04:35:07.976037Z,581.724,linode-1,crdb-linode-1,13.988849467812315,6228.38,8182.69,8322887680.0,6494097408.0,0.0,2735487.5286184903,51.78064460408873,10864396288.0,77800390656.0,990.964,831658.5131972423,462196.092293815,19858857719.0,4688100554.0,0.61
2026-09-11T04:35:08.331094Z,582.079,linode-2,crdb-linode-2,12.378017462762891,6155.98,8223.5,8322887680.0,6162210816.0,0.0,2805994.443056429,52.45217824466951,10313308160.0,78327648256.0,969.644,867005.4987403622,759308.2624419873,19909336570.0,5224490167.0,0.19
2026-09-11T04:35:07.307583Z,581.055,azure-1,crdb-azure-1,18.063508589281586,12817.46,15116.59,8327364608.0,6260338688.0,0.0,2492465.13465149,50.170296763654854,11091290112.0,80964559872.0,953.2239999999999,781910.3638174474,352242.998325157,19774241589.0,4480069965.0,0.59
2026-09-11T04:35:07.505500Z,581.253,azure-2,crdb-azure-2,20.79308591764174,7902.57,10096.28,8327364608.0,6259871744.0,0.0,2551874.6687840424,37.28192790089859,10385590272.0,81389863936.0,704.554,835748.7004181274,371832.1597383788,19782859111.0,4572152757.0,0.7
2026-09-11T04:35:08.348001Z,582.096,gcp-1,crdb-gcp-1,97.33606557376831,5119.58,8448.37,8324030464.0,2624524288.0,92782035.7607036,2241616.2019473403,51.641225607707305,106446653440.0,83673490432.0,589.928,3263629.5020820345,13074452.23809896,18492285341.0,79808519990.0,4.55
2026-09-11T04:35:08.233996Z,581.982,client-1,crdb-client-1,29.920424403179357,8126.610000000001,8580.94,8324030464.0,7484563456.0,0.0,201439.15188040482,0.25883937073448204,566441984.0,5683864576.0,13.945,10408482.425093265,2253212.6508203438,3060591926.0,625736064.0,0.96
2026-09-11T04:35:12.943656Z,586.692,linode-1,crdb-linode-1,12.551440329216312,6245.38,8202.13,8322887680.0,6494097408.0,0.0,2072849.440289513,51.77421246123887,10864396288.0,77810688000.0,993.5360000000001,682545.15978022,359162.66380950226,19862248415.0,4689884775.0,0.56
2026-09-11T04:35:13.332367Z,587.08,linode-2,crdb-linode-2,10.5427974947784,6173.12,8242.66,8322887680.0,6162530304.0,0.0,2093318.4296436175,52.146130433279346,10313308160.0,78338117632.0,972.252,747186.0671903985,590206.8197447674,19913073494.0,5227441986.0,0.18
2026-09-11T04:35:12.306228Z,586.054,azure-1,crdb-azure-1,18.234366789276013,12833.02,15135.62,8327364608.0,6259871744.0,0.0,1827280.5557320362,49.092480947906466,11091290112.0,80973693952.0,955.678,686007.2059382327,344293.5309118714,19777670753.0,4481790995.0,0.62
2026-09-11T04:35:12.460716Z,586.209,azure-2,crdb-azure-2,17.050209205013456,7918.43,10115.4,8327364608.0,6259707904.0,0.0,1956531.8271003664,34.30659633591761,10385590272.0,81399559168.0,706.254,724326.0658296335,398090.1114188359,19786448375.0,4574125419.0,0.72
2026-09-11T04:35:13.359643Z,587.108,gcp-1,crdb-gcp-1,97.4226804123711,5120.08,8467.77,8324030464.0,2618200064.0,87746888.15710364,1724469.4125730102,52.696466308654564,106886416384.0,83682132992.0,592.569,3080001.306924516,12538082.001220902,18507721449.0,79871357362.0,4.99
2026-09-11T04:35:13.219385Z,586.967,client-1,crdb-client-1,30.425531914896155,8139.69,8599.74,8324030464.0,7485173760.0,0.0,7394.29632852919,0.02005831252312579,566441984.0,5683901440.0,13.946,10182532.54944287,2201565.681658842,3111356578.0,636711891.0,0.88
2026-09-11T04:35:17.949419Z,591.697,linode-1,crdb-linode-1,11.041990668745061,6262.54,8221.42,8322887680.0,6494097408.0,0.0,2627396.676364684,50.58119599067402,10864396288.0,77823840256.0,996.068,779464.4206943334,391080.7425886164,19866150268.0,4691842452.0,0.68
2026-09-11T04:35:18.343377Z,592.091,linode-2,crdb-linode-2,13.97515527950237,6189.74,8261.98,8322887680.0,6161883136.0,817.3815712172591,2537969.7786295894,50.84688094388617,10313312256.0,78350835712.0,974.8,764816.712259064,681815.7644677426,19916906085.0,5230858649.0,0.16
2026-09-11T04:35:17.296183Z,591.044,azure-1,crdb-azure-1,16.70168067227127,12848.88,15154.66,8327364608.0,6258929664.0,0.0,2398474.364313897,45.129789471195615,11091290112.0,80985662464.0,957.93,741826.7259953808,336459.6143981125,19781372507.0,4483469946.0,0.57
2026-09-11T04:35:17.460081Z,591.208,azure-2,crdb-azure-2,17.940717628712378,7934.21,10134.630000000001,8327364608.0,6259314688.0,0.0,2511124.746558903,33.063643884949755,10385590272.0,81412113408.0,707.907,822674.06543469,397301.5858958994,19790561292.0,4576111708.0,0.66
2026-09-11T04:35:18.338868Z,592.087,gcp-1,crdb-gcp-1,97.36570247933754,5120.59,8487.13,8324030464.0,2618646528.0,95433168.04458854,2346879.0700364704,53.521244783857036,107361609728.0,83693818880.0,595.234,3176326.217923312,12741731.852636533,18523537429.0,79934802664.0,5.15
2026-09-11T04:35:18.229156Z,591.977,client-1,crdb-client-1,30.602536997885522,8152.82,8618.66,8324030464.0,7490351104.0,0.0,0.0,0.0,566441984.0,5683901440.0,13.946,10111312.871342892,2185677.1115950504,3162012917.0,647661844.0,0.81
2026-09-11T04:35:22.976359Z,596.724,linode-1,crdb-linode-1,11.505321844904092,6280.0,8241.15,8322887680.0,6494097408.0,0.0,1924604.9746515474,48.77780224077672,10864396288.0,77833515008.0,998.52,642448.8127749314,346731.5963141205,19869379779.0,4693585429.0,0.62
2026-09-11T04:35:23.352515Z,597.101,linode-2,crdb-linode-2,11.456211812631201,6207.13,8281.62,8322887680.0,6162014208.0,0.0,2015610.7602510569,50.06766396256307,10313312256.0,78360932352.0,977.308,712562.8737360863,560384.3252193184,19920475470.0,5233665738.0,0.15
2026-09-11T04:35:22.321884Z,596.07,azure-1,crdb-azure-1,16.45962732918489,12865.02,15173.98,8327364608.0,6258507776.0,0.0,1692749.2728597112,44.57016170414821,11091290112.0,80994169856.0,960.17,656077.3566855912,332630.3003810356,19784669810.0,4485141674.0,0.6
2026-09-11T04:35:22.511531Z,596.26,azure-2,crdb-azure-2,16.71810699588122,7950.4,10154.07,8327364608.0,6258917376.0,0.0,1791155.3177127647,32.762390394393506,10385590272.0,81421161472.0,709.562,694012.3473865531,401697.5900450059,19794067112.0,4578140893.0,0.69
2026-09-11T04:35:23.373476Z,597.122,gcp-1,crdb-gcp-1,96.42492339121644,5121.29,8506.71,8324030464.0,2592514048.0,92616099.41895078,1726367.1521421417,53.230755548974166,107827902464.0,83702510592.0,597.914,2922583.5875053764,11912574.7406607,18538251712.0,79994778706.0,5.14
2026-09-11T04:35:23.264191Z,597.012,client-1,crdb-client-1,29.652996845426905,8166.2,8637.68,8324030464.0,7517003776.0,0.0,90297.07449047166,0.09930263153954393,566441984.0,5684356096.0,13.951,9583528.15540627,2072756.7374666766,3210267067.0,658098409.0,0.91
2026-09-11T04:35:27.969872Z,601.718,linode-1,crdb-linode-1,12.828438948994336,6296.92,8260.56,8322887680.0,6493843456.0,0.0,2780566.5816715844,52.78603709559454,10864396288.0,77847400448.0,1001.1560000000001,812668.4754079052,386220.3745893426,19873438038.0,4695514115.0,0.57
2026-09-11T04:35:28.326379Z,602.075,linode-2,crdb-linode-2,13.16872427982898,6224.01,8301.06,8322887680.0,6161842176.0,823.4922956441351,2673055.9916608627,53.80042439315777,10313316352.0,78374227968.0,979.984,810215.6939040346,702414.6013856746,19924505433.0,5237159505.0,0.14
2026-09-11T04:35:27.307402Z,601.056,azure-1,crdb-azure-1,18.592436974793646,12880.52,15193.02,8327364608.0,6261018624.0,0.0,2439228.273407412,51.4681966712959,11091290112.0,81006330880.0,962.736,781396.1390742862,349404.67000787094,19788565541.0,4486883667.0,0.56
2026-09-11T04:35:27.490410Z,601.239,azure-2,crdb-azure-2,19.11458333333299,7965.93,10173.27,8327364608.0,6257750016.0,0.0,2543664.608214049,37.979736123879675,10385590272.0,81433826304.0,711.453,862509.5642927198,416929.13096440316,19798361522.0,4580216771.0,0.88
2026-09-11T04:35:28.313021Z,602.061,gcp-1,crdb-gcp-1,97.40529320186825,5121.79,8525.98,8324030464.0,2593918976.0,99004189.52897121,2277006.804637969,52.43286776515496,108316948480.0,83713758208.0,600.504,3305738.0506422576,13143896.7992505,18554580900.0,80059704952.0,5.53
2026-09-11T04:35:28.229955Z,601.978,client-1,crdb-client-1,30.85561497325644,8179.13,8656.38,8324030464.0,7515951104.0,0.0,42066.26934218536,0.06041226640364625,566441984.0,5684564992.0,13.954,10367593.908582496,2260916.182206209,3261751283.0,669325845.0,1.39
2026-09-11T04:35:32.963907Z,606.712,linode-1,crdb-linode-1,13.473360655737965,6313.81,8280.08,8322887680.0,6493847552.0,0.0,2106994.98825738,52.461504556604375,10864396288.0,77857923072.0,1003.7760000000001,735672.0835617667,393733.4032000757,19877112086.0,4697480474.0,0.53
2026-09-11T04:35:33.613921Z,607.362,linode-2,crdb-linode-2,13.381001021449956,6240.97,8320.64,8322887680.0,6161174528.0,0.0,1887788.507389367,53.1805931623286,10313316352.0,78384209920.0,982.796,725859.8735747319,598603.9338541053,19928343521.0,5240324709.0,0.13
2026-09-11T04:35:32.306162Z,606.054,azure-1,crdb-azure-1,18.49529780564776,12896.119999999999,15212.16,8327364608.0,6260314112.0,0.0,1816582.442800321,50.41154550438523,11091290112.0,81015411712.0,965.256,726138.5038733913,355952.5220276033,19792195402.0,4488663022.0,0.51
2026-09-11T04:35:32.483980Z,606.232,azure-2,crdb-azure-2,19.25272444214251,7981.49,10192.54,8327364608.0,6257070080.0,0.0,1957917.8041707096,36.786735096903186,10385590272.0,81443603456.0,713.29,755909.7329713166,406492.22129432333,19802136269.0,4582246650.0,0.81
2026-09-11T04:35:33.329220Z,607.077,gcp-1,crdb-gcp-1,97.36434108527024,5122.3,8545.33,8324030464.0,2459836416.0,92715812.00231719,1671459.9872188899,51.03382960487464,108782036992.0,83722142720.0,603.064,3164314.528629013,12674239.621317074,18570453989.0,80123282492.0,5.64
2026-09-11T04:35:33.228458Z,606.977,client-1,crdb-client-1,29.33618843683291,8192.33,8675.06,8324030464.0,7516176384.0,0.0,9833.214838363332,0.040011453606599454,566441984.0,5684614144.0,13.956,10371233.0504874,2259604.4302931335,3313592604.0,680620633.0,1.68
2026-09-11T04:35:37.978931Z,611.727,linode-1,crdb-linode-1,13.466461853563395,6330.71,8299.61,8322887680.0,6495969280.0,0.0,4027320.3444646746,50.647141861101794,10864396288.0,77878120448.0,1006.316,825696.9639922172,415576.9472152283,19881253031.0,4699564630.0,0.48
2026-09-11T04:35:38.364826Z,612.113,linode-2,crdb-linode-2,15.896394108689371,6257.53,8340.33,8322887680.0,6175064064.0,0.0,5625437.918583777,56.240908309596485,10313316352.0,78410936320.0,985.4680000000001,877210.8319208019,769948.979845315,19932511141.0,5243982729.0,0.12
2026-09-11T04:35:37.345376Z,611.094,azure-1,crdb-azure-1,18.111455108349915,12911.990000000002,15231.54,8327364608.0,6259372032.0,0.0,2370160.0919320183,46.812103287121765,11091290112.0,81027355648.0,967.615,749471.298768638,336067.84002283757,19795972209.0,4490356567.0,0.55
2026-09-11T04:35:37.480280Z,611.229,azure-2,crdb-azure-2,18.672839506165307,7997.3,10211.98,8327364608.0,6255665152.0,0.0,2492163.8323200443,36.546334981950096,10385590272.0,81456055296.0,715.116,817726.8470960129,358518.3453075927,19806221957.0,4584037950.0,0.74
2026-09-11T04:35:38.367658Z,612.116,gcp-1,crdb-gcp-1,97.45676500508645,5122.8,8564.99,8324030464.0,2424459264.0,76814221.27551545,11136395.568348885,48.38709356999234,109169068032.0,83778253824.0,605.5020000000001,3132642.1620283932,12757619.82522406,18586237912.0,80187562189.0,5.91
2026-09-11T04:35:38.233852Z,611.982,client-1,crdb-client-1,29.35297211993616,8205.76,8694.07,8324030464.0,7516504064.0,0.0,31913.779949774256,0.0599342321773127,566441984.0,5684773888.0,13.959,10161979.72228913,2205011.767384757,3364458258.0,691657790.0,1.55
2026-09-11T04:35:42.974313Z,616.723,linode-1,crdb-linode-1,23.703319502069895,6345.42,8318.89,8322887680.0,6492319744.0,5646105.2098576315,35854325.96814617,65.89945558289796,10892601344.0,78057230336.0,1009.6080000000001,671776.2877196891,359678.5079212712,19884608882.0,4701361400.0,0.6
2026-09-11T04:35:43.331060Z,617.079,linode-2,crdb-linode-2,31.129619989589685,6270.76,8359.54,8322887680.0,6176256000.0,7817053.465217234,43143075.20210102,71.19978568020109,10352138240.0,78625198080.0,989.004,775080.7461005653,576127.6843393889,19936360430.0,5246843956.0,0.27
2026-09-11T04:35:42.354405Z,616.103,azure-1,crdb-azure-1,30.099632931314567,12925.32,15250.61,8327364608.0,6261407744.0,42520.785746554924,29469357.64461717,53.14299675918618,11091503104.0,81174971392.0,970.2769999999999,710817.7266297586,341818.27056365757,19799532785.0,4492068778.0,0.83
2026-09-11T04:35:42.497450Z,616.246,azure-2,crdb-azure-2,25.03920543649518,8011.639999999999,10231.11,8327364608.0,6268510208.0,0.0,18898509.447356775,39.56360709953582,10385590272.0,81550873600.0,717.101,738273.4514465488,370083.7608826368,19809926050.0,4585894748.0,1.08
2026-09-11T04:35:43.396618Z,617.145,gcp-1,crdb-gcp-1,97.03324808184169,5123.38,8584.539999999999,8324030464.0,2431131648.0,60350132.56016426,1914015.5676530225,47.84243533673822,109472569344.0,83787879424.0,607.908,3254845.7514753756,13498913.342749123,18602606558.0,80255448335.0,5.92
2026-09-11T04:35:43.261230Z,617.01,client-1,crdb-client-1,32.89054197662383,8218.39,8712.89,8324030464.0,7516311552.0,0.0,7332.550469017603,0.01989081615946876,566441984.0,5684810752.0,13.96,10820505.33228963,2348994.5965843815,3418857762.0,703467233.0,1.42
2026-09-11T04:35:47.990407Z,621.739,linode-1,crdb-linode-1,11.219763252703341,6362.67,8338.32,8322887680.0,6492061696.0,0.0,2670154.683281037,47.92511720696856,10892601344.0,78070624256.0,1012.0120000000001,801136.5137737351,366716.45799981884,19888627510.0,4703200908.0,0.56
2026-09-11T04:35:48.341501Z,622.09,linode-2,crdb-linode-2,11.362467866320058,6288.0,8378.99,8322887680.0,6175313920.0,0.0,2695238.7826239658,49.73548874849251,10352138240.0,78638702592.0,991.496,769933.1075318765,681910.0739940135,19940218185.0,5250260671.0,0.25
2026-09-11T04:35:47.352924Z,621.101,azure-1,crdb-azure-1,17.121848739497793,12941.099999999999,15269.65,8327364608.0,6267920384.0,0.0,2401759.521327805,47.41350929406049,11091503104.0,81186976768.0,972.6469999999999,749321.7004843219,338402.41930878477,19803278326.0,4493760308.0,0.84
2026-09-11T04:35:47.506034Z,621.255,azure-2,crdb-azure-2,17.108684347369362,8027.58,10250.34,8327364608.0,6253445120.0,0.0,2549835.728050391,34.52002778253713,10385590272.0,81563644928.0,718.8299999999999,819210.9711770187,360480.53118749557,19814029221.0,4587700282.0,1.32
2026-09-11T04:35:48.358835Z,622.107,gcp-1,crdb-gcp-1,97.33470015376975,5123.9,8604.05,8324030464.0,2434670592.0,96692272.53963378,2243493.821762501,50.92379010799259,109952387072.0,83799012352.0,610.4350000000001,3221381.3278668113,12998084.621256597,18618592074.0,80319948954.0,6.25
2026-09-11T04:35:48.241549Z,621.99,client-1,crdb-client-1,30.453108535301542,8231.59,8731.87,8324030464.0,7514562560.0,0.0,74840.65082061026,0.10039364432278526,566441984.0,5685183488.0,13.965,10437979.806511685,2260083.2052348764,3470843024.0,714723340.0,1.31
2026-09-11T04:35:52.966885Z,626.715,linode-1,crdb-linode-1,11.98754540737077,6379.63,8357.59,8322887680.0,6492061696.0,0.0,1994264.0622254713,50.55684194840956,10892601344.0,78080548864.0,1014.528,651555.520378345,357683.4276033638,19891870026.0,4704980947.0,0.51
2026-09-11T04:35:53.311413Z,627.06,linode-2,crdb-linode-2,11.283643892336514,6305.14,8398.31,8322887680.0,6175125504.0,0.0,2085079.5443720182,52.394190934805984,10352138240.0,78649065472.0,994.1,747895.6873693594,575586.2033949379,19943935239.0,5253121344.0,0.31
2026-09-11T04:35:52.301293Z,626.05,azure-1,crdb-azure-1,17.304667016250697,12956.87,15288.720000000001,8327364608.0,6267408384.0,0.0,1824315.658468665,47.85310753412976,11091503104.0,81196004352.0,975.015,696528.4529509959,354942.543921588,19806725081.0,4495516733.0,0.77
2026-09-11T04:35:52.478510Z,626.227,azure-2,crdb-azure-2,17.15789473684325,8043.32,10269.34,8327364608.0,6229561344.0,0.0,1929159.8186037699,35.9373394201525,10385590272.0,81573237760.0,720.617,727096.0358608225,369490.1474016868,19817644738.0,4589537588.0,1.21
2026-09-11T04:35:53.337257Z,627.086,gcp-1,crdb-gcp-1,97.4585062240676,5124.389999999999,8623.33,8324030464.0,2435186688.0,113286208.43320732,1789457.0812252236,52.86740119639789,110516381696.0,83807921152.0,613.067,3096780.7378421114,12660471.519232186,18634009376.0,80382979026.0,6.23
2026-09-11T04:35:53.217329Z,626.966,client-1,crdb-client-1,30.00533902829211,8244.7,8750.6,8324030464.0,7514583040.0,0.0,8231.725483967528,0.02009698604486716,566441984.0,5685224448.0,13.966000000000001,10132285.797976388,2197170.726195388,3521259966.0,725656177.0,1.37
2026-09-11T04:35:58.095308Z,631.844,linode-1,crdb-linode-1,11.95484864032813,6396.79,8377.08,8322887680.0,6491807744.0,0.0,2550164.2121262327,47.577224880260665,10892601344.0,78093627392.0,1016.968,765142.5851945408,354919.0780161971,19895794063.0,4706801151.0,0.47
2026-09-11T04:35:58.428218Z,632.177,linode-2,crdb-linode-2,11.755802219979628,6322.63,8418.13,8322887680.0,6174715904.0,0.0,2486305.8661041446,49.79578451699902,10352138240.0,78661787648.0,996.648,735180.0377511637,666062.9807213189,19947697081.0,5256529521.0,0.36
2026-09-11T04:35:57.362456Z,631.111,azure-1,crdb-azure-1,16.658044490427628,12972.98,15308.05,8327364608.0,6281383936.0,0.0,2308091.0551124783,44.06038947535506,11091503104.0,81207686144.0,977.245,726455.4516958927,322564.9258677406,19810401843.0,4497149310.0,0.71
2026-09-11T04:35:57.546520Z,631.295,azure-2,crdb-azure-2,17.80400205233137,8059.34,10288.83,8327364608.0,6218063872.0,0.0,2392251.036055271,33.52343181101265,10385590272.0,81585361920.0,722.316,781783.2014143249,351192.97122885677,19821606891.0,4591317468.0,1.19
2026-09-11T04:35:58.443371Z,632.192,gcp-1,crdb-gcp-1,97.75624681284806,5124.83,8642.94,8324030464.0,2430590976.0,108318921.51446141,2135350.867718473,50.663790063895384,111069480960.0,83818824704.0,615.654,3077023.4777055015,12483723.944005081,18649721307.0,80446723554.0,6.77
2026-09-11T04:35:58.410657Z,632.159,client-1,crdb-client-1,29.056203605520746,8258.08,8769.460000000001,8324030464.0,7515910144.0,0.0,39434.459213986775,0.07702042815230943,566441984.0,5685429248.0,13.97,9888977.21902969,2129707.4554764437,3572617651.0,736716658.0,1.66
2026-09-11T04:36:03.142521Z,636.891,linode-1,crdb-linode-1,12.422037422039267,6413.639999999999,8396.32,8322887680.0,6491308032.0,0.0,2152156.2578036836,55.15813372835583,10892601344.0,78104489984.0,1019.7520000000001,552205.0362956668,352614.4180224093,19898581211.0,4708580904.0,0.59
2026-09-11T04:36:03.506917Z,637.256,linode-2,crdb-linode-2,11.688311688311693,6339.63,8437.38,8322887680.0,6174052352.0,0.0,1939608.9587762398,53.083437752371296,10352138240.0,78671638528.0,999.344,612748.8558538471,550973.3989635742,19950809108.0,5259327803.0,0.33
2026-09-11T04:36:02.309581Z,636.058,azure-1,crdb-azure-1,19.813278008296574,12988.44,15327.33,8327364608.0,6281072640.0,0.0,1791675.839612678,52.91903001830694,11091503104.0,81216549888.0,979.8629999999999,623897.3738712713,338824.0953911712,19813488376.0,4498825534.0,0.73
2026-09-11T04:36:02.488130Z,636.237,azure-2,crdb-azure-2,19.280875455969927,8074.83,10308.02,8327364608.0,6216802304.0,0.0,1929590.986856698,40.51225438789308,10385590272.0,81594897408.0,724.318,634539.474242889,360713.4639028961,19824742604.0,4593100011.0,1.26
2026-09-11T04:36:03.502317Z,637.251,gcp-1,crdb-gcp-1,71.17585848074843,5130.37,8662.16,8324030464.0,2429665280.0,70594273.35246892,993430.2849284266,41.09484758554001,111426619392.0,83823850496.0,617.7330000000001,2177915.63584216,8240911.279788773,18660739444.0,80488414558.0,14.48
2026-09-11T04:36:03.694873Z,637.444,client-1,crdb-client-1,21.6950959488179,8272.77,8788.22,8324030464.0,7616737280.0,0.0,3100.5135087702506,0.0,566441984.0,5685445632.0,13.97,6062491.9333903035,1321193.2613421972,3604653592.0,743698221.0,2.17
2026-09-11T04:36:07.986646Z,641.736,linode-1,crdb-linode-1,6.0913705583744875,6432.14,8416.02,8322887680.0,6491086848.0,0.0,1242940.3168476084,8.670063594081245,10892601344.0,78110511104.0,1020.172,309151.3475953831,194688.54873605465,19900078819.0,4709524025.0,0.54
2026-09-11T04:36:08.340220Z,642.089,linode-2,crdb-linode-2,5.3598774885154405,6358.17,8456.97,8322887680.0,6173802496.0,0.0,1353297.4086923269,9.185680937697803,10352138240.0,78678179840.0,999.788,308340.13799149304,635624.9153781662,19952299504.0,5262400166.0,0.31
2026-09-11T04:36:07.348338Z,641.097,azure-1,crdb-azure-1,4.744713769985043,13006.91,15346.72,8327364608.0,6281170944.0,0.0,1208750.941153824,7.203980586287314,11091503104.0,81222640640.0,980.226,255624.02286477163,155702.8275653275,19814776435.0,4499610102.0,0.68
2026-09-11T04:36:07.487821Z,641.237,azure-2,crdb-azure-2,6.071613907628681,8092.93,10327.29,8327364608.0,6215806976.0,0.0,1219854.977125179,4.4202397979825525,10385590272.0,81600996352.0,724.539,277744.2676248497,209480.364308505,19826131250.0,4594147356.0,1.64
2026-09-11T04:36:08.323344Z,642.072,gcp-1,crdb-gcp-1,12.544620091789715,5147.52,8681.77,8324030464.0,2199932928.0,27221335.332646597,1286221.2625187861,17.54689286856039,111557863424.0,83830051840.0,618.5790000000001,485151.88385797985,622343.90429046,18663078539.0,80491415106.0,13.32
2026-09-11T04:36:08.268737Z,642.018,client-1,crdb-client-1,0.35052578869065876,8292.67,8808.19,8324030464.0,7654649856.0,0.0,489817.55717769876,0.21861858234978807,566441984.0,5687686144.0,13.98,10352.901585756785,72269.61924170038,3604700948.0,744028795.0,1.99
2026-09-11T04:36:12.995338Z,646.747,linode-1,crdb-linode-1,4.8395313295968245,6450.82,8435.65,8322887680.0,6490861568.0,817.374523480173,582788.0352413633,5.667342887411192,10892605440.0,78113431552.0,1020.456,188323.6090510821,159383.64188343927,19901022540.0,4710322723.0,0.5
2026-09-11T04:36:13.349089Z,647.101,linode-2,crdb-linode-2,7.941325240265973,6376.37,8476.74,8322887680.0,6172315648.0,0.0,495308.8881943027,5.826750212424552,10352138240.0,78680662016.0,1000.08,236057.01616578602,370652.1524254172,19953482473.0,5264257641.0,0.28
2026-09-11T04:36:12.430157Z,646.181,azure-1,crdb-azure-1,4.138644593891749,13025.44,15366.05,8327364608.0,6280937472.0,0.0,584893.9098576927,5.271270763449884,11091503104.0,81225614336.0,980.494,186176.9562024627,161225.35670583384,19815722989.0,4500429798.0,0.7
2026-09-11T04:36:12.621601Z,646.373,azure-2,crdb-azure-2,4.115226337445099,8111.57,10346.73,8327364608.0,6215806976.0,0.0,574978.052335764,2.978842116776538,10385590272.0,81603949568.0,724.692,172485.86151287754,212549.9251145744,19827017176.0,4595239060.0,1.51
2026-09-11T04:36:13.316133Z,647.068,gcp-1,crdb-gcp-1,4.130982367761227,5166.55,8701.62,8324030464.0,2406195200.0,38539.12136211642,834740.9690773302,1.181125415747422,111558055936.0,83834221568.0,618.638,180302.39814741025,451417.3255059703,18663979192.0,80493670042.0,12.25
2026-09-11T04:36:13.513473Z,647.265,client-1,crdb-client-1,0.6996501749096273,8312.54,8828.2,8324030464.0,7678746624.0,0.0,6244.743768355302,0.01905744558212842,566441984.0,5687718912.0,13.981,5224.598706343402,63301.02067117702,3604728363.0,744360954.0,1.83
2026-09-11T04:36:18.191663Z,651.945,linode-1,crdb-linode-1,6.249999999996614,6469.72,8455.81,8322887680.0,6490632192.0,0.0,1245749.611298746,6.4636557749433345,10892605440.0,78119907328.0,1020.792,265802.83882934274,166570.3330273593,19902404262.0,4711188605.0,0.46
2026-09-11T04:36:18.601880Z,652.355,linode-2,crdb-linode-2,5.691462805792757,6395.26,8496.77,8322887680.0,6173143040.0,0.0,1271354.671065054,6.927143711376403,10352138240.0,78687342592.0,1000.4440000000001,275304.29262310296,469282.7762377787,19954929112.0,5266723577.0,0.26
2026-09-11T04:36:17.442569Z,651.196,azure-1,crdb-azure-1,3.887468030700736,13044.23,15385.6,8327364608.0,6280970240.0,0.0,1271031.4388527987,6.50136205781513,11091503104.0,81231987712.0,980.8199999999999,255558.37165030168,156215.56512401867,19817004444.0,4501213115.0,0.64
2026-09-11T04:36:17.550752Z,651.304,azure-2,crdb-azure-2,4.850361197112796,8130.01,10366.11,8327364608.0,6215090176.0,0.0,1240163.360192256,4.2992727840721665,10385590272.0,81610064896.0,724.904,287394.21786207665,216827.73898810963,19828434336.0,4596308252.0,1.39
2026-09-11T04:36:18.912093Z,652.666,gcp-1,crdb-gcp-1,3.983862834089591,5185.59,8721.45,8324030464.0,2396610560.0,65120.5368289505,1055099.034914007,1.089677171087246,111558420480.0,83840128000.0,618.6990000000001,230195.01693445415,539009.1699491964,18665267821.0,80496687409.0,11.27
2026-09-11T04:36:18.874952Z,652.629,client-1,crdb-client-1,0.49285362247594167,8332.73,8848.49,8324030464.0,7688716288.0,0.0,7636.922090882293,0.03728965864689865,566441984.0,5687759872.0,13.983,5883.935237892172,61869.69648886093,3604759921.0,744692787.0,1.68
2026-09-11T04:36:22.977476Z,656.732,linode-1,crdb-linode-1,5.25773195876943,6488.1,8475.210000000001,8322887680.0,6490632192.0,0.0,508247.63615126355,5.514839801988746,10892605440.0,78122340352.0,1021.056,159069.287224948,162762.97651959804,19903165740.0,4711967765.0,0.42
2026-09-11T04:36:23.361512Z,657.116,linode-2,crdb-linode-2,5.449871465293321,6413.65,8516.22,8322887680.0,6173712384.0,0.0,509326.61771729635,5.3771813525891075,10352138240.0,78689767424.0,1000.7,245363.9358108668,385808.1410330861,19956097255.0,5268560355.0,0.24
2026-09-11T04:36:22.338879Z,656.093,azure-1,crdb-azure-1,3.1200423056591764,13062.55,15404.51,8327364608.0,6281003008.0,0.0,603815.1189162007,6.043639467165624,11091503104.0,81234945024.0,981.116,195300.0052044157,168829.68104627077,19817960967.0,4502039994.0,0.59
2026-09-11T04:36:22.489544Z,656.244,azure-2,crdb-azure-2,3.8060479666343183,8148.46,10385.29,8327364608.0,6214574080.0,0.0,610231.2901344295,3.339955300775898,10385590272.0,81613079552.0,725.069,170977.16996355707,125133.34834816374,19829278995.0,4596926434.0,1.27
2026-09-11T04:36:23.322046Z,657.077,gcp-1,crdb-gcp-1,3.726391015826791,5204.45,8741.04,8324030464.0,2393698304.0,46428.37940338901,718711.3131644619,1.156175463657046,111558625280.0,83843298304.0,618.75,196027.96295581872,496555.59833852894,18666132519.0,80498877763.0,10.37
2026-09-11T04:36:23.235652Z,656.99,client-1,crdb-client-1,0.5083884087461299,8352.3,8868.16,8324030464.0,7688290304.0,0.0,1878.096332920942,0.0,566441984.0,5687768064.0,13.983,6107.022719280768,74914.76837352422,3604786559.0,745019555.0,1.55
2026-09-11T04:36:28.122387Z,661.878,linode-1,crdb-linode-1,5.552751135791989,6506.8099999999995,8495.02,8322887680.0,6490636288.0,0.0,1217814.9509532794,6.8402596305581795,10892605440.0,78128607232.0,1021.408,294118.33862721495,173895.14017897364,19904679274.0,4712862630.0,0.39
2026-09-11T04:36:28.433787Z,662.19,linode-2,crdb-linode-2,5.707070707075534,6432.32,8536.02,8322887680.0,6172991488.0,0.0,1292587.614394681,6.938272836479398,10352138240.0,78696325120.0,1001.052,284195.59758269123,600643.5199137307,19957539067.0,5271607605.0,0.22
2026-09-11T04:36:27.388081Z,661.144,azure-1,crdb-azure-1,3.9134912461391114,13081.21,15423.93,8327364608.0,6283685888.0,0.0,1198726.0280694156,6.989727723876721,11091503104.0,81240998912.0,981.4689999999999,252380.85125509827,153575.40661349442,19819235558.0,4502815591.0,0.55
2026-09-11T04:36:27.533289Z,661.289,azure-2,crdb-azure-2,4.832904884312306,8166.97,10404.74,8327364608.0,6214090752.0,0.0,1196780.8647043328,3.7662644081708025,10385590272.0,81619117056.0,725.259,279959.7144969052,214137.70255753567,19830691332.0,4598006713.0,1.25
2026-09-11T04:36:28.429542Z,662.185,gcp-1,crdb-gcp-1,7.933299646280312,5222.67,8760.83,8324030464.0,2132209664.0,232522.76940807208,1161812.044387229,1.4485692463811124,111559813120.0,83849233408.0,618.8240000000001,379112.8875740813,607208.1246558537,18668069213.0,80501979679.0,9.54
2026-09-11T04:36:28.659040Z,662.415,client-1,crdb-client-1,0.4482071713154623,8372.289999999999,8888.24,8324030464.0,7688065024.0,0.0,6040.8456234711875,0.036870395651048826,566441984.0,5687800832.0,13.985,5468.985786923104,60567.55199194624,3604816225.0,745348098.0,1.43
2026-09-11T04:36:33.247364Z,667.004,linode-1,crdb-linode-1,5.738953783638223,6525.37,8514.71,8322887680.0,6490636288.0,0.0,546586.9356055288,6.633185068084438,10892605440.0,78131408896.0,1021.748,159837.51946147406,159486.74102757953,19905498560.0,4713680118.0,0.36
2026-09-11T04:36:33.577464Z,667.334,linode-2,crdb-linode-2,4.48222565687737,6450.86,8555.43,8322887680.0,6172782592.0,0.0,598739.2853220304,6.609047650585073,10352138240.0,78699405312.0,1001.392,239782.27465959132,365112.3666301863,19958772618.0,5273485912.0,0.2
2026-09-11T04:36:32.346766Z,666.103,azure-1,crdb-azure-1,3.610675039239508,13099.630000000001,15443.04,8327364608.0,6283948032.0,0.0,616944.5348301008,6.95640192659968,11091503104.0,81244058624.0,981.814,194989.96235095814,170662.11418719104,19820202603.0,4503661983.0,0.5
2026-09-11T04:36:32.492439Z,666.249,azure-2,crdb-azure-2,4.922279792754313,8185.32,10424.04,8327364608.0,6213599232.0,0.0,612757.8379027604,3.83070424375264,10385590272.0,81622156288.0,725.449,176344.45370107936,211451.44678299344,19831565987.0,4599055496.0,1.15
2026-09-11T04:36:33.572472Z,667.329,gcp-1,crdb-gcp-1,4.383282364936525,5241.43,8780.45,8324030464.0,2333089792.0,27074.558509788025,849663.3508807006,1.2247940502328853,111559952384.0,83853603840.0,618.8870000000001,254496.06746285892,438367.2049894583,18669378270.0,80504234518.0,8.77
2026-09-11T04:36:33.545727Z,667.302,client-1,crdb-client-1,3.7204625439906325,8391.44,8908.130000000001,8324030464.0,7582281728.0,0.0,10056.791790968482,0.02046059527787429,566441984.0,5687849984.0,13.986,8847.775216000367,70075.6973730588,3604859468.0,745690589.0,1.31
2026-09-11T04:36:38.037061Z,671.794,linode-1,crdb-linode-1,13.258541560429816,6542.38,8534.32,8322887680.0,6472331264.0,0.0,15996663.083051799,31.731140105709763,10892605440.0,78208036864.0,1023.268,483667.957028807,257898.5988441717,19907815449.0,4714915516.0,0.41
2026-09-11T04:36:38.373683Z,672.131,linode-2,crdb-linode-2,12.93326435592348,6467.69,8574.76,8322887680.0,6179520512.0,0.0,16945937.359163918,32.93909269922682,10352138240.0,78780690432.0,1002.972,471344.2402075806,594570.2198964749,19961033530.0,5276337906.0,0.18
2026-09-11T04:36:37.356303Z,671.113,azure-1,crdb-azure-1,7.53246753247131,13117.43,15462.29,8327364608.0,6283456512.0,0.0,1505907.2497215748,16.526427662927755,11091503104.0,81251603456.0,982.6419999999999,379134.6132849777,199847.024081182,19822102127.0,4504663248.0,0.46
2026-09-11T04:36:37.545758Z,671.303,azure-2,crdb-azure-2,9.453244762393421,8203.039999999999,10443.61,8327364608.0,6212657152.0,0.0,1531775.27109562,12.742632825231322,10385590272.0,81629897728.0,726.093,424756.6700000263,263948.2053510564,19833712665.0,4600389464.0,1.06
2026-09-11T04:36:38.387630Z,672.145,gcp-1,crdb-gcp-1,49.641025641027134,5251.25,8799.95,8324030464.0,2328100864.0,40561788.618894026,11130272.512882369,24.44079884182179,111755286528.0,83907204096.0,620.064,1746110.8887302696,5431188.842547259,18677787048.0,80530389593.0,8.07
2026-09-11T04:36:38.290522Z,672.048,client-1,crdb-client-1,19.507079181958066,8406.79,8927.2,8324030464.0,7472422912.0,0.0,24168.61893796143,0.042146726663553354,566441984.0,5687964672.0,13.988,4146705.5905381874,1308966.6950132009,3624536942.0,751902064.0,1.29
2026-09-11T04:36:43.072915Z,676.83,linode-1,crdb-linode-1,12.89324394017104,6559.27,8553.71,8322887680.0,6471852032.0,0.0,1909629.624124394,47.3366319065655,10892605440.0,78217654272.0,1025.652,642430.1721423168,361989.41925206914,19911050900.0,4716738592.0,0.78
2026-09-11T04:36:43.377606Z,677.135,linode-2,crdb-linode-2,12.004121586810633,6484.7699999999995,8594.17,8322887680.0,6178070528.0,0.0,1966814.5555769887,50.91539514013012,10352138240.0,78790533120.0,1005.52,730967.8294889977,592736.3283574365,19964691571.0,5279304184.0,0.17
2026-09-11T04:36:42.319362Z,676.077,azure-1,crdb-azure-1,24.565102793885163,13131.74,15481.26,8327364608.0,6253682688.0,6601.76870553027,18101224.56947581,49.13853110592299,11091535872.0,81341449216.0,985.081,673064.3015462721,337911.11213498306,19825442894.0,4506340476.0,0.42
2026-09-11T04:36:42.478367Z,676.236,azure-2,crdb-azure-2,31.787389265227418,8216.130000000001,10462.8,8327364608.0,6183837696.0,5664362.74621003,32882696.83936614,43.137107270477706,10413533184.0,81792111616.0,728.221,694179.2363748326,324843.70250356745,19837137126.0,4601991953.0,1.14
2026-09-11T04:36:43.373386Z,677.131,gcp-1,crdb-gcp-1,97.46508018624013,5251.74,8819.28,8324030464.0,2321854464.0,103207825.72321694,1715228.9921049122,57.298322427027664,112269899776.0,83915756544.0,622.921,2920789.105390194,11972326.033343676,18692350641.0,80590085818.0,8.3
2026-09-11T04:36:43.606797Z,677.364,client-1,crdb-client-1,28.3431006925951,8420.24,8945.97,8324030464.0,7473434624.0,0.0,325106.63210811425,0.16927621497410136,566441984.0,5689693184.0,13.997,8984564.761148404,1941247.407818506,3672305663.0,762223199.0,1.9
2026-09-11T04:36:48.010997Z,681.769,linode-1,crdb-linode-1,15.115681233939892,6575.78,8573.16,8322887680.0,6471106560.0,0.0,2748654.173085706,54.5108187591552,10892605440.0,78231228416.0,1028.344,841989.2529478286,434464.589975689,19915209038.0,4718884182.0,0.71
2026-09-11T04:36:48.399154Z,682.157,linode-2,crdb-linode-2,12.691914022511641,6501.83,8613.71,8322887680.0,6177308672.0,0.0,2594530.313678155,54.08351353088506,10352138240.0,78803562496.0,1008.236,791971.6117826586,716312.241202492,19968668744.0,5282901406.0,0.16
2026-09-11T04:36:47.366895Z,681.125,azure-1,crdb-azure-1,18.21484172288603,13147.5,15500.53,8327364608.0,6253998080.0,0.0,2494335.8095459356,49.18898148329509,11091535872.0,81354040320.0,987.564,747316.725510483,345924.13714638137,19829215258.0,4508086659.0,0.47
2026-09-11T04:36:47.512356Z,681.27,azure-2,crdb-azure-2,18.355739400212336,8231.92,10482.14,8327364608.0,6191382528.0,0.0,2507561.598991737,35.893613380887494,10413533184.0,81804735488.0,730.028,809998.6789313857,371131.0237164135,19841214920.0,4603860346.0,1.12
2026-09-11T04:36:48.402685Z,682.161,gcp-1,crdb-gcp-1,97.45028046914823,5252.24,8838.89,8324030464.0,2322694144.0,106003888.86825119,2397500.5095618055,58.234496676457155,112803063808.0,83927815168.0,625.85,3129946.5317782946,12599940.175819632,18708093223.0,80653459294.0,8.52
2026-09-11T04:36:48.275517Z,682.033,client-1,crdb-client-1,29.695697796439056,8433.64,8965.03,8324030464.0,7474266112.0,0.0,7895.547979513908,0.0,566441984.0,5689730048.0,13.997,10850700.33401465,2338750.2392534036,3722967152.0,773142731.0,2.15
2026-09-11T04:36:53.019218Z,686.777,linode-1,crdb-linode-1,15.39634146341311,6592.43,8592.84,8322887680.0,6470881280.0,0.0,1938210.2864533179,47.83870490446652,10892605440.0,78240935936.0,1030.74,647327.9579255835,357490.2959336179,19918451178.0,4720674671.0,0.66
2026-09-11T04:36:53.388026Z,687.146,linode-2,crdb-linode-2,12.704918032789026,6518.87,8633.23,8322887680.0,6176915456.0,0.0,1908780.4628237674,51.71217231692496,10352138240.0,78813085696.0,1010.816,707951.6651052769,575365.263110659,19972200824.0,5285771992.0,0.14
2026-09-11T04:36:52.349576Z,686.108,azure-1,crdb-azure-1,16.82439537328676,13163.32,15519.55,8327364608.0,6253277184.0,0.0,1680169.3048290154,48.00355290483262,11091535872.0,81362412544.0,989.956,655298.2667208521,335882.18418785377,19832480586.0,4509760348.0,0.43
2026-09-11T04:36:52.530131Z,686.288,azure-2,crdb-azure-2,16.909469302818014,8247.89,10501.36,8327364608.0,6190825472.0,0.0,1803908.6003551253,34.09669753083951,10413533184.0,81813787648.0,731.739,666659.7859432244,354464.56453784206,19844560273.0,4605639078.0,1.27
2026-09-11T04:36:53.392374Z,687.15,gcp-1,crdb-gcp-1,96.9477496120013,5252.83,8858.22,8324030464.0,2320531456.0,100627308.87821732,1791917.833420196,58.17701627297209,113305188352.0,83936756736.0,628.753,2858161.8587364103,11696395.132632965,18722355288.0,80711823640.0,8.48
2026-09-11T04:36:53.293772Z,687.052,client-1,crdb-client-1,30.450928381954412,8446.75,8983.88,8324030464.0,7519404032.0,0.0,0.0,0.0,566441984.0,5689730048.0,13.997,9416548.329544736,2034817.4803121365,3770224972.0,783354651.0,1.98
2026-09-11T04:36:58.003850Z,691.762,linode-1,crdb-linode-1,18.46938775510578,6608.41,8612.44,8322887680.0,6470422528.0,0.0,2450267.1520476704,54.40458928991638,10892605440.0,78253150208.0,1033.452,745251.7977425889,350547.1042649219,19922166164.0,4722422104.0,0.6
2026-09-11T04:36:58.355341Z,692.114,linode-2,crdb-linode-2,11.25895598772072,6536.21,8652.77,8322887680.0,6176935936.0,0.0,2502517.089686544,48.796764194747226,10352138240.0,78825517056.0,1013.24,752353.7040696203,675582.9466981791,19975938173.0,5289127979.0,0.13
2026-09-11T04:36:57.350371Z,691.109,azure-1,crdb-azure-1,17.18177056050454,13179.130000000001,15538.640000000001,8327364608.0,6252077056.0,0.0,2268716.4175514695,49.629771304245764,11091535872.0,81373758464.0,992.438,717540.3149427117,325477.71904284076,19836069027.0,4511388072.0,0.48
2026-09-11T04:36:57.533131Z,691.291,azure-2,crdb-azure-2,17.089590885548212,8263.9,10520.67,8327364608.0,6189662208.0,0.0,2447861.6040905067,34.278345224764664,10413533184.0,81826034688.0,733.454,783712.3027701573,391553.0428688492,19848481310.0,4607598080.0,1.25
2026-09-11T04:36:58.404585Z,692.163,gcp-1,crdb-gcp-1,97.07241910631909,5253.4,8877.69,8324030464.0,2324357120.0,106562949.31686828,2071523.9179345968,55.541968953497715,113839327232.0,83947140096.0,631.537,3034898.770920421,12354397.86298757,18737567493.0,80773749143.0,8.6
2026-09-11T04:36:58.257465Z,692.016,client-1,crdb-client-1,29.102496016998803,8460.1,9002.710000000001,8324030464.0,7514300416.0,0.0,7426.372863200724,0.020145325692300892,566441984.0,5689766912.0,13.998000000000001,9928528.480047835,2145824.8945488716,3819509499.0,794006377.0,2.06
2026-09-11T04:37:03.025721Z,696.784,linode-1,crdb-linode-1,16.323377960865404,6624.66,8631.86,8322887680.0,6465536000.0,0.0,1963974.4206868545,49.38227315304205,10892605440.0,78263013376.0,1035.932,648972.4750400231,353106.15208220214,19925425333.0,4724195419.0,0.56
2026-09-11T04:37:03.393921Z,697.152,linode-2,crdb-linode-2,11.088295687884509,6553.53,8672.25,8322887680.0,6176681984.0,0.0,2056621.7057133527,50.17079877450474,10352138240.0,78835879936.0,1015.768,731531.3274429787,576498.7961792437,19979624204.0,5292032834.0,0.12
2026-09-11T04:37:02.375116Z,696.134,azure-1,crdb-azure-1,17.322834645675677,13194.88,15557.69,8327364608.0,6251130880.0,0.0,1723195.8255432143,50.34892752077257,11091535872.0,81382417408.0,994.968,682173.2408113445,341819.266953766,19839496902.0,4513105691.0,0.52
2026-09-11T04:37:02.523451Z,696.282,azure-2,crdb-azure-2,16.900676027041463,8279.88,10539.9,8327364608.0,6189232128.0,0.0,1856527.2619240324,34.565105103715496,10413533184.0,81835299840.0,735.179,707378.9836846566,319924.7943463627,19852011543.0,4609194691.0,1.15
2026-09-11T04:37:03.391541Z,697.15,gcp-1,crdb-gcp-1,98.56557377048848,5253.68,8897.210000000001,8324030464.0,2319216640.0,102387743.65816467,1494783.5257801746,57.20694270275431,114349950976.0,83954594816.0,634.39,2934466.7199337776,11999574.305774407,18752202139.0,80833592903.0,8.39
2026-09-11T04:37:03.305079Z,697.064,client-1,crdb-client-1,29.919999999996307,8473.24,9021.46,8324030464.0,7509962752.0,0.0,31646.21498108744,0.0594317438797136,566441984.0,5689926656.0,14.001,9433505.615241962,2045742.0545170975,3867128019.0,804332889.0,1.9
2026-09-11T04:37:08.003904Z,701.763,linode-1,crdb-linode-1,14.816700610993028,6641.39,8651.5,8322887680.0,6460923904.0,1645.5287044860872,2929041.0939852353,60.100364792752806,10892613632.0,78277595136.0,1038.924,814012.437490302,389933.4566957015,19929477763.0,4726136640.0,0.59
2026-09-11T04:37:08.387302Z,702.146,linode-2,crdb-linode-2,12.525773195873334,6570.5,8691.65,8322887680.0,6176501760.0,0.0,2751169.0785914515,60.718840888804266,10352138240.0,78849617920.0,1018.8000000000001,771594.0828158482,687890.7975822866,19983477165.0,5295467822.0,0.11
2026-09-11T04:37:07.366604Z,701.125,azure-1,crdb-azure-1,21.196222455399592,13209.9,15576.75,8327364608.0,6249824256.0,0.0,2332062.537699839,63.9668683722568,11091535872.0,81394058240.0,998.161,761623.6318053203,331115.5892517603,19843298658.0,4514758503.0,0.56
2026-09-11T04:37:07.503272Z,701.262,azure-2,crdb-azure-2,22.107438016531646,8294.96,10559.26,8327364608.0,6187773952.0,0.0,2594968.155625315,42.389759686114964,10413533184.0,81848222720.0,737.29,835758.590334785,417456.40159136715,19856173601.0,4611273614.0,1.06
2026-09-11T04:37:08.344234Z,702.103,gcp-1,crdb-gcp-1,99.79328165374694,5253.72,8916.56,8324030464.0,2323976192.0,102138853.51685415,1642425.513821079,62.36837073618606,114855827456.0,83962729472.0,637.479,2908933.900647503,11449702.200682096,18766609597.0,80890301343.0,13.89
2026-09-11T04:37:08.275451Z,702.034,client-1,crdb-client-1,30.133333333338175,8486.34,9040.210000000001,8324030464.0,7509827584.0,0.0,48619.346216906444,0.10059286078380322,566441984.0,5690168320.0,14.006,8914148.016430799,1919620.2014658286,3911436074.0,813874422.0,1.74
2026-09-11T04:37:13.039526Z,706.798,linode-1,crdb-linode-1,12.989690721647296,6658.27,8670.9,8322887680.0,6460928000.0,0.0,2366129.5120260636,61.87743351278813,10892613632.0,78289510400.0,1042.04,677986.4319506577,387301.3016485927,19932891941.0,4728086997.0,0.62
2026-09-11T04:37:13.387918Z,707.147,linode-2,crdb-linode-2,11.502100840338281,6587.35,8710.69,8322887680.0,6176768000.0,0.0,2502264.791428917,63.350095732268635,10352138240.0,78862131200.0,1021.9680000000001,739019.660339164,607973.9482611234,19987172841.0,5298508167.0,0.1
2026-09-11T04:37:12.375471Z,706.134,azure-1,crdb-azure-1,20.725933719097654,13224.97,15595.76,8327364608.0,6249287680.0,0.0,1803896.671344925,58.2946974374676,11091535872.0,81403094016.0,1001.081,664960.8259304336,352416.2012919563,19846629468.0,4516523767.0,0.51
2026-09-11T04:37:12.510810Z,706.27,azure-2,crdb-azure-2,19.916796671857483,8310.36,10578.49,8327364608.0,6186909696.0,0.0,2017049.3651575262,43.91255799559101,10413533184.0,81858323456.0,739.489,677621.292278373,331026.8007635154,19859566911.0,4612931290.0,0.97
2026-09-11T04:37:13.430266Z,707.189,gcp-1,crdb-gcp-1,99.48400412796981,5253.82,8935.94,8324030464.0,2319536128.0,97878778.95672557,1325559.241095691,63.24998455365306,115353655296.0,83969471488.0,640.696,2748213.205138153,10811318.286862353,18780587469.0,80945289516.0,20.06
2026-09-11T04:37:13.276357Z,707.035,client-1,crdb-client-1,26.972281449890357,8500.04,9058.970000000001,8324030464.0,7510622208.0,0.0,10647.362456847259,0.01999579788319065,566441984.0,5690221568.0,14.007,8453751.04427169,1823989.6885785197,3953713712.0,822996287.0,1.84
2026-09-11T04:37:18.018305Z,711.777,linode-1,crdb-linode-1,11.625514403297677,6675.45,8690.34,8322887680.0,6460669952.0,0.0,2491865.7038499108,47.80159286373079,10892613632.0,78301917184.0,1044.4199999999998,730415.1677568232,359830.30637529935,19936528615.0,4729878561.0,0.57
2026-09-11T04:37:18.385049Z,712.144,linode-2,crdb-linode-2,10.834629341624357,6604.55,8729.98,8322887680.0,6176538624.0,0.0,2409772.551724038,51.388245981040825,10352138240.0,78874173440.0,1024.536,746497.9188513365,671380.63000257,19990903279.0,5301863225.0,0.09
2026-09-11T04:37:17.376388Z,711.135,azure-1,crdb-azure-1,18.818609513845765,13240.5,15614.89,8327364608.0,6256119808.0,0.0,2258064.3274674853,53.9087775404452,11091535872.0,81414386688.0,1003.7769999999999,716368.2700381944,329177.2735223755,19850212055.0,4518169996.0,0.47
2026-09-11T04:37:17.538931Z,711.298,azure-2,crdb-azure-2,17.262830482115554,8326.32,10597.779999999999,8327364608.0,6185676800.0,0.0,2401427.8890687316,33.51058643671857,10413533184.0,81870398464.0,741.174,780063.8063434059,391728.2150234062,19863489276.0,4614901002.0,1.06
2026-09-11T04:37:18.388462Z,712.147,gcp-1,crdb-gcp-1,97.77202072538701,5254.25,8955.24,8324030464.0,2301599744.0,97347731.57962936,1884288.2117150326,58.1039096959144,115836340224.0,83978814464.0,643.577,2896818.1151291435,11579798.414041666,18794950931.0,81002706305.0,18.93
2026-09-11T04:37:18.269426Z,712.028,client-1,crdb-client-1,27.94273594910277,8513.63,9077.83,8324030464.0,7508836352.0,0.0,79570.58550500347,0.16021783486028587,566441984.0,5690618880.0,14.015,9120404.254866624,1970505.5324304723,3999253732.0,832835419.0,1.78
2026-09-11T04:37:23.041067Z,716.8,linode-1,crdb-linode-1,13.094629156003457,6692.4400000000005,8709.89,8322887680.0,6460669952.0,0.0,2169146.18576163,54.630018041902424,10892613632.0,78312812544.0,1047.164,634940.7692047576,357186.5470811308,19939717846.0,4731672666.0,0.85
2026-09-11T04:37:23.414792Z,717.174,linode-2,crdb-linode-2,13.459570112594177,6621.46,8749.52,8322887680.0,6177619968.0,0.0,2420211.9596098647,54.07711993365773,10352138240.0,78886346752.0,1027.2559999999999,679742.0414873131,576598.8817961954,19994322282.0,5304763433.0,0.17
2026-09-11T04:37:22.416208Z,716.175,azure-1,crdb-azure-1,19.24488725747314,13255.9,15633.96,8327364608.0,6254714880.0,0.0,1618909.839760105,56.825909363442456,11091535872.0,81422545920.0,1006.641,626806.2486812673,329709.918244227,19853371130.0,4519831719.0,0.51
2026-09-11T04:37:22.563912Z,716.323,azure-2,crdb-azure-2,18.087855297164978,8342.17,10617.130000000001,8327364608.0,6184931328.0,0.0,1856007.291015198,37.51181292763349,10413533184.0,81879725056.0,743.059,630059.1560221802,307999.2473633053,19866655376.0,4616448724.0,1.13
2026-09-11T04:37:23.392265Z,717.151,gcp-1,crdb-gcp-1,97.65380604796762,5254.7,8974.42,8324030464.0,2291281920.0,100157963.1283473,2849401.1037175604,62.21122278104104,116337522688.0,83993072640.0,646.69,2578457.3393960022,10197746.972928839,18807853326.0,81053735018.0,25.67
2026-09-11T04:37:23.322430Z,717.081,client-1,crdb-client-1,27.038626609437834,8527.23,9096.47,8324030464.0,7509278720.0,0.0,0.0,0.0,566441984.0,5690618880.0,14.015,7903193.66255192,1701819.7090177583,4039189243.0,841434859.0,1.63
2026-09-11T04:37:27.999172Z,721.758,linode-1,crdb-linode-1,18.186528497418852,6708.23,8729.19,8322887680.0,6442659840.0,0.0,18181708.857288733,61.39303293004837,10892613632.0,78402961408.0,1050.2079999999999,718298.2835962061,370573.5099117899,19943279325.0,4733510050.0,0.78
2026-09-11T04:37:28.368296Z,722.127,linode-2,crdb-linode-2,19.195046439625894,6637.12,8768.9,8322887680.0,6171152384.0,0.0,22725693.111501146,64.27621708864997,10352138240.0,78998921216.0,1030.44,725569.4797586154,680857.336246326,19997916478.0,5308136142.0,0.15
2026-09-11T04:37:27.390053Z,721.149,azure-1,crdb-azure-1,33.33333333333013,13268.52,15652.89,8327364608.0,6253191168.0,0.0,23961923.42236712,66.88848959279929,11091535872.0,81541731328.0,1009.968,689249.9982823743,299545.8363241392,19856799425.0,4521321645.0,0.47
2026-09-11T04:37:27.535775Z,721.295,azure-2,crdb-azure-2,28.10389610388856,8356.01,10636.38,8327364608.0,6191095808.0,0.0,21439814.424000826,44.08703434330156,10413533184.0,81986323456.0,745.251,744214.883968559,394967.7358277739,19870355600.0,4618412497.0,1.04
2026-09-11T04:37:28.390586Z,722.15,gcp-1,crdb-gcp-1,98.58860428645872,5254.97,8993.55,8324030464.0,2292187136.0,100904744.89497817,10902065.408026813,59.77879993061791,116841887744.0,84047565824.0,649.678,2600180.935070511,10236245.613292217,18820850142.0,81104900150.0,28.26
2026-09-11T04:37:28.290036Z,722.049,client-1,crdb-client-1,26.138189608994,8541.02,9115.14,8324030464.0,7508332544.0,0.0,36278.800987008115,0.04025967794188122,566441984.0,5690799104.0,14.017,7901010.309010489,1694754.4935776356,4078439484.0,849853975.0,1.5
2026-09-11T04:37:33.041131Z,726.8,linode-1,crdb-linode-1,14.415781487095314,6725.15,8748.96,8322887680.0,6442582016.0,0.0,2358299.194277135,57.99216028598423,10892613632.0,78414852096.0,1053.1319999999998,636082.1708057455,373572.04967972974,19946486490.0,4735393623.0,0.88
2026-09-11T04:37:33.448562Z,727.208,linode-2,crdb-linode-2,13.534218590396563,6654.05,8788.48,8322887680.0,6170464256.0,0.0,2244566.23524415,57.6334103708781,10352138240.0,79010324480.0,1033.368,693031.1305972683,595009.6513269008,20001437344.0,5311159021.0,0.22
2026-09-11T04:37:32.406844Z,726.166,azure-1,crdb-azure-1,20.492662473803403,13283.689999999999,15671.97,8327364608.0,6258282496.0,0.0,1689223.9505845841,58.62215997629292,11091535872.0,81550205952.0,1012.909,644090.9005136782,341209.4748664299,19860030748.0,4523033450.0,0.43
2026-09-11T04:37:32.551350Z,726.311,azure-2,crdb-azure-2,21.13904566444568,8371.380000000001,10655.87,8327364608.0,6189817856.0,0.0,2017095.262753447,43.06488178006568,10413533184.0,81996440576.0,747.411,652125.1248130584,319298.3853502685,19873626456.0,4620013998.0,1.04
2026-09-11T04:37:33.451152Z,727.21,gcp-1,crdb-gcp-1,98.53785900783434,5255.25,9012.7,8324030464.0,2260979712.0,102955047.25284877,1158216.9651566914,60.80199601232095,117362911232.0,84053427200.0,652.755,2500132.4300692817,9691176.79198615,18833502535.0,81153944183.0,34.24
2026-09-11T04:37:33.453494Z,727.213,client-1,crdb-client-1,25.32051282051979,8555.0,9133.86,8324030464.0,7508303872.0,0.0,5552.724703788937,0.03873273370389782,566441984.0,5690827776.0,14.019,7219707.5828827685,1554413.3541392249,4115719102.0,857880330.0,1.7
2026-09-11T04:37:38.001329Z,731.761,linode-1,crdb-linode-1,12.065439672803802,6742.35,8768.52,8322887680.0,6442213376.0,57802.982653653395,2430202.5421385993,50.884043044722304,10892900352.0,78426906624.0,1055.656,584858.6505858755,334093.25634626014,19949387563.0,4737050825.0,0.89
2026-09-11T04:37:38.366884Z,732.126,linode-2,crdb-linode-2,12.307692307695106,6671.15,8807.98,8322887680.0,6170521600.0,0.0,2519181.3675616942,50.66664488607485,10352138240.0,79022714880.0,1035.8600000000001,584250.6637698818,642234.8978056101,20004310936.0,5314317804.0,0.2
2026-09-11T04:37:37.375417Z,731.135,azure-1,crdb-azure-1,19.51731374606982,13299.029999999999,15691.03,8327364608.0,6266089472.0,0.0,1964465.9722033376,58.909215961686726,11091535872.0,81559966720.0,1015.836,589064.3855416914,283169.1745816389,19862957610.0,4524440422.0,0.4
2026-09-11T04:37:37.521274Z,731.281,azure-2,crdb-azure-2,19.85633658286734,8387.0,10675.36,8327364608.0,6190166016.0,0.0,2274627.787167646,41.77040242654625,10413533184.0,82007745536.0,749.487,629515.3768552663,325745.75898117886,19876755164.0,4621632963.0,1.03
2026-09-11T04:37:38.334315Z,732.094,gcp-1,crdb-gcp-1,93.23388385721614,5256.52,9031.47,8324030464.0,2250395648.0,140764859.17882413,1467034.5531150245,69.76903546534048,118050301952.0,84060591104.0,656.162,1698823.1799703666,5909881.474850357,18841798322.0,81182803642.0,42.71
2026-09-11T04:37:38.257188Z,732.017,client-1,crdb-client-1,14.570230607969947,8571.3,9152.94,8324030464.0,7676276736.0,0.0,396489.2997509796,0.24980424631489073,566441984.0,5692732416.0,14.031,4312039.713507428,969954.4995057894,4136433112.0,862539760.0,1.57
2026-09-11T04:37:44.018540Z,737.778,linode-1,crdb-linode-1,5.8350951374212645,6764.62,8792.17,8322887680.0,6442139648.0,14975.422948985382,1059851.5241622836,13.22846753750122,10892990464.0,78433284096.0,1056.452,253754.7461645453,196421.47102428303,19950914488.0,4738232757.0,0.82
2026-09-11T04:37:44.416767Z,738.176,linode-2,crdb-linode-2,8.864499788941826,6692.74,8831.67,8322887680.0,6143778816.0,0.0,972210.683362349,12.49590735682407,10352138240.0,79028596736.0,1036.616,307796.6776086945,553102.578728227,20006173100.0,5317664064.0,0.19
2026-09-11T04:37:43.376094Z,737.136,azure-1,crdb-azure-1,5.14483354949733,13320.97,15714.16,8327364608.0,6266122240.0,0.0,1048432.1392161988,11.731723563005964,11091535872.0,81566258176.0,1016.54,264535.36840374797,160843.09655542727,19864545040.0,4525405613.0,0.37
2026-09-11T04:37:43.530429Z,737.29,azure-2,crdb-azure-2,5.8595433002964885,8408.85,10698.57,8327364608.0,6189776896.0,0.0,1052412.474255699,6.2902881882219726,10413533184.0,82014069760.0,749.865,260927.31120781382,249255.4984238548,19878323145.0,4623130805.0,0.87
2026-09-11T04:37:43.945295Z,737.705,gcp-1,crdb-gcp-1,63.90288593678779,5264.4,9053.3,8324030464.0,2179297280.0,125235089.14642027,12119242.180538764,54.07178207267613,118753003520.0,84128592896.0,659.196,447749.28657456854,624295.0807974815,18844310670.0,81186306599.0,39.85
2026-09-11T04:37:44.289404Z,738.049,client-1,crdb-client-1,0.3330557868439832,8595.24,9176.960000000001,8324030464.0,7675277312.0,0.0,11543.125186576535,0.016577328220602795,566441984.0,5692802048.0,14.032,5025.582823360728,55137.5198480131,4136463428.0,862872368.0,1.44
2026-09-11T04:37:48.038200Z,741.798,linode-1,crdb-linode-1,5.653266331655981,6779.64,8808.09,8322887680.0,6441975808.0,0.0,892618.1113036128,6.368565291831608,10892990464.0,78436872192.0,1056.7079999999999,212684.2084507955,137409.5081058762,19951769424.0,4738785108.0,0.75
2026-09-11T04:37:48.703366Z,742.463,linode-2,crdb-linode-2,5.376344086018225,6707.7,8847.48,8322887680.0,6143578112.0,1911.0357309126266,839900.2037360994,5.878674367552387,10352146432.0,79032197120.0,1036.868,210121.31795102707,383904.49676579196,20007073823.0,5319309740.0,0.17
2026-09-11T04:37:47.510421Z,741.27,azure-1,crdb-azure-1,4.18814432989445,13335.84,15729.68,8327364608.0,6265892864.0,0.0,781673.8511347016,7.643208650146481,11091535872.0,81569489920.0,1016.856,176981.1569047305,174248.46793861195,19865276749.0,4526126024.0,0.34
2026-09-11T04:37:47.554808Z,741.314,azure-2,crdb-azure-2,4.443013522229878,8423.689999999999,10714.1,8327364608.0,6189776896.0,0.0,766390.9638876949,3.503600374158846,10413533184.0,82017154048.0,750.006,213918.16017828186,243823.7499535479,19879184044.0,4624112057.0,0.87
2026-09-11T04:37:48.368635Z,742.128,gcp-1,crdb-gcp-1,4.066437571597403,5281.15,9070.76,8324030464.0,2216411136.0,12963.720870964507,1091730.493347654,1.1755606258552342,118753060864.0,84133422080.0,659.248,209275.33723882475,476211.4710371233,18845236383.0,81188413083.0,36.66
2026-09-11T04:37:48.317909Z,742.077,client-1,crdb-client-1,0.5610972568474537,8611.19,9193.0,8324030464.0,7678025728.0,0.0,8134.924521466088,0.024825819462468198,566441984.0,5692834816.0,14.033,7140.153935604436,81423.97093124295,4136492189.0,863200349.0,1.33
2026-09-11T04:37:53.046397Z,746.806,linode-1,crdb-linode-1,7.401812688827391,6798.03,8827.95,8322887680.0,6442016768.0,0.0,657547.8405463847,9.663995538194934,10892990464.0,78440165376.0,1057.192,218679.0474669632,192950.25670116165,19952864630.0,4739751457.0,0.69
2026-09-11T04:37:53.443613Z,747.203,linode-2,crdb-linode-2,5.069124423966498,6726.24,8867.01,8322887680.0,6143868928.0,0.0,822594.9322332628,11.138406300756097,10352146432.0,79036096512.0,1037.396,291476.6932002466,445995.28938080365,20008455526.0,5321423916.0,0.16
2026-09-11T04:37:52.409344Z,746.169,azure-1,crdb-azure-1,4.947916666661268,13354.09,15748.88,8327364608.0,6265896960.0,0.0,673884.1443310194,10.859301236336869,11091535872.0,81572791296.0,1017.388,209088.0886619108,178344.63119746937,19866301077.0,4526999739.0,0.31
2026-09-11T04:37:52.563750Z,746.323,azure-2,crdb-azure-2,5.137519460290784,8441.97,10733.369999999999,8327364608.0,6189522944.0,0.0,652539.6494502458,5.849404923714504,10413533184.0,82020422656.0,750.299,187770.48973427742,142842.8675138917,19880124597.0,4624827565.0,0.8
2026-09-11T04:37:53.440653Z,747.2,gcp-1,crdb-gcp-1,4.266124936516624,5300.0,9090.45,8324030464.0,2218508288.0,33917.106449766885,788976.5000338629,1.8729800924972815,118753232896.0,84137423872.0,659.343,199767.3249267607,495310.965551951,18846249629.0,81190925365.0,33.72
2026-09-11T04:37:53.298760Z,747.058,client-1,crdb-client-1,0.4016064257115759,8631.029999999999,9212.92,8324030464.0,7677546496.0,0.0,8222.535964427607,0.04014910138882009,566441984.0,5692875776.0,14.035,5971.175104050273,65872.02841209428,4136521934.0,863528486.0,1.22
2026-09-11T04:37:58.039715Z,751.799,linode-1,crdb-linode-1,6.956956956954197,6816.62,8847.93,8322887680.0,6441787392.0,0.0,1218941.9098439435,9.772913928495976,10892990464.0,78446252032.0,1057.6799999999998,292953.9092967724,198345.69400074834,19954327464.0,4740741875.0,0.64
2026-09-11T04:37:58.407588Z,752.167,linode-2,crdb-linode-2,5.597964376587661,6744.79,8886.66,8322887680.0,6143201280.0,0.0,1104860.3230881754,9.589010750758789,10352146432.0,79041581056.0,1037.872,303153.1502384706,505349.1260069016,20009960383.0,5323932477.0,0.14
2026-09-11T04:37:57.396109Z,751.156,azure-1,crdb-azure-1,8.873897249615503,13371.65,15768.15,8327364608.0,6274191360.0,0.0,1305953.0577934517,26.389209660845285,11091535872.0,81579303936.0,1018.704,268874.56387627387,165393.7699716304,19867641924.0,4527824539.0,0.37
2026-09-11T04:37:57.587725Z,751.347,azure-2,crdb-azure-2,6.356589147293246,8460.09,10752.720000000001,8327364608.0,6215241728.0,0.0,1256339.6102823305,6.4688611123720925,10413533184.0,82026734592.0,750.624,292835.7885467854,220378.97091557743,19881595824.0,4625934764.0,0.82
2026-09-11T04:37:58.370663Z,752.13,gcp-1,crdb-gcp-1,4.517766497454612,5318.81,9110.15,8324030464.0,2203897856.0,38217.6651345635,1133236.853120535,1.5618419960944505,118753421312.0,84143010816.0,659.42,277134.2579701202,601326.4096093215,18847615922.0,81193889950.0,31.02
2026-09-11T04:37:58.334302Z,752.094,client-1,crdb-client-1,0.39980009994965426,8650.96,9232.93,8324030464.0,7677317120.0,0.0,6507.214997987609,0.01985844420771485,566441984.0,5692908544.0,14.036,5717.643256288429,65196.066671732304,4136550726.0,863856790.0,1.12
2026-09-11T04:38:03.076589Z,756.836,linode-1,crdb-linode-1,5.867475973701253,6835.23,8867.7,8322887680.0,6441619456.0,0.0,660302.8820402613,6.90886107045839,10892990464.0,78449577984.0,1058.028,195799.30657208324,168622.07066240822,19955313707.0,4741591226.0,0.74
2026-09-11T04:38:03.403535Z,757.163,linode-2,crdb-linode-2,5.134722928313707,6763.450000000001,8906.33,8322887680.0,6143287296.0,0.0,778848.0792517532,6.965438208767889,10352146432.0,79045472256.0,1038.22,256626.35892553718,524984.2771698202,20011242513.0,5326555349.0,0.29
2026-09-11T04:38:02.392662Z,756.153,azure-1,crdb-azure-1,10.42209484106278,13388.84,15787.34,8327364608.0,6274228224.0,0.0,635305.5487505055,34.98343306501745,11091535872.0,81582478336.0,1020.452,198048.05916578852,166142.28762064516,19868631501.0,4528654694.0,0.42
2026-09-11T04:38:02.545672Z,756.305,azure-2,crdb-azure-2,4.552509053280929,8478.54,10772.050000000001,8327364608.0,6215618560.0,0.0,644388.5470164575,4.275915588926093,10413533184.0,82029929472.0,750.836,179033.79587313408,127384.97113566681,19882483474.0,4626566339.0,0.75
2026-09-11T04:38:03.393219Z,757.153,gcp-1,crdb-gcp-1,7.477110885047134,5337.0,9129.81,8324030464.0,2005585920.0,98675.79488749758,769018.7981728117,1.2344031030124163,118753916928.0,84146873344.0,659.482,239486.34691811854,466274.07055991126,18848818783.0,81196231891.0,28.54
2026-09-11T04:38:03.329790Z,757.09,client-1,crdb-client-1,0.4008016031969541,8670.84,9252.89,8324030464.0,7677063168.0,0.0,819.9227141617507,0.0,566441984.0,5692912640.0,14.036,6246.706107942283,66449.97178344538,4136581932.0,864188747.0,1.03
2026-09-11T04:38:08.029552Z,761.789,linode-1,crdb-linode-1,4.575835475570999,6853.79,8887.15,8322887680.0,6441652224.0,0.0,1142869.506760566,6.864478851600992,10892990464.0,78455238656.0,1058.368,274619.93714434176,178420.32293223505,19956673909.0,4742474948.0,0.68
2026-09-11T04:38:08.414086Z,762.174,linode-2,crdb-linode-2,4.994903160047615,6782.09,8925.95,8322887680.0,6143569920.0,0.0,1057798.177568837,7.663723272572042,10352146432.0,79050772480.0,1038.604,281289.57840305124,489599.95491014974,20012651948.0,5329008548.0,0.27
2026-09-11T04:38:07.400199Z,761.16,azure-1,crdb-azure-1,5.148205928236116,13407.08,15806.57,8327364608.0,6273769472.0,0.0,1207302.9525627329,11.722171163656112,11091535872.0,81588524032.0,1021.039,255340.63965167545,160207.53235213412,19869910146.0,4529456950.0,0.38
2026-09-11T04:38:07.659277Z,761.419,azure-2,crdb-azure-2,6.256463288517223,8496.67,10791.39,8327364608.0,6215753728.0,0.0,1189456.571342815,4.399919253606383,10413533184.0,82036012032.0,751.061,278587.2429809819,292780.991389181,19883908094.0,4628063542.0,0.69
2026-09-11T04:38:08.353642Z,762.114,gcp-1,crdb-gcp-1,4.713634059813154,5355.8,9149.54,8324030464.0,2180022272.0,18165.808921273947,1122151.5601823316,1.1490712763149329,118754007040.0,84152439808.0,659.539,425295.6719297247,604724.7644578659,18850928474.0,81199231645.0,26.25
2026-09-11T04:38:08.904728Z,762.665,client-1,crdb-client-1,2.5012506253126787,8690.33,9272.88,8324030464.0,7634227200.0,0.0,244655.66251231066,0.3049299003136132,566441984.0,5694276608.0,14.053,10305.375036892203,60579.70581318275,4136639385.0,864526482.0,0.95
2026-09-11T04:38:13.183252Z,766.943,linode-1,crdb-linode-1,8.992805755399925,6871.5,8906.61,8322887680.0,6441422848.0,0.0,1530693.9445227263,43.54065779937861,10892990464.0,78463127552.0,1060.6119999999999,336195.3861814581,262191.0143128537,19958406594.0,4743826229.0,0.63
2026-09-11T04:38:13.513359Z,767.273,linode-2,crdb-linode-2,9.604519774006393,6799.6900000000005,8945.42,8322887680.0,6143111168.0,0.0,1594418.9116070415,47.06447511434691,10352146432.0,79058903040.0,1041.0040000000001,400802.246685641,488281.9670905725,20014695794.0,5331498487.0,0.25
2026-09-11T04:38:12.542271Z,766.302,azure-1,crdb-azure-1,13.159268929506451,13423.71,15825.72,8327364608.0,6278594560.0,0.0,1099240.9879363135,34.615760843498926,11091535872.0,81594176512.0,1022.819,321057.29241212667,235792.83933759146,19871561076.0,4530669436.0,0.35
2026-09-11T04:38:12.743457Z,766.503,azure-2,crdb-azure-2,12.687726566549928,8513.529999999999,10810.699999999999,8327364608.0,6215667712.0,0.0,1181037.8253379576,24.860906644805965,10413533184.0,82042016768.0,752.3249999999999,303295.39037552517,206983.96267539574,19885450135.0,4629115908.0,0.64
2026-09-11T04:38:13.507817Z,767.268,gcp-1,crdb-gcp-1,24.553101997894334,5370.15,9168.56,8324030464.0,2175766528.0,16368916.089167742,1246860.3429412656,23.029559953582115,118838376448.0,84158866432.0,660.726,811045.4193098324,2321845.4729204522,18855108801.0,81211199006.0,24.23
2026-09-11T04:38:13.737098Z,767.497,client-1,crdb-client-1,8.218478815725216,8708.31,9292.47,8324030464.0,7462076416.0,0.0,16104.403123843002,0.041386726777945304,566441984.0,5694354432.0,14.055,1352348.7524578464,372740.4496458798,4143174566.0,866327738.0,0.87
2026-09-11T04:38:18.096635Z,771.857,linode-1,crdb-linode-1,10.520887055178518,6888.85,8926.0,8322887680.0,6441426944.0,0.0,2206602.750910798,63.74292956808374,10892990464.0,78473969664.0,1063.744,471679.15834853996,305597.8915577389,19960724183.0,4745327780.0,0.58
2026-09-11T04:38:18.509047Z,772.269,linode-2,crdb-linode-2,11.63149768399946,6816.86,8964.85,8322887680.0,6142881792.0,0.0,2164525.2490359955,64.7749810040118,10352146432.0,79069716480.0,1044.24,477221.065241194,601921.9113196111,20017079874.0,5334505542.0,0.23
2026-09-11T04:38:17.431003Z,771.191,azure-1,crdb-azure-1,17.34104046242333,13439.44,15844.75,8327364608.0,6276481024.0,0.0,2129769.2012424874,49.766735893848164,11091535872.0,81604588544.0,1025.252,469916.0115260117,283005.8153720866,19873858405.0,4532052997.0,0.4
2026-09-11T04:38:17.584199Z,771.344,azure-2,crdb-azure-2,19.045147898278003,8529.130000000001,10829.97,8327364608.0,6215544832.0,0.0,2231262.4923894308,41.893682586503836,10413533184.0,82052817920.0,754.353,496277.356490903,344360.90645245527,19887852527.0,4630782899.0,0.83
2026-09-11T04:38:18.513693Z,772.274,gcp-1,crdb-gcp-1,30.444087747460426,5383.15,9187.25,8324030464.0,2157473792.0,18767429.446180042,1663433.9305089605,28.465780334627357,118932326400.0,84167193600.0,662.1510000000001,1092136.5062255647,2944303.3545897836,18860576048.0,81225938220.0,22.37
2026-09-11T04:38:18.517027Z,772.277,client-1,crdb-client-1,5.915637860080281,8726.6,9311.91,8324030464.0,7461285888.0,0.0,13710.336436371053,0.020920313165874952,566441984.0,5694419968.0,14.056000000000001,1670091.4031711072,424761.43605050945,4151157675.0,868358116.0,0.8
2026-09-11T04:38:23.070561Z,776.831,linode-1,crdb-linode-1,10.3108808290148,6906.16,8945.3,8322887680.0,6441484288.0,0.0,1852823.8136952205,65.13833720022278,10892990464.0,78483185664.0,1066.984,386577.9373007655,293519.17770747095,19962647033.0,4746787753.0,0.53
2026-09-11T04:38:23.450909Z,777.211,linode-2,crdb-linode-2,11.562178828361724,6834.07,8984.31,8322887680.0,6143021056.0,0.0,1850751.0102573992,64.99423864146671,10352146432.0,79078862848.0,1047.452,446175.5332123584,518943.5846188561,20019284863.0,5337070149.0,0.29
2026-09-11T04:38:22.533950Z,776.294,azure-1,crdb-azure-1,18.338557993732106,13455.07,15863.89,8327364608.0,6277738496.0,0.0,1468053.704971543,51.75313838608707,11091535872.0,81612080128.0,1027.893,381597.19021474966,277951.5856069386,19875805723.0,4533471404.0,0.45
2026-09-11T04:38:22.594996Z,776.355,azure-2,crdb-azure-2,18.872802481910178,8544.82,10849.31,8327364608.0,6215778304.0,0.0,1590700.3779427854,40.192504270287834,10413533184.0,82060788736.0,756.367,372527.2392691534,253111.99629379273,19889719218.0,4632051214.0,0.84
2026-09-11T04:38:23.426624Z,777.187,gcp-1,crdb-gcp-1,31.461864406774055,5396.09,9206.13,8324030464.0,2135691264.0,20869335.800971944,3861727.5259708394,32.302047828137646,119034857472.0,84186166272.0,663.738,1042304.6490764514,2883460.109266471,18865696892.0,81240104663.0,20.66
2026-09-11T04:38:23.722656Z,777.483,client-1,crdb-client-1,5.92743995912045,8745.01,9331.48,8324030464.0,7461380096.0,0.0,1573.6598566360283,0.0,566441984.0,5694428160.0,14.056000000000001,1511361.982350568,386647.5736451606,4159025371.0,870370887.0,0.74
2026-09-11T04:38:28.235190Z,781.996,linode-1,crdb-linode-1,23.727034120735844,6920.6900000000005,8964.35,8322887680.0,6451269632.0,7146398.817952435,34076053.49139521,72.02731926490684,10929899520.0,78659178496.0,1070.704,449923.68395571277,292741.48562439304,19964970757.0,4748299677.0,0.57
2026-09-11T04:38:28.554024Z,782.314,linode-2,crdb-linode-2,17.54845468832026,6849.8099999999995,9003.4,8322887680.0,6141308928.0,0.0,16148956.171078999,68.27075061840625,10352146432.0,79161274368.0,1050.936,474133.89652713115,602214.0573170384,20021704468.0,5340143374.0,0.27
2026-09-11T04:38:27.407911Z,781.168,azure-1,crdb-azure-1,18.924617817606347,13470.45,15882.86,8327364608.0,6276923392.0,0.0,2098403.366486941,55.621154824716655,11091535872.0,81622307840.0,1030.604,466462.27045729454,277554.8969538868,19878079281.0,4534824219.0,0.42
2026-09-11T04:38:27.568259Z,781.329,azure-2,crdb-azure-2,18.593749999997776,8560.45,10868.51,8327364608.0,6215311360.0,0.0,2199791.9963269564,38.94730416910418,10413533184.0,82071729152.0,758.304,480772.198195161,337017.8392561616,19892110284.0,4633727334.0,0.85
2026-09-11T04:38:28.539551Z,782.3,gcp-1,crdb-gcp-1,34.80546792849973,5408.49,9225.15,8324030464.0,2113376256.0,19632328.91733618,9859022.809224155,30.86233077973018,119135238144.0,84236575744.0,665.316,1044740.1606391964,2759368.3333602054,18871038679.0,81254213394.0,19.32
2026-09-11T04:38:28.528408Z,782.289,client-1,crdb-client-1,5.785123966946104,8763.25,9350.84,8324030464.0,7461195776.0,0.0,7670.642548069325,0.04161589924080444,566441984.0,5694465024.0,14.058,1507020.7451663748,393482.4889119481,4166267895.0,872261907.0,0.68
2026-09-11T04:38:33.055762Z,786.816,linode-1,crdb-linode-1,9.937238493722479,6937.91,8983.47,8322887680.0,6450233344.0,0.0,1927066.4715855168,68.8702692443072,10929899520.0,78668468224.0,1074.024,401095.46950517246,306129.5914343714,19966904301.0,4749775423.0,0.52
2026-09-11T04:38:33.531566Z,787.292,linode-2,crdb-linode-2,11.06471816283402,6866.85,9022.56,8322887680.0,6141067264.0,0.0,1863003.099371261,68.46628964327753,10352146432.0,79170547712.0,1054.344,449929.9992870409,525999.3016402622,20023944054.0,5342761605.0,0.24
2026-09-11T04:38:32.445465Z,786.206,azure-1,crdb-azure-1,26.892535733192613,13484.26,15901.75,8327364608.0,6263922688.0,0.0,17009652.333230924,62.13240241261677,11091535872.0,81707996160.0,1033.734,388790.2327466772,275434.5279437645,19880037862.0,4536211756.0,0.54
2026-09-11T04:38:32.589209Z,786.35,azure-2,crdb-azure-2,25.94736842105416,8574.52,10887.51,8327364608.0,6220414976.0,11420.782555555132,20683037.208110344,43.75603249608443,10413590528.0,82175579136.0,760.501,373690.0605762316,251737.59651525138,19893986590.0,4634991314.0,0.79
2026-09-11T04:38:33.536443Z,787.297,gcp-1,crdb-gcp-1,32.24446786090809,5421.35,9244.130000000001,8324030464.0,2104074240.0,19714469.982457083,1370529.0345793623,30.89863651243528,119233751040.0,84243424256.0,666.86,1020846.7236955541,2864577.169703511,18876139834.0,81268527641.0,18.1
2026-09-11T04:38:33.540105Z,787.301,client-1,crdb-client-1,5.930892212478966,8781.49,9370.23,8324030464.0,7460720640.0,0.0,817.2717155447104,0.0,566441984.0,5694469120.0,14.058,1609816.9711096447,408054.0305451754,4174335971.0,874306991.0,0.62
2026-09-11T04:38:38.074796Z,791.835,linode-1,crdb-linode-1,10.672139558747817,6955.32,9002.96,8322887680.0,6449229824.0,0.0,2200963.421307968,69.89265128525,10929899520.0,78679515136.0,1077.532,466080.57960848167,303632.7641728408,19969243618.0,4751299394.0,0.48
2026-09-11T04:38:38.472863Z,792.233,linode-2,crdb-linode-2,12.506380806537564,6883.99,9042.15,8322887680.0,6140612608.0,0.0,2192486.7599599967,72.28743341816134,10352146432.0,79181381632.0,1057.916,485846.4303706324,617091.6320979053,20026344808.0,5345810892.0,0.22
2026-09-11T04:38:37.428396Z,791.189,azure-1,crdb-azure-1,19.270833333328742,13499.76,15920.949999999999,8327364608.0,6262161408.0,0.0,2157725.189191191,53.56183528600722,11091535872.0,81718748160.0,1036.403,458822.84234586486,279930.72747890354,19882324188.0,4537606658.0,0.58
2026-09-11T04:38:37.641916Z,791.402,azure-2,crdb-azure-2,23.18321392016608,8589.53,10907.050000000001,8327364608.0,6222757888.0,0.0,2084961.2135386993,48.943067403706,10413590528.0,82186114048.0,762.9739999999999,474275.7391950191,326533.57956403075,19896383015.0,4636641226.0,0.72
2026-09-11T04:38:38.428349Z,792.189,gcp-1,crdb-gcp-1,31.236897274633435,5434.47,9263.210000000001,8324030464.0,2083098624.0,19473679.688280668,1729002.8616518867,30.06965053592629,119329015808.0,84251882496.0,668.331,1115769.2361295351,2982665.873246897,18881598150.0,81283118770.0,16.65
2026-09-11T04:38:38.351075Z,792.112,client-1,crdb-client-1,6.374298827128822,8799.85,9389.84,8324030464.0,7460298752.0,0.0,8513.773012578004,0.04157115728799241,566441984.0,5694510080.0,14.06,1615664.4829877906,414335.5675735532,4182108978.0,876300371.0,0.57
2026-09-11T04:38:43.289331Z,797.05,linode-1,crdb-linode-1,17.488323819407448,6971.22,9022.23,8322887680.0,6448001024.0,0.0,1565466.6022930162,72.4883743084629,10929899520.0,78687678464.0,1081.312,367363.21849966655,259791.23809865085,19971159281.0,4752654109.0,0.6
2026-09-11T04:38:43.601321Z,797.362,linode-2,crdb-linode-2,11.637487126674618,6901.15,9061.57,8322887680.0,6140129280.0,0.0,1838529.6794836884,64.7356423240803,10352146432.0,79190810624.0,1061.236,428813.5744396741,507808.80188062496,20028544000.0,5348415215.0,0.29
2026-09-11T04:38:42.453936Z,796.214,azure-1,crdb-azure-1,18.372703412081993,13515.31,15940.0,8327364608.0,6277840896.0,0.0,1488232.0358140904,52.47108656271489,11091535872.0,81726227456.0,1039.04,388704.29700685473,281878.7760076415,19884277670.0,4539023275.0,0.77
2026-09-11T04:38:42.591297Z,796.352,azure-2,crdb-azure-2,20.05154639174995,8605.04,10926.45,8327364608.0,6222336000.0,0.0,1599684.4233589945,42.327882336307525,10413590528.0,82194031616.0,765.069,372941.77833610144,253924.4610295111,19898228874.0,4637898014.0,0.66
2026-09-11T04:38:43.881682Z,797.642,gcp-1,crdb-gcp-1,31.919406150578013,5447.31,9282.07,8324030464.0,2336673792.0,17647507.915235415,1227273.9161344343,26.753758086823126,119425255424.0,84258575360.0,669.79,920298.6553108036,2592415.1370758377,18886616943.0,81297256349.0,15.39
2026-09-11T04:38:43.849444Z,797.61,client-1,crdb-client-1,5.724600309431649,8818.130000000001,9409.23,8324030464.0,7460487168.0,0.0,216030.71196861708,0.2728027915821473,566441984.0,5695697920.0,14.075000000000001,1432593.1242124075,365798.35333604395,4189986059.0,878311705.0,0.77
2026-09-11T04:38:48.074868Z,801.836,linode-1,crdb-linode-1,10.114702815435239,6988.46,9041.41,8322887680.0,6448001024.0,0.0,2251867.156957995,65.78042794022488,10929899520.0,78698455040.0,1084.4599999999998,476716.9046900069,312518.04886905843,19973440666.0,4754149701.0,0.56
2026-09-11T04:38:48.434402Z,802.195,linode-2,crdb-linode-2,11.752577319581848,6918.27,9080.97,8322887680.0,6140133376.0,0.0,2240100.9841884994,68.36762988834089,10352146432.0,79201636352.0,1064.54,494011.37460303016,621054.5296087125,20030931407.0,5351416583.0,0.42
2026-09-11T04:38:47.443158Z,801.204,azure-1,crdb-azure-1,17.798841495519945,13530.92,15958.99,8327364608.0,6275833856.0,0.0,2104926.8354230756,49.86656026172113,11091535872.0,81736729600.0,1041.528,461768.75744605844,276719.52422146854,19886581580.0,4540403916.0,0.79
2026-09-11T04:38:47.623640Z,801.384,azure-2,crdb-azure-2,18.52620653866095,8620.74,10945.72,8327364608.0,6221692928.0,13022.741442744149,2211424.281245991,38.033336061725066,10413656064.0,82205160448.0,766.983,477862.43901737477,335341.950911132,19900633682.0,4639585598.0,0.77
2026-09-11T04:38:48.401513Z,802.162,gcp-1,crdb-gcp-1,30.272290443140438,5460.37,9300.8,8324030464.0,2448519168.0,20571965.81272992,1900330.92415729,32.08033239481995,119518238720.0,84267164672.0,671.24,1215021.7925486288,3259541.4211750156,18892108724.0,81311989161.0,14.24
2026-09-11T04:38:48.645902Z,802.407,client-1,crdb-client-1,5.933952528386966,8836.36,9428.61,8324030464.0,7461294080.0,0.0,12809.25557579149,0.04169679549408982,566441984.0,5695759360.0,14.077,1638295.4487846328,418689.6156270812,4197844195.0,880319963.0,0.71
2026-09-11T04:38:53.071343Z,806.832,linode-1,crdb-linode-1,10.69408740360287,7005.83,9060.86,8322887680.0,6447284224.0,0.0,1846921.40214397,66.52552175145253,10929899520.0,78707683328.0,1087.7839999999999,383979.34746830445,290143.1376957852,19975359249.0,4755599424.0,0.51
2026-09-11T04:38:53.466882Z,807.228,linode-2,crdb-linode-2,15.81632653061381,6934.77,9100.57,8322887680.0,6139908096.0,0.0,1879112.228214144,65.88451597305804,10352146432.0,79211094016.0,1067.856,438501.1911444686,518338.2832625561,20033138405.0,5354025405.0,0.47
2026-09-11T04:38:52.464936Z,806.226,azure-1,crdb-azure-1,16.946484784887982,13546.75,15978.05,8327364608.0,6274547712.0,0.0,1510542.651279666,48.865980852628525,11091535872.0,81744315392.0,1043.982,390862.93113335076,284888.2701150773,19888544454.0,4541834596.0,0.73
2026-09-11T04:38:52.751303Z,806.512,azure-2,crdb-azure-2,18.2194616977251,8636.539999999999,10965.039999999999,8327364608.0,6221209600.0,0.0,1557631.2799849825,38.086612202158555,10413656064.0,82213147648.0,768.936,363491.9573123909,248115.26444334103,19902497591.0,4640857880.0,0.79
2026-09-11T04:38:53.421614Z,807.182,gcp-1,crdb-gcp-1,29.37399678973003,5473.57,9319.49,8324030464.0,2443337728.0,17897603.881842896,1342973.0119216542,28.2258712808309,119608088576.0,84273906688.0,672.657,1023295.7973897612,2819817.1283227536,18897245891.0,81326145255.0,13.1
2026-09-11T04:38:53.369828Z,807.131,client-1,crdb-client-1,6.166495375132486,8854.619999999999,9448.07,8324030464.0,7460724736.0,0.0,11271.690219033884,0.021168288422189863,566441984.0,5695812608.0,14.078000000000001,1655127.0917576964,423898.78594574996,4205663094.0,882322481.0,0.65
2026-09-11T04:38:58.110288Z,811.871,linode-1,crdb-linode-1,11.231884057971564,7022.98,9080.18,8322887680.0,6446776320.0,0.0,2281688.6344601284,68.98168304635718,10929899520.0,78719180800.0,1091.26,497319.23675445485,338979.4832332335,19977865250.0,4757307548.0,0.47
2026-09-11T04:38:58.477296Z,812.238,linode-2,crdb-linode-2,12.923076923079158,6951.75,9120.07,8322887680.0,6139412480.0,0.0,2221922.3777416474,71.76937522957996,10352146432.0,79222226944.0,1071.452,511740.19386619615,643758.9217791195,20035702476.0,5357250955.0,0.51
2026-09-11T04:38:57.468609Z,811.229,azure-1,crdb-azure-1,18.501048218040626,13562.3,15997.130000000001,8327364608.0,6273286144.0,0.0,2155335.2845895593,52.260760446601324,11091535872.0,81755100160.0,1046.597,467920.6656950442,284782.373544773,19890885814.0,4543259577.0,0.83
2026-09-11T04:38:57.623831Z,811.385,azure-2,crdb-azure-2,20.41965199590381,8652.09,10984.58,8327364608.0,6220738560.0,0.0,2300771.2915887795,41.41520984877698,10413656064.0,82224358400.0,770.954,513607.0923865355,362617.04722353135,19905000196.0,4642624770.0,0.89
2026-09-11T04:38:58.724091Z,812.485,gcp-1,crdb-gcp-1,30.851063829791247,5486.57,9338.29,8324030464.0,2447618048.0,17825238.98374292,1645335.371614336,30.45702007635031,119702607872.0,84282631168.0,674.272,1067354.4818032153,2818152.801641432,18902905596.0,81341088663.0,12.29
2026-09-11T04:38:58.650590Z,812.411,client-1,crdb-client-1,6.080735820126259,8873.0,9467.64,8324030464.0,7461236736.0,0.0,80665.81591455301,0.07574539505196827,566441984.0,5696238592.0,14.082,1514995.9550612802,385442.9407121666,4213663559.0,884357947.0,0.6
2026-09-11T04:39:03.249501Z,817.01,linode-1,crdb-linode-1,11.651993785598913,7040.04,9099.49,8322887680.0,6446071808.0,0.0,1834674.1944932535,66.31217477788536,10929899520.0,78728609792.0,1094.668,400192.0290047733,308469.52697162237,19979921968.0,4758892874.0,0.43
2026-09-11T04:39:03.569926Z,817.331,linode-2,crdb-linode-2,12.532100667695756,6968.780000000001,9139.54,8322887680.0,6139183104.0,0.0,1848236.7466160273,67.15428575615756,10352146432.0,79231639552.0,1074.872,454672.21522082965,540836.0727849952,20038018008.0,5360005298.0,0.47
2026-09-11T04:39:02.473195Z,816.234,azure-1,crdb-azure-1,18.44863731654689,13577.86,16016.21,8327364608.0,6271254528.0,0.0,1569757.2751073022,53.33011589502539,11091535872.0,81762956288.0,1049.266,404727.22487347695,293720.8583856681,19892911343.0,4544729555.0,0.76
2026-09-11T04:39:02.632203Z,816.393,azure-2,crdb-azure-2,20.543032786885906,8667.6,11004.1,8327364608.0,6220513280.0,0.0,1641357.5650564134,43.366632695022645,10413656064.0,82232579072.0,773.126,383861.18686792307,260007.92078330077,19906922749.0,4643927009.0,0.82
2026-09-11T04:39:03.572971Z,817.334,gcp-1,crdb-gcp-1,31.531531531527445,5499.49,9357.16,8324030464.0,2445008896.0,20085497.879197236,1436005.8202807342,31.55286226202729,119800002560.0,84289594368.0,675.802,1090666.7545700087,3013116.040597257,18908194245.0,81355699279.0,11.31
2026-09-11T04:39:03.557297Z,817.318,client-1,crdb-client-1,6.423432682434527,8891.21,9487.1,8324030464.0,7456235520.0,0.0,834.7649577832456,0.0,566441984.0,5696242688.0,14.082,1681396.3766094323,424435.59062476794,4221913785.0,886440555.0,0.55
2026-09-11T04:39:08.092032Z,821.853,linode-1,crdb-linode-1,11.935651271407,7057.01,9118.76,8322887680.0,6538051584.0,0.0,2231287.6533987313,69.13632212401654,10929899520.0,78739415040.0,1098.0159999999998,474790.8011815831,312377.02529008826,19982221193.0,4760405593.0,0.4
2026-09-11T04:39:08.473305Z,822.234,linode-2,crdb-linode-2,10.742086144264961,6985.98,9158.81,8322887680.0,6138953728.0,0.0,2212792.5155625073,68.19696638952362,10352146432.0,79242489856.0,1078.2160000000001,490912.72190521035,617398.5164812993,20040425171.0,5363032677.0,0.43
2026-09-11T04:39:07.460294Z,821.221,azure-1,crdb-azure-1,18.740157480321905,13593.34,16035.26,8327364608.0,6273597440.0,0.0,2139496.337837938,52.65487590685708,11091535872.0,81773626368.0,1051.892,456393.0546424852,279091.4952089284,19895187463.0,4546121438.0,0.78
2026-09-11T04:39:07.610195Z,821.371,azure-2,crdb-azure-2,20.698510529013724,8683.04,11023.57,8327364608.0,6219718656.0,0.0,2191135.3181319055,38.58917106723189,10413656064.0,82243486720.0,775.047,482926.9032535418,338479.0583455412,19909326798.0,4645611985.0,0.83
2026-09-11T04:39:08.440374Z,822.201,gcp-1,crdb-gcp-1,30.511182108627654,5512.54,9375.94,8324030464.0,2431152128.0,18863243.128631618,1734347.969669422,31.12511246400259,119891818496.0,84298036224.0,677.317,1129561.1482616977,3008124.8098160625,18913692330.0,81370341183.0,10.48
2026-09-11T04:39:08.390894Z,822.152,client-1,crdb-client-1,6.253203485388681,8909.5,9506.61,8324030464.0,7453224960.0,0.0,5931.707422047529,0.041376307352429136,566441984.0,5696271360.0,14.084,1619516.6662915028,414440.81743895385,4229742017.0,888443831.0,0.5
2026-09-11T04:39:13.126413Z,826.888,linode-1,crdb-linode-1,8.116385911179858,7075.01,9138.35,8322887680.0,6537584640.0,0.0,904710.2065805226,22.484911447411573,10929899520.0,78743969792.0,1099.148,287492.0380405967,255825.4567022275,19983668568.0,4761693543.0,0.36
2026-09-11T04:39:13.468491Z,827.23,linode-2,crdb-linode-2,7.187176835570874,7003.93,9178.15,8322887680.0,6138961920.0,0.0,892950.7559466948,22.901593724958744,10352146432.0,79246950400.0,1079.3600000000001,330888.39195189753,477285.8288949139,20042078053.0,5365416856.0,0.4
2026-09-11T04:39:12.454310Z,826.215,azure-1,crdb-azure-1,9.583333333333732,13610.7,16054.460000000001,8327364608.0,6273105920.0,0.0,945654.2285167499,22.526599408670307,11091535872.0,81778349056.0,1053.017,265685.1209919116,213170.31150466265,19896514320.0,4547186031.0,0.72
2026-09-11T04:39:12.617856Z,826.379,azure-2,crdb-azure-2,9.639175257744736,8700.57,11042.970000000001,8327364608.0,6220070912.0,0.0,936542.5205715335,16.11519629548343,10413656064.0,82248176640.0,775.8539999999999,247129.6304272357,179208.17174094773,19910564348.0,4646509405.0,0.76
2026-09-11T04:39:13.434941Z,827.196,gcp-1,crdb-gcp-1,12.133676092539314,5529.63,9395.39,8324030464.0,2189570048.0,3535342.939296382,966048.2446047642,7.407903244537034,119909476352.0,84302861312.0,677.687,359503.94274856825,881053.5666217689,18915487932.0,81374741751.0,9.64
2026-09-11T04:39:13.692785Z,827.454,client-1,crdb-client-1,1.460221550851315,8929.07,9526.47,8324030464.0,7697129472.0,0.0,161461.8713585715,0.16974862185855244,566441984.0,5697127424.0,14.093,245739.0443580621,114985.83035118063,4231044915.0,889053481.0,0.46
2026-09-11T04:39:18.085315Z,831.847,linode-1,crdb-linode-1,5.572441742656409,7093.65,9158.09,8322887680.0,6537695232.0,0.0,1186929.0737745496,6.3722841659733955,10929899520.0,78749855744.0,1099.464,269737.3771636919,179133.3773971076,19985006189.0,4762581861.0,0.34
2026-09-11T04:39:18.484810Z,832.246,linode-2,crdb-linode-2,6.108026249369347,7022.53,9197.96,8322887680.0,6139035648.0,13880.954908479274,1193762.1221292177,7.017026837923348,10352216064.0,79252938752.0,1079.712,284109.8479946671,595957.8834712441,20043503253.0,5368406401.0,0.37
2026-09-11T04:39:17.468283Z,831.23,azure-1,crdb-azure-1,3.832211289486287,13629.27,16073.77,8327364608.0,6272880640.0,0.0,1217179.5297603495,6.681180894599435,11091535872.0,81784452096.0,1053.352,258743.388853656,163285.8672434002,19897811681.0,4548004760.0,0.66
2026-09-11T04:39:17.626935Z,831.388,azure-2,crdb-azure-2,4.761904761895797,8718.970000000001,11062.29,8327364608.0,6219681792.0,0.0,1217545.968565736,3.9527187292772106,10413656064.0,82254275584.0,776.052,284453.4107071201,299373.72611658025,19911989235.0,4648009031.0,0.7
2026-09-11T04:39:18.449916Z,832.211,gcp-1,crdb-gcp-1,5.3985872855774275,5548.38,9415.210000000001,8324030464.0,2371846144.0,2439603.4327648105,1246345.7778369938,2.3529141012941994,119921711104.0,84309111808.0,677.8050000000001,474724.14847640926,582826.1946668223,18917868701.0,81377664658.0,8.87
2026-09-11T04:39:18.419052Z,832.18,client-1,crdb-client-1,0.40020010004966355,8948.98,9546.46,8324030464.0,7696396288.0,0.0,10399.468997734828,0.02115777383978081,566441984.0,5697176576.0,14.094,6883.470141038104,70423.86180348786,4231077449.0,889386332.0,0.43
2026-09-11T04:39:23.113287Z,836.875,linode-1,crdb-linode-1,4.906423874558586,7112.45,9177.86,8322887680.0,6537375744.0,0.0,602822.9282562259,6.046049217098596,10929899520.0,78752886784.0,1099.768,190093.1572318694,156945.69239913588,19985961992.0,4763370996.0,0.31
2026-09-11T04:39:23.485826Z,837.247,linode-2,crdb-linode-2,5.19612837494291,7041.139999999999,9217.59,8322887680.0,6138810368.0,0.0,775604.3536627429,5.678696408691427,10352216064.0,79256817664.0,1079.996,238471.45692223767,392015.6096033398,20044695884.0,5370366929.0,0.34
2026-09-11T04:39:22.568010Z,836.329,azure-1,crdb-azure-1,3.4303534303527172,13647.85,16093.01,8327364608.0,6276091904.0,0.0,587116.1511988816,6.019841800145775,11091535872.0,81787446272.0,1053.6589999999999,185933.69677352282,161821.97537432302,19898759906.0,4548830020.0,0.61
2026-09-11T04:39:22.613210Z,836.375,azure-2,crdb-azure-2,4.101765316714012,8737.44,11081.55,8327364608.0,6220718080.0,0.0,599648.3879064701,3.6098268214607843,10413656064.0,82257265664.0,776.232,171565.04152735247,125620.97065719758,19912844725.0,4648635426.0,0.65
2026-09-11T04:39:23.438172Z,837.2,gcp-1,crdb-gcp-1,3.504316912131722,5567.38,9434.9,8324030464.0,2381697024.0,12316.673111579943,732431.4943686207,0.9822867553176243,119921772544.0,84312765440.0,677.854,176511.91826353676,476095.9473676668,18918749206.0,81380039596.0,8.16
2026-09-11T04:39:23.412928Z,837.174,client-1,crdb-client-1,0.7010515773722026,8968.81,9566.43,8324030464.0,7695802368.0,0.0,5741.326623512611,0.04004831629125648,566441984.0,5697205248.0,14.096,6042.089478859846,65918.32716589741,4231107623.0,889715526.0,0.39
2026-09-11T04:39:28.244777Z,842.006,linode-1,crdb-linode-1,5.747711088505181,7130.98,9197.52,8322887680.0,6538031104.0,0.0,1153390.088857702,9.509731214897164,10929899520.0,78758805504.0,1100.2559999999999,258456.37136765558,168769.4726909969,19987288283.0,4764237051.0,0.28
2026-09-11T04:39:28.548537Z,842.31,linode-2,crdb-linode-2,5.420466058757912,7059.81,9237.33,8322887680.0,6138810368.0,0.0,1050942.019173967,6.794665792264693,10352216064.0,79262138368.0,1080.34,276211.8553072962,459120.9006061303,20046094288.0,5372691364.0,0.31
2026-09-11T04:39:27.502806Z,841.264,azure-1,crdb-azure-1,4.049844236763478,13666.33,16112.27,8327364608.0,6275670016.0,0.0,1225918.5313676365,7.4773469579587495,11091535872.0,81793496064.0,1054.028,257763.19762485952,157768.57596467694,19900031943.0,4549608593.0,0.56
2026-09-11T04:39:27.638467Z,841.4,azure-2,crdb-azure-2,4.609010875200292,8755.86,11100.86,8327364608.0,6220492800.0,0.0,1204669.593876793,3.920123893830403,10413656064.0,82263319552.0,776.429,279669.5982282811,212086.26431652467,19914250163.0,4649701234.0,0.59
2026-09-11T04:39:28.534231Z,842.296,gcp-1,crdb-gcp-1,4.111675126905434,5586.27,9454.6,8324030464.0,2372780032.0,14467.321317452897,1048077.0554421432,1.2558438643615346,119921846272.0,84318106624.0,677.918,250564.98668953322,569786.564992542,18920026129.0,81382943328.0,7.51
2026-09-11T04:39:28.523273Z,842.285,client-1,crdb-client-1,0.39980009994965426,8988.74,9586.44,8324030464.0,7695802368.0,0.0,8816.442650028075,0.019567743807757432,566441984.0,5697250304.0,14.097,5562.913887110444,64414.273131040085,4231136052.0,890044712.0,0.36
2026-09-11T04:39:33.151086Z,846.913,linode-1,crdb-linode-1,6.275510204079293,7149.35,9217.12,8322887680.0,6538121216.0,0.0,638641.2622833059,8.397167332412431,10929899520.0,78761938944.0,1100.668,199500.18682407532,167700.39947686964,19988267114.0,4765059859.0,0.26
2026-09-11T04:39:33.559551Z,847.321,linode-2,crdb-linode-2,5.897305541437515,7078.32,9257.0,8322887680.0,6138810368.0,0.0,745452.1789009194,6.545439996007339,10352216064.0,79265873920.0,1080.6680000000001,244907.01658704344,394954.244032009,20047321547.0,5374670528.0,0.28
2026-09-11T04:39:32.441737Z,846.203,azure-1,crdb-azure-1,3.864229765011984,13684.74,16131.42,8327364608.0,6275383296.0,0.0,626963.3587399364,6.863728796348029,11091535872.0,81796592640.0,1054.367,194551.0766783243,168919.80766604596,19900992832.0,4550442889.0,0.51
2026-09-11T04:39:32.593511Z,846.355,azure-2,crdb-azure-2,4.630593132151139,8774.19,11120.08,8327364608.0,6220771328.0,0.0,613349.1539309872,4.238022050489388,10413656064.0,82266358784.0,776.639,174794.19231379704,127600.99143357221,19915116293.0,4650333515.0,0.71
2026-09-11T04:39:33.467943Z,847.229,gcp-1,crdb-gcp-1,4.164550533268652,5605.14,9474.29,8324030464.0,2368794624.0,14113.321532936587,985441.9211526898,1.1755696359579206,119921915904.0,84322968576.0,677.976,188425.97641511896,484997.46806810045,18920955781.0,81385336198.0,6.9
2026-09-11T04:39:33.728383Z,847.49,client-1,crdb-client-1,0.5047955577917596,9008.45,9606.25,8324030464.0,7695085568.0,0.0,132199.9044041903,0.11526916887921605,566441984.0,5697938432.0,14.103,5282.01754860841,63149.829939913194,4231163546.0,890373420.0,0.33
2026-09-11T04:39:38.086521Z,851.848,linode-1,crdb-linode-1,12.22729578893943,7166.65,9236.83,8322887680.0,6564941824.0,0.0,18388097.19378916,18.31615522621737,10929899520.0,78852694016.0,1101.572,270331.66043839965,179177.99111280873,19989601345.0,4765944198.0,0.24
2026-09-11T04:39:38.467304Z,852.229,linode-2,crdb-linode-2,11.014344262292974,7095.6900000000005,9276.52,8322887680.0,6144192512.0,0.0,15672209.560359372,15.079112997421834,10352216064.0,79342784512.0,1081.4080000000001,288292.0595591784,604690.7706583617,20048736326.0,5377638018.0,0.26
2026-09-11T04:39:37.449206Z,851.211,azure-1,crdb-azure-1,12.008281573497637,13701.74,16150.74,8327364608.0,6241488896.0,0.0,17889706.31572344,18.19252580028149,11091535872.0,81886176256.0,1055.278,256536.78030825374,163768.07882235447,19902277453.0,4551262966.0,0.47
2026-09-11T04:39:37.594047Z,851.356,azure-2,crdb-azure-2,11.214470284237887,8791.37,11139.43,8327364608.0,6230736896.0,0.0,15200813.750669684,11.238595362181318,10413656064.0,82342372352.0,777.201,282868.84609088517,300244.8743758545,19916530814.0,4651834927.0,0.73
2026-09-11T04:39:38.434746Z,852.196,gcp-1,crdb-gcp-1,11.281265952008201,5622.52,9493.88,8324030464.0,2342809600.0,540977.2766033162,9401129.501947872,4.167595700776002,119924602880.0,84369662976.0,678.183,478935.86993755447,591380.2192751277,18923334604.0,81388273520.0,6.75
2026-09-11T04:39:38.406420Z,852.168,client-1,crdb-client-1,0.5486284289306087,9028.39,9626.3,8324030464.0,7692771328.0,0.0,8755.662949475109,0.042752260495498205,566441984.0,5697979392.0,14.105,7718.065587249714,71411.66584123654,4231199652.0,890707492.0,0.3
2026-09-11T04:39:43.372413Z,857.134,linode-1,crdb-linode-1,7.995899538695406,7184.6,9256.34,8322887680.0,6563995648.0,0.0,1196417.4864450856,29.209411290165047,10929899520.0,78859018240.0,1103.116,276358.8668299313,213442.47595936953,19991062169.0,4767072448.0,0.22
2026-09-11T04:39:43.678401Z,857.44,linode-2,crdb-linode-2,7.850179579274874,7113.65,9296.01,8322887680.0,6144557056.0,0.0,1218208.054286245,31.775336093402846,10352216064.0,79349133312.0,1083.064,329888.8146250245,436951.54985466367,20050455571.0,5379915230.0,0.4
2026-09-11T04:39:42.465550Z,856.227,azure-1,crdb-azure-1,8.285565398645666,13719.34,16169.93,8327364608.0,6248960000.0,0.0,906330.1737292411,20.811530066098523,11091535872.0,81890722816.0,1056.322,265338.83523232286,204370.62065821717,19903608512.0,4552288181.0,0.43
2026-09-11T04:39:42.599464Z,856.361,azure-2,crdb-azure-2,9.086188992730948,8808.880000000001,11158.69,8327364608.0,6229995520.0,0.0,972137.818054201,15.92244550380745,10413656064.0,82347238400.0,777.9979999999999,256411.90587340682,174523.78752400447,19917814287.0,4652708508.0,0.67
2026-09-11T04:39:43.981146Z,857.743,gcp-1,crdb-gcp-1,18.60940695297031,5638.4400000000005,9513.44,8324030464.0,2353049600.0,9421545.185518414,945256.1402620763,13.467909560696373,119976859648.0,84374905856.0,678.9300000000001,545261.7504156415,1544047.6928224114,18926358908.0,81396837608.0,6.21
2026-09-11T04:39:43.975579Z,857.737,client-1,crdb-client-1,8.924018357980357,9046.25,9645.91,8324030464.0,7482712064.0,0.0,135326.13898125835,0.10773459179257346,566441984.0,5698733056.0,14.111,756297.732172102,235292.52803262448,4235411657.0,892017893.0,0.36
2026-09-11T04:39:48.119807Z,861.882,linode-1,crdb-linode-1,11.025641025643829,7201.95,9275.84,8322887680.0,6563995648.0,0.0,2305335.2387681804,68.92090667221467,10929899520.0,78869962752.0,1106.388,486941.160970422,319427.7598558746,19993373908.0,4768588922.0,0.36
2026-09-11T04:39:48.487012Z,862.249,linode-2,crdb-linode-2,10.077922077919999,7130.96,9315.26,8322887680.0,6144331776.0,0.0,2268329.241324118,69.29150108338378,10352216064.0,79360040960.0,1086.396,501358.7392719159,629569.6438755583,20052866440.0,5382942623.0,0.45
2026-09-11T04:39:47.470441Z,861.232,azure-1,crdb-azure-1,18.172268907559342,13734.92,16188.97,8327364608.0,6264811520.0,0.0,2150721.7719750316,52.008351806000995,11091535872.0,81901487104.0,1058.925,456995.1695217585,275552.55564564024,19905895757.0,4553667312.0,0.48
2026-09-11T04:39:47.639558Z,861.401,azure-2,crdb-azure-2,18.52043455768205,8824.630000000001,11178.02,8327364608.0,6228221952.0,0.0,2194203.1051645763,38.94694639248985,10413656064.0,82358297600.0,779.961,482348.70522783307,337449.20020333776,19920245416.0,4654409316.0,0.78
2026-09-11T04:39:48.453159Z,862.215,gcp-1,crdb-gcp-1,31.20494335736549,5651.8,9532.86,8324030464.0,2351374336.0,13063507.45405656,1923393.791875396,25.401964141210783,120035280896.0,84383507456.0,680.066,1258996.9226261163,3437264.765288483,18931989262.0,81412209383.0,5.71
2026-09-11T04:39:48.404916Z,862.167,client-1,crdb-client-1,7.142857142863157,9064.32,9665.37,8324030464.0,7483834368.0,0.0,13870.898242787276,0.0225763317753574,566441984.0,5698794496.0,14.112,1923592.6437720296,481960.8853205035,4243932052.0,894152699.0,0.33
2026-09-11T04:39:53.089756Z,866.852,linode-1,crdb-linode-1,10.944759938052206,7219.2,9295.210000000001,8322887680.0,6563536896.0,0.0,1886450.8891000473,64.30526517750043,10929899520.0,78879338496.0,1109.5839999999998,397364.4868557179,295620.5192310687,19995348827.0,4770058169.0,0.41
2026-09-11T04:39:53.472639Z,867.235,linode-2,crdb-linode-2,10.291060291058141,7148.22,9334.5,8322887680.0,6142849024.0,0.0,1882975.9567380475,66.67011872347048,10352216064.0,79369428992.0,1089.72,448413.31027934514,529340.886040537,20055102113.0,5385581780.0,0.41
2026-09-11T04:39:52.474896Z,866.237,azure-1,crdb-azure-1,17.507886435330445,13750.61,16207.99,8327364608.0,6264102912.0,0.0,1506771.2541636715,49.934401153349626,11091535872.0,81909027840.0,1061.424,400654.93193351344,288274.1552489869,19907900861.0,4555109999.0,0.44
2026-09-11T04:39:52.621025Z,866.383,azure-2,crdb-azure-2,18.645833333334018,8840.25,11197.22,8327364608.0,6227972096.0,0.0,1632960.78522055,41.47313644566557,10413656064.0,82366432256.0,782.0269999999999,380909.88116637536,254753.65877744765,19922142933.0,4655678381.0,0.88
2026-09-11T04:39:53.445557Z,867.207,gcp-1,crdb-gcp-1,25.63157894736785,5665.93,9551.86,8324030464.0,2352410624.0,2758294.507447993,1363559.033723547,11.797725097995428,120049051648.0,84390315008.0,680.655,1045513.9975825872,2873115.41628714,18937208978.0,81426553377.0,5.5
2026-09-11T04:39:53.400002Z,867.162,client-1,crdb-client-1,6.704196519956773,9082.55,9684.91,8324030464.0,7483158528.0,0.0,141037.6915901639,0.18017283230257583,566441984.0,5699499008.0,14.121,1576356.7334355908,404244.1746195512,4251806275.0,896171981.0,0.39
2026-09-11T04:39:58.124547Z,871.887,linode-1,crdb-linode-1,10.899742930586632,7236.53,9314.66,8322887680.0,6563028992.0,0.0,2171292.5073156217,60.2992040065256,10929899520.0,78890270720.0,1112.62,464878.4610913149,304243.44720331475,19997689440.0,4771590002.0,0.54
2026-09-11T04:39:58.488983Z,872.251,linode-2,crdb-linode-2,10.504420176804851,7165.43,9353.73,8322887680.0,6142623744.0,0.0,2268283.6230670447,61.23875872211023,10352216064.0,79380807680.0,1092.792,486273.61978793866,607352.1345996382,20057541471.0,5388628520.0,0.38
2026-09-11T04:39:57.478529Z,871.24,azure-1,crdb-azure-1,17.573221757334,13766.369999999999,16227.11,8327364608.0,6262730752.0,0.0,2062845.1863904183,49.682938187534816,11091535872.0,81919349760.0,1063.91,460332.207548362,277158.44905415643,19910204239.0,4556496825.0,0.73
2026-09-11T04:39:57.684262Z,871.446,azure-2,crdb-azure-2,19.887525562377185,8855.92,11216.78,8327364608.0,6542008320.0,0.0,2101655.809973494,38.49234211899859,10413656064.0,82377073664.0,783.976,481394.236444749,332158.69530714,19924580398.0,4657360215.0,0.97
2026-09-11T04:39:58.459164Z,872.221,gcp-1,crdb-gcp-1,27.272727272722065,5679.77,9570.89,8324030464.0,2733694976.0,2724571.4878915283,1682126.7446982479,11.269142459962856,120062711808.0,84398748672.0,681.22,1101060.838654536,2932292.499321346,18942729357.0,81441254986.0,5.14
2026-09-11T04:39:58.407283Z,872.169,client-1,crdb-client-1,6.090071647904072,9100.9,9704.45,8324030464.0,7482580992.0,0.0,6543.952523044807,0.019970558236820007,566441984.0,5699531776.0,14.122,1544759.0260348748,397760.59809834743,4259541457.0,898163716.0,0.43
2026-09-11T04:40:03.121806Z,876.884,linode-1,crdb-linode-1,11.728395061731456,7253.69,9334.1,8322887680.0,6562283520.0,0.0,1958920.628950345,66.27493628934637,10929899520.0,78900060160.0,1115.932,436221.75071975164,343389.21480948647,19999869399.0,4773306043.0,0.5
2026-09-11T04:40:03.504873Z,877.267,linode-2,crdb-linode-2,14.626556016600222,7181.89,9373.01,8322887680.0,6141956096.0,0.0,1950016.3240632976,66.98587796621584,10352216064.0,79390588928.0,1096.152,488212.01807730657,579417.876271143,20059990334.0,5391534870.0,0.43
2026-09-11T04:40:02.492529Z,876.255,azure-1,crdb-azure-1,19.791122715400135,13781.73,16246.26,8327364608.0,6266974208.0,0.0,1495739.4583275712,56.101876859725806,11091535872.0,81926849536.0,1066.723,418449.20092463895,292863.3646050725,19912302382.0,4557965269.0,0.75
2026-09-11T04:40:02.758700Z,876.521,azure-2,crdb-azure-2,20.47082906857827,8871.46,11236.32,8327364608.0,6542319616.0,0.0,1618368.9380127592,41.777175087026784,10413656064.0,82385286144.0,786.096,397337.5886368983,269113.3881253349,19926596704.0,4658725842.0,0.97
2026-09-11T04:40:03.458213Z,877.22,gcp-1,crdb-gcp-1,27.445795875201217,5693.49,9589.8,8324030464.0,2750472192.0,3617362.4831404723,1448583.6625577249,13.402202539416233,120080795648.0,84405990400.0,681.89,1077397.86128902,2955092.0445565577,18948115461.0,81456028018.0,4.72
2026-09-11T04:40:03.437412Z,877.2,client-1,crdb-client-1,6.163328197221107,9119.17,9723.92,8324030464.0,7482036224.0,0.0,814.2740559346252,0.0,566441984.0,5699535872.0,14.122,1619288.925241025,411970.7861875397,4267686881.0,900236031.0,0.48
2026-09-11T04:40:08.146928Z,881.909,linode-1,crdb-linode-1,10.70686070685818,7270.87,9353.34,8322887680.0,6562054144.0,0.0,2323014.561928127,65.58950106320837,10929899520.0,78911733760.0,1119.2279999999998,482968.37067787,324708.02871470025,20002296409.0,4774937764.0,0.54
2026-09-11T04:40:08.486106Z,882.248,linode-2,crdb-linode-2,10.955347871238619,7199.04,9392.27,8322887680.0,6141841408.0,0.0,2304001.8118807827,67.7730725690971,10352216064.0,79402065920.0,1099.528,506424.04654183215,626139.0764466178,20062512999.0,5394653875.0,0.39
2026-09-11T04:40:07.483192Z,881.245,azure-1,crdb-azure-1,19.434258774222624,13797.11,16265.35,8327364608.0,6266793984.0,0.0,2122372.3891185233,55.22202545341457,11091535872.0,81937441792.0,1069.479,471817.5064364637,279947.8175918437,19914657111.0,4559362422.0,0.77
2026-09-11T04:40:07.649290Z,881.411,azure-2,crdb-azure-2,21.971252566729625,8886.66,11255.8,8327364608.0,6541697024.0,0.0,2312374.367831303,44.02261350497196,10413656064.0,82396595200.0,788.249,505988.3133036981,351599.59689163195,19929071325.0,4660445399.0,1.21
2026-09-11T04:40:08.474275Z,882.236,gcp-1,crdb-gcp-1,26.418067226892983,5707.5,9608.84,8324030464.0,2751729664.0,2602406.7466620314,1905056.4606095136,11.463071714456943,120093849600.0,84415546368.0,682.465,1130483.7466087376,3018569.079705557,18953786089.0,81471169485.0,4.35
2026-09-11T04:40:08.452558Z,882.215,client-1,crdb-client-1,5.921730175084717,9137.439999999999,9743.34,8324030464.0,7482503168.0,0.0,7350.440877729537,0.05981804099715019,566441984.0,5699572736.0,14.125,1634926.757187048,414278.81563189754,4275886381.0,902313726.0,0.44
2026-09-11T04:40:13.186030Z,886.948,linode-1,crdb-linode-1,12.23132036846788,7288.02,9372.88,8322887680.0,6561824768.0,0.0,1861377.7147527784,56.91388430838135,10929899520.0,78921113600.0,1122.096,414988.7384126732,315572.6051520096,20004387617.0,4776527995.0,0.49
2026-09-11T04:40:13.518197Z,887.28,linode-2,crdb-linode-2,12.557662737056852,7216.1,9411.78,8322887680.0,6141960192.0,813.9589319531336,1869663.666696348,58.423810057179494,10352220160.0,79411474432.0,1102.4679999999998,471358.1328098502,552933.0731237403,20064884965.0,5397436342.0,0.36
2026-09-11T04:40:12.506869Z,886.269,azure-1,crdb-azure-1,17.944705268651518,13812.84,16284.52,8327364608.0,6266068992.0,0.0,1429261.6395687328,47.394644390488935,11091535872.0,81944622080.0,1071.86,399680.9669642131,288755.205095621,19916665018.0,4560813063.0,0.71
2026-09-11T04:40:12.778318Z,886.541,azure-2,crdb-azure-2,17.631851085831585,8902.59,11275.14,8327364608.0,6541996032.0,0.0,1505314.077792181,36.360902725599296,10413656064.0,82404316160.0,790.114,371806.8998447632,255184.90958539795,19930978373.0,4661754277.0,1.12
2026-09-11T04:40:13.482827Z,887.245,gcp-1,crdb-gcp-1,24.88114104595861,5721.72,9627.77,8324030464.0,2756440064.0,3828865.899521777,1398411.0824823235,12.278743143027025,120113027072.0,84422550528.0,683.08,1058370.7574363,2935389.2787414053,18959087104.0,81485871840.0,4.24
2026-09-11T04:40:13.425055Z,887.187,client-1,crdb-client-1,6.355715017938324,9155.71,9762.85,8324030464.0,7481475072.0,0.0,3294.8600060740814,0.020110229529249603,566441984.0,5699589120.0,14.126,1639477.2116673992,415700.7667245972,4284038835.0,904380837.0,0.41
2026-09-11T04:40:18.244377Z,892.007,linode-1,crdb-linode-1,11.792207792210064,7305.0,9392.13,8322887680.0,6561824768.0,0.0,2221143.5957238693,64.2106256168999,10929899520.0,78932348928.0,1125.3439999999998,502076.6806569058,343380.35667610436,20006927298.0,4778264934.0,0.54
2026-09-11T04:40:18.624138Z,892.386,linode-2,crdb-linode-2,13.559322033895771,7232.93,9431.25,8322887680.0,6141771776.0,0.0,2218861.674401191,66.43148315667082,10352220160.0,79422803968.0,1105.86,505770.76996041083,648445.8935191287,20067467437.0,5400747315.0,0.33
2026-09-11T04:40:17.533481Z,891.296,azure-1,crdb-azure-1,18.995290423866606,13828.32,16303.630000000001,8327364608.0,6266372096.0,0.0,2169946.1021999614,51.98250956621099,11091535872.0,81955529728.0,1074.473,484564.72083223367,286499.2241646008,19919100775.0,4562253206.0,0.73
2026-09-11T04:40:17.648437Z,891.411,azure-2,crdb-azure-2,19.510926118634707,8918.06,11294.36,8327364608.0,6541893632.0,0.0,2335553.8745148005,42.113343464360696,10413656064.0,82415690752.0,792.165,524540.4806152171,370405.23287408706,19933532985.0,4663558221.0,1.11
2026-09-11T04:40:18.627765Z,892.39,gcp-1,crdb-gcp-1,27.25333333333644,5735.36,9646.52,8324030464.0,2755428352.0,10110535.636043744,1725956.0046411683,21.08823504611121,120165046272.0,84431430656.0,684.165,1082720.3269252784,2851814.6972830337,18964657753.0,81500544566.0,3.9
2026-09-11T04:40:18.631600Z,892.394,client-1,crdb-client-1,6.568228105901697,9174.06,9782.49,8324030464.0,7480864768.0,0.0,6293.478221225695,0.019206171329447592,566441984.0,5699621888.0,14.127,1503306.5946669644,385247.37173468026,4291866041.0,906386689.0,0.37
2026-09-11T04:40:23.115113Z,896.878,linode-1,crdb-linode-1,11.493073370966734,7322.25,9411.62,8322887680.0,6561595392.0,0.0,1844961.4113961072,58.14119648350675,10929899520.0,78941335552.0,1128.176,398890.6945480245,299365.57163953624,20008870255.0,4779723114.0,0.57
2026-09-11T04:40:23.535162Z,897.298,linode-2,crdb-linode-2,11.168296448790738,7250.1900000000005,9450.68,8322887680.0,6142058496.0,0.0,1826523.7910002975,58.39832861315573,10352220160.0,79431774208.0,1108.7279999999998,448312.443848982,535134.5503134911,20069669144.0,5403375414.0,0.39
2026-09-11T04:40:22.489950Z,896.252,azure-1,crdb-azure-1,16.605359957951805,13844.19,16322.66,8327364608.0,6265163776.0,0.0,1416419.6584881693,46.01998422075899,11091535872.0,81962550272.0,1076.754,388772.22671609407,292943.52840310684,19921027741.0,4563705193.0,0.75
2026-09-11T04:40:22.651714Z,896.414,azure-2,crdb-azure-2,17.580144777653107,8934.0,11313.699999999999,8327364608.0,6541819904.0,0.0,1500586.0438134319,35.8759114136504,10413656064.0,82423198720.0,793.96,370054.9296538443,254915.6389858269,19935384502.0,4664833655.0,1.1
2026-09-11T04:40:23.450563Z,897.213,gcp-1,crdb-gcp-1,26.433121019105755,5749.22,9665.36,8324030464.0,2782068736.0,9683600.623261534,1395382.8998437729,19.30392253230158,120211748864.0,84438160384.0,685.096,1068267.0468633359,2935447.973355767,18969809849.0,81514701803.0,3.67
2026-09-11T04:40:23.407046Z,897.169,client-1,crdb-client-1,6.230690010294138,9192.27,9801.91,8324030464.0,7481679872.0,0.0,12007.961053756242,0.02094022226170059,566441984.0,5699679232.0,14.128,1655229.2917770583,421644.56757959997,4299770586.0,908400252.0,0.34
2026-09-11T04:40:28.175208Z,901.938,linode-1,crdb-linode-1,10.774756285276489,7339.639999999999,9431.11,8322887680.0,6561136640.0,0.0,2233272.6587732243,64.4240021612568,10929899520.0,78952636416.0,1131.436,472189.2023928614,304809.9138083984,20011259639.0,4781265521.0,0.53
2026-09-11T04:40:28.534626Z,902.297,linode-2,crdb-linode-2,12.30056613484921,7267.23,9470.11,8322887680.0,6141837312.0,819.2680538059213,2245613.7354820305,66.80554930937248,10352224256.0,79443001344.0,1112.068,497498.72552411346,642258.7502461588,20072156431.0,5406586441.0,0.36
2026-09-11T04:40:27.512416Z,901.275,azure-1,crdb-azure-1,18.081761006293195,13859.82,16341.74,8327364608.0,6265626624.0,0.0,2159486.390162592,51.6068724046381,11091535872.0,81973396480.0,1079.346,467596.4912988958,281398.8160227334,19923376285.0,4565118543.0,0.85
2026-09-11T04:40:27.677842Z,901.44,azure-2,crdb-azure-2,19.314641744552286,8949.54,11332.960000000001,8327364608.0,6542159872.0,0.0,2233703.1253229906,40.80582180564392,10413656064.0,82434425856.0,796.011,499848.0392978421,345681.81412332715,19937896860.0,4666571136.0,1.09
2026-09-11T04:40:28.797177Z,902.56,gcp-1,crdb-gcp-1,26.091530773277118,5763.27,9684.37,8324030464.0,2784894976.0,3569147.333596196,1635571.9161253227,12.680649872989292,120230832128.0,84446905344.0,685.774,1062739.642713163,2821707.187188826,18975492030.0,81529788707.0,3.77
2026-09-11T04:40:28.467364Z,902.23,client-1,crdb-client-1,6.380806533945849,9210.61,9821.5,8324030464.0,7479402496.0,0.0,2428.248225638088,0.0,566441984.0,5699691520.0,14.128,1598867.2784784161,407284.8895645447,4307861555.0,910461292.0,0.31
2026-09-11T04:40:33.119990Z,906.883,linode-1,crdb-linode-1,11.271975180965155,7356.799999999999,9450.449999999999,8322887680.0,6560907264.0,0.0,1895235.5801709823,65.92723063603525,10929899520.0,78962008064.0,1134.696,404263.1492601746,304013.31253963633,20013258658.0,4782768820.0,0.48
2026-09-11T04:40:33.527573Z,907.29,linode-2,crdb-linode-2,11.60621761657491,7284.29,9489.41,8322887680.0,6142435328.0,0.0,1889256.6395144567,66.25254596918643,10352224256.0,79452434432.0,1115.376,455670.11036161514,542270.8800851046,20074431599.0,5409294008.0,0.33
2026-09-11T04:40:32.504261Z,906.267,azure-1,crdb-azure-1,17.708880714664655,13875.48,16360.77,8327364608.0,6265495552.0,0.0,1520430.5105466875,51.34283139001484,11091535872.0,81980986368.0,1081.9089999999999,401483.5133531549,289671.52707539714,19925380464.0,4566564564.0,0.87
2026-09-11T04:40:32.675007Z,906.438,azure-2,crdb-azure-2,19.42148760330815,8965.14,11352.32,8327364608.0,6541705216.0,0.0,1595036.7882467909,40.50218270515222,10413656064.0,82442396672.0,798.035,380190.8273216099,254249.0500684211,19939796773.0,4667841685.0,1.0
2026-09-11T04:40:33.460722Z,907.223,gcp-1,crdb-gcp-1,27.22457627118451,5777.01,9703.25,8324030464.0,2775351296.0,5653529.57596921,1465860.0065702365,15.888921499186157,120257198080.0,84453741568.0,686.515,1145851.3380910545,3225243.714981416,18980835853.0,81544830040.0,3.47
2026-09-11T04:40:33.429778Z,907.192,client-1,crdb-client-1,6.529562982007143,9228.79,9840.95,8324030464.0,7467520000.0,0.0,89142.3765596664,0.12090708626257295,566441984.0,5700133888.0,14.134,1736831.5032326572,434716.3908618036,4316480561.0,912618567.0,0.29
2026-09-11T04:40:38.365018Z,912.128,linode-1,crdb-linode-1,10.188087774297816,7373.99,9469.59,8322887680.0,6560661504.0,0.0,2088169.2759994385,65.4322161470821,10929899520.0,78972960768.0,1138.128,443503.25971914316,290343.0666874961,20015584887.0,4784291705.0,0.53
2026-09-11T04:40:38.539813Z,912.303,linode-2,crdb-linode-2,12.119649303762381,7301.33,9508.8,8322887680.0,6143078400.0,0.0,2187592.18549238,69.90723767026543,10352224256.0,79463399424.0,1118.88,482243.02884811576,598562.1684046406,20076848773.0,5412294215.0,0.3
2026-09-11T04:40:37.518035Z,911.281,azure-1,crdb-azure-1,19.258872651350302,13890.95,16379.93,8327364608.0,6483210240.0,0.0,2147730.075630925,50.16111182710416,11091535872.0,81991754752.0,1084.424,458402.5559356926,280077.3102933352,19927678823.0,4567968828.0,0.88
2026-09-11T04:40:37.673761Z,911.436,azure-2,crdb-azure-2,19.555095706150283,8980.69,11371.65,8327364608.0,6541996032.0,0.0,2194324.617149697,41.089494073029776,10413656064.0,82453365760.0,800.0889999999999,485383.35190390225,338695.6584791853,19942223129.0,4669534772.0,1.0
2026-09-11T04:40:38.518839Z,912.282,gcp-1,crdb-gcp-1,29.513343799063662,5790.48,9722.36,8324030464.0,2743877632.0,10386909.167379616,2081106.7716664544,21.94442824117857,120309737472.0,84464268288.0,687.625,1101427.4274718075,2927796.356700354,18986407128.0,81559639512.0,3.27
2026-09-11T04:40:38.448712Z,912.211,client-1,crdb-client-1,6.471494607089168,9247.0,9860.42,8324030464.0,7454822400.0,0.0,7344.951738957877,0.03984891351432471,566441984.0,5700170752.0,14.136000000000001,1570971.6872574012,401834.8499217756,4324365201.0,914635359.0,0.27
2026-09-11T04:40:43.189288Z,916.952,linode-1,crdb-linode-1,13.549716640907416,7390.7699999999995,9489.0,8322887680.0,6558564352.0,0.0,15651725.779895427,47.75750339675352,10929899520.0,79048470528.0,1140.432,302029.10571575654,234962.5638145734,20017041988.0,4785425252.0,0.48
2026-09-11T04:40:43.863701Z,917.626,linode-2,crdb-linode-2,15.07692307692895,7317.89,9528.300000000001,8322887680.0,6135820288.0,3077.4147830489856,14798518.33798681,43.12588099291945,10352240640.0,79542185984.0,1121.176,317717.71923337027,430709.21790925716,20078540286.0,5414587289.0,0.36
2026-09-11T04:40:42.515732Z,916.278,azure-1,crdb-azure-1,12.571726656234084,13907.71,16399.1,8327364608.0,6572933120.0,0.0,1070354.504745942,34.49544706115128,11091535872.0,81997104128.0,1086.148,304560.3821387566,232627.37053624727,19929200943.0,4569131444.0,0.81
2026-09-11T04:40:42.686949Z,916.45,azure-2,crdb-azure-2,11.612234318307413,8997.74,11390.94,8327364608.0,6541737984.0,0.0,1156111.7704318964,23.418093296004592,10413656064.0,82459161600.0,801.263,282597.94058585615,195874.39787935407,19943639854.0,4670516733.0,0.92
2026-09-11T04:40:43.444267Z,917.207,gcp-1,crdb-gcp-1,21.484172288525194,5805.61,9741.63,8324030464.0,2759892992.0,9876817.381400025,9482642.80543104,16.26233246757014,120358385664.0,84510974976.0,688.426,620728.5607035127,1675007.250535687,18989464522.0,81567889748.0,3.01
2026-09-11T04:40:43.437265Z,917.2,client-1,crdb-client-1,3.6206017338139995,9265.9,9880.03,8324030464.0,7695196160.0,0.0,193768.84953872336,0.20045274589794013,566441984.0,5701137408.0,14.146,794573.0358428946,236240.5768868339,4328329093.0,915813894.0,0.24
2026-09-11T04:40:48.169782Z,921.933,linode-1,crdb-linode-1,6.8193384223881,7409.08,9508.65,8322887680.0,6558085120.0,0.0,1089672.6061533364,15.01833559482789,10929899520.0,79053897728.0,1141.1799999999998,264547.3791632941,176363.8486161287,20018359587.0,4786303646.0,0.44
2026-09-11T04:40:48.530212Z,922.293,linode-2,crdb-linode-2,6.184012066367561,7336.549999999999,9548.19,8322887680.0,6135181312.0,7021.794034248205,1159473.739905235,7.628658069439451,10352273408.0,79547596800.0,1121.5320000000002,303108.65677788627,632816.9013692257,20079954777.0,5417540401.0,0.49
2026-09-11T04:40:47.522558Z,921.285,azure-1,crdb-azure-1,10.518134715037142,13924.98,16418.4,8327364608.0,6584975360.0,0.0,15451512.50916509,16.237367545118957,11091535872.0,82074469376.0,1086.961,255859.96957934834,160644.6854039604,19930482026.0,4569935787.0,0.74
2026-09-11T04:40:47.667749Z,921.431,azure-2,crdb-azure-2,10.204081632648009,9014.9,11410.05,8327364608.0,6551379968.0,822.332944614837,16146507.367512323,11.8451278643234,10413660160.0,82539586560.0,801.853,309715.76285778126,301950.1773358814,19945182533.0,4672020732.0,0.85
2026-09-11T04:40:48.472687Z,922.236,gcp-1,crdb-gcp-1,10.207175341083108,5823.38,9761.42,8324030464.0,2772815872.0,2831400.6646816977,1081731.8995101538,5.965994774747126,120372623360.0,84516414464.0,688.726,473355.34948350565,581303.0646053341,18991844789.0,81570812830.0,2.77
2026-09-11T04:40:48.447668Z,922.211,client-1,crdb-client-1,0.549450549444408,9285.81,9900.05,8324030464.0,7694229504.0,0.0,14714.664134375847,0.039916081093662355,566441984.0,5701211136.0,14.148,6485.165695290918,65853.75016876613,4328361587.0,916143855.0,0.22
2026-09-11T04:40:53.121113Z,926.884,linode-1,crdb-linode-1,5.174180327869859,7427.59,9528.17,8322887680.0,6558089216.0,0.0,616298.5874590179,6.139719568857332,10929899520.0,79056949248.0,1141.484,192661.77453271422,159858.90898488683,20019313526.0,4787095166.0,0.57
2026-09-11T04:40:53.531552Z,927.295,linode-2,crdb-linode-2,9.275215408003334,7354.45,9567.92,8322887680.0,6320181248.0,0.0,724782.3143826174,5.67835720351604,10352273408.0,79551221760.0,1121.816,288863.62932332634,488198.3601097414,20081399513.0,5419982099.0,0.45
2026-09-11T04:40:52.506070Z,926.269,azure-1,crdb-azure-1,3.087388801656732,13943.5,16437.51,8327364608.0,6584741888.0,0.0,655052.0406583425,5.217120677490636,11091535872.0,82077733888.0,1087.221,191614.40824288278,166427.95553834547,19931436954.0,4570765196.0,0.68
2026-09-11T04:40:52.636294Z,926.399,azure-2,crdb-azure-2,4.415584415586304,9033.3,11429.3,8327364608.0,6552068096.0,0.0,572120.6257336196,4.005172844562976,10413660160.0,82542429184.0,802.052,145205.62946239315,124094.34327221233,19945903998.0,4672637304.0,0.78
2026-09-11T04:40:53.468978Z,927.232,gcp-1,crdb-gcp-1,4.056795131842284,5842.3,9781.14,8324030464.0,2771853312.0,37710.420950904125,950958.4413706257,1.2008668356490302,120372811776.0,84521165824.0,688.7860000000001,177193.50564507284,475817.4648440204,18992730117.0,81573190200.0,2.55
2026-09-11T04:40:53.447719Z,927.211,client-1,crdb-client-1,0.503271263212679,9305.58,9919.92,8324030464.0,7693221888.0,0.0,12287.711238875881,0.019999530011215655,566441984.0,5701272576.0,14.149000000000001,6132.055896731337,65827.85304593554,4328392248.0,916473002.0,0.21
2026-09-11T04:40:58.345927Z,932.109,linode-1,crdb-linode-1,4.213197969547244,7446.46,9547.87,8322887680.0,6557114368.0,0.0,1129652.8900402857,6.813512969345282,10929899520.0,79062851584.0,1141.84,254361.83650262546,166336.60788146793,20020642544.0,4787964260.0,0.52
2026-09-11T04:40:58.660667Z,932.424,linode-2,crdb-linode-2,6.766917293234664,7373.05,9587.87,8322887680.0,6445125632.0,0.0,1033337.9818782232,6.862633911721971,10352273408.0,79556521984.0,1122.1680000000001,226456.78110485262,360672.9387945118,20082561061.0,5421832072.0,0.57
2026-09-11T04:40:57.568377Z,931.331,azure-1,crdb-azure-1,3.9034411915870204,13962.21,16456.98,8327364608.0,6584516608.0,0.0,1196666.9438826318,7.249553125344672,11091535872.0,82083791872.0,1087.588,252072.29562696305,156637.36095824683,19932713040.0,4571558154.0,0.63
2026-09-11T04:40:57.706413Z,931.469,azure-2,crdb-azure-2,4.5711350796063925,9051.880000000001,11448.77,8327364608.0,6552129536.0,0.0,1241666.0986340323,3.8854134066545356,10413660160.0,82548724736.0,802.249,302874.28638013883,212160.33647742434,19947439645.0,4673713009.0,0.8
2026-09-11T04:40:58.657605Z,932.421,gcp-1,crdb-gcp-1,4.072398190051585,5861.38,9801.03,8324030464.0,2773467136.0,13419.908497446613,1025438.8904813618,1.0214486879087687,120372881408.0,84526486528.0,688.839,247929.68732641218,558971.990912365,18994016552.0,81576090543.0,2.34
2026-09-11T04:40:58.653686Z,932.417,client-1,crdb-client-1,0.3960396039510483,9325.7,9940.119999999999,8324030464.0,7693217792.0,0.0,10228.053749231462,0.019208334114381373,566441984.0,5701325824.0,14.15,6142.0569164179915,63399.98799466801,4328424224.0,916803067.0,0.19
2026-09-11T04:41:03.183906Z,936.947,linode-1,crdb-linode-1,5.174180327861022,7464.97,9567.39,8322887680.0,6557118464.0,0.0,666282.7132288421,7.11020803606567,10929899520.0,79066075136.0,1142.184,213537.73622729877,173464.89310497028,20021675664.0,4788803503.0,0.48
2026-09-11T04:41:03.556887Z,937.32,linode-2,crdb-linode-2,6.114199090445604,7391.63,9607.66,8322887680.0,6446931968.0,0.0,875033.4127295773,8.006064252165066,10352273408.0,79560806400.0,1122.5600000000002,302136.2022240252,509317.4188723911,20084040407.0,5424325837.0,0.53
2026-09-11T04:41:02.562230Z,936.325,azure-1,crdb-azure-1,3.748047891710349,13980.7,16476.19,8327364608.0,6584004608.0,0.0,614323.4658341014,6.287601185433309,11091535872.0,82086859776.0,1087.902,193145.09631266468,167625.2449407746,19933677598.0,4572395267.0,0.58
2026-09-11T04:41:02.724730Z,936.488,azure-2,crdb-azure-2,4.151530877007414,9070.35,11468.039999999999,8327364608.0,6552133632.0,0.0,603981.4324739052,3.885675521681438,10413660160.0,82551755776.0,802.444,148404.30997445373,124248.55974673759,19948184402.0,4674336542.0,0.73
2026-09-11T04:41:03.531945Z,937.295,gcp-1,crdb-gcp-1,3.859827323506604,5880.31,9820.72,8324030464.0,2778009600.0,12604.564802052599,808372.75597164,1.3950364689768397,120372942848.0,84530426880.0,688.907,199045.6497654606,493632.62878546404,18994986785.0,81578496718.0,2.15
2026-09-11T04:41:03.454052Z,937.217,client-1,crdb-client-1,0.451580531862239,9345.54,9960.05,8324030464.0,7693221888.0,0.0,3413.008178885775,0.0,566441984.0,5701342208.0,14.15,6327.522182229945,69185.90871608027,4328454599.0,917135191.0,0.17
2026-09-11T04:41:08.187066Z,941.95,linode-1,crdb-linode-1,5.720122574054621,7483.43,9586.97,8322887680.0,6764912640.0,0.0,1176422.7349882855,6.955461270765919,10929899520.0,79071961088.0,1142.532,254630.6428613954,175811.87540196566,20022949648.0,4789683136.0,0.44
2026-09-11T04:41:08.535933Z,942.299,linode-2,crdb-linode-2,5.980739989860151,7410.18,9627.39,8322887680.0,6447935488.0,0.0,1015952.6626063719,6.748167356634178,10352273408.0,79565864960.0,1122.8960000000002,236539.33291515382,498579.7090973874,20085218167.0,5426808330.0,0.49
2026-09-11T04:41:07.506834Z,941.27,azure-1,crdb-azure-1,3.9001560062403406,13999.18,16495.42,8327364608.0,6583312384.0,0.0,1225144.8912925837,6.774919487787688,11091535872.0,82092917760.0,1088.237,259183.34228880386,162172.96678857855,19934959184.0,4573197165.0,0.53
2026-09-11T04:41:07.679402Z,941.443,azure-2,crdb-azure-2,5.506493506499788,9088.54,11487.29,8327364608.0,6551990272.0,0.0,1268952.2426628536,3.9154229291258504,10413660160.0,82558043136.0,802.638,310377.9975027785,303454.56099965057,19949722252.0,4675840088.0,0.67
2026-09-11T04:41:08.539180Z,942.302,gcp-1,crdb-gcp-1,7.904130545645316,5898.37,9840.33,8324030464.0,2693492736.0,138241.06722725366,1096930.5985310483,1.7773805853621847,120373635072.0,84535919616.0,688.996,472165.1466154481,585500.5186110351,18997351090.0,81581428535.0,1.98
2026-09-11T04:41:08.464198Z,942.227,client-1,crdb-client-1,0.7003501750937335,9365.39,9980.039999999999,8324030464.0,7706157056.0,0.0,170046.010379442,0.19959201563842585,566441984.0,5702194176.0,14.16,10100.154359367116,66445.17996611157,4328505203.0,917468096.0,0.16
2026-09-11T04:41:13.170870Z,946.934,linode-1,crdb-linode-1,9.54335556696051,7501.0599999999995,9606.46,8322887680.0,6764818432.0,0.0,1643700.564483255,25.92359776992466,10929899520.0,79080153088.0,1143.8239999999998,393478.27891579515,266164.7213385133,20024910695.0,4791009668.0,0.41
2026-09-11T04:41:13.562377Z,947.326,linode-2,crdb-linode-2,10.373019928465432,7427.719999999999,9646.96,8322887680.0,6446796800.0,0.0,1738122.6624097214,26.658420684043396,10352273408.0,79574601728.0,1124.236,491640.7615017345,601973.3995795448,20087689426.0,5429834182.0,0.53
2026-09-11T04:41:12.514407Z,946.278,azure-1,crdb-azure-1,4.77673935618792,14017.52,16514.68,8327364608.0,6599081984.0,0.0,698528.5808986326,7.588395508424218,11091535872.0,82096415744.0,1088.617,281548.84374063445,179825.8028663202,19936369081.0,4574097669.0,0.49
2026-09-11T04:41:12.675092Z,946.438,azure-2,crdb-azure-2,5.411030176903786,9106.72,11506.51,8327364608.0,6552215552.0,0.0,699367.0674053032,6.645601300858992,10413660160.0,82561537024.0,802.97,259160.23538054246,150410.9751533994,19951016961.0,4676591509.0,0.62
2026-09-11T04:41:13.579958Z,947.343,gcp-1,crdb-gcp-1,24.909560723516943,5912.9,9859.68,8324030464.0,2779680768.0,6561432.4941622885,1386229.5770948438,12.299511858977871,120406710272.0,84542907392.0,689.616,1010960.9561785846,3336582.21697841,19002447193.0,81598247747.0,1.82
2026-09-11T04:41:13.456539Z,947.22,client-1,crdb-client-1,13.202681794736094,9382.220000000001,9999.43,8324030464.0,7479717888.0,0.0,12306.615910209148,0.06009089799907038,566441984.0,5702255616.0,14.163,2107354.542530426,602948.0644627828,4339026037.0,920478276.0,0.15
2026-09-11T04:41:18.649870Z,952.413,linode-1,crdb-linode-1,26.588360918318287,7514.8099999999995,9625.19,8322887680.0,6765174784.0,0.0,5126816.256596292,90.74473651536591,10929899520.0,79108243456.0,1148.7959999999998,1005172.6204492045,649202.8474793244,20030418142.0,4794566719.0,0.37
2026-09-11T04:41:18.556809Z,952.32,linode-2,crdb-linode-2,27.792624265101363,7441.23,9665.67,8322887680.0,6448959488.0,0.0,5483192.567936222,99.3090562404325,10352273408.0,79601987584.0,1129.1960000000001,1087062.7579711836,902762.76893763,20093118771.0,5434343039.0,0.64
2026-09-11T04:41:17.539723Z,951.303,azure-1,crdb-azure-1,33.65282215122525,14029.98,16533.46,8327364608.0,6596816896.0,0.0,3344987.8991107885,90.95749101745203,11091535872.0,82113225728.0,1093.1879999999999,1059660.342022005,494783.4796377723,19941694324.0,4576584166.0,0.53
2026-09-11T04:41:17.707673Z,951.471,azure-2,crdb-azure-2,38.509316770180135,9118.6,11525.83,8327364608.0,6550532096.0,0.0,3896861.273469945,85.4813282314028,10413660160.0,82581148672.0,807.2719999999999,1118628.491632622,584997.0930003135,19956646658.0,4679535611.0,0.65
2026-09-11T04:41:18.613779Z,952.377,gcp-1,crdb-gcp-1,84.06102051551488,5915.93,9878.69,8324030464.0,2785255424.0,11380949.154115185,3969133.479214547,34.9628339862647,120464001024.0,84562887680.0,691.376,3680073.2829214563,11719823.244087603,19020972376.0,81657244363.0,2.24
2026-09-11T04:41:18.470545Z,952.234,client-1,crdb-client-1,27.63300760044487,9395.55,10017.85,8324030464.0,7520931840.0,0.0,13887.234064194829,0.019943752964423158,566441984.0,5702325248.0,14.164,7941353.133525647,1758403.8029311802,4378844787.0,929295091.0,0.3
2026-09-11T04:41:23.208979Z,956.973,linode-1,crdb-linode-1,25.73411639081592,7528.719999999999,9643.92,8322887680.0,6764863488.0,0.0,5456891.98388234,106.15879575884775,10929899520.0,79133122560.0,1153.636,1111976.9757389876,721490.7084665971,20035487876.0,4797856145.0,0.34
2026-09-11T04:41:23.566592Z,957.33,linode-2,crdb-linode-2,29.09560723514214,7454.95,9685.02,8322887680.0,6449176576.0,0.0,4894871.362604959,96.84849339649394,10352273408.0,79626510336.0,1134.048,1091373.1368720436,985632.0275866201,20098586427.0,5439280944.0,0.59
2026-09-11T04:41:22.574018Z,956.338,azure-1,crdb-azure-1,32.5556733828167,14042.7,16552.32,8327364608.0,6597054464.0,0.0,2723959.0125290756,88.57122341045576,11091535872.0,82126939136.0,1097.647,962055.1066390316,494102.0881195224,19946537662.0,4579071657.0,0.57
2026-09-11T04:41:22.703730Z,956.467,azure-2,crdb-azure-2,36.69438669438446,9130.78,11545.07,8327364608.0,6548938752.0,0.0,3058811.309697467,81.96367005072582,10413660160.0,82596430848.0,811.367,923081.8575531527,486617.00808052026,19961258482.0,4681966806.0,0.68
2026-09-11T04:41:23.608527Z,957.372,gcp-1,crdb-gcp-1,81.30595050026692,5919.48,9897.68,8324030464.0,2777432064.0,12181767.484117521,3306421.171050949,34.33537745613511,120524847104.0,84579402752.0,693.091,3500754.4022956067,11259501.627492886,19038458113.0,81713483865.0,2.38
2026-09-11T04:41:23.499134Z,957.263,client-1,crdb-client-1,25.995694294940506,9409.3,10036.43,8324030464.0,7519682560.0,0.0,234583.44874418149,0.27840239481767476,566441984.0,5703504896.0,14.178,7586198.390199712,1688529.8138778459,4416993445.0,937786188.0,0.27
2026-09-11T04:41:28.211505Z,961.975,linode-1,crdb-linode-1,25.729442970823712,7542.719999999999,9662.77,8322887680.0,6765092864.0,4912.635686673024,5204937.510030068,99.30816280676608,10929924096.0,79159160832.0,1158.6039999999998,1021341.0771098727,654478.3732802793,20040597247.0,4801130245.0,0.4
2026-09-11T04:41:28.588068Z,962.352,linode-2,crdb-linode-2,26.6944734098009,7469.01,9704.2,8322887680.0,6447968256.0,0.0,5152672.969209789,99.25211915199672,10352273408.0,79652384768.0,1139.0320000000002,1003928.4144117199,837350.141673963,20103627709.0,5443485744.0,0.71
2026-09-11T04:41:27.570464Z,961.334,azure-1,crdb-azure-1,33.38615953513698,14055.31,16571.25,8327364608.0,6595911680.0,0.0,3391365.864119389,90.28217281876523,11091535872.0,82143884288.0,1102.158,996187.8247505267,474554.8021668999,19951515171.0,4581442797.0,0.6
2026-09-11T04:41:27.762222Z,961.526,azure-2,crdb-azure-2,37.512899896810495,9142.89,11564.45,8327364608.0,6547259392.0,0.0,3719806.2528750324,83.6199201832418,10413660160.0,82615247872.0,815.597,1040914.999618893,548603.609113678,19966524058.0,4684741974.0,0.7
2026-09-11T04:41:28.591236Z,962.355,gcp-1,crdb-gcp-1,90.78051335777786,5921.24,9916.77,8324030464.0,2776842240.0,72362996.16234979,3612806.63561885,51.336520626205385,120885417984.0,84597404672.0,695.649,3496768.237587145,11181958.564531181,19055881836.0,81769201412.0,2.99
2026-09-11T04:41:28.504533Z,962.268,client-1,crdb-client-1,26.821370750130434,9422.86,10054.960000000001,8324030464.0,7519047680.0,0.0,8183.003537217674,0.0,566441984.0,5703545856.0,14.178,7588706.112795007,1683445.2062083494,4454978691.0,946212668.0,0.25
2026-09-11T04:41:33.191776Z,966.956,linode-1,crdb-linode-1,21.43611404433977,7557.6,9681.71,8322887680.0,6765146112.0,11513.986929615712,3922979.832447639,91.23806607173358,10929981440.0,79178698752.0,1163.148,837591.5489781738,537012.9206351897,20044768769.0,4803804772.0,0.36
2026-09-11T04:41:33.555789Z,967.32,linode-2,crdb-linode-2,22.49224405377627,7484.0,9723.54,8322887680.0,6448238592.0,0.0,3933720.2300097025,92.19334716256579,10352273408.0,79671926784.0,1143.612,922084.0406730035,868306.9366092139,20108208457.0,5447799337.0,0.81
2026-09-11T04:41:32.534632Z,966.298,azure-1,crdb-azure-1,30.13698630136711,14068.57,16590.23,8327364608.0,6596251648.0,0.0,2568525.9342937595,82.95283417559465,11091535872.0,82156635136.0,1106.276,817668.5843200511,447080.32283389004,19955574296.0,4583662223.0,0.63
2026-09-11T04:41:32.719411Z,966.483,azure-2,crdb-azure-2,33.316142341409595,9155.82,11583.84,8327364608.0,6546313216.0,0.0,2791937.348211453,75.96925094971517,10413660160.0,82629088256.0,819.3629999999999,788547.9145233175,428298.94272883754,19970433102.0,4686865167.0,0.73
2026-09-11T04:41:33.897584Z,967.661,gcp-1,crdb-gcp-1,87.48668796591848,5923.59,9935.55,8324030464.0,2771857408.0,77218423.38050026,2892275.259468747,52.40792566724451,121295173632.0,84612752384.0,698.4300000000001,2801044.386722898,9283312.30517946,19070745436.0,81818462838.0,3.23
2026-09-11T04:41:33.506081Z,967.27,client-1,crdb-client-1,24.7282608695642,9436.71,10073.359999999999,8324030464.0,7520280576.0,0.0,5732.525990217447,0.0,566441984.0,5703574528.0,14.178,6938999.784034925,1545039.1140363126,4489685032.0,953940389.0,0.23
2026-09-11T04:41:38.187401Z,971.951,linode-1,crdb-linode-1,25.157894736845556,7571.82,9700.71,8322887680.0,6764621824.0,0.0,3745340.5442810226,94.80188275667747,10929981440.0,79197409280.0,1167.884,898348.7262582439,522111.1604647787,20049256633.0,4806413073.0,0.42
2026-09-11T04:41:38.586182Z,972.35,linode-2,crdb-linode-2,22.19334719334499,7498.97,9742.78,8322887680.0,6447788032.0,0.0,4361054.3921006555,95.57745145822477,10352273408.0,79693864960.0,1148.42,877900.3607884662,743939.0604853636,20112624713.0,5451541704.0,0.75
2026-09-11T04:41:37.586081Z,971.35,azure-1,crdb-azure-1,30.503144654093262,14081.83,16609.31,8327364608.0,6594314240.0,0.0,3148491.498382998,81.42052454238083,11091535872.0,82172539904.0,1110.389,871861.3894416954,427210.8990113772,19959978549.0,4585820301.0,0.74
2026-09-11T04:41:37.737527Z,971.501,azure-2,crdb-azure-2,33.14374353671048,9168.75,11603.18,8327364608.0,6545952768.0,0.0,3486915.7595671047,74.92695929693605,10413660160.0,82646586368.0,823.1229999999999,931317.7926539114,520003.4597597891,19975106660.0,4689474659.0,0.75
2026-09-11T04:41:38.625081Z,972.389,gcp-1,crdb-gcp-1,91.52276295133521,5925.21,9954.66,8324030464.0,2778841088.0,88689719.85459526,4695924.208586005,61.10959228787909,121714460672.0,84634952704.0,701.319,3263442.600734505,10780844.278392399,19086173596.0,81869430056.0,3.37
2026-09-11T04:41:38.495399Z,972.259,client-1,crdb-client-1,24.878312601405984,9450.6,10091.85,8324030464.0,7570161664.0,0.0,6567.513330867519,0.0,566441984.0,5703607296.0,14.178,7075048.548389363,1578073.7622108469,4524985332.0,961814042.0,0.21
2026-09-11T04:41:43.240176Z,977.004,linode-1,crdb-linode-1,33.01536830948706,7584.46,9719.58,8322887680.0,6780448768.0,0.0,19261294.755330335,96.65770301229894,10929981440.0,79294734336.0,1172.768,888568.089098503,577149.0027290421,20053746463.0,4809329339.0,0.54
2026-09-11T04:41:43.601419Z,977.365,linode-2,crdb-linode-2,30.264550264547385,7512.150000000001,9761.68,8322887680.0,6460411904.0,0.0,20597124.36738565,97.70069230632886,10352273408.0,79797166080.0,1153.3200000000002,987580.7300299988,924728.4789451627,20117577744.0,5456179511.0,0.68
2026-09-11T04:41:42.555441Z,976.319,azure-1,crdb-azure-1,31.76283748014921,14094.72,16628.2,8327364608.0,6593093632.0,0.0,2678767.5148926172,88.86296083057577,11091535872.0,82185851904.0,1114.805,866217.6693054863,465653.9885240514,19964283174.0,4588134345.0,0.84
2026-09-11T04:41:42.720701Z,976.485,azure-2,crdb-azure-2,34.05909797821779,9181.470000000001,11622.47,8327364608.0,6545002496.0,0.0,2974643.2111812467,79.16502602981718,10413660160.0,82661409792.0,827.068,827799.6801183472,448364.41942677007,19979231802.0,4691708976.0,0.77
2026-09-11T04:41:43.622567Z,977.386,gcp-1,crdb-gcp-1,92.67151767151834,5926.62,9973.9,8324030464.0,2777997312.0,91611938.71357423,11725134.824126545,58.708338021805375,122172299264.0,84693550080.0,704.253,3190111.440005513,10394371.075639246,19102116454.0,81921376825.0,3.9
2026-09-11T04:41:43.481597Z,977.246,client-1,crdb-client-1,25.743645213630472,9464.33,10110.34,8324030464.0,7565942784.0,0.0,821.4529167683795,0.0,566441984.0,5703611392.0,14.178,7179164.576758171,1598776.2036137942,4560782707.0,969785999.0,0.35
2026-09-11T04:41:48.222358Z,981.986,linode-1,crdb-linode-1,27.40662809047857,7598.26,9738.59,8322887680.0,6780133376.0,0.0,5092148.97050677,97.22413454684398,10929981440.0,79320104960.0,1177.6119999999999,998241.7765945441,621457.3102968403,20058720005.0,4812425627.0,0.5
2026-09-11T04:41:48.568045Z,982.332,linode-2,crdb-linode-2,24.270270270274008,7526.16,9780.18,8322887680.0,6460588032.0,0.0,4986880.991955772,97.44834086547277,10352273408.0,79821934592.0,1158.16,993491.8753099289,896699.9013684657,20122512154.0,5460633181.0,0.71
2026-09-11T04:41:47.568733Z,981.333,azure-1,crdb-azure-1,41.68466522677734,14105.52,16646.72,8327364608.0,6605365248.0,5436424.603180733,33732140.45559407,80.94362824415477,11118790656.0,82354963456.0,1118.863,943738.2775498062,423404.9890976238,19969014479.0,4590257029.0,0.86
2026-09-11T04:41:47.712450Z,981.476,azure-2,crdb-azure-2,40.993132593776636,9192.64,11641.4,8327364608.0,6496178176.0,0.0,20291864.174093407,79.89011236025407,10413660160.0,82762703872.0,831.056,1008480.4532168048,527575.6316197083,19984265992.0,4694342558.0,0.95
2026-09-11T04:41:48.596308Z,982.36,gcp-1,crdb-gcp-1,91.09947643979169,5928.32,9993.0,8324030464.0,2741657600.0,87115393.31927843,3679459.0665078796,56.77740715562668,122605594624.0,84711851008.0,707.077,3284485.143730226,10560847.237895314,19118452857.0,81973904466.0,4.07
2026-09-11T04:41:48.509277Z,982.273,client-1,crdb-client-1,25.482832618026553,9478.22,10128.98,8324030464.0,7565901824.0,0.0,7332.072659151107,0.019889520017217454,566441984.0,5703648256.0,14.179,7089000.050487755,1582847.1853254763,4596424593.0,977744196.0,0.57
2026-09-11T04:41:53.216964Z,986.981,linode-1,crdb-linode-1,28.822314049590236,7612.04,9757.95,8322887680.0,6779219968.0,0.0,6111198.387462881,97.06355631255259,10929981440.0,79350628352.0,1182.46,1160026.4226810127,608185.8685175023,20064513949.0,4815463312.0,0.62
2026-09-11T04:41:53.578227Z,987.342,linode-2,crdb-linode-2,27.0505160238979,7539.59,9798.59,8322887680.0,6460432384.0,3270.0831400308357,6048836.288272039,97.55960930462929,10352289792.0,79852240896.0,1163.048,1256405.1019647932,2043506.7688569124,20128807083.0,5470871702.0,0.65
2026-09-11T04:41:52.571410Z,986.335,azure-1,crdb-azure-1,31.893333333331007,14118.29,16665.47,8327364608.0,6628077568.0,0.0,4336077.652501796,87.69135103035612,11118790656.0,82376655872.0,1123.25,1142124.9776106633,484530.7944264506,19974728272.0,4592681027.0,0.87
2026-09-11T04:41:52.746496Z,986.511,azure-2,crdb-azure-2,35.52083333333047,9205.02,11660.6,8327364608.0,6450044928.0,0.0,4589769.629905269,80.17260550154478,10413660160.0,82785809408.0,835.092,1093583.3410242454,462426.0933630877,19989771242.0,4696670475.0,0.95
2026-09-11T04:41:53.609874Z,987.374,gcp-1,crdb-gcp-1,92.2916666666645,5929.8,10012.2,8324030464.0,2723332096.0,82357460.43836226,4746568.710600092,57.662276375359234,123018508288.0,84735648768.0,709.968,3512132.0651578796,10750998.194625098,19136061551.0,82027806493.0,4.63
2026-09-11T04:41:53.510998Z,987.275,client-1,crdb-client-1,26.864864864861325,9491.75,10147.48,8324030464.0,7562784768.0,0.0,91716.87671166146,0.0999634625153414,566441984.0,5704107008.0,14.184000000000001,7360908.326216978,1632578.6787885218,4633242587.0,985910073.0,0.52
2026-09-11T04:41:58.252250Z,992.016,linode-1,crdb-linode-1,29.433177327092995,7625.61,9777.18,8322887680.0,6779080704.0,0.0,6469332.998827202,96.7555432179101,10929981440.0,79383203840.0,1187.3319999999999,1226016.655926806,631301.5203945024,20070687397.0,4818642149.0,0.65
2026-09-11T04:41:58.596982Z,992.361,linode-2,crdb-linode-2,32.14665249734472,7552.36,9817.41,8322887680.0,6460657664.0,0.0,6244951.877567673,96.67517769417061,10352289792.0,79883583488.0,1167.9,1211358.9050773522,1787978.1219830818,20134886734.0,5479845329.0,0.76
2026-09-11T04:41:57.566635Z,991.331,azure-1,crdb-azure-1,32.46822033897369,14131.04,16684.35,8327364608.0,6630211584.0,0.0,4861596.491375388,87.5421057414463,11118790656.0,82400941056.0,1127.623,1193095.0038104856,479945.7411131693,19980688152.0,4595078505.0,0.96
2026-09-11T04:41:57.747391Z,991.512,azure-2,crdb-azure-2,36.273486430066704,9217.23,11679.76,8327364608.0,6431838208.0,0.0,5230388.572213123,80.7242170755935,10413660160.0,82811966464.0,839.129,1263394.5853870378,560036.1036455063,19996089450.0,4699471203.0,1.12
2026-09-11T04:41:58.633024Z,992.397,gcp-1,crdb-gcp-1,91.31578947368612,5931.45,10031.2,8324030464.0,2675073024.0,66242151.874138884,5003346.265291072,59.065353489520355,123351259136.0,84760781824.0,712.9350000000001,3508713.5207223147,10662554.85276761,19153686694.0,82081367165.0,5.22
2026-09-11T04:41:58.513005Z,992.277,client-1,crdb-client-1,25.50299075583925,9505.45,10165.869999999999,8324030464.0,7559270400.0,0.0,0.0,0.0,566441984.0,5704107008.0,14.184000000000001,7132921.608061396,1592489.7668795122,4668922044.0,993875837.0,0.48
2026-09-11T04:42:03.202839Z,996.967,linode-1,crdb-linode-1,25.830258302577203,7639.68,9796.15,8322887680.0,6778994688.0,0.0,5494470.8230738,100.1068373460766,10929981440.0,79410405376.0,1192.288,1075138.7474753535,652505.697815022,20076010098.0,4821872516.0,0.6
2026-09-11T04:42:03.587022Z,997.351,linode-2,crdb-linode-2,25.16198704103534,7566.22,9835.93,8322887680.0,6461149184.0,0.0,5474057.843278723,98.99554838104983,10352289792.0,79910899712.0,1172.84,1150762.730383973,1396912.1554957582,20140629182.0,5486816093.0,0.7
2026-09-11T04:42:02.590475Z,996.355,azure-1,crdb-azure-1,32.9973474801181,14143.67,16703.2,8327364608.0,6604460032.0,0.0,3591396.1971572535,89.19333476397135,11118790656.0,82418983936.0,1132.104,1050477.9337578237,491695.32623822486,19985965667.0,4597548742.0,1.12
2026-09-11T04:42:02.738250Z,996.503,azure-2,crdb-azure-2,36.63366336633908,9229.39,11698.95,8327364608.0,6429192192.0,0.0,3704571.8211367824,83.91182935922876,10413660160.0,82830455808.0,843.317,985740.7911077454,471717.92244670185,20001009236.0,4701825525.0,1.19
2026-09-11T04:42:03.612319Z,997.377,gcp-1,crdb-gcp-1,91.7103882476392,5933.03,10050.26,8324030464.0,2667220992.0,69010477.17888966,3936099.5220276425,60.650044473510405,123694888960.0,84780381184.0,715.955,3557498.246724492,11191384.38821494,19171400852.0,82137093391.0,5.44
2026-09-11T04:42:03.815829Z,997.58,client-1,crdb-client-1,26.810810810815923,9518.99,10184.369999999999,8324030464.0,7558070272.0,0.0,6951.647144525737,0.03771509952540085,566441984.0,5704143872.0,14.186,7241295.903097517,1601765.1798076,4707322027.0,1002369863.0,0.52
2026-09-11T04:42:08.227150Z,1001.992,linode-1,crdb-linode-1,26.2651821862371,7654.25,9815.91,8322887680.0,6778777600.0,0.0,4824488.288891126,95.85236348298083,10929981440.0,79434645504.0,1197.104,977101.3991824358,602388.5171408572,20080919440.0,4824899153.0,0.55
2026-09-11T04:42:08.596417Z,1002.361,linode-2,crdb-linode-2,23.080995235573354,7580.75,9854.82,8322887680.0,6461751296.0,3270.6087102528872,4783265.2387448475,96.61710301284,10352306176.0,79934861312.0,1177.6799999999998,978678.1540378515,855574.9893621032,20145531836.0,5491102066.0,0.72
2026-09-11T04:42:07.553427Z,1001.318,azure-1,crdb-azure-1,31.868713605085354,14156.539999999999,16722.09,8327364608.0,6554918912.0,0.0,3358134.642968765,86.92217961938033,11118790656.0,82435650560.0,1136.418,972259.0335924431,452216.97147462115,19990791047.0,4599793122.0,1.03
2026-09-11T04:42:07.742807Z,1001.507,azure-2,crdb-azure-2,36.242299794650044,9241.810000000001,11718.43,8327364608.0,6425911296.0,0.0,3649432.574390536,79.56630304856033,10413660160.0,82848719872.0,847.299,1044437.407398546,679617.7155089782,20006236260.0,4705226761.0,1.17
2026-09-11T04:42:08.603996Z,1002.368,gcp-1,crdb-gcp-1,90.98576700052664,5934.74,10069.23,8324030464.0,2652831744.0,74435523.95289797,3589913.544700141,58.85695309335364,124066453504.0,84798301184.0,718.893,3345576.656703963,10832036.451920804,19188101180.0,82191164357.0,5.41
2026-09-11T04:42:08.796174Z,1002.561,client-1,crdb-client-1,26.181423139603965,9532.58,10202.78,8324030464.0,7555248128.0,0.0,12336.237360057214,0.02007851132824266,566441984.0,5704205312.0,14.187000000000001,7577571.144446214,1674121.37719278,4745061733.0,1010707739.0,0.56
2026-09-11T04:42:13.221092Z,1006.986,linode-1,crdb-linode-1,30.55968301139137,7668.27,9836.1,8322887680.0,6794293248.0,7381.599482178757,21840512.512326457,85.8623550878434,10930018304.0,79543717888.0,1201.392,776136.0188611355,586728.629457144,20084795494.0,4827829299.0,0.91
2026-09-11T04:42:13.588681Z,1007.353,linode-2,crdb-linode-2,27.611548556434784,7594.54,9873.87,8322887680.0,6376034304.0,8204.52263178871,19431591.40112838,82.68620464849873,10352347136.0,80031870976.0,1181.808,848518.5009132056,824738.0045419021,20149767953.0,5495219462.0,0.67
2026-09-11T04:42:12.588998Z,1006.353,azure-1,crdb-azure-1,27.071240105535633,14170.36,16741.04,8327364608.0,6521884672.0,0.0,2418235.5099666547,71.37100459161984,11118790656.0,82447827968.0,1140.012,772769.452923871,408960.82090406265,19994682450.0,4601852509.0,1.11
2026-09-11T04:42:12.750807Z,1006.515,azure-2,crdb-azure-2,29.308565531478457,9255.51,11737.81,8327364608.0,6423437312.0,0.0,2687524.6663332265,65.6133951741522,10413660160.0,82862179328.0,850.585,778556.4467964045,475865.4415254733,20010135367.0,4707609954.0,1.16
2026-09-11T04:42:13.583906Z,1007.348,gcp-1,crdb-gcp-1,69.84375000000134,5940.53,10088.43,8324030464.0,2593808384.0,52729991.47399656,13108884.793519843,43.032259209321076,124329048064.0,84863583232.0,721.0360000000001,2469417.740946663,7620929.571580407,19200398843.0,82229116471.0,5.69
2026-09-11T04:42:13.489197Z,1007.254,client-1,crdb-client-1,17.98408488062525,9548.04,10221.63,8324030464.0,7712468992.0,0.0,0.0,0.0,566441984.0,5704205312.0,14.187000000000001,5422158.751903612,1232307.8193393114,4770508445.0,1016491078.0,0.76
2026-09-11T04:42:18.222960Z,1011.987,linode-1,crdb-linode-1,6.9416498993972064,7686.7699999999995,9855.98,8322887680.0,6778355712.0,0.0,1268450.6072662298,7.597064114590962,10930018304.0,79550062592.0,1201.772,266045.98652922054,191104.7475708147,20086126238.0,4828785192.0,0.83
2026-09-11T04:42:18.592063Z,1012.357,linode-2,crdb-linode-2,6.602822580638568,7613.07,9893.71,8322887680.0,6356267008.0,0.0,1051937.0727857251,7.594694029259848,10352347136.0,80037134336.0,1182.1879999999999,242153.22163638019,491154.85868346295,20150979565.0,5497676952.0,0.61
2026-09-11T04:42:17.582186Z,1011.347,azure-1,crdb-azure-1,11.39438085327249,14187.39,16760.26,8327364608.0,6449475584.0,0.0,16410986.884317765,16.942786919945608,11118790656.0,82529772544.0,1140.858,258186.04303158706,158558.65082467752,19995971644.0,4602644236.0,1.02
2026-09-11T04:42:17.777466Z,1011.542,azure-2,crdb-azure-2,25.361570247941767,9269.96,11757.17,8327364608.0,6359896064.0,11552046.264359033,45720093.37990555,27.453247069994624,10471729152.0,83092001792.0,851.965,271548.22316880955,301874.11435250513,20011500366.0,4709127393.0,1.07
2026-09-11T04:42:18.574755Z,1012.339,gcp-1,crdb-gcp-1,12.77890466531243,5957.73,10108.15,8324030464.0,2629382144.0,22604976.951850224,1103822.756325826,16.229387499707013,124441868288.0,84869092352.0,721.846,473018.5222615542,585856.0437511915,19202759653.0,82232040447.0,5.32
2026-09-11T04:42:18.531412Z,1012.296,client-1,crdb-client-1,0.49975012493934656,9567.95,10241.64,8324030464.0,7711268864.0,0.0,6498.629286727109,0.019832242696299764,566441984.0,5704238080.0,14.188,6325.493807988316,65459.093533151135,4770540340.0,1016821142.0,0.69
2026-09-11T04:42:23.222969Z,1016.988,linode-1,crdb-linode-1,4.883011190229569,7705.47,9875.64,8322887680.0,6760091648.0,0.0,743001.5274999897,5.599902981691253,10930018304.0,79553777664.0,1202.052,202045.49956211538,157700.26784316817,20087136483.0,4829573707.0,0.77
2026-09-11T04:42:23.631848Z,1017.396,linode-2,crdb-linode-2,5.160960654067703,7631.63,9913.28,8322887680.0,6326624256.0,0.0,764773.0234168897,6.5081391887142255,10352347136.0,80040988672.0,1182.5159999999998,286413.8800080832,497030.7566385758,20152423046.0,5500181909.0,0.56
2026-09-11T04:42:22.620463Z,1016.385,azure-1,crdb-azure-1,3.630705394203615,14205.97,16779.54,8327364608.0,6437638144.0,0.0,612969.8352858464,7.145132881888481,11118790656.0,82532860928.0,1141.218,189644.1321918831,163987.15086851097,19996927146.0,4603470468.0,0.94
2026-09-11T04:42:22.740984Z,1016.506,azure-2,crdb-azure-2,4.681069958846862,9288.49,11776.61,8327364608.0,6393135104.0,0.0,578468.9645007368,3.9084434037145526,10471729152.0,83094873088.0,852.159,169430.61861875115,124841.92776546831,20012341354.0,4709747060.0,1.06
2026-09-11T04:42:23.635951Z,1017.401,gcp-1,crdb-gcp-1,3.549695740359693,5976.75,10127.869999999999,8324030464.0,2636902400.0,12139.156540560112,773668.9101850311,1.1459490223834605,124441929728.0,84873008128.0,721.904,200505.51498195334,471958.9072912698,19203774473.0,82234429176.0,4.89
2026-09-11T04:42:23.521229Z,1017.286,client-1,crdb-client-1,0.5491762356584995,9587.869999999999,10261.67,8324030464.0,7710072832.0,0.0,0.0,0.0,566441984.0,5704238080.0,14.188,5997.888994773149,66230.28990439404,4770570269.0,1017151626.0,0.64
2026-09-11T04:42:28.362401Z,1022.127,linode-1,crdb-linode-1,6.375502008029732,7724.120000000001,9895.56,8322887680.0,6747451392.0,0.0,1036041.2902752595,6.304037298100505,10930018304.0,79559102464.0,1202.376,249202.2912058556,170467.58931933084,20088417274.0,4830449836.0,0.7
2026-09-11T04:42:28.668959Z,1022.434,linode-2,crdb-linode-2,4.566444330427588,7650.23,9932.77,8322887680.0,6301855744.0,0.0,1000173.1530734515,7.226225620053057,10352347136.0,80046026752.0,1182.8799999999999,235660.3199669124,362100.4086630519,20153610116.0,5502005884.0,0.52
2026-09-11T04:42:27.672810Z,1021.438,azure-1,crdb-azure-1,4.155844155840372,14224.42,16798.79,8327364608.0,6413180928.0,0.0,1195779.9453990485,7.263824813979826,11118790656.0,82538902528.0,1141.585,253566.66539809617,154141.9251915413,19998208275.0,4604249260.0,0.86
2026-09-11T04:42:27.744919Z,1021.51,azure-2,crdb-azure-2,4.415584415586304,9306.89,11795.86,8327364608.0,6406041600.0,0.0,1303114.3957628824,3.956805670825801,10471729152.0,83101393920.0,852.357,286614.6160236913,211471.87875464774,20013775584.0,4710805273.0,0.98
2026-09-11T04:42:28.959941Z,1022.725,gcp-1,crdb-gcp-1,3.8500506585713024,5995.73,10147.61,8324030464.0,2639122432.0,132325.70399138433,955514.6764959263,1.540173585019513,124442634240.0,84878095360.0,721.986,212394.6330253812,545502.6246892395,19204905278.0,82237333473.0,4.5
2026-09-11T04:42:28.929560Z,1022.694,client-1,crdb-client-1,0.550826239352864,9607.73,10281.64,8324030464.0,7709827072.0,0.0,285515.95102618326,0.2403656645896594,566441984.0,5705782272.0,14.201,5094.272915980267,60457.14175092174,4770597821.0,1017478604.0,0.59
2026-09-11T04:42:33.232793Z,1026.998,linode-1,crdb-linode-1,5.421994884921533,7742.61,9915.11,8322887680.0,6718554112.0,0.0,938537.7362124174,9.280385811492174,10930018304.0,79563673600.0,1202.828,243109.97224554679,176433.6852822979,20089601338.0,4831309154.0,0.65
2026-09-11T04:42:33.618950Z,1027.384,linode-2,crdb-linode-2,9.402146142050405,7667.96,9952.34,8322887680.0,6240960512.0,0.0,976400.1972521344,10.100803152849975,10352347136.0,80050860032.0,1183.3799999999999,351321.8929251036,559092.9895864709,20155349195.0,5504773451.0,0.56
2026-09-11T04:42:32.614602Z,1026.379,azure-1,crdb-azure-1,4.253112033184337,14242.880000000001,16818.07,8327364608.0,6401572864.0,0.0,719439.558612362,8.05374199870324,11118790656.0,82542457856.0,1141.983,223255.39415324864,171262.41889180956,19999311559.0,4605095605.0,0.79
2026-09-11T04:42:32.739879Z,1026.505,azure-2,crdb-azure-2,4.929942916445129,9325.21,11815.13,8327364608.0,6406332416.0,0.0,733094.369354078,4.824801601997314,10471729152.0,83105055744.0,852.598,228022.32590200938,247131.54323446887,20014914561.0,4712039701.0,0.9
2026-09-11T04:42:33.621558Z,1027.386,gcp-1,crdb-gcp-1,4.077471967372093,6014.55,10167.23,8324030464.0,2641903616.0,67655.61104281223,972659.239277833,2.080773853221208,124442949632.0,84882629632.0,722.083,255856.67227303676,522083.1062820103,19206098012.0,82239767282.0,4.14
2026-09-11T04:42:33.528721Z,1027.294,client-1,crdb-client-1,0.40080160320602465,9627.61,10301.6,8324030464.0,7709839360.0,0.0,0.0,0.0,566441984.0,5705782272.0,14.201,6752.22021685565,71770.95873779096,4770628876.0,1017808695.0,0.54
2026-09-11T04:42:38.214078Z,1031.979,linode-1,crdb-linode-1,5.68527918780779,7761.1900000000005,9934.81,8322887680.0,6703620096.0,0.0,1077168.6721434304,6.825451539552239,10930018304.0,79569039360.0,1203.168,260003.93298197296,177467.36098849232,20090896510.0,4832193182.0,0.6
2026-09-11T04:42:38.587649Z,1032.353,linode-2,crdb-linode-2,5.67484662576534,7686.41,9971.9,8322887680.0,6229352448.0,0.0,1037036.408482882,6.842776132834445,10352347136.0,80056012800.0,1183.72,242581.8478781592,485019.99745752895,20156554522.0,5507183391.0,0.51
2026-09-11T04:42:37.587220Z,1031.352,azure-1,crdb-azure-1,4.304979253111918,14261.33,16837.35,8327364608.0,6374535168.0,0.0,1238822.5086725343,6.354602452388669,11118790656.0,82548618240.0,1142.299,262489.32218677585,157221.9139477245,20000616859.0,4605877434.0,0.73
2026-09-11T04:42:37.720023Z,1031.485,azure-2,crdb-azure-2,4.431699687166491,9343.54,11834.31,8327364608.0,6406107136.0,0.0,1154725.4133594655,3.855253116184259,10471729152.0,83110806528.0,852.79,281658.367246551,238770.48347890095,20016317281.0,4713228830.0,0.83
2026-09-11T04:42:38.591016Z,1032.356,gcp-1,crdb-gcp-1,9.744897959187393,6032.24,10186.83,8324030464.0,2418851840.0,2990288.541819564,1070668.361583135,6.07705005198803,124457809920.0,84887950336.0,722.385,359382.6541969432,586885.6756464846,19207883970.0,82242683820.0,3.81
2026-09-11T04:42:38.515181Z,1032.28,client-1,crdb-client-1,0.5000000000018212,9647.51,10321.6,8324030464.0,7709347840.0,0.0,5749.856909076967,0.040107818841231074,566441984.0,5705810944.0,14.203000000000001,5827.0644603463115,65978.16415017992,4770657933.0,1018137699.0,0.5
2026-09-11T04:42:43.376110Z,1037.141,linode-1,crdb-linode-1,4.55242966752103,7779.849999999999,9954.359999999999,8322887680.0,6676037632.0,0.0,703809.1138761592,5.8115579574654666,10930018304.0,79572672512.0,1203.4679999999998,195535.67903691274,153345.89917029146,20091905890.0,4832984773.0,0.79
2026-09-11T04:42:43.687446Z,1037.452,linode-2,crdb-linode-2,5.628803245438729,7705.02,9991.62,8322887680.0,6228582400.0,0.0,845713.7207595755,6.353017734068228,10352347136.0,80060325888.0,1184.0439999999999,282871.84014461696,489557.2720021204,20157997151.0,5509680103.0,0.47
2026-09-11T04:42:42.568329Z,1036.333,azure-1,crdb-azure-1,3.3766233766214904,14279.93,16856.6,8327364608.0,6374531072.0,0.0,638099.4163127678,4.215857985213901,11118790656.0,82551796736.0,1142.509,190329.32535557597,167387.22846547238,20001564926.0,4606711222.0,0.67
2026-09-11T04:42:42.717587Z,1036.483,azure-2,crdb-azure-2,3.8981288981289386,9362.03,11853.55,8327364608.0,6406303744.0,0.0,553213.4317205762,3.601649946098776,10471729152.0,83113571328.0,852.97,146193.57250372533,208994.7422471728,20017047914.0,4714273325.0,0.76
2026-09-11T04:42:43.960083Z,1037.725,gcp-1,crdb-gcp-1,4.431991849205385,6051.0,10206.46,8324030464.0,2621874176.0,9154.503692761438,736937.5472672958,1.098868241114587,124457859072.0,84891907072.0,722.444,283109.43365923973,491472.17331813625,19209404030.0,82245322613.0,3.5
2026-09-11T04:42:43.924446Z,1037.689,client-1,crdb-client-1,5.83794665324513,9666.220000000001,10341.470000000001,8324030464.0,7478067200.0,0.0,2271.608460442377,0.018486396976246076,566441984.0,5705823232.0,14.204,51360.756719132936,95539.91794092981,4770935763.0,1018654511.0,0.46
2026-09-11T04:42:48.212672Z,1041.978,linode-1,crdb-linode-1,10.905349794246177,7797.17,9973.800000000001,8322887680.0,6647910400.0,0.0,2415250.358947218,48.38029850160696,10930018304.0,79584354304.0,1205.808,645282.5689357626,344438.5731002717,20095026915.0,4834650712.0,0.73
2026-09-11T04:42:48.629068Z,1042.394,linode-2,crdb-linode-2,11.230219499740157,7722.41,10011.21,8322887680.0,6225514496.0,0.0,2318329.0943508977,49.45655629387049,10352347136.0,80071782400.0,1186.488,628797.4155131027,572867.7973422792,20161104486.0,5512511050.0,0.43
2026-09-11T04:42:47.566468Z,1041.332,azure-1,crdb-azure-1,14.211886304917353,14296.53,16875.95,8327364608.0,6373851136.0,0.0,2155257.1467498816,35.71261220209938,11118790656.0,82562569216.0,1144.294,592025.8787979395,291030.17969648656,20004524010.0,4608165859.0,0.62
2026-09-11T04:42:47.738695Z,1041.504,azure-2,crdb-azure-2,13.586673607507926,9378.63,11872.76,8327364608.0,6406017024.0,0.0,2293870.334574586,28.399659046184603,10471729152.0,83125089280.0,854.396,660240.2922393079,352515.8463911879,20020363104.0,4716043373.0,0.7
2026-09-11T04:42:48.649898Z,1042.415,gcp-1,crdb-gcp-1,72.9296066252632,6056.23,10225.78,8324030464.0,2583515136.0,55738075.44566316,2836685.5068554366,44.03066829930672,124719265792.0,84905210880.0,724.509,2652741.792916236,9561105.46054926,19221845158.0,82290163365.0,3.3
2026-09-11T04:42:48.540712Z,1042.306,client-1,crdb-client-1,26.83585313174792,9679.77,10359.99,8324030464.0,7491960832.0,0.0,169469.9255060326,0.1732963079863526,566441984.0,5706605568.0,14.212,7418882.530456686,1819479.312042448,4805184075.0,1027053902.0,0.74
2026-09-11T04:42:53.257956Z,1047.023,linode-1,crdb-linode-1,12.713178294565386,7814.06,9993.15,8322887680.0,6599913472.0,0.0,2352708.980197986,57.47882465559019,10930018304.0,79596224512.0,1208.7079999999999,698355.8273948353,418812.3205506066,20098550355.0,4836763761.0,0.67
2026-09-11T04:42:53.615992Z,1047.381,linode-2,crdb-linode-2,12.557662737061504,7739.469999999999,10030.72,8322887680.0,6224773120.0,0.0,2428683.674773257,60.55731680301107,10352347136.0,80083894272.0,1189.508,782139.0538197053,708166.2861356612,20165005022.0,5516042683.0,0.4
2026-09-11T04:42:52.627602Z,1046.393,azure-1,crdb-azure-1,17.947395564722367,14312.44,16895.34,8327364608.0,6373359616.0,0.0,1850034.9475440488,47.02412416050887,11118790656.0,82571932672.0,1146.674,667878.300782193,348544.5865008916,20007904297.0,4609929924.0,0.65
2026-09-11T04:42:52.777573Z,1046.543,azure-2,crdb-azure-2,18.23834196890545,9394.41,11892.06,8327364608.0,6405857280.0,0.0,1908612.9959361516,37.944402984982936,10471729152.0,83134706688.0,856.308,643267.5741061902,328437.58366364497,20023604498.0,4717698354.0,0.64
2026-09-11T04:42:53.653110Z,1047.418,gcp-1,crdb-gcp-1,95.58670820352879,6057.08,10245.04,8324030464.0,2596028416.0,70659484.91851564,2333185.0171793816,56.64273522037967,125072795648.0,84916884480.0,727.343,2998152.9403694225,11585511.78912926,19236845785.0,82348129034.0,3.6
2026-09-11T04:42:53.536588Z,1047.302,client-1,crdb-client-1,30.185589519651714,9692.560000000001,10378.310000000001,8324030464.0,7484796928.0,0.0,0.0,0.0,566441984.0,5706605568.0,14.212,9212962.063102778,2032268.8003454208,4851211721.0,1037207048.0,0.84
2026-09-11T04:42:58.239375Z,1052.005,linode-1,crdb-linode-1,15.748440748439608,7830.27,10012.39,8322887680.0,6564601856.0,0.0,3205084.601094347,73.06999851175523,10930018304.0,79612190720.0,1212.348,826923.9390368201,396822.6862584081,20102669697.0,4838740543.0,0.61
2026-09-11T04:42:58.623439Z,1052.389,linode-2,crdb-linode-2,18.772378516623366,7755.35,10050.27,8322887680.0,6222737408.0,3271.863113251269,3059192.0108899367,73.32935395421597,10352363520.0,80099213312.0,1193.18,812624.4378165934,623766.2044174518,20169074275.0,5519166220.0,0.53
2026-09-11T04:42:57.574549Z,1051.34,azure-1,crdb-azure-1,21.948664222108317,14327.34,16914.43,8327364608.0,6372360192.0,0.0,2817580.1170298927,58.70174194195894,11118790656.0,82585871360.0,1149.578,828093.9919672877,380055.97871005535,20012000913.0,4611810077.0,0.76
2026-09-11T04:42:57.759390Z,1051.525,azure-2,crdb-azure-2,23.23759791122919,9409.11,11911.210000000001,8327364608.0,6406238208.0,0.0,3064246.093167091,50.342158478663805,10471729152.0,83149972480.0,858.816,907882.8908901501,460392.2872238152,20028127487.0,4719991986.0,0.75
2026-09-11T04:42:58.659995Z,1052.425,gcp-1,crdb-gcp-1,97.28344438749468,6057.61,10264.55,8324030464.0,2597908480.0,93357557.92212836,2837023.95592346,54.58377875297213,125540235264.0,84931089408.0,730.076,3303866.053697726,12640679.449064637,19253388183.0,82411420689.0,3.95
2026-09-11T04:42:58.536049Z,1052.301,client-1,crdb-client-1,32.479564032695365,9704.95,10396.66,8324030464.0,7472979968.0,0.0,153205.15239875682,0.20001926021311198,566441984.0,5707371520.0,14.222,9748027.255018495,2148861.9177660663,4899947164.0,1047950323.0,0.93
2026-09-11T04:43:03.231731Z,1056.997,linode-1,crdb-linode-1,13.884555382215979,7846.83,10031.619999999999,8322887680.0,6514540544.0,3281.7480010378617,2574531.3068142026,64.33700304769484,10930034688.0,79625043968.0,1215.5600000000002,735726.8799826755,401348.9271784414,20106342785.0,4840744262.0,0.56
2026-09-11T04:43:03.605809Z,1057.371,linode-2,crdb-linode-2,12.344398340253825,7772.25,10069.550000000001,8322887680.0,6222024704.0,0.0,2599439.262593783,64.54667879572983,10352363520.0,80112164864.0,1196.3960000000002,814058.2573241104,740340.169839796,20173130272.0,5522854921.0,0.48
2026-09-11T04:43:02.581911Z,1056.347,azure-1,crdb-azure-1,19.222689075628608,14342.720000000001,16933.47,8327364608.0,6371352576.0,0.0,2013057.1466916944,51.94274469363996,11118790656.0,82595951616.0,1152.179,712496.6918437375,366986.97418181103,20015568695.0,4613647741.0,0.7
2026-09-11T04:43:02.749666Z,1056.515,azure-2,crdb-azure-2,21.071800208122937,9424.279999999999,11930.43,8327364608.0,6405804032.0,0.0,2102007.492453904,45.2869604019903,10471729152.0,83160462336.0,861.076,698776.9974635909,351906.9346536194,20031614663.0,4721748142.0,0.77
2026-09-11T04:43:03.655610Z,1057.421,gcp-1,crdb-gcp-1,95.2604166666676,6058.5199999999995,10283.75,8324030464.0,2603687936.0,93174789.38380948,2565481.7889840803,56.94894667372465,126005708800.0,84943905792.0,732.921,3072062.9871093775,11784101.439449152,19268735296.0,82470290555.0,4.35
2026-09-11T04:43:03.814341Z,1057.58,client-1,crdb-client-1,31.178707224343537,9717.619999999999,10415.07,8324030464.0,7538774016.0,0.0,4655.948558141391,0.01894510318256462,566441984.0,5707396096.0,14.223,8756187.982670566,1929760.7139417743,4946165904.0,1058136389.0,0.94
2026-09-11T04:43:08.251323Z,1062.017,linode-1,crdb-linode-1,16.770508826588994,7862.860000000001,10050.880000000001,8322887680.0,6506639360.0,0.0,4339426.304575798,66.37874376585691,10930034688.0,79646826496.0,1218.892,788626.2916790597,426963.53905721783,20110301436.0,4842887482.0,0.52
2026-09-11T04:43:08.903290Z,1062.669,linode-2,crdb-linode-2,15.079365079362484,7788.3,10088.45,8322887680.0,6220279808.0,0.0,8044952.177518293,64.55762433717479,10352363520.0,80154783744.0,1199.816,729406.0174584533,585776.8179722229,20176994368.0,5525958128.0,0.44
2026-09-11T04:43:07.578947Z,1061.344,azure-1,crdb-azure-1,20.41884816753892,14357.92,16952.57,8327364608.0,6382338048.0,0.0,2671309.292766315,55.31181443758673,11118790656.0,82609300480.0,1154.943,783177.8709120179,364203.4837987645,20019482332.0,4615467711.0,0.72
2026-09-11T04:43:07.752934Z,1061.518,azure-2,crdb-azure-2,22.857142857140968,9439.13,11949.68,8327364608.0,6406168576.0,0.0,2811247.9521568906,45.18970181447984,10471729152.0,83174528000.0,863.337,854855.0482463022,433575.1023772895,20035891804.0,4723917471.0,1.03
2026-09-11T04:43:08.625680Z,1062.391,gcp-1,crdb-gcp-1,97.21362229101706,6059.06,10303.13,8324030464.0,2581704704.0,91544058.73037606,13262560.988359325,56.83932174769156,126460696576.0,85009822720.0,735.746,3115094.2190683004,11982590.970092846,19284217784.0,82529845839.0,4.65
2026-09-11T04:43:08.520021Z,1062.286,client-1,crdb-client-1,30.652995143002006,9730.470000000001,10433.6,8324030464.0,7538315264.0,0.0,9574.60172066479,0.02125044771098074,566441984.0,5707441152.0,14.224,9858565.290796947,2167903.5240606903,4992558175.0,1068338073.0,1.19
2026-09-11T04:43:13.237267Z,1067.003,linode-1,crdb-linode-1,22.679324894511975,7877.52,10069.84,8322887680.0,6485843968.0,0.0,20104432.612750906,74.68860278766539,10930034688.0,79747067904.0,1222.616,815843.0224729647,489305.0126537278,20114369258.0,4845327174.0,0.48
2026-09-11T04:43:13.633973Z,1067.4,linode-2,crdb-linode-2,24.779220779223042,7802.78,10107.7,8322887680.0,6185934848.0,7979421.845191731,35160193.32805892,84.72210236530506,10390112256.0,80321118208.0,1203.824,939445.7247689749,824515.1620071556,20181438661.0,5529858712.0,0.41
2026-09-11T04:43:12.615462Z,1066.381,azure-1,crdb-azure-1,31.38801261830193,14370.97,16971.59,8327364608.0,6346215424.0,0.0,19778795.668178987,64.12996316701704,11118790656.0,82708919296.0,1158.173,772583.5935119303,389016.9231010082,20023373563.0,4617427052.0,0.66
2026-09-11T04:43:12.770881Z,1066.536,azure-2,crdb-azure-2,30.036439354497034,9452.57,11968.89,8327364608.0,6419070976.0,0.0,17079399.028400306,54.48368031659857,10471729152.0,83260232704.0,866.071,762540.755954657,436727.9490975372,20039718246.0,4726108979.0,1.19
2026-09-11T04:43:13.674117Z,1067.44,gcp-1,crdb-gcp-1,97.33879222108749,6059.58,10322.67,8324030464.0,2572029952.0,85988431.6975958,2618125.687243048,56.45162375563745,126894815232.0,85023040512.0,738.596,3309228.8478331855,12455758.817844758,19300924659.0,82592729615.0,5.16
2026-09-11T04:43:13.540931Z,1067.307,client-1,crdb-client-1,31.965442764588293,9743.07,10452.12,8324030464.0,7538438144.0,0.0,35078.30124592596,0.07966547339644371,566441984.0,5707617280.0,14.228,9708701.587267712,2140385.4185455996,5041305524.0,1079084939.0,1.33
2026-09-11T04:43:18.243862Z,1072.01,linode-1,crdb-linode-1,16.162669447342637,7893.6,10089.02,8322887680.0,6485393408.0,0.0,3452398.6199588426,78.21521051493659,10930034688.0,79764353024.0,1226.5320000000002,888655.6161761157,439352.37396769976,20118818489.0,4847526879.0,0.44
2026-09-11T04:43:18.596214Z,1072.362,linode-2,crdb-linode-2,17.026748971187267,7818.91,10127.14,8322887680.0,6185005056.0,0.0,3381741.369476932,79.15638598046306,10390112256.0,80337899520.0,1207.7520000000002,876400.8449816148,670067.2710929592,20185787650.0,5533183806.0,0.46
2026-09-11T04:43:17.620345Z,1071.386,azure-1,crdb-azure-1,23.193717277480673,14385.64,16990.69,8327364608.0,6348009472.0,0.0,2968279.9895274364,61.698506640602254,11118790656.0,82723775488.0,1161.261,877201.9147774514,402204.9323971059,20027763944.0,4619440081.0,0.69
2026-09-11T04:43:17.765795Z,1071.531,azure-2,crdb-azure-2,25.672877846793753,9466.93,11988.210000000001,8327364608.0,6417670144.0,0.0,3184945.6160747153,53.11291063551691,10471729152.0,83276141568.0,868.7239999999999,968609.7208692884,700933.4640302417,20044556470.0,4729610155.0,1.09
2026-09-11T04:43:18.642252Z,1072.408,gcp-1,crdb-gcp-1,97.47031491998058,6060.07,10342.04,8324030464.0,2571829248.0,73057825.02168007,2991895.8077489925,53.359195956877734,127257782272.0,85037904896.0,741.2470000000001,3768505.190584758,13633632.441936314,19319647406.0,82660464443.0,5.46
2026-09-11T04:43:18.555060Z,1072.321,client-1,crdb-client-1,33.85529157666893,9755.32,10470.64,8324030464.0,7536066560.0,0.0,8985.655503070579,0.0,566441984.0,5707662336.0,14.228,10495524.036124306,2303561.815125685,5093932328.0,1090635491.0,1.22
2026-09-11T04:43:23.242600Z,1077.008,linode-1,crdb-linode-1,20.23995826813252,7908.889999999999,10108.19,8322887680.0,6485168128.0,0.0,2969472.587947776,83.3794246214878,10930034688.0,79779196928.0,1230.7,883454.2153293139,506782.6634366285,20123234731.0,4850060202.0,0.48
2026-09-11T04:43:23.620002Z,1077.386,linode-2,crdb-linode-2,16.050026055236298,7835.02,10146.33,8322887680.0,6184775680.0,0.0,3336217.6947037512,79.77862029982762,10390112256.0,80354660352.0,1211.76,956569.7422578932,815171.4930537726,20190593363.0,5537279148.0,0.42
2026-09-11T04:43:22.608358Z,1076.374,azure-1,crdb-azure-1,24.488725747252605,14400.04,17009.760000000002,8327364608.0,6347001856.0,0.0,2420762.247748808,66.43810164796362,11118790656.0,82735850496.0,1164.575,856640.7337382619,431567.7947192954,20032036955.0,4621592785.0,0.71
2026-09-11T04:43:22.740105Z,1076.506,azure-2,crdb-azure-2,28.04940813175161,9480.91,12007.64,8327364608.0,6416445440.0,0.0,2542698.149504981,59.966792605492095,10471729152.0,83288790016.0,871.707,914626.2660239458,631617.9838798115,20049106205.0,4732752088.0,1.08
2026-09-11T04:43:23.656261Z,1077.422,gcp-1,crdb-gcp-1,97.71457592686258,6060.52,10361.73,8324030464.0,2457251840.0,32850567.266533993,2785607.857434747,43.67669486418286,127422498816.0,85051872256.0,743.437,3913530.9800014263,14170254.481370434,19339270303.0,82731515738.0,5.51
2026-09-11T04:43:23.532810Z,1077.299,client-1,crdb-client-1,34.180638182806824,9767.49,10489.130000000001,8324030464.0,7537090560.0,0.0,3291.383929967295,0.020089013244453842,566441984.0,5707678720.0,14.229000000000001,11127120.219837934,2442167.501569774,5149321411.0,1102792223.0,1.13
2026-09-11T04:43:28.345893Z,1082.112,linode-1,crdb-linode-1,18.229166666658227,7924.59,10127.39,8322887680.0,6484938752.0,0.0,3166295.9763478804,78.45825095859904,10930034688.0,79795355648.0,1234.7040000000002,878726.3362962708,421086.2558834335,20127719180.0,4852209153.0,0.53
2026-09-11T04:43:28.687258Z,1082.453,linode-2,crdb-linode-2,15.88204862907724,7851.28,10165.66,8322887680.0,6184546304.0,0.0,3253448.430698962,75.85801489474339,10390112256.0,80371146752.0,1215.604,875159.7487317214,673711.1333343575,20195028114.0,5540693086.0,0.39
2026-09-11T04:43:27.586831Z,1081.353,azure-1,crdb-azure-1,23.084994753401656,14414.7,17028.82,8327364608.0,6345461760.0,0.0,2897660.3415912166,61.78520734300861,11118790656.0,82750276608.0,1167.651,892927.0073872883,403233.64347851655,20036482426.0,4623600299.0,0.74
2026-09-11T04:43:27.734813Z,1081.501,azure-2,crdb-azure-2,26.46297255308252,9495.11,12026.95,8327364608.0,6403379200.0,0.0,3120304.6533900783,54.43667584135433,10471729152.0,83304375296.0,874.4259999999999,929846.8946580979,715411.2385345452,20053750599.0,4736325420.0,1.08
2026-09-11T04:43:28.690961Z,1082.457,gcp-1,crdb-gcp-1,97.438524590164,6061.02,10381.25,8324030464.0,2448470016.0,91942254.92630805,2987319.91407692,58.91016785301039,127885408256.0,85066912768.0,746.403,3517501.891078837,12795397.300465405,19356980167.0,82795937806.0,6.03
2026-09-11T04:43:28.682530Z,1082.448,client-1,crdb-client-1,33.08270676690855,9779.95,10507.75,8324030464.0,7536500736.0,0.0,4772.225824628618,0.01941823659108876,566441984.0,5707703296.0,14.23,9577023.022585684,2111075.9219734645,5198641147.0,1113663838.0,1.04
2026-09-11T04:43:33.221100Z,1086.987,linode-1,crdb-linode-1,17.427385892118608,7940.51,10146.67,8322887680.0,6484742144.0,6721.178642988084,3004366.8534156736,75.23584980004752,10930067456.0,79810002944.0,1238.372,844416.1649046955,483031.18018614856,20131835992.0,4854564092.0,0.48
2026-09-11T04:43:33.594380Z,1087.36,linode-2,crdb-linode-2,15.572916666669679,7867.49,10184.86,8322887680.0,6184325120.0,0.0,3007389.5374235297,76.94802192096492,10390112256.0,80385904640.0,1219.38,926487.4003679485,825384.7096590197,20199574581.0,5544743421.0,0.44
2026-09-11T04:43:32.604876Z,1086.371,azure-1,crdb-azure-1,22.04641350211225,14429.48,17047.78,8327364608.0,6353506304.0,0.0,2272399.1621877397,60.63974885205716,11118790656.0,82761679872.0,1170.694,801742.5707632967,410882.4236759478,20040505699.0,4625662173.0,0.68
2026-09-11T04:43:32.771165Z,1086.537,azure-2,crdb-azure-2,25.129802699899006,9509.529999999999,12046.21,8327364608.0,6372700160.0,0.0,2391828.7748885266,53.54957894146704,10471729152.0,83316421632.0,877.1229999999999,786475.53788261,409213.8897064784,20057711647.0,4738386407.0,1.07
2026-09-11T04:43:33.631948Z,1087.398,gcp-1,crdb-gcp-1,97.41868869385658,6061.52,10400.62,8324030464.0,2448658432.0,101289483.64869909,2722340.87343439,61.10018431649575,128385886208.0,85080364032.0,749.422,3353695.412643083,12586614.492479384,19373550995.0,82858129090.0,6.1
2026-09-11T04:43:33.541266Z,1087.307,client-1,crdb-client-1,33.423765599564604,9792.220000000001,10526.18,8324030464.0,7536660480.0,0.0,3372.0191905628194,0.0,566441984.0,5707719680.0,14.23,9937414.029372018,2196679.097753775,5246925152.0,1124337084.0,0.95
2026-09-11T04:43:38.309704Z,1092.076,linode-1,crdb-linode-1,14.948453608245826,7957.01,10166.07,8322887680.0,6484283392.0,0.0,3094124.7985618385,72.08150182003658,10930067456.0,79825747968.0,1242.0400000000002,826619.7759713868,453479.3093223408,20136042399.0,4856871705.0,0.44
2026-09-11T04:43:38.620324Z,1092.386,linode-2,crdb-linode-2,16.59147869673565,7884.13,10204.81,8322887680.0,6184853504.0,0.0,3025952.453419987,71.62748514714768,10390112256.0,80401113088.0,1222.98,800202.9644360116,645342.7498259823,20203596404.0,5547986916.0,0.4
2026-09-11T04:43:37.671218Z,1091.437,azure-1,crdb-azure-1,20.965230928909083,14444.71,17067.05,8327364608.0,6352093184.0,0.0,2755242.8497181074,56.94376356410865,11118790656.0,82775639040.0,1173.579,833931.8445279757,377377.0782801265,20044730733.0,4627574117.0,0.62
2026-09-11T04:43:37.824739Z,1091.591,azure-2,crdb-azure-2,24.513817809624662,9524.279999999999,12065.75,8327364608.0,6311092224.0,0.0,2975353.9825535677,51.60620181364952,10471729152.0,83331458048.0,879.731,890691.5809335992,489975.16227030015,20062212896.0,4740862573.0,0.99
2026-09-11T04:43:38.709194Z,1092.475,gcp-1,crdb-gcp-1,96.96202531645845,6062.12,10420.37,8324030464.0,2449903616.0,101611826.52124855,2794494.6415383546,58.39694765129749,128901801984.0,85094552576.0,752.3870000000001,3218826.952510487,12153994.227373311,19389894010.0,82919838810.0,6.58
2026-09-11T04:43:38.590482Z,1092.356,client-1,crdb-client-1,32.725321888414996,9804.76,10544.82,8324030464.0,7536226304.0,0.0,7300.787767250766,0.03960930863310115,566441984.0,5707756544.0,14.232000000000001,9414940.754984671,2070677.018392056,5294464183.0,1134792591.0,0.88
2026-09-11T04:43:43.394856Z,1097.161,linode-1,crdb-linode-1,16.518091242788067,7972.93,10185.14,8322887680.0,6484283392.0,0.0,2935127.672714454,73.07425326606156,10930067456.0,79840673792.0,1245.756,808913.1054844054,505146.81699633517,20140155915.0,4859440497.0,0.73
2026-09-11T04:43:43.701861Z,1097.468,linode-2,crdb-linode-2,17.413704276147012,7900.16,10224.22,8322887680.0,6184869888.0,0.0,2982355.262067967,75.8025791113682,10390112256.0,80416268288.0,1226.832,889331.9160017773,794738.0900592988,20208115652.0,5552025474.0,0.37
2026-09-11T04:43:42.619488Z,1096.386,azure-1,crdb-azure-1,22.68640930724002,14459.33,17085.96,8327364608.0,6355353600.0,0.0,2263891.4140129793,61.63652605064811,11118790656.0,82786841600.0,1176.629,767796.5048383434,415208.09200062143,20048530070.0,4629628718.0,0.97
2026-09-11T04:43:42.772832Z,1096.539,azure-2,crdb-azure-2,25.285565939765974,9538.67,12085.01,8327364608.0,6280437760.0,0.0,2474239.404691366,53.07018211240261,10471729152.0,83343700992.0,882.357,820264.7391802446,404649.6296601206,20066271701.0,4742864846.0,1.23
2026-09-11T04:43:43.713630Z,1097.48,gcp-1,crdb-gcp-1,97.46376811593841,6062.610000000001,10439.69,8324030464.0,2456793088.0,89499864.92032474,2554403.0142689073,56.78841860199958,129349707776.0,85107336192.0,755.229,3396613.4274706715,12736525.906451343,19406892503.0,82983579283.0,6.53
2026-09-11T04:43:44.030571Z,1097.797,client-1,crdb-client-1,35.714285714291385,9816.55,10563.16,8324030464.0,7535357952.0,0.0,98631.76313624346,0.05514508464943762,566441984.0,5708293120.0,14.235,9164037.1881401,2013916.873093461,5344318330.0,1145748691.0,1.29
2026-09-11T04:43:48.538600Z,1102.305,linode-1,crdb-linode-1,8.575727181549153,7991.16,10205.08,8322887680.0,6484283392.0,0.0,1673801.5395848795,28.69443387746732,10930067456.0,79849283584.0,1247.2320000000002,431083.32325818087,232573.44115192813,20142373345.0,4860636821.0,0.83
2026-09-11T04:43:48.844180Z,1102.61,linode-2,crdb-linode-2,10.528967254408606,7917.92,10244.07,8322887680.0,6185181184.0,0.0,1534876.086178745,29.091308149345632,10390112256.0,80424161280.0,1228.328,406840.583244323,461705.11805269634,20210207801.0,5554399760.0,0.34
2026-09-11T04:43:47.704809Z,1101.471,azure-1,crdb-azure-1,11.482254697280403,14476.29,17105.12,8327364608.0,6354165760.0,0.0,1796131.929972119,28.060628591718654,11118790656.0,82795975680.0,1178.056,462489.8924933485,239912.0819566145,20050882024.0,4630848771.0,0.9
2026-09-11T04:43:47.901182Z,1101.667,azure-2,crdb-azure-2,12.259740259743278,9555.56,12104.26,8327364608.0,6233276416.0,0.0,1787447.1049059394,20.8834688799717,10471729152.0,83352867840.0,883.428,484770.63447887247,329052.1030720614,20068757827.0,4744552376.0,1.29
2026-09-11T04:43:48.854810Z,1102.621,gcp-1,crdb-gcp-1,31.629554655874703,6076.12,10459.45,8324030464.0,2448302080.0,24853481.480559383,1502553.7271552442,17.991613233852707,129477486592.0,85115061248.0,756.154,1069871.767210921,3690679.140862004,19412393018.0,83002554114.0,6.65
2026-09-11T04:43:48.846932Z,1102.613,client-1,crdb-client-1,8.43495934959263,9834.57,10582.84,8324030464.0,7665233920.0,0.0,11055.397102095598,0.041524177817380145,566441984.0,5708346368.0,14.237,2742906.9716834887,652711.4920009515,5357529462.0,1148892457.0,1.18
