I260911 09:20:31.186005 1 workload/cli/run.go:702  [-] 1  random seed: 42
I260911 09:20:31.186105 1 workload/cli/run.go:487  [-] 2  creating load generator...
I260911 09:20:32.752079 1 workload/cli/run.go:536  [-] 3  creating load generator... done (took 1.565972415s)
_elapsed___errors__ops/sec(inst)___ops/sec(cum)__p50(ms)__p95(ms)__p99(ms)_pMax(ms)
    1.0s        0         1359.8         3489.6      1.4      5.2      8.4     13.6 read
    1.0s        0          294.2          754.9     79.7    369.1    402.7    402.7 update
    2.0s        0         4789.6         4139.5      1.0      1.6      2.9      5.5 read
    2.0s        0         1271.4         1013.1     75.5     75.5     79.7     79.7 update
    3.0s        0         4827.3         4368.9      1.1      2.6      4.2      6.8 read
    3.0s        0         1251.6         1092.6     75.5     83.9    117.4    125.8 update
    4.0s        0         5173.2         4569.8      1.0      1.8      2.4      3.3 read
    4.0s        0         1272.1         1137.5     75.5     75.5     75.5     79.7 update
    5.0s        0         4896.0         4635.2      1.0      2.8      3.9      7.1 read
    5.0s        0         1250.0         1160.0     75.5     83.9    117.4    130.0 update
    6.0s        0         5351.9         4754.5      1.0      1.7      2.5      5.0 read
    6.0s        0         1286.2         1181.0     75.5     79.7     79.7     79.7 update
    7.0s        0         5102.3         4804.2      1.0      2.8      4.2      6.6 read
    7.0s        0         1256.8         1191.8     75.5     88.1    121.6    130.0 update
    8.0s        0         4856.5         4810.7      1.0      1.5      1.9      2.5 read
    8.0s        0         1281.9         1203.1     75.5     75.5     75.5     79.7 update
    9.0s        0         4687.3         4797.0      1.0      2.9      6.0     10.0 read
    9.0s        0         1246.8         1207.9     75.5     88.1    125.8    130.0 update
   10.0s        0         5040.0         4821.3      1.0      1.6      2.0      3.4 read
   10.0s        0         1294.2         1216.6     75.5     75.5     79.7     79.7 update
_elapsed___errors__ops/sec(inst)___ops/sec(cum)__p50(ms)__p95(ms)__p99(ms)_pMax(ms)
   11.0s        0         5101.4         4846.8      1.0      2.6      5.0      8.1 read
   11.0s        0         1233.9         1218.2     75.5     83.9    117.4    125.8 update
   12.0s        0         5161.0         4873.0      1.0      2.6      4.7      7.1 read
   12.0s        0         1266.2         1222.2     75.5     79.7    117.4    125.8 update
   13.0s        0         5064.9         4887.8      1.0      1.8      2.4      3.5 read
   13.0s        0         1262.2         1225.2     75.5     79.7     79.7     83.9 update
   14.0s        0         5049.7         4899.3      1.0      2.8      4.5      5.8 read
   14.0s        0         1242.4         1226.5     75.5     79.7    117.4    125.8 update
   15.0s        0         5207.4         4919.8      1.0      1.7      2.2      3.4 read
   15.0s        0         1287.1         1230.5     75.5     75.5     79.7     79.7 update
   16.0s        0         4933.1         4920.7      1.0      2.9      5.0      7.3 read
   16.0s        0         1240.8         1231.2     75.5     83.9    117.4    125.8 update
   17.0s        0         4878.0         4918.1      1.0      2.0      2.6      4.2 read
   17.0s        0         1285.5         1234.3     75.5     75.5     79.7     83.9 update
   18.0s        0         4924.3         4918.5      1.0      2.8      4.7      6.0 read
   18.0s        0         1252.8         1235.4     75.5     79.7    113.2    121.6 update
   19.0s        0         5317.0         4939.5      1.0      1.7      2.2      3.3 read
   19.0s        0         1278.2         1237.6     75.5     75.5     75.5     79.7 update
   20.0s        0         5099.7         4947.5      1.0      2.5      3.7      5.8 read
   20.0s        0         1251.9         1238.3     75.5     83.9    117.4    125.8 update
_elapsed___errors__ops/sec(inst)___ops/sec(cum)__p50(ms)__p95(ms)__p99(ms)_pMax(ms)
   21.0s        0         5150.9         4957.2      0.9      1.3      1.6      2.2 read
   21.0s        0         1299.7         1241.3     75.5     75.5     75.5     83.9 update
   22.0s        0         4968.0         4957.7      1.0      2.9      4.5      9.4 read
   22.0s        0         1211.8         1239.9     75.5     83.9    117.4    125.8 update
   23.0s        0         4592.7         4941.8      1.0      3.3      4.5      5.8 read
   23.0s        0         1233.9         1239.7     75.5    125.8    159.4    167.8 update
   24.0s        0         5074.5         4947.3      1.0      2.5      4.2      5.8 read
   24.0s        0         1253.6         1240.2     75.5     83.9    109.1    121.6 update
   25.0s        0         5187.0         4956.9      1.0      1.5      2.0      2.9 read
   25.0s        0         1299.0         1242.6     75.5     75.5     75.5     79.7 update
   26.0s        0         4650.5         4945.1      1.0      3.0      5.5      9.4 read
   26.0s        0         1238.9         1242.5     75.5     83.9    121.6    125.8 update
   27.0s        0         4946.9         4945.2      1.0      1.6      2.2      3.4 read
   27.0s        0         1251.0         1242.8     75.5     75.5     79.7     79.7 update
   28.0s        0         4973.8         4946.2      1.0      2.4      3.5      5.2 read
   28.0s        0         1313.3         1245.3     75.5     79.7    113.2    142.6 update
   29.0s        0         4909.8         4945.0      0.9      2.4      5.0      7.3 read
   29.0s        0         1238.7         1245.1     75.5     83.9    117.4    121.6 update
   30.0s        0         4709.6         4937.1      1.0      2.6      5.2      8.9 read
   30.0s        0         1230.9         1244.6     75.5    130.0    159.4    167.8 update
_elapsed___errors__ops/sec(inst)___ops/sec(cum)__p50(ms)__p95(ms)__p99(ms)_pMax(ms)
   31.0s        0         4854.0         4934.4      1.0      3.1      5.2      7.6 read
   31.0s        0         1230.2         1244.1     75.5     83.9    117.4    125.8 update
   32.0s        0         5120.0         4940.2      1.0      2.2      2.9      5.5 read
   32.0s        0         1278.0         1245.2     75.5     79.7     83.9     83.9 update
   33.0s        0         5223.4         4948.8      1.0      2.6      5.0      8.9 read
   33.0s        0         1246.9         1245.2     75.5     79.7    113.2    121.6 update
   34.0s        0         5017.8         4950.8      1.0      1.8      2.4      3.4 read
   34.0s        0         1297.2         1246.8     75.5     75.5     79.7     83.9 update
   35.0s        0         4840.8         4947.7      1.0      2.5      5.0      9.4 read
   35.0s        0         1159.2         1244.3     75.5     92.3    117.4    121.6 update
   36.0s        0         5119.6         4952.5      1.0      2.6      6.6      9.4 read
   36.0s        0         1297.9         1245.7     75.5    104.9    142.6    167.8 update
   37.0s        0         5073.8         4955.7      1.1      2.6      4.1      5.8 read
   37.0s        0         1239.7         1245.6     75.5     79.7    113.2    121.6 update
   38.0s        0         4961.5         4955.9      1.0      2.2      3.8      6.0 read
   38.0s        0         1255.6         1245.8     75.5     83.9    113.2    125.8 update
   39.0s        0         4553.5         4945.6      1.2      3.8      8.1     11.0 read
   39.0s        0         1187.4         1244.4     75.5    121.6    159.4    167.8 update
   40.0s        0         5135.1         4950.3      1.0      1.9      2.8      4.7 read
   40.0s        0         1263.3         1244.8     75.5     79.7    109.1    121.6 update
_elapsed___errors__ops/sec(inst)___ops/sec(cum)__p50(ms)__p95(ms)__p99(ms)_pMax(ms)
   41.0s        0         5059.3         4953.0      1.0      1.6      2.1      2.8 read
   41.0s        0         1264.8         1245.3     75.5     75.5     79.7     83.9 update
   42.0s        0         4682.3         4946.5      1.1      3.0      5.0      7.1 read
   42.0s        0         1240.1         1245.2     75.5     79.7    113.2    121.6 update
   43.0s        0         5074.8         4949.5      1.0      1.6      2.0      3.3 read
   43.0s        0         1289.7         1246.2     75.5     75.5     79.7     79.7 update
   44.0s        0         5173.1         4954.6      1.1      2.5      4.5      6.6 read
   44.0s        0         1243.0         1246.2     75.5     83.9    117.4    125.8 update
   45.0s        0         4952.5         4954.5      1.0      1.6      2.0      3.7 read
   45.0s        0         1282.4         1247.0     75.5     75.5     83.9     83.9 update
   46.0s        0         4949.3         4954.4      1.1      3.1      4.2      6.3 read
   46.0s        0         1233.8         1246.7     75.5     83.9    117.4    125.8 update
   47.0s        0         4860.3         4952.4      1.0      3.0      5.8     10.5 read
   47.0s        0         1234.1         1246.4     75.5     88.1    117.4    125.8 update
   48.0s        0         5182.9         4957.2      1.0      1.7      2.2      4.7 read
   48.0s        0         1289.0         1247.3     75.5     75.5     79.7     88.1 update
   49.0s        0         4725.1         4952.5      1.1      3.0      5.5     10.0 read
   49.0s        0         1222.2         1246.8     75.5     83.9    121.6    134.2 update
   50.0s        0         5317.2         4959.8      1.0      1.6      2.0      2.8 read
   50.0s        0         1245.5         1246.7     75.5     75.5     79.7     83.9 update
_elapsed___errors__ops/sec(inst)___ops/sec(cum)__p50(ms)__p95(ms)__p99(ms)_pMax(ms)
   51.0s        0         5224.6         4965.0      1.1      2.8      4.1      5.5 read
   51.0s        0         1269.4         1247.2     75.5     83.9    117.4    125.8 update
   52.0s        0         5066.0         4966.9      1.2      3.1      5.0      9.4 read
   52.0s        0         1223.0         1246.7     75.5     79.7    117.4    125.8 update
   53.0s        0         5141.4         4970.2      1.0      1.8      2.4      4.5 read
   53.0s        0         1278.8         1247.3     75.5     75.5     79.7     79.7 update
   54.0s        0         4871.6         4968.4      1.2      3.0      4.5      6.6 read
   54.0s        0         1232.4         1247.1     75.5     83.9    117.4    125.8 update
   55.0s        0         4881.6         4966.8      1.1      2.6      5.0      7.3 read
   55.0s        0         1242.4         1247.0     75.5     79.7    109.1    121.6 update
   56.0s        0         5274.6         4972.3      1.0      1.7      2.4      4.1 read
   56.0s        0         1285.9         1247.7     75.5     75.5     79.7     79.7 update
   57.0s        0         5088.7         4974.3      1.0      2.2      3.4      5.5 read
   57.0s        0         1281.4         1248.3     75.5     79.7     79.7     83.9 update
   58.0s        0         5139.2         4977.2      1.0      1.6      2.0      2.9 read
   58.0s        0         1283.1         1248.9     75.5     75.5     79.7     79.7 update
   59.0s        0         5120.8         4979.6      1.0      1.7      2.4      3.7 read
   59.0s        0         1282.7         1249.4     75.5     75.5     79.7     79.7 update
   60.0s        0         4765.2         4976.0      1.2      3.4      5.5      7.3 read
   60.0s        0         1216.0         1248.9     75.5     88.1    121.6    134.2 update
_elapsed___errors__ops/sec(inst)___ops/sec(cum)__p50(ms)__p95(ms)__p99(ms)_pMax(ms)
   61.0s        0         4367.5         4966.1      1.1      2.1      2.9      3.5 read
   61.0s        0         1099.1         1246.4     75.5    209.7    218.1    226.5 update
   62.0s        0         4895.9         4964.9      1.1      3.5      6.0      7.3 read
   62.0s        0         1228.0         1246.1     75.5     83.9    113.2    121.6 update
   63.0s        0         4837.3         4962.9      1.0      1.6      2.2      4.5 read
   63.0s        0         1305.8         1247.1     75.5     75.5     79.7     79.7 update
   64.0s        0         4723.8         4959.2      1.2      3.1      6.3      9.4 read
   64.0s        0         1229.2         1246.8     75.5     83.9    113.2    121.6 update
   65.0s        0         3197.2         4932.1      1.3      4.5      6.8      8.9 read
   65.0s        0          758.0         1239.3     75.5    100.7    125.8    130.0 update
   66.0s        0            0.0         4857.3      0.0      0.0      0.0      0.0 read
   66.0s        0            0.0         1220.5      0.0      0.0      0.0      0.0 update
   67.0s        0            0.0         4784.8      0.0      0.0      0.0      0.0 read
   67.0s        0            0.0         1202.3      0.0      0.0      0.0      0.0 update
   68.0s        0            0.0         4714.4      0.0      0.0      0.0      0.0 read
   68.0s        0            0.0         1184.6      0.0      0.0      0.0      0.0 update
   69.0s        0            0.0         4646.1      0.0      0.0      0.0      0.0 read
   69.0s        0            0.0         1167.4      0.0      0.0      0.0      0.0 update
   70.0s        0            0.0         4579.7      0.0      0.0      0.0      0.0 read
   70.0s        0            0.0         1150.7      0.0      0.0      0.0      0.0 update
_elapsed___errors__ops/sec(inst)___ops/sec(cum)__p50(ms)__p95(ms)__p99(ms)_pMax(ms)
   71.0s        0            0.0         4515.3      0.0      0.0      0.0      0.0 read
   71.0s        0            0.0         1134.5      0.0      0.0      0.0      0.0 update
   72.0s        0            0.0         4452.5      0.0      0.0      0.0      0.0 read
   72.0s        0            0.0         1118.8      0.0      0.0      0.0      0.0 update
   73.0s        0            0.0         4391.5      0.0      0.0      0.0      0.0 read
   73.0s        0            0.0         1103.5      0.0      0.0      0.0      0.0 update
   74.0s        0            0.0         4332.2      0.0      0.0      0.0      0.0 read
   74.0s        0            0.0         1088.5      0.0      0.0      0.0      0.0 update
   75.0s        0            0.0         4274.4      0.0      0.0      0.0      0.0 read
   75.0s        0            0.0         1074.0      0.0      0.0      0.0      0.0 update
   76.0s        0            0.0         4218.2      0.0      0.0      0.0      0.0 read
   76.0s        0            0.0         1059.9      0.0      0.0      0.0      0.0 update
   77.0s        0            0.0         4163.4      0.0      0.0      0.0      0.0 read
   77.0s        0            0.0         1046.1      0.0      0.0      0.0      0.0 update
   78.0s        0            0.0         4110.0      0.0      0.0      0.0      0.0 read
   78.0s        0            0.0         1032.7      0.0      0.0      0.0      0.0 update
   79.0s        0            0.0         4058.0      0.0      0.0      0.0      0.0 read
   79.0s        0            0.0         1019.7      0.0      0.0      0.0      0.0 update
E260911 09:21:52.683334 1 workload/cli/run.go:624  [-] 4  FATAL: server conn crashed? (SQLSTATE 08P01)
   80.0s      100            0.0         4007.3      0.0      0.0      0.0      0.0 read
   80.0s      100            0.0         1006.9      0.0      0.0      0.0      0.0 update
_elapsed___errors__ops/sec(inst)___ops/sec(cum)__p50(ms)__p95(ms)__p99(ms)_pMax(ms)
   81.0s      100            0.0         3957.8      0.0      0.0      0.0      0.0 read
   81.0s      100            0.0          994.5      0.0      0.0      0.0      0.0 update
   82.0s      100            0.0         3909.5      0.0      0.0      0.0      0.0 read
   82.0s      100            0.0          982.3      0.0      0.0      0.0      0.0 update
   83.0s      100            0.0         3862.4      0.0      0.0      0.0      0.0 read
   83.0s      100            0.0          970.5      0.0      0.0      0.0      0.0 update
   84.0s      100            0.0         3816.5      0.0      0.0      0.0      0.0 read
   84.0s      100            0.0          959.0      0.0      0.0      0.0      0.0 update
   85.0s      100            0.0         3771.6      0.0      0.0      0.0      0.0 read
   85.0s      100            0.0          947.7      0.0      0.0      0.0      0.0 update
   86.0s      100            0.0         3727.7      0.0      0.0      0.0      0.0 read
   86.0s      100            0.0          936.7      0.0      0.0      0.0      0.0 update
   87.0s      100            0.0         3684.9      0.0      0.0      0.0      0.0 read
   87.0s      100            0.0          925.9      0.0      0.0      0.0      0.0 update
   88.0s      100            0.0         3643.0      0.0      0.0      0.0      0.0 read
   88.0s      100            0.0          915.4      0.0      0.0      0.0      0.0 update
   89.0s      100            0.0         3602.0      0.0      0.0      0.0      0.0 read
   89.0s      100            0.0          905.1      0.0      0.0      0.0      0.0 update
   90.0s      100            0.0         3562.0      0.0      0.0      0.0      0.0 read
   90.0s      100            0.0          895.0      0.0      0.0      0.0      0.0 update
_elapsed___errors__ops/sec(inst)___ops/sec(cum)__p50(ms)__p95(ms)__p99(ms)_pMax(ms)
   91.0s      100            0.0         3522.9      0.0      0.0      0.0      0.0 read
   91.0s      100            0.0          885.2      0.0      0.0      0.0      0.0 update
   92.0s      100            0.0         3484.6      0.0      0.0      0.0      0.0 read
   92.0s      100            0.0          875.6      0.0      0.0      0.0      0.0 update
   93.0s      100            0.0         3447.1      0.0      0.0      0.0      0.0 read
   93.0s      100            0.0          866.2      0.0      0.0      0.0      0.0 update
   94.0s      100            0.0         3410.5      0.0      0.0      0.0      0.0 read
   94.0s      100            0.0          856.9      0.0      0.0      0.0      0.0 update
   95.0s      100            0.0         3374.6      0.0      0.0      0.0      0.0 read
   95.0s      100            0.0          847.9      0.0      0.0      0.0      0.0 update
   96.0s      100            0.0         3339.4      0.0      0.0      0.0      0.0 read
   96.0s      100            0.0          839.1      0.0      0.0      0.0      0.0 update
   97.0s      100            0.0         3305.0      0.0      0.0      0.0      0.0 read
   97.0s      100            0.0          830.4      0.0      0.0      0.0      0.0 update
   98.0s      100            0.0         3271.2      0.0      0.0      0.0      0.0 read
   98.0s      100            0.0          822.0      0.0      0.0      0.0      0.0 update
   99.0s      100            0.0         3238.2      0.0      0.0      0.0      0.0 read
   99.0s      100            0.0          813.7      0.0      0.0      0.0      0.0 update
  100.0s      100            0.0         3205.8      0.0      0.0      0.0      0.0 read
  100.0s      100            0.0          805.5      0.0      0.0      0.0      0.0 update
_elapsed___errors__ops/sec(inst)___ops/sec(cum)__p50(ms)__p95(ms)__p99(ms)_pMax(ms)
  101.0s      100            0.0         3174.1      0.0      0.0      0.0      0.0 read
  101.0s      100            0.0          797.5      0.0      0.0      0.0      0.0 update
  102.0s      100            0.0         3143.0      0.0      0.0      0.0      0.0 read
  102.0s      100            0.0          789.7      0.0      0.0      0.0      0.0 update
  103.0s      100            0.0         3112.5      0.0      0.0      0.0      0.0 read
  103.0s      100            0.0          782.1      0.0      0.0      0.0      0.0 update
  104.0s      100            0.0         3082.5      0.0      0.0      0.0      0.0 read
  104.0s      100            0.0          774.5      0.0      0.0      0.0      0.0 update
  105.0s      100            0.0         3053.2      0.0      0.0      0.0      0.0 read
  105.0s      100            0.0          767.2      0.0      0.0      0.0      0.0 update
  106.0s      100            0.0         3024.4      0.0      0.0      0.0      0.0 read
  106.0s      100            0.0          759.9      0.0      0.0      0.0      0.0 update
  107.0s      100            0.0         2996.1      0.0      0.0      0.0      0.0 read
  107.0s      100            0.0          752.8      0.0      0.0      0.0      0.0 update
  108.0s      100            0.0         2968.4      0.0      0.0      0.0      0.0 read
  108.0s      100            0.0          745.9      0.0      0.0      0.0      0.0 update
  109.0s      100            0.0         2941.1      0.0      0.0      0.0      0.0 read
  109.0s      100            0.0          739.0      0.0      0.0      0.0      0.0 update
  110.0s      100            0.0         2914.4      0.0      0.0      0.0      0.0 read
  110.0s      100            0.0          732.3      0.0      0.0      0.0      0.0 update
_elapsed___errors__ops/sec(inst)___ops/sec(cum)__p50(ms)__p95(ms)__p99(ms)_pMax(ms)
  111.0s      100            0.0         2888.1      0.0      0.0      0.0      0.0 read
  111.0s      100            0.0          725.7      0.0      0.0      0.0      0.0 update
  112.0s      100            0.0         2862.4      0.0      0.0      0.0      0.0 read
  112.0s      100            0.0          719.2      0.0      0.0      0.0      0.0 update
  113.0s      100           17.0         2837.2     71.3     75.5     83.9     83.9 read
  113.0s      100            4.0          712.9    234.9    234.9    234.9    234.9 update
  114.0s      100           62.0         2812.8     71.3     75.5     75.5     75.5 read
  114.0s      100           11.0          706.7    234.9    234.9    234.9    234.9 update
  115.0s      100           90.0         2789.2     71.3     75.5     75.5     75.5 read
  115.0s      100           23.0          700.8    234.9    234.9    243.3    243.3 update
  116.0s      100          127.9         2766.2     71.3     71.3     75.5     75.5 read
  116.0s      100           31.0          695.0    234.9    234.9    234.9    234.9 update
  117.0s      100          174.1         2744.1     71.3     71.3     75.5     75.5 read
  117.0s      100           37.0          689.4    234.9    234.9    234.9    234.9 update
  118.0s      100          206.0         2722.5     71.3     71.3     75.5     75.5 read
  118.0s      100           47.0          683.9    234.9    234.9    234.9    234.9 update
  119.0s      100          237.1         2701.7     71.3     71.3     71.3     75.5 read
  119.0s      100           62.0          678.7    234.9    234.9    234.9    243.3 update
  120.0s      100          262.8         2681.3     71.3     71.3     75.5     75.5 read
  120.0s      100           69.0          673.6    234.9    234.9    234.9    234.9 update
_elapsed___errors__ops/sec(inst)___ops/sec(cum)__p50(ms)__p95(ms)__p99(ms)_pMax(ms)
  121.0s      100          346.0         2662.0     71.3     71.3     75.5    385.9 read
  121.0s      100           62.0          668.6    234.9    234.9    234.9    243.3 update
  122.0s      100          327.2         2642.9     71.3     71.3     71.3    352.3 read
  122.0s      100           90.0          663.8    234.9    234.9    243.3    243.3 update
  123.0s      100          383.9         2624.5     71.3     71.3     75.5     75.5 read
  123.0s      100           98.0          659.2    234.9    234.9    243.3    243.3 update
  124.0s      100          410.0         2606.7     71.3     71.3     75.5     75.5 read
  124.0s      100           97.0          654.7    234.9    335.5    369.1    385.9 update
  125.0s      100          452.0         2589.4     71.3     71.3     75.5     75.5 read
  125.0s      100          117.0          650.4    234.9    234.9    234.9    234.9 update
  126.0s      100          512.7         2572.9     71.3     71.3     75.5     79.7 read
  126.0s      100          115.9          646.2    234.9    234.9    234.9    243.3 update
  127.0s      100          491.2         2556.6     71.3     71.3     75.5     75.5 read
  127.0s      100          138.0          642.2    234.9    234.9    243.3    243.3 update
  128.0s      100          579.9         2541.1     71.3     71.3     75.5     79.7 read
  128.0s      100          140.0          638.2    234.9    234.9    234.9    234.9 update
  129.0s      100          616.9         2526.2     71.3     71.3     75.5     75.5 read
  129.0s      100          144.0          634.4    234.9    234.9    234.9    234.9 update
  130.0s      100          591.1         2511.3     71.3     75.5     79.7     79.7 read
  130.0s      100          164.0          630.8    234.9    234.9    243.3    243.3 update
_elapsed___errors__ops/sec(inst)___ops/sec(cum)__p50(ms)__p95(ms)__p99(ms)_pMax(ms)
  131.0s      100          623.2         2496.9     71.3     79.7     83.9     88.1 read
  131.0s      100          181.1          627.4    234.9    285.2    302.0    318.8 update
  132.0s      100          669.8         2483.1     71.3     83.9     92.3     92.3 read
  132.0s      100          168.9          623.9    234.9    251.7    251.7    260.0 update
  133.0s      100          736.0         2469.9     75.5     83.9     88.1     88.1 read
  133.0s      100          176.0          620.5    234.9    251.7    260.0    260.0 update
  134.0s      100          758.2         2457.2     71.3     83.9     83.9     83.9 read
  134.0s      100          186.1          617.3    234.9    243.3    251.7    251.7 update
  135.0s      100          723.5         2444.3     71.3     79.7     83.9     83.9 read
  135.0s      100          198.9          614.2    234.9    243.3    251.7    251.7 update
  136.0s      100          793.2         2432.2     71.3     79.7     83.9     83.9 read
  136.0s      100          181.0          611.0    234.9    243.3    243.3    243.3 update
  137.0s      100          794.4         2420.2     71.3     79.7     88.1     88.1 read
  137.0s      100          189.1          607.9    234.9    352.3    385.9    385.9 update
  138.0s      100          780.7         2408.3     71.3     75.5     75.5     79.7 read
  138.0s      100          192.9          604.9    234.9    234.9    234.9    243.3 update
  139.0s      100          742.7         2396.3     71.3     75.5     75.5     79.7 read
  139.0s      100          214.9          602.1    234.9    234.9    243.3    243.3 update
  140.0s      100          778.1         2384.8     71.3     75.5     75.5     75.5 read
  140.0s      100          191.0          599.2    234.9    234.9    243.3    243.3 update
_elapsed___errors__ops/sec(inst)___ops/sec(cum)__p50(ms)__p95(ms)__p99(ms)_pMax(ms)
  141.0s      100          764.1         2373.3     71.3     75.5     75.5     75.5 read
  141.0s      100          199.0          596.3    234.9    335.5    385.9    402.7 update
  142.0s      100          784.9         2362.1     71.3     79.7     79.7     83.9 read
  142.0s      100          180.0          593.4    234.9    234.9    243.3    243.3 update
  143.0s      100          729.5         2350.7     71.3     75.5     79.7     88.1 read
  143.0s      100          216.1          590.8    234.9    234.9    243.3    243.3 update
  144.0s      100          786.2         2339.8     71.3     75.5     79.7    369.1 read
  144.0s      100          192.0          588.0    234.9    243.3    243.3    251.7 update
  145.0s      100          740.5         2328.8     71.3     79.7     83.9     83.9 read
  145.0s      100          198.9          585.3    234.9    243.3    251.7    251.7 update
  146.0s      100          790.5         2318.3     71.3     75.5     83.9     83.9 read
  146.0s      100          187.1          582.6    234.9    251.7    285.2    318.8 update
  147.0s      100          759.9         2307.7     71.3     75.5     79.7     79.7 read
  147.0s      100          210.0          580.0    234.9    234.9    243.3    243.3 update
  148.0s      100          749.1         2297.1     71.3     75.5     75.5     79.7 read
  148.0s      100          207.0          577.5    234.9    234.9    234.9    234.9 update
  149.0s      100          810.5         2287.2     71.3     75.5     75.5     79.7 read
  149.0s      100          189.9          574.9    234.9    234.9    234.9    243.3 update
  150.0s      100          741.2         2276.9     71.3     71.3     75.5     79.7 read
  150.0s      100          209.1          572.5    234.9    234.9    234.9    243.3 update
_elapsed___errors__ops/sec(inst)___ops/sec(cum)__p50(ms)__p95(ms)__p99(ms)_pMax(ms)
  151.0s      100          772.6         2266.9     71.3     75.5     75.5     79.7 read
  151.0s      100          192.9          570.0    234.9    352.3    385.9    385.9 update
  152.0s      100          768.2         2257.0     71.3     75.5     75.5    369.1 read
  152.0s      100          198.1          567.5    234.9    234.9    243.3    243.3 update
  153.0s      100          779.3         2247.4     71.3     71.3     75.5     75.5 read
  153.0s      100          197.1          565.1    234.9    234.9    234.9    234.9 update
  154.0s      100          807.8         2238.0     71.3     71.3     71.3     75.5 read
  154.0s      100          197.0          562.7    234.9    234.9    234.9    243.3 update
  155.0s      100          751.1         2228.4     71.3     71.3     75.5     79.7 read
  155.0s      100          205.0          560.4    234.9    234.9    243.3    536.9 update
  156.0s      100          752.7         2219.0     71.3     71.3     75.5    369.1 read
  156.0s      100          207.9          558.1    234.9    251.7    302.0    318.8 update
  157.0s      100          818.3         2210.1     71.3     71.3     75.5    369.1 read
  157.0s      100          189.1          555.8    234.9    234.9    234.9    243.3 update
  158.0s      100          771.5         2200.9     71.3     71.3     71.3     75.5 read
  158.0s      100          202.9          553.6    234.9    234.9    234.9    243.3 update
  159.0s      100          807.8         2192.2     71.3     71.3     71.3     75.5 read
  159.0s      100          192.2          551.3    234.9    234.9    234.9    243.3 update
  160.0s      100          799.4         2183.5     71.3     71.3     71.3     75.5 read
  160.0s      100          197.8          549.1    234.9    234.9    243.3    243.3 update
_elapsed___errors__ops/sec(inst)___ops/sec(cum)__p50(ms)__p95(ms)__p99(ms)_pMax(ms)
  161.0s      100          732.2         2174.5     71.3     75.5     75.5     75.5 read
  161.0s      100          208.1          547.0    234.9    318.8    385.9    385.9 update
  162.0s      100          758.4         2165.7     71.3     71.3     71.3     79.7 read
  162.0s      100          205.1          544.8    234.9    234.9    243.3    243.3 update
  163.0s      100          768.6         2157.2     71.3     71.3     71.3     75.5 read
  163.0s      100          204.9          542.8    234.9    234.9    234.9    243.3 update
  164.0s      100          798.2         2148.9     71.3     71.3     71.3     75.5 read
  164.0s      100          197.0          540.7    234.9    234.9    234.9    234.9 update
  165.0s      100          772.2         2140.5     71.3     71.3     75.5     75.5 read
  165.0s      100          193.0          538.5    234.9    402.7    419.4    453.0 update
  166.0s      100          747.1         2132.1     71.3     71.3     75.5     75.5 read
  166.0s      100          190.0          536.4    234.9    234.9    234.9    234.9 update
  167.0s      100          774.3         2124.0     71.3     71.3     75.5     75.5 read
  167.0s      100          208.8          534.5    234.9    234.9    234.9    234.9 update
  168.0s      100          727.4         2115.7     71.3     71.3     75.5     79.7 read
  168.0s      100          219.1          532.6    234.9    234.9    243.3    243.3 update
  169.0s      100          827.0         2108.1     71.3     71.3     71.3     75.5 read
  169.0s      100          189.0          530.6    234.9    234.9    234.9    234.9 update
  170.0s      100          738.0         2100.0     71.3     71.3     75.5     75.5 read
  170.0s      100          195.0          528.6    234.9    352.3    402.7    402.7 update
_elapsed___errors__ops/sec(inst)___ops/sec(cum)__p50(ms)__p95(ms)__p99(ms)_pMax(ms)
  171.0s      100          756.8         2092.1     71.3     71.3     71.3     75.5 read
  171.0s      100          208.9          526.7    234.9    234.9    234.9    234.9 update
  172.0s      100          822.0         2084.8     71.3     71.3     75.5     75.5 read
  172.0s      100          188.0          524.8    234.9    234.9    234.9    234.9 update
  173.0s      100          801.1         2077.3     71.3     71.3     75.5     75.5 read
  173.0s      100          196.0          522.9    234.9    234.9    234.9    234.9 update
  174.0s      100          741.4         2069.7     71.3     71.3     71.3     75.5 read
  174.0s      100          214.1          521.1    234.9    234.9    234.9    234.9 update
  175.0s      100          787.0         2062.3     71.3     71.3     71.3     75.5 read
  175.0s      100          172.0          519.1    234.9    234.9    234.9    234.9 update
  176.0s      100          803.0         2055.2     71.3     71.3     75.5     75.5 read
  176.0s      100          208.0          517.3    234.9    352.3    369.1    385.9 update
  177.0s      100          745.9         2047.8     71.3     71.3     75.5    352.3 read
  177.0s      100          208.0          515.6    234.9    234.9    234.9    536.9 update
  178.0s      100          784.8         2040.7     71.3     71.3     71.3     75.5 read
  178.0s      100          197.9          513.8    234.9    234.9    243.3    243.3 update
  179.0s      100          802.0         2033.8     71.3     71.3     75.5     75.5 read
  179.0s      100          196.0          512.0    234.9    234.9    234.9    234.9 update
  180.0s      100          815.4         2027.0     71.3     71.3     71.3     75.5 read
  180.0s      100          189.1          510.2    234.9    234.9    234.9    243.3 update
_elapsed___errors__ops/sec(inst)___ops/sec(cum)__p50(ms)__p95(ms)__p99(ms)_pMax(ms)
  181.0s      100          768.4         2020.0     71.3     75.5     75.5     79.7 read
  181.0s      100          179.9          508.4    234.9    419.4    436.2    436.2 update
  182.0s      100          834.4         2013.5     71.3     71.3     75.5     79.7 read
  182.0s      100          185.1          506.6    234.9    234.9    234.9    234.9 update
  183.0s      100          828.3         2007.1     71.3     71.3     75.5     75.5 read
  183.0s      100          182.1          504.8    234.9    234.9    251.7    251.7 update
  184.0s      100          802.4         2000.5     71.3     71.3     75.5     75.5 read
  184.0s      100          198.9          503.2    234.9    234.9    234.9    243.3 update
  185.0s      100          775.1         1993.9     71.3     71.3     71.3     75.5 read
  185.0s      100          200.0          501.5    234.9    234.9    234.9    234.9 update
  186.0s      100          761.7         1987.3     71.3     71.3     75.5     75.5 read
  186.0s      100          186.9          499.9    234.9    369.1    419.4    436.2 update
  187.0s      100          765.7         1980.7     71.3     71.3     71.3     75.5 read
  187.0s      100          213.2          498.3    234.9    234.9    234.9    243.3 update
  188.0s      100          782.4         1974.3     71.3     71.3     75.5     75.5 read
  188.0s      100          198.8          496.7    234.9    234.9    234.9    234.9 update
  189.0s      100          777.4         1968.0     71.3     71.3     75.5     75.5 read
  189.0s      100          200.1          495.2    234.9    234.9    234.9    234.9 update
  190.0s      100          773.1         1961.7     71.3     71.3     71.3     75.5 read
  190.0s      100          205.0          493.6    234.9    234.9    234.9    234.9 update
_elapsed___errors__ops/sec(inst)___ops/sec(cum)__p50(ms)__p95(ms)__p99(ms)_pMax(ms)
  191.0s      100          745.2         1955.4     71.3     71.3     71.3     75.5 read
  191.0s      100          206.0          492.1    234.9    369.1    402.7    419.4 update
  192.0s      100          872.8         1949.7     71.3     75.5     75.5     79.7 read
  192.0s      100          166.0          490.4    234.9    234.9    234.9    234.9 update
  193.0s      100          771.9         1943.6     71.3     71.3     71.3     75.5 read
  193.0s      100          197.0          488.9    234.9    234.9    234.9    234.9 update
  194.0s      100          807.8         1937.8     71.3     71.3     71.3     75.5 read
  194.0s      100          193.9          487.4    234.9    234.9    234.9    234.9 update
  195.0s      100          778.4         1931.8     71.3     71.3     71.3     75.5 read
  195.0s      100          198.1          485.9    234.9    234.9    234.9    243.3 update
  196.0s      100          778.6         1925.9     71.3     71.3     71.3     75.5 read
  196.0s      100          208.9          484.5    234.9    234.9    234.9    234.9 update
  197.0s      100          741.8         1919.9     71.3     75.5     75.5     75.5 read
  197.0s      100          195.9          483.0    234.9    335.5    369.1    385.9 update
  198.0s      100          811.3         1914.3     71.3     71.3     71.3     71.3 read
  198.0s      100          195.1          481.6    234.9    234.9    234.9    243.3 update
  199.0s      100          797.0         1908.7     71.3     71.3     71.3     79.7 read
  199.0s      100          199.0          480.1    234.9    234.9    234.9    234.9 update
  200.0s      100          781.4         1903.1     71.3     71.3     71.3     75.5 read
  200.0s      100          198.1          478.7    234.9    234.9    234.9    243.3 update
_elapsed___errors__ops/sec(inst)___ops/sec(cum)__p50(ms)__p95(ms)__p99(ms)_pMax(ms)
  201.0s      100          809.8         1897.6     71.3     71.3     71.3     75.5 read
  201.0s      100          190.0          477.3    234.9    234.9    234.9    243.3 update
  202.0s      100          763.5         1892.0     71.3     75.5     75.5     75.5 read
  202.0s      100          182.9          475.8    234.9    385.9    419.4    419.4 update
  203.0s      100          813.7         1886.7     71.3     71.3     71.3     75.5 read
  203.0s      100          195.2          474.5    234.9    234.9    234.9    234.9 update
  204.0s      100          791.8         1881.3     71.3     71.3     75.5     75.5 read
  204.0s      100          196.9          473.1    234.9    234.9    234.9    243.3 update
  205.0s      100          759.1         1875.9     71.3     71.3     71.3     75.5 read
  205.0s      100          204.0          471.8    234.9    234.9    234.9    243.3 update
  206.0s      100          739.2         1870.3     71.3     71.3     75.5     75.5 read
  206.0s      100          216.1          470.5    234.9    234.9    243.3    243.3 update
  207.0s      100          751.4         1864.9     71.3     71.3     75.5     75.5 read
  207.0s      100          194.8          469.2    234.9    352.3    402.7    419.4 update
  208.0s      100          824.5         1859.9     71.3     71.3     75.5     75.5 read
  208.0s      100          191.1          467.9    234.9    234.9    243.3    243.3 update
  209.0s      100          860.0         1855.2     71.3     71.3     71.3     75.5 read
  209.0s      100          176.0          466.5    234.9    234.9    234.9    234.9 update
  210.0s      100          802.6         1850.1     71.3     71.3     71.3     75.5 read
  210.0s      100          186.9          465.2    234.9    234.9    234.9    234.9 update
_elapsed___errors__ops/sec(inst)___ops/sec(cum)__p50(ms)__p95(ms)__p99(ms)_pMax(ms)
  211.0s      100          769.4         1845.0     71.3     71.3     75.5    369.1 read
  211.0s      100          202.1          463.9    234.9    234.9    234.9    520.1 update
  212.0s      100          769.8         1839.9     71.3     71.3     75.5     75.5 read
  212.0s      100          201.9          462.7    234.9    234.9    234.9    234.9 update
  213.0s      100          720.9         1834.7     71.3     75.5     79.7     79.7 read
  213.0s      100          207.0          461.5    234.9    369.1    402.7    402.7 update
  214.0s      100          799.9         1829.9     71.3     71.3     71.3     75.5 read
  214.0s      100          189.0          460.2    234.9    234.9    234.9    234.9 update
  215.0s      100          780.5         1825.0     71.3     71.3     71.3     75.5 read
  215.0s      100          205.1          459.0    234.9    234.9    234.9    234.9 update
  216.0s      100          784.7         1820.2     71.3     71.3     75.5    369.1 read
  216.0s      100          193.9          457.8    234.9    234.9    234.9    234.9 update
  217.0s      100          846.7         1815.7     71.3     71.3     71.3     75.5 read
  217.0s      100          178.9          456.5    234.9    234.9    234.9    234.9 update
  218.0s      100          829.6         1811.2     71.3     71.3     75.5     75.5 read
  218.0s      100          180.1          455.2    234.9    318.8    352.3    369.1 update
  219.0s      100          735.6         1806.2     71.3     71.3     75.5     75.5 read
  219.0s      100          214.9          454.1    234.9    234.9    234.9    234.9 update
  220.0s      100          769.1         1801.5     71.3     71.3     75.5     79.7 read
  220.0s      100          195.0          453.0    234.9    234.9    243.3    243.3 update
_elapsed___errors__ops/sec(inst)___ops/sec(cum)__p50(ms)__p95(ms)__p99(ms)_pMax(ms)
  221.0s      100          761.8         1796.8     71.3     71.3     71.3     75.5 read
  221.0s      100          215.9          451.9    234.9    234.9    234.9    243.3 update
  222.0s      100          777.5         1792.2     71.3     71.3     71.3     75.5 read
  222.0s      100          202.1          450.8    234.9    234.9    234.9    243.3 update
  223.0s      100          780.0         1787.7     71.3     71.3     71.3    385.9 read
  223.0s      100          198.0          449.6    234.9    234.9    234.9    234.9 update
  224.0s      100          766.6         1783.1     71.3     71.3     75.5     75.5 read
  224.0s      100          194.9          448.5    234.9    335.5    385.9    385.9 update
  225.0s      100          833.9         1778.9     71.3     71.3     71.3     75.5 read
  225.0s      100          182.0          447.3    234.9    234.9    234.9    234.9 update
  226.0s      100          752.0         1774.4     71.3     71.3     71.3     75.5 read
  226.0s      100          213.0          446.3    234.9    234.9    234.9    234.9 update
  227.0s      100          777.6         1770.0     71.3     75.5     75.5     79.7 read
  227.0s      100          201.1          445.2    234.9    234.9    234.9    243.3 update
  228.0s      100          822.5         1765.8     71.3     75.5     75.5     83.9 read
  228.0s      100          186.9          444.1    234.9    234.9    243.3    243.3 update
  229.0s      100          765.2         1761.5     71.3     75.5     75.5    385.9 read
  229.0s      100          171.0          442.9    234.9    436.2    453.0    536.9 update
  230.0s      100          825.1         1757.4     71.3     71.3     71.3     79.7 read
  230.0s      100          184.0          441.7    234.9    234.9    234.9    234.9 update
_elapsed___errors__ops/sec(inst)___ops/sec(cum)__p50(ms)__p95(ms)__p99(ms)_pMax(ms)
  231.0s      100          770.9         1753.1     71.3     71.3     71.3     75.5 read
  231.0s      100          207.0          440.7    226.5    234.9    234.9    234.9 update
  232.0s      100          771.2         1748.9     71.3     71.3     71.3     75.5 read
  232.0s      100          205.0          439.7    234.9    234.9    234.9    234.9 update
  233.0s      100          772.8         1744.7     71.3     71.3     75.5     75.5 read
  233.0s      100          203.9          438.7    234.9    234.9    234.9    243.3 update
  234.0s      100          751.8         1740.4     71.3     71.3     71.3     75.5 read
  234.0s      100          209.9          437.7    234.9    234.9    234.9    243.3 update
  235.0s      100          750.2         1736.2     71.3     75.5     75.5     75.5 read
  235.0s      100          191.1          436.7    234.9    385.9    419.4    436.2 update
  236.0s      100          734.3         1732.0     71.3     71.3     71.3     75.5 read
  236.0s      100          211.1          435.7    234.9    234.9    234.9    234.9 update
  237.0s      100          750.7         1727.9     71.3     71.3     71.3     75.5 read
  237.0s      100          207.9          434.7    234.9    234.9    243.3    243.3 update
  238.0s      100          798.2         1723.9     71.3     71.3     71.3    352.3 read
  238.0s      100          196.0          433.7    234.9    234.9    243.3    520.1 update
  239.0s      100          781.8         1720.0     71.3     71.3     71.3     75.5 read
  239.0s      100          201.9          432.8    234.9    234.9    243.3    243.3 update
  240.0s      100          794.0         1716.1     71.3     71.3     75.5     75.5 read
  240.0s      100          189.0          431.8    234.9    335.5    369.1    385.9 update
_elapsed___errors__ops/sec(inst)___ops/sec(cum)__p50(ms)__p95(ms)__p99(ms)_pMax(ms)
  241.0s      100          823.9         1712.4     71.3     71.3     71.3    369.1 read
  241.0s      100          185.0          430.7    234.9    234.9    243.3    243.3 update
  242.0s      100          781.0         1708.6     71.3     71.3     71.3     71.3 read
  242.0s      100          193.0          429.8    234.9    234.9    234.9    520.1 update
  243.0s      100          796.1         1704.8     71.3     71.3     75.5    369.1 read
  243.0s      100          198.0          428.8    234.9    234.9    234.9    234.9 update
  244.0s      100          784.3         1701.1     71.3     71.3     71.3    369.1 read
  244.0s      100          196.1          427.8    234.9    234.9    243.3    243.3 update
  245.0s      100          776.0         1697.3     71.3     71.3     71.3    369.1 read
  245.0s      100          198.0          426.9    234.9    234.9    234.9    234.9 update
  246.0s      100          712.8         1693.3     71.3     71.3     75.5     75.5 read
  246.0s      100          202.9          426.0    234.9    352.3    402.7    536.9 update
  247.0s      100          818.2         1689.7     71.3     71.3     71.3     75.5 read
  247.0s      100          195.0          425.1    234.9    234.9    234.9    234.9 update
  248.0s      100          776.0         1686.1     71.3     71.3     71.3     75.5 read
  248.0s      100          203.0          424.2    234.9    234.9    234.9    243.3 update
  249.0s      100          757.0         1682.3     71.3     71.3     71.3     71.3 read
  249.0s      100          202.0          423.3    234.9    234.9    234.9    243.3 update
  250.0s      100          742.8         1678.6     71.3     71.3     71.3    369.1 read
  250.0s      100          215.9          422.4    234.9    234.9    234.9    234.9 update
_elapsed___errors__ops/sec(inst)___ops/sec(cum)__p50(ms)__p95(ms)__p99(ms)_pMax(ms)
  251.0s      100          797.2         1675.1     71.3     75.5     75.5     75.5 read
  251.0s      100          183.0          421.5    234.9    335.5    385.9    402.7 update
  252.0s      100          817.4         1671.7     71.3     71.3     71.3     75.5 read
  252.0s      100          192.9          420.6    234.9    234.9    234.9    243.3 update
  253.0s      100          834.0         1668.3     71.3     71.3     71.3     75.5 read
  253.0s      100          187.0          419.7    234.9    234.9    234.9    234.9 update
  254.0s      100          811.5         1665.0     71.3     71.3     71.3     75.5 read
  254.0s      100          190.1          418.8    234.9    234.9    243.3    243.3 update
  255.0s      100          828.1         1661.7     71.3     71.3     71.3     75.5 read
  255.0s      100          185.0          417.8    234.9    234.9    234.9    243.3 update
  256.0s      100          763.9         1658.2     71.3     71.3     71.3     75.5 read
  256.0s      100          164.0          416.8    234.9    234.9    234.9    234.9 update
  257.0s      100          795.7         1654.8     71.3     71.3     75.5     75.5 read
  257.0s      100          216.9          416.1    234.9    385.9    436.2    453.0 update
  258.0s      100          778.8         1651.4     71.3     71.3     71.3     79.7 read
  258.0s      100          198.0          415.2    234.9    234.9    234.9    234.9 update
  259.0s      100          750.6         1648.0     71.3     71.3     71.3     75.5 read
  259.0s      100          210.2          414.4    234.9    234.9    234.9    234.9 update
  260.0s      100          783.6         1644.6     71.3     71.3     71.3     75.5 read
  260.0s      100          203.9          413.6    234.9    234.9    234.9    234.9 update
_elapsed___errors__ops/sec(inst)___ops/sec(cum)__p50(ms)__p95(ms)__p99(ms)_pMax(ms)
  261.0s      100          826.5         1641.5     71.3     71.3     71.3     71.3 read
  261.0s      100          190.1          412.8    234.9    234.9    234.9    234.9 update
  262.0s      100          760.3         1638.1     71.3     71.3     71.3     75.5 read
  262.0s      100          203.8          412.0    234.9    234.9    268.4    285.2 update
  263.0s      100          850.6         1635.1     71.3     71.3     71.3     75.5 read
  263.0s      100          176.1          411.1    234.9    234.9    234.9    243.3 update
  264.0s      100          788.9         1631.9     71.3     71.3     71.3     75.5 read
  264.0s      100          200.0          410.3    234.9    234.9    243.3    243.3 update
  265.0s      100          797.1         1628.8     71.3     71.3     71.3     75.5 read
  265.0s      100          193.0          409.5    234.9    234.9    234.9    234.9 update
  266.0s      100          743.0         1625.5     71.3     71.3     71.3    369.1 read
  266.0s      100          212.0          408.7    234.9    234.9    234.9    234.9 update
  267.0s      100          724.9         1622.1     71.3     71.3     75.5     75.5 read
  267.0s      100          211.0          408.0    234.9    318.8    318.8    318.8 update
  268.0s      100          794.8         1619.0     71.3     71.3     75.5     75.5 read
  268.0s      100          196.9          407.2    234.9    234.9    260.0    285.2 update
  269.0s      100          803.8         1616.0     71.3     71.3     75.5    369.1 read
  269.0s      100          194.0          406.4    234.9    234.9    234.9    243.3 update
  270.0s      100          760.5         1612.8     71.3     71.3     71.3     75.5 read
  270.0s      100          199.1          405.6    234.9    234.9    234.9    234.9 update
_elapsed___errors__ops/sec(inst)___ops/sec(cum)__p50(ms)__p95(ms)__p99(ms)_pMax(ms)
  271.0s      100          808.6         1609.8     71.3     71.3     71.3    369.1 read
  271.0s      100          195.9          404.8    234.9    234.9    234.9    243.3 update
  272.0s      100          814.8         1606.9     71.3     71.3     71.3     75.5 read
  272.0s      100          187.9          404.1    234.9    234.9    234.9    234.9 update
  273.0s      100          822.4         1604.0     71.3     71.3     75.5     75.5 read
  273.0s      100          188.1          403.3    234.9    234.9    234.9    234.9 update
  274.0s      100          761.1         1601.0     71.3     71.3     75.5     75.5 read
  274.0s      100          208.0          402.5    234.9    234.9    268.4    285.2 update
  275.0s      100          785.9         1598.0     71.3     75.5     75.5     75.5 read
  275.0s      100          191.0          401.8    234.9    234.9    243.3    243.3 update
  276.0s      100          782.0         1595.0     71.3     71.3     75.5     75.5 read
  276.0s      100          205.0          401.1    234.9    234.9    234.9    243.3 update
  277.0s      100          850.6         1592.3     71.3     71.3     75.5     75.5 read
  277.0s      100          176.9          400.3    234.9    234.9    234.9    234.9 update
  278.0s      100          797.5         1589.5     71.3     79.7     83.9     83.9 read
  278.0s      100          189.1          399.5    234.9    243.3    243.3    243.3 update
  279.0s      100          765.7         1586.5     71.3     79.7     83.9     88.1 read
  279.0s      100          192.9          398.8    234.9    251.7    251.7    251.7 update
  280.0s      100          731.1         1583.5     71.3     79.7     83.9     83.9 read
  280.0s      100          208.0          398.1    234.9    243.3    285.2    285.2 update
_elapsed___errors__ops/sec(inst)___ops/sec(cum)__p50(ms)__p95(ms)__p99(ms)_pMax(ms)
  281.0s      100          778.2         1580.6     71.3     79.7     79.7     83.9 read
  281.0s      100          186.1          397.3    234.9    243.3    243.3    243.3 update
  282.0s      100          821.4         1577.9     71.3     79.7     83.9     83.9 read
  282.0s      100          183.9          396.6    234.9    243.3    243.3    243.3 update
  283.0s      100          793.6         1575.1     71.3     83.9     88.1     92.3 read
  283.0s      100          191.1          395.8    234.9    243.3    251.7    251.7 update
  284.0s      100          800.9         1572.4     71.3     79.7     83.9     83.9 read
  284.0s      100          180.0          395.1    234.9    234.9    243.3    243.3 update
  285.0s      100          745.3         1569.5     71.3     79.7     83.9     88.1 read
  285.0s      100          197.8          394.4    234.9    243.3    243.3    243.3 update
  286.0s      100          757.2         1566.7     71.3     79.7     79.7     83.9 read
  286.0s      100          178.0          393.6    234.9    243.3    243.3    251.7 update
  287.0s      100          791.4         1564.0     71.3     79.7     83.9     83.9 read
  287.0s      100          198.1          392.9    234.9    352.3    369.1    385.9 update
  288.0s      100          752.1         1561.2     71.3     79.7     79.7     83.9 read
  288.0s      100          206.0          392.3    234.9    243.3    251.7    251.7 update
  289.0s      100          789.4         1558.5     71.3     75.5     83.9     88.1 read
  289.0s      100          189.9          391.6    234.9    243.3    243.3    243.3 update
  290.0s      100          813.5         1555.9     71.3     71.3     75.5     75.5 read
  290.0s      100          189.1          390.9    234.9    234.9    234.9    234.9 update
_elapsed___errors__ops/sec(inst)___ops/sec(cum)__p50(ms)__p95(ms)__p99(ms)_pMax(ms)
  291.0s      100          761.8         1553.2     71.3     75.5     75.5     79.7 read
  291.0s      100          204.9          390.3    234.9    234.9    234.9    243.3 update
  292.0s      100          837.4         1550.7     71.3     75.5     75.5     79.7 read
  292.0s      100          183.1          389.6    234.9    234.9    243.3    520.1 update
  293.0s      100          801.8         1548.2     71.3     75.5     79.7     79.7 read
  293.0s      100          186.0          388.9    234.9    302.0    352.3    369.1 update
  294.0s      100          766.1         1545.5     71.3     71.3     75.5     79.7 read
  294.0s      100          203.0          388.2    234.9    234.9    234.9    234.9 update
  295.0s      100          792.6         1543.0     71.3     71.3     75.5     75.5 read
  295.0s      100          194.9          387.6    234.9    234.9    234.9    243.3 update
  296.0s      100          828.1         1540.6     71.3     75.5     83.9     88.1 read
  296.0s      100          181.0          386.9    234.9    234.9    243.3    251.7 update
  297.0s      100          822.2         1538.1     71.3     71.3     75.5    352.3 read
  297.0s      100          190.1          386.2    234.9    234.9    234.9    234.9 update
  298.0s      100          792.0         1535.6     71.3     71.3     75.5     75.5 read
  298.0s      100          196.0          385.6    234.9    234.9    234.9    234.9 update
  299.0s      100          770.2         1533.1     71.3     75.5     83.9    352.3 read
  299.0s      100          160.0          384.8    234.9    234.9    243.3    251.7 update
  300.0s      100          833.6         1530.7     71.3     75.5     75.5     79.7 read
  300.0s      100          204.9          384.2    234.9    352.3    385.9    385.9 update
_elapsed___errors__ops/sec(inst)___ops/sec(cum)__p50(ms)__p95(ms)__p99(ms)_pMax(ms)
  301.0s      100          845.3         1528.5     71.3     71.3     71.3     75.5 read
  301.0s      100          185.1          383.6    234.9    234.9    234.9    234.9 update
  302.0s      100          742.2         1525.9     71.3     71.3     71.3     75.5 read
  302.0s      100          211.1          383.0    234.9    234.9    234.9    234.9 update
  303.0s      100          781.7         1523.4     71.3     71.3     75.5     79.7 read
  303.0s      100          201.9          382.4    234.9    234.9    234.9    243.3 update
  304.0s      100          801.1         1521.0     71.3     71.3     75.5     79.7 read
  304.0s      100          188.0          381.7    234.9    234.9    234.9    234.9 update
  305.0s      100          795.8         1518.7     71.3     71.3     75.5     79.7 read
  305.0s      100          183.9          381.1    234.9    335.5    385.9    385.9 update
  306.0s      100          788.6         1516.3     71.3     71.3     71.3     75.5 read
  306.0s      100          198.9          380.5    234.9    234.9    234.9    243.3 update
  307.0s      100          835.6         1514.0     71.3     71.3     71.3     75.5 read
  307.0s      100          181.1          379.9    234.9    234.9    234.9    234.9 update
  308.0s      100          778.1         1511.7     71.3     71.3     75.5     79.7 read
  308.0s      100          202.0          379.3    234.9    234.9    234.9    234.9 update
  309.0s      100          831.5         1509.5     71.3     71.3     71.3     75.5 read
  309.0s      100          188.9          378.7    234.9    234.9    234.9    234.9 update
  310.0s      100          783.7         1507.1     71.3     71.3     75.5     75.5 read
  310.0s      100          184.9          378.0    234.9    352.3    369.1    369.1 update
_elapsed___errors__ops/sec(inst)___ops/sec(cum)__p50(ms)__p95(ms)__p99(ms)_pMax(ms)
  311.0s      100          789.5         1504.8     71.3     71.3     75.5     75.5 read
  311.0s      100          200.1          377.5    234.9    234.9    234.9    234.9 update
  312.0s      100          781.3         1502.5     71.3     71.3     75.5    369.1 read
  312.0s      100          202.1          376.9    234.9    234.9    234.9    243.3 update
  313.0s      100          782.0         1500.2     71.3     71.3     71.3     75.5 read
  313.0s      100          194.0          376.3    234.9    234.9    234.9    234.9 update
  314.0s      100          747.8         1497.8     71.3     71.3     75.5    385.9 read
  314.0s      100          211.0          375.8    234.9    234.9    243.3    251.7 update
  315.0s      100          835.0         1495.7     71.3     71.3     71.3     75.5 read
  315.0s      100          186.0          375.2    234.9    234.9    243.3    243.3 update
  316.0s      100          787.8         1493.4     71.3     75.5     75.5     75.5 read
  316.0s      100          180.0          374.6    234.9    369.1    402.7    419.4 update
  317.0s      100          785.0         1491.2     71.3     71.3     75.5     75.5 read
  317.0s      100          197.0          374.0    234.9    234.9    234.9    234.9 update
  318.0s      100          788.0         1489.0     71.3     71.3     75.5    385.9 read
  318.0s      100          195.0          373.4    234.9    234.9    243.3    243.3 update
  319.0s      100          752.3         1486.7     71.3     71.3     71.3    369.1 read
  319.0s      100          203.1          372.9    234.9    234.9    243.3    243.3 update
  320.0s      100          796.3         1484.5     71.3     71.3     71.3     79.7 read
  320.0s      100          197.8          372.4    234.9    234.9    234.9    243.3 update
_elapsed___errors__ops/sec(inst)___ops/sec(cum)__p50(ms)__p95(ms)__p99(ms)_pMax(ms)
  321.0s      100          793.4         1482.4     71.3     71.3     71.3     75.5 read
  321.0s      100          199.1          371.8    234.9    234.9    234.9    234.9 update
  322.0s      100          729.4         1480.0     71.3     75.5     75.5     75.5 read
  322.0s      100          197.1          371.3    234.9    385.9    419.4    419.4 update
  323.0s      100          849.3         1478.1     71.3     71.3     75.5     75.5 read
  323.0s      100          177.8          370.7    234.9    234.9    234.9    243.3 update
  324.0s      100          780.3         1475.9     71.3     71.3     75.5     75.5 read
  324.0s      100          200.1          370.2    234.9    234.9    234.9    234.9 update
  325.0s      100          791.1         1473.8     71.3     71.3     75.5     75.5 read
  325.0s      100          194.0          369.6    234.9    234.9    243.3    243.3 update
  326.0s      100          753.9         1471.6     71.3     71.3     75.5     75.5 read
  326.0s      100          211.0          369.1    234.9    234.9    234.9    234.9 update
  327.0s      100          832.2         1469.7     71.3     71.3     71.3     71.3 read
  327.0s      100          187.0          368.6    234.9    234.9    234.9    234.9 update
  328.0s      100          872.1         1467.8     71.3     71.3     75.5     75.5 read
  328.0s      100          159.0          367.9    234.9    385.9    402.7    419.4 update
  329.0s      100          828.0         1465.9     71.3     71.3     75.5     75.5 read
  329.0s      100          184.0          367.4    234.9    234.9    234.9    234.9 update
  330.0s      100          792.1         1463.9     71.3     71.3     71.3     75.5 read
  330.0s      100          202.0          366.9    234.9    234.9    234.9    243.3 update
_elapsed___errors__ops/sec(inst)___ops/sec(cum)__p50(ms)__p95(ms)__p99(ms)_pMax(ms)
  331.0s      100          769.3         1461.8     71.3     71.3     71.3     75.5 read
  331.0s      100          201.8          366.4    234.9    234.9    234.9    243.3 update
  332.0s      100          844.5         1459.9     71.3     71.3     75.5     75.5 read
  332.0s      100          180.1          365.8    234.9    234.9    234.9    234.9 update
  333.0s      100          798.8         1457.9     71.3     75.5     75.5     79.7 read
  333.0s      100          192.9          365.3    234.9    234.9    234.9    243.3 update
  334.0s      100          783.2         1455.9     71.3     71.3     75.5     75.5 read
  334.0s      100          184.0          364.8    234.9    352.3    402.7    402.7 update
  335.0s      100          807.2         1454.0     71.3     71.3     71.3     75.5 read
  335.0s      100          193.0          364.2    234.9    234.9    234.9    234.9 update
  336.0s      100          785.4         1452.0     71.3     71.3     71.3     75.5 read
  336.0s      100          200.9          363.8    234.9    234.9    234.9    243.3 update
  337.0s      100          778.6         1450.0     71.3     71.3     71.3     75.5 read
  337.0s      100          200.2          363.3    226.5    234.9    234.9    234.9 update
  338.0s      100          758.9         1447.9     71.3     71.3     71.3     75.5 read
  338.0s      100          208.0          362.8    234.9    234.9    234.9    234.9 update
  339.0s      100          799.8         1446.0     71.3     71.3     71.3     75.5 read
  339.0s      100          178.9          362.3    234.9    234.9    234.9    234.9 update
  340.0s      100          767.2         1444.0     71.3     75.5     75.5    385.9 read
  340.0s      100          196.1          361.8    234.9    385.9    419.4    436.2 update
_elapsed___errors__ops/sec(inst)___ops/sec(cum)__p50(ms)__p95(ms)__p99(ms)_pMax(ms)
  341.0s      100          782.6         1442.1     71.3     71.3     71.3     75.5 read
  341.0s      100          201.9          361.3    234.9    234.9    234.9    234.9 update
  342.0s      100          795.4         1440.2     71.3     71.3     75.5     75.5 read
  342.0s      100          196.1          360.8    234.9    234.9    234.9    234.9 update
  343.0s      100          841.3         1438.4     71.3     71.3     71.3     75.5 read
  343.0s      100          185.8          360.3    234.9    234.9    234.9    234.9 update
  344.0s      100          835.5         1436.7     71.3     71.3     71.3     75.5 read
  344.0s      100          181.1          359.8    234.9    234.9    234.9    234.9 update
  345.0s      100          813.9         1434.9     71.3     71.3     75.5     79.7 read
  345.0s      100          179.0          359.3    234.9    234.9    234.9    243.3 update
  346.0s      100          778.4         1433.0     71.3     71.3     75.5    385.9 read
  346.0s      100          194.1          358.8    234.9    369.1    419.4    419.4 update
  347.0s      100          754.8         1431.0     71.3     71.3     71.3     75.5 read
  347.0s      100          210.0          358.4    234.9    234.9    234.9    234.9 update
  348.0s      100          777.8         1429.2     71.3     71.3     71.3     79.7 read
  348.0s      100          201.9          357.9    234.9    234.9    234.9    243.3 update
  349.0s      100          786.4         1427.3     71.3     71.3     71.3    369.1 read
  349.0s      100          197.1          357.5    234.9    234.9    243.3    243.3 update
  350.0s      100          787.6         1425.5     71.3     71.3     71.3     75.5 read
  350.0s      100          200.9          357.0    234.9    234.9    234.9    234.9 update
_elapsed___errors__ops/sec(inst)___ops/sec(cum)__p50(ms)__p95(ms)__p99(ms)_pMax(ms)
  351.0s      100          773.1         1423.6     71.3     71.3     71.3     79.7 read
  351.0s      100          196.0          356.5    234.9    234.9    243.3    243.3 update
  352.0s      100          783.8         1421.8     71.3     71.3     75.5     75.5 read
  352.0s      100          185.9          356.1    234.9    402.7    419.4    436.2 update
  353.0s      100          821.9         1420.1     71.3     71.3     75.5     75.5 read
  353.0s      100          191.0          355.6    234.9    234.9    234.9    234.9 update
  354.0s      100          752.4         1418.2     71.3     71.3     71.3     71.3 read
  354.0s      100          204.1          355.2    234.9    234.9    234.9    243.3 update
  355.0s      100          834.7         1416.6     71.3     71.3     71.3     75.5 read
  355.0s      100          186.9          354.7    234.9    234.9    234.9    234.9 update
  356.0s      100          752.4         1414.7     71.3     71.3     71.3    369.1 read
  356.0s      100          206.1          354.3    234.9    234.9    234.9    234.9 update
  357.0s      100          797.5         1413.0     71.3     71.3     71.3    385.9 read
  357.0s      100          194.9          353.8    234.9    234.9    234.9    536.9 update
  358.0s      100          754.1         1411.1     71.3     75.5     75.5     75.5 read
  358.0s      100          196.0          353.4    234.9    352.3    419.4    419.4 update
  359.0s      100          813.3         1409.5     71.3     71.3     71.3     75.5 read
  359.0s      100          190.1          352.9    234.9    234.9    234.9    234.9 update
  360.0s      100          796.0         1407.8     71.3     71.3     75.5     83.9 read
  360.0s      100          196.0          352.5    234.9    234.9    234.9    243.3 update
_elapsed___errors__ops/sec(inst)___ops/sec(cum)__p50(ms)__p95(ms)__p99(ms)_pMax(ms)
  361.0s      100          782.0         1406.0     71.3     71.3     75.5     75.5 read
  361.0s      100          198.0          352.1    234.9    234.9    234.9    243.3 update
  362.0s      100          718.5         1404.1     71.3     71.3     75.5     75.5 read
  362.0s      100          214.8          351.7    234.9    234.9    243.3    243.3 update
  363.0s      100          808.4         1402.5     71.3     71.3     75.5     79.7 read
  363.0s      100          191.1          351.2    234.9    234.9    243.3    243.3 update
  364.0s      100          721.0         1400.6     71.3     75.5     75.5    369.1 read
  364.0s      100          202.0          350.8    234.9    385.9    419.4    419.4 update
  365.0s      100          770.7         1398.9     71.3     71.3     79.7    352.3 read
  365.0s      100          201.9          350.4    234.9    234.9    243.3    251.7 update
  366.0s      100          809.5         1397.3     71.3     71.3     75.5    385.9 read
  366.0s      100          195.1          350.0    234.9    234.9    243.3    251.7 update
  367.0s      100          804.0         1395.7     71.3     71.3     71.3     75.5 read
  367.0s      100          187.0          349.6    234.9    234.9    234.9    243.3 update
  368.0s      100          757.0         1393.9     71.3     71.3     88.1     92.3 read
  368.0s      100          209.0          349.2    234.9    234.9    243.3    251.7 update
  369.0s      100          810.1         1392.4     71.3     71.3     71.3    369.1 read
  369.0s      100          191.0          348.8    234.9    234.9    234.9    234.9 update
  370.0s      100          779.5         1390.7     71.3     75.5     79.7     79.7 read
  370.0s      100          179.9          348.3    234.9    402.7    436.2    453.0 update
_elapsed___errors__ops/sec(inst)___ops/sec(cum)__p50(ms)__p95(ms)__p99(ms)_pMax(ms)
  371.0s      100          833.6         1389.2     71.3     71.3     75.5     75.5 read
  371.0s      100          181.1          347.8    234.9    234.9    243.3    243.3 update
  372.0s      100          754.5         1387.5     71.3     71.3     79.7     83.9 read
  372.0s      100          203.9          347.5    234.9    234.9    243.3    251.7 update
  373.0s      100          780.4         1385.9     71.3     71.3     75.5    385.9 read
  373.0s      100          202.1          347.1    234.9    234.9    234.9    234.9 update
  374.0s      100          807.5         1384.3     71.3     75.5     92.3    104.9 read
  374.0s      100          185.9          346.6    234.9    234.9    251.7    260.0 update
  375.0s      100          832.2         1382.8     71.3     71.3     71.3     75.5 read
  375.0s      100          185.1          346.2    234.9    234.9    234.9    234.9 update
  376.0s      100          747.3         1381.2     71.3     71.3     75.5     79.7 read
  376.0s      100          205.1          345.8    234.9    302.0    369.1    369.1 update
  377.0s      100          816.5         1379.7     71.3     71.3     75.5     75.5 read
  377.0s      100          188.9          345.4    234.9    234.9    234.9    234.9 update
  378.0s      100          801.4         1378.1     71.3     71.3     75.5     79.7 read
  378.0s      100          194.1          345.0    234.9    234.9    234.9    234.9 update
  379.0s      100          758.1         1376.5     71.3     71.3     71.3     75.5 read
  379.0s      100          207.0          344.6    234.9    234.9    234.9    234.9 update
  380.0s      100          748.4         1374.8     71.3     71.3     75.5     75.5 read
  380.0s      100          209.8          344.3    234.9    234.9    234.9    234.9 update
_elapsed___errors__ops/sec(inst)___ops/sec(cum)__p50(ms)__p95(ms)__p99(ms)_pMax(ms)
  381.0s      100          814.0         1373.4     71.3     71.3     79.7    369.1 read
  381.0s      100          188.0          343.9    234.9    234.9    243.3    243.3 update
  382.0s      100          798.1         1371.9     71.3     71.3     71.3     75.5 read
  382.0s      100          197.0          343.5    234.9    234.9    234.9    243.3 update
  383.0s      100          791.0         1370.3     71.3     71.3     75.5     79.7 read
  383.0s      100          183.0          343.1    234.9    318.8    352.3    369.1 update
  384.0s      100          759.1         1368.8     71.3     71.3     71.3     71.3 read
  384.0s      100          214.0          342.7    234.9    234.9    234.9    234.9 update
  385.0s      100          780.5         1367.2     71.3     71.3     71.3     71.3 read
  385.0s      100          199.1          342.4    234.9    234.9    243.3    243.3 update
  386.0s      100          800.6         1365.8     71.3     71.3     71.3     79.7 read
  386.0s      100          193.9          342.0    234.9    234.9    243.3    243.3 update
  387.0s      100          803.9         1364.3     71.3     71.3     71.3    352.3 read
  387.0s      100          194.0          341.6    234.9    234.9    243.3    243.3 update
  388.0s      100          789.4         1362.8     71.3     71.3     79.7     88.1 read
  388.0s      100          199.1          341.2    234.9    234.9    234.9    243.3 update
  389.0s      100          745.0         1361.2     71.3     71.3     75.5     75.5 read
  389.0s      100          192.0          340.9    234.9    402.7    436.2    453.0 update
  390.0s      100          765.8         1359.7     71.3     71.3     71.3     75.5 read
  390.0s      100          205.9          340.5    234.9    234.9    234.9    234.9 update
_elapsed___errors__ops/sec(inst)___ops/sec(cum)__p50(ms)__p95(ms)__p99(ms)_pMax(ms)
  391.0s      100          736.0         1358.1     71.3     71.3     79.7     83.9 read
  391.0s      100          200.0          340.1    234.9    234.9    243.3    243.3 update
  392.0s      100          736.5         1356.5     71.3     71.3     71.3     75.5 read
  392.0s      100          217.9          339.8    234.9    234.9    234.9    243.3 update
  393.0s      100          793.7         1355.1     71.3     71.3     79.7     88.1 read
  393.0s      100          201.2          339.5    234.9    234.9    243.3    251.7 update
  394.0s      100          766.0         1353.6     71.3     71.3     71.3     75.5 read
  394.0s      100          199.0          339.1    234.9    234.9    243.3    243.3 update
  395.0s      100          784.7         1352.2     71.3     71.3     71.3     75.5 read
  395.0s      100          197.9          338.8    234.9    285.2    369.1    385.9 update
  396.0s      100          789.0         1350.7     71.3     71.3     71.3     71.3 read
  396.0s      100          194.0          338.4    234.9    234.9    234.9    243.3 update
  397.0s      100          811.8         1349.4     71.3     71.3     79.7     88.1 read
  397.0s      100          191.0          338.0    234.9    234.9    243.3    243.3 update
  398.0s      100          830.1         1348.1     71.3     71.3     75.5     79.7 read
  398.0s      100          184.0          337.6    234.9    234.9    243.3    251.7 update
  399.0s      100          769.5         1346.6     71.3     71.3     75.5     75.5 read
  399.0s      100          203.1          337.3    234.9    234.9    243.3    243.3 update
  400.0s      100          778.6         1345.2     71.3     71.3     71.3     71.3 read
  400.0s      100          200.9          337.0    234.9    234.9    243.3    243.3 update
_elapsed___errors__ops/sec(inst)___ops/sec(cum)__p50(ms)__p95(ms)__p99(ms)_pMax(ms)
  401.0s      100          782.6         1343.8     71.3     71.3     75.5     83.9 read
  401.0s      100          196.9          336.6    234.9    234.9    243.3    251.7 update
  402.0s      100          763.4         1342.4     71.3     71.3     71.3     75.5 read
  402.0s      100          202.1          336.3    234.9    302.0    335.5    352.3 update
  403.0s      100          821.4         1341.1     71.3     71.3     75.5     92.3 read
  403.0s      100          185.1          335.9    234.9    234.9    234.9    251.7 update
  404.0s      100          758.9         1339.6     71.3     75.5     75.5     79.7 read
  404.0s      100          209.0          335.6    234.9    243.3    251.7    251.7 update
  405.0s      100          748.9         1338.2     71.3     75.5     75.5     79.7 read
  405.0s      100          208.0          335.3    234.9    234.9    243.3    243.3 update
  406.0s      100          766.2         1336.8     71.3     75.5     79.7     92.3 read
  406.0s      100          195.1          334.9    234.9    234.9    243.3    260.0 update
  407.0s      100          772.8         1335.4     71.3     71.3     75.5     79.7 read
  407.0s      100          209.0          334.6    234.9    234.9    234.9    243.3 update
  408.0s      100          779.0         1334.0     71.3     75.5     75.5     79.7 read
  408.0s      100          183.0          334.3    234.9    335.5    369.1    385.9 update
  409.0s      100          807.5         1332.7     71.3     71.3     75.5     75.5 read
  409.0s      100          193.9          333.9    234.9    234.9    243.3    243.3 update
  410.0s      100          811.1         1331.4     71.3     71.3     83.9    352.3 read
  410.0s      100          192.0          333.6    234.9    234.9    243.3    243.3 update
_elapsed___errors__ops/sec(inst)___ops/sec(cum)__p50(ms)__p95(ms)__p99(ms)_pMax(ms)
  411.0s      100          789.5         1330.1     71.3     71.3     75.5     75.5 read
  411.0s      100          194.1          333.2    234.9    234.9    234.9    234.9 update
  412.0s      100          779.9         1328.8     71.3     71.3     75.5     83.9 read
  412.0s      100          189.0          332.9    234.9    234.9    243.3    243.3 update
  413.0s      100          814.0         1327.5     71.3     75.5     83.9     92.3 read
  413.0s      100          200.0          332.6    234.9    234.9    260.0    260.0 update
  414.0s      100          768.0         1326.2     71.3     71.3     75.5     75.5 read
  414.0s      100          198.0          332.2    234.9    234.9    234.9    234.9 update
  415.0s      100          740.8         1324.8     71.3     75.5     79.7    369.1 read
  415.0s      100          195.0          331.9    234.9    369.1    385.9    402.7 update
  416.0s      100          792.9         1323.5     71.3     71.3     88.1    352.3 read
  416.0s      100          193.0          331.6    234.9    234.9    243.3    251.7 update
  417.0s      100          781.1         1322.2     71.3     71.3     71.3     79.7 read
  417.0s      100          199.0          331.2    234.9    234.9    234.9    243.3 update
  418.0s      100          828.0         1321.0     71.3     71.3     79.7     83.9 read
  418.0s      100          188.0          330.9    234.9    234.9    243.3    243.3 update
  419.0s      100          842.1         1319.9     71.3     71.3     71.3     71.3 read
  419.0s      100          184.0          330.6    234.9    234.9    234.9    243.3 update
  420.0s      100          741.1         1318.5     71.3     71.3     71.3     75.5 read
  420.0s      100          207.0          330.3    234.9    234.9    234.9    234.9 update
_elapsed___errors__ops/sec(inst)___ops/sec(cum)__p50(ms)__p95(ms)__p99(ms)_pMax(ms)
  421.0s      100          780.7         1317.2     71.3     75.5     79.7     88.1 read
  421.0s      100          191.9          329.9    234.9    335.5    369.1    385.9 update
  422.0s      100          802.9         1316.0     71.3     75.5     75.5     75.5 read
  422.0s      100          187.0          329.6    234.9    234.9    243.3    243.3 update
  423.0s      100          751.6         1314.7     71.3     75.5     79.7     88.1 read
  423.0s      100          203.2          329.3    234.9    234.9    243.3    251.7 update
  424.0s      100          775.6         1313.4     71.3     71.3     71.3    352.3 read
  424.0s      100          203.9          329.0    234.9    234.9    234.9    234.9 update
  425.0s      100          800.9         1312.2     71.3     71.3     71.3     75.5 read
  425.0s      100          193.0          328.7    234.9    234.9    234.9    234.9 update
  426.0s      100          805.3         1311.0     71.3     71.3     83.9     88.1 read
  426.0s      100          196.1          328.4    234.9    234.9    243.3    251.7 update
  427.0s      100          790.9         1309.8     71.3     75.5     83.9     88.1 read
  427.0s      100          193.0          328.0    234.9    234.9    243.3    251.7 update
  428.0s      100          777.1         1308.5     71.3     75.5     75.5     75.5 read
  428.0s      100          194.0          327.7    234.9    302.0    335.5    352.3 update
  429.0s      100          787.6         1307.3     71.3     71.3     79.7    385.9 read
  429.0s      100          192.9          327.4    234.9    234.9    243.3    251.7 update
  430.0s      100          801.5         1306.2     71.3     71.3     71.3     71.3 read
  430.0s      100          199.1          327.1    234.9    234.9    234.9    234.9 update
_elapsed___errors__ops/sec(inst)___ops/sec(cum)__p50(ms)__p95(ms)__p99(ms)_pMax(ms)
  431.0s      100          912.4         1305.2     71.3     75.5     79.7     92.3 read
  431.0s      100          244.8          326.9    142.6    234.9    234.9    234.9 update
  432.0s      100          942.9         1304.4     71.3     71.3     75.5     75.5 read
  432.0s      100          238.0          326.7    142.6    151.0    159.4    167.8 update
  433.0s      100          938.1         1303.6     71.3     75.5     88.1     92.3 read
  433.0s      100          236.0          326.5    142.6    159.4    167.8    436.2 update
  434.0s      100          954.3         1302.7     71.3     71.3     75.5     75.5 read
  434.0s      100          221.1          326.3    142.6    201.3    218.1    218.1 update
  435.0s      100          943.5         1301.9     71.3     71.3     71.3     79.7 read
  435.0s      100          240.9          326.1    142.6    151.0    151.0    151.0 update
  436.0s      100         1000.9         1301.2     71.3     71.3     71.3     83.9 read
  436.0s      100          222.2          325.8    142.6    151.0    151.0    151.0 update
  437.0s      100          967.9         1300.5     71.3     71.3     71.3     75.5 read
  437.0s      100          227.0          325.6    142.6    151.0    151.0    151.0 update
  438.0s      100          929.2         1299.6     71.3     75.5     79.7     83.9 read
  438.0s      100          242.8          325.4    142.6    151.0    159.4    159.4 update
  439.0s      100          915.7         1298.7     71.3     71.3     75.5     75.5 read
  439.0s      100          237.2          325.2    142.6    218.1    234.9    234.9 update
  440.0s      100          978.8         1298.0     71.3     71.3     75.5     75.5 read
  440.0s      100          217.9          325.0    142.6    151.0    151.0    151.0 update
_elapsed___errors__ops/sec(inst)___ops/sec(cum)__p50(ms)__p95(ms)__p99(ms)_pMax(ms)
  441.0s      100          953.0         1297.2     71.3     71.3     71.3     75.5 read
  441.0s      100          233.0          324.8    142.6    151.0    151.0    151.0 update
  442.0s      100          928.1         1296.4     71.3     71.3     71.3    369.1 read
  442.0s      100          255.0          324.6    142.6    151.0    151.0    151.0 update
  443.0s      100          969.9         1295.7     71.3     71.3     71.3     75.5 read
  443.0s      100          229.0          324.4    142.6    151.0    151.0    151.0 update
  444.0s      100          971.5         1294.9     71.3     71.3     75.5    369.1 read
  444.0s      100          220.1          324.2    142.6    151.0    167.8    176.2 update
  445.0s      100          941.5         1294.1     71.3     71.3     75.5     79.7 read
  445.0s      100          238.9          324.0    142.6    151.0    151.0    151.0 update
  446.0s      100          914.7         1293.3     71.3     71.3     71.3     71.3 read
  446.0s      100          252.9          323.8    142.6    151.0    151.0    151.0 update
  447.0s      100          959.9         1292.5     71.3     71.3     71.3     79.7 read
  447.0s      100          237.0          323.6    142.6    151.0    151.0    151.0 update
  448.0s      100          931.3         1291.7     71.3     79.7     88.1    352.3 read
  448.0s      100          223.1          323.4    151.0    159.4    159.4    167.8 update
  449.0s      100          922.2         1290.9     71.3     75.5     83.9     88.1 read
  449.0s      100          249.1          323.2    151.0    151.0    159.4    159.4 update
  450.0s      100          956.3         1290.2     71.3     75.5     75.5     83.9 read
  450.0s      100          221.1          323.0    142.6    176.2    201.3    201.3 update
_elapsed___errors__ops/sec(inst)___ops/sec(cum)__p50(ms)__p95(ms)__p99(ms)_pMax(ms)
  451.0s      100          964.5         1289.5     71.3     71.3     75.5     79.7 read
  451.0s      100          222.9          322.8    142.6    151.0    151.0    159.4 update
  452.0s      100          938.2         1288.7     71.3     71.3     75.5    369.1 read
  452.0s      100          237.1          322.6    142.6    151.0    151.0    159.4 update
  453.0s      100          894.3         1287.8     71.3     75.5     75.5    385.9 read
  453.0s      100          248.1          322.4    151.0    184.5    234.9    234.9 update
  454.0s      100          924.8         1287.0     71.3     75.5     79.7     79.7 read
  454.0s      100          234.9          322.2    151.0    151.0    151.0    159.4 update
  455.0s      100          919.8         1286.2     71.3     71.3     75.5     75.5 read
  455.0s      100          239.9          322.0    142.6    201.3    234.9    234.9 update
  456.0s      100          938.5         1285.4     71.3     71.3     75.5     79.7 read
  456.0s      100          239.1          321.9    142.6    151.0    151.0    151.0 update
  457.0s      100          985.0         1284.8     71.3     71.3     71.3     75.5 read
  457.0s      100          212.0          321.6    142.6    151.0    151.0    151.0 update
  458.0s      100          943.0         1284.0     71.3     71.3     75.5     75.5 read
  458.0s      100          227.0          321.4    142.6    209.7    234.9    234.9 update
  459.0s      100          917.1         1283.2     71.3     71.3     75.5     75.5 read
  459.0s      100          248.0          321.3    142.6    151.0    151.0    151.0 update
  460.0s      100          954.9         1282.5     71.3     71.3     75.5     75.5 read
  460.0s      100          233.0          321.1    142.6    159.4    201.3    201.3 update
_elapsed___errors__ops/sec(inst)___ops/sec(cum)__p50(ms)__p95(ms)__p99(ms)_pMax(ms)
  461.0s      100          895.5         1281.7     71.3     71.3     75.5     75.5 read
  461.0s      100          207.9          320.8    151.0    234.9    234.9    234.9 update
  462.0s      100          845.8         1280.7     71.3     71.3     75.5     75.5 read
  462.0s      100          191.0          320.5    234.9    234.9    234.9    536.9 update
  463.0s      100          886.1         1279.9     71.3     75.5     75.5    352.3 read
  463.0s      100          196.0          320.3    192.9    234.9    234.9    234.9 update
  464.0s      100          917.7         1279.1     71.3     75.5     75.5     75.5 read
  464.0s      100          233.2          320.1    151.0    234.9    243.3    243.3 update
  465.0s      100          980.0         1278.5     71.3     71.3     75.5     75.5 read
  465.0s      100          221.0          319.9    142.6    151.0    151.0    151.0 update
  466.0s      100          940.1         1277.7     71.3     75.5     75.5     83.9 read
  466.0s      100          222.0          319.7    151.0    201.3    251.7    251.7 update
  467.0s      100          982.9         1277.1     71.3     71.3     75.5    385.9 read
  467.0s      100          221.0          319.4    142.6    151.0    151.0    151.0 update
  468.0s      100          967.1         1276.4     71.3     71.3     75.5     75.5 read
  468.0s      100          224.8          319.2    142.6    151.0    151.0    151.0 update
  469.0s      100          941.8         1275.7     71.3     71.3     75.5    369.1 read
  469.0s      100          220.2          319.0    142.6    151.0    159.4    436.2 update
  470.0s      100          990.7         1275.1     71.3     71.3     75.5     75.5 read
  470.0s      100          214.9          318.8    142.6    151.0    151.0    151.0 update
_elapsed___errors__ops/sec(inst)___ops/sec(cum)__p50(ms)__p95(ms)__p99(ms)_pMax(ms)
  471.0s      100          888.4         1274.3     71.3     75.5     83.9     83.9 read
  471.0s      100          245.1          318.7    142.6    201.3    243.3    436.2 update
  472.0s      100          916.1         1273.5     71.3     75.5     75.5     75.5 read
  472.0s      100          242.8          318.5    151.0    151.0    159.4    159.4 update
  473.0s      100          952.3         1272.9     71.3     75.5     75.5     75.5 read
  473.0s      100          230.1          318.3    142.6    151.0    167.8    167.8 update
  474.0s      100          936.6         1272.1     71.3     75.5     75.5     75.5 read
  474.0s      100          245.2          318.2    142.6    151.0    151.0    151.0 update
  475.0s      100          961.4         1271.5     71.3     75.5     79.7     83.9 read
  475.0s      100          223.9          318.0    151.0    151.0    159.4    159.4 update
  476.0s      100          972.3         1270.9     71.3     71.3     75.5     75.5 read
  476.0s      100          231.1          317.8    142.6    151.0    151.0    436.2 update
  477.0s      100          956.8         1270.2     71.3     71.3     75.5     79.7 read
  477.0s      100          218.9          317.6    142.6    184.5    192.9    192.9 update
  478.0s      100          886.6         1269.4     71.3     71.3     75.5    369.1 read
  478.0s      100          254.9          317.4    142.6    151.0    151.0    159.4 update
  479.0s      100          975.0         1268.8     71.3     71.3     75.5     75.5 read
  479.0s      100          226.2          317.2    142.6    151.0    151.0    151.0 update
  480.0s      100          927.6         1268.1     71.3     71.3     71.3     75.5 read
  480.0s      100          241.9          317.1    142.6    151.0    151.0    151.0 update
_elapsed___errors__ops/sec(inst)___ops/sec(cum)__p50(ms)__p95(ms)__p99(ms)_pMax(ms)
  481.0s      100          904.7         1267.3     71.3     75.5     75.5     83.9 read
  481.0s      100          240.9          316.9    142.6    226.5    234.9    234.9 update
  482.0s      100         1002.7         1266.8     71.3     71.3     75.5     75.5 read
  482.0s      100          199.1          316.7    142.6    151.0    184.5    192.9 update
  483.0s      100          944.1         1266.1     71.3     75.5     75.5     83.9 read
  483.0s      100          243.0          316.5    151.0    184.5    234.9    234.9 update
  484.0s      100          930.6         1265.4     71.3     71.3     75.5     75.5 read
  484.0s      100          239.9          316.4    142.6    151.0    151.0    151.0 update
  485.0s      100          938.2         1264.7     71.3     71.3     71.3     75.5 read
  485.0s      100          239.0          316.2    142.6    151.0    151.0    151.0 update
  486.0s      100          941.8         1264.1     71.3     79.7     79.7     83.9 read
  486.0s      100          235.0          316.0    151.0    151.0    159.4    167.8 update
  487.0s      100          916.6         1263.4     71.3     71.3     75.5     75.5 read
  487.0s      100          246.9          315.9    142.6    151.0    151.0    151.0 update
  488.0s      100          937.1         1262.7     71.3     71.3     75.5     79.7 read
  488.0s      100          233.0          315.7    142.6    167.8    184.5    192.9 update
  489.0s      100          956.4         1262.1     71.3     71.3     75.5    369.1 read
  489.0s      100          228.1          315.6    142.6    151.0    159.4    419.4 update
  490.0s      100          930.6         1261.4     71.3     71.3     71.3     75.5 read
  490.0s      100          247.9          315.4    142.6    151.0    151.0    151.0 update
_elapsed___errors__ops/sec(inst)___ops/sec(cum)__p50(ms)__p95(ms)__p99(ms)_pMax(ms)
  491.0s      100          936.7         1260.7     71.3     71.3     71.3     75.5 read
  491.0s      100          236.2          315.3    142.6    151.0    176.2    176.2 update
  492.0s      100          876.0         1259.9     71.3     71.3     75.5     79.7 read
  492.0s      100          272.0          315.2    142.6    151.0    151.0    151.0 update
  493.0s      100          963.5         1259.3     71.3     71.3     75.5     79.7 read
  493.0s      100          223.9          315.0    142.6    151.0    176.2    192.9 update
  494.0s      100          952.7         1258.7     71.3     71.3     71.3     75.5 read
  494.0s      100          226.2          314.8    142.6    151.0    151.0    151.0 update
  495.0s      100          946.3         1258.1     71.3     71.3     75.5     83.9 read
  495.0s      100          242.8          314.7    142.6    151.0    151.0    159.4 update
  496.0s      100          971.8         1257.5     71.3     71.3     75.5     75.5 read
  496.0s      100          217.2          314.5    142.6    151.0    151.0    159.4 update
  497.0s      100          901.3         1256.8     71.3     71.3     75.5     75.5 read
  497.0s      100          252.8          314.3    142.6    151.0    167.8    184.5 update
  498.0s      100          929.6         1256.1     71.3     71.3     75.5    369.1 read
  498.0s      100          249.9          314.2    142.6    151.0    151.0    151.0 update
  499.0s      100          913.2         1255.5     71.3     75.5     75.5    369.1 read
  499.0s      100          236.0          314.1    142.6    184.5    234.9    453.0 update
  500.0s      100          905.2         1254.8     71.3     71.3     75.5    369.1 read
  500.0s      100          253.1          313.9    142.6    151.0    151.0    151.0 update
_elapsed___errors__ops/sec(inst)___ops/sec(cum)__p50(ms)__p95(ms)__p99(ms)_pMax(ms)
  501.0s      100          960.8         1254.2     71.3     75.5     75.5     75.5 read
  501.0s      100          227.0          313.8    151.0    151.0    151.0    151.0 update
  502.0s      100          958.7         1253.6     71.3     71.3     75.5     79.7 read
  502.0s      100          233.2          313.6    142.6    151.0    176.2    192.9 update
  503.0s      100          926.2         1252.9     71.3     75.5     75.5     75.5 read
  503.0s      100          240.8          313.5    142.6    151.0    159.4    159.4 update
  504.0s      100          969.5         1252.4     71.3     71.3     71.3     75.5 read
  504.0s      100          228.1          313.3    142.6    151.0    151.0    151.0 update
  505.0s      100          950.9         1251.8     71.3     71.3     75.5     75.5 read
  505.0s      100          229.0          313.1    142.6    151.0    151.0    151.0 update
  506.0s      100          911.3         1251.1     71.3     71.3     75.5     75.5 read
  506.0s      100          253.1          313.0    142.6    151.0    151.0    151.0 update
  507.0s      100          945.6         1250.5     71.3     71.3     75.5     75.5 read
  507.0s      100          235.9          312.8    142.6    151.0    184.5    184.5 update
  508.0s      100          917.1         1249.8     71.3     71.3     75.5     75.5 read
  508.0s      100          250.0          312.7    142.6    151.0    151.0    151.0 update
  509.0s      100          972.1         1249.3     71.3     71.3     75.5     75.5 read
  509.0s      100          228.0          312.6    142.6    151.0    151.0    151.0 update
  510.0s      100          919.7         1248.6     71.3     71.3     75.5     75.5 read
  510.0s      100          245.9          312.4    142.6    151.0    151.0    151.0 update
_elapsed___errors__ops/sec(inst)___ops/sec(cum)__p50(ms)__p95(ms)__p99(ms)_pMax(ms)
  511.0s      100          972.6         1248.1     71.3     71.3     71.3     75.5 read
  511.0s      100          224.1          312.3    142.6    151.0    176.2    192.9 update
  512.0s      100          945.5         1247.5     71.3     71.3     75.5     75.5 read
  512.0s      100          224.9          312.1    142.6    151.0    151.0    419.4 update
  513.0s      100          953.9         1246.9     71.3     71.3     75.5    369.1 read
  513.0s      100          229.0          311.9    151.0    151.0    151.0    151.0 update
  514.0s      100          944.6         1246.4     71.3     75.5     75.5     79.7 read
  514.0s      100          239.2          311.8    142.6    151.0    151.0    151.0 update
  515.0s      100          897.4         1245.7     71.3     71.3     75.5     75.5 read
  515.0s      100          259.8          311.7    142.6    151.0    151.0    151.0 update
  516.0s      100          932.9         1245.1     71.3     71.3     71.3     75.5 read
  516.0s      100          242.0          311.5    142.6    151.0    167.8    184.5 update
  517.0s      100          899.4         1244.4     71.3     71.3     75.5    385.9 read
  517.0s      100          252.1          311.4    142.6    151.0    151.0    453.0 update
  518.0s      100          952.6         1243.8     71.3     71.3     79.7     79.7 read
  518.0s      100          230.9          311.3    142.6    151.0    151.0    159.4 update
  519.0s      100          933.1         1243.2     71.3     71.3     71.3     75.5 read
  519.0s      100          236.0          311.1    142.6    151.0    151.0    151.0 update
  520.0s      100          964.0         1242.7     71.3     71.3     75.5    369.1 read
  520.0s      100          226.0          311.0    142.6    151.0    151.0    151.0 update
_elapsed___errors__ops/sec(inst)___ops/sec(cum)__p50(ms)__p95(ms)__p99(ms)_pMax(ms)
  521.0s      100          948.7         1242.1     71.3     75.5     75.5     79.7 read
  521.0s      100          234.9          310.8    142.6    159.4    184.5    192.9 update
  522.0s      100          954.6         1241.6     71.3     71.3     71.3    369.1 read
  522.0s      100          224.1          310.7    142.6    151.0    151.0    151.0 update
  523.0s      100          924.7         1241.0     71.3     75.5     75.5     79.7 read
  523.0s      100          248.9          310.5    142.6    151.0    151.0    159.4 update
  524.0s      100          951.8         1240.4     71.3     71.3     75.5     79.7 read
  524.0s      100          228.9          310.4    142.6    151.0    151.0    151.0 update
  525.0s      100          905.8         1239.8     71.3     71.3     75.5     75.5 read
  525.0s      100          257.2          310.3    142.6    151.0    151.0    151.0 update
  526.0s      100          938.3         1239.2     71.3     71.3     75.5     79.7 read
  526.0s      100          237.8          310.1    142.6    151.0    184.5    192.9 update
  527.0s      100         1034.7         1238.8     71.3     71.3     71.3     75.5 read
  527.0s      100          195.1          309.9    142.6    151.0    151.0    151.0 update
  528.0s      100          952.6         1238.3     71.3     71.3     75.5     75.5 read
  528.0s      100          232.9          309.8    142.6    151.0    151.0    151.0 update
  529.0s      100          927.5         1237.7     71.3     71.3     75.5     75.5 read
  529.0s      100          233.9          309.6    151.0    209.7    234.9    234.9 update
  530.0s      100          897.0         1237.1     71.3     71.3     75.5     75.5 read
  530.0s      100          252.0          309.5    142.6    159.4    184.5    192.9 update
_elapsed___errors__ops/sec(inst)___ops/sec(cum)__p50(ms)__p95(ms)__p99(ms)_pMax(ms)
  531.0s      100          937.1         1236.5     71.3     71.3     75.5     75.5 read
  531.0s      100          235.0          309.4    142.6    151.0    151.0    151.0 update
  532.0s      100          939.1         1235.9     71.3     71.3     71.3     79.7 read
  532.0s      100          237.0          309.2    142.6    151.0    151.0    151.0 update
  533.0s      100          988.6         1235.5     71.3     71.3     75.5     79.7 read
  533.0s      100          220.1          309.1    142.6    151.0    151.0    151.0 update
  534.0s      100          959.4         1235.0     71.3     71.3     71.3     75.5 read
  534.0s      100          229.9          308.9    142.6    151.0    151.0    159.4 update
  535.0s      100          971.7         1234.5     71.3     71.3     75.5     75.5 read
  535.0s      100          200.1          308.7    151.0    218.1    234.9    234.9 update
  536.0s      100          835.8         1233.7     71.3     71.3     75.5     75.5 read
  536.0s      100          193.9          308.5    209.7    234.9    234.9    243.3 update
  537.0s      100          850.9         1233.0     71.3     71.3     71.3     75.5 read
  537.0s      100          214.0          308.3    209.7    234.9    234.9    234.9 update
  538.0s      100          882.1         1232.4     71.3     75.5     75.5     79.7 read
  538.0s      100          212.0          308.2    167.8    201.3    209.7    209.7 update
  539.0s      100          917.5         1231.8     71.3     75.5     75.5     75.5 read
  539.0s      100          216.9          308.0    159.4    218.1    218.1    226.5 update
  540.0s      100          861.7         1231.1     71.3     75.5     75.5     75.5 read
  540.0s      100          206.2          307.8    192.9    218.1    234.9    243.3 update
_elapsed___errors__ops/sec(inst)___ops/sec(cum)__p50(ms)__p95(ms)__p99(ms)_pMax(ms)
  541.0s      100          840.7         1230.4     71.3     75.5     75.5     75.5 read
  541.0s      100          228.9          307.7    192.9    218.1    218.1    226.5 update
  542.0s      100          952.2         1229.8     71.3     71.3     75.5     75.5 read
  542.0s      100          217.0          307.5    151.0    192.9    192.9    201.3 update
  543.0s      100          913.2         1229.3     71.3     71.3     75.5    369.1 read
  543.0s      100          228.8          307.3    151.0    167.8    176.2    184.5 update
  544.0s      100          962.6         1228.8     71.3     71.3     75.5     75.5 read
  544.0s      100          220.1          307.2    151.0    176.2    184.5    184.5 update
  545.0s      100          901.4         1228.2     71.3     75.5     75.5     79.7 read
  545.0s      100          247.1          307.1    151.0    167.8    192.9    192.9 update
  546.0s      100          947.1         1227.7     71.3     71.3     75.5     75.5 read
  546.0s      100          228.8          306.9    142.6    151.0    151.0    159.4 update
  547.0s      100          981.8         1227.2     71.3     71.3     71.3     75.5 read
  547.0s      100          219.2          306.8    142.6    151.0    151.0    151.0 update
  548.0s      100          936.8         1226.7     71.3     71.3     75.5     79.7 read
  548.0s      100          240.9          306.6    142.6    151.0    151.0    151.0 update
  549.0s      100          930.3         1226.1     71.3     75.5     75.5     79.7 read
  549.0s      100          244.1          306.5    142.6    151.0    151.0    159.4 update
  550.0s      100          966.0         1225.7     71.3     75.5     75.5     75.5 read
  550.0s      100          221.0          306.4    142.6    159.4    192.9    192.9 update
_elapsed___errors__ops/sec(inst)___ops/sec(cum)__p50(ms)__p95(ms)__p99(ms)_pMax(ms)
  551.0s      100          947.4         1225.2     71.3     71.3     75.5    369.1 read
  551.0s      100          237.9          306.3    142.6    151.0    151.0    151.0 update
  552.0s      100          901.1         1224.6     71.3     71.3     75.5     75.5 read
  552.0s      100          256.0          306.2    142.6    151.0    151.0    151.0 update
  553.0s      100          921.8         1224.0     71.3     71.3     75.5     75.5 read
  553.0s      100          246.9          306.1    142.6    151.0    151.0    151.0 update
  554.0s      100          954.2         1223.5     71.3     71.3     71.3     75.5 read
  554.0s      100          235.1          305.9    142.6    151.0    151.0    151.0 update
  555.0s      100          922.1         1223.0     71.3     71.3     75.5     75.5 read
  555.0s      100          243.0          305.8    142.6    151.0    184.5    192.9 update
  556.0s      100          954.3         1222.5     71.3     71.3     71.3     75.5 read
  556.0s      100          230.1          305.7    142.6    151.0    151.0    151.0 update
  557.0s      100          952.5         1222.0     71.3     71.3     71.3     75.5 read
  557.0s      100          234.9          305.6    142.6    151.0    151.0    151.0 update
  558.0s      100          931.4         1221.5     71.3     71.3     75.5     75.5 read
  558.0s      100          219.1          305.4    142.6    151.0    234.9    234.9 update
  559.0s      100          925.1         1221.0     71.3     75.5     75.5     75.5 read
  559.0s      100          239.0          305.3    151.0    201.3    234.9    234.9 update
  560.0s      100          949.9         1220.5     71.3     75.5     75.5     75.5 read
  560.0s      100          235.0          305.2    151.0    192.9    218.1    251.7 update
_elapsed___errors__ops/sec(inst)___ops/sec(cum)__p50(ms)__p95(ms)__p99(ms)_pMax(ms)
  561.0s      100          969.2         1220.0     71.3     75.5     75.5     75.5 read
  561.0s      100          214.8          305.0    151.0    167.8    176.2    176.2 update
  562.0s      100          915.2         1219.5     71.3     71.3     75.5    369.1 read
  562.0s      100          241.1          304.9    151.0    159.4    176.2    176.2 update
  563.0s      100          923.0         1219.0     71.3     71.3     75.5     75.5 read
  563.0s      100          241.0          304.8    151.0    159.4    167.8    167.8 update
  564.0s      100          949.1         1218.5     71.3     71.3     75.5    369.1 read
  564.0s      100          224.0          304.6    142.6    159.4    192.9    192.9 update
  565.0s      100          927.9         1218.0     71.3     71.3     75.5     75.5 read
  565.0s      100          245.0          304.5    142.6    159.4    176.2    184.5 update
  566.0s      100          937.8         1217.5     71.3     75.5     75.5     79.7 read
  566.0s      100          243.0          304.4    142.6    151.0    159.4    167.8 update
  567.0s      100          909.1         1216.9     71.3     71.3     71.3     79.7 read
  567.0s      100          249.0          304.3    142.6    151.0    167.8    176.2 update
  568.0s      100          906.9         1216.4     71.3     71.3     75.5     75.5 read
  568.0s      100          253.0          304.2    142.6    151.0    159.4    176.2 update
  569.0s      100          958.8         1215.9     71.3     71.3     71.3     75.5 read
  569.0s      100          226.2          304.1    142.6    151.0    176.2    192.9 update
  570.0s      100          942.8         1215.5     71.3     71.3     75.5     75.5 read
  570.0s      100          227.0          303.9    142.6    192.9    218.1    234.9 update
_elapsed___errors__ops/sec(inst)___ops/sec(cum)__p50(ms)__p95(ms)__p99(ms)_pMax(ms)
  571.0s      100          937.7         1215.0     71.3     71.3     75.5     75.5 read
  571.0s      100          246.9          303.8    142.6    151.0    159.4    159.4 update
  572.0s      100          928.1         1214.5     71.3     71.3     75.5     75.5 read
  572.0s      100          221.0          303.7    151.0    234.9    234.9    234.9 update
  573.0s      100          881.7         1213.9     71.3     75.5     75.5     79.7 read
  573.0s      100          224.9          303.6    176.2    201.3    209.7    218.1 update
  574.0s      100          860.3         1213.3     71.3     71.3     75.5     75.5 read
  574.0s      100          232.1          303.4    167.8    201.3    218.1    234.9 update
  575.0s      100          967.4         1212.9     71.3     71.3     75.5     75.5 read
  575.0s      100          222.9          303.3    151.0    184.5    192.9    192.9 update
  576.0s      100          960.2         1212.4     71.3     71.3     75.5     75.5 read
  576.0s      100          219.1          303.2    151.0    176.2    184.5    192.9 update
  577.0s      100          935.1         1211.9     71.3     71.3     75.5     75.5 read
  577.0s      100          232.0          303.0    151.0    167.8    184.5    184.5 update
  578.0s      100          951.4         1211.5     71.3     71.3     75.5     75.5 read
  578.0s      100          232.1          302.9    151.0    159.4    176.2    184.5 update
  579.0s      100          799.9         1210.8     71.3     71.3     75.5     75.5 read
  579.0s      100          217.0          302.8    192.9    234.9    243.3    243.3 update
  580.0s      100          794.9         1210.1     71.3     71.3     71.3     75.5 read
  580.0s      100          204.0          302.6    218.1    234.9    234.9    234.9 update
_elapsed___errors__ops/sec(inst)___ops/sec(cum)__p50(ms)__p95(ms)__p99(ms)_pMax(ms)
  581.0s      100          792.5         1209.3     71.3     71.3     71.3     75.5 read
  581.0s      100          194.9          302.4    234.9    234.9    234.9    520.1 update
  582.0s      100          809.8         1208.7     71.3     71.3     71.3    369.1 read
  582.0s      100          191.2          302.2    234.9    234.9    234.9    234.9 update
  583.0s      100          793.9         1207.9     71.3     71.3     75.5     83.9 read
  583.0s      100          195.0          302.0    234.9    234.9    234.9    243.3 update
  584.0s      100          767.0         1207.2     71.3     71.3     71.3     71.3 read
  584.0s      100          202.0          301.9    234.9    234.9    234.9    243.3 update
  585.0s      100          754.9         1206.4     71.3     71.3     75.5     75.5 read
  585.0s      100          204.0          301.7    234.9    285.2    318.8    335.5 update
  586.0s      100          747.7         1205.6     71.3     71.3     71.3     71.3 read
  586.0s      100          202.9          301.5    234.9    234.9    243.3    243.3 update
  587.0s      100          775.2         1204.9     71.3     71.3     75.5     75.5 read
  587.0s      100          202.1          301.4    234.9    234.9    243.3    536.9 update
  588.0s      100          780.1         1204.2     71.3     71.3     75.5     75.5 read
  588.0s      100          196.0          301.2    234.9    234.9    234.9    234.9 update
  589.0s      100          802.9         1203.5     71.3     71.3     71.3     75.5 read
  589.0s      100          192.0          301.0    234.9    234.9    234.9    243.3 update
  590.0s      100          795.0         1202.8     71.3     71.3     71.3     75.5 read
  590.0s      100          198.0          300.8    234.9    234.9    243.3    243.3 update
_elapsed___errors__ops/sec(inst)___ops/sec(cum)__p50(ms)__p95(ms)__p99(ms)_pMax(ms)
  591.0s      100          826.3         1202.2     71.3     75.5     75.5     75.5 read
  591.0s      100          178.1          300.6    234.9    302.0    318.8    352.3 update
  592.0s      100          765.9         1201.4     71.3     71.3     71.3    369.1 read
  592.0s      100          200.0          300.4    234.9    234.9    234.9    234.9 update
  593.0s      100          760.2         1200.7     71.3     71.3     75.5     79.7 read
  593.0s      100          205.1          300.3    234.9    234.9    234.9    234.9 update
  594.0s      100          792.2         1200.0     71.3     71.3     71.3     75.5 read
  594.0s      100          193.8          300.1    234.9    234.9    234.9    234.9 update
  595.0s      100          781.5         1199.3     71.3     71.3     71.3    352.3 read
  595.0s      100          201.1          299.9    234.9    234.9    234.9    234.9 update
  596.0s      100          762.6         1198.6     71.3     71.3     71.3     75.5 read
  596.0s      100          196.9          299.8    234.9    268.4    318.8    335.5 update
  597.0s      100          721.0         1197.8     71.3     71.3     75.5     75.5 read
  597.0s      100          218.0          299.6    234.9    234.9    234.9    234.9 update
  598.0s      100          810.1         1197.1     71.3     71.3     75.5     75.5 read
  598.0s      100          192.0          299.4    234.9    234.9    234.9    234.9 update
  599.0s      100          758.2         1196.4     71.3     71.3     71.3     79.7 read
  599.0s      100          203.1          299.3    234.9    234.9    234.9    243.3 update
  600.0s      100          762.3         1195.7     71.3     71.3     71.3     75.5 read
  600.0s      100          204.1          299.1    234.9    234.9    234.9    234.9 update
_elapsed___errors__ops/sec(inst)___ops/sec(cum)__p50(ms)__p95(ms)__p99(ms)_pMax(ms)
  601.0s      100          768.8         1194.9     71.3     71.3     71.3     75.5 read
  601.0s      100          206.9          299.0    234.9    234.9    234.9    234.9 update
  602.0s      100          815.8         1194.3     71.3     75.5     75.5     75.5 read
  602.0s      100          183.0          298.8    234.9    318.8    352.3    369.1 update
  603.0s      100          837.0         1193.7     71.3     71.3     71.3     75.5 read
  603.0s      100          174.0          298.6    234.9    234.9    234.9    243.3 update
  604.0s      100          735.4         1193.0     71.3     71.3     71.3     75.5 read
  604.0s      100          212.1          298.4    234.9    234.9    243.3    243.3 update
  605.0s      100          844.3         1192.4     71.3     71.3     71.3     75.5 read
  605.0s      100          183.1          298.2    234.9    234.9    234.9    234.9 update
  606.0s      100          773.4         1191.7     71.3     71.3     75.5     79.7 read
  606.0s      100          197.8          298.1    234.9    234.9    243.3    243.3 update
  607.0s      100          768.9         1191.0     71.3     71.3     71.3     75.5 read
  607.0s      100          202.0          297.9    234.9    234.9    234.9    234.9 update
  608.0s      100          806.3         1190.4     71.3     71.3     75.5     75.5 read
  608.0s      100          188.1          297.7    234.9    302.0    335.5    352.3 update
  609.0s      100          858.7         1189.8     71.3     71.3     75.5     79.7 read
  609.0s      100          240.9          297.6    151.0    234.9    234.9    234.9 update
  610.0s      100          945.1         1189.4     71.3     71.3     75.5     75.5 read
  610.0s      100          239.0          297.5    142.6    151.0    151.0    151.0 update
_elapsed___errors__ops/sec(inst)___ops/sec(cum)__p50(ms)__p95(ms)__p99(ms)_pMax(ms)
  611.0s      100          888.7         1188.9     71.3     71.3     71.3     75.5 read
  611.0s      100          264.2          297.5    142.6    151.0    151.0    151.0 update
  612.0s      100          944.7         1188.5     71.3     71.3     71.3     75.5 read
  612.0s      100          237.9          297.4    142.6    151.0    151.0    151.0 update
  613.0s      100         1003.2         1188.2     71.3     71.3     75.5    385.9 read
  613.0s      100          203.0          297.2    142.6    151.0    176.2    184.5 update
  614.0s      100          921.1         1187.8     71.3     71.3     75.5    369.1 read
  614.0s      100          243.0          297.1    142.6    151.0    151.0    151.0 update
  615.0s      100          931.0         1187.4     71.3     71.3     75.5     75.5 read
  615.0s      100          246.0          297.1    142.6    151.0    151.0    151.0 update
  616.0s      100          959.0         1187.0     71.3     71.3     75.5     79.7 read
  616.0s      100          227.0          296.9    142.6    151.0    151.0    151.0 update
  617.0s      100          918.9         1186.6     71.3     71.3     75.5     75.5 read
  617.0s      100          253.0          296.9    142.6    151.0    151.0    151.0 update
  618.0s      100          926.0         1186.1     71.3     71.3     75.5     75.5 read
  618.0s      100          244.0          296.8    151.0    151.0    167.8    192.9 update
  619.0s      100          962.6         1185.8     71.3     71.3     71.3     75.5 read
  619.0s      100          227.9          296.7    142.6    151.0    151.0    151.0 update
  620.0s      100          932.4         1185.4     71.3     71.3     71.3     75.5 read
  620.0s      100          241.1          296.6    142.6    151.0    151.0    151.0 update
_elapsed___errors__ops/sec(inst)___ops/sec(cum)__p50(ms)__p95(ms)__p99(ms)_pMax(ms)
  621.0s      100          977.9         1185.0     71.3     71.3     75.5     75.5 read
  621.0s      100          221.0          296.5    142.6    151.0    151.0    151.0 update
  622.0s      100          922.2         1184.6     71.3     71.3     75.5     75.5 read
  622.0s      100          245.0          296.4    142.6    151.0    151.0    151.0 update
  623.0s      100          942.1         1184.2     71.3     71.3     75.5     75.5 read
  623.0s      100          235.0          296.3    142.6    151.0    176.2    192.9 update
  624.0s      100          928.7         1183.8     71.3     71.3     75.5     79.7 read
  624.0s      100          239.9          296.2    142.6    201.3    234.9    234.9 update
  625.0s      100          987.0         1183.5     71.3     71.3     75.5     75.5 read
  625.0s      100          218.0          296.1    142.6    151.0    151.0    151.0 update
  626.0s      100          949.8         1183.1     71.3     71.3     71.3     75.5 read
  626.0s      100          232.9          296.0    142.6    151.0    151.0    151.0 update
  627.0s      100          944.0         1182.8     71.3     71.3     75.5    369.1 read
  627.0s      100          227.0          295.9    142.6    151.0    151.0    151.0 update
  628.0s      100          931.8         1182.4     71.3     75.5     79.7    369.1 read
  628.0s      100          239.0          295.8    142.6    151.0    159.4    159.4 update
  629.0s      100          919.2         1181.9     71.3     71.3     75.5     75.5 read
  629.0s      100          247.1          295.7    142.6    151.0    159.4    159.4 update
  630.0s      100          965.1         1181.6     71.3     71.3     75.5    385.9 read
  630.0s      100          225.0          295.6    142.6    151.0    151.0    151.0 update
_elapsed___errors__ops/sec(inst)___ops/sec(cum)__p50(ms)__p95(ms)__p99(ms)_pMax(ms)
  631.0s      100          953.0         1181.2     71.3     71.3     71.3     75.5 read
  631.0s      100          238.0          295.5    142.6    151.0    151.0    151.0 update
  632.0s      100          918.9         1180.8     71.3     71.3     71.3     75.5 read
  632.0s      100          252.0          295.4    142.6    151.0    151.0    151.0 update
  633.0s      100          839.9         1180.3     71.3     75.5     79.7     83.9 read
  633.0s      100          199.0          295.3    184.5    234.9    234.9    234.9 update
  634.0s      100          902.1         1179.8     71.3     71.3     71.3     75.5 read
  634.0s      100          212.0          295.1    184.5    209.7    218.1    218.1 update
  635.0s      100          944.3         1179.5     71.3     71.3     75.5     75.5 read
  635.0s      100          214.1          295.0    159.4    192.9    209.7    209.7 update
  636.0s      100          925.5         1179.1     71.3     75.5     75.5     79.7 read
  636.0s      100          231.9          294.9    151.0    167.8    184.5    184.5 update
  637.0s      100          893.5         1178.6     71.3     71.3     75.5     79.7 read
  637.0s      100          230.1          294.8    159.4    176.2    176.2    184.5 update
  638.0s      100          905.4         1178.2     71.3     75.5     79.7     79.7 read
  638.0s      100          229.8          294.7    167.8    192.9    201.3    201.3 update
  639.0s      100          907.7         1177.8     71.3     71.3     75.5     75.5 read
  639.0s      100          247.2          294.6    151.0    176.2    201.3    436.2 update
  640.0s      100          915.7         1177.4     71.3     71.3     71.3    385.9 read
  640.0s      100          234.9          294.5    151.0    167.8    176.2    176.2 update
_elapsed___errors__ops/sec(inst)___ops/sec(cum)__p50(ms)__p95(ms)__p99(ms)_pMax(ms)
  641.0s      100          971.2         1177.0     71.3     71.3     75.5     75.5 read
  641.0s      100          223.1          294.4    151.0    159.4    159.4    159.4 update
  642.0s      100          939.9         1176.7     71.3     71.3     75.5     75.5 read
  642.0s      100          238.0          294.3    151.0    167.8    201.3    201.3 update
  643.0s      100          943.5         1176.3     71.3     71.3     75.5     75.5 read
  643.0s      100          230.9          294.2    142.6    151.0    151.0    159.4 update
  644.0s      100          944.4         1175.9     71.3     71.3     75.5     75.5 read
  644.0s      100          238.1          294.2    142.6    151.0    151.0    159.4 update
  645.0s      100          968.8         1175.6     71.3     71.3     71.3     75.5 read
  645.0s      100          224.9          294.0    142.6    151.0    151.0    151.0 update
  646.0s      100          917.5         1175.2     71.3     71.3     71.3     75.5 read
  646.0s      100          243.1          294.0    142.6    151.0    151.0    151.0 update
  647.0s      100          918.9         1174.8     71.3     71.3     71.3     75.5 read
  647.0s      100          250.0          293.9    142.6    151.0    151.0    151.0 update
  648.0s      100          946.5         1174.5     71.3     71.3     75.5     75.5 read
  648.0s      100          237.9          293.8    142.6    151.0    176.2    184.5 update
  649.0s      100          977.2         1174.2     71.3     71.3     75.5     75.5 read
  649.0s      100          224.1          293.7    142.6    151.0    151.0    151.0 update
  650.0s      100          947.9         1173.8     71.3     71.3     71.3     75.5 read
  650.0s      100          238.0          293.6    142.6    151.0    151.0    151.0 update
_elapsed___errors__ops/sec(inst)___ops/sec(cum)__p50(ms)__p95(ms)__p99(ms)_pMax(ms)
  651.0s      100          938.8         1173.5     71.3     71.3     75.5     75.5 read
  651.0s      100          237.9          293.5    142.6    151.0    151.0    151.0 update
  652.0s      100          952.3         1173.1     71.3     71.3     71.3     75.5 read
  652.0s      100          223.1          293.4    142.6    151.0    151.0    151.0 update
  653.0s      100          938.4         1172.8     71.3     71.3     75.5     75.5 read
  653.0s      100          240.1          293.3    142.6    151.0    192.9    192.9 update
  654.0s      100          926.3         1172.4     71.3     71.3     71.3    385.9 read
  654.0s      100          247.1          293.3    142.6    151.0    151.0    151.0 update
  655.0s      100          953.6         1172.0     71.3     71.3     71.3     75.5 read
  655.0s      100          240.9          293.2    142.6    151.0    151.0    151.0 update
  656.0s      100          928.9         1171.7     71.3     71.3     71.3     75.5 read
  656.0s      100          238.0          293.1    142.6    151.0    151.0    151.0 update
  657.0s      100          932.1         1171.3     71.3     71.3     75.5     75.5 read
  657.0s      100          239.0          293.0    142.6    151.0    151.0    151.0 update
  658.0s      100          955.1         1171.0     71.3     71.3     75.5     75.5 read
  658.0s      100          227.0          292.9    142.6    159.4    184.5    192.9 update
  659.0s      100          933.0         1170.6     71.3     71.3     71.3     75.5 read
  659.0s      100          244.0          292.9    142.6    151.0    151.0    151.0 update
  660.0s      100          959.6         1170.3     71.3     71.3     71.3     75.5 read
  660.0s      100          236.9          292.8    142.6    151.0    151.0    151.0 update
_elapsed___errors__ops/sec(inst)___ops/sec(cum)__p50(ms)__p95(ms)__p99(ms)_pMax(ms)
  661.0s      100          973.9         1170.0     71.3     71.3     71.3     75.5 read
  661.0s      100          217.0          292.7    142.6    151.0    151.0    151.0 update
  662.0s      100          939.3         1169.7     71.3     71.3     75.5    369.1 read
  662.0s      100          240.1          292.6    142.6    151.0    176.2    192.9 update
  663.0s      100          960.4         1169.3     71.3     71.3     75.5     75.5 read
  663.0s      100          230.1          292.5    142.6    151.0    151.0    151.0 update
  664.0s      100          959.8         1169.0     71.3     71.3     71.3     75.5 read
  664.0s      100          223.0          292.4    142.6    151.0    151.0    151.0 update
  665.0s      100          940.2         1168.7     71.3     71.3     71.3     75.5 read
  665.0s      100          240.1          292.3    142.6    151.0    151.0    151.0 update
  666.0s      100          944.0         1168.3     71.3     71.3     71.3     75.5 read
  666.0s      100          241.0          292.2    142.6    151.0    151.0    151.0 update
  667.0s      100          954.8         1168.0     71.3     71.3     75.5     75.5 read
  667.0s      100          230.0          292.1    142.6    159.4    192.9    192.9 update
  668.0s      100          973.8         1167.7     71.3     71.3     75.5     75.5 read
  668.0s      100          222.0          292.0    142.6    151.0    151.0    151.0 update
  669.0s      100          959.2         1167.4     71.3     71.3     71.3     75.5 read
  669.0s      100          235.0          291.9    142.6    151.0    151.0    151.0 update
  670.0s      100          951.2         1167.1     71.3     71.3     71.3     75.5 read
  670.0s      100          228.0          291.8    142.6    151.0    151.0    151.0 update
_elapsed___errors__ops/sec(inst)___ops/sec(cum)__p50(ms)__p95(ms)__p99(ms)_pMax(ms)
  671.0s      100          986.9         1166.8     71.3     71.3     75.5     79.7 read
  671.0s      100          216.0          291.7    142.6    151.0    184.5    192.9 update
  672.0s      100          972.9         1166.5     71.3     71.3     75.5     79.7 read
  672.0s      100          219.0          291.6    142.6    151.0    151.0    159.4 update
  673.0s      100          984.8         1166.3     71.3     71.3     75.5     75.5 read
  673.0s      100          214.0          291.5    142.6    151.0    151.0    151.0 update
  674.0s      100          975.7         1166.0     71.3     71.3     75.5     75.5 read
  674.0s      100          226.9          291.4    142.6    151.0    151.0    151.0 update
  675.0s      100          954.3         1165.7     71.3     71.3     71.3     75.5 read
  675.0s      100          235.1          291.3    142.6    151.0    184.5    192.9 update
  676.0s      100          994.0         1165.4     71.3     71.3     71.3     75.5 read
  676.0s      100          209.0          291.2    142.6    151.0    151.0    151.0 update
  677.0s      100          974.0         1165.1     71.3     71.3     71.3    369.1 read
  677.0s      100          210.0          291.1    142.6    151.0    151.0    151.0 update
  678.0s      100          953.2         1164.8     71.3     71.3     75.5     75.5 read
  678.0s      100          235.1          291.0    142.6    151.0    151.0    151.0 update
  679.0s      100          912.3         1164.5     71.3     71.3     75.5     79.7 read
  679.0s      100          253.8          290.9    142.6    151.0    151.0    151.0 update
  680.0s      100          966.4         1164.2     71.3     71.3     75.5     75.5 read
  680.0s      100          228.1          290.9    142.6    151.0    184.5    184.5 update
_elapsed___errors__ops/sec(inst)___ops/sec(cum)__p50(ms)__p95(ms)__p99(ms)_pMax(ms)
  681.0s      100          966.2         1163.9     71.3     75.5     75.5     79.7 read
  681.0s      100          225.0          290.8    151.0    151.0    151.0    159.4 update
  682.0s      100          936.8         1163.5     71.3     71.3     75.5     75.5 read
  682.0s      100          230.0          290.7    142.6    151.0    151.0    436.2 update
  683.0s      100          901.8         1163.2     71.3     71.3     75.5     79.7 read
  683.0s      100          261.9          290.6    142.6    151.0    151.0    159.4 update
  684.0s      100          897.3         1162.8     71.3     71.3     71.3     75.5 read
  684.0s      100          261.1          290.6    142.6    151.0    192.9    192.9 update
  685.0s      100          963.8         1162.5     71.3     71.3     75.5     75.5 read
  685.0s      100          233.0          290.5    142.6    151.0    151.0    151.0 update
  686.0s      100          946.3         1162.2     71.3     71.3     71.3     75.5 read
  686.0s      100          235.1          290.4    142.6    151.0    151.0    151.0 update
  687.0s      100          915.3         1161.8     71.3     71.3     75.5     75.5 read
  687.0s      100          249.8          290.4    142.6    151.0    151.0    151.0 update
  688.0s      100          978.4         1161.5     71.3     71.3     75.5     75.5 read
  688.0s      100          219.1          290.3    142.6    151.0    151.0    151.0 update
  689.0s      100          928.6         1161.2     71.3     71.3     75.5     75.5 read
  689.0s      100          243.1          290.2    142.6    151.0    184.5    192.9 update
  690.0s      100          920.5         1160.9     71.3     71.3     71.3     75.5 read
  690.0s      100          242.9          290.1    142.6    151.0    151.0    151.0 update
_elapsed___errors__ops/sec(inst)___ops/sec(cum)__p50(ms)__p95(ms)__p99(ms)_pMax(ms)
  691.0s      100          925.7         1160.5     71.3     71.3     71.3     75.5 read
  691.0s      100          251.9          290.1    142.6    151.0    151.0    151.0 update
  692.0s      100          964.3         1160.2     71.3     71.3     71.3     75.5 read
  692.0s      100          229.1          290.0    142.6    151.0    151.0    151.0 update
  693.0s      100          872.8         1159.8     71.3     71.3     75.5     75.5 read
  693.0s      100          259.0          289.9    142.6    192.9    234.9    234.9 update
  694.0s      100          923.2         1159.5     71.3     71.3     71.3     75.5 read
  694.0s      100          244.1          289.9    142.6    151.0    151.0    151.0 update
  695.0s      100          957.2         1159.2     71.3     71.3     71.3     75.5 read
  695.0s      100          233.0          289.8    142.6    151.0    151.0    151.0 update
  696.0s      100          969.6         1158.9     71.3     71.3     71.3     75.5 read
  696.0s      100          223.9          289.7    142.6    151.0    151.0    151.0 update
  697.0s      100          926.6         1158.6     71.3     71.3     71.3     75.5 read
  697.0s      100          242.9          289.6    142.6    151.0    151.0    151.0 update
  698.0s      100          920.2         1158.2     71.3     71.3     75.5     75.5 read
  698.0s      100          249.1          289.6    142.6    151.0    184.5    192.9 update
  699.0s      100          939.2         1157.9     71.3     71.3     71.3     75.5 read
  699.0s      100          236.1          289.5    142.6    151.0    159.4    159.4 update
  700.0s      100          975.0         1157.7     71.3     71.3     71.3     75.5 read
  700.0s      100          228.0          289.4    142.6    151.0    151.0    151.0 update
_elapsed___errors__ops/sec(inst)___ops/sec(cum)__p50(ms)__p95(ms)__p99(ms)_pMax(ms)
  701.0s      100          945.2         1157.4     71.3     71.3     75.5     75.5 read
  701.0s      100          238.1          289.3    142.6    151.0    151.0    151.0 update
  702.0s      100          949.9         1157.1     71.3     71.3     75.5     75.5 read
  702.0s      100          233.0          289.2    142.6    151.0    184.5    192.9 update
  703.0s      100          936.0         1156.7     71.3     71.3     75.5     75.5 read
  703.0s      100          238.0          289.2    142.6    151.0    151.0    151.0 update
  704.0s      100          957.2         1156.5     71.3     71.3     71.3     75.5 read
  704.0s      100          227.1          289.1    142.6    151.0    151.0    151.0 update
  705.0s      100          963.8         1156.2     71.3     71.3     75.5     79.7 read
  705.0s      100          226.0          289.0    142.6    151.0    151.0    151.0 update
  706.0s      100          934.4         1155.9     71.3     71.3     71.3    385.9 read
  706.0s      100          244.1          288.9    142.6    151.0    151.0    151.0 update
  707.0s      100          967.0         1155.6     71.3     71.3     71.3     75.5 read
  707.0s      100          222.0          288.8    142.6    151.0    176.2    184.5 update
  708.0s      100          917.6         1155.3     71.3     75.5     75.5     75.5 read
  708.0s      100          252.9          288.8    142.6    151.0    151.0    151.0 update
  709.0s      100          940.0         1155.0     71.3     71.3     71.3     75.5 read
  709.0s      100          236.0          288.7    142.6    151.0    151.0    151.0 update
  710.0s      100          952.9         1154.7     71.3     71.3     71.3     75.5 read
  710.0s      100          229.0          288.6    142.6    151.0    151.0    151.0 update
_elapsed___errors__ops/sec(inst)___ops/sec(cum)__p50(ms)__p95(ms)__p99(ms)_pMax(ms)
  711.0s      100          929.8         1154.4     71.3     71.3     71.3     75.5 read
  711.0s      100          246.0          288.6    142.6    151.0    151.0    453.0 update
  712.0s      100          954.2         1154.1     71.3     71.3     75.5     75.5 read
  712.0s      100          232.1          288.5    142.6    151.0    176.2    192.9 update
  713.0s      100          923.1         1153.8     71.3     71.3     75.5     75.5 read
  713.0s      100          242.0          288.4    142.6    151.0    151.0    151.0 update
  714.0s      100          921.2         1153.4     71.3     71.3     83.9     88.1 read
  714.0s      100          245.1          288.4    142.6    151.0    159.4    436.2 update
  715.0s      100          976.1         1153.2     71.3     71.3     75.5     75.5 read
  715.0s      100          222.0          288.3    142.6    151.0    151.0    151.0 update
  716.0s      100         1007.4         1153.0     71.3     71.3     71.3     75.5 read
  716.0s      100          207.9          288.2    142.6    151.0    159.4    192.9 update
  717.0s      100          975.8         1152.7     71.3     71.3     75.5     75.5 read
  717.0s      100          227.0          288.1    142.6    151.0    151.0    151.0 update
  718.0s      100          914.0         1152.4     71.3     71.3     83.9     88.1 read
  718.0s      100          239.0          288.0    142.6    151.0    159.4    167.8 update
  719.0s      100          910.9         1152.1     71.3     75.5     75.5     75.5 read
  719.0s      100          251.0          287.9    142.6    192.9    226.5    234.9 update
  720.0s      100          931.2         1151.8     71.3     75.5     79.7     83.9 read
  720.0s      100          237.1          287.9    142.6    151.0    159.4    159.4 update
_elapsed___errors__ops/sec(inst)___ops/sec(cum)__p50(ms)__p95(ms)__p99(ms)_pMax(ms)
  721.0s      100          910.0         1151.4     71.3     71.3     75.5     83.9 read
  721.0s      100          242.0          287.8    142.6    184.5    234.9    234.9 update
  722.0s      100          926.2         1151.1     71.3     75.5     79.7     83.9 read
  722.0s      100          237.1          287.7    142.6    151.0    159.4    536.9 update
  723.0s      100          949.2         1150.8     71.3     71.3     75.5    352.3 read
  723.0s      100          218.1          287.6    151.0    159.4    167.8    167.8 update
  724.0s      100          806.5         1150.4     71.3     75.5     75.5     75.5 read
  724.0s      100          205.9          287.5    226.5    234.9    243.3    243.3 update
  725.0s      100          796.7         1149.9     71.3     75.5     75.5    385.9 read
  725.0s      100          179.2          287.4    234.9    243.3    251.7    251.7 update
  726.0s      100          755.8         1149.3     71.3     71.3     75.5     79.7 read
  726.0s      100          210.0          287.3    234.9    268.4    335.5    335.5 update
  727.0s      100          801.2         1148.9     71.3     71.3     75.5    352.3 read
  727.0s      100          189.0          287.1    234.9    234.9    234.9    243.3 update
  728.0s      100          780.8         1148.3     71.3     71.3     75.5    352.3 read
  728.0s      100          198.0          287.0    234.9    234.9    243.3    570.4 update
  729.0s      100          808.1         1147.9     71.3     75.5     75.5     75.5 read
  729.0s      100          196.0          286.9    226.5    234.9    234.9    234.9 update
  730.0s      100          845.4         1147.5     71.3     71.3     75.5     75.5 read
  730.0s      100          212.8          286.8    209.7    243.3    260.0    260.0 update
_elapsed___errors__ops/sec(inst)___ops/sec(cum)__p50(ms)__p95(ms)__p99(ms)_pMax(ms)
  731.0s      100          889.8         1147.1     71.3     71.3     75.5    385.9 read
  731.0s      100          196.2          286.7    167.8    234.9    234.9    234.9 update
  732.0s      100          747.7         1146.6     71.3     71.3     71.3     75.5 read
  732.0s      100          205.9          286.6    234.9    234.9    234.9    243.3 update
  733.0s      100          754.6         1146.0     71.3     71.3     75.5     75.5 read
  733.0s      100          197.9          286.4    234.9    234.9    234.9    234.9 update
  734.0s      100          761.5         1145.5     71.3     71.3     75.5     75.5 read
  734.0s      100          209.1          286.3    234.9    302.0    352.3    352.3 update
  735.0s      100          745.2         1145.0     71.3     71.3     71.3     75.5 read
  735.0s      100          207.0          286.2    234.9    234.9    243.3    243.3 update
  736.0s      100          810.8         1144.5     71.3     71.3     71.3     75.5 read
  736.0s      100          187.0          286.1    234.9    234.9    243.3    243.3 update
  737.0s      100          837.5         1144.1     71.3     71.3     88.1     92.3 read
  737.0s      100          217.9          286.0    201.3    234.9    243.3    243.3 update
  738.0s      100          879.7         1143.7     71.3     75.5     79.7     83.9 read
  738.0s      100          213.2          285.9    184.5    209.7    218.1    243.3 update
  739.0s      100          881.9         1143.4     71.3     75.5     75.5     75.5 read
  739.0s      100          192.0          285.8    201.3    218.1    218.1    218.1 update
  740.0s      100          824.0         1142.9     71.3     71.3     75.5     75.5 read
  740.0s      100          201.0          285.7    209.7    234.9    234.9    234.9 update
_elapsed___errors__ops/sec(inst)___ops/sec(cum)__p50(ms)__p95(ms)__p99(ms)_pMax(ms)
  741.0s      100          736.9         1142.4     71.3     71.3     75.5     88.1 read
  741.0s      100          207.0          285.6    234.9    318.8    352.3    369.1 update
  742.0s      100          783.5         1141.9     71.3     71.3     71.3     75.5 read
  742.0s      100          191.9          285.4    234.9    234.9    234.9    234.9 update
  743.0s      100          758.4         1141.4     71.3     71.3     71.3     75.5 read
  743.0s      100          212.1          285.3    234.9    234.9    243.3    243.3 update
  744.0s      100          863.9         1141.0     71.3     71.3     75.5     75.5 read
  744.0s      100          192.0          285.2    209.7    226.5    234.9    234.9 update
  745.0s      100          842.2         1140.6     71.3     75.5     83.9    352.3 read
  745.0s      100          233.1          285.1    184.5    218.1    226.5    226.5 update
  746.0s      100          945.8         1140.4     71.3     75.5     75.5     75.5 read
  746.0s      100          207.9          285.0    151.0    201.3    209.7    209.7 update
  747.0s      100          909.4         1140.1     71.3     75.5     75.5     83.9 read
  747.0s      100          218.1          284.9    167.8    201.3    201.3    201.3 update
  748.0s      100          937.2         1139.8     71.3     75.5     75.5    385.9 read
  748.0s      100          217.0          284.8    159.4    176.2    192.9    192.9 update
  749.0s      100          915.4         1139.5     71.3     75.5     75.5     75.5 read
  749.0s      100          220.9          284.8    159.4    192.9    201.3    209.7 update
  750.0s      100          904.2         1139.2     71.3     75.5     75.5    369.1 read
  750.0s      100          232.1          284.7    151.0    167.8    184.5    436.2 update
_elapsed___errors__ops/sec(inst)___ops/sec(cum)__p50(ms)__p95(ms)__p99(ms)_pMax(ms)
  751.0s      100          967.6         1138.9     71.3     75.5     75.5    369.1 read
  751.0s      100          211.9          284.6    151.0    176.2    192.9    201.3 update
  752.0s      100          905.6         1138.6     71.3     75.5     79.7     83.9 read
  752.0s      100          202.1          284.5    176.2    209.7    234.9    234.9 update
  753.0s      100          866.7         1138.3     71.3     75.5     75.5     75.5 read
  753.0s      100          241.9          284.4    159.4    201.3    209.7    209.7 update
  754.0s      100          933.4         1138.0     71.3     75.5     79.7     83.9 read
  754.0s      100          241.1          284.4    151.0    159.4    167.8    167.8 update
  755.0s      100          892.6         1137.7     71.3     75.5     88.1     92.3 read
  755.0s      100          239.9          284.3    151.0    167.8    184.5    184.5 update
  756.0s      100          914.1         1137.4     71.3     75.5     75.5     75.5 read
  756.0s      100          242.0          284.3    151.0    176.2    192.9    218.1 update
  757.0s      100          966.1         1137.2     71.3     71.3     75.5     83.9 read
  757.0s      100          226.0          284.2    151.0    151.0    159.4    159.4 update
  758.0s      100          955.5         1136.9     71.3     71.3     75.5     79.7 read
  758.0s      100          220.9          284.1    151.0    159.4    167.8    167.8 update
  759.0s      100          942.2         1136.7     71.3     75.5     79.7     83.9 read
  759.0s      100          237.1          284.0    151.0    159.4    184.5    184.5 update
  760.0s      100          881.9         1136.3     71.3     75.5     83.9     88.1 read
  760.0s      100          250.0          284.0    151.0    159.4    167.8    167.8 update
_elapsed___errors__ops/sec(inst)___ops/sec(cum)__p50(ms)__p95(ms)__p99(ms)_pMax(ms)
  761.0s      100          934.0         1136.1     71.3     75.5     75.5     75.5 read
  761.0s      100          246.0          283.9    151.0    151.0    167.8    176.2 update
  762.0s      100          924.4         1135.8     71.3     71.3     75.5     75.5 read
  762.0s      100          233.1          283.9    142.6    151.0    151.0    151.0 update
  763.0s      100          833.5         1135.4     71.3     75.5     75.5     79.7 read
  763.0s      100          240.9          283.8    176.2    209.7    234.9    234.9 update
  764.0s      100          897.8         1135.1     71.3     75.5     88.1     88.1 read
  764.0s      100          250.0          283.8    151.0    184.5    184.5    201.3 update
  765.0s      100          957.1         1134.8     71.3     75.5     75.5     75.5 read
  765.0s      100          219.0          283.7    151.0    151.0    159.4    159.4 update
  766.0s      100          945.6         1134.6     71.3     75.5     75.5     79.7 read
  766.0s      100          224.1          283.6    151.0    159.4    184.5    192.9 update
  767.0s      100          963.4         1134.4     71.3     75.5     79.7     83.9 read
  767.0s      100          223.9          283.5    151.0    159.4    159.4    167.8 update
  768.0s      100          934.8         1134.1     71.3     75.5     75.5     79.7 read
  768.0s      100          235.2          283.5    151.0    151.0    159.4    159.4 update
  769.0s      100          964.6         1133.9     71.3     71.3     75.5     75.5 read
  769.0s      100          222.9          283.4    142.6    151.0    151.0    218.1 update
  770.0s      100          960.0         1133.7     71.3     75.5     75.5     75.5 read
  770.0s      100          227.0          283.3    151.0    151.0    151.0    159.4 update
_elapsed___errors__ops/sec(inst)___ops/sec(cum)__p50(ms)__p95(ms)__p99(ms)_pMax(ms)
  771.0s      100          932.4         1133.4     71.3     75.5     79.7     88.1 read
  771.0s      100          228.9          283.2    151.0    159.4    167.8    167.8 update
  772.0s      100          940.5         1133.2     71.3     71.3     75.5     75.5 read
  772.0s      100          238.1          283.2    151.0    151.0    159.4    159.4 update
  773.0s      100          930.2         1132.9     71.3     71.3     75.5     75.5 read
  773.0s      100          238.1          283.1    151.0    151.0    192.9    192.9 update
  774.0s      100          941.1         1132.6     71.3     75.5     75.5     83.9 read
  774.0s      100          237.0          283.1    151.0    151.0    159.4    159.4 update
  775.0s      100          936.8         1132.4     71.3     75.5     79.7     83.9 read
  775.0s      100          229.9          283.0    151.0    151.0    151.0    159.4 update
  776.0s      100          939.3         1132.1     71.3     75.5     79.7     83.9 read
  776.0s      100          241.1          282.9    151.0    151.0    184.5    184.5 update
  777.0s      100          929.6         1131.9     71.3     75.5     75.5     75.5 read
  777.0s      100          243.9          282.9    151.0    151.0    159.4    159.4 update
  778.0s      100          960.1         1131.7     71.3     75.5     88.1     88.1 read
  778.0s      100          221.0          282.8    151.0    151.0    176.2    176.2 update
  779.0s      100          917.1         1131.4     71.3     75.5     75.5     83.9 read
  779.0s      100          238.0          282.8    151.0    151.0    151.0    159.4 update
  780.0s      100          942.0         1131.1     71.3     75.5     75.5     75.5 read
  780.0s      100          232.0          282.7    151.0    151.0    151.0    151.0 update
_elapsed___errors__ops/sec(inst)___ops/sec(cum)__p50(ms)__p95(ms)__p99(ms)_pMax(ms)
  781.0s      100          941.5         1130.9     71.3     75.5     79.7     83.9 read
  781.0s      100          233.9          282.6    151.0    151.0    159.4    159.4 update
  782.0s      100          918.0         1130.6     71.3     75.5     75.5     75.5 read
  782.0s      100          246.0          282.6    151.0    151.0    151.0    151.0 update
  783.0s      100          935.7         1130.4     71.3     71.3     75.5     75.5 read
  783.0s      100          241.2          282.5    151.0    151.0    151.0    151.0 update
  784.0s      100          903.1         1130.1     71.3     75.5     75.5     79.7 read
  784.0s      100          241.0          282.5    151.0    151.0    192.9    192.9 update
  785.0s      100          910.1         1129.8     71.3     75.5     75.5     79.7 read
  785.0s      100          247.0          282.4    151.0    151.0    151.0    159.4 update
  786.0s      100          947.9         1129.6     71.3     71.3     75.5     75.5 read
  786.0s      100          235.0          282.4    142.6    151.0    151.0    151.0 update
  787.0s      100          922.0         1129.3     71.3     71.3     75.5     79.7 read
  787.0s      100          245.0          282.3    142.6    151.0    151.0    151.0 update
  788.0s      100          963.5         1129.1     71.3     71.3     75.5     75.5 read
  788.0s      100          220.9          282.2    142.6    151.0    184.5    192.9 update
  789.0s      100          938.8         1128.9     71.3     75.5     75.5     79.7 read
  789.0s      100          237.9          282.2    142.6    151.0    151.0    151.0 update
  790.0s      100          933.1         1128.6     71.3     75.5     79.7     83.9 read
  790.0s      100          236.0          282.1    142.6    151.0    159.4    159.4 update
_elapsed___errors__ops/sec(inst)___ops/sec(cum)__p50(ms)__p95(ms)__p99(ms)_pMax(ms)
  791.0s      100          929.6         1128.4     71.3     75.5     75.5     75.5 read
  791.0s      100          243.2          282.1    151.0    151.0    184.5    192.9 update
  792.0s      100          949.0         1128.1     71.3     75.5     75.5     79.7 read
  792.0s      100          239.0          282.0    142.6    151.0    151.0    151.0 update
  793.0s      100          964.8         1127.9     71.3     75.5     75.5     79.7 read
  793.0s      100          217.0          281.9    142.6    151.0    159.4    159.4 update
  794.0s      100          930.6         1127.7     71.3     71.3     75.5     75.5 read
  794.0s      100          237.9          281.9    142.6    151.0    192.9    192.9 update
  795.0s      100          913.6         1127.4     71.3     75.5     75.5     75.5 read
  795.0s      100          247.2          281.8    151.0    151.0    151.0    151.0 update
  796.0s      100          915.2         1127.1     71.3     71.3     75.5     79.7 read
  796.0s      100          251.8          281.8    142.6    151.0    151.0    151.0 update
  797.0s      100          960.6         1126.9     71.3     71.3     75.5     75.5 read
  797.0s      100          215.1          281.7    142.6    151.0    151.0    192.9 update
  798.0s      100          910.6         1126.7     71.3     71.3     75.5     75.5 read
  798.0s      100          258.9          281.7    142.6    151.0    176.2    184.5 update
  799.0s      100          943.5         1126.4     71.3     75.5     75.5     79.7 read
  799.0s      100          239.1          281.6    151.0    151.0    159.4    159.4 update
  800.0s      100          907.1         1126.2     71.3     71.3     75.5     79.7 read
  800.0s      100          247.0          281.6    151.0    151.0    151.0    159.4 update
_elapsed___errors__ops/sec(inst)___ops/sec(cum)__p50(ms)__p95(ms)__p99(ms)_pMax(ms)
  801.0s      100          938.0         1125.9     71.3     71.3     75.5     75.5 read
  801.0s      100          240.0          281.6    151.0    151.0    184.5    192.9 update
  802.0s      100          937.1         1125.7     71.3     71.3     75.5     75.5 read
  802.0s      100          235.0          281.5    142.6    151.0    151.0    151.0 update
  803.0s      100          963.8         1125.5     71.3     71.3     75.5     75.5 read
  803.0s      100          227.0          281.4    142.6    151.0    151.0    151.0 update
  804.0s      100          977.5         1125.3     71.3     75.5     79.7     79.7 read
  804.0s      100          220.9          281.3    142.6    151.0    176.2    192.9 update
  805.0s      100          916.7         1125.0     71.3     75.5     75.5    369.1 read
  805.0s      100          241.9          281.3    151.0    151.0    159.4    159.4 update
  806.0s      100          955.7         1124.8     71.3     71.3     75.5     75.5 read
  806.0s      100          222.2          281.2    142.6    151.0    151.0    151.0 update
  807.0s      100          954.5         1124.6     71.3     75.5     75.5     79.7 read
  807.0s      100          230.9          281.2    142.6    159.4    176.2    192.9 update
  808.0s      100          945.5         1124.4     71.3     71.3     75.5     75.5 read
  808.0s      100          236.1          281.1    142.6    151.0    151.0    151.0 update
  809.0s      100          955.2         1124.2     71.3     71.3     75.5     75.5 read
  809.0s      100          227.0          281.0    142.6    151.0    151.0    151.0 update
  810.0s      100          951.8         1124.0     71.3     75.5     75.5     75.5 read
  810.0s      100          226.0          281.0    151.0    151.0    151.0    151.0 update
_elapsed___errors__ops/sec(inst)___ops/sec(cum)__p50(ms)__p95(ms)__p99(ms)_pMax(ms)
  811.0s      100          957.5         1123.8     71.3     75.5     75.5     75.5 read
  811.0s      100          227.9          280.9    142.6    176.2    192.9    192.9 update
  812.0s      100          970.1         1123.6     71.3     71.3     75.5     79.7 read
  812.0s      100          223.0          280.8    142.6    151.0    151.0    159.4 update
  813.0s      100          925.6         1123.3     71.3     71.3     75.5     75.5 read
  813.0s      100          245.2          280.8    142.6    151.0    151.0    151.0 update
  814.0s      100          990.0         1123.2     71.3     71.3     75.5     79.7 read
  814.0s      100          210.0          280.7    142.6    151.0    176.2    192.9 update
  815.0s      100          967.9         1123.0     71.3     75.5     79.7    352.3 read
  815.0s      100          218.0          280.6    151.0    151.0    151.0    151.0 update
  816.0s      100          954.0         1122.8     71.3     75.5     75.5     75.5 read
  816.0s      100          227.0          280.6    151.0    151.0    151.0    151.0 update
  817.0s      100          914.6         1122.5     71.3     75.5     75.5     75.5 read
  817.0s      100          247.9          280.5    151.0    151.0    184.5    192.9 update
  818.0s      100          960.0         1122.3     71.3     75.5     75.5     75.5 read
  818.0s      100          223.0          280.5    151.0    151.0    151.0    151.0 update
  819.0s      100          937.3         1122.1     71.3     75.5     75.5     79.7 read
  819.0s      100          237.1          280.4    151.0    151.0    151.0    159.4 update
  820.0s      100          916.4         1121.8     71.3     75.5     75.5     79.7 read
  820.0s      100          242.8          280.4    151.0    151.0    167.8    192.9 update
_elapsed___errors__ops/sec(inst)___ops/sec(cum)__p50(ms)__p95(ms)__p99(ms)_pMax(ms)
  821.0s      100          924.1         1121.6     71.3     75.5     75.5    385.9 read
  821.0s      100          238.0          280.3    151.0    176.2    226.5    234.9 update
  822.0s      100          917.3         1121.4     71.3     75.5     75.5     79.7 read
  822.0s      100          235.1          280.2    151.0    176.2    234.9    234.9 update
  823.0s      100          912.1         1121.1     71.3     71.3     75.5     75.5 read
  823.0s      100          252.0          280.2    142.6    151.0    151.0    151.0 update
  824.0s      100          960.8         1120.9     71.3     75.5     75.5     79.7 read
  824.0s      100          224.9          280.1    142.6    159.4    176.2    192.9 update
  825.0s      100          912.1         1120.7     71.3     75.5     75.5     79.7 read
  825.0s      100          248.0          280.1    151.0    151.0    151.0    151.0 update
  826.0s      100          930.8         1120.4     71.3     71.3     75.5     79.7 read
  826.0s      100          236.9          280.1    151.0    201.3    226.5    234.9 update
  827.0s      100          904.9         1120.2     71.3     75.5     75.5     79.7 read
  827.0s      100          244.0          280.0    151.0    176.2    184.5    192.9 update
  828.0s      100          925.7         1119.9     71.3     71.3     75.5     75.5 read
  828.0s      100          238.2          280.0    151.0    151.0    159.4    167.8 update
  829.0s      100          944.6         1119.7     71.3     71.3     75.5     75.5 read
  829.0s      100          234.9          279.9    142.6    151.0    151.0    151.0 update
  830.0s      100          926.0         1119.5     71.3     75.5     75.5     79.7 read
  830.0s      100          224.0          279.8    151.0    226.5    234.9    234.9 update
_elapsed___errors__ops/sec(inst)___ops/sec(cum)__p50(ms)__p95(ms)__p99(ms)_pMax(ms)
  831.0s      100          920.2         1119.2     71.3     75.5     79.7     83.9 read
  831.0s      100          220.0          279.8    159.4    176.2    184.5    184.5 update
  832.0s      100          947.6         1119.0     71.3     75.5     75.5     79.7 read
  832.0s      100          224.9          279.7    151.0    167.8    176.2    176.2 update
  833.0s      100          939.9         1118.8     71.3     71.3     75.5     79.7 read
  833.0s      100          232.0          279.6    151.0    159.4    167.8    167.8 update
  834.0s      100          924.7         1118.6     71.3     75.5     75.5    369.1 read
  834.0s      100          214.2          279.6    151.0    167.8    184.5    469.8 update
  835.0s      100          934.1         1118.4     71.3     75.5     79.7    385.9 read
  835.0s      100          232.0          279.5    151.0    159.4    176.2    176.2 update
  836.0s      100          923.1         1118.1     71.3     75.5     75.5    385.9 read
  836.0s      100          236.0          279.5    151.0    159.4    167.8    167.8 update
  837.0s      100          925.8         1117.9     71.3     75.5     75.5     83.9 read
  837.0s      100          237.0          279.4    151.0    167.8    201.3    209.7 update
  838.0s      100          926.2         1117.7     71.3     75.5     75.5     75.5 read
  838.0s      100          240.8          279.4    151.0    159.4    167.8    167.8 update
  839.0s      100          920.8         1117.4     71.3     75.5     75.5     75.5 read
  839.0s      100          245.2          279.3    151.0    159.4    159.4    159.4 update
  840.0s      100          904.4         1117.2     71.3     75.5     75.5     79.7 read
  840.0s      100          248.8          279.3    151.0    151.0    159.4    167.8 update
_elapsed___errors__ops/sec(inst)___ops/sec(cum)__p50(ms)__p95(ms)__p99(ms)_pMax(ms)
  841.0s      100          937.6         1117.0     71.3     71.3     75.5     75.5 read
  841.0s      100          238.2          279.2    142.6    167.8    176.2    192.9 update
  842.0s      100          901.7         1116.7     71.3     71.3     75.5     75.5 read
  842.0s      100          254.9          279.2    142.6    151.0    151.0    151.0 update
  843.0s      100          911.9         1116.5     71.3     75.5     75.5     75.5 read
  843.0s      100          233.0          279.2    151.0    201.3    234.9    234.9 update
  844.0s      100          920.6         1116.2     71.3     75.5     75.5     75.5 read
  844.0s      100          242.2          279.1    151.0    159.4    184.5    192.9 update
  845.0s      100          952.7         1116.1     71.3     75.5     75.5     75.5 read
  845.0s      100          234.9          279.1    151.0    151.0    151.0    159.4 update
  846.0s      100          958.5         1115.9     71.3     71.3     75.5     83.9 read
  846.0s      100          228.9          279.0    151.0    151.0    159.4    159.4 update
  847.0s      100          923.0         1115.6     71.3     71.3     75.5     75.5 read
  847.0s      100          237.0          278.9    151.0    151.0    176.2    184.5 update
  848.0s      100          924.7         1115.4     71.3     71.3     75.5     75.5 read
  848.0s      100          241.2          278.9    151.0    151.0    151.0    151.0 update
  849.0s      100          933.0         1115.2     71.3     71.3     75.5     75.5 read
  849.0s      100          246.0          278.9    151.0    151.0    151.0    151.0 update
  850.0s      100          910.0         1115.0     71.3     71.3     75.5    352.3 read
  850.0s      100          247.0          278.8    142.6    151.0    151.0    151.0 update
_elapsed___errors__ops/sec(inst)___ops/sec(cum)__p50(ms)__p95(ms)__p99(ms)_pMax(ms)
  851.0s      100          955.0         1114.8     71.3     71.3     75.5     75.5 read
  851.0s      100          236.0          278.8    151.0    151.0    159.4    184.5 update
  852.0s      100          928.5         1114.6     71.3     75.5     75.5     79.7 read
  852.0s      100          238.9          278.7    142.6    151.0    151.0    453.0 update
  853.0s      100          924.9         1114.3     71.3     75.5     75.5     79.7 read
  853.0s      100          230.0          278.7    151.0    201.3    226.5    234.9 update
  854.0s      100          962.5         1114.2     71.3     71.3     75.5     79.7 read
  854.0s      100          219.1          278.6    151.0    151.0    192.9    192.9 update
  855.0s      100          921.0         1113.9     71.3     75.5     75.5    385.9 read
  855.0s      100          241.0          278.6    151.0    151.0    151.0    151.0 update
  856.0s      100          963.6         1113.8     71.3     71.3     75.5     75.5 read
  856.0s      100          224.9          278.5    142.6    151.0    159.4    167.8 update
  857.0s      100          928.1         1113.5     71.3     71.3     75.5    369.1 read
  857.0s      100          239.0          278.4    142.6    151.0    151.0    151.0 update
  858.0s      100          971.5         1113.4     71.3     71.3     75.5     75.5 read
  858.0s      100          218.9          278.4    151.0    151.0    176.2    192.9 update
  859.0s      100          948.0         1113.2     71.3     71.3     75.5    369.1 read
  859.0s      100          234.3          278.3    142.6    151.0    151.0    151.0 update
  860.0s      100          969.3         1113.0     71.3     75.5     75.5     75.5 read
  860.0s      100          216.9          278.3    151.0    151.0    151.0    151.0 update
_elapsed___errors__ops/sec(inst)___ops/sec(cum)__p50(ms)__p95(ms)__p99(ms)_pMax(ms)
  861.0s      100          913.4         1112.8     71.3     71.3     75.5     79.7 read
  861.0s      100          249.1          278.2    151.0    151.0    184.5    192.9 update
  862.0s      100          885.9         1112.5     71.3     71.3     75.5     75.5 read
  862.0s      100          264.0          278.2    142.6    151.0    151.0    151.0 update
  863.0s      100          906.3         1112.3     71.3     71.3     75.5     75.5 read
  863.0s      100          253.1          278.2    142.6    151.0    151.0    159.4 update
  864.0s      100          974.1         1112.1     71.3     71.3     75.5     75.5 read
  864.0s      100          218.0          278.1    151.0    151.0    184.5    184.5 update
  865.0s      100          933.0         1111.9     71.3     71.3     75.5     75.5 read
  865.0s      100          238.7          278.1    142.6    151.0    151.0    151.0 update
  866.0s      100          933.8         1111.7     71.3     71.3     75.5     75.5 read
  866.0s      100          227.2          278.0    151.0    201.3    234.9    234.9 update
  867.0s      100          814.2         1111.4     71.3     75.5     75.5     75.5 read
  867.0s      100          197.8          277.9    234.9    234.9    234.9    243.3 update
  868.0s      100          753.1         1110.9     71.3     71.3     75.5     75.5 read
  868.0s      100          206.0          277.8    234.9    285.2    318.8    335.5 update
  869.0s      100          803.9         1110.6     71.3     71.3     75.5     75.5 read
  869.0s      100          185.0          277.7    234.9    234.9    234.9    234.9 update
  870.0s      100          772.9         1110.2     71.3     71.3     71.3     75.5 read
  870.0s      100          202.0          277.6    234.9    234.9    234.9    234.9 update
_elapsed___errors__ops/sec(inst)___ops/sec(cum)__p50(ms)__p95(ms)__p99(ms)_pMax(ms)
  871.0s      100          765.1         1109.8     71.3     71.3     71.3     75.5 read
  871.0s      100          209.0          277.6    234.9    234.9    234.9    234.9 update
  872.0s      100          774.3         1109.4     71.3     71.3     75.5     75.5 read
  872.0s      100          189.1          277.5    234.9    302.0    352.3    352.3 update
  873.0s      100          759.2         1109.0     71.3     71.3     75.5     75.5 read
  873.0s      100          209.1          277.4    234.9    234.9    234.9    234.9 update
  874.0s      100          784.6         1108.7     71.3     71.3     71.3     75.5 read
  874.0s      100          194.9          277.3    234.9    234.9    234.9    234.9 update
  875.0s      100          851.3         1108.4     71.3     71.3     75.5     79.7 read
  875.0s      100          177.1          277.2    234.9    234.9    234.9    243.3 update
  876.0s      100          762.1         1108.0     71.3     71.3     75.5     75.5 read
  876.0s      100          192.0          277.1    234.9    302.0    352.3    352.3 update
  877.0s      100          816.3         1107.6     71.3     71.3     75.5     79.7 read
  877.0s      100          188.1          277.0    234.9    234.9    234.9    243.3 update
  878.0s      100          786.7         1107.3     71.3     71.3     75.5     75.5 read
  878.0s      100          192.9          276.9    234.9    234.9    234.9    234.9 update
  879.0s      100          761.2         1106.9     71.3     71.3     75.5     75.5 read
  879.0s      100          209.1          276.8    234.9    234.9    243.3    243.3 update
  880.0s      100          743.4         1106.5     71.3     71.3     75.5     79.7 read
  880.0s      100          195.8          276.7    234.9    369.1    385.9    385.9 update
_elapsed___errors__ops/sec(inst)___ops/sec(cum)__p50(ms)__p95(ms)__p99(ms)_pMax(ms)
  881.0s      100          801.7         1106.1     71.3     71.3     75.5    385.9 read
  881.0s      100          180.2          276.6    234.9    234.9    243.3    243.3 update
  882.0s      100          814.0         1105.8     71.3     71.3     71.3     75.5 read
  882.0s      100          193.0          276.5    234.9    234.9    243.3    243.3 update
  883.0s      100          770.9         1105.4     71.3     71.3     75.5    385.9 read
  883.0s      100          197.0          276.4    234.9    234.9    243.3    243.3 update
  884.0s      100          787.2         1105.0     71.3     71.3     75.5     75.5 read
  884.0s      100          199.0          276.3    234.9    234.9    243.3    243.3 update
  885.0s      100          767.3         1104.7     71.3     71.3     75.5    369.1 read
  885.0s      100          197.8          276.2    234.9    234.9    234.9    243.3 update
  886.0s      100          777.2         1104.3     71.3     71.3     71.3     75.5 read
  886.0s      100          202.1          276.1    234.9    234.9    234.9    234.9 update
  887.0s      100          812.4         1104.0     71.3     71.3     71.3     75.5 read
  887.0s      100          183.1          276.0    234.9    234.9    234.9    243.3 update
  888.0s      100          786.1         1103.6     71.3     71.3     75.5     75.5 read
  888.0s      100          193.0          275.9    234.9    234.9    243.3    243.3 update
  889.0s      100          760.9         1103.2     71.3     71.3     71.3     75.5 read
  889.0s      100          206.0          275.9    234.9    234.9    243.3    243.3 update
  890.0s      100          776.0         1102.8     71.3     71.3     75.5     75.5 read
  890.0s      100          199.0          275.8    234.9    234.9    234.9    234.9 update
_elapsed___errors__ops/sec(inst)___ops/sec(cum)__p50(ms)__p95(ms)__p99(ms)_pMax(ms)
  891.0s      100          763.7         1102.5     71.3     71.3     75.5     75.5 read
  891.0s      100          199.9          275.7    234.9    234.9    243.3    243.3 update
  892.0s      100          928.7         1102.3     71.3     71.3     75.5     75.5 read
  892.0s      100          233.9          275.7    151.0    234.9    234.9    234.9 update
  893.0s      100          969.7         1102.1     71.3     71.3     75.5     75.5 read
  893.0s      100          218.2          275.6    151.0    151.0    151.0    151.0 update
  894.0s      100          943.0         1101.9     71.3     71.3     75.5     75.5 read
  894.0s      100          240.0          275.5    151.0    151.0    151.0    151.0 update
  895.0s      100          983.7         1101.8     71.3     71.3     75.5     75.5 read
  895.0s      100          214.9          275.5    151.0    151.0    151.0    151.0 update
  896.0s      100          944.9         1101.6     71.3     71.3     75.5     75.5 read
  896.0s      100          231.0          275.4    151.0    151.0    151.0    151.0 update
  897.0s      100          950.9         1101.5     71.3     71.3     75.5    369.1 read
  897.0s      100          228.0          275.4    151.0    151.0    151.0    151.0 update
  898.0s      100          925.4         1101.3     71.3     71.3     75.5     75.5 read
  898.0s      100          245.1          275.3    151.0    151.0    176.2    184.5 update
  899.0s      100          957.0         1101.1     71.3     71.3     75.5     79.7 read
  899.0s      100          230.0          275.3    142.6    151.0    151.0    151.0 update
  900.0s      100          924.1         1100.9     71.3     75.5     75.5     75.5 read
  900.0s      100          242.0          275.3    151.0    151.0    184.5    192.9 update
_elapsed___errors__ops/sec(inst)___ops/sec(cum)__p50(ms)__p95(ms)__p99(ms)_pMax(ms)
  901.0s      100          917.4         1100.7     71.3     71.3     75.5     75.5 read
  901.0s      100          245.8          275.2    142.6    151.0    151.0    151.0 update
  902.0s      100          906.7         1100.5     71.3     75.5     75.5    369.1 read
  902.0s      100          238.2          275.2    151.0    218.1    234.9    419.4 update
  903.0s      100          910.8         1100.3     71.3     71.3     75.5     75.5 read
  903.0s      100          248.9          275.2    151.0    151.0    184.5    192.9 update
  904.0s      100          916.1         1100.1     71.3     71.3     75.5     75.5 read
  904.0s      100          250.0          275.1    142.6    151.0    151.0    151.0 update
  905.0s      100          946.0         1099.9     71.3     71.3     75.5     79.7 read
  905.0s      100          214.0          275.1    142.6    151.0    151.0    151.0 update
  906.0s      100          967.4         1099.8     71.3     75.5     75.5    352.3 read
  906.0s      100          230.9          275.0    151.0    201.3    234.9    234.9 update
  907.0s      100          923.4         1099.6     71.3     75.5     75.5    385.9 read
  907.0s      100          209.1          274.9    151.0    201.3    234.9    436.2 update
  908.0s      100          960.3         1099.4     71.3     75.5     75.5     75.5 read
  908.0s      100          213.8          274.9    159.4    184.5    201.3    209.7 update
  909.0s      100          884.2         1099.2     71.3     75.5     75.5     75.5 read
  909.0s      100          241.0          274.8    159.4    176.2    184.5    184.5 update
  910.0s      100          932.5         1099.0     71.3     75.5     75.5     79.7 read
  910.0s      100          224.1          274.8    151.0    176.2    192.9    192.9 update
_elapsed___errors__ops/sec(inst)___ops/sec(cum)__p50(ms)__p95(ms)__p99(ms)_pMax(ms)
  911.0s      100          984.7         1098.9     71.3     71.3     75.5     79.7 read
  911.0s      100          212.9          274.7    151.0    159.4    167.8    167.8 update
  912.0s      100          922.5         1098.7     71.3     75.5     75.5     75.5 read
  912.0s      100          246.1          274.7    151.0    159.4    167.8    176.2 update
  913.0s      100          950.4         1098.5     71.3     75.5     75.5     75.5 read
  913.0s      100          221.9          274.6    151.0    159.4    192.9    192.9 update
  914.0s      100          947.6         1098.4     71.3     75.5     75.5     75.5 read
  914.0s      100          225.9          274.6    151.0    167.8    176.2    176.2 update
  915.0s      100          930.8         1098.2     71.3     75.5     75.5     79.7 read
  915.0s      100          236.2          274.5    151.0    159.4    159.4    167.8 update
  916.0s      100          915.7         1098.0     71.3     75.5     75.5    352.3 read
  916.0s      100          237.9          274.5    151.0    159.4    167.8    176.2 update
  917.0s      100          912.8         1097.8     71.3     75.5     75.5     79.7 read
  917.0s      100          241.9          274.4    151.0    184.5    184.5    192.9 update
  918.0s      100          912.3         1097.6     71.3     71.3     75.5    369.1 read
  918.0s      100          218.1          274.4    159.4    192.9    234.9    234.9 update
  919.0s      100          899.7         1097.4     71.3     75.5     75.5     75.5 read
  919.0s      100          242.9          274.4    151.0    167.8    184.5    184.5 update
  920.0s      100          952.4         1097.2     71.3     75.5     75.5     75.5 read
  920.0s      100          229.1          274.3    151.0    167.8    192.9    192.9 update
_elapsed___errors__ops/sec(inst)___ops/sec(cum)__p50(ms)__p95(ms)__p99(ms)_pMax(ms)
  921.0s      100          939.1         1097.0     71.3     75.5     75.5     75.5 read
  921.0s      100          232.0          274.3    151.0    159.4    159.4    159.4 update
  922.0s      100          928.8         1096.8     71.3     71.3     75.5     75.5 read
  922.0s      100          238.9          274.2    151.0    159.4    159.4    167.8 update
  923.0s      100          962.3         1096.7     71.3     75.5     75.5     75.5 read
  923.0s      100          226.1          274.2    151.0    151.0    184.5    436.2 update
  924.0s      100          882.9         1096.5     71.3     75.5     75.5     75.5 read
  924.0s      100          246.0          274.1    151.0    209.7    234.9    234.9 update
  925.0s      100          925.3         1096.3     71.3     75.5     75.5     75.5 read
  925.0s      100          232.8          274.1    151.0    167.8    167.8    176.2 update
  926.0s      100          923.6         1096.1     71.3     71.3     75.5     75.5 read
  926.0s      100          239.2          274.1    151.0    159.4    167.8    176.2 update
  927.0s      100          901.9         1095.9     71.3     71.3     75.5     75.5 read
  927.0s      100          254.0          274.0    151.0    159.4    184.5    192.9 update
  928.0s      100          937.2         1095.7     71.3     71.3     75.5     75.5 read
  928.0s      100          234.0          274.0    151.0    151.0    159.4    159.4 update
  929.0s      100          936.8         1095.5     71.3     71.3     75.5     75.5 read
  929.0s      100          238.9          274.0    151.0    151.0    151.0    159.4 update
  930.0s      100          939.0         1095.4     71.3     75.5     75.5     79.7 read
  930.0s      100          227.0          273.9    151.0    159.4    192.9    192.9 update
_elapsed___errors__ops/sec(inst)___ops/sec(cum)__p50(ms)__p95(ms)__p99(ms)_pMax(ms)
  931.0s      100          862.3         1095.1     71.3     71.3     75.5     79.7 read
  931.0s      100          197.1          273.8    209.7    234.9    234.9    234.9 update
  932.0s      100          904.3         1094.9     71.3     71.3     75.5     75.5 read
  932.0s      100          240.8          273.8    151.0    192.9    201.3    469.8 update
  933.0s      100          945.5         1094.8     71.3     71.3     75.5    385.9 read
  933.0s      100          227.1          273.7    151.0    159.4    167.8    192.9 update
  934.0s      100          941.1         1094.6     71.3     71.3     75.5     75.5 read
  934.0s      100          239.0          273.7    151.0    151.0    159.4    159.4 update
  935.0s      100          935.9         1094.4     71.3     75.5     79.7     83.9 read
  935.0s      100          227.0          273.6    151.0    159.4    159.4    159.4 update
  936.0s      100          925.4         1094.2     71.3     75.5     75.5     75.5 read
  936.0s      100          240.9          273.6    151.0    167.8    184.5    192.9 update
  937.0s      100          931.3         1094.1     71.3     71.3     75.5     75.5 read
  937.0s      100          251.1          273.6    151.0    151.0    176.2    184.5 update
  938.0s      100          956.9         1093.9     71.3     75.5     75.5     75.5 read
  938.0s      100          223.0          273.5    151.0    151.0    151.0    151.0 update
  939.0s      100          937.8         1093.8     71.3     71.3     75.5     75.5 read
  939.0s      100          240.9          273.5    151.0    151.0    159.4    159.4 update
  940.0s      100          915.8         1093.6     71.3     75.5     75.5     79.7 read
  940.0s      100          238.2          273.5    151.0    159.4    184.5    192.9 update
_elapsed___errors__ops/sec(inst)___ops/sec(cum)__p50(ms)__p95(ms)__p99(ms)_pMax(ms)
  941.0s      100          954.9         1093.4     71.3     71.3     75.5    369.1 read
  941.0s      100          234.0          273.4    151.0    151.0    151.0    151.0 update
  942.0s      100          923.8         1093.2     71.3     71.3     75.5     75.5 read
  942.0s      100          238.0          273.4    151.0    151.0    151.0    151.0 update
  943.0s      100          912.0         1093.0     71.3     71.3     75.5     75.5 read
  943.0s      100          251.0          273.4    151.0    159.4    184.5    192.9 update
  944.0s      100          938.0         1092.9     71.3     71.3     75.5     75.5 read
  944.0s      100          237.0          273.3    142.6    151.0    151.0    151.0 update
  945.0s      100          910.5         1092.7     71.3     75.5     75.5     75.5 read
  945.0s      100          252.8          273.3    151.0    151.0    151.0    151.0 update
  946.0s      100          962.8         1092.6     71.3     71.3     75.5     75.5 read
  946.0s      100          224.2          273.2    151.0    167.8    192.9    192.9 update
  947.0s      100          891.5         1092.3     71.3     71.3     75.5     75.5 read
  947.0s      100          258.9          273.2    142.6    151.0    151.0    151.0 update
  948.0s      100          947.1         1092.2     71.3     71.3     75.5     75.5 read
  948.0s      100          235.0          273.2    142.6    151.0    151.0    151.0 update
  949.0s      100          944.0         1092.0     71.3     71.3     75.5     75.5 read
  949.0s      100          229.0          273.1    151.0    151.0    184.5    192.9 update
  950.0s      100          943.3         1091.9     71.3     75.5     75.5     75.5 read
  950.0s      100          241.1          273.1    151.0    151.0    151.0    151.0 update
_elapsed___errors__ops/sec(inst)___ops/sec(cum)__p50(ms)__p95(ms)__p99(ms)_pMax(ms)
  951.0s      100          965.4         1091.7     71.3     71.3     75.5     79.7 read
  951.0s      100          225.9          273.1    151.0    151.0    151.0    151.0 update
  952.0s      100          938.4         1091.6     71.3     71.3     75.5     75.5 read
  952.0s      100          234.1          273.0    142.6    151.0    151.0    151.0 update
  953.0s      100          962.9         1091.4     71.3     71.3     75.5    385.9 read
  953.0s      100          214.0          273.0    151.0    151.0    176.2    192.9 update
  954.0s      100          921.5         1091.3     71.3     71.3     71.3     75.5 read
  954.0s      100          245.1          272.9    142.6    151.0    151.0    151.0 update
  955.0s      100          909.6         1091.1     71.3     71.3     75.5     79.7 read
  955.0s      100          256.9          272.9    142.6    151.0    151.0    151.0 update
  956.0s      100          942.1         1090.9     71.3     71.3     75.5    369.1 read
  956.0s      100          233.0          272.9    151.0    151.0    184.5    192.9 update
  957.0s      100          920.8         1090.7     71.3     75.5     75.5     83.9 read
  957.0s      100          234.0          272.8    151.0    151.0    159.4    159.4 update
  958.0s      100          929.4         1090.6     71.3     71.3     75.5     75.5 read
  958.0s      100          251.1          272.8    142.6    151.0    151.0    151.0 update
  959.0s      100          906.2         1090.4     71.3     75.5     75.5     75.5 read
  959.0s      100          242.8          272.8    142.6    209.7    234.9    234.9 update
  960.0s      100          933.9         1090.2     71.3     75.5     75.5    352.3 read
  960.0s      100          238.2          272.7    151.0    151.0    176.2    176.2 update
_elapsed___errors__ops/sec(inst)___ops/sec(cum)__p50(ms)__p95(ms)__p99(ms)_pMax(ms)
  961.0s      100          961.9         1090.1     71.3     71.3     75.5     75.5 read
  961.0s      100          220.0          272.7    151.0    151.0    151.0    151.0 update
  962.0s      100          899.5         1089.9     71.3     71.3     75.5     75.5 read
  962.0s      100          251.9          272.7    142.6    151.0    151.0    436.2 update
  963.0s      100          909.7         1089.7     71.3     71.3     75.5     75.5 read
  963.0s      100          248.9          272.6    142.6    151.0    184.5    184.5 update
  964.0s      100          956.8         1089.6     71.3     71.3     75.5     79.7 read
  964.0s      100          233.2          272.6    142.6    151.0    151.0    159.4 update
  965.0s      100          960.9         1089.4     71.3     71.3     75.5     75.5 read
  965.0s      100          229.0          272.6    151.0    151.0    151.0    151.0 update
  966.0s      100          954.5         1089.3     71.3     71.3     75.5     75.5 read
  966.0s      100          224.9          272.5    142.6    151.0    167.8    176.2 update
  967.0s      100          971.5         1089.2     71.3     71.3     75.5     75.5 read
  967.0s      100          224.1          272.5    142.6    151.0    151.0    151.0 update
  968.0s      100          973.4         1089.0     71.3     71.3     75.5     75.5 read
  968.0s      100          225.9          272.4    142.6    151.0    151.0    151.0 update
  969.0s      100          974.4         1088.9     71.3     71.3     75.5     75.5 read
  969.0s      100          223.1          272.4    142.6    151.0    151.0    151.0 update
  970.0s      100          926.4         1088.8     71.3     71.3     75.5     75.5 read
  970.0s      100          236.8          272.3    142.6    151.0    184.5    192.9 update
_elapsed___errors__ops/sec(inst)___ops/sec(cum)__p50(ms)__p95(ms)__p99(ms)_pMax(ms)
  971.0s      100          988.6         1088.7     71.3     71.3     75.5     75.5 read
  971.0s      100          213.1          272.3    151.0    151.0    151.0    151.0 update
  972.0s      100          963.0         1088.5     71.3     71.3     71.3     75.5 read
  972.0s      100          222.0          272.2    151.0    151.0    151.0    151.0 update
  973.0s      100          948.3         1088.4     71.3     71.3     75.5    369.1 read
  973.0s      100          230.1          272.2    142.6    151.0    184.5    192.9 update
  974.0s      100          985.9         1088.3     71.3     71.3     75.5     75.5 read
  974.0s      100          221.0          272.1    142.6    151.0    151.0    151.0 update
  975.0s      100          941.2         1088.1     71.3     71.3     75.5     75.5 read
  975.0s      100          239.0          272.1    142.6    151.0    151.0    151.0 update
  976.0s      100          964.7         1088.0     71.3     71.3     75.5    369.1 read
  976.0s      100          217.9          272.0    142.6    151.0    176.2    184.5 update
  977.0s      100          969.2         1087.9     71.3     71.3     75.5    369.1 read
  977.0s      100          212.0          272.0    142.6    151.0    151.0    151.0 update
  978.0s      100          956.1         1087.7     71.3     71.3     75.5     75.5 read
  978.0s      100          233.0          271.9    142.6    151.0    151.0    151.0 update
  979.0s      100          910.0         1087.6     71.3     71.3     75.5     75.5 read
  979.0s      100          251.0          271.9    142.6    151.0    151.0    151.0 update
  980.0s      100          888.8         1087.4     71.3     75.5     75.5    369.1 read
  980.0s      100          255.9          271.9    142.6    151.0    176.2    192.9 update
_elapsed___errors__ops/sec(inst)___ops/sec(cum)__p50(ms)__p95(ms)__p99(ms)_pMax(ms)
  981.0s      100          935.2         1087.2     71.3     71.3     75.5     75.5 read
  981.0s      100          243.0          271.9    142.6    151.0    151.0    151.0 update
  982.0s      100          920.2         1087.0     71.3     71.3     75.5     75.5 read
  982.0s      100          243.8          271.8    142.6    151.0    151.0    151.0 update
  983.0s      100          910.4         1086.9     71.3     71.3     75.5     75.5 read
  983.0s      100          253.1          271.8    142.6    151.0    167.8    192.9 update
  984.0s      100          969.1         1086.7     71.3     71.3     75.5     75.5 read
  984.0s      100          223.0          271.8    142.6    151.0    151.0    151.0 update
  985.0s      100          977.3         1086.6     71.3     71.3     75.5     79.7 read
  985.0s      100          199.1          271.7    142.6    151.0    159.4    234.9 update
  986.0s      100          956.8         1086.5     71.3     75.5     75.5     75.5 read
  986.0s      100          237.9          271.6    151.0    192.9    218.1    234.9 update
  987.0s      100          901.3         1086.3     71.3     75.5     75.5     75.5 read
  987.0s      100          254.1          271.6    151.0    151.0    192.9    192.9 update
  988.0s      100          951.7         1086.2     71.3     71.3     75.5     75.5 read
  988.0s      100          231.9          271.6    142.6    151.0    159.4    167.8 update
  989.0s      100          922.6         1086.0     71.3     71.3     75.5     79.7 read
  989.0s      100          246.9          271.6    142.6    151.0    151.0    159.4 update
  990.0s      100          916.3         1085.8     71.3     75.5     83.9     88.1 read
  990.0s      100          229.1          271.5    151.0    159.4    176.2    192.9 update
_elapsed___errors__ops/sec(inst)___ops/sec(cum)__p50(ms)__p95(ms)__p99(ms)_pMax(ms)
  991.0s      100          909.9         1085.7     71.3     71.3     75.5     75.5 read
  991.0s      100          244.0          271.5    151.0    201.3    234.9    234.9 update
  992.0s      100          927.8         1085.5     71.3     71.3     75.5     75.5 read
  992.0s      100          243.9          271.5    151.0    159.4    167.8    167.8 update
  993.0s      100          944.6         1085.4     71.3     71.3     75.5     75.5 read
  993.0s      100          231.1          271.4    151.0    151.0    151.0    159.4 update
  994.0s      100          963.1         1085.2     71.3     71.3     75.5     75.5 read
  994.0s      100          224.0          271.4    151.0    159.4    184.5    184.5 update
  995.0s      100          900.2         1085.0     71.3     75.5     75.5     79.7 read
  995.0s      100          249.0          271.4    151.0    151.0    159.4    159.4 update
  996.0s      100          946.4         1084.9     71.3     75.5     83.9     88.1 read
  996.0s      100          233.9          271.3    151.0    159.4    159.4    167.8 update
  997.0s      100          910.3         1084.7     71.3     75.5     75.5     75.5 read
  997.0s      100          245.1          271.3    151.0    151.0    159.4    167.8 update
  998.0s      100          917.2         1084.6     71.3     71.3     75.5     75.5 read
  998.0s      100          249.1          271.3    151.0    151.0    167.8    167.8 update
  999.0s      100          964.7         1084.4     71.3     75.5     83.9     92.3 read
  999.0s      100          220.9          271.2    151.0    151.0    167.8    176.2 update
 1000.0s      100          921.2         1084.3     71.3     75.5     75.5     75.5 read
 1000.0s      100          227.0          271.2    151.0    159.4    176.2    234.9 update
_elapsed___errors__ops/sec(inst)___ops/sec(cum)__p50(ms)__p95(ms)__p99(ms)_pMax(ms)
 1001.0s      100          889.5         1084.1     71.3     75.5     75.5     75.5 read
 1001.0s      100          247.9          271.1    151.0    234.9    243.3    251.7 update
 1002.0s      100          965.5         1084.0     71.3     75.5     75.5    369.1 read
 1002.0s      100          220.1          271.1    151.0    151.0    151.0    151.0 update
 1003.0s      100          932.1         1083.8     71.3     75.5     75.5     75.5 read
 1003.0s      100          242.0          271.1    151.0    151.0    159.4    159.4 update
 1004.0s      100          955.0         1083.7     71.3     75.5     75.5    385.9 read
 1004.0s      100          226.0          271.0    151.0    151.0    151.0    151.0 update

_elapsed___errors_____ops(total)___ops/sec(cum)__avg(ms)__p50(ms)__p95(ms)__p99(ms)_pMax(ms)__total
 1005.0s      100        1088956         1083.5     49.4     71.3     71.3     75.5    385.9  read

_elapsed___errors_____ops(total)___ops/sec(cum)__avg(ms)__p50(ms)__p95(ms)__p99(ms)_pMax(ms)__total
 1005.0s      100         272342          271.0    147.9    142.6    234.9    243.3    570.4  update

_elapsed___errors_____ops(total)___ops/sec(cum)__avg(ms)__p50(ms)__p95(ms)__p99(ms)_pMax(ms)__result
 1005.0s      100        1361298         1354.5     69.1     71.3    226.5    234.9    570.4  
