I260911 18:22:30.873814 1 workload/cli/run.go:702  [-] 1  random seed: 42
I260911 18:22:30.873948 1 workload/cli/run.go:487  [-] 2  creating load generator...
I260911 18:22:32.341381 1 workload/cli/run.go:536  [-] 3  creating load generator... done (took 1.467431548s)
_elapsed___errors__ops/sec(inst)___ops/sec(cum)__p50(ms)__p95(ms)__p99(ms)_pMax(ms)
    1.0s        0         1085.9         2679.8     11.5     35.7     62.9    109.1 read
    1.0s        0          235.0          580.0    100.7    125.8    151.0    184.5 update
    2.0s        0         2797.0         2738.4     10.5     23.1     30.4     37.7 read
    2.0s        0          714.0          647.0     96.5    113.2    121.6    142.6 update
    3.0s        0         2861.3         2779.6      8.9     22.0     28.3     39.8 read
    3.0s        0          751.5          681.9     96.5    113.2    121.6    142.6 update
    4.0s        0         2808.0         2786.6      9.4     21.0     27.3     33.6 read
    4.0s        0          751.0          699.2     96.5    113.2    121.6    130.0 update
    5.0s        0         2903.1         2809.9     10.0     23.1     30.4     48.2 read
    5.0s        0          730.3          705.4     96.5    113.2    121.6    134.2 update
    6.0s        0         2716.1         2794.2     12.1     27.3     37.7     48.2 read
    6.0s        0          650.8          696.3    100.7    117.4    125.8    142.6 update
    7.0s        0         2770.8         2790.8     11.0     25.2     33.6     41.9 read
    7.0s        0          698.2          696.5     96.5    117.4    125.8    134.2 update
    8.0s        0         2654.7         2773.9     11.5     25.2     31.5     48.2 read
    8.0s        0          681.9          694.7    100.7    117.4    125.8    142.6 update
    9.0s        0         2628.2         2757.6     10.5     26.2     37.7     65.0 read
    9.0s        0          701.1          695.4     96.5    117.4    130.0    142.6 update
   10.0s        0         2423.1         2724.2     14.2     30.4     39.8     67.1 read
   10.0s        0          571.8          683.1    109.1    142.6    176.2    184.5 update
_elapsed___errors__ops/sec(inst)___ops/sec(cum)__p50(ms)__p95(ms)__p99(ms)_pMax(ms)
   11.0s        0         2104.9         2667.9     17.8     37.7     44.0     75.5 read
   11.0s        0          500.0          666.4    125.8    167.8    184.5    209.7 update
   12.0s        0         2243.6         2632.6     14.7     31.5     46.1     60.8 read
   12.0s        0          555.9          657.2    113.2    151.0    167.8    192.9 update
   13.0s        0         2407.2         2615.2     14.2     29.4     37.7     54.5 read
   13.0s        0          597.5          652.6    109.1    134.2    142.6    335.5 update
   14.0s        0         2388.7         2599.0     11.0     30.4     44.0    100.7 read
   14.0s        0          649.4          652.4    109.1    142.6    151.0    159.4 update
   15.0s        0         2347.1         2582.3     12.1     29.4     41.9     67.1 read
   15.0s        0          616.6          650.0    113.2    142.6    159.4    159.4 update
   16.0s        0         2306.0         2565.0     12.1     30.4     37.7     54.5 read
   16.0s        0          612.0          647.6    113.2    142.6    167.8    318.8 update
   17.0s        0         2394.3         2554.9     13.6     31.5     44.0     65.0 read
   17.0s        0          593.1          644.4    109.1    142.6    159.4    184.5 update
   18.0s        0         2311.9         2541.4     13.6     31.5     46.1    134.2 read
   18.0s        0          588.0          641.3    113.2    142.6    176.2    251.7 update
   19.0s        0         2399.7         2534.0     13.1     30.4     39.8     65.0 read
   19.0s        0          605.9          639.4    109.1    134.2    142.6    151.0 update
   20.0s        0         2353.4         2524.9     12.1     30.4     41.9     62.9 read
   20.0s        0          622.1          638.5    109.1    142.6    151.0    159.4 update
_elapsed___errors__ops/sec(inst)___ops/sec(cum)__p50(ms)__p95(ms)__p99(ms)_pMax(ms)
   21.0s        0         2383.1         2518.2     13.6     33.6     44.0     58.7 read
   21.0s        0          572.8          635.4    113.2    142.6    159.4    176.2 update
   22.0s        0         2342.7         2510.2     12.6     30.4     44.0     62.9 read
   22.0s        0          607.7          634.2    109.1    142.6    159.4    176.2 update
   23.0s        0         2456.6         2507.9     12.6     29.4     39.8     67.1 read
   23.0s        0          589.4          632.2    113.2    134.2    151.0    151.0 update
   24.0s        0         2474.8         2506.5     12.6     30.4     41.9     62.9 read
   24.0s        0          600.2          630.9    113.2    142.6    151.0    159.4 update
   25.0s        0         2349.0         2500.2     15.7     30.4     37.7     54.5 read
   25.0s        0          569.8          628.4    113.2    130.0    142.6    151.0 update
   26.0s        0         2132.7         2486.1     15.7     41.9     56.6     83.9 read
   26.0s        0          518.2          624.2    117.4    151.0    167.8    318.8 update
   27.0s        0         2491.2         2486.3     11.0     33.6     48.2     75.5 read
   27.0s        0          596.6          623.2    113.2    151.0    159.4    167.8 update
   28.0s        0         2364.0         2481.9     12.1     31.5     39.8     83.9 read
   28.0s        0          619.3          623.0    109.1    142.6    151.0    192.9 update
   29.0s        0         2451.9         2480.9     13.1     31.5     41.9     65.0 read
   29.0s        0          593.7          622.0    109.1    134.2    151.0    159.4 update
   30.0s        0         2402.5         2478.3     13.1     30.4     44.0     65.0 read
   30.0s        0          604.4          621.4    113.2    142.6    159.4    167.8 update
_elapsed___errors__ops/sec(inst)___ops/sec(cum)__p50(ms)__p95(ms)__p99(ms)_pMax(ms)
   31.0s        0         2371.5         2474.8     13.1     33.6     48.2     96.5 read
   31.0s        0          598.9          620.7    113.2    142.6    167.8    184.5 update
   32.0s        0         2374.1         2471.7     13.6     32.5     44.0     60.8 read
   32.0s        0          571.0          619.2    109.1    142.6    151.0    167.8 update
   33.0s        0         2359.0         2468.3     11.0     33.6     46.1     67.1 read
   33.0s        0          638.0          619.7    109.1    134.2    151.0    167.8 update
   34.0s        0         2372.1         2465.4     12.6     30.4     41.9     60.8 read
   34.0s        0          618.8          619.7    109.1    130.0    142.6    151.0 update
   35.0s        0         2399.3         2463.5     13.6     29.4     37.7     52.4 read
   35.0s        0          590.3          618.9    113.2    134.2    151.0    159.4 update
   36.0s        0         2339.4         2460.1     13.6     35.7     88.1    142.6 read
   36.0s        0          587.1          618.0    109.1    134.2    159.4    209.7 update
   37.0s        0         2403.6         2458.6     12.6     32.5     56.6    100.7 read
   37.0s        0          619.9          618.0    109.1    130.0    159.4    218.1 update
   38.0s        0         2420.6         2457.5     14.7     31.5     46.1     60.8 read
   38.0s        0          569.1          616.7    109.1    142.6    151.0    176.2 update
   39.0s        0         2433.7         2456.9     13.1     30.4     39.8     54.5 read
   39.0s        0          575.4          615.7    109.1    142.6    151.0    167.8 update
   40.0s        0         2330.3         2453.8     11.0     29.4     44.0     67.1 read
   40.0s        0          641.1          616.3    113.2    142.6    159.4    167.8 update
_elapsed___errors__ops/sec(inst)___ops/sec(cum)__p50(ms)__p95(ms)__p99(ms)_pMax(ms)
   41.0s        0         2090.2         2444.9     16.3     37.7     46.1     71.3 read
   41.0s        0          545.3          614.6    117.4    159.4    167.8    184.5 update
   42.0s        0         2359.1         2442.9     15.7     31.5     39.8     56.6 read
   42.0s        0          541.0          612.8    113.2    142.6    151.0    159.4 update
   43.0s        0         2434.7         2442.7     14.2     31.5     44.0     56.6 read
   43.0s        0          573.7          611.9    113.2    142.6    151.0    176.2 update
   44.0s        0         2238.1         2438.0     14.7     32.5     41.9     50.3 read
   44.0s        0          595.3          611.5    109.1    134.2    142.6    159.4 update
   45.0s        0         2809.5         2446.3     10.5     26.2     35.7     60.8 read
   45.0s        0          695.9          613.4    100.7    121.6    134.2    142.6 update
   46.0s        0         2913.5         2456.4      9.4     22.0     29.4     46.1 read
   46.0s        0          746.1          616.3     96.5    109.1    121.6    130.0 update
   47.0s        0         2965.6         2467.3      8.9     19.9     26.2     39.8 read
   47.0s        0          767.1          619.5     96.5    109.1    117.4    125.8 update
   48.0s        0         2942.3         2477.2      9.4     23.1     31.5     44.0 read
   48.0s        0          734.3          621.9     96.5    113.2    121.6    142.6 update
   49.0s        0         2817.5         2484.1     10.0     24.1     30.4     44.0 read
   49.0s        0          731.6          624.1     96.5    113.2    117.4    130.0 update
   50.0s        0         2289.8         2480.2     17.8     50.3     71.3     96.5 read
   50.0s        0          574.0          623.1     92.3    109.1    125.8    142.6 update
_elapsed___errors__ops/sec(inst)___ops/sec(cum)__p50(ms)__p95(ms)__p99(ms)_pMax(ms)
   51.0s        0         2211.6         2475.0     16.3     48.2     67.1    100.7 read
   51.0s        0          595.9          622.6     96.5    125.8    142.6    151.0 update
   52.0s        0         2350.9         2472.6     17.8     44.0     71.3     96.5 read
   52.0s        0          558.0          621.4     92.3    121.6    134.2    142.6 update
   53.0s        0         2334.0         2470.0     17.8     39.8     67.1     79.7 read
   53.0s        0          599.0          620.9     92.3    113.2    130.0    142.6 update
   54.0s        0         2552.2         2471.5     15.2     30.4     37.7     54.5 read
   54.0s        0          656.0          621.6     92.3    100.7    109.1    121.6 update
   55.0s        0         2285.7         2468.1     12.6     37.7     54.5     92.3 read
   55.0s        0          614.9          621.5    104.9    130.0    151.0    260.0 update
   56.0s        0         2234.9         2463.9     14.7     41.9     71.3    134.2 read
   56.0s        0          575.2          620.6    109.1    142.6    159.4    176.2 update
   57.0s        0         2333.4         2461.7     11.5     33.6     44.0     52.4 read
   57.0s        0          626.8          620.8    104.9    134.2    142.6    159.4 update
   58.0s        0         2336.9         2459.5     14.2     33.6     44.0     88.1 read
   58.0s        0          588.0          620.2    113.2    142.6    151.0    159.4 update
   59.0s        0         2305.7         2456.9     13.6     30.4     37.7     62.9 read
   59.0s        0          579.9          619.5    117.4    151.0    159.4    167.8 update
   60.0s        0         2358.4         2455.3     13.1     31.5     44.0     54.5 read
   60.0s        0          590.1          619.0    109.1    134.2    151.0    159.4 update
_elapsed___errors__ops/sec(inst)___ops/sec(cum)__p50(ms)__p95(ms)__p99(ms)_pMax(ms)
   61.0s        0         2351.8         2453.6     11.0     31.5     48.2     65.0 read
   61.0s        0          614.0          618.9    113.2    151.0    159.4    167.8 update
   62.0s        0         2328.5         2451.5     14.2     31.5     39.8     56.6 read
   62.0s        0          605.1          618.7    113.2    142.6    151.0    159.4 update
   63.0s        0         2358.7         2450.1     12.6     29.4     37.7     52.4 read
   63.0s        0          607.9          618.5    113.2    134.2    142.6    151.0 update
   64.0s        0         2348.1         2448.5     13.6     32.5     46.1     56.6 read
   64.0s        0          592.8          618.1    113.2    142.6    151.0    159.4 update
   65.0s        0         1667.4         2436.5     14.2     35.7     50.3     75.5 read
   65.0s        0          375.9          614.4    113.2    142.6    159.4    176.2 update
E260911 18:23:37.544720 1 workload/cli/run.go:624  [-] 4  unexpected EOF
   66.0s      100            0.0         2399.6      0.0      0.0      0.0      0.0 read
   66.0s      100            0.0          605.1      0.0      0.0      0.0      0.0 update
   67.0s      100            0.0         2363.7      0.0      0.0      0.0      0.0 read
   67.0s      100            0.0          596.1      0.0      0.0      0.0      0.0 update
   68.0s      100            0.0         2329.0      0.0      0.0      0.0      0.0 read
   68.0s      100            0.0          587.3      0.0      0.0      0.0      0.0 update
E260911 18:23:40.559832 1 workload/cli/run.go:624  [-] 5  failed to connect to `user=root database=ycsb`: 127.0.0.1:26257 (127.0.0.1): failed to receive message: unexpected EOF
   69.0s      101            0.0         2295.2      0.0      0.0      0.0      0.0 read
   69.0s      101            0.0          578.8      0.0      0.0      0.0      0.0 update
   70.0s      101            0.0         2262.4      0.0      0.0      0.0      0.0 read
   70.0s      101            0.0          570.5      0.0      0.0      0.0      0.0 update
_elapsed___errors__ops/sec(inst)___ops/sec(cum)__p50(ms)__p95(ms)__p99(ms)_pMax(ms)
   71.0s      101            0.0         2230.6      0.0      0.0      0.0      0.0 read
   71.0s      101            0.0          562.5      0.0      0.0      0.0      0.0 update
E260911 18:23:43.561793 1 workload/cli/run.go:624  [-] 6  failed to connect to `user=root database=ycsb`: 127.0.0.1:26257 (127.0.0.1): failed to receive message: unexpected EOF
   72.0s      201            0.0         2199.6      0.0      0.0      0.0      0.0 read
   72.0s      201            0.0          554.7      0.0      0.0      0.0      0.0 update
   73.0s      201            0.0         2169.4      0.0      0.0      0.0      0.0 read
   73.0s      201            0.0          547.1      0.0      0.0      0.0      0.0 update
   74.0s      201            0.0         2140.1      0.0      0.0      0.0      0.0 read
   74.0s      201            0.0          539.7      0.0      0.0      0.0      0.0 update
E260911 18:23:46.569205 1 workload/cli/run.go:624  [-] 7  failed to connect to `user=root database=ycsb`: 127.0.0.1:26257 (127.0.0.1): failed to receive message: unexpected EOF
   75.0s      301           59.0         2112.4     39.8     67.1     71.3     75.5 read
   75.0s      301            0.0          532.5      0.0      0.0      0.0      0.0 update
   76.0s      301         1062.5         2098.6     31.5     67.1    268.4    335.5 read
   76.0s      301          231.1          528.5    226.5    285.2    486.5    503.3 update
   77.0s      301         1202.5         2087.0     30.4     46.1     52.4     79.7 read
   77.0s      301          279.9          525.3    218.1    234.9    260.0    402.7 update
   78.0s      301         1126.2         2074.6     29.4     39.8     46.1     58.7 read
   78.0s      301          297.1          522.4    218.1    234.9    251.7    402.7 update
   79.0s      301         1166.0         2063.1     29.4     50.3     75.5    100.7 read
   79.0s      301          279.0          519.3    226.5    260.0    285.2    302.0 update
   80.0s      301          980.9         2049.6     32.5     71.3     96.5    113.2 read
   80.0s      301          272.0          516.2    226.5    285.2    302.0    939.5 update
_elapsed___errors__ops/sec(inst)___ops/sec(cum)__p50(ms)__p95(ms)__p99(ms)_pMax(ms)
   81.0s      301         1153.7         2038.5     30.4     60.8     79.7    369.1 read
   81.0s      301          271.9          513.2    226.5    268.4    302.0    536.9 update
   82.0s      301         1215.4         2028.5     29.4     39.8     46.1     50.3 read
   82.0s      301          293.1          510.5    218.1    234.9    243.3    243.3 update
   83.0s      301         1261.5         2019.3     28.3     35.7     44.0     50.3 read
   83.0s      301          293.9          507.9    218.1    234.9    243.3    260.0 update
   84.0s      301         1081.5         2008.1     27.3     31.5     35.7     37.7 read
   84.0s      301          327.1          505.7    218.1    226.5    243.3    243.3 update
   85.0s      301         1165.5         1998.2     28.3     33.6     39.8     52.4 read
   85.0s      301          313.9          503.5    218.1    234.9    243.3    268.4 update
   86.0s      301         1238.9         1989.4     29.4     39.8     48.2     60.8 read
   86.0s      301          286.0          500.9    218.1    234.9    243.3    260.0 update
   87.0s      301         1217.6         1980.5     27.3     31.5     35.7     39.8 read
   87.0s      301          313.2          498.8    218.1    226.5    234.9    234.9 update
   88.0s      301         1302.0         1972.8     28.3     37.7     46.1     52.4 read
   88.0s      301          291.0          496.4    218.1    234.9    243.3    251.7 update
   89.0s      301         1418.5         1966.6     23.1     31.5     37.7     44.0 read
   89.0s      301          307.9          494.3    218.1    234.9    243.3    251.7 update
   90.0s      301         1295.8         1959.1     23.1     31.5     39.8     50.3 read
   90.0s      301          331.9          492.5    218.1    226.5    234.9    243.3 update
_elapsed___errors__ops/sec(inst)___ops/sec(cum)__p50(ms)__p95(ms)__p99(ms)_pMax(ms)
   91.0s      301         1249.8         1951.3     22.0     37.7     48.2     67.1 read
   91.0s      301          321.2          490.6    218.1    243.3    243.3    260.0 update
   92.0s      301         1354.6         1944.8     22.0     29.4     35.7     39.8 read
   92.0s      301          339.9          489.0    209.7    226.5    243.3    243.3 update
   93.0s      301         1316.1         1938.1     22.0     27.3     32.5    192.9 read
   93.0s      301          333.8          487.3    209.7    226.5    234.9    234.9 update
   94.0s      301         1405.2         1932.4     22.0     29.4     35.7     50.3 read
   94.0s      301          327.3          485.6    209.7    226.5    234.9    243.3 update
   95.0s      301         1331.9         1926.1     23.1     30.4     33.6     44.0 read
   95.0s      301          326.0          483.9    209.7    226.5    234.9    234.9 update
   96.0s      301         1232.1         1918.8     25.2     46.1     54.5     71.3 read
   96.0s      301          304.8          482.1    218.1    243.3    251.7    285.2 update
   97.0s      301         1186.5         1911.3     27.3     50.3     71.3     75.5 read
   97.0s      301          289.1          480.1    226.5    260.0    260.0    268.4 update
   98.0s      301         1093.5         1902.9     30.4     52.4     65.0     75.5 read
   98.0s      301          291.1          478.2    226.5    251.7    260.0    285.2 update
   99.0s      301         1206.8         1895.9     28.3     50.3     60.8     79.7 read
   99.0s      301          279.0          476.1    226.5    243.3    251.7    260.0 update
  100.0s      301         1076.3         1887.7     25.2     52.4     65.0     83.9 read
  100.0s      301          325.1          474.6    218.1    243.3    251.7    260.0 update
_elapsed___errors__ops/sec(inst)___ops/sec(cum)__p50(ms)__p95(ms)__p99(ms)_pMax(ms)
  101.0s      301         1176.4         1880.7     25.2     60.8     88.1    385.9 read
  101.0s      301          289.9          472.8    226.5    285.2    302.0    318.8 update
  102.0s      301         1331.0         1875.3     22.0     35.7     58.7     75.5 read
  102.0s      301          312.0          471.2    218.1    243.3    251.7    260.0 update
  103.0s      301         1284.7         1869.5     23.1     31.5     48.2     62.9 read
  103.0s      301          330.9          469.9    209.7    226.5    243.3    251.7 update
  104.0s      301         1317.8         1864.2     22.0     29.4     35.7     46.1 read
  104.0s      301          341.2          468.6    209.7    226.5    234.9    234.9 update
  105.0s      301         1336.8         1859.2     23.1     30.4     35.7     44.0 read
  105.0s      301          321.9          467.2    209.7    226.5    234.9    243.3 update
  106.0s      301         1275.4         1853.7     23.1     32.5     41.9     52.4 read
  106.0s      301          332.8          466.0    218.1    226.5    243.3    251.7 update
  107.0s      301         1193.7         1847.5     25.2     41.9     50.3     65.0 read
  107.0s      301          309.2          464.5    226.5    243.3    251.7    268.4 update
  108.0s      301         1149.3         1841.1     27.3     39.8     50.3     75.5 read
  108.0s      301          290.8          462.9    234.9    251.7    260.0    268.4 update
  109.0s      301         1244.1         1835.6     27.3     44.0     52.4     62.9 read
  109.0s      301          291.0          461.3    226.5    243.3    251.7    260.0 update
  110.0s      301         1297.6         1830.7     24.1     35.7     46.1     67.1 read
  110.0s      301          319.1          460.0    218.1    234.9    251.7    268.4 update
_elapsed___errors__ops/sec(inst)___ops/sec(cum)__p50(ms)__p95(ms)__p99(ms)_pMax(ms)
  111.0s      301         1317.3         1826.1     23.1     35.7     44.0     56.6 read
  111.0s      301          321.1          458.8    218.1    234.9    251.7    251.7 update
  112.0s      301         1254.7         1821.0     23.1     32.5     41.9     60.8 read
  112.0s      301          322.7          457.5    218.1    226.5    243.3    243.3 update
  113.0s      301         1289.2         1816.3     22.0     29.4     35.7     46.1 read
  113.0s      301          340.3          456.5    209.7    226.5    234.9    243.3 update
  114.0s      301         1321.9         1811.9     22.0     27.3     30.4     41.9 read
  114.0s      301          340.0          455.5    209.7    226.5    234.9    234.9 update
  115.0s      301         1286.3         1807.4     22.0     28.3     32.5     39.8 read
  115.0s      301          333.8          454.4    209.7    218.1    226.5    234.9 update
  116.0s      301         1202.7         1802.2     22.0     29.4     37.7     62.9 read
  116.0s      301          353.2          453.6    209.7    234.9    234.9    243.3 update
  117.0s      301         1343.4         1798.2     22.0     26.2     30.4     39.8 read
  117.0s      301          351.8          452.7    209.7    218.1    226.5    226.5 update
  118.0s      301         1179.8         1793.0     22.0     31.5     46.1     52.4 read
  118.0s      301          340.9          451.7    209.7    226.5    234.9    234.9 update
  119.0s      301         1367.7         1789.4     23.1     30.4     35.7     48.2 read
  119.0s      301          329.2          450.7    209.7    226.5    234.9    243.3 update
  120.0s      301         1385.2         1786.1     22.0     26.2     32.5     44.0 read
  120.0s      301          330.0          449.7    209.7    226.5    243.3    243.3 update
_elapsed___errors__ops/sec(inst)___ops/sec(cum)__p50(ms)__p95(ms)__p99(ms)_pMax(ms)
  121.0s      301         1160.0         1780.9     26.2     58.7     75.5    302.0 read
  121.0s      301          266.0          448.2    234.9    285.2    302.0    503.3 update
  122.0s      301         1335.0         1777.2     22.0     27.3     33.6     39.8 read
  122.0s      301          340.0          447.3    209.7    226.5    234.9    243.3 update
  123.0s      301         1303.1         1773.4     22.0     26.2     29.4     35.7 read
  123.0s      301          352.0          446.5    209.7    226.5    226.5    234.9 update
  124.0s      301         1389.3         1770.3     22.0     28.3     33.6     48.2 read
  124.0s      301          329.8          445.6    209.7    226.5    234.9    234.9 update
  125.0s      301         1394.9         1767.3     23.1     33.6     37.7     44.0 read
  125.0s      301          313.0          444.5    209.7    226.5    234.9    243.3 update
  126.0s      301         1309.7         1763.6     23.1     41.9     54.5     75.5 read
  126.0s      301          313.2          443.5    218.1    234.9    251.7    260.0 update
  127.0s      301         1384.8         1760.7     22.0     30.4     35.7     46.1 read
  127.0s      301          324.7          442.5    209.7    226.5    234.9    243.3 update
  128.0s      301         1351.2         1757.5     22.0     28.3     35.7     46.1 read
  128.0s      301          332.3          441.7    209.7    226.5    234.9    234.9 update
  129.0s      301         1313.9         1754.0     21.0     25.2     30.4     35.7 read
  129.0s      301          354.7          441.0    209.7    226.5    234.9    234.9 update
  130.0s      301         1369.0         1751.1     24.1     33.6     39.8     46.1 read
  130.0s      301          310.2          440.0    218.1    234.9    243.3    243.3 update
_elapsed___errors__ops/sec(inst)___ops/sec(cum)__p50(ms)__p95(ms)__p99(ms)_pMax(ms)
  131.0s      301         1281.6         1747.5     23.1     44.0     60.8     79.7 read
  131.0s      301          304.9          439.0    218.1    243.3    251.7    260.0 update
  132.0s      301         1296.3         1744.1     22.0     27.3     32.5     48.2 read
  132.0s      301          343.1          438.2    209.7    226.5    226.5    234.9 update
  133.0s      301         1319.9         1740.9     22.0     29.4     33.6     41.9 read
  133.0s      301          344.0          437.5    209.7    226.5    234.9    243.3 update
  134.0s      301         1241.3         1737.1     22.0     27.3     31.5     39.8 read
  134.0s      301          352.1          436.9    209.7    226.5    226.5    234.9 update
  135.0s      301         1249.9         1733.5     22.0     28.3     41.9     50.3 read
  135.0s      301          346.7          436.2    209.7    226.5    234.9    243.3 update
  136.0s      301         1286.5         1730.2     22.0     32.5     39.8     50.3 read
  136.0s      301          330.1          435.5    209.7    234.9    243.3    251.7 update
  137.0s      301         1439.6         1728.1     22.0     26.2     30.4     35.7 read
  137.0s      301          338.1          434.7    209.7    226.5    234.9    234.9 update
  138.0s      301         1292.5         1725.0     22.0     32.5     39.8     50.3 read
  138.0s      301          317.9          433.9    209.7    234.9    243.3    251.7 update
  139.0s      301         1391.1         1722.6     22.0     35.7     46.1     67.1 read
  139.0s      301          330.0          433.1    209.7    226.5    234.9    243.3 update
  140.0s      301         1344.1         1719.9     22.0     27.3     31.5     37.7 read
  140.0s      301          333.0          432.4    209.7    226.5    234.9    234.9 update
_elapsed___errors__ops/sec(inst)___ops/sec(cum)__p50(ms)__p95(ms)__p99(ms)_pMax(ms)
  141.0s      301         1118.8         1715.6     24.1     48.2     58.7     71.3 read
  141.0s      301          303.9          431.5    226.5    251.7    260.0    268.4 update
  142.0s      301         1332.6         1712.9     22.0     30.4     39.8     54.5 read
  142.0s      301          343.2          430.9    209.7    234.9    243.3    251.7 update
  143.0s      301         1467.8         1711.2     22.0     30.4     33.6     48.2 read
  143.0s      301          311.0          430.1    209.7    226.5    234.9    234.9 update
  144.0s      301         1361.0         1708.8     22.0     29.4     35.7     41.9 read
  144.0s      301          339.0          429.4    209.7    226.5    226.5    234.9 update
  145.0s      301         1333.1         1706.2     22.0     31.5     37.7     52.4 read
  145.0s      301          326.0          428.7    209.7    226.5    234.9    234.9 update
  146.0s      301         1357.0         1703.8     22.0     28.3     35.7     50.3 read
  146.0s      301          332.0          428.1    209.7    226.5    243.3    251.7 update
  147.0s      301         1419.7         1701.8     22.0     29.4     39.8     50.3 read
  147.0s      301          327.9          427.4    209.7    218.1    226.5    234.9 update
  148.0s      301         1279.8         1699.0     22.0     29.4     37.7     52.4 read
  148.0s      301          322.9          426.7    209.7    234.9    251.7    251.7 update
  149.0s      301         1387.7         1696.9     21.0     26.2     29.4     37.7 read
  149.0s      301          349.2          426.1    209.7    226.5    234.9    234.9 update
  150.0s      301         1301.5         1694.3     21.0     26.2     32.5     39.8 read
  150.0s      301          338.9          425.6    209.7    218.1    226.5    234.9 update
_elapsed___errors__ops/sec(inst)___ops/sec(cum)__p50(ms)__p95(ms)__p99(ms)_pMax(ms)
  151.0s      301         1301.4         1691.7     22.0     35.7     48.2     75.5 read
  151.0s      301          333.8          425.0    218.1    234.9    251.7    260.0 update
  152.0s      301         1461.3         1690.1     22.0     32.5     44.0     71.3 read
  152.0s      301          312.1          424.2    209.7    234.9    243.3    243.3 update
  153.0s      301         1442.6         1688.5     22.0     33.6     46.1     60.8 read
  153.0s      301          313.1          423.5    209.7    226.5    234.9    251.7 update
  154.0s      301         1384.1         1686.5     21.0     26.2     39.8     46.1 read
  154.0s      301          339.8          422.9    209.7    226.5    226.5    226.5 update
  155.0s      301         1378.5         1684.6     21.0     24.1     27.3     33.6 read
  155.0s      301          346.1          422.4    209.7    226.5    234.9    243.3 update
  156.0s      301         1290.4         1682.0     22.0     26.2     30.4     37.7 read
  156.0s      301          343.1          421.9    209.7    226.5    234.9    243.3 update
  157.0s      301         1413.3         1680.3     21.0     25.2     29.4     35.7 read
  157.0s      301          332.1          421.4    209.7    218.1    226.5    226.5 update
  158.0s      301         1228.0         1677.5     24.1     39.8     58.7     71.3 read
  158.0s      301          314.0          420.7    218.1    243.3    268.4    285.2 update
  159.0s      301         1121.7         1674.0     22.0     39.8     50.3     62.9 read
  159.0s      301          338.9          420.2    209.7    243.3    251.7    251.7 update
  160.0s      301         1236.0         1671.2     23.1     48.2     65.0     92.3 read
  160.0s      301          313.0          419.5    218.1    260.0    285.2    285.2 update
_elapsed___errors__ops/sec(inst)___ops/sec(cum)__p50(ms)__p95(ms)__p99(ms)_pMax(ms)
  161.0s      301         1342.1         1669.2     23.1     32.5     41.9     56.6 read
  161.0s      301          314.0          418.9    218.1    234.9    251.7    260.0 update
  162.0s      301         1365.0         1667.3     22.0     27.3     31.5     37.7 read
  162.0s      301          335.0          418.3    209.7    226.5    234.9    234.9 update
  163.0s      301         1377.5         1665.5     22.0     29.4     33.6     37.7 read
  163.0s      301          327.9          417.8    209.7    218.1    226.5    243.3 update
  164.0s      301         1371.6         1663.7     22.0     27.3     31.5     44.0 read
  164.0s      301          338.1          417.3    209.7    226.5    226.5    234.9 update
  165.0s      301         1363.2         1661.9     22.0     26.2     29.4     41.9 read
  165.0s      301          337.8          416.8    209.7    226.5    226.5    234.9 update
  166.0s      301         1303.9         1659.8     22.0     30.4     46.1     65.0 read
  166.0s      301          341.2          416.4    209.7    234.9    243.3    251.7 update
  167.0s      301         1342.8         1657.9     22.0     28.3     35.7     44.0 read
  167.0s      301          321.0          415.8    209.7    226.5    234.9    234.9 update
  168.0s      301         1235.0         1655.3     23.1     35.7     46.1     71.3 read
  168.0s      301          331.0          415.3    218.1    234.9    243.3    260.0 update
  169.0s      301         1226.1         1652.8     26.2     44.0     52.4     75.5 read
  169.0s      301          283.0          414.5    234.9    251.7    260.0    268.4 update
  170.0s      301         1094.2         1649.5     25.2     41.9     54.5     60.8 read
  170.0s      301          319.8          413.9    226.5    251.7    260.0    260.0 update
_elapsed___errors__ops/sec(inst)___ops/sec(cum)__p50(ms)__p95(ms)__p99(ms)_pMax(ms)
  171.0s      301         1144.9         1646.6     27.3     46.1     56.6     79.7 read
  171.0s      301          304.2          413.3    226.5    243.3    260.0    260.0 update
  172.0s      301         1329.9         1644.7     25.2     41.9     50.3     58.7 read
  172.0s      301          295.0          412.6    226.5    243.3    251.7    285.2 update
  173.0s      301         1372.6         1643.2     21.0     26.2     29.4     37.7 read
  173.0s      301          339.9          412.2    209.7    218.1    226.5    234.9 update
  174.0s      301         1290.8         1641.1     21.0     26.2     30.4     37.7 read
  174.0s      301          345.9          411.8    209.7    218.1    226.5    226.5 update
  175.0s      301         1314.1         1639.3     21.0     25.2     28.3     37.7 read
  175.0s      301          350.0          411.5    209.7    218.1    226.5    226.5 update
  176.0s      301         1321.5         1637.5     23.1     39.8     50.3     58.7 read
  176.0s      301          318.1          410.9    218.1    234.9    243.3    260.0 update
  177.0s      301         1313.1         1635.6     21.0     26.2     31.5     41.9 read
  177.0s      301          335.0          410.5    209.7    226.5    234.9    234.9 update
  178.0s      301         1257.4         1633.5     26.2     46.1     58.7     71.3 read
  178.0s      301          293.9          409.8    218.1    251.7    260.0    285.2 update
  179.0s      301         1289.4         1631.6     22.0     30.4     39.8     52.4 read
  179.0s      301          337.1          409.4    209.7    226.5    234.9    251.7 update
  180.0s      301         1394.2         1630.3     22.0     29.4     33.6     41.9 read
  180.0s      301          329.8          409.0    209.7    226.5    234.9    243.3 update
_elapsed___errors__ops/sec(inst)___ops/sec(cum)__p50(ms)__p95(ms)__p99(ms)_pMax(ms)
  181.0s      301         1162.6         1627.7     24.1     67.1     83.9    159.4 read
  181.0s      301          282.2          408.3    226.5    285.2    318.8    352.3 update
  182.0s      301         1401.3         1626.4     22.0     27.3     35.7     44.0 read
  182.0s      301          327.1          407.8    209.7    226.5    234.9    243.3 update
  183.0s      301         1269.6         1624.5     21.0     25.2     28.3     39.8 read
  183.0s      301          353.9          407.6    209.7    226.5    226.5    234.9 update
  184.0s      301         1353.5         1623.0     22.0     30.4     39.8     48.2 read
  184.0s      301          331.1          407.1    209.7    226.5    234.9    243.3 update
  185.0s      301         1343.7         1621.5     22.0     31.5     37.7     52.4 read
  185.0s      301          332.9          406.7    209.7    226.5    226.5    234.9 update
  186.0s      301         1311.6         1619.8     22.0     35.7     44.0     60.8 read
  186.0s      301          318.9          406.3    218.1    234.9    251.7    251.7 update
  187.0s      301         1269.2         1618.0     21.0     26.2     33.6     41.9 read
  187.0s      301          353.1          406.0    209.7    226.5    226.5    234.9 update
  188.0s      301         1261.8         1616.1     25.2     41.9     50.3     71.3 read
  188.0s      301          303.0          405.4    218.1    234.9    243.3    251.7 update
  189.0s      301         1215.7         1613.9     25.2     41.9     48.2     56.6 read
  189.0s      301          315.2          405.0    218.1    243.3    251.7    260.0 update
  190.0s      301         1073.8         1611.1     29.4     48.2     65.0     75.5 read
  190.0s      301          291.0          404.4    226.5    251.7    268.4    285.2 update
_elapsed___errors__ops/sec(inst)___ops/sec(cum)__p50(ms)__p95(ms)__p99(ms)_pMax(ms)
  191.0s      301         1161.4         1608.7     28.3     46.1     62.9     75.5 read
  191.0s      301          300.8          403.8    218.1    251.7    268.4    302.0 update
  192.0s      301         1206.3         1606.6     27.3     31.5     39.8     46.1 read
  192.0s      301          317.1          403.4    218.1    226.5    234.9    234.9 update
  193.0s      301         1187.9         1604.5     27.3     31.5     33.6     46.1 read
  193.0s      301          307.0          402.9    218.1    226.5    234.9    234.9 update
  194.0s      301         1267.5         1602.7     28.3     35.7     48.2     62.9 read
  194.0s      301          308.9          402.4    218.1    234.9    234.9    243.3 update
  195.0s      301         1098.3         1600.2     27.3     31.5     46.1     60.8 read
  195.0s      301          330.1          402.0    218.1    226.5    234.9    243.3 update
  196.0s      301         1179.4         1598.0     27.3     39.8     65.0     83.9 read
  196.0s      301          306.1          401.5    218.1    243.3    251.7    260.0 update
  197.0s      301         1209.6         1596.0     27.3     30.4     32.5     35.7 read
  197.0s      301          318.9          401.1    218.1    218.1    226.5    234.9 update
  198.0s      301         1152.7         1593.8     27.3     35.7     46.1     58.7 read
  198.0s      301          309.2          400.6    218.1    226.5    243.3    243.3 update
  199.0s      301         1215.2         1591.9     27.3     31.5     37.7     56.6 read
  199.0s      301          315.8          400.2    218.1    226.5    243.3    243.3 update
  200.0s      301         1304.2         1590.5     27.3     30.4     35.7     39.8 read
  200.0s      301          307.0          399.7    218.1    234.9    234.9    243.3 update
_elapsed___errors__ops/sec(inst)___ops/sec(cum)__p50(ms)__p95(ms)__p99(ms)_pMax(ms)
  201.0s      301         1270.2         1588.9     27.3     41.9     56.6     79.7 read
  201.0s      301          290.1          399.2    218.1    251.7    268.4    285.2 update
  202.0s      301         1154.7         1586.7     27.3     32.5     37.7     58.7 read
  202.0s      301          316.9          398.8    218.1    226.5    243.3    260.0 update
  203.0s      301         1215.8         1584.9     27.3     32.5     37.7     50.3 read
  203.0s      301          313.9          398.4    218.1    226.5    234.9    243.3 update
  204.0s      301         1171.0         1582.9     28.3     52.4     71.3     92.3 read
  204.0s      301          275.0          397.8    226.5    260.0    285.2    302.0 update
  205.0s      301         1232.7         1581.2     27.3     31.5     37.7     50.3 read
  205.0s      301          311.2          397.3    218.1    226.5    234.9    243.3 update
  206.0s      301         1210.0         1579.3     28.3     44.0     60.8     71.3 read
  206.0s      301          291.7          396.8    218.1    234.9    243.3    251.7 update
  207.0s      301         1219.3         1577.6     28.3     35.7     39.8     46.1 read
  207.0s      301          303.1          396.4    218.1    226.5    234.9    243.3 update
  208.0s      301         1228.8         1575.9     27.3     35.7     41.9     52.4 read
  208.0s      301          311.2          396.0    218.1    234.9    234.9    243.3 update
  209.0s      301         1301.1         1574.6     27.3     35.7     41.9     58.7 read
  209.0s      301          302.8          395.5    218.1    226.5    234.9    234.9 update
  210.0s      301         1200.9         1572.8     27.3     30.4     33.6     44.0 read
  210.0s      301          315.2          395.1    218.1    226.5    234.9    251.7 update
_elapsed___errors__ops/sec(inst)___ops/sec(cum)__p50(ms)__p95(ms)__p99(ms)_pMax(ms)
  211.0s      301         1136.9         1570.8     27.3     39.8     52.4     71.3 read
  211.0s      301          313.7          394.8    218.1    234.9    243.3    251.7 update
  212.0s      301         1227.0         1569.1     27.3     35.7     41.9     50.3 read
  212.0s      301          306.3          394.3    218.1    234.9    243.3    243.3 update
  213.0s      301         1249.6         1567.6     27.3     31.5     37.7     50.3 read
  213.0s      301          311.9          393.9    218.1    226.5    234.9    234.9 update
  214.0s      301         1288.6         1566.3     27.3     31.5     35.7     37.7 read
  214.0s      301          305.1          393.5    218.1    226.5    234.9    243.3 update
  215.0s      301         1239.2         1564.8     27.3     30.4     35.7     41.9 read
  215.0s      301          316.8          393.2    218.1    218.1    234.9    234.9 update
  216.0s      301         1109.3         1562.7     27.3     37.7     50.3     67.1 read
  216.0s      301          317.1          392.8    218.1    234.9    243.3    251.7 update
  217.0s      301         1153.2         1560.8     27.3     31.5     37.7     48.2 read
  217.0s      301          319.8          392.5    218.1    226.5    234.9    234.9 update
  218.0s      301         1115.3         1558.8     27.3     33.6     37.7     41.9 read
  218.0s      301          327.4          392.2    218.1    234.9    243.3    268.4 update
  219.0s      301         1181.5         1557.1     27.3     32.5     39.8     48.2 read
  219.0s      301          313.9          391.8    218.1    226.5    234.9    243.3 update
  220.0s      301         1244.4         1555.6     27.3     30.4     35.7     39.8 read
  220.0s      301          317.1          391.5    218.1    226.5    234.9    251.7 update
_elapsed___errors__ops/sec(inst)___ops/sec(cum)__p50(ms)__p95(ms)__p99(ms)_pMax(ms)
  221.0s      301         1124.0         1553.7     27.3     41.9     71.3     92.3 read
  221.0s      301          309.0          391.1    218.1    243.3    260.0    268.4 update
  222.0s      301         1247.5         1552.3     27.3     33.6     46.1     60.8 read
  222.0s      301          298.9          390.7    218.1    234.9    268.4    285.2 update
  223.0s      301         1239.4         1550.9     27.3     31.5     35.7     41.9 read
  223.0s      301          313.1          390.4    218.1    226.5    234.9    234.9 update
  224.0s      301         1254.9         1549.6     27.3     29.4     33.6     41.9 read
  224.0s      301          317.0          390.0    218.1    226.5    234.9    243.3 update
  225.0s      301         1295.2         1548.5     27.3     32.5     39.8     48.2 read
  225.0s      301          301.8          389.6    218.1    226.5    234.9    234.9 update
  226.0s      301         1155.4         1546.7     28.3     60.8     75.5     96.5 read
  226.0s      301          270.1          389.1    218.1    260.0    285.2    419.4 update
  227.0s      301         1192.6         1545.2     27.3     30.4     33.6     39.8 read
  227.0s      301          331.9          388.9    218.1    234.9    234.9    243.3 update
  228.0s      301         1175.8         1543.5     27.3     33.6     48.2     71.3 read
  228.0s      301          311.2          388.5    218.1    234.9    251.7    285.2 update
  229.0s      301         1259.0         1542.3     27.3     35.7     37.7     54.5 read
  229.0s      301          295.0          388.1    218.1    234.9    251.7    260.0 update
  230.0s      301         1202.2         1540.8     27.3     30.4     35.7     44.0 read
  230.0s      301          329.8          387.9    218.1    234.9    243.3    243.3 update
_elapsed___errors__ops/sec(inst)___ops/sec(cum)__p50(ms)__p95(ms)__p99(ms)_pMax(ms)
  231.0s      301         1236.7         1539.5     27.3     33.6     44.0    113.2 read
  231.0s      301          305.2          387.5    218.1    234.9    243.3    243.3 update
  232.0s      301         1217.1         1538.1     27.3     37.7     41.9     54.5 read
  232.0s      301          291.0          387.1    218.1    243.3    251.7    260.0 update
  233.0s      301         1125.1         1536.3     29.4     41.9     50.3     58.7 read
  233.0s      301          289.8          386.7    226.5    251.7    260.0    268.4 update
  234.0s      301         1222.2         1535.0     27.3     30.4     33.6     41.9 read
  234.0s      301          314.1          386.3    218.1    234.9    243.3    243.3 update
  235.0s      301         1104.5         1533.2     27.3     31.5     37.7     41.9 read
  235.0s      301          331.1          386.1    218.1    234.9    251.7    260.0 update
  236.0s      301         1254.2         1532.0     28.3     41.9     50.3     56.6 read
  236.0s      301          279.8          385.7    218.1    234.9    243.3    243.3 update
  237.0s      301         1097.3         1530.1     29.4     48.2     60.8     71.3 read
  237.0s      301          295.1          385.3    226.5    243.3    260.0    260.0 update
  238.0s      301         1039.5         1528.1     32.5     56.6     67.1     79.7 read
  238.0s      301          279.1          384.8    226.5    243.3    251.7    260.0 update
  239.0s      301         1120.9         1526.4     30.4     62.9     83.9     92.3 read
  239.0s      301          270.0          384.4    226.5    260.0    268.4    285.2 update
  240.0s      301         1315.2         1525.5     27.3     33.6     39.8     56.6 read
  240.0s      301          306.0          384.0    218.1    234.9    243.3    243.3 update
_elapsed___errors__ops/sec(inst)___ops/sec(cum)__p50(ms)__p95(ms)__p99(ms)_pMax(ms)
  241.0s      301         1288.9         1524.5     27.3     32.5     39.8     56.6 read
  241.0s      301          302.0          383.7    218.1    234.9    243.3    251.7 update
  242.0s      301         1168.6         1523.0     27.3     30.4     33.6     44.0 read
  242.0s      301          318.9          383.4    218.1    226.5    234.9    234.9 update
  243.0s      301         1167.6         1521.6     27.3     31.5     39.8     52.4 read
  243.0s      301          327.2          383.2    218.1    226.5    234.9    234.9 update
  244.0s      301         1250.9         1520.5     27.3     35.7     41.9     48.2 read
  244.0s      301          303.0          382.9    218.1    226.5    234.9    234.9 update
  245.0s      301         1281.8         1519.5     27.3     31.5     35.7     46.1 read
  245.0s      301          308.0          382.6    218.1    226.5    234.9    234.9 update
  246.0s      301         1231.3         1518.3     28.3     41.9     58.7     71.3 read
  246.0s      301          294.8          382.2    218.1    251.7    268.4    285.2 update
  247.0s      301         1226.9         1517.1     27.3     31.5     33.6     39.8 read
  247.0s      301          307.0          381.9    218.1    226.5    243.3    243.3 update
  248.0s      301          990.7         1515.0     29.4     58.7     75.5    134.2 read
  248.0s      301          287.2          381.5    226.5    285.2    302.0    302.0 update
  249.0s      301         1235.4         1513.9     28.3     35.7     44.0     88.1 read
  249.0s      301          292.9          381.2    218.1    260.0    285.2    302.0 update
  250.0s      301         1183.5         1512.6     27.3     39.8     56.6     75.5 read
  250.0s      301          306.1          380.9    218.1    234.9    243.3    251.7 update
_elapsed___errors__ops/sec(inst)___ops/sec(cum)__p50(ms)__p95(ms)__p99(ms)_pMax(ms)
  251.0s      301         1237.8         1511.5     27.3     35.7     41.9     50.3 read
  251.0s      301          305.9          380.6    218.1    234.9    243.3    243.3 update
  252.0s      301         1306.8         1510.7     27.3     31.5     35.7     41.9 read
  252.0s      301          293.9          380.2    218.1    226.5    234.9    234.9 update
  253.0s      301         1258.7         1509.7     27.3     33.6     39.8     48.2 read
  253.0s      301          308.9          379.9    218.1    234.9    234.9    243.3 update
  254.0s      301         1278.8         1508.8     28.3     35.7     41.9     54.5 read
  254.0s      301          296.2          379.6    218.1    234.9    234.9    251.7 update
  255.0s      301         1231.9         1507.7     27.3     32.5     37.7     41.9 read
  255.0s      301          309.0          379.3    218.1    226.5    234.9    251.7 update
  256.0s      301         1225.3         1506.6     27.3     39.8     60.8     71.3 read
  256.0s      301          290.8          379.0    218.1    251.7    268.4    268.4 update
  257.0s      301         1208.7         1505.4     27.3     33.6     37.7     41.9 read
  257.0s      301          304.9          378.7    218.1    226.5    234.9    234.9 update
  258.0s      301         1206.8         1504.3     27.3     32.5     37.7     48.2 read
  258.0s      301          318.2          378.5    218.1    226.5    234.9    243.3 update
  259.0s      301         1238.3         1503.2     28.3     37.7     50.3     54.5 read
  259.0s      301          303.1          378.2    218.1    234.9    234.9    243.3 update
  260.0s      301         1226.1         1502.2     27.3     33.6     37.7     48.2 read
  260.0s      301          305.0          377.9    218.1    234.9    243.3    243.3 update
_elapsed___errors__ops/sec(inst)___ops/sec(cum)__p50(ms)__p95(ms)__p99(ms)_pMax(ms)
  261.0s      301         1241.9         1501.2     27.3     35.7     48.2     75.5 read
  261.0s      301          302.0          377.6    218.1    243.3    251.7    251.7 update
  262.0s      301         1249.4         1500.2     27.3     31.5     35.7    151.0 read
  262.0s      301          310.1          377.3    218.1    234.9    243.3    251.7 update
  263.0s      301         1354.9         1499.7     27.3     31.5     35.7     46.1 read
  263.0s      301          300.0          377.0    218.1    226.5    243.3    251.7 update
  264.0s      301         1211.0         1498.6     27.3     30.4     33.6     46.1 read
  264.0s      301          314.7          376.8    218.1    226.5    226.5    234.9 update
  265.0s      301         1270.9         1497.7     27.3     31.5     37.7     48.2 read
  265.0s      301          305.2          376.5    218.1    234.9    234.9    243.3 update
  266.0s      301         1153.0         1496.4     27.3     31.5     37.7     50.3 read
  266.0s      301          322.0          376.3    218.1    234.9    243.3    251.7 update
  267.0s      301         1147.9         1495.1     27.3     30.4     46.1     60.8 read
  267.0s      301          321.0          376.1    218.1    234.9    243.3    251.7 update
  268.0s      301         1236.8         1494.1     28.3     37.7     46.1     58.7 read
  268.0s      301          303.0          375.9    218.1    234.9    243.3    251.7 update
  269.0s      301         1255.3         1493.3     27.3     33.6     37.7     48.2 read
  269.0s      301          303.1          375.6    218.1    226.5    234.9    243.3 update
  270.0s      301         1272.7         1492.4     27.3     31.5     39.8     46.1 read
  270.0s      301          316.9          375.4    218.1    234.9    243.3    243.3 update
_elapsed___errors__ops/sec(inst)___ops/sec(cum)__p50(ms)__p95(ms)__p99(ms)_pMax(ms)
  271.0s      301         1260.6         1491.6     27.3     37.7     50.3     71.3 read
  271.0s      301          289.9          375.0    218.1    251.7    268.4    285.2 update
  272.0s      301         1125.6         1490.2     27.3     52.4     62.9     79.7 read
  272.0s      301          301.2          374.8    218.1    243.3    268.4    285.2 update
  273.0s      301         1118.8         1488.9     27.3     30.4     35.7     39.8 read
  273.0s      301          312.9          374.5    218.1    251.7    260.0    285.2 update
  274.0s      301         1271.4         1488.1     27.3     30.4     35.7     48.2 read
  274.0s      301          323.1          374.4    218.1    226.5    234.9    234.9 update
  275.0s      301         1287.1         1487.4     27.3     29.4     31.5     35.7 read
  275.0s      301          303.0          374.1    218.1    218.1    234.9    234.9 update
  276.0s      301         1182.7         1486.2     27.3     32.5     44.0     54.5 read
  276.0s      301          319.9          373.9    218.1    234.9    234.9    243.3 update
  277.0s      301         1235.5         1485.3     27.3     32.5     39.8     54.5 read
  277.0s      301          305.9          373.7    218.1    226.5    234.9    243.3 update
  278.0s      301         1140.2         1484.1     27.3     37.7     48.2     58.7 read
  278.0s      301          315.0          373.4    218.1    234.9    243.3    251.7 update
  279.0s      301         1273.4         1483.3     27.3     31.5     35.7     39.8 read
  279.0s      301          310.1          373.2    218.1    226.5    234.9    243.3 update
  280.0s      301         1277.1         1482.6     27.3     31.5     39.8     50.3 read
  280.0s      301          303.8          373.0    218.1    226.5    234.9    234.9 update
_elapsed___errors__ops/sec(inst)___ops/sec(cum)__p50(ms)__p95(ms)__p99(ms)_pMax(ms)
  281.0s      301         1140.5         1481.4     27.3     33.6     41.9     52.4 read
  281.0s      301          312.1          372.8    218.1    251.7    285.2    318.8 update
  282.0s      301         1308.0         1480.8     27.3     32.5     37.7     48.2 read
  282.0s      301          308.0          372.5    218.1    234.9    243.3    243.3 update
  283.0s      301         1296.4         1480.1     27.3     30.4     35.7     44.0 read
  283.0s      301          299.1          372.3    218.1    226.5    234.9    234.9 update
  284.0s      301         1145.0         1478.9     27.3     33.6     48.2     65.0 read
  284.0s      301          325.0          372.1    218.1    234.9    243.3    243.3 update
  285.0s      301         1215.8         1478.0     27.3     33.6     41.9     46.1 read
  285.0s      301          315.9          371.9    218.1    226.5    234.9    234.9 update
  286.0s      301         1240.9         1477.2     27.3     31.5     35.7     37.7 read
  286.0s      301          307.0          371.7    218.1    234.9    243.3    251.7 update
  287.0s      301         1312.0         1476.6     27.3     31.5     37.7     48.2 read
  287.0s      301          308.0          371.5    218.1    226.5    234.9    234.9 update
  288.0s      301         1230.3         1475.8     27.3     31.5     35.7     50.3 read
  288.0s      301          308.1          371.2    218.1    234.9    243.3    268.4 update
  289.0s      301         1380.1         1475.4     27.3     32.5     35.7     44.0 read
  289.0s      301          294.8          371.0    218.1    226.5    234.9    234.9 update
  290.0s      301         1235.6         1474.6     27.3     35.7     39.8     46.1 read
  290.0s      301          305.1          370.7    218.1    234.9    234.9    251.7 update
_elapsed___errors__ops/sec(inst)___ops/sec(cum)__p50(ms)__p95(ms)__p99(ms)_pMax(ms)
  291.0s      301         1210.9         1473.7     27.3     30.4     33.6     39.8 read
  291.0s      301          314.0          370.5    218.1    234.9    234.9    243.3 update
  292.0s      301         1206.7         1472.8     27.3     32.5     35.7     46.1 read
  292.0s      301          318.9          370.4    218.1    226.5    234.9    243.3 update
  293.0s      301         1246.0         1472.0     27.3     30.4     33.6     44.0 read
  293.0s      301          305.0          370.1    218.1    226.5    234.9    234.9 update
  294.0s      301         1174.4         1471.0     27.3     32.5     39.8     54.5 read
  294.0s      301          318.1          370.0    218.1    226.5    234.9    243.3 update
  295.0s      301         1269.3         1470.3     27.3     46.1     50.3     58.7 read
  295.0s      301          286.1          369.7    218.1    234.9    251.7    251.7 update
  296.0s      301         1096.6         1469.1     30.4     46.1     58.7     83.9 read
  296.0s      301          294.9          369.4    226.5    260.0    285.2    285.2 update
  297.0s      301         1140.9         1467.9     31.5     48.2     60.8     83.9 read
  297.0s      301          275.0          369.1    226.5    243.3    260.0    285.2 update
  298.0s      301         1061.8         1466.6     31.5     65.0     96.5    109.1 read
  298.0s      301          272.0          368.8    226.5    260.0    285.2    285.2 update
  299.0s      301         1239.2         1465.8     27.3     41.9     50.3     71.3 read
  299.0s      301          295.0          368.5    218.1    234.9    243.3    251.7 update
  300.0s      301         1240.3         1465.1     27.3     33.6     54.5     60.8 read
  300.0s      301          306.1          368.3    218.1    234.9    243.3    251.7 update
_elapsed___errors__ops/sec(inst)___ops/sec(cum)__p50(ms)__p95(ms)__p99(ms)_pMax(ms)
  301.0s      301         1152.3         1464.0     29.4     41.9     50.3     79.7 read
  301.0s      301          291.1          368.1    226.5    251.7    268.4    285.2 update
  302.0s      301         1103.4         1462.8     31.5     50.3     58.7     67.1 read
  302.0s      301          273.9          367.8    234.9    260.0    268.4    302.0 update
  303.0s      301         1112.6         1461.7     30.4     46.1     54.5     67.1 read
  303.0s      301          294.9          367.5    226.5    243.3    251.7    260.0 update
  304.0s      301         1284.8         1461.1     27.3     31.5     35.7     41.9 read
  304.0s      301          305.2          367.3    218.1    226.5    234.9    243.3 update
  305.0s      301         1260.3         1460.4     27.3     32.5     37.7     46.1 read
  305.0s      301          311.1          367.1    218.1    234.9    234.9    234.9 update
  306.0s      301         1259.7         1459.8     27.3     33.6     37.7     44.0 read
  306.0s      301          301.9          366.9    218.1    226.5    234.9    243.3 update
  307.0s      301         1284.3         1459.2     27.3     32.5     37.7     50.3 read
  307.0s      301          299.1          366.7    218.1    226.5    234.9    243.3 update
  308.0s      301         1192.5         1458.3     28.3     39.8     48.2     65.0 read
  308.0s      301          295.9          366.5    218.1    234.9    243.3    251.7 update
  309.0s      301         1254.0         1457.7     27.3     32.5     37.7     46.1 read
  309.0s      301          310.0          366.3    218.1    226.5    234.9    234.9 update
  310.0s      301         1239.3         1457.0     27.3     32.5     39.8     48.2 read
  310.0s      301          308.1          366.1    218.1    234.9    234.9    243.3 update
_elapsed___errors__ops/sec(inst)___ops/sec(cum)__p50(ms)__p95(ms)__p99(ms)_pMax(ms)
  311.0s      301         1274.2         1456.4     27.3     33.6     39.8     50.3 read
  311.0s      301          308.8          365.9    218.1    234.9    234.9    243.3 update
  312.0s      301         1240.8         1455.7     27.3     32.5     39.8     48.2 read
  312.0s      301          310.2          365.7    218.1    226.5    234.9    243.3 update
  313.0s      301         1334.5         1455.3     27.3     32.5     39.8     52.4 read
  313.0s      301          293.9          365.5    218.1    234.9    243.3    243.3 update
  314.0s      301         1288.4         1454.8     27.3     30.4     33.6     39.8 read
  314.0s      301          313.1          365.3    218.1    226.5    234.9    234.9 update
  315.0s      301         1270.3         1454.2     27.3     32.5     37.7     41.9 read
  315.0s      301          305.1          365.2    218.1    226.5    234.9    234.9 update
  316.0s      301         1138.9         1453.2     27.3     39.8     62.9     79.7 read
  316.0s      301          314.7          365.0    218.1    234.9    251.7    260.0 update
  317.0s      301         1315.7         1452.8     27.3     33.6     39.8     46.1 read
  317.0s      301          297.2          364.8    218.1    226.5    234.9    234.9 update
  318.0s      301         1177.3         1451.9     28.3     41.9     56.6     71.3 read
  318.0s      301          291.1          364.5    218.1    243.3    251.7    260.0 update
  319.0s      301         1172.5         1451.0     28.3     48.2     58.7    218.1 read
  319.0s      301          287.9          364.3    218.1    251.7    268.4    268.4 update
  320.0s      301         1213.1         1450.3     27.3     35.7     41.9     58.7 read
  320.0s      301          308.0          364.1    218.1    234.9    243.3    251.7 update
_elapsed___errors__ops/sec(inst)___ops/sec(cum)__p50(ms)__p95(ms)__p99(ms)_pMax(ms)
  321.0s      301         1219.3         1449.6     27.3     35.7     44.0     79.7 read
  321.0s      301          300.1          363.9    218.1    234.9    251.7    268.4 update
  322.0s      301         1242.6         1448.9     27.3     35.7     41.9     46.1 read
  322.0s      301          308.9          363.8    218.1    234.9    243.3    251.7 update
  323.0s      301         1175.3         1448.1     28.3     33.6     37.7     50.3 read
  323.0s      301          309.1          363.6    218.1    234.9    234.9    243.3 update
  324.0s      301         1344.6         1447.8     27.3     30.4     33.6     37.7 read
  324.0s      301          304.9          363.4    218.1    226.5    234.9    243.3 update
  325.0s      301         1294.0         1447.3     27.3     30.4     32.5     44.0 read
  325.0s      301          312.0          363.3    218.1    218.1    234.9    234.9 update
  326.0s      301         1161.1         1446.4     27.3     44.0     56.6    100.7 read
  326.0s      301          303.0          363.1    218.1    243.3    251.7    260.0 update
  327.0s      301         1222.5         1445.7     27.3     35.7     39.8     56.6 read
  327.0s      301          307.1          362.9    218.1    234.9    234.9    234.9 update
  328.0s      301         1247.0         1445.1     27.3     33.6     39.8     56.6 read
  328.0s      301          306.0          362.7    218.1    234.9    243.3    268.4 update
  329.0s      301         1315.1         1444.7     28.3     33.6     39.8     50.3 read
  329.0s      301          293.8          362.5    218.1    226.5    234.9    243.3 update
  330.0s      301         1326.1         1444.4     27.3     32.5     37.7     46.1 read
  330.0s      301          298.2          362.3    218.1    234.9    243.3    243.3 update
_elapsed___errors__ops/sec(inst)___ops/sec(cum)__p50(ms)__p95(ms)__p99(ms)_pMax(ms)
  331.0s      301         1330.7         1444.0     27.3     35.7     44.0     56.6 read
  331.0s      301          289.9          362.1    218.1    226.5    243.3    251.7 update
  332.0s      301         1281.7         1443.5     27.3     31.5     37.7     48.2 read
  332.0s      301          307.9          361.9    218.1    234.9    234.9    243.3 update
  333.0s      301         1303.6         1443.1     27.3     30.4     33.6     39.8 read
  333.0s      301          307.1          361.8    218.1    226.5    234.9    243.3 update
  334.0s      301         1314.5         1442.7     27.3     33.6     37.7     50.3 read
  334.0s      301          296.9          361.6    218.1    226.5    226.5    234.9 update
  335.0s      301         1270.0         1442.2     27.3     32.5     37.7     48.2 read
  335.0s      301          308.0          361.4    218.1    226.5    234.9    234.9 update
  336.0s      301         1193.2         1441.5     28.3     37.7     41.9     60.8 read
  336.0s      301          308.1          361.3    218.1    234.9    243.3    251.7 update
  337.0s      301         1274.4         1441.0     27.3     33.6     39.8     46.1 read
  337.0s      301          297.1          361.1    218.1    226.5    234.9    234.9 update
  338.0s      301         1264.7         1440.4     28.3     37.7     41.9     54.5 read
  338.0s      301          293.9          360.9    218.1    234.9    234.9    243.3 update
  339.0s      301         1085.6         1439.4     27.3     32.5     37.7     46.1 read
  339.0s      301          325.9          360.8    218.1    234.9    243.3    251.7 update
  340.0s      301         1295.0         1439.0     27.3     32.5     37.7     44.0 read
  340.0s      301          299.0          360.6    218.1    234.9    234.9    243.3 update
_elapsed___errors__ops/sec(inst)___ops/sec(cum)__p50(ms)__p95(ms)__p99(ms)_pMax(ms)
  341.0s      301          872.5         1437.3     46.1     92.3    109.1    134.2 read
  341.0s      301          220.1          360.2    251.7    318.8    318.8    335.5 update
  342.0s      301         1010.6         1436.1     37.7     71.3     92.3    130.0 read
  342.0s      301          249.9          359.9    251.7    318.8    335.5    335.5 update
  343.0s      301          906.4         1434.5     44.0     96.5    121.6    486.5 read
  343.0s      301          194.1          359.4    260.0    318.8    352.3    369.1 update
  344.0s      301         1109.9         1433.6     33.6     50.3     60.8     79.7 read
  344.0s      301          279.0          359.1    226.5    268.4    302.0    318.8 update
  345.0s      301         1023.5         1432.4     39.8     75.5    121.6    142.6 read
  345.0s      301          236.9          358.8    234.9    302.0    335.5    335.5 update
  346.0s      301         1085.6         1431.4     35.7     56.6     67.1    113.2 read
  346.0s      301          260.1          358.5    234.9    251.7    285.2    469.8 update
  347.0s      301         1096.2         1430.4     32.5     56.6     67.1     79.7 read
  347.0s      301          266.8          358.2    226.5    260.0    268.4    285.2 update
  348.0s      301         1185.9         1429.7     27.3     35.7     41.9     46.1 read
  348.0s      301          307.2          358.1    218.1    234.9    251.7    260.0 update
  349.0s      301         1290.0         1429.3     27.3     31.5     35.7     44.0 read
  349.0s      301          303.0          357.9    218.1    226.5    234.9    243.3 update
  350.0s      301         1336.7         1429.1     27.3     35.7     41.9     50.3 read
  350.0s      301          291.9          357.7    218.1    226.5    234.9    234.9 update
_elapsed___errors__ops/sec(inst)___ops/sec(cum)__p50(ms)__p95(ms)__p99(ms)_pMax(ms)
  351.0s      301         1116.8         1428.2     28.3     39.8     52.4     62.9 read
  351.0s      301          317.0          357.6    218.1    234.9    234.9    243.3 update
  352.0s      301         1221.5         1427.6     27.3     31.5     44.0     60.8 read
  352.0s      301          311.9          357.5    218.1    234.9    234.9    234.9 update
  353.0s      301         1207.6         1427.0     27.3     33.6     37.7     41.9 read
  353.0s      301          316.2          357.4    218.1    226.5    234.9    234.9 update
  354.0s      301         1272.6         1426.5     27.3     31.5     35.7     39.8 read
  354.0s      301          302.9          357.2    218.1    226.5    234.9    243.3 update
  355.0s      301         1181.3         1425.8     27.3     30.4     33.6     52.4 read
  355.0s      301          324.1          357.1    218.1    226.5    234.9    243.3 update
  356.0s      301         1312.5         1425.5     27.3     33.6     48.2     62.9 read
  356.0s      301          296.9          357.0    218.1    234.9    243.3    251.7 update
  357.0s      301         1294.1         1425.1     27.3     30.4     32.5     35.7 read
  357.0s      301          305.0          356.8    218.1    218.1    234.9    234.9 update
  358.0s      301         1186.4         1424.5     27.3     31.5     37.7     44.0 read
  358.0s      301          316.1          356.7    218.1    226.5    234.9    243.3 update
  359.0s      301         1248.1         1424.0     27.3     32.5     37.7     48.2 read
  359.0s      301          308.0          356.6    218.1    226.5    234.9    234.9 update
  360.0s      301         1199.1         1423.4     27.3     33.6     37.7     41.9 read
  360.0s      301          307.0          356.4    218.1    234.9    234.9    243.3 update
_elapsed___errors__ops/sec(inst)___ops/sec(cum)__p50(ms)__p95(ms)__p99(ms)_pMax(ms)
  361.0s      301         1167.6         1422.6     28.3     41.9     65.0    104.9 read
  361.0s      301          311.9          356.3    218.1    243.3    251.7    268.4 update
  362.0s      301         1204.0         1422.0     27.3     39.8     50.3     65.0 read
  362.0s      301          294.0          356.1    218.1    234.9    251.7    260.0 update
  363.0s      301         1300.6         1421.7     27.3     31.5     50.3     67.1 read
  363.0s      301          308.1          356.0    218.1    226.5    234.9    251.7 update
  364.0s      301         1313.3         1421.4     27.3     33.6     39.8     50.3 read
  364.0s      301          296.8          355.8    218.1    226.5    226.5    243.3 update
  365.0s      301         1178.7         1420.7     27.3     32.5     37.7     44.0 read
  365.0s      301          313.2          355.7    218.1    226.5    234.9    234.9 update
  366.0s      301         1200.2         1420.1     28.3     41.9     52.4     71.3 read
  366.0s      301          295.8          355.6    218.1    234.9    243.3    251.7 update
  367.0s      301         1197.3         1419.5     28.3     33.6     39.8     50.3 read
  367.0s      301          311.1          355.4    218.1    226.5    234.9    234.9 update
  368.0s      301         1079.5         1418.6     28.3     58.7     79.7     88.1 read
  368.0s      301          294.1          355.3    218.1    260.0    285.2    302.0 update
  369.0s      301         1186.8         1418.0     27.3     52.4     75.5    402.7 read
  369.0s      301          284.0          355.1    218.1    285.2    318.8    604.0 update
  370.0s      301         1132.3         1417.2     28.3     39.8     46.1     58.7 read
  370.0s      301          291.8          354.9    218.1    243.3    251.7    260.0 update
_elapsed___errors__ops/sec(inst)___ops/sec(cum)__p50(ms)__p95(ms)__p99(ms)_pMax(ms)
  371.0s      301         1116.5         1416.4     31.5     46.1     56.6     67.1 read
  371.0s      301          270.1          354.7    234.9    260.0    268.4    285.2 update
  372.0s      301         1104.2         1415.6     29.4     41.9     50.3     62.9 read
  372.0s      301          301.0          354.5    226.5    243.3    251.7    251.7 update
  373.0s      301         1139.5         1414.8     30.4     39.8     50.3     60.8 read
  373.0s      301          298.9          354.4    218.1    243.3    243.3    251.7 update
  374.0s      301         1134.7         1414.1     29.4     39.8     50.3     56.6 read
  374.0s      301          294.2          354.2    226.5    243.3    243.3    243.3 update
  375.0s      301         1220.0         1413.6     27.3     30.4     35.7     48.2 read
  375.0s      301          317.7          354.1    218.1    226.5    243.3    243.3 update
  376.0s      301         1195.9         1413.0     27.3     33.6     67.1     79.7 read
  376.0s      301          311.2          354.0    218.1    243.3    251.7    268.4 update
  377.0s      301         1231.6         1412.5     28.3     35.7     46.1     60.8 read
  377.0s      301          302.9          353.9    218.1    234.9    243.3    251.7 update
  378.0s      301         1187.6         1411.9     28.3     46.1     83.9     96.5 read
  378.0s      301          290.9          353.7    218.1    243.3    268.4    285.2 update
  379.0s      301         1170.1         1411.3     27.3     30.4     35.7     52.4 read
  379.0s      301          323.0          353.6    218.1    226.5    234.9    243.3 update
  380.0s      301         1166.6         1410.6     27.3     33.6     52.4     62.9 read
  380.0s      301          321.2          353.5    218.1    234.9    243.3    243.3 update
_elapsed___errors__ops/sec(inst)___ops/sec(cum)__p50(ms)__p95(ms)__p99(ms)_pMax(ms)
  381.0s      301         1197.3         1410.1     28.3     37.7     48.2     75.5 read
  381.0s      301          288.8          353.4    218.1    243.3    251.7    268.4 update
  382.0s      301         1242.9         1409.6     27.3     32.5     37.7     44.0 read
  382.0s      301          319.0          353.3    218.1    226.5    234.9    234.9 update
  383.0s      301         1279.8         1409.3     27.3     31.5     35.7     41.9 read
  383.0s      301          302.2          353.1    218.1    226.5    234.9    234.9 update
  384.0s      301         1265.3         1408.9     27.3     33.6     39.8     52.4 read
  384.0s      301          309.1          353.0    218.1    234.9    243.3    260.0 update
  385.0s      301         1255.7         1408.5     27.3     31.5     35.7     44.0 read
  385.0s      301          305.9          352.9    218.1    226.5    234.9    234.9 update
  386.0s      301         1201.9         1408.0     27.3     32.5     39.8     58.7 read
  386.0s      301          321.0          352.8    218.1    226.5    234.9    234.9 update
  387.0s      301         1277.8         1407.6     27.3     29.4     33.6     37.7 read
  387.0s      301          307.9          352.7    218.1    226.5    234.9    243.3 update
  388.0s      301         1258.7         1407.3     27.3     33.6     39.8     48.2 read
  388.0s      301          302.2          352.6    218.1    226.5    234.9    234.9 update
  389.0s      301         1179.0         1406.7     27.3     32.5     39.8     58.7 read
  389.0s      301          320.7          352.5    218.1    234.9    243.3    251.7 update
  390.0s      301         1194.0         1406.1     27.3     30.4     33.6     41.9 read
  390.0s      301          320.0          352.4    218.1    226.5    234.9    234.9 update
_elapsed___errors__ops/sec(inst)___ops/sec(cum)__p50(ms)__p95(ms)__p99(ms)_pMax(ms)
  391.0s      301         1270.9         1405.8     27.3     32.5     41.9     52.4 read
  391.0s      301          300.0          352.3    218.1    226.5    234.9    243.3 update
  392.0s      301         1210.3         1405.3     27.3     32.5     37.7     48.2 read
  392.0s      301          310.1          352.2    218.1    234.9    243.3    243.3 update
  393.0s      301         1202.1         1404.8     27.3     46.1     60.8     79.7 read
  393.0s      301          305.0          352.1    218.1    243.3    260.0    268.4 update
  394.0s      301         1296.1         1404.5     27.3     46.1     60.8     79.7 read
  394.0s      301          275.0          351.9    218.1    260.0    268.4    285.2 update
  395.0s      301         1303.8         1404.2     27.3     31.5     35.7     44.0 read
  395.0s      301          313.0          351.8    218.1    226.5    234.9    243.3 update
  396.0s      301         1251.3         1403.8     27.3     39.8     50.3     67.1 read
  396.0s      301          292.1          351.6    218.1    243.3    260.0    260.0 update
  397.0s      301         1282.6         1403.5     27.3     30.4     35.7     39.8 read
  397.0s      301          308.9          351.5    218.1    218.1    226.5    234.9 update
  398.0s      301         1154.6         1402.9     27.3     35.7     52.4     71.3 read
  398.0s      301          313.9          351.4    218.1    234.9    251.7    260.0 update
  399.0s      301         1238.3         1402.5     27.3     33.6     39.8     46.1 read
  399.0s      301          304.3          351.3    218.1    234.9    234.9    243.3 update
  400.0s      301         1232.2         1402.1     27.3     32.5     39.8     50.3 read
  400.0s      301          312.8          351.2    218.1    234.9    234.9    251.7 update
_elapsed___errors__ops/sec(inst)___ops/sec(cum)__p50(ms)__p95(ms)__p99(ms)_pMax(ms)
  401.0s      301         1187.9         1401.5     27.3     39.8     50.3     62.9 read
  401.0s      301          302.0          351.1    218.1    234.9    251.7    260.0 update
  402.0s      301         1249.3         1401.2     27.3     33.6     37.7     46.1 read
  402.0s      301          309.1          351.0    218.1    234.9    243.3    243.3 update
  403.0s      301         1213.3         1400.7     27.3     31.5     35.7    117.4 read
  403.0s      301          308.8          350.9    218.1    226.5    234.9    453.0 update
  404.0s      301         1260.2         1400.3     27.3     31.5     33.6     39.8 read
  404.0s      301          309.1          350.8    218.1    226.5    234.9    234.9 update
  405.0s      301         1210.5         1399.9     27.3     30.4     35.7     44.0 read
  405.0s      301          318.1          350.7    218.1    226.5    234.9    243.3 update
  406.0s      301         1301.5         1399.6     27.3     35.7     44.0     58.7 read
  406.0s      301          308.1          350.6    218.1    234.9    243.3    243.3 update
  407.0s      301         1207.2         1399.2     27.3     35.7     39.8     52.4 read
  407.0s      301          303.1          350.5    218.1    226.5    234.9    234.9 update
  408.0s      301         1299.0         1398.9     27.3     31.5     35.7     41.9 read
  408.0s      301          308.0          350.4    218.1    226.5    234.9    243.3 update
  409.0s      301         1182.0         1398.4     27.3     31.5     37.7     52.4 read
  409.0s      301          314.0          350.3    218.1    226.5    234.9    234.9 update
  410.0s      301         1342.6         1398.3     27.3     33.6     39.8     54.5 read
  410.0s      301          291.9          350.1    218.1    226.5    234.9    243.3 update
_elapsed___errors__ops/sec(inst)___ops/sec(cum)__p50(ms)__p95(ms)__p99(ms)_pMax(ms)
  411.0s      301         1242.0         1397.9     28.3     39.8     48.2     71.3 read
  411.0s      301          299.0          350.0    218.1    234.9    251.7    260.0 update
  412.0s      301         1194.2         1397.4     27.3     31.5     33.6     46.1 read
  412.0s      301          320.1          349.9    218.1    234.9    234.9    243.3 update
  413.0s      301         1264.8         1397.1     27.3     33.6     39.8     52.4 read
  413.0s      301          300.0          349.8    218.1    226.5    234.9    243.3 update
  414.0s      301         1210.1         1396.6     27.3     31.5     35.7     41.9 read
  414.0s      301          308.0          349.7    218.1    226.5    234.9    260.0 update
  415.0s      301         1260.2         1396.3     27.3     32.5     41.9     58.7 read
  415.0s      301          310.0          349.6    218.1    234.9    234.9    243.3 update
  416.0s      301         1224.6         1395.9     27.3     46.1     62.9     75.5 read
  416.0s      301          292.9          349.5    218.1    243.3    251.7    260.0 update
  417.0s      301         1193.4         1395.4     27.3     31.5     35.7     41.9 read
  417.0s      301          320.1          349.4    218.1    226.5    234.9    234.9 update
  418.0s      301          993.4         1394.4     29.4     88.1    125.8    184.5 read
  418.0s      301          270.8          349.2    226.5    302.0    335.5    352.3 update
  419.0s      301         1245.4         1394.1     27.3     37.7     44.0     58.7 read
  419.0s      301          291.1          349.1    218.1    234.9    243.3    243.3 update
  420.0s      301         1282.6         1393.8     27.3     33.6     39.8     46.1 read
  420.0s      301          296.9          348.9    218.1    234.9    234.9    243.3 update
_elapsed___errors__ops/sec(inst)___ops/sec(cum)__p50(ms)__p95(ms)__p99(ms)_pMax(ms)
  421.0s      301         1149.3         1393.2     27.3     33.6     60.8    117.4 read
  421.0s      301          319.1          348.9    218.1    234.9    243.3    453.0 update
  422.0s      301         1338.3         1393.1     27.3     32.5     39.8     46.1 read
  422.0s      301          301.1          348.8    218.1    234.9    234.9    251.7 update
  423.0s      301         1290.8         1392.8     27.3     30.4     32.5     44.0 read
  423.0s      301          308.0          348.7    218.1    226.5    234.9    234.9 update
  424.0s      301         1246.2         1392.5     27.3     32.5     37.7     50.3 read
  424.0s      301          303.0          348.6    218.1    226.5    234.9    243.3 update
  425.0s      301         1296.4         1392.3     27.3     31.5     41.9     54.5 read
  425.0s      301          306.9          348.5    218.1    226.5    234.9    234.9 update
  426.0s      301         1277.1         1392.0     27.3     32.5     39.8     50.3 read
  426.0s      301          310.0          348.4    218.1    234.9    243.3    260.0 update
  427.0s      301         1296.2         1391.8     27.3     35.7     41.9     50.3 read
  427.0s      301          301.0          348.3    218.1    226.5    234.9    243.3 update
  428.0s      301         1333.6         1391.6     27.3     33.6     39.8     46.1 read
  428.0s      301          288.9          348.1    218.1    226.5    234.9    243.3 update
  429.0s      301         1100.3         1391.0     30.4     48.2     56.6     60.8 read
  429.0s      301          294.1          348.0    218.1    234.9    243.3    251.7 update
  430.0s      301         1290.2         1390.7     27.3     30.4     33.6     41.9 read
  430.0s      301          309.8          347.9    218.1    234.9    251.7    260.0 update
_elapsed___errors__ops/sec(inst)___ops/sec(cum)__p50(ms)__p95(ms)__p99(ms)_pMax(ms)
  431.0s      301         1288.1         1390.5     27.3     32.5     39.8     48.2 read
  431.0s      301          307.3          347.8    218.1    226.5    234.9    243.3 update
  432.0s      301         1262.8         1390.2     28.3     37.7     46.1     56.6 read
  432.0s      301          300.0          347.7    218.1    234.9    243.3    251.7 update
  433.0s      301         1297.3         1390.0     27.3     31.5     37.7     39.8 read
  433.0s      301          294.8          347.6    218.1    226.5    243.3    251.7 update
  434.0s      301         1249.4         1389.7     27.3     35.7     44.0     54.5 read
  434.0s      301          311.1          347.5    218.1    226.5    243.3    260.0 update
  435.0s      301         1302.6         1389.5     27.3     33.6     37.7     46.1 read
  435.0s      301          295.9          347.4    218.1    226.5    234.9    234.9 update
  436.0s      301         1294.1         1389.2     27.3     37.7     46.1     52.4 read
  436.0s      301          297.0          347.3    218.1    234.9    243.3    251.7 update
  437.0s      301         1284.6         1389.0     27.3     31.5     35.7     44.0 read
  437.0s      301          303.1          347.2    218.1    234.9    243.3    243.3 update
  438.0s      301         1106.2         1388.4     30.4     46.1     52.4     65.0 read
  438.0s      301          295.8          347.0    218.1    243.3    251.7    260.0 update
  439.0s      301         1013.2         1387.5     32.5     50.3     58.7     79.7 read
  439.0s      301          281.1          346.9    234.9    251.7    268.4    285.2 update
  440.0s      301          975.4         1386.6     35.7     62.9     79.7    104.9 read
  440.0s      301          263.1          346.7    243.3    285.2    302.0    302.0 update
_elapsed___errors__ops/sec(inst)___ops/sec(cum)__p50(ms)__p95(ms)__p99(ms)_pMax(ms)
  441.0s      301         1039.7         1385.8     32.5     65.0     88.1    113.2 read
  441.0s      301          260.9          346.5    234.9    285.2    285.2    302.0 update
  442.0s      301         1024.6         1385.0     30.4     54.5     71.3    109.1 read
  442.0s      301          301.2          346.4    226.5    243.3    260.0    268.4 update
  443.0s      301         1276.0         1384.7     27.3     46.1     60.8    104.9 read
  443.0s      301          283.0          346.3    218.1    268.4    285.2    302.0 update
  444.0s      301         1201.4         1384.3     27.3     32.5     37.7     46.1 read
  444.0s      301          310.8          346.2    218.1    226.5    234.9    243.3 update
  445.0s      301         1222.5         1383.9     27.3     31.5     35.7     44.0 read
  445.0s      301          315.1          346.1    218.1    226.5    234.9    243.3 update
  446.0s      301         1284.5         1383.7     28.3     41.9     67.1     88.1 read
  446.0s      301          293.9          346.0    218.1    243.3    268.4    285.2 update
  447.0s      301         1221.3         1383.3     27.3     30.4     35.7     46.1 read
  447.0s      301          313.1          345.9    218.1    226.5    234.9    243.3 update
  448.0s      301         1191.1         1382.9     27.3     31.5     37.7     46.1 read
  448.0s      301          303.0          345.8    218.1    243.3    260.0    268.4 update
  449.0s      301         1155.0         1382.4     27.3     31.5     41.9     54.5 read
  449.0s      301          326.0          345.8    218.1    234.9    243.3    243.3 update
  450.0s      301         1239.6         1382.1     27.3     30.4     35.7     44.0 read
  450.0s      301          312.9          345.7    218.1    234.9    234.9    243.3 update
_elapsed___errors__ops/sec(inst)___ops/sec(cum)__p50(ms)__p95(ms)__p99(ms)_pMax(ms)
  451.0s      301         1236.2         1381.8     27.3     37.7     52.4     71.3 read
  451.0s      301          304.0          345.6    218.1    234.9    251.7    251.7 update
  452.0s      301         1272.7         1381.5     27.3     31.5     39.8     48.2 read
  452.0s      301          306.9          345.5    218.1    234.9    243.3    251.7 update
  453.0s      301         1149.7         1381.0     27.3     31.5     46.1     58.7 read
  453.0s      301          327.2          345.5    218.1    234.9    234.9    243.3 update
  454.0s      301         1254.1         1380.7     27.3     32.5     37.7     39.8 read
  454.0s      301          302.8          345.4    218.1    234.9    234.9    243.3 update
  455.0s      301         1207.7         1380.4     27.3     31.5     37.7     46.1 read
  455.0s      301          316.2          345.3    218.1    226.5    234.9    234.9 update
  456.0s      301         1220.2         1380.0     27.3     35.7     48.2     62.9 read
  456.0s      301          305.8          345.2    218.1    234.9    234.9    243.3 update
  457.0s      301         1224.7         1379.7     27.3     31.5     35.7     48.2 read
  457.0s      301          308.9          345.2    218.1    226.5    234.9    243.3 update
  458.0s      301         1155.2         1379.2     27.3     37.7     46.1     54.5 read
  458.0s      301          328.3          345.1    218.1    226.5    234.9    234.9 update
  459.0s      301         1248.3         1378.9     27.3     31.5     35.7     44.0 read
  459.0s      301          301.8          345.0    218.1    226.5    234.9    243.3 update
  460.0s      301         1302.1         1378.7     27.3     30.4     33.6     44.0 read
  460.0s      301          306.0          344.9    218.1    234.9    234.9    234.9 update
_elapsed___errors__ops/sec(inst)___ops/sec(cum)__p50(ms)__p95(ms)__p99(ms)_pMax(ms)
  461.0s      301         1220.4         1378.4     27.3     32.5     37.7     48.2 read
  461.0s      301          310.1          344.9    218.1    226.5    234.9    243.3 update
  462.0s      301         1247.7         1378.1     27.3     37.7     48.2     75.5 read
  462.0s      301          308.9          344.8    218.1    234.9    243.3    251.7 update
  463.0s      301         1259.6         1377.8     27.3     39.8     50.3     67.1 read
  463.0s      301          289.9          344.7    218.1    243.3    251.7    260.0 update
  464.0s      301         1267.8         1377.6     27.3     31.5     37.7    201.3 read
  464.0s      301          308.2          344.6    218.1    226.5    234.9    234.9 update
  465.0s      301         1143.9         1377.1     27.3     31.5     35.7     39.8 read
  465.0s      301          326.0          344.6    218.1    226.5    234.9    234.9 update
  466.0s      301         1263.1         1376.9     27.3     35.7     41.9     58.7 read
  466.0s      301          307.0          344.5    218.1    234.9    243.3    251.7 update
  467.0s      301         1201.6         1376.5     27.3     30.4     32.5     37.7 read
  467.0s      301          316.9          344.4    218.1    226.5    234.9    234.9 update
  468.0s      301         1036.8         1375.8     32.5     71.3     92.3    104.9 read
  468.0s      301          249.9          344.2    234.9    302.0    335.5    352.3 update
  469.0s      301         1161.5         1375.3     27.3     32.5     37.7     46.1 read
  469.0s      301          321.9          344.2    218.1    226.5    234.9    234.9 update
  470.0s      301         1281.1         1375.1     27.3     32.5     39.8     50.3 read
  470.0s      301          312.3          344.1    218.1    226.5    234.9    234.9 update
_elapsed___errors__ops/sec(inst)___ops/sec(cum)__p50(ms)__p95(ms)__p99(ms)_pMax(ms)
  471.0s      301         1280.6         1374.9     27.3     46.1     58.7     79.7 read
  471.0s      301          287.9          344.0    218.1    251.7    260.0    268.4 update
  472.0s      301         1187.1         1374.5     27.3     32.5     37.7     44.0 read
  472.0s      301          315.0          343.9    218.1    234.9    243.3    243.3 update
  473.0s      301         1239.3         1374.2     27.3     30.4     32.5     41.9 read
  473.0s      301          311.8          343.9    218.1    226.5    234.9    234.9 update
  474.0s      301         1200.4         1373.8     27.3     30.4     32.5     39.8 read
  474.0s      301          321.1          343.8    218.1    226.5    234.9    234.9 update
  475.0s      301         1282.4         1373.7     27.3     30.4     32.5     46.1 read
  475.0s      301          312.1          343.7    218.1    226.5    234.9    234.9 update
  476.0s      301         1194.8         1373.3     27.3     30.4     35.7     39.8 read
  476.0s      301          313.0          343.7    218.1    218.1    234.9    243.3 update
  477.0s      301         1249.0         1373.0     27.3     33.6     44.0     56.6 read
  477.0s      301          310.0          343.6    218.1    226.5    243.3    251.7 update
  478.0s      301         1249.3         1372.8     27.3     32.5     37.7     44.0 read
  478.0s      301          309.1          343.5    218.1    234.9    234.9    243.3 update
  479.0s      301         1317.1         1372.6     27.3     31.5     35.7     39.8 read
  479.0s      301          295.0          343.4    218.1    234.9    243.3    243.3 update
  480.0s      301         1276.1         1372.4     28.3     35.7     41.9     54.5 read
  480.0s      301          295.0          343.3    218.1    234.9    243.3    251.7 update
_elapsed___errors__ops/sec(inst)___ops/sec(cum)__p50(ms)__p95(ms)__p99(ms)_pMax(ms)
  481.0s      301         1233.5         1372.2     27.3     32.5     37.7     50.3 read
  481.0s      301          308.9          343.3    218.1    234.9    234.9    243.3 update
  482.0s      301         1260.5         1371.9     27.3     35.7     48.2     54.5 read
  482.0s      301          296.1          343.2    218.1    234.9    243.3    251.7 update
  483.0s      301         1327.2         1371.8     27.3     33.6     54.5     71.3 read
  483.0s      301          291.0          343.1    218.1    243.3    260.0    260.0 update
  484.0s      301         1202.3         1371.5     27.3     31.5     48.2     60.8 read
  484.0s      301          323.8          343.0    218.1    234.9    243.3    251.7 update
  485.0s      301         1239.8         1371.2     27.3     32.5     35.7     44.0 read
  485.0s      301          308.2          342.9    218.1    226.5    234.9    234.9 update
  486.0s      301         1268.0         1371.0     28.3     41.9     56.6     75.5 read
  486.0s      301          287.8          342.8    218.1    243.3    251.7    260.0 update
  487.0s      301         1198.4         1370.6     30.4     46.1     56.6     75.5 read
  487.0s      301          278.1          342.7    226.5    243.3    251.7    251.7 update
  488.0s      301         1093.6         1370.1     31.5     48.2     62.9     79.7 read
  488.0s      301          267.9          342.5    226.5    268.4    285.2    318.8 update
  489.0s      301         1015.7         1369.3     33.6     52.4     67.1     83.9 read
  489.0s      301          287.2          342.4    234.9    302.0    318.8    352.3 update
  490.0s      301         1171.9         1368.9     27.3     35.7     46.1     58.7 read
  490.0s      301          299.0          342.3    218.1    285.2    318.8    352.3 update
_elapsed___errors__ops/sec(inst)___ops/sec(cum)__p50(ms)__p95(ms)__p99(ms)_pMax(ms)
  491.0s      301         1219.2         1368.6     27.3     32.5     37.7     41.9 read
  491.0s      301          307.8          342.3    218.1    234.9    234.9    243.3 update
  492.0s      301         1354.8         1368.6     27.3     32.5     35.7     39.8 read
  492.0s      301          296.2          342.2    218.1    234.9    243.3    251.7 update
  493.0s      301         1100.7         1368.1     28.3     41.9     50.3     71.3 read
  493.0s      301          308.9          342.1    218.1    243.3    260.0    453.0 update
  494.0s      301         1225.0         1367.8     27.3     33.6     39.8     46.1 read
  494.0s      301          307.0          342.0    218.1    226.5    234.9    234.9 update
  495.0s      301         1294.6         1367.6     27.3     32.5     37.7     39.8 read
  495.0s      301          302.1          342.0    218.1    226.5    234.9    234.9 update
  496.0s      301         1169.9         1367.2     27.3     37.7     54.5     71.3 read
  496.0s      301          314.0          341.9    218.1    234.9    251.7    260.0 update
  497.0s      301         1301.1         1367.1     28.3     35.7     39.8     54.5 read
  497.0s      301          294.0          341.8    218.1    234.9    243.3    243.3 update
  498.0s      301         1184.0         1366.7     27.3     35.7     41.9     46.1 read
  498.0s      301          303.0          341.7    218.1    234.9    243.3    260.0 update
  499.0s      301         1225.0         1366.4     27.3     35.7     39.8     46.1 read
  499.0s      301          316.0          341.7    218.1    226.5    234.9    251.7 update
  500.0s      301         1223.1         1366.2     27.3     39.8     50.3     60.8 read
  500.0s      301          299.8          341.6    218.1    234.9    251.7    260.0 update
_elapsed___errors__ops/sec(inst)___ops/sec(cum)__p50(ms)__p95(ms)__p99(ms)_pMax(ms)
  501.0s      301         1294.4         1366.0     27.3     35.7     41.9     52.4 read
  501.0s      301          291.1          341.5    218.1    234.9    251.7    260.0 update
  502.0s      301         1233.1         1365.8     27.3     31.5     37.7     44.0 read
  502.0s      301          307.0          341.4    218.1    234.9    251.7    285.2 update
  503.0s      301         1198.4         1365.4     27.3     31.5     35.7     41.9 read
  503.0s      301          316.1          341.4    218.1    234.9    234.9    234.9 update
  504.0s      301         1172.5         1365.0     27.3     32.5     35.7     41.9 read
  504.0s      301          319.9          341.3    218.1    226.5    243.3    243.3 update
  505.0s      301         1099.2         1364.5     29.4     48.2     62.9     75.5 read
  505.0s      301          280.0          341.2    226.5    251.7    260.0    260.0 update
  506.0s      301         1094.5         1364.0     31.5     52.4     65.0     88.1 read
  506.0s      301          273.1          341.1    234.9    260.0    268.4    268.4 update
  507.0s      301         1128.0         1363.5     32.5     50.3     60.8     92.3 read
  507.0s      301          275.0          340.9    226.5    251.7    260.0    260.0 update
  508.0s      301         1260.8         1363.3     27.3     41.9     52.4     71.3 read
  508.0s      301          291.7          340.8    218.1    243.3    251.7    285.2 update
  509.0s      301         1217.8         1363.0     27.3     31.5     37.7     48.2 read
  509.0s      301          313.2          340.8    218.1    226.5    234.9    243.3 update
  510.0s      301         1297.4         1362.9     27.3     30.4     32.5     37.7 read
  510.0s      301          304.1          340.7    218.1    234.9    234.9    243.3 update
_elapsed___errors__ops/sec(inst)___ops/sec(cum)__p50(ms)__p95(ms)__p99(ms)_pMax(ms)
  511.0s      301         1217.2         1362.6     27.3     31.5     35.7     39.8 read
  511.0s      301          321.8          340.7    218.1    226.5    243.3    243.3 update
  512.0s      301         1244.5         1362.4     27.3     31.5     41.9     46.1 read
  512.0s      301          309.1          340.6    218.1    226.5    234.9    243.3 update
  513.0s      301         1285.9         1362.2     27.3     31.5     35.7     41.9 read
  513.0s      301          310.0          340.6    218.1    234.9    234.9    234.9 update
  514.0s      301         1184.9         1361.9     27.3     31.5     37.7     50.3 read
  514.0s      301          310.0          340.5    218.1    226.5    234.9    234.9 update
  515.0s      301         1258.3         1361.7     27.3     30.4     33.6     41.9 read
  515.0s      301          318.1          340.5    218.1    226.5    234.9    234.9 update
  516.0s      301         1235.4         1361.4     27.3     33.6     39.8     56.6 read
  516.0s      301          304.9          340.4    218.1    234.9    234.9    243.3 update
  517.0s      301         1172.2         1361.1     27.3     32.5     50.3     58.7 read
  517.0s      301          317.0          340.3    218.1    234.9    243.3    243.3 update
  518.0s      301          855.0         1360.1     33.6    125.8    243.3    318.8 read
  518.0s      301          229.0          340.1    226.5    419.4    453.0    469.8 update
  519.0s      301         1291.3         1360.0     28.3     39.8     48.2     58.7 read
  519.0s      301          271.1          340.0    226.5    285.2    335.5    738.2 update
  520.0s      301         1138.1         1359.5     27.3     33.6     39.8     46.1 read
  520.0s      301          325.0          340.0    218.1    234.9    234.9    243.3 update
_elapsed___errors__ops/sec(inst)___ops/sec(cum)__p50(ms)__p95(ms)__p99(ms)_pMax(ms)
  521.0s      301         1195.7         1359.2     28.3     44.0     56.6     79.7 read
  521.0s      301          289.9          339.9    218.1    243.3    251.7    268.4 update
  522.0s      301         1255.1         1359.0     27.3     35.7     39.8     50.3 read
  522.0s      301          306.0          339.8    218.1    234.9    243.3    243.3 update
  523.0s      301         1220.8         1358.8     27.3     33.6     39.8     46.1 read
  523.0s      301          301.0          339.7    218.1    226.5    243.3    243.3 update
  524.0s      301         1176.4         1358.4     27.3     33.6     44.0     50.3 read
  524.0s      301          319.8          339.7    218.1    226.5    234.9    243.3 update
  525.0s      301         1242.8         1358.2     27.3     32.5     39.8     56.6 read
  525.0s      301          305.2          339.6    218.1    226.5    234.9    251.7 update
  526.0s      301         1168.2         1357.8     27.3     32.5     41.9     62.9 read
  526.0s      301          317.1          339.6    218.1    234.9    234.9    243.3 update
  527.0s      301         1172.1         1357.5     27.3     32.5     37.7     50.3 read
  527.0s      301          315.0          339.5    218.1    234.9    243.3    243.3 update
  528.0s      301         1122.2         1357.0     28.3     35.7     39.8     62.9 read
  528.0s      301          314.8          339.5    218.1    234.9    243.3    260.0 update
  529.0s      301         1182.1         1356.7     28.3     35.7     39.8     50.3 read
  529.0s      301          311.0          339.4    218.1    234.9    243.3    243.3 update
  530.0s      301         1226.8         1356.5     27.3     32.5     35.7     41.9 read
  530.0s      301          309.0          339.4    218.1    226.5    234.9    234.9 update
_elapsed___errors__ops/sec(inst)___ops/sec(cum)__p50(ms)__p95(ms)__p99(ms)_pMax(ms)
  531.0s      301         1181.9         1356.1     28.3     39.8     48.2     65.0 read
  531.0s      301          307.2          339.3    218.1    243.3    251.7    260.0 update
  532.0s      301         1258.0         1355.9     28.3     35.7     46.1     50.3 read
  532.0s      301          300.0          339.2    218.1    234.9    251.7    260.0 update
  533.0s      301         1218.8         1355.7     27.3     32.5     39.8     50.3 read
  533.0s      301          301.9          339.2    218.1    226.5    234.9    234.9 update
  534.0s      301         1206.7         1355.4     27.3     31.5     35.7     44.0 read
  534.0s      301          318.9          339.1    218.1    226.5    234.9    234.9 update
  535.0s      301         1175.4         1355.1     28.3     37.7     52.4     60.8 read
  535.0s      301          310.1          339.1    218.1    234.9    251.7    268.4 update
  536.0s      301         1062.5         1354.5     28.3     41.9     58.7     75.5 read
  536.0s      301          312.8          339.0    218.1    243.3    260.0    268.4 update
  537.0s      301         1263.7         1354.4     27.3     35.7     39.8     44.0 read
  537.0s      301          305.2          339.0    218.1    226.5    234.9    243.3 update
  538.0s      301         1200.6         1354.1     27.3     35.7     39.8     50.3 read
  538.0s      301          300.9          338.9    218.1    234.9    234.9    243.3 update
  539.0s      301         1165.3         1353.7     28.3     39.8     71.3     88.1 read
  539.0s      301          307.1          338.8    218.1    243.3    268.4    285.2 update
  540.0s      301         1167.7         1353.4     28.3     39.8     46.1     58.7 read
  540.0s      301          302.9          338.8    218.1    234.9    243.3    243.3 update
_elapsed___errors__ops/sec(inst)___ops/sec(cum)__p50(ms)__p95(ms)__p99(ms)_pMax(ms)
  541.0s      301         1216.2         1353.1     27.3     35.7     48.2     60.8 read
  541.0s      301          302.1          338.7    218.1    243.3    243.3    260.0 update
  542.0s      301         1285.9         1353.0     28.3     35.7     37.7     41.9 read
  542.0s      301          299.0          338.6    218.1    226.5    234.9    243.3 update
  543.0s      301         1239.1         1352.8     28.3     39.8     48.2     71.3 read
  543.0s      301          295.0          338.6    218.1    234.9    243.3    251.7 update
  544.0s      301         1073.7         1352.3     33.6     62.9     79.7    302.0 read
  544.0s      301          249.9          338.4    234.9    268.4    302.0    503.3 update
  545.0s      301         1085.4         1351.8     31.5     50.3     67.1     79.7 read
  545.0s      301          295.1          338.3    226.5    251.7    268.4    285.2 update
  546.0s      301         1130.1         1351.4     30.4     44.0     54.5     75.5 read
  546.0s      301          279.8          338.2    226.5    243.3    251.7    268.4 update
  547.0s      301         1345.8         1351.4     28.3     39.8     46.1     58.7 read
  547.0s      301          282.2          338.1    218.1    243.3    251.7    260.0 update
  548.0s      301         1186.0         1351.1     27.3     33.6     37.7     41.9 read
  548.0s      301          308.0          338.0    218.1    234.9    243.3    251.7 update
  549.0s      301         1192.5         1350.8     28.3     37.7     44.0     54.5 read
  549.0s      301          300.9          338.0    218.1    234.9    243.3    251.7 update
  550.0s      301         1213.6         1350.5     28.3     37.7     44.0     54.5 read
  550.0s      301          297.1          337.9    218.1    234.9    251.7    251.7 update
_elapsed___errors__ops/sec(inst)___ops/sec(cum)__p50(ms)__p95(ms)__p99(ms)_pMax(ms)
  551.0s      301         1246.9         1350.3     27.3     33.6     41.9     79.7 read
  551.0s      301          303.0          337.8    218.1    234.9    243.3    268.4 update
  552.0s      301         1217.4         1350.1     27.3     33.6     39.8     52.4 read
  552.0s      301          304.1          337.8    218.1    234.9    243.3    243.3 update
  553.0s      301         1265.7         1349.9     27.3     31.5     37.7     44.0 read
  553.0s      301          316.9          337.7    218.1    226.5    234.9    234.9 update
  554.0s      301         1229.3         1349.7     27.3     33.6     41.9     50.3 read
  554.0s      301          300.1          337.7    218.1    234.9    234.9    243.3 update
  555.0s      301         1214.0         1349.5     27.3     31.5     37.7     44.0 read
  555.0s      301          311.8          337.6    218.1    226.5    234.9    234.9 update
  556.0s      301         1202.6         1349.2     28.3     37.7     48.2     67.1 read
  556.0s      301          310.2          337.6    218.1    234.9    243.3    243.3 update
  557.0s      301         1247.6         1349.0     27.3     33.6     41.9     48.2 read
  557.0s      301          302.9          337.5    218.1    234.9    234.9    243.3 update
  558.0s      301         1216.2         1348.8     27.3     32.5     37.7     46.1 read
  558.0s      301          302.1          337.5    218.1    243.3    243.3    251.7 update
  559.0s      301         1222.5         1348.6     28.3     35.7     39.8     75.5 read
  559.0s      301          301.1          337.4    218.1    234.9    234.9    243.3 update
  560.0s      301         1205.6         1348.3     27.3     33.6     46.1     60.8 read
  560.0s      301          312.9          337.3    218.1    243.3    260.0    285.2 update
_elapsed___errors__ops/sec(inst)___ops/sec(cum)__p50(ms)__p95(ms)__p99(ms)_pMax(ms)
  561.0s      301         1200.2         1348.1     27.3     37.7     46.1     52.4 read
  561.0s      301          302.0          337.3    218.1    234.9    243.3    285.2 update
  562.0s      301         1284.2         1347.9     28.3     37.7     50.3     75.5 read
  562.0s      301          287.1          337.2    218.1    234.9    251.7    268.4 update
  563.0s      301         1365.2         1348.0     27.3     32.5     37.7     41.9 read
  563.0s      301          293.0          337.1    218.1    234.9    243.3    243.3 update
  564.0s      301         1229.7         1347.8     27.3     33.6     39.8     52.4 read
  564.0s      301          300.9          337.0    218.1    226.5    234.9    243.3 update
  565.0s      301         1292.7         1347.7     27.3     35.7     44.0     54.5 read
  565.0s      301          301.9          337.0    218.1    234.9    251.7    251.7 update
  566.0s      301         1177.4         1347.4     27.3     32.5     44.0     75.5 read
  566.0s      301          314.1          336.9    218.1    234.9    260.0    260.0 update
  567.0s      301         1171.0         1347.1     27.3     31.5     37.7     46.1 read
  567.0s      301          317.0          336.9    218.1    234.9    243.3    251.7 update
  568.0s      301         1073.4         1346.6     28.3     62.9     83.9    335.5 read
  568.0s      301          274.8          336.8    226.5    268.4    285.2    302.0 update
  569.0s      301         1213.2         1346.3     27.3     33.6     39.8     62.9 read
  569.0s      301          304.0          336.7    218.1    234.9    268.4    285.2 update
  570.0s      301         1161.6         1346.0     28.3     44.0     52.4     75.5 read
  570.0s      301          291.9          336.7    226.5    260.0    285.2    302.0 update
_elapsed___errors__ops/sec(inst)___ops/sec(cum)__p50(ms)__p95(ms)__p99(ms)_pMax(ms)
  571.0s      301         1093.0         1345.6     27.3     35.7     44.0     58.7 read
  571.0s      301          325.3          336.6    218.1    243.3    251.7    260.0 update
  572.0s      301         1256.9         1345.4     29.4     39.8     48.2     58.7 read
  572.0s      301          283.0          336.6    226.5    243.3    243.3    251.7 update
  573.0s      301         1152.1         1345.1     31.5     46.1     65.0     88.1 read
  573.0s      301          263.0          336.4    234.9    260.0    268.4    285.2 update
  574.0s      301         1177.3         1344.8     31.5     46.1     54.5     71.3 read
  574.0s      301          261.8          336.3    226.5    251.7    260.0    285.2 update
  575.0s      301         1107.3         1344.4     29.4     41.9     50.3     75.5 read
  575.0s      301          298.1          336.2    226.5    251.7    260.0    285.2 update
  576.0s      301         1147.2         1344.0     33.6     52.4     62.9     96.5 read
  576.0s      301          267.0          336.1    226.5    251.7    268.4    285.2 update
  577.0s      301         1196.2         1343.8     30.4     39.8     46.1     58.7 read
  577.0s      301          280.8          336.0    226.5    243.3    243.3    260.0 update
  578.0s      301         1203.7         1343.5     32.5     48.2     54.5     65.0 read
  578.0s      301          265.2          335.9    226.5    251.7    251.7    268.4 update
  579.0s      301         1233.2         1343.3     27.3     31.5     35.7     46.1 read
  579.0s      301          313.1          335.8    218.1    234.9    243.3    268.4 update
  580.0s      301         1276.8         1343.2     27.3     35.7     44.0     54.5 read
  580.0s      301          299.0          335.8    218.1    234.9    234.9    243.3 update
_elapsed___errors__ops/sec(inst)___ops/sec(cum)__p50(ms)__p95(ms)__p99(ms)_pMax(ms)
  581.0s      301         1206.9         1343.0     28.3     39.8     46.1     56.6 read
  581.0s      301          301.0          335.7    218.1    234.9    243.3    243.3 update
  582.0s      301         1293.8         1342.9     27.3     31.5     37.7     48.2 read
  582.0s      301          303.0          335.7    218.1    234.9    243.3    260.0 update
  583.0s      301         1235.1         1342.7     27.3     30.4     33.6     37.7 read
  583.0s      301          309.0          335.6    218.1    234.9    234.9    243.3 update
  584.0s      301         1369.3         1342.8     27.3     33.6     41.9     48.2 read
  584.0s      301          297.1          335.6    218.1    226.5    243.3    243.3 update
  585.0s      301         1202.9         1342.5     27.3     33.6     39.8     56.6 read
  585.0s      301          309.0          335.5    218.1    234.9    243.3    251.7 update
  586.0s      301         1183.5         1342.3     28.3     46.1     56.6     75.5 read
  586.0s      301          293.9          335.4    218.1    243.3    251.7    268.4 update
  587.0s      301         1237.1         1342.1     27.3     32.5     48.2     62.9 read
  587.0s      301          306.0          335.4    218.1    226.5    234.9    234.9 update
  588.0s      301         1315.7         1342.0     27.3     33.6     41.9     46.1 read
  588.0s      301          297.9          335.3    218.1    234.9    243.3    251.7 update
  589.0s      301         1203.5         1341.8     27.3     31.5     35.7     46.1 read
  589.0s      301          309.1          335.3    218.1    234.9    234.9    243.3 update
  590.0s      301         1218.0         1341.6     27.3     32.5     37.7     52.4 read
  590.0s      301          309.0          335.2    218.1    234.9    243.3    251.7 update
_elapsed___errors__ops/sec(inst)___ops/sec(cum)__p50(ms)__p95(ms)__p99(ms)_pMax(ms)
  591.0s      301         1205.3         1341.4     27.3     39.8     52.4     65.0 read
  591.0s      301          303.1          335.2    218.1    243.3    251.7    251.7 update
  592.0s      301         1211.4         1341.1     29.4     41.9     48.2     54.5 read
  592.0s      301          286.9          335.1    218.1    243.3    260.0    285.2 update
  593.0s      301         1050.5         1340.6     30.4     46.1     58.7     79.7 read
  593.0s      301          298.9          335.0    226.5    243.3    251.7    251.7 update
  594.0s      301         1035.3         1340.1     32.5     58.7     79.7     96.5 read
  594.0s      301          260.1          334.9    234.9    285.2    302.0    302.0 update
  595.0s      301         1269.6         1340.0     27.3     37.7     44.0     56.6 read
  595.0s      301          298.9          334.9    218.1    243.3    243.3    243.3 update
  596.0s      301         1189.7         1339.8     27.3     37.7     48.2     56.6 read
  596.0s      301          302.2          334.8    218.1    234.9    251.7    251.7 update
  597.0s      301         1189.8         1339.5     27.3     35.7     41.9     56.6 read
  597.0s      301          318.9          334.8    218.1    226.5    234.9    234.9 update
  598.0s      301         1203.8         1339.3     27.3     32.5     37.7     46.1 read
  598.0s      301          310.0          334.7    218.1    234.9    243.3    260.0 update
  599.0s      301         1189.8         1339.0     27.3     31.5     33.6     39.8 read
  599.0s      301          316.2          334.7    218.1    226.5    234.9    234.9 update
  600.0s      301         1165.2         1338.7     28.3     37.7     46.1     71.3 read
  600.0s      301          301.8          334.6    218.1    243.3    285.2    285.2 update
_elapsed___errors__ops/sec(inst)___ops/sec(cum)__p50(ms)__p95(ms)__p99(ms)_pMax(ms)
  601.0s      301         1181.6         1338.5     27.3     35.7     44.0     48.2 read
  601.0s      301          318.1          334.6    218.1    234.9    243.3    251.7 update
  602.0s      301         1270.3         1338.4     27.3     32.5     37.7     46.1 read
  602.0s      301          295.1          334.6    218.1    234.9    243.3    251.7 update
  603.0s      301         1160.1         1338.1     27.3     29.4     32.5     35.7 read
  603.0s      301          333.0          334.5    218.1    234.9    234.9    234.9 update
  604.0s      301         1167.8         1337.8     27.3     32.5     46.1     56.6 read
  604.0s      301          313.9          334.5    218.1    226.5    234.9    243.3 update
  605.0s      301         1220.9         1337.6     27.3     29.4     32.5     44.0 read
  605.0s      301          323.7          334.5    218.1    226.5    234.9    243.3 update
  606.0s      301         1298.0         1337.5     27.3     33.6     44.0     60.8 read
  606.0s      301          293.2          334.4    218.1    234.9    243.3    251.7 update
  607.0s      301         1327.1         1337.5     27.3     31.5     35.7     39.8 read
  607.0s      301          299.0          334.4    218.1    226.5    234.9    234.9 update
  608.0s      301         1246.9         1337.4     28.3     37.7     44.0     56.6 read
  608.0s      301          302.0          334.3    218.1    234.9    251.7    251.7 update
  609.0s      301         1272.7         1337.3     27.3     33.6     37.7     50.3 read
  609.0s      301          301.9          334.3    218.1    234.9    234.9    243.3 update
  610.0s      301         1321.7         1337.2     27.3     31.5     37.7     48.2 read
  610.0s      301          303.2          334.2    209.7    226.5    234.9    243.3 update
_elapsed___errors__ops/sec(inst)___ops/sec(cum)__p50(ms)__p95(ms)__p99(ms)_pMax(ms)
  611.0s      301         1247.9         1337.1     27.3     37.7     46.1     60.8 read
  611.0s      301          303.0          334.2    218.1    251.7    268.4    285.2 update
  612.0s      301         1224.3         1336.9     27.3     32.5     35.7     50.3 read
  612.0s      301          308.8          334.1    218.1    234.9    234.9    251.7 update
  613.0s      301         1233.0         1336.7     27.3     33.6     41.9     54.5 read
  613.0s      301          305.3          334.1    218.1    226.5    234.9    234.9 update
  614.0s      301         1239.9         1336.6     28.3     35.7     39.8     52.4 read
  614.0s      301          300.7          334.0    218.1    234.9    243.3    251.7 update
  615.0s      301         1218.4         1336.4     27.3     32.5     37.7     48.2 read
  615.0s      301          312.1          334.0    218.1    234.9    234.9    234.9 update
  616.0s      301         1260.1         1336.3     27.3     35.7     44.0     56.6 read
  616.0s      301          303.0          333.9    218.1    243.3    260.0    268.4 update
  617.0s      301         1135.9         1335.9     27.3     31.5     35.7     39.8 read
  617.0s      301          327.0          333.9    218.1    226.5    234.9    234.9 update
  618.0s      301         1219.4         1335.7     27.3     39.8     50.3     71.3 read
  618.0s      301          292.8          333.9    218.1    243.3    268.4    285.2 update
  619.0s      301         1200.1         1335.5     28.3     37.7     54.5     71.3 read
  619.0s      301          302.3          333.8    218.1    243.3    285.2    285.2 update
  620.0s      301         1113.2         1335.2     29.4     54.5     67.1    109.1 read
  620.0s      301          283.8          333.7    226.5    260.0    285.2    302.0 update
_elapsed___errors__ops/sec(inst)___ops/sec(cum)__p50(ms)__p95(ms)__p99(ms)_pMax(ms)
  621.0s      301         1137.9         1334.9     30.4     52.4     58.7     67.1 read
  621.0s      301          274.0          333.6    234.9    268.4    285.2    335.5 update
  622.0s      301         1181.0         1334.6     27.3     35.7     44.0     65.0 read
  622.0s      301          306.0          333.6    218.1    226.5    234.9    260.0 update
  623.0s      301         1270.6         1334.5     27.3     32.5     37.7     50.3 read
  623.0s      301          317.1          333.6    209.7    226.5    234.9    234.9 update
  624.0s      301         1277.6         1334.4     27.3     32.5     39.8     52.4 read
  624.0s      301          299.1          333.5    218.1    234.9    234.9    234.9 update
  625.0s      301         1177.6         1334.2     27.3     31.5     35.7     37.7 read
  625.0s      301          325.9          333.5    218.1    226.5    234.9    234.9 update
  626.0s      301         1219.4         1334.0     27.3     32.5     39.8     44.0 read
  626.0s      301          313.1          333.5    218.1    226.5    243.3    243.3 update
  627.0s      301         1161.6         1333.7     27.3     30.4     33.6     39.8 read
  627.0s      301          321.9          333.4    218.1    226.5    234.9    234.9 update
  628.0s      301         1235.0         1333.5     28.3     37.7     44.0     52.4 read
  628.0s      301          293.0          333.4    218.1    226.5    234.9    234.9 update
  629.0s      301         1312.9         1333.5     27.3     32.5     35.7     41.9 read
  629.0s      301          311.0          333.3    218.1    226.5    234.9    243.3 update
  630.0s      301         1219.0         1333.3     27.3     30.4     35.7     46.1 read
  630.0s      301          311.0          333.3    209.7    226.5    234.9    243.3 update
_elapsed___errors__ops/sec(inst)___ops/sec(cum)__p50(ms)__p95(ms)__p99(ms)_pMax(ms)
  631.0s      301         1218.3         1333.1     27.3     33.6     39.8     48.2 read
  631.0s      301          314.8          333.3    218.1    226.5    234.9    234.9 update
  632.0s      301         1293.1         1333.1     27.3     37.7     46.1     52.4 read
  632.0s      301          295.0          333.2    218.1    234.9    243.3    251.7 update
  633.0s      301         1310.2         1333.0     27.3     31.5     35.7     46.1 read
  633.0s      301          306.3          333.2    218.1    226.5    234.9    234.9 update
  634.0s      301         1195.0         1332.8     27.3     29.4     31.5     37.7 read
  634.0s      301          324.0          333.2    209.7    226.5    234.9    234.9 update
  635.0s      301         1239.1         1332.7     27.3     33.6     41.9     56.6 read
  635.0s      301          308.0          333.1    218.1    226.5    251.7    260.0 update
  636.0s      301         1296.8         1332.6     27.3     35.7     52.4     65.0 read
  636.0s      301          296.7          333.1    218.1    234.9    243.3    251.7 update
  637.0s      301         1258.1         1332.5     27.3     32.5     35.7     48.2 read
  637.0s      301          306.0          333.0    218.1    226.5    234.9    234.9 update
  638.0s      301         1225.9         1332.3     27.3     37.7     60.8     79.7 read
  638.0s      301          300.2          333.0    218.1    251.7    268.4    285.2 update
  639.0s      301         1280.9         1332.3     27.3     31.5     35.7     50.3 read
  639.0s      301          316.0          332.9    209.7    226.5    234.9    243.3 update
  640.0s      301         1295.9         1332.2     27.3     33.6     41.9     52.4 read
  640.0s      301          294.0          332.9    218.1    226.5    234.9    243.3 update
_elapsed___errors__ops/sec(inst)___ops/sec(cum)__p50(ms)__p95(ms)__p99(ms)_pMax(ms)
  641.0s      301         1103.5         1331.8     32.5     52.4     60.8     79.7 read
  641.0s      301          270.9          332.8    234.9    260.0    268.4    285.2 update
  642.0s      301         1164.6         1331.6     30.4     44.0     52.4    104.9 read
  642.0s      301          283.1          332.7    234.9    251.7    260.0    285.2 update
  643.0s      301         1161.4         1331.3     28.3     37.7     46.1     52.4 read
  643.0s      301          292.8          332.6    226.5    243.3    251.7    251.7 update
  644.0s      301         1157.7         1331.1     27.3     32.5     35.7     46.1 read
  644.0s      301          319.9          332.6    218.1    226.5    234.9    234.9 update
  645.0s      301         1224.8         1330.9     27.3     30.4     35.7     46.1 read
  645.0s      301          326.2          332.6    218.1    226.5    234.9    243.3 update
  646.0s      301         1163.9         1330.6     27.3     35.7     46.1     60.8 read
  646.0s      301          307.0          332.6    218.1    243.3    268.4    268.4 update
  647.0s      301         1228.9         1330.5     27.3     35.7     39.8     50.3 read
  647.0s      301          306.0          332.5    218.1    234.9    234.9    234.9 update
  648.0s      301          934.4         1329.9     33.6     71.3    100.7    159.4 read
  648.0s      301          265.1          332.4    234.9    285.2    302.0    352.3 update
  649.0s      301         1167.5         1329.6     27.3     39.8     50.3     58.7 read
  649.0s      301          307.9          332.4    218.1    251.7    260.0    285.2 update
  650.0s      301         1316.4         1329.6     27.3     33.6     37.7     52.4 read
  650.0s      301          307.1          332.4    218.1    234.9    243.3    243.3 update
_elapsed___errors__ops/sec(inst)___ops/sec(cum)__p50(ms)__p95(ms)__p99(ms)_pMax(ms)
  651.0s      301         1291.0         1329.5     28.3     39.8     50.3     71.3 read
  651.0s      301          275.8          332.3    218.1    243.3    251.7    260.0 update
  652.0s      301         1238.2         1329.4     27.3     31.5     39.8     48.2 read
  652.0s      301          313.3          332.2    218.1    226.5    234.9    234.9 update
  653.0s      301         1191.3         1329.2     27.3     37.7     50.3     71.3 read
  653.0s      301          314.8          332.2    218.1    226.5    251.7    260.0 update
  654.0s      301         1245.3         1329.1     27.3     32.5     37.7     48.2 read
  654.0s      301          300.1          332.2    218.1    234.9    251.7    260.0 update
  655.0s      301         1297.6         1329.0     27.3     32.5     37.7     50.3 read
  655.0s      301          307.1          332.1    218.1    226.5    234.9    251.7 update
  656.0s      301         1196.1         1328.8     28.3     35.7     41.9     58.7 read
  656.0s      301          306.0          332.1    218.1    234.9    243.3    251.7 update
  657.0s      301         1236.3         1328.7     27.3     35.7     46.1     54.5 read
  657.0s      301          307.8          332.0    218.1    234.9    234.9    243.3 update
  658.0s      301         1246.6         1328.5     28.3     37.7     41.9     48.2 read
  658.0s      301          288.1          332.0    218.1    234.9    234.9    251.7 update
  659.0s      301         1255.0         1328.4     27.3     32.5     37.7     50.3 read
  659.0s      301          313.0          331.9    218.1    226.5    234.9    243.3 update
  660.0s      301         1202.1         1328.2     27.3     35.7     39.8     52.4 read
  660.0s      301          314.0          331.9    218.1    234.9    243.3    251.7 update
_elapsed___errors__ops/sec(inst)___ops/sec(cum)__p50(ms)__p95(ms)__p99(ms)_pMax(ms)
  661.0s      301         1198.0         1328.0     27.3     35.7     44.0     54.5 read
  661.0s      301          300.0          331.9    218.1    234.9    243.3    243.3 update
  662.0s      301         1120.6         1327.7     27.3     30.4     35.7     48.2 read
  662.0s      301          331.9          331.9    218.1    226.5    234.9    234.9 update
  663.0s      301         1157.3         1327.5     27.3     31.5     35.7     41.9 read
  663.0s      301          319.1          331.9    218.1    226.5    234.9    234.9 update
  664.0s      301         1156.6         1327.2     27.3     30.4     33.6     39.8 read
  664.0s      301          333.9          331.9    209.7    226.5    234.9    234.9 update
  665.0s      301         1303.3         1327.2     27.3     31.5     35.7     39.8 read
  665.0s      301          300.8          331.8    218.1    226.5    234.9    243.3 update
  666.0s      301         1166.0         1326.9     27.3     35.7     41.9     71.3 read
  666.0s      301          318.0          331.8    218.1    226.5    243.3    251.7 update
  667.0s      301         1273.5         1326.9     27.3     30.4     33.6     39.8 read
  667.0s      301          309.1          331.8    218.1    226.5    234.9    234.9 update
  668.0s      301         1242.3         1326.7     27.3     35.7     44.0     52.4 read
  668.0s      301          301.1          331.7    218.1    234.9    243.3    243.3 update
  669.0s      301         1228.2         1326.6     27.3     30.4     33.6     44.0 read
  669.0s      301          315.0          331.7    218.1    226.5    234.9    234.9 update
  670.0s      301         1274.8         1326.5     27.3     32.5     37.7     44.0 read
  670.0s      301          302.0          331.6    218.1    226.5    234.9    234.9 update
_elapsed___errors__ops/sec(inst)___ops/sec(cum)__p50(ms)__p95(ms)__p99(ms)_pMax(ms)
  671.0s      301         1167.4         1326.3     27.3     35.7     39.8     52.4 read
  671.0s      301          320.8          331.6    218.1    234.9    243.3    251.7 update
  672.0s      301         1209.8         1326.1     27.3     32.5     39.8     48.2 read
  672.0s      301          311.2          331.6    218.1    234.9    243.3    243.3 update
  673.0s      301         1351.7         1326.1     27.3     32.5     37.7     41.9 read
  673.0s      301          301.9          331.5    218.1    226.5    234.9    243.3 update
  674.0s      301         1232.5         1326.0     27.3     31.5     35.7     41.9 read
  674.0s      301          309.9          331.5    218.1    226.5    234.9    243.3 update
  675.0s      301         1094.4         1325.6     28.3     60.8     79.7     88.1 read
  675.0s      301          296.1          331.5    218.1    251.7    260.0    260.0 update
  676.0s      301         1260.4         1325.5     28.3     60.8     88.1    318.8 read
  676.0s      301          266.9          331.4    218.1    285.2    302.0    318.8 update
  677.0s      301         1219.5         1325.4     27.3     29.4     31.5     37.7 read
  677.0s      301          314.1          331.3    209.7    218.1    234.9    234.9 update
  678.0s      301         1253.2         1325.3     27.3     33.6     37.7     46.1 read
  678.0s      301          315.0          331.3    218.1    234.9    243.3    251.7 update
  679.0s      301         1278.9         1325.2     27.3     30.4     35.7     46.1 read
  679.0s      301          305.0          331.3    218.1    218.1    226.5    234.9 update
  680.0s      301         1238.2         1325.1     27.3     33.6     39.8     52.4 read
  680.0s      301          311.1          331.3    218.1    243.3    251.7    251.7 update
_elapsed___errors__ops/sec(inst)___ops/sec(cum)__p50(ms)__p95(ms)__p99(ms)_pMax(ms)
  681.0s      301         1256.6         1325.0     28.3     41.9     58.7     79.7 read
  681.0s      301          287.9          331.2    218.1    243.3    260.0    268.4 update
  682.0s      301         1122.8         1324.7     27.3     32.5     37.7     44.0 read
  682.0s      301          319.0          331.2    218.1    234.9    243.3    243.3 update
  683.0s      301         1182.7         1324.5     27.3     37.7     46.1     62.9 read
  683.0s      301          318.2          331.2    218.1    226.5    243.3    243.3 update
  684.0s      301         1112.1         1324.2     32.5     56.6     71.3     88.1 read
  684.0s      301          270.0          331.1    226.5    251.7    268.4    285.2 update
  685.0s      301         1154.5         1323.9     31.5     46.1     54.5     60.8 read
  685.0s      301          280.9          331.0    226.5    243.3    260.0    285.2 update
  686.0s      301         1051.1         1323.5     31.5     52.4     58.7     96.5 read
  686.0s      301          289.0          330.9    226.5    243.3    251.7    260.0 update
  687.0s      301         1236.0         1323.4     28.3     39.8     50.3     56.6 read
  687.0s      301          285.0          330.9    218.1    243.3    251.7    260.0 update
  688.0s      301         1231.3         1323.3     27.3     32.5     35.7     48.2 read
  688.0s      301          306.1          330.8    218.1    234.9    243.3    260.0 update
  689.0s      301         1277.0         1323.2     27.3     31.5     37.7     50.3 read
  689.0s      301          311.0          330.8    218.1    226.5    234.9    234.9 update
  690.0s      301         1337.2         1323.2     27.3     32.5     44.0     52.4 read
  690.0s      301          293.0          330.7    218.1    234.9    243.3    251.7 update
_elapsed___errors__ops/sec(inst)___ops/sec(cum)__p50(ms)__p95(ms)__p99(ms)_pMax(ms)
  691.0s      301         1213.3         1323.1     27.3     35.7     41.9     46.1 read
  691.0s      301          315.8          330.7    218.1    234.9    251.7    260.0 update
  692.0s      301         1298.7         1323.0     27.3     32.5     39.8     46.1 read
  692.0s      301          294.2          330.7    218.1    226.5    243.3    260.0 update
  693.0s      301         1299.9         1323.0     27.3     31.5     35.7     44.0 read
  693.0s      301          310.0          330.6    218.1    226.5    234.9    234.9 update
  694.0s      301         1263.7         1322.9     27.3     31.5     35.7     48.2 read
  694.0s      301          305.9          330.6    218.1    226.5    243.3    243.3 update
  695.0s      301         1341.5         1322.9     27.3     33.6     44.0     50.3 read
  695.0s      301          298.9          330.6    218.1    226.5    234.9    234.9 update
  696.0s      301         1287.7         1322.9     27.3     33.6     39.8     48.2 read
  696.0s      301          306.2          330.5    218.1    234.9    234.9    251.7 update
  697.0s      301         1239.9         1322.8     27.3     32.5     39.8     46.1 read
  697.0s      301          304.0          330.5    218.1    234.9    234.9    243.3 update
  698.0s      301         1252.0         1322.7     27.3     35.7     41.9     52.4 read
  698.0s      301          308.0          330.4    218.1    226.5    234.9    243.3 update
  699.0s      301         1095.1         1322.3     28.3     39.8     48.2     65.0 read
  699.0s      301          302.0          330.4    218.1    243.3    251.7    251.7 update
  700.0s      301         1220.2         1322.2     27.3     35.7     44.0     48.2 read
  700.0s      301          311.1          330.4    218.1    234.9    243.3    251.7 update
_elapsed___errors__ops/sec(inst)___ops/sec(cum)__p50(ms)__p95(ms)__p99(ms)_pMax(ms)
  701.0s      301         1166.0         1322.0     27.3     31.5     37.7     48.2 read
  701.0s      301          317.7          330.4    218.1    226.5    234.9    243.3 update
  702.0s      301         1152.9         1321.7     28.3     46.1     54.5    251.7 read
  702.0s      301          292.2          330.3    226.5    251.7    251.7    260.0 update
  703.0s      301         1156.8         1321.5     27.3     32.5     37.7     50.3 read
  703.0s      301          319.7          330.3    218.1    234.9    234.9    243.3 update
  704.0s      301         1187.4         1321.3     28.3     35.7     41.9     48.2 read
  704.0s      301          315.4          330.3    218.1    234.9    243.3    251.7 update
  705.0s      301         1159.7         1321.1     27.3     32.5     37.7     44.0 read
  705.0s      301          317.9          330.3    218.1    226.5    234.9    234.9 update
  706.0s      301         1178.5         1320.9     27.3     35.7     41.9     48.2 read
  706.0s      301          315.9          330.2    218.1    226.5    234.9    243.3 update
  707.0s      301         1264.7         1320.8     27.3     32.5     50.3     60.8 read
  707.0s      301          310.2          330.2    218.1    226.5    243.3    260.0 update
  708.0s      301         1211.8         1320.6     27.3     33.6     39.8     48.2 read
  708.0s      301          309.0          330.2    218.1    234.9    243.3    243.3 update
  709.0s      301         1213.2         1320.5     27.3     32.5     37.7     46.1 read
  709.0s      301          303.0          330.1    218.1    226.5    234.9    243.3 update
  710.0s      301         1087.1         1320.2     31.5     46.1     54.5     71.3 read
  710.0s      301          288.0          330.1    226.5    251.7    260.0    268.4 update
_elapsed___errors__ops/sec(inst)___ops/sec(cum)__p50(ms)__p95(ms)__p99(ms)_pMax(ms)
  711.0s      301         1116.8         1319.9     35.7     56.6     71.3    109.1 read
  711.0s      301          243.9          330.0    243.3    268.4    285.2    302.0 update
  712.0s      301         1078.7         1319.5     31.5     46.1     54.5     75.5 read
  712.0s      301          287.9          329.9    226.5    243.3    260.0    268.4 update
  713.0s      301         1086.5         1319.2     30.4     44.0     50.3     60.8 read
  713.0s      301          298.1          329.9    226.5    243.3    251.7    268.4 update
  714.0s      301         1247.9         1319.1     28.3     35.7     41.9     52.4 read
  714.0s      301          304.0          329.8    218.1    234.9    234.9    243.3 update
  715.0s      301         1258.0         1319.0     27.3     37.7     44.0     52.4 read
  715.0s      301          300.0          329.8    218.1    234.9    243.3    243.3 update
  716.0s      301         1214.3         1318.9     27.3     35.7     44.0     50.3 read
  716.0s      301          302.8          329.7    218.1    234.9    243.3    260.0 update
  717.0s      301         1240.7         1318.8     27.3     32.5     37.7     46.1 read
  717.0s      301          310.2          329.7    218.1    226.5    234.9    243.3 update
  718.0s      301         1162.0         1318.5     27.3     32.5     39.8     65.0 read
  718.0s      301          312.0          329.7    218.1    234.9    251.7    268.4 update
  719.0s      301         1231.3         1318.4     27.3     32.5     39.8     46.1 read
  719.0s      301          311.8          329.7    218.1    234.9    243.3    243.3 update
  720.0s      301         1299.5         1318.4     27.3     33.6     41.9     60.8 read
  720.0s      301          300.9          329.6    218.1    226.5    234.9    260.0 update
_elapsed___errors__ops/sec(inst)___ops/sec(cum)__p50(ms)__p95(ms)__p99(ms)_pMax(ms)
  721.0s      301         1212.9         1318.3     27.3     32.5     39.8     46.1 read
  721.0s      301          320.2          329.6    218.1    226.5    234.9    234.9 update
  722.0s      301         1243.2         1318.1     27.3     31.5     37.7     44.0 read
  722.0s      301          300.8          329.6    218.1    234.9    251.7    251.7 update
  723.0s      301         1211.5         1318.0     27.3     31.5     35.7     44.0 read
  723.0s      301          317.1          329.6    218.1    226.5    234.9    234.9 update
  724.0s      301         1107.3         1317.7     28.3     46.1     60.8     71.3 read
  724.0s      301          323.1          329.5    218.1    234.9    243.3    251.7 update
  725.0s      301         1320.0         1317.7     27.3     37.7     48.2     67.1 read
  725.0s      301          278.0          329.5    218.1    234.9    251.7    268.4 update
  726.0s      301         1241.7         1317.6     27.3     35.7     39.8     52.4 read
  726.0s      301          294.9          329.4    218.1    234.9    243.3    251.7 update
  727.0s      301         1181.4         1317.4     27.3     32.5     37.7     44.0 read
  727.0s      301          329.1          329.4    218.1    226.5    234.9    243.3 update
  728.0s      301          942.5         1316.9     39.8     65.0     83.9    134.2 read
  728.0s      301          262.8          329.3    234.9    285.2    285.2    318.8 update
  729.0s      301         1163.0         1316.7     27.3     35.7     50.3     83.9 read
  729.0s      301          308.0          329.3    218.1    243.3    251.7    268.4 update
  730.0s      301         1222.1         1316.6     27.3     35.7     41.9     48.2 read
  730.0s      301          302.0          329.3    218.1    234.9    234.9    243.3 update
_elapsed___errors__ops/sec(inst)___ops/sec(cum)__p50(ms)__p95(ms)__p99(ms)_pMax(ms)
  731.0s      301         1083.6         1316.2     27.3     35.7     44.0     60.8 read
  731.0s      301          332.2          329.3    218.1    243.3    251.7    251.7 update
  732.0s      301         1203.9         1316.1     28.3     39.8     50.3     54.5 read
  732.0s      301          295.7          329.2    218.1    243.3    251.7    260.0 update
  733.0s      301         1129.5         1315.8     31.5     50.3     62.9     75.5 read
  733.0s      301          281.1          329.2    226.5    251.7    268.4    268.4 update
  734.0s      301         1090.8         1315.5     33.6     54.5     71.3     92.3 read
  734.0s      301          261.9          329.1    234.9    260.0    285.2    285.2 update
  735.0s      301         1151.7         1315.3     32.5     56.6     75.5     92.3 read
  735.0s      301          263.9          329.0    234.9    268.4    285.2    302.0 update
  736.0s      301         1234.5         1315.2     27.3     41.9     50.3     71.3 read
  736.0s      301          292.1          328.9    218.1    243.3    260.0    260.0 update
  737.0s      301         1291.4         1315.2     27.3     33.6     39.8     54.5 read
  737.0s      301          301.1          328.9    218.1    226.5    234.9    234.9 update
  738.0s      301         1188.3         1315.0     28.3     35.7     41.9     65.0 read
  738.0s      301          306.1          328.9    218.1    234.9    243.3    251.7 update
  739.0s      301         1247.6         1314.9     27.3     33.6     39.8     48.2 read
  739.0s      301          297.7          328.8    218.1    226.5    243.3    251.7 update
  740.0s      301         1307.3         1314.9     28.3     39.8     46.1     58.7 read
  740.0s      301          294.3          328.8    218.1    234.9    251.7    260.0 update
_elapsed___errors__ops/sec(inst)___ops/sec(cum)__p50(ms)__p95(ms)__p99(ms)_pMax(ms)
  741.0s      301         1219.8         1314.8     28.3     39.8     52.4     62.9 read
  741.0s      301          292.0          328.7    218.1    234.9    251.7    285.2 update
  742.0s      301         1196.2         1314.6     27.3     37.7     52.4     60.8 read
  742.0s      301          303.0          328.7    218.1    243.3    251.7    260.0 update
  743.0s      301         1262.0         1314.5     27.3     32.5     37.7     44.0 read
  743.0s      301          316.0          328.7    218.1    226.5    234.9    234.9 update
  744.0s      301         1274.7         1314.5     27.3     33.6     39.8     48.2 read
  744.0s      301          303.9          328.6    218.1    226.5    234.9    243.3 update
  745.0s      301         1244.4         1314.4     27.3     35.7     39.8     48.2 read
  745.0s      301          301.1          328.6    218.1    234.9    243.3    243.3 update
  746.0s      301         1131.8         1314.1     28.3     41.9     52.4     67.1 read
  746.0s      301          301.0          328.6    218.1    234.9    243.3    251.7 update
  747.0s      301         1223.2         1314.0     28.3     35.7     41.9     46.1 read
  747.0s      301          300.8          328.5    218.1    234.9    243.3    251.7 update
  748.0s      301         1125.4         1313.8     27.3     37.7     50.3     79.7 read
  748.0s      301          311.1          328.5    218.1    251.7    260.0    268.4 update
  749.0s      301         1138.1         1313.5     27.3     35.7     44.0     54.5 read
  749.0s      301          311.0          328.5    218.1    234.9    243.3    251.7 update
  750.0s      301         1239.2         1313.4     28.3     52.4     65.0     96.5 read
  750.0s      301          274.0          328.4    218.1    251.7    251.7    260.0 update
_elapsed___errors__ops/sec(inst)___ops/sec(cum)__p50(ms)__p95(ms)__p99(ms)_pMax(ms)
  751.0s      301         1039.1         1313.1     28.3     65.0     96.5    352.3 read
  751.0s      301          283.7          328.3    226.5    302.0    318.8    335.5 update
  752.0s      301         1167.5         1312.9     28.3     39.8     48.2     65.0 read
  752.0s      301          309.1          328.3    218.1    251.7    285.2    302.0 update
  753.0s      301         1086.7         1312.6     29.4     50.3     71.3     79.7 read
  753.0s      301          285.2          328.3    226.5    268.4    302.0    302.0 update
  754.0s      301         1158.7         1312.4     32.5     48.2     56.6     67.1 read
  754.0s      301          254.9          328.2    243.3    268.4    285.2    302.0 update
  755.0s      301         1126.3         1312.1     29.4     46.1     58.7     71.3 read
  755.0s      301          276.8          328.1    234.9    268.4    268.4    285.2 update
  756.0s      301         1207.5         1312.0     27.3     33.6     41.9     50.3 read
  756.0s      301          305.1          328.1    218.1    234.9    243.3    251.7 update
  757.0s      301         1232.3         1311.9     28.3     39.8     48.2     65.0 read
  757.0s      301          289.1          328.0    218.1    234.9    243.3    251.7 update
  758.0s      301         1275.2         1311.8     28.3     37.7     46.1     54.5 read
  758.0s      301          293.0          328.0    218.1    234.9    243.3    251.7 update
  759.0s      301         1218.1         1311.7     27.3     33.6     37.7     46.1 read
  759.0s      301          310.0          327.9    218.1    226.5    234.9    243.3 update
  760.0s      301         1159.2         1311.5     27.3     35.7     44.0     71.3 read
  760.0s      301          314.8          327.9    218.1    243.3    260.0    268.4 update
_elapsed___errors__ops/sec(inst)___ops/sec(cum)__p50(ms)__p95(ms)__p99(ms)_pMax(ms)
  761.0s      301         1208.7         1311.4     28.3     41.9     48.2     62.9 read
  761.0s      301          295.2          327.9    218.1    234.9    243.3    260.0 update
  762.0s      301         1288.8         1311.3     27.3     35.7     41.9     46.1 read
  762.0s      301          299.0          327.8    218.1    234.9    243.3    243.3 update
  763.0s      301         1227.2         1311.2     27.3     33.6     46.1     58.7 read
  763.0s      301          306.1          327.8    218.1    234.9    243.3    251.7 update
  764.0s      301         1197.8         1311.1     27.3     35.7     39.8     46.1 read
  764.0s      301          314.0          327.8    218.1    226.5    234.9    251.7 update
  765.0s      301         1186.5         1310.9     27.3     33.6     37.7     50.3 read
  765.0s      301          313.9          327.8    218.1    226.5    243.3    251.7 update
  766.0s      301         1268.7         1310.9     27.3     35.7     44.0     62.9 read
  766.0s      301          301.9          327.7    218.1    234.9    243.3    251.7 update
  767.0s      301         1226.9         1310.8     27.3     31.5     35.7     41.9 read
  767.0s      301          313.2          327.7    218.1    234.9    234.9    243.3 update
  768.0s      301         1152.0         1310.6     27.3     35.7     44.0     50.3 read
  768.0s      301          318.0          327.7    218.1    226.5    234.9    243.3 update
  769.0s      301         1246.2         1310.5     27.3     32.5     41.9     52.4 read
  769.0s      301          307.0          327.7    218.1    226.5    234.9    251.7 update
  770.0s      301         1296.8         1310.5     29.4     39.8     50.3     62.9 read
  770.0s      301          285.0          327.6    218.1    243.3    243.3    251.7 update
_elapsed___errors__ops/sec(inst)___ops/sec(cum)__p50(ms)__p95(ms)__p99(ms)_pMax(ms)
  771.0s      301         1248.7         1310.4     27.3     35.7     50.3     60.8 read
  771.0s      301          304.9          327.6    218.1    226.5    243.3    251.7 update
  772.0s      301         1289.4         1310.3     27.3     37.7     46.1     58.7 read
  772.0s      301          292.1          327.6    218.1    234.9    251.7    260.0 update
  773.0s      301         1313.3         1310.3     27.3     33.6     39.8     52.4 read
  773.0s      301          301.1          327.5    218.1    226.5    243.3    251.7 update
  774.0s      301         1205.2         1310.2     27.3     37.7     46.1     52.4 read
  774.0s      301          302.8          327.5    218.1    234.9    234.9    234.9 update
  775.0s      301         1212.8         1310.1     28.3     50.3     60.8     92.3 read
  775.0s      301          281.2          327.4    226.5    260.0    285.2    302.0 update
  776.0s      301         1193.5         1309.9     27.3     44.0     56.6     75.5 read
  776.0s      301          303.9          327.4    218.1    243.3    251.7    268.4 update
  777.0s      301         1250.5         1309.9     27.3     31.5     35.7     41.9 read
  777.0s      301          300.9          327.4    218.1    226.5    243.3    243.3 update
  778.0s      301         1140.0         1309.6     27.3     32.5     37.7     48.2 read
  778.0s      301          329.0          327.4    218.1    234.9    243.3    243.3 update
  779.0s      301         1235.7         1309.5     27.3     33.6     39.8     48.2 read
  779.0s      301          311.2          327.4    218.1    234.9    234.9    234.9 update
  780.0s      301         1152.9         1309.3     27.3     37.7     48.2     67.1 read
  780.0s      301          306.0          327.3    218.1    234.9    243.3    251.7 update
_elapsed___errors__ops/sec(inst)___ops/sec(cum)__p50(ms)__p95(ms)__p99(ms)_pMax(ms)
  781.0s      301         1201.4         1309.2     27.3     33.6     44.0     56.6 read
  781.0s      301          315.8          327.3    218.1    234.9    243.3    251.7 update
  782.0s      301         1195.1         1309.1     27.3     33.6     39.8     48.2 read
  782.0s      301          311.0          327.3    218.1    226.5    234.9    251.7 update
  783.0s      301         1215.8         1308.9     27.3     31.5     37.7     56.6 read
  783.0s      301          313.2          327.3    218.1    226.5    243.3    251.7 update
  784.0s      301         1220.6         1308.8     27.3     31.5     37.7     50.3 read
  784.0s      301          312.9          327.3    218.1    226.5    234.9    234.9 update
  785.0s      301         1229.1         1308.7     27.3     35.7     46.1     56.6 read
  785.0s      301          307.0          327.2    218.1    234.9    243.3    243.3 update
  786.0s      301         1168.3         1308.5     27.3     33.6     41.9     54.5 read
  786.0s      301          312.1          327.2    218.1    234.9    243.3    251.7 update
  787.0s      301         1222.6         1308.4     27.3     31.5     35.7     88.1 read
  787.0s      301          313.9          327.2    218.1    226.5    226.5    453.0 update
  788.0s      301         1219.5         1308.3     28.3     37.7     44.0     54.5 read
  788.0s      301          303.9          327.2    218.1    234.9    243.3    268.4 update
  789.0s      301         1263.5         1308.3     27.3     35.7     39.8     58.7 read
  789.0s      301          303.1          327.1    218.1    234.9    234.9    243.3 update
  790.0s      301         1096.0         1308.0     30.4     46.1     56.6     71.3 read
  790.0s      301          289.0          327.1    226.5    251.7    260.0    285.2 update
_elapsed___errors__ops/sec(inst)___ops/sec(cum)__p50(ms)__p95(ms)__p99(ms)_pMax(ms)
  791.0s      301         1053.4         1307.7     31.5     50.3     60.8    113.2 read
  791.0s      301          282.1          327.0    226.5    251.7    268.4    285.2 update
  792.0s      301         1123.2         1307.4     30.4     52.4     67.1     83.9 read
  792.0s      301          289.8          327.0    218.1    251.7    260.0    285.2 update
  793.0s      301         1200.8         1307.3     28.3     39.8     48.2     58.7 read
  793.0s      301          297.2          326.9    218.1    243.3    251.7    251.7 update
  794.0s      301         1228.4         1307.2     27.3     37.7     46.1     54.5 read
  794.0s      301          307.9          326.9    218.1    226.5    234.9    243.3 update
  795.0s      301         1269.1         1307.2     28.3     33.6     39.8     56.6 read
  795.0s      301          299.0          326.9    218.1    226.5    234.9    243.3 update
  796.0s      301         1205.6         1307.0     28.3     35.7     44.0     56.6 read
  796.0s      301          309.2          326.9    218.1    234.9    243.3    243.3 update
  797.0s      301         1221.6         1306.9     27.3     33.6     41.9     50.3 read
  797.0s      301          307.9          326.8    218.1    226.5    234.9    243.3 update
  798.0s      301         1190.8         1306.8     27.3     35.7     39.8     54.5 read
  798.0s      301          310.9          326.8    218.1    234.9    243.3    243.3 update
  799.0s      301         1192.4         1306.6     27.3     33.6     37.7     44.0 read
  799.0s      301          304.1          326.8    218.1    226.5    234.9    234.9 update
  800.0s      301         1238.2         1306.6     27.3     33.6     39.8     50.3 read
  800.0s      301          306.8          326.8    218.1    226.5    243.3    251.7 update
_elapsed___errors__ops/sec(inst)___ops/sec(cum)__p50(ms)__p95(ms)__p99(ms)_pMax(ms)
  801.0s      301         1191.9         1306.4     27.3     32.5     41.9     62.9 read
  801.0s      301          322.0          326.8    218.1    234.9    251.7    260.0 update
  802.0s      301         1160.5         1306.2     27.3     33.6     39.8     50.3 read
  802.0s      301          306.1          326.7    218.1    234.9    243.3    251.7 update
  803.0s      301         1066.3         1305.9     30.4     62.9     75.5    369.1 read
  803.0s      301          282.1          326.7    226.5    260.0    285.2    285.2 update
  804.0s      301         1167.0         1305.8     27.3     37.7     46.1     58.7 read
  804.0s      301          301.0          326.6    218.1    234.9    243.3    268.4 update
  805.0s      301         1263.7         1305.7     27.3     32.5     39.8     56.6 read
  805.0s      301          309.9          326.6    218.1    226.5    234.9    243.3 update
  806.0s      301         1183.1         1305.6     28.3     37.7     46.1     54.5 read
  806.0s      301          314.0          326.6    218.1    234.9    243.3    251.7 update
  807.0s      301         1250.4         1305.5     27.3     31.5     37.7     41.9 read
  807.0s      301          306.8          326.6    218.1    226.5    234.9    243.3 update
  808.0s      301         1163.1         1305.3     28.3     39.8     48.2     56.6 read
  808.0s      301          299.0          326.5    218.1    243.3    268.4    285.2 update
  809.0s      301         1282.4         1305.3     27.3     35.7     54.5     71.3 read
  809.0s      301          299.1          326.5    218.1    234.9    260.0    318.8 update
  810.0s      301         1245.5         1305.2     27.3     37.7     52.4     67.1 read
  810.0s      301          295.1          326.5    218.1    243.3    260.0    285.2 update
_elapsed___errors__ops/sec(inst)___ops/sec(cum)__p50(ms)__p95(ms)__p99(ms)_pMax(ms)
  811.0s      301         1215.3         1305.1     28.3     41.9     56.6     75.5 read
  811.0s      301          298.8          326.4    218.1    243.3    260.0    268.4 update
  812.0s      301         1166.2         1304.9     30.4     44.0     52.4     83.9 read
  812.0s      301          281.1          326.4    226.5    243.3    260.0    260.0 update
  813.0s      301         1102.0         1304.7     30.4     48.2     58.7     71.3 read
  813.0s      301          276.0          326.3    234.9    260.0    268.4    285.2 update
  814.0s      301         1172.4         1304.5     30.4     44.0     52.4     65.0 read
  814.0s      301          288.1          326.3    226.5    243.3    243.3    251.7 update
  815.0s      301         1146.6         1304.3     32.5     46.1     52.4     60.8 read
  815.0s      301          276.9          326.2    226.5    243.3    243.3    251.7 update
  816.0s      301         1200.8         1304.2     29.4     44.0     52.4     60.8 read
  816.0s      301          286.0          326.2    218.1    243.3    251.7    260.0 update
  817.0s      301         1195.3         1304.1     28.3     35.7     41.9     50.3 read
  817.0s      301          315.1          326.2    218.1    226.5    234.9    243.3 update
  818.0s      301         1253.8         1304.0     28.3     41.9     52.4     75.5 read
  818.0s      301          277.0          326.1    218.1    243.3    260.0    285.2 update
  819.0s      301         1151.5         1303.8     27.3     32.5     37.7     46.1 read
  819.0s      301          321.1          326.1    218.1    234.9    243.3    251.7 update
  820.0s      301         1248.9         1303.7     27.3     35.7     39.8     54.5 read
  820.0s      301          299.7          326.1    218.1    234.9    243.3    243.3 update
_elapsed___errors__ops/sec(inst)___ops/sec(cum)__p50(ms)__p95(ms)__p99(ms)_pMax(ms)
  821.0s      301         1206.1         1303.6     28.3     41.9     52.4     65.0 read
  821.0s      301          294.0          326.0    218.1    243.3    260.0    260.0 update
  822.0s      301         1172.5         1303.5     27.3     32.5     39.8     48.2 read
  822.0s      301          312.1          326.0    218.1    234.9    243.3    251.7 update
  823.0s      301         1175.5         1303.3     27.3     32.5     37.7     46.1 read
  823.0s      301          318.1          326.0    218.1    234.9    234.9    251.7 update
  824.0s      301         1208.8         1303.2     27.3     35.7     44.0     56.6 read
  824.0s      301          309.0          326.0    218.1    234.9    234.9    243.3 update
  825.0s      301         1215.7         1303.1     27.3     33.6     39.8     52.4 read
  825.0s      301          299.9          325.9    218.1    234.9    234.9    243.3 update
  826.0s      301         1140.4         1302.9     27.3     41.9     54.5     75.5 read
  826.0s      301          305.1          325.9    218.1    243.3    251.7    260.0 update
  827.0s      301         1284.6         1302.9     27.3     32.5     37.7     48.2 read
  827.0s      301          303.7          325.9    218.1    234.9    243.3    251.7 update
  828.0s      301         1299.2         1302.9     27.3     37.7     58.7     71.3 read
  828.0s      301          284.3          325.8    218.1    234.9    251.7    251.7 update
  829.0s      301         1214.3         1302.8     27.3     32.5     37.7     48.2 read
  829.0s      301          308.8          325.8    218.1    234.9    234.9    234.9 update
  830.0s      301         1068.3         1302.5     35.7     52.4     58.7    142.6 read
  830.0s      301          255.1          325.7    234.9    285.2    302.0    604.0 update
_elapsed___errors__ops/sec(inst)___ops/sec(cum)__p50(ms)__p95(ms)__p99(ms)_pMax(ms)
  831.0s      301         1141.2         1302.3     29.4     44.0     60.8    109.1 read
  831.0s      301          291.1          325.7    226.5    251.7    260.0    268.4 update
  832.0s      301         1120.7         1302.1     30.4     48.2     56.6     75.5 read
  832.0s      301          287.9          325.6    226.5    243.3    260.0    285.2 update
  833.0s      301         1149.6         1301.9     27.3     37.7     48.2     75.5 read
  833.0s      301          301.1          325.6    218.1    243.3    251.7    268.4 update
  834.0s      301         1246.1         1301.8     27.3     35.7     41.9     48.2 read
  834.0s      301          302.0          325.6    218.1    226.5    243.3    251.7 update
  835.0s      301         1265.0         1301.8     27.3     35.7     46.1     54.5 read
  835.0s      301          309.0          325.6    218.1    234.9    251.7    260.0 update
  836.0s      301         1206.7         1301.7     28.3     35.7     41.9     54.5 read
  836.0s      301          302.9          325.5    218.1    234.9    243.3    243.3 update
  837.0s      301         1315.9         1301.7     27.3     35.7     41.9     56.6 read
  837.0s      301          288.0          325.5    218.1    234.9    234.9    243.3 update
  838.0s      301         1128.2         1301.5     29.4     44.0     54.5     71.3 read
  838.0s      301          294.0          325.5    218.1    243.3    251.7    260.0 update
  839.0s      301         1092.2         1301.2     31.5     50.3     79.7     96.5 read
  839.0s      301          287.8          325.4    226.5    251.7    285.2    285.2 update
  840.0s      301         1096.6         1301.0     32.5     52.4     75.5     83.9 read
  840.0s      301          272.1          325.3    226.5    260.0    268.4    285.2 update
_elapsed___errors__ops/sec(inst)___ops/sec(cum)__p50(ms)__p95(ms)__p99(ms)_pMax(ms)
  841.0s      301         1132.3         1300.8     29.4     52.4     75.5    100.7 read
  841.0s      301          273.1          325.3    226.5    285.2    302.0    352.3 update
  842.0s      301         1248.8         1300.7     27.3     32.5     37.7     48.2 read
  842.0s      301          307.9          325.3    218.1    234.9    234.9    243.3 update
  843.0s      301         1203.3         1300.6     27.3     32.5     37.7     46.1 read
  843.0s      301          309.1          325.2    218.1    234.9    234.9    243.3 update
  844.0s      301         1276.0         1300.6     27.3     39.8     54.5     65.0 read
  844.0s      301          295.0          325.2    218.1    234.9    251.7    260.0 update
  845.0s      301         1197.9         1300.4     27.3     33.6     50.3     65.0 read
  845.0s      301          317.0          325.2    218.1    234.9    243.3    251.7 update
  846.0s      301         1079.7         1300.2     27.3     33.6     41.9     56.6 read
  846.0s      301          320.9          325.2    218.1    234.9    251.7    260.0 update
  847.0s      301         1259.1         1300.1     27.3     31.5     37.7     54.5 read
  847.0s      301          316.0          325.2    218.1    226.5    234.9    243.3 update
  848.0s      301         1339.5         1300.2     28.3     37.7     48.2     62.9 read
  848.0s      301          283.1          325.1    218.1    234.9    234.9    243.3 update
  849.0s      301         1212.3         1300.1     27.3     32.5     37.7     48.2 read
  849.0s      301          307.8          325.1    218.1    234.9    234.9    243.3 update
  850.0s      301         1223.5         1300.0     27.3     35.7     41.9     50.3 read
  850.0s      301          300.1          325.1    218.1    243.3    260.0    268.4 update
_elapsed___errors__ops/sec(inst)___ops/sec(cum)__p50(ms)__p95(ms)__p99(ms)_pMax(ms)
  851.0s      301         1185.9         1299.9     27.3     37.7     46.1     71.3 read
  851.0s      301          304.7          325.1    218.1    234.9    243.3    251.7 update
  852.0s      301         1234.8         1299.8     27.3     33.6     37.7     44.0 read
  852.0s      301          307.2          325.0    218.1    234.9    251.7    260.0 update
  853.0s      301         1252.0         1299.7     27.3     31.5     37.7     44.0 read
  853.0s      301          318.0          325.0    218.1    226.5    234.9    234.9 update
  854.0s      301         1219.2         1299.6     27.3     32.5     35.7     44.0 read
  854.0s      301          307.0          325.0    218.1    226.5    234.9    243.3 update
  855.0s      301         1269.4         1299.6     27.3     32.5     37.7     62.9 read
  855.0s      301          305.1          325.0    218.1    226.5    234.9    243.3 update
  856.0s      301         1232.8         1299.5     28.3     39.8     56.6     75.5 read
  856.0s      301          279.9          324.9    218.1    251.7    260.0    268.4 update
  857.0s      301         1271.7         1299.5     27.3     31.5     35.7     39.8 read
  857.0s      301          309.9          324.9    218.1    226.5    234.9    243.3 update
  858.0s      301         1259.3         1299.4     27.3     37.7     44.0     58.7 read
  858.0s      301          302.1          324.9    218.1    243.3    260.0    268.4 update
  859.0s      301         1165.0         1299.3     28.3     48.2     56.6    318.8 read
  859.0s      301          278.0          324.8    226.5    260.0    268.4    285.2 update
  860.0s      301         1262.3         1299.2     28.3     35.7     60.8     75.5 read
  860.0s      301          288.8          324.8    218.1    243.3    251.7    268.4 update
_elapsed___errors__ops/sec(inst)___ops/sec(cum)__p50(ms)__p95(ms)__p99(ms)_pMax(ms)
  861.0s      301         1144.2         1299.1     28.3     48.2     67.1    117.4 read
  861.0s      301          292.0          324.8    218.1    268.4    302.0    318.8 update
  862.0s      301         1194.8         1298.9     28.3     41.9     58.7     71.3 read
  862.0s      301          302.9          324.7    218.1    243.3    268.4    302.0 update
  863.0s      301         1218.9         1298.8     27.3     37.7     46.1     60.8 read
  863.0s      301          292.0          324.7    218.1    234.9    243.3    260.0 update
  864.0s      301         1244.9         1298.8     27.3     32.5     35.7     37.7 read
  864.0s      301          305.2          324.7    218.1    226.5    243.3    243.3 update
  865.0s      301         1182.3         1298.6     27.3     35.7     41.9     50.3 read
  865.0s      301          318.8          324.7    218.1    234.9    234.9    243.3 update
  866.0s      301         1083.8         1298.4     28.3     37.7     52.4     75.5 read
  866.0s      301          317.2          324.7    218.1    234.9    243.3    251.7 update
  867.0s      301         1166.7         1298.2     27.3     35.7     39.8     50.3 read
  867.0s      301          311.9          324.6    218.1    234.9    234.9    234.9 update
  868.0s      301         1206.7         1298.1     28.3     35.7     41.9     56.6 read
  868.0s      301          306.9          324.6    218.1    234.9    243.3    260.0 update
  869.0s      301         1261.4         1298.1     27.3     35.7     39.8     48.2 read
  869.0s      301          296.1          324.6    218.1    234.9    243.3    260.0 update
  870.0s      301         1240.4         1298.0     27.3     32.5     39.8     48.2 read
  870.0s      301          311.9          324.6    218.1    234.9    243.3    251.7 update
_elapsed___errors__ops/sec(inst)___ops/sec(cum)__p50(ms)__p95(ms)__p99(ms)_pMax(ms)
  871.0s      301         1248.7         1298.0     27.3     37.7     46.1     56.6 read
  871.0s      301          296.9          324.5    218.1    243.3    243.3    268.4 update
  872.0s      301         1178.3         1297.8     27.3     35.7     39.8     50.3 read
  872.0s      301          314.1          324.5    218.1    234.9    243.3    243.3 update
  873.0s      301         1270.4         1297.8     27.3     30.4     35.7     41.9 read
  873.0s      301          307.1          324.5    218.1    234.9    243.3    251.7 update
  874.0s      301         1221.5         1297.7     27.3     31.5     37.7     48.2 read
  874.0s      301          317.9          324.5    218.1    234.9    234.9    243.3 update
  875.0s      301         1157.3         1297.6     27.3     30.4     33.6     37.7 read
  875.0s      301          314.1          324.5    218.1    218.1    226.5    234.9 update
  876.0s      301         1161.2         1297.4     27.3     35.7     41.9     56.6 read
  876.0s      301          326.0          324.5    218.1    234.9    234.9    243.3 update
  877.0s      301         1267.1         1297.4     27.3     31.5     35.7     46.1 read
  877.0s      301          307.0          324.5    218.1    234.9    234.9    234.9 update
  878.0s      301         1261.0         1297.3     27.3     39.8     50.3     67.1 read
  878.0s      301          298.0          324.4    218.1    243.3    268.4    285.2 update
  879.0s      301         1263.1         1297.3     27.3     37.7     48.2     58.7 read
  879.0s      301          292.8          324.4    218.1    234.9    243.3    260.0 update
  880.0s      301         1188.7         1297.2     27.3     35.7     46.1     62.9 read
  880.0s      301          311.2          324.4    218.1    234.9    243.3    251.7 update
_elapsed___errors__ops/sec(inst)___ops/sec(cum)__p50(ms)__p95(ms)__p99(ms)_pMax(ms)
  881.0s      301         1238.0         1297.1     31.5     50.3     60.8     83.9 read
  881.0s      301          258.0          324.3    226.5    251.7    260.0    285.2 update
  882.0s      301         1088.1         1296.9     31.5     48.2     58.7     83.9 read
  882.0s      301          267.0          324.2    234.9    260.0    268.4    285.2 update
  883.0s      301         1077.1         1296.6     30.4     41.9     48.2     58.7 read
  883.0s      301          283.0          324.2    234.9    260.0    268.4    268.4 update
  884.0s      301         1126.7         1296.4     32.5     46.1     52.4     71.3 read
  884.0s      301          286.9          324.2    226.5    251.7    260.0    268.4 update
  885.0s      301         1156.9         1296.3     29.4     44.0     52.4     65.0 read
  885.0s      301          289.0          324.1    218.1    243.3    251.7    260.0 update
  886.0s      301         1257.5         1296.2     27.3     31.5     37.7     46.1 read
  886.0s      301          303.9          324.1    218.1    226.5    234.9    243.3 update
  887.0s      301         1246.2         1296.2     27.3     31.5     35.7     48.2 read
  887.0s      301          302.0          324.1    218.1    234.9    234.9    234.9 update
  888.0s      301         1026.2         1295.9     32.5     58.7     71.3     83.9 read
  888.0s      301          285.0          324.0    226.5    268.4    285.2    302.0 update
  889.0s      301         1130.2         1295.7     31.5     44.0     50.3     60.8 read
  889.0s      301          280.1          324.0    226.5    243.3    251.7    260.0 update
  890.0s      301         1067.1         1295.4     35.7     54.5     65.0     75.5 read
  890.0s      301          263.8          323.9    234.9    260.0    268.4    302.0 update
_elapsed___errors__ops/sec(inst)___ops/sec(cum)__p50(ms)__p95(ms)__p99(ms)_pMax(ms)
  891.0s      301         1074.9         1295.2     35.7     58.7     75.5     92.3 read
  891.0s      301          257.2          323.8    234.9    260.0    285.2    285.2 update
  892.0s      301         1107.9         1295.0     31.5     48.2     62.9     71.3 read
  892.0s      301          279.0          323.8    226.5    285.2    318.8    318.8 update
  893.0s      301         1128.7         1294.8     30.4     46.1     60.8     75.5 read
  893.0s      301          283.9          323.7    226.5    243.3    260.0    268.4 update
  894.0s      301         1195.7         1294.7     32.5     52.4     65.0     79.7 read
  894.0s      301          254.9          323.7    226.5    251.7    268.4    285.2 update
  895.0s      301         1172.8         1294.5     28.3     32.5     35.7     41.9 read
  895.0s      301          317.0          323.7    218.1    234.9    243.3    251.7 update
  896.0s      301         1160.1         1294.4     27.3     33.6     37.7     50.3 read
  896.0s      301          317.3          323.6    218.1    226.5    234.9    243.3 update
  897.0s      301         1238.2         1294.3     27.3     30.4     32.5     35.7 read
  897.0s      301          319.8          323.6    218.1    226.5    234.9    243.3 update
  898.0s      301         1221.7         1294.2     27.3     35.7     39.8     52.4 read
  898.0s      301          295.9          323.6    218.1    226.5    234.9    234.9 update
  899.0s      301         1293.3         1294.2     28.3     35.7     41.9     50.3 read
  899.0s      301          295.1          323.6    218.1    234.9    243.3    243.3 update
  900.0s      301         1255.5         1294.2     27.3     33.6     39.8     54.5 read
  900.0s      301          308.1          323.6    218.1    234.9    243.3    251.7 update
_elapsed___errors__ops/sec(inst)___ops/sec(cum)__p50(ms)__p95(ms)__p99(ms)_pMax(ms)
  901.0s      301         1159.4         1294.0     27.3     35.7     46.1     58.7 read
  901.0s      301          313.1          323.6    218.1    234.9    251.7    260.0 update
  902.0s      301         1244.7         1294.0     27.3     32.5     37.7     56.6 read
  902.0s      301          311.7          323.5    218.1    234.9    243.3    260.0 update
  903.0s      301         1219.3         1293.9     27.3     30.4     32.5     37.7 read
  903.0s      301          319.3          323.5    218.1    226.5    234.9    234.9 update
  904.0s      301         1244.1         1293.8     27.3     32.5     37.7     48.2 read
  904.0s      301          307.8          323.5    218.1    226.5    234.9    234.9 update
  905.0s      301          972.6         1293.5     37.7     71.3     83.9    104.9 read
  905.0s      301          238.2          323.4    226.5    302.0    318.8    335.5 update
  906.0s      301         1124.7         1293.3     29.4     75.5     92.3    159.4 read
  906.0s      301          253.9          323.3    226.5    318.8    318.8    335.5 update
  907.0s      301         1277.8         1293.3     27.3     33.6     39.8     56.6 read
  907.0s      301          303.0          323.3    218.1    234.9    243.3    260.0 update
  908.0s      301         1195.5         1293.2     27.3     33.6     39.8     52.4 read
  908.0s      301          313.9          323.3    218.1    234.9    234.9    243.3 update
  909.0s      301         1198.3         1293.1     28.3     35.7     37.7     50.3 read
  909.0s      301          300.1          323.3    218.1    226.5    234.9    234.9 update
  910.0s      301         1274.1         1293.1     28.3     35.7     41.9     56.6 read
  910.0s      301          300.0          323.3    218.1    234.9    243.3    251.7 update
_elapsed___errors__ops/sec(inst)___ops/sec(cum)__p50(ms)__p95(ms)__p99(ms)_pMax(ms)
  911.0s      301         1224.6         1293.0     28.3     44.0     60.8     75.5 read
  911.0s      301          288.9          323.2    218.1    251.7    260.0    268.4 update
  912.0s      301         1100.9         1292.8     27.3     31.5     35.7     41.9 read
  912.0s      301          327.3          323.2    218.1    234.9    251.7    260.0 update
  913.0s      301         1189.0         1292.7     27.3     33.6     39.8     60.8 read
  913.0s      301          310.0          323.2    218.1    234.9    234.9    234.9 update
  914.0s      301         1221.3         1292.6     27.3     31.5     37.7     39.8 read
  914.0s      301          314.8          323.2    218.1    226.5    234.9    234.9 update
  915.0s      301         1176.6         1292.4     27.3     30.4     35.7     46.1 read
  915.0s      301          326.2          323.2    218.1    226.5    234.9    234.9 update
  916.0s      301         1194.9         1292.3     27.3     44.0     56.6     79.7 read
  916.0s      301          302.0          323.2    218.1    234.9    243.3    251.7 update
  917.0s      301         1323.0         1292.4     28.3     33.6     39.8     46.1 read
  917.0s      301          286.0          323.1    218.1    234.9    243.3    251.7 update
  918.0s      301         1187.0         1292.3     27.3     37.7     54.5     65.0 read
  918.0s      301          306.0          323.1    218.1    234.9    243.3    260.0 update
  919.0s      301         1228.2         1292.2     27.3     33.6     37.7     44.0 read
  919.0s      301          313.1          323.1    218.1    226.5    234.9    234.9 update
  920.0s      301         1187.4         1292.1     27.3     35.7     41.9     50.3 read
  920.0s      301          303.8          323.1    218.1    234.9    243.3    251.7 update
_elapsed___errors__ops/sec(inst)___ops/sec(cum)__p50(ms)__p95(ms)__p99(ms)_pMax(ms)
  921.0s      301         1150.1         1291.9     28.3     46.1     58.7     67.1 read
  921.0s      301          297.0          323.1    218.1    243.3    251.7    268.4 update
  922.0s      301         1241.9         1291.9     28.3     37.7     44.0     50.3 read
  922.0s      301          302.0          323.0    218.1    243.3    251.7    260.0 update
  923.0s      301         1301.5         1291.9     28.3     33.6     37.7     52.4 read
  923.0s      301          292.1          323.0    218.1    226.5    234.9    243.3 update
  924.0s      301         1267.2         1291.9     28.3     35.7     39.8     46.1 read
  924.0s      301          299.1          323.0    218.1    226.5    251.7    260.0 update
  925.0s      301         1211.8         1291.8     27.3     33.6     37.7     50.3 read
  925.0s      301          308.0          323.0    218.1    226.5    234.9    243.3 update
  926.0s      301         1219.8         1291.7     28.3     44.0     56.6     83.9 read
  926.0s      301          296.9          322.9    218.1    234.9    251.7    260.0 update
  927.0s      301         1148.9         1291.5     27.3     33.6     48.2     65.0 read
  927.0s      301          313.0          322.9    218.1    234.9    260.0    285.2 update
  928.0s      301         1187.0         1291.4     28.3     39.8     48.2     56.6 read
  928.0s      301          305.0          322.9    218.1    243.3    251.7    318.8 update
  929.0s      301         1076.7         1291.2     29.4     46.1     56.6     71.3 read
  929.0s      301          288.9          322.9    226.5    251.7    260.0    318.8 update
  930.0s      301         1036.4         1290.9     33.6     67.1     88.1    100.7 read
  930.0s      301          262.1          322.8    234.9    285.2    318.8    318.8 update
_elapsed___errors__ops/sec(inst)___ops/sec(cum)__p50(ms)__p95(ms)__p99(ms)_pMax(ms)
  931.0s      301         1066.0         1290.7     33.6     52.4     65.0     83.9 read
  931.0s      301          242.0          322.7    251.7    335.5    385.9    402.7 update
  932.0s      301         1167.6         1290.5     27.3     41.9     50.3     60.8 read
  932.0s      301          295.9          322.7    226.5    285.2    302.0    335.5 update
  933.0s      301         1273.3         1290.5     27.3     30.4     32.5     39.8 read
  933.0s      301          308.1          322.7    218.1    226.5    234.9    234.9 update
  934.0s      301         1183.9         1290.4     28.3     39.8     60.8     75.5 read
  934.0s      301          302.0          322.7    218.1    234.9    243.3    243.3 update
  935.0s      301         1164.1         1290.3     28.3     67.1     88.1    142.6 read
  935.0s      301          262.0          322.6    234.9    285.2    302.0    536.9 update
  936.0s      301         1216.1         1290.2     27.3     31.5     35.7     48.2 read
  936.0s      301          306.0          322.6    218.1    226.5    234.9    234.9 update
  937.0s      301         1172.4         1290.1     27.3     30.4     35.7     37.7 read
  937.0s      301          329.1          322.6    218.1    226.5    234.9    243.3 update
  938.0s      301         1326.2         1290.1     27.3     31.5     35.7     54.5 read
  938.0s      301          290.8          322.5    218.1    226.5    234.9    251.7 update
  939.0s      301         1260.3         1290.1     27.3     30.4     33.6     41.9 read
  939.0s      301          316.1          322.5    218.1    226.5    234.9    251.7 update
  940.0s      301         1218.0         1290.0     27.3     32.5     35.7     37.7 read
  940.0s      301          321.0          322.5    218.1    234.9    234.9    234.9 update
_elapsed___errors__ops/sec(inst)___ops/sec(cum)__p50(ms)__p95(ms)__p99(ms)_pMax(ms)
  941.0s      301         1291.0         1290.0     27.3     32.5     37.7     50.3 read
  941.0s      301          296.8          322.5    218.1    234.9    234.9    243.3 update
  942.0s      301         1253.2         1290.0     27.3     35.7     44.0     54.5 read
  942.0s      301          305.3          322.5    218.1    226.5    234.9    243.3 update
  943.0s      301         1295.0         1290.0     27.3     31.5     33.6     41.9 read
  943.0s      301          300.8          322.5    218.1    234.9    251.7    251.7 update
  944.0s      301         1175.0         1289.8     27.3     33.6     48.2     56.6 read
  944.0s      301          312.3          322.5    218.1    226.5    234.9    243.3 update
  945.0s      301         1233.8         1289.8     27.3     31.5     35.7     48.2 read
  945.0s      301          320.0          322.5    218.1    226.5    226.5    234.9 update
  946.0s      301         1107.1         1289.6     27.3     41.9     56.6     67.1 read
  946.0s      301          308.0          322.4    218.1    234.9    243.3    260.0 update
  947.0s      301         1320.8         1289.6     27.3     35.7     44.0     60.8 read
  947.0s      301          296.0          322.4    218.1    234.9    243.3    251.7 update
  948.0s      301         1236.2         1289.6     27.3     39.8     48.2     58.7 read
  948.0s      301          308.8          322.4    218.1    234.9    243.3    260.0 update
  949.0s      301         1202.8         1289.5     27.3     39.8     44.0     54.5 read
  949.0s      301          296.0          322.4    218.1    226.5    234.9    251.7 update
  950.0s      301         1130.7         1289.3     29.4     41.9     50.3     75.5 read
  950.0s      301          284.2          322.3    226.5    251.7    260.0    285.2 update
_elapsed___errors__ops/sec(inst)___ops/sec(cum)__p50(ms)__p95(ms)__p99(ms)_pMax(ms)
  951.0s      301         1041.1         1289.1     33.6     52.4     62.9     83.9 read
  951.0s      301          271.0          322.3    243.3    260.0    268.4    285.2 update
  952.0s      301         1090.3         1288.8     32.5     48.2     56.6     79.7 read
  952.0s      301          276.8          322.2    234.9    251.7    268.4    285.2 update
  953.0s      301         1243.1         1288.8     27.3     32.5     37.7     44.0 read
  953.0s      301          310.3          322.2    218.1    234.9    243.3    243.3 update
  954.0s      301         1209.7         1288.7     27.3     31.5     35.7     41.9 read
  954.0s      301          319.9          322.2    218.1    226.5    234.9    234.9 update
  955.0s      301         1226.6         1288.6     27.3     37.7     46.1     62.9 read
  955.0s      301          303.9          322.2    218.1    226.5    243.3    243.3 update
  956.0s      301         1120.6         1288.5     29.4     44.0     60.8     79.7 read
  956.0s      301          310.9          322.2    218.1    234.9    243.3    251.7 update
  957.0s      301         1131.8         1288.3     27.3     35.7     39.8     58.7 read
  957.0s      301          315.2          322.2    218.1    234.9    251.7    260.0 update
  958.0s      301         1221.5         1288.2     27.3     35.7     39.8     46.1 read
  958.0s      301          307.9          322.2    218.1    226.5    234.9    243.3 update
  959.0s      301         1196.0         1288.1     27.3     30.4     33.6     44.0 read
  959.0s      301          318.0          322.2    218.1    226.5    234.9    243.3 update
  960.0s      301         1252.4         1288.1     27.3     35.7     44.0     56.6 read
  960.0s      301          300.1          322.1    218.1    234.9    243.3    243.3 update

_elapsed___errors_____ops(total)___ops/sec(cum)__avg(ms)__p50(ms)__p95(ms)__p99(ms)_pMax(ms)__total
  960.0s      301        1236583         1288.1     26.4     27.3     37.7     52.4    486.5  read

_elapsed___errors_____ops(total)___ops/sec(cum)__avg(ms)__p50(ms)__p95(ms)__p99(ms)_pMax(ms)__total
  960.0s      301         309246          322.1    201.6    218.1    234.9    260.0    939.5  update

_elapsed___errors_____ops(total)___ops/sec(cum)__avg(ms)__p50(ms)__p95(ms)__p99(ms)_pMax(ms)__result
  960.0s      301        1545829         1610.2     61.4     28.3    218.1    234.9    939.5  
