ts_utc,wall_offset_s,node,host,cpu_busy_pct,cpu_seconds_idle_cum,cpu_seconds_total_cum,mem_total_bytes,mem_available_bytes,disk_read_bytes_per_s,disk_write_bytes_per_s,disk_busy_pct,disk_read_bytes_cum,disk_write_bytes_cum,disk_io_time_seconds_cum,net_rx_bytes_per_s,net_tx_bytes_per_s,net_rx_bytes_cum,net_tx_bytes_cum,load1
2026-09-11T17:42:40.306512Z,1.299,linode-1,crdb-linode-1,,12288.16,14826.61,8322887680.0,6528077824.0,,,,11470821376.0,81659056128.0,1456.248,,,20564228831.0,5480329695.0,0.46
2026-09-11T17:42:40.673863Z,1.666,linode-2,crdb-linode-2,,11532.22,14388.869999999999,8322887680.0,6557319168.0,,,,11504683008.0,82041851904.0,1419.892,,,21401666918.0,4865000985.0,0.31
2026-09-11T17:42:39.688575Z,0.681,azure-1,crdb-azure-1,,11989.54,14783.2,8327364608.0,5961494528.0,,,,11194218496.0,84784800768.0,1217.246,,,20554893221.0,5787293756.0,0.41
2026-09-11T17:42:39.829948Z,0.822,azure-2,crdb-azure-2,,11896.77,14870.63,8327364608.0,6522261504.0,,,,10727225344.0,84924281856.0,993.719,,,20487045498.0,5144471715.0,0.24
2026-09-11T17:42:40.977385Z,1.97,gcp-1,crdb-gcp-1,,10339.900000000001,15111.57,8324022272.0,2267951104.0,,,,124216518656.0,85881328640.0,876.114,,,19698464982.0,84753476877.0,4.31
2026-09-11T17:42:40.688921Z,1.681,client-1,crdb-client-1,,14586.18,15330.85,8324030464.0,7666765824.0,,,,566323200.0,5751837696.0,16.497,,,5497589100.0,1235122552.0,0.48
2026-09-11T17:42:45.231940Z,6.224,linode-1,crdb-linode-1,5.1361068310129205,12306.630000000001,14846.08,8322887680.0,6527643648.0,4157.983827462654,1709762.9498526433,10.070117082138035,11470841856.0,81667477504.0,1456.7440000000001,368276.3632869622,215688.71117334068,20566042763.0,5481392062.0,0.58
2026-09-11T17:42:45.542247Z,6.535,linode-2,crdb-linode-2,32.573454913879274,11545.53,14408.61,8322887680.0,6537306112.0,4206.723882818033,1958650.6398400764,11.502760617079439,11504703488.0,82051387392.0,1420.452,379025.8218419048,229744.43239851043,21403512166.0,4866119472.0,0.44
2026-09-11T17:42:44.639781Z,5.632,azure-1,crdb-azure-1,18.299637117681844,12005.3,14802.49,8327364608.0,5944848384.0,0.0,1774490.3079941126,7.210321058623872,11194218496.0,84793586688.0,1217.603,468372.9633887,752837.0946127493,20557212246.0,5791021230.0,0.54
2026-09-11T17:42:44.737353Z,5.73,azure-2,crdb-azure-2,23.51113412739806,11911.54,14889.94,8327364608.0,6452404224.0,0.0,1798682.4423657355,5.807538972708107,10727225344.0,84933108736.0,994.004,409298.4336128382,229363.55550805148,20489054095.0,5145597297.0,0.3
2026-09-11T17:42:45.567792Z,6.56,gcp-1,crdb-gcp-1,4.6747967479770285,10358.66,15131.25,8324022272.0,2282061824.0,93690.53867825186,1781012.52573134,2.1784444447143128,124216948736.0,85889504256.0,876.214,409880.85760623886,899994.9133335099,19700346512.0,84757608242.0,3.97
2026-09-11T17:42:45.572216Z,6.565,client-1,crdb-client-1,1.0055304172896684,14605.87,15350.74,8324030464.0,7676919808.0,0.0,20130.532900511647,0.040955674032593765,566323200.0,5751936000.0,16.499,54762.241305751806,72497.68638883604,5497856522.0,1235476582.0,0.44
2026-09-11T17:42:50.302598Z,11.295,linode-1,crdb-linode-1,6.481012658231167,12325.1,14865.83,8322887680.0,6533021696.0,1005687.6827894999,252027.75665086263,12.069388135883882,11475941376.0,81668755456.0,1457.356,131227.97232746906,161128.30373633304,20566708178.0,5482209092.0,0.69
2026-09-11T17:42:50.567891Z,11.56,linode-2,crdb-linode-2,6.636500754146546,11564.1,14428.5,8322887680.0,6533980160.0,0.0,266510.7114278695,10.904042271603307,11504703488.0,82052726784.0,1421.0,119578.1448813947,139610.93991461504,21404113125.0,4866821109.0,0.41
2026-09-11T17:42:49.668790Z,10.661,azure-1,crdb-azure-1,3.838174273857664,12023.84,14821.77,8327364608.0,5952622592.0,0.0,204431.2330957229,7.2379397300300585,11194218496.0,84794614784.0,1217.967,71376.22680749193,130431.25313609533,20557571201.0,5791677176.0,0.57
2026-09-11T17:42:49.769495Z,10.762,azure-2,crdb-azure-2,6.131834440473916,11929.91,14909.51,8327364608.0,6463754240.0,0.0,231164.48601421303,5.305839239055543,10727225344.0,84934272000.0,994.2710000000001,73887.09029325123,132036.50498586873,20489425909.0,5146261730.0,0.28
2026-09-11T17:42:50.627495Z,11.62,gcp-1,crdb-gcp-1,18.794326241130534,10374.69,15150.99,8324022272.0,2297544704.0,17210594.241266027,378859.74152928044,7.6288655719093175,124304029696.0,85891421184.0,876.6,234845.73287604784,434435.82958164,19701534768.0,84759806370.0,3.65
2026-09-11T17:42:50.965763Z,11.958,client-1,crdb-client-1,9.458775923119667,14623.77,15370.51,8324030464.0,7451627520.0,0.0,21263.870269244973,0.03708124698184807,566323200.0,5752050688.0,16.501,139085.82442922506,198167.00443286158,5498606690.0,1236545408.0,0.41
2026-09-11T17:42:55.288046Z,16.281,linode-1,crdb-linode-1,15.23213354199302,12341.35,14885.0,8322887680.0,6532476928.0,142134.77037154962,2892812.2917816546,68.11801167666418,11476649984.0,81683177472.0,1460.752,801053.9770855262,455286.66899847204,20570701805.0,5484478908.0,0.8
2026-09-11T17:42:55.577442Z,16.57,linode-2,crdb-linode-2,12.99032093734569,11581.18,14448.130000000001,8322887680.0,6488592384.0,817.6368554382628,2916510.6633482836,53.33802924148094,11504707584.0,82067337216.0,1423.672,763690.7886328994,392547.93338000495,21407938879.0,4868787601.0,0.38
2026-09-11T17:42:54.640581Z,15.633,azure-1,crdb-azure-1,15.775681341720283,12039.91,14840.85,8327364608.0,5969059840.0,0.0,2756577.524915522,39.32159158388781,11194218496.0,84808320000.0,1219.922,829107.3237203005,899008.8444153476,20561693376.0,5796146889.0,0.61
2026-09-11T17:42:54.735667Z,15.728,azure-2,crdb-azure-2,21.02851323828575,11945.42,14929.15,8327364608.0,6477443072.0,0.0,2814945.9907315564,39.10416853128707,10727225344.0,84948251648.0,996.2130000000001,782551.7346628332,379421.18291358725,20493312235.0,5148146020.0,0.26
2026-09-11T17:42:55.624180Z,16.617,gcp-1,crdb-gcp-1,83.80503144654006,10377.78,15170.07,8324022272.0,2252316672.0,77282912.53313588,2775649.859851269,52.374694306740594,124690188288.0,85905290240.0,879.217,2612730.1377547784,9336776.914423509,19714589765.0,84806459330.0,3.84
2026-09-11T17:42:55.906319Z,16.899,client-1,crdb-client-1,24.75463467830337,14637.57,15388.85,8324030464.0,7455158272.0,0.0,33991.01409724539,0.06072137141038254,566323200.0,5752218624.0,16.504,7071175.947029013,1684343.0373925394,5533542541.0,1244867073.0,0.78
2026-09-11T17:43:00.281992Z,21.275,linode-1,crdb-linode-1,11.12266112265823,12358.45,14904.24,8322887680.0,6532521984.0,50851.472618348285,1576395.651168797,51.181468943938945,11476903936.0,81691049984.0,1463.3080000000002,573841.583739065,373194.0059992504,20573567567.0,5486342637.0,0.98
2026-09-11T17:43:00.578429Z,21.571,linode-2,crdb-linode-2,11.33540372671088,11598.31,14467.45,8322887680.0,6480080896.0,0.0,1605298.5393540212,48.46993158325335,11504707584.0,82075365376.0,1426.096,529262.0590365145,285659.46138715703,21410585739.0,4870216195.0,0.35
2026-09-11T17:42:59.689836Z,20.682,azure-1,crdb-azure-1,14.880332986466493,12056.27,14860.07,8327364608.0,5968003072.0,0.0,1193283.854897962,38.24312894024069,11194218496.0,84814345216.0,1221.853,490912.2519969945,282572.75614323176,20564172126.0,5797573676.0,0.64
2026-09-11T17:42:59.773127Z,20.766,azure-2,crdb-azure-2,18.499486125386376,11961.28,14948.61,8327364608.0,6476201984.0,0.0,1217219.200174502,36.962958317756645,10727225344.0,84954383360.0,998.075,505991.7329659306,298408.98982860195,20495861156.0,5149649248.0,0.32
2026-09-11T17:43:00.736022Z,21.729,gcp-1,crdb-gcp-1,93.90889830508642,10378.93,15188.949999999999,8324022272.0,2274304000.0,78569492.62421529,1772412.8832989743,57.65008652072328,125091825664.0,85914350592.0,882.164,2477409.8639851892,9952348.838837387,19727253973.0,84857334487.0,3.93
2026-09-11T17:43:00.739592Z,21.732,client-1,crdb-client-1,26.3681592039823,14650.89,15406.94,8324030464.0,7451717632.0,0.0,0.0,0.0,566323200.0,5752218624.0,16.504,8475283.150196053,1914992.726871596,5574506037.0,1254122787.0,0.71
2026-09-11T17:43:05.267715Z,26.26,linode-1,crdb-linode-1,14.293248945143732,12374.7,14923.199999999999,8322887680.0,6532272128.0,43542.20836899582,3595929.1703980137,73.5705429583681,11477121024.0,81708978176.0,1466.9759999999999,993730.0401303266,589551.5688917561,20578521998.0,5489281959.0,1.06
2026-09-11T17:43:05.538800Z,26.531,linode-2,crdb-linode-2,18.795056642626907,11614.08,14486.869999999999,8322887680.0,6479564800.0,0.0,3550681.844035668,77.33248293128217,11504707584.0,82092978176.0,1429.932,953969.1549522037,470959.05458159436,21415317807.0,4872552340.0,0.32
2026-09-11T17:43:04.683661Z,25.676,azure-1,crdb-azure-1,21.623036649219586,12071.24,14879.17,8327364608.0,5965365248.0,0.0,3255399.8266554084,55.868561898958085,11194218496.0,84830602240.0,1224.643,1024188.2838582186,957076.7245528837,20569286783.0,5802353187.0,0.67
2026-09-11T17:43:04.793350Z,25.786,azure-2,crdb-azure-2,25.61855670103741,11975.71,14968.01,8327364608.0,6476079104.0,0.0,3363936.6192280026,54.00127816900309,10727225344.0,84971271168.0,1000.7860000000001,997868.3255312733,447544.70591478935,20500870706.0,5151896035.0,0.53
2026-09-11T17:43:05.702228Z,26.695,gcp-1,crdb-gcp-1,96.92465402358515,10379.529999999999,15208.46,8324022272.0,2319343616.0,101330462.69323815,3369186.954979919,56.01833898763977,125595056128.0,85931082752.0,884.946,3502069.824832887,12972958.10398374,19744646060.0,84921761191.0,4.5
2026-09-11T17:43:05.639542Z,26.632,client-1,crdb-client-1,30.482456140348447,14663.57,15425.18,8324030464.0,7452889088.0,0.0,10866.980081192518,0.040816481675129565,566323200.0,5752271872.0,16.506,9911030.121070506,2224637.0273334896,5623069900.0,1265023467.0,0.82
2026-09-11T17:43:10.767685Z,31.76,linode-1,crdb-linode-1,15.593929879658964,12390.83,14942.310000000001,8322887680.0,6532276224.0,2234.161981254349,2247566.953141875,67.85394298536518,11477133312.0,81721339904.0,1470.708,684951.9183722405,440349.726537196,20582289267.0,5491703904.0,1.53
2026-09-11T17:43:10.932947Z,31.926,linode-2,crdb-linode-2,16.110826064653562,11630.43,14506.36,8322887680.0,6479327232.0,3037.3511560493566,2335723.039001955,68.3700626434915,11504723968.0,82105577472.0,1433.62,652655.6496713678,363215.5870231561,21418838345.0,4874511588.0,0.37
2026-09-11T17:43:09.739391Z,30.732,azure-1,crdb-azure-1,20.8311415044665,12086.29,14898.18,8327364608.0,5963849728.0,0.0,1746717.7111474907,56.37140760852013,11194218496.0,84839433216.0,1227.4930000000002,660944.0733115831,356669.0165379456,20572628354.0,5804156418.0,0.61
2026-09-11T17:43:09.853899Z,30.847,azure-2,crdb-azure-2,26.948548140597406,11990.05,14987.64,8327364608.0,6474022912.0,0.0,1774193.2611293842,58.0566829619928,10727225344.0,84980249600.0,1003.724,676113.5464424825,365105.79283399816,20504292227.0,5153743679.0,0.65
2026-09-11T17:43:11.035456Z,32.028,gcp-1,crdb-gcp-1,96.95719443010869,10380.12,15227.85,8324022272.0,2316918784.0,98708720.72557147,2248738.644500862,51.56329439404905,126121494528.0,85943075840.0,887.696,3028651.659991058,11674161.979388922,19760798620.0,84984022429.0,4.78
2026-09-11T17:43:11.038923Z,32.032,client-1,crdb-client-1,31.331877729256952,14676.15,15443.5,8324030464.0,7454097408.0,0.0,12137.654663899195,0.12964413856096185,566323200.0,5752337408.0,16.513,9059372.940347709,2034321.5569659087,5671985039.0,1276007574.0,0.75
2026-09-11T17:43:15.345692Z,36.338,linode-1,crdb-linode-1,16.981132075462703,12406.67,14961.39,8322887680.0,6532124672.0,9841.802444709909,4239132.725730505,86.41284284284325,11477178368.0,81740746752.0,1474.664,1120336.3912805445,670957.7170036763,20587418193.0,5494775564.0,2.13
2026-09-11T17:43:15.607060Z,36.6,linode-2,crdb-linode-2,18.200514138813638,11646.34,14525.81,8322887680.0,6479101952.0,0.0,4208935.797019993,84.37944659957137,11504723968.0,82125250560.0,1437.5639999999999,1047637.5800086869,554710.3535792897,21423735133.0,4877104373.0,0.42
2026-09-11T17:43:14.704629Z,35.697,azure-1,crdb-azure-1,24.177545691911785,12100.81,14917.33,8327364608.0,5960519680.0,0.0,3537302.5332280667,60.882941618666756,11194218496.0,84856996864.0,1230.516,1061909.2713230967,993649.4842343369,20577901016.0,5809090152.0,0.73
2026-09-11T17:43:14.805129Z,35.798,azure-2,crdb-azure-2,26.95697252462671,12004.14,15006.93,8327364608.0,6472249344.0,0.0,3491048.2505955915,59.055563888138664,10727225344.0,84997534720.0,1006.648,1018532.3606144814,474954.978475597,20509335255.0,5156095309.0,0.6
2026-09-11T17:43:15.679707Z,36.672,gcp-1,crdb-gcp-1,98.06517311609363,10380.5,15247.49,8324022272.0,2432495616.0,107688833.48243359,3035649.649860254,63.28203250502735,126621632512.0,85957174272.0,890.635,3717108.644140293,13367219.831765454,19778061944.0,85046103651.0,6.32
2026-09-11T17:43:15.936496Z,36.929,client-1,crdb-client-1,29.53929539295671,14689.15,15461.95,8324030464.0,7498813440.0,0.0,214936.3630011384,0.20418170427359675,566323200.0,5753390080.0,16.523,9434740.188761694,2120532.765004538,5718192608.0,1286393092.0,0.69
2026-09-11T17:43:20.377909Z,41.371,linode-1,crdb-linode-1,18.667371760976636,12422.05,14980.3,8322887680.0,6532136960.0,48023.091475820314,3077547.6079674,86.00533795159771,11477420032.0,81756233728.0,1478.992,825436.2309904639,565426.6738123549,20591571991.0,5497620930.0,2.04
2026-09-11T17:43:20.638623Z,41.631,linode-2,crdb-linode-2,20.474471377003155,11661.76,14545.2,8322887680.0,6478925824.0,13838.974470776666,3147959.6634407863,85.0626303063633,11504793600.0,82141089792.0,1441.844,778956.2671633656,478783.9581801935,21427654519.0,4879513416.0,0.47
2026-09-11T17:43:19.720405Z,40.713,azure-1,crdb-azure-1,25.447839831401676,12114.96,14936.31,8327364608.0,5958979584.0,0.0,2077481.688839685,68.42383768427466,11194218496.0,84867417088.0,1233.948,731490.1007657079,413115.69860412466,20581570021.0,5811162256.0,0.83
2026-09-11T17:43:19.813130Z,40.806,azure-2,crdb-azure-2,31.611570247930644,12017.38,15026.289999999999,8327364608.0,6470180864.0,0.0,2109329.568537722,71.00597624556423,10727225344.0,85008098304.0,1010.2040000000001,757331.4520068777,421907.0875891581,20513127993.0,5158208232.0,0.87
2026-09-11T17:43:21.011486Z,42.004,gcp-1,crdb-gcp-1,99.22799794132973,10380.65,15266.92,8324022272.0,2429820928.0,88064828.71193753,1218395.9378648137,55.51585368679887,127091177472.0,85963670528.0,893.595,3153685.3493147497,11504510.035499841,19794876796.0,85107443516.0,7.09
2026-09-11T17:43:20.989175Z,41.982,client-1,crdb-client-1,29.8024149286525,14701.939999999999,15480.17,8324030464.0,7500464128.0,0.0,34858.291786395086,0.07916581528526237,566323200.0,5753566208.0,16.527,9234673.155312566,2079501.7091080716,5764852511.0,1296900161.0,0.63
2026-09-11T17:43:25.390718Z,46.383,linode-1,crdb-linode-1,22.23398623610615,12436.74,14999.19,8322887680.0,6525861888.0,0.0,20485573.659788787,79.23658779445346,11477420032.0,81858924544.0,1482.964,974412.9358417196,570349.0284973263,20596456563.0,5500479996.0,1.88
2026-09-11T17:43:25.703660Z,46.696,linode-2,crdb-linode-2,23.73763664757781,11676.41,14564.41,8322887680.0,6454677504.0,0.0,21115275.07066871,77.62950194327907,11504793600.0,82248040448.0,1445.776,940227.9158381039,506384.82249054086,21432416853.0,4882078298.0,0.83
2026-09-11T17:43:24.750725Z,45.743,azure-1,crdb-azure-1,30.98143236074288,12127.97,14955.16,8327364608.0,5952241664.0,0.0,23878150.961725995,59.001984806589455,11194218496.0,84987532288.0,1236.9160000000002,1023414.0768951875,960362.6634143738,20586718141.0,5815993206.0,0.76
2026-09-11T17:43:24.853605Z,45.846,azure-2,crdb-azure-2,34.150156412925824,12030.01,15045.47,8327364608.0,6460416000.0,0.0,20269956.89884296,61.045587210801166,10727225344.0,85110268928.0,1013.2810000000001,979407.9019471873,462767.4120227788,20518064694.0,5160540809.0,0.88
2026-09-11T17:43:25.752066Z,46.745,gcp-1,crdb-gcp-1,97.89635710620902,10381.06,15286.41,8324022272.0,2428190720.0,98045917.93537575,18069321.10563038,60.3508523443948,127555975168.0,86049330176.0,896.456,3377813.5800762833,12287515.805170676,19810889701.0,85165693866.0,7.08
2026-09-11T17:43:26.012762Z,47.006,client-1,crdb-client-1,27.922077922067956,14715.26,15498.65,8324030464.0,7499051008.0,0.0,0.0,0.0,566323200.0,5753566208.0,16.527,8606326.784711067,1939768.8044529038,5808087478.0,1306644834.0,0.66
2026-09-11T17:43:30.512834Z,51.506,linode-1,crdb-linode-1,17.597911227149066,12452.52,15018.34,8322887680.0,6525865984.0,0.0,2714864.277339714,77.31140793464486,11477420032.0,81872830464.0,1486.924,746725.5092330726,508507.19553368475,20600281397.0,5503084642.0,2.05
2026-09-11T17:43:30.686681Z,51.679,linode-2,crdb-linode-2,16.07142857143471,11692.39,14583.45,8322887680.0,6454222848.0,0.0,2722423.1125118793,78.5865150385049,11504793600.0,82261606400.0,1449.692,722012.0014716367,431357.6885236922,21436014670.0,4884227772.0,0.85
2026-09-11T17:43:29.767977Z,50.761,azure-1,crdb-azure-1,23.44900105151958,12142.53,14974.18,8327364608.0,5957308416.0,0.0,1899713.2285260495,62.26482056257285,11194218496.0,84997063680.0,1240.0400000000002,678902.9961010881,383195.9227862427,20590124387.0,5817915807.0,0.7
2026-09-11T17:43:29.891457Z,50.884,azure-2,crdb-azure-2,27.436823104699272,12044.08,15064.86,8327364608.0,6459129856.0,0.0,1926910.2240173172,62.01035423908624,10727225344.0,85119976448.0,1016.4050000000001,702025.6913315613,392834.2046280409,20521601407.0,5162519856.0,0.89
2026-09-11T17:43:31.166611Z,52.159,gcp-1,crdb-gcp-1,98.03921568626936,10381.44,15305.79,8324022272.0,2427551744.0,86936917.31331916,1401000.4164898854,57.437790217337394,128026699776.0,86056915968.0,899.566,2941222.0949071767,10951992.389049567,19826815106.0,85224994017.0,8.76
2026-09-11T17:43:30.838502Z,51.831,client-1,crdb-client-1,29.395604395605226,14728.11,15516.85,8324030464.0,7500173312.0,0.0,50926.45113515614,0.08288810406108059,566323200.0,5753811968.0,16.531,9470003.810291314,2131635.237122332,5853787661.0,1316931643.0,0.61
2026-09-11T17:43:35.345835Z,56.339,linode-1,crdb-linode-1,18.644067796606688,12468.36,15037.81,8322887680.0,6525698048.0,16102.522956216058,3955288.138771597,80.61193132891793,11477497856.0,81891946496.0,1490.82,1047029.1873768249,610126.5894183622,20605341722.0,5506033403.0,1.88
2026-09-11T17:43:35.645839Z,56.639,linode-2,crdb-linode-2,16.275430359933573,11708.439999999999,14602.619999999999,8322887680.0,6454222848.0,0.0,3872012.5466384864,78.64186638784346,11504793600.0,82280808448.0,1453.5919999999999,983438.9218650658,520125.2055405399,21440891731.0,4886807172.0,0.86
2026-09-11T17:43:34.732832Z,55.726,azure-1,crdb-azure-1,23.291272344910663,12157.119999999999,14993.2,8327364608.0,5973393408.0,0.0,3521889.6096886587,60.726318492116,11194218496.0,85014549504.0,1243.055,1071365.937076625,1004230.4239551938,20595443610.0,5822901709.0,0.72
2026-09-11T17:43:34.901751Z,55.895,azure-2,crdb-azure-2,27.99385875126812,12058.150000000001,15084.4,8327364608.0,6457905152.0,0.0,3480140.833351719,59.63672890133356,10727225344.0,85137413120.0,1019.393,1019807.2246076512,479512.8310576796,20526710983.0,5164922376.0,0.82
2026-09-11T17:43:35.718731Z,56.712,gcp-1,crdb-gcp-1,97.48201438849021,10381.93,15325.25,8324022272.0,2429915136.0,102774543.25123218,3044905.046070475,68.01182107142962,128494544896.0,86070776832.0,902.662,3750536.037390693,13473462.04247733,19843888108.0,85286327235.0,9.74
2026-09-11T17:43:35.722119Z,56.715,client-1,crdb-client-1,29.051490514907165,14741.2,15535.300000000001,8324030464.0,7498670080.0,0.0,5032.308056579372,0.020476513902122077,566323200.0,5753836544.0,16.532,9392479.049155464,2119011.426863096,5899657183.0,1327280140.0,0.56
2026-09-11T17:43:40.400815Z,61.394,linode-1,crdb-linode-1,17.866526537053794,12483.99,15056.84,8322887680.0,6525698048.0,0.0,2792245.797227113,80.71208900411492,11477497856.0,81906061312.0,1494.9,784488.6663778725,523046.77984124457,20609307316.0,5508677407.0,1.73
2026-09-11T17:43:40.621995Z,61.615,linode-2,crdb-linode-2,17.16535433070997,11724.22,14621.67,8322887680.0,6453764096.0,0.0,2842241.567769525,81.91032247652521,11504793600.0,82294951936.0,1457.668,749914.1219740307,434133.3503028789,21444623434.0,4888967495.0,1.03
2026-09-11T17:43:39.741411Z,60.734,azure-1,crdb-azure-1,23.3526620980423,12171.66,15012.17,8327364608.0,5972684800.0,0.0,1947172.3758678595,63.2913440664421,11194218496.0,85024302080.0,1246.2250000000001,698223.1197376851,382335.62218760623,20598940719.0,5824816669.0,0.67
2026-09-11T17:43:39.998515Z,60.991,azure-2,crdb-azure-2,27.815256875975404,12072.060000000001,15103.67,8327364608.0,6456098816.0,0.0,2000275.8936178766,60.11651793325525,10727225344.0,85147608064.0,1022.4570000000001,711641.8380099161,398476.9631656396,20530338057.0,5166953321.0,0.99
2026-09-11T17:43:40.789430Z,61.782,gcp-1,crdb-gcp-1,98.13857290589152,10382.29,15344.59,8324022272.0,2427056128.0,92448955.74415849,1492766.823783562,60.85916386322539,128963328000.0,86078346240.0,905.748,3234531.047814099,12046883.545107912,19860289521.0,85347413652.0,9.68
2026-09-11T17:43:40.722501Z,61.715,client-1,crdb-client-1,30.70127001656472,14753.75,15553.41,8324030464.0,7499755520.0,0.0,0.0,0.0,566323200.0,5753836544.0,16.532,9338106.681723127,2108208.7729685577,5946351482.0,1337822034.0,0.52
2026-09-11T17:43:45.507117Z,66.5,linode-1,crdb-linode-1,18.97356143079333,12499.619999999999,15076.13,8322887680.0,6525440000.0,0.0,3820593.908694537,76.92399457606821,11477497856.0,81925570560.0,1498.828,1007738.012569403,585963.0453027482,20614453168.0,5511669533.0,1.75
2026-09-11T17:43:45.752311Z,66.745,linode-2,crdb-linode-2,17.519379844957903,11740.18,14641.02,8322887680.0,6453309440.0,0.0,3819496.2923246752,77.26603378640705,11504793600.0,82314547200.0,1461.632,956355.6551266038,488521.5157114508,21449529851.0,4891473770.0,0.95
2026-09-11T17:43:45.013808Z,66.007,azure-1,crdb-azure-1,24.659685863878835,12186.05,15031.27,8327364608.0,5970759680.0,38066.72015713049,3297820.9605514067,58.398154179190705,11194419200.0,85041689600.0,1249.304,1019017.4438706463,931111.6260580149,20604313414.0,5829725887.0,0.77
2026-09-11T17:43:45.115265Z,66.108,azure-2,crdb-azure-2,27.983539094661445,12086.06,15123.11,8327364608.0,6454882304.0,0.0,3481387.0862368,58.708757171273085,10727225344.0,85165421568.0,1025.461,1013422.5925312517,469327.0684592954,20535523521.0,5169354766.0,0.99
2026-09-11T17:43:45.854911Z,66.848,gcp-1,crdb-gcp-1,98.20420728579504,10382.64,15364.08,8324022272.0,2429861888.0,93259575.0839582,2767044.1148083387,55.117758030989805,129435736064.0,86092362752.0,908.54,3480252.7029150114,12566529.021725042,19877918804.0,85411069632.0,9.39
2026-09-11T17:43:45.928061Z,66.921,client-1,crdb-client-1,30.14827018121936,14766.47,15571.619999999999,8324030464.0,7499010048.0,0.0,11802.758689201974,0.019210219220729813,566323200.0,5753897984.0,16.533,9092853.17035108,2048680.936573339,5993684899.0,1348486571.0,0.56
2026-09-11T17:43:50.388776Z,71.382,linode-1,crdb-linode-1,17.239610056440767,12515.75,15095.62,8322887680.0,6525554688.0,23493.591705822877,2595202.8266467913,75.54789185536164,11477612544.0,81938239488.0,1502.516,761818.3453682588,506044.2794516069,20618172115.0,5514139875.0,1.61
2026-09-11T17:43:50.669768Z,71.663,linode-2,crdb-linode-2,17.176350662584895,11756.43,14660.64,8322887680.0,6453309440.0,0.0,2643773.483716199,76.70595054373464,11504793600.0,82327547904.0,1465.404,707044.0132469565,403666.4882296603,21453006726.0,4893458792.0,0.87
2026-09-11T17:43:49.756770Z,70.75,azure-1,crdb-azure-1,23.024594453155945,12200.76,15050.38,8327364608.0,5962321920.0,123493.31594363779,1949985.3664387001,61.796415576992615,11195004928.0,85050938368.0,1252.2350000000001,692096.2406835817,380481.4373079716,20607596022.0,5831530508.0,0.71
2026-09-11T17:43:49.854066Z,70.847,azure-2,crdb-azure-2,25.51229508196441,12100.6,15142.630000000001,8327364608.0,6461784064.0,0.0,1925764.1281245109,56.57502730147346,10727225344.0,85174547456.0,1028.142,713538.5516251321,396468.1265161486,20538904866.0,5171233565.0,0.91
2026-09-11T17:43:50.723967Z,71.717,gcp-1,crdb-gcp-1,97.27225939268838,10383.17,15383.51,8324022272.0,2421166080.0,95895890.52083674,1775834.246146641,54.81542925919056,129902659584.0,86101009408.0,911.2090000000001,3252481.812909185,12333220.816591596,19893755356.0,85471120911.0,9.6
2026-09-11T17:43:50.739908Z,71.733,client-1,crdb-client-1,30.46575342465474,14779.16,15589.869999999999,8324030464.0,7500025856.0,0.0,80015.11463956385,0.16625480934083078,566323200.0,5754283008.0,16.541,9725592.33266853,2186212.088588994,6040483388.0,1359006385.0,0.59
2026-09-11T17:43:55.677543Z,76.67,linode-1,crdb-linode-1,18.67501304120206,12531.34,15114.789999999999,8322887680.0,6523777024.0,0.0,3755389.7686141916,77.74921138168088,11477612544.0,81958100992.0,1506.628,968835.9104725391,577394.5349643009,20623296094.0,5517193599.0,1.48
2026-09-11T17:43:55.978783Z,76.972,linode-2,crdb-linode-2,22.329113924049892,11771.77,14680.39,8322887680.0,6453309440.0,0.0,3684732.5830328814,81.06884232652625,11504793600.0,82347110400.0,1469.7079999999999,923629.3378011911,490710.9834299139,21457910337.0,4896064010.0,0.96
2026-09-11T17:43:54.779867Z,75.773,azure-1,crdb-azure-1,25.474683544311738,12214.89,15069.34,8327364608.0,5992615936.0,37509.840768935006,3512878.13114287,65.31811924829837,11195193344.0,85068583936.0,1255.516,1072701.6945786462,1016825.7364941005,20612984319.0,5836638134.0,0.74
2026-09-11T17:43:54.938443Z,75.931,azure-2,crdb-azure-2,29.90271377368404,12114.289999999999,15162.16,8327364608.0,6463459328.0,0.0,3582519.678015912,63.429490966527815,10727225344.0,85192762368.0,1031.367,1024183.1080577681,484086.9912358289,20544112208.0,5173694850.0,0.84
2026-09-11T17:43:55.802455Z,76.795,gcp-1,crdb-gcp-1,98.7166324435318,10383.42,15402.99,8324022272.0,2408898560.0,96028695.86865541,2418803.98536991,55.764461254073375,130390341632.0,86113293312.0,914.041,3418904.9420818426,12232852.759989312,19911118276.0,85533245494.0,10.51
2026-09-11T17:43:55.805125Z,76.798,client-1,crdb-client-1,29.331140350886585,14792.05,15608.11,8324030464.0,7499112448.0,0.0,8895.135384047062,0.03948479840217566,566323200.0,5754328064.0,16.543,9097310.187001802,2041726.3504189532,6086563452.0,1369348220.0,0.7
2026-09-11T17:44:00.450138Z,81.443,linode-1,crdb-linode-1,10.12396694215334,12548.74,15134.15,8322887680.0,6515814400.0,5149.392706740695,1365447.2994040742,43.665911461783516,11477637120.0,81964617728.0,1508.712,388051.66354032693,333224.9630194118,20625148110.0,5518783949.0,1.26
2026-09-11T17:44:00.715164Z,81.708,linode-2,crdb-linode-2,10.897110998486081,11789.35,14700.12,8322887680.0,6453313536.0,0.0,1328323.1060555957,41.80399179442888,11504793600.0,82353401856.0,1471.6879999999999,357790.0203362007,291204.07326472865,21459604970.0,4897443266.0,0.97
2026-09-11T17:44:00.019058Z,81.012,azure-1,crdb-azure-1,13.881748071974599,12231.64,15088.789999999999,8327364608.0,5991583744.0,0.0,1068712.9983481227,33.70725047797387,11195193344.0,85074183168.0,1257.2820000000002,358801.0840643383,250786.3335151238,20614864160.0,5837952061.0,0.76
2026-09-11T17:43:59.908251Z,80.901,azure-2,crdb-azure-2,16.768916155413706,12130.57,15181.72,8327364608.0,6457360384.0,114559.93147394138,1073896.3360470908,32.31495369181887,10727794688.0,85198099456.0,1032.973,372052.76643383974,263626.2373162746,20545961249.0,5175005029.0,0.77
2026-09-11T17:44:00.831693Z,81.825,client-1,crdb-client-1,11.173757047659905,14809.380000000001,15627.62,8324030464.0,7498870784.0,0.0,92894.92182581284,0.15915385455359762,566323200.0,5754795008.0,16.551000000000002,3497586.792381376,854083.4440184592,6104144361.0,1373641341.0,0.89
2026-09-11T17:44:05.727672Z,86.721,linode-1,crdb-linode-1,11.663179916315226,12565.630000000001,15153.27,8322887680.0,6441803776.0,918917.9519412566,1787388.5501019545,34.56128804677841,11482486784.0,81974050816.0,1510.536,444603.68549438205,772076.24779475,20627494542.0,5522858644.0,1.32
2026-09-11T17:44:05.730525Z,86.723,linode-2,crdb-linode-2,9.29018789144399,11806.73,14719.28,8322887680.0,6456205312.0,722769.1235636518,1900433.616421037,40.03686661690073,11508418560.0,82362933248.0,1473.6960000000001,456877.8721063419,330178.5359142447,21461896385.0,4899099236.0,0.89
2026-09-11T17:44:04.868698Z,85.862,azure-1,crdb-azure-1,10.877561744611864,12248.6,15107.82,8327364608.0,5990932480.0,0.0,1846283.0067565758,24.97079159171464,11195193344.0,85083137024.0,1258.4930000000002,496943.2904472005,670193.7767469491,20617274169.0,5841202277.0,0.7
2026-09-11T17:44:05.021682Z,86.015,azure-2,crdb-azure-2,14.836022904738277,12146.93,15200.93,8327364608.0,6455394304.0,17622.530250016123,1835947.2424107706,22.33324035147299,10727884800.0,85207487488.0,1034.115,426989.8480798723,307477.48225822696,20548144642.0,5176577301.0,0.87
2026-09-11T17:44:05.868032Z,86.861,client-1,crdb-client-1,0.7124681933905364,14828.89,15647.27,8324030464.0,7498383360.0,0.0,5692.98891400265,0.019855569593991984,566323200.0,5754823680.0,16.552,38604.98540599265,101975.2270995414,6104338790.0,1374154926.0,0.82
2026-09-11T17:44:10.354700Z,91.348,linode-1,crdb-linode-1,9.680741503609735,12583.17,15172.69,8322887680.0,6422265856.0,73474.08794307512,345239.6903349313,25.156437772301658,11482826752.0,81975648256.0,1511.7,203535.0324318703,325596.4890537928,20628436308.0,5524365194.0,1.32
2026-09-11T17:44:10.635401Z,91.628,linode-2,crdb-linode-2,7.3506891270989305,11824.880000000001,14738.87,8322887680.0,6456492032.0,60960.70171003123,445096.63029378967,34.00659863693465,11508717568.0,82365116416.0,1475.364,120300.17756657972,173883.60846319632,21462486449.0,4899952123.0,0.82
2026-09-11T17:44:09.767795Z,90.761,azure-1,crdb-azure-1,8.368421052632346,12266.01,15126.82,8327364608.0,5991804928.0,0.0,413015.93364318385,21.4323211707148,11195193344.0,85085160448.0,1259.5430000000001,105111.04301090236,156122.82504002858,20617789123.0,5841967145.0,0.72
2026-09-11T17:44:09.876794Z,90.87,azure-2,crdb-azure-2,9.786569495050934,12164.26,15220.14,8327364608.0,6475993088.0,0.0,452191.96619038173,18.104518527417667,10727884800.0,85209682944.0,1034.994,109637.79230688456,178863.16855884367,20548676949.0,5177445707.0,0.8
2026-09-11T17:44:10.706162Z,91.699,client-1,crdb-client-1,1.0106114199035732,14848.48,15667.06,8324030464.0,7498162176.0,0.0,6772.820218770208,0.0413380140306304,566323200.0,5754856448.0,16.554000000000002,40690.660730861004,102718.97085395658,6104535658.0,1374651897.0,0.75
2026-09-11T17:44:15.645681Z,96.639,linode-1,crdb-linode-1,23.104693140792666,12598.08,15192.08,8322887680.0,6257213440.0,51093.433979314854,19221195.034430433,34.54915265232387,11483097088.0,82077347840.0,1513.528,524643.0580061192,895772.3993941756,20631212201.0,5529104737.0,1.19
2026-09-11T17:44:15.702272Z,96.695,linode-2,crdb-linode-2,16.177957532866106,11841.46,14758.65,8322887680.0,6448443392.0,23443.106618112066,19620263.473386135,42.47168426907063,11508836352.0,82464530432.0,1477.5159999999998,408805.5524609236,277460.6847040456,21464557828.0,4901357990.0,0.83
2026-09-11T17:44:14.838956Z,95.832,azure-1,crdb-azure-1,15.587778353184955,12282.310000000001,15146.130000000001,8327364608.0,5977505792.0,0.0,9830540.297750931,29.559209139089425,11195193344.0,85135012864.0,1261.0420000000001,407732.11922034516,545826.6707781989,20619856805.0,5844735129.0,0.74
2026-09-11T17:44:14.898151Z,95.891,azure-2,crdb-azure-2,21.387283236991948,12179.220000000001,15239.17,8327364608.0,6459195392.0,0.0,26509059.667959243,27.283388521856224,10727884800.0,85342794752.0,1036.364,388140.4553206396,258559.89344989727,20550625946.0,5178744032.0,1.06
2026-09-11T17:44:15.772171Z,96.765,client-1,crdb-client-1,2.9322548028306805,14867.68,15686.84,8324030464.0,7508037632.0,0.0,0.0,0.0,566323200.0,5754856448.0,16.554000000000002,171088.78274115874,241991.9786927217,6105402402.0,1375877840.0,0.69
2026-09-11T17:44:20.398106Z,101.391,linode-1,crdb-linode-1,84.43298969071911,12601.1,15211.48,8322887680.0,5599617024.0,27114458.441871554,1355722.9220935777,99.7379896272606,11611957248.0,82083790848.0,1518.268,1487908.583510841,4661491.875559805,20638283415.0,5551258253.0,1.19
2026-09-11T17:44:20.638195Z,101.631,linode-2,crdb-linode-2,13.913496612819188,11857.98,14777.84,8322887680.0,6448578560.0,25724.836334508313,1815675.5451581995,73.2587325050305,11508963328.0,82473492480.0,1481.132,405007.94475167396,336321.8051466435,21466556919.0,4903018051.0,0.93
2026-09-11T17:44:19.749493Z,100.742,azure-1,crdb-azure-1,24.7540134645302,12296.84,15165.44,8327364608.0,5964218368.0,0.0,12027252.74393247,57.20356387017079,11195193344.0,85194073088.0,1263.851,374376.8593210553,358297.7500562026,20621695195.0,5846494562.0,0.76
2026-09-11T17:44:19.856787Z,100.85,azure-2,crdb-azure-2,21.29198966408642,12194.45,15258.52,8327364608.0,6457421824.0,0.0,1438936.959748531,47.21011766360448,10727884800.0,85349929984.0,1038.705,378340.1889579017,280078.6109512507,20552502015.0,5180132853.0,0.97
2026-09-11T17:44:20.674477Z,101.668,client-1,crdb-client-1,14.355099838100493,14883.55,15705.369999999999,8324030464.0,7513600000.0,0.0,5848.633511909556,0.0203984148712888,566323200.0,5754885120.0,16.555,3508545.3084749375,911333.4537139349,6122602490.0,1380345508.0,0.72
2026-09-11T17:44:25.619307Z,106.612,linode-1,crdb-linode-1,84.88796248046087,12604.0,15230.67,8322887680.0,5038112768.0,29289724.184166424,2562929.3151294114,98.67415149024305,11764885504.0,82097172480.0,1523.42,1598433.5352727806,5126246.470237021,20646629197.0,5578023542.0,2.29
2026-09-11T17:44:26.133315Z,107.126,linode-2,crdb-linode-2,15.154639175260643,11874.439999999999,14797.24,8322887680.0,6448586752.0,0.0,2910725.8492945614,69.37024183683299,11508963328.0,82489487360.0,1484.9440000000002,617955.4644532907,377528.2514654855,21469952678.0,4905092626.0,0.85
2026-09-11T17:44:24.840010Z,105.833,azure-1,crdb-azure-1,21.680497925304586,12311.94,15184.72,8327364608.0,5972316160.0,0.0,2699520.4191884715,54.5322737436209,11195193344.0,85207815168.0,1266.6270000000002,664996.1301810868,695377.4428346917,20625080400.0,5850034425.0,0.7
2026-09-11T17:44:25.003755Z,105.997,azure-2,crdb-azure-2,23.4252993232702,12209.16,15277.73,8327364608.0,6433492992.0,0.0,2737563.9840310514,49.50457218124833,10727884800.0,85364020224.0,1041.253,647763.0526565162,369849.28048757766,20555836051.0,5182036467.0,0.9
2026-09-11T17:44:26.173212Z,107.166,client-1,crdb-client-1,14.889123548044525,14899.67,15724.31,8324030464.0,7514521600.0,0.0,11918.32249989389,0.018185916900495078,566323200.0,5754950656.0,16.556,3410583.400190468,804479.1306577394,6141356471.0,1384769146.0,0.98
2026-09-11T17:44:31.330043Z,112.323,linode-1,crdb-linode-1,83.14255983350732,12607.24,15249.89,8322887680.0,4523171840.0,27906452.5362957,1789518.8413194658,91.54641805503863,11924252672.0,82107392000.0,1528.6480000000001,1333770.0232915839,4406496.827610828,20654246043.0,5603188006.0,2.67
2026-09-11T17:44:31.254242Z,112.247,linode-2,crdb-linode-2,16.606683804624378,11890.66,14816.69,8322887680.0,6448594944.0,0.0,2040417.3384606368,83.10941359248078,11508963328.0,82499936256.0,1489.2,425790.6546842714,351621.7518810695,21472133135.0,4906893267.0,0.86
2026-09-11T17:44:30.214900Z,111.208,azure-1,crdb-azure-1,23.1650182196799,12326.7,15203.93,8327364608.0,5970026496.0,0.0,1595749.8386708319,60.44743754758302,11195193344.0,85216392192.0,1269.876,395478.2438895538,279640.5625383583,20627206063.0,5851537470.0,0.73
2026-09-11T17:44:30.356635Z,111.35,azure-2,crdb-azure-2,25.695159629246977,12223.59,15297.15,8327364608.0,6424473600.0,0.0,1614558.7445636604,54.62466872204657,10727884800.0,85372662784.0,1044.177,400875.0128426334,296735.8094211895,20557981892.0,5183624862.0,0.9
2026-09-11T17:44:31.652834Z,112.646,client-1,crdb-client-1,16.605934409163726,14915.69,15743.52,8324030464.0,7514886144.0,0.0,10464.949461285365,0.018249423586183342,566323200.0,5755008000.0,16.557,3505946.951064715,828997.0383682456,6160567746.0,1389311739.0,0.9
2026-09-11T17:44:35.482980Z,116.476,linode-1,crdb-linode-1,83.69678089304578,12610.38,15269.15,8322887680.0,3926298624.0,41890469.18248929,3614733.3495120015,125.40455589893034,12098222080.0,82122403840.0,1533.856,2112263.9658421823,6507050.49424573,20663018189.0,5630211521.0,2.77
2026-09-11T17:44:35.853786Z,116.847,linode-2,crdb-linode-2,14.412997903563996,11906.99,14835.77,8322887680.0,6448599040.0,0.0,3685867.5350624784,85.83442315821002,11508963328.0,82516889600.0,1493.1480000000001,787548.8777073642,472092.3711440148,21475755508.0,4909064681.0,0.79
2026-09-11T17:44:34.910581Z,115.904,azure-1,crdb-azure-1,21.861924686195156,12341.64,15223.05,8327364608.0,5970108416.0,0.0,3139361.169911328,63.80302895182632,11195193344.0,85231133696.0,1272.872,781274.4783364122,736803.5967884221,20630874695.0,5854997280.0,0.75
2026-09-11T17:44:35.234228Z,116.227,azure-2,crdb-azure-2,26.415094339623344,12238.02,15316.76,8327364608.0,6373675008.0,0.0,3085253.774491367,58.184081579426326,10727884800.0,85387711488.0,1047.0149999999999,749157.1585760176,560029.985918205,20561635998.0,5186356477.0,0.91
2026-09-11T17:44:36.196641Z,117.19,client-1,crdb-client-1,16.63190823775006,14931.68,15762.7,8324030464.0,7514525696.0,0.0,476861.10928475345,0.4181478669037257,566323200.0,5757174784.0,16.576,4105161.401459123,974204.8617130468,6179220972.0,1393738377.0,0.91
2026-09-11T17:44:40.472734Z,121.466,linode-1,crdb-linode-1,78.84816753926285,12614.42,15288.25,8322887680.0,3887095808.0,41654651.90095274,1711531.3970811616,101.56766524757498,12306069504.0,82130944000.0,1538.924,1689372.0901624078,5437534.583166455,20671447779.0,5657343606.0,3.03
2026-09-11T17:44:41.009587Z,122.003,linode-2,crdb-linode-2,16.08649789029072,11922.900000000001,14854.730000000001,8322887680.0,6448713728.0,22244.293745360497,2451638.9463636605,88.67615705547722,11509078016.0,82529529856.0,1497.72,486145.30811355496,393279.9202701463,21478261995.0,4911092369.0,1.05
2026-09-11T17:44:39.852119Z,120.845,azure-1,crdb-azure-1,25.526315789473152,12355.79,15242.050000000001,8327364608.0,5968859136.0,0.0,1933789.625469921,70.46335312012565,11195193344.0,85240689664.0,1276.354,478286.5020176164,335461.2111163271,20633238184.0,5856654987.0,0.69
2026-09-11T17:44:40.119116Z,121.112,azure-2,crdb-azure-2,28.98922524371318,12251.86,15336.25,8327364608.0,6356639744.0,0.0,1926041.6606165254,67.92366561179493,10727884800.0,85397120000.0,1050.3329999999999,495020.42815006396,388975.9870242058,20564054121.0,5188256584.0,1.0
2026-09-11T17:44:40.953494Z,121.947,client-1,crdb-client-1,17.35928458705708,14947.39,15781.71,8324030464.0,7512698880.0,0.0,8610.716616572643,0.042044514729335306,566323200.0,5757215744.0,16.578,4249051.663493044,995247.0601776246,6199433129.0,1398472631.0,0.84
2026-09-11T17:44:45.425107Z,126.418,linode-1,crdb-linode-1,78.50568489442618,12618.39,15306.72,8322887680.0,3875467264.0,43859738.62430077,3386041.2960189963,102.09195712686052,12523280384.0,82147713024.0,1543.9800000000002,2028973.2540239461,6265486.79313548,20681496062.0,5688372790.0,3.03
2026-09-11T17:44:45.696856Z,126.69,linode-2,crdb-linode-2,19.177350427353733,11938.029999999999,14873.449999999999,8322887680.0,6419472384.0,198364.31415437796,4428679.930107434,94.38280021972267,11510007808.0,82550288384.0,1502.144,994432.4584506624,597287.5985794547,21482923193.0,4913892032.0,0.97
2026-09-11T17:44:44.801318Z,125.794,azure-1,crdb-azure-1,26.279683377307915,12369.76,15261.0,8327364608.0,5973721088.0,0.0,3569462.909301141,69.76860600524094,11195193344.0,85258355712.0,1279.807,852745.5240731514,769458.6192414382,20637458607.0,5860463205.0,0.71
2026-09-11T17:44:44.903135Z,125.896,azure-2,crdb-azure-2,30.484037075180492,12265.36,15355.67,8327364608.0,6301548544.0,28253.78662591841,3750048.0430764435,68.76994406906735,10728019968.0,85415060480.0,1053.623,872807.0183788046,472724.59553074156,20568229688.0,5190518130.0,1.0
2026-09-11T17:44:46.829015Z,127.822,gcp-1,crdb-gcp-1,12.351843445806088,10557.2,15601.26,8324022272.0,2456121344.0,4706639.3803643845,118239.92576451781,3.1865592264455374,130630506496.0,86119326720.0,915.667,154403.76703819507,486483.5309662331,19918997010.0,85558069204.0,4.83
2026-09-11T17:44:45.800197Z,126.793,client-1,crdb-client-1,17.04605611435126,14963.06,15800.6,8324030464.0,7513370624.0,0.0,7605.958503977783,0.041264965841943786,566323200.0,5757252608.0,16.580000000000002,4202518.205460539,980127.531924943,6219801585.0,1403223041.0,0.77
2026-09-11T17:44:50.438209Z,131.431,linode-1,crdb-linode-1,71.75170962650847,12623.76,15325.73,8322887680.0,3845402624.0,39154098.14013378,1613683.8510624615,91.43995714584223,12719564800.0,82155802624.0,1548.564,1684958.1459313764,6855427.929550712,20689942969.0,5722739912.0,3.16
2026-09-11T17:44:50.753035Z,131.746,linode-2,crdb-linode-2,15.484880083416586,11954.24,14892.63,8322887680.0,6402510848.0,13771.573996627407,2200211.4691082374,75.23418468975738,11510077440.0,82561413120.0,1505.948,532711.0317083513,387724.63165384176,21485616693.0,4915852450.0,1.05
2026-09-11T17:44:49.799576Z,130.793,azure-1,crdb-azure-1,22.48953974895874,12384.58,15280.12,8327364608.0,5980798976.0,0.0,1829084.169036152,58.60017653278145,11195193344.0,85267497984.0,1282.736,592518.0089251772,1068449.6761940783,20640420177.0,5865803614.0,0.74
2026-09-11T17:44:49.914648Z,130.908,azure-2,crdb-azure-2,26.932923707117475,12279.630000000001,15375.2,8327364608.0,6273454080.0,0.0,1818519.0696462302,54.19480549024501,10728019968.0,85424174080.0,1056.339,568050.5559532855,573053.5985087235,20571076502.0,5193390017.0,1.0
2026-09-11T17:44:50.720827Z,131.714,gcp-1,crdb-gcp-1,27.03886152162228,10570.53,15619.53,8324022272.0,2359648256.0,3778331.5155208316,33195641.874942213,20.88989272854277,130645211136.0,86248518656.0,916.48,3920167.463441388,667877.6209425267,19934253652.0,85560668473.0,4.53
2026-09-11T17:44:51.042098Z,132.035,client-1,crdb-client-1,15.146750524106023,14979.25,15819.68,8324030464.0,7508967424.0,0.0,16409.21601402767,0.03815386908021432,566323200.0,5757338624.0,16.582,3396991.0073816483,855814.7480991659,6237608382.0,1407709164.0,1.11
2026-09-11T17:44:55.435994Z,136.429,linode-1,crdb-linode-1,52.304394426582505,12632.66,15344.39,8322887680.0,3841921024.0,33934641.89111756,3165954.731811504,76.51347528868817,12889163776.0,82171625472.0,1552.388,2490830.3592226924,5577320.924793406,20702391672.0,5750614316.0,3.16
2026-09-11T17:44:55.777116Z,136.77,linode-2,crdb-linode-2,19.95841995841905,11969.640000000001,14911.87,8322887680.0,6352367616.0,29349.771282722228,3995645.251572823,77.70555764956832,11510224896.0,82581487616.0,1509.852,843440.2862906558,509356.5466980437,21489854216.0,4918411505.0,0.97
2026-09-11T17:44:54.844849Z,135.838,azure-1,crdb-azure-1,23.56321839080645,12399.21,15299.26,8327364608.0,5978619904.0,0.0,3223022.662422804,58.62880930370678,11195193344.0,85283759104.0,1285.6940000000002,850993.4011630338,935313.4419134809,20644713695.0,5870522552.0,0.84
2026-09-11T17:44:55.182935Z,136.176,azure-2,crdb-azure-2,29.09184197024185,12293.45,15394.69,8327364608.0,6267580416.0,0.0,3130906.346707682,53.755356748905896,10728019968.0,85440668672.0,1059.171,795399.1462907167,604718.3422376822,20575266913.0,5196575862.0,0.92
2026-09-11T17:44:55.811869Z,136.805,gcp-1,crdb-gcp-1,38.295633876909896,10582.26,15638.54,8324022272.0,2435493888.0,386985.8875938837,3939854.2443809737,20.860015177563277,130647181312.0,86268576768.0,917.542,4692762.707633092,4701690.676275896,19958144881.0,85584605155.0,4.4
2026-09-11T17:44:56.028368Z,137.022,client-1,crdb-client-1,11.204629142552214,14996.130000000001,15838.69,8324030464.0,7513509888.0,0.0,0.0,0.0,566323200.0,5757338624.0,16.582,3182729.066365065,942356.6067771734,6253478364.0,1412408019.0,1.02
2026-09-11T17:45:00.582759Z,141.576,linode-1,crdb-linode-1,78.53375527426421,12636.73,15363.35,8322887680.0,3836448768.0,61053980.824214995,2038926.1685368149,98.23573338359293,13203396608.0,82182119424.0,1557.444,3550968.400669047,7985535.164389312,20720667808.0,5791714295.0,4.02
2026-09-11T17:45:00.799606Z,141.793,linode-2,crdb-linode-2,28.03881511747508,11983.73,14931.45,8322887680.0,6340083712.0,8970.821658843111,3455397.397138024,96.52553134337495,11510269952.0,82598842368.0,1514.7,714120.689214114,569603.9698078629,21493440891.0,4921272344.0,0.89
2026-09-11T17:44:59.989018Z,140.982,azure-1,crdb-azure-1,30.142781597033064,12412.42,15318.17,8327364608.0,5975011328.0,0.0,2160992.5638589044,79.50726040559677,11195193344.0,85294875648.0,1289.784,637673.110920703,411924.5890357687,20647994003.0,5872641568.0,0.93
2026-09-11T17:45:00.006432Z,141.0,azure-2,crdb-azure-2,34.87416538263627,12306.130000000001,15414.16,8327364608.0,6262931456.0,0.0,2398060.1119653247,81.01957860463824,10728019968.0,85452235776.0,1063.079,712940.7794998828,504058.7058459726,20578705801.0,5199007202.0,0.93
2026-09-11T17:45:00.809815Z,141.803,gcp-1,crdb-gcp-1,59.754142169957206,10589.79,15657.25,8324022272.0,2441986048.0,794945.7543008912,3324840.129070841,29.51194495997686,130651154432.0,86285194240.0,919.017,7458784.743188964,7909694.648977211,19995423710.0,85624137621.0,4.29
2026-09-11T17:45:01.154046Z,142.147,client-1,crdb-client-1,17.31182795698708,15011.51,15857.289999999999,8324030464.0,7510855680.0,0.0,12785.720323201693,0.05852838282715841,566323200.0,5757404160.0,16.585,5179032.226364077,1219242.7861213281,6280024624.0,1418657514.0,0.94
2026-09-11T17:45:05.515003Z,146.508,linode-1,crdb-linode-1,78.39831401474996,12640.83,15382.33,8322887680.0,3831406592.0,65118916.38854484,3898132.9039180437,103.31967420992041,13524580352.0,82201346048.0,1562.54,4011310.321220116,9296334.070092486,20740452653.0,5837566277.0,4.56
2026-09-11T17:45:05.761828Z,146.755,linode-2,crdb-linode-2,24.646040901934875,11998.1,14950.52,8322887680.0,6338539520.0,141973.69205249788,5178738.04614751,97.85841101456454,11510974464.0,82624540672.0,1519.556,1060290.6438067982,662345.8686532336,21498702341.0,4924559084.0,0.82
2026-09-11T17:45:04.947023Z,145.94,azure-1,crdb-azure-1,32.14845791949761,12425.4,15337.3,8327364608.0,5917237248.0,0.0,3739903.9854149213,85.49750215166236,11195193344.0,85313418240.0,1294.0230000000001,1072547.9113103722,1046425.4897754001,20653311738.0,5877829787.0,1.02
2026-09-11T17:45:05.005948Z,145.999,azure-2,crdb-azure-2,35.926305015363056,12318.65,15433.7,8327364608.0,6257774592.0,0.0,3843226.3495078995,80.5075234281822,10728019968.0,85471450112.0,1067.104,1004268.6489066874,522794.4551425864,20583726675.0,5201620930.0,1.09
2026-09-11T17:45:05.842842Z,146.836,gcp-1,crdb-gcp-1,65.44502617801875,10596.39,15676.35,8324022272.0,2479611904.0,11691305.871727586,19601614.452626385,32.8427917335438,130709997568.0,86383850496.0,920.6700000000001,7835116.668252746,8040496.572849468,20034858384.0,85664605986.0,4.27
2026-09-11T17:45:05.839347Z,146.833,client-1,crdb-client-1,18.581259925896276,15026.89,15876.18,8324030464.0,7510880256.0,0.0,7867.968918035372,0.021343231657023076,566323200.0,5757441024.0,16.586000000000002,5753942.525344526,1351485.016503902,6306983721.0,1424989662.0,0.86
2026-09-11T17:45:10.462463Z,151.456,linode-1,crdb-linode-1,81.82299947005752,12644.26,15401.2,8322887680.0,3818647552.0,58270566.215765536,10058097.137919633,102.27414614458985,13812873216.0,82251108352.0,1567.6000000000001,3077895.9612012636,7254668.400740297,20755680503.0,5873458654.0,4.67
2026-09-11T17:45:11.050268Z,152.044,linode-2,crdb-linode-2,28.578811369511893,12011.92,14969.87,8322887680.0,6318780416.0,5421.623042658228,19798992.834210325,81.914310200879,11511003136.0,82729246720.0,1523.8880000000001,543789.0559063079,418496.65590161795,21501578144.0,4926772284.0,0.91
2026-09-11T17:45:09.864125Z,150.857,azure-1,crdb-azure-1,25.498426023086296,12439.6,15356.36,8327364608.0,5888077824.0,0.0,1869266.347573616,67.90547726389508,11195193344.0,85322609664.0,1297.362,570020.0114250937,377783.85573866684,20656114600.0,5879687399.0,1.02
2026-09-11T17:45:09.951532Z,150.945,azure-2,crdb-azure-2,35.13374485595971,12331.26,15453.14,8327364608.0,6248161280.0,0.0,14724755.760999138,68.20200829159104,10728019968.0,85544272896.0,1070.4769999999999,565876.0865723104,359669.6499109033,20586525273.0,5203399713.0,1.17
2026-09-11T17:45:10.758799Z,151.752,gcp-1,crdb-gcp-1,47.45222929935574,10606.29,15695.19,8324022272.0,2486673408.0,308285.29703923495,2821227.0696617556,21.33863469925509,130711513088.0,86397719552.0,921.719,6711152.363359008,7164646.357560791,20067850180.0,85699827143.0,3.93
2026-09-11T17:45:10.775320Z,151.769,client-1,crdb-client-1,16.02530311016953,15042.82,15895.15,8324030464.0,7503777792.0,0.0,450592.23435527075,0.4254448000051905,566323200.0,5759665152.0,16.607,4892167.470056518,1144189.0166137286,6331131511.0,1430637391.0,0.87
2026-09-11T17:45:15.527856Z,156.521,linode-1,crdb-linode-1,80.57591623036191,12647.970000000001,15420.300000000001,8322887680.0,3820650496.0,57434668.1455063,11942510.19092446,101.1564787478049,14103803904.0,82311602176.0,1572.724,3516322.3894915166,8251408.792507652,20773492151.0,5915255501.0,5.18
2026-09-11T17:45:15.742612Z,156.736,linode-2,crdb-linode-2,22.210300429182116,12026.42,14988.51,8322887680.0,6306078720.0,6110.36370300002,9721588.651473032,96.32688315275736,11511031808.0,82774863872.0,1528.408,1042507.7092117205,646598.8916395325,21506469961.0,4929806356.0,0.84
2026-09-11T17:45:14.989902Z,155.983,azure-1,crdb-azure-1,36.01063829786638,12451.630000000001,15375.16,8327364608.0,5756329984.0,0.0,18839427.1848356,69.2183486755151,11195193344.0,85419176960.0,1300.91,940042.7269099412,945789.3325429343,20660933079.0,5884535334.0,0.93
2026-09-11T17:45:15.001277Z,155.995,azure-2,crdb-azure-2,33.60824742268329,12344.14,15472.539999999999,8327364608.0,6241349632.0,0.0,9693733.12542431,68.39891269725995,10728019968.0,85593224192.0,1073.931,906688.3824350176,477700.85788256885,20591103857.0,5205812001.0,1.15
2026-09-11T17:45:15.825382Z,156.819,gcp-1,crdb-gcp-1,51.894563426695115,10615.05,15713.4,8324022272.0,2493448192.0,336306.1641817347,4435037.5401466265,25.30285776466715,130713217024.0,86420190208.0,923.001,7129177.478696772,7345080.132364461,20103971023.0,85737041883.0,4.25
2026-09-11T17:45:15.865712Z,156.859,client-1,crdb-client-1,16.392572944297534,15058.58,15914.0,8324030464.0,7495151616.0,0.0,4827.889232849012,0.01964473157899948,566323200.0,5759689728.0,16.608,4911680.495794763,1158074.2139443934,6356134044.0,1436532479.0,0.8
2026-09-11T17:45:20.503406Z,161.497,linode-1,crdb-linode-1,80.09503695882324,12651.74,15439.24,8322887680.0,3759542272.0,59546063.22114352,2144491.37587379,104.18894040654007,14400079872.0,82322272256.0,1577.9080000000001,3512424.83452458,7954375.40091382,20790968488.0,5954833101.0,5.32
2026-09-11T17:45:20.738046Z,161.731,linode-2,crdb-linode-2,21.443736730365405,12041.22,15007.35,8322887680.0,6306197504.0,5739.596248192716,3199414.9372068546,94.56561340842394,11511060480.0,82790846464.0,1533.132,668388.7146283179,538689.4935914074,21509808879.0,4932497365.0,0.77
2026-09-11T17:45:19.847753Z,160.841,azure-1,crdb-azure-1,28.962611901010437,12465.119999999999,15394.15,8327364608.0,5753016320.0,0.0,2158504.652878454,80.26132241795395,11195193344.0,85429662720.0,1304.809,643070.018615424,421802.78893130756,20664057037.0,5886584402.0,1.18
2026-09-11T17:45:19.943925Z,160.937,azure-2,crdb-azure-2,33.88006150691281,12357.04,15492.05,8327364608.0,6238515200.0,0.0,2082534.7462050286,75.68808684637717,10728019968.0,85603517440.0,1077.672,636307.7836089619,416504.60232358414,20594248906.0,5207870639.0,1.3
2026-09-11T17:45:20.764939Z,161.758,gcp-1,crdb-gcp-1,54.23542354235658,10623.369999999999,15731.58,8324022272.0,2489470976.0,393879.0203407161,3151861.38171592,28.342445953795146,130715162624.0,86435759104.0,924.4010000000001,7288976.028670367,7761999.304876626,20139975560.0,85775382960.0,3.99
2026-09-11T17:45:20.796683Z,161.79,client-1,crdb-client-1,18.12366737739657,15073.94,15932.76,8324030464.0,7494967296.0,0.0,0.0,0.0,566323200.0,5759689728.0,16.608,5241718.401216454,1234541.589475826,6381980938.0,1442619999.0,1.06
2026-09-11T17:45:25.471577Z,166.465,linode-1,crdb-linode-1,79.29539295393194,12655.56,15457.69,8322887680.0,3763056640.0,59836466.50245829,3826242.6773665426,102.41135155766014,14697359360.0,82341281792.0,1582.9959999999999,3878026.429799608,8949547.665590191,20810235296.0,5999296237.0,5.86
2026-09-11T17:45:25.770184Z,166.764,linode-2,crdb-linode-2,25.485055060298045,12055.43,15026.42,8322887680.0,6305443840.0,0.0,4939132.898954048,95.06843899267243,11511060480.0,82815700992.0,1537.9160000000002,1039646.3112316525,649636.7840169726,21515040550.0,4935766444.0,0.79
2026-09-11T17:45:24.851701Z,165.845,azure-1,crdb-azure-1,31.08535300315044,12478.2,15413.13,8327364608.0,5769433088.0,0.0,3656454.3084018785,82.97391749831206,11195193344.0,85447959552.0,1308.961,1062035.1686479105,1050603.473135932,20669371442.0,5891841603.0,1.17
2026-09-11T17:45:24.966834Z,165.96,azure-2,crdb-azure-2,35.42416452442663,12369.6,15511.5,8327364608.0,6271221760.0,0.0,3670384.7359591275,76.56881204404023,10728019968.0,85621953536.0,1081.518,990110.3927418592,515700.10711285076,20599222164.0,5210460966.0,1.36
2026-09-11T17:45:26.060650Z,167.054,gcp-1,crdb-gcp-1,58.0592991913695,10631.15,15750.13,8324022272.0,2507960320.0,343414.6967839012,4576542.254212485,29.099035740426338,130716981248.0,86459995136.0,925.942,7184353.6505443305,7396739.600346238,20178021800.0,85814553934.0,3.83
2026-09-11T17:45:25.809252Z,166.803,client-1,crdb-client-1,18.011758417953704,15089.28,15951.47,8324030464.0,7501783040.0,0.0,47394.12258288931,0.09974854059233541,566323200.0,5759927296.0,16.613,5220164.314469471,1227951.2170088906,6408147558.0,1448775233.0,0.97
2026-09-11T17:45:30.475093Z,171.468,linode-1,crdb-linode-1,80.59542796385043,12659.21,15476.5,8322887680.0,3766857728.0,58258810.61600025,2161978.428721973,102.00786852197248,14988859392.0,82352099328.0,1588.1,3649583.9178820453,8227345.905453397,20828496119.0,6040462055.0,5.95
2026-09-11T17:45:30.744292Z,171.738,linode-2,crdb-linode-2,27.01570680629097,12069.369999999999,15045.52,8322887680.0,6305218560.0,0.0,3260077.50693676,97.6250240112822,11511060480.0,82831917056.0,1542.7720000000002,708530.7001618834,554903.772704129,21518564877.0,4938526610.0,0.81
2026-09-11T17:45:29.847886Z,170.841,azure-1,crdb-azure-1,31.250000000008292,12491.4,15432.33,8327364608.0,5764833280.0,0.0,2240579.0727592576,81.54206778284733,11195193344.0,85459153920.0,1313.035,650413.8787794047,424178.07374216645,20672621036.0,5893960879.0,1.15
2026-09-11T17:45:30.130445Z,171.124,azure-2,crdb-azure-2,34.54638646848552,12382.369999999999,15531.01,8327364608.0,6269591552.0,0.0,2098113.9201693586,75.41181405381887,10728019968.0,85632787456.0,1085.412,638182.2563395571,414247.51358991227,20602517512.0,5212599994.0,1.49
2026-09-11T17:45:30.773750Z,171.767,gcp-1,crdb-gcp-1,59.06902086677675,10638.8,15768.82,8324022272.0,2512936960.0,363265.8339546469,3464930.3348736293,33.54441277067503,130718693376.0,86476325888.0,927.523,7930267.721966508,8418034.036437944,20215398377.0,85854229429.0,4.09
2026-09-11T17:45:30.800284Z,171.794,client-1,crdb-client-1,18.186724230980467,15104.44,15970.0,8324030464.0,7503654912.0,0.0,9027.35580727575,0.0200358571717125,566323200.0,5759972352.0,16.614,5315696.836817665,1250727.764938323,6434678476.0,1455017680.0,0.9
2026-09-11T17:45:35.586212Z,176.58,linode-1,crdb-linode-1,78.89125799573081,12663.17,15495.26,8322887680.0,3765956608.0,54102225.847909816,3713612.8124189256,99.85994206895089,15265384448.0,82371080192.0,1593.204,3695375.460067799,8490279.1207928,20847383769.0,6083857218.0,6.28
2026-09-11T17:45:35.926868Z,176.92,linode-2,crdb-linode-2,25.422860071753316,12083.92,15065.03,8322887680.0,6304292864.0,0.0,4660618.814671766,90.76529455612261,11511060480.0,82856071168.0,1547.476,968957.1453059184,599748.4707281969,21523586592.0,4941634865.0,0.74
2026-09-11T17:45:34.835943Z,175.829,azure-1,crdb-azure-1,31.030927835045,12504.78,15451.73,8327364608.0,5761277952.0,0.0,3711627.1059807837,76.52231760496252,11195193344.0,85477667840.0,1316.852,1018967.7330121621,1024681.9473655659,20677703736.0,5899072082.0,1.14
2026-09-11T17:45:34.967453Z,175.961,azure-2,crdb-azure-2,33.79917184264458,12395.16,15550.33,8327364608.0,6266847232.0,0.0,3850390.6750158784,76.53433431656505,10728019968.0,85651411968.0,1089.114,998080.077718724,525175.4183181181,20607345270.0,5215140291.0,1.69
2026-09-11T17:45:36.548494Z,177.542,gcp-1,crdb-gcp-1,55.58553696708434,10647.029999999999,15787.35,8324022272.0,2509877248.0,307124.0058715805,4046518.3683541957,25.38632815926649,130720466944.0,86499693568.0,928.989,6483769.8610896515,6692428.334994784,20252840604.0,85892876609.0,4.24
2026-09-11T17:45:36.551944Z,177.545,client-1,crdb-client-1,16.396103896107828,15119.89,15988.48,8324030464.0,7503048704.0,0.0,34894.90170307977,0.05215875374145172,566323200.0,5760173056.0,16.617,4486414.861156841,1060937.9122781581,6460482859.0,1461119846.0,0.82
2026-09-11T17:45:41.171460Z,182.165,linode-1,crdb-linode-1,79.82786444324923,12666.92,15513.85,8322887680.0,3767853056.0,49781798.19559797,2327677.844978462,91.02517958927947,15543429120.0,82384080896.0,1598.288,3188933.60124559,7180625.494603848,20865194817.0,6123962934.0,6.73
2026-09-11T17:45:40.866764Z,181.86,linode-2,crdb-linode-2,24.34963579604813,12098.46,15084.25,8322887680.0,6304555008.0,0.0,3368882.8532674727,96.11470768089433,11511060480.0,82872713216.0,1552.2240000000002,697957.7598331256,558470.7842312603,21527034455.0,4944393672.0,0.92
2026-09-11T17:45:39.909519Z,180.903,azure-1,crdb-azure-1,30.725388601045466,12518.15,15471.03,8327364608.0,5757923328.0,0.0,2158762.112819802,77.93276796386893,11195193344.0,85488620544.0,1320.806,633909.9438228176,415669.22003665083,20680919944.0,5901181023.0,1.21
2026-09-11T17:45:40.123613Z,181.117,azure-2,crdb-azure-2,33.160621761657396,12408.06,15569.63,8327364608.0,6264094720.0,0.0,2078116.654808164,73.34892612174332,10728019968.0,85662127104.0,1092.896,620805.9552665604,404292.2212883167,20610546255.0,5217224893.0,1.63
2026-09-11T17:45:41.532443Z,182.526,gcp-1,crdb-gcp-1,56.307525717369714,10655.1,15805.82,8324022272.0,2510512128.0,343526.17197148927,3136936.359844915,29.795457195821005,130722179072.0,86515328000.0,930.474,7288445.958698503,7741349.74921478,20289166082.0,85931459351.0,4.14
2026-09-11T17:45:41.535807Z,182.529,client-1,crdb-client-1,16.97002141327636,15135.4,16007.16,8324030464.0,7502925824.0,0.0,2465.5430140740714,0.0,566323200.0,5760185344.0,16.617,5180352.8682931205,1226562.704707323,6486301178.0,1467232902.0,0.84
2026-09-11T17:45:46.068451Z,187.062,linode-1,crdb-linode-1,79.9683711122857,12670.72,15532.82,8322887680.0,3766444032.0,53082665.89339059,4460707.139742086,106.10633699014524,15803373568.0,82405924864.0,1603.484,3768114.5658651064,8636863.263107702,20883647177.0,6166257431.0,6.84
2026-09-11T17:45:45.828802Z,186.822,linode-2,crdb-linode-2,23.109243697476025,12113.1,15103.29,8322887680.0,6304518144.0,2476.3930996152258,4752198.358161618,92.38107070829899,11511072768.0,82896293888.0,1556.808,987874.4806548405,601527.1292362973,21531936343.0,4947378483.0,0.85
2026-09-11T17:45:44.913081Z,185.907,azure-1,crdb-azure-1,29.874869655882176,12531.6,15490.21,8327364608.0,5753880576.0,0.0,3667381.6889579324,76.30518934217903,11195193344.0,85506970624.0,1324.624,1000606.455986061,1005851.088722356,20685926570.0,5906213891.0,1.11
2026-09-11T17:45:45.027691Z,186.021,azure-2,crdb-azure-2,33.737373737373346,12421.18,15589.43,8327364608.0,6272995328.0,0.0,3735107.1714628753,73.85667817984866,10728019968.0,85680444416.0,1096.518,975524.5758782838,514413.59872446803,20615330318.0,5219747625.0,1.58
2026-09-11T17:45:45.904029Z,186.898,gcp-1,crdb-gcp-1,54.66307277628377,10663.51,15824.37,8324022272.0,2562084864.0,406639.7399919434,5155142.510220444,31.956304271713794,130723956736.0,86537864192.0,931.871,8259288.237373332,8524672.648753027,20325272340.0,85968725762.0,3.89
2026-09-11T17:45:45.997287Z,186.991,client-1,crdb-client-1,16.904384574743048,15151.130000000001,16026.09,8324030464.0,7502524416.0,0.0,89053.15711362849,0.15689737531089223,566323200.0,5760582656.0,16.624,5589028.786244915,1329739.9973218872,6511236714.0,1473165557.0,0.85
2026-09-11T17:45:50.648489Z,191.642,linode-1,crdb-linode-1,79.21527041357396,12674.64,15551.68,8322887680.0,3768614912.0,59065183.73188464,4536802.790053156,119.99739416882932,16073897984.0,82426703872.0,1608.98,3962687.9648000384,8944273.672486067,20901796682.0,6207223094.0,6.93
2026-09-11T17:45:50.809218Z,191.803,linode-2,crdb-linode-2,22.380952380950504,12127.77,15122.19,8322887680.0,6304628736.0,0.0,3451677.596454178,95.81461117524836,11511072768.0,82913484800.0,1561.58,691433.7330320011,540692.5727819606,21535379995.0,4950071376.0,0.78
2026-09-11T17:45:50.023742Z,191.017,azure-1,crdb-azure-1,29.17109458023993,12544.93,15509.03,8327364608.0,5750272000.0,0.0,2147899.2728332737,80.12592848367095,11195193344.0,85517947904.0,1328.719,619459.1296370772,404084.7428949446,20689092443.0,5908279049.0,1.1
2026-09-11T17:45:50.003525Z,190.997,azure-2,crdb-azure-2,34.68237704918179,12433.93,15608.95,8327364608.0,6271488000.0,0.0,2220092.552280457,76.87083967422157,10728019968.0,85691491328.0,1100.3429999999998,645026.9336424605,419638.8181444153,20618539894.0,5221835697.0,1.78
2026-09-11T17:45:50.832565Z,191.826,gcp-1,crdb-gcp-1,58.89132821075713,10671.0,15842.59,8324022272.0,2557112320.0,998117.8794409797,3254479.2805086398,33.011589256888385,130728876032.0,86553904128.0,933.498,7531102.4658440305,8030684.275051398,20362389922.0,86008305569.0,3.66
2026-09-11T17:45:50.829953Z,191.823,client-1,crdb-client-1,18.83671291355761,15166.34,16044.83,8324030464.0,7503257600.0,0.0,6780.476903885952,0.04138474672787011,566323200.0,5760615424.0,16.626,5462827.7458951725,1287071.2101759957,6537636913.0,1479385584.0,0.78
2026-09-11T17:45:55.557783Z,196.551,linode-1,crdb-linode-1,78.04749340369344,12678.8,15570.63,8322887680.0,3761348608.0,51886955.676825784,4587978.280541325,115.37213522569625,16328628224.0,82449227776.0,1614.644,3782207.188716811,8665246.64969173,20920364789.0,6249763658.0,6.53
2026-09-11T17:45:55.828330Z,196.822,linode-2,crdb-linode-2,23.662119622247314,12142.32,15141.25,8322887680.0,6303932416.0,0.0,5039286.701748148,95.15606531324919,11511072768.0,82938777600.0,1566.356,1035759.2265612357,630487.830945376,21540578598.0,4953235872.0,0.8
2026-09-11T17:45:54.936891Z,195.93,azure-1,crdb-azure-1,30.626326963908667,12558.0,15527.87,8327364608.0,5754744832.0,0.0,3835759.3394964403,83.42900964016215,11195193344.0,85536793600.0,1332.818,1070795.9718365783,1041282.3745131533,20694353434.0,5913395035.0,1.09
2026-09-11T17:45:55.138706Z,196.132,azure-2,crdb-azure-2,36.03238866397126,12446.57,15628.710000000001,8327364608.0,6273372160.0,0.0,3679490.854347608,76.31670102976553,10728019968.0,85710386176.0,1104.262,976164.8002586901,510961.4421568645,20623552676.0,5224459576.0,1.95
2026-09-11T17:45:55.858412Z,196.852,gcp-1,crdb-gcp-1,61.52162014230713,10678.03,15860.86,8324022272.0,2536067072.0,5828769.188121294,4696755.709052435,36.96877960112589,130758170624.0,86577509376.0,935.356,7540555.800282401,8230771.869122642,20400287718.0,86049672296.0,3.44
2026-09-11T17:45:56.150256Z,197.144,client-1,crdb-client-1,18.38039424614091,15181.66,16063.6,8324030464.0,7504056320.0,0.0,35414.44001246979,0.0939793860724746,566323200.0,5760803840.0,16.631,5175172.8146689115,1213493.0341242095,6565170466.0,1485841750.0,0.72
2026-09-11T17:46:00.585260Z,201.579,linode-1,crdb-linode-1,78.22454308093172,12682.970000000001,15589.78,8322887680.0,3753934848.0,48079756.01265857,2530513.474350451,108.44339413445196,16570349568.0,82461949952.0,1620.096,3505805.663605996,7739552.727173606,20937990254.0,6288674319.0,6.57
2026-09-11T17:46:00.806244Z,201.8,linode-2,crdb-linode-2,27.009984235423335,12156.21,15160.28,8322887680.0,6303936512.0,0.0,3957807.9452001173,98.43414462200805,11511072768.0,82958479360.0,1571.256,782251.7278188759,605282.8048972446,21544472606.0,4956248938.0,0.73
2026-09-11T17:45:59.871531Z,200.865,azure-1,crdb-azure-1,32.13149522799517,12570.8,15546.73,8327364608.0,5750910976.0,0.0,2347368.3738494283,86.95617151058723,11195193344.0,85548377088.0,1337.1090000000002,747404.4046336664,482681.7315701978,20698041628.0,5915776910.0,1.49
2026-09-11T17:46:00.060113Z,201.054,azure-2,crdb-azure-2,37.499999999997655,12458.72,15648.15,8327364608.0,6269845504.0,0.0,2355336.15227986,84.20274727259338,10728019968.0,85721977856.0,1108.406,754970.2848315118,483574.3050285346,20627268228.0,5226839465.0,2.04
2026-09-11T17:46:00.854646Z,201.848,gcp-1,crdb-gcp-1,71.09670448406105,10683.380000000001,15879.37,8324022272.0,2529591296.0,9722135.95463853,20059129.988877267,42.45162717552196,130806745088.0,86677730304.0,937.477,7393294.528646733,8555610.87385327,20437226650.0,86092418480.0,3.17
2026-09-11T17:46:00.870745Z,201.864,client-1,crdb-client-1,19.203873050025177,15196.68,16082.19,8324030464.0,7502376960.0,0.0,0.0,0.0,566323200.0,5760803840.0,16.631,6071458.737967643,1427143.2051348765,6593830938.0,1492578615.0,0.66
2026-09-11T17:46:05.497506Z,206.491,linode-1,crdb-linode-1,81.48342977380898,12686.49,15608.789999999999,8322887680.0,3734224896.0,47514145.720634475,28594538.707995687,105.8573483484544,16803751936.0,82602414080.0,1625.296,3522263.8195955222,8047070.013907448,20955292569.0,6328203709.0,6.53
2026-09-11T17:46:05.758189Z,206.752,linode-2,crdb-linode-2,38.115404976173274,12167.9,15179.17,8322887680.0,6295715840.0,8762764.211954255,35375297.32082873,97.98103021444376,11554465792.0,83133657088.0,1576.108,1100129.8763867812,668300.9009976339,21549920426.0,4959558350.0,0.76
2026-09-11T17:46:04.904380Z,205.898,azure-1,crdb-azure-1,42.06390780512715,12581.86,15565.82,8327364608.0,5714518016.0,0.0,26074139.93412867,79.08019271810204,11195193344.0,85679604736.0,1341.0890000000002,1112904.0959617617,1038749.5263026593,20703642725.0,5921004797.0,1.61
2026-09-11T17:46:05.001616Z,205.995,azure-2,crdb-azure-2,41.356107660454974,12470.05,15667.47,8327364608.0,6265606144.0,0.0,18689033.107070424,77.95148607158292,10728019968.0,85814330368.0,1112.258,1060912.4402486049,561401.0578518098,20632510764.0,5229613648.0,2.04
2026-09-11T17:46:05.807484Z,206.801,gcp-1,crdb-gcp-1,69.35483870968089,10689.08,15897.97,8324022272.0,2535067648.0,13642187.673160182,4550152.5568457395,41.915318737131166,130874312704.0,86700266496.0,939.553,7404741.632912093,8935521.37786936,20473901174.0,86136674716.0,3.15
2026-09-11T17:46:05.815585Z,206.809,client-1,crdb-client-1,19.880823401951496,15211.47,16100.65,8324030464.0,7501107200.0,0.0,43073.35952029294,0.06066898219692933,566323200.0,5761016832.0,16.634,6009727.208779311,1401717.6010515117,6623548235.0,1499509921.0,0.61
2026-09-11T17:46:10.837082Z,211.831,linode-1,crdb-linode-1,76.01384767556833,12691.34,15629.01,8322887680.0,3746643968.0,40112427.34818364,2769998.186194395,100.60696602122643,17017935872.0,82617204736.0,1630.6680000000001,3065776.86060814,6959142.466084678,20971662562.0,6365362680.0,6.4
2026-09-11T17:46:11.780669Z,212.774,linode-2,crdb-linode-2,23.596995139189204,12185.19,15201.8,8322887680.0,6293467136.0,16322.726638647055,3833800.419252227,92.98428260948256,11554564096.0,83156746240.0,1581.708,820026.2297693032,561886.5852561002,21554859053.0,4962942325.0,0.93
2026-09-11T17:46:10.868826Z,211.862,azure-1,crdb-azure-1,31.241830065366727,12597.64,15588.77,8327364608.0,5720887296.0,0.0,2353423.1359282825,81.11325511634509,11195193344.0,85693641728.0,1345.9270000000001,845669.2272164465,658097.4234689801,20708686719.0,5924930019.0,1.52
2026-09-11T17:46:11.088159Z,212.082,azure-2,crdb-azure-2,35.47840812870759,12485.289999999999,15691.09,8327364608.0,6260473856.0,0.0,2423317.576596671,76.43054722163268,10728019968.0,85829080064.0,1116.9099999999999,778254.3756765119,448624.8036248593,20637247665.0,5232344235.0,1.95
2026-09-11T17:46:11.722978Z,212.717,gcp-1,crdb-gcp-1,64.97890295359244,10696.55,15919.300000000001,8324022272.0,2510532608.0,14210381.08675057,2826427.6955667217,36.91964918820929,130958374912.0,86716986368.0,941.737,6573580.8971295785,8209900.489240115,20512787515.0,86185240786.0,2.98
2026-09-11T17:46:11.518049Z,212.512,client-1,crdb-client-1,19.4078947368463,15228.619999999999,16121.93,8324030464.0,7501279232.0,0.0,6464.55709514778,0.035072466879037534,566323200.0,5761053696.0,16.636,5791294.622385668,1340097.740606305,6656572970.0,1507151800.0,0.64
2026-09-11T17:46:15.605494Z,216.599,linode-1,crdb-linode-1,78.40845854200802,12695.220000000001,15646.98,8322887680.0,3744235520.0,41772242.33731938,4373071.884418938,101.08125131828746,17217124352.0,82638057472.0,1635.488,3571043.534682534,7865711.809430083,20988690873.0,6402869864.0,6.61
2026-09-11T17:46:15.824128Z,216.818,linode-2,crdb-linode-2,31.90921228305763,12195.39,15216.78,8322887680.0,6292291584.0,0.0,5525886.08287552,97.93601093547375,11554564096.0,83179089920.0,1585.6680000000001,1188326.8683645918,784468.4368457731,21559664001.0,4966114289.0,0.93
2026-09-11T17:46:14.967450Z,215.961,azure-1,crdb-azure-1,35.82375478926446,12607.69,15604.43,8327364608.0,5720027136.0,0.0,4004442.881636275,85.85825940150436,11195193344.0,85710054400.0,1349.4460000000001,1131978.3241167732,1001507.683716958,20713326263.0,5929034814.0,1.52
2026-09-11T17:46:15.175773Z,216.169,azure-2,crdb-azure-2,39.14431673051888,12494.82,15706.75,8327364608.0,6257582080.0,0.0,3803777.9262689212,81.39201549982128,10728019968.0,85844628480.0,1120.2369999999999,1118316.5073329795,641915.854469948,20641818923.0,5234968146.0,1.88
2026-09-11T17:46:15.846469Z,216.84,gcp-1,crdb-gcp-1,75.59382422802263,10700.66,15936.14,8324022272.0,2518495232.0,20494339.72518927,5190137.895701528,52.50377796143377,131042883584.0,86738387968.0,943.902,8123380.403494242,10162971.748608558,20546284378.0,86227147930.0,3.14
2026-09-11T17:46:15.869504Z,216.863,client-1,crdb-client-1,21.342621912597735,15241.039999999999,16137.72,8324030464.0,7500910592.0,0.0,80950.55047764553,0.1378836138677245,566323200.0,5761405952.0,16.642,6361698.536067282,1484673.3026218228,6684255876.0,1513612350.0,0.83
2026-09-11T17:46:20.563999Z,221.558,linode-1,crdb-linode-1,76.15219721329612,12699.67,15665.64,8322887680.0,3740229632.0,39556223.93230037,3373587.6569250864,103.17556444564471,17413265408.0,82654785536.0,1640.604,3359658.552380263,7406813.442049856,21005349869.0,6439596833.0,6.56
2026-09-11T17:46:20.783060Z,221.777,linode-2,crdb-linode-2,35.369609856260645,12207.98,15236.26,8322887680.0,6291845120.0,3303.918313730596,4499110.7637226395,100.10162664403373,11554580480.0,83201400832.0,1590.632,958389.9931863816,697936.0063964356,21564416619.0,4969575326.0,0.94
2026-09-11T17:46:19.903083Z,220.897,azure-1,crdb-azure-1,36.480908152734784,12620.0,15623.81,8327364608.0,5726871552.0,0.0,2551872.993556693,89.0862038925036,11195193344.0,85722649600.0,1353.843,876802.7488170012,578969.7600678502,20717653871.0,5931892417.0,1.47
2026-09-11T17:46:20.064634Z,221.058,azure-2,crdb-azure-2,40.54600606673494,12506.58,15726.53,8327364608.0,6259425280.0,0.0,2464862.022064178,87.38185119221092,10728019968.0,85856678912.0,1124.509,884787.8797023563,564472.0314233704,20646144551.0,5237727786.0,2.21
2026-09-11T17:46:20.850995Z,221.845,gcp-1,crdb-gcp-1,78.97462454687097,10704.72,15955.45,8324022272.0,2503745536.0,23998699.785314996,3529990.86604132,51.752810493026686,131162986496.0,86756054016.0,946.4920000000001,7510016.978689154,10037419.030286783,20583868702.0,86277380787.0,3.29
2026-09-11T17:46:20.846678Z,221.84,client-1,crdb-client-1,22.4043715847001,15255.24,16156.02,8324030464.0,7502151680.0,0.0,9875.466858893695,0.040183377518334,566323200.0,5761455104.0,16.644000000000002,6834355.496106554,1576772.0256247635,6718271710.0,1521460232.0,0.92
2026-09-11T17:46:26.140546Z,227.134,linode-1,crdb-linode-1,75.70291777188413,12704.25,15684.49,8322887680.0,3735949312.0,34462141.46372551,4448884.052213078,92.81706541056006,17605445632.0,82679595008.0,1645.78,3317431.472318578,7194698.148353981,21023849727.0,6479718504.0,6.28
2026-09-11T17:46:26.300996Z,227.295,linode-2,crdb-linode-2,35.044064282014254,12220.509999999998,15255.55,8322887680.0,6291111936.0,0.0,5521242.050985416,90.03311000263213,11554580480.0,83231866880.0,1595.6,1115701.4264331553,723460.2580314787,21570573026.0,4973567358.0,1.02
2026-09-11T17:46:25.304404Z,226.298,azure-1,crdb-azure-1,37.81297904956437,12632.17,15643.38,8327364608.0,5736431616.0,0.0,3787085.1842701454,83.2752680112976,11195193344.0,85743105024.0,1358.3410000000001,1177431.7544605606,1066664.354561008,20724013608.0,5937653859.0,1.44
2026-09-11T17:46:25.800372Z,226.794,azure-2,crdb-azure-2,41.662417134114385,12518.02,15746.140000000001,8327364608.0,6271361024.0,0.0,3517188.515763155,75.35537339946842,10728019968.0,85876851712.0,1128.831,1063634.2957659105,594243.1990477863,20652245015.0,5241136062.0,2.11
2026-09-11T17:46:26.454212Z,227.448,gcp-1,crdb-gcp-1,79.06005221931962,10708.73,15974.6,8324022272.0,2504929280.0,21144440.43270532,4537373.959059703,46.09855232220756,131281463296.0,86781477888.0,949.075,7049515.0140310265,9271522.88146049,20623368635.0,86329331103.0,3.27
2026-09-11T17:46:26.457661Z,227.451,client-1,crdb-client-1,25.067971723756976,15269.02,16174.41,8324030464.0,7499505664.0,0.0,34309.632014806186,0.08911037237886303,566323200.0,5761647616.0,16.649,6237175.542641097,1431899.068551441,6753268621.0,1529494645.0,1.01
2026-09-11T17:46:30.627796Z,231.622,linode-1,crdb-linode-1,74.88025545503392,12708.97,15703.28,8322887680.0,3731443712.0,37853932.4757432,4115827.8643145906,114.63519648005571,17775306752.0,82698063872.0,1650.924,3694733.3873658627,7740275.435412495,21040429023.0,6514451272.0,6.09
2026-09-11T17:46:30.801094Z,231.795,linode-2,crdb-linode-2,34.71856917411083,12232.92,15274.56,8322887680.0,6290632704.0,0.0,5609543.475622301,110.39692831595501,11554580480.0,83257110528.0,1600.568,1151497.2940735284,838586.8893812714,21575754908.0,4977341104.0,0.94
2026-09-11T17:46:29.923602Z,230.917,azure-1,crdb-azure-1,36.450079239300216,12644.2,15662.31,8327364608.0,5732491264.0,0.0,2777247.9364715866,97.57094459720861,11195193344.0,85755933696.0,1362.8480000000002,1014516.1405465502,646073.3594031682,20728699864.0,5940638203.0,1.4
2026-09-11T17:46:30.105566Z,231.099,azure-2,crdb-azure-2,41.97969543146739,12529.45,15765.84,8327364608.0,6268358656.0,0.0,2928230.5287781158,102.47364973077228,10728019968.0,85889459200.0,1133.243,1084675.4532575584,680243.173678009,20656915082.0,5244064847.0,2.1
2026-09-11T17:46:30.909009Z,231.903,gcp-1,crdb-gcp-1,82.1333333333314,10712.08,15993.35,8324022272.0,2486591488.0,37311368.99178053,4168796.131314266,64.2673720213794,131447678976.0,86800049152.0,951.938,8362415.001942176,11930953.205149865,20660621744.0,86382481431.0,3.57
2026-09-11T17:46:30.829055Z,231.823,client-1,crdb-client-1,24.676025917924417,15282.970000000001,16192.93,8324030464.0,7499259904.0,0.0,58093.90193584337,0.0915037517890171,566323200.0,5761901568.0,16.653,8238102.446876409,1895554.2055240953,6789280707.0,1537780881.0,0.93
2026-09-11T17:46:35.692630Z,236.686,linode-1,crdb-linode-1,71.11817700052453,12714.42,15722.15,8322887680.0,3729063936.0,28855648.69833409,5901170.610457775,102.11567038629794,17921456128.0,82727952384.0,1656.0960000000002,3261444.99187568,6975979.306113242,21056947735.0,6549783523.0,6.33
2026-09-11T17:46:36.295736Z,237.289,linode-2,crdb-linode-2,32.80507131537692,12245.64,15293.49,8322887680.0,6289686528.0,0.0,5911415.030818264,90.9972610503383,11554580480.0,83289591808.0,1605.568,1192360.2248468895,753326.8314244548,21582306535.0,4981480387.0,1.43
2026-09-11T17:46:34.928498Z,235.922,azure-1,crdb-azure-1,35.54603854390328,12656.24,15680.99,8327364608.0,5731708928.0,0.0,4227107.546179021,90.03351605552919,11195193344.0,85777089536.0,1367.354,1359243.3448273197,1232586.8079299445,20735502609.0,5946807057.0,1.45
2026-09-11T17:46:35.104250Z,236.098,azure-2,crdb-azure-2,42.1159715157717,12540.83,15785.5,8327364608.0,6262579200.0,13110.57684678323,4202759.290446949,87.30248620508185,10728085504.0,85910467584.0,1137.607,1293768.8316471232,677683.7487032034,20663382260.0,5247452393.0,2.01
2026-09-11T17:46:36.452862Z,237.447,gcp-1,crdb-gcp-1,86.56480505794968,10714.630000000001,16012.33,8324022272.0,2497622016.0,38418521.59298012,4507613.612545851,53.15765872531077,131660666880.0,86825038848.0,954.885,6611036.013367424,10152219.399894826,20697272574.0,86438764178.0,3.84
2026-09-11T17:46:36.527961Z,237.522,client-1,crdb-client-1,26.02068590093043,15296.56,16211.3,8324030464.0,7497666560.0,0.0,2874.9162482531888,0.01754709624180116,566323200.0,5761917952.0,16.654,6814496.244021715,1560749.637392136,6828116171.0,1546675513.0,0.85
2026-09-11T17:46:40.554840Z,241.549,linode-1,crdb-linode-1,70.14681892332814,12719.91,15740.539999999999,8322887680.0,3729080320.0,26385109.01110218,5798304.821794205,107.52238874997718,18049746944.0,82756145152.0,1661.324,3038503.1131814765,6280472.60309884,21071721676.0,6580320708.0,6.06
2026-09-11T17:46:40.890863Z,241.885,linode-2,crdb-linode-2,32.40131578947327,12257.97,15311.73,8322887680.0,6288519168.0,0.0,5774337.286062584,108.28832297569082,11554580480.0,83316125696.0,1610.544,1193312.2927508836,849744.7378815885,21587789972.0,4985385083.0,1.31
2026-09-11T17:46:39.948671Z,240.942,azure-1,crdb-azure-1,35.69892473117897,12668.2,15699.59,8327364608.0,5728743424.0,0.0,2644282.291129608,91.32888962364942,11195193344.0,85790364672.0,1371.939,1000559.6757875019,620434.8938319487,20740525736.0,5949921837.0,1.41
2026-09-11T17:46:40.287484Z,241.281,azure-2,crdb-azure-2,42.05986808726241,12552.25,15805.21,8327364608.0,6255644672.0,0.0,2534283.67448352,85.02357630653438,10728085504.0,85923603456.0,1142.014,958207.987835897,579423.2286427885,20668348909.0,5250455699.0,1.93
2026-09-11T17:46:40.860740Z,241.854,gcp-1,crdb-gcp-1,89.715189873423,10716.58,16031.289999999999,8324022272.0,2505887744.0,58168669.78287023,4033902.511740813,66.40463393565624,131917064192.0,86842819584.0,957.812,7995329.141138892,13430333.810447399,20732514585.0,86497962738.0,4.18
2026-09-11T17:46:41.149609Z,242.143,client-1,crdb-client-1,27.84810126581987,15309.67,16229.47,8324030464.0,7499730944.0,0.0,5317.569253905691,0.0,566323200.0,5761942528.0,16.654,8963109.606117902,2039584.6718699173,6869540621.0,1556101781.0,0.79
2026-09-11T17:46:45.558874Z,246.553,linode-1,crdb-linode-1,68.07131280389096,12725.82,15759.05,8322887680.0,3727732736.0,21863897.71528097,12098770.998074502,105.99393292755457,18159155200.0,82816688128.0,1666.628,2982321.3550904635,6066454.638895862,21086645391.0,6610677611.0,5.81
2026-09-11T17:46:45.866395Z,246.86,linode-2,crdb-linode-2,35.714285714281466,12269.76,15330.07,8322887680.0,6294781952.0,0.0,15446950.19556211,99.68712029651338,11554580480.0,83392983040.0,1615.504,1325735.998091922,837469.6887721649,21594386261.0,4989551970.0,1.21
2026-09-11T17:46:44.937262Z,245.931,azure-1,crdb-azure-1,36.85622317597112,12679.97,15718.23,8327364608.0,5749170176.0,0.0,4121769.165336788,92.61087264154538,11195193344.0,85810926592.0,1376.5590000000002,1400877.9640994319,1192879.7573831207,20747514177.0,5955872655.0,1.54
2026-09-11T17:46:45.070874Z,246.065,azure-2,crdb-azure-2,44.55000000000432,12563.34,15825.210000000001,8327364608.0,6229311488.0,0.0,6645706.992381166,92.77924966437598,10728085504.0,85955392512.0,1146.452,1382519.7384062798,705145.2936580359,20674962050.0,5253828689.0,1.94
2026-09-11T17:46:45.869932Z,246.864,gcp-1,crdb-gcp-1,92.1730175077225,10718.1,16050.710000000001,8324022272.0,2480058368.0,57944895.19634074,18999613.13458228,56.29535350201107,132207327232.0,86937994240.0,960.6320000000001,6848295.417346466,11741576.977494262,20766819713.0,86556779754.0,4.72
2026-09-11T17:46:45.882678Z,246.876,client-1,crdb-client-1,27.27272727272996,15323.11,16247.95,8324030464.0,7498039296.0,0.0,38077.1782776091,0.06338308706544724,566323200.0,5762122752.0,16.657,8734090.942556389,1991223.4144910246,6910880155.0,1565526488.0,0.72
2026-09-11T17:46:50.572267Z,251.566,linode-1,crdb-linode-1,70.01072961373511,12731.41,15777.69,8322887680.0,3725365248.0,25879519.005566217,22923587.077224933,110.34383898908084,18288900096.0,82931613696.0,1672.1599999999999,2578320.4312584833,5413555.30845825,21099571594.0,6637818037.0,5.75
2026-09-11T17:46:50.857513Z,251.851,linode-2,crdb-linode-2,38.6963269529208,12281.61,15349.4,8322887680.0,6285627392.0,0.0,19271356.597500455,99.61617950141985,11554580480.0,83489169408.0,1620.476,1015515.0228076793,707380.6615533273,21599454856.0,4993082618.0,1.35
2026-09-11T17:46:49.946143Z,250.94,azure-1,crdb-azure-1,34.72515856236619,12692.32,15737.15,8327364608.0,5747236864.0,0.0,2494931.921464668,90.43879059435942,11195193344.0,85823423488.0,1381.0890000000002,929974.4972048883,582869.420683088,20752172338.0,5958792197.0,1.66
2026-09-11T17:46:50.078769Z,251.073,azure-2,crdb-azure-2,48.92747701735972,12573.34,15844.789999999999,8327364608.0,6159474688.0,6718277.685859677,30746712.29204249,80.9119635656313,10761730048.0,86109369344.0,1150.504,927665.646480819,556984.6182935033,20679607718.0,5256618019.0,1.86
2026-09-11T17:46:50.839370Z,251.833,gcp-1,crdb-gcp-1,89.52825298082573,10720.119999999999,16070.0,8324022272.0,2503864320.0,59042444.875744365,3185669.3066708357,56.3844535626932,132500736000.0,86953825280.0,963.434,6607551.038970539,11853267.004875708,20799655640.0,86615684030.0,5.23
2026-09-11T17:46:50.861629Z,251.855,client-1,crdb-client-1,28.14569536423196,15336.130000000001,16266.07,8324030464.0,7497465856.0,0.0,9049.265205706512,0.04016896842019485,566323200.0,5762167808.0,16.659,8417563.991433335,1907065.7607702275,6952790935.0,1575021707.0,0.66
2026-09-11T17:46:55.607994Z,256.602,linode-1,crdb-linode-1,63.00703082747309,12738.25,15796.18,8322887680.0,3740758016.0,18676060.094678067,5770944.051728622,108.90102370342449,18382948352.0,82960674816.0,1677.644,2794195.334137049,5759394.863841008,21113642506.0,6666820998.0,5.37
2026-09-11T17:46:55.854912Z,256.849,linode-2,crdb-linode-2,32.85789751717416,12294.32,15368.33,8322887680.0,6243340288.0,0.0,6185704.584628111,99.4915042645866,11554580480.0,83520081920.0,1625.448,1294914.7449921344,820716.4643966702,21605926078.0,4997184076.0,1.4
2026-09-11T17:46:54.963980Z,255.958,azure-1,crdb-azure-1,44.97581945191047,12702.56,15755.76,8327364608.0,5752365056.0,4411198.1255797865,33270914.95198122,82.90383227779078,11217328128.0,85990372352.0,1385.249,1327798.539316295,1110579.5379052658,20758835048.0,5964364932.0,1.77
2026-09-11T17:46:55.219025Z,256.213,azure-2,crdb-azure-2,42.42886178861911,12584.67,15864.47,8327364608.0,6161842176.0,0.0,4056712.2700039465,83.51645450806757,10761730048.0,86130222080.0,1154.797,1251527.8236681542,651782.2152555018,20686040952.0,5259968378.0,2.19
2026-09-11T17:46:55.889704Z,256.884,gcp-1,crdb-gcp-1,89.28944618599188,10722.17,16089.14,8324022272.0,2503553024.0,55394192.578855485,4519872.845814287,56.80777434625386,132780496896.0,86976652288.0,966.303,6528902.853208821,11572232.311874798,20832628983.0,86674128028.0,5.53
2026-09-11T17:46:55.913513Z,256.907,client-1,crdb-client-1,27.70821992379827,15349.41,16284.44,8324030464.0,7498702848.0,0.0,8107.852919241483,0.019794562791141092,566323200.0,5762208768.0,16.66,8372834.417609793,1905575.2508957533,6995089593.0,1584648468.0,0.85
2026-09-11T17:47:00.610502Z,261.604,linode-1,crdb-linode-1,63.113456464378984,12745.24,15815.13,8322887680.0,3739312128.0,17790486.07089564,3908044.4595169774,113.06222145067625,18471946240.0,82980225024.0,1683.3,2442852.0215036147,5059825.261283102,21125863008.0,6692133053.0,5.02
2026-09-11T17:47:00.864039Z,261.858,linode-2,crdb-linode-2,32.677369238734634,12307.32,15387.64,8322887680.0,6227341312.0,0.0,4759850.017522342,98.77917896401124,11554580480.0,83543924736.0,1630.396,1015718.4682296641,707859.8213998855,21611013967.0,5000729854.0,1.37
2026-09-11T17:47:00.075369Z,261.069,azure-1,crdb-azure-1,34.424498416045765,12714.98,15774.699999999999,8327364608.0,5749522432.0,0.0,2418454.5323853106,86.23832832072314,11217328128.0,86002734080.0,1389.6570000000002,909940.7475406242,565470.6662698837,20763486134.0,5967255288.0,1.7
2026-09-11T17:47:00.217249Z,261.211,azure-2,crdb-azure-2,40.3711133400245,12596.56,15884.41,8327364608.0,6159515648.0,0.0,2637112.567199303,83.82946676110076,10761730048.0,86143403008.0,1158.9869999999999,933414.5030314844,579320.235924865,20690706384.0,5262863961.0,2.5
2026-09-11T17:47:00.905444Z,261.899,gcp-1,crdb-gcp-1,90.8247422680377,10723.95,16108.539999999999,8324022272.0,2495193088.0,58258531.801467426,3106424.8464807346,57.95693721811909,133072709632.0,86992233472.0,969.21,6399539.813546639,12069034.148741005,20864727750.0,86734663805.0,5.57
2026-09-11T17:47:00.902051Z,261.896,client-1,crdb-client-1,28.75068194216388,15362.470000000001,16302.77,8324030464.0,7496826880.0,0.0,76360.16824853458,0.14032078968725134,566323200.0,5762589696.0,16.667,8743735.59913616,1973643.7798158675,7038708325.0,1594494127.0,0.78
2026-09-11T17:47:05.887419Z,266.881,linode-1,crdb-linode-1,62.05045625335844,12752.31,15833.76,8322887680.0,3738968064.0,14684291.568143558,5869680.348784311,108.69935641608605,18549434368.0,83011198976.0,1689.036,2726743.822103489,5312545.17064059,21140251872.0,6720167036.0,5.26
2026-09-11T17:47:05.976566Z,266.97,linode-2,crdb-linode-2,34.70368392952563,12319.55,15406.369999999999,8322887680.0,6225657856.0,0.0,6366844.670868308,97.09410583085939,11554580480.0,83576475648.0,1635.36,1353104.3586028023,859569.9722746703,21617931802.0,5005124462.0,1.42
2026-09-11T17:47:05.024793Z,266.019,azure-1,crdb-azure-1,37.62532981530736,12726.8,15793.65,8327364608.0,5752827904.0,0.0,4271064.220789201,93.70721676101775,11217328128.0,86023873536.0,1394.295,1448456.7753674826,1234152.5327063233,20770655211.0,5973363675.0,1.89
2026-09-11T17:47:05.167013Z,266.161,azure-2,crdb-azure-2,42.82828282827826,12607.880000000001,15904.210000000001,8327364608.0,6171492352.0,0.0,4410616.160442945,88.26614353533878,10761730048.0,86165234688.0,1163.356,1379944.887712641,731131.7607607053,20697536839.0,5266482919.0,2.7
2026-09-11T17:47:05.973303Z,266.967,gcp-1,crdb-gcp-1,93.19938176198045,10725.27,16127.95,8324022272.0,2502766592.0,63555171.95089058,4526896.650307599,58.920288185400274,133394798592.0,87015175168.0,972.196,6619755.744708195,12391849.416016463,20898275771.0,86797464011.0,6.0
2026-09-11T17:47:06.007890Z,267.002,client-1,crdb-client-1,29.649890590818917,15375.33,16321.050000000001,8324030464.0,7494594560.0,0.0,32088.52338023538,0.07834112153373436,566323200.0,5762753536.0,16.671,8797270.021373872,1995349.5405821432,7083626089.0,1604682133.0,0.72
2026-09-11T17:47:10.648550Z,271.642,linode-1,crdb-linode-1,59.94652406416996,12759.8,15852.46,8322887680.0,3736231936.0,16146065.48471831,5378580.637812174,121.65145846379026,18626308096.0,83036807168.0,1694.828,2701925.5199390026,5317964.10204131,21153116126.0,6745486624.0,5.4
2026-09-11T17:47:10.900659Z,271.895,linode-2,crdb-linode-2,35.5332629355828,12331.76,15425.31,8322887680.0,6224916480.0,0.0,5594030.909056934,101.37881294295012,11554580480.0,83604021248.0,1640.352,1166318.7678283995,816986.9149690843,21623674879.0,5009147392.0,1.71
2026-09-11T17:47:10.037975Z,271.032,azure-1,crdb-azure-1,37.47379454926448,12738.73,15812.73,8327364608.0,5729619968.0,0.0,2697060.578329064,91.9772352858538,11217328128.0,86037394432.0,1398.9060000000002,1066904.6119748696,652323.0585240494,20776003814.0,5976633899.0,1.98
2026-09-11T17:47:10.321930Z,271.316,azure-2,crdb-azure-2,42.68415741675615,12619.24,15924.03,8327364608.0,6166630400.0,0.0,2693622.514690958,86.38329831765337,10761730048.0,86179120128.0,1167.809,1027711.1981688717,615716.0181775816,20702834620.0,5269656893.0,2.56
2026-09-11T17:47:10.942859Z,271.937,gcp-1,crdb-gcp-1,94.27109974425052,10726.39,16147.5,8324022272.0,2500939776.0,66354184.75850606,3490546.9462185823,62.09777544383779,133724551168.0,87032521728.0,975.282,6673564.217699108,13065916.868405784,20931440597.0,86862396159.0,6.24
2026-09-11T17:47:11.165214Z,272.159,client-1,crdb-client-1,30.54347826086463,15388.11,16339.45,8324030464.0,7492665344.0,0.0,0.0,0.0,566323200.0,5762753536.0,16.671,8980451.329155726,2036560.4714820778,7129941322.0,1615185366.0,0.98
2026-09-11T17:47:15.633077Z,276.627,linode-1,crdb-linode-1,61.111111111104755,12767.220000000001,15871.54,8322887680.0,3736170496.0,13575146.700758226,6103063.834535796,111.22380854203256,18693974016.0,83067228160.0,1700.372,2783476.3194571007,5370702.00040052,21166990487.0,6772257126.0,5.53
2026-09-11T17:47:15.912169Z,276.906,linode-2,crdb-linode-2,34.74304068522313,12343.95,15443.99,8322887680.0,6224154624.0,0.0,6140481.9215371115,99.21109436963688,11554580480.0,83634794496.0,1645.324,1366211.5968238648,853122.8251995816,21630521698.0,5013422848.0,1.73
2026-09-11T17:47:15.022040Z,276.016,azure-1,crdb-azure-1,37.51328374069926,12750.49,15831.55,8327364608.0,5686239232.0,0.0,4265229.236313728,91.02985498872229,11217328128.0,86058652672.0,1403.443,1424318.4792972184,1224171.777171499,20783102730.0,5982735268.0,1.9
2026-09-11T17:47:15.160700Z,276.155,azure-2,crdb-azure-2,43.08779011099485,12630.52,15943.85,8327364608.0,6162579456.0,0.0,4418683.840181057,91.3243267413471,10761730048.0,86200501248.0,1172.2279999999998,1424635.3176080785,755038.6993957608,20709728143.0,5273310373.0,2.44
2026-09-11T17:47:15.926142Z,276.92,gcp-1,crdb-gcp-1,93.468118195955,10727.65,16166.789999999999,8324022272.0,2506084352.0,64553595.933896445,4509989.825171124,57.872988568655124,134046242816.0,87054996480.0,978.166,6485434.925346388,12333805.437347045,20963759637.0,86923859539.0,6.38
2026-09-11T17:47:16.220683Z,277.215,client-1,crdb-client-1,28.407851690292276,15401.24,16357.789999999999,8324030464.0,7484489728.0,0.0,38079.800842066994,0.0593414449624986,566323200.0,5762946048.0,16.674,8746326.474000776,1989819.530048939,7174158276.0,1625244876.0,0.9
2026-09-11T17:47:20.749891Z,281.744,linode-1,crdb-linode-1,62.396694214879645,12774.5,15890.9,8322887680.0,3733975040.0,11532715.500744874,4899823.11238005,106.47194148253932,18752985088.0,83092299776.0,1705.8200000000002,2468573.0700451727,4674514.373934691,21179621783.0,6796175873.0,5.72
2026-09-11T17:47:20.935268Z,281.929,linode-2,crdb-linode-2,32.71537622682635,12356.29,15462.33,8322887680.0,6223638528.0,0.0,5447881.292099171,98.9026215431787,11554580480.0,83662159872.0,1650.292,1177783.899256359,816634.0487300187,21636437851.0,5017524901.0,1.59
2026-09-11T17:47:20.062601Z,281.057,azure-1,crdb-azure-1,36.504543025127745,12762.369999999999,15850.26,8327364608.0,5681336320.0,0.0,2709213.8254996855,91.93349465384449,11217328128.0,86072308736.0,1408.077,1081521.7799780536,644781.9330438568,20788554249.0,5985985356.0,1.91
2026-09-11T17:47:20.253237Z,281.247,azure-2,crdb-azure-2,43.10077519380244,12641.529999999999,15963.199999999999,8327364608.0,6158536704.0,0.0,2712939.016934059,86.08634869736866,10761730048.0,86214317056.0,1176.6119999999999,1053625.2348868232,711709.4623428619,20715093794.0,5276934797.0,2.48
2026-09-11T17:47:20.985527Z,281.98,gcp-1,crdb-gcp-1,94.93016037247132,10728.630000000001,16186.12,8324022272.0,2505347072.0,71236738.51681463,3418055.1643102937,57.87246260924761,134406658048.0,87072289792.0,981.094,6284693.282562584,12704951.62287621,20995556421.0,86988138985.0,6.59
2026-09-11T17:47:21.050088Z,282.044,client-1,crdb-client-1,30.45379989065753,15413.96,16376.08,8324030464.0,7471276032.0,0.0,5936.900297927399,0.02070626499000647,566323200.0,5762974720.0,16.675,9499419.401333155,2160688.19150939,7220035306.0,1635679825.0,1.07
2026-09-11T17:47:25.688824Z,286.683,linode-1,crdb-linode-1,54.011536444678896,12783.27,15909.970000000001,8322887680.0,3735105536.0,9850703.412655381,5201516.400418804,105.6901410557739,18801637376.0,83117989888.0,1711.0400000000002,2342160.7463454213,4711321.274299901,21191189635.0,6819444928.0,5.43
2026-09-11T17:47:26.051670Z,287.046,linode-2,crdb-linode-2,27.071240105545236,12370.11,15481.28,8322887680.0,6223638528.0,0.0,5313309.630318044,95.06637315056079,11554580480.0,83689345024.0,1655.156,1161365.13524426,711942.9606031042,21642379889.0,5021167504.0,1.54
2026-09-11T17:47:25.135407Z,286.129,azure-1,crdb-azure-1,32.801701222745464,12775.01,15869.07,8327364608.0,5685940224.0,0.0,3964518.61112258,85.12000860621676,11217328128.0,86092420096.0,1412.395,1247591.8230368074,1109872.0647863178,20794883080.0,5991615557.0,1.99
2026-09-11T17:47:25.216313Z,286.21,azure-2,crdb-azure-2,37.78801843317435,12653.68,15982.73,8327364608.0,6162726912.0,0.0,4124787.4420294454,81.44073469565372,10761730048.0,86234788864.0,1180.654,1218766.6393073539,636326.3607338463,20721142677.0,5280092960.0,2.36
2026-09-11T17:47:26.069268Z,287.063,gcp-1,crdb-gcp-1,93.20439100889008,10729.93,16205.25,8324022272.0,2505830400.0,67439561.78296508,3773901.8600457385,58.578528943361185,134749505536.0,87091475456.0,984.072,5586953.753048407,11278945.811163954,21023959231.0,87045478596.0,6.55
2026-09-11T17:47:26.004984Z,286.999,client-1,crdb-client-1,28.913649025053967,15426.720000000001,16394.03,8324030464.0,7476428800.0,0.0,76879.12529734848,0.1614564963401798,566323200.0,5763355648.0,16.683,8687963.169752529,1972659.1248142796,7263083252.0,1645454144.0,0.99
2026-09-11T17:47:30.643785Z,291.638,linode-1,crdb-linode-1,49.702219815916095,12792.56,15928.439999999999,8322887680.0,3734618112.0,8442514.79869849,3349561.339892909,104.21849187616009,18843469824.0,83134586880.0,1716.2040000000002,1896284.1177538298,3827562.359053103,21200585675.0,6838410403.0,5.39
2026-09-11T17:47:30.897392Z,291.891,linode-2,crdb-linode-2,26.687274600722976,12384.34,15500.69,8322887680.0,6223380480.0,0.0,4156231.511168091,99.30364575260543,11554580480.0,83709485056.0,1659.968,919546.3941354582,620513.4412459853,21646835775.0,5024174353.0,1.5
2026-09-11T17:47:30.052476Z,291.046,azure-1,crdb-azure-1,32.11640211640773,12787.84,15887.970000000001,8327364608.0,5687402496.0,0.0,2292451.4866805836,87.165362973884,11217328128.0,86103692288.0,1416.681,849835.03710866,515389.7149438809,20799061796.0,5994149775.0,1.91
2026-09-11T17:47:30.183661Z,291.178,azure-2,crdb-azure-2,35.85200625326126,12665.99,16001.92,8327364608.0,6158143488.0,0.0,2478693.279577508,80.10281974656651,10761730048.0,86247101440.0,1184.633,848377.6405670182,518776.5811871617,20725356879.0,5282669913.0,2.25
2026-09-11T17:47:30.921517Z,291.916,gcp-1,crdb-gcp-1,93.68805425143911,10731.14,16224.42,8324022272.0,2505883648.0,77259001.38553666,6328512.012011805,59.106235106185,135124387840.0,87122183168.0,986.94,5255254.482551243,11636619.998940077,21049459197.0,87101942734.0,6.66
2026-09-11T17:47:30.903945Z,291.898,client-1,crdb-client-1,29.196675900294878,15439.5,16412.08,8324030464.0,7477342208.0,0.0,3344.3471738170942,0.0,566323200.0,5763372032.0,16.683,8778177.509975325,1996776.5278025812,7306087657.0,1655236378.0,1.31
2026-09-11T17:47:35.584635Z,296.579,linode-1,crdb-linode-1,58.14834867351979,12800.29,15946.91,8322887680.0,3710517248.0,14029180.296077017,31196128.56595605,107.7539107169119,18912786432.0,83288723456.0,1721.528,2242201.218051219,4258085.828789876,21211664140.0,6859449128.0,5.28
2026-09-11T17:47:35.904974Z,296.899,linode-2,crdb-linode-2,41.47088866190414,12395.8,15520.27,8322887680.0,6191800320.0,4285269.797301407,36897162.68113555,98.5700494836997,11576039424.0,83894251520.0,1664.904,1236621.7787248022,737533.0216914846,21653028290.0,5027867628.0,1.46
2026-09-11T17:47:35.007638Z,296.002,azure-1,crdb-azure-1,41.21657052963137,12799.05,15907.04,8327364608.0,5655863296.0,0.0,22559842.037431575,85.74868624312779,11217328128.0,86215480320.0,1420.93,1306296.9796151354,1105194.0104695421,20805534730.0,5999626208.0,1.92
2026-09-11T17:47:35.137222Z,296.131,azure-2,crdb-azure-2,46.02184087362843,12676.37,16021.15,8327364608.0,6185476096.0,0.0,28886968.95077577,80.36620422374685,10761730048.0,86390195200.0,1188.614,1253681.0916074505,613642.097551913,20731567082.0,5285709635.0,2.39
2026-09-11T17:47:36.209771Z,297.204,gcp-1,crdb-gcp-1,96.83350357507251,10731.76,16244.0,8324022272.0,2498949120.0,83109381.88774264,14805414.998781005,52.493532204103076,135563892736.0,87200478208.0,989.716,5251836.073716735,11610375.738622462,21077232327.0,87163341542.0,6.93
2026-09-11T17:47:35.909660Z,296.904,client-1,crdb-client-1,29.289617486343143,15452.439999999999,16430.38,8324030464.0,7477260288.0,0.0,38458.38181276336,0.09988567417292353,566323200.0,5763564544.0,16.688,9169415.391512144,2072643.720796443,7351987209.0,1665611458.0,1.52
2026-09-11T17:47:40.687798Z,301.682,linode-1,crdb-linode-1,41.59733777039128,12810.82,15964.94,8322887680.0,3735093248.0,6205175.477834648,3839005.860882567,102.28900387055587,18944452608.0,83308314624.0,1726.748,1753206.680376701,3183377.436160182,21220611083.0,6875694501.0,5.42
2026-09-11T17:47:40.907349Z,301.901,linode-2,crdb-linode-2,27.47933884296606,12409.84,15539.63,8322887680.0,6191329280.0,0.0,4332305.527179794,98.51266466430367,11576039424.0,83915923456.0,1669.832,963523.8267980218,630733.732439467,21657848224.0,5031022812.0,1.42
2026-09-11T17:47:40.129596Z,301.124,azure-1,crdb-azure-1,33.19349764026327,12811.79,15926.11,8327364608.0,5655531520.0,0.0,2407865.7763018305,83.19037935789817,11217328128.0,86227813376.0,1425.191,889380.126248103,531268.2881937737,20810090123.0,6002347357.0,1.85
2026-09-11T17:47:40.157884Z,301.152,azure-2,crdb-azure-2,36.73890608875349,12688.630000000001,16040.53,8327364608.0,6184001536.0,0.0,2520069.642844377,81.10403398448584,10761730048.0,86402847744.0,1192.686,906141.7908144565,527823.3402665976,20736116559.0,5288359684.0,2.52
2026-09-11T17:47:40.914062Z,301.908,gcp-1,crdb-gcp-1,97.13408393040164,10732.32,16263.539999999999,8324022272.0,2502373376.0,95902930.0750874,3156248.266139413,58.98834145027478,136015050752.0,87215326208.0,992.491,5736120.066259288,13998807.729027383,21104216868.0,87229196405.0,7.18
2026-09-11T17:47:40.956251Z,301.95,client-1,crdb-client-1,32.131147540970574,15464.86,16448.68,8324030464.0,7475638272.0,0.0,8116.309328301757,0.01981520832107343,566323200.0,5763605504.0,16.689,9784974.969700627,2191635.1584267477,7401368345.0,1676671827.0,1.4
2026-09-11T17:47:45.705585Z,306.7,linode-1,crdb-linode-1,38.26040554962729,12822.39,15983.68,8322887680.0,3733159936.0,5073254.657136365,4656945.747218497,101.31905340564026,18969909248.0,83331682304.0,1731.832,1816339.9343997343,3154166.9590755524,21229725136.0,6891521519.0,5.14
2026-09-11T17:47:46.043735Z,307.038,linode-2,crdb-linode-2,23.702149973790732,12424.39,15558.7,8322887680.0,6192136192.0,0.0,4920202.299024748,92.35970305287753,11576039424.0,83941195776.0,1674.576,1118184.362243611,637468.6562824629,21663591710.0,5034297131.0,1.31
2026-09-11T17:47:45.132005Z,306.126,azure-1,crdb-azure-1,31.565126050429416,12824.82,15945.150000000001,8327364608.0,5660807168.0,0.0,3935155.0733258263,82.25986197437027,11217328128.0,86247498752.0,1429.306,1234756.3107754977,1080417.2192705746,20816266917.0,6007752079.0,1.86
2026-09-11T17:47:45.252785Z,306.247,azure-2,crdb-azure-2,35.32414497193385,12701.3,16060.12,8327364608.0,6185996288.0,0.0,3896695.1059667133,74.48610049116218,10761730048.0,86422701056.0,1196.481,1162564.3358928175,568258.4842704121,20742039720.0,5291254910.0,2.48
2026-09-11T17:47:45.998372Z,306.992,gcp-1,crdb-gcp-1,96.97435897435851,10732.91,16283.04,8324022272.0,2499817472.0,92498334.76511534,3914484.8639460653,59.85076742753009,136485341184.0,87235228672.0,995.534,5174076.618882495,12824434.781332672,21130523490.0,87294399838.0,7.4
2026-09-11T17:47:46.053129Z,307.047,client-1,crdb-client-1,31.04772353263845,15477.43,16466.91,8324030464.0,7474708480.0,0.0,10447.106777736724,0.019619716755088442,566323200.0,5763658752.0,16.69,9586348.406089693,2147072.127457594,7450229134.0,1687615268.0,1.29
2026-09-11T17:47:50.869847Z,311.864,linode-1,crdb-linode-1,34.991974317811,12834.54,16002.37,8322887680.0,3732832256.0,3558814.4305742034,3057550.6195372306,93.8754294057767,18988288000.0,83347472384.0,1736.6799999999998,1414278.4615209012,2153638.284049337,21237028881.0,6902643533.0,4.81
2026-09-11T17:47:51.024782Z,312.019,linode-2,crdb-linode-2,23.221757322170124,12439.07,15577.82,8322887680.0,6191915008.0,0.0,3475923.16912456,92.5906794768168,11576039424.0,83958509568.0,1679.188,857351.7482466766,536553.3510707137,21667862233.0,5036969737.0,1.2
2026-09-11T17:47:50.148122Z,311.142,azure-1,crdb-azure-1,29.40865892290536,12838.19,15964.09,8327364608.0,5658263552.0,6532.49373098833,2224314.115401526,77.86840976940942,11217360896.0,86258656256.0,1433.212,823820.4636037358,478816.9584033932,20820399328.0,6010153899.0,1.95
2026-09-11T17:47:50.151836Z,311.146,azure-2,crdb-azure-2,33.50515463916651,12714.2,16079.52,8327364608.0,6187040768.0,0.0,2402879.8870239793,75.78971949244533,10761730048.0,86434472960.0,1200.194,849448.0326248494,489185.5915615849,20746201235.0,5293651470.0,2.36
2026-09-11T17:47:51.028397Z,312.023,gcp-1,crdb-gcp-1,95.83975346687458,10733.72,16302.51,8324022272.0,2471342080.0,94455605.86489218,2483616.6582289143,58.68689465205359,136960460800.0,87247721472.0,998.486,4537653.7961700745,12372293.795850758,21153348269.0,87356633513.0,7.61
2026-09-11T17:47:51.031407Z,312.026,client-1,crdb-client-1,31.0250817884431,15490.08,16485.25,8324030464.0,7473119232.0,0.0,7404.929370974598,0.020087156496737577,566323200.0,5763695616.0,16.691,9283099.19319513,2093331.1894486237,7496443237.0,1698036510.0,1.19
2026-09-11T17:47:55.893415Z,316.888,linode-1,crdb-linode-1,33.61566966649316,12847.08,16021.26,8322887680.0,3735195648.0,3439965.782415851,5086974.760960534,94.83232583572328,19005569024.0,83373027328.0,1741.444,1775474.3332235562,2073033.249346773,21245948160.0,6913057630.0,4.51
2026-09-11T17:47:55.996285Z,316.99,linode-2,crdb-linode-2,24.205128205124847,12453.85,15597.32,8322887680.0,6191915008.0,0.0,5090806.970726977,90.67600845620407,11576039424.0,83983818752.0,1683.696,1146768.0941584415,638412.2017194418,21673563444.0,5040143633.0,1.19
2026-09-11T17:47:55.064208Z,316.058,azure-1,crdb-azure-1,29.27474854420765,12851.55,15982.98,8327364608.0,5660393472.0,0.0,4259220.691355684,75.42565251046113,11217360896.0,86279595008.0,1436.92,1257523.8174022152,1383482.2161350544,20826581440.0,6016955235.0,1.87
2026-09-11T17:47:55.255665Z,316.25,azure-2,crdb-azure-2,33.80928097909035,12727.18,16099.13,8327364608.0,6185209856.0,0.0,4252621.1935996385,69.86894258671504,10761730048.0,86456177664.0,1203.76,1172193.1698996786,576974.2403118841,20752183923.0,5296596255.0,2.49
2026-09-11T17:47:55.993724Z,316.988,gcp-1,crdb-gcp-1,96.3589743589695,10734.43,16322.01,8324022272.0,2471710720.0,97265285.21419518,4340719.799142517,59.7542097047141,137443416064.0,87269274624.0,1001.453,4771635.459793761,13202847.507823426,21177041064.0,87422190147.0,7.88
2026-09-11T17:47:56.024464Z,317.019,client-1,crdb-client-1,30.638063806388548,15502.689999999999,16503.43,8324030464.0,7472861184.0,0.0,5742.369786814755,0.020027796410511205,566323200.0,5763724288.0,16.692,9542505.363075485,2139960.4331182297,7544089544.0,1708721462.0,1.41
2026-09-11T17:48:00.795611Z,321.79,linode-1,crdb-linode-1,29.685080020649266,12860.7,16040.630000000001,8322887680.0,3736784896.0,3125764.4431075864,3462488.0652867784,89.02117706011563,19020892160.0,83390001152.0,1745.8080000000002,1331965.8984308147,1847106.1961323936,21252477729.0,6922112522.0,4.14
2026-09-11T17:48:01.270976Z,322.265,linode-2,crdb-linode-2,20.7719654647031,12469.45,15617.01,8322887680.0,6191747072.0,0.0,3450928.8967061252,80.61117819494083,11576039424.0,84002021376.0,1687.948,802295.2635386444,432477.26475853974,21677795313.0,5042424822.0,1.09
2026-09-11T17:48:00.128567Z,321.123,azure-1,crdb-azure-1,26.50287506533946,12865.61,16002.11,8327364608.0,5657366528.0,0.0,2722368.515400671,67.0169550896567,11217360896.0,86293382144.0,1440.314,801664.3596454199,856019.3752974683,20830641381.0,6021290451.0,1.8
2026-09-11T17:48:00.231169Z,321.225,azure-2,crdb-azure-2,29.516539440209666,12741.029999999999,16118.779999999999,8327364608.0,6183030784.0,0.0,2751221.593083174,64.2743417019043,10761730048.0,86469866496.0,1206.9579999999999,834484.9529668862,437349.11049023276,20756335942.0,5298772306.0,2.53
2026-09-11T17:48:01.080848Z,322.075,gcp-1,crdb-gcp-1,94.97950819672366,10735.41,16341.53,8324022272.0,2471514112.0,90389901.98803496,2861571.2499819733,57.57667273558849,137903241216.0,87283831808.0,1004.3820000000001,4115597.2759727314,11610896.49104698,21197977641.0,87481256283.0,8.05
2026-09-11T17:48:01.092355Z,322.087,client-1,crdb-client-1,28.47826086956178,15515.85,16521.83,8324030464.0,7474638848.0,0.0,2424.6573727154155,0.0,566323200.0,5763736576.0,16.692,8871873.024375703,1992101.4966736417,7589051598.0,1718817298.0,1.46
2026-09-11T17:48:05.656568Z,326.651,linode-1,crdb-linode-1,22.47249869041085,12875.5,16059.72,8322887680.0,3738021888.0,1920350.2668174377,4089275.930173333,75.78718889430056,19030226944.0,83409879040.0,1749.492,1334022.5976487047,1379820.9769309924,21258962386.0,6928819804.0,4.05
2026-09-11T17:48:06.267239Z,327.261,linode-2,crdb-linode-2,17.393561786086842,12485.36,15636.27,8322887680.0,6192017408.0,0.0,3996572.5843187706,75.81639097255382,11576039424.0,84021989376.0,1691.736,976757.2958560489,465677.3630893524,21682675467.0,5044751477.0,1.16
2026-09-11T17:48:05.072923Z,326.067,azure-1,crdb-azure-1,22.93193717277242,12880.33,16021.21,8327364608.0,5653667840.0,0.0,3855445.5800881106,55.052414531895025,11217360896.0,86312444928.0,1443.036,1082390.942408104,1371997.7893258075,20835993132.0,6028074128.0,2.14
2026-09-11T17:48:05.170682Z,326.165,azure-2,crdb-azure-2,25.413223140486085,12755.470000000001,16138.14,8327364608.0,6185394176.0,0.0,3973649.2097254,53.365203994149425,10761730048.0,86489494528.0,1209.594,1037328.6666454547,469740.122490257,20761459877.0,5301092610.0,2.41
2026-09-11T17:48:06.286790Z,327.281,gcp-1,crdb-gcp-1,94.12997903563519,10736.53,16360.61,8324022272.0,2465812480.0,85430733.54775202,9184146.10803733,57.04962578253434,138347993088.0,87331644416.0,1007.352,3511074.846855014,10694736.257053608,21216256275.0,87536933014.0,7.97
2026-09-11T17:48:05.998370Z,326.993,client-1,crdb-client-1,26.500000000002423,15529.08,16539.83,8324030464.0,7472668672.0,0.0,7514.054838383117,0.02038317827254856,566323200.0,5763773440.0,16.693,8479370.567443514,1900791.0966251686,7630651443.0,1728142591.0,1.42
2026-09-11T17:48:10.697295Z,331.692,linode-1,crdb-linode-1,26.21822033898549,12889.43,16078.6,8322887680.0,3720253440.0,1918493.4958315922,20042203.33531818,80.94025330849523,19039897600.0,83510906880.0,1753.5720000000001,921886.6711417394,788798.6758095131,21263609391.0,6932795945.0,3.73
2026-09-11T17:48:11.699573Z,332.694,linode-2,crdb-linode-2,21.74369747898962,12500.26,15655.31,8322887680.0,6193258496.0,0.0,19051350.414376043,72.23391196282606,11576039424.0,84125483008.0,1695.66,726924.7949108996,382922.75454032794,21686624378.0,5046831648.0,1.07
2026-09-11T17:48:10.534790Z,331.529,azure-1,crdb-azure-1,26.222684703436883,12894.51,16040.43,8327364608.0,5657980928.0,0.0,6050356.382985607,54.449774218334795,11217360896.0,86345491456.0,1446.01,693360.7518407981,696238.8636454794,20839780209.0,6031876925.0,1.97
2026-09-11T17:48:10.434400Z,331.429,azure-2,crdb-azure-2,35.59234350751276,12767.92,16157.470000000001,8327364608.0,6171201536.0,0.0,20947124.645893164,55.530855206629866,10761730048.0,86599754752.0,1212.517,706950.1520924439,360444.83480422955,20765181079.0,5302989898.0,2.78
2026-09-11T17:48:11.026851Z,332.021,gcp-1,crdb-gcp-1,96.70612454966852,10737.17,16380.04,8324022272.0,2470301696.0,108604611.95412461,13990139.141144138,60.21008023137407,138862786560.0,87397958656.0,1010.206,3509104.2344797575,12157062.23556102,21232889675.0,87594558341.0,8.29
2026-09-11T17:48:11.702985Z,332.697,client-1,crdb-client-1,29.146275149531988,15542.11,16558.22,8324030464.0,7474733056.0,0.0,78263.03864962384,0.105177177084325,566323200.0,5764219904.0,16.699,7756850.817255932,1746733.2990384689,7674901637.0,1738107110.0,1.31
2026-09-11T17:48:15.757348Z,336.752,linode-1,crdb-linode-1,20.043219881150197,12904.23,16097.11,8322887680.0,3725660160.0,582011.1167271691,5033303.371084197,87.42941247341223,19042842624.0,83536375808.0,1757.996,1149185.122242163,619235.0191137923,21269424362.0,6935929325.0,3.43
2026-09-11T17:48:15.985222Z,336.979,linode-2,crdb-linode-2,20.68062827225472,12515.41,15674.41,8322887680.0,6189461504.0,0.0,5982948.941787635,101.36098727631271,11576039424.0,84151123968.0,1700.004,1303135.9594719063,673886.0637852284,21692209192.0,5049719703.0,0.99
2026-09-11T17:48:15.120697Z,336.115,azure-1,crdb-azure-1,35.46666666666473,12906.61,16059.18,8327364608.0,5632573440.0,0.0,23444814.494160976,81.55407985795502,11217360896.0,86453007360.0,1449.75,1316786.7833420213,1579462.6619078263,20845818880.0,6039120205.0,2.05
2026-09-11T17:48:15.462790Z,336.457,azure-2,crdb-azure-2,33.08308308307761,12781.29,16177.45,8327364608.0,6178611200.0,0.0,4340048.511490778,67.6955266413627,10761730048.0,86621578240.0,1215.921,1169425.1085696574,507693.9774409186,20771061413.0,5305542785.0,2.64
2026-09-11T17:48:16.328216Z,337.322,gcp-1,crdb-gcp-1,98.7120041215868,10737.42,16399.45,8324022272.0,2464944128.0,95403334.98316532,2871085.713339453,53.57088793790352,139368556544.0,87413179392.0,1013.046,3392313.6649152962,11502435.854869178,21250873642.0,87655537203.0,11.55
2026-09-11T17:48:16.078412Z,337.073,client-1,crdb-client-1,27.94520547945405,15555.26,16576.47,8324030464.0,7473127424.0,0.0,7489.063545245121,0.0,566323200.0,5764252672.0,16.699,10040873.957275894,2260561.078149274,7718834948.0,1747998075.0,1.36
2026-09-11T17:48:20.754716Z,341.749,linode-1,crdb-linode-1,18.20667031163631,12919.19,16115.4,8322887680.0,3728670720.0,528660.7142334973,3821930.093753175,85.80491243615408,19045484544.0,83555475456.0,1762.284,905111.1578063188,613703.4277156648,21273947549.0,6938996236.0,3.15
2026-09-11T17:48:21.382477Z,342.377,linode-2,crdb-linode-2,17.58064516129233,12530.74,15693.01,8322887680.0,6189289472.0,0.0,3592627.637584474,80.11423504314035,11576039424.0,84170514432.0,1704.328,801518.650180171,463240.3688279329,21696535223.0,5052219947.0,0.91
2026-09-11T17:48:20.087722Z,341.082,azure-1,crdb-azure-1,27.895855472901598,12920.18,16078.0,8327364608.0,5629534208.0,0.0,2620692.264671899,73.98770041863207,11217360896.0,86466024448.0,1453.4250000000002,823670.3398399855,839708.0547116805,20849910085.0,6043291070.0,1.89
2026-09-11T17:48:20.268638Z,341.263,azure-2,crdb-azure-2,33.23216995447733,12794.49,16197.22,8327364608.0,6175813632.0,0.0,2779309.242126635,72.30709833356843,10761730048.0,86634935296.0,1219.396,873530.2985619471,446703.8899956608,20775259504.0,5307689595.0,2.51
2026-09-11T17:48:21.088081Z,342.082,gcp-1,crdb-gcp-1,98.82172131147767,10737.65,16418.97,8324022272.0,2458800128.0,103298045.43066047,1935316.3017098773,59.53911806989834,139860244480.0,87422391296.0,1015.88,3559366.5480293008,12181389.684686484,21267815856.0,87713519349.0,13.51
2026-09-11T17:48:21.125362Z,342.12,client-1,crdb-client-1,27.493112947650488,15568.42,16594.62,8324030464.0,7474421760.0,0.0,7304.163505923606,0.0396276231874976,566323200.0,5764289536.0,16.701,8517876.16939168,1922331.8399261395,7761824537.0,1757700054.0,1.25
2026-09-11T17:48:26.055113Z,347.049,linode-1,crdb-linode-1,22.565194252269315,12933.74,16134.19,8322887680.0,3735527424.0,514661.4709525916,5209208.672209339,90.78479107368422,19048212480.0,83583086592.0,1767.096,1137426.460049092,652650.2027914864,21279976418.0,6942455574.0,2.9
2026-09-11T17:48:26.107096Z,347.101,linode-2,crdb-linode-2,21.216931216932778,12545.63,15711.91,8322887680.0,6188593152.0,0.0,5778166.934681582,99.98615596075071,11576039424.0,84197814272.0,1709.052,1229146.9170066472,675394.6307952917,21702342517.0,5055410953.0,0.83
2026-09-11T17:48:25.198242Z,346.193,azure-1,crdb-azure-1,30.716902145476833,12933.42,16097.11,8327364608.0,5641670656.0,0.0,4265467.649225212,79.73691838653214,11217360896.0,86487823360.0,1457.5,1220695.7121908944,1416263.2722244859,20856148519.0,6050528963.0,1.98
2026-09-11T17:48:25.323114Z,346.317,azure-2,crdb-azure-2,38.27100534239507,12807.2,16217.81,8327364608.0,6165606400.0,0.0,4255226.101259593,76.24868976898118,10761730048.0,86656443392.0,1223.25,1180827.886281933,530612.1392806137,20781228014.0,5310371581.0,2.38
2026-09-11T17:48:26.140967Z,347.135,gcp-1,crdb-gcp-1,99.79560551864654,10737.69,16438.54,8324022272.0,2468093952.0,120493621.32482147,2662072.1484265337,58.856941395400725,140469090304.0,87435842560.0,1018.854,3403603.1139349034,10905890.227091247,21285014024.0,87768626048.0,16.59
2026-09-11T17:48:26.153391Z,347.148,client-1,crdb-client-1,24.556689951646348,15582.46,16613.23,8324030464.0,7473631232.0,0.0,77389.5627309498,0.11933012345438845,566323200.0,5764678656.0,16.707,7476304.704865708,1706130.395430618,7799415907.0,1766278594.0,1.15
2026-09-11T17:48:30.714214Z,351.709,linode-1,crdb-linode-1,30.381050463437763,12947.26,16153.61,8322887680.0,3749019648.0,5411986.709529373,3872612.3222022234,98.98911941994274,19073427456.0,83601129472.0,1771.708,957867.1838247062,640008.8716175695,21284439215.0,6945437438.0,2.75
2026-09-11T17:48:31.013482Z,352.008,linode-2,crdb-linode-2,22.693531283141688,12560.21,15730.77,8322887680.0,6187892736.0,1669.6576042240342,4188336.10019599,93.18450398574802,11576047616.0,84218363904.0,1713.624,878077.8663995571,551786.7819084546,21706650714.0,5058118237.0,0.77
2026-09-11T17:48:30.113240Z,351.108,azure-1,crdb-azure-1,30.491095520777066,12946.3,16115.64,8327364608.0,5638205440.0,0.0,2680103.737335046,81.72923766843138,11217360896.0,86500996096.0,1461.517,815815.2687294292,914394.1169200122,20860158259.0,6055023219.0,1.9
2026-09-11T17:48:30.254635Z,351.249,azure-2,crdb-azure-2,37.49365804160772,12819.52,16237.52,8327364608.0,6132342784.0,0.0,2642067.629456304,77.94776946823983,10761730048.0,86669472768.0,1227.094,830828.9308748107,436604.43678958213,20785325253.0,5312524699.0,2.27
2026-09-11T17:48:31.592469Z,352.587,gcp-1,crdb-gcp-1,99.89545216937469,10737.71,16457.67,8324022272.0,2462859264.0,123099396.92498031,2367512.831110268,53.59992745129478,141140166656.0,87448749056.0,1021.7760000000001,2703427.905531334,8666447.16641524,21299751761.0,87815871184.0,20.71
2026-09-11T17:48:31.066411Z,352.061,client-1,crdb-client-1,22.35682819382997,15596.56,16631.39,8324030464.0,7473803264.0,0.0,48354.69404285223,0.10177021745951181,566323200.0,5764916224.0,16.712,6739329.234115501,1540158.311643841,7832526425.0,1773845436.0,1.06
2026-09-11T17:48:36.040445Z,357.035,linode-1,crdb-linode-1,25.3668763102734,12961.5,16172.69,8322887680.0,3744305152.0,3805872.074294818,4721772.9917498855,84.78728286093754,19093698560.0,83626278912.0,1776.224,986741.4808296434,566454.5244617241,21289694867.0,6948454528.0,2.53
2026-09-11T17:48:36.198487Z,357.193,linode-2,crdb-linode-2,21.37285491419062,12575.33,15750.0,8322887680.0,6187479040.0,0.0,4592052.199966526,83.7792294944337,11576047616.0,84242173952.0,1717.968,978454.9983430093,556673.2504295573,21711724058.0,5061004619.0,0.7
2026-09-11T17:48:35.221979Z,356.216,azure-1,crdb-azure-1,29.13135593220182,12959.68,16134.52,8327364608.0,5654147072.0,0.0,3790706.4840876134,74.67535305788432,11217360896.0,86520361984.0,1465.332,1077633.2668992032,1264061.313450682,20865663651.0,6061481031.0,1.83
2026-09-11T17:48:35.412345Z,356.407,azure-2,crdb-azure-2,35.965359144165966,12832.09,16257.15,8327364608.0,6065283072.0,0.0,3763441.373209992,68.47928122494923,10761730048.0,86688883712.0,1230.626,1016297.2901164594,484250.6943113797,20790567075.0,5315022350.0,2.33
2026-09-11T17:48:36.195112Z,357.189,gcp-1,crdb-gcp-1,99.48051948050825,10737.810000000001,16476.920000000002,8324022272.0,2452606976.0,142110828.1119228,3999286.5021916274,63.46306725428795,141794256896.0,87467156480.0,1024.6970000000001,3149368.291548089,10178047.68836088,21314247286.0,87862717450.0,24.98
2026-09-11T17:48:36.208952Z,357.203,client-1,crdb-client-1,21.96969696969473,15610.98,16649.87,8324030464.0,7472771072.0,0.0,4778.912426388941,0.01944544444333814,566323200.0,5764940800.0,16.713,6262559.9742527185,1418428.110564235,7864732220.0,1781139834.0,1.06
2026-09-11T17:48:40.698671Z,361.693,linode-1,crdb-linode-1,22.790697674417427,12976.44,16192.04,8322887680.0,3745648640.0,470424.7390993232,3155802.5955653666,94.71350891255797,19095889920.0,83640979456.0,1780.636,786885.0700546312,611386.004310765,21293360381.0,6951302522.0,2.65
2026-09-11T17:48:41.013956Z,362.008,linode-2,crdb-linode-2,20.331091567513226,12590.73,15769.33,8322887680.0,6186991616.0,0.0,3099554.9870833238,90.37533407728044,11576047616.0,84257099776.0,1722.3200000000002,726107.8710797579,505247.3338388998,21715220611.0,5063437624.0,0.65
2026-09-11T17:48:40.106420Z,361.101,azure-1,crdb-azure-1,27.186512118018825,12973.5,16153.5,8327364608.0,5650558976.0,0.0,1828928.071863116,78.14535568973619,11217360896.0,86529295360.0,1469.1490000000001,670048.4159068975,432858.9380735519,20868936494.0,6063595325.0,1.76
2026-09-11T17:48:40.228006Z,361.222,azure-2,crdb-azure-2,32.97157622739483,12845.06,16276.5,8327364608.0,6060109824.0,0.0,1971586.6296635277,72.11859678355097,10761730048.0,86698378240.0,1234.099,673702.5271977102,419262.59412116866,20793811410.0,5317041384.0,2.22
2026-09-11T17:48:41.016967Z,362.011,gcp-1,crdb-gcp-1,100.0,10737.810000000001,16496.16,8324022272.0,2450841600.0,129672897.94872417,8288144.858868432,63.356662964334355,142419527680.0,87507121152.0,1027.752,2771683.325365326,9321279.66774845,21327612088.0,87907663803.0,27.62
2026-09-11T17:48:41.034123Z,362.029,client-1,crdb-client-1,21.559139784954663,15625.57,16668.47,8324030464.0,7474438144.0,0.0,36501.74417214644,0.1450718847684345,566323200.0,5765116928.0,16.72,6645544.500007398,1516438.8984314974,7896798262.0,1788456946.0,1.13
2026-09-11T17:48:45.809585Z,366.804,linode-1,crdb-linode-1,32.79828785446565,12989.0,16210.73,8322887680.0,3721097216.0,11018710.415134568,39457065.137736216,96.49899212742172,19152205824.0,83842641920.0,1785.5680000000002,895954.2057728284,514355.6720726977,21297939544.0,6953931360.0,2.43
2026-09-11T17:48:46.039442Z,367.034,linode-2,crdb-linode-2,27.573719606828494,12604.73,15788.66,8322887680.0,6157291520.0,0.0,22468259.518593386,83.01647278495548,11576047616.0,84370014208.0,1726.492,894999.5583735112,524281.2611801429,21719718439.0,5066072404.0,0.68
2026-09-11T17:48:45.116326Z,366.111,azure-1,crdb-azure-1,32.89611752360327,12986.29,16172.56,8327364608.0,5621313536.0,0.0,19671791.219117727,66.96730317699627,11217360896.0,86627849216.0,1472.5040000000001,966671.5243263328,956652.1778277562,20873779429.0,6068388064.0,1.7
2026-09-11T17:48:45.236001Z,366.23,azure-2,crdb-azure-2,35.21560574948109,12857.68,16295.98,8327364608.0,6033502208.0,0.0,18224972.49558832,63.03878807442343,10761730048.0,86789649408.0,1237.2559999999999,926797.5801542664,582539.30402613,20798452838.0,5319958757.0,2.37
2026-09-11T17:48:46.367342Z,367.362,gcp-1,crdb-gcp-1,99.84235417762044,10737.84,16515.190000000002,8324022272.0,2453741568.0,118630769.65852743,10092277.646687664,56.96786615853518,143054247936.0,87561118720.0,1030.8,2553340.132154319,8307346.184861412,21341273440.0,87952111301.0,30.53
2026-09-11T17:48:46.113072Z,367.107,client-1,crdb-client-1,19.881145326843818,15640.4,16686.98,8324030464.0,7472668672.0,0.0,6451.714153332285,0.019689069071472685,566323200.0,5765149696.0,16.721,6072005.927803512,1387602.1065028359,7927637739.0,1795504522.0,1.04
2026-09-11T17:48:50.701604Z,371.696,linode-1,crdb-linode-1,17.905588714048946,13004.130000000001,16229.16,8322887680.0,3755728896.0,370912.5037221318,3154012.193050272,91.98569913219904,19154020352.0,83858071552.0,1790.068,734956.741909059,592672.8536660369,21301535000.0,6956830754.0,2.24
2026-09-11T17:48:51.015622Z,372.01,linode-2,crdb-linode-2,19.573138990109495,12620.18,15807.87,8322887680.0,6156574720.0,0.0,3085039.2139566294,89.06373631207367,11576047616.0,84385366016.0,1730.924,684806.8886169902,485229.9664830471,21723126183.0,5068487011.0,0.62
2026-09-11T17:48:50.119509Z,371.114,azure-1,crdb-azure-1,27.945776850888947,13000.11,16191.74,8327364608.0,5604126720.0,0.0,2515787.4496366754,71.63403899876758,11217360896.0,86640436224.0,1476.0880000000002,628248.9102211563,430493.5916949051,20876922689.0,6070541913.0,1.88
2026-09-11T17:48:50.203657Z,371.198,azure-2,crdb-azure-2,30.36082474227214,12871.19,16315.380000000001,8327364608.0,6034165760.0,0.0,1987114.3056367575,67.45595377120274,10761730048.0,86799520768.0,1240.607,648477.9780272372,634787.4993164663,20801674273.0,5323112182.0,2.26
2026-09-11T17:48:51.018476Z,372.013,gcp-1,crdb-gcp-1,99.89423585404317,10737.86,16534.100000000002,8324022272.0,2450432000.0,131370802.53923392,4559058.331683933,66.2842826659965,143665276928.0,87582323712.0,1033.883,2965893.5603790064,8924527.213112164,21355068339.0,87993620866.0,30.97
2026-09-11T17:48:51.365239Z,372.36,client-1,crdb-client-1,19.946236559142527,15655.29,16705.58,8324030464.0,7484637184.0,0.0,96703.32982527705,0.13327780619508403,566323200.0,5765657600.0,16.728,5564120.313198146,1275718.9771654706,7956861541.0,1802204837.0,0.96
2026-09-11T17:48:55.733857Z,376.728,linode-1,crdb-linode-1,22.034820457025393,13018.46,16247.539999999999,8322887680.0,3763605504.0,443601.32971928973,4718453.042904078,95.22548613168811,19156252672.0,83881816064.0,1794.8600000000001,1039137.7840954904,667074.9982678801,21306764218.0,6960187653.0,2.14
2026-09-11T17:48:55.987562Z,376.982,linode-2,crdb-linode-2,22.024771136242382,12634.66,15826.44,8322887680.0,6156488704.0,0.0,4819336.235046319,96.2193866372116,11576047616.0,84409327616.0,1735.708,1017476.771280198,631317.6404260668,21728185048.0,5071625904.0,0.57
2026-09-11T17:48:55.229762Z,376.224,azure-1,crdb-azure-1,31.9327731092514,13013.07,16210.78,8327364608.0,5598601216.0,0.0,3677376.930690719,80.5825733857779,11217360896.0,86659228672.0,1480.2060000000001,1061456.2385436718,1006217.2562868688,20882347034.0,6075683971.0,1.89
2026-09-11T17:48:55.298039Z,376.293,azure-2,crdb-azure-2,35.995955510613754,12883.85,16335.16,8327364608.0,6040535040.0,0.0,3758798.981200515,75.86772049601032,10761730048.0,86818669568.0,1244.472,1027439.9298032803,730379.8211275947,20806908456.0,5326833024.0,2.16
2026-09-11T17:48:56.015787Z,377.01,gcp-1,crdb-gcp-1,99.84374999999656,10737.890000000001,16553.3,8324022272.0,2451755008.0,121400727.03987178,1994999.6260679062,62.353343450968524,144271955968.0,87592293376.0,1036.999,3253335.3210920896,9690350.515024692,21371326317.0,88042046709.0,34.42
2026-09-11T17:48:56.031817Z,377.026,client-1,crdb-client-1,23.106060606063515,15669.5,16724.06,8324030464.0,7484616704.0,0.0,7021.793719732909,0.04285762768389293,566323200.0,5765690368.0,16.73,6962495.906069443,1575397.3216770792,7989352821.0,1809556608.0,1.12
2026-09-11T17:49:00.742448Z,381.737,linode-1,crdb-linode-1,19.713071200853584,13033.57,16266.36,8322887680.0,3764477952.0,405623.4252032672,3194284.473475729,92.08114314109598,19158284288.0,83897815040.0,1799.472,780002.9518614186,606593.7145976364,21310670961.0,6963225854.0,2.13
2026-09-11T17:49:01.069768Z,382.064,linode-2,crdb-linode-2,22.484599589318776,12649.76,15845.92,8322887680.0,6155780096.0,0.0,3122240.4219644023,90.11814750452697,11576047616.0,84425195520.0,1740.288,724749.4251538093,498411.2044672175,21731868382.0,5074158938.0,0.53
2026-09-11T17:49:00.162035Z,381.157,azure-1,crdb-azure-1,28.88655462184062,13026.61,16229.82,8327364608.0,5603508224.0,0.0,1978118.0860290132,79.80049740946545,11217360896.0,86668985344.0,1484.142,694152.0066402981,453000.21539224265,20885770800.0,6077918304.0,1.9
2026-09-11T17:49:00.296877Z,381.291,azure-2,crdb-azure-2,32.92433537832351,12896.970000000001,16354.720000000001,8327364608.0,6037880832.0,0.0,2164809.67556503,72.0760903813856,10761730048.0,86829491200.0,1248.075,677512.4489597962,572601.6285008952,20810295262.0,5329695393.0,1.98
2026-09-11T17:49:01.106708Z,382.101,gcp-1,crdb-gcp-1,100.0,10737.890000000001,16572.58,8324022272.0,2456092672.0,114084198.09995565,6080907.566077074,67.31559219685981,144852752384.0,87623250944.0,1040.426,2784963.9054879826,8906441.147028014,21385504416.0,88087388914.0,36.31
2026-09-11T17:49:01.111435Z,382.106,client-1,crdb-client-1,21.636167922492067,15684.06,16742.64,8324030464.0,7483916288.0,0.0,806.3542461211965,0.0,566323200.0,5765694464.0,16.73,6386301.611892663,1447600.3732512118,8021793019.0,1816909916.0,1.03
2026-09-11T17:49:05.805349Z,386.8,linode-1,crdb-linode-1,19.936708860754273,13048.75,16285.32,8322887680.0,3770392576.0,394801.9810154165,4208524.395988108,87.45953528914194,19160283136.0,83919122432.0,1803.9,986912.910660843,588432.6122884039,21315667615.0,6966205037.0,2.2
2026-09-11T17:49:06.083219Z,387.078,linode-2,crdb-linode-2,21.959979476658297,12664.97,15865.41,8322887680.0,6155780096.0,0.0,4181368.6566382768,87.12461252428876,11576047616.0,84446158848.0,1744.656,961243.7755849554,576067.0204895029,21736687586.0,5077047055.0,0.56
2026-09-11T17:49:05.169463Z,386.164,azure-1,crdb-azure-1,27.44063324538537,13040.36,16248.77,8327364608.0,5600923648.0,0.0,3566393.971656923,74.4889258388156,11217360896.0,86686843904.0,1487.872,1051086.871819268,1007449.1422194211,20891034071.0,6082963061.0,2.07
2026-09-11T17:49:05.283401Z,386.278,azure-2,crdb-azure-2,33.165068147408874,12910.21,16374.53,8327364608.0,6036942848.0,0.0,3633094.958954119,68.96552358941958,10761730048.0,86847607808.0,1251.514,1002255.1583820825,538026.9418639564,20815293057.0,5332378291.0,1.9
2026-09-11T17:49:06.125255Z,387.12,gcp-1,crdb-gcp-1,99.89669421488317,10737.91,16591.940000000002,8324022272.0,2451689472.0,117511805.79642566,8687287.546167208,66.83168965002744,145442494464.0,87666848768.0,1043.78,2904730.1963452394,9454032.93571492,21400082029.0,88134834709.0,40.13
2026-09-11T17:49:06.406533Z,387.401,client-1,crdb-client-1,21.424687330064252,15698.51,16761.03,8324030464.0,7482920960.0,0.0,6188.35654427336,0.037770730861022526,566323200.0,5765727232.0,16.732,6114741.767532495,1397845.647217099,8054171221.0,1824311656.0,0.95
2026-09-11T17:49:10.778723Z,391.773,linode-1,crdb-linode-1,19.75051975052565,13064.189999999999,16304.56,8322887680.0,3774152704.0,373081.4512926186,2884998.507457048,85.89675384168704,19162138624.0,83933470720.0,1808.172,707256.0161892477,555713.9952806393,21319185091.0,6968968832.0,2.02
2026-09-11T17:49:11.047753Z,392.042,linode-2,crdb-linode-2,21.055301877218767,12680.529999999999,15885.119999999999,8322887680.0,6155890688.0,0.0,3001532.3154515726,85.1638643268634,11576047616.0,84461060096.0,1748.884,688468.0632129621,462072.982450634,21740105518.0,5079341038.0,0.52
2026-09-11T17:49:10.130612Z,391.125,azure-1,crdb-azure-1,25.105932203389735,13054.5,16267.65,8327364608.0,5598085120.0,0.0,1957522.0866018506,70.16478393977924,11217360896.0,86696555520.0,1491.353,636632.8401890611,427021.7462933775,20894192520.0,6085081592.0,1.98
2026-09-11T17:49:10.244084Z,391.239,azure-2,crdb-azure-2,32.36618309154286,12923.73,16394.52,8327364608.0,6036254720.0,0.0,1911477.7904498717,66.9665524166726,10761730048.0,86857090048.0,1254.836,638113.4327029542,409832.88176946505,20818458537.0,5334411343.0,1.83
2026-09-11T17:49:11.062641Z,392.057,gcp-1,crdb-gcp-1,99.32572614107352,10738.04,16611.22,8324022272.0,2420699136.0,120377838.32789008,7665370.323416704,68.19371311189396,146036848640.0,87704695808.0,1047.147,2623306.824938742,8623554.778653273,21413034358.0,88177412694.0,42.2
2026-09-11T17:49:11.074676Z,392.069,client-1,crdb-client-1,20.813269127879895,15713.310000000001,16779.72,8324030464.0,7483375616.0,0.0,0.0,0.0,566323200.0,5765727232.0,16.732,6490731.934747211,1486836.8703587328,8084471073.0,1831252466.0,0.87
2026-09-11T17:49:15.753005Z,396.748,linode-1,crdb-linode-1,16.08649789029072,13080.1,16323.52,8322887680.0,3779088384.0,279967.31431484874,3613225.221216342,78.88555128184315,19163531264.0,83951443968.0,1812.096,831867.2364509646,489614.31128749263,21323323044.0,6971404318.0,1.86
2026-09-11T17:49:16.043928Z,397.038,linode-2,crdb-linode-2,19.057273188038295,12696.5,15904.85,8322887680.0,6155788288.0,0.0,3470319.515974686,77.09878331994568,11576047616.0,84478398464.0,1752.736,775403.3998111245,463299.0384615536,21743979579.0,5081655767.0,0.48
2026-09-11T17:49:15.152804Z,396.147,azure-1,crdb-azure-1,23.797206414901094,13069.23,16286.98,8327364608.0,5596930048.0,0.0,3148937.4009059216,60.232329035425735,11217360896.0,86712370176.0,1494.3780000000002,889651.6104820794,925714.9459208824,20898660546.0,6089730736.0,1.91
2026-09-11T17:49:15.279125Z,396.274,azure-2,crdb-azure-2,28.30568124685452,12937.99,16414.41,8327364608.0,6040006656.0,0.0,3216553.294939374,56.66252325610187,10761730048.0,86873285632.0,1257.6889999999999,837102.4864494547,429466.9714824926,20822673410.0,5336573741.0,1.85
2026-09-11T17:49:16.094988Z,397.09,gcp-1,crdb-gcp-1,99.62805526036286,10738.11,16630.04,8324022272.0,2419601408.0,111917171.51017599,9807057.348446645,65.15821513154884,146600056832.0,87754048512.0,1050.426,2275996.524626517,7375530.807193042,21424488006.0,88214529066.0,42.34
2026-09-11T17:49:16.099639Z,397.094,client-1,crdb-client-1,16.345123258312512,15728.92,16798.38,8324030464.0,7483633664.0,0.0,6521.002054599503,0.019900518965476906,566323200.0,5765760000.0,16.733,4946766.526707635,1132043.0114016668,8109328548.0,1836940976.0,0.8
2026-09-11T17:49:20.738989Z,401.734,linode-1,crdb-linode-1,17.35493988499659,13095.91,16342.65,8322887680.0,3769663488.0,219339.6333874183,1713642.2293863466,76.21307778779146,19164624896.0,83959988224.0,1815.896,496421.3029178334,393648.3686424574,21325798211.0,6973367057.0,1.79
2026-09-11T17:49:21.048645Z,402.043,linode-2,crdb-linode-2,13.546025104603999,12713.029999999999,15923.97,8322887680.0,6155329536.0,0.0,2016591.6936340295,71.45207290089925,11576047616.0,84488491008.0,1756.3120000000001,492927.7900145558,328276.51847880706,21746446561.0,5083298710.0,0.44
2026-09-11T17:49:20.144372Z,401.139,azure-1,crdb-azure-1,21.402784940689845,13084.47,16306.369999999999,8327364608.0,5599502336.0,0.0,1334265.4580507674,54.51177147230525,11217360896.0,86719030272.0,1497.0990000000002,429901.74672805937,331055.1368191772,20900806436.0,6091383225.0,1.83
2026-09-11T17:49:20.280901Z,401.276,azure-2,crdb-azure-2,24.58015267176279,12952.81,16434.06,8327364608.0,6038773760.0,0.0,1382309.284760971,49.06224233334321,10761730048.0,86880199680.0,1260.143,428807.796618508,311073.0097360574,20824818225.0,5338129669.0,1.7
2026-09-11T17:49:21.307939Z,402.303,gcp-1,crdb-gcp-1,100.0,10738.11,16648.75,8324022272.0,2422939648.0,106454946.0750961,5893778.281797216,66.62227579513753,147155003392.0,87784772608.0,1053.8990000000001,1717090.6543333111,5755885.517236054,21433439150.0,88244534331.0,42.48
2026-09-11T17:49:21.086887Z,402.082,client-1,crdb-client-1,13.791267305636246,15745.11,16817.16,8324030464.0,7483559936.0,0.0,121550.89334638749,0.24061225192618788,566323200.0,5766366208.0,16.745,4218288.280868134,969237.2808621824,8130366321.0,1841774831.0,0.98
2026-09-11T17:49:25.856666Z,406.851,linode-1,crdb-linode-1,17.978113600837087,13111.65,16361.84,8322887680.0,3773022208.0,285728.36620096007,3696860.8500902923,80.42675748993432,19166087168.0,83978907648.0,1820.0120000000002,847618.6914279724,507996.77709762676,21330136069.0,6975966832.0,1.65
2026-09-11T17:49:26.093790Z,407.088,linode-2,crdb-linode-2,16.94736842104918,12728.81,15942.97,8322887680.0,6154858496.0,0.0,3706990.174675433,80.07684337233924,11576047616.0,84507193344.0,1760.352,806354.5863886537,489600.7219289456,21750514744.0,5085768821.0,0.56
2026-09-11T17:49:25.200450Z,406.195,azure-1,crdb-azure-1,25.78648788034905,13098.86,16325.76,8327364608.0,5600530432.0,0.0,3222625.1176586426,63.21087929435099,11217360896.0,86735324160.0,1500.295,912843.418375286,931083.5940074587,20905421856.0,6096090869.0,1.77
2026-09-11T17:49:25.429798Z,406.424,azure-2,crdb-azure-2,29.183467741930503,12966.86,16453.9,8327364608.0,6037536768.0,0.0,3267947.743702879,58.38129130166648,10761730048.0,86897026048.0,1263.149,847424.0590468609,436401.90042283083,20829181535.0,5340376663.0,1.56
2026-09-11T17:49:26.179767Z,407.174,gcp-1,crdb-gcp-1,99.94767137625118,10738.119999999999,16667.86,8324022272.0,2405928960.0,121384970.73163114,2616396.0500688204,67.59205947425936,147746375680.0,87797519360.0,1057.192,2515363.4708696036,8064629.4754429115,21445693684.0,88283824190.0,42.04
2026-09-11T17:49:26.137800Z,407.132,client-1,crdb-client-1,17.859035506089892,15760.61,16836.03,8324030464.0,7484276736.0,0.0,9731.250316608352,0.019798279452688947,566323200.0,5766415360.0,16.746,5150489.336502347,1173923.141526365,8156381154.0,1847704251.0,0.9
2026-09-11T17:49:31.061002Z,412.056,linode-1,crdb-linode-1,15.569487983279284,13127.81,16380.98,8322887680.0,3774443520.0,261294.0095044375,2027389.66410672,68.7114212211013,19167447040.0,83989458944.0,1823.588,523391.18942471454,423370.1486462395,21332859993.0,6978170209.0,1.52
2026-09-11T17:49:31.200722Z,412.195,linode-2,crdb-linode-2,14.434601354874221,12745.23,15962.16,8322887680.0,6154952704.0,0.0,2114977.443736733,68.84692199663994,11576047616.0,84517994496.0,1763.8680000000002,525933.5032400372,353477.4463284918,21753200677.0,5087574024.0,0.76
2026-09-11T17:49:30.274894Z,411.27,azure-1,crdb-azure-1,21.316614420070444,13113.92,16344.900000000001,8327364608.0,5597716480.0,0.0,1440807.3443684133,56.340656150828075,11217360896.0,86742635520.0,1503.154,467806.7744782488,346610.5149516117,20907795736.0,6097849740.0,1.62
2026-09-11T17:49:30.350394Z,411.345,azure-2,crdb-azure-2,23.66925064598684,12981.630000000001,16473.25,8327364608.0,6036905984.0,0.0,1525816.5092705735,51.76173698545585,10761730048.0,86904534016.0,1265.696,492059.63116868417,336694.55227892485,20831602775.0,5342033410.0,1.44
2026-09-11T17:49:31.195815Z,412.19,gcp-1,crdb-gcp-1,99.47201689545739,10738.22,16686.8,8324022272.0,2408153088.0,114399326.0229589,5398397.843891199,65.8884431858832,148320208896.0,87824598016.0,1060.497,1997036.8473874733,6568127.835763198,21455710929.0,88316770275.0,44.36
2026-09-11T17:49:31.240264Z,412.235,client-1,crdb-client-1,15.823466092583704,15776.25,16854.61,8324030464.0,7483314176.0,0.0,8027.490956429858,0.0,566323200.0,5766456320.0,16.746,4597599.829431416,1060406.2734514794,8179840251.0,1853114938.0,0.83
2026-09-11T17:49:35.840108Z,416.835,linode-1,crdb-linode-1,28.100053219799946,13141.32,16399.77,8322887680.0,3780251648.0,13177351.79378616,37207699.0844643,87.79879339229004,19230423040.0,84167278592.0,1827.784,796745.5928474427,454317.53473192494,21336667727.0,6980341442.0,1.55
2026-09-11T17:49:36.146447Z,417.141,linode-2,crdb-linode-2,23.568849922639746,12760.05,15981.55,8322887680.0,6191923200.0,0.0,21136079.998249833,78.61276374686844,11576047616.0,84622528512.0,1767.756,727786.574031752,425313.0470762601,21756800136.0,5089677521.0,0.7
2026-09-11T17:49:35.373568Z,416.368,azure-1,crdb-azure-1,23.06068601582709,13128.5,16363.85,8327364608.0,5600706560.0,0.0,7683192.857039139,54.52391287112832,11217360896.0,86781809664.0,1505.9340000000002,822780.7510431743,879200.2524678938,20911990832.0,6102332501.0,1.57
2026-09-11T17:49:35.465973Z,416.461,azure-2,crdb-azure-2,36.96780893042354,12993.77,16492.51,8327364608.0,6017388544.0,7152523.300300631,35536823.19906447,54.1870146934582,10798319616.0,87086326784.0,1268.4679999999998,761383.6591603388,379052.6332897221,20835497722.0,5343972498.0,1.4
2026-09-11T17:49:36.267400Z,417.262,gcp-1,crdb-gcp-1,99.9472573839651,10738.23,16705.76,8324022272.0,2406621184.0,111366402.86572574,8942069.666548088,66.30997914353237,148885018624.0,87869948928.0,1063.8600000000001,1980727.3849116892,6629564.057176999,21465756455.0,88350393003.0,45.61
2026-09-11T17:49:36.273061Z,417.268,client-1,crdb-client-1,15.61672842773425,15792.19,16873.5,8324030464.0,7483785216.0,0.0,4883.131902486372,0.01986951457719865,566323200.0,5766480896.0,16.747,4452362.416014398,1026881.1515464471,8202248259.0,1858283062.0,0.76
2026-09-11T17:49:40.794270Z,421.789,linode-1,crdb-linode-1,15.061202767428394,13157.28,16418.56,8322887680.0,3781713920.0,270355.1209910989,2357959.648521756,79.77077943998638,19231762432.0,84178960384.0,1831.736,580942.4085217201,471120.32937772264,21339545829.0,6982675464.0,1.43
2026-09-11T17:49:41.096557Z,422.091,linode-2,crdb-linode-2,17.726798748694396,12775.83,16000.73,8322887680.0,6191185920.0,0.0,2375623.509108309,80.64454696786254,11576047616.0,84634288128.0,1771.748,566659.6564888767,381760.4169174409,21759605168.0,5091567280.0,0.64
2026-09-11T17:49:40.173965Z,421.169,azure-1,crdb-azure-1,33.72402770378473,13140.939999999999,16382.619999999999,8327364608.0,5569781760.0,6156250.480300715,32484353.712477967,67.20233471341106,11246913536.0,86937748480.0,1509.16,521820.50455170975,368431.0714109742,20914495794.0,6104101128.0,1.77
2026-09-11T17:49:40.374695Z,421.369,azure-2,crdb-azure-2,24.96124031008373,13008.29,16511.86,8327364608.0,6031331328.0,0.0,1708907.495606474,57.12242862797621,10798319616.0,87094715392.0,1271.272,554292.9050809989,360333.53570059297,20838218610.0,5345741287.0,1.29
2026-09-11T17:49:41.121215Z,422.116,gcp-1,crdb-gcp-1,100.0,10738.23,16724.64,8324022272.0,2407407616.0,116074849.19865225,5941672.639295319,68.27582116209898,149448427520.0,87898788864.0,1067.174,2199496.9257965963,7262038.842986012,21476432464.0,88385641787.0,46.12
2026-09-11T17:49:41.153785Z,422.149,client-1,crdb-client-1,17.24506139882348,15807.69,16892.23,8324030464.0,7483793408.0,0.0,0.0,0.0,566323200.0,5766480896.0,16.747,5168268.49373166,1176001.5190299768,8227473310.0,1864022837.0,0.7
2026-09-11T17:49:45.800332Z,426.795,linode-1,crdb-linode-1,17.650158061119292,13172.91,16437.54,8322887680.0,3789357056.0,333827.6350172807,3795652.938345993,82.06020727126007,19233433600.0,84197961728.0,1835.844,868522.9964797642,524893.8809605873,21343893725.0,6985303125.0,1.64
2026-09-11T17:49:46.066877Z,427.062,linode-2,crdb-linode-2,19.81707317072957,12791.61,16020.41,8322887680.0,6190977024.0,8240.845966289115,3774307.4525604146,79.67224127564745,11576088576.0,84653047808.0,1775.708,816785.9352734655,495834.15780313313,21763664891.0,5094031756.0,0.59
2026-09-11T17:49:45.210840Z,426.206,azure-1,crdb-azure-1,24.432717678095106,13155.26,16401.57,8327364608.0,5584658432.0,0.0,3336555.1575265485,65.37753990586256,11246913536.0,86954554368.0,1512.453,911135.782371409,942472.1326406525,20919085092.0,6108848264.0,1.71
2026-09-11T17:49:45.296152Z,426.291,azure-2,crdb-azure-2,26.996393611548896,13022.46,16531.27,8327364608.0,6047309824.0,0.0,3345729.433541868,60.61192390255276,10798319616.0,87111181312.0,1274.2549999999999,839521.6768266819,448833.02362329606,20842350294.0,5347950207.0,1.27
2026-09-11T17:49:46.061629Z,427.056,gcp-1,crdb-gcp-1,99.68863518421739,10738.29,16743.91,8324022272.0,2406219776.0,112859268.11519176,1867086.9032764633,70.03454270397484,150005999616.0,87908013056.0,1070.634,2433976.4488944532,7864454.080512713,21488457328.0,88424495487.0,48.27
2026-09-11T17:49:46.107897Z,427.103,client-1,crdb-client-1,18.331562167900973,15823.060000000001,16911.05,8324030464.0,7483031552.0,0.0,4960.699327848833,0.0201851372389929,566323200.0,5766505472.0,16.748,5185976.561261199,1183639.4921778163,8253165365.0,1869886753.0,0.64
2026-09-11T17:49:50.843705Z,431.838,linode-1,crdb-linode-1,18.43342036552177,13188.53,16456.69,8322887680.0,3791499264.0,286688.6385044642,2398276.344203067,78.4390114534205,19234879488.0,84210057216.0,1839.8,601672.0288098037,479583.5713013274,21346928203.0,6987721861.0,1.5
2026-09-11T17:49:51.160951Z,432.156,linode-2,crdb-linode-2,18.256410256416977,12807.55,16039.91,8322887680.0,6190977024.0,0.0,2549706.5197988586,77.03055078995519,11576088576.0,84666036224.0,1779.632,553516.9211798089,390474.6148873818,21766484552.0,5096020866.0,0.7
2026-09-11T17:49:50.218402Z,431.213,azure-1,crdb-azure-1,22.962962962971588,13169.82,16420.47,8327364608.0,5582012416.0,0.0,1633459.6230617315,60.987302350384354,11246913536.0,86962734080.0,1515.507,529233.3917113888,380928.60756661475,20921735281.0,6110755802.0,1.57
2026-09-11T17:49:50.312103Z,431.307,azure-2,crdb-azure-2,26.549586776855705,13036.68,16550.63,8327364608.0,6044758016.0,0.0,1843046.7106112272,59.33046635704566,10798319616.0,87120425984.0,1277.231,569182.9214790225,359945.3396386065,20845205300.0,5349755683.0,1.4
2026-09-11T17:49:51.462053Z,432.457,gcp-1,crdb-gcp-1,99.89561586639553,10738.31,16763.07,8324022272.0,2408128512.0,104897487.89878823,599938.6346594567,64.47616020452905,150572492800.0,87911252992.0,1074.116,2028633.1305927876,6639820.157668293,21499412851.0,88460353475.0,50.01
2026-09-11T17:49:51.503446Z,432.498,client-1,crdb-client-1,17.331206804900635,15838.61,16929.86,8324030464.0,7482920960.0,0.0,0.0,0.0,566323200.0,5766505472.0,16.748,4662977.863214201,1061224.9084483457,8278324818.0,1875612673.0,0.83
2026-09-11T17:49:55.839233Z,436.834,linode-1,crdb-linode-1,18.697033898307545,13203.880000000001,16475.57,8322887680.0,3797487616.0,344371.06424527476,3954527.7210832387,85.43618060586651,19236599808.0,84229812224.0,1844.068,901630.1536749754,547572.4521768471,21351432334.0,6990457282.0,1.46
2026-09-11T17:49:56.127678Z,437.122,linode-2,crdb-linode-2,18.972746331231626,12823.01,16058.99,8322887680.0,6190723072.0,0.0,3965088.37659873,83.11284587231363,11576088576.0,84685729792.0,1783.76,879721.6887407941,517122.5700540121,21770853902.0,5098589280.0,0.89
2026-09-11T17:49:55.216639Z,436.211,azure-1,crdb-azure-1,25.184404636453873,13184.02,16439.45,8327364608.0,5578997760.0,0.0,3409053.0098065194,67.06323294344246,11246913536.0,86979773440.0,1518.8590000000002,959008.0324081049,958895.1933168754,20926528660.0,6115548617.0,1.52
2026-09-11T17:49:55.497171Z,436.492,azure-2,crdb-azure-2,29.153924566766776,13050.58,16570.25,8327364608.0,6052892672.0,0.0,3216715.281779743,60.44270569385917,10798319616.0,87137104896.0,1280.365,834103.1670162794,445425.90447111864,20849530188.0,5352065250.0,1.37
2026-09-11T17:49:56.534769Z,437.53,gcp-1,crdb-gcp-1,99.68814968815236,10738.369999999999,16782.31,8324022272.0,2412154880.0,116318639.44862437,1824026.6458029978,67.35967424474309,151162550272.0,87920505856.0,1077.5330000000001,2476857.802282397,7826020.626194689,21511977376.0,88500053062.0,51.21
2026-09-11T17:49:56.531810Z,437.527,client-1,crdb-client-1,18.58736059480347,15853.94,16948.690000000002,8324030464.0,7481847808.0,0.0,5702.050556591094,0.03977434819048503,566323200.0,5766534144.0,16.75,5175239.115936087,1185251.7114681967,8304347817.0,1881572553.0,1.01
2026-09-11T17:50:01.202206Z,442.197,linode-1,crdb-linode-1,14.270211611508287,13219.68,16494.0,8322887680.0,3799207936.0,295570.9191925276,2323324.899699403,70.5572940780793,19238184960.0,84242272256.0,1847.852,576732.7859083704,442972.0802076737,21354525362.0,6992832949.0,1.35
2026-09-11T17:50:01.354962Z,442.35,linode-2,crdb-linode-2,17.004680187200684,12838.970000000001,16078.22,8322887680.0,6190465024.0,0.0,2345246.2495358814,74.07252239440122,11576088576.0,84697989120.0,1787.632,564760.3226878415,364613.9567603472,21773806079.0,5100495230.0,0.82
2026-09-11T17:50:00.423603Z,441.418,azure-1,crdb-azure-1,22.245540398732842,13198.84,16458.51,8327364608.0,5581242368.0,0.0,1518204.0234501855,57.634015169278904,11246913536.0,86987678720.0,1521.8600000000001,499477.385657773,354729.585367533,20929129436.0,6117395692.0,1.4
2026-09-11T17:50:00.324028Z,441.319,azure-2,crdb-azure-2,25.609123898394426,13064.93,16589.54,8327364608.0,6051635200.0,0.0,1810010.8824656839,56.12280743404465,10798319616.0,87145841664.0,1283.0739999999998,577296.1024755028,358465.838826927,20852316747.0,5353795534.0,1.42
2026-09-11T17:50:01.223741Z,442.219,gcp-1,crdb-gcp-1,99.89429175475455,10738.39,16801.23,8324022272.0,2406506496.0,124040738.48679619,4695270.140188802,68.67173806053326,151744174080.0,87942521856.0,1080.753,2343474.458486255,7698925.8974429825,21522965867.0,88536153126.0,54.32
2026-09-11T17:50:01.563010Z,442.558,client-1,crdb-client-1,17.03033528471294,15869.53,16967.48,8324030464.0,7483346944.0,0.0,88738.6816490974,0.15900709871181126,566323200.0,5766980608.0,16.758,5033162.0067002475,1150171.090730318,8329670772.0,1887359319.0,1.01
2026-09-11T17:50:06.155586Z,447.15,linode-1,crdb-linode-1,18.318965517247932,13234.84,16512.56,8322887680.0,3805118464.0,1362735.7792210232,4303202.060112988,90.28098696626945,19244935168.0,84263587840.0,1852.3239999999998,943393.1113574724,592850.7331073952,21359198388.0,6995769590.0,1.24
2026-09-11T17:50:06.134844Z,447.13,linode-2,crdb-linode-2,21.406250000011696,12854.06,16097.42,8322887680.0,6187986944.0,0.0,4406264.496613913,94.14365531960016,11576088576.0,84719050752.0,1792.132,950555.0984421351,586511.6253111421,21778349665.0,5103298714.0,0.75
2026-09-11T17:50:05.228463Z,446.223,azure-1,crdb-azure-1,27.99575821845436,13212.42,16477.37,8327364608.0,5585948672.0,16196.907108392055,3499384.4042078624,79.16970939597182,11246991360.0,87004492800.0,1525.664,1047918.0786996519,1010860.8689033841,20934164544.0,6122252745.0,1.37
2026-09-11T17:50:05.333946Z,446.329,azure-2,crdb-azure-2,31.217750257989017,13078.26,16608.92,8327364608.0,6048792576.0,0.0,3549916.620585763,68.78340303995583,10798319616.0,87163626496.0,1286.52,912825.8192063026,490783.1537353542,20856889940.0,5356254323.0,1.55
2026-09-11T17:50:06.201760Z,447.197,gcp-1,crdb-gcp-1,99.94745139253695,10738.4,16820.26,8324022272.0,2409660416.0,119072167.70375833,6729765.327812371,62.29332754790672,152336922624.0,87976023040.0,1083.854,2774908.0025863945,8953925.586988002,21536779529.0,88580726316.0,54.54
2026-09-11T17:50:06.442890Z,447.438,client-1,crdb-client-1,20.432432432435977,15884.25,16985.98,8324030464.0,7482048512.0,0.0,15108.384671989343,0.02049205820313559,566323200.0,5767054336.0,16.759,6117469.544904747,1391411.571673534,8359523652.0,1894149323.0,1.0
2026-09-11T17:50:10.828605Z,451.823,linode-1,crdb-linode-1,17.241379310336512,13250.44,16531.41,8322887680.0,3800559616.0,13147.817874204104,2988060.742210786,89.44967238635576,19244996608.0,84277551104.0,1856.5040000000001,758725.8168246356,583016.2730485656,21362743928.0,6998494036.0,1.14
2026-09-11T17:50:11.136267Z,452.131,linode-2,crdb-linode-2,18.79229567933578,12869.66,16116.630000000001,8322887680.0,6186311680.0,0.0,2817238.4192158515,83.89589110639328,11576088576.0,84733140992.0,1796.328,669774.3290955664,450502.34058482817,21781699499.0,5105551873.0,0.77
2026-09-11T17:50:10.235090Z,451.23,azure-1,crdb-azure-1,25.498426023095845,13226.619999999999,16496.43,8327364608.0,5587988480.0,0.0,1898013.8052589789,68.2290455655327,11246991360.0,87013995520.0,1529.0800000000002,612383.0474729986,442686.66547631804,20937230541.0,6124469129.0,1.34
2026-09-11T17:50:10.341106Z,451.336,azure-2,crdb-azure-2,29.0025575447717,13092.14,16628.47,8327364608.0,6046736384.0,0.0,1989434.5380981034,63.02939367030809,10798319616.0,87173587968.0,1289.676,649590.3975580307,396371.6059037332,20860142561.0,5358239030.0,1.5
2026-09-11T17:50:11.498744Z,452.494,gcp-1,crdb-gcp-1,99.42498693151816,10738.51,16839.39,8324022272.0,2396909568.0,117722696.7397122,7511549.370267763,56.69265695903213,152960497664.0,88015811584.0,1086.857,2407203.063372705,7880072.784615965,21549530441.0,88622466922.0,54.97
2026-09-11T17:50:11.206928Z,452.202,client-1,crdb-client-1,19.978517722876198,15899.15,17004.6,8324030464.0,7481012224.0,0.0,859.7718001994214,0.0,566323200.0,5767058432.0,16.759,6300325.259108069,1436916.2908475462,8389538747.0,1900994871.0,0.92
2026-09-11T17:50:15.883883Z,456.879,linode-1,crdb-linode-1,19.029850746274736,13265.630000000001,16550.170000000002,8322887680.0,3799875584.0,21876.393131703466,3851865.6647451213,87.27452844426038,19245107200.0,84297023488.0,1860.9160000000002,933281.9990592191,558596.3465744507,21367461960.0,7001317915.0,1.21
2026-09-11T17:50:16.141198Z,457.136,linode-2,crdb-linode-2,19.96887966804345,12885.09,16135.91,8322887680.0,6186348544.0,0.0,3980634.0074976613,87.11345207159299,11576088576.0,84753063936.0,1800.688,905558.5201903686,553742.8519394275,21786231790.0,5108323338.0,0.71
2026-09-11T17:50:15.266621Z,456.262,azure-1,crdb-azure-1,26.537046768248885,13240.6,16515.46,8327364608.0,5594324992.0,0.0,3454065.238887198,69.46159258810455,11246991360.0,87031374848.0,1532.575,992291.742520456,969267.4604656721,20942223314.0,6129346054.0,1.31
2026-09-11T17:50:15.354495Z,456.349,azure-2,crdb-azure-2,31.034482758614235,13105.54,16647.9,8327364608.0,6044868608.0,0.0,3470642.83722724,65.18497670812646,10798319616.0,87190987776.0,1292.944,917592.4413581211,627726.3390884268,20864742842.0,5361386089.0,1.46
2026-09-11T17:50:16.222649Z,457.218,gcp-1,crdb-gcp-1,99.84439834024559,10738.54,16858.670000000002,8324022272.0,2404589568.0,140499371.8054654,9222170.702873567,63.97191332448973,153624209408.0,88059376640.0,1089.8790000000001,3030525.658045529,9655377.83086519,21563846487.0,88668078426.0,55.86
2026-09-11T17:50:16.238515Z,457.233,client-1,crdb-client-1,20.743534482759117,15913.86,17023.16,8324030464.0,7478951936.0,0.0,6512.412141321348,0.039748609260972526,566323200.0,5767091200.0,16.761,6184594.6286214255,1411053.568287167,8420657293.0,1908094760.0,0.85
2026-09-11T17:50:20.896481Z,461.891,linode-1,crdb-linode-1,25.853914871257878,13279.74,16569.2,8322887680.0,3799945216.0,17159.8604832429,2783165.943139301,92.64601014250852,19245193216.0,84310974464.0,1865.5600000000002,806341.8760269673,584089.4042925697,21371503852.0,7004245738.0,1.27
2026-09-11T17:50:21.151945Z,462.147,linode-2,crdb-linode-2,24.214322514171883,12899.8,16155.32,8322887680.0,6185635840.0,0.0,3475753.0182744865,93.15937197583105,11576088576.0,84770480128.0,1805.356,753745.5336133114,523458.2802438479,21790008634.0,5110946266.0,0.81
2026-09-11T17:50:20.312001Z,461.307,azure-1,crdb-azure-1,29.29769392034305,13254.09,16534.54,8327364608.0,5591093248.0,0.0,2242267.86106047,75.93045842328428,11246991360.0,87042688000.0,1536.4060000000002,706857.2700927699,457483.2913014255,20945789696.0,6131654243.0,1.29
2026-09-11T17:50:20.473228Z,461.468,azure-2,crdb-azure-2,34.082779764947226,13118.44,16667.47,8327364608.0,6042411008.0,0.0,2227737.4268550747,74.09990736039313,10798319616.0,87202391040.0,1296.7369999999999,716607.4470985946,642518.0891581769,20868410987.0,5364674988.0,1.59
2026-09-11T17:50:21.276033Z,462.271,gcp-1,crdb-gcp-1,99.94783515911111,10738.55,16877.84,8324022272.0,2399006720.0,131046842.94913754,2913088.6920867423,59.049266254756574,154286442496.0,88074097664.0,1092.863,2934702.0295854383,8833900.440884717,21578676732.0,88712719724.0,57.23
2026-09-11T17:50:21.232791Z,462.228,client-1,crdb-client-1,21.05549510337642,15928.37,17041.54,8324030464.0,7482642432.0,0.0,0.0,0.0,566323200.0,5767091200.0,16.761,6239441.542594351,1409884.6070441948,8451818893.0,1915136137.0,0.78
2026-09-11T17:50:25.892319Z,466.887,linode-1,crdb-linode-1,27.06645056725463,13293.24,16587.71,8322887680.0,3780468736.0,518162.85155468946,22080132.524081238,92.95686292507752,19247781888.0,84421283840.0,1870.204,941044.9186111699,597325.3083460892,21376205186.0,7007229895.0,1.25
2026-09-11T17:50:26.184229Z,467.179,linode-2,crdb-linode-2,32.178477690285746,12912.72,16174.369999999999,8322887680.0,6199848960.0,0.0,23408144.09195298,89.3427993443211,11576088576.0,84888276992.0,1809.852,914653.4659217615,547324.0040793114,21794611447.0,5113700566.0,0.99
2026-09-11T17:50:25.260757Z,466.256,azure-1,crdb-azure-1,28.966597077240685,13267.7,16553.7,8327364608.0,5591457792.0,0.0,3568123.8636892755,75.14985199256232,11246991360.0,87060345856.0,1540.125,1016894.4960189854,1025830.8419574614,20950822082.0,6136730853.0,1.26
2026-09-11T17:50:25.424953Z,466.42,azure-2,crdb-azure-2,39.08761016069629,13130.19,16686.76,8327364608.0,6050570240.0,0.0,23649199.934849318,68.98588047190037,10798319616.0,87319495680.0,1300.153,970323.7694575101,699631.9390853544,20873215776.0,5368139382.0,1.62
2026-09-11T17:50:26.251663Z,467.247,gcp-1,crdb-gcp-1,99.84391259104758,10738.58,16897.06,8324022272.0,2399293440.0,132280025.1188884,4260910.267755517,59.7708093860968,154944624640.0,88095298560.0,1095.837,2997778.4156849748,9122034.823027177,21593592697.0,88758107986.0,58.01
2026-09-11T17:50:26.542581Z,467.538,client-1,crdb-client-1,20.423682781098574,15943.02,17059.95,8324030464.0,7480750080.0,0.0,4628.418375570996,0.018833082582912813,566323200.0,5767115776.0,16.762,5788570.162225657,1321789.354553874,8482555073.0,1922154581.0,0.72
2026-09-11T17:50:30.862017Z,471.857,linode-1,crdb-linode-1,21.32549438802762,13307.96,16606.42,8322887680.0,3782270976.0,35440.27771023937,3325616.7572282753,90.70946806740575,19247958016.0,84437811200.0,1874.712,825998.4442768318,613546.3261940103,21380310161.0,7010279044.0,1.15
2026-09-11T17:50:31.157196Z,472.152,linode-2,crdb-linode-2,30.650154798762628,12926.16,16193.75,8322887680.0,6158647296.0,8492623.227777189,20020385.29702067,92.90157951083057,11618322432.0,84987838464.0,1814.472,775369.6531659561,524473.2530146972,21798467364.0,5116308774.0,1.23
2026-09-11T17:50:30.290236Z,471.285,azure-1,crdb-azure-1,26.79045092838017,13281.5,16572.55,8327364608.0,5593546752.0,0.0,2136968.4829550213,72.86992412688615,11246991360.0,87071093760.0,1543.7900000000002,712426.4825505682,451686.3620857036,20954405238.0,6139002614.0,1.24
2026-09-11T17:50:30.362730Z,471.358,azure-2,crdb-azure-2,32.61868300153746,13143.39,16706.35,8327364608.0,6053007360.0,0.0,4024820.1522735967,70.96265178565973,10798319616.0,87339369472.0,1303.657,722487.4858978506,598486.7325098759,20876783281.0,5371094595.0,1.57
2026-09-11T17:50:31.234148Z,472.229,gcp-1,crdb-gcp-1,99.69135802469395,10738.64,16916.5,8324022272.0,2286182400.0,136473541.05673963,5834268.3369155135,61.655646790007054,155624605696.0,88124367872.0,1098.909,2827460.726627915,8849191.33157145,21607680554.0,88802199188.0,58.65
2026-09-11T17:50:31.202692Z,472.198,client-1,crdb-client-1,20.828848223893303,15957.73,17078.53,8324030464.0,7479889920.0,0.0,7031.520243912127,0.04291699367619769,566323200.0,5767148544.0,16.764,6602986.336996193,1507895.0103630929,8513326037.0,1929181611.0,0.66
2026-09-11T17:50:35.855195Z,476.85,linode-1,crdb-linode-1,23.88859132298069,13322.17,16625.09,8322887680.0,3781406720.0,8203.159031187643,4861192.041881797,95.65011604724789,19247998976.0,84462084096.0,1879.488,1034878.1793487679,684366.9672410593,21385477513.0,7013696224.0,1.06
2026-09-11T17:50:36.147623Z,477.143,linode-2,crdb-linode-2,24.460810099945196,12940.52,16212.76,8322887680.0,6158176256.0,0.0,4849082.376045326,95.94299447197966,11618322432.0,85012037632.0,1819.26,1025604.3608380505,665792.4826472997,21803585605.0,5119631387.0,1.13
2026-09-11T17:50:35.278125Z,476.273,azure-1,crdb-azure-1,36.349036402573695,13293.39,16591.23,8327364608.0,5595586560.0,0.0,18580952.74339967,81.6172873469861,11246991360.0,87163773952.0,1547.861,1090720.7173804643,1036088.0579505546,20959845659.0,6144170532.0,1.38
2026-09-11T17:50:35.350845Z,476.346,azure-2,crdb-azure-2,36.71079429736071,13155.82,16725.99,8327364608.0,6062313472.0,6569.188849342306,3862683.043413276,78.62658284643766,10798352384.0,87358637056.0,1307.579,1038568.1481755708,569724.77112266,20881963799.0,5373936459.0,1.68
2026-09-11T17:50:36.509534Z,477.505,gcp-1,crdb-gcp-1,99.94791666666553,10738.65,16935.7,8324022272.0,2290765824.0,126481828.45915653,1818407.7584013885,60.41245719746828,156291848192.0,88133960704.0,1102.096,2916595.3382292427,9204560.83210723,21623066767.0,88850756947.0,58.6
2026-09-11T17:50:36.201435Z,477.196,client-1,crdb-client-1,21.84598580010767,15972.04,17096.84,8324030464.0,7481004032.0,0.0,6555.2164613041405,0.04000986609687593,566323200.0,5767181312.0,16.766000000000002,6478354.9078908395,1471457.449044133,8545709824.0,1936537084.0,0.61
2026-09-11T17:50:40.946677Z,481.942,linode-1,crdb-linode-1,24.67948717948992,13336.27,16643.81,8322887680.0,3781513216.0,15285.027068000853,3575891.8588033575,91.36763199056928,19248076800.0,84480290816.0,1884.14,844994.0610832297,646221.1458599995,21389779816.0,7016986471.0,1.21
2026-09-11T17:50:41.314250Z,482.309,linode-2,crdb-linode-2,23.23020450970298,12955.16,16231.83,8322887680.0,6157697024.0,0.0,3545305.635095951,90.73598144383946,11618322432.0,85030354944.0,1823.948,786342.6346821414,551605.089377082,21807648353.0,5122481331.0,1.04
2026-09-11T17:50:40.379140Z,481.374,azure-1,crdb-azure-1,29.20212765957444,13306.699999999999,16610.03,8327364608.0,5594746880.0,0.0,2320592.8789588544,76.80784780966613,11246991360.0,87175611392.0,1551.779,761068.7327824141,494043.2504844774,20963727902.0,6146690667.0,1.35
2026-09-11T17:50:40.514845Z,481.51,azure-2,crdb-azure-2,35.51637279596871,13168.619999999999,16745.84,8327364608.0,6060015616.0,0.0,2309734.5724773374,74.82519789519684,10798352384.0,87370564608.0,1311.443,753739.3537779356,452924.049068946,20885856136.0,5376275375.0,1.63
2026-09-11T17:50:41.367514Z,482.363,gcp-1,crdb-gcp-1,100.0,10738.65,16955.04,8324022272.0,2288193536.0,140624648.4026272,2607845.008030206,64.59439689923708,156975003648.0,88146629632.0,1105.234,3053455.5686584315,9570598.76309595,21637900474.0,88897250978.0,57.83
2026-09-11T17:50:41.390085Z,482.385,client-1,crdb-client-1,21.78164041282048,15986.44,17115.25,8324030464.0,7479873536.0,0.0,75783.42712127212,0.11563633288768768,566323200.0,5767574528.0,16.772000000000002,6195662.312520915,1421932.9600778006,8577857137.0,1943915040.0,0.56
2026-09-11T17:50:45.883655Z,486.879,linode-1,crdb-linode-1,18.244680851066086,13351.64,16662.61,8322887680.0,3781513216.0,23230.377088385405,3952482.73032386,85.07218172016232,19248191488.0,84499804160.0,1888.3400000000001,905158.4935202772,571799.7060519932,21394248569.0,7019809437.0,1.44
2026-09-11T17:50:46.145627Z,487.141,linode-2,crdb-linode-2,22.45740836344958,12970.18,16251.2,8322887680.0,6157471744.0,0.0,4009188.611719164,87.01416027843476,11618322432.0,85049724928.0,1828.152,918328.9022199981,573173.285060733,21812085165.0,5125250559.0,0.96
2026-09-11T17:50:45.290778Z,486.286,azure-1,crdb-azure-1,26.929133858264542,13320.619999999999,16629.079999999998,8327364608.0,5590495232.0,0.0,3438299.738399728,70.93304405512646,11246991360.0,87192499200.0,1555.2630000000001,981053.2696516485,1015543.7497354667,20968546516.0,6151678687.0,1.32
2026-09-11T17:50:45.377145Z,486.372,azure-2,crdb-azure-2,30.020703933744098,13182.14,16765.16,8327364608.0,6064545792.0,0.0,3608822.9117770633,66.12065368916181,10798352384.0,87388111872.0,1314.658,935369.2976135815,517336.42664691183,20890404204.0,5378790832.0,1.74
2026-09-11T17:50:46.253377Z,487.248,gcp-1,crdb-gcp-1,99.84496124030669,10738.68,16974.39,8324022272.0,2290991104.0,138027299.36779177,9059862.27500213,70.55012372156202,157649389568.0,88190895104.0,1108.681,2746910.9223362356,8989983.063104067,21651321573.0,88941175028.0,57.6
2026-09-11T17:50:46.211890Z,487.207,client-1,crdb-client-1,20.820021299255043,16001.31,17134.03,8324030464.0,7480348672.0,0.0,16140.02148886085,0.020739131230498604,566323200.0,5767652352.0,16.773,6274835.278157904,1426072.2299360486,8608113155.0,1950791279.0,0.75
2026-09-11T17:50:50.860952Z,491.856,linode-1,crdb-linode-1,22.39915074309614,13366.26,16681.45,8322887680.0,3796111360.0,13989.793349567637,3486750.260124593,93.54388475928626,19248261120.0,84517158912.0,1892.996,809231.5518531073,630944.86355396,21398276392.0,7022949866.0,1.4
2026-09-11T17:50:51.184148Z,492.179,linode-2,crdb-linode-2,24.63617463617378,12984.68,16270.44,8322887680.0,6157242368.0,0.0,3486663.4574582786,93.04255736288488,11618322432.0,85067292672.0,1832.8400000000001,752521.9720049616,517255.29182537366,21815876788.0,5127856778.0,0.88
2026-09-11T17:50:50.306750Z,491.302,azure-1,crdb-azure-1,28.661417322844784,13334.21,16648.13,8327364608.0,5589155840.0,0.0,2206413.922007181,75.5580787633359,11246991360.0,87203566592.0,1559.053,700016.2935745612,456406.880195609,20972057804.0,6153968028.0,1.22
2026-09-11T17:50:50.439181Z,491.434,azure-2,crdb-azure-2,32.14837712519232,13195.31,16784.57,8327364608.0,6062227456.0,0.0,2364352.393335196,72.73707468614504,10798352384.0,87400080384.0,1318.34,705442.1584897448,433737.37935224554,20893975200.0,5380986440.0,1.6
2026-09-11T17:50:51.244812Z,492.24,gcp-1,crdb-gcp-1,99.84480082773496,10738.71,16993.72,8324022272.0,2293149696.0,134954874.88266134,1485284.0132654158,68.97758839877204,158323013632.0,88198308864.0,1112.124,2867697.459639609,9085294.605159296,21665635617.0,88986524061.0,58.6
2026-09-11T17:50:51.241938Z,492.237,client-1,crdb-client-1,21.856449001621968,16015.79,17152.56,8324030464.0,7480066048.0,0.0,6514.386001999615,0.03976065675046389,566323200.0,5767685120.0,16.775,6292878.786832806,1426353.5223319894,8639766952.0,1957965977.0,0.85
2026-09-11T17:50:55.908101Z,496.903,linode-1,crdb-linode-1,21.723237597903445,13381.25,16700.6,8322887680.0,3795746816.0,5680.796383678188,4402617.197350596,92.80430476125997,19248289792.0,84539379712.0,1897.68,954313.3626693955,616507.6746429492,21403092983.0,7026061491.0,1.29
2026-09-11T17:50:56.191929Z,497.187,linode-2,crdb-linode-2,21.78741406663581,12999.47,16289.35,8322887680.0,6157017088.0,0.0,4530488.448705153,92.33610264119562,11618322432.0,85089980416.0,1837.464,936416.6803710836,574574.378457079,21820566168.0,5130734127.0,0.81
2026-09-11T17:50:55.461384Z,496.456,azure-1,crdb-azure-1,29.62184873947794,13347.61,16667.17,8327364608.0,5587681280.0,0.0,3420064.7707842705,76.2420685448765,11246991360.0,87221195776.0,1562.9830000000002,987114.985458523,966805.3011992497,20977146021.0,6158951556.0,1.2
2026-09-11T17:50:55.481441Z,496.477,azure-2,crdb-azure-2,33.3675564681639,13208.29,16804.05,8327364608.0,6080434176.0,0.0,3585627.952671315,72.48703392599785,10798352384.0,87418160128.0,1321.995,960063.6932687791,510231.76953899226,20898816111.0,5383559172.0,1.63
2026-09-11T17:50:56.242582Z,497.238,gcp-1,crdb-gcp-1,100.0,10738.71,17013.079999999998,8324022272.0,2290597888.0,130385826.27316287,4942781.021380367,68.7303942992184,158974654464.0,88223011840.0,1115.559,2934894.4837387144,9368521.594544003,21680303600.0,89033345954.0,58.23
2026-09-11T17:50:56.245587Z,497.241,client-1,crdb-client-1,20.970350404310356,16030.45,17171.11,8324030464.0,7479259136.0,0.0,818.5967624564448,0.0,566323200.0,5767689216.0,16.775,6252386.512584718,1422425.3911159916,8671051922.0,1965083345.0,1.35
2026-09-11T17:51:01.220992Z,502.216,linode-1,crdb-linode-1,18.719741796662383,13396.36,16719.19,8322887680.0,3796340736.0,25441.36470220662,3034460.9535722807,86.50606073282265,19248424960.0,84555501568.0,1902.276,723824.7819966511,551746.2333361296,21406938608.0,7028992876.0,1.19
2026-09-11T17:51:01.246031Z,502.241,linode-2,crdb-linode-2,19.24307036246653,13014.62,16308.11,8322887680.0,6157021184.0,0.0,3119317.01154122,90.14369794065526,11618322432.0,85105745920.0,1842.02,703012.220385372,462858.6060734274,21824119299.0,5133073485.0,0.98
2026-09-11T17:51:00.446608Z,501.442,azure-1,crdb-azure-1,28.046833422043694,13361.13,16685.96,8327364608.0,5590605824.0,0.0,2009684.702197248,76.72607208181195,11246991360.0,87231214592.0,1566.808,685766.599760171,424593.4574861282,20980564751.0,6161068268.0,1.26
2026-09-11T17:51:00.627661Z,501.623,azure-2,crdb-azure-2,31.071983428282813,13221.6,16823.36,8327364608.0,6077952000.0,0.0,2203110.9569587307,67.91371952626685,10798352384.0,87429497856.0,1325.49,695952.0104036076,403418.7643600673,20902397644.0,5385635260.0,1.58
2026-09-11T17:51:01.383744Z,502.379,gcp-1,crdb-gcp-1,99.94797086368253,10738.72,17032.3,8324022272.0,2283687936.0,122822115.16412218,6786359.65392245,57.846921623368495,159606102016.0,88257901568.0,1118.5330000000001,2692572.3014175408,8705328.18910557,21694146532.0,89078101397.0,59.01
2026-09-11T17:51:01.290263Z,502.285,client-1,crdb-client-1,20.70460704607793,16045.08,17189.56,8324030464.0,7479820288.0,0.0,0.0,0.0,566323200.0,5767689216.0,16.775,6273384.042239289,1424903.3368074768,8702699131.0,1972271525.0,1.24
2026-09-11T17:51:05.909860Z,506.905,linode-1,crdb-linode-1,16.85273790537837,13412.0,16738.0,8322887680.0,3796643840.0,50666.19549822421,3349210.2334515797,77.80100063035316,19248662528.0,84571205632.0,1905.924,816945.9094863395,483084.71150448336,21410769174.0,7031258005.0,1.17
2026-09-11T17:51:06.184636Z,507.18,linode-2,crdb-linode-2,15.603939865217031,13030.9,16327.4,8322887680.0,6157287424.0,0.0,3335773.523281469,70.62704229038842,11618322432.0,85122220032.0,1845.508,764796.7121142261,451530.95200110064,21827896338.0,5135303424.0,1.07
2026-09-11T17:51:05.310466Z,506.306,azure-1,crdb-azure-1,22.63267429760718,13376.0,16705.18,8327364608.0,5589966848.0,0.0,3117564.5384184895,59.04777344236779,11246991360.0,87246377984.0,1569.68,873110.55991946,948047.5710879628,20984811437.0,6165679437.0,1.32
2026-09-11T17:51:05.415404Z,506.411,azure-2,crdb-azure-2,24.935064935070606,13236.05,16842.61,8327364608.0,6081019904.0,0.0,3168818.185928233,55.829707768062796,10798352384.0,87444669440.0,1328.163,805316.2776262704,451144.9763743367,20906253316.0,5387795240.0,1.78
2026-09-11T17:51:06.247782Z,507.243,gcp-1,crdb-gcp-1,99.42408376963041,10738.83,17051.399999999998,8324022272.0,2280583168.0,125482510.75889924,7538398.906898499,67.06301128343809,160216459264.0,88294568960.0,1121.795,2257988.5639867787,7488303.742059744,21705129574.0,89114525122.0,60.37
2026-09-11T17:51:06.286129Z,507.281,client-1,crdb-client-1,17.21355567508813,16060.470000000001,17208.15,8324030464.0,7478910976.0,0.0,4919.231597548497,0.020016404612445103,566323200.0,5767713792.0,16.776,4930583.501096339,1133702.1351012783,8727331844.0,1977935390.0,1.22
2026-09-11T17:51:10.913779Z,511.909,linode-1,crdb-linode-1,16.310160427812693,13427.65,16756.7,8322887680.0,3796766720.0,31923.59579101774,2571895.845522506,78.65789828315967,19248822272.0,84584075264.0,1909.8600000000001,629917.2698553978,487691.7592577313,21413921247.0,7033698389.0,1.08
2026-09-11T17:51:11.199957Z,512.195,linode-2,crdb-linode-2,16.90871369294662,13046.92,16346.68,8322887680.0,6157316096.0,5716.851504652379,2584833.5731749684,78.1600791651707,11618351104.0,85135183872.0,1849.428,590349.258961192,400935.08629494417,21830857145.0,5137314253.0,1.22
2026-09-11T17:51:10.353473Z,511.349,azure-1,crdb-azure-1,22.53521126759668,13390.85,16724.35,8327364608.0,5590884352.0,3248.8311376227493,1728378.1652153027,58.793849627997965,11247007744.0,87255094272.0,1572.645,590382.059885277,477112.1888776747,20987788760.0,6168085535.0,1.22
2026-09-11T17:51:10.418535Z,511.414,azure-2,crdb-azure-2,25.181347150253607,13250.49,16861.91,8327364608.0,6078099456.0,4093.406349000638,1891153.7332382947,56.12443861325079,10798372864.0,87454131200.0,1330.971,566413.3110149071,354025.08376212564,20909087177.0,5389566487.0,1.63
2026-09-11T17:51:11.306492Z,512.302,gcp-1,crdb-gcp-1,99.73794549265678,10738.880000000001,17070.48,8324022272.0,2285883392.0,116564101.46937527,672039.8731580658,67.15100977497605,160806127616.0,88297968640.0,1125.192,2132040.8044850985,6860575.7231957065,21715915030.0,89149231042.0,61.46
2026-09-11T17:51:11.261068Z,512.256,client-1,crdb-client-1,16.568679850350122,16076.08,17226.86,8324030464.0,7479193600.0,0.0,83979.23042121722,0.1407050907984457,566323200.0,5768131584.0,16.783,4833949.726332307,1102093.93044949,8751380475.0,1983418246.0,1.36
2026-09-11T17:51:15.962519Z,516.958,linode-1,crdb-linode-1,20.53571428571258,13442.78,16775.74,8322887680.0,3846418432.0,1171502.4558902758,18153420.327562887,74.8700049785911,19254736896.0,84675727360.0,1913.6399999999999,737104.5082477023,445980.02050268825,21417642704.0,7035950031.0,1.31
2026-09-11T17:51:16.221413Z,517.217,linode-2,crdb-linode-2,23.450413223144295,13061.74,16366.04,8322887680.0,6188232704.0,5709.848934239169,19412670.68370828,73.60352141792504,11618379776.0,85232664576.0,1853.124,725763.9781831303,430586.7737504018,21834501568.0,5139476444.0,1.2
2026-09-11T17:51:15.306524Z,516.302,azure-1,crdb-azure-1,22.03655352480858,13405.78,16743.5,8327364608.0,5589475328.0,5788.7400606964065,2859637.589984025,55.35967231595508,11247036416.0,87269258240.0,1575.3870000000002,767369.8542960674,819803.2571351865,20991589592.0,6172146073.0,1.2
2026-09-11T17:51:15.419201Z,516.414,azure-2,crdb-azure-2,32.478193945619424,13263.65,16881.4,8327364608.0,6060093440.0,0.0,20670506.575185053,55.55240876309715,10798372864.0,87557497856.0,1333.749,729483.3161016273,404978.2597190177,20912735092.0,5391591655.0,1.58
2026-09-11T17:51:16.283884Z,517.279,gcp-1,crdb-gcp-1,99.89344698988482,10738.9,17089.25,8324022272.0,2285666304.0,119638029.97088097,6674673.525060121,71.24172227489433,161401616384.0,88331191296.0,1128.738,2094945.0145716663,6852753.721873487,21726342452.0,89183340078.0,60.47
2026-09-11T17:51:16.249510Z,517.245,client-1,crdb-client-1,15.277777777779933,16091.94,17245.58,8324030464.0,7477776384.0,0.0,7389.818690360886,0.020046166152190927,566323200.0,5768168448.0,16.784,4527494.581986128,1039436.6137890876,8773965814.0,1988603460.0,1.25
2026-09-11T17:51:21.146620Z,522.142,linode-1,crdb-linode-1,18.143236074262692,13458.210000000001,16794.59,8322887680.0,3839270912.0,15011.982732984068,4020841.0593766277,78.62464229498201,19254814720.0,84696571904.0,1917.7160000000001,663587.9301416189,494167.6435147561,21421082827.0,7038511858.0,1.21
2026-09-11T17:51:21.213103Z,522.208,linode-2,crdb-linode-2,19.109947643969083,13077.19,16385.14,8322887680.0,6171672576.0,6564.489010294087,3283885.627399617,79.41172618653985,11618412544.0,85249056768.0,1857.088,635940.6825091201,506715.3267188597,21837675997.0,5142005818.0,1.19
2026-09-11T17:51:20.454926Z,521.45,azure-1,crdb-azure-1,25.24573202277495,13420.23,16762.83,8327364608.0,5587312640.0,0.0,1844942.551825958,62.562324389631776,11247036416.0,87278756864.0,1578.6080000000002,642958.1160699459,475744.2313899956,20994899840.0,6174595426.0,1.34
2026-09-11T17:51:20.443283Z,521.439,azure-2,crdb-azure-2,29.063786008221182,13277.44,16900.84,8327364608.0,6076125184.0,0.0,2069153.6927711756,60.50827448201689,10798372864.0,87567893504.0,1336.789,616060.816790754,370891.4396488245,20915830247.0,5393455053.0,1.78
2026-09-11T17:51:21.306780Z,522.302,gcp-1,crdb-gcp-1,99.89378651088455,10738.92,17108.079999999998,8324022272.0,2278072320.0,118257278.04410231,4512789.975699997,67.570612745878,161995610112.0,88353858560.0,1132.132,2331028.66078558,7451635.6097123455,21738050961.0,89220768851.0,60.59
2026-09-11T17:51:21.277940Z,522.273,client-1,crdb-client-1,17.826552462526102,16107.29,17264.260000000002,8324030464.0,7477923840.0,0.0,2443.6937535699226,0.0,566323200.0,5768180736.0,16.784,5183950.267344814,1195169.4889052093,8800033066.0,1994613314.0,1.47
2026-09-11T17:51:26.007906Z,527.003,linode-1,crdb-linode-1,17.591623036644076,13473.95,16813.69,8322887680.0,3838517248.0,49711.695554402264,3970195.0754634487,81.87092339219822,19255056384.0,84715872256.0,1921.6960000000001,875164.5839526784,545958.309699248,21425337274.0,7041165931.0,1.27
2026-09-11T17:51:26.283660Z,527.279,linode-2,crdb-linode-2,20.44861763173357,13092.439999999999,16404.31,8322887680.0,6170578944.0,12924.813433955997,3659337.8034887915,79.20234794733928,11618478080.0,85267611648.0,1861.104,832371.317016092,555761.6528010576,21841896583.0,5144823839.0,1.25
2026-09-11T17:51:25.382379Z,526.378,azure-1,crdb-azure-1,34.465020576119045,13432.970000000001,16782.27,8327364608.0,5581352960.0,3325.0435840317627,20828904.271270968,70.2796992889519,11247052800.0,87381390336.0,1582.0710000000001,882082.2713932699,860912.3131153958,20999246260.0,6178837532.0,1.48
2026-09-11T17:51:25.484108Z,526.479,azure-2,crdb-azure-2,28.083588175333862,13291.55,16920.46,8327364608.0,6076477440.0,12188.431082929666,3175492.578139276,59.950258353861734,10798434304.0,87583900672.0,1339.811,847750.413944318,452036.6523734446,20920103626.0,5395733700.0,1.63
2026-09-11T17:51:26.382336Z,527.378,gcp-1,crdb-gcp-1,99.36608557844269,10739.04,17127.01,8324022272.0,2286997504.0,118556209.78021649,1868202.4752651362,67.65708630092067,162597353472.0,88363340800.0,1135.566,2386172.242797325,7687853.044039692,21750162206.0,89259789283.0,61.42
2026-09-11T17:51:26.361114Z,527.356,client-1,crdb-client-1,17.71611526146345,16122.710000000001,17283.0,8324030464.0,7476928512.0,0.0,74938.83448774637,0.11803621863619772,566323200.0,5768561664.0,16.79,5103614.217072071,1165647.9880737758,8825975684.0,2000538519.0,1.6
2026-09-11T17:51:31.020943Z,532.016,linode-1,crdb-linode-1,18.19148936171905,13489.33,16832.49,8322887680.0,3838156800.0,7353.567236127391,2887500.7347193556,84.10004195831246,19255093248.0,84730347520.0,1925.912,704200.0119108626,534212.6026243415,21428867483.0,7043843980.0,1.25
2026-09-11T17:51:31.402870Z,532.398,linode-2,crdb-linode-2,19.46484784887692,13107.79,16423.37,8322887680.0,6170476544.0,6400.922893079117,2813205.611508272,81.96494280810813,11618510848.0,85282013184.0,1865.3000000000002,658050.542613864,507721.250760795,21845265316.0,5147422997.0,1.15
2026-09-11T17:51:30.348142Z,531.343,azure-1,crdb-azure-1,26.496616345655266,13447.09,16801.48,8327364608.0,5579886592.0,6598.743931452767,2011792.0561016623,70.8849445761524,11247085568.0,87391380480.0,1585.5910000000001,635410.0252707485,414050.03704189835,21002401575.0,6180893619.0,1.44
2026-09-11T17:51:30.470582Z,531.466,azure-2,crdb-azure-2,28.541882109619422,13305.369999999999,16939.8,8327364608.0,6089768960.0,12321.227578561497,2054359.3449321534,62.8494909362173,10798495744.0,87594144768.0,1342.945,623441.4814039641,378463.0296385449,20923212427.0,5397620912.0,1.74
2026-09-11T17:51:31.434354Z,532.43,gcp-1,crdb-gcp-1,99.78969505783883,10739.08,17146.03,8324022272.0,2284326912.0,120242814.73144157,778328.3694326299,62.944646575821245,163204827136.0,88367272960.0,1138.746,2372638.081237781,7612807.818093559,21762148911.0,89298249629.0,63.15
2026-09-11T17:51:31.423253Z,532.419,client-1,crdb-client-1,17.97631862216721,16137.95,17301.579999999998,8324030464.0,7478444032.0,0.0,8091.352608359639,0.019754278829027166,566323200.0,5768602624.0,16.791,5314630.728061757,1216025.0067302953,8852879378.0,2006694274.0,1.47
2026-09-11T17:51:36.209035Z,537.204,linode-1,crdb-linode-1,19.882729211077088,13504.36,16851.25,8322887680.0,3838029824.0,19737.41686027168,3865375.717915606,80.10615671024667,19255195648.0,84750401536.0,1930.0680000000002,849571.28049005,539333.9748728654,21433275157.0,7046642107.0,1.15
2026-09-11T17:51:36.633679Z,537.629,linode-2,crdb-linode-2,18.23027718550917,13123.130000000001,16442.13,8322887680.0,6170079232.0,5481.341230036755,3800918.618656916,79.37544917380319,11618539520.0,85301895168.0,1869.4520000000002,824452.4496535641,507783.98047027335,21849577892.0,5150079132.0,1.22
2026-09-11T17:51:35.360626Z,536.356,azure-1,crdb-azure-1,27.824267782426737,13460.89,16820.6,8327364608.0,5596659712.0,0.0,3169746.6226447257,72.7380216022129,11247085568.0,87407268864.0,1589.237,958268.7713674791,971632.5374537267,21007204906.0,6185763936.0,1.4
2026-09-11T17:51:35.600919Z,536.596,azure-2,crdb-azure-2,30.67010309278495,13318.82,16959.2,8327364608.0,6089228288.0,5588.6989847931845,3255017.965857402,65.21968053542835,10798524416.0,87610844160.0,1346.291,882022.1102679572,479209.49692731,20927737512.0,5400079426.0,2.0
2026-09-11T17:51:36.762634Z,537.758,gcp-1,crdb-gcp-1,99.8411858125958,10739.11,17164.92,8324022272.0,2285060096.0,112408790.2026575,1685040.2667356818,59.73741482944531,163803777024.0,88376251392.0,1141.929,2432659.54978154,7763720.475063952,21775110897.0,89339617208.0,62.9
2026-09-11T17:51:36.743630Z,537.739,client-1,crdb-client-1,18.64224137932393,16153.05,17320.14,8324030464.0,7478034432.0,0.0,36183.854119647534,0.09397817829444485,566323200.0,5768795136.0,16.796,5168889.273421232,1178234.1183820306,8880379854.0,2012962932.0,1.35
2026-09-11T17:51:40.980053Z,541.975,linode-1,crdb-linode-1,18.690095846647694,13519.63,16870.03,8322887680.0,3837366272.0,218062.67111514037,3105246.777257727,91.30099995555008,19256236032.0,84765216768.0,1934.4240000000002,742174.4264935859,577546.7345535327,21436816095.0,7049397601.0,1.38
2026-09-11T17:51:41.250909Z,542.246,linode-2,crdb-linode-2,19.012605042029694,13138.55,16461.170000000002,8322887680.0,6169964544.0,23951.920511683962,3292058.4081058954,93.82208446959278,11618650112.0,85317095424.0,1873.784,718634.9341043407,496903.8071076692,21852896009.0,5152373461.0,1.2
2026-09-11T17:51:40.386745Z,541.382,azure-1,crdb-azure-1,26.533822758256775,13474.9,16839.67,8327364608.0,5598588928.0,17928.678728345923,2032460.2158406696,70.88942905395325,11247175680.0,87417484288.0,1592.8000000000002,666078.9058224364,519693.5280656816,21010552710.0,6188375987.0,1.37
2026-09-11T17:51:40.518819Z,541.514,azure-2,crdb-azure-2,28.762198253719863,13332.689999999999,16978.67,8327364608.0,6086533120.0,6662.974390352446,2233762.1643656576,66.3898052505536,10798557184.0,87621829632.0,1349.556,656155.3541767852,396871.3423011862,20930964434.0,5402031209.0,2.08
2026-09-11T17:51:41.347116Z,542.342,gcp-1,crdb-gcp-1,99.73684210526699,10739.16,17183.92,8324022272.0,2282483712.0,136486732.56036922,933653.4492785332,71.24028496335667,164429498368.0,88380531712.0,1145.195,2699075.397732918,8547379.07024805,21787484767.0,89378802537.0,62.75
2026-09-11T17:51:41.350347Z,542.346,client-1,crdb-client-1,18.308351177730298,16168.31,17338.82,8324030464.0,7477735424.0,0.0,7113.038008081717,0.043414538623598696,566323200.0,5768827904.0,16.798000000000002,5892105.048096796,1337476.0328294327,8907523319.0,2019124352.0,1.24
2026-09-11T17:51:45.971815Z,546.967,linode-1,crdb-linode-1,17.712765957453357,13535.1,16888.83,8322887680.0,3837206528.0,213342.33298681723,3951756.4448635066,83.8176383354151,19257300992.0,84784943104.0,1938.6080000000002,864154.6426850846,556067.7280478296,21441129773.0,7052173374.0,1.35
2026-09-11T17:51:46.521436Z,547.517,linode-2,crdb-linode-2,18.973561430776265,13154.18,16480.46,8322887680.0,6169513984.0,0.0,3678245.222318147,78.32202647617672,11618650112.0,85336481792.0,1877.912,794438.4530791994,487220.8734271648,21857083135.0,5154941382.0,1.11
2026-09-11T17:51:45.337187Z,546.333,azure-1,crdb-azure-1,26.65623369848763,13488.960000000001,16858.84,8327364608.0,5597696000.0,0.0,3097771.8959329855,69.40756404534687,11247175680.0,87432819712.0,1596.236,880421.8198463775,861536.1347902315,21014911211.0,6192640995.0,1.34
2026-09-11T17:51:45.467171Z,546.463,azure-2,crdb-azure-2,28.712357217030483,13346.42,16997.93,8327364608.0,6083723264.0,0.0,3242275.9005266763,63.31357601598815,10798557184.0,87637873664.0,1352.6889999999999,846585.568722075,466975.9184344267,20935153666.0,5404341986.0,1.92
2026-09-11T17:51:46.295765Z,547.291,gcp-1,crdb-gcp-1,99.79188345473013,10739.2,17203.14,8324022272.0,2285232128.0,124271001.99840738,3136965.2365041124,64.09788899003806,165044475904.0,88396055552.0,1148.367,2568036.8598724725,8239186.904996605,21800193162.0,89419575644.0,58.12
2026-09-11T17:51:46.576649Z,547.572,client-1,crdb-client-1,18.35205992508674,16183.57,17357.51,8324030464.0,7476879360.0,0.0,36051.30292562072,0.07653554459409125,566323200.0,5769016320.0,16.802,5208290.304974137,1183995.116589312,8934743562.0,2025312301.0,1.3
2026-09-11T17:51:50.917743Z,551.913,linode-1,crdb-linode-1,17.36073553270774,13550.380000000001,16907.32,8322887680.0,3836526592.0,14078.560732395705,2785070.5731203975,84.02817440808225,19257370624.0,84798717952.0,1942.7640000000001,707278.4477798342,535776.6607536384,21444627944.0,7054823304.0,1.8
2026-09-11T17:51:51.206695Z,552.202,linode-2,crdb-linode-2,17.64705882353166,13169.86,16499.5,8322887680.0,6169346048.0,13113.390219639892,2908549.950716128,88.78857961214685,11618711552.0,85350109184.0,1882.0720000000001,696777.5561719898,474230.2619786617,21860347738.0,5157163287.0,1.18
2026-09-11T17:51:50.307259Z,551.303,azure-1,crdb-azure-1,26.0984647961908,13502.92,16877.73,8327364608.0,5594664960.0,12361.93197802243,1976260.8588865192,69.79743169231843,11247237120.0,87442641920.0,1599.7050000000002,686123.6425811567,536629.7770580661,21018321312.0,6195308097.0,1.39
2026-09-11T17:51:50.403903Z,551.399,azure-2,crdb-azure-2,29.144942648592597,13360.01,17017.11,8327364608.0,6081249280.0,5807.855235938936,2221919.47454921,64.15135858056448,10798585856.0,87648842752.0,1355.856,673475.4252994888,418324.5880911264,20938478454.0,5406407155.0,2.0
2026-09-11T17:51:51.532299Z,552.528,gcp-1,crdb-gcp-1,99.6825396825424,10739.26,17222.04,8324022272.0,2283929600.0,114603294.9335561,6511773.062975493,60.53608474577934,165644601344.0,88430154752.0,1151.537,2287898.8772262614,7333533.608429532,21812173850.0,89457978031.0,58.03
2026-09-11T17:51:51.280833Z,552.276,client-1,crdb-client-1,18.30453563714546,16198.7,17376.03,8324030464.0,7478501376.0,0.0,3482.8395029320795,0.02125756532553916,566323200.0,5769032704.0,16.803,5728082.046694615,1308386.7774600356,8961689649.0,2031467224.0,1.2
2026-09-11T17:51:55.967510Z,556.963,linode-1,crdb-linode-1,17.762460233309007,13565.89,16926.18,8322887680.0,3836121088.0,17844.709375658236,3644376.328401475,80.6370478711807,19257460736.0,84817121280.0,1946.836,867557.9973744754,527946.5154504796,21449008928.0,7057489322.0,1.73
2026-09-11T17:51:56.231933Z,557.227,linode-2,crdb-linode-2,20.765306122449033,13185.39,16519.1,8322887680.0,6168915968.0,11411.169694867462,3675211.725296956,79.20001287941669,11618768896.0,85368578048.0,1886.0520000000001,847810.069528204,539292.9861916765,21864608197.0,5159873370.0,1.08
2026-09-11T17:51:55.326772Z,556.322,azure-1,crdb-azure-1,25.414937759335743,13517.3,16897.01,8327364608.0,5595557888.0,12240.150090525745,3095125.9528909437,64.36836741941507,11247298560.0,87458178048.0,1602.9360000000001,852540.5985098126,874202.3172540028,21022600679.0,6199696196.0,1.28
2026-09-11T17:51:55.469727Z,556.465,azure-2,crdb-azure-2,27.991782229068317,13374.029999999999,17036.579999999998,8327364608.0,6083919872.0,12128.313570877486,3081400.20124094,57.6015934241849,10798647296.0,87664452608.0,1358.774,825691.4030054742,516128.8327687961,20942661268.0,5409021777.0,1.84
2026-09-11T17:51:56.384045Z,557.379,gcp-1,crdb-gcp-1,99.84276729559404,10739.29,17241.12,8324022272.0,2283732992.0,130435539.82158053,6829793.060047938,67.93385788637092,166277445632.0,88463291392.0,1154.833,2504385.587071135,7978130.010294663,21824324573.0,89496686147.0,58.67
2026-09-11T17:51:56.268669Z,557.264,client-1,crdb-client-1,17.094017094019918,16214.220000000001,17394.75,8324030464.0,7477784576.0,0.0,82940.63515095542,0.16038953270217027,566323200.0,5769446400.0,16.811,5145860.379267468,1177095.5727107031,8987356463.0,2037338408.0,1.42
2026-09-11T17:52:00.980913Z,561.976,linode-1,crdb-linode-1,19.119226638012176,13580.95,16944.8,8322887680.0,3836956672.0,160949.69880609025,3053142.2560322806,86.32791387818678,19258267648.0,84832428032.0,1951.164,767885.3977001794,565622.167225439,21452858677.0,7060325036.0,1.6
2026-09-11T17:52:01.288915Z,562.284,linode-2,crdb-linode-2,20.083901415836316,13200.63,16538.17,8322887680.0,6168432640.0,0.0,3069759.2122596097,85.5839655050523,11618768896.0,85384101888.0,1890.38,732612.3891170133,626648.247463977,21868313034.0,5163042344.0,1.08
2026-09-11T17:52:00.411528Z,561.407,azure-1,crdb-azure-1,26.890756302523975,13531.22,16916.05,8327364608.0,5598334976.0,805.540800371304,2078295.2649579644,70.60281917316689,11247302656.0,87468745728.0,1606.526,721348.2168313246,530078.8864037084,21026268578.0,6202391532.0,1.26
2026-09-11T17:52:00.636256Z,561.632,azure-2,crdb-azure-2,31.71355498721128,13387.380000000001,17056.13,8327364608.0,6081658880.0,6342.335432934324,2221402.985385247,64.76273913146446,10798680064.0,87675929600.0,1362.12,719680.8741926833,445644.87275858567,20946379536.0,5411324224.0,1.78
2026-09-11T17:52:01.329754Z,562.325,gcp-1,crdb-gcp-1,99.94834710743689,10739.300000000001,17260.48,8324022272.0,2285096960.0,125411128.07100639,4971590.658396022,66.70361751923669,166897698816.0,88487879680.0,1158.132,2587139.1321086725,8237269.155172375,21837119939.0,89537425693.0,59.74
2026-09-11T17:52:01.326901Z,562.322,client-1,crdb-client-1,19.119226638021946,16229.28,17413.37,8324030464.0,7477342208.0,0.0,5668.344747083356,0.01976961756100127,566323200.0,5769475072.0,16.812,5650481.316047609,1284503.2235599023,9015938105.0,2043835768.0,1.31
2026-09-11T17:52:05.952783Z,566.948,linode-1,crdb-linode-1,19.3548387096768,13596.2,16963.71,8322887680.0,3835600896.0,15652.785216739443,4062309.679144326,87.29066591366605,19258345472.0,84852625408.0,1955.5040000000001,920498.5760717067,582551.3550729937,21457435299.0,7063221420.0,1.55
2026-09-11T17:52:06.253409Z,567.249,linode-2,crdb-linode-2,20.72538860104257,13215.93,16557.47,8322887680.0,6168494080.0,11550.736110023454,3971803.1166894934,86.61440651698578,11618826240.0,85403820032.0,1894.68,905453.1071377657,553834.2695856683,21872808185.0,5165791872.0,0.99
2026-09-11T17:52:05.384054Z,566.38,azure-1,crdb-azure-1,26.677231907031242,13545.099999999999,16934.98,8327364608.0,5597278208.0,10708.39614521657,3361612.666817602,70.0043700824422,11247355904.0,87485461504.0,1610.007,936679.9898518824,910749.6150215748,21030926263.0,6206920277.0,1.24
2026-09-11T17:52:05.680807Z,566.676,azure-2,crdb-azure-2,35.535074244756395,13399.97,17075.66,8327364608.0,6081400832.0,0.0,12369370.692142908,66.92311441620448,10798680064.0,87738328064.0,1365.4959999999999,895052.4495865433,487704.5750917813,20950894713.0,5413784496.0,1.71
2026-09-11T17:52:06.339387Z,567.335,gcp-1,crdb-gcp-1,99.94842702423817,10739.310000000001,17279.87,8324022272.0,2285170688.0,133135368.17286165,7771517.11262559,64.39588283440783,167564658688.0,88526812160.0,1161.358,2694103.7617753414,8768295.713176563,21850616421.0,89581351672.0,61.12
2026-09-11T17:52:06.642028Z,567.637,client-1,crdb-client-1,20.574162679438334,16244.22,17432.18,8324030464.0,7478116352.0,0.0,6165.025917993382,0.01881416600945744,566323200.0,5769507840.0,16.813,5581281.046916506,1270363.3441937824,9045603417.0,2050587932.0,1.2
2026-09-11T17:52:11.034809Z,572.03,linode-1,crdb-linode-1,35.0079323109511,13608.49,16982.62,8322887680.0,3833495552.0,3278702.555939645,32247022.92604356,91.85271005171552,19275008000.0,85016506368.0,1960.172,755032.0314193363,573252.8027869728,21461272409.0,7066134719.0,1.74
2026-09-11T17:52:11.288836Z,572.284,linode-2,crdb-linode-2,28.856996412094627,13229.81,16576.98,8322887680.0,6184820736.0,18708.986181966226,19870570.193611782,88.01612045524226,11618920448.0,85503877120.0,1899.112,703747.4677768756,484627.2449015621,21876351864.0,5168232184.0,0.91
2026-09-11T17:52:10.369037Z,571.365,azure-1,crdb-azure-1,26.951476793234065,13558.95,16953.94,8327364608.0,5597929472.0,0.0,2193838.953765615,71.45414868359188,11247355904.0,87496397824.0,1613.5690000000002,712739.686826135,546556.4342226785,21034479281.0,6209644869.0,1.46
2026-09-11T17:52:10.556507Z,571.552,azure-2,crdb-azure-2,37.86069651740952,13412.46,17095.76,8327364608.0,6075559936.0,20161.95668422498,11467952.945681468,72.72776123277056,10798778368.0,87794242560.0,1369.042,705635.2580671081,410142.5282567889,20954335191.0,5415784235.0,1.58
2026-09-11T17:52:11.323450Z,572.319,gcp-1,crdb-gcp-1,99.7382198952918,10739.36,17298.97,8324022272.0,2282557440.0,135275929.75746763,3011939.240500822,61.99701204614477,168238888960.0,88541824000.0,1164.448,2636978.101444485,8626028.908219496,21863759413.0,89624344759.0,61.35
2026-09-11T17:52:11.312624Z,572.308,client-1,crdb-client-1,21.93268186752235,16258.6,17450.6,8324030464.0,7477620736.0,0.0,5261.832277981815,0.042820900699774136,566323200.0,5769532416.0,16.815,6531942.371322753,1473645.1139198346,9076111614.0,2057470763.0,1.11
2026-09-11T17:52:16.152217Z,577.148,linode-1,crdb-linode-1,25.54858934169053,13622.74,17001.76,8322887680.0,3858403328.0,31215.645671927377,4932072.016164525,95.43845994947777,19275167744.0,85041745920.0,1965.056,1024437.0934931947,684241.1924288133,21466514898.0,7069636278.0,1.6
2026-09-11T17:52:16.422882Z,577.418,linode-2,crdb-linode-2,28.563857975611494,13243.29,16595.85,8322887680.0,6183976960.0,5584.665122601932,4628091.768030544,94.9735879527305,11618949120.0,85527638016.0,1903.988,1004581.5683487162,613781.2256915059,21881509445.0,5171383373.0,0.84
2026-09-11T17:52:15.918058Z,576.914,azure-1,crdb-azure-1,42.78215223098179,13569.85,16972.99,8327364608.0,5579145216.0,6065341.873024567,30807980.25488942,73.14777178852285,11281012736.0,87667352576.0,1617.6280000000002,941324.7808543055,804128.6470848909,21039702731.0,6214107012.0,1.42
2026-09-11T17:52:16.033738Z,577.029,azure-2,crdb-azure-2,38.8015717092309,13424.92,17116.12,8327364608.0,6076608512.0,16452.02213002399,3107188.725011349,74.59934572895756,10798868480.0,87811261440.0,1373.128,927974.4167872686,479661.37807021185,20959417948.0,5418411465.0,1.69
2026-09-11T17:52:16.486298Z,577.482,gcp-1,crdb-gcp-1,99.89567031820324,10739.380000000001,17318.14,8324022272.0,2287697920.0,124740685.5249778,1855667.5429331562,56.693428871733964,168882907136.0,88551404544.0,1167.375,2980638.3317258838,9561902.866796954,21879148019.0,89673711485.0,61.48
2026-09-11T17:52:16.517256Z,577.513,client-1,crdb-client-1,23.164763458418424,16272.73,17468.99,8324030464.0,7478267904.0,0.0,3147.9479072691506,0.019213549238658534,566323200.0,5769548800.0,16.816,6243965.625791426,1424631.6466539516,9108609335.0,2064885487.0,1.02
2026-09-11T17:52:21.044626Z,582.04,linode-1,crdb-linode-1,24.725561944595565,13637.14,17020.89,8322887680.0,3858255872.0,24279.046127958,4010228.6535489247,98.51916279697267,19275286528.0,85061365760.0,1969.876,881251.0496664857,681467.4732934379,21470826374.0,7072970323.0,1.47
2026-09-11T17:52:21.293903Z,582.289,linode-2,crdb-linode-2,23.21428571429458,13257.91,16614.89,8322887680.0,6183686144.0,26908.251463125136,4026147.1251700986,100.67601408017393,11619080192.0,85547249664.0,1908.892,830481.4493128194,565379.9894634659,21885554779.0,5174137379.0,0.85
2026-09-11T17:52:20.413760Z,581.409,azure-1,crdb-azure-1,31.7230273751952,13582.57,16991.62,8327364608.0,5583273984.0,19132.80314821322,2764234.51198471,93.55535021552149,11281098752.0,87679779840.0,1621.834,900226.9040433028,621943.3340342937,21043749912.0,6216903104.0,1.39
2026-09-11T17:52:20.482383Z,581.478,azure-2,crdb-azure-2,36.82051282051432,13437.24,17135.62,8327364608.0,6075662336.0,20255.87981673705,2833981.730723484,88.56552565467983,10798958592.0,87823868928.0,1377.068,889008.1585281697,495086.9080496061,20963372864.0,5420613950.0,1.8
2026-09-11T17:52:21.722132Z,582.718,gcp-1,crdb-gcp-1,100.0,10739.380000000001,17337.44,8324022272.0,2281095168.0,128087221.14643438,787774.1168156464,55.84568948922321,169553553408.0,88555529216.0,1170.299,2886745.0517490036,9019158.686634809,21894262601.0,89720934503.0,62.41
2026-09-11T17:52:21.380544Z,582.376,client-1,crdb-client-1,21.919302071976034,16287.05,17487.33,8324030464.0,7477895168.0,0.0,0.0,0.0,566323200.0,5769548800.0,16.816,6626921.761145742,1510507.2228900485,9140838106.0,2072231551.0,0.94
2026-09-11T17:52:26.144868Z,587.14,linode-1,crdb-linode-1,19.510898458275584,13652.279999999999,17039.7,8322887680.0,3857940480.0,38548.68536657,4094191.624974455,87.60351878755576,19275483136.0,85082247168.0,1974.344,907757.5435417829,579805.6929279546,21475456166.0,7075927478.0,1.36
2026-09-11T17:52:26.367482Z,587.363,linode-2,crdb-linode-2,20.294426919035192,13273.07,16633.91,8322887680.0,6183403520.0,7265.865413405501,4091489.5461265645,87.11785245023016,11619117056.0,85568008192.0,1913.3120000000001,887410.8273448009,539667.8962376779,21890057135.0,5176875431.0,0.78
2026-09-11T17:52:25.562245Z,586.558,azure-1,crdb-azure-1,29.39646201873628,13596.14,17010.84,8327364608.0,5590806528.0,5569.01803210737,3206163.238484672,75.92526327953507,11281127424.0,87696286720.0,1625.7430000000002,925129.2300558671,861099.8958498011,21048512925.0,6221336463.0,1.36
2026-09-11T17:52:25.680636Z,586.676,azure-2,crdb-azure-2,32.374100719434814,13450.4,17155.08,8327364608.0,6078332928.0,0.0,3452029.1273590866,69.52314318419032,10798958592.0,87841813504.0,1380.682,887607.9710305225,481775.56797825533,20967986889.0,5423118349.0,1.73
2026-09-11T17:52:26.489416Z,587.485,gcp-1,crdb-gcp-1,99.68652037617825,10739.44,17356.58,8324022272.0,2279497728.0,135209690.91719133,6535808.08799056,60.18059475328363,170198140928.0,88586687488.0,1173.1680000000001,3002977.277291042,9765072.792016782,21908578747.0,89767487705.0,62.77
2026-09-11T17:52:26.492366Z,587.488,client-1,crdb-client-1,22.824302134631445,16301.15,17505.6,8324030464.0,7478341632.0,0.0,5608.898145553989,0.0,566323200.0,5769577472.0,16.816,6207154.270536932,1402798.8850546295,9172568318.0,2079402487.0,0.86
2026-09-11T17:52:31.503005Z,592.499,linode-1,crdb-linode-1,22.25721784775918,13667.09,17058.75,8322887680.0,3858227200.0,135306.15196830768,3297036.3471147516,85.62641039219618,19276208128.0,85099913216.0,1978.932,757195.9521268134,582691.0820811206,21479513343.0,7079049630.0,1.57
2026-09-11T17:52:31.511574Z,592.507,linode-2,crdb-linode-2,22.199277232831694,13288.14,16653.28,8322887680.0,6183317504.0,20702.318850035794,3472415.865577157,90.7437128079598,11619223552.0,85585870848.0,1917.98,740805.0003329299,504197.3786254055,21893867953.0,5179469102.0,0.72
2026-09-11T17:52:30.466491Z,591.462,azure-1,crdb-azure-1,27.98310454064319,13609.78,17029.78,8327364608.0,5589934080.0,314029.68098966475,2325991.12116015,76.64701231872263,11282667520.0,87707694080.0,1629.5020000000002,760334.08024573,552483.6542701379,21052241832.0,6224046009.0,1.41
2026-09-11T17:52:30.619308Z,591.615,azure-2,crdb-azure-2,32.026817947392026,13463.58,17174.47,8327364608.0,6075830272.0,12440.484365498898,2365350.760693524,72.65048486883076,10799020032.0,87853495296.0,1384.27,740777.3887592014,428962.23663680756,20971645377.0,5425236871.0,1.99
2026-09-11T17:52:31.506249Z,592.502,gcp-1,crdb-gcp-1,99.84520123839607,10739.47,17375.96,8324022272.0,2280976384.0,133235913.21301545,3835665.9125850024,59.0408860874388,170866567168.0,88605930496.0,1176.13,2901941.275584177,9335527.965285232,21923137387.0,89814322764.0,62.15
2026-09-11T17:52:31.509116Z,592.505,client-1,crdb-client-1,24.465167306648283,16314.92,17523.83,8324030464.0,7478657024.0,0.0,88994.07137569234,0.09966545049067548,566323200.0,5770023936.0,16.821,6558599.98346541,1492132.7207916423,9205471395.0,2086888194.0,0.87
2026-09-11T17:52:36.082054Z,597.078,linode-1,crdb-linode-1,26.722338204587793,13681.130000000001,17077.91,8322887680.0,3858309120.0,8944.994806191642,4540479.363622878,102.81502819225821,19276249088.0,85120704512.0,1983.6399999999999,1092931.8298792418,678465.8449482117,21484517984.0,7082156391.0,1.52
2026-09-11T17:52:36.309824Z,597.305,linode-2,crdb-linode-2,23.535620052764937,13302.630000000001,16672.23,8322887680.0,6182912000.0,20487.56670704595,4852138.715118716,97.61938726379658,11619321856.0,85609152512.0,1922.664,1020987.0828553792,639402.193140837,21898766881.0,5182537099.0,0.66
2026-09-11T17:52:35.430908Z,596.427,azure-1,crdb-azure-1,30.801687763728548,13622.9,17048.74,8327364608.0,5590044672.0,147687.41750932782,3495818.9273017985,82.60765363206731,11283400704.0,87725048832.0,1633.603,1013745.5747488609,919112.5753128876,21057274502.0,6228608880.0,1.62
2026-09-11T17:52:35.577856Z,596.573,azure-2,crdb-azure-2,34.938524590161656,13476.28,17193.99,8327364608.0,6075346944.0,9912.570832790136,3607349.73556621,78.1679780027147,10799069184.0,87871382528.0,1388.146,981834.3731752445,525939.001964316,20976513854.0,5427844767.0,1.91
2026-09-11T17:52:36.485527Z,597.481,gcp-1,crdb-gcp-1,100.0,10739.47,17395.27,8324022272.0,2264854528.0,130786546.72764845,1827002.2849224622,59.445953172598514,171517794304.0,88615027712.0,1179.09,3009161.580341277,9581103.095441973,21938120944.0,89862030074.0,60.94
2026-09-11T17:52:36.481039Z,597.476,client-1,crdb-client-1,21.401412275939926,16329.39,17542.24,8324030464.0,7478308864.0,0.0,7415.350331663834,0.0,566323200.0,5770060800.0,16.821,6332804.731510433,1440160.0425317632,9236953726.0,2094047675.0,1.04
2026-09-11T17:52:41.096996Z,602.093,linode-1,crdb-linode-1,47.21649484537529,13691.369999999999,17097.31,8322887680.0,3725877248.0,6526724.693907454,9131370.551606223,98.02708526599912,19308980224.0,85166497792.0,1988.556,1261048.6604908863,645379.1425806255,21490842068.0,7085392929.0,1.4
2026-09-11T17:52:41.373965Z,602.37,linode-2,crdb-linode-2,26.51708312085963,13317.04,16691.84,8322887680.0,6182711296.0,0.0,3973724.2331678364,96.99500524616883,11619321856.0,85629276160.0,1927.576,814087.4515641155,560445.1179145826,21902889565.0,5185375293.0,0.61
2026-09-11T17:52:40.490516Z,601.486,azure-1,crdb-azure-1,31.08395324123514,13635.869999999999,17067.56,8327364608.0,5595856896.0,5666.81818708991,2600260.0024189698,82.16016742373162,11283429376.0,87738205184.0,1637.76,817797.6406977482,589450.0869963295,21061412255.0,6231591279.0,1.57
2026-09-11T17:52:40.663922Z,601.66,azure-2,crdb-azure-2,35.417734495132855,13488.88,17213.5,8327364608.0,6074798080.0,0.0,2615727.51346571,79.84533024066526,10799069184.0,87884686336.0,1392.2069999999999,793642.33125262,451332.75816974754,20980550385.0,5430140283.0,1.84
2026-09-11T17:52:41.860100Z,602.856,gcp-1,crdb-gcp-1,100.0,10739.47,17414.55,8324022272.0,2283065344.0,116681986.31672625,804782.192289363,55.687947163950525,172144912384.0,88619353088.0,1182.083,2810831.7364311535,8857507.743139911,21953228018.0,89909635565.0,61.26
2026-09-11T17:52:41.856354Z,602.852,client-1,crdb-client-1,22.384823848217962,16343.710000000001,17560.69,8324030464.0,7477846016.0,0.0,0.0,0.0,566323200.0,5770060800.0,16.821,6108938.306295473,1386605.019988429,9269795107.0,2101502002.0,1.04
2026-09-11T17:52:46.116935Z,607.113,linode-1,crdb-linode-1,20.148856990950048,13706.39,17116.12,8322887680.0,3738984448.0,36717.30945062283,4304084.60782301,88.68568884232464,19309164544.0,85188104192.0,1993.008,957224.9585957441,611377.266263005,21495647314.0,7088462028.0,1.37
2026-09-11T17:52:46.364380Z,607.36,linode-2,crdb-linode-2,22.610966057448657,13331.86,16710.99,8322887680.0,6181875712.0,10669.978949195873,4312313.030698085,88.1683957640903,11619375104.0,85650796544.0,1931.976,936035.5655923749,570742.8808922857,21907560804.0,5188223557.0,0.56
2026-09-11T17:52:45.441219Z,606.437,azure-1,crdb-azure-1,28.795811518307758,13649.470000000001,17086.66,8327364608.0,5601525760.0,12410.30155858408,3423588.5232947282,74.95870619125273,11283490816.0,87755154432.0,1641.471,975748.8505614839,895618.7814063175,21066242920.0,6236025242.0,1.52
2026-09-11T17:52:45.677213Z,606.673,azure-2,crdb-azure-2,32.349896480322336,13501.95,17232.82,8327364608.0,6073323520.0,9804.262815792265,3442930.292145717,71.28994812752734,10799118336.0,87901946880.0,1395.781,934852.5765193927,507809.03190355166,20985237109.0,5432686097.0,1.77
2026-09-11T17:52:46.509623Z,607.505,gcp-1,crdb-gcp-1,99.7927461139851,10739.51,17433.85,8324022272.0,2281414656.0,136411949.8929147,1981249.073660873,63.29653482910717,172779165696.0,88628564992.0,1185.026,3146605.3832248063,10094980.4508788,21967858297.0,89956572617.0,56.84
2026-09-11T17:52:46.492022Z,607.488,client-1,crdb-client-1,21.801208127415595,16357.95,17578.9,8324030464.0,7477215232.0,0.0,37110.248033215925,0.08628684903551748,566323200.0,5770232832.0,16.825,6768237.1098480215,1543091.0187522538,9301170628.0,2108655310.0,1.04
2026-09-11T17:52:51.680335Z,612.676,linode-1,crdb-linode-1,22.729658792656615,13721.11,17135.170000000002,8322887680.0,3751952384.0,12515.977519706008,3483859.154308755,86.4931121105625,19309234176.0,85207486464.0,1997.8200000000002,783878.698958622,633372.4156336347,21500008383.0,7091985763.0,1.42
2026-09-11T17:52:51.566334Z,612.562,linode-2,crdb-linode-2,21.768707482986393,13346.81,16730.1,8322887680.0,6181941248.0,0.0,3675553.3082664264,91.8882175554129,11619375104.0,85669916672.0,1936.756,773299.5202101739,522352.9903011046,21911583487.0,5190940823.0,0.51
2026-09-11T17:52:50.838936Z,611.835,azure-1,crdb-azure-1,30.651731160899264,13663.09,17106.3,8327364608.0,5594497024.0,17453.206579490186,2501120.386347811,75.8835068673487,11283585024.0,87768654848.0,1645.567,769014.1297118643,618273.8405744786,21070393864.0,6239362528.0,1.61
2026-09-11T17:52:51.058690Z,612.054,azure-2,crdb-azure-2,33.669354838710895,13515.11,17252.66,8327364608.0,6070763520.0,21311.48700950712,2569556.4337177156,73.26938588037652,10799233024.0,87915774976.0,1399.724,756749.7423642956,424770.11293655285,20989309566.0,5434972002.0,1.71
2026-09-11T17:52:52.054403Z,613.05,gcp-1,crdb-gcp-1,99.89832231824893,10739.53,17453.52,8324022272.0,2281549824.0,118780838.50693823,856164.6309247266,53.32921897000701,173437782016.0,88633312256.0,1187.983,2746479.484777586,8631569.806525927,21983086984.0,90004432969.0,57.81
2026-09-11T17:52:53.190000Z,614.186,client-1,crdb-client-1,23.50684931505803,16371.91,17597.149999999998,8324030464.0,7478919168.0,0.0,6115.2585909625295,0.02985966108872072,566323200.0,5770273792.0,16.827,4983193.141863186,1130271.4806611354,9334548054.0,2116225868.0,0.95
2026-09-11T17:52:56.356147Z,617.352,linode-1,crdb-linode-1,22.422954303938525,13735.71,17153.99,8322887680.0,3752677376.0,113003.26899375254,4716353.49040592,97.3517139920117,19309762560.0,85229539328.0,2002.372,1038452.7862645285,621399.2839444053,21504864011.0,7094891320.0,1.47
2026-09-11T17:52:56.652641Z,617.648,linode-2,crdb-linode-2,21.782700421937705,13361.64,16749.059999999998,8322887680.0,6181732352.0,11274.14087303217,4342960.12344732,88.70836289606673,11619432448.0,85692006400.0,1941.268,944624.5287512768,579194.2419459611,21916388159.0,5193886796.0,0.55
2026-09-11T17:52:55.693056Z,616.689,azure-1,crdb-azure-1,30.14069264069178,13676.0,17124.78,8327364608.0,5623336960.0,2531.440538341437,3486637.4348089388,75.95557669974932,11283597312.0,87785579520.0,1649.2540000000001,1009704.0356502502,923990.2171357119,21075295122.0,6243847718.0,1.61
2026-09-11T17:52:55.971736Z,616.967,azure-2,crdb-azure-2,39.278242677817985,13526.720000000001,17271.78,8327364608.0,6073638912.0,5835.860718654863,15845195.545536332,72.68365871343474,10799261696.0,87993623552.0,1403.2949999999998,963478.785304597,511065.44762594916,20994043206.0,5437482903.0,1.65
2026-09-11T17:52:56.852281Z,617.848,gcp-1,crdb-gcp-1,100.0,10739.53,17472.72,8324022272.0,2277883904.0,132717768.28119327,3693979.7335198107,61.8393920833757,174074550272.0,88651035648.0,1190.95,3138486.2912038816,10039609.672937915,21998145167.0,90052602139.0,58.31
2026-09-11T17:52:57.251007Z,618.247,client-1,crdb-client-1,22.35485621269081,16386.22,17615.579999999998,8324030464.0,7478243328.0,0.0,96827.11318147433,0.2216196743350479,566323200.0,5770667008.0,16.836000000000002,7996295.4213186195,1823119.0380133914,9367021100.0,2123629575.0,1.12
2026-09-11T17:53:01.227072Z,622.223,linode-1,crdb-linode-1,29.09471480898347,13749.26,17173.1,8322887680.0,3781193728.0,794655.1487109206,20159013.62967926,95.9157173543279,19313633280.0,85327732736.0,2007.044,796967.4319398627,655256.6814270528,21508745994.0,7098083038.0,1.43
2026-09-11T17:53:01.466061Z,622.462,linode-2,crdb-linode-2,27.53774076003087,13375.56,16768.27,8322887680.0,6162628608.0,5956.643149321326,22328902.319741655,94.9838604865297,11619461120.0,85799485440.0,1945.8400000000001,737984.2922424902,493397.3197188419,21919940409.0,5196261739.0,0.67
2026-09-11T17:53:00.508970Z,621.505,azure-1,crdb-azure-1,28.699315429174664,13689.54,17143.77,8327364608.0,5622607872.0,16159.627400788817,3077983.766497617,78.36455824755238,11283675136.0,87800402944.0,1653.028,767560.914283893,570163.8312928248,21078991659.0,6246593600.0,1.64
2026-09-11T17:53:00.626820Z,621.623,azure-2,crdb-azure-2,36.67188315076567,13538.86,17290.95,8327364608.0,6071320576.0,3044449.9819677933,17583898.3929608,76.62595599879722,10813433856.0,88075478016.0,1406.8619999999999,772453.8673645485,443182.8757365581,20997639041.0,5439545955.0,1.6
2026-09-11T17:53:01.684959Z,622.681,gcp-1,crdb-gcp-1,99.69040247678277,10739.59,17492.1,8324022272.0,2272804864.0,134861733.54013976,3941144.691120112,70.82985906892719,174726297600.0,88670082048.0,1194.373,2883568.608188509,9308618.375193032,22012080611.0,90097587970.0,60.12
2026-09-11T17:53:01.796420Z,622.792,client-1,crdb-client-1,21.409066084115846,16400.61,17633.89,8324030464.0,7478624256.0,0.0,0.0,0.0,566323200.0,5770667008.0,16.836000000000002,6961129.019690166,1575872.9404315643,9398662561.0,2130792626.0,1.11
2026-09-11T17:53:06.171207Z,627.167,linode-1,crdb-linode-1,19.721936148307794,13764.85,17192.52,8322887680.0,3780571136.0,12426.749735960417,3857263.1180421137,84.38216129301298,19313694720.0,85346803712.0,2011.2160000000001,888071.8852931318,502276.1179899079,21513136775.0,7100566378.0,1.47
2026-09-11T17:53:06.423318Z,627.419,linode-2,crdb-linode-2,18.79854997409538,13391.24,16787.579999999998,8322887680.0,6161940480.0,6610.070826574629,3880937.8340526293,83.75553610820509,11619493888.0,85818724352.0,1949.992,880264.6327966887,526693.8243448604,21924304131.0,5198872710.0,0.62
2026-09-11T17:53:05.552387Z,626.548,azure-1,crdb-azure-1,33.06962025316839,13702.23,17162.73,8327364608.0,5627453440.0,6497.1521998522985,19819562.785649437,71.95485026020769,11283707904.0,87900361728.0,1656.6570000000002,888003.1545376192,844101.7733981509,21083470250.0,6250850777.0,1.83
2026-09-11T17:53:05.640073Z,626.636,azure-2,crdb-azure-2,28.703703703695904,13552.720000000001,17310.39,8327364608.0,6075625472.0,0.0,3199470.5829986027,62.334073975548485,10813433856.0,88091517952.0,1409.9869999999999,868393.8370321526,467553.8263235003,21001992568.0,5441889947.0,1.55
2026-09-11T17:53:06.545617Z,627.541,gcp-1,crdb-gcp-1,99.06347554630447,10739.77,17511.32,8324022272.0,2270679040.0,137273221.58762437,8559983.946513742,69.80534106652338,175393536000.0,88711689216.0,1197.766,2780950.150728374,9271687.150765002,22025597863.0,90142654485.0,60.76
2026-09-11T17:53:06.736218Z,627.732,client-1,crdb-client-1,21.501340482582975,16415.25,17652.54,8324030464.0,7476842496.0,0.0,38971.331636250085,0.10121792832717526,566323200.0,5770859520.0,16.841,6319806.546080662,1444189.74995968,9429881371.0,2137926687.0,1.1
2026-09-11T17:53:11.137410Z,632.133,linode-1,crdb-linode-1,20.42216358839394,13779.93,17211.47,8322887680.0,3780292608.0,37939.56777407323,3200120.064421829,89.72630456079455,19313883136.0,85362696192.0,2015.672,794684.4949942017,628541.8246775204,21517083348.0,7103687851.0,1.52
2026-09-11T17:53:11.456815Z,632.453,linode-2,crdb-linode-2,19.822175732228942,13406.57,16806.7,8322887680.0,6161096704.0,14647.405140652027,3176859.4260614174,88.0497227422011,11619567616.0,85834715136.0,1954.424,727622.4856560375,480882.607149424,21927966633.0,5201293242.0,0.65
2026-09-11T17:53:10.492740Z,631.489,azure-1,crdb-azure-1,27.55532139093616,13715.98,17181.71,8327364608.0,5628071936.0,17410.862254840384,2386946.3062707363,72.46429370387754,11283793920.0,87912154112.0,1660.237,765116.6740431453,563664.7230609923,21087250205.0,6253635486.0,1.76
2026-09-11T17:53:10.788242Z,631.784,azure-2,crdb-azure-2,31.036269430051856,13566.03,17329.69,8327364608.0,6072926208.0,16708.01806278796,2323210.130635278,67.01388383163507,10813519872.0,88103478272.0,1413.437,718871.1403955646,414437.7495212353,21005693451.0,5444023550.0,1.51
2026-09-11T17:53:11.489405Z,632.485,gcp-1,crdb-gcp-1,99.74200206398726,10739.82,17530.7,8324022272.0,2271326208.0,115690089.43573184,8748194.635747636,67.47792839466734,175965489152.0,88754938880.0,1201.102,2914311.248047356,9517569.034882661,22040005748.0,90189707812.0,59.25
2026-09-11T17:53:11.460287Z,632.456,client-1,crdb-client-1,22.76200873361528,16429.4,17670.86,8324030464.0,7477100544.0,0.0,9537.497470069226,0.02116809630248357,566323200.0,5770904576.0,16.842,7047299.343835333,1610668.5935257992,9463173450.0,2145535631.0,1.33
2026-09-11T17:53:16.122331Z,637.118,linode-1,crdb-linode-1,19.689673622251092,13794.94,17230.16,8322887680.0,3782434816.0,40262.06565349425,4056608.533291859,86.42028999684216,19314083840.0,85382918144.0,2019.9800000000002,919422.2154882927,532517.6945139637,21521666613.0,7106342420.0,1.48
2026-09-11T17:53:16.370208Z,637.366,linode-2,crdb-linode-2,18.542336548762883,13421.77,16825.36,8322887680.0,6160941056.0,12504.515793504554,4120654.7711528675,86.70123255261929,11619629056.0,85854961664.0,1958.684,918842.1595269345,560926.2424884164,21932481295.0,5204049311.0,0.59
2026-09-11T17:53:15.501550Z,636.497,azure-1,crdb-azure-1,26.48762506583491,13729.939999999999,17200.7,8327364608.0,5627539456.0,22079.30362490993,3297993.7599726575,67.81990959004051,11283904512.0,87928673280.0,1663.634,936222.2079232914,887498.8835322683,21091939605.0,6258080838.0,1.7
2026-09-11T17:53:15.630812Z,636.627,azure-2,crdb-azure-2,31.27889060093272,13579.41,17349.16,8327364608.0,6072819712.0,12687.395290935925,3417984.291378138,69.03314202083291,10813581312.0,88120030208.0,1416.78,940411.4628245973,509622.97405429784,21010247489.0,5446491451.0,1.47
2026-09-11T17:53:16.756659Z,637.752,gcp-1,crdb-gcp-1,99.84472049689101,10739.85,17550.02,8324022272.0,2274099200.0,111997016.55694994,9151183.427939892,61.455018285319724,176555407360.0,88803140608.0,1204.339,2671770.874059568,8649748.638937637,22054078679.0,90235268349.0,57.95
2026-09-11T17:53:16.544720Z,637.541,client-1,crdb-client-1,22.126745435011852,16443.9,17689.48,8324030464.0,7478050816.0,0.0,34640.58234213304,0.07867138068255952,566323200.0,5771080704.0,16.846,6068397.193755498,1388258.9816166381,9494027858.0,2152594152.0,1.62
2026-09-11T17:53:21.106595Z,642.102,linode-1,crdb-linode-1,15.240641711231294,13810.79,17248.86,8322887680.0,3782045696.0,15613.851955965049,2623948.910284021,80.09161313760778,19314161664.0,85395996672.0,2023.9720000000002,692477.263449334,554162.7391580831,21525118122.0,7109104529.0,1.52
2026-09-11T17:53:21.337759Z,642.334,linode-2,crdb-linode-2,16.831168831167698,13437.78,16844.61,8322887680.0,6160957440.0,3298.1929867165563,2655869.902553507,80.11967826618624,11619645440.0,85868154880.0,1962.664,616432.3497396141,419254.60063494206,21935543465.0,5206131987.0,0.63
2026-09-11T17:53:20.455059Z,641.451,azure-1,crdb-azure-1,23.35423197490941,13744.61,17219.84,8327364608.0,5624508416.0,0.0,2000239.3587260186,60.86581880424934,11283904512.0,87938581504.0,1666.6490000000001,641256.2248299221,513381.2779941238,21095116080.0,6260623882.0,1.64
2026-09-11T17:53:20.578235Z,641.574,azure-2,crdb-azure-2,27.70025839792851,13593.4,17368.51,8327364608.0,6071496704.0,0.0,1987799.2693740828,59.50565284725542,10813581312.0,88129864704.0,1419.724,627526.9279346801,424209.8162427762,21013352134.0,5448590199.0,1.51
2026-09-11T17:53:21.416741Z,642.413,gcp-1,crdb-gcp-1,99.7916666666716,10739.89,17569.22,8324022272.0,2270793728.0,123542645.16651408,6986777.509683762,71.32889296397501,177131128832.0,88835699712.0,1207.663,2410055.227861134,7733051.760568855,22065309785.0,90271305168.0,58.36
2026-09-11T17:53:21.393171Z,642.389,client-1,crdb-client-1,18.52846401719074,16459.07,17708.1,8324030464.0,7477088256.0,0.0,844.7971857743768,0.0,566323200.0,5771084800.0,16.846,5191531.361991889,1185632.8378676288,9519199003.0,2158342694.0,1.49
2026-09-11T17:53:26.121798Z,647.118,linode-1,crdb-linode-1,19.93687532877103,13826.01,17267.87,8322887680.0,3780878336.0,12250.702532717947,3003055.5475202594,76.80616236332656,19314223104.0,85411057664.0,2027.824,759275.3735176646,393876.0378624715,21528926057.0,7111079905.0,1.72
2026-09-11T17:53:26.354044Z,647.35,linode-2,crdb-linode-2,16.4915966386612,13453.68,16863.65,8322887680.0,6160994304.0,6532.281844618991,3360042.473825894,73.9187655024651,11619678208.0,85885009920.0,1966.372,770567.6461661494,477411.16474787635,21939408877.0,5208526833.0,0.58
2026-09-11T17:53:25.483031Z,646.479,azure-1,crdb-azure-1,22.698744769876445,13759.39,17238.96,8327364608.0,5628411904.0,9775.648141293348,2907440.684689663,56.225092153801015,11283953664.0,87953200128.0,1669.476,782742.3837405319,876470.4277938076,21099051712.0,6265030779.0,1.59
2026-09-11T17:53:25.577951Z,646.574,azure-2,crdb-azure-2,25.672877846786758,13607.76,17387.829999999998,8327364608.0,6074003456.0,13927.052599415978,2982846.971439622,55.26258951658035,10813650944.0,88144778240.0,1422.4869999999999,774147.8753316049,444757.4406225172,21017222692.0,5450813882.0,1.39
2026-09-11T17:53:26.480449Z,647.476,gcp-1,crdb-gcp-1,99.89550679205624,10739.91,17588.36,8324022272.0,2272456704.0,111831925.98416358,6368370.920720701,71.62682601389119,177697417216.0,88867947520.0,1211.29,2022039.71457923,6434777.894886788,22075548879.0,90303889244.0,59.53
2026-09-11T17:53:26.409716Z,647.406,client-1,crdb-client-1,15.265957446820078,16475.0,17726.9,8324030464.0,7477014528.0,0.0,79199.97812749297,0.15947160544354916,566323200.0,5771482112.0,16.854,4180306.5372208543,966734.613415007,9540169791.0,2163192383.0,1.37
2026-09-11T17:53:31.396957Z,652.393,linode-1,crdb-linode-1,17.221644120713364,13841.92,17287.09,8322887680.0,3780644864.0,3105.8596694352304,2352688.699597187,76.73657191085094,19314239488.0,85423468544.0,2031.872,610753.162323824,510101.05391173536,21532147896.0,7113770785.0,1.58
2026-09-11T17:53:31.537540Z,652.533,linode-2,crdb-linode-2,17.373319544987364,13469.66,16882.99,8322887680.0,6161022976.0,4741.170325152935,2390340.0389312715,76.16430844605773,11619702784.0,85897400320.0,1970.32,567362.1710158263,388224.6049767787,21942349816.0,5210539207.0,0.53
2026-09-11T17:53:30.586233Z,651.582,azure-1,crdb-azure-1,23.01587301587317,13773.94,17257.86,8327364608.0,5625708544.0,5618.401958534464,1880559.398406607,60.23635470331798,11283982336.0,87962797056.0,1672.5500000000002,607047.2469359596,496883.30183717306,21102149614.0,6267566489.0,1.46
2026-09-11T17:53:30.634892Z,651.631,azure-2,crdb-azure-2,27.230769230780194,13621.95,17407.33,8327364608.0,6071463936.0,6479.783975353816,1929355.6786615986,58.216809153573145,10813683712.0,88154534912.0,1425.431,594037.4785459685,369005.9792370922,21020226715.0,5452679930.0,1.52
2026-09-11T17:53:32.032846Z,653.029,gcp-1,crdb-gcp-1,99.94767137624166,10739.92,17607.47,8324022272.0,2270347264.0,102595809.1017996,5645587.499324631,65.75508060065104,178267072512.0,88899294208.0,1214.941,2011366.8698705907,6560772.690496362,22086716838.0,90340317427.0,59.01
2026-09-11T17:53:31.986312Z,652.982,client-1,crdb-client-1,20.26881720428545,16489.83,17745.5,8324030464.0,7478104064.0,0.0,5141.479448508942,0.035864114456718936,566323200.0,5771510784.0,16.856,4692843.22629205,1068156.5217529433,9566339924.0,2169149070.0,1.42
2026-09-11T17:53:36.620327Z,657.616,linode-1,crdb-linode-1,15.675116399374712,13858.22,17306.42,8322887680.0,3779850240.0,25093.240695562694,3024519.667587041,71.29457729360924,19314370560.0,85439266816.0,2035.5960000000002,726690.8467045142,395390.2682264131,21535943692.0,7115836066.0,1.45
2026-09-11T17:53:37.159710Z,658.156,linode-2,crdb-linode-2,15.47307893360017,13485.83,16902.12,8322887680.0,6160859136.0,16027.964036202797,2797608.268137215,64.53019966635549,11619792896.0,85913128960.0,1973.948,676675.9821077054,420312.51082019863,21946154206.0,5212902277.0,0.73
2026-09-11T17:53:36.000037Z,656.996,azure-1,crdb-azure-1,22.610966057433956,13788.76,17277.01,8327364608.0,5625409536.0,10592.1379096139,2648034.477403475,53.88055643544723,11284039680.0,87977133056.0,1675.467,736642.8874058503,767788.693593826,21106137671.0,6271723164.0,1.59
2026-09-11T17:53:36.076510Z,657.072,azure-2,crdb-azure-2,25.756798358127973,13636.42,17426.82,8327364608.0,6071959552.0,17312.41594048318,2672133.764726752,48.12883974622534,10813777920.0,88169075712.0,1428.05,702355.4233952172,420649.918510067,21024048683.0,5454968957.0,1.4
2026-09-11T17:53:37.342178Z,658.338,gcp-1,crdb-gcp-1,99.58549222797963,10740.0,17626.77,8324022272.0,2269118464.0,113706380.08307973,9626418.597566092,71.12000837178554,178870777856.0,88950404096.0,1218.717,1972209.062664083,6449679.561332923,22097187958.0,90374560941.0,60.29
2026-09-11T17:53:36.980986Z,657.977,client-1,crdb-client-1,16.027689030895765,16505.6,17764.28,8324030464.0,7478108160.0,0.0,37723.13119401647,0.08008477240573106,566323200.0,5771699200.0,16.86,4538788.05871898,1044619.3644791425,9589009842.0,2174366638.0,1.47
2026-09-11T17:53:41.539597Z,662.536,linode-1,crdb-linode-1,17.057902973406016,13874.119999999999,17325.59,8322887680.0,3779854336.0,44962.27150203643,2647778.2106754784,78.70999496160572,19314591744.0,85452292096.0,2039.468,685643.1320144774,559747.3895051448,21539316593.0,7118589645.0,1.34
2026-09-11T17:53:41.473080Z,662.469,linode-2,crdb-linode-2,16.244725738413056,13501.71,16921.08,8322887680.0,6160416768.0,0.0,2995028.526048614,88.37556802015587,11619792896.0,85926047744.0,1977.76,717611.2351698971,498778.53766793583,21949249557.0,5215053713.0,0.67
2026-09-11T17:53:40.600410Z,661.596,azure-1,crdb-azure-1,22.541841004197373,13803.57,17296.13,8327364608.0,5622947840.0,13355.372378705999,2068302.002382269,64.08144168689212,11284101120.0,87986648064.0,1678.4150000000002,670113.4171424793,554319.9040460085,21109220458.0,6274273255.0,1.54
2026-09-11T17:53:40.661659Z,661.658,azure-2,crdb-azure-2,25.973360655744948,13650.869999999999,17446.34,8327364608.0,6069805056.0,20546.14257087464,2093919.9211360938,60.04111168649842,10813872128.0,88178676736.0,1430.8029999999999,650509.1325729336,412022.04212908,21027031392.0,5456858157.0,1.53
2026-09-11T17:53:41.601921Z,662.598,gcp-1,crdb-gcp-1,99.58463136033264,10740.08,17646.03,8324022272.0,2268393472.0,142698874.06284857,9807813.183120888,83.52529322137342,179478644736.0,88992183296.0,1222.275,2566210.638428792,8232010.869046105,22108119470.0,90409627558.0,61.95
2026-09-11T17:53:41.517618Z,662.514,client-1,crdb-client-1,17.700534759364604,16520.989999999998,17782.98,8324030464.0,7478579200.0,0.0,20765.872137581806,0.2645109392524957,566323200.0,5771793408.0,16.872,5361747.392390804,1235514.7265920052,9613334344.0,2179971766.0,1.83
2026-09-11T17:53:46.747985Z,667.744,linode-1,crdb-linode-1,18.842805939564123,13889.970000000001,17345.12,8322887680.0,3779907584.0,279967.38202242495,3432746.1306963055,68.35141162656754,19316049920.0,85470171136.0,2043.028,787307.8468024501,450557.1455745589,21543417190.0,7120936317.0,1.39
2026-09-11T17:53:46.914121Z,667.91,linode-2,crdb-linode-2,16.29242819842046,13517.74,16940.23,8322887680.0,6160166912.0,0.0,3271633.2134099044,63.884383234343076,11619792896.0,85943848960.0,1981.236,750267.8639036351,424849.89478883345,21953331824.0,5217365355.0,0.7
2026-09-11T17:53:45.537417Z,666.533,azure-1,crdb-azure-1,22.64550264548948,13818.19,17315.03,8327364608.0,5623504896.0,0.0,3136898.4501599837,54.405128781302885,11284101120.0,88002135040.0,1681.101,856570.8756732468,1127512.4680189444,21113449378.0,6279839823.0,1.58
2026-09-11T17:53:45.734106Z,666.73,azure-2,crdb-azure-2,30.13415892672775,13664.41,17465.72,8327364608.0,6068215808.0,0.0,16696625.06589034,50.03487705007501,10813872128.0,88263369728.0,1433.341,807308.4040583741,419090.592456529,21031126433.0,5458983978.0,1.4
2026-09-11T17:53:47.124293Z,668.12,gcp-1,crdb-gcp-1,99.6847083552313,10740.14,17665.06,8324022272.0,2271076352.0,104518035.76188424,6212561.242887857,60.770949023611266,180055832576.0,89026491392.0,1225.631,1883900.6873024027,5890768.383999753,22118523077.0,90442158593.0,63.23
2026-09-11T17:53:47.127946Z,668.124,client-1,crdb-client-1,15.172413793088413,16536.98,17801.829999999998,8324030464.0,7477956608.0,0.0,5840.640725477728,0.106945325783898,566323200.0,5771826176.0,16.878,3788251.730663552,876712.1138981744,9634587737.0,2184890422.0,1.69
2026-09-11T17:53:51.574589Z,672.571,linode-1,crdb-linode-1,25.781650435684,13904.45,17364.63,8322887680.0,3750141952.0,1305186.495900331,21263168.297320347,88.67476726403414,19322349568.0,85572800512.0,2047.308,786812.6602220295,637596.6458967249,21547214841.0,7124013758.0,1.28
2026-09-11T17:53:52.094405Z,673.09,linode-2,crdb-linode-2,27.997967479675488,13531.91,16959.91,8322887680.0,6182744064.0,11069.674226076122,25278391.786260974,81.54001104029157,11619850240.0,86074798080.0,1985.46,675660.7234428279,389540.60828249797,21956831935.0,5219383284.0,0.64
2026-09-11T17:53:50.745533Z,671.742,azure-1,crdb-azure-1,33.56128353499292,13830.82,17334.04,8327364608.0,5620838400.0,4718.756098857071,23075503.78276089,61.403735368425615,11284125696.0,88122315776.0,1684.299,695357.557665269,953143.2263866321,21117070906.0,6284803938.0,1.53
2026-09-11T17:53:50.916498Z,671.913,azure-2,crdb-azure-2,30.788804071237273,13678.01,17485.37,8327364608.0,6067535872.0,10274.744114395431,11629429.607631875,57.57932023241722,10813925376.0,88323638272.0,1436.325,684838.2851384234,366990.2105655088,21034675550.0,5460885874.0,1.45
2026-09-11T17:53:52.257996Z,673.254,gcp-1,crdb-gcp-1,99.94810586403622,10740.15,17684.329999999998,8324022272.0,2261426176.0,117402686.33724846,5974334.107791588,66.40346225008449,180658550784.0,89057162240.0,1229.04,2097394.747764265,6410091.391804605,22129290616.0,90475066518.0,63.21
2026-09-11T17:53:52.244262Z,673.24,client-1,crdb-client-1,17.270341207351024,16552.74,17820.88,8324030464.0,7478263808.0,0.0,4002.8608986217373,0.0,566323200.0,5771846656.0,16.878,4489823.390401303,1032867.8921001058,9657559203.0,2190174926.0,1.71
2026-09-11T17:53:56.835770Z,677.832,linode-1,crdb-linode-1,17.252066115696564,13920.47,17383.989999999998,8322887680.0,3749859328.0,10120.836636893317,3487796.0102524664,73.06283058935252,19322402816.0,85591150592.0,2051.152,769002.2578160091,421520.45337573666,21551260735.0,7126231472.0,1.5
2026-09-11T17:53:57.341245Z,678.337,linode-2,crdb-linode-2,18.247422680415504,13547.77,16979.31,8322887680.0,6182141952.0,11709.731962157244,3534777.7549765334,72.80464859283842,11619911680.0,86093344768.0,1989.28,770171.598662767,441095.34937547304,21960872962.0,5221697675.0,0.91
2026-09-11T17:53:55.653175Z,676.649,azure-1,crdb-azure-1,28.886554621833827,13844.36,17353.079999999998,8327364608.0,5615173632.0,6633485.5393179525,15286728.879988376,63.14595802386962,11316680704.0,88197338112.0,1687.3980000000001,849210.6429496052,1041126.2674231734,21121238558.0,6289913450.0,1.65
2026-09-11T17:53:55.679724Z,676.676,azure-2,crdb-azure-2,26.10275038920883,13692.25,17504.64,8327364608.0,6083624960.0,0.0,3382041.1580296448,55.96997838369614,10813925376.0,88339747840.0,1438.991,847271.8952411606,463112.7322428717,21038711333.0,5463091804.0,1.66
2026-09-11T17:53:57.338074Z,678.334,gcp-1,crdb-gcp-1,100.0,10740.15,17703.33,8324022272.0,2263965696.0,117842988.30177033,6592208.767098452,65.47151139102822,181257201664.0,89090651136.0,1232.366,2192377.9280934026,6929471.695229768,22140428054.0,90510268734.0,63.12
2026-09-11T17:53:57.155509Z,678.152,client-1,crdb-client-1,16.53333333334498,16568.39,17839.63,8324030464.0,7477174272.0,0.0,8340.008321206977,0.04072269688087087,566323200.0,5771887616.0,16.88,4687563.779047124,1070632.4827696776,9680581076.0,2195433087.0,1.9
2026-09-11T17:54:01.705473Z,682.702,linode-1,crdb-linode-1,14.301191765985056,13936.29,17402.45,8322887680.0,3750535168.0,60560.073686081494,2482121.9089948125,77.45788504499492,19322697728.0,85603237888.0,2054.924,647747.1081291212,530944.6423342543,21554415097.0,7128817036.0,1.38
2026-09-11T17:54:01.615559Z,682.612,linode-2,crdb-linode-2,16.718587746623115,13563.81,16998.57,8322887680.0,6181687296.0,0.0,2842268.53687108,87.78025590761709,11619911680.0,86105493504.0,1993.0320000000002,678438.6715231411,439141.3182975559,21963772819.0,5223574701.0,1.24
2026-09-11T17:54:00.763628Z,681.76,azure-1,crdb-azure-1,22.57894736844047,13859.07,17372.08,8327364608.0,5620658176.0,0.0,1863469.16449357,59.192227639793295,11316680704.0,88206861312.0,1690.423,607037.5253773438,484150.9386149868,21124340804.0,6292387688.0,1.76
2026-09-11T17:54:00.807290Z,681.803,azure-2,crdb-azure-2,27.1428571428712,13706.529999999999,17524.24,8327364608.0,6081421312.0,0.0,1926741.6077024217,55.69861904262568,10813925376.0,88349627392.0,1441.847,584677.7261982518,350564.8849900812,21041709324.0,5464889359.0,1.6
2026-09-11T17:54:01.807080Z,682.803,gcp-1,crdb-gcp-1,98.90052356020439,10740.36,17722.43,8324022272.0,2263470080.0,131592428.14375196,9750031.346199136,76.61606343733116,181845293056.0,89134224384.0,1235.79,2446331.214509658,7982569.47145003,22151360798.0,90545943130.0,63.67
2026-09-11T17:54:01.708814Z,682.705,client-1,crdb-client-1,17.891891891879308,16583.58,17858.13,8324030464.0,7476531200.0,0.0,8995.582589211625,0.021961871555719284,566323200.0,5771928576.0,16.881,5488798.127828731,1267302.3310849036,9705573473.0,2201203553.0,2.14
2026-09-11T17:54:06.565852Z,687.562,linode-1,crdb-linode-1,19.093333333342642,13951.46,17421.2,8322887680.0,3750916096.0,14326.34720218979,4361108.633607775,89.70426499533163,19322767360.0,85624434688.0,2059.284,982052.4603284391,571717.376836652,21559188280.0,7131595820.0,1.27
2026-09-11T17:54:06.554482Z,687.551,linode-2,crdb-linode-2,21.883083290227624,13578.91,17017.9,8322887680.0,6181695488.0,0.0,4231204.481941077,87.1436757063799,11619911680.0,86126391296.0,1997.336,955975.436181831,578661.3403247223,21968494353.0,5226432692.0,1.46
2026-09-11T17:54:05.639460Z,686.636,azure-1,crdb-azure-1,26.83706070287203,13872.81,17390.86,8327364608.0,5618696192.0,4200.289871720834,3354351.491556258,73.0538697415534,11316701184.0,88223216640.0,1693.9850000000001,986347.6306786462,904834.9349864481,21129150091.0,6296799531.0,1.78
2026-09-11T17:54:05.824140Z,686.82,azure-2,crdb-azure-2,31.825192802035886,13719.79,17543.69,8327364608.0,6082973696.0,5715.140547855527,3310699.2745077373,67.59222097439498,10813954048.0,88366236672.0,1445.238,932147.7552774916,505440.117347467,21046385769.0,5467425076.0,1.63
2026-09-11T17:54:06.694940Z,687.691,gcp-1,crdb-gcp-1,99.68911917098708,10740.42,17741.73,8324022272.0,2232385536.0,117252664.83124381,10924822.339624401,63.5854544838776,182418413568.0,89187623936.0,1238.8980000000001,3080315.7124959263,10140538.312537929,22166417105.0,90595509172.0,62.73
2026-09-11T17:54:06.666011Z,687.662,client-1,crdb-client-1,22.361262241573275,16597.85,17876.51,8324030464.0,7476256768.0,0.0,6610.148109013834,0.04034514226690778,566323200.0,5771961344.0,16.883,6888988.516648939,1568432.3333295481,9739723748.0,2208978627.0,1.97
2026-09-11T17:54:11.276820Z,692.273,linode-1,crdb-linode-1,22.922181048164326,13966.02,17440.09,8322887680.0,3750547456.0,24344.85344513339,3937780.0447503263,98.66322441143221,19322882048.0,85642985472.0,2063.9320000000002,939284.7221808966,746599.9874892874,21563613227.0,7135113034.0,1.24
2026-09-11T17:54:11.507026Z,692.503,linode-2,crdb-linode-2,21.595744680839513,13593.650000000001,17036.7,8322887680.0,6181765120.0,13232.76716204431,3820961.5180402943,93.68902531721027,11619977216.0,86145314816.0,2001.976,833439.3967816291,545664.2673836934,21972622007.0,5229135124.0,1.34
2026-09-11T17:54:10.658827Z,691.655,azure-1,crdb-azure-1,27.940393826502163,13886.35,17409.65,8327364608.0,5623992320.0,18768.811579415345,2460346.3874755334,75.30794387970182,11316795392.0,88235566080.0,1697.765,822550.4193439549,579017.4786157069,21133278793.0,6299705846.0,1.71
2026-09-11T17:54:10.826828Z,691.823,azure-2,crdb-azure-2,33.50202429150778,13732.93,17563.45,8327364608.0,6082441216.0,10643.830158526345,2620838.487495602,72.98043853060769,10814007296.0,88379347968.0,1448.889,806702.5001302323,443174.76240825566,21050421468.0,5469642151.0,1.74
2026-09-11T17:54:11.644420Z,692.641,gcp-1,crdb-gcp-1,99.68879668050054,10740.48,17761.01,8324022272.0,2230427648.0,102364180.46106294,1098171.8391500842,60.329431836784096,182925064192.0,89193059328.0,1241.884,3395012.7133308155,11262535.531383004,22183220691.0,90651252994.0,62.27
2026-09-11T17:54:11.582769Z,692.579,client-1,crdb-client-1,27.108433734940718,16611.16,17894.77,8324030464.0,7475412992.0,0.0,91637.22602554709,0.1423696249509416,566323200.0,5772411904.0,16.89,8238363.361416802,1861536.1331499433,9780229961.0,2218131389.0,1.97
2026-09-11T17:54:16.163903Z,697.16,linode-1,crdb-linode-1,13.394683026597365,13982.96,17459.65,8322887680.0,3754291200.0,227970.5098447535,2680329.7444247124,50.0093281519783,19323996160.0,85656084480.0,2066.376,777528.6235172914,387450.54379056144,21567413078.0,7137006539.0,1.14
2026-09-11T17:54:16.638068Z,697.634,linode-2,crdb-linode-2,12.583806085614146,13610.6,17056.09,8322887680.0,6183350272.0,1128762.0465944507,2556877.5355318426,45.604625981930866,11625768960.0,86158434304.0,2004.316,723499.8509625962,378865.10774244054,21976334327.0,5231079103.0,1.23
2026-09-11T17:54:15.597397Z,696.594,azure-1,crdb-azure-1,16.526315789480194,13902.21,17428.65,8327364608.0,5623742464.0,0.0,2550351.6878240197,42.82578934632102,11316795392.0,88248161280.0,1699.88,815540.5171490605,803963.5824914409,21137306432.0,6303676311.0,1.82
2026-09-11T17:54:15.719547Z,696.716,azure-2,crdb-azure-2,18.68244981987115,13748.73,17582.88,8327364608.0,6080733184.0,0.0,2590153.115445207,36.5437149840169,10814007296.0,88392020992.0,1450.677,792952.2201682549,417707.53840849624,21054301201.0,5471685898.0,1.84
2026-09-11T17:54:16.641210Z,697.637,gcp-1,crdb-gcp-1,92.44984160506803,10741.91,17779.95,8324022272.0,2227101696.0,92908747.19514216,2670648.994739577,59.697897717727415,183389313024.0,89206404096.0,1244.867,2651501.2392657697,9892558.043128213,22196469781.0,90700684384.0,57.69
2026-09-11T17:54:17.083576Z,698.08,client-1,crdb-client-1,25.21929824560888,16624.8,17913.01,8324030464.0,7478218752.0,0.0,5212.282571298782,0.018178998923357812,566323200.0,5772440576.0,16.891000000000002,6836723.920360064,1546598.69388157,9817837774.0,2226639001.0,2.14
2026-09-11T17:54:21.676782Z,702.673,linode-1,crdb-linode-1,14.314720812164916,13999.84,17479.35,8322887680.0,3757707264.0,315766.50614497944,1582547.430797191,48.5403935227449,19325736960.0,85664808960.0,2069.052,566820.4688235881,430308.9560546988,21570537922.0,7139378804.0,1.13
2026-09-11T17:54:21.573794Z,702.57,linode-2,crdb-linode-2,11.41975308641715,13627.82,17075.53,8322887680.0,6182838272.0,0.0,1758477.4545754476,50.08346484410108,11625768960.0,86167113728.0,2006.788,573250.8408186942,328739.7996367598,21979163756.0,5232701684.0,1.13
2026-09-11T17:54:20.632539Z,701.629,azure-1,crdb-azure-1,15.352480417739978,13918.42,17447.8,8327364608.0,5621927936.0,0.0,1504125.743143977,39.26394696821678,11316795392.0,88255734784.0,1701.8570000000002,589015.4093638523,452812.61038208305,21140272215.0,6305956292.0,2.07
2026-09-11T17:54:21.031786Z,702.028,azure-2,crdb-azure-2,18.25726141078231,13764.49,17602.16,8327364608.0,6079008768.0,0.0,1424897.968640418,33.018051570155585,10814007296.0,88399590400.0,1452.431,540553.5065018688,305034.2763463669,21057172754.0,5473306315.0,1.78
2026-09-11T17:54:21.697057Z,702.693,gcp-1,crdb-gcp-1,92.61213720316843,10743.31,17798.9,8324022272.0,2222080000.0,91267821.76424845,1702927.15300073,59.69289557466955,183850752000.0,89215013888.0,1247.885,2568065.1099797245,9512751.019776132,22209453605.0,90748779693.0,53.55
2026-09-11T17:54:21.617466Z,702.614,client-1,crdb-client-1,25.096525096519674,16638.38,17931.14,8324030464.0,7476965376.0,0.0,7227.346091888051,0.0220561098995093,566323200.0,5772473344.0,16.892,8283276.398179847,1889499.2938979825,9855393247.0,2235205785.0,2.13
2026-09-11T17:54:26.183498Z,707.18,linode-1,crdb-linode-1,19.75890985325949,14015.15,17498.43,8322887680.0,3765682176.0,1396014.3694068473,3737246.801432914,83.96336831785293,19332028416.0,85681651712.0,2072.8360000000002,1083303.4104733067,560443.9452152243,21575420075.0,7141904572.0,1.04
2026-09-11T17:54:26.827783Z,707.824,linode-2,crdb-linode-2,17.835051546395285,13643.76,17094.93,8322887680.0,6182588416.0,0.0,3449697.650646673,66.69171835201713,11625768960.0,86185238528.0,2010.2920000000001,910117.9368049414,621884.4762220818,21983945539.0,5235969081.0,1.04
2026-09-11T17:54:25.605328Z,706.602,azure-1,crdb-azure-1,21.29337539432702,13933.39,17466.82,8327364608.0,5621489664.0,0.0,3015474.271704714,55.09935479434742,11316795392.0,88270730240.0,1704.597,954604.3655135749,853868.2662869261,21145019305.0,6310202438.0,2.47
2026-09-11T17:54:25.860826Z,706.857,azure-2,crdb-azure-2,23.987538940811593,13779.130000000001,17621.420000000002,8327364608.0,6083055616.0,0.0,3256232.18809648,52.204765659284554,10814007296.0,88415314944.0,1454.952,975318.7959332061,493583.1168339157,21061882628.0,5475689858.0,1.79
2026-09-11T17:54:26.606046Z,707.602,gcp-1,crdb-gcp-1,97.66960124287529,10743.76,17818.21,8324022272.0,2213273600.0,107722500.52814905,3034659.920845815,56.386204966568805,184379561984.0,89229911040.0,1250.653,3334155.411491652,12045136.770099716,22225820981.0,90807909295.0,50.22
2026-09-11T17:54:26.639791Z,707.636,client-1,crdb-client-1,30.88397790055577,16650.89,17949.239999999998,8324030464.0,7476019200.0,0.0,78293.19419000419,0.17919890027620045,566323200.0,5772866560.0,16.901,8806249.501910908,1981624.0487704375,9899621334.0,2245158199.0,2.36
2026-09-11T17:54:31.416277Z,712.412,linode-1,crdb-linode-1,23.08917197452405,14029.64,17517.27,8322887680.0,3756744704.0,864163.4937887859,3343154.2409165804,84.23808400517318,19336550400.0,85699145728.0,2077.2439999999997,897684.4416998142,680175.899275395,21580117467.0,7145463788.0,0.96
2026-09-11T17:54:31.447963Z,712.444,linode-2,crdb-linode-2,21.101871101861235,13658.94,17114.17,8322887680.0,6182363136.0,886.5403091321386,3810350.248649932,93.76202683496871,11625773056.0,86202843136.0,2014.624,924970.1865851777,648701.4134303594,21988219093.0,5238966216.0,0.96
2026-09-11T17:54:30.587084Z,711.583,azure-1,crdb-azure-1,28.45144356954573,13947.02,17485.87,8327364608.0,5618450432.0,0.0,2524972.975812018,75.49536746566203,11316795392.0,88283309056.0,1708.3580000000002,878598.8674063523,566362.1919376231,21149396276.0,6313023920.0,2.51
2026-09-11T17:54:30.729023Z,711.725,azure-2,crdb-azure-2,33.50462487153509,13792.07,17640.88,8327364608.0,6083993600.0,0.0,4228738.58378187,72.65465852390139,10814007296.0,88435901440.0,1458.489,895206.2509090995,570836.580249332,21066240703.0,5478468825.0,1.73
2026-09-11T17:54:31.527312Z,712.524,gcp-1,crdb-gcp-1,99.28241927217117,10743.9,17837.72,8324022272.0,2218848256.0,101707025.52740031,4234740.964676046,57.484763230945546,184880093184.0,89250751488.0,1253.482,3411168.2019234328,11597444.709198821,22242608377.0,90864983847.0,49.88
2026-09-11T17:54:31.514362Z,712.511,client-1,crdb-client-1,31.938325991199314,16663.25,17967.4,8324030464.0,7475961856.0,0.0,4201.358122291854,0.0,566323200.0,5772887040.0,16.901,8670177.820844289,1959085.7020804277,9941885106.0,2254707986.0,2.73
2026-09-11T17:54:36.167254Z,717.164,linode-1,crdb-linode-1,26.430084745769765,14043.529999999999,17536.15,8322887680.0,3732180992.0,1753570.513827715,24499121.578880128,94.46375083131782,19344881664.0,85815541760.0,2081.732,1041756.0525696428,582226.7389027516,21585066880.0,7148229964.0,0.88
2026-09-11T17:54:36.500153Z,717.496,linode-2,crdb-linode-2,29.51838425687292,13672.55,17133.48,8322887680.0,6154731520.0,0.0,21931226.693874374,85.82403426109438,11625773056.0,86313644032.0,2018.96,969340.7029771461,553644.392381056,21993116394.0,5241763337.0,0.88
2026-09-11T17:54:35.537115Z,716.533,azure-1,crdb-azure-1,33.505955463494175,13959.86,17505.18,8327364608.0,5611376640.0,0.0,19836740.043232176,66.56460934979154,11316795392.0,88381502464.0,1711.653,1004771.8693731846,879876.6625476114,21154369975.0,6317379378.0,2.79
2026-09-11T17:54:35.701687Z,716.698,azure-2,crdb-azure-2,36.340206185557975,13804.42,17660.28,8327364608.0,6053724160.0,0.0,20752294.585377667,67.28759211591657,10814007296.0,88539096064.0,1461.835,986410.7619955265,502644.54716254777,21071145813.0,5480968318.0,1.67
2026-09-11T17:54:36.513508Z,717.51,gcp-1,crdb-gcp-1,99.28131416837147,10744.04,17857.2,8324022272.0,2219020288.0,101063849.17151023,3777089.779569078,57.47838791707227,185384019968.0,89269584896.0,1256.348,3379981.9058559514,11943777.170310622,22259461717.0,90924538171.0,49.17
2026-09-11T17:54:36.504053Z,717.5,client-1,crdb-client-1,28.169014084512312,16676.51,17985.86,8324030464.0,7476133888.0,0.0,6567.102016928349,0.02004120488567009,566323200.0,5772919808.0,16.902,8682991.30307991,1952404.760593298,9985210801.0,2264449939.0,2.75
2026-09-11T17:54:41.215224Z,722.211,linode-1,crdb-linode-1,20.813523507637342,14058.52,17555.079999999998,8322887680.0,3732750336.0,0.0,3450129.889591816,90.49161455991398,19344881664.0,85832957952.0,2086.2999999999997,877478.4462239221,675210.4720813382,21589496375.0,7151638414.0,0.97
2026-09-11T17:54:41.462002Z,722.458,linode-2,crdb-linode-2,21.878279118571808,13687.44,17152.54,8322887680.0,6144761856.0,0.0,3552099.6961026113,91.98128833746412,11625773056.0,86331269120.0,2023.524,828543.6237219024,520048.37885166943,21997227527.0,5244343754.0,0.89
2026-09-11T17:54:40.562087Z,721.558,azure-1,crdb-azure-1,29.308565531485097,13973.56,17524.56,8327364608.0,5607829504.0,0.0,2414407.616829516,75.22416751191776,11316795392.0,88393634816.0,1715.433,840980.3220378059,581417.3419805903,21158595885.0,6320300989.0,2.81
2026-09-11T17:54:40.692386Z,721.689,azure-2,crdb-azure-2,33.14606741573556,13817.51,17679.86,8327364608.0,6051659776.0,0.0,2581166.9886400886,72.1336660925086,10814007296.0,88551977984.0,1465.435,832121.9497655182,445898.8654906314,21075298713.0,5483193681.0,1.86
2026-09-11T17:54:41.601224Z,722.598,gcp-1,crdb-gcp-1,99.7442455243004,10744.09,17876.75,8324022272.0,2220802048.0,99635160.17113584,1138374.7160367009,55.899184984841106,185890936832.0,89275376640.0,1259.192,3392728.505231314,11632849.181039045,22276723006.0,90983722975.0,48.28
2026-09-11T17:54:41.547852Z,722.544,client-1,crdb-client-1,28.3664459160931,16689.49,18003.98,8324030464.0,7475433472.0,0.0,812.0849984974121,0.0,566323200.0,5772923904.0,16.902,8676001.282399083,1955967.1890774383,10028970877.0,2274315460.0,2.69
2026-09-11T17:54:46.208208Z,727.205,linode-1,crdb-linode-1,19.11842804037095,14073.75,17573.91,8322887680.0,3732455424.0,2461.0404321395954,4220684.341119407,87.6425205976928,19344893952.0,85854031872.0,2090.6760000000004,1023942.8294774019,568389.7852735841,21594608932.0,7154476390.0,0.89
2026-09-11T17:54:46.450768Z,727.447,linode-2,crdb-linode-2,20.85308056871802,13702.47,17171.53,8322887680.0,6123565056.0,0.0,4266123.654765527,88.03729305243449,11625773056.0,86352551936.0,2027.916,1001315.7654487952,568427.856373632,22002222886.0,5247179524.0,0.9
2026-09-11T17:54:45.737429Z,726.734,azure-1,crdb-azure-1,28.05071315372113,13987.18,17543.49,8327364608.0,5606031360.0,0.0,3273405.873193839,70.0241052532649,11316795392.0,88410575872.0,1719.057,1003189.2142517801,863438.3743246794,21163787751.0,6324769594.0,2.9
2026-09-11T17:54:45.754486Z,726.751,azure-2,crdb-azure-2,31.401965856174265,13830.77,17699.19,8327364608.0,6058151936.0,0.0,3475277.5083171064,67.5604415929494,10814007296.0,88569570304.0,1468.855,1013454.8249110285,521687.7042750334,21080428957.0,5485834534.0,1.87
2026-09-11T17:54:46.550756Z,727.547,gcp-1,crdb-gcp-1,99.68911917098708,10744.15,17896.05,8324022272.0,2220077056.0,101366236.86583002,2250100.400344451,60.93461599291729,186392655872.0,89286513664.0,1262.208,3550597.442173255,12280436.21608217,22294296928.0,91044505824.0,47.93
2026-09-11T17:54:46.553762Z,727.55,client-1,crdb-client-1,28.696604600230337,16702.51,18022.239999999998,8324030464.0,7474851840.0,0.0,6545.797572926808,0.01997618888217637,566323200.0,5772956672.0,16.903,8748582.10882586,1977664.2736240623,10072765928.0,2284215568.0,2.55
2026-09-11T17:54:51.165282Z,732.162,linode-1,crdb-linode-1,19.234746639095846,14089.369999999999,17593.25,8322887680.0,3732508672.0,0.0,2872191.7722818684,79.56290364591482,19344893952.0,85868269568.0,2094.62,804957.3027561324,613591.1705786732,21598599173.0,7157518013.0,0.98
2026-09-11T17:54:51.473514Z,732.47,linode-2,crdb-linode-2,17.879417879419034,13718.27,17190.77,8322887680.0,6122950656.0,76655.86123250872,2974084.3182442477,79.7171263025052,11626158080.0,86367490048.0,2031.9199999999998,738383.6651576905,451543.7651987534,22005931610.0,5249447520.0,0.83
2026-09-11T17:54:50.546693Z,731.543,azure-1,crdb-azure-1,23.113456464369676,14001.75,17562.44,8327364608.0,5601468416.0,0.0,2238223.9074689243,64.9159056234666,11316795392.0,88421340160.0,1722.179,791918.9470207837,563562.1740281769,21167596326.0,6327479933.0,3.15
2026-09-11T17:54:50.841736Z,731.838,azure-2,crdb-azure-2,27.77493606139704,13844.89,17718.74,8327364608.0,6057201664.0,0.0,2281789.0214305683,59.69809658255429,10814007296.0,88581178368.0,1471.892,747473.4394940252,405476.2732865038,21084231552.0,5487897299.0,1.72
2026-09-11T17:54:51.637554Z,732.634,gcp-1,crdb-gcp-1,99.07692307692159,10744.33,17915.55,8324022272.0,2218594304.0,97508842.66200224,1403497.3307117487,58.563194577842026,186888665088.0,89293652992.0,1265.1870000000001,3182099.2946979157,11262132.055967227,22310483671.0,91101794180.0,44.97
2026-09-11T17:54:51.803612Z,732.8,client-1,crdb-client-1,28.509011469146863,16715.6,18040.55,8324030464.0,7474569216.0,0.0,7021.903820949825,0.0380962663897483,566323200.0,5772993536.0,16.905,8288662.965694984,1866681.8140489748,10116280234.0,2294015383.0,2.35
2026-09-11T17:54:56.251547Z,737.248,linode-1,crdb-linode-1,20.943494038355993,14104.62,17612.54,8322887680.0,3732480000.0,17716.58835939237,4226211.623185962,85.3271412017994,19344984064.0,85889765376.0,2098.96,1009474.9335794542,574217.0575764513,21603733672.0,7160438657.0,1.14
2026-09-11T17:54:56.511359Z,737.508,linode-2,crdb-linode-2,21.57976251936248,13733.46,17210.14,8322887680.0,6122475520.0,0.0,4226999.412780405,87.49717029574767,11626158080.0,86388785152.0,2036.328,1000245.3001372572,584768.9172147079,22010970723.0,5252393514.0,0.92
2026-09-11T17:54:55.605245Z,736.602,azure-1,crdb-azure-1,27.810026385225505,14015.43,17581.39,8327364608.0,5604253696.0,0.0,3370842.2333616405,71.22563500491103,11316795392.0,88438391808.0,1725.7820000000002,1028183.2584618408,905437.9451542955,21172797465.0,6332060156.0,3.71
2026-09-11T17:54:55.783250Z,736.78,azure-2,crdb-azure-2,32.49744114635427,13858.08,17738.28,8327364608.0,6063693824.0,0.0,3497923.8828568715,69.91751874022417,10814007296.0,88598463488.0,1475.347,1035482.0951341667,534062.9938268584,21089348425.0,5490536391.0,1.74
2026-09-11T17:54:56.607896Z,737.604,gcp-1,crdb-gcp-1,99.6417604913014,10744.4,17935.09,8324022272.0,2215366656.0,101695014.17282122,2332976.1200873298,61.162335363027005,187394127872.0,89305248768.0,1268.227,3537113.0178091135,12308521.229478117,22328064464.0,91162972198.0,44.9
2026-09-11T17:54:56.569150Z,737.566,client-1,crdb-client-1,33.040131940633685,16727.78,18058.74,8324030464.0,7475290112.0,0.0,6016.498787803825,0.020983882490896357,566323200.0,5773022208.0,16.906,9346347.164761964,2097878.130911171,10160820834.0,2304012952.0,2.24
2026-09-11T17:55:01.245358Z,742.242,linode-1,crdb-linode-1,20.21220159151079,14119.66,17631.39,8322887680.0,3731050496.0,0.0,3274285.094423998,87.70818439599823,19344984064.0,85906116608.0,2103.34,876131.4717153409,666687.130835651,21608108926.0,7163767981.0,1.13
2026-09-11T17:55:01.516007Z,742.512,linode-2,crdb-linode-2,20.850622406638596,13748.720000000001,17229.420000000002,8322887680.0,6121529344.0,0.0,3387495.9581600544,87.19832713481534,11626158080.0,86405738496.0,2040.692,823522.2615482823,506548.74952498364,22015092191.0,5254928630.0,0.93
2026-09-11T17:55:00.608068Z,741.604,azure-1,crdb-azure-1,26.52196929592574,14029.31,17600.28,8327364608.0,5601472512.0,0.0,2319466.8070091684,70.83947804785561,11316795392.0,88449995776.0,1729.326,824788.800189931,573130.1552252917,21176923768.0,6334927446.0,3.49
2026-09-11T17:55:00.855118Z,741.851,azure-2,crdb-azure-2,31.813471502588854,13871.24,17757.579999999998,8327364608.0,6071582720.0,0.0,2450221.775594347,67.80505094499603,10814007296.0,88610890752.0,1478.786,816671.1240554882,455763.7065678543,21093490494.0,5492847976.0,2.0
2026-09-11T17:55:01.569034Z,742.565,gcp-1,crdb-gcp-1,99.53440248318604,10744.49,17954.420000000002,8324022272.0,2210697216.0,101204451.48650162,1208697.2448930778,59.19982923915586,187896219648.0,89311245312.0,1271.164,3394335.590101096,11818963.917263845,22344904316.0,91221608004.0,44.1
2026-09-11T17:55:01.605686Z,742.602,client-1,crdb-client-1,32.03296703294177,16740.15,18076.94,8324030464.0,7473418240.0,0.0,82138.894053424,0.1389842440763476,566323200.0,5773435904.0,16.913,8777550.331737755,1978255.0711860966,10205029336.0,2313976517.0,2.06
2026-09-11T17:55:06.244030Z,747.24,linode-1,crdb-linode-1,18.826017979902264,14135.01,17650.3,8322887680.0,3729571840.0,43428.745622977105,4093773.8326866725,82.8212553799011,19345201152.0,85926580224.0,2107.48,1009359.4436275716,569338.1158478033,21613154428.0,7166613941.0,1.04
2026-09-11T17:55:06.528004Z,747.524,linode-2,crdb-linode-2,20.504894384345253,13764.15,17248.83,8322887680.0,6120046592.0,0.0,4068196.063547024,82.52158579208654,11626158080.0,86426128384.0,2044.828,968200.4669276731,570198.020667281,22019944833.0,5257786475.0,1.02
2026-09-11T17:55:05.744298Z,746.741,azure-1,crdb-azure-1,26.835710512413357,14043.16,17619.21,8327364608.0,5596983296.0,0.0,3041553.3405232048,69.36982882941348,11316795392.0,88465617920.0,1732.8890000000001,998579.9515168845,868404.1481687281,21182052713.0,6339387777.0,3.49
2026-09-11T17:55:05.760110Z,746.757,azure-2,crdb-azure-2,30.098598858333993,13884.71,17776.85,8327364608.0,6080200704.0,0.0,3417902.360916124,65.93226189341513,10814007296.0,88627655680.0,1482.02,1029922.4808116015,536048.6570502492,21098542299.0,5495477313.0,1.92
2026-09-11T17:55:06.655818Z,747.652,gcp-1,crdb-gcp-1,98.92747701735972,10744.7,17974.0,8324022272.0,2213224448.0,98433645.70170094,2321457.0903930156,57.796747685750056,188396931072.0,89323054080.0,1274.104,3384277.945009865,11887431.792450065,22362119432.0,91282076890.0,43.85
2026-09-11T17:55:06.891588Z,747.888,client-1,crdb-client-1,30.662214802457875,16752.61,18094.91,8324030464.0,7474507776.0,0.0,13173.083394319683,0.01891814595923682,566323200.0,5773505536.0,16.914,8273479.204512553,1865682.582544989,10248762370.0,2323838385.0,1.9
2026-09-11T17:55:11.567817Z,752.564,linode-1,crdb-linode-1,22.014925373147065,14149.64,17669.06,8322887680.0,3729272832.0,0.0,2856687.1589828534,82.72277518495297,19345201152.0,85941788672.0,2111.884,829303.5224866079,614178.0994610081,21617569479.0,7169883706.0,1.2
2026-09-11T17:55:11.537037Z,752.533,linode-2,crdb-linode-2,21.253263707563207,13779.23,17267.98,8322887680.0,6119563264.0,0.0,3486750.807528925,88.00054301585563,11626158080.0,86443593728.0,2049.236,849970.054259772,525100.1185839464,22024202384.0,5260416733.0,1.09
2026-09-11T17:55:10.723125Z,751.72,azure-1,crdb-azure-1,27.391531625725673,14057.05,17638.34,8327364608.0,5594202112.0,0.0,2429370.476321277,73.53093412859685,11316795392.0,88477713408.0,1736.5500000000002,849596.2166642285,592746.0959804516,21186282731.0,6342338975.0,3.1
2026-09-11T17:55:10.757058Z,751.754,azure-2,crdb-azure-2,31.233866804338017,13898.03,17796.22,8327364608.0,6083174400.0,0.0,2509088.006424388,69.78218507535931,10814007296.0,88640193536.0,1485.507,837342.9947730155,455811.3493554794,21102726483.0,5497754992.0,1.93
2026-09-11T17:55:11.606357Z,752.603,gcp-1,crdb-gcp-1,99.22997946612094,10744.85,17993.48,8324022272.0,2215309312.0,101783702.82281528,1256782.999413562,60.15438193452065,188900820992.0,89329275904.0,1277.082,3445949.223008504,11938147.538569393,22379178932.0,91341177827.0,44.43
2026-09-11T17:55:11.595117Z,752.592,client-1,crdb-client-1,29.347826086962115,16765.61,18113.31,8324030464.0,7474044928.0,0.0,7837.43439483179,0.06378120438502675,566323200.0,5773542400.0,16.917,9439186.025021886,2129592.971855738,10293160337.0,2333855096.0,1.74
2026-09-11T17:55:16.661677Z,757.658,linode-1,crdb-linode-1,26.551904016676954,14163.720000000001,17688.23,8322887680.0,3753627648.0,1540650.6483713908,21694548.27403973,78.21103769337827,19353049088.0,86052298752.0,2115.8680000000004,936492.1729159643,491662.9697780052,21622339886.0,7172388193.0,1.42
2026-09-11T17:55:16.658388Z,757.655,linode-2,crdb-linode-2,27.114300358792008,13793.45,17287.49,8322887680.0,6088622080.0,0.0,19883522.15978706,75.21441024548251,11626158080.0,86545424384.0,2053.088,889879.6125437749,505796.6017911047,22028759777.0,5263007099.0,1.09
2026-09-11T17:55:15.774367Z,756.771,azure-1,crdb-azure-1,23.31223628691169,14071.59,17657.3,8327364608.0,5592166400.0,0.0,2970281.639154437,59.2526094053196,11316795392.0,88492717056.0,1739.5430000000001,950705.0493636157,861433.5594973626,21191084984.0,6346690295.0,3.01
2026-09-11T17:55:15.781209Z,756.778,azure-2,crdb-azure-2,36.56024716786397,13910.35,17815.64,8327364608.0,6047481856.0,0.0,22567159.59837957,61.48272181790525,10814007296.0,88753574912.0,1488.596,953256.4620223698,494554.15647277806,21107515811.0,5500239719.0,1.78
2026-09-11T17:55:16.666577Z,757.663,gcp-1,crdb-gcp-1,98.01121876593878,10745.24,18013.09,8324022272.0,2206695424.0,96570990.0559622,7575607.861646622,55.7087183010607,189389494272.0,89367610368.0,1279.901,3156520.2050234503,11456095.566891192,22395151711.0,91399148526.0,41.43
2026-09-11T17:55:16.749655Z,757.746,client-1,crdb-client-1,28.70320130222892,16778.75,18131.74,8324030464.0,7475113984.0,0.0,0.0,0.0,566323200.0,5773542400.0,16.917,8293257.312725036,1871900.464111027,10335908446.0,2343503923.0,1.76
2026-09-11T17:55:21.277884Z,762.274,linode-1,crdb-linode-1,20.2551834130837,14178.720000000001,17707.04,8322887680.0,3754074112.0,10647.683439119251,4947623.571377412,96.44264052522068,19353098240.0,86075138048.0,2120.32,986533.9092808298,729823.6165997692,21626893939.0,7175757216.0,1.31
2026-09-11T17:55:21.590981Z,762.587,linode-2,crdb-linode-2,21.939834024895323,13808.5,17306.77,8322887680.0,6085746688.0,0.0,5037971.300006908,91.1481899583538,11626158080.0,86570274816.0,2057.5840000000003,863877.243504203,523179.66284702125,22033020961.0,5265587749.0,1.48
2026-09-11T17:55:20.692635Z,761.689,azure-1,crdb-azure-1,34.98419388830122,14083.93,17676.28,8327364608.0,5577400320.0,0.0,21602996.495091848,74.98510222084771,11316795392.0,88598967296.0,1743.231,866150.3132332247,587526.3715459629,21195344980.0,6349579932.0,2.93
2026-09-11T17:55:20.802372Z,761.799,azure-2,crdb-azure-2,33.23108384458785,13923.41,17835.2,8327364608.0,6067814400.0,0.0,2561446.2519847536,69.48588939632646,10814007296.0,88766436352.0,1492.085,840904.1331562803,454959.9063968752,21111738128.0,5502524147.0,1.87
2026-09-11T17:55:21.687039Z,762.684,gcp-1,crdb-gcp-1,99.640102827765,10745.31,18032.54,8324022272.0,2208583680.0,99933725.21878992,1316796.0592635006,58.301236033222246,189891209216.0,89374221312.0,1282.828,3443713.3883874347,11906750.688610848,22412440794.0,91458926091.0,41.96
2026-09-11T17:55:21.601998Z,762.598,client-1,crdb-client-1,30.54786939679317,16791.3,18149.81,8324030464.0,7473586176.0,0.0,0.0,0.0,566323200.0,5773542400.0,16.917,9190240.273862928,2079752.87617334,10380502762.0,2353595624.0,1.62
2026-09-11T17:55:26.639185Z,767.636,linode-1,crdb-linode-1,15.104445634707941,14194.57,17725.71,8322887680.0,3756142592.0,0.0,3332525.448463264,71.62408546387113,19353098240.0,86093004800.0,2124.16,863300.7698648034,481263.307111105,21631522375.0,7178337425.0,1.2
2026-09-11T17:55:26.680799Z,767.677,linode-2,crdb-linode-2,18.550873586839288,13824.35,17326.23,8322887680.0,6086217728.0,132781.56669482795,3548084.4094393724,74.26525836091616,11626833920.0,86588334080.0,2061.364,898191.7367371629,526190.9670702474,22037592634.0,5268265989.0,1.6
2026-09-11T17:55:25.668718Z,766.665,azure-1,crdb-azure-1,23.39304531084717,14098.470000000001,17695.26,8327364608.0,5579689984.0,0.0,3114736.1518300558,59.96654213426752,11316795392.0,88614466560.0,1746.2150000000001,977521.1546351814,881505.556890284,21200209231.0,6353966399.0,2.7
2026-09-11T17:55:25.938964Z,766.935,azure-2,crdb-azure-2,26.484254001029782,13937.65,17854.57,8327364608.0,6075236352.0,0.0,3125058.2600437733,54.802618017432856,10814007296.0,88782488576.0,1494.8999999999999,944861.7686141415,499420.4436280202,21116591520.0,5505089478.0,2.28
2026-09-11T17:55:26.750737Z,767.747,gcp-1,crdb-gcp-1,98.29721362229117,10745.64,18051.92,8324022272.0,2214608896.0,95640322.059019,2610299.056839324,57.448021245499014,190375503872.0,89387439104.0,1285.737,3210828.1651154207,11523745.63379847,22428699490.0,91517278973.0,39.8
2026-09-11T17:55:27.006811Z,768.003,client-1,crdb-client-1,27.88144895718331,16804.44,18168.03,8324030464.0,7473008640.0,0.0,4547.057072950077,0.018502022594968585,566323200.0,5773566976.0,16.918,7984615.198239547,1809229.9005049688,10423658126.0,2363374176.0,1.65
2026-09-11T17:55:31.277663Z,772.274,linode-1,crdb-linode-1,17.74779449922156,14210.42,17744.98,8322887680.0,3755429888.0,0.0,2945834.9432832547,82.0955013139582,19353098240.0,86106669056.0,2127.968,848402.8937614041,641294.3550697436,21635457692.0,7181312069.0,1.35
2026-09-11T17:55:31.593507Z,772.59,linode-2,crdb-linode-2,17.57955138238021,13840.15,17345.4,8322887680.0,6086017024.0,0.0,2732209.179517251,74.41898524752098,11626833920.0,86601756672.0,2065.02,755633.6034342345,447918.2237915397,22041304854.0,5270466488.0,1.79
2026-09-11T17:55:30.630962Z,771.627,azure-1,crdb-azure-1,22.477783586004605,14113.3,17714.39,8327364608.0,5577973760.0,0.0,2065222.0318004848,57.59459392335425,11316795392.0,88624714752.0,1749.073,742131.7343008739,542051.3796452228,21203891890.0,6356656205.0,2.56
2026-09-11T17:55:30.828263Z,771.825,azure-2,crdb-azure-2,27.0661157024774,13951.77,17873.93,8327364608.0,6077788160.0,0.0,2121995.970269389,57.34920823099493,10814007296.0,88792863744.0,1497.704,751043.5129711564,420471.9595432921,21120263630.0,5507145310.0,2.18
2026-09-11T17:55:31.673866Z,772.67,gcp-1,crdb-gcp-1,98.34881320949592,10745.96,18071.3,8324022272.0,2212741120.0,98839845.08497208,1663138.470747973,56.873990194489934,190862108672.0,89395627008.0,1288.537,3179390.3151131766,11283362.740469456,22444352151.0,91572828822.0,37.17
2026-09-11T17:55:31.650211Z,772.647,client-1,crdb-client-1,27.89041095890491,16817.6,18186.28,8324030464.0,7473643520.0,0.0,102323.52657138408,0.23689191984726685,566323200.0,5774042112.0,16.929000000000002,9104815.81732246,2055938.2400388112,10465936045.0,2372920859.0,1.92
2026-09-11T17:55:36.250876Z,777.247,linode-1,crdb-linode-1,19.119170984449894,14226.03,17764.28,8322887680.0,3754541056.0,0.0,3902243.8731447137,78.41948937439372,19353098240.0,86126075904.0,2131.868,949508.4053110953,542192.3495345454,21640179838.0,7184008529.0,1.24
2026-09-11T17:55:36.543483Z,777.54,linode-2,crdb-linode-2,21.044386422963324,13855.27,17364.55,8322887680.0,6085971968.0,0.0,3661579.302317732,79.51522849313173,11626833920.0,86619881472.0,2068.956,917508.7670198601,556119.9323140963,22045846518.0,5273219279.0,1.97
2026-09-11T17:55:35.641518Z,776.638,azure-1,crdb-azure-1,25.484039769747945,14127.54,17733.5,8327364608.0,5584003072.0,0.0,3190580.4292289196,66.0201791633717,11316795392.0,88640701440.0,1752.381,970514.1965061802,883993.8336568857,21208754738.0,6361085535.0,2.44
2026-09-11T17:55:35.731124Z,776.728,azure-2,crdb-azure-2,32.002022244693116,13965.22,17893.71,8327364608.0,6076977152.0,53467.29118644768,3208037.4711868605,64.88016253055275,10814269440.0,88808592384.0,1500.885,968872.5386487503,507651.680514673,21125013901.0,5509634268.0,2.01
2026-09-11T17:55:36.849332Z,777.846,gcp-1,crdb-gcp-1,97.084851639764,10746.52,18090.51,8324022272.0,2213953536.0,95445437.63419892,2204108.9868262354,57.463077581676,191356086272.0,89407034368.0,1291.511,2960144.554231218,10361632.788055586,22459672371.0,91626455424.0,37.64
2026-09-11T17:55:36.663422Z,777.66,client-1,crdb-client-1,25.84330794341533,16831.23,18204.66,8324030464.0,7474610176.0,0.0,7353.37911399307,0.0398946349500271,566323200.0,5774078976.0,16.931,7782898.916460707,1758679.3814396888,10504953316.0,2381737480.0,1.77
2026-09-11T17:55:41.292745Z,782.289,linode-1,crdb-linode-1,18.30769230770014,14241.96,17783.78,8322887680.0,3738976256.0,636914.9380618748,1983047.657919689,58.39063925152631,19356309504.0,86136074240.0,2134.812,703591.9309726735,507863.691805232,21643727281.0,7186569129.0,1.14
2026-09-11T17:55:41.556909Z,782.553,linode-2,crdb-linode-2,12.60373443984335,13872.12,17383.83,8322887680.0,6086004736.0,0.0,2107866.384078248,58.32312586153963,11626833920.0,86630449152.0,2071.88,638497.2074930836,363894.8169691044,22049047591.0,5275043647.0,2.45
2026-09-11T17:55:40.675308Z,781.672,azure-1,crdb-azure-1,17.3799582463558,14143.369999999999,17752.66,8327364608.0,5582798848.0,0.0,1620071.5471624343,44.00243572841286,11316795392.0,88648856576.0,1754.596,628105.8654885865,498569.0517151649,21211916505.0,6363595238.0,2.32
2026-09-11T17:55:40.770836Z,781.767,azure-2,crdb-azure-2,20.639834881319864,13980.6,17913.09,8327364608.0,6075691008.0,0.0,1679933.96300016,40.021898284559676,10814269440.0,88817058816.0,1502.902,603636.5808038289,350439.04334219755,21128056073.0,5511400390.0,2.09
2026-09-11T17:55:41.679800Z,782.676,gcp-1,crdb-gcp-1,93.19261213720841,10747.81,18109.46,8324022272.0,2213289984.0,102041181.21204542,1899402.90275789,62.002036980330395,191848994816.0,89416209408.0,1294.506,2871020.780343835,10512503.335191078,22473540798.0,91677235929.0,35.1
2026-09-11T17:55:41.995650Z,782.992,client-1,crdb-client-1,26.60098522167743,16844.64,18222.93,8324030464.0,7472439296.0,0.0,4608.927978799535,0.0,566323200.0,5774103552.0,16.931,7439560.658971704,1681444.7983853659,10544622984.0,2390703380.0,1.79
2026-09-11T17:55:46.734467Z,787.731,linode-1,crdb-linode-1,22.285714285709368,14256.92,17803.03,8322887680.0,3737530368.0,0.0,3858353.9490338755,78.4310314378287,19356309504.0,86157070336.0,2139.08,1040854.0283625028,531042.7682208495,21649391321.0,7189458917.0,1.05
2026-09-11T17:55:46.575566Z,787.572,linode-2,crdb-linode-2,19.914346895065272,13887.08,17402.51,8322887680.0,6085074944.0,0.0,4168085.8001222275,85.04235051022278,11626833920.0,86651367424.0,2076.148,927885.768690912,555646.7528084846,22053704349.0,5277832258.0,2.42
2026-09-11T17:55:45.650933Z,786.648,azure-1,crdb-azure-1,28.549141965668678,14157.11,17771.89,8327364608.0,5585010688.0,0.0,3296120.860791519,70.82474357569731,11316795392.0,88665256960.0,1758.1200000000001,997973.2932891954,882501.4272373453,21216882083.0,6367986267.0,2.21
2026-09-11T17:55:45.765510Z,786.762,azure-2,crdb-azure-2,33.45250255362874,13993.630000000001,17932.670000000002,8327364608.0,6077460480.0,0.0,3345887.3803804433,68.01218926614288,10814269440.0,88833770496.0,1506.299,990789.6405636594,724459.3531776803,21133004763.0,5515018842.0,2.08
2026-09-11T17:55:46.646015Z,787.643,gcp-1,crdb-gcp-1,99.16274201987615,10747.970000000001,18128.57,8324022272.0,2211000320.0,100225608.293484,2004182.2593249353,58.01152071593338,192346740736.0,89426162688.0,1297.387,3161137.771273219,10679697.85805949,22489239814.0,91730274031.0,37.18
2026-09-11T17:55:46.893819Z,787.89,client-1,crdb-client-1,24.698795180716292,16858.39,18241.19,8324030464.0,7474176000.0,0.0,37629.91425496631,0.06124660523269487,566323200.0,5774287872.0,16.934,7593329.822262481,1721622.8824880149,10581816865.0,2399136286.0,1.72
2026-09-11T17:55:51.265579Z,792.262,linode-1,crdb-linode-1,18.209876543221547,14272.82,17822.47,8322887680.0,3736784896.0,0.0,2967723.8679373553,77.59639144590123,19356309504.0,86170517504.0,2142.596,1114241.1456217866,632907.8163077662,21654440102.0,7192326710.0,0.96
2026-09-11T17:55:51.593885Z,792.59,linode-2,crdb-linode-2,16.164817749600868,13902.95,17421.44,8322887680.0,6084894720.0,0.0,2660836.8182500433,69.34576399173066,11626833920.0,86664720384.0,2079.628,763640.9333517266,655315.8755663573,22057536552.0,5281120850.0,2.38
2026-09-11T17:55:50.649880Z,791.647,azure-1,crdb-azure-1,24.242424242428772,14171.86,17791.36,8327364608.0,5584076800.0,0.0,2134453.776473327,60.33237417005043,11316795392.0,88675927040.0,1761.1360000000002,748802.1793283036,523121.2921779502,21220625326.0,6370601337.0,2.2
2026-09-11T17:55:50.785209Z,791.782,azure-2,crdb-azure-2,25.71721311474191,14008.130000000001,17952.19,8327364608.0,6076362752.0,0.0,2171321.410419056,52.11431478466649,10814269440.0,88844669952.0,1508.915,750736.5865343547,615660.7051575604,21136773261.0,5518109295.0,2.39
2026-09-11T17:55:51.886948Z,792.884,gcp-1,crdb-gcp-1,96.30216587427947,10748.67,18147.5,8324022272.0,2208219136.0,91930592.85579273,1468507.3619889359,55.886739321553094,192828545024.0,89433859072.0,1300.316,2800253.061125042,9535731.470376479,22503915820.0,91780250390.0,37.08
2026-09-11T17:55:51.683368Z,792.68,client-1,crdb-client-1,28.05479452054236,16871.52,18259.44,8324030464.0,7473889280.0,0.0,6841.559590274406,0.02087878292925556,566323200.0,5774320640.0,16.935,7892879.804080785,1792977.1761724402,10619620217.0,2407723842.0,1.99
2026-09-11T17:55:56.269022Z,797.266,linode-1,crdb-linode-1,15.149948293693216,14289.23,17841.81,8322887680.0,3736305664.0,0.0,3001097.4110262427,59.87830424580197,19356309504.0,86185533440.0,2145.592,977142.3751148218,449497.1964029403,21659329216.0,7194575761.0,0.89
2026-09-11T17:55:56.857407Z,797.854,linode-2,crdb-linode-2,14.733059548265647,13919.560000000001,17440.920000000002,8322887680.0,6084902912.0,0.0,2908054.2582729002,57.983441531222844,11626833920.0,86680027136.0,2082.6800000000003,799448.5999623396,432446.47247085033,22061744507.0,5283397063.0,2.35
2026-09-11T17:55:55.664380Z,796.661,azure-1,crdb-azure-1,19.608852290279223,14187.48,17810.79,8327364608.0,5586472960.0,0.0,2653876.574005692,46.16597977279305,11316795392.0,88689234944.0,1763.451,871831.2665075129,807814.9065384192,21224997137.0,6374652137.0,2.1
2026-09-11T17:55:56.062227Z,797.059,azure-2,crdb-azure-2,22.81329923274732,14023.220000000001,17971.74,8327364608.0,6075109376.0,0.0,2605682.0890563326,38.866532710439174,10814269440.0,88858420224.0,1510.966,813270.7321915693,628448.3358778172,21141064918.0,5521425638.0,2.2
2026-09-11T17:55:57.245273Z,798.242,gcp-1,crdb-gcp-1,94.66597617814301,10749.7,18166.81,8324022272.0,2212409344.0,91876740.71629182,2579141.067431847,53.150830570500254,193320851456.0,89447678976.0,1303.164,2762772.334800137,10173278.924439663,22518719682.0,91834762235.0,34.43
2026-09-11T17:55:56.999429Z,797.996,client-1,crdb-client-1,30.871737923379683,16883.97,18277.45,8324030464.0,7474081792.0,0.0,74737.98816707774,0.13167634432628575,566323200.0,5774717952.0,16.942,7647465.8066943595,1731956.2629571038,10660274642.0,2416931034.0,1.99
2026-09-11T17:56:01.301153Z,802.298,linode-1,crdb-linode-1,16.70212765957202,14304.89,17860.61,8322887680.0,3736354816.0,8139.651863898,2670619.7765449337,71.30144259683567,19356350464.0,86198972416.0,2149.18,770125.9276230255,579305.3425122454,21663204610.0,7197490916.0,1.06
2026-09-11T17:56:01.601844Z,802.599,linode-2,crdb-linode-2,18.733916623768533,13935.35,17460.35,8322887680.0,6084698112.0,0.0,2790258.1948218644,74.78193585407027,11626833920.0,86693265408.0,2086.228,755006.686648484,454619.3692506057,22065326607.0,5285553987.0,2.16
2026-09-11T17:56:00.706664Z,801.703,azure-1,crdb-azure-1,22.29800629590084,14202.289999999999,17829.85,8327364608.0,5584764928.0,0.0,1961774.315474088,56.938386182209705,11316795392.0,88699126784.0,1766.3220000000001,701199.2998324468,532008.9974265089,21228532789.0,6377334682.0,2.33
2026-09-11T17:56:00.785601Z,801.782,azure-2,crdb-azure-2,27.03818369452359,14037.36,17991.12,8327364608.0,6076284928.0,0.0,4744291.432810078,55.574300373232404,10814269440.0,88880829440.0,1513.591,732549.3059117405,416344.6629085173,21144525046.0,5523392203.0,2.02
2026-09-11T17:56:01.640539Z,802.637,gcp-1,crdb-gcp-1,97.1860343929177,10750.24,18186.0,8324022272.0,2209284096.0,109964900.80681628,9182069.21736916,67.9590585916746,193804179456.0,89488036864.0,1306.151,3248773.8090890306,11271074.482000876,22532998996.0,91884301914.0,32.0
2026-09-11T17:56:01.659523Z,802.656,client-1,crdb-client-1,28.18383167220253,16896.940000000002,18295.510000000002,8324030464.0,7474552832.0,0.0,7910.489696718815,0.021458576651281692,566323200.0,5774754816.0,16.943,8000163.586444046,1818334.765940135,10697556535.0,2425404731.0,2.07
2026-09-11T17:56:06.664212Z,807.661,linode-1,crdb-linode-1,30.510314875133083,14317.689999999999,17879.03,8322887680.0,3720593408.0,910380.4087984901,25054554.790800728,92.857298080475,19361232896.0,86333341696.0,2154.16,959016.5629631747,576662.8400444147,21668347881.0,7200583598.0,1.13
2026-09-11T17:56:06.616421Z,807.613,linode-2,crdb-linode-2,38.02597402598197,13947.279999999999,17479.6,8322887680.0,6097453056.0,5309294.16286941,38287362.244667806,95.40137948906181,11653457920.0,86885261312.0,2091.012,1014108.8866823333,622215.6141975387,22070411960.0,5288674151.0,2.55
2026-09-11T17:56:05.693406Z,806.69,azure-1,crdb-azure-1,39.66986155485392,14213.619999999999,17848.63,8327364608.0,5582090240.0,0.0,27770540.050921943,76.4219571268998,11316795392.0,88837612544.0,1770.133,1072495.8401402875,914651.3109694722,21233881097.0,6381895853.0,2.31
2026-09-11T17:56:06.023560Z,807.02,azure-2,crdb-azure-2,45.19427402863687,14048.08,18010.68,8327364608.0,6076395520.0,4797471.534022378,32436694.251222204,68.36632142092137,10839398400.0,89050731520.0,1517.172,992647.4862134386,504518.0605176882,21149724493.0,5526034848.0,2.5
2026-09-11T17:56:06.904996Z,807.902,gcp-1,crdb-gcp-1,99.7930677703101,10750.279999999999,18205.329999999998,8324022272.0,2215067648.0,95678264.08335145,1831512.8821140358,55.82685431268998,194307876864.0,89497678848.0,1309.09,3140509.3920374215,10618729.083364086,22549532181.0,91940204123.0,33.6
2026-09-11T17:56:06.695032Z,807.692,client-1,crdb-client-1,29.64989059082187,16909.8,18313.79,8324030464.0,7472267264.0,0.0,34977.02874964227,0.07943547590303161,566323200.0,5774930944.0,16.947,7714054.528649783,1744585.7524261181,10736400915.0,2434189651.0,2.22
2026-09-11T17:56:11.345440Z,812.34,linode-1,crdb-linode-1,23.582405935347694,14332.11,17897.9,8322887680.0,3722399744.0,27138.463636097986,4025246.961250921,101.22209219109835,19361359872.0,86352175104.0,2158.896,1001332.0664825777,768494.5383080933,21673032934.0,7204179246.0,1.04
2026-09-11T17:56:11.680682Z,812.675,linode-2,crdb-linode-2,23.684210526315297,13962.07,17498.98,8322887680.0,6097588224.0,0.0,3710248.583223607,92.53810597896985,11653457920.0,86904041472.0,2095.6960000000004,856958.3763263266,548845.7982820614,22074749625.0,5291452243.0,2.91
2026-09-11T17:56:10.737630Z,811.732,azure-1,crdb-azure-1,29.627687467215015,14227.04,17867.7,8327364608.0,5601554432.0,0.0,2574337.301541979,78.16092623191263,11316795392.0,88850592768.0,1774.074,856672.9056660695,606322.7251329563,21238200580.0,6384953030.0,2.52
2026-09-11T17:56:10.888582Z,811.883,azure-2,crdb-azure-2,34.15991902833364,14061.09,18030.44,8327364608.0,6073356288.0,0.0,2754311.7972109155,77.21742998708864,10839398400.0,89064125440.0,1520.927,872776.5812648513,486439.5799913552,21153968711.0,5528400351.0,2.46
2026-09-11T17:56:11.752432Z,812.747,gcp-1,crdb-gcp-1,99.43676395289008,10750.39,18224.86,8324022272.0,2213957632.0,105037081.6127403,1154876.1136438898,62.35560206791051,194816759808.0,89503273984.0,1312.111,3520452.6013370976,11653180.659397308,22566588046.0,91996661374.0,35.07
2026-09-11T17:56:11.770095Z,812.764,client-1,crdb-client-1,26.92725298586297,16923.260000000002,18332.21,8324030464.0,7471865856.0,0.0,807.4991555463198,0.0,566323200.0,5774935040.0,16.947,8092109.906702065,1828136.4909103299,10777447747.0,2443462784.0,2.21
2026-09-11T17:56:16.348504Z,817.34,linode-1,crdb-linode-1,24.76586888657134,14346.57,17917.12,8322887680.0,3727540224.0,1638.1567062076786,4342753.428156556,87.34702749896287,19361368064.0,86373892096.0,2163.264,961885.3438665172,582159.5395279516,21677843075.0,7207090476.0,1.12
2026-09-11T17:56:16.678822Z,817.671,linode-2,crdb-linode-2,21.43238909673215,13976.77,17517.69,8322887680.0,6097420288.0,0.0,4430635.778424564,88.31333097448938,11653457920.0,86926176256.0,2100.108,942260.6060955365,576542.5320922969,22079457016.0,5294332562.0,2.76
2026-09-11T17:56:15.711576Z,816.704,azure-1,crdb-azure-1,27.81914893616897,14240.61,17886.5,8327364608.0,5598257152.0,0.0,3369705.047379004,72.29141162396083,11316795392.0,88867345408.0,1777.6680000000001,999562.1246492317,889251.94759993,21243169948.0,6389373986.0,2.32
2026-09-11T17:56:15.931013Z,816.923,azure-2,crdb-azure-2,32.61892315735112,14073.98,18049.57,8327364608.0,6070980608.0,0.0,3497844.4831524114,67.99584736175981,10839398400.0,89081754624.0,1524.354,970582.4871200122,512699.60177646973,21158860460.0,5530984364.0,2.35
2026-09-11T17:56:16.761125Z,817.753,gcp-1,crdb-gcp-1,99.58137100994283,10750.47,18243.97,8324022272.0,2212392960.0,114760528.38277116,1907098.4441340538,57.6856883389283,195391301632.0,89512821760.0,1314.999,3121191.429401341,10301270.931825692,22582214107.0,92048234080.0,37.31
2026-09-11T17:56:16.704545Z,817.696,client-1,crdb-client-1,23.99559713816052,16937.07,18350.38,8324030464.0,7471538176.0,0.0,39031.763744602424,0.0405499540232818,566323200.0,5775127552.0,16.949,7178741.038275678,1639424.3009210036,10812854648.0,2451548733.0,2.11
2026-09-11T17:56:21.638428Z,822.629,linode-1,crdb-linode-1,20.4191033138422,14362.9,17937.64,8322887680.0,3726827520.0,3872.791286901809,3098233.029521447,83.20450030452417,19361388544.0,86390276096.0,2167.6639999999998,801138.8805083295,614362.5528315406,21682079638.0,7210339333.0,1.03
2026-09-11T17:56:22.751717Z,823.742,linode-2,crdb-linode-2,18.121693121695458,13995.34,17540.37,8322887680.0,6096965632.0,4722.802862332342,3141338.5895741973,82.82035711427886,11653486592.0,86945247232.0,2105.136,764999.6801166411,435192.64508936467,22084101307.0,5296974604.0,2.94
2026-09-11T17:56:21.731693Z,822.722,azure-1,crdb-azure-1,26.25649913345256,14257.630000000001,17909.58,8327364608.0,5595222016.0,5444.956304107158,2286201.0281869927,68.01210373752137,11316828160.0,88881103872.0,1781.7610000000002,776491.5130845091,601757.069384957,21247842910.0,6392995388.0,2.45
2026-09-11T17:56:22.004477Z,822.995,azure-2,crdb-azure-2,30.340958135528272,14090.119999999999,18072.74,8327364608.0,6067441664.0,6071.704175864148,2332883.6711264695,64.03750497981586,10839435264.0,89095918592.0,1528.242,733662.6075284153,433141.9095830847,21163314850.0,5533614160.0,2.4
2026-09-11T17:56:22.668446Z,823.658,gcp-1,crdb-gcp-1,98.8980716253453,10750.71,18265.75,8324022272.0,2203185152.0,103177405.16421863,7461716.2537337,54.94927204283714,196000610304.0,89556886528.0,1318.244,2917574.3562522577,9745644.89977735,22599443687.0,92105786467.0,38.97
2026-09-11T17:56:22.665480Z,823.655,client-1,crdb-client-1,27.469879518063077,16952.12,18371.129999999997,8324030464.0,7473115136.0,0.0,69423.49337512493,0.1174689756791771,566323200.0,5775541248.0,16.956,7198698.5268807905,1622791.6101770748,10855751838.0,2461218981.0,2.3
2026-09-11T17:56:26.367320Z,827.356,linode-1,crdb-linode-1,21.22403144301166,14376.93,17955.45,8322887680.0,3726364672.0,3465.4978296801714,4221842.731007869,89.17565216023445,19361404928.0,86410235904.0,2171.88,978233.0027539193,567667.1157119054,21686704477.0,7213023120.0,1.03
2026-09-11T17:56:26.624599Z,827.614,linode-2,crdb-linode-2,21.471172962224983,14007.19,17555.46,8322887680.0,6096773120.0,0.0,4283268.845833106,95.66180864588593,11653486592.0,86961831936.0,2108.84,992072.0986226378,619878.7059088732,22087942584.0,5299374758.0,2.94
2026-09-11T17:56:25.718860Z,826.708,azure-1,crdb-azure-1,28.2637075718135,14268.619999999999,17924.9,8327364608.0,5592727552.0,0.0,3560443.418516786,72.52520970680219,11316828160.0,88895296512.0,1784.652,1024529.5950826753,892590.4090143298,21251926890.0,6396553432.0,2.34
2026-09-11T17:56:25.818603Z,826.808,azure-2,crdb-azure-2,31.697869593265736,14100.7,18088.23,8327364608.0,6037020672.0,0.0,4034551.3711325936,71.5932973595896,10839435264.0,89111303168.0,1530.972,1084218.0738414843,533799.362866586,21167449197.0,5535649647.0,2.37
2026-09-11T17:56:26.932999Z,827.922,gcp-1,crdb-gcp-1,99.3479549496112,10750.82,18282.62,8324022272.0,2211840000.0,103622086.72225355,2272056.026720776,58.050123320789744,196442408960.0,89566573568.0,1320.719,3438051.5073799533,12043310.550077707,22614102015.0,92157133806.0,39.45
2026-09-11T17:56:26.979244Z,827.968,client-1,crdb-client-1,28.8620470438649,16963.31,18386.86,8324030464.0,7471816704.0,0.0,6648.0972579644895,0.02318672313746029,566323200.0,5775569920.0,16.957,8417111.141559739,1909131.4833819817,10892053264.0,2469452708.0,2.3
2026-09-11T17:56:31.616244Z,832.604,linode-1,crdb-linode-1,15.819502074685976,14393.16,17974.73,8322887680.0,3725963264.0,9365.845108316715,2204876.0359162265,61.12799297583171,19361454080.0,86421807104.0,2175.088,690718.1194331134,509598.62014566286,21690329369.0,7215697496.0,0.94
2026-09-11T17:56:31.630852Z,832.619,linode-2,crdb-linode-2,15.159301130535086,14023.7,17574.920000000002,8322887680.0,6097584128.0,0.0,2285545.5545256436,64.09045544698849,11653486592.0,86973272064.0,2112.0480000000002,660870.0898674681,370158.7407515214,22091250520.0,5301227560.0,3.35
2026-09-11T17:56:30.759188Z,831.748,azure-1,crdb-azure-1,20.594369134509115,14283.85,17944.08,8327364608.0,5599068160.0,5689.536863950079,1902743.6855010195,53.9744010530984,11316856832.0,88904885248.0,1787.372,682922.02326571,507622.0982336577,21255368425.0,6399111556.0,2.15
2026-09-11T17:56:31.007533Z,831.996,azure-2,crdb-azure-2,23.816872427995285,14115.51,18107.670000000002,8327364608.0,6012301312.0,5526.6089900310835,1940629.2710709148,48.014728634791254,10839463936.0,89121371136.0,1533.463,651301.5787890123,358894.1944370283,21170828144.0,5537511587.0,2.18
2026-09-11T17:56:31.737979Z,832.726,gcp-1,crdb-gcp-1,95.37422037422378,10751.71,18301.86,8324022272.0,2215817216.0,99315804.21380332,1701772.2596577425,61.48815275850636,196919539712.0,89574749184.0,1323.673,3028715.321186605,10849052.309124872,22628652501.0,92209254579.0,39.89
2026-09-11T17:56:32.012215Z,833.0,client-1,crdb-client-1,29.625550660798794,16976.09,18405.02,8324030464.0,7472439296.0,0.0,0.0,0.0,566323200.0,5775569920.0,16.957,7987603.133771726,1807206.8194644842,10932247724.0,2478546763.0,2.2
2026-09-11T17:56:36.348231Z,837.336,linode-1,crdb-linode-1,13.230769230768857,14410.08,17994.23,8322887680.0,3725983744.0,0.0,2751207.733601286,52.922928422527065,19361454080.0,86434824192.0,2177.592,791999.2325708759,411358.8899731121,21694076641.0,7217643803.0,0.87
2026-09-11T17:56:36.662862Z,837.65,linode-2,crdb-linode-2,14.139867279210272,14040.52,17594.51,8322887680.0,6098075648.0,9769.13862651307,2626270.10076093,48.81389255110143,11653535744.0,86986485760.0,2114.5040000000004,734774.6951908302,402081.9807290159,22094947432.0,5303250577.0,3.64
2026-09-11T17:56:35.872994Z,836.861,azure-1,crdb-azure-1,16.230366492140213,14299.85,17963.18,8327364608.0,5597442048.0,0.0,2416842.5180515177,37.452591419363905,11316856832.0,88917242880.0,1789.287,783576.6637045792,769774.7481481512,21259374955.0,6403047515.0,1.98
2026-09-11T17:56:35.888911Z,836.877,azure-2,crdb-azure-2,19.86549405069168,14131.0,18127.0,8327364608.0,5976248320.0,0.0,2696386.4629813624,35.97791373816076,10839463936.0,89134531584.0,1535.219,794132.9501518054,420429.3767026028,21174704126.0,5539563607.0,2.0
2026-09-11T17:56:36.738787Z,837.726,gcp-1,crdb-gcp-1,92.47482776893499,10753.130000000001,18320.73,8324022272.0,2217132032.0,89437812.95644131,2585300.9011689653,57.61789838758894,197366745088.0,89587676160.0,1326.554,2673123.297847703,10044301.434180308,22642018605.0,92259477918.0,37.1
2026-09-11T17:56:36.775349Z,837.763,client-1,crdb-client-1,25.397696105327093,16989.69,18423.25,8324030464.0,7471820800.0,0.0,37841.7025276142,0.0839881536923536,566323200.0,5775750144.0,16.961000000000002,8077908.812256466,1831564.3126819415,10970719382.0,2487269728.0,2.5
2026-09-11T17:56:41.399175Z,842.386,linode-1,crdb-linode-1,13.011923276309512,14426.86,18013.52,8322887680.0,3725484032.0,1622.0232824715106,1745297.0519393454,52.35143504460832,19361462272.0,86443638784.0,2180.236,634887.8704848724,457031.9879572485,21697283131.0,7219952035.0,0.8
2026-09-11T17:56:41.651131Z,842.638,linode-2,crdb-linode-2,13.806903451734954,14057.75,17614.5,8322887680.0,6093230080.0,0.0,1719591.7624480117,48.03696320337885,11653535744.0,86995062784.0,2116.9,585248.9984401629,324573.0895135376,22097866552.0,5304869491.0,3.83
2026-09-11T17:56:40.764795Z,841.752,azure-1,crdb-azure-1,15.028601144043074,14316.19,17982.41,8327364608.0,5596155904.0,0.0,1503963.4612386688,38.27162030313259,11316856832.0,88924599296.0,1791.159,605483.8151520502,482379.427595055,21262336590.0,6405407003.0,1.82
2026-09-11T17:56:40.945328Z,841.932,azure-2,crdb-azure-2,16.915936049504566,14147.11,18146.39,8327364608.0,5974724608.0,0.0,1571672.6396254234,32.14058522510411,10839463936.0,89142477824.0,1536.844,582787.3320531952,319955.8668339012,21177650648.0,5541181276.0,1.84
2026-09-11T17:56:41.747394Z,842.735,gcp-1,crdb-gcp-1,92.102510460259,10754.64,18339.85,8324022272.0,2204733440.0,89099957.16737239,1748581.4455618274,60.700434594382756,197812975616.0,89596433408.0,1329.594,2593605.5736065484,9711714.717100454,22655007904.0,92308116141.0,34.53
2026-09-11T17:56:41.770440Z,842.758,client-1,crdb-client-1,28.090507726266058,17002.72,18441.370000000003,8324030464.0,7470080000.0,0.0,5740.533042008987,0.020021390352942273,566323200.0,5775778816.0,16.962,7662959.113970393,1730629.3611498175,11008993243.0,2495913630.0,2.62
2026-09-11T17:56:46.358884Z,847.346,linode-1,crdb-linode-1,16.19391438885772,14443.11,18032.91,8322887680.0,3721355264.0,0.0,2827908.150955788,62.910942227242366,19361462272.0,86457663488.0,2183.3559999999998,796869.7168644425,414068.5300321445,21701235120.0,7222005563.0,0.73
2026-09-11T17:56:46.685122Z,847.672,linode-2,crdb-linode-2,16.82914315033548,14073.960000000001,17633.99,8322887680.0,6078107648.0,0.0,2862664.362381469,55.14855151999956,11653535744.0,87009472512.0,2119.6760000000004,767654.3281471331,417613.20103286876,22101730676.0,5306971621.0,3.68
2026-09-11T17:56:45.754710Z,846.742,azure-1,crdb-azure-1,18.129571577844573,14331.86,18001.55,8327364608.0,5599772672.0,0.0,2626916.858949787,44.03180190362846,11316856832.0,88937706496.0,1793.356,835132.1670520866,802885.5360512288,21266503545.0,6409413061.0,1.75
2026-09-11T17:56:45.878647Z,846.865,azure-2,crdb-azure-2,27.30093071355023,14161.17,18165.73,8327364608.0,5952286720.0,0.0,17518192.682567704,44.374535952453115,10839463936.0,89228895232.0,1539.033,814943.5220252709,427368.9461535282,21181670772.0,5543289491.0,1.69
2026-09-11T17:56:46.715518Z,847.702,gcp-1,crdb-gcp-1,95.70230607966649,10755.46,18358.93,8324022272.0,2205429760.0,92146949.59996042,9266638.92764813,55.75892484975143,198270744576.0,89642468352.0,1332.364,2817113.99776098,10478535.205062333,22669002804.0,92360171561.0,32.64
2026-09-11T17:56:46.736986Z,847.724,client-1,crdb-client-1,29.923830250276296,17015.6,18459.75,8324030464.0,7471919104.0,0.0,42063.31737549037,0.0805440360284628,566323200.0,5775987712.0,16.966,7900095.727739592,1787067.1748993003,11048226915.0,2504788612.0,2.57
2026-09-11T17:56:51.386633Z,852.373,linode-1,crdb-linode-1,20.698644421277912,14458.32,18052.09,8322887680.0,3747500032.0,7008165.13541958,22926851.322464824,59.273586287713975,19396696064.0,86572929024.0,2186.3360000000002,625805.3525046335,447984.39473686786,21704381378.0,7224257820.0,0.76
2026-09-11T17:56:51.760998Z,852.748,linode-2,crdb-linode-2,18.395503321412455,14089.93,17653.56,8322887680.0,6046449664.0,0.0,17881171.816728752,48.78160784617844,11653535744.0,87100231680.0,2122.152,564728.4791719378,298618.30678352225,22104597059.0,5308487313.0,3.39
2026-09-11T17:56:50.756685Z,851.743,azure-1,crdb-azure-1,16.127348643007146,14347.93,18020.71,8327364608.0,5587968000.0,0.0,3241263.8574832445,36.80717086060772,11316856832.0,88953918464.0,1795.1970000000001,623033.6416243599,544693.347133986,21269619799.0,6412137477.0,1.77
2026-09-11T17:56:50.929357Z,851.916,azure-2,crdb-azure-2,23.259412068078156,14176.05,18185.12,8327364608.0,5955203072.0,5475156.574355231,16413304.510709696,35.83827207739576,10867116032.0,89311790080.0,1540.8429999999998,577992.3260086381,305081.31011971977,21184589903.0,5544830294.0,1.56
2026-09-11T17:56:52.061149Z,853.048,gcp-1,crdb-gcp-1,93.12335958004536,10756.77,18377.98,8324022272.0,2206183424.0,79141939.65254651,1693457.5882741213,54.79506853673653,198693787648.0,89651520512.0,1335.2930000000001,2345119.305819633,8789715.669068757,22681538338.0,92407155857.0,30.43
2026-09-11T17:56:51.797277Z,852.784,client-1,crdb-client-1,24.244090159409204,17029.38,18477.94,8324030464.0,7473074176.0,0.0,4856.837168277775,0.019762521029730043,566323200.0,5776012288.0,16.967,7277775.045331261,1657668.2088397914,11085053062.0,2513176551.0,2.36
2026-09-11T17:56:56.391442Z,857.378,linode-1,crdb-linode-1,25.287356321840615,14472.619999999999,18071.23,8322887680.0,3739365376.0,11354259.194034897,27316352.25690973,65.61930378408753,19453519872.0,86709637120.0,2189.62,737708.0385027262,368628.62773288426,21708073330.0,7226102668.0,0.69
2026-09-11T17:56:56.735850Z,857.722,linode-2,crdb-linode-2,11.779835390942427,14107.08,17673.0,8322887680.0,6045560832.0,0.0,2655365.420485751,47.84224882476666,11653535744.0,87113441280.0,2124.532,735799.3136395188,396012.6065041702,22108257427.0,5310457350.0,3.12
2026-09-11T17:56:55.834543Z,856.821,azure-1,crdb-azure-1,33.87949260042829,14360.44,18039.63,8327364608.0,5557370880.0,10707722.665303845,44107040.82367663,49.98353535882616,11371227136.0,89177879552.0,1797.7350000000001,737739.0602976986,657721.6829006864,21273365796.0,6415477172.0,1.63
2026-09-11T17:56:56.013010Z,856.999,azure-2,crdb-azure-2,18.566271273845558,14191.84,18204.51,8327364608.0,5953748992.0,0.0,2492175.2653597724,33.65803230573733,10867116032.0,89324459008.0,1542.5539999999999,727369.9463985323,391531.2410021353,21188287475.0,5546820636.0,1.43
2026-09-11T17:56:56.874719Z,857.861,gcp-1,crdb-gcp-1,93.3403805496824,10758.03,18396.9,8324022272.0,2209697792.0,88395052.32495174,2760483.930593036,61.09975296847288,199119271936.0,89664807936.0,1338.234,2692008.787178677,10272168.583671417,22694496161.0,92456600325.0,28.47
2026-09-11T17:56:56.780319Z,857.767,client-1,crdb-client-1,24.559471365634156,17043.08,18496.1,8324030464.0,7469998080.0,0.0,73159.5500993995,0.14048149213699923,566323200.0,5776376832.0,16.974,7499345.169035235,1700995.0615597642,11122421270.0,2521652376.0,2.26
2026-09-11T17:57:01.627715Z,862.614,linode-1,crdb-linode-1,11.395713538944985,14489.57,18090.36,8322887680.0,3742810112.0,0.0,1711559.0996213697,45.68207363198699,19453519872.0,86718599168.0,2192.0119999999997,610854.1189442115,442188.5313221516,21711271878.0,7228418051.0,0.64
2026-09-11T17:57:01.651327Z,862.638,linode-2,crdb-linode-2,12.981744421912566,14124.24,17692.72,8322887680.0,6045560832.0,0.0,1813264.0705846935,50.29104774122505,11653535744.0,87122354176.0,2127.0040000000004,592012.5019683177,321826.6961771054,22111167398.0,5312039253.0,2.87
2026-09-11T17:57:00.958478Z,861.945,azure-1,crdb-azure-1,14.600840336120902,14376.7,18058.67,8327364608.0,5559128064.0,0.0,1549238.4493934144,35.85202598341161,11371227136.0,89185817600.0,1799.5720000000001,616382.0046048041,581546.4040504702,21276524038.0,6418456922.0,1.58
2026-09-11T17:57:00.901424Z,861.888,azure-2,crdb-azure-2,18.393782383432,14207.59,18223.81,8327364608.0,5952512000.0,0.0,1672479.0652168598,35.779149669753664,10867116032.0,89332634624.0,1544.3029999999999,607598.2874986966,337217.1559377504,21191257611.0,5548469062.0,1.32
2026-09-11T17:57:01.753074Z,862.739,gcp-1,crdb-gcp-1,93.68805425143852,10759.24,18416.07,8324022272.0,2218909696.0,84603383.01705413,1826226.0007551804,59.85744345147786,199531988992.0,89673716736.0,1341.154,2605146.197590614,9520724.883937007,22707204734.0,92503044869.0,26.75
2026-09-11T17:57:02.061640Z,863.048,client-1,crdb-client-1,23.932092004392835,17056.97,18514.36,8324030464.0,7472513024.0,0.0,8531.379773389259,0.018935058090819613,566323200.0,5776421888.0,16.975,6887569.6286000395,1569724.4578020065,11158795965.0,2529942419.0,2.07
2026-09-11T17:57:06.404553Z,867.391,linode-1,crdb-linode-1,11.927083333337428,14506.48,18109.56,8322887680.0,3743199232.0,0.0,2777403.2816043845,51.83447314809476,19453519872.0,86731866112.0,2194.488,785070.7784012303,410695.040003354,21715021960.0,7230379836.0,0.59
2026-09-11T17:57:06.749430Z,867.736,linode-2,crdb-linode-2,13.210445468501087,14141.19,17712.25,8322887680.0,6045315072.0,0.0,2573448.5302662617,47.39096258270558,11653535744.0,87135473664.0,2129.42,726014.0505500662,400586.43051955756,22114868631.0,5314081450.0,2.64
2026-09-11T17:57:06.022748Z,867.009,azure-1,crdb-azure-1,15.606936416198614,14392.76,18077.7,8327364608.0,5558124544.0,0.0,2390860.5551413815,37.992243233538225,11371227136.0,89197925376.0,1801.496,742051.8965780265,683027.0764030433,21280281931.0,6421915902.0,1.53
2026-09-11T17:57:05.986750Z,866.973,azure-2,crdb-azure-2,18.746789933221784,14223.41,18243.28,8327364608.0,5951070208.0,0.0,2546887.3084993814,35.02287831171004,10867116032.0,89345586176.0,1546.084,736105.7828559516,400397.4339586299,21195000891.0,5550505182.0,1.21
2026-09-11T17:57:06.779275Z,867.766,gcp-1,crdb-gcp-1,93.4031413612549,10760.5,18435.17,8324022272.0,2210017280.0,86207317.89978881,2603749.002106437,58.37520457517397,199965276160.0,89686803456.0,1344.088,2675356.317640973,10077482.473449504,22720651360.0,92553695370.0,25.09
2026-09-11T17:57:06.843745Z,867.83,client-1,crdb-client-1,25.33333333334061,17070.41,18532.36,8324030464.0,7470645248.0,0.0,38544.05774980142,0.08364595865837686,566323200.0,5776606208.0,16.979,8076005.388921653,1828527.632094799,11197415908.0,2538686548.0,1.91
2026-09-11T17:57:11.410257Z,872.396,linode-1,crdb-linode-1,11.20375195413217,14523.52,18128.75,8322887680.0,3743563776.0,52369.414393794206,1697914.6072987965,46.507261928082116,19453782016.0,86740365312.0,2196.816,641601.2402394974,468991.57528273,21718233604.0,7232727453.0,0.54
2026-09-11T17:57:11.736883Z,872.723,linode-2,crdb-linode-2,13.289869608825533,14158.48,17732.19,8322887680.0,6045327360.0,821.2684397930468,1893845.022162766,48.281601636268945,11653539840.0,87144919040.0,2131.828,585299.7309853997,318697.8697774641,22117787759.0,5315670926.0,2.42
2026-09-11T17:57:10.855364Z,871.842,azure-1,crdb-azure-1,14.981855883883387,14409.16,18096.99,8327364608.0,5556965376.0,26275.095810423958,1631598.6914537458,39.44078614436329,11371354112.0,89205810176.0,1803.402,672348.6954540383,584826.776756821,21283531097.0,6424742113.0,1.41
2026-09-11T17:57:11.101946Z,872.088,azure-2,crdb-azure-2,18.634496919929365,14239.26,18262.760000000002,8327364608.0,5949837312.0,0.0,1569486.8871228262,36.75356928350615,10867116032.0,89353614336.0,1547.964,583060.1870952499,311954.5211929721,21197983331.0,5552100876.0,1.28
2026-09-11T17:57:12.046550Z,873.033,gcp-1,crdb-gcp-1,92.83833596629559,10761.86,18454.16,8324022272.0,2215030784.0,85329522.09380886,1716248.7151166615,56.19655009214047,200414726144.0,89695843328.0,1347.048,2541750.785493295,9548394.176503843,22734039339.0,92603988932.0,23.64
2026-09-11T17:57:11.790627Z,872.777,client-1,crdb-client-1,26.304228445894918,17083.83,18550.57,8324030464.0,7470956544.0,0.0,4968.037689041832,0.020214997107128516,566323200.0,5776630784.0,16.98,8077647.825386608,1819038.4286838935,11237374597.0,2547685008.0,2.08
2026-09-11T17:57:16.462880Z,877.449,linode-1,crdb-linode-1,14.94661921709225,14540.25,18148.420000000002,8322887680.0,3741601792.0,0.0,2659010.192653232,49.47960444479652,19453782016.0,86753800192.0,2199.316,747313.8203030599,395962.3158352442,21722009472.0,7234728087.0,0.58
2026-09-11T17:57:16.723663Z,877.71,linode-2,crdb-linode-2,12.230215827350976,14175.56,17751.65,8322887680.0,6044647424.0,0.0,2591446.854404903,49.89228232220785,11653539840.0,87157841920.0,2134.3160000000003,746335.6031762655,414276.9967984774,22121509543.0,5317736819.0,2.23
2026-09-11T17:57:15.862015Z,876.848,azure-1,crdb-azure-1,16.361735493977047,14425.16,18116.12,8327364608.0,5560295424.0,233163.15013319778,2410988.784008891,39.18809112538818,11372521472.0,89217881088.0,1805.364,755482.6812957096,693708.1084137403,21287313514.0,6428215248.0,1.3
2026-09-11T17:57:16.186542Z,877.173,azure-2,crdb-azure-2,18.879668049790656,14254.9,18282.04,8327364608.0,5948346368.0,0.0,2411096.351530779,34.24101833326469,10867116032.0,89365873664.0,1549.705,741133.959648329,403636.1135638697,21201751660.0,5554153182.0,1.17
2026-09-11T17:57:16.904472Z,877.891,gcp-1,crdb-gcp-1,93.1269674711469,10763.17,18473.22,8324022272.0,2208821248.0,89077096.88855763,2649201.9501154604,59.943253068435155,200847456256.0,89708712960.0,1349.96,2766695.254809425,10466400.141826412,22747479745.0,92654833949.0,22.07
2026-09-11T17:57:16.902219Z,877.888,client-1,crdb-client-1,38.100436681240794,17095.17,18568.89,8324030464.0,7472193536.0,0.0,71317.26721884416,0.13694392735362879,566323200.0,5776995328.0,16.987000000000002,7624037.988744608,1719496.3188081873,11276345486.0,2556474353.0,2.31
2026-09-11T17:57:21.418026Z,882.404,linode-1,crdb-linode-1,38.029606942309435,14552.39,18168.01,8322887680.0,3761328128.0,18024402.936475277,1778055.066102193,54.89259378584835,19543095296.0,86762610688.0,2202.036,682842.8783512068,475061.8985893831,21725393048.0,7237082081.0,0.93
2026-09-11T17:57:21.700955Z,882.687,linode-2,crdb-linode-2,11.609907120725826,14192.69,17771.03,8322887680.0,6044647424.0,0.0,1839270.3030837025,49.26387268378619,11653539840.0,87166996480.0,2136.768,604904.5027371871,343123.2750686443,22124520321.0,5319444639.0,1.89
2026-09-11T17:57:20.821661Z,881.808,azure-1,crdb-azure-1,15.468750000005482,14441.39,18135.32,8327364608.0,5561827328.0,0.0,1630264.6845551846,38.148033606544445,11372521472.0,89225966592.0,1807.256,651931.344552043,576614.5849458643,21290546850.0,6431075041.0,1.19
2026-09-11T17:57:21.011815Z,881.998,azure-2,crdb-azure-2,18.931297709913174,14270.83,18301.69,8327364608.0,5947629568.0,0.0,1710466.7164128132,38.63007375583442,10867116032.0,89374127104.0,1551.569,647985.4994209781,378912.73595253413,21204878356.0,5555981533.0,1.24
2026-09-11T17:57:21.740672Z,882.727,gcp-1,crdb-gcp-1,92.81624154086798,10764.55,18492.43,8324022272.0,2216734720.0,91318377.85332812,1881080.6641832846,61.16416939703656,201289086976.0,89717810176.0,1352.9180000000001,2750349.230770841,10282507.84884093,22760780887.0,92704561851.0,20.62
2026-09-11T17:57:22.046557Z,883.033,client-1,crdb-client-1,25.74421168688592,17108.64,18587.030000000002,8324030464.0,7471681536.0,0.0,29460.201418798108,0.05831701611090429,566323200.0,5777146880.0,16.990000000000002,7659229.181740597,1732441.8702716164,11315746829.0,2565386547.0,2.13
2026-09-11T17:57:26.493673Z,887.48,linode-1,crdb-linode-1,12.953367875655141,14569.19,18187.31,8322887680.0,3760766976.0,806.9937290349685,2686482.1239574105,49.49141228847605,19543099392.0,86776246272.0,2204.5480000000002,763889.1125751401,398611.360733578,21729270265.0,7239105284.0,0.86
2026-09-11T17:57:26.750479Z,887.737,linode-2,crdb-linode-2,11.993769470419958,14209.64,17790.29,8322887680.0,6044651520.0,0.0,2623317.5189566296,49.35133826838934,11653539840.0,87180242944.0,2139.26,762818.2093436955,430092.16007110546,22128372178.0,5321616393.0,1.89
2026-09-11T17:57:25.831398Z,886.818,azure-1,crdb-azure-1,16.46565285788918,14457.32,18154.39,8327364608.0,5559627776.0,0.0,2498614.831968349,38.86439999759267,11372521472.0,89238483968.0,1809.2030000000002,772097.496648585,708244.3054722665,21294414847.0,6434623151.0,1.18
2026-09-11T17:57:25.948228Z,886.934,azure-2,crdb-azure-2,18.48516949152327,14286.220000000001,18320.57,8327364608.0,5946695680.0,0.0,2542365.5501665683,34.45828032597385,10867116032.0,89386677248.0,1553.27,776883.0992041797,438419.5274189117,21208713365.0,5558145749.0,1.14
2026-09-11T17:57:26.802040Z,887.788,gcp-1,crdb-gcp-1,92.87585123100801,10765.91,18511.52,8324022272.0,2214998016.0,86179022.61918128,2564572.4732856182,58.58109523604252,201725270016.0,89730790400.0,1355.883,2707785.1729919985,10168057.619846988,22774485962.0,92756026049.0,19.29
2026-09-11T17:57:26.842316Z,887.828,client-1,crdb-client-1,25.78859988930399,17122.05,18605.1,8324030464.0,7471661056.0,0.0,9394.988408711282,0.020851803108774384,566323200.0,5777191936.0,16.991,8176289.762717885,1849743.8530887642,11354958257.0,2574257453.0,2.12
2026-09-11T17:57:31.444729Z,892.431,linode-1,crdb-linode-1,16.095534787117348,14585.35,18206.57,8322887680.0,3759828992.0,0.0,1791099.3549905897,58.573318073768505,19543099392.0,86785114112.0,2207.4480000000003,696732.042210961,491834.90046448796,21732719827.0,7241540388.0,1.11
2026-09-11T17:57:31.667433Z,892.654,linode-2,crdb-linode-2,13.58974358974172,14226.49,17809.79,8322887680.0,6044422144.0,0.0,2031769.2748734646,53.366223522579425,11653539840.0,87190233088.0,2141.884,638800.0002639884,353664.51203567587,22131513137.0,5323355350.0,1.74
2026-09-11T17:57:30.808906Z,891.795,azure-1,crdb-azure-1,16.389177939652775,14473.39,18173.61,8327364608.0,5557645312.0,0.0,1611253.5190699468,40.30158922397302,11372521472.0,89246503936.0,1811.209,673542.4194106163,587469.1942537852,21297767385.0,6437547262.0,1.16
2026-09-11T17:57:30.962704Z,891.949,azure-2,crdb-azure-2,19.368203003632047,14301.79,18339.88,8327364608.0,5945950208.0,0.0,1662259.0950004053,37.6310430775116,10867116032.0,89395012608.0,1555.157,628758.293231751,353109.4070195316,21211866259.0,5559916408.0,1.05
2026-09-11T17:57:31.787411Z,892.774,gcp-1,crdb-gcp-1,93.98220826792463,10767.06,18530.63,8324022272.0,2210787328.0,90116896.70180441,1902836.6285089806,58.19031772967646,202174535680.0,89740276736.0,1358.784,2755363.295971934,10282359.725035736,22788222455.0,92807287370.0,18.31
2026-09-11T17:57:32.122354Z,893.109,client-1,crdb-client-1,26.36213538800426,17135.43,18623.27,8324030464.0,7469957120.0,0.0,5430.252893033442,0.0,566323200.0,5777220608.0,16.991,7652853.5839869995,1727338.02884194,11395365697.0,2583377882.0,1.95
2026-09-11T17:57:36.500930Z,897.487,linode-1,crdb-linode-1,22.861668426611548,14599.96,18225.51,8322887680.0,3744333824.0,1650970.3952795444,22599176.210556157,75.31337288328092,19551447040.0,86899380224.0,2211.256,904690.2229343661,485221.4358308985,21737294128.0,7243993768.0,1.02
2026-09-11T17:57:36.794718Z,897.781,linode-2,crdb-linode-2,28.42105263157828,14240.77,17829.74,8322887680.0,6062043136.0,0.0,26973608.268339418,72.39695688784992,11653539840.0,87328534528.0,2145.596,881814.633419461,498742.47997247527,22136034454.0,5325912546.0,1.76
2026-09-11T17:57:35.838649Z,896.825,azure-1,crdb-azure-1,27.239199156998804,14487.2,18192.59,8327364608.0,5557952512.0,0.0,15221016.282230653,57.93496014127048,11372521472.0,89323062272.0,1814.123,903527.9115827426,752468.5669000495,21302311930.0,6441332012.0,1.23
2026-09-11T17:57:35.906107Z,896.892,azure-2,crdb-azure-2,33.1088082901631,14314.699999999999,18359.18,8327364608.0,5946396672.0,0.0,23843960.901412707,54.71925875991158,10867116032.0,89512883200.0,1557.8619999999999,936473.8905682348,507338.9634731906,21216495638.0,5562424395.0,1.04
2026-09-11T17:57:36.810281Z,897.796,gcp-1,crdb-gcp-1,97.07542329398878,10767.630000000001,18550.12,8324022272.0,2209697792.0,102065446.27425529,10460807.152379692,55.98370194321821,202687199232.0,89792820224.0,1361.596,3204621.7742381743,11857606.289431158,22804318919.0,92866846827.0,18.04
2026-09-11T17:57:37.143534Z,898.13,client-1,crdb-client-1,29.748908296947675,17148.3,18641.59,8324030464.0,7472533504.0,0.0,6525.954100652591,0.019915631410707294,566323200.0,5777253376.0,16.992,8892229.647556571,2005791.2664607156,11440015196.0,2593449324.0,1.79
2026-09-11T17:57:41.689442Z,902.676,linode-1,crdb-linode-1,16.509433962270272,14615.89,18244.59,8322887680.0,3743703040.0,0.0,2466988.053791961,69.2298522595388,19551447040.0,86912180224.0,2214.848,792334.8881766332,572347.9741501946,21741405168.0,7246963403.0,0.94
2026-09-11T17:57:41.757015Z,902.743,linode-2,crdb-linode-2,18.395503321412455,14256.74,17849.31,8322887680.0,6061674496.0,0.0,2624845.0126145277,70.77357019812756,11653539840.0,87341559808.0,2149.108,769142.253130535,453743.42458573135,22139851172.0,5328164159.0,1.62
2026-09-11T17:57:40.841623Z,901.828,azure-1,crdb-azure-1,23.482849604224576,14501.7,18211.54,8327364608.0,5536448512.0,0.0,5742426.692971039,57.08578182336936,11372521472.0,89351791616.0,1816.979,805136.5876035969,649796.5010610871,21306340026.0,6444582942.0,1.13
2026-09-11T17:57:40.965937Z,901.952,azure-2,crdb-azure-2,24.480249480252358,14329.23,18378.420000000002,8327364608.0,5950414848.0,0.0,2175976.9911545995,50.14014131963179,10867116032.0,89523893248.0,1560.399,760185.8094288992,406241.0773486388,21220342040.0,5564479901.0,0.96
2026-09-11T17:57:41.725954Z,902.712,gcp-1,crdb-gcp-1,96.63908996897813,10768.28,18569.46,8324022272.0,2208010240.0,103607454.11244178,2261447.3943523616,57.36748446345838,203196499968.0,89803936768.0,1364.416,3290683.9428967624,11951541.768172313,22820494857.0,92925596741.0,17.56
2026-09-11T17:57:41.794421Z,902.781,client-1,crdb-client-1,34.47513812155165,17160.16,18659.690000000002,8324030464.0,7469617152.0,0.0,2642.0666257119083,0.0,566323200.0,5777265664.0,16.992,9843007.173421498,2213361.859055408,11485794084.0,2603743459.0,1.65
2026-09-11T17:57:46.454109Z,907.44,linode-1,crdb-linode-1,13.451511991657394,14632.49,18263.77,8322887680.0,3743780864.0,0.0,3037167.0073440424,62.29152807704709,19551447040.0,86926651392.0,2217.816,854807.0372787117,453956.6466834536,21745478061.0,7249126367.0,1.02
2026-09-11T17:57:46.713663Z,907.7,linode-2,crdb-linode-2,39.57382039573627,14268.65,17869.02,8322887680.0,6041391104.0,0.0,2798069.1771352086,56.97393792504712,11653539840.0,87355428864.0,2151.9320000000002,807863.4054015041,434686.9364794622,22143855470.0,5330318751.0,1.45
2026-09-11T17:57:45.821043Z,906.807,azure-1,crdb-azure-1,32.48572911261067,14514.710000000001,18230.81,8327364608.0,5518159872.0,205646.11898930388,2611705.7111641592,45.80847631001872,11373545472.0,89364796416.0,1819.26,810818.8670440248,719628.6702861456,21310377440.0,6448166281.0,1.12
2026-09-11T17:57:45.914271Z,906.9,azure-2,crdb-azure-2,36.09100310236394,14341.59,18397.76,8327364608.0,5941280768.0,0.0,2710051.111393623,41.629968190663924,10867116032.0,89537303552.0,1562.459,832172.5555956422,443291.8661848662,21224459928.0,5566673468.0,0.96
2026-09-11T17:57:46.817801Z,907.804,gcp-1,crdb-gcp-1,93.39184305627948,10769.56,18588.83,8324022272.0,2202624000.0,91939046.27286442,2765604.251269624,57.680386304458224,203664640000.0,89818018816.0,1367.353,2888912.033860864,10915773.50964603,22835204770.0,92981178246.0,16.55
2026-09-11T17:57:46.778158Z,907.764,client-1,crdb-client-1,29.009304871369157,17173.13,18677.960000000003,8324030464.0,7471648768.0,0.0,123280.73017765081,0.20065223010681363,566323200.0,5777880064.0,17.002,8475885.088285541,1906781.08726587,11528035753.0,2613246374.0,1.51
2026-09-11T17:57:51.506136Z,912.492,linode-1,crdb-linode-1,14.447884416929535,14649.07,18283.15,8322887680.0,3737952256.0,1621.5255804240667,2219057.7568103354,62.31155428680647,19551455232.0,86937862144.0,2220.964,716634.3387331686,521880.0508660858,21749098521.0,7251762922.0,0.94
2026-09-11T17:57:51.787547Z,912.774,linode-2,crdb-linode-2,13.032191069567023,14285.4,17888.28,8322887680.0,6041374720.0,0.0,2165094.9995476934,61.412345492215366,11653539840.0,87366414336.0,2155.0480000000002,632511.2887146235,346505.16625455744,22147064768.0,5332076883.0,1.45
2026-09-11T17:57:50.862778Z,911.849,azure-1,crdb-azure-1,18.613138686139074,14530.32,18249.99,8327364608.0,5539311616.0,1624.8336947877222,1853935.245752791,47.205861738219674,11373553664.0,89374143488.0,1821.64,689597.3106928201,579792.1127226747,21313854215.0,6451089446.0,1.03
2026-09-11T17:57:51.232501Z,912.219,azure-2,crdb-azure-2,22.01550387597704,14356.68,18417.11,8327364608.0,5962264576.0,0.0,1847662.2553829958,42.83375130427556,10867116032.0,89547129856.0,1564.7369999999999,642425.6037199885,360795.3811847888,21227876499.0,5568592263.0,0.89
2026-09-11T17:57:51.842011Z,912.828,gcp-1,crdb-gcp-1,98.22784810126366,10769.91,18608.579999999998,8324022272.0,2211926016.0,117298698.93320137,1738120.8376812993,57.402138725385456,204253972480.0,89826751488.0,1370.237,2771004.4525837684,10092784.582220657,22849126859.0,93031886445.0,16.19
2026-09-11T17:57:51.891424Z,912.878,client-1,crdb-client-1,28.376161837066572,17186.23,18696.25,8324030464.0,7471001600.0,0.0,6408.417305920758,0.058670812737313845,566323200.0,5777912832.0,17.005,7709073.538958525,1744245.7133601226,11567454366.0,2622165182.0,1.87
2026-09-11T17:57:56.420971Z,917.407,linode-1,crdb-linode-1,13.922077922079435,14665.64,18302.4,8322887680.0,3738198016.0,0.0,2875200.9341518125,58.028143853321524,19551455232.0,86951993344.0,2223.816,834317.5431482923,428431.6337625105,21753199072.0,7253868602.0,0.87
2026-09-11T17:57:56.733829Z,917.72,linode-2,crdb-linode-2,13.495346432258238,14302.130000000001,17907.62,8322887680.0,6040784896.0,0.0,2878458.813008155,58.225441682866396,11653539840.0,87380652032.0,2157.9280000000003,799191.8996120233,435527.92116120417,22151017804.0,5334231131.0,1.33
2026-09-11T17:57:55.849573Z,916.836,azure-1,crdb-azure-1,18.153364632227763,14546.01,18269.16,8327364608.0,5541441536.0,0.0,2719548.791445146,43.31431766803701,11373553664.0,89387705344.0,1823.8000000000002,809983.3552112184,719176.2919249214,21317893443.0,6454675837.0,1.03
2026-09-11T17:57:55.922170Z,916.908,azure-2,crdb-azure-2,21.48417228853733,14371.81,18436.38,8327364608.0,5961936896.0,0.0,2822849.621801111,43.3931179263086,10867116032.0,89560368128.0,1566.772,880818.4560455591,502739.01731852884,21232007259.0,5570949950.0,0.81
2026-09-11T17:57:56.784846Z,917.771,gcp-1,crdb-gcp-1,93.97089397089523,10771.07,18627.82,8324022272.0,2214658048.0,100157773.16691287,2845645.533526209,58.97380123845412,204749039616.0,89840817152.0,1373.152,2912030.409505546,10840638.594283495,22863520655.0,93085470343.0,15.45
2026-09-11T17:57:56.845136Z,917.831,client-1,crdb-client-1,31.267293857210344,17198.65,18714.32,8324030464.0,7470907392.0,0.0,90126.8769290183,0.2018681840619454,566323200.0,5778359296.0,17.015,8141723.577271205,1837873.3529912995,11607786247.0,2631269506.0,1.88
2026-09-11T17:58:01.487018Z,922.473,linode-1,crdb-linode-1,12.027310924356971,14682.39,18321.44,8322887680.0,3738152960.0,25872.548817109564,1810269.9000471348,52.8220677448909,19551586304.0,86961164288.0,2226.4919999999997,673519.2629888077,490881.0420043691,21756611164.0,7256355437.0,0.96
2026-09-11T17:58:01.851171Z,922.837,linode-2,crdb-linode-2,14.672801636004229,14318.82,17927.18,8322887680.0,6040879104.0,0.0,1871365.0139492217,52.60525215143776,11653539840.0,87390228480.0,2160.6200000000003,600979.8314416634,331216.69821820187,22154093234.0,5335926086.0,1.3
2026-09-11T17:58:01.088728Z,922.075,azure-1,crdb-azure-1,16.38065522620753,14562.09,18288.39,8327364608.0,5548400640.0,0.0,1587838.9774088687,38.02120889636424,11373553664.0,89396024320.0,1825.7920000000001,642181.2721719655,560694.6829869112,21321257947.0,6457613418.0,1.03
2026-09-11T17:58:01.026043Z,922.012,azure-2,crdb-azure-2,19.44012441678019,14387.35,18455.67,8327364608.0,5969444864.0,0.0,1638755.2240323822,36.57991747602586,10867116032.0,89568732160.0,1568.639,621798.6428624166,370090.2126426574,21235180853.0,5572838851.0,0.75
2026-09-11T17:58:01.996148Z,922.982,gcp-1,crdb-gcp-1,92.59842519685087,10772.48,18646.87,8324022272.0,2212417536.0,89343020.05975287,1762180.4431597248,57.586517578149966,205214631936.0,89850000384.0,1376.153,2584608.789465642,9466674.681316527,22876989799.0,93134803923.0,14.61
2026-09-11T17:58:02.031226Z,923.017,client-1,crdb-client-1,29.71014492752786,17211.260000000002,18732.26,8324030464.0,7470198784.0,0.0,7898.010384940301,0.01928225191638172,566323200.0,5778400256.0,17.016000000000002,7481033.422651729,1701869.1009870148,11646583756.0,2640095597.0,1.73
2026-09-11T17:58:06.464047Z,927.45,linode-1,crdb-linode-1,12.570548999489617,14699.43,18340.93,8322887680.0,3742593024.0,0.0,2576749.9118979024,47.65889173273715,19551586304.0,86973988864.0,2228.864,750115.3925349225,389680.5573634586,21760344515.0,7258294891.0,1.04
2026-09-11T17:58:06.876900Z,927.863,linode-2,crdb-linode-2,13.167259786469533,14335.9,17946.85,8322887680.0,6040952832.0,0.0,2477601.1280341814,47.35597859208354,11653539840.0,87402680320.0,2163.0,739408.489723601,419932.52273526124,22157809327.0,5338036568.0,1.2
2026-09-11T17:58:05.849018Z,926.835,azure-1,crdb-azure-1,14.892501310960615,14578.32,18307.46,8327364608.0,5549748224.0,0.0,2496172.446774471,37.14062168333436,11373553664.0,89407906816.0,1827.5600000000002,782995.0991429745,733578.7457362963,21324985228.0,6461105463.0,1.02
2026-09-11T17:58:06.024686Z,927.011,azure-2,crdb-azure-2,17.341640706135053,14403.27,18474.93,8327364608.0,5968842752.0,0.0,2409093.757562816,33.16889092095374,10867116032.0,89580774400.0,1570.297,749366.4676757819,418353.3396094004,21238926681.0,5574930057.0,0.77
2026-09-11T17:58:06.968091Z,927.954,gcp-1,crdb-gcp-1,93.03561935140235,10773.79,18665.68,8324022272.0,2212421632.0,87754479.29643127,2517580.3001248003,59.93579879978001,205650946048.0,89862517760.0,1379.133,2566070.774875921,9698662.530171234,22889748269.0,93183025545.0,13.76
2026-09-11T17:58:06.996702Z,927.983,client-1,crdb-client-1,28.071150639257702,17224.2,18750.25,8324030464.0,7471030272.0,0.0,34645.51555303059,0.06041698443260307,566323200.0,5778572288.0,17.019000000000002,7366259.666795762,1667728.083993272,11683160853.0,2648376686.0,1.67
2026-09-11T17:58:11.596900Z,932.583,linode-1,crdb-linode-1,13.099535843213673,14716.28,18360.32,8322887680.0,3742437376.0,12767.894376403545,1828202.8760212825,50.96559400738113,19551651840.0,86983372800.0,2231.4800000000005,645375.2128312023,474356.42154540814,21763657145.0,7260729703.0,1.12
2026-09-11T17:58:11.807562Z,932.794,linode-2,crdb-linode-2,12.970498474055404,14353.01,17966.51,8322887680.0,6041038848.0,0.0,1874937.8348305398,51.5144517887655,11653539840.0,87411924992.0,2165.54,610604.2448698856,343339.7649160806,22160820006.0,5339729458.0,1.1
2026-09-11T17:58:11.083466Z,932.07,azure-1,crdb-azure-1,15.26041666666761,14594.59,18326.66,8327364608.0,5556285440.0,0.0,1547796.1009296398,35.70563938476272,11373553664.0,89416008704.0,1829.429,616677.6571192737,598577.0567191223,21328213207.0,6464238695.0,1.02
2026-09-11T17:58:11.396797Z,932.383,azure-2,crdb-azure-2,18.233471074383,14419.1,18494.29,8327364608.0,5968883712.0,0.0,1537869.1075941885,32.519692609968665,10867116032.0,89589036032.0,1572.0439999999999,563794.3016855139,317466.2859503619,21241955457.0,5576635527.0,0.79
2026-09-11T17:58:11.968147Z,932.954,gcp-1,crdb-gcp-1,93.05628616517717,10775.11,18684.69,8324022272.0,2211041280.0,89746355.11727324,1814505.7421821025,61.11925027454608,206099683328.0,89871590400.0,1382.189,2574852.4153128644,9461743.336570008,22902622689.0,93230334842.0,13.06
2026-09-11T17:58:12.271511Z,933.258,client-1,crdb-client-1,24.217462932455057,17238.0,18768.46,8324030464.0,7470710784.0,0.0,8541.739856499333,0.037916103766400026,566323200.0,5778617344.0,17.021,7081948.628474013,1602626.3095874358,11720516741.0,2656830225.0,1.78
2026-09-11T17:58:16.673272Z,937.66,linode-1,crdb-linode-1,15.000000000001911,14732.43,18379.32,8322887680.0,3749756928.0,331625.8391538624,2587649.7960253935,54.13315263331377,19553335296.0,86996508672.0,2234.228,764968.8176629876,397252.8311492527,21767540411.0,7262746306.0,1.03
2026-09-11T17:58:16.723830Z,937.71,linode-2,crdb-linode-2,13.388687078359462,14369.7,17985.78,8322887680.0,6041128960.0,0.0,2685229.272024292,52.31570517059084,11653539840.0,87425126400.0,2168.112,784278.5270552565,439733.84243514546,22164675759.0,5341891324.0,1.02
2026-09-11T17:58:15.828169Z,936.814,azure-1,crdb-azure-1,16.789087093391963,14610.45,18345.72,8327364608.0,5553770496.0,0.0,2667520.5982269347,42.25749329557683,11373553664.0,89428665344.0,1831.4340000000002,817390.1703656217,750942.0009329926,21332091495.0,6467801705.0,1.42
2026-09-11T17:58:15.949069Z,936.935,azure-2,crdb-azure-2,20.174537987681617,14434.65,18513.77,8327364608.0,5968150528.0,0.0,2768582.668138045,38.705791752408466,10867116032.0,89601639424.0,1573.806,850000.9341778329,469667.10453994415,21245824908.0,5578773588.0,1.13
2026-09-11T17:58:16.752557Z,937.739,gcp-1,crdb-gcp-1,93.14558979809206,10776.4,18703.51,8324022272.0,2217725952.0,96418535.80600119,2746400.9701808835,62.536162209688015,206560991232.0,89884730368.0,1385.181,2827223.316533498,10576909.786593195,22916149346.0,93280939345.0,12.42
2026-09-11T17:58:17.062063Z,938.048,client-1,crdb-client-1,25.582685904553117,17251.41,18786.48,8324030464.0,7470718976.0,0.0,38475.607575074406,0.10437176534035035,566323200.0,5778801664.0,17.026,8025684.430304414,1820455.8797067746,11758964325.0,2665551242.0,1.72
2026-09-11T17:58:21.487131Z,942.473,linode-1,crdb-linode-1,15.95028482652272,14748.66,18398.63,8322887680.0,3753263104.0,447558.5991773054,2300757.513641509,68.96715284079094,19555489792.0,87007584256.0,2237.5480000000002,771778.7934563257,560271.7001579597,21771255666.0,7265443390.0,1.11
2026-09-11T17:58:21.911380Z,942.898,linode-2,crdb-linode-2,13.916192446984399,14386.34,18005.11,8322887680.0,6041161728.0,0.0,2127128.260087449,59.44981500149262,11653539840.0,87436161024.0,2171.1960000000004,657852.106077399,369005.4258049988,22168088412.0,5343805565.0,0.93
2026-09-11T17:58:21.029773Z,942.016,azure-1,crdb-azure-1,18.880753138079363,14625.96,18364.84,8327364608.0,5553127424.0,0.0,1808759.6453918035,45.38955280888013,11373553664.0,89438073856.0,1833.795,707947.8337317922,595003.9771102385,21335773983.0,6470896700.0,1.31
2026-09-11T17:58:21.033447Z,942.02,azure-2,crdb-azure-2,27.51780264496386,14448.9,18533.43,8327364608.0,5979181056.0,0.0,8898666.078001644,47.576861734019985,10867116032.0,89646883840.0,1576.225,687439.8256457784,377846.62463321246,21249320130.0,5580694713.0,1.2
2026-09-11T17:58:21.914237Z,942.901,gcp-1,crdb-gcp-1,94.8178553104149,10777.41,18723.0,8324022272.0,2211102720.0,103445191.07475276,10419904.909501217,56.337868084761915,207094945792.0,89938514944.0,1388.089,2850216.439527227,10424724.432005841,22930861350.0,93334748798.0,12.14
2026-09-11T17:58:21.947943Z,942.934,client-1,crdb-client-1,31.104972375698736,17263.879999999997,18804.579999999998,8324030464.0,7470751744.0,0.0,6706.617628439108,0.04093394548605585,566323200.0,5778834432.0,17.028,8571808.467044849,1934388.65010132,11800845499.0,2675002511.0,2.06
2026-09-11T17:58:26.479657Z,947.466,linode-1,crdb-linode-1,22.204968944094816,14763.69,18417.95,8322887680.0,3782651904.0,500458.17893971404,22727364.709816325,65.37747726926953,19557988352.0,87121051648.0,2240.812,807912.9914818343,420849.2827443982,21775289208.0,7267544499.0,1.1
2026-09-11T17:58:26.751576Z,947.738,linode-2,crdb-linode-2,23.99582681272282,14400.91,18024.28,8322887680.0,6055964672.0,5483678.854150213,33568915.55346152,68.84018864394898,11680081920.0,87598641152.0,2174.5280000000002,837868.7700958112,466465.62220133236,22172143861.0,5346063350.0,0.79
2026-09-11T17:58:25.868651Z,946.855,azure-1,crdb-azure-1,27.177334732423585,14639.84,18383.9,8327364608.0,5544927232.0,103270.45299917218,24122962.045659088,51.72698351388813,11374053376.0,89554801664.0,1836.298,825737.6978526579,735805.2841781758,21339769618.0,6474457164.0,1.28
2026-09-11T17:58:25.979187Z,946.965,azure-2,crdb-azure-2,25.950329447537225,14463.51,18553.16,8327364608.0,5972021248.0,0.0,18559672.126242276,40.62079622921046,10867116032.0,89738675200.0,1578.234,812722.6530455259,443153.27403223974,21253339647.0,5582886435.0,1.1
2026-09-11T17:58:26.765131Z,947.751,gcp-1,crdb-gcp-1,93.96775871034903,10778.57,18742.23,8324022272.0,2207592448.0,99251667.49203943,2896219.453972089,60.77218868376164,207576406016.0,89952564224.0,1391.037,2904270.325942427,10983671.622971138,22944949684.0,93388029525.0,11.73
2026-09-11T17:58:26.809072Z,947.795,client-1,crdb-client-1,27.838427947605084,17277.1,18822.9,8324030464.0,7470247936.0,0.0,7583.404150941843,0.02057130032267554,566323200.0,5778871296.0,17.029,8330192.340913836,1879810.9777348805,11841339742.0,2684140538.0,1.9
2026-09-11T17:58:31.660273Z,952.647,linode-1,crdb-linode-1,20.802919708027744,14778.880000000001,18437.13,8322887680.0,3788574720.0,0.0,2327623.140254508,73.11809751497435,19557988352.0,87133110272.0,2244.6,804023.0460558285,558190.0806946135,21779454578.0,7270436292.0,1.49
2026-09-11T17:58:31.763477Z,952.75,linode-2,crdb-linode-2,15.97077244258619,14417.01,18043.44,8322887680.0,6058631168.0,0.0,2695294.647833444,72.86624983038857,11680081920.0,87612149760.0,2178.1800000000003,767638.1605180539,437495.5881861778,22175991204.0,5348256044.0,0.79
2026-09-11T17:58:30.838113Z,951.824,azure-1,crdb-azure-1,21.725407680156383,14654.720000000001,18402.91,8327364608.0,5543526400.0,0.0,2083645.8254881715,55.41799620997466,11374053376.0,89565156352.0,1839.0520000000001,811809.6541972415,649396.0884346724,21343803910.0,6477684341.0,1.18
2026-09-11T17:58:30.981119Z,951.967,azure-2,crdb-azure-2,25.00000000000474,14477.91,18572.36,8327364608.0,5969539072.0,0.0,2149562.2618372124,50.92015514229385,10867116032.0,89749427200.0,1580.781,779284.0935029279,416594.2428067273,21257237586.0,5584970218.0,1.09
2026-09-11T17:58:31.791970Z,952.778,gcp-1,crdb-gcp-1,97.3778920308473,10779.08,18761.68,8324022272.0,2214469632.0,109165247.93970294,2302692.9902637866,59.73918118173382,208125163520.0,89964139520.0,1394.04,3293360.1854573498,12026803.75510675,22961504917.0,93448486483.0,11.67
2026-09-11T17:58:31.797353Z,952.784,client-1,crdb-client-1,30.377668308684225,17289.82,18841.17,8324030464.0,7468236800.0,0.0,4926.724347256382,0.020046892689056003,566323200.0,5778895872.0,17.03,9341019.646104231,2101707.4088852797,11887935590.0,2694624494.0,2.14
2026-09-11T17:58:36.478970Z,957.465,linode-1,crdb-linode-1,23.65145228215646,14793.6,18456.41,8322887680.0,3788591104.0,0.0,4354663.061246985,92.2240741250655,19557988352.0,87154094080.0,2249.044,1118284.9669399508,622192.0818688397,21784843256.0,7273434448.0,1.61
2026-09-11T17:58:36.743704Z,957.73,linode-2,crdb-linode-2,23.13624678664088,14431.96,18062.89,8322887680.0,6057615360.0,0.0,4460969.920531917,89.63422173358488,11680081920.0,87634366464.0,2182.6440000000002,1032888.0270126353,625912.5175108104,22181135235.0,5351373239.0,0.73
2026-09-11T17:58:35.887218Z,956.874,azure-1,crdb-azure-1,28.72117400420702,14668.32,18421.99,8327364608.0,5555814400.0,0.0,3421778.234130514,72.64649457814699,11374053376.0,89582433280.0,1842.72,1021711.7473135738,815526.2208139395,21348962643.0,6481802021.0,1.16
2026-09-11T17:58:35.964301Z,956.951,azure-2,crdb-azure-2,32.800412583810065,14490.939999999999,18591.75,8327364608.0,5982543872.0,0.0,3549239.325937425,71.13919368712972,10867116032.0,89767113728.0,1584.326,1045049.4045195958,591779.9615313133,21262445264.0,5587919169.0,1.08
2026-09-11T17:58:36.780541Z,957.767,gcp-1,crdb-gcp-1,99.74332648870076,10779.130000000001,18781.16,8324022272.0,2202882048.0,100808786.80930275,2098660.653742784,61.50023540737124,208628058112.0,89974608896.0,1397.108,3581635.394732781,12283640.470434055,22979372259.0,93509764637.0,13.7
2026-09-11T17:58:36.806465Z,957.793,client-1,crdb-client-1,28.774617067840946,17302.84,18859.45,8324030464.0,7468810240.0,0.0,817.7063979340405,0.0,566323200.0,5778899968.0,17.03,8731262.893457394,1977736.9151889314,11931671646.0,2704531241.0,2.13
2026-09-11T17:58:41.463574Z,962.45,linode-1,crdb-linode-1,22.026887280249152,14808.68,18475.75,8322887680.0,3787886592.0,0.0,3268005.610697448,84.41954083769231,19557988352.0,87170383872.0,2253.252,880371.2279170082,652908.111536187,21789231579.0,7276688952.0,1.56
2026-09-11T17:58:41.752802Z,962.739,linode-2,crdb-linode-2,21.41393442623052,14447.3,18082.41,8322887680.0,6058414080.0,817.7096765265035,3263479.3190172752,84.80543715538636,11680086016.0,87650713600.0,2186.8920000000003,816064.0757297243,507221.7588258935,22185222992.0,5353913970.0,0.84
2026-09-11T17:58:40.858283Z,961.845,azure-1,crdb-azure-1,25.673534072902836,14682.39,18440.920000000002,8327364608.0,5556109312.0,0.0,2436460.185458528,66.52459531698644,11374053376.0,89594545152.0,1846.027,870096.6462401274,690726.06003781,21353287975.0,6485235685.0,1.15
2026-09-11T17:58:40.967886Z,961.954,azure-2,crdb-azure-2,29.36880542513246,14504.48,18610.92,8327364608.0,5980475392.0,0.0,2513953.216520607,65.25301945699391,10867116032.0,89779692544.0,1587.591,832030.1590821346,453289.44293110276,21266608410.0,5590187248.0,1.0
2026-09-11T17:58:41.774389Z,962.761,gcp-1,crdb-gcp-1,98.65841073272247,10779.39,18800.54,8324022272.0,2201821184.0,98804906.08946234,1430445.4996141747,60.454411824570414,209121474560.0,89981752320.0,1400.127,3318949.0113872155,11403535.1263771,22995946578.0,93566712131.0,16.61
2026-09-11T17:58:41.796030Z,962.782,client-1,crdb-client-1,28.796095444674886,17315.97,18877.89,8324030464.0,7469248512.0,0.0,97688.33039384398,0.18037580700675984,566323200.0,5779387392.0,17.039,8574961.04671541,1935813.2025528073,11974457123.0,2714190141.0,1.96
2026-09-11T17:58:46.461986Z,967.448,linode-1,crdb-linode-1,18.85289431759204,14823.96,18494.58,8322887680.0,3787894784.0,6555.689681224926,3973567.4080324587,84.34688627943902,19558021120.0,87190245376.0,2257.4680000000003,961172.181717214,549787.0492461331,21794035908.0,7279437011.0,1.6
2026-09-11T17:58:46.740482Z,967.727,linode-2,crdb-linode-2,21.468926553672528,14462.59,18101.88,8322887680.0,6058213376.0,0.0,4022340.1430788734,85.32998785050536,11680086016.0,87670775808.0,2191.148,952448.873434059,554631.0869842204,22189973517.0,5356680301.0,1.01
2026-09-11T17:58:45.893360Z,966.88,azure-1,crdb-azure-1,26.537046768248885,14696.37,18459.95,8327364608.0,5552779264.0,0.0,3256400.113497606,66.53298832160928,11374053376.0,89610941440.0,1849.3770000000002,947365.8025885148,785699.3796281635,21358058053.0,6489191757.0,1.14
2026-09-11T17:58:46.124705Z,967.111,azure-2,crdb-azure-2,29.00051786639981,14518.189999999999,18630.23,8327364608.0,5984288768.0,0.0,3251800.243597693,62.26677582542808,10867116032.0,89796461568.0,1590.802,934464.7113791476,494103.8339196616,21271427298.0,5592735264.0,1.0
2026-09-11T17:58:46.798999Z,967.785,gcp-1,crdb-gcp-1,99.54034729315549,10779.48,18820.12,8324022272.0,2203672576.0,99630635.72828637,2125177.4874908365,62.193392792474896,209622083584.0,89992430592.0,1403.252,3409681.8096249383,11931728.770259243,23013079034.0,93626664886.0,19.44
2026-09-11T17:58:46.829403Z,967.816,client-1,crdb-client-1,28.92741061755362,17329.09,18896.35,8324030464.0,7469993984.0,0.0,35805.692862728145,0.09933663902344034,566323200.0,5779567616.0,17.044,8643840.8227288,1949967.098326951,12017964941.0,2724005085.0,2.05
2026-09-11T17:58:51.469201Z,972.456,linode-1,crdb-linode-1,19.978802331737256,14839.06,18513.45,8322887680.0,3789971456.0,4090.080971397247,3412763.562533863,86.83433624821802,19558041600.0,87207333888.0,2261.8160000000003,883735.2878018451,657130.8222174924,21798460979.0,7282727420.0,1.47
2026-09-11T17:58:51.765276Z,972.752,linode-2,crdb-linode-2,23.4407484407426,14477.32,18121.12,8322887680.0,6057984000.0,0.0,3153015.2148502306,88.12259249670558,11680086016.0,87686619136.0,2195.576,808102.88033956,466609.5252944247,22194034087.0,5359024929.0,0.93
2026-09-11T17:58:50.970429Z,971.957,azure-1,crdb-azure-1,27.110644992135036,14710.27,18479.02,8327364608.0,5536837632.0,0.0,2484027.9519126206,69.33132579327369,11374053376.0,89623553024.0,1852.8970000000002,862025.7212228422,659742.1239492662,21362434618.0,6492541314.0,1.05
2026-09-11T17:58:50.994421Z,971.981,azure-2,crdb-azure-2,30.314136125655555,14531.5,18649.33,8327364608.0,5981261824.0,0.0,2651173.538921717,69.44893703273569,10867116032.0,89809372160.0,1594.184,860840.5200901616,458011.0167103283,21275619389.0,5594965670.0,1.16
2026-09-11T17:58:51.804109Z,972.791,gcp-1,crdb-gcp-1,99.4832041343651,10779.58,18839.47,8324022272.0,2209316864.0,98414583.62115629,1378940.0572240378,61.87664243936065,210114660352.0,89999332352.0,1406.349,3414302.381766553,11739598.033515414,23030168026.0,93685422979.0,21.57
2026-09-11T17:58:51.840621Z,972.827,client-1,crdb-client-1,28.485181119659696,17342.12,18914.57,8324030464.0,7470501888.0,0.0,85823.33519447803,0.17959682309112993,566323200.0,5779997696.0,17.053,8746345.329335129,1974466.1209970622,12061794841.0,2733899578.0,2.04
2026-09-11T17:58:56.457364Z,977.444,linode-1,crdb-linode-1,20.127456186923077,14854.1,18532.28,8322887680.0,3792379904.0,0.0,4299498.510464613,88.12840310396773,19558041600.0,87228780544.0,2266.212,1006521.9895808594,580647.2953290668,21803481688.0,7285623791.0,1.59
2026-09-11T17:58:56.764000Z,977.75,linode-2,crdb-linode-2,18.928950159064684,14492.61,18139.98,8322887680.0,6058037248.0,0.0,4210099.318378565,88.26200666624281,11680086016.0,87707664384.0,2199.9880000000003,988105.7677709139,575541.9018193838,22198973384.0,5361901921.0,0.85
2026-09-11T17:58:55.859266Z,976.846,azure-1,crdb-azure-1,27.382833070034053,14724.06,18498.01,8327364608.0,5536305152.0,0.0,3427534.90305497,69.79133101591907,11374053376.0,89640309760.0,1856.3090000000002,1005715.7846220997,816846.1655339833,21367351421.0,6496534760.0,1.04
2026-09-11T17:58:55.996518Z,976.983,azure-2,crdb-azure-2,31.741140215703332,14544.79,18668.8,8327364608.0,5978234880.0,0.0,3470317.7925662515,67.75165609495899,10867116032.0,89826731008.0,1597.5729999999999,1002019.4051861055,518611.23899037583,21280631582.0,5597559811.0,1.31
2026-09-11T17:58:56.785274Z,977.772,gcp-1,crdb-gcp-1,99.69135802469395,10779.64,18858.91,8324022272.0,2210566144.0,100232666.8144488,2170033.0428350074,60.52772142460971,210613938176.0,90010141696.0,1409.364,3540481.6358014806,12321691.889835887,23047803833.0,93746799651.0,22.96
2026-09-11T17:58:57.090197Z,978.077,client-1,crdb-client-1,31.742508324090046,17354.42,18932.59,8324030464.0,7468216320.0,0.0,8582.804001159871,0.01904919211907484,566323200.0,5780042752.0,17.054000000000002,8432323.574571975,1903512.238575243,12106060884.0,2743892192.0,2.2
2026-09-11T17:59:01.511757Z,982.498,linode-1,crdb-linode-1,19.658119658129703,14869.14,18551.0,8322887680.0,3791683584.0,0.0,3447350.6077311668,86.57755854917045,19558041600.0,87246204928.0,2270.588,890458.4992244724,660771.5602120523,21807982446.0,7288963613.0,1.7
2026-09-11T17:59:01.787963Z,982.774,linode-2,crdb-linode-2,20.165889061695495,14508.01,18159.27,8322887680.0,6055825408.0,0.0,3491079.242070722,88.69482434798151,11680086016.0,87725203456.0,2204.444,828534.8592408064,494818.39312731003,22203135917.0,5364387873.0,0.78
2026-09-11T17:59:01.035586Z,982.022,azure-1,crdb-azure-1,26.730058108818877,14737.93,18516.94,8327364608.0,5533523968.0,0.0,2535292.9608194493,67.15146054468136,11374053376.0,89653433344.0,1859.785,849608.3539869715,650435.3060628523,21371749298.0,6499901646.0,1.04
2026-09-11T17:59:01.032485Z,982.019,azure-2,crdb-azure-2,31.6692667706723,14557.93,18688.03,8327364608.0,5979734016.0,0.0,2593760.4256335883,70.3337784945147,10867116032.0,89839793152.0,1601.115,844827.0279177964,444184.02253886516,21284886120.0,5599796716.0,1.44
2026-09-11T17:59:01.803599Z,982.79,gcp-1,crdb-gcp-1,99.7947665469427,10779.68,18878.4,8324022272.0,2211786752.0,99659726.03146818,1282261.6489253694,55.49651601937427,211114063872.0,90016576512.0,1412.1490000000001,3482683.763161051,11957829.723499004,23065281100.0,93806808023.0,22.73
2026-09-11T17:59:01.831582Z,982.818,client-1,crdb-client-1,34.7130242825474,17366.25,18950.71,8324030464.0,7469432832.0,0.0,2591.615140095153,0.021090618002027287,566323200.0,5780055040.0,17.055,9423035.668630268,2121575.285680636,12150739687.0,2753951524.0,2.26
2026-09-11T17:59:06.529510Z,987.516,linode-1,crdb-linode-1,23.976915005243416,14883.630000000001,18570.06,8322887680.0,3774935040.0,2268493.797692844,22151078.695283562,80.67325966178504,19569424384.0,87357353984.0,2274.636,901113.7337977601,494529.47322656214,21812504029.0,7291445049.0,1.81
2026-09-11T17:59:06.782078Z,987.769,linode-2,crdb-linode-2,27.436281859062483,14522.53,18179.28,8322887680.0,6037667840.0,0.0,22827540.05796265,74.08680565791187,11680086016.0,87839207424.0,2208.1440000000002,890017.8116180722,508336.60529123043,22207580792.0,5366926578.0,1.28
2026-09-11T17:59:05.898591Z,986.885,azure-1,crdb-azure-1,22.30405049974301,14752.7,18535.95,8327364608.0,5532307456.0,0.0,3101251.159710497,59.119541409271456,11374053376.0,89668514816.0,1862.66,928370.3009550092,778928.0269972465,21376263989.0,6503689595.0,1.12
2026-09-11T17:59:06.015163Z,987.002,azure-2,crdb-azure-2,33.437663015142725,14570.689999999999,18707.2,8327364608.0,5970698240.0,0.0,21424068.75835572,60.02755828521745,10867116032.0,89946543104.0,1604.106,918599.2559031909,474366.82605270506,21289463235.0,5602160349.0,1.33
2026-09-11T17:59:06.865137Z,987.852,gcp-1,crdb-gcp-1,98.30421377183997,10780.01,18897.86,8324022272.0,2201870336.0,95563437.9496399,11767094.454494532,53.97538044647785,211597764608.0,90076136448.0,1414.881,3155466.530804821,11385144.747673593,23081252705.0,93864434695.0,21.63
2026-09-11T17:59:06.872233Z,987.859,client-1,crdb-client-1,29.3668122270604,17379.190000000002,18969.03,8324030464.0,7468642304.0,0.0,35753.97123410459,0.07935451712117482,566323200.0,5780235264.0,17.059,8467209.307138039,1908809.6241218187,12193420102.0,2763573205.0,2.32
2026-09-11T17:59:11.509887Z,992.496,linode-1,crdb-linode-1,12.16075156577121,14900.46,18589.22,8322887680.0,3775324160.0,0.0,1932700.7612873963,52.204766241554346,19569424384.0,87366979584.0,2277.236,665037.9226641213,487140.5438930202,21815816176.0,7293871198.0,1.66
2026-09-11T17:59:11.909032Z,992.895,linode-2,crdb-linode-2,13.891675025084915,14539.7,18199.22,8322887680.0,6037434368.0,0.0,1900618.2651158844,48.9959455823022,11680086016.0,87848951808.0,2210.656,584288.9390649261,325910.0293314615,22210576415.0,5368597504.0,1.18
2026-09-11T17:59:11.049543Z,992.036,azure-1,crdb-azure-1,25.931758530187388,14766.81,18555.0,8327364608.0,5490778112.0,0.0,21623680.031040195,48.068788452043364,11374053376.0,89779897344.0,1865.1360000000002,658159.3657686673,563489.0905734724,21379654136.0,6506592100.0,1.03
2026-09-11T17:59:11.237579Z,992.224,azure-2,crdb-azure-2,19.163223140490782,14586.34,18726.56,8327364608.0,5969203200.0,0.0,1680783.2947761298,37.51146622983235,10867116032.0,89955320832.0,1606.065,602878.9620260351,329978.92832538136,21292611712.0,5603883632.0,1.22
2026-09-11T17:59:11.929152Z,992.916,gcp-1,crdb-gcp-1,93.03664921465953,10781.34,18916.96,8324022272.0,2209775616.0,88484785.94273624,1731728.7192829628,58.66862311745672,212045854720.0,90084905984.0,1417.852,2709789.9585206145,9977221.789598987,23094975178.0,93914959702.0,20.46
2026-09-11T17:59:11.969781Z,992.956,client-1,crdb-client-1,26.312880044234376,17392.52,18987.12,8324030464.0,7469744128.0,0.0,9642.273065991083,0.05885176431879546,566323200.0,5780284416.0,17.062,7788917.423687149,1758820.0915531793,12233124523.0,2772538884.0,2.22
2026-09-11T17:59:16.521731Z,997.508,linode-1,crdb-linode-1,16.798314902565636,14916.26,18608.21,8322887680.0,3775516672.0,0.0,3592682.852978336,76.05961827176567,19569424384.0,87384985600.0,2281.048,932853.859271149,510786.22786019434,21820491507.0,7296431186.0,1.53
2026-09-11T17:59:16.809416Z,997.796,linode-2,crdb-linode-2,18.883248730969683,14555.68,18218.920000000002,8322887680.0,6036557824.0,0.0,3732061.870739614,78.76889053016181,11680086016.0,87867240448.0,2214.516,943675.796289296,533420.0697674729,22215200815.0,5371211482.0,1.08
2026-09-11T17:59:16.036816Z,997.023,azure-1,crdb-azure-1,22.689075630249533,14781.53,18574.04,8327364608.0,5490655232.0,0.0,3129924.703626731,57.44597692567191,11374053376.0,89795507200.0,1868.0010000000002,924903.0865883742,768043.8890774361,21384266900.0,6510422561.0,1.02
2026-09-11T17:59:16.013183Z,997.0,azure-2,crdb-azure-2,27.08226877873966,14600.61,18746.13,8327364608.0,5967429632.0,0.0,3290941.2408923474,58.798396755339205,10867116032.0,89971037184.0,1608.873,975469.171299077,511829.3645592372,21297270202.0,5606327945.0,1.12
2026-09-11T17:59:16.890548Z,997.877,gcp-1,crdb-gcp-1,98.1064483111619,10781.71,18936.5,8324022272.0,2207379456.0,104017506.25629953,2726048.904378788,58.39089351021554,212561926144.0,90098430976.0,1420.749,3464076.3399829906,12563787.155819599,23112161812.0,93977293551.0,19.54
2026-09-11T17:59:16.894016Z,997.881,client-1,crdb-client-1,29.78260869566721,17405.44,19005.52,8324030464.0,7470051328.0,0.0,72366.64613932025,0.08123052054067903,566323200.0,5780640768.0,17.066,9460762.155549789,2128030.4695765777,12279711752.0,2783017854.0,2.04
2026-09-11T17:59:21.549879Z,1002.536,linode-1,crdb-linode-1,21.618743343981585,14930.98,18626.989999999998,8322887680.0,3774582784.0,0.0,2689840.2533826153,84.0065948304339,19569424384.0,87398510592.0,2285.272,843507.9514689147,591918.143914231,21824732814.0,7299407455.0,1.41
2026-09-11T17:59:21.803388Z,1002.79,linode-2,crdb-linode-2,18.186528497411146,14571.47,18238.22,8322887680.0,6036156416.0,0.0,3089639.01342904,82.73942245342587,11680086016.0,87882670080.0,2218.648,773098.5810756525,456381.00265540817,22219061663.0,5373490645.0,1.0
2026-09-11T17:59:20.938131Z,1001.925,azure-1,crdb-azure-1,24.895397489542216,14795.89,18593.16,8327364608.0,5497892864.0,0.0,2447741.5519992015,66.1657423369789,11374053376.0,89807504384.0,1871.2440000000001,846132.1240006054,657434.0781142497,21388414071.0,6513644861.0,0.94
2026-09-11T17:59:21.031829Z,1002.018,azure-2,crdb-azure-2,29.690721649479624,14614.25,18765.53,8327364608.0,5965361152.0,0.0,2397043.1167904004,62.845421081953724,10867116032.0,89983067136.0,1612.027,799636.2510180539,420370.3117321962,21301283307.0,5608437642.0,1.11
2026-09-11T17:59:21.835952Z,1002.822,gcp-1,crdb-gcp-1,99.17525773195958,10781.869999999999,18955.9,8324022272.0,2210021376.0,102048780.7738849,1450243.605615301,59.36779465983739,213066602496.0,90105603072.0,1423.685,3340120.693959206,11769788.83941436,23128680186.0,94035500362.0,18.69
2026-09-11T17:59:22.152243Z,1003.139,client-1,crdb-client-1,29.443838604131813,17418.38,19023.86,8324030464.0,7469305856.0,0.0,5452.780603324726,0.01901778949264575,566323200.0,5780669440.0,17.067,8355502.517917421,1880840.3630308737,12323646945.0,2792907754.0,2.12
2026-09-11T17:59:26.540271Z,1007.527,linode-1,crdb-linode-1,19.53713670613928,14945.93,18645.57,8322887680.0,3774898176.0,3283.0976655239174,4197440.365372328,87.76835800167918,19569440768.0,87419457536.0,2289.652,988244.458823339,572048.1074856607,21829664558.0,7302262209.0,1.29
2026-09-11T17:59:26.873443Z,1007.86,linode-2,crdb-linode-2,18.746708794091905,14586.9,18257.21,8322887680.0,6036422656.0,0.0,4141187.36085108,86.70497428807829,11680086016.0,87903666176.0,2223.044,957038.30318336,559522.4257052415,22223913911.0,5376327461.0,0.92
2026-09-11T17:59:25.934771Z,1006.921,azure-1,crdb-azure-1,27.00998423541635,14809.779999999999,18612.19,8327364608.0,5508059136.0,0.0,3360150.8968055346,70.02689292025926,11374053376.0,89824293888.0,1874.7430000000002,975699.3688814896,797610.5131761269,21393289301.0,6517630243.0,1.19
2026-09-11T17:59:26.021660Z,1007.008,azure-2,crdb-azure-2,31.750893312920457,14627.619999999999,18785.12,8327364608.0,5966290944.0,0.0,3551884.167074082,68.75949353955784,10867116032.0,90000790528.0,1615.4579999999999,991610.2964654502,523742.1244456519,21306231300.0,5611051040.0,1.34
2026-09-11T17:59:26.900006Z,1007.887,gcp-1,crdb-gcp-1,99.69403365629108,10781.93,18975.51,8324022272.0,2207608832.0,98739294.56221333,2070616.6165279509,59.35929822238157,213566625792.0,90116088832.0,1426.691,3480082.418532555,12186736.037872123,23146303588.0,94097214920.0,20.16
2026-09-11T17:59:26.902348Z,1007.889,client-1,crdb-client-1,33.60881542699327,17430.43,19042.01,8324030464.0,7470575616.0,0.0,87091.2002636809,0.14736386183233402,566323200.0,5781083136.0,17.074,9458172.851779519,2120816.27981216,12368574656.0,2802981943.0,2.27
2026-09-11T17:59:31.522378Z,1012.509,linode-1,crdb-linode-1,19.6913251729673,14961.02,18664.36,8322887680.0,3771117568.0,0.0,3420109.265192865,87.99484850725362,19569440768.0,87436496896.0,2294.036,884041.9315608018,656241.253124123,21834068952.0,7305531675.0,1.27
2026-09-11T17:59:31.806606Z,1012.793,linode-2,crdb-linode-2,18.970047293756863,14602.32,18276.24,8322887680.0,6036647936.0,0.0,3437425.293757444,87.00269239229638,11680086016.0,87920623616.0,2227.3360000000002,820993.2443605505,490584.1005737977,22227964019.0,5378747601.0,1.08
2026-09-11T17:59:30.903275Z,1011.89,azure-1,crdb-azure-1,26.8680445151077,14823.58,18631.06,8327364608.0,5506105344.0,0.0,2536639.1236143187,71.71121232631262,11374053376.0,89836897280.0,1878.306,888990.7967677839,677105.397946948,21397706287.0,6520994468.0,1.17
2026-09-11T17:59:31.080974Z,1012.067,azure-2,crdb-azure-2,31.952356292074857,14640.76,18804.43,8327364608.0,5966397440.0,0.0,2546985.4251472377,68.36886269258433,10867116032.0,90013676544.0,1618.917,838263.7273144443,437749.87706253154,21310472345.0,5613265757.0,1.32
2026-09-11T17:59:31.827364Z,1012.814,gcp-1,crdb-gcp-1,99.58762886597978,10782.01,18994.91,8324022272.0,2209263616.0,100039041.95144266,1304271.5617048922,63.90837783272459,214059554816.0,90122515456.0,1429.84,3473982.0957353525,11920536.457037026,23163421171.0,94155951772.0,20.87
2026-09-11T17:59:31.871229Z,1012.858,client-1,crdb-client-1,34.03083700440717,17442.41,19060.17,8324030464.0,7466872832.0,0.0,11540.64552006088,0.020125288644032478,566323200.0,5781140480.0,17.075,8855529.106662037,1996603.3209981052,12412576654.0,2812902811.0,2.17
2026-09-11T17:59:36.508823Z,1017.495,linode-1,crdb-linode-1,17.35668789809135,14976.59,18683.2,8322887680.0,3771838464.0,87892.11741542644,3775253.9405728965,77.48958219854579,19569879040.0,87455322112.0,2297.9,911578.0997079851,518788.34088652587,21838614515.0,7308118601.0,1.17
2026-09-11T17:59:36.856755Z,1017.843,linode-2,crdb-linode-2,18.252326783855498,14618.13,18295.579999999998,8322887680.0,6036369408.0,0.0,3756825.824302384,76.82884202231479,11680086016.0,87939596288.0,2231.216,883364.9567490112,520479.56444245065,22232425177.0,5381376120.0,1.0
2026-09-11T17:59:35.941014Z,1016.928,azure-1,crdb-azure-1,24.331410592551073,14838.01,18650.13,8327364608.0,5523607552.0,0.0,3112402.540101395,61.535477907918605,11374053376.0,89852576768.0,1881.4060000000002,921212.7034880805,765005.0913203777,21402347121.0,6524848368.0,1.16
2026-09-11T17:59:36.035465Z,1017.022,azure-2,crdb-azure-2,28.519855595662726,14654.62,18823.82,8327364608.0,5964410880.0,0.0,3237429.9797597188,61.115817287004724,10867116032.0,90029716480.0,1621.945,941278.4489481521,497243.57753958006,21315135935.0,5615729364.0,1.21
2026-09-11T17:59:36.853367Z,1017.84,gcp-1,crdb-gcp-1,90.7369498464718,10783.82,19014.45,8324022272.0,2214461440.0,88697851.61609475,2210987.728754606,56.506047539330694,214505351168.0,90133627904.0,1432.68,3128196.279992448,10919603.874406954,23179143519.0,94210833818.0,22.8
2026-09-11T17:59:36.866400Z,1017.853,client-1,crdb-client-1,31.43012506797995,17455.02,19078.56,8324030464.0,7639662592.0,0.0,42639.20358583267,0.12011494399555182,566323200.0,5781353472.0,17.081,7904901.99595784,1791667.9366303284,12452063341.0,2821852578.0,2.55
