ts_utc,elapsed_s,wall_offset_s,concurrency,repetition,op,tps,tps_cum,errors_cum,p50_ms,p95_ms,p99_ms,pmax_ms,gateway_cpu_pct,gateway_disk_iops,gateway_rss_bytes
2026-09-11T17:59:38.794843Z,1.0,12.264,100,1,read,995.4,2578.3,0,12.1,30.4,41.9,67.1,,,
2026-09-11T17:59:38.794843Z,1.0,12.264,100,1,update,211.1,546.9,0,109.1,151.0,184.5,192.9,,,
2026-09-11T17:59:38.794843Z,2.0,13.261,100,1,read,2522.3,2550.2,0,10.5,29.4,46.1,83.9,,,
2026-09-11T17:59:38.794843Z,2.0,13.261,100,1,update,662.1,604.4,0,104.9,125.8,142.6,243.3,,,
2026-09-11T17:59:38.794843Z,3.0,14.268,100,1,read,2343.3,2481.3,0,8.9,41.9,88.1,151.0,,,
2026-09-11T17:59:38.794843Z,3.0,14.268,100,1,update,679.1,629.3,0,100.7,159.4,201.3,302.0,,,
2026-09-11T17:59:38.794843Z,4.0,15.268,100,1,read,2529.0,2493.2,0,11.0,35.7,56.6,92.3,,,
2026-09-11T17:59:38.794843Z,4.0,15.268,100,1,update,604.0,623.0,0,104.9,142.6,167.8,234.9,,,
2026-09-11T17:59:38.794843Z,5.0,16.281,100,1,read,2537.1,2501.9,0,8.9,29.4,39.8,71.3,,,
2026-09-11T17:59:38.794843Z,5.0,16.281,100,1,update,665.0,631.4,0,109.1,130.0,142.6,159.4,,,
2026-09-11T17:59:38.794843Z,6.0,17.259,100,1,read,2593.7,2517.3,0,11.0,30.4,41.9,62.9,,,
2026-09-11T17:59:38.794843Z,6.0,17.259,100,1,update,628.9,631.0,0,104.9,130.0,142.6,159.4,,,
2026-09-11T17:59:38.794843Z,7.0,18.264,100,1,read,2654.4,2536.9,0,11.5,28.3,41.9,54.5,,,
2026-09-11T17:59:38.794843Z,7.0,18.264,100,1,update,647.6,633.4,0,104.9,130.0,142.6,176.2,,,
2026-09-11T17:59:38.794843Z,8.0,19.258,100,1,read,2708.6,2558.3,0,8.9,28.3,39.8,50.3,,,
2026-09-11T17:59:38.794843Z,8.0,19.258,100,1,update,663.4,637.1,0,104.9,130.0,142.6,151.0,,,
2026-09-11T17:59:38.794843Z,9.0,20.259,100,1,read,2436.9,2544.8,0,10.5,32.5,46.1,96.5,,,
2026-09-11T17:59:38.794843Z,9.0,20.259,100,1,update,657.0,639.3,0,104.9,134.2,151.0,167.8,,,
2026-09-11T17:59:38.794843Z,10.0,21.279,100,1,read,2692.4,2559.6,0,10.5,26.2,32.5,41.9,,,
2026-09-11T17:59:38.794843Z,10.0,21.279,100,1,update,687.1,644.1,0,100.7,125.8,130.0,159.4,,,
2026-09-11T17:59:38.794843Z,11.0,22.265,100,1,read,3159.8,2614.2,0,8.9,19.9,27.3,67.1,,,
2026-09-11T17:59:38.794843Z,11.0,22.265,100,1,update,737.0,652.5,0,92.3,109.1,117.4,302.0,,,
2026-09-11T17:59:38.794843Z,12.0,23.26,100,1,read,3146.5,2658.5,0,8.1,18.9,26.2,35.7,,,
2026-09-11T17:59:38.794843Z,12.0,23.26,100,1,update,777.6,663.0,0,92.3,109.1,117.4,125.8,,,
2026-09-11T17:59:38.794843Z,13.0,24.261,100,1,read,3086.8,2691.5,0,8.1,19.9,26.2,33.6,,,
2026-09-11T17:59:38.794843Z,13.0,24.261,100,1,update,785.2,672.4,0,92.3,109.1,117.4,121.6,,,
2026-09-11T17:59:38.794843Z,14.0,25.259,100,1,read,3036.1,2716.1,0,8.1,19.9,25.2,33.6,,,
2026-09-11T17:59:38.794843Z,14.0,25.259,100,1,update,789.8,680.8,0,92.3,104.9,113.2,117.4,,,
2026-09-11T17:59:38.794843Z,15.0,26.263,100,1,read,2963.8,2732.6,0,7.6,19.9,26.2,35.7,,,
2026-09-11T17:59:38.794843Z,15.0,26.263,100,1,update,813.2,689.6,0,92.3,104.9,113.2,117.4,,,
2026-09-11T17:59:38.794843Z,16.0,27.263,100,1,read,3232.8,2763.8,0,7.9,19.9,26.2,46.1,,,
2026-09-11T17:59:38.794843Z,16.0,27.263,100,1,update,780.2,695.2,0,92.3,109.1,117.4,125.8,,,
2026-09-11T17:59:38.794843Z,17.0,28.275,100,1,read,3058.5,2781.2,0,7.6,18.9,25.2,35.7,,,
2026-09-11T17:59:38.794843Z,17.0,28.275,100,1,update,818.6,702.5,0,92.3,104.9,113.2,130.0,,,
2026-09-11T17:59:38.794843Z,18.0,29.259,100,1,read,3072.4,2797.4,0,7.9,19.9,26.2,35.7,,,
2026-09-11T17:59:38.794843Z,18.0,29.259,100,1,update,804.1,708.1,0,92.3,104.9,113.2,117.4,,,
2026-09-11T17:59:38.794843Z,19.0,30.26,100,1,read,3131.4,2814.9,0,9.4,22.0,29.4,39.8,,,
2026-09-11T17:59:38.794843Z,19.0,30.26,100,1,update,730.3,709.3,0,96.5,109.1,121.6,130.0,,,
2026-09-11T17:59:38.794843Z,20.0,31.269,100,1,read,2727.7,2810.6,0,10.0,25.2,35.7,56.6,,,
2026-09-11T17:59:38.794843Z,20.0,31.269,100,1,update,698.4,708.8,0,96.5,117.4,125.8,142.6,,,
2026-09-11T17:59:38.794843Z,21.0,32.283,100,1,read,2863.3,2813.1,0,10.0,27.3,39.8,62.9,,,
2026-09-11T17:59:38.794843Z,21.0,32.283,100,1,update,702.3,708.5,0,96.5,121.6,134.2,151.0,,,
2026-09-11T17:59:38.794843Z,22.0,33.26,100,1,read,3131.4,2827.6,0,8.9,21.0,28.3,41.9,,,
2026-09-11T17:59:38.794843Z,22.0,33.26,100,1,update,737.1,709.8,0,96.5,113.2,117.4,121.6,,,
2026-09-11T17:59:38.794843Z,23.0,34.265,100,1,read,2895.9,2830.5,0,11.0,23.1,29.4,39.8,,,
2026-09-11T17:59:38.794843Z,23.0,34.265,100,1,update,747.0,711.4,0,92.3,109.1,117.4,302.0,,,
2026-09-11T17:59:38.794843Z,24.0,35.259,100,1,read,2900.6,2833.4,0,13.1,29.4,35.7,48.2,,,
2026-09-11T17:59:38.794843Z,24.0,35.259,100,1,update,677.1,710.0,0,92.3,104.9,113.2,125.8,,,
2026-09-11T17:59:38.794843Z,25.0,36.264,100,1,read,2961.1,2838.5,0,10.0,22.0,29.4,46.1,,,
2026-09-11T17:59:38.794843Z,25.0,36.264,100,1,update,780.0,712.8,0,88.1,109.1,117.4,125.8,,,
2026-09-11T17:59:38.794843Z,26.0,37.262,100,1,read,3029.1,2845.9,0,11.5,24.1,29.4,39.8,,,
2026-09-11T17:59:38.794843Z,26.0,37.262,100,1,update,720.0,713.0,0,92.3,100.7,104.9,117.4,,,
2026-09-11T17:59:38.794843Z,27.0,38.276,100,1,read,2966.9,2850.4,0,11.0,24.1,29.4,50.3,,,
2026-09-11T17:59:38.794843Z,27.0,38.276,100,1,update,750.0,714.4,0,88.1,100.7,109.1,113.2,,,
2026-09-11T17:59:38.794843Z,28.0,39.287,100,1,read,2953.2,2854.0,0,12.1,26.2,33.6,46.1,,,
2026-09-11T17:59:38.794843Z,28.0,39.287,100,1,update,722.3,714.7,0,88.1,100.7,109.1,121.6,,,
2026-09-11T17:59:38.794843Z,29.0,40.264,100,1,read,2845.0,2853.7,0,11.0,25.2,33.6,50.3,,,
2026-09-11T17:59:38.794843Z,29.0,40.264,100,1,update,766.3,716.5,0,88.1,100.7,104.9,109.1,,,
2026-09-11T17:59:38.794843Z,30.0,41.264,100,1,read,2608.6,2845.6,0,12.1,26.2,33.6,52.4,,,
2026-09-11T17:59:38.794843Z,30.0,41.264,100,1,update,694.2,715.7,0,96.5,117.4,130.0,151.0,,,
2026-09-11T17:59:38.794843Z,31.0,42.27,100,1,read,2541.0,2835.7,0,13.1,30.4,39.8,75.5,,,
2026-09-11T17:59:38.794843Z,31.0,42.27,100,1,update,614.0,712.4,0,104.9,125.8,142.6,159.4,,,
2026-09-11T17:59:38.794843Z,32.0,43.264,100,1,read,2627.9,2829.2,0,10.5,33.6,52.4,167.8,,,
2026-09-11T17:59:38.794843Z,32.0,43.264,100,1,update,651.2,710.5,0,100.7,125.8,134.2,167.8,,,
2026-09-11T17:59:38.794843Z,33.0,44.27,100,1,read,2949.6,2832.9,0,10.0,22.0,29.4,37.7,,,
2026-09-11T17:59:38.794843Z,33.0,44.27,100,1,update,740.4,711.4,0,92.3,113.2,125.8,159.4,,,
2026-09-11T17:59:38.794843Z,34.0,45.269,100,1,read,2877.4,2834.2,0,12.1,25.2,31.5,44.0,,,
2026-09-11T17:59:38.794843Z,34.0,45.269,100,1,update,710.1,711.4,0,88.1,104.9,109.1,121.6,,,
2026-09-11T17:59:38.794843Z,35.0,46.268,100,1,read,2859.8,2834.9,0,11.5,24.1,32.5,44.0,,,
2026-09-11T17:59:38.794843Z,35.0,46.268,100,1,update,704.9,711.2,0,92.3,113.2,117.4,130.0,,,
2026-09-11T17:59:38.794843Z,36.0,47.303,100,1,read,2790.6,2833.7,0,10.5,23.1,29.4,39.8,,,
2026-09-11T17:59:38.794843Z,36.0,47.303,100,1,update,736.7,711.9,0,96.5,109.1,117.4,121.6,,,
2026-09-11T17:59:38.794843Z,37.0,48.275,100,1,read,2954.3,2837.0,0,12.6,25.2,29.4,44.0,,,
2026-09-11T17:59:38.794843Z,37.0,48.275,100,1,update,676.8,711.0,0,92.3,109.1,113.2,117.4,,,
2026-09-11T17:59:38.794843Z,38.0,49.268,100,1,read,2835.5,2836.9,0,11.5,24.1,29.4,44.0,,,
2026-09-11T17:59:38.794843Z,38.0,49.268,100,1,update,722.6,711.3,0,92.3,142.6,176.2,184.5,,,
2026-09-11T17:59:38.794843Z,39.0,50.266,100,1,read,2977.7,2840.5,0,10.0,22.0,29.4,41.9,,,
2026-09-11T17:59:38.794843Z,39.0,50.266,100,1,update,745.4,712.2,0,92.3,109.1,117.4,121.6,,,
2026-09-11T17:59:38.794843Z,40.0,51.272,100,1,read,2831.4,2840.3,0,8.9,23.1,29.4,50.3,,,
2026-09-11T17:59:38.794843Z,40.0,51.272,100,1,update,757.8,713.3,0,96.5,113.2,117.4,125.8,,,
2026-09-11T17:59:38.794843Z,41.0,52.265,100,1,read,2926.0,2842.4,0,11.0,23.1,29.4,37.7,,,
2026-09-11T17:59:38.794843Z,41.0,52.265,100,1,update,744.0,714.0,0,92.3,100.7,109.1,121.6,,,
2026-09-11T17:59:38.794843Z,42.0,53.328,100,1,read,2960.8,2845.2,0,11.0,23.1,28.3,41.9,,,
2026-09-11T17:59:38.794843Z,42.0,53.328,100,1,update,716.2,714.1,0,92.3,109.1,113.2,121.6,,,
2026-09-11T17:59:38.794843Z,43.0,54.268,100,1,read,2874.6,2845.9,0,11.5,23.1,29.4,46.1,,,
2026-09-11T17:59:38.794843Z,43.0,54.268,100,1,update,725.9,714.4,0,92.3,104.9,113.2,125.8,,,
2026-09-11T17:59:38.794843Z,44.0,55.284,100,1,read,2644.1,2841.3,0,10.0,27.3,48.2,159.4,,,
2026-09-11T17:59:38.794843Z,44.0,55.284,100,1,update,697.5,714.0,0,96.5,125.8,142.6,151.0,,,
2026-09-11T17:59:38.794843Z,45.0,56.26,100,1,read,2967.0,2844.1,0,10.0,22.0,28.3,60.8,,,
2026-09-11T17:59:38.794843Z,45.0,56.26,100,1,update,729.2,714.3,0,96.5,113.2,117.4,142.6,,,
2026-09-11T17:59:38.794843Z,46.0,57.265,100,1,read,2944.6,2846.3,0,11.5,23.1,28.3,37.7,,,
2026-09-11T17:59:38.794843Z,46.0,57.265,100,1,update,738.1,714.8,0,92.3,100.7,104.9,109.1,,,
2026-09-11T17:59:38.794843Z,47.0,58.259,100,1,read,2968.2,2848.9,0,10.0,21.0,27.3,48.2,,,
2026-09-11T17:59:38.794843Z,47.0,58.259,100,1,update,780.1,716.2,0,88.1,100.7,113.2,121.6,,,
2026-09-11T17:59:38.794843Z,48.0,59.264,100,1,read,2948.1,2850.9,0,10.0,21.0,27.3,32.5,,,
2026-09-11T17:59:38.794843Z,48.0,59.264,100,1,update,781.8,717.6,0,92.3,104.9,104.9,117.4,,,
2026-09-11T17:59:38.794843Z,49.0,60.269,100,1,read,2982.6,2853.6,0,9.4,21.0,26.2,41.9,,,
2026-09-11T17:59:38.794843Z,49.0,60.269,100,1,update,786.4,719.0,0,92.3,100.7,109.1,113.2,,,
2026-09-11T17:59:38.794843Z,50.0,61.266,100,1,read,2913.9,2854.8,0,8.9,21.0,28.3,50.3,,,
2026-09-11T17:59:38.794843Z,50.0,61.266,100,1,update,770.0,720.0,0,92.3,113.2,130.0,302.0,,,
2026-09-11T17:59:38.794843Z,51.0,62.269,100,1,read,3086.5,2859.4,0,10.0,22.0,27.3,56.6,,,
2026-09-11T17:59:38.794843Z,51.0,62.269,100,1,update,740.9,720.4,0,92.3,104.9,117.4,121.6,,,
2026-09-11T17:59:38.794843Z,52.0,63.261,100,1,read,2981.2,2861.7,0,9.4,19.9,25.2,41.9,,,
2026-09-11T17:59:38.794843Z,52.0,63.261,100,1,update,782.1,721.6,0,92.3,104.9,113.2,117.4,,,
2026-09-11T17:59:38.794843Z,53.0,64.261,100,1,read,2945.1,2863.3,0,10.0,22.0,28.3,37.7,,,
2026-09-11T17:59:38.794843Z,53.0,64.261,100,1,update,767.0,722.5,0,92.3,104.9,113.2,130.0,,,
2026-09-11T17:59:38.794843Z,54.0,65.259,100,1,read,2959.1,2865.1,0,10.0,22.0,28.3,37.7,,,
2026-09-11T17:59:38.794843Z,54.0,65.259,100,1,update,757.0,723.1,0,92.3,109.1,117.4,302.0,,,
2026-09-11T17:59:38.794843Z,55.0,66.281,100,1,read,2643.7,2861.0,0,11.5,29.4,41.9,184.5,,,
2026-09-11T17:59:38.794843Z,55.0,66.281,100,1,update,677.7,722.3,0,96.5,125.8,134.2,260.0,,,
2026-09-11T17:59:38.794843Z,56.0,67.275,100,1,read,3132.8,2865.9,0,8.9,22.0,30.4,39.8,,,
2026-09-11T17:59:38.794843Z,56.0,67.275,100,1,update,735.2,722.5,0,96.5,117.4,130.0,142.6,,,
2026-09-11T17:59:38.794843Z,57.0,68.306,100,1,read,3100.0,2870.0,0,8.9,19.9,27.3,37.7,,,
2026-09-11T17:59:38.794843Z,57.0,68.306,100,1,update,760.0,723.2,0,92.3,109.1,113.2,125.8,,,
2026-09-11T17:59:38.794843Z,58.0,69.268,100,1,read,3012.8,2872.5,0,10.5,21.0,27.3,35.7,,,
2026-09-11T17:59:38.794843Z,58.0,69.268,100,1,update,751.7,723.7,0,92.3,104.9,113.2,117.4,,,
2026-09-11T17:59:38.794843Z,59.0,70.26,100,1,read,2945.7,2873.7,0,10.5,21.0,25.2,41.9,,,
2026-09-11T17:59:38.794843Z,59.0,70.26,100,1,update,774.4,724.5,0,88.1,100.7,109.1,113.2,,,
2026-09-11T17:59:38.794843Z,60.0,71.282,100,1,read,2909.8,2874.3,0,10.0,24.1,31.5,58.7,,,
2026-09-11T17:59:38.794843Z,60.0,71.282,100,1,update,717.0,724.4,0,96.5,117.4,125.8,142.6,,,
2026-09-11T17:59:38.794843Z,61.0,72.276,100,1,read,2925.1,2875.1,0,12.6,27.3,32.5,48.2,,,
2026-09-11T17:59:38.794843Z,61.0,72.276,100,1,update,693.8,723.9,0,92.3,104.9,109.1,117.4,,,
2026-09-11T17:59:38.794843Z,62.0,73.268,100,1,read,2906.1,2875.6,0,10.5,22.0,27.3,44.0,,,
2026-09-11T17:59:38.794843Z,62.0,73.268,100,1,update,757.8,724.4,0,92.3,104.9,113.2,117.4,,,
2026-09-11T17:59:38.794843Z,63.0,74.284,100,1,read,2969.0,2877.1,0,12.1,24.1,29.4,39.8,,,
2026-09-11T17:59:38.794843Z,63.0,74.284,100,1,update,693.5,724.0,0,92.3,104.9,113.2,117.4,,,
2026-09-11T17:59:38.794843Z,64.0,75.261,100,1,read,2882.5,2877.2,0,11.5,24.1,29.4,39.8,,,
2026-09-11T17:59:38.794843Z,64.0,75.261,100,1,update,706.1,723.7,0,92.3,104.9,109.1,121.6,,,
2026-09-11T17:59:38.794843Z,65.0,76.261,100,1,read,2740.9,2875.1,0,11.5,27.3,35.7,46.1,,,
2026-09-11T17:59:38.794843Z,65.0,76.261,100,1,update,694.0,723.2,0,96.5,117.4,134.2,151.0,,,
2026-09-11T17:59:38.794843Z,66.0,77.27,100,1,read,2753.1,2873.3,0,13.1,26.2,32.5,48.2,,,
2026-09-11T17:59:38.794843Z,66.0,77.27,100,1,update,717.0,723.1,0,88.1,100.7,104.9,109.1,,,
2026-09-11T17:59:38.794843Z,67.0,78.274,100,1,read,1252.1,2849.0,0,14.2,32.5,41.9,75.5,,,
2026-09-11T17:59:38.794843Z,67.0,78.274,100,1,update,341.8,717.4,0,92.3,113.2,125.8,130.0,,,
2026-09-11T17:59:38.794843Z,68.0,79.306,100,1,read,0.0,2807.2,0,0.0,0.0,0.0,0.0,,,
2026-09-11T17:59:38.794843Z,68.0,79.306,100,1,update,0.0,706.9,0,0.0,0.0,0.0,0.0,,,
2026-09-11T17:59:38.794843Z,69.0,80.274,100,1,read,0.0,2766.5,0,0.0,0.0,0.0,0.0,,,
2026-09-11T17:59:38.794843Z,69.0,80.274,100,1,update,0.0,696.6,0,0.0,0.0,0.0,0.0,,,
2026-09-11T17:59:38.794843Z,70.0,81.277,100,1,read,0.0,2727.0,0,0.0,0.0,0.0,0.0,,,
2026-09-11T17:59:38.794843Z,70.0,81.277,100,1,update,0.0,686.7,0,0.0,0.0,0.0,0.0,,,
2026-09-11T17:59:38.794843Z,71.0,82.342,100,1,read,0.0,2688.5,0,0.0,0.0,0.0,0.0,,,
2026-09-11T17:59:38.794843Z,71.0,82.342,100,1,update,0.0,677.0,0,0.0,0.0,0.0,0.0,,,
2026-09-11T17:59:38.794843Z,72.0,83.861,100,1,read,0.0,2651.2,0,0.0,0.0,0.0,0.0,,,
2026-09-11T17:59:38.794843Z,72.0,83.861,100,1,update,0.0,667.6,0,0.0,0.0,0.0,0.0,,,
2026-09-11T17:59:38.794843Z,73.0,84.302,100,1,read,0.0,2614.9,0,0.0,0.0,0.0,0.0,,,
2026-09-11T17:59:38.794843Z,73.0,84.302,100,1,update,0.0,658.5,0,0.0,0.0,0.0,0.0,,,
2026-09-11T17:59:38.794843Z,74.0,85.305,100,1,read,0.0,2579.5,0,0.0,0.0,0.0,0.0,,,
2026-09-11T17:59:38.794843Z,74.0,85.305,100,1,update,0.0,649.6,0,0.0,0.0,0.0,0.0,,,
2026-09-11T17:59:38.794843Z,75.0,86.262,100,1,read,0.0,2545.2,0,0.0,0.0,0.0,0.0,,,
2026-09-11T17:59:38.794843Z,75.0,86.262,100,1,update,0.0,640.9,0,0.0,0.0,0.0,0.0,,,
2026-09-11T17:59:38.794843Z,76.0,87.304,100,1,read,0.0,2511.7,0,0.0,0.0,0.0,0.0,,,
2026-09-11T17:59:38.794843Z,76.0,87.304,100,1,update,0.0,632.5,0,0.0,0.0,0.0,0.0,,,
2026-09-11T17:59:38.794843Z,77.0,88.26,100,1,read,0.0,2479.0,0,0.0,0.0,0.0,0.0,,,
2026-09-11T17:59:38.794843Z,77.0,88.26,100,1,update,0.0,624.3,0,0.0,0.0,0.0,0.0,,,
2026-09-11T17:59:38.794843Z,78.0,89.26,100,1,read,0.0,2447.3,0,0.0,0.0,0.0,0.0,,,
2026-09-11T17:59:38.794843Z,78.0,89.26,100,1,update,0.0,616.2,0,0.0,0.0,0.0,0.0,,,
2026-09-11T17:59:38.794843Z,79.0,90.266,100,1,read,0.0,2416.3,0,0.0,0.0,0.0,0.0,,,
2026-09-11T17:59:38.794843Z,79.0,90.266,100,1,update,0.0,608.5,0,0.0,0.0,0.0,0.0,,,
2026-09-11T17:59:38.794843Z,80.0,91.266,100,1,read,0.0,2386.1,0,0.0,0.0,0.0,0.0,,,
2026-09-11T17:59:38.794843Z,80.0,91.266,100,1,update,0.0,600.8,0,0.0,0.0,0.0,0.0,,,
2026-09-11T17:59:38.794843Z,81.0,92.296,100,1,read,0.0,2356.6,0,0.0,0.0,0.0,0.0,,,
2026-09-11T17:59:38.794843Z,81.0,92.296,100,1,update,0.0,593.4,0,0.0,0.0,0.0,0.0,,,
2026-09-11T17:59:38.794843Z,82.0,93.261,100,1,read,0.0,2327.9,0,0.0,0.0,0.0,0.0,,,
2026-09-11T17:59:38.794843Z,82.0,93.261,100,1,update,0.0,586.2,0,0.0,0.0,0.0,0.0,,,
2026-09-11T17:59:38.794843Z,83.0,94.265,100,1,read,0.0,2299.8,0,0.0,0.0,0.0,0.0,,,
2026-09-11T17:59:38.794843Z,83.0,94.265,100,1,update,0.0,579.1,0,0.0,0.0,0.0,0.0,,,
2026-09-11T17:59:38.794843Z,84.0,95.263,100,1,read,0.0,2272.5,100,0.0,0.0,0.0,0.0,,,
2026-09-11T17:59:38.794843Z,84.0,95.263,100,1,update,0.0,572.2,100,0.0,0.0,0.0,0.0,,,
2026-09-11T17:59:38.794843Z,85.0,96.274,100,1,read,147.9,2247.5,100,79.7,121.6,130.0,130.0,,,
2026-09-11T17:59:38.794843Z,85.0,96.274,100,1,update,0.0,565.5,100,0.0,0.0,0.0,0.0,,,
2026-09-11T17:59:38.794843Z,86.0,97.264,100,1,read,1038.3,2233.4,100,33.6,65.0,88.1,130.0,,,
2026-09-11T17:59:38.794843Z,86.0,97.264,100,1,update,256.1,561.9,100,234.9,302.0,335.5,335.5,,,
2026-09-11T17:59:38.794843Z,87.0,98.276,100,1,read,1259.6,2222.2,100,28.3,37.7,41.9,50.3,,,
2026-09-11T17:59:38.794843Z,87.0,98.276,100,1,update,295.9,558.8,100,218.1,234.9,243.3,243.3,,,
2026-09-11T17:59:38.794843Z,88.0,99.26,100,1,read,1172.9,2210.3,100,30.4,44.0,54.5,71.3,,,
2026-09-11T17:59:38.794843Z,88.0,99.26,100,1,update,282.0,555.7,100,226.5,234.9,243.3,243.3,,,
2026-09-11T17:59:38.794843Z,89.0,100.266,100,1,read,1131.4,2198.2,100,30.4,48.2,56.6,65.0,,,
2026-09-11T17:59:38.794843Z,89.0,100.266,100,1,update,294.1,552.8,100,226.5,243.3,251.7,260.0,,,
2026-09-11T17:59:38.794843Z,90.0,101.26,100,1,read,1033.1,2185.2,100,35.7,60.8,79.7,121.6,,,
2026-09-11T17:59:38.794843Z,90.0,101.26,100,1,update,255.0,549.5,100,234.9,268.4,285.2,302.0,,,
2026-09-11T17:59:38.794843Z,91.0,102.259,100,1,read,1117.3,2173.5,100,31.5,48.2,58.7,71.3,,,
2026-09-11T17:59:38.794843Z,91.0,102.259,100,1,update,287.8,546.6,100,226.5,243.3,251.7,251.7,,,
2026-09-11T17:59:38.794843Z,92.0,103.261,100,1,read,1122.2,2162.1,100,29.4,46.1,54.5,67.1,,,
2026-09-11T17:59:38.794843Z,92.0,103.261,100,1,update,278.0,543.7,100,226.5,251.7,260.0,268.4,,,
2026-09-11T17:59:38.794843Z,93.0,104.265,100,1,read,1261.5,2152.4,100,27.3,33.6,37.7,46.1,,,
2026-09-11T17:59:38.794843Z,93.0,104.265,100,1,update,315.9,541.2,100,218.1,226.5,234.9,234.9,,,
2026-09-11T17:59:38.794843Z,94.0,105.266,100,1,read,1180.9,2142.0,100,28.3,37.7,44.0,52.4,,,
2026-09-11T17:59:38.794843Z,94.0,105.266,100,1,update,304.2,538.7,100,218.1,234.9,243.3,251.7,,,
2026-09-11T17:59:38.794843Z,95.0,106.272,100,1,read,1234.5,2132.5,100,28.3,35.7,44.0,58.7,,,
2026-09-11T17:59:38.794843Z,95.0,106.272,100,1,update,295.9,536.1,100,218.1,234.9,243.3,251.7,,,
2026-09-11T17:59:38.794843Z,96.0,107.265,100,1,read,1195.7,2122.7,100,27.3,35.7,39.8,44.0,,,
2026-09-11T17:59:38.794843Z,96.0,107.265,100,1,update,309.2,533.8,100,218.1,234.9,243.3,243.3,,,
2026-09-11T17:59:38.794843Z,97.0,108.268,100,1,read,1237.1,2113.6,100,27.3,35.7,41.9,46.1,,,
2026-09-11T17:59:38.794843Z,97.0,108.268,100,1,update,300.0,531.4,100,218.1,234.9,243.3,243.3,,,
2026-09-11T17:59:38.794843Z,98.0,109.299,100,1,read,1143.7,2103.7,100,27.3,31.5,37.7,44.0,,,
2026-09-11T17:59:38.794843Z,98.0,109.299,100,1,update,324.9,529.3,100,218.1,234.9,234.9,234.9,,,
2026-09-11T17:59:38.794843Z,99.0,110.267,100,1,read,1212.8,2094.7,100,27.3,35.7,41.9,54.5,,,
2026-09-11T17:59:38.794843Z,99.0,110.267,100,1,update,314.9,527.1,100,218.1,226.5,234.9,234.9,,,
2026-09-11T17:59:38.794843Z,100.0,111.296,100,1,read,1135.1,2085.1,100,29.4,44.0,52.4,75.5,,,
2026-09-11T17:59:38.794843Z,100.0,111.296,100,1,update,286.0,524.7,100,226.5,251.7,260.0,285.2,,,
2026-09-11T17:59:38.794843Z,101.0,112.282,100,1,read,1108.4,2075.4,100,27.3,37.7,44.0,65.0,,,
2026-09-11T17:59:38.794843Z,101.0,112.282,100,1,update,318.8,522.6,100,218.1,234.9,243.3,251.7,,,
2026-09-11T17:59:38.794843Z,102.0,113.267,100,1,read,1073.8,2065.6,100,29.4,52.4,60.8,268.4,,,
2026-09-11T17:59:38.794843Z,102.0,113.267,100,1,update,282.2,520.3,100,226.5,260.0,285.2,302.0,,,
2026-09-11T17:59:38.794843Z,103.0,114.26,100,1,read,1140.8,2056.6,100,28.3,41.9,48.2,71.3,,,
2026-09-11T17:59:38.794843Z,103.0,114.26,100,1,update,310.9,518.3,100,218.1,234.9,243.3,260.0,,,
2026-09-11T17:59:38.794843Z,104.0,115.277,100,1,read,1309.0,2049.5,100,27.3,35.7,41.9,52.4,,,
2026-09-11T17:59:38.794843Z,104.0,115.277,100,1,update,297.0,516.1,100,218.1,234.9,243.3,251.7,,,
2026-09-11T17:59:38.794843Z,105.0,116.261,100,1,read,1182.4,2041.2,100,27.3,35.7,46.1,60.8,,,
2026-09-11T17:59:38.794843Z,105.0,116.261,100,1,update,301.8,514.1,100,218.1,243.3,243.3,260.0,,,
2026-09-11T17:59:38.794843Z,106.0,117.273,100,1,read,1339.4,2034.6,100,27.3,32.5,37.7,46.1,,,
2026-09-11T17:59:38.794843Z,106.0,117.273,100,1,update,308.1,512.1,100,218.1,226.5,234.9,243.3,,,
2026-09-11T17:59:38.794843Z,107.0,118.269,100,1,read,1209.3,2026.9,100,26.2,29.4,32.5,46.1,,,
2026-09-11T17:59:38.794843Z,107.0,118.269,100,1,update,322.1,510.4,100,209.7,218.1,226.5,234.9,,,
2026-09-11T17:59:38.794843Z,108.0,119.261,100,1,read,1350.6,2020.6,100,26.2,29.4,32.5,37.7,,,
2026-09-11T17:59:38.794843Z,108.0,119.261,100,1,update,305.9,508.5,100,209.7,226.5,234.9,243.3,,,
2026-09-11T17:59:38.794843Z,109.0,120.27,100,1,read,1252.3,2013.6,100,26.2,29.4,31.5,37.7,,,
2026-09-11T17:59:38.794843Z,109.0,120.27,100,1,update,321.1,506.8,100,209.7,218.1,226.5,234.9,,,
2026-09-11T17:59:38.794843Z,110.0,121.26,100,1,read,1171.2,2005.9,100,27.3,37.7,54.5,71.3,,,
2026-09-11T17:59:38.794843Z,110.0,121.26,100,1,update,306.1,504.9,100,218.1,243.3,251.7,260.0,,,
2026-09-11T17:59:38.794843Z,111.0,122.333,100,1,read,1329.7,1999.8,100,26.2,31.5,35.7,46.1,,,
2026-09-11T17:59:38.794843Z,111.0,122.333,100,1,update,302.7,503.1,100,209.7,226.5,234.9,234.9,,,
2026-09-11T17:59:38.794843Z,112.0,123.27,100,1,read,1191.9,1992.6,100,26.2,32.5,37.7,41.9,,,
2026-09-11T17:59:38.794843Z,112.0,123.27,100,1,update,326.2,501.5,100,218.1,226.5,234.9,243.3,,,
2026-09-11T17:59:38.794843Z,113.0,124.267,100,1,read,1312.8,1986.6,100,27.3,32.5,39.8,52.4,,,
2026-09-11T17:59:38.794843Z,113.0,124.267,100,1,update,299.9,499.7,100,218.1,226.5,243.3,243.3,,,
2026-09-11T17:59:38.794843Z,114.0,125.26,100,1,read,1265.5,1980.3,100,27.3,32.5,37.7,46.1,,,
2026-09-11T17:59:38.794843Z,114.0,125.26,100,1,update,311.1,498.1,100,218.1,234.9,243.3,243.3,,,
2026-09-11T17:59:38.794843Z,115.0,126.27,100,1,read,1312.9,1974.4,100,27.3,35.7,44.0,58.7,,,
2026-09-11T17:59:38.794843Z,115.0,126.27,100,1,update,285.8,496.2,100,218.1,234.9,234.9,243.3,,,
2026-09-11T17:59:38.794843Z,116.0,127.278,100,1,read,1256.6,1968.3,100,26.2,29.4,32.5,35.7,,,
2026-09-11T17:59:38.794843Z,116.0,127.278,100,1,update,324.2,494.8,100,209.7,226.5,234.9,234.9,,,
2026-09-11T17:59:38.794843Z,117.0,128.267,100,1,read,1335.4,1962.9,100,28.3,39.8,46.1,54.5,,,
2026-09-11T17:59:38.794843Z,117.0,128.267,100,1,update,361.1,493.6,100,209.7,226.5,234.9,243.3,,,
2026-09-11T17:59:38.794843Z,118.0,129.267,100,1,read,1370.1,1957.8,100,33.6,75.5,104.9,243.3,,,
2026-09-11T17:59:38.794843Z,118.0,129.267,100,1,update,371.0,492.6,100,121.6,201.3,226.5,352.3,,,
2026-09-11T17:59:38.794843Z,119.0,130.277,100,1,read,709.5,1947.3,200,37.7,56.6,65.0,71.3,,,
2026-09-11T17:59:38.794843Z,119.0,130.277,100,1,update,172.9,489.9,200,125.8,142.6,167.8,167.8,,,
2026-09-11T17:59:38.794843Z,120.0,131.266,100,1,read,0.0,1931.1,200,0.0,0.0,0.0,0.0,,,
2026-09-11T17:59:38.794843Z,120.0,131.266,100,1,update,0.0,485.8,200,0.0,0.0,0.0,0.0,,,
2026-09-11T17:59:38.794843Z,121.0,132.262,100,1,read,0.0,1915.1,200,0.0,0.0,0.0,0.0,,,
2026-09-11T17:59:38.794843Z,121.0,132.262,100,1,update,0.0,481.8,200,0.0,0.0,0.0,0.0,,,
2026-09-11T17:59:38.794843Z,122.0,133.268,100,1,read,609.3,1904.4,200,29.4,75.5,83.9,83.9,,,
2026-09-11T17:59:38.794843Z,122.0,133.268,100,1,update,146.1,479.0,200,130.0,167.8,184.5,184.5,,,
2026-09-11T17:59:38.794843Z,123.0,134.267,100,1,read,1607.2,1902.0,200,28.3,32.5,48.2,60.8,,,
2026-09-11T17:59:38.794843Z,123.0,134.267,100,1,update,425.1,478.6,200,125.8,151.0,159.4,167.8,,,
2026-09-11T17:59:38.794843Z,124.0,135.26,100,1,read,1668.2,1900.1,200,29.4,37.7,46.1,52.4,,,
2026-09-11T17:59:38.794843Z,124.0,135.26,100,1,update,380.8,477.8,200,130.0,151.0,159.4,176.2,,,
2026-09-11T17:59:38.794843Z,125.0,136.26,100,1,read,1570.6,1897.5,200,29.4,37.7,46.1,50.3,,,
2026-09-11T17:59:38.794843Z,125.0,136.26,100,1,update,401.2,477.2,200,130.0,142.6,159.4,176.2,,,
2026-09-11T17:59:38.794843Z,126.0,137.261,100,1,read,1586.8,1895.0,200,28.3,32.5,35.7,44.0,,,
2026-09-11T17:59:38.794843Z,126.0,137.261,100,1,update,436.9,476.9,200,125.8,134.2,142.6,142.6,,,
2026-09-11T17:59:38.794843Z,127.0,138.261,100,1,read,1671.7,1893.3,200,28.3,32.5,35.7,41.9,,,
2026-09-11T17:59:38.794843Z,127.0,138.261,100,1,update,416.9,476.4,200,125.8,134.2,142.6,142.6,,,
2026-09-11T17:59:38.794843Z,128.0,139.265,100,1,read,1689.1,1891.7,200,28.3,32.5,35.7,41.9,,,
2026-09-11T17:59:38.794843Z,128.0,139.265,100,1,update,414.8,475.9,200,125.8,134.2,142.6,142.6,,,
2026-09-11T17:59:38.794843Z,129.0,140.266,100,1,read,1736.5,1890.5,200,28.3,32.5,37.7,41.9,,,
2026-09-11T17:59:38.794843Z,129.0,140.266,100,1,update,395.1,475.3,200,125.8,134.2,142.6,142.6,,,
2026-09-11T17:59:38.794843Z,130.0,141.266,100,1,read,1595.7,1888.2,200,28.3,39.8,48.2,71.3,,,
2026-09-11T17:59:38.794843Z,130.0,141.266,100,1,update,419.2,474.9,200,130.0,151.0,176.2,184.5,,,
2026-09-11T17:59:38.794843Z,131.0,142.267,100,1,read,1779.9,1887.4,200,28.3,30.4,32.5,35.7,,,
2026-09-11T17:59:38.794843Z,131.0,142.267,100,1,update,400.0,474.3,200,125.8,130.0,130.0,134.2,,,
2026-09-11T17:59:38.794843Z,132.0,143.28,100,1,read,1619.3,1885.4,200,28.3,35.7,44.0,48.2,,,
2026-09-11T17:59:38.794843Z,132.0,143.28,100,1,update,413.1,473.8,200,125.8,142.6,151.0,159.4,,,
2026-09-11T17:59:38.794843Z,133.0,144.265,100,1,read,1725.9,1884.2,200,28.3,33.6,39.8,50.3,,,
2026-09-11T17:59:38.794843Z,133.0,144.265,100,1,update,400.0,473.3,200,130.0,142.6,151.0,151.0,,,
2026-09-11T17:59:38.794843Z,134.0,145.295,100,1,read,1643.3,1882.4,200,28.3,32.5,41.9,54.5,,,
2026-09-11T17:59:38.794843Z,134.0,145.295,100,1,update,419.8,472.9,200,125.8,142.6,142.6,151.0,,,
2026-09-11T17:59:38.794843Z,135.0,146.265,100,1,read,1629.8,1880.5,200,28.3,33.6,39.8,41.9,,,
2026-09-11T17:59:38.794843Z,135.0,146.265,100,1,update,423.2,472.5,200,130.0,142.6,142.6,151.0,,,
2026-09-11T17:59:38.794843Z,136.0,147.26,100,1,read,1780.5,1879.8,200,28.3,33.6,39.8,46.1,,,
2026-09-11T17:59:38.794843Z,136.0,147.26,100,1,update,388.9,471.9,200,125.8,134.2,142.6,142.6,,,
2026-09-11T17:59:38.794843Z,137.0,148.27,100,1,read,1691.6,1878.4,200,29.4,39.8,44.0,52.4,,,
2026-09-11T17:59:38.794843Z,137.0,148.27,100,1,update,389.9,471.3,200,130.0,142.6,151.0,159.4,,,
2026-09-11T17:59:38.794843Z,138.0,149.262,100,1,read,1392.4,1874.9,200,35.7,54.5,62.9,75.5,,,
2026-09-11T17:59:38.794843Z,138.0,149.262,100,1,update,343.1,470.4,200,142.6,167.8,176.2,176.2,,,
2026-09-11T17:59:38.794843Z,139.0,150.289,100,1,read,1292.9,1870.7,200,39.8,65.0,75.5,83.9,,,
2026-09-11T17:59:38.794843Z,139.0,150.289,100,1,update,310.0,469.2,200,159.4,184.5,192.9,201.3,,,
2026-09-11T17:59:38.794843Z,140.0,151.272,100,1,read,1189.4,1865.8,200,39.8,65.0,109.1,159.4,,,
2026-09-11T17:59:38.794843Z,140.0,151.272,100,1,update,313.1,468.1,200,159.4,226.5,251.7,260.0,,,
2026-09-11T17:59:38.794843Z,141.0,152.265,100,1,read,1430.0,1862.7,200,35.7,54.5,58.7,67.1,,,
2026-09-11T17:59:38.794843Z,141.0,152.265,100,1,update,341.0,467.2,200,142.6,167.8,176.2,176.2,,,
2026-09-11T17:59:38.794843Z,142.0,153.266,100,1,read,1683.6,1861.5,200,28.3,32.5,35.7,52.4,,,
2026-09-11T17:59:38.794843Z,142.0,153.266,100,1,update,415.7,466.8,200,125.8,142.6,151.0,159.4,,,
2026-09-11T17:59:38.794843Z,143.0,154.261,100,1,read,1625.3,1859.8,200,28.3,32.5,35.7,39.8,,,
2026-09-11T17:59:38.794843Z,143.0,154.261,100,1,update,438.3,466.6,200,125.8,130.0,142.6,151.0,,,
2026-09-11T17:59:38.794843Z,144.0,155.261,100,1,read,1672.1,1858.5,200,29.4,39.8,46.1,56.6,,,
2026-09-11T17:59:38.794843Z,144.0,155.261,100,1,update,382.0,466.0,200,130.0,151.0,151.0,159.4,,,
2026-09-11T17:59:38.794843Z,145.0,156.266,100,1,read,1506.9,1856.1,200,28.3,35.7,48.2,62.9,,,
2026-09-11T17:59:38.794843Z,145.0,156.266,100,1,update,437.0,465.8,200,130.0,142.6,159.4,159.4,,,
2026-09-11T17:59:38.794843Z,146.0,157.277,100,1,read,1600.7,1854.3,200,29.4,33.6,37.7,41.9,,,
2026-09-11T17:59:38.794843Z,146.0,157.277,100,1,update,415.9,465.5,200,130.0,134.2,142.6,151.0,,,
2026-09-11T17:59:38.794843Z,147.0,158.269,100,1,read,1632.2,1852.8,200,29.4,46.1,60.8,75.5,,,
2026-09-11T17:59:38.794843Z,147.0,158.269,100,1,update,369.0,464.8,200,130.0,159.4,167.8,192.9,,,
2026-09-11T17:59:38.794843Z,148.0,159.265,100,1,read,1631.2,1851.3,200,28.3,35.7,39.8,46.1,,,
2026-09-11T17:59:38.794843Z,148.0,159.265,100,1,update,416.1,464.5,200,130.0,134.2,142.6,151.0,,,
2026-09-11T17:59:38.794843Z,149.0,160.261,100,1,read,1662.1,1850.1,200,28.3,35.7,52.4,62.9,,,
2026-09-11T17:59:38.794843Z,149.0,160.261,100,1,update,408.8,464.1,200,125.8,142.6,151.0,159.4,,,
2026-09-11T17:59:38.794843Z,150.0,161.262,100,1,read,1541.1,1848.0,200,29.4,48.2,62.9,71.3,,,
2026-09-11T17:59:38.794843Z,150.0,161.262,100,1,update,385.0,463.6,200,130.0,167.8,176.2,184.5,,,
2026-09-11T17:59:38.794843Z,151.0,162.279,100,1,read,1673.5,1846.8,200,28.3,33.6,37.7,46.1,,,
2026-09-11T17:59:38.794843Z,151.0,162.279,100,1,update,417.9,463.3,200,125.8,134.2,142.6,151.0,,,
2026-09-11T17:59:38.794843Z,152.0,163.261,100,1,read,1635.2,1845.4,200,28.3,32.5,35.7,46.1,,,
2026-09-11T17:59:38.794843Z,152.0,163.261,100,1,update,418.3,463.0,200,125.8,134.2,142.6,142.6,,,
2026-09-11T17:59:38.794843Z,153.0,164.26,100,1,read,1658.0,1844.2,200,28.3,37.7,58.7,67.1,,,
2026-09-11T17:59:38.794843Z,153.0,164.26,100,1,update,398.0,462.6,200,130.0,142.6,159.4,167.8,,,
2026-09-11T17:59:38.794843Z,154.0,165.278,100,1,read,1645.1,1842.9,200,28.3,33.6,37.7,46.1,,,
2026-09-11T17:59:38.794843Z,154.0,165.278,100,1,update,410.0,462.3,200,130.0,142.6,151.0,151.0,,,
2026-09-11T17:59:38.794843Z,155.0,166.265,100,1,read,1589.2,1841.3,200,28.3,44.0,62.9,65.0,,,
2026-09-11T17:59:38.794843Z,155.0,166.265,100,1,update,393.8,461.8,200,130.0,159.4,167.8,192.9,,,
2026-09-11T17:59:38.794843Z,156.0,167.262,100,1,read,1588.4,1839.7,200,28.3,32.5,37.7,44.0,,,
2026-09-11T17:59:38.794843Z,156.0,167.262,100,1,update,433.1,461.6,200,130.0,142.6,142.6,151.0,,,
2026-09-11T17:59:38.794843Z,157.0,168.261,100,1,read,1676.4,1838.6,200,28.3,32.5,35.7,48.2,,,
2026-09-11T17:59:38.794843Z,157.0,168.261,100,1,update,410.1,461.3,200,130.0,134.2,134.2,142.6,,,
2026-09-11T17:59:38.794843Z,158.0,169.267,100,1,read,1679.6,1837.6,200,28.3,31.5,35.7,46.1,,,
2026-09-11T17:59:38.794843Z,158.0,169.267,100,1,update,422.9,461.1,200,125.8,134.2,134.2,142.6,,,
2026-09-11T17:59:38.794843Z,159.0,170.262,100,1,read,1720.2,1836.9,200,28.3,32.5,35.7,48.2,,,
2026-09-11T17:59:38.794843Z,159.0,170.262,100,1,update,403.1,460.7,200,130.0,134.2,134.2,134.2,,,
2026-09-11T17:59:38.794843Z,160.0,171.271,100,1,read,1587.2,1835.3,200,29.4,41.9,46.1,56.6,,,
2026-09-11T17:59:38.794843Z,160.0,171.271,100,1,update,389.0,460.2,200,130.0,159.4,167.8,167.8,,,
2026-09-11T17:59:38.794843Z,161.0,172.263,100,1,read,1577.7,1833.7,200,29.4,35.7,39.8,46.1,,,
2026-09-11T17:59:38.794843Z,161.0,172.263,100,1,update,414.9,460.0,200,130.0,142.6,151.0,151.0,,,
2026-09-11T17:59:38.794843Z,162.0,173.27,100,1,read,1677.3,1832.8,200,28.3,33.6,37.7,41.9,,,
2026-09-11T17:59:38.794843Z,162.0,173.27,100,1,update,410.8,459.7,200,130.0,134.2,142.6,151.0,,,
2026-09-11T17:59:38.794843Z,163.0,174.266,100,1,read,1568.0,1831.1,200,28.3,35.7,39.8,44.0,,,
2026-09-11T17:59:38.794843Z,163.0,174.266,100,1,update,424.0,459.4,200,130.0,142.6,142.6,151.0,,,
2026-09-11T17:59:38.794843Z,164.0,175.263,100,1,read,1644.5,1830.0,200,28.3,35.7,41.9,56.6,,,
2026-09-11T17:59:38.794843Z,164.0,175.263,100,1,update,406.1,459.1,200,130.0,142.6,151.0,159.4,,,
2026-09-11T17:59:38.794843Z,165.0,176.277,100,1,read,1577.7,1828.5,200,29.4,41.9,50.3,58.7,,,
2026-09-11T17:59:38.794843Z,165.0,176.277,100,1,update,401.7,458.8,200,130.0,151.0,159.4,176.2,,,
2026-09-11T17:59:38.794843Z,166.0,177.322,100,1,read,1636.5,1827.3,200,28.3,33.6,39.8,50.3,,,
2026-09-11T17:59:38.794843Z,166.0,177.322,100,1,update,417.4,458.5,200,130.0,134.2,142.6,142.6,,,
2026-09-11T17:59:38.794843Z,167.0,178.262,100,1,read,1637.3,1826.2,200,28.3,33.6,37.7,44.0,,,
2026-09-11T17:59:38.794843Z,167.0,178.262,100,1,update,422.8,458.3,200,130.0,134.2,142.6,142.6,,,
2026-09-11T17:59:38.794843Z,168.0,179.314,100,1,read,1657.1,1825.2,200,28.3,33.6,37.7,46.1,,,
2026-09-11T17:59:38.794843Z,168.0,179.314,100,1,update,415.0,458.0,200,130.0,134.2,142.6,142.6,,,
2026-09-11T17:59:38.794843Z,169.0,180.263,100,1,read,1573.6,1823.7,200,28.3,35.7,46.1,58.7,,,
2026-09-11T17:59:38.794843Z,169.0,180.263,100,1,update,417.2,457.8,200,130.0,142.6,151.0,159.4,,,
2026-09-11T17:59:38.794843Z,170.0,181.272,100,1,read,1559.8,1822.1,200,29.4,39.8,60.8,79.7,,,
2026-09-11T17:59:38.794843Z,170.0,181.272,100,1,update,406.0,457.5,200,130.0,159.4,184.5,192.9,,,
2026-09-11T17:59:38.794843Z,171.0,182.387,100,1,read,1558.6,1820.6,200,29.4,39.8,48.2,52.4,,,
2026-09-11T17:59:38.794843Z,171.0,182.387,100,1,update,407.1,457.2,200,130.0,151.0,159.4,159.4,,,
2026-09-11T17:59:38.794843Z,172.0,183.272,100,1,read,1603.5,1819.3,200,29.4,35.7,39.8,46.1,,,
2026-09-11T17:59:38.794843Z,172.0,183.272,100,1,update,412.9,456.9,200,130.0,142.6,151.0,167.8,,,
2026-09-11T17:59:38.794843Z,173.0,184.263,100,1,read,1504.7,1817.5,200,29.4,35.7,41.9,50.3,,,
2026-09-11T17:59:38.794843Z,173.0,184.263,100,1,update,433.9,456.8,200,130.0,142.6,151.0,159.4,,,
2026-09-11T17:59:38.794843Z,174.0,185.267,100,1,read,1467.7,1815.5,200,29.4,46.1,65.0,83.9,,,
2026-09-11T17:59:38.794843Z,174.0,185.267,100,1,update,387.9,456.4,200,134.2,159.4,192.9,209.7,,,
2026-09-11T17:59:38.794843Z,175.0,186.264,100,1,read,1634.6,1814.5,200,29.4,39.8,48.2,62.9,,,
2026-09-11T17:59:38.794843Z,175.0,186.264,100,1,update,404.2,456.1,200,130.0,142.6,151.0,167.8,,,
2026-09-11T17:59:38.794843Z,176.0,187.272,100,1,read,1728.8,1814.0,200,28.3,32.5,35.7,46.1,,,
2026-09-11T17:59:38.794843Z,176.0,187.272,100,1,update,393.0,455.8,200,130.0,134.2,142.6,142.6,,,
2026-09-11T17:59:38.794843Z,177.0,188.269,100,1,read,1678.5,1813.2,200,28.3,35.7,39.8,54.5,,,
2026-09-11T17:59:38.794843Z,177.0,188.269,100,1,update,414.1,455.5,200,130.0,134.2,142.6,142.6,,,
2026-09-11T17:59:38.794843Z,178.0,189.264,100,1,read,1646.3,1812.3,200,28.3,35.7,41.9,48.2,,,
2026-09-11T17:59:38.794843Z,178.0,189.264,100,1,update,420.8,455.3,200,130.0,142.6,151.0,151.0,,,
2026-09-11T17:59:38.794843Z,179.0,190.266,100,1,read,1696.7,1811.6,200,28.3,32.5,35.7,104.9,,,
2026-09-11T17:59:38.794843Z,179.0,190.266,100,1,update,410.2,455.1,200,125.8,134.2,142.6,335.5,,,
2026-09-11T17:59:38.794843Z,180.0,191.27,100,1,read,1479.6,1809.8,200,28.3,41.9,67.1,92.3,,,
2026-09-11T17:59:38.794843Z,180.0,191.27,100,1,update,441.9,455.0,200,130.0,176.2,192.9,486.5,,,
2026-09-11T17:59:38.794843Z,181.0,192.289,100,1,read,1823.7,1809.9,200,28.3,33.6,37.7,54.5,,,
2026-09-11T17:59:38.794843Z,181.0,192.289,100,1,update,412.9,454.8,200,130.0,142.6,142.6,142.6,,,
2026-09-11T17:59:38.794843Z,182.0,193.269,100,1,read,1753.9,1809.5,200,28.3,35.7,44.0,96.5,,,
2026-09-11T17:59:38.794843Z,182.0,193.269,100,1,update,411.2,454.5,200,130.0,142.6,184.5,318.8,,,
2026-09-11T17:59:38.794843Z,183.0,194.299,100,1,read,1748.9,1809.2,200,28.3,33.6,39.8,46.1,,,
2026-09-11T17:59:38.794843Z,183.0,194.299,100,1,update,437.0,454.4,200,130.0,142.6,159.4,176.2,,,
2026-09-11T17:59:38.794843Z,184.0,195.293,100,1,read,1590.1,1808.0,200,28.3,44.0,56.6,176.2,,,
2026-09-11T17:59:38.794843Z,184.0,195.293,100,1,update,440.0,454.4,200,130.0,151.0,159.4,520.1,,,
2026-09-11T17:59:38.794843Z,185.0,196.261,100,1,read,1763.0,1807.8,200,28.3,35.7,52.4,83.9,,,
2026-09-11T17:59:38.794843Z,185.0,196.261,100,1,update,454.7,454.4,200,125.8,159.4,167.8,184.5,,,
2026-09-11T17:59:38.794843Z,186.0,197.262,100,1,read,1792.8,1807.7,200,28.3,33.6,39.8,46.1,,,
2026-09-11T17:59:38.794843Z,186.0,197.262,100,1,update,456.2,454.4,200,130.0,142.6,142.6,151.0,,,
2026-09-11T17:59:38.794843Z,187.0,198.271,100,1,read,1724.4,1807.3,200,28.3,32.5,35.7,46.1,,,
2026-09-11T17:59:38.794843Z,187.0,198.271,100,1,update,474.6,454.5,200,125.8,134.2,142.6,151.0,,,
2026-09-11T17:59:38.794843Z,188.0,199.268,100,1,read,1814.2,1807.3,200,28.3,32.5,37.7,88.1,,,
2026-09-11T17:59:38.794843Z,188.0,199.268,100,1,update,461.3,454.5,200,125.8,134.2,142.6,142.6,,,
2026-09-11T17:59:38.794843Z,189.0,200.26,100,1,read,1765.4,1807.1,200,28.3,30.4,35.7,142.6,,,
2026-09-11T17:59:38.794843Z,189.0,200.26,100,1,update,493.1,454.7,200,125.8,130.0,142.6,318.8,,,
2026-09-11T17:59:38.794843Z,190.0,201.329,100,1,read,1800.9,1807.0,200,28.3,39.8,50.3,125.8,,,
2026-09-11T17:59:38.794843Z,190.0,201.329,100,1,update,462.0,454.8,200,125.8,151.0,176.2,318.8,,,
2026-09-11T17:59:38.794843Z,191.0,202.262,100,1,read,1760.9,1806.8,200,30.4,44.0,48.2,184.5,,,
2026-09-11T17:59:38.794843Z,191.0,202.262,100,1,update,422.0,454.6,200,134.2,151.0,159.4,260.0,,,
2026-09-11T17:59:38.794843Z,192.0,203.262,100,1,read,1883.3,1807.2,200,29.4,39.8,46.1,52.4,,,
2026-09-11T17:59:38.794843Z,192.0,203.262,100,1,update,448.1,454.6,200,134.2,151.0,159.4,159.4,,,
2026-09-11T17:59:38.794843Z,193.0,204.262,100,1,read,1807.4,1807.2,200,28.3,37.7,44.0,52.4,,,
2026-09-11T17:59:38.794843Z,193.0,204.262,100,1,update,498.8,454.8,200,125.8,142.6,159.4,176.2,,,
2026-09-11T17:59:38.794843Z,194.0,205.263,100,1,read,1921.7,1807.8,200,27.3,31.5,35.7,113.2,,,
2026-09-11T17:59:38.794843Z,194.0,205.263,100,1,update,508.2,455.1,200,125.8,134.2,142.6,142.6,,,
2026-09-11T17:59:38.794843Z,195.0,206.259,100,1,read,2015.1,1808.9,200,27.3,31.5,37.7,48.2,,,
2026-09-11T17:59:38.794843Z,195.0,206.259,100,1,update,484.0,455.2,200,125.8,134.2,142.6,151.0,,,
2026-09-11T17:59:38.794843Z,196.0,207.315,100,1,read,1769.4,1808.6,200,29.4,41.9,46.1,142.6,,,
2026-09-11T17:59:38.794843Z,196.0,207.315,100,1,update,473.8,455.3,200,130.0,151.0,159.4,167.8,,,
2026-09-11T17:59:38.794843Z,197.0,208.263,100,1,read,1695.8,1808.1,200,32.5,52.4,62.9,209.7,,,
2026-09-11T17:59:38.794843Z,197.0,208.263,100,1,update,422.9,455.1,200,142.6,167.8,176.2,302.0,,,
2026-09-11T17:59:38.794843Z,198.0,209.281,100,1,read,1710.3,1807.6,200,31.5,52.4,71.3,96.5,,,
2026-09-11T17:59:38.794843Z,198.0,209.281,100,1,update,423.8,455.0,200,142.6,159.4,176.2,184.5,,,
2026-09-11T17:59:38.794843Z,199.0,210.347,100,1,read,1836.7,1807.7,200,29.4,44.0,58.7,79.7,,,
2026-09-11T17:59:38.794843Z,199.0,210.347,100,1,update,451.4,455.0,200,134.2,159.4,159.4,167.8,,,
2026-09-11T17:59:38.794843Z,200.0,211.265,100,1,read,1951.4,1808.4,200,28.3,33.6,41.9,50.3,,,
2026-09-11T17:59:38.794843Z,200.0,211.265,100,1,update,492.6,455.1,200,125.8,142.6,151.0,151.0,,,
2026-09-11T17:59:38.794843Z,201.0,212.268,100,1,read,1910.1,1809.0,200,28.3,39.8,46.1,56.6,,,
2026-09-11T17:59:38.794843Z,201.0,212.268,100,1,update,493.0,455.3,200,125.8,142.6,151.0,167.8,,,
2026-09-11T17:59:38.794843Z,202.0,213.267,100,1,read,2033.0,1810.1,200,27.3,30.4,33.6,46.1,,,
2026-09-11T17:59:38.794843Z,202.0,213.267,100,1,update,519.0,455.7,200,125.8,134.2,142.6,142.6,,,
2026-09-11T17:59:38.794843Z,203.0,214.266,100,1,read,1979.9,1810.9,200,27.3,31.5,35.7,167.8,,,
2026-09-11T17:59:38.794843Z,203.0,214.266,100,1,update,519.2,456.0,200,125.8,134.2,142.6,469.8,,,
2026-09-11T17:59:38.794843Z,204.0,215.27,100,1,read,2042.1,1812.0,200,28.3,37.7,44.0,121.6,,,
2026-09-11T17:59:38.794843Z,204.0,215.27,100,1,update,488.0,456.1,200,125.8,151.0,218.1,503.3,,,
2026-09-11T17:59:38.794843Z,205.0,216.264,100,1,read,2009.2,1813.0,200,27.3,33.6,56.6,176.2,,,
2026-09-11T17:59:38.794843Z,205.0,216.264,100,1,update,512.1,456.4,200,125.8,159.4,167.8,369.1,,,
2026-09-11T17:59:38.794843Z,206.0,217.261,100,1,read,2169.1,1814.7,200,27.3,31.5,37.7,44.0,,,
2026-09-11T17:59:38.794843Z,206.0,217.261,100,1,update,525.0,456.7,200,125.8,134.2,142.6,142.6,,,
2026-09-11T17:59:38.794843Z,207.0,218.262,100,1,read,2115.7,1816.2,200,27.3,30.4,33.6,39.8,,,
2026-09-11T17:59:38.794843Z,207.0,218.262,100,1,update,551.9,457.2,200,125.8,130.0,134.2,142.6,,,
2026-09-11T17:59:38.794843Z,208.0,219.267,100,1,read,2103.3,1817.6,200,27.3,35.7,39.8,48.2,,,
2026-09-11T17:59:38.794843Z,208.0,219.267,100,1,update,534.6,457.6,200,125.8,142.6,142.6,151.0,,,
2026-09-11T17:59:38.794843Z,209.0,220.263,100,1,read,2195.5,1819.4,200,27.3,31.5,35.7,41.9,,,
2026-09-11T17:59:38.794843Z,209.0,220.263,100,1,update,538.1,457.9,200,125.8,134.2,134.2,142.6,,,
2026-09-11T17:59:38.794843Z,210.0,221.262,100,1,read,2175.7,1821.1,200,27.3,35.7,41.9,52.4,,,
2026-09-11T17:59:38.794843Z,210.0,221.262,100,1,update,529.4,458.3,200,125.8,142.6,159.4,167.8,,,
2026-09-11T17:59:38.794843Z,211.0,222.266,100,1,read,2271.7,1823.2,200,27.3,30.4,32.5,37.7,,,
2026-09-11T17:59:38.794843Z,211.0,222.266,100,1,update,521.9,458.6,200,125.8,130.0,134.2,134.2,,,
2026-09-11T17:59:38.794843Z,212.0,223.288,100,1,read,2154.7,1824.8,200,27.3,30.4,33.6,37.7,,,
2026-09-11T17:59:38.794843Z,212.0,223.288,100,1,update,569.9,459.1,200,125.8,130.0,134.2,285.2,,,
2026-09-11T17:59:38.794843Z,213.0,224.263,100,1,read,2206.0,1826.6,200,27.3,30.4,33.6,39.8,,,
2026-09-11T17:59:38.794843Z,213.0,224.263,100,1,update,544.0,459.5,200,125.8,134.2,142.6,151.0,,,
2026-09-11T17:59:38.794843Z,214.0,225.303,100,1,read,2203.6,1828.3,200,27.3,33.6,48.2,62.9,,,
2026-09-11T17:59:38.794843Z,214.0,225.303,100,1,update,522.9,459.8,200,125.8,142.6,151.0,159.4,,,
2026-09-11T17:59:38.794843Z,215.0,226.295,100,1,read,2168.9,1829.9,200,27.3,35.7,46.1,83.9,,,
2026-09-11T17:59:38.794843Z,215.0,226.295,100,1,update,534.2,460.2,200,125.8,142.6,151.0,419.4,,,
2026-09-11T17:59:38.794843Z,216.0,227.295,100,1,read,2175.8,1831.5,200,27.3,30.4,32.5,192.9,,,
2026-09-11T17:59:38.794843Z,216.0,227.295,100,1,update,560.9,460.6,200,125.8,130.0,134.2,402.7,,,
2026-09-11T17:59:38.794843Z,217.0,228.267,100,1,read,2266.2,1833.5,200,27.3,31.5,33.6,125.8,,,
2026-09-11T17:59:38.794843Z,217.0,228.267,100,1,update,556.1,461.1,200,125.8,130.0,142.6,302.0,,,
2026-09-11T17:59:38.794843Z,218.0,229.272,100,1,read,2245.0,1835.4,200,27.3,30.4,32.5,37.7,,,
2026-09-11T17:59:38.794843Z,218.0,229.272,100,1,update,598.0,461.7,200,125.8,130.0,134.2,142.6,,,
2026-09-11T17:59:38.794843Z,219.0,230.265,100,1,read,2282.1,1837.4,200,27.3,31.5,35.7,176.2,,,
2026-09-11T17:59:38.794843Z,219.0,230.265,100,1,update,577.0,462.2,200,125.8,130.0,142.6,486.5,,,
2026-09-11T17:59:38.794843Z,220.0,231.264,100,1,read,2349.7,1839.8,200,27.3,33.6,46.1,184.5,,,
2026-09-11T17:59:38.794843Z,220.0,231.264,100,1,update,584.9,462.8,200,125.8,142.6,159.4,503.3,,,
2026-09-11T17:59:38.794843Z,221.0,232.261,100,1,read,2338.6,1842.0,200,6.3,31.5,48.2,58.7,,,
2026-09-11T17:59:38.794843Z,221.0,232.261,100,1,update,619.9,463.5,200,125.8,134.2,151.0,167.8,,,
2026-09-11T17:59:38.794843Z,222.0,233.262,100,1,read,2500.5,1845.0,200,5.5,31.5,35.7,176.2,,,
2026-09-11T17:59:38.794843Z,222.0,233.262,100,1,update,620.1,464.2,200,79.7,134.2,142.6,503.3,,,
2026-09-11T17:59:38.794843Z,223.0,234.277,100,1,read,2441.5,1847.7,200,9.4,39.8,50.3,60.8,,,
2026-09-11T17:59:38.794843Z,223.0,234.277,100,1,update,574.9,464.7,200,88.1,142.6,159.4,167.8,,,
2026-09-11T17:59:38.794843Z,224.0,235.261,100,1,read,2429.2,1850.3,200,4.1,32.5,37.7,159.4,,,
2026-09-11T17:59:38.794843Z,224.0,235.261,100,1,update,628.8,465.4,200,88.1,134.2,142.6,335.5,,,
2026-09-11T17:59:38.794843Z,225.0,236.411,100,1,read,2495.4,1853.1,200,3.9,32.5,39.8,48.2,,,
2026-09-11T17:59:38.794843Z,225.0,236.411,100,1,update,619.4,466.1,200,83.9,134.2,142.6,159.4,,,
2026-09-11T17:59:38.794843Z,226.0,237.283,100,1,read,2507.4,1856.0,200,3.9,31.5,35.7,134.2,,,
2026-09-11T17:59:38.794843Z,226.0,237.283,100,1,update,631.9,466.8,200,83.9,134.2,142.6,302.0,,,
2026-09-11T17:59:38.794843Z,227.0,238.263,100,1,read,2563.9,1859.1,200,3.8,32.5,35.7,109.1,,,
2026-09-11T17:59:38.794843Z,227.0,238.263,100,1,update,650.0,467.6,200,83.9,134.2,134.2,318.8,,,
2026-09-11T17:59:38.794843Z,228.0,239.261,100,1,read,2718.6,1862.9,200,3.7,31.5,33.6,41.9,,,
2026-09-11T17:59:38.794843Z,228.0,239.261,100,1,update,658.1,468.5,200,83.9,130.0,134.2,142.6,,,
2026-09-11T17:59:38.794843Z,229.0,240.261,100,1,read,2775.7,1866.9,200,3.8,30.4,32.5,35.7,,,
2026-09-11T17:59:38.794843Z,229.0,240.261,100,1,update,648.9,469.3,200,83.9,130.0,134.2,142.6,,,
2026-09-11T17:59:38.794843Z,230.0,241.282,100,1,read,2573.0,1870.0,200,4.1,31.5,37.7,44.0,,,
2026-09-11T17:59:38.794843Z,230.0,241.282,100,1,update,658.7,470.1,200,83.9,134.2,142.6,151.0,,,
2026-09-11T17:59:38.794843Z,231.0,242.269,100,1,read,2523.4,1872.8,200,3.7,31.5,33.6,184.5,,,
2026-09-11T17:59:38.794843Z,231.0,242.269,100,1,update,660.4,470.9,200,83.9,130.0,192.9,520.1,,,
2026-09-11T17:59:38.794843Z,232.0,243.266,100,1,read,2702.7,1876.4,200,3.9,31.5,33.6,39.8,,,
2026-09-11T17:59:38.794843Z,232.0,243.266,100,1,update,685.4,471.8,200,83.9,130.0,134.2,142.6,,,
2026-09-11T17:59:38.794843Z,233.0,244.269,100,1,read,2722.1,1880.0,200,3.7,31.5,35.7,44.0,,,
2026-09-11T17:59:38.794843Z,233.0,244.269,100,1,update,674.5,472.7,200,83.9,134.2,142.6,142.6,,,
2026-09-11T17:59:38.794843Z,234.0,245.268,100,1,read,2508.5,1882.7,200,6.3,37.7,41.9,52.4,,,
2026-09-11T17:59:38.794843Z,234.0,245.268,100,1,update,606.9,473.3,200,88.1,142.6,151.0,151.0,,,
2026-09-11T17:59:38.794843Z,235.0,246.269,100,1,read,2296.3,1884.4,200,7.3,44.0,54.5,71.3,,,
2026-09-11T17:59:38.794843Z,235.0,246.269,100,1,update,603.1,473.8,200,92.3,151.0,159.4,176.2,,,
2026-09-11T17:59:38.794843Z,236.0,247.268,100,1,read,2540.8,1887.2,200,5.0,35.7,48.2,62.9,,,
2026-09-11T17:59:38.794843Z,236.0,247.268,100,1,update,596.7,474.4,200,92.3,159.4,167.8,192.9,,,
2026-09-11T17:59:38.794843Z,237.0,248.274,100,1,read,2649.1,1890.4,200,4.1,31.5,48.2,67.1,,,
2026-09-11T17:59:38.794843Z,237.0,248.274,100,1,update,669.3,475.2,200,83.9,134.2,159.4,159.4,,,
2026-09-11T17:59:38.794843Z,238.0,249.266,100,1,read,2745.2,1894.0,200,3.9,32.5,37.7,46.1,,,
2026-09-11T17:59:38.794843Z,238.0,249.266,100,1,update,645.1,475.9,200,83.9,142.6,167.8,176.2,,,
2026-09-11T17:59:38.794843Z,239.0,250.273,100,1,read,2789.6,1897.8,200,4.1,35.7,37.7,41.9,,,
2026-09-11T17:59:38.794843Z,239.0,250.273,100,1,update,640.9,476.6,200,88.1,134.2,142.6,151.0,,,
2026-09-11T17:59:38.794843Z,240.0,251.261,100,1,read,2644.6,1900.9,200,4.1,37.7,44.0,54.5,,,
2026-09-11T17:59:38.794843Z,240.0,251.261,100,1,update,642.2,477.3,200,88.1,142.6,151.0,159.4,,,
2026-09-11T17:59:38.794843Z,241.0,252.261,100,1,read,2733.0,1904.3,200,4.1,33.6,37.7,44.0,,,
2026-09-11T17:59:38.794843Z,241.0,252.261,100,1,update,659.0,478.0,200,83.9,134.2,142.6,142.6,,,
2026-09-11T17:59:38.794843Z,242.0,253.274,100,1,read,2564.5,1907.1,200,4.2,35.7,44.0,176.2,,,
2026-09-11T17:59:38.794843Z,242.0,253.274,100,1,update,656.9,478.8,200,88.1,142.6,151.0,419.4,,,
2026-09-11T17:59:38.794843Z,243.0,254.26,100,1,read,2774.5,1910.6,200,4.5,35.7,39.8,50.3,,,
2026-09-11T17:59:38.794843Z,243.0,254.26,100,1,update,660.9,479.5,200,88.1,142.6,142.6,159.4,,,
2026-09-11T17:59:38.794843Z,244.0,255.273,100,1,read,2568.6,1913.3,200,3.8,35.7,41.9,50.3,,,
2026-09-11T17:59:38.794843Z,244.0,255.273,100,1,update,683.2,480.3,200,83.9,142.6,151.0,159.4,,,
2026-09-11T17:59:38.794843Z,245.0,256.268,100,1,read,2595.6,1916.1,200,4.2,39.8,50.3,71.3,,,
2026-09-11T17:59:38.794843Z,245.0,256.268,100,1,update,625.1,480.9,200,88.1,151.0,176.2,184.5,,,
2026-09-11T17:59:38.794843Z,246.0,257.268,100,1,read,2608.0,1918.9,200,3.7,37.7,48.2,67.1,,,
2026-09-11T17:59:38.794843Z,246.0,257.268,100,1,update,671.0,481.7,200,83.9,142.6,159.4,176.2,,,
2026-09-11T17:59:38.794843Z,247.0,258.261,100,1,read,2697.9,1922.1,200,4.5,39.8,48.2,62.9,,,
2026-09-11T17:59:38.794843Z,247.0,258.261,100,1,update,623.0,482.3,200,88.1,151.0,159.4,176.2,,,
2026-09-11T17:59:38.794843Z,248.0,259.262,100,1,read,2771.1,1925.5,200,4.7,35.7,52.4,159.4,,,
2026-09-11T17:59:38.794843Z,248.0,259.262,100,1,update,617.0,482.8,200,88.1,142.6,151.0,151.0,,,
2026-09-11T17:59:38.794843Z,249.0,260.267,100,1,read,2852.9,1929.2,200,4.7,35.7,48.2,60.8,,,
2026-09-11T17:59:38.794843Z,249.0,260.267,100,1,update,662.7,483.5,200,83.9,134.2,159.4,167.8,,,
2026-09-11T17:59:38.794843Z,250.0,261.261,100,1,read,2855.8,1932.9,200,4.2,33.6,39.8,48.2,,,
2026-09-11T17:59:38.794843Z,250.0,261.261,100,1,update,682.2,484.3,200,83.9,134.2,142.6,159.4,,,
2026-09-11T17:59:38.794843Z,251.0,262.262,100,1,read,2819.3,1936.5,200,4.2,32.5,35.7,41.9,,,
2026-09-11T17:59:38.794843Z,251.0,262.262,100,1,update,688.8,485.2,200,83.9,130.0,142.6,142.6,,,
2026-09-11T17:59:38.794843Z,252.0,263.261,100,1,read,2743.9,1939.7,200,4.2,32.5,39.8,159.4,,,
2026-09-11T17:59:38.794843Z,252.0,263.261,100,1,update,657.0,485.8,200,83.9,142.6,176.2,385.9,,,
2026-09-11T17:59:38.794843Z,253.0,264.278,100,1,read,3002.8,1943.9,200,4.5,32.5,35.7,41.9,,,
2026-09-11T17:59:38.794843Z,253.0,264.278,100,1,update,694.2,486.7,200,83.9,134.2,142.6,142.6,,,
2026-09-11T17:59:38.794843Z,254.0,265.284,100,1,read,2853.4,1947.5,200,4.5,33.6,37.7,48.2,,,
2026-09-11T17:59:38.794843Z,254.0,265.284,100,1,update,718.1,487.6,200,83.9,134.2,142.6,151.0,,,
2026-09-11T17:59:38.794843Z,255.0,266.264,100,1,read,2826.6,1950.9,200,4.2,33.6,41.9,54.5,,,
2026-09-11T17:59:38.794843Z,255.0,266.264,100,1,update,721.6,488.5,200,83.9,134.2,151.0,167.8,,,
2026-09-11T17:59:38.794843Z,256.0,267.262,100,1,read,2901.0,1954.6,200,4.1,32.5,35.7,39.8,,,
2026-09-11T17:59:38.794843Z,256.0,267.262,100,1,update,716.2,489.4,200,83.9,134.2,134.2,142.6,,,
2026-09-11T17:59:38.794843Z,257.0,268.266,100,1,read,2889.7,1958.3,200,3.9,32.5,35.7,44.0,,,
2026-09-11T17:59:38.794843Z,257.0,268.266,100,1,update,739.9,490.4,200,83.9,134.2,134.2,142.6,,,
2026-09-11T17:59:38.794843Z,258.0,269.263,100,1,read,2941.7,1962.1,200,4.2,32.5,35.7,39.8,,,
2026-09-11T17:59:38.794843Z,258.0,269.263,100,1,update,719.9,491.2,200,83.9,130.0,134.2,142.6,,,
2026-09-11T17:59:38.794843Z,259.0,270.262,100,1,read,2880.3,1965.6,200,3.9,31.5,35.7,39.8,,,
2026-09-11T17:59:38.794843Z,259.0,270.262,100,1,update,717.1,492.1,200,83.9,134.2,134.2,142.6,,,
2026-09-11T17:59:38.794843Z,260.0,271.263,100,1,read,2659.4,1968.3,200,4.5,35.7,41.9,67.1,,,
2026-09-11T17:59:38.794843Z,260.0,271.263,100,1,update,689.8,492.9,200,83.9,142.6,142.6,151.0,,,
2026-09-11T17:59:38.794843Z,261.0,272.263,100,1,read,2697.1,1971.1,200,4.5,33.6,54.5,71.3,,,
2026-09-11T17:59:38.794843Z,261.0,272.263,100,1,update,638.0,493.4,200,83.9,142.6,167.8,184.5,,,
2026-09-11T17:59:38.794843Z,262.0,273.268,100,1,read,2945.0,1974.8,200,4.5,32.5,35.7,52.4,,,
2026-09-11T17:59:38.794843Z,262.0,273.268,100,1,update,725.0,494.3,200,88.1,142.6,176.2,184.5,,,
2026-09-11T17:59:38.794843Z,263.0,274.266,100,1,read,2659.9,1977.4,200,4.2,32.5,37.7,54.5,,,
2026-09-11T17:59:38.794843Z,263.0,274.266,100,1,update,717.3,495.2,200,83.9,142.6,176.2,184.5,,,
2026-09-11T17:59:38.794843Z,264.0,275.272,100,1,read,2869.5,1980.8,200,4.2,32.5,35.7,39.8,,,
2026-09-11T17:59:38.794843Z,264.0,275.272,100,1,update,716.9,496.0,200,83.9,134.2,142.6,142.6,,,
2026-09-11T17:59:38.794843Z,265.0,276.261,100,1,read,2736.3,1983.6,200,4.5,33.6,39.8,46.1,,,
2026-09-11T17:59:38.794843Z,265.0,276.261,100,1,update,725.1,496.9,200,83.9,134.2,142.6,142.6,,,
2026-09-11T17:59:38.794843Z,266.0,277.263,100,1,read,2958.3,1987.3,200,4.1,31.5,35.7,50.3,,,
2026-09-11T17:59:38.794843Z,266.0,277.263,100,1,update,721.1,497.7,200,83.9,134.2,134.2,142.6,,,
2026-09-11T17:59:38.794843Z,267.0,278.294,100,1,read,2823.2,1990.4,200,3.9,32.5,35.7,201.3,,,
2026-09-11T17:59:38.794843Z,267.0,278.294,100,1,update,732.1,498.6,200,83.9,134.2,142.6,503.3,,,
2026-09-11T17:59:38.794843Z,268.0,279.299,100,1,read,2911.4,1993.9,200,4.2,32.5,35.7,46.1,,,
2026-09-11T17:59:38.794843Z,268.0,279.299,100,1,update,739.8,499.5,200,83.9,134.2,134.2,142.6,,,
2026-09-11T17:59:38.794843Z,269.0,280.27,100,1,read,2878.0,1997.1,200,4.2,32.5,35.7,48.2,,,
2026-09-11T17:59:38.794843Z,269.0,280.27,100,1,update,749.0,500.4,200,83.9,134.2,142.6,142.6,,,
2026-09-11T17:59:38.794843Z,270.0,281.27,100,1,read,2820.4,2000.2,200,4.7,35.7,41.9,58.7,,,
2026-09-11T17:59:38.794843Z,270.0,281.27,100,1,update,706.9,501.2,200,88.1,134.2,151.0,159.4,,,
2026-09-11T17:59:38.794843Z,271.0,282.263,100,1,read,2751.9,2003.0,200,4.5,35.7,41.9,56.6,,,
2026-09-11T17:59:38.794843Z,271.0,282.263,100,1,update,713.2,502.0,200,88.1,142.6,151.0,151.0,,,
2026-09-11T17:59:38.794843Z,272.0,283.266,100,1,read,2838.1,2006.0,200,5.2,39.8,46.1,54.5,,,
2026-09-11T17:59:38.794843Z,272.0,283.266,100,1,update,655.8,502.5,200,88.1,142.6,151.0,159.4,,,
2026-09-11T17:59:38.794843Z,273.0,284.262,100,1,read,2514.5,2007.9,200,5.5,44.0,71.3,92.3,,,
2026-09-11T17:59:38.794843Z,273.0,284.262,100,1,update,653.1,503.1,200,92.3,151.0,192.9,201.3,,,
2026-09-11T17:59:38.794843Z,274.0,285.266,100,1,read,2812.5,2010.8,200,5.2,39.8,46.1,54.5,,,
2026-09-11T17:59:38.794843Z,274.0,285.266,100,1,update,668.1,503.7,200,88.1,142.6,151.0,159.4,,,
2026-09-11T17:59:38.794843Z,275.0,286.273,100,1,read,2707.3,2013.4,200,5.8,44.0,54.5,201.3,,,
2026-09-11T17:59:38.794843Z,275.0,286.273,100,1,update,637.8,504.2,200,92.3,151.0,159.4,419.4,,,
2026-09-11T17:59:38.794843Z,276.0,287.273,100,1,read,2718.7,2015.9,200,5.2,37.7,44.0,50.3,,,
2026-09-11T17:59:38.794843Z,276.0,287.273,100,1,update,720.9,505.0,200,88.1,142.6,151.0,159.4,,,
2026-09-11T17:59:38.794843Z,277.0,288.261,100,1,read,2873.1,2019.0,200,5.8,39.8,48.2,65.0,,,
2026-09-11T17:59:38.794843Z,277.0,288.261,100,1,update,660.3,505.5,200,92.3,142.6,151.0,159.4,,,
2026-09-11T17:59:38.794843Z,278.0,289.263,100,1,read,2738.5,2021.6,200,4.7,37.7,41.9,50.3,,,
2026-09-11T17:59:38.794843Z,278.0,289.263,100,1,update,710.6,506.3,200,92.3,142.6,142.6,151.0,,,
2026-09-11T17:59:38.794843Z,279.0,290.269,100,1,read,2752.0,2024.2,200,5.0,37.7,44.0,54.5,,,
2026-09-11T17:59:38.794843Z,279.0,290.269,100,1,update,703.3,507.0,200,92.3,142.6,151.0,159.4,,,
2026-09-11T17:59:38.794843Z,280.0,291.261,100,1,read,2371.7,2025.5,200,10.0,48.2,56.6,192.9,,,
2026-09-11T17:59:38.794843Z,280.0,291.261,100,1,update,589.9,507.3,200,100.7,159.4,167.8,352.3,,,
2026-09-11T17:59:38.794843Z,281.0,292.27,100,1,read,2654.6,2027.7,200,6.6,41.9,50.3,62.9,,,
2026-09-11T17:59:38.794843Z,281.0,292.27,100,1,update,684.9,507.9,200,92.3,151.0,167.8,176.2,,,
2026-09-11T17:59:38.794843Z,282.0,293.26,100,1,read,3039.4,2031.3,200,5.0,35.7,39.8,46.1,,,
2026-09-11T17:59:38.794843Z,282.0,293.26,100,1,update,744.1,508.7,200,88.1,142.6,142.6,151.0,,,
2026-09-11T17:59:38.794843Z,283.0,294.261,100,1,read,3142.1,2035.2,200,5.0,35.7,39.8,48.2,,,
2026-09-11T17:59:38.794843Z,283.0,294.261,100,1,update,716.0,509.5,200,88.1,142.6,142.6,142.6,,,
2026-09-11T17:59:38.794843Z,284.0,295.315,100,1,read,3021.5,2038.7,200,4.7,33.6,37.7,44.0,,,
2026-09-11T17:59:38.794843Z,284.0,295.315,100,1,update,759.6,510.3,200,88.1,134.2,142.6,142.6,,,
2026-09-11T17:59:38.794843Z,285.0,296.262,100,1,read,2607.5,2040.7,200,6.0,37.7,58.7,184.5,,,
2026-09-11T17:59:38.794843Z,285.0,296.262,100,1,update,685.1,511.0,200,88.1,142.6,167.8,335.5,,,
2026-09-11T17:59:38.794843Z,286.0,297.263,100,1,read,3037.3,2044.2,200,4.7,33.6,39.8,44.0,,,
2026-09-11T17:59:38.794843Z,286.0,297.263,100,1,update,781.3,511.9,200,88.1,134.2,142.6,151.0,,,
2026-09-11T17:59:38.794843Z,287.0,298.282,100,1,read,3198.5,2048.2,200,5.2,35.7,39.8,50.3,,,
2026-09-11T17:59:38.794843Z,287.0,298.282,100,1,update,743.9,512.7,200,88.1,142.6,142.6,159.4,,,
2026-09-11T17:59:38.794843Z,288.0,299.26,100,1,read,3126.7,2051.9,200,5.2,35.7,39.8,52.4,,,
2026-09-11T17:59:38.794843Z,288.0,299.26,100,1,update,765.7,513.6,200,88.1,134.2,142.6,142.6,,,
2026-09-11T17:59:38.794843Z,289.0,300.263,100,1,read,3233.5,2056.0,200,5.5,37.7,44.0,52.4,,,
2026-09-11T17:59:38.794843Z,289.0,300.263,100,1,update,730.6,514.3,200,88.1,142.6,142.6,151.0,,,
2026-09-11T17:59:38.794843Z,290.0,301.273,100,1,read,3025.3,2059.4,200,5.2,35.7,44.0,113.2,,,
2026-09-11T17:59:38.794843Z,290.0,301.273,100,1,update,735.3,515.1,200,88.1,142.6,151.0,469.8,,,
2026-09-11T17:59:38.794843Z,291.0,302.267,100,1,read,3191.0,2063.3,200,5.8,35.7,41.9,48.2,,,
2026-09-11T17:59:38.794843Z,291.0,302.267,100,1,update,733.4,515.9,200,88.1,142.6,151.0,159.4,,,
2026-09-11T17:59:38.794843Z,292.0,303.263,100,1,read,3169.6,2067.0,200,6.0,37.7,44.0,58.7,,,
2026-09-11T17:59:38.794843Z,292.0,303.263,100,1,update,747.9,516.6,200,88.1,134.2,142.6,151.0,,,
2026-09-11T17:59:38.794843Z,293.0,304.259,100,1,read,3048.6,2070.4,200,5.5,35.7,41.9,50.3,,,
2026-09-11T17:59:38.794843Z,293.0,304.259,100,1,update,770.2,517.5,200,88.1,142.6,151.0,151.0,,,
2026-09-11T17:59:38.794843Z,294.0,305.268,100,1,read,2980.3,2073.5,200,5.8,35.7,46.1,71.3,,,
2026-09-11T17:59:38.794843Z,294.0,305.268,100,1,update,767.1,518.4,200,88.1,142.6,151.0,159.4,,,
2026-09-11T17:59:38.794843Z,295.0,306.262,100,1,read,2953.9,2076.5,200,5.5,35.7,41.9,71.3,,,
2026-09-11T17:59:38.794843Z,295.0,306.262,100,1,update,770.2,519.2,200,88.1,142.6,151.0,159.4,,,
2026-09-11T17:59:38.794843Z,296.0,307.263,100,1,read,2747.2,2078.7,200,6.3,37.7,54.5,83.9,,,
2026-09-11T17:59:38.794843Z,296.0,307.263,100,1,update,714.8,519.9,200,92.3,142.6,159.4,318.8,,,
2026-09-11T17:59:38.794843Z,297.0,308.265,100,1,read,2930.8,2081.6,200,5.8,35.7,46.1,184.5,,,
2026-09-11T17:59:38.794843Z,297.0,308.265,100,1,update,739.0,520.6,200,88.1,142.6,167.8,520.1,,,
2026-09-11T17:59:38.794843Z,298.0,309.26,100,1,read,3046.1,2084.8,200,6.3,35.7,44.0,58.7,,,
2026-09-11T17:59:38.794843Z,298.0,309.26,100,1,update,762.0,521.4,200,92.3,142.6,151.0,167.8,,,
2026-09-11T17:59:38.794843Z,299.0,310.262,100,1,read,3015.9,2088.0,200,6.0,35.7,44.0,58.7,,,
2026-09-11T17:59:38.794843Z,299.0,310.262,100,1,update,784.7,522.3,200,88.1,134.2,151.0,167.8,,,
2026-09-11T17:59:38.794843Z,300.0,311.261,100,1,read,2872.4,2090.6,200,6.3,35.7,46.1,58.7,,,
2026-09-11T17:59:38.794843Z,300.0,311.261,100,1,update,735.1,523.0,200,92.3,151.0,159.4,176.2,,,
2026-09-11T17:59:38.794843Z,301.0,312.264,100,1,read,3073.1,2093.8,200,6.6,35.7,44.0,58.7,,,
2026-09-11T17:59:38.794843Z,301.0,312.264,100,1,update,750.0,523.8,200,92.3,142.6,151.0,151.0,,,
2026-09-11T17:59:38.794843Z,302.0,313.261,100,1,read,2979.3,2096.8,200,6.3,35.7,44.0,58.7,,,
2026-09-11T17:59:38.794843Z,302.0,313.261,100,1,update,770.1,524.6,200,92.3,142.6,151.0,159.4,,,
2026-09-11T17:59:38.794843Z,303.0,314.263,100,1,read,3001.9,2099.8,200,6.3,35.7,44.0,58.7,,,
2026-09-11T17:59:38.794843Z,303.0,314.263,100,1,update,764.7,525.4,200,92.3,142.6,151.0,159.4,,,
2026-09-11T17:59:38.794843Z,304.0,315.262,100,1,read,2971.5,2102.6,200,6.3,35.7,46.1,58.7,,,
2026-09-11T17:59:38.794843Z,304.0,315.262,100,1,update,744.9,526.1,200,92.3,142.6,151.0,167.8,,,
2026-09-11T17:59:38.794843Z,305.0,316.262,100,1,read,2982.4,2105.5,200,6.8,37.7,48.2,60.8,,,
2026-09-11T17:59:38.794843Z,305.0,316.262,100,1,update,729.8,526.8,200,92.3,142.6,151.0,167.8,,,
2026-09-11T17:59:38.794843Z,306.0,317.265,100,1,read,3015.0,2108.5,200,6.0,35.7,41.9,50.3,,,
2026-09-11T17:59:38.794843Z,306.0,317.265,100,1,update,780.5,527.6,200,92.3,142.6,151.0,151.0,,,
2026-09-11T17:59:38.794843Z,307.0,318.262,100,1,read,2727.5,2110.5,200,7.9,39.8,54.5,71.3,,,
2026-09-11T17:59:38.794843Z,307.0,318.262,100,1,update,668.9,528.1,200,96.5,151.0,167.8,176.2,,,
2026-09-11T17:59:38.794843Z,308.0,319.262,100,1,read,2914.5,2113.1,200,6.3,37.7,46.1,71.3,,,
2026-09-11T17:59:38.794843Z,308.0,319.262,100,1,update,737.6,528.7,200,92.3,142.6,159.4,167.8,,,
2026-09-11T17:59:38.794843Z,309.0,320.28,100,1,read,2615.4,2114.7,200,7.1,41.9,56.6,184.5,,,
2026-09-11T17:59:38.794843Z,309.0,320.28,100,1,update,651.1,529.1,200,100.7,151.0,167.8,570.4,,,
2026-09-11T17:59:38.794843Z,310.0,321.267,100,1,read,2590.4,2116.3,200,9.4,44.0,60.8,88.1,,,
2026-09-11T17:59:38.794843Z,310.0,321.267,100,1,update,617.3,529.4,200,109.1,151.0,184.5,704.6,,,
2026-09-11T17:59:38.794843Z,311.0,322.266,100,1,read,2612.2,2117.9,200,7.9,37.7,56.6,88.1,,,
2026-09-11T17:59:38.794843Z,311.0,322.266,100,1,update,655.1,529.8,200,104.9,151.0,184.5,209.7,,,
2026-09-11T17:59:38.794843Z,312.0,323.282,100,1,read,2627.2,2119.5,200,8.4,44.0,58.7,100.7,,,
2026-09-11T17:59:38.794843Z,312.0,323.282,100,1,update,625.0,530.1,200,104.9,151.0,167.8,218.1,,,
2026-09-11T17:59:38.794843Z,313.0,324.265,100,1,read,2571.6,2120.9,200,8.9,44.0,60.8,83.9,,,
2026-09-11T17:59:38.794843Z,313.0,324.265,100,1,update,641.9,530.5,200,104.9,151.0,176.2,201.3,,,
2026-09-11T17:59:38.794843Z,314.0,325.278,100,1,read,2906.5,2123.4,200,7.9,35.7,48.2,83.9,,,
2026-09-11T17:59:38.794843Z,314.0,325.278,100,1,update,689.9,531.0,200,96.5,142.6,167.8,209.7,,,
2026-09-11T17:59:38.794843Z,315.0,326.264,100,1,read,2372.9,2124.2,200,11.5,41.9,62.9,218.1,,,
2026-09-11T17:59:38.794843Z,315.0,326.264,100,1,update,569.0,531.1,200,104.9,151.0,302.0,604.0,,,
2026-09-11T17:59:38.794843Z,316.0,327.271,100,1,read,2579.8,2125.7,200,9.4,28.3,52.4,92.3,,,
2026-09-11T17:59:38.794843Z,316.0,327.271,100,1,update,701.2,531.6,200,100.7,134.2,167.8,192.9,,,
2026-09-11T17:59:38.794843Z,317.0,328.262,100,1,read,3065.3,2128.6,200,8.1,25.2,44.0,75.5,,,
2026-09-11T17:59:38.794843Z,317.0,328.262,100,1,update,719.6,532.2,200,96.5,125.8,159.4,176.2,,,
2026-09-11T17:59:38.794843Z,318.0,329.266,100,1,read,2645.8,2130.3,200,8.9,32.5,54.5,184.5,,,
2026-09-11T17:59:38.794843Z,318.0,329.266,100,1,update,653.7,532.6,200,100.7,142.6,167.8,604.0,,,
2026-09-11T17:59:38.794843Z,319.0,330.268,100,1,read,2962.1,2132.9,200,8.1,19.9,27.3,35.7,,,
2026-09-11T17:59:38.794843Z,319.0,330.268,100,1,update,769.8,533.4,200,96.5,113.2,125.8,142.6,,,
2026-09-11T17:59:38.794843Z,320.0,331.261,100,1,read,2833.7,2135.1,200,9.4,21.0,28.3,44.0,,,
2026-09-11T17:59:38.794843Z,320.0,331.261,100,1,update,736.9,534.0,200,100.7,117.4,121.6,134.2,,,
2026-09-11T17:59:38.794843Z,321.0,332.332,100,1,read,3003.3,2137.8,200,10.5,23.1,29.4,41.9,,,
2026-09-11T17:59:38.794843Z,321.0,332.332,100,1,update,698.8,534.5,200,96.5,113.2,121.6,142.6,,,
2026-09-11T17:59:38.794843Z,322.0,333.264,100,1,read,2727.1,2139.6,200,13.1,27.3,33.6,46.1,,,
2026-09-11T17:59:38.794843Z,322.0,333.264,100,1,update,671.3,534.9,200,92.3,109.1,113.2,121.6,,,
2026-09-11T17:59:38.794843Z,323.0,334.262,100,1,read,2643.5,2141.2,200,12.1,26.2,35.7,52.4,,,
2026-09-11T17:59:38.794843Z,323.0,334.262,100,1,update,668.6,535.4,200,96.5,142.6,192.9,201.3,,,
2026-09-11T17:59:38.794843Z,324.0,335.262,100,1,read,2698.6,2142.9,200,13.6,28.3,35.7,52.4,,,
2026-09-11T17:59:38.794843Z,324.0,335.262,100,1,update,679.4,535.8,200,92.3,109.1,117.4,130.0,,,
2026-09-11T17:59:38.794843Z,325.0,336.263,100,1,read,2703.5,2144.6,200,13.1,28.3,35.7,52.4,,,
2026-09-11T17:59:38.794843Z,325.0,336.263,100,1,update,656.6,536.2,200,92.3,117.4,125.8,142.6,,,
2026-09-11T17:59:38.794843Z,326.0,337.262,100,1,read,2774.3,2146.5,200,13.6,28.3,37.7,48.2,,,
2026-09-11T17:59:38.794843Z,326.0,337.262,100,1,update,679.3,536.6,200,92.3,104.9,109.1,113.2,,,
2026-09-11T17:59:38.794843Z,327.0,338.262,100,1,read,2754.0,2148.4,200,14.2,28.3,37.7,48.2,,,
2026-09-11T17:59:38.794843Z,327.0,338.262,100,1,update,669.0,537.0,200,88.1,104.9,113.2,125.8,,,
2026-09-11T17:59:38.794843Z,328.0,339.266,100,1,read,2725.5,2150.2,200,13.1,27.3,35.7,50.3,,,
2026-09-11T17:59:38.794843Z,328.0,339.266,100,1,update,701.9,537.5,200,88.1,104.9,117.4,130.0,,,
2026-09-11T17:59:38.794843Z,329.0,340.269,100,1,read,2546.0,2151.4,200,13.6,35.7,46.1,71.3,,,
2026-09-11T17:59:38.794843Z,329.0,340.269,100,1,update,642.0,537.8,200,92.3,121.6,142.6,159.4,,,
2026-09-11T17:59:38.794843Z,330.0,341.263,100,1,read,2756.7,2153.2,200,11.5,26.2,32.5,44.0,,,
2026-09-11T17:59:38.794843Z,330.0,341.263,100,1,update,694.2,538.3,200,96.5,113.2,121.6,142.6,,,
2026-09-11T17:59:38.794843Z,331.0,342.266,100,1,read,2689.9,2154.8,200,13.1,27.3,33.6,44.0,,,
2026-09-11T17:59:38.794843Z,331.0,342.266,100,1,update,722.0,538.9,200,88.1,100.7,104.9,117.4,,,
2026-09-11T17:59:38.794843Z,332.0,343.263,100,1,read,2541.0,2156.0,200,15.7,32.5,37.7,52.4,,,
2026-09-11T17:59:38.794843Z,332.0,343.263,100,1,update,646.5,539.2,200,92.3,100.7,109.1,121.6,,,
2026-09-11T17:59:38.794843Z,333.0,344.313,100,1,read,2106.4,2155.8,200,22.0,46.1,60.8,71.3,,,
2026-09-11T17:59:38.794843Z,333.0,344.313,100,1,update,534.4,539.2,200,96.5,113.2,121.6,142.6,,,
2026-09-11T17:59:38.794843Z,334.0,345.268,100,1,read,1974.3,2155.3,200,22.0,46.1,56.6,75.5,,,
2026-09-11T17:59:38.794843Z,334.0,345.268,100,1,update,573.1,539.3,200,96.5,113.2,121.6,125.8,,,
2026-09-11T17:59:38.794843Z,335.0,346.262,100,1,read,2095.5,2155.1,200,22.0,46.1,56.6,67.1,,,
2026-09-11T17:59:38.794843Z,335.0,346.262,100,1,update,518.9,539.2,200,96.5,117.4,125.8,142.6,,,
2026-09-11T17:59:38.794843Z,336.0,347.262,100,1,read,2133.1,2155.0,200,22.0,46.1,58.7,71.3,,,
2026-09-11T17:59:38.794843Z,336.0,347.262,100,1,update,532.0,539.2,200,96.5,113.2,125.8,130.0,,,
2026-09-11T17:59:38.794843Z,337.0,348.261,100,1,read,2091.0,2154.8,200,21.0,44.0,54.5,79.7,,,
2026-09-11T17:59:38.794843Z,337.0,348.261,100,1,update,565.0,539.3,200,96.5,113.2,121.6,134.2,,,
2026-09-11T17:59:38.794843Z,338.0,349.265,100,1,read,2088.2,2154.7,200,22.0,46.1,58.7,83.9,,,
2026-09-11T17:59:38.794843Z,338.0,349.265,100,1,update,543.8,539.3,200,96.5,113.2,121.6,130.0,,,
2026-09-11T17:59:38.794843Z,339.0,350.265,100,1,read,2150.1,2154.6,200,21.0,41.9,56.6,79.7,,,
2026-09-11T17:59:38.794843Z,339.0,350.265,100,1,update,533.0,539.3,200,96.5,113.2,117.4,121.6,,,
2026-09-11T17:59:38.794843Z,340.0,351.262,100,1,read,2010.0,2154.2,200,19.9,41.9,52.4,71.3,,,
2026-09-11T17:59:38.794843Z,340.0,351.262,100,1,update,476.2,539.1,200,109.1,159.4,184.5,201.3,,,
2026-09-11T17:59:38.794843Z,341.0,352.263,100,1,read,2057.7,2153.9,200,22.0,48.2,71.3,536.9,,,
2026-09-11T17:59:38.794843Z,341.0,352.263,100,1,update,493.9,538.9,200,96.5,125.8,486.5,805.3,,,
2026-09-11T17:59:38.794843Z,342.0,353.265,100,1,read,1909.0,2153.2,200,24.1,52.4,65.0,96.5,,,
2026-09-11T17:59:38.794843Z,342.0,353.265,100,1,update,462.0,538.7,200,100.7,125.8,142.6,176.2,,,
2026-09-11T17:59:38.794843Z,343.0,354.261,100,1,read,2047.1,2152.9,200,23.1,50.3,71.3,218.1,,,
2026-09-11T17:59:38.794843Z,343.0,354.261,100,1,update,502.0,538.6,200,96.5,151.0,167.8,192.9,,,
2026-09-11T17:59:38.794843Z,344.0,355.262,100,1,read,2027.9,2152.5,200,23.1,48.2,60.8,96.5,,,
2026-09-11T17:59:38.794843Z,344.0,355.262,100,1,update,499.0,538.5,200,96.5,121.6,130.0,142.6,,,
2026-09-11T17:59:38.794843Z,345.0,356.315,100,1,read,1990.4,2152.1,200,24.1,50.3,65.0,71.3,,,
2026-09-11T17:59:38.794843Z,345.0,356.315,100,1,update,484.9,538.3,200,100.7,121.6,130.0,142.6,,,
2026-09-11T17:59:38.794843Z,346.0,357.268,100,1,read,2020.0,2151.7,200,22.0,48.2,60.8,88.1,,,
2026-09-11T17:59:38.794843Z,346.0,357.268,100,1,update,526.0,538.3,200,96.5,134.2,184.5,192.9,,,
2026-09-11T17:59:38.794843Z,347.0,358.286,100,1,read,1951.4,2151.1,200,22.0,46.1,56.6,71.3,,,
2026-09-11T17:59:38.794843Z,347.0,358.286,100,1,update,503.9,538.2,200,104.9,142.6,151.0,192.9,,,
2026-09-11T17:59:38.794843Z,348.0,359.273,100,1,read,2064.8,2150.9,200,22.0,44.0,58.7,79.7,,,
2026-09-11T17:59:38.794843Z,348.0,359.273,100,1,update,483.2,538.1,200,100.7,176.2,192.9,201.3,,,
2026-09-11T17:59:38.794843Z,349.0,360.269,100,1,read,2021.2,2150.5,200,18.9,41.9,54.5,75.5,,,
2026-09-11T17:59:38.794843Z,349.0,360.269,100,1,update,500.1,537.9,200,104.9,142.6,167.8,167.8,,,
2026-09-11T17:59:38.794843Z,350.0,361.261,100,1,read,1963.9,2150.0,200,19.9,41.9,60.8,302.0,,,
2026-09-11T17:59:38.794843Z,350.0,361.261,100,1,update,487.0,537.8,200,117.4,184.5,192.9,385.9,,,
2026-09-11T17:59:38.794843Z,351.0,362.265,100,1,read,1955.6,2149.4,200,22.0,46.1,56.6,75.5,,,
2026-09-11T17:59:38.794843Z,351.0,362.265,100,1,update,481.1,537.6,200,113.2,159.4,184.5,486.5,,,
2026-09-11T17:59:38.794843Z,352.0,363.262,100,1,read,1948.5,2148.8,200,21.0,44.0,56.6,79.7,,,
2026-09-11T17:59:38.794843Z,352.0,363.262,100,1,update,475.9,537.5,200,117.4,176.2,184.5,201.3,,,
2026-09-11T17:59:38.794843Z,353.0,364.27,100,1,read,2004.5,2148.4,200,19.9,44.0,56.6,75.5,,,
2026-09-11T17:59:38.794843Z,353.0,364.27,100,1,update,491.1,537.3,200,109.1,159.4,192.9,209.7,,,
2026-09-11T17:59:38.794843Z,354.0,365.262,100,1,read,1909.8,2147.8,200,21.0,46.1,58.7,104.9,,,
2026-09-11T17:59:38.794843Z,354.0,365.262,100,1,update,452.0,537.1,200,113.2,192.9,226.5,251.7,,,
2026-09-11T17:59:38.794843Z,355.0,366.268,100,1,read,1774.5,2146.7,200,23.1,56.6,159.4,285.2,,,
2026-09-11T17:59:38.794843Z,355.0,366.268,100,1,update,468.6,536.9,200,104.9,159.4,192.9,335.5,,,
2026-09-11T17:59:38.794843Z,356.0,367.357,100,1,read,1892.9,2146.0,200,22.0,48.2,65.0,79.7,,,
2026-09-11T17:59:38.794843Z,356.0,367.357,100,1,update,477.2,536.7,200,109.1,151.0,167.8,251.7,,,
2026-09-11T17:59:38.794843Z,357.0,368.262,100,1,read,1813.7,2145.1,200,23.1,56.6,67.1,260.0,,,
2026-09-11T17:59:38.794843Z,357.0,368.262,100,1,update,464.9,536.5,200,100.7,151.0,243.3,436.2,,,
2026-09-11T17:59:38.794843Z,358.0,369.262,100,1,read,1792.1,2144.1,200,25.2,65.0,243.3,285.2,,,
2026-09-11T17:59:38.794843Z,358.0,369.262,100,1,update,424.3,536.2,200,100.7,151.0,318.8,335.5,,,
2026-09-11T17:59:38.794843Z,359.0,370.263,100,1,read,1748.1,2143.0,200,26.2,58.7,79.7,234.9,,,
2026-09-11T17:59:38.794843Z,359.0,370.263,100,1,update,456.0,536.0,200,100.7,142.6,167.8,285.2,,,
2026-09-11T17:59:38.794843Z,360.0,371.262,100,1,read,1809.3,2142.0,200,25.2,60.8,251.7,285.2,,,
2026-09-11T17:59:38.794843Z,360.0,371.262,100,1,update,443.8,535.7,200,100.7,167.8,318.8,335.5,,,
2026-09-11T17:59:38.794843Z,361.0,372.263,100,1,read,1902.7,2141.4,200,22.0,54.5,243.3,285.2,,,
2026-09-11T17:59:38.794843Z,361.0,372.263,100,1,update,497.2,535.6,200,96.5,151.0,184.5,335.5,,,
2026-09-11T17:59:38.794843Z,362.0,373.261,100,1,read,2052.0,2141.1,200,24.1,52.4,67.1,100.7,,,
2026-09-11T17:59:38.794843Z,362.0,373.261,100,1,update,468.0,535.4,200,96.5,117.4,125.8,130.0,,,
2026-09-11T17:59:38.794843Z,363.0,374.265,100,1,read,2044.7,2140.9,200,24.1,50.3,67.1,79.7,,,
2026-09-11T17:59:38.794843Z,363.0,374.265,100,1,update,477.9,535.3,200,96.5,117.4,125.8,134.2,,,
2026-09-11T17:59:38.794843Z,364.0,375.268,100,1,read,2024.4,2140.5,200,24.1,50.3,65.0,96.5,,,
2026-09-11T17:59:38.794843Z,364.0,375.268,100,1,update,490.1,535.2,200,100.7,121.6,130.0,134.2,,,
2026-09-11T17:59:38.794843Z,365.0,376.262,100,1,read,2074.7,2140.4,200,23.1,50.3,65.0,83.9,,,
2026-09-11T17:59:38.794843Z,365.0,376.262,100,1,update,466.7,535.0,200,96.5,121.6,130.0,134.2,,,
2026-09-11T17:59:38.794843Z,366.0,377.263,100,1,read,2054.8,2140.1,200,22.0,46.1,58.7,75.5,,,
2026-09-11T17:59:38.794843Z,366.0,377.263,100,1,update,508.2,534.9,200,96.5,117.4,130.0,151.0,,,
2026-09-11T17:59:38.794843Z,367.0,378.268,100,1,read,2034.2,2139.8,200,22.0,44.0,60.8,83.9,,,
2026-09-11T17:59:38.794843Z,367.0,378.268,100,1,update,514.0,534.8,200,96.5,121.6,142.6,159.4,,,
2026-09-11T17:59:38.794843Z,368.0,379.261,100,1,read,1951.9,2139.3,200,24.1,52.4,62.9,96.5,,,
2026-09-11T17:59:38.794843Z,368.0,379.261,100,1,update,446.0,534.6,200,109.1,151.0,167.8,176.2,,,
2026-09-11T17:59:38.794843Z,369.0,380.262,100,1,read,2036.1,2139.1,200,23.1,50.3,62.9,96.5,,,
2026-09-11T17:59:38.794843Z,369.0,380.262,100,1,update,493.8,534.5,200,100.7,130.0,151.0,176.2,,,
2026-09-11T17:59:38.794843Z,370.0,381.269,100,1,read,1999.6,2138.7,200,23.1,48.2,60.8,75.5,,,
2026-09-11T17:59:38.794843Z,370.0,381.269,100,1,update,492.9,534.4,200,100.7,125.8,134.2,151.0,,,
2026-09-11T17:59:38.794843Z,371.0,382.261,100,1,read,2048.2,2138.4,200,22.0,50.3,60.8,83.9,,,
2026-09-11T17:59:38.794843Z,371.0,382.261,100,1,update,485.3,534.2,200,100.7,142.6,167.8,184.5,,,
2026-09-11T17:59:38.794843Z,372.0,383.262,100,1,read,1954.4,2137.9,200,22.0,46.1,56.6,96.5,,,
2026-09-11T17:59:38.794843Z,372.0,383.262,100,1,update,475.1,534.1,200,104.9,151.0,167.8,176.2,,,
2026-09-11T17:59:38.794843Z,373.0,384.262,100,1,read,1919.1,2137.4,200,19.9,44.0,56.6,79.7,,,
2026-09-11T17:59:38.794843Z,373.0,384.262,100,1,update,545.0,534.1,200,109.1,176.2,192.9,201.3,,,
2026-09-11T17:59:38.794843Z,374.0,385.263,100,1,read,2072.9,2137.2,200,22.0,44.0,54.5,75.5,,,
2026-09-11T17:59:38.794843Z,374.0,385.263,100,1,update,525.0,534.1,200,100.7,125.8,134.2,151.0,,,
2026-09-11T17:59:38.794843Z,375.0,386.278,100,1,read,2108.8,2137.1,200,19.9,41.9,54.5,209.7,,,
2026-09-11T17:59:38.794843Z,375.0,386.278,100,1,update,540.7,534.1,200,96.5,130.0,151.0,469.8,,,
2026-09-11T17:59:38.794843Z,376.0,387.262,100,1,read,1834.1,2136.3,200,21.0,52.4,75.5,109.1,,,
2026-09-11T17:59:38.794843Z,376.0,387.262,100,1,update,527.3,534.1,200,104.9,142.6,159.4,167.8,,,
2026-09-11T17:59:38.794843Z,377.0,388.262,100,1,read,2124.9,2136.3,200,21.0,44.0,56.6,75.5,,,
2026-09-11T17:59:38.794843Z,377.0,388.262,100,1,update,519.0,534.0,200,96.5,130.0,151.0,159.4,,,
2026-09-11T17:59:38.794843Z,378.0,389.263,100,1,read,2028.2,2136.0,200,22.0,46.1,58.7,83.9,,,
2026-09-11T17:59:38.794843Z,378.0,389.263,100,1,update,526.8,534.0,200,96.5,121.6,134.2,142.6,,,
2026-09-11T17:59:38.794843Z,379.0,390.264,100,1,read,1973.7,2135.6,200,23.1,48.2,67.1,117.4,,,
2026-09-11T17:59:38.794843Z,379.0,390.264,100,1,update,496.2,533.9,200,100.7,142.6,167.8,176.2,,,
2026-09-11T17:59:38.794843Z,380.0,391.263,100,1,read,1385.7,2133.6,200,29.4,130.0,159.4,251.7,,,
2026-09-11T17:59:38.794843Z,380.0,391.263,100,1,update,316.9,533.4,200,117.4,251.7,285.2,503.3,,,
2026-09-11T17:59:38.794843Z,381.0,392.262,100,1,read,1569.2,2132.1,200,28.3,83.9,113.2,134.2,,,
2026-09-11T17:59:38.794843Z,381.0,392.262,100,1,update,383.8,533.0,200,121.6,184.5,201.3,234.9,,,
2026-09-11T17:59:38.794843Z,382.0,393.262,100,1,read,1598.3,2130.7,200,24.1,83.9,113.2,243.3,,,
2026-09-11T17:59:38.794843Z,382.0,393.262,100,1,update,387.3,532.6,200,109.1,184.5,302.0,369.1,,,
2026-09-11T17:59:38.794843Z,383.0,394.263,100,1,read,1450.2,2128.9,200,25.2,83.9,109.1,167.8,,,
2026-09-11T17:59:38.794843Z,383.0,394.263,100,1,update,400.8,532.2,200,134.2,209.7,243.3,520.1,,,
2026-09-11T17:59:38.794843Z,384.0,395.262,100,1,read,1466.1,2127.2,200,27.3,88.1,104.9,125.8,,,
2026-09-11T17:59:38.794843Z,384.0,395.262,100,1,update,338.0,531.7,200,151.0,209.7,243.3,260.0,,,
2026-09-11T17:59:38.794843Z,385.0,396.269,100,1,read,1550.4,2125.7,200,29.4,88.1,109.1,134.2,,,
2026-09-11T17:59:38.794843Z,385.0,396.269,100,1,update,381.1,531.3,200,121.6,184.5,201.3,218.1,,,
2026-09-11T17:59:38.794843Z,386.0,397.263,100,1,read,1222.0,2123.4,200,32.5,130.0,167.8,218.1,,,
2026-09-11T17:59:38.794843Z,386.0,397.263,100,1,update,281.0,530.7,200,151.0,234.9,251.7,268.4,,,
2026-09-11T17:59:38.794843Z,387.0,398.263,100,1,read,1074.8,2120.6,200,32.5,151.0,209.7,285.2,,,
2026-09-11T17:59:38.794843Z,387.0,398.263,100,1,update,282.0,530.1,200,151.0,335.5,352.3,385.9,,,
2026-09-11T17:59:38.794843Z,388.0,399.268,100,1,read,1304.4,2118.5,200,30.4,100.7,151.0,209.7,,,
2026-09-11T17:59:38.794843Z,388.0,399.268,100,1,update,289.1,529.4,200,192.9,268.4,285.2,302.0,,,
2026-09-11T17:59:38.794843Z,389.0,400.263,100,1,read,1470.8,2116.9,200,28.3,83.9,96.5,117.4,,,
2026-09-11T17:59:38.794843Z,389.0,400.263,100,1,update,358.0,529.0,200,142.6,218.1,260.0,285.2,,,
2026-09-11T17:59:38.794843Z,390.0,401.27,100,1,read,1359.9,2114.9,200,28.3,79.7,104.9,151.0,,,
2026-09-11T17:59:38.794843Z,390.0,401.27,100,1,update,354.0,528.5,200,151.0,209.7,234.9,243.3,,,
2026-09-11T17:59:38.794843Z,391.0,402.262,100,1,read,1595.8,2113.6,200,28.3,75.5,109.1,134.2,,,
2026-09-11T17:59:38.794843Z,391.0,402.262,100,1,update,420.0,528.3,200,104.9,184.5,201.3,234.9,,,
2026-09-11T17:59:38.794843Z,392.0,403.29,100,1,read,1613.2,2112.3,200,28.3,83.9,113.2,151.0,,,
2026-09-11T17:59:38.794843Z,392.0,403.29,100,1,update,435.0,528.0,200,100.7,151.0,192.9,226.5,,,
2026-09-11T17:59:38.794843Z,393.0,404.284,100,1,read,1671.2,2111.2,200,30.4,75.5,92.3,104.9,,,
2026-09-11T17:59:38.794843Z,393.0,404.284,100,1,update,404.8,527.7,200,109.1,159.4,176.2,243.3,,,
2026-09-11T17:59:38.794843Z,394.0,405.285,100,1,read,1649.0,2110.0,200,27.3,75.5,104.9,130.0,,,
2026-09-11T17:59:38.794843Z,394.0,405.285,100,1,update,340.2,527.2,200,134.2,209.7,234.9,285.2,,,
2026-09-11T17:59:38.794843Z,395.0,406.342,100,1,read,1459.9,2108.4,200,27.3,83.9,109.1,134.2,,,
2026-09-11T17:59:38.794843Z,395.0,406.342,100,1,update,381.0,526.9,200,151.0,226.5,243.3,260.0,,,
2026-09-11T17:59:38.794843Z,396.0,407.263,100,1,read,1585.2,2107.1,200,27.3,88.1,113.2,151.0,,,
2026-09-11T17:59:38.794843Z,396.0,407.263,100,1,update,378.1,526.5,200,117.4,184.5,209.7,226.5,,,
2026-09-11T17:59:38.794843Z,397.0,408.275,100,1,read,1436.8,2105.4,200,28.3,79.7,100.7,121.6,,,
2026-09-11T17:59:38.794843Z,397.0,408.275,100,1,update,405.6,526.2,200,130.0,192.9,218.1,369.1,,,
2026-09-11T17:59:38.794843Z,398.0,409.263,100,1,read,1497.4,2103.9,200,25.2,100.7,130.0,184.5,,,
2026-09-11T17:59:38.794843Z,398.0,409.263,100,1,update,423.1,525.9,200,109.1,218.1,234.9,302.0,,,
2026-09-11T17:59:38.794843Z,399.0,410.268,100,1,read,1203.8,2101.6,200,37.7,130.0,167.8,184.5,,,
2026-09-11T17:59:38.794843Z,399.0,410.268,100,1,update,284.2,525.3,200,142.6,226.5,251.7,251.7,,,
2026-09-11T17:59:38.794843Z,400.0,411.294,100,1,read,1470.8,2100.0,200,35.7,92.3,113.2,142.6,,,
2026-09-11T17:59:38.794843Z,400.0,411.294,100,1,update,368.0,524.9,200,121.6,226.5,243.3,260.0,,,
2026-09-11T17:59:38.794843Z,401.0,412.272,100,1,read,1502.7,2098.5,200,25.2,75.5,109.1,159.4,,,
2026-09-11T17:59:38.794843Z,401.0,412.272,100,1,update,387.9,524.6,200,125.8,268.4,318.8,335.5,,,
2026-09-11T17:59:38.794843Z,402.0,413.3,100,1,read,1219.3,2096.3,200,28.3,92.3,121.6,142.6,,,
2026-09-11T17:59:38.794843Z,402.0,413.3,100,1,update,318.1,524.1,200,176.2,251.7,268.4,285.2,,,
2026-09-11T17:59:38.794843Z,403.0,414.279,100,1,read,1282.1,2094.3,200,28.3,130.0,226.5,243.3,,,
2026-09-11T17:59:38.794843Z,403.0,414.279,100,1,update,353.0,523.6,200,125.8,285.2,302.0,318.8,,,
2026-09-11T17:59:38.794843Z,404.0,415.269,100,1,read,1430.8,2092.7,200,30.4,92.3,121.6,142.6,,,
2026-09-11T17:59:38.794843Z,404.0,415.269,100,1,update,352.7,523.2,200,121.6,243.3,285.2,285.2,,,
2026-09-11T17:59:38.794843Z,405.0,416.272,100,1,read,1498.0,2091.2,200,31.5,96.5,130.0,167.8,,,
2026-09-11T17:59:38.794843Z,405.0,416.272,100,1,update,349.2,522.8,200,125.8,192.9,218.1,218.1,,,
2026-09-11T17:59:38.794843Z,406.0,417.268,100,1,read,1499.9,2089.8,200,35.7,92.3,117.4,142.6,,,
2026-09-11T17:59:38.794843Z,406.0,417.268,100,1,update,303.0,522.3,200,125.8,184.5,192.9,209.7,,,
2026-09-11T17:59:38.794843Z,407.0,418.262,100,1,read,1486.3,2088.3,200,32.5,92.3,113.2,142.6,,,
2026-09-11T17:59:38.794843Z,407.0,418.262,100,1,update,384.1,521.9,200,117.4,192.9,201.3,218.1,,,
2026-09-11T17:59:38.794843Z,408.0,419.277,100,1,read,1608.8,2087.1,200,25.2,79.7,125.8,285.2,,,
2026-09-11T17:59:38.794843Z,408.0,419.277,100,1,update,385.9,521.6,200,121.6,209.7,402.7,671.1,,,
2026-09-11T17:59:38.794843Z,409.0,420.269,100,1,read,1589.3,2085.9,200,26.2,71.3,96.5,121.6,,,
2026-09-11T17:59:38.794843Z,409.0,420.269,100,1,update,435.1,521.4,200,121.6,159.4,176.2,184.5,,,
2026-09-11T17:59:38.794843Z,410.0,421.288,100,1,read,1493.0,2084.4,200,32.5,100.7,113.2,134.2,,,
2026-09-11T17:59:38.794843Z,410.0,421.288,100,1,update,347.0,520.9,200,104.9,176.2,192.9,201.3,,,
2026-09-11T17:59:38.794843Z,411.0,422.286,100,1,read,1581.5,2083.2,200,31.5,100.7,130.0,176.2,,,
2026-09-11T17:59:38.794843Z,411.0,422.286,100,1,update,336.9,520.5,200,117.4,184.5,209.7,318.8,,,
2026-09-11T17:59:38.794843Z,412.0,423.261,100,1,read,1543.9,2081.9,200,28.3,75.5,96.5,121.6,,,
2026-09-11T17:59:38.794843Z,412.0,423.261,100,1,update,431.0,520.3,200,117.4,151.0,184.5,201.3,,,
2026-09-11T17:59:38.794843Z,413.0,424.268,100,1,read,1567.5,2080.7,200,26.2,92.3,113.2,318.8,,,
2026-09-11T17:59:38.794843Z,413.0,424.268,100,1,update,383.1,519.9,200,100.7,176.2,218.1,536.9,,,
2026-09-11T17:59:38.794843Z,414.0,425.279,100,1,read,1570.6,2079.4,200,26.2,96.5,121.6,130.0,,,
2026-09-11T17:59:38.794843Z,414.0,425.279,100,1,update,404.9,519.7,200,109.1,176.2,184.5,201.3,,,
2026-09-11T17:59:38.794843Z,415.0,426.263,100,1,read,1662.8,2078.4,200,24.1,79.7,142.6,209.7,,,
2026-09-11T17:59:38.794843Z,415.0,426.263,100,1,update,422.0,519.4,200,100.7,209.7,234.9,453.0,,,
2026-09-11T17:59:38.794843Z,416.0,427.268,100,1,read,1321.3,2076.6,200,29.4,109.1,167.8,192.9,,,
2026-09-11T17:59:38.794843Z,416.0,427.268,100,1,update,353.8,519.0,200,121.6,226.5,251.7,285.2,,,
2026-09-11T17:59:38.794843Z,417.0,428.264,100,1,read,1652.5,2075.6,200,29.4,83.9,113.2,151.0,,,
2026-09-11T17:59:38.794843Z,417.0,428.264,100,1,update,390.1,518.7,200,104.9,167.8,192.9,201.3,,,
2026-09-11T17:59:38.794843Z,418.0,429.263,100,1,read,1620.6,2074.5,200,25.2,83.9,113.2,125.8,,,
2026-09-11T17:59:38.794843Z,418.0,429.263,100,1,update,423.2,518.5,200,100.7,167.8,184.5,209.7,,,
2026-09-11T17:59:38.794843Z,419.0,430.262,100,1,read,1498.8,2073.1,200,33.6,88.1,109.1,142.6,,,
2026-09-11T17:59:38.794843Z,419.0,430.262,100,1,update,367.9,518.1,200,121.6,192.9,218.1,234.9,,,
2026-09-11T17:59:38.794843Z,420.0,431.273,100,1,read,1601.2,2072.0,200,32.5,83.9,117.4,159.4,,,
2026-09-11T17:59:38.794843Z,420.0,431.273,100,1,update,357.8,517.8,200,109.1,167.8,184.5,192.9,,,
2026-09-11T17:59:38.794843Z,421.0,432.262,100,1,read,1680.6,2071.1,200,24.1,75.5,121.6,184.5,,,
2026-09-11T17:59:38.794843Z,421.0,432.262,100,1,update,442.4,517.6,200,96.5,167.8,184.5,352.3,,,
2026-09-11T17:59:38.794843Z,422.0,433.263,100,1,read,1525.8,2069.8,200,26.2,109.1,130.0,176.2,,,
2026-09-11T17:59:38.794843Z,422.0,433.263,100,1,update,382.9,517.3,200,117.4,192.9,201.3,209.7,,,
2026-09-11T17:59:38.794843Z,423.0,434.263,100,1,read,1714.9,2068.9,200,27.3,67.1,96.5,125.8,,,
2026-09-11T17:59:38.794843Z,423.0,434.263,100,1,update,465.0,517.1,200,100.7,130.0,142.6,176.2,,,
2026-09-11T17:59:38.794843Z,424.0,435.31,100,1,read,1516.9,2067.6,200,31.5,88.1,142.6,192.9,,,
2026-09-11T17:59:38.794843Z,424.0,435.31,100,1,update,383.0,516.8,200,113.2,176.2,209.7,234.9,,,
2026-09-11T17:59:38.794843Z,425.0,436.259,100,1,read,1534.3,2066.4,200,27.3,100.7,151.0,176.2,,,
2026-09-11T17:59:38.794843Z,425.0,436.259,100,1,update,410.1,516.6,200,104.9,192.9,218.1,226.5,,,
2026-09-11T17:59:38.794843Z,426.0,437.26,100,1,read,1677.9,2065.5,200,26.2,71.3,88.1,113.2,,,
2026-09-11T17:59:38.794843Z,426.0,437.26,100,1,update,459.0,516.4,200,100.7,151.0,176.2,226.5,,,
2026-09-11T17:59:38.794843Z,427.0,438.268,100,1,read,1440.1,2064.0,200,32.5,96.5,121.6,159.4,,,
2026-09-11T17:59:38.794843Z,427.0,438.268,100,1,update,344.0,516.0,200,117.4,184.5,201.3,226.5,,,
2026-09-11T17:59:38.794843Z,428.0,439.279,100,1,read,1522.0,2062.7,200,27.3,88.1,109.1,159.4,,,
2026-09-11T17:59:38.794843Z,428.0,439.279,100,1,update,394.7,515.7,200,117.4,209.7,226.5,234.9,,,
2026-09-11T17:59:38.794843Z,429.0,440.27,100,1,read,1397.9,2061.2,200,28.3,96.5,117.4,142.6,,,
2026-09-11T17:59:38.794843Z,429.0,440.27,100,1,update,364.0,515.4,200,134.2,209.7,234.9,243.3,,,
2026-09-11T17:59:38.794843Z,430.0,441.303,100,1,read,1622.7,2060.2,200,26.2,62.9,83.9,121.6,,,
2026-09-11T17:59:38.794843Z,430.0,441.303,100,1,update,336.2,515.0,200,125.8,192.9,218.1,226.5,,,
2026-09-11T17:59:38.794843Z,431.0,442.265,100,1,read,1819.6,2059.6,200,25.2,54.5,71.3,100.7,,,
2026-09-11T17:59:38.794843Z,431.0,442.265,100,1,update,465.9,514.9,200,117.4,218.1,260.0,285.2,,,
2026-09-11T17:59:38.794843Z,432.0,443.262,100,1,read,1858.0,2059.1,200,26.2,60.8,75.5,109.1,,,
2026-09-11T17:59:38.794843Z,432.0,443.262,100,1,update,463.2,514.7,200,100.7,121.6,130.0,142.6,,,
2026-09-11T17:59:38.794843Z,433.0,444.259,100,1,read,1894.7,2058.8,200,25.2,58.7,75.5,83.9,,,
2026-09-11T17:59:38.794843Z,433.0,444.259,100,1,update,472.9,514.6,200,100.7,142.6,159.4,176.2,,,
2026-09-11T17:59:38.794843Z,434.0,445.268,100,1,read,1834.7,2058.3,200,24.1,52.4,67.1,92.3,,,
2026-09-11T17:59:38.794843Z,434.0,445.268,100,1,update,487.9,514.6,200,100.7,151.0,167.8,184.5,,,
2026-09-11T17:59:38.794843Z,435.0,446.266,100,1,read,1890.4,2057.9,200,24.1,50.3,67.1,83.9,,,
2026-09-11T17:59:38.794843Z,435.0,446.266,100,1,update,470.9,514.5,200,100.7,142.6,159.4,184.5,,,
2026-09-11T17:59:38.794843Z,436.0,447.268,100,1,read,1871.6,2057.4,200,23.1,50.3,65.0,75.5,,,
2026-09-11T17:59:38.794843Z,436.0,447.268,100,1,update,452.1,514.3,200,109.1,201.3,209.7,226.5,,,
2026-09-11T17:59:38.794843Z,437.0,448.267,100,1,read,1756.6,2056.7,200,23.1,50.3,58.7,79.7,,,
2026-09-11T17:59:38.794843Z,437.0,448.267,100,1,update,448.9,514.2,200,121.6,192.9,209.7,243.3,,,
2026-09-11T17:59:38.794843Z,438.0,449.279,100,1,read,1866.8,2056.3,200,22.0,50.3,60.8,134.2,,,
2026-09-11T17:59:38.794843Z,438.0,449.279,100,1,update,472.9,514.1,200,100.7,159.4,201.3,436.2,,,
2026-09-11T17:59:38.794843Z,439.0,450.269,100,1,read,1775.7,2055.7,200,24.1,56.6,117.4,176.2,,,
2026-09-11T17:59:38.794843Z,439.0,450.269,100,1,update,487.9,514.0,200,104.9,142.6,201.3,268.4,,,
2026-09-11T17:59:38.794843Z,440.0,451.264,100,1,read,2026.0,2055.6,200,23.1,50.3,65.0,83.9,,,
2026-09-11T17:59:38.794843Z,440.0,451.264,100,1,update,472.2,513.9,200,100.7,142.6,151.0,176.2,,,
2026-09-11T17:59:38.794843Z,441.0,452.265,100,1,read,2034.4,2055.6,200,22.0,46.1,58.7,75.5,,,
2026-09-11T17:59:38.794843Z,441.0,452.265,100,1,update,516.8,513.9,200,100.7,125.8,142.6,192.9,,,
2026-09-11T17:59:38.794843Z,442.0,453.267,100,1,read,1913.6,2055.2,200,21.0,44.0,60.8,318.8,,,
2026-09-11T17:59:38.794843Z,442.0,453.267,100,1,update,495.1,513.9,200,104.9,167.8,201.3,352.3,,,
2026-09-11T17:59:38.794843Z,443.0,454.268,100,1,read,1916.9,2054.9,200,23.1,48.2,60.8,75.5,,,
2026-09-11T17:59:38.794843Z,443.0,454.268,100,1,update,458.0,513.8,200,117.4,159.4,167.8,176.2,,,
2026-09-11T17:59:38.794843Z,444.0,455.267,100,1,read,1964.7,2054.7,200,24.1,48.2,67.1,251.7,,,
2026-09-11T17:59:38.794843Z,444.0,455.267,100,1,update,429.9,513.6,200,104.9,159.4,176.2,201.3,,,
2026-09-11T17:59:38.794843Z,445.0,456.274,100,1,read,1835.4,2054.2,200,23.1,48.2,62.9,92.3,,,
2026-09-11T17:59:38.794843Z,445.0,456.274,100,1,update,502.1,513.6,200,104.9,151.0,192.9,436.2,,,
2026-09-11T17:59:38.794843Z,446.0,457.27,100,1,read,1913.1,2053.9,200,25.2,56.6,71.3,100.7,,,
2026-09-11T17:59:38.794843Z,446.0,457.27,100,1,update,459.0,513.4,200,100.7,142.6,167.8,192.9,,,
2026-09-11T17:59:38.794843Z,447.0,458.266,100,1,read,1863.4,2053.5,200,26.2,60.8,75.5,96.5,,,
2026-09-11T17:59:38.794843Z,447.0,458.266,100,1,update,466.1,513.3,200,96.5,121.6,125.8,151.0,,,
2026-09-11T17:59:38.794843Z,448.0,459.272,100,1,read,2012.9,2053.4,200,24.1,58.7,71.3,121.6,,,
2026-09-11T17:59:38.794843Z,448.0,459.272,100,1,update,455.0,513.2,200,96.5,117.4,125.8,201.3,,,
2026-09-11T17:59:38.794843Z,449.0,460.268,100,1,read,1933.3,2053.1,200,23.1,50.3,65.0,79.7,,,
2026-09-11T17:59:38.794843Z,449.0,460.268,100,1,update,476.8,513.1,200,100.7,159.4,184.5,469.8,,,
2026-09-11T17:59:38.794843Z,450.0,461.276,100,1,read,1970.6,2052.9,200,23.1,50.3,65.0,75.5,,,
2026-09-11T17:59:38.794843Z,450.0,461.276,100,1,update,476.2,513.0,200,96.5,151.0,184.5,209.7,,,
2026-09-11T17:59:38.794843Z,451.0,462.271,100,1,read,1885.1,2052.6,200,26.2,54.5,65.0,88.1,,,
2026-09-11T17:59:38.794843Z,451.0,462.271,100,1,update,463.0,512.9,200,100.7,130.0,142.6,151.0,,,
2026-09-11T17:59:38.794843Z,452.0,463.284,100,1,read,2014.1,2052.5,200,23.1,52.4,62.9,251.7,,,
2026-09-11T17:59:38.794843Z,452.0,463.284,100,1,update,499.0,512.9,200,96.5,113.2,125.8,302.0,,,
2026-09-11T17:59:38.794843Z,453.0,464.27,100,1,read,1914.0,2052.2,200,23.1,50.3,60.8,83.9,,,
2026-09-11T17:59:38.794843Z,453.0,464.27,100,1,update,472.0,512.8,200,104.9,159.4,201.3,209.7,,,
2026-09-11T17:59:38.794843Z,454.0,465.269,100,1,read,1804.9,2051.6,200,23.1,50.3,60.8,88.1,,,
2026-09-11T17:59:38.794843Z,454.0,465.269,100,1,update,484.0,512.7,200,109.1,167.8,192.9,201.3,,,
2026-09-11T17:59:38.794843Z,455.0,466.269,100,1,read,1923.4,2051.4,200,22.0,52.4,60.8,71.3,,,
2026-09-11T17:59:38.794843Z,455.0,466.269,100,1,update,509.9,512.7,200,100.7,130.0,151.0,159.4,,,
2026-09-11T17:59:38.794843Z,456.0,467.273,100,1,read,1915.3,2051.1,200,22.0,48.2,62.9,218.1,,,
2026-09-11T17:59:38.794843Z,456.0,467.273,100,1,update,489.1,512.7,200,100.7,151.0,176.2,302.0,,,
2026-09-11T17:59:38.794843Z,457.0,468.274,100,1,read,1725.7,2050.3,200,26.2,62.9,83.9,121.6,,,
2026-09-11T17:59:38.794843Z,457.0,468.274,100,1,update,455.7,512.6,200,113.2,159.4,184.5,520.1,,,
2026-09-11T17:59:38.794843Z,458.0,469.279,100,1,read,1881.8,2050.0,200,24.1,56.6,65.0,88.1,,,
2026-09-11T17:59:38.794843Z,458.0,469.279,100,1,update,481.5,512.5,200,96.5,125.8,142.6,176.2,,,
2026-09-11T17:59:38.794843Z,459.0,470.273,100,1,read,1920.6,2049.7,200,24.1,60.8,67.1,88.1,,,
2026-09-11T17:59:38.794843Z,459.0,470.273,100,1,update,484.9,512.4,200,96.5,117.4,121.6,130.0,,,
2026-09-11T17:59:38.794843Z,460.0,471.279,100,1,read,2032.2,2049.7,200,22.0,50.3,65.0,192.9,,,
2026-09-11T17:59:38.794843Z,460.0,471.279,100,1,update,517.1,512.4,200,96.5,113.2,201.3,486.5,,,
2026-09-11T17:59:38.794843Z,461.0,472.269,100,1,read,1895.4,2049.3,200,24.1,58.7,67.1,88.1,,,
2026-09-11T17:59:38.794843Z,461.0,472.269,100,1,update,484.9,512.4,200,96.5,121.6,134.2,151.0,,,
2026-09-11T17:59:38.794843Z,462.0,473.274,100,1,read,2021.7,2049.3,200,24.1,50.3,65.0,79.7,,,
2026-09-11T17:59:38.794843Z,462.0,473.274,100,1,update,495.2,512.3,200,96.5,113.2,125.8,134.2,,,
2026-09-11T17:59:38.794843Z,463.0,474.267,100,1,read,2047.7,2049.3,200,23.1,52.4,67.1,92.3,,,
2026-09-11T17:59:38.794843Z,463.0,474.267,100,1,update,497.9,512.3,200,96.5,113.2,125.8,285.2,,,
2026-09-11T17:59:38.794843Z,464.0,475.291,100,1,read,2018.7,2049.2,200,22.0,48.2,60.8,79.7,,,
2026-09-11T17:59:38.794843Z,464.0,475.291,100,1,update,524.9,512.3,200,96.5,113.2,121.6,302.0,,,
2026-09-11T17:59:38.794843Z,465.0,476.273,100,1,read,2080.6,2049.3,200,23.1,48.2,62.9,88.1,,,
2026-09-11T17:59:38.794843Z,465.0,476.273,100,1,update,488.9,512.3,200,96.5,113.2,121.6,125.8,,,
2026-09-11T17:59:38.794843Z,466.0,477.267,100,1,read,2019.9,2049.2,200,23.1,50.3,62.9,83.9,,,
2026-09-11T17:59:38.794843Z,466.0,477.267,100,1,update,509.2,512.3,200,96.5,117.4,125.8,130.0,,,
2026-09-11T17:59:38.794843Z,467.0,478.267,100,1,read,1990.7,2049.1,200,22.0,46.1,60.8,71.3,,,
2026-09-11T17:59:38.794843Z,467.0,478.267,100,1,update,555.9,512.4,200,96.5,109.1,121.6,121.6,,,
2026-09-11T17:59:38.794843Z,468.0,479.285,100,1,read,2020.1,2049.0,200,23.1,48.2,62.9,75.5,,,
2026-09-11T17:59:38.794843Z,468.0,479.285,100,1,update,507.0,512.4,200,96.5,121.6,142.6,159.4,,,
2026-09-11T17:59:38.794843Z,469.0,480.277,100,1,read,2032.2,2049.0,200,21.0,44.0,56.6,218.1,,,
2026-09-11T17:59:38.794843Z,469.0,480.277,100,1,update,548.0,512.4,200,96.5,142.6,260.0,486.5,,,
2026-09-11T17:59:38.794843Z,470.0,481.369,100,1,read,1889.6,2048.6,200,23.1,50.3,67.1,268.4,,,
2026-09-11T17:59:38.794843Z,470.0,481.369,100,1,update,510.6,512.4,200,100.7,134.2,167.8,176.2,,,
2026-09-11T17:59:38.794843Z,471.0,482.275,100,1,read,1904.4,2048.3,200,26.2,56.6,71.3,92.3,,,
2026-09-11T17:59:38.794843Z,471.0,482.275,100,1,update,448.3,512.3,200,100.7,125.8,142.6,159.4,,,
2026-09-11T17:59:38.794843Z,472.0,483.268,100,1,read,2066.8,2048.4,200,22.0,46.1,65.0,201.3,,,
2026-09-11T17:59:38.794843Z,472.0,483.268,100,1,update,469.7,512.2,200,100.7,142.6,167.8,419.4,,,
2026-09-11T17:59:38.794843Z,473.0,484.273,100,1,read,1857.6,2048.0,200,24.1,50.3,65.0,79.7,,,
2026-09-11T17:59:38.794843Z,473.0,484.273,100,1,update,492.2,512.2,200,100.7,142.6,159.4,184.5,,,
2026-09-11T17:59:38.794843Z,474.0,485.28,100,1,read,1802.5,2047.4,200,24.1,50.3,67.1,75.5,,,
2026-09-11T17:59:38.794843Z,474.0,485.28,100,1,update,457.9,512.1,200,109.1,184.5,192.9,218.1,,,
2026-09-11T17:59:38.794843Z,475.0,486.281,100,1,read,1722.6,2046.8,200,26.2,60.8,79.7,192.9,,,
2026-09-11T17:59:38.794843Z,475.0,486.281,100,1,update,426.1,511.9,200,104.9,151.0,192.9,260.0,,,
2026-09-11T17:59:38.794843Z,476.0,487.283,100,1,read,2014.1,2046.7,200,24.1,50.3,65.0,142.6,,,
2026-09-11T17:59:38.794843Z,476.0,487.283,100,1,update,485.0,511.8,200,96.5,125.8,142.6,402.7,,,
2026-09-11T17:59:38.794843Z,477.0,488.275,100,1,read,1914.3,2046.4,200,25.2,58.7,71.3,88.1,,,
2026-09-11T17:59:38.794843Z,477.0,488.275,100,1,update,475.1,511.7,200,96.5,117.4,125.8,130.0,,,
2026-09-11T17:59:38.794843Z,478.0,489.279,100,1,read,1902.2,2046.1,200,25.2,56.6,67.1,88.1,,,
2026-09-11T17:59:38.794843Z,478.0,489.279,100,1,update,467.1,511.7,200,96.5,125.8,159.4,192.9,,,
2026-09-11T17:59:38.794843Z,479.0,490.277,100,1,read,2026.9,2046.1,200,23.1,50.3,65.0,83.9,,,
2026-09-11T17:59:38.794843Z,479.0,490.277,100,1,update,499.7,511.6,200,96.5,117.4,130.0,151.0,,,
2026-09-11T17:59:38.794843Z,480.0,491.269,100,1,read,1937.7,2045.9,200,24.1,52.4,71.3,92.3,,,
2026-09-11T17:59:38.794843Z,480.0,491.269,100,1,update,484.9,511.6,200,96.5,117.4,125.8,134.2,,,
2026-09-11T17:59:38.794843Z,481.0,492.268,100,1,read,1922.8,2045.6,200,24.1,52.4,71.3,96.5,,,
2026-09-11T17:59:38.794843Z,481.0,492.268,100,1,update,495.2,511.5,200,96.5,117.4,125.8,134.2,,,
2026-09-11T17:59:38.794843Z,482.0,493.274,100,1,read,1992.5,2045.5,200,24.1,50.3,67.1,88.1,,,
2026-09-11T17:59:38.794843Z,482.0,493.274,100,1,update,483.1,511.5,200,96.5,117.4,121.6,130.0,,,
2026-09-11T17:59:38.794843Z,483.0,494.275,100,1,read,2012.9,2045.4,200,22.0,48.2,65.0,176.2,,,
2026-09-11T17:59:38.794843Z,483.0,494.275,100,1,update,527.0,511.5,200,96.5,117.4,125.8,453.0,,,
2026-09-11T17:59:38.794843Z,484.0,495.269,100,1,read,1829.1,2045.0,200,23.1,50.3,71.3,88.1,,,
2026-09-11T17:59:38.794843Z,484.0,495.269,100,1,update,429.0,511.3,200,117.4,226.5,251.7,335.5,,,
2026-09-11T17:59:38.794843Z,485.0,496.274,100,1,read,1912.5,2044.7,200,23.1,54.5,65.0,251.7,,,
2026-09-11T17:59:38.794843Z,485.0,496.274,100,1,update,493.9,511.3,200,100.7,134.2,151.0,151.0,,,
2026-09-11T17:59:38.794843Z,486.0,497.268,100,1,read,1946.5,2044.5,200,23.1,48.2,62.9,88.1,,,
2026-09-11T17:59:38.794843Z,486.0,497.268,100,1,update,504.1,511.3,200,96.5,121.6,130.0,151.0,,,
2026-09-11T17:59:38.794843Z,487.0,498.269,100,1,read,1954.5,2044.3,200,24.1,54.5,67.1,88.1,,,
2026-09-11T17:59:38.794843Z,487.0,498.269,100,1,update,467.9,511.2,200,96.5,121.6,142.6,151.0,,,
2026-09-11T17:59:38.794843Z,488.0,499.288,100,1,read,1995.9,2044.2,200,23.1,48.2,60.8,75.5,,,
2026-09-11T17:59:38.794843Z,488.0,499.288,100,1,update,491.0,511.2,200,100.7,134.2,151.0,176.2,,,
2026-09-11T17:59:38.794843Z,489.0,500.273,100,1,read,2052.6,2044.2,200,21.0,44.0,56.6,75.5,,,
2026-09-11T17:59:38.794843Z,489.0,500.273,100,1,update,492.1,511.1,200,104.9,151.0,176.2,176.2,,,
2026-09-11T17:59:38.794843Z,490.0,501.277,100,1,read,1890.3,2043.9,200,23.1,54.5,67.1,226.5,,,
2026-09-11T17:59:38.794843Z,490.0,501.277,100,1,update,455.8,511.0,200,104.9,176.2,192.9,218.1,,,
2026-09-11T17:59:38.794843Z,491.0,502.286,100,1,read,1880.3,2043.6,200,24.1,52.4,65.0,88.1,,,
2026-09-11T17:59:38.794843Z,491.0,502.286,100,1,update,456.1,510.9,200,100.7,142.6,159.4,243.3,,,
2026-09-11T17:59:38.794843Z,492.0,503.28,100,1,read,1831.0,2043.1,200,22.0,54.5,109.1,218.1,,,
2026-09-11T17:59:38.794843Z,492.0,503.28,100,1,update,483.0,510.8,200,109.1,159.4,176.2,369.1,,,
2026-09-11T17:59:38.794843Z,493.0,504.268,100,1,read,1284.3,2041.6,200,35.7,121.6,151.0,167.8,,,
2026-09-11T17:59:38.794843Z,493.0,504.268,100,1,update,342.1,510.5,200,113.2,218.1,285.2,637.5,,,
2026-09-11T17:59:38.794843Z,494.0,505.27,100,1,read,1263.4,2040.0,200,37.7,113.2,130.0,151.0,,,
2026-09-11T17:59:38.794843Z,494.0,505.27,100,1,update,299.9,510.1,200,142.6,209.7,234.9,243.3,,,
2026-09-11T17:59:38.794843Z,495.0,506.267,100,1,read,1334.3,2038.6,200,32.5,109.1,142.6,176.2,,,
2026-09-11T17:59:38.794843Z,495.0,506.267,100,1,update,348.1,509.7,200,134.2,201.3,218.1,243.3,,,
2026-09-11T17:59:38.794843Z,496.0,507.282,100,1,read,1393.2,2037.3,200,35.7,117.4,142.6,234.9,,,
2026-09-11T17:59:38.794843Z,496.0,507.282,100,1,update,326.1,509.4,200,113.2,184.5,268.4,486.5,,,
2026-09-11T17:59:38.794843Z,497.0,508.27,100,1,read,1465.6,2036.2,200,35.7,109.1,125.8,159.4,,,
2026-09-11T17:59:38.794843Z,497.0,508.27,100,1,update,364.9,509.1,200,113.2,176.2,184.5,318.8,,,
2026-09-11T17:59:38.794843Z,498.0,509.287,100,1,read,1417.4,2034.9,200,35.7,109.1,130.0,151.0,,,
2026-09-11T17:59:38.794843Z,498.0,509.287,100,1,update,361.1,508.8,200,113.2,176.2,192.9,218.1,,,
2026-09-11T17:59:38.794843Z,499.0,510.292,100,1,read,1568.2,2034.0,200,33.6,83.9,117.4,385.9,,,
2026-09-11T17:59:38.794843Z,499.0,510.292,100,1,update,361.0,508.5,200,113.2,167.8,201.3,671.1,,,
2026-09-11T17:59:38.794843Z,500.0,511.271,100,1,read,1471.7,2032.9,200,33.6,104.9,121.6,142.6,,,
2026-09-11T17:59:38.794843Z,500.0,511.271,100,1,update,348.7,508.2,200,113.2,176.2,192.9,192.9,,,
2026-09-11T17:59:38.794843Z,501.0,512.269,100,1,read,1364.9,2031.5,200,39.8,100.7,125.8,151.0,,,
2026-09-11T17:59:38.794843Z,501.0,512.269,100,1,update,353.0,507.9,200,113.2,184.5,209.7,226.5,,,
2026-09-11T17:59:38.794843Z,502.0,513.271,100,1,read,1348.0,2030.2,200,41.9,88.1,113.2,134.2,,,
2026-09-11T17:59:38.794843Z,502.0,513.271,100,1,update,344.3,507.5,200,121.6,184.5,201.3,209.7,,,
2026-09-11T17:59:38.794843Z,503.0,514.278,100,1,read,1405.9,2028.9,200,29.4,100.7,121.6,142.6,,,
2026-09-11T17:59:38.794843Z,503.0,514.278,100,1,update,335.0,507.2,200,167.8,226.5,251.7,268.4,,,
2026-09-11T17:59:38.794843Z,504.0,515.325,100,1,read,1281.2,2027.4,200,31.5,100.7,121.6,142.6,,,
2026-09-11T17:59:38.794843Z,504.0,515.325,100,1,update,320.0,506.8,200,151.0,335.5,352.3,369.1,,,
2026-09-11T17:59:38.794843Z,505.0,516.272,100,1,read,1521.0,2026.4,200,32.5,75.5,92.3,121.6,,,
2026-09-11T17:59:38.794843Z,505.0,516.272,100,1,update,411.0,506.6,200,117.4,192.9,201.3,243.3,,,
2026-09-11T17:59:38.794843Z,506.0,517.279,100,1,read,1330.1,2025.1,200,32.5,92.3,142.6,184.5,,,
2026-09-11T17:59:38.794843Z,506.0,517.279,100,1,update,380.0,506.4,200,117.4,218.1,234.9,251.7,,,
2026-09-11T17:59:38.794843Z,507.0,518.274,100,1,read,1692.3,2024.4,200,25.2,75.5,92.3,109.1,,,
2026-09-11T17:59:38.794843Z,507.0,518.274,100,1,update,436.8,506.2,200,109.1,176.2,184.5,201.3,,,
2026-09-11T17:59:38.794843Z,508.0,519.305,100,1,read,1760.7,2023.9,200,23.1,60.8,96.5,302.0,,,
2026-09-11T17:59:38.794843Z,508.0,519.305,100,1,update,475.2,506.2,200,109.1,142.6,176.2,453.0,,,
2026-09-11T17:59:38.794843Z,509.0,520.268,100,1,read,1710.8,2023.3,200,27.3,75.5,96.5,134.2,,,
2026-09-11T17:59:38.794843Z,509.0,520.268,100,1,update,442.9,506.1,200,100.7,142.6,159.4,167.8,,,
2026-09-11T17:59:38.794843Z,510.0,521.269,100,1,read,1545.8,2022.3,200,30.4,100.7,125.8,151.0,,,
2026-09-11T17:59:38.794843Z,510.0,521.269,100,1,update,375.7,505.8,200,113.2,184.5,243.3,260.0,,,
2026-09-11T17:59:38.794843Z,511.0,522.274,100,1,read,1583.6,2021.5,200,31.5,96.5,113.2,142.6,,,
2026-09-11T17:59:38.794843Z,511.0,522.274,100,1,update,365.1,505.5,200,104.9,184.5,226.5,302.0,,,
2026-09-11T17:59:38.794843Z,512.0,523.268,100,1,read,1446.4,2020.3,200,35.7,100.7,142.6,176.2,,,
2026-09-11T17:59:38.794843Z,512.0,523.268,100,1,update,312.1,505.1,200,125.8,201.3,234.9,243.3,,,
2026-09-11T17:59:38.794843Z,513.0,524.266,100,1,read,1749.4,2019.8,200,26.2,71.3,96.5,130.0,,,
2026-09-11T17:59:38.794843Z,513.0,524.266,100,1,update,456.1,505.1,200,104.9,159.4,184.5,201.3,,,
2026-09-11T17:59:38.794843Z,514.0,525.267,100,1,read,1549.1,2018.9,200,32.5,92.3,121.6,151.0,,,
2026-09-11T17:59:38.794843Z,514.0,525.267,100,1,update,392.8,504.8,200,109.1,176.2,209.7,226.5,,,
2026-09-11T17:59:38.794843Z,515.0,526.269,100,1,read,1618.5,2018.1,200,29.4,79.7,96.5,125.8,,,
2026-09-11T17:59:38.794843Z,515.0,526.269,100,1,update,458.1,504.7,200,100.7,151.0,159.4,176.2,,,
2026-09-11T17:59:38.794843Z,516.0,527.279,100,1,read,1592.0,2017.3,200,28.3,96.5,125.8,159.4,,,
2026-09-11T17:59:38.794843Z,516.0,527.279,100,1,update,418.7,504.6,200,100.7,184.5,192.9,209.7,,,
2026-09-11T17:59:38.794843Z,517.0,528.269,100,1,read,1629.2,2016.6,200,29.4,79.7,100.7,130.0,,,
2026-09-11T17:59:38.794843Z,517.0,528.269,100,1,update,429.3,504.4,200,100.7,167.8,192.9,209.7,,,
2026-09-11T17:59:38.794843Z,518.0,529.294,100,1,read,1793.1,2016.1,200,26.2,75.5,104.9,130.0,,,
2026-09-11T17:59:38.794843Z,518.0,529.294,100,1,update,391.8,504.2,200,104.9,151.0,167.8,192.9,,,
2026-09-11T17:59:38.794843Z,519.0,530.274,100,1,read,1531.1,2015.2,200,31.5,88.1,109.1,125.8,,,
2026-09-11T17:59:38.794843Z,519.0,530.274,100,1,update,421.3,504.1,200,104.9,159.4,184.5,192.9,,,
2026-09-11T17:59:38.794843Z,520.0,531.271,100,1,read,1722.3,2014.6,200,26.2,79.7,104.9,251.7,,,
2026-09-11T17:59:38.794843Z,520.0,531.271,100,1,update,440.8,503.9,200,100.7,151.0,167.8,436.2,,,
2026-09-11T17:59:38.794843Z,521.0,532.276,100,1,read,1398.0,2013.4,200,32.5,104.9,130.0,176.2,,,
2026-09-11T17:59:38.794843Z,521.0,532.276,100,1,update,396.0,503.7,200,113.2,176.2,184.5,218.1,,,
2026-09-11T17:59:38.794843Z,522.0,533.269,100,1,read,1821.7,2013.1,200,26.2,71.3,104.9,125.8,,,
2026-09-11T17:59:38.794843Z,522.0,533.269,100,1,update,440.2,503.6,200,100.7,159.4,176.2,209.7,,,
2026-09-11T17:59:38.794843Z,523.0,534.269,100,1,read,1775.8,2012.6,200,25.2,62.9,83.9,109.1,,,
2026-09-11T17:59:38.794843Z,523.0,534.269,100,1,update,446.0,503.5,200,100.7,142.6,151.0,167.8,,,
2026-09-11T17:59:38.794843Z,524.0,535.269,100,1,read,1816.3,2012.2,200,26.2,71.3,92.3,134.2,,,
2026-09-11T17:59:38.794843Z,524.0,535.269,100,1,update,441.1,503.4,200,100.7,142.6,159.4,167.8,,,
2026-09-11T17:59:38.794843Z,525.0,536.275,100,1,read,1693.2,2011.6,200,29.4,92.3,109.1,192.9,,,
2026-09-11T17:59:38.794843Z,525.0,536.275,100,1,update,400.8,503.2,200,104.9,159.4,184.5,218.1,,,
2026-09-11T17:59:38.794843Z,526.0,537.271,100,1,read,1738.1,2011.1,200,27.3,75.5,92.3,109.1,,,
2026-09-11T17:59:38.794843Z,526.0,537.271,100,1,update,408.0,503.0,200,100.7,142.6,159.4,167.8,,,
2026-09-11T17:59:38.794843Z,527.0,538.268,100,1,read,1581.3,2010.3,200,33.6,92.3,113.2,151.0,,,
2026-09-11T17:59:38.794843Z,527.0,538.268,100,1,update,360.1,502.7,200,117.4,167.8,176.2,192.9,,,
2026-09-11T17:59:38.794843Z,528.0,539.268,100,1,read,1725.6,2009.8,200,24.1,71.3,117.4,142.6,,,
2026-09-11T17:59:38.794843Z,528.0,539.268,100,1,update,466.9,502.7,200,96.5,167.8,184.5,201.3,,,
2026-09-11T17:59:38.794843Z,529.0,540.264,100,1,read,1540.6,2008.9,200,31.5,79.7,109.1,142.6,,,
2026-09-11T17:59:38.794843Z,529.0,540.264,100,1,update,409.2,502.5,200,104.9,159.4,176.2,176.2,,,
2026-09-11T17:59:38.794843Z,530.0,541.263,100,1,read,1676.1,2008.2,200,26.2,96.5,121.6,159.4,,,
2026-09-11T17:59:38.794843Z,530.0,541.263,100,1,update,396.8,502.3,200,100.7,176.2,192.9,209.7,,,
2026-09-11T17:59:38.794843Z,531.0,542.263,100,1,read,1752.7,2007.8,200,26.2,88.1,109.1,130.0,,,
2026-09-11T17:59:38.794843Z,531.0,542.263,100,1,update,397.2,502.1,200,100.7,159.4,176.2,176.2,,,
2026-09-11T17:59:38.794843Z,532.0,543.264,100,1,read,1620.3,2007.0,200,27.3,92.3,117.4,151.0,,,
2026-09-11T17:59:38.794843Z,532.0,543.264,100,1,update,402.8,501.9,200,104.9,176.2,201.3,218.1,,,
2026-09-11T17:59:38.794843Z,533.0,544.269,100,1,read,1699.1,2006.5,200,26.2,71.3,104.9,130.0,,,
2026-09-11T17:59:38.794843Z,533.0,544.269,100,1,update,431.3,501.8,200,100.7,159.4,184.5,209.7,,,
2026-09-11T17:59:38.794843Z,534.0,545.264,100,1,read,1590.3,2005.7,200,26.2,83.9,104.9,142.6,,,
2026-09-11T17:59:38.794843Z,534.0,545.264,100,1,update,437.8,501.6,200,104.9,159.4,167.8,176.2,,,
2026-09-11T17:59:38.794843Z,535.0,546.266,100,1,read,1672.3,2005.1,200,27.3,79.7,109.1,142.6,,,
2026-09-11T17:59:38.794843Z,535.0,546.266,100,1,update,397.1,501.4,200,109.1,176.2,184.5,192.9,,,
2026-09-11T17:59:38.794843Z,536.0,547.269,100,1,read,1536.4,2004.2,200,23.1,65.0,92.3,436.2,,,
2026-09-11T17:59:38.794843Z,536.0,547.269,100,1,update,409.1,501.3,200,142.6,192.9,209.7,335.5,,,
2026-09-11T17:59:38.794843Z,537.0,548.286,100,1,read,1782.3,2003.8,200,27.3,71.3,88.1,218.1,,,
2026-09-11T17:59:38.794843Z,537.0,548.286,100,1,update,419.8,501.1,200,100.7,159.4,192.9,738.2,,,
2026-09-11T17:59:38.794843Z,538.0,549.268,100,1,read,1804.9,2003.4,200,24.1,60.8,88.1,134.2,,,
2026-09-11T17:59:38.794843Z,538.0,549.268,100,1,update,455.2,501.0,200,100.7,142.6,151.0,184.5,,,
2026-09-11T17:59:38.794843Z,539.0,550.269,100,1,read,1747.6,2002.9,200,25.2,65.0,100.7,243.3,,,
2026-09-11T17:59:38.794843Z,539.0,550.269,100,1,update,440.9,500.9,200,100.7,151.0,184.5,570.4,,,
2026-09-11T17:59:38.794843Z,540.0,551.276,100,1,read,1510.9,2002.0,200,33.6,83.9,100.7,125.8,,,
2026-09-11T17:59:38.794843Z,540.0,551.276,100,1,update,363.7,500.7,200,121.6,176.2,201.3,226.5,,,
2026-09-11T17:59:38.794843Z,541.0,552.277,100,1,read,1743.2,2001.5,200,26.2,65.0,117.4,142.6,,,
2026-09-11T17:59:38.794843Z,541.0,552.277,100,1,update,438.1,500.6,200,104.9,184.5,201.3,218.1,,,
2026-09-11T17:59:38.794843Z,542.0,553.273,100,1,read,1453.6,2000.5,200,30.4,83.9,104.9,201.3,,,
2026-09-11T17:59:38.794843Z,542.0,553.273,100,1,update,363.2,500.3,200,130.0,192.9,226.5,604.0,,,
2026-09-11T17:59:38.794843Z,543.0,554.27,100,1,read,1482.0,1999.6,200,27.3,83.9,109.1,151.0,,,
2026-09-11T17:59:38.794843Z,543.0,554.27,100,1,update,357.0,500.0,200,142.6,184.5,201.3,226.5,,,
2026-09-11T17:59:38.794843Z,544.0,555.27,100,1,read,1424.0,1998.5,200,31.5,88.1,104.9,134.2,,,
2026-09-11T17:59:38.794843Z,544.0,555.27,100,1,update,394.0,499.8,200,130.0,226.5,243.3,251.7,,,
2026-09-11T17:59:38.794843Z,545.0,556.269,100,1,read,1741.0,1998.0,200,26.2,75.5,109.1,142.6,,,
2026-09-11T17:59:38.794843Z,545.0,556.269,100,1,update,432.0,499.7,200,100.7,159.4,176.2,201.3,,,
2026-09-11T17:59:38.794843Z,546.0,557.271,100,1,read,1466.4,1997.1,200,35.7,100.7,125.8,142.6,,,
2026-09-11T17:59:38.794843Z,546.0,557.271,100,1,update,367.1,499.5,200,113.2,176.2,192.9,201.3,,,
2026-09-11T17:59:38.794843Z,547.0,558.268,100,1,read,1812.7,1996.7,200,27.3,62.9,75.5,96.5,,,
2026-09-11T17:59:38.794843Z,547.0,558.268,100,1,update,436.9,499.4,200,100.7,159.4,209.7,218.1,,,
2026-09-11T17:59:38.794843Z,548.0,559.27,100,1,read,1842.2,1996.4,200,26.2,62.9,75.5,83.9,,,
2026-09-11T17:59:38.794843Z,548.0,559.27,100,1,update,439.8,499.3,200,100.7,125.8,142.6,159.4,,,
2026-09-11T17:59:38.794843Z,549.0,560.305,100,1,read,1828.9,1996.1,200,24.1,54.5,71.3,88.1,,,
2026-09-11T17:59:38.794843Z,549.0,560.305,100,1,update,495.3,499.2,200,100.7,134.2,151.0,176.2,,,
2026-09-11T17:59:38.794843Z,550.0,561.287,100,1,read,1825.7,1995.8,200,24.1,56.6,71.3,88.1,,,
2026-09-11T17:59:38.794843Z,550.0,561.287,100,1,update,437.9,499.1,200,104.9,176.2,192.9,226.5,,,
2026-09-11T17:59:38.794843Z,551.0,562.291,100,1,read,1957.2,1995.8,200,23.1,48.2,62.9,71.3,,,
2026-09-11T17:59:38.794843Z,551.0,562.291,100,1,update,504.1,499.1,200,100.7,134.2,159.4,218.1,,,
2026-09-11T17:59:38.794843Z,552.0,563.269,100,1,read,1831.7,1995.5,200,25.2,52.4,67.1,142.6,,,
2026-09-11T17:59:38.794843Z,552.0,563.269,100,1,update,477.9,499.1,200,100.7,151.0,159.4,402.7,,,
2026-09-11T17:59:38.794843Z,553.0,564.311,100,1,read,1803.4,1995.1,200,26.2,60.8,71.3,88.1,,,
2026-09-11T17:59:38.794843Z,553.0,564.311,100,1,update,448.9,499.0,200,100.7,134.2,159.4,176.2,,,
2026-09-11T17:59:38.794843Z,554.0,565.279,100,1,read,1738.9,1994.7,200,22.0,52.4,67.1,92.3,,,
2026-09-11T17:59:38.794843Z,554.0,565.279,100,1,update,396.2,498.8,200,121.6,251.7,285.2,302.0,,,
2026-09-11T17:59:38.794843Z,555.0,566.273,100,1,read,1833.6,1994.4,200,24.1,54.5,65.0,100.7,,,
2026-09-11T17:59:38.794843Z,555.0,566.273,100,1,update,490.6,498.8,200,104.9,159.4,201.3,251.7,,,
2026-09-11T17:59:38.794843Z,556.0,567.268,100,1,read,1858.4,1994.1,200,27.3,60.8,75.5,100.7,,,
2026-09-11T17:59:38.794843Z,556.0,567.268,100,1,update,404.3,498.6,200,104.9,176.2,201.3,226.5,,,
2026-09-11T17:59:38.794843Z,557.0,568.27,100,1,read,1764.6,1993.7,200,27.3,62.9,88.1,167.8,,,
2026-09-11T17:59:38.794843Z,557.0,568.27,100,1,update,405.7,498.5,200,109.1,167.8,192.9,318.8,,,
2026-09-11T17:59:38.794843Z,558.0,569.275,100,1,read,1863.1,1993.5,200,25.2,60.8,71.3,92.3,,,
2026-09-11T17:59:38.794843Z,558.0,569.275,100,1,update,482.3,498.4,200,96.5,117.4,125.8,134.2,,,
2026-09-11T17:59:38.794843Z,559.0,570.287,100,1,read,1974.6,1993.4,200,24.1,56.6,71.3,96.5,,,
2026-09-11T17:59:38.794843Z,559.0,570.287,100,1,update,477.1,498.4,200,96.5,117.4,121.6,142.6,,,
2026-09-11T17:59:38.794843Z,560.0,571.269,100,1,read,2003.8,1993.5,200,24.1,52.4,67.1,88.1,,,
2026-09-11T17:59:38.794843Z,560.0,571.269,100,1,update,482.0,498.4,200,96.5,117.4,125.8,130.0,,,
2026-09-11T17:59:38.794843Z,561.0,572.285,100,1,read,2000.2,1993.5,200,24.1,54.5,65.0,83.9,,,
2026-09-11T17:59:38.794843Z,561.0,572.285,100,1,update,493.8,498.4,200,96.5,117.4,130.0,134.2,,,
2026-09-11T17:59:38.794843Z,562.0,573.269,100,1,read,1993.6,1993.5,200,22.0,52.4,60.8,79.7,,,
2026-09-11T17:59:38.794843Z,562.0,573.269,100,1,update,527.1,498.4,200,96.5,113.2,117.4,130.0,,,
2026-09-11T17:59:38.794843Z,563.0,574.281,100,1,read,1958.0,1993.4,200,24.1,54.5,65.0,96.5,,,
2026-09-11T17:59:38.794843Z,563.0,574.281,100,1,update,509.0,498.4,200,96.5,113.2,125.8,151.0,,,
2026-09-11T17:59:38.794843Z,564.0,575.268,100,1,read,2048.5,1993.5,200,23.1,50.3,65.0,142.6,,,
2026-09-11T17:59:38.794843Z,564.0,575.268,100,1,update,514.1,498.5,200,96.5,113.2,121.6,369.1,,,
2026-09-11T17:59:38.794843Z,565.0,576.343,100,1,read,2033.3,1993.6,200,23.1,54.5,62.9,167.8,,,
2026-09-11T17:59:38.794843Z,565.0,576.343,100,1,update,495.8,498.5,200,96.5,113.2,121.6,486.5,,,
2026-09-11T17:59:38.794843Z,566.0,577.269,100,1,read,2056.2,1993.7,200,21.0,46.1,58.7,113.2,,,
2026-09-11T17:59:38.794843Z,566.0,577.269,100,1,update,555.8,498.6,200,96.5,113.2,121.6,453.0,,,
2026-09-11T17:59:38.794843Z,567.0,578.276,100,1,read,1923.6,1993.6,200,24.1,56.6,71.3,100.7,,,
2026-09-11T17:59:38.794843Z,567.0,578.276,100,1,update,502.9,498.6,200,96.5,117.4,130.0,369.1,,,
2026-09-11T17:59:38.794843Z,568.0,579.273,100,1,read,2001.3,1993.6,200,24.1,50.3,65.0,83.9,,,
2026-09-11T17:59:38.794843Z,568.0,579.273,100,1,update,492.3,498.6,200,96.5,117.4,121.6,130.0,,,
2026-09-11T17:59:38.794843Z,569.0,580.282,100,1,read,2011.2,1993.6,200,23.1,50.3,67.1,83.9,,,
2026-09-11T17:59:38.794843Z,569.0,580.282,100,1,update,513.0,498.6,200,96.5,113.2,121.6,125.8,,,
2026-09-11T17:59:38.794843Z,570.0,581.276,100,1,read,1933.1,1993.5,200,24.1,50.3,67.1,83.9,,,
2026-09-11T17:59:38.794843Z,570.0,581.276,100,1,update,503.8,498.6,200,96.5,117.4,121.6,130.0,,,
2026-09-11T17:59:38.794843Z,571.0,582.273,100,1,read,1938.6,1993.4,200,25.2,54.5,71.3,92.3,,,
2026-09-11T17:59:38.794843Z,571.0,582.273,100,1,update,461.2,498.5,200,100.7,121.6,134.2,142.6,,,
2026-09-11T17:59:38.794843Z,572.0,583.274,100,1,read,2034.1,1993.5,200,24.1,50.3,65.0,92.3,,,
2026-09-11T17:59:38.794843Z,572.0,583.274,100,1,update,495.0,498.5,200,96.5,117.4,125.8,335.5,,,
2026-09-11T17:59:38.794843Z,573.0,584.273,100,1,read,2040.1,1993.6,200,23.1,48.2,62.9,71.3,,,
2026-09-11T17:59:38.794843Z,573.0,584.273,100,1,update,510.0,498.5,200,100.7,121.6,134.2,151.0,,,
2026-09-11T17:59:38.794843Z,574.0,585.279,100,1,read,1975.4,1993.5,200,23.1,48.2,60.8,88.1,,,
2026-09-11T17:59:38.794843Z,574.0,585.279,100,1,update,454.9,498.5,200,109.1,167.8,184.5,201.3,,,
2026-09-11T17:59:38.794843Z,575.0,586.274,100,1,read,1866.5,1993.3,200,24.1,56.6,71.3,104.9,,,
2026-09-11T17:59:38.794843Z,575.0,586.274,100,1,update,447.9,498.4,200,100.7,159.4,176.2,184.5,,,
2026-09-11T17:59:38.794843Z,576.0,587.275,100,1,read,1995.3,1993.3,200,22.0,46.1,58.7,167.8,,,
2026-09-11T17:59:38.794843Z,576.0,587.275,100,1,update,512.3,498.4,200,100.7,142.6,167.8,436.2,,,
2026-09-11T17:59:38.794843Z,577.0,588.27,100,1,read,2003.3,1993.3,200,23.1,50.3,71.3,201.3,,,
2026-09-11T17:59:38.794843Z,577.0,588.27,100,1,update,507.8,498.4,200,96.5,121.6,142.6,419.4,,,
2026-09-11T17:59:38.794843Z,578.0,589.27,100,1,read,2069.9,1993.5,200,23.1,50.3,62.9,83.9,,,
2026-09-11T17:59:38.794843Z,578.0,589.27,100,1,update,512.0,498.4,200,96.5,113.2,125.8,142.6,,,
2026-09-11T17:59:38.794843Z,579.0,590.276,100,1,read,2072.7,1993.6,200,23.1,52.4,65.0,83.9,,,
2026-09-11T17:59:38.794843Z,579.0,590.276,100,1,update,492.7,498.4,200,96.5,113.2,117.4,125.8,,,
2026-09-11T17:59:38.794843Z,580.0,591.27,100,1,read,2085.5,1993.8,200,22.0,46.1,62.9,201.3,,,
2026-09-11T17:59:38.794843Z,580.0,591.27,100,1,update,509.6,498.5,200,96.5,117.4,142.6,486.5,,,
2026-09-11T17:59:38.794843Z,581.0,592.281,100,1,read,1866.4,1993.5,200,26.2,54.5,71.3,96.5,,,
2026-09-11T17:59:38.794843Z,581.0,592.281,100,1,update,470.8,498.4,200,100.7,121.6,130.0,134.2,,,
2026-09-11T17:59:38.794843Z,582.0,593.27,100,1,read,1948.6,1993.5,200,24.1,54.5,67.1,96.5,,,
2026-09-11T17:59:38.794843Z,582.0,593.27,100,1,update,492.9,498.4,200,96.5,117.4,125.8,142.6,,,
2026-09-11T17:59:38.794843Z,583.0,594.271,100,1,read,1969.4,1993.4,200,25.2,56.6,71.3,88.1,,,
2026-09-11T17:59:38.794843Z,583.0,594.271,100,1,update,467.9,498.3,200,96.5,117.4,125.8,130.0,,,
2026-09-11T17:59:38.794843Z,584.0,595.27,100,1,read,2000.8,1993.4,200,24.1,50.3,62.9,96.5,,,
2026-09-11T17:59:38.794843Z,584.0,595.27,100,1,update,484.0,498.3,200,96.5,117.4,121.6,121.6,,,
2026-09-11T17:59:38.794843Z,585.0,596.264,100,1,read,1880.0,1993.2,200,23.1,52.4,65.0,83.9,,,
2026-09-11T17:59:38.794843Z,585.0,596.264,100,1,update,559.3,498.4,200,96.5,113.2,121.6,302.0,,,
2026-09-11T17:59:38.794843Z,586.0,597.27,100,1,read,1955.3,1993.2,200,25.2,56.6,71.3,79.7,,,
2026-09-11T17:59:38.794843Z,586.0,597.27,100,1,update,467.8,498.4,200,96.5,121.6,130.0,142.6,,,
2026-09-11T17:59:38.794843Z,587.0,598.265,100,1,read,2031.9,1993.2,200,24.1,50.3,71.3,92.3,,,
2026-09-11T17:59:38.794843Z,587.0,598.265,100,1,update,484.2,498.4,200,96.5,117.4,121.6,130.0,,,
2026-09-11T17:59:38.794843Z,588.0,599.264,100,1,read,2065.7,1993.4,200,23.1,46.1,65.0,130.0,,,
2026-09-11T17:59:38.794843Z,588.0,599.264,100,1,update,516.9,498.4,200,96.5,113.2,125.8,302.0,,,
2026-09-11T17:59:38.794843Z,589.0,600.318,100,1,read,2041.0,1993.4,200,22.0,46.1,60.8,79.7,,,
2026-09-11T17:59:38.794843Z,589.0,600.318,100,1,update,525.0,498.4,200,96.5,113.2,117.4,201.3,,,
2026-09-11T17:59:38.794843Z,590.0,601.271,100,1,read,2006.7,1993.5,200,23.1,48.2,62.9,79.7,,,
2026-09-11T17:59:38.794843Z,590.0,601.271,100,1,update,521.2,498.5,200,96.5,113.2,121.6,125.8,,,
2026-09-11T17:59:38.794843Z,591.0,602.269,100,1,read,1972.8,1993.4,200,23.1,48.2,62.9,117.4,,,
2026-09-11T17:59:38.794843Z,591.0,602.269,100,1,update,503.9,498.5,200,100.7,125.8,142.6,285.2,,,
2026-09-11T17:59:38.794843Z,592.0,603.265,100,1,read,2084.4,1993.6,200,23.1,48.2,60.8,79.7,,,
2026-09-11T17:59:38.794843Z,592.0,603.265,100,1,update,507.8,498.5,200,96.5,117.4,121.6,130.0,,,
2026-09-11T17:59:38.794843Z,593.0,604.265,100,1,read,1801.0,1993.3,200,25.2,60.8,79.7,104.9,,,
2026-09-11T17:59:38.794843Z,593.0,604.265,100,1,update,451.2,498.4,200,100.7,159.4,176.2,218.1,,,
2026-09-11T17:59:38.794843Z,594.0,605.283,100,1,read,1935.1,1993.2,200,24.1,54.5,67.1,83.9,,,
2026-09-11T17:59:38.794843Z,594.0,605.283,100,1,update,502.5,498.4,200,96.5,117.4,134.2,302.0,,,
2026-09-11T17:59:38.794843Z,595.0,606.267,100,1,read,1967.1,1993.1,200,23.1,52.4,67.1,83.9,,,
2026-09-11T17:59:38.794843Z,595.0,606.267,100,1,update,508.3,498.4,200,96.5,130.0,167.8,184.5,,,
2026-09-11T17:59:38.794843Z,596.0,607.266,100,1,read,1958.4,1993.1,200,25.2,52.4,67.1,83.9,,,
2026-09-11T17:59:38.794843Z,596.0,607.266,100,1,update,480.8,498.4,200,96.5,121.6,134.2,151.0,,,
2026-09-11T17:59:38.794843Z,597.0,608.273,100,1,read,1965.1,1993.0,200,24.1,54.5,67.1,88.1,,,
2026-09-11T17:59:38.794843Z,597.0,608.273,100,1,update,502.3,498.4,200,96.5,117.4,121.6,130.0,,,
2026-09-11T17:59:38.794843Z,598.0,609.27,100,1,read,2094.9,1993.2,200,22.0,46.1,62.9,75.5,,,
2026-09-11T17:59:38.794843Z,598.0,609.27,100,1,update,519.0,498.4,200,96.5,113.2,117.4,125.8,,,
2026-09-11T17:59:38.794843Z,599.0,610.264,100,1,read,2051.6,1993.3,200,23.1,50.3,65.0,184.5,,,
2026-09-11T17:59:38.794843Z,599.0,610.264,100,1,update,505.9,498.5,200,96.5,142.6,176.2,201.3,,,
2026-09-11T17:59:38.794843Z,600.0,611.264,100,1,read,2133.5,1993.5,200,22.0,48.2,60.8,92.3,,,
2026-09-11T17:59:38.794843Z,600.0,611.264,100,1,update,516.1,498.5,200,96.5,113.2,125.8,402.7,,,
2026-09-11T17:59:38.794843Z,601.0,612.358,100,1,read,2120.7,1993.7,200,23.1,48.2,62.9,88.1,,,
2026-09-11T17:59:38.794843Z,601.0,612.358,100,1,update,502.7,498.5,200,96.5,117.4,125.8,142.6,,,
2026-09-11T17:59:38.794843Z,602.0,613.269,100,1,read,2036.4,1993.8,200,23.1,52.4,65.0,88.1,,,
2026-09-11T17:59:38.794843Z,602.0,613.269,100,1,update,516.1,498.5,200,96.5,113.2,121.6,130.0,,,
2026-09-11T17:59:38.794843Z,603.0,614.273,100,1,read,2144.2,1994.0,200,22.0,46.1,60.8,142.6,,,
2026-09-11T17:59:38.794843Z,603.0,614.273,100,1,update,530.1,498.6,200,96.5,109.1,117.4,134.2,,,
2026-09-11T17:59:38.794843Z,604.0,615.264,100,1,read,1921.6,1993.9,200,21.0,44.0,56.6,209.7,,,
2026-09-11T17:59:38.794843Z,604.0,615.264,100,1,update,479.9,498.5,200,109.1,159.4,176.2,251.7,,,
2026-09-11T17:59:38.794843Z,605.0,616.301,100,1,read,1999.0,1993.9,200,22.0,48.2,60.8,226.5,,,
2026-09-11T17:59:38.794843Z,605.0,616.301,100,1,update,529.3,498.6,200,96.5,134.2,176.2,385.9,,,
2026-09-11T17:59:38.794843Z,606.0,617.284,100,1,read,1886.9,1993.8,200,26.2,52.4,67.1,79.7,,,
2026-09-11T17:59:38.794843Z,606.0,617.284,100,1,update,461.7,498.5,200,104.9,134.2,151.0,318.8,,,
2026-09-11T17:59:38.794843Z,607.0,618.297,100,1,read,2044.9,1993.8,200,23.1,52.4,62.9,88.1,,,
2026-09-11T17:59:38.794843Z,607.0,618.297,100,1,update,468.0,498.5,200,100.7,142.6,151.0,176.2,,,
2026-09-11T17:59:38.794843Z,608.0,619.27,100,1,read,2004.6,1993.9,200,24.1,52.4,65.0,96.5,,,
2026-09-11T17:59:38.794843Z,608.0,619.27,100,1,update,495.9,498.5,200,96.5,117.4,121.6,151.0,,,
2026-09-11T17:59:38.794843Z,609.0,620.275,100,1,read,1993.0,1993.9,200,24.1,50.3,71.3,79.7,,,
2026-09-11T17:59:38.794843Z,609.0,620.275,100,1,update,471.0,498.4,200,96.5,121.6,130.0,142.6,,,
2026-09-11T17:59:38.794843Z,610.0,621.275,100,1,read,2011.2,1993.9,200,23.1,50.3,65.0,100.7,,,
2026-09-11T17:59:38.794843Z,610.0,621.275,100,1,update,492.3,498.4,200,96.5,117.4,125.8,130.0,,,
2026-09-11T17:59:38.794843Z,611.0,622.289,100,1,read,1702.6,1993.4,200,25.2,56.6,71.3,184.5,,,
2026-09-11T17:59:38.794843Z,611.0,622.289,100,1,update,478.2,498.4,200,113.2,151.0,176.2,192.9,,,
2026-09-11T17:59:38.794843Z,612.0,623.286,100,1,read,1982.5,1993.4,200,22.0,46.1,60.8,209.7,,,
2026-09-11T17:59:38.794843Z,612.0,623.286,100,1,update,517.9,498.4,200,100.7,142.6,159.4,226.5,,,
2026-09-11T17:59:38.794843Z,613.0,624.275,100,1,read,1945.3,1993.3,200,22.0,46.1,58.7,71.3,,,
2026-09-11T17:59:38.794843Z,613.0,624.275,100,1,update,505.1,498.4,200,104.9,151.0,159.4,167.8,,,
2026-09-11T17:59:38.794843Z,614.0,625.323,100,1,read,1833.9,1993.0,200,23.1,48.2,62.9,92.3,,,
2026-09-11T17:59:38.794843Z,614.0,625.323,100,1,update,460.0,498.4,200,117.4,184.5,201.3,226.5,,,
2026-09-11T17:59:38.794843Z,615.0,626.281,100,1,read,2063.8,1993.2,200,23.1,48.2,65.0,83.9,,,
2026-09-11T17:59:38.794843Z,615.0,626.281,100,1,update,478.7,498.3,200,96.5,121.6,134.2,151.0,,,
2026-09-11T17:59:38.794843Z,616.0,627.269,100,1,read,2037.6,1993.2,200,21.0,46.1,58.7,96.5,,,
2026-09-11T17:59:38.794843Z,616.0,627.269,100,1,update,523.1,498.4,200,96.5,121.6,209.7,570.4,,,
2026-09-11T17:59:38.794843Z,617.0,628.276,100,1,read,2059.0,1993.3,200,21.0,44.0,56.6,71.3,,,
2026-09-11T17:59:38.794843Z,617.0,628.276,100,1,update,535.3,498.4,200,96.5,130.0,151.0,151.0,,,
2026-09-11T17:59:38.794843Z,618.0,629.266,100,1,read,2100.9,1993.5,200,21.0,44.0,54.5,142.6,,,
2026-09-11T17:59:38.794843Z,618.0,629.266,100,1,update,502.0,498.4,200,100.7,134.2,159.4,167.8,,,
2026-09-11T17:59:38.794843Z,619.0,630.265,100,1,read,2135.6,1993.7,200,19.9,41.9,52.4,75.5,,,
2026-09-11T17:59:38.794843Z,619.0,630.265,100,1,update,570.9,498.6,200,96.5,125.8,142.6,159.4,,,
2026-09-11T17:59:38.794843Z,620.0,631.269,100,1,read,2126.0,1994.0,200,19.9,44.0,54.5,65.0,,,
2026-09-11T17:59:38.794843Z,620.0,631.269,100,1,update,520.0,498.6,200,96.5,142.6,167.8,184.5,,,
2026-09-11T17:59:38.794843Z,621.0,632.266,100,1,read,2160.4,1994.2,200,21.0,44.0,56.6,75.5,,,
2026-09-11T17:59:38.794843Z,621.0,632.266,100,1,update,555.6,498.7,200,96.5,121.6,151.0,159.4,,,
2026-09-11T17:59:38.794843Z,622.0,633.265,100,1,read,2193.0,1994.5,200,19.9,41.9,54.5,79.7,,,
2026-09-11T17:59:38.794843Z,622.0,633.265,100,1,update,548.2,498.8,200,96.5,117.4,134.2,142.6,,,
2026-09-11T17:59:38.794843Z,623.0,634.266,100,1,read,1794.7,1994.2,200,22.0,71.3,113.2,130.0,,,
2026-09-11T17:59:38.794843Z,623.0,634.266,100,1,update,420.2,498.6,200,113.2,176.2,184.5,201.3,,,
2026-09-11T17:59:38.794843Z,624.0,635.265,100,1,read,1598.0,1993.6,200,22.0,75.5,121.6,159.4,,,
2026-09-11T17:59:38.794843Z,624.0,635.265,100,1,update,422.0,498.5,200,117.4,243.3,268.4,285.2,,,
2026-09-11T17:59:38.794843Z,625.0,636.278,100,1,read,2003.0,1993.6,200,22.0,50.3,71.3,192.9,,,
2026-09-11T17:59:38.794843Z,625.0,636.278,100,1,update,503.0,498.5,200,100.7,151.0,176.2,402.7,,,
2026-09-11T17:59:38.794843Z,626.0,637.27,100,1,read,1506.9,1992.8,200,27.3,92.3,142.6,167.8,,,
2026-09-11T17:59:38.794843Z,626.0,637.27,100,1,update,393.0,498.4,200,104.9,209.7,226.5,243.3,,,
2026-09-11T17:59:38.794843Z,627.0,638.266,100,1,read,1790.0,1992.5,200,23.1,75.5,104.9,134.2,,,
2026-09-11T17:59:38.794843Z,627.0,638.266,100,1,update,458.7,498.3,200,109.1,176.2,184.5,201.3,,,
2026-09-11T17:59:38.794843Z,628.0,639.267,100,1,read,1464.2,1991.7,200,32.5,92.3,121.6,159.4,,,
2026-09-11T17:59:38.794843Z,628.0,639.267,100,1,update,362.1,498.1,200,109.1,184.5,209.7,218.1,,,
2026-09-11T17:59:38.794843Z,629.0,640.267,100,1,read,1459.4,1990.8,200,39.8,96.5,113.2,151.0,,,
2026-09-11T17:59:38.794843Z,629.0,640.267,100,1,update,326.1,497.8,200,121.6,192.9,226.5,243.3,,,
2026-09-11T17:59:38.794843Z,630.0,641.264,100,1,read,1496.1,1990.0,200,33.6,83.9,113.2,192.9,,,
2026-09-11T17:59:38.794843Z,630.0,641.264,100,1,update,407.0,497.7,200,109.1,176.2,192.9,318.8,,,
2026-09-11T17:59:38.794843Z,631.0,642.272,100,1,read,1206.2,1988.8,200,39.8,117.4,151.0,176.2,,,
2026-09-11T17:59:38.794843Z,631.0,642.272,100,1,update,311.8,497.4,200,130.0,234.9,243.3,285.2,,,
2026-09-11T17:59:38.794843Z,632.0,643.269,100,1,read,1218.9,1987.6,200,37.7,104.9,121.6,167.8,,,
2026-09-11T17:59:38.794843Z,632.0,643.269,100,1,update,318.2,497.1,200,151.0,226.5,251.7,285.2,,,
2026-09-11T17:59:38.794843Z,633.0,644.282,100,1,read,1260.2,1986.4,200,41.9,100.7,121.6,151.0,,,
2026-09-11T17:59:38.794843Z,633.0,644.282,100,1,update,299.0,496.8,200,134.2,201.3,218.1,234.9,,,
2026-09-11T17:59:38.794843Z,634.0,645.27,100,1,read,1247.7,1985.3,200,26.2,104.9,130.0,159.4,,,
2026-09-11T17:59:38.794843Z,634.0,645.27,100,1,update,268.9,496.4,200,218.1,369.1,402.7,419.4,,,
2026-09-11T17:59:38.794843Z,635.0,646.267,100,1,read,1437.3,1984.4,200,30.4,88.1,109.1,134.2,,,
2026-09-11T17:59:38.794843Z,635.0,646.267,100,1,update,420.8,496.3,200,117.4,234.9,260.0,285.2,,,
2026-09-11T17:59:38.794843Z,636.0,647.265,100,1,read,1531.1,1983.7,200,32.5,104.9,134.2,167.8,,,
2026-09-11T17:59:38.794843Z,636.0,647.265,100,1,update,356.2,496.1,200,109.1,167.8,192.9,260.0,,,
2026-09-11T17:59:38.794843Z,637.0,648.265,100,1,read,1653.9,1983.2,200,28.3,79.7,117.4,142.6,,,
2026-09-11T17:59:38.794843Z,637.0,648.265,100,1,update,389.0,495.9,200,113.2,167.8,184.5,192.9,,,
2026-09-11T17:59:38.794843Z,638.0,649.267,100,1,read,1504.1,1982.4,200,30.4,96.5,117.4,159.4,,,
2026-09-11T17:59:38.794843Z,638.0,649.267,100,1,update,356.0,495.7,200,121.6,201.3,209.7,234.9,,,
2026-09-11T17:59:38.794843Z,639.0,650.278,100,1,read,1632.5,1981.9,200,29.4,83.9,117.4,159.4,,,
2026-09-11T17:59:38.794843Z,639.0,650.278,100,1,update,411.9,495.6,200,104.9,176.2,201.3,369.1,,,
2026-09-11T17:59:38.794843Z,640.0,651.27,100,1,read,1767.5,1981.5,200,27.3,75.5,100.7,151.0,,,
2026-09-11T17:59:38.794843Z,640.0,651.27,100,1,update,418.9,495.4,200,109.1,159.4,167.8,184.5,,,
2026-09-11T17:59:38.794843Z,641.0,652.527,100,1,read,1507.5,1980.8,200,27.3,88.1,109.1,134.2,,,
2026-09-11T17:59:38.794843Z,641.0,652.527,100,1,update,391.1,495.3,200,134.2,184.5,209.7,385.9,,,
2026-09-11T17:59:38.794843Z,642.0,653.264,100,1,read,1469.8,1980.0,200,29.4,100.7,142.6,226.5,,,
2026-09-11T17:59:38.794843Z,642.0,653.264,100,1,update,364.9,495.1,200,117.4,201.3,218.1,251.7,,,
2026-09-11T17:59:38.794843Z,643.0,654.275,100,1,read,1387.0,1979.1,200,33.6,100.7,121.6,209.7,,,
2026-09-11T17:59:38.794843Z,643.0,654.275,100,1,update,350.0,494.8,200,130.0,218.1,251.7,260.0,,,
2026-09-11T17:59:38.794843Z,644.0,655.271,100,1,read,1316.4,1978.0,200,33.6,113.2,142.6,159.4,,,
2026-09-11T17:59:38.794843Z,644.0,655.271,100,1,update,341.1,494.6,200,121.6,209.7,251.7,503.3,,,
2026-09-11T17:59:38.794843Z,645.0,656.264,100,1,read,1206.9,1976.9,200,39.8,121.6,151.0,192.9,,,
2026-09-11T17:59:38.794843Z,645.0,656.264,100,1,update,266.0,494.2,200,151.0,243.3,268.4,302.0,,,
2026-09-11T17:59:38.794843Z,646.0,657.265,100,1,read,1413.6,1976.0,200,32.5,100.7,130.0,167.8,,,
2026-09-11T17:59:38.794843Z,646.0,657.265,100,1,update,355.9,494.0,200,125.8,192.9,209.7,260.0,,,
2026-09-11T17:59:38.794843Z,647.0,658.267,100,1,read,1432.5,1975.1,200,35.7,92.3,117.4,134.2,,,
2026-09-11T17:59:38.794843Z,647.0,658.267,100,1,update,404.1,493.9,200,113.2,159.4,184.5,218.1,,,
2026-09-11T17:59:38.794843Z,648.0,659.267,100,1,read,1433.1,1974.3,200,29.4,100.7,142.6,159.4,,,
2026-09-11T17:59:38.794843Z,648.0,659.267,100,1,update,363.0,493.7,200,121.6,201.3,209.7,268.4,,,
2026-09-11T17:59:38.794843Z,649.0,660.263,100,1,read,1584.9,1973.7,200,29.4,96.5,113.2,151.0,,,
2026-09-11T17:59:38.794843Z,649.0,660.263,100,1,update,409.0,493.6,200,109.1,176.2,184.5,192.9,,,
2026-09-11T17:59:38.794843Z,650.0,661.266,100,1,read,1560.0,1973.1,200,28.3,83.9,113.2,134.2,,,
2026-09-11T17:59:38.794843Z,650.0,661.266,100,1,update,386.0,493.4,200,104.9,176.2,192.9,201.3,,,
2026-09-11T17:59:38.794843Z,651.0,662.273,100,1,read,1418.1,1972.2,200,32.5,117.4,142.6,176.2,,,
2026-09-11T17:59:38.794843Z,651.0,662.273,100,1,update,381.0,493.2,200,117.4,184.5,226.5,268.4,,,
2026-09-11T17:59:38.794843Z,652.0,663.266,100,1,read,1313.7,1971.2,200,39.8,100.7,125.8,130.0,,,
2026-09-11T17:59:38.794843Z,652.0,663.266,100,1,update,340.7,493.0,200,125.8,192.9,218.1,218.1,,,
2026-09-11T17:59:38.794843Z,653.0,664.266,100,1,read,1279.3,1970.1,200,41.9,104.9,117.4,151.0,,,
2026-09-11T17:59:38.794843Z,653.0,664.266,100,1,update,325.3,492.7,200,130.0,184.5,209.7,226.5,,,
2026-09-11T17:59:38.794843Z,654.0,665.264,100,1,read,1172.5,1968.9,200,35.7,121.6,184.5,218.1,,,
2026-09-11T17:59:38.794843Z,654.0,665.264,100,1,update,293.9,492.4,200,142.6,335.5,436.2,453.0,,,
2026-09-11T17:59:38.794843Z,655.0,666.266,100,1,read,1319.4,1967.9,200,30.4,104.9,125.8,142.6,,,
2026-09-11T17:59:38.794843Z,655.0,666.266,100,1,update,366.8,492.2,200,142.6,209.7,234.9,251.7,,,
2026-09-11T17:59:38.794843Z,656.0,667.279,100,1,read,1506.8,1967.2,200,30.4,100.7,121.6,234.9,,,
2026-09-11T17:59:38.794843Z,656.0,667.279,100,1,update,391.2,492.1,200,121.6,176.2,201.3,520.1,,,
2026-09-11T17:59:38.794843Z,657.0,668.265,100,1,read,1333.0,1966.3,200,31.5,109.1,134.2,234.9,,,
2026-09-11T17:59:38.794843Z,657.0,668.265,100,1,update,351.0,491.9,200,134.2,209.7,226.5,268.4,,,
2026-09-11T17:59:38.794843Z,658.0,669.264,100,1,read,1340.5,1965.3,200,32.5,109.1,142.6,176.2,,,
2026-09-11T17:59:38.794843Z,658.0,669.264,100,1,update,317.1,491.6,200,142.6,243.3,260.0,285.2,,,
2026-09-11T17:59:38.794843Z,659.0,670.27,100,1,read,1488.2,1964.6,200,27.3,96.5,121.6,302.0,,,
2026-09-11T17:59:38.794843Z,659.0,670.27,100,1,update,394.8,491.5,200,121.6,201.3,226.5,251.7,,,
2026-09-11T17:59:38.794843Z,660.0,671.312,100,1,read,1298.2,1963.6,200,30.4,104.9,125.8,142.6,,,
2026-09-11T17:59:38.794843Z,660.0,671.312,100,1,update,324.0,491.2,200,151.0,234.9,260.0,285.2,,,
2026-09-11T17:59:38.794843Z,661.0,672.263,100,1,read,1349.0,1962.6,200,35.7,109.1,134.2,285.2,,,
2026-09-11T17:59:38.794843Z,661.0,672.263,100,1,update,313.0,490.9,200,125.8,218.1,226.5,285.2,,,
2026-09-11T17:59:38.794843Z,662.0,673.271,100,1,read,1254.3,1961.6,200,39.8,130.0,159.4,184.5,,,
2026-09-11T17:59:38.794843Z,662.0,673.271,100,1,update,313.8,490.7,200,151.0,218.1,234.9,243.3,,,
2026-09-11T17:59:38.794843Z,663.0,674.269,100,1,read,1553.1,1961.0,200,29.4,88.1,104.9,134.2,,,
2026-09-11T17:59:38.794843Z,663.0,674.269,100,1,update,383.3,490.5,200,109.1,167.8,176.2,201.3,,,
2026-09-11T17:59:38.794843Z,664.0,675.266,100,1,read,1413.5,1960.1,200,30.4,100.7,142.6,176.2,,,
2026-09-11T17:59:38.794843Z,664.0,675.266,100,1,update,314.9,490.2,200,130.0,226.5,251.7,285.2,,,
2026-09-11T17:59:38.794843Z,665.0,676.297,100,1,read,1447.4,1959.4,200,32.5,100.7,117.4,335.5,,,
2026-09-11T17:59:38.794843Z,665.0,676.297,100,1,update,350.1,490.0,200,134.2,192.9,201.3,209.7,,,
2026-09-11T17:59:38.794843Z,666.0,677.265,100,1,read,1473.6,1958.6,200,23.1,75.5,134.2,436.2,,,
2026-09-11T17:59:38.794843Z,666.0,677.265,100,1,update,404.9,489.9,200,142.6,209.7,260.0,302.0,,,
2026-09-11T17:59:38.794843Z,667.0,678.265,100,1,read,1613.8,1958.1,200,26.2,88.1,117.4,151.0,,,
2026-09-11T17:59:38.794843Z,667.0,678.265,100,1,update,392.2,489.8,200,113.2,192.9,218.1,738.2,,,
2026-09-11T17:59:38.794843Z,668.0,679.268,100,1,read,1471.7,1957.4,200,28.3,100.7,117.4,142.6,,,
2026-09-11T17:59:38.794843Z,668.0,679.268,100,1,update,356.7,489.6,200,104.9,184.5,201.3,209.7,,,
2026-09-11T17:59:38.794843Z,669.0,680.265,100,1,read,1571.8,1956.8,200,25.2,79.7,121.6,151.0,,,
2026-09-11T17:59:38.794843Z,669.0,680.265,100,1,update,428.2,489.5,200,109.1,167.8,184.5,201.3,,,
2026-09-11T17:59:38.794843Z,670.0,681.27,100,1,read,1615.4,1956.3,200,22.0,109.1,134.2,209.7,,,
2026-09-11T17:59:38.794843Z,670.0,681.27,100,1,update,436.1,489.4,200,121.6,192.9,218.1,318.8,,,
2026-09-11T17:59:38.794843Z,671.0,682.272,100,1,read,1827.0,1956.1,200,24.1,60.8,104.9,226.5,,,
2026-09-11T17:59:38.794843Z,671.0,682.272,100,1,update,471.8,489.4,200,100.7,134.2,167.8,226.5,,,
2026-09-11T17:59:38.794843Z,672.0,683.271,100,1,read,1999.5,1956.2,200,21.0,50.3,67.1,285.2,,,
2026-09-11T17:59:38.794843Z,672.0,683.271,100,1,update,514.4,489.4,200,96.5,121.6,268.4,604.0,,,
2026-09-11T17:59:38.794843Z,673.0,684.275,100,1,read,2151.1,1956.5,200,19.9,41.9,54.5,71.3,,,
2026-09-11T17:59:38.794843Z,673.0,684.275,100,1,update,527.8,489.5,200,96.5,134.2,151.0,167.8,,,
2026-09-11T17:59:38.794843Z,674.0,685.266,100,1,read,2219.5,1956.9,200,18.9,39.8,52.4,201.3,,,
2026-09-11T17:59:38.794843Z,674.0,685.266,100,1,update,570.1,489.6,200,96.5,125.8,142.6,251.7,,,
2026-09-11T17:59:38.794843Z,675.0,686.265,100,1,read,2233.3,1957.3,200,18.9,44.0,58.7,104.9,,,
2026-09-11T17:59:38.794843Z,675.0,686.265,100,1,update,542.6,489.7,200,92.3,134.2,151.0,167.8,,,
2026-09-11T17:59:38.794843Z,676.0,687.282,100,1,read,2530.2,1958.1,200,14.7,35.7,48.2,159.4,,,
2026-09-11T17:59:38.794843Z,676.0,687.282,100,1,update,618.3,489.8,200,96.5,130.0,142.6,159.4,,,
2026-09-11T17:59:38.794843Z,677.0,688.27,100,1,read,2513.9,1958.9,200,15.7,33.6,41.9,54.5,,,
2026-09-11T17:59:38.794843Z,677.0,688.27,100,1,update,633.7,490.1,200,92.3,104.9,104.9,113.2,,,
2026-09-11T17:59:38.794843Z,678.0,689.271,100,1,read,2586.8,1959.9,200,16.8,35.7,44.0,71.3,,,
2026-09-11T17:59:38.794843Z,678.0,689.271,100,1,update,600.2,490.2,200,88.1,100.7,109.1,113.2,,,
2026-09-11T17:59:38.794843Z,679.0,690.267,100,1,read,2619.1,1960.8,200,15.7,32.5,41.9,54.5,,,
2026-09-11T17:59:38.794843Z,679.0,690.267,100,1,update,626.8,490.4,200,88.1,100.7,109.1,113.2,,,
2026-09-11T17:59:38.794843Z,680.0,691.266,100,1,read,2565.5,1961.7,200,15.7,32.5,41.9,58.7,,,
2026-09-11T17:59:38.794843Z,680.0,691.266,100,1,update,627.4,490.6,200,92.3,104.9,109.1,130.0,,,
2026-09-11T17:59:38.794843Z,681.0,692.274,100,1,read,2355.9,1962.3,200,14.7,35.7,52.4,96.5,,,
2026-09-11T17:59:38.794843Z,681.0,692.274,100,1,update,567.0,490.7,200,109.1,151.0,176.2,184.5,,,
2026-09-11T17:59:38.794843Z,682.0,693.271,100,1,read,2376.3,1962.9,200,14.2,32.5,50.3,117.4,,,
2026-09-11T17:59:38.794843Z,682.0,693.271,100,1,update,555.8,490.8,200,113.2,142.6,151.0,209.7,,,
2026-09-11T17:59:38.794843Z,683.0,694.269,100,1,read,2424.8,1963.6,200,14.2,32.5,48.2,88.1,,,
2026-09-11T17:59:38.794843Z,683.0,694.269,100,1,update,562.2,490.9,200,113.2,142.6,159.4,176.2,,,
2026-09-11T17:59:38.794843Z,684.0,695.265,100,1,read,2338.6,1964.1,200,12.6,30.4,41.9,67.1,,,
2026-09-11T17:59:38.794843Z,684.0,695.265,100,1,update,600.9,491.1,200,109.1,134.2,151.0,159.4,,,
2026-09-11T17:59:38.794843Z,685.0,696.275,100,1,read,2387.8,1964.8,200,11.5,31.5,41.9,92.3,,,
2026-09-11T17:59:38.794843Z,685.0,696.275,100,1,update,646.2,491.3,200,109.1,142.6,151.0,176.2,,,
2026-09-11T17:59:38.794843Z,686.0,697.275,100,1,read,2336.7,1965.3,200,12.6,30.4,41.9,67.1,,,
2026-09-11T17:59:38.794843Z,686.0,697.275,100,1,update,634.9,491.5,200,109.1,134.2,142.6,176.2,,,
2026-09-11T17:59:38.794843Z,687.0,698.272,100,1,read,2383.8,1965.9,200,11.0,29.4,41.9,71.3,,,
2026-09-11T17:59:38.794843Z,687.0,698.272,100,1,update,626.9,491.7,200,109.1,142.6,151.0,167.8,,,
2026-09-11T17:59:38.794843Z,688.0,699.271,100,1,read,2363.5,1966.5,200,13.1,32.5,39.8,58.7,,,
2026-09-11T17:59:38.794843Z,688.0,699.271,100,1,update,600.1,491.9,200,113.2,142.6,151.0,159.4,,,
2026-09-11T17:59:38.794843Z,689.0,700.265,100,1,read,2325.4,1967.0,200,11.0,37.7,75.5,151.0,,,
2026-09-11T17:59:38.794843Z,689.0,700.265,100,1,update,631.6,492.1,200,104.9,130.0,151.0,226.5,,,
2026-09-11T17:59:38.794843Z,690.0,701.266,100,1,read,2372.8,1967.6,200,11.0,33.6,109.1,176.2,,,
2026-09-11T17:59:38.794843Z,690.0,701.266,100,1,update,613.2,492.3,200,104.9,142.6,218.1,318.8,,,
2026-09-11T17:59:38.794843Z,691.0,702.275,100,1,read,2291.9,1968.1,200,13.6,37.7,50.3,159.4,,,
2026-09-11T17:59:38.794843Z,691.0,702.275,100,1,update,575.2,492.4,200,113.2,142.6,159.4,176.2,,,
2026-09-11T17:59:38.794843Z,692.0,703.265,100,1,read,2853.0,1969.3,200,9.4,22.0,28.3,41.9,,,
2026-09-11T17:59:38.794843Z,692.0,703.265,100,1,update,744.7,492.7,200,96.5,117.4,125.8,134.2,,,
2026-09-11T17:59:38.794843Z,693.0,704.267,100,1,read,2978.3,1970.8,200,9.4,25.2,35.7,52.4,,,
2026-09-11T17:59:38.794843Z,693.0,704.267,100,1,update,710.8,493.1,200,96.5,113.2,125.8,142.6,,,
2026-09-11T17:59:38.794843Z,694.0,705.264,100,1,read,2974.3,1972.2,200,10.0,23.1,30.4,39.8,,,
2026-09-11T17:59:38.794843Z,694.0,705.264,100,1,update,735.3,493.4,200,96.5,109.1,121.6,130.0,,,
2026-09-11T17:59:38.794843Z,695.0,706.265,100,1,read,2760.9,1973.4,200,12.1,26.2,33.6,44.0,,,
2026-09-11T17:59:38.794843Z,695.0,706.265,100,1,update,724.0,493.7,200,92.3,109.1,121.6,142.6,,,
2026-09-11T17:59:38.794843Z,696.0,707.272,100,1,read,2680.1,1974.4,200,13.6,28.3,35.7,46.1,,,
2026-09-11T17:59:38.794843Z,696.0,707.272,100,1,update,677.0,494.0,200,88.1,109.1,117.4,130.0,,,
2026-09-11T17:59:38.794843Z,697.0,708.265,100,1,read,2646.5,1975.4,200,14.2,28.3,35.7,54.5,,,
2026-09-11T17:59:38.794843Z,697.0,708.265,100,1,update,667.9,494.3,200,88.1,130.0,176.2,184.5,,,
2026-09-11T17:59:38.794843Z,698.0,709.271,100,1,read,2759.3,1976.5,200,14.2,28.3,35.7,41.9,,,
2026-09-11T17:59:38.794843Z,698.0,709.271,100,1,update,675.1,494.5,200,88.1,100.7,104.9,117.4,,,
2026-09-11T17:59:38.794843Z,699.0,710.265,100,1,read,2748.2,1977.6,200,14.7,29.4,37.7,48.2,,,
2026-09-11T17:59:38.794843Z,699.0,710.265,100,1,update,638.6,494.7,200,88.1,100.7,113.2,117.4,,,
2026-09-11T17:59:38.794843Z,700.0,711.267,100,1,read,2584.1,1978.4,200,13.6,27.3,35.7,58.7,,,
2026-09-11T17:59:38.794843Z,700.0,711.267,100,1,update,651.5,494.9,200,96.5,117.4,130.0,142.6,,,
2026-09-11T17:59:38.794843Z,701.0,712.266,100,1,read,2620.0,1979.4,200,14.2,30.4,39.8,58.7,,,
2026-09-11T17:59:38.794843Z,701.0,712.266,100,1,update,636.0,495.1,200,96.5,121.6,134.2,151.0,,,
2026-09-11T17:59:38.794843Z,702.0,713.27,100,1,read,2747.3,1980.5,200,13.6,27.3,35.7,44.0,,,
2026-09-11T17:59:38.794843Z,702.0,713.27,100,1,update,680.6,495.4,200,88.1,100.7,109.1,121.6,,,
2026-09-11T17:59:38.794843Z,703.0,714.271,100,1,read,2770.8,1981.6,200,13.6,29.4,37.7,54.5,,,
2026-09-11T17:59:38.794843Z,703.0,714.271,100,1,update,671.4,495.7,200,92.3,104.9,109.1,117.4,,,
2026-09-11T17:59:38.794843Z,704.0,715.268,100,1,read,2491.2,1982.3,200,15.2,35.7,46.1,176.2,,,
2026-09-11T17:59:38.794843Z,704.0,715.268,100,1,update,616.8,495.8,200,92.3,125.8,142.6,159.4,,,
2026-09-11T17:59:38.794843Z,705.0,716.265,100,1,read,2856.9,1983.5,200,11.0,25.2,35.7,44.0,,,
2026-09-11T17:59:38.794843Z,705.0,716.265,100,1,update,683.2,496.1,200,96.5,121.6,130.0,151.0,,,
2026-09-11T17:59:38.794843Z,706.0,717.264,100,1,read,2762.5,1984.6,200,13.6,27.3,35.7,41.9,,,
2026-09-11T17:59:38.794843Z,706.0,717.264,100,1,update,658.9,496.3,200,92.3,109.1,121.6,134.2,,,
2026-09-11T17:59:38.794843Z,707.0,718.265,100,1,read,2718.0,1985.7,200,13.6,26.2,32.5,39.8,,,
2026-09-11T17:59:38.794843Z,707.0,718.265,100,1,update,727.0,496.7,200,88.1,100.7,109.1,113.2,,,
2026-09-11T17:59:38.794843Z,708.0,719.276,100,1,read,2772.6,1986.8,200,14.2,28.3,33.6,41.9,,,
2026-09-11T17:59:38.794843Z,708.0,719.276,100,1,update,669.9,496.9,200,88.1,100.7,109.1,113.2,,,
2026-09-11T17:59:38.794843Z,709.0,720.27,100,1,read,2776.5,1987.9,200,14.7,29.4,35.7,54.5,,,
2026-09-11T17:59:38.794843Z,709.0,720.27,100,1,update,646.3,497.1,200,92.3,104.9,113.2,113.2,,,
2026-09-11T17:59:38.794843Z,710.0,721.266,100,1,read,2766.5,1989.0,200,13.1,27.3,32.5,41.9,,,
2026-09-11T17:59:38.794843Z,710.0,721.266,100,1,update,699.9,497.4,200,92.3,104.9,109.1,113.2,,,
2026-09-11T17:59:38.794843Z,711.0,722.274,100,1,read,2759.1,1990.1,200,12.6,26.2,33.6,44.0,,,
2026-09-11T17:59:38.794843Z,711.0,722.274,100,1,update,696.8,497.7,200,88.1,109.1,117.4,142.6,,,
2026-09-11T17:59:38.794843Z,712.0,723.266,100,1,read,2773.4,1991.2,200,12.6,26.2,31.5,41.9,,,
2026-09-11T17:59:38.794843Z,712.0,723.266,100,1,update,716.1,498.0,200,88.1,100.7,109.1,113.2,,,
2026-09-11T17:59:38.794843Z,713.0,724.271,100,1,read,2851.6,1992.4,200,13.6,27.3,32.5,44.0,,,
2026-09-11T17:59:38.794843Z,713.0,724.271,100,1,update,654.9,498.2,200,92.3,104.9,109.1,121.6,,,
2026-09-11T17:59:38.794843Z,714.0,725.265,100,1,read,2684.2,1993.4,200,12.1,25.2,31.5,41.9,,,
2026-09-11T17:59:38.794843Z,714.0,725.265,100,1,update,733.0,498.5,200,92.3,104.9,109.1,121.6,,,
2026-09-11T17:59:38.794843Z,715.0,726.272,100,1,read,2777.3,1994.5,200,12.6,25.2,30.4,35.7,,,
2026-09-11T17:59:38.794843Z,715.0,726.272,100,1,update,705.3,498.8,200,92.3,104.9,117.4,130.0,,,
2026-09-11T17:59:38.794843Z,716.0,727.266,100,1,read,2752.7,1995.5,200,13.1,27.3,35.7,50.3,,,
2026-09-11T17:59:38.794843Z,716.0,727.266,100,1,update,681.7,499.1,200,92.3,109.1,121.6,130.0,,,
2026-09-11T17:59:38.794843Z,717.0,728.264,100,1,read,2771.0,1996.6,200,12.6,25.2,32.5,50.3,,,
2026-09-11T17:59:38.794843Z,717.0,728.264,100,1,update,699.2,499.4,200,92.3,104.9,109.1,113.2,,,
2026-09-11T17:59:38.794843Z,718.0,729.267,100,1,read,2580.9,1997.4,200,12.6,30.4,44.0,159.4,,,
2026-09-11T17:59:38.794843Z,718.0,729.267,100,1,update,633.5,499.5,200,100.7,125.8,130.0,167.8,,,
2026-09-11T17:59:38.794843Z,719.0,730.265,100,1,read,2813.2,1998.6,200,11.0,25.2,31.5,41.9,,,
2026-09-11T17:59:38.794843Z,719.0,730.265,100,1,update,710.3,499.8,200,96.5,113.2,117.4,125.8,,,
2026-09-11T17:59:38.794843Z,720.0,731.266,100,1,read,2788.4,1999.6,200,13.1,26.2,33.6,52.4,,,
2026-09-11T17:59:38.794843Z,720.0,731.266,100,1,update,679.3,500.1,200,92.3,109.1,117.4,134.2,,,
2026-09-11T17:59:38.794843Z,721.0,732.265,100,1,read,2805.9,2000.8,200,14.2,27.3,33.6,41.9,,,
2026-09-11T17:59:38.794843Z,721.0,732.265,100,1,update,642.0,500.3,200,92.3,109.1,121.6,125.8,,,
2026-09-11T17:59:38.794843Z,722.0,733.27,100,1,read,2803.6,2001.9,200,13.1,26.2,31.5,46.1,,,
2026-09-11T17:59:38.794843Z,722.0,733.27,100,1,update,682.9,500.5,200,92.3,104.9,113.2,318.8,,,
2026-09-11T17:59:38.794843Z,723.0,734.265,100,1,read,2793.2,2003.0,200,13.6,27.3,32.5,52.4,,,
2026-09-11T17:59:38.794843Z,723.0,734.265,100,1,update,682.1,500.8,200,92.3,104.9,109.1,121.6,,,
2026-09-11T17:59:38.794843Z,724.0,735.267,100,1,read,2779.5,2004.0,200,13.6,26.2,33.6,44.0,,,
2026-09-11T17:59:38.794843Z,724.0,735.267,100,1,update,683.6,501.0,200,88.1,104.9,113.2,117.4,,,
2026-09-11T17:59:38.794843Z,725.0,736.266,100,1,read,2822.9,2005.2,200,14.2,28.3,35.7,226.5,,,
2026-09-11T17:59:38.794843Z,725.0,736.266,100,1,update,664.2,501.3,200,92.3,104.9,109.1,117.4,,,
2026-09-11T17:59:38.794843Z,726.0,737.266,100,1,read,2769.3,2006.2,200,13.1,26.2,32.5,48.2,,,
2026-09-11T17:59:38.794843Z,726.0,737.266,100,1,update,671.8,501.5,200,92.3,109.1,117.4,125.8,,,
2026-09-11T17:59:38.794843Z,727.0,738.267,100,1,read,2802.5,2007.3,200,13.1,25.2,31.5,41.9,,,
2026-09-11T17:59:38.794843Z,727.0,738.267,100,1,update,705.4,501.8,200,92.3,104.9,117.4,121.6,,,
2026-09-11T17:59:38.794843Z,728.0,739.265,100,1,read,2813.1,2008.4,200,13.6,26.2,31.5,46.1,,,
2026-09-11T17:59:38.794843Z,728.0,739.265,100,1,update,676.8,502.0,200,92.3,100.7,104.9,113.2,,,
2026-09-11T17:59:38.794843Z,729.0,740.266,100,1,read,2763.2,2009.5,200,13.6,28.3,35.7,54.5,,,
2026-09-11T17:59:38.794843Z,729.0,740.266,100,1,update,655.6,502.2,200,92.3,134.2,176.2,192.9,,,
2026-09-11T17:59:38.794843Z,730.0,741.267,100,1,read,2733.7,2010.5,200,12.6,25.2,30.4,39.8,,,
2026-09-11T17:59:38.794843Z,730.0,741.267,100,1,update,716.7,502.5,200,88.1,104.9,109.1,125.8,,,
2026-09-11T17:59:38.794843Z,731.0,742.269,100,1,read,2599.3,2011.3,200,13.1,32.5,44.0,88.1,,,
2026-09-11T17:59:38.794843Z,731.0,742.269,100,1,update,629.8,502.7,200,92.3,130.0,159.4,176.2,,,
2026-09-11T17:59:38.794843Z,732.0,743.271,100,1,read,2839.8,2012.4,200,11.5,25.2,31.5,41.9,,,
2026-09-11T17:59:38.794843Z,732.0,743.271,100,1,update,714.4,503.0,200,92.3,113.2,121.6,142.6,,,
2026-09-11T17:59:38.794843Z,733.0,744.274,100,1,read,2820.2,2013.5,200,12.1,24.1,29.4,44.0,,,
2026-09-11T17:59:38.794843Z,733.0,744.274,100,1,update,713.6,503.3,200,92.3,104.9,113.2,121.6,,,
2026-09-11T17:59:38.794843Z,734.0,745.264,100,1,read,2794.5,2014.6,200,13.6,28.3,35.7,44.0,,,
2026-09-11T17:59:38.794843Z,734.0,745.264,100,1,update,664.1,503.5,200,88.1,104.9,109.1,117.4,,,
2026-09-11T17:59:38.794843Z,735.0,746.266,100,1,read,2783.4,2015.6,200,12.6,25.2,29.4,41.9,,,
2026-09-11T17:59:38.794843Z,735.0,746.266,100,1,update,726.8,503.8,200,88.1,100.7,104.9,113.2,,,
2026-09-11T17:59:38.794843Z,736.0,747.295,100,1,read,2791.0,2016.7,200,12.6,25.2,31.5,39.8,,,
2026-09-11T17:59:38.794843Z,736.0,747.295,100,1,update,697.0,504.1,200,92.3,104.9,113.2,121.6,,,
2026-09-11T17:59:38.794843Z,737.0,748.269,100,1,read,2788.9,2017.7,200,13.6,27.3,33.6,44.0,,,
2026-09-11T17:59:38.794843Z,737.0,748.269,100,1,update,700.0,504.3,200,88.1,100.7,109.1,117.4,,,
2026-09-11T17:59:38.794843Z,738.0,749.311,100,1,read,2778.9,2018.7,200,13.1,26.2,32.5,50.3,,,
2026-09-11T17:59:38.794843Z,738.0,749.311,100,1,update,698.5,504.6,200,88.1,100.7,104.9,113.2,,,
2026-09-11T17:59:38.794843Z,739.0,750.266,100,1,read,2780.6,2019.8,200,12.6,25.2,30.4,46.1,,,
2026-09-11T17:59:38.794843Z,739.0,750.266,100,1,update,710.7,504.9,200,92.3,100.7,104.9,113.2,,,
2026-09-11T17:59:38.794843Z,740.0,751.269,100,1,read,2792.8,2020.8,200,13.1,26.2,31.5,44.0,,,
2026-09-11T17:59:38.794843Z,740.0,751.269,100,1,update,701.7,505.1,200,88.1,104.9,109.1,113.2,,,
2026-09-11T17:59:38.794843Z,741.0,752.266,100,1,read,2825.6,2021.9,200,14.2,27.3,33.6,243.3,,,
2026-09-11T17:59:38.794843Z,741.0,752.266,100,1,update,638.4,505.3,200,92.3,109.1,130.0,318.8,,,
2026-09-11T17:59:38.794843Z,742.0,753.265,100,1,read,2769.6,2022.9,200,13.1,26.2,32.5,37.7,,,
2026-09-11T17:59:38.794843Z,742.0,753.265,100,1,update,689.6,505.6,200,92.3,104.9,117.4,125.8,,,
2026-09-11T17:59:38.794843Z,743.0,754.268,100,1,read,2479.7,2023.5,200,13.6,29.4,39.8,58.7,,,
2026-09-11T17:59:38.794843Z,743.0,754.268,100,1,update,642.7,505.7,200,100.7,125.8,134.2,142.6,,,
2026-09-11T17:59:38.794843Z,744.0,755.268,100,1,read,2541.0,2024.2,200,12.1,35.7,50.3,167.8,,,
2026-09-11T17:59:38.794843Z,744.0,755.268,100,1,update,631.5,505.9,200,100.7,134.2,151.0,176.2,,,
2026-09-11T17:59:38.794843Z,745.0,756.276,100,1,read,2838.4,2025.3,200,10.0,23.1,29.4,44.0,,,
2026-09-11T17:59:38.794843Z,745.0,756.276,100,1,update,734.1,506.2,200,96.5,117.4,134.2,151.0,,,
2026-09-11T17:59:38.794843Z,746.0,757.271,100,1,read,2727.0,2026.3,200,12.6,26.2,33.6,46.1,,,
2026-09-11T17:59:38.794843Z,746.0,757.271,100,1,update,704.7,506.5,200,92.3,109.1,117.4,134.2,,,
2026-09-11T17:59:38.794843Z,747.0,758.267,100,1,read,2790.0,2027.3,200,12.1,24.1,30.4,39.8,,,
2026-09-11T17:59:38.794843Z,747.0,758.267,100,1,update,727.3,506.8,200,88.1,100.7,104.9,109.1,,,
2026-09-11T17:59:38.794843Z,748.0,759.269,100,1,read,2861.1,2028.4,200,13.1,25.2,33.6,251.7,,,
2026-09-11T17:59:38.794843Z,748.0,759.269,100,1,update,689.0,507.0,200,88.1,96.5,104.9,318.8,,,
2026-09-11T17:59:38.794843Z,749.0,760.265,100,1,read,2814.4,2029.4,200,11.5,23.1,28.3,37.7,,,
2026-09-11T17:59:38.794843Z,749.0,760.265,100,1,update,756.8,507.4,200,88.1,100.7,104.9,121.6,,,
2026-09-11T17:59:38.794843Z,750.0,761.266,100,1,read,2792.6,2030.5,200,12.1,23.1,29.4,37.7,,,
2026-09-11T17:59:38.794843Z,750.0,761.266,100,1,update,745.2,507.7,200,88.1,100.7,109.1,117.4,,,
2026-09-11T17:59:38.794843Z,751.0,762.266,100,1,read,2803.1,2031.5,200,12.1,25.2,33.6,268.4,,,
2026-09-11T17:59:38.794843Z,751.0,762.266,100,1,update,698.0,507.9,200,88.1,109.1,121.6,352.3,,,
2026-09-11T17:59:38.794843Z,752.0,763.268,100,1,read,2671.9,2032.3,200,11.0,24.1,33.6,41.9,,,
2026-09-11T17:59:38.794843Z,752.0,763.268,100,1,update,713.7,508.2,200,92.3,113.2,117.4,121.6,,,
2026-09-11T17:59:38.794843Z,753.0,764.271,100,1,read,2730.3,2033.3,200,11.5,25.2,32.5,41.9,,,
2026-09-11T17:59:38.794843Z,753.0,764.271,100,1,update,696.1,508.5,200,96.5,117.4,125.8,134.2,,,
2026-09-11T17:59:38.794843Z,754.0,765.265,100,1,read,2621.4,2034.0,200,10.5,24.1,32.5,58.7,,,
2026-09-11T17:59:38.794843Z,754.0,765.265,100,1,update,745.1,508.8,200,96.5,109.1,121.6,134.2,,,
2026-09-11T17:59:38.794843Z,755.0,766.276,100,1,read,2794.1,2035.1,200,12.1,27.3,33.6,44.0,,,
2026-09-11T17:59:38.794843Z,755.0,766.276,100,1,update,651.0,509.0,200,96.5,117.4,125.8,142.6,,,
2026-09-11T17:59:38.794843Z,756.0,767.27,100,1,read,2771.5,2036.0,200,12.6,27.3,37.7,48.2,,,
2026-09-11T17:59:38.794843Z,756.0,767.27,100,1,update,661.1,509.2,200,96.5,117.4,121.6,134.2,,,
2026-09-11T17:59:38.794843Z,757.0,768.266,100,1,read,2710.6,2036.9,200,11.5,25.2,32.5,48.2,,,
2026-09-11T17:59:38.794843Z,757.0,768.266,100,1,update,690.6,509.4,200,96.5,117.4,121.6,130.0,,,
2026-09-11T17:59:38.794843Z,758.0,769.265,100,1,read,2459.9,2037.5,200,11.5,33.6,46.1,167.8,,,
2026-09-11T17:59:38.794843Z,758.0,769.265,100,1,update,624.2,509.5,200,104.9,134.2,151.0,159.4,,,
2026-09-11T17:59:38.794843Z,759.0,770.265,100,1,read,2897.1,2038.6,200,10.0,23.1,29.4,44.0,,,
2026-09-11T17:59:38.794843Z,759.0,770.265,100,1,update,733.8,509.8,200,96.5,113.2,121.6,130.0,,,
2026-09-11T17:59:38.794843Z,760.0,771.272,100,1,read,2592.9,2039.3,200,14.2,33.6,62.9,96.5,,,
2026-09-11T17:59:38.794843Z,760.0,771.272,100,1,update,640.2,510.0,200,92.3,113.2,142.6,159.4,,,
2026-09-11T17:59:38.794843Z,761.0,772.268,100,1,read,2573.0,2040.0,200,13.1,35.7,71.3,96.5,,,
2026-09-11T17:59:38.794843Z,761.0,772.268,100,1,update,651.0,510.2,200,92.3,117.4,134.2,151.0,,,
2026-09-11T17:59:38.794843Z,762.0,773.266,100,1,read,2323.3,2040.4,200,16.8,60.8,83.9,100.7,,,
2026-09-11T17:59:38.794843Z,762.0,773.266,100,1,update,537.8,510.2,200,92.3,125.8,151.0,159.4,,,
2026-09-11T17:59:38.794843Z,763.0,774.266,100,1,read,2511.6,2041.0,200,14.2,35.7,58.7,88.1,,,
2026-09-11T17:59:38.794843Z,763.0,774.266,100,1,update,662.2,510.4,200,92.3,109.1,130.0,151.0,,,
2026-09-11T17:59:38.794843Z,764.0,775.268,100,1,read,2453.0,2041.6,200,15.2,41.9,67.1,92.3,,,
2026-09-11T17:59:38.794843Z,764.0,775.268,100,1,update,564.0,510.5,200,96.5,130.0,151.0,167.8,,,
2026-09-11T17:59:38.794843Z,765.0,776.279,100,1,read,2424.6,2042.1,200,10.0,44.0,92.3,142.6,,,
2026-09-11T17:59:38.794843Z,765.0,776.279,100,1,update,611.9,510.6,200,104.9,134.2,142.6,167.8,,,
2026-09-11T17:59:38.794843Z,766.0,777.279,100,1,read,2301.6,2042.4,200,10.5,35.7,60.8,142.6,,,
2026-09-11T17:59:38.794843Z,766.0,777.279,100,1,update,638.2,510.8,200,104.9,142.6,226.5,302.0,,,
2026-09-11T17:59:38.794843Z,767.0,778.273,100,1,read,2511.6,2043.0,200,12.1,32.5,46.1,60.8,,,
2026-09-11T17:59:38.794843Z,767.0,778.273,100,1,update,603.9,510.9,200,109.1,142.6,159.4,176.2,,,
2026-09-11T17:59:38.794843Z,768.0,779.271,100,1,read,2467.1,2043.6,200,13.1,27.3,35.7,54.5,,,
2026-09-11T17:59:38.794843Z,768.0,779.271,100,1,update,612.0,511.1,200,109.1,130.0,142.6,159.4,,,
2026-09-11T17:59:38.794843Z,769.0,780.278,100,1,read,2398.4,2044.0,200,8.1,83.9,117.4,209.7,,,
2026-09-11T17:59:38.794843Z,769.0,780.278,100,1,update,612.8,511.2,200,96.5,151.0,268.4,318.8,,,
2026-09-11T17:59:38.794843Z,770.0,781.271,100,1,read,2674.8,2044.9,200,11.0,28.3,39.8,52.4,,,
2026-09-11T17:59:38.794843Z,770.0,781.271,100,1,update,646.2,511.4,200,100.7,134.2,151.0,159.4,,,
2026-09-11T17:59:38.794843Z,771.0,782.272,100,1,read,2470.5,2045.4,200,15.2,37.7,56.6,83.9,,,
2026-09-11T17:59:38.794843Z,771.0,782.272,100,1,update,653.6,511.5,200,92.3,113.2,121.6,134.2,,,
2026-09-11T17:59:38.794843Z,772.0,783.269,100,1,read,2336.4,2045.8,200,15.7,50.3,67.1,234.9,,,
2026-09-11T17:59:38.794843Z,772.0,783.269,100,1,update,566.3,511.6,200,96.5,130.0,142.6,151.0,,,
2026-09-11T17:59:38.794843Z,773.0,784.297,100,1,read,2348.7,2046.2,200,16.3,48.2,71.3,96.5,,,
2026-09-11T17:59:38.794843Z,773.0,784.297,100,1,update,583.7,511.7,200,92.3,113.2,130.0,151.0,,,
2026-09-11T17:59:38.794843Z,774.0,785.269,100,1,read,2400.8,2046.6,200,15.2,41.9,62.9,88.1,,,
2026-09-11T17:59:38.794843Z,774.0,785.269,100,1,update,636.2,511.9,200,92.3,117.4,130.0,151.0,,,
2026-09-11T17:59:38.794843Z,775.0,786.271,100,1,read,2222.4,2046.9,200,18.9,52.4,79.7,96.5,,,
2026-09-11T17:59:38.794843Z,775.0,786.271,100,1,update,549.9,511.9,200,96.5,121.6,142.6,159.4,,,
2026-09-11T17:59:38.794843Z,776.0,787.276,100,1,read,2272.9,2047.1,200,15.7,39.8,67.1,88.1,,,
2026-09-11T17:59:38.794843Z,776.0,787.276,100,1,update,640.3,512.1,200,92.3,113.2,130.0,151.0,,,
2026-09-11T17:59:38.794843Z,777.0,788.271,100,1,read,2215.1,2047.4,200,18.9,46.1,71.3,96.5,,,
2026-09-11T17:59:38.794843Z,777.0,788.271,100,1,update,561.0,512.2,200,100.7,117.4,130.0,151.0,,,
2026-09-11T17:59:38.794843Z,778.0,789.272,100,1,read,2506.5,2048.0,200,15.7,37.7,67.1,100.7,,,
2026-09-11T17:59:38.794843Z,778.0,789.272,100,1,update,577.9,512.2,200,92.3,117.4,142.6,151.0,,,
2026-09-11T17:59:38.794843Z,779.0,790.274,100,1,read,2425.3,2048.4,200,13.1,30.4,39.8,83.9,,,
2026-09-11T17:59:38.794843Z,779.0,790.274,100,1,update,597.1,512.3,200,109.1,134.2,151.0,159.4,,,
2026-09-11T17:59:38.794843Z,780.0,791.27,100,1,read,2405.7,2048.9,200,12.6,29.4,37.7,52.4,,,
2026-09-11T17:59:38.794843Z,780.0,791.27,100,1,update,616.9,512.5,200,113.2,142.6,151.0,159.4,,,
2026-09-11T17:59:38.794843Z,781.0,792.276,100,1,read,2411.5,2049.4,200,13.1,31.5,50.3,62.9,,,
2026-09-11T17:59:38.794843Z,781.0,792.276,100,1,update,592.1,512.6,200,109.1,134.2,142.6,159.4,,,
2026-09-11T17:59:38.794843Z,782.0,793.277,100,1,read,2385.5,2049.8,200,11.5,33.6,56.6,134.2,,,
2026-09-11T17:59:38.794843Z,782.0,793.277,100,1,update,625.1,512.7,200,109.1,142.6,167.8,226.5,,,
2026-09-11T17:59:38.794843Z,783.0,794.277,100,1,read,2447.0,2050.3,200,11.0,29.4,44.0,67.1,,,
2026-09-11T17:59:38.794843Z,783.0,794.277,100,1,update,644.7,512.9,200,109.1,142.6,151.0,159.4,,,
2026-09-11T17:59:38.794843Z,784.0,795.271,100,1,read,2544.8,2050.9,200,12.6,30.4,65.0,96.5,,,
2026-09-11T17:59:38.794843Z,784.0,795.271,100,1,update,622.9,513.0,200,104.9,125.8,142.6,159.4,,,
2026-09-11T17:59:38.794843Z,785.0,796.271,100,1,read,2932.4,2052.1,200,9.4,22.0,28.3,46.1,,,
2026-09-11T17:59:38.794843Z,785.0,796.271,100,1,update,736.1,513.3,200,96.5,113.2,117.4,125.8,,,
2026-09-11T17:59:38.794843Z,786.0,797.276,100,1,read,2434.8,2052.5,200,15.7,37.7,62.9,100.7,,,
2026-09-11T17:59:38.794843Z,786.0,797.276,100,1,update,630.0,513.5,200,92.3,117.4,130.0,142.6,,,
2026-09-11T17:59:38.794843Z,787.0,798.271,100,1,read,2396.9,2053.0,200,14.2,37.7,58.7,113.2,,,
2026-09-11T17:59:38.794843Z,787.0,798.271,100,1,update,609.2,513.6,200,96.5,151.0,184.5,201.3,,,
2026-09-11T17:59:38.794843Z,788.0,799.273,100,1,read,2431.7,2053.5,200,12.1,35.7,60.8,104.9,,,
2026-09-11T17:59:38.794843Z,788.0,799.273,100,1,update,618.7,513.7,200,104.9,159.4,184.5,192.9,,,
2026-09-11T17:59:38.794843Z,789.0,800.271,100,1,read,2252.9,2053.7,200,16.3,33.6,39.8,54.5,,,
2026-09-11T17:59:38.794843Z,789.0,800.271,100,1,update,548.0,513.8,200,113.2,142.6,159.4,167.8,,,
2026-09-11T17:59:38.794843Z,790.0,801.271,100,1,read,2305.1,2054.0,200,15.2,39.8,65.0,96.5,,,
2026-09-11T17:59:38.794843Z,790.0,801.271,100,1,update,623.0,513.9,200,96.5,121.6,134.2,159.4,,,
2026-09-11T17:59:38.794843Z,791.0,802.279,100,1,read,2346.3,2054.4,200,15.2,44.0,71.3,83.9,,,
2026-09-11T17:59:38.794843Z,791.0,802.279,100,1,update,625.1,514.0,200,92.3,117.4,134.2,151.0,,,
2026-09-11T17:59:38.794843Z,792.0,803.273,100,1,read,2251.9,2054.6,200,16.3,52.4,71.3,92.3,,,
2026-09-11T17:59:38.794843Z,792.0,803.273,100,1,update,613.2,514.2,200,92.3,117.4,134.2,159.4,,,
2026-09-11T17:59:38.794843Z,793.0,804.273,100,1,read,2417.1,2055.1,200,16.8,54.5,79.7,100.7,,,
2026-09-11T17:59:38.794843Z,793.0,804.273,100,1,update,557.8,514.2,200,92.3,125.8,142.6,159.4,,,
2026-09-11T17:59:38.794843Z,794.0,805.279,100,1,read,2455.4,2055.6,200,16.3,39.8,71.3,83.9,,,
2026-09-11T17:59:38.794843Z,794.0,805.279,100,1,update,584.6,514.3,200,92.3,113.2,130.0,151.0,,,
2026-09-11T17:59:38.794843Z,795.0,806.272,100,1,read,2534.2,2056.2,200,15.7,37.7,62.9,88.1,,,
2026-09-11T17:59:38.794843Z,795.0,806.272,100,1,update,613.1,514.4,200,92.3,109.1,142.6,159.4,,,
2026-09-11T17:59:38.794843Z,796.0,807.28,100,1,read,2480.8,2056.7,200,15.7,35.7,67.1,92.3,,,
2026-09-11T17:59:38.794843Z,796.0,807.28,100,1,update,622.2,514.6,200,92.3,109.1,142.6,151.0,,,
2026-09-11T17:59:38.794843Z,797.0,808.271,100,1,read,2454.8,2057.2,200,15.7,44.0,65.0,88.1,,,
2026-09-11T17:59:38.794843Z,797.0,808.271,100,1,update,601.2,514.7,200,92.3,109.1,130.0,151.0,,,
2026-09-11T17:59:38.794843Z,798.0,809.271,100,1,read,2520.8,2057.8,200,14.7,35.7,60.8,83.9,,,
2026-09-11T17:59:38.794843Z,798.0,809.271,100,1,update,637.7,514.8,200,88.1,104.9,125.8,151.0,,,
2026-09-11T17:59:38.794843Z,799.0,810.275,100,1,read,2554.2,2058.4,200,15.2,39.8,65.0,96.5,,,
2026-09-11T17:59:38.794843Z,799.0,810.275,100,1,update,620.0,515.0,200,92.3,113.2,130.0,142.6,,,
2026-09-11T17:59:38.794843Z,800.0,811.278,100,1,read,2720.5,2059.3,200,14.2,27.3,32.5,54.5,,,
2026-09-11T17:59:38.794843Z,800.0,811.278,100,1,update,679.4,515.2,200,92.3,104.9,130.0,142.6,,,
2026-09-11T17:59:38.794843Z,801.0,812.271,100,1,read,2376.7,2059.7,200,17.8,39.8,54.5,192.9,,,
2026-09-11T17:59:38.794843Z,801.0,812.271,100,1,update,560.7,515.2,200,92.3,117.4,134.2,151.0,,,
2026-09-11T17:59:38.794843Z,802.0,813.268,100,1,read,2337.5,2060.0,200,17.8,41.9,54.5,100.7,,,
2026-09-11T17:59:38.794843Z,802.0,813.268,100,1,update,594.4,515.3,200,96.5,134.2,151.0,176.2,,,
2026-09-11T17:59:38.794843Z,803.0,814.272,100,1,read,2227.4,2060.2,200,18.9,41.9,54.5,71.3,,,
2026-09-11T17:59:38.794843Z,803.0,814.272,100,1,update,592.6,515.4,200,92.3,109.1,125.8,134.2,,,
2026-09-11T17:59:38.794843Z,804.0,815.27,100,1,read,2234.3,2060.4,200,18.9,37.7,48.2,67.1,,,
2026-09-11T17:59:38.794843Z,804.0,815.27,100,1,update,593.8,515.5,200,92.3,109.1,117.4,121.6,,,
2026-09-11T17:59:38.794843Z,805.0,816.273,100,1,read,2237.1,2060.7,200,21.0,44.0,54.5,79.7,,,
2026-09-11T17:59:38.794843Z,805.0,816.273,100,1,update,556.5,515.6,200,92.3,109.1,117.4,121.6,,,
2026-09-11T17:59:38.794843Z,806.0,817.27,100,1,read,2235.9,2060.9,200,21.0,41.9,56.6,83.9,,,
2026-09-11T17:59:38.794843Z,806.0,817.27,100,1,update,525.5,515.6,200,96.5,113.2,130.0,302.0,,,
2026-09-11T17:59:38.794843Z,807.0,818.271,100,1,read,2288.2,2061.2,200,19.9,41.9,50.3,88.1,,,
2026-09-11T17:59:38.794843Z,807.0,818.271,100,1,update,552.3,515.6,200,92.3,109.1,117.4,125.8,,,
2026-09-11T17:59:38.794843Z,808.0,819.272,100,1,read,2342.3,2061.5,200,18.9,35.7,46.1,58.7,,,
2026-09-11T17:59:38.794843Z,808.0,819.272,100,1,update,548.1,515.7,200,100.7,121.6,130.0,142.6,,,
2026-09-11T17:59:38.794843Z,809.0,820.27,100,1,read,2304.8,2061.8,200,17.8,35.7,46.1,104.9,,,
2026-09-11T17:59:38.794843Z,809.0,820.27,100,1,update,554.0,515.7,200,104.9,130.0,142.6,184.5,,,
2026-09-11T17:59:38.794843Z,810.0,821.276,100,1,read,2405.6,2062.2,200,16.8,32.5,39.8,50.3,,,
2026-09-11T17:59:38.794843Z,810.0,821.276,100,1,update,623.1,515.9,200,92.3,109.1,113.2,121.6,,,
2026-09-11T17:59:38.794843Z,811.0,822.271,100,1,read,2651.4,2063.0,200,13.1,28.3,35.7,67.1,,,
2026-09-11T17:59:38.794843Z,811.0,822.271,100,1,update,660.9,516.0,200,92.3,134.2,167.8,209.7,,,
2026-09-11T17:59:38.794843Z,812.0,823.271,100,1,read,2567.8,2063.6,200,14.2,30.4,39.8,75.5,,,
2026-09-11T17:59:38.794843Z,812.0,823.271,100,1,update,651.9,516.2,200,92.3,113.2,125.8,151.0,,,
2026-09-11T17:59:38.794843Z,813.0,824.272,100,1,read,2605.2,2064.2,200,14.7,29.4,35.7,54.5,,,
2026-09-11T17:59:38.794843Z,813.0,824.272,100,1,update,656.8,516.4,200,92.3,104.9,109.1,117.4,,,
2026-09-11T17:59:38.794843Z,814.0,825.271,100,1,read,2638.8,2065.0,200,13.6,27.3,35.7,52.4,,,
2026-09-11T17:59:38.794843Z,814.0,825.271,100,1,update,678.2,516.6,200,92.3,104.9,113.2,125.8,,,
2026-09-11T17:59:38.794843Z,815.0,826.271,100,1,read,2716.2,2065.8,200,15.7,31.5,39.8,52.4,,,
2026-09-11T17:59:38.794843Z,815.0,826.271,100,1,update,603.1,516.7,200,92.3,104.9,113.2,121.6,,,
2026-09-11T17:59:38.794843Z,816.0,827.271,100,1,read,2592.9,2066.4,200,14.7,31.5,37.7,58.7,,,
2026-09-11T17:59:38.794843Z,816.0,827.271,100,1,update,636.2,516.8,200,92.3,113.2,125.8,130.0,,,
2026-09-11T17:59:38.794843Z,817.0,828.271,100,1,read,2591.8,2067.0,200,11.5,32.5,48.2,176.2,,,
2026-09-11T17:59:38.794843Z,817.0,828.271,100,1,update,669.7,517.0,200,96.5,130.0,151.0,167.8,,,
2026-09-11T17:59:38.794843Z,818.0,829.271,100,1,read,2645.2,2067.7,200,14.7,29.4,39.8,56.6,,,
2026-09-11T17:59:38.794843Z,818.0,829.271,100,1,update,630.3,517.1,200,92.3,142.6,176.2,184.5,,,
2026-09-11T17:59:38.794843Z,819.0,830.272,100,1,read,2470.9,2068.2,200,12.6,30.4,37.7,50.3,,,
2026-09-11T17:59:38.794843Z,819.0,830.272,100,1,update,596.0,517.2,200,109.1,151.0,176.2,192.9,,,
2026-09-11T17:59:38.794843Z,820.0,831.271,100,1,read,2473.5,2068.7,200,12.6,30.4,46.1,117.4,,,
2026-09-11T17:59:38.794843Z,820.0,831.271,100,1,update,594.9,517.3,200,109.1,142.6,151.0,218.1,,,
2026-09-11T17:59:38.794843Z,821.0,832.267,100,1,read,2357.0,2069.1,200,13.1,35.7,62.9,113.2,,,
2026-09-11T17:59:38.794843Z,821.0,832.267,100,1,update,611.3,517.5,200,104.9,130.0,142.6,159.4,,,
2026-09-11T17:59:38.794843Z,822.0,833.27,100,1,read,2460.9,2069.6,200,11.5,31.5,62.9,109.1,,,
2026-09-11T17:59:38.794843Z,822.0,833.27,100,1,update,631.0,517.6,200,109.1,142.6,159.4,251.7,,,
2026-09-11T17:59:38.794843Z,823.0,834.269,100,1,read,2513.1,2070.1,200,11.5,32.5,41.9,58.7,,,
2026-09-11T17:59:38.794843Z,823.0,834.269,100,1,update,609.0,517.7,200,109.1,134.2,151.0,159.4,,,
2026-09-11T17:59:38.794843Z,824.0,835.268,100,1,read,2351.1,2070.4,200,13.6,30.4,39.8,54.5,,,
2026-09-11T17:59:38.794843Z,824.0,835.268,100,1,update,600.0,517.8,200,113.2,142.6,167.8,335.5,,,
2026-09-11T17:59:38.794843Z,825.0,836.272,100,1,read,2365.6,2070.8,200,10.5,31.5,46.1,71.3,,,
2026-09-11T17:59:38.794843Z,825.0,836.272,100,1,update,629.6,517.9,200,109.1,142.6,151.0,176.2,,,
2026-09-11T17:59:38.794843Z,826.0,837.271,100,1,read,2355.1,2071.1,200,14.2,30.4,41.9,54.5,,,
2026-09-11T17:59:38.794843Z,826.0,837.271,100,1,update,563.3,518.0,200,113.2,142.6,159.4,184.5,,,
2026-09-11T17:59:38.794843Z,827.0,838.271,100,1,read,2439.3,2071.6,200,12.6,29.4,35.7,48.2,,,
2026-09-11T17:59:38.794843Z,827.0,838.271,100,1,update,619.8,518.1,200,109.1,134.2,142.6,151.0,,,
2026-09-11T17:59:38.794843Z,828.0,839.277,100,1,read,2407.5,2072.0,200,12.1,32.5,46.1,67.1,,,
2026-09-11T17:59:38.794843Z,828.0,839.277,100,1,update,621.1,518.2,200,109.1,134.2,151.0,159.4,,,
2026-09-11T17:59:38.794843Z,829.0,840.272,100,1,read,2399.7,2072.4,200,14.7,29.4,39.8,62.9,,,
2026-09-11T17:59:38.794843Z,829.0,840.272,100,1,update,588.9,518.3,200,109.1,130.0,142.6,151.0,,,
2026-09-11T17:59:38.794843Z,830.0,841.272,100,1,read,2426.3,2072.8,200,15.2,30.4,37.7,54.5,,,
2026-09-11T17:59:38.794843Z,830.0,841.272,100,1,update,570.1,518.4,200,113.2,134.2,142.6,159.4,,,
2026-09-11T17:59:38.794843Z,831.0,842.272,100,1,read,2374.7,2073.2,200,14.2,31.5,39.8,50.3,,,
2026-09-11T17:59:38.794843Z,831.0,842.272,100,1,update,564.7,518.4,200,113.2,142.6,151.0,167.8,,,
2026-09-11T17:59:38.794843Z,832.0,843.271,100,1,read,2429.9,2073.6,200,15.2,37.7,46.1,79.7,,,
2026-09-11T17:59:38.794843Z,832.0,843.271,100,1,update,516.2,518.4,200,113.2,151.0,167.8,184.5,,,
2026-09-11T17:59:38.794843Z,833.0,844.272,100,1,read,2791.9,2074.5,200,11.0,25.2,32.5,41.9,,,
2026-09-11T17:59:38.794843Z,833.0,844.272,100,1,update,709.0,518.7,200,96.5,117.4,125.8,130.0,,,
2026-09-11T17:59:38.794843Z,834.0,845.271,100,1,read,2415.5,2074.9,200,13.1,31.5,41.9,79.7,,,
2026-09-11T17:59:38.794843Z,834.0,845.271,100,1,update,628.1,518.8,200,104.9,125.8,142.6,151.0,,,
2026-09-11T17:59:38.794843Z,835.0,846.272,100,1,read,2448.2,2075.3,200,13.6,30.4,39.8,121.6,,,
2026-09-11T17:59:38.794843Z,835.0,846.272,100,1,update,628.8,518.9,200,104.9,130.0,142.6,159.4,,,
2026-09-11T17:59:38.794843Z,836.0,847.271,100,1,read,2298.9,2075.6,200,13.1,31.5,48.2,67.1,,,
2026-09-11T17:59:38.794843Z,836.0,847.271,100,1,update,584.2,519.0,200,113.2,159.4,176.2,184.5,,,
2026-09-11T17:59:38.794843Z,837.0,848.272,100,1,read,2291.1,2075.9,200,12.6,31.5,46.1,79.7,,,
2026-09-11T17:59:38.794843Z,837.0,848.272,100,1,update,621.0,519.1,200,109.1,130.0,151.0,159.4,,,
2026-09-11T17:59:38.794843Z,838.0,849.272,100,1,read,2336.4,2076.2,200,13.6,32.5,71.3,151.0,,,
2026-09-11T17:59:38.794843Z,838.0,849.272,100,1,update,563.6,519.2,200,109.1,142.6,167.8,251.7,,,
2026-09-11T17:59:38.794843Z,839.0,850.272,100,1,read,2318.8,2076.5,200,14.2,31.5,41.9,54.5,,,
2026-09-11T17:59:38.794843Z,839.0,850.272,100,1,update,580.4,519.3,200,113.2,142.6,151.0,159.4,,,
2026-09-11T17:59:38.794843Z,840.0,851.277,100,1,read,2308.8,2076.7,200,12.6,31.5,39.8,56.6,,,
2026-09-11T17:59:38.794843Z,840.0,851.277,100,1,update,609.4,519.4,200,109.1,134.2,151.0,159.4,,,
2026-09-11T17:59:38.794843Z,841.0,852.268,100,1,read,2317.3,2077.0,200,14.7,30.4,39.8,83.9,,,
2026-09-11T17:59:38.794843Z,841.0,852.268,100,1,update,609.6,519.5,200,109.1,134.2,142.6,176.2,,,
2026-09-11T17:59:38.794843Z,842.0,853.268,100,1,read,2357.1,2077.3,200,13.1,30.4,39.8,54.5,,,
2026-09-11T17:59:38.794843Z,842.0,853.268,100,1,update,596.8,519.6,200,113.2,142.6,151.0,167.8,,,
2026-09-11T17:59:38.794843Z,843.0,854.266,100,1,read,2390.9,2077.7,200,13.1,31.5,41.9,71.3,,,
2026-09-11T17:59:38.794843Z,843.0,854.266,100,1,update,581.0,519.6,200,113.2,134.2,151.0,159.4,,,
2026-09-11T17:59:38.794843Z,844.0,855.267,100,1,read,2324.7,2078.0,200,12.6,32.5,50.3,88.1,,,
2026-09-11T17:59:38.794843Z,844.0,855.267,100,1,update,604.9,519.7,200,113.2,142.6,159.4,167.8,,,
2026-09-11T17:59:38.794843Z,845.0,856.267,100,1,read,2365.5,2078.4,200,12.6,32.5,46.1,100.7,,,
2026-09-11T17:59:38.794843Z,845.0,856.267,100,1,update,601.9,519.8,200,113.2,142.6,167.8,201.3,,,
2026-09-11T17:59:38.794843Z,846.0,857.269,100,1,read,2289.0,2078.6,200,13.6,35.7,79.7,159.4,,,
2026-09-11T17:59:38.794843Z,846.0,857.269,100,1,update,576.3,519.9,200,109.1,134.2,142.6,192.9,,,
2026-09-11T17:59:38.794843Z,847.0,858.267,100,1,read,2072.4,2078.6,200,13.6,39.8,113.2,218.1,,,
2026-09-11T17:59:38.794843Z,847.0,858.267,100,1,update,565.8,520.0,200,113.2,159.4,251.7,352.3,,,
2026-09-11T17:59:38.794843Z,848.0,859.272,100,1,read,2338.7,2078.9,200,13.1,32.5,52.4,125.8,,,
2026-09-11T17:59:38.794843Z,848.0,859.272,100,1,update,611.2,520.1,200,109.1,134.2,142.6,167.8,,,
2026-09-11T17:59:38.794843Z,849.0,860.271,100,1,read,2390.9,2079.3,200,13.1,31.5,41.9,54.5,,,
2026-09-11T17:59:38.794843Z,849.0,860.271,100,1,update,593.0,520.1,200,109.1,134.2,151.0,176.2,,,
2026-09-11T17:59:38.794843Z,850.0,861.272,100,1,read,2340.8,2079.6,200,13.6,32.5,48.2,92.3,,,
2026-09-11T17:59:38.794843Z,850.0,861.272,100,1,update,594.0,520.2,200,109.1,142.6,151.0,201.3,,,
2026-09-11T17:59:38.794843Z,851.0,862.272,100,1,read,2382.9,2079.9,200,13.6,31.5,39.8,54.5,,,
2026-09-11T17:59:38.794843Z,851.0,862.272,100,1,update,585.2,520.3,200,113.2,142.6,142.6,159.4,,,
2026-09-11T17:59:38.794843Z,852.0,863.272,100,1,read,2371.2,2080.3,200,13.1,30.4,44.0,65.0,,,
2026-09-11T17:59:38.794843Z,852.0,863.272,100,1,update,581.6,520.4,200,113.2,142.6,159.4,176.2,,,
2026-09-11T17:59:38.794843Z,853.0,864.273,100,1,read,2439.8,2080.7,200,12.6,30.4,41.9,96.5,,,
2026-09-11T17:59:38.794843Z,853.0,864.273,100,1,update,596.4,520.5,200,109.1,134.2,151.0,176.2,,,
2026-09-11T17:59:38.794843Z,854.0,865.315,100,1,read,2504.9,2081.2,200,10.5,35.7,50.3,130.0,,,
2026-09-11T17:59:38.794843Z,854.0,865.315,100,1,update,630.0,520.6,200,109.1,134.2,151.0,167.8,,,
2026-09-11T17:59:38.794843Z,855.0,866.272,100,1,read,2443.6,2081.6,200,10.0,30.4,41.9,54.5,,,
2026-09-11T17:59:38.794843Z,855.0,866.272,100,1,update,648.6,520.8,200,109.1,134.2,151.0,167.8,,,
2026-09-11T17:59:38.794843Z,856.0,867.271,100,1,read,2451.3,2082.0,200,13.1,31.5,41.9,75.5,,,
2026-09-11T17:59:38.794843Z,856.0,867.271,100,1,update,596.3,520.8,200,109.1,142.6,151.0,167.8,,,
2026-09-11T17:59:38.794843Z,857.0,868.272,100,1,read,2490.9,2082.5,200,11.5,29.4,39.8,52.4,,,
2026-09-11T17:59:38.794843Z,857.0,868.272,100,1,update,622.0,521.0,200,109.1,134.2,151.0,159.4,,,
2026-09-11T17:59:38.794843Z,858.0,869.269,100,1,read,2504.4,2083.0,200,11.0,29.4,44.0,92.3,,,
2026-09-11T17:59:38.794843Z,858.0,869.269,100,1,update,627.1,521.1,200,109.1,142.6,151.0,209.7,,,
2026-09-11T17:59:38.794843Z,859.0,870.271,100,1,read,2511.0,2083.5,200,12.6,30.4,44.0,96.5,,,
2026-09-11T17:59:38.794843Z,859.0,870.271,100,1,update,625.0,521.2,200,109.1,130.0,142.6,192.9,,,
2026-09-11T17:59:38.794843Z,860.0,871.279,100,1,read,2557.8,2084.1,200,12.6,29.4,37.7,60.8,,,
2026-09-11T17:59:38.794843Z,860.0,871.279,100,1,update,596.0,521.3,200,113.2,134.2,151.0,151.0,,,
2026-09-11T17:59:38.794843Z,861.0,872.279,100,1,read,2475.2,2084.5,200,13.1,30.4,39.8,52.4,,,
2026-09-11T17:59:38.794843Z,861.0,872.279,100,1,update,598.6,521.4,200,109.1,134.2,142.6,159.4,,,
2026-09-11T17:59:38.794843Z,862.0,873.269,100,1,read,2320.5,2084.8,200,15.2,35.7,48.2,75.5,,,
2026-09-11T17:59:38.794843Z,862.0,873.269,100,1,update,547.2,521.4,200,113.2,142.6,159.4,176.2,,,
2026-09-11T17:59:38.794843Z,863.0,874.271,100,1,read,2490.5,2085.3,200,11.5,29.4,41.9,75.5,,,
2026-09-11T17:59:38.794843Z,863.0,874.271,100,1,update,625.9,521.5,200,109.1,151.0,159.4,167.8,,,
2026-09-11T17:59:38.794843Z,864.0,875.271,100,1,read,2479.1,2085.7,200,12.1,33.6,54.5,100.7,,,
2026-09-11T17:59:38.794843Z,864.0,875.271,100,1,update,617.0,521.6,200,109.1,134.2,159.4,218.1,,,
2026-09-11T17:59:38.794843Z,865.0,876.271,100,1,read,2495.1,2086.2,200,11.0,33.6,48.2,92.3,,,
2026-09-11T17:59:38.794843Z,865.0,876.271,100,1,update,612.8,521.7,200,109.1,142.6,159.4,260.0,,,
2026-09-11T17:59:38.794843Z,866.0,877.271,100,1,read,2483.1,2086.7,200,12.1,31.5,46.1,88.1,,,
2026-09-11T17:59:38.794843Z,866.0,877.271,100,1,update,600.3,521.8,200,109.1,151.0,176.2,201.3,,,
2026-09-11T17:59:38.794843Z,867.0,878.273,100,1,read,2562.0,2087.2,200,12.6,29.4,44.0,58.7,,,
2026-09-11T17:59:38.794843Z,867.0,878.273,100,1,update,597.0,521.9,200,109.1,142.6,151.0,159.4,,,
2026-09-11T17:59:38.794843Z,868.0,879.278,100,1,read,2525.2,2087.7,200,11.0,32.5,46.1,62.9,,,
2026-09-11T17:59:38.794843Z,868.0,879.278,100,1,update,627.8,522.0,200,109.1,142.6,151.0,159.4,,,
2026-09-11T17:59:38.794843Z,869.0,880.271,100,1,read,2493.9,2088.2,200,11.0,30.4,39.8,79.7,,,
2026-09-11T17:59:38.794843Z,869.0,880.271,100,1,update,637.2,522.2,200,109.1,134.2,142.6,159.4,,,
2026-09-11T17:59:38.794843Z,870.0,881.288,100,1,read,2470.3,2088.6,200,13.1,31.5,41.9,58.7,,,
2026-09-11T17:59:38.794843Z,870.0,881.288,100,1,update,576.8,522.2,200,113.2,142.6,151.0,159.4,,,
2026-09-11T17:59:38.794843Z,871.0,882.271,100,1,read,2340.0,2088.9,200,12.1,29.4,37.7,54.5,,,
2026-09-11T17:59:38.794843Z,871.0,882.271,100,1,update,658.0,522.4,200,109.1,130.0,142.6,167.8,,,
2026-09-11T17:59:38.794843Z,872.0,883.272,100,1,read,2508.6,2089.4,200,11.5,31.5,41.9,58.7,,,
2026-09-11T17:59:38.794843Z,872.0,883.272,100,1,update,612.9,522.5,200,109.1,134.2,142.6,151.0,,,
2026-09-11T17:59:38.794843Z,873.0,884.272,100,1,read,2529.7,2089.9,200,10.5,32.5,46.1,62.9,,,
2026-09-11T17:59:38.794843Z,873.0,884.272,100,1,update,619.2,522.6,200,109.1,142.6,159.4,184.5,,,
2026-09-11T17:59:38.794843Z,874.0,885.274,100,1,read,2460.5,2090.3,200,11.5,31.5,71.3,159.4,,,
2026-09-11T17:59:38.794843Z,874.0,885.274,100,1,update,599.1,522.7,200,109.1,142.6,167.8,234.9,,,
2026-09-11T17:59:38.794843Z,875.0,886.271,100,1,read,2450.2,2090.7,200,9.4,31.5,65.0,142.6,,,
2026-09-11T17:59:38.794843Z,875.0,886.271,100,1,update,661.5,522.9,200,109.1,134.2,159.4,260.0,,,
2026-09-11T17:59:38.794843Z,876.0,887.273,100,1,read,2469.0,2091.2,200,12.1,26.2,32.5,39.8,,,
2026-09-11T17:59:38.794843Z,876.0,887.273,100,1,update,624.5,523.0,200,113.2,142.6,159.4,167.8,,,
2026-09-11T17:59:38.794843Z,877.0,888.278,100,1,read,2233.6,2091.3,200,14.2,35.7,52.4,92.3,,,
2026-09-11T17:59:38.794843Z,877.0,888.278,100,1,update,558.9,523.0,200,113.2,151.0,159.4,335.5,,,
2026-09-11T17:59:38.794843Z,878.0,889.273,100,1,read,2542.9,2091.8,200,11.5,31.5,44.0,56.6,,,
2026-09-11T17:59:38.794843Z,878.0,889.273,100,1,update,638.0,523.1,200,109.1,130.0,142.6,167.8,,,
2026-09-11T17:59:38.794843Z,879.0,890.273,100,1,read,2558.2,2092.4,200,11.0,30.4,50.3,151.0,,,
2026-09-11T17:59:38.794843Z,879.0,890.273,100,1,update,589.0,523.2,200,109.1,159.4,192.9,209.7,,,
2026-09-11T17:59:38.794843Z,880.0,891.274,100,1,read,2755.7,2093.1,200,10.5,27.3,35.7,60.8,,,
2026-09-11T17:59:38.794843Z,880.0,891.274,100,1,update,678.9,523.4,200,100.7,130.0,142.6,218.1,,,
2026-09-11T17:59:38.794843Z,881.0,892.278,100,1,read,2877.6,2094.0,200,9.4,23.1,30.4,44.0,,,
2026-09-11T17:59:38.794843Z,881.0,892.278,100,1,update,738.2,523.6,200,96.5,109.1,121.6,125.8,,,
2026-09-11T17:59:38.794843Z,882.0,893.278,100,1,read,2481.0,2094.4,200,13.6,30.4,39.8,50.3,,,
2026-09-11T17:59:38.794843Z,882.0,893.278,100,1,update,632.0,523.8,200,100.7,121.6,142.6,159.4,,,
2026-09-11T17:59:38.794843Z,883.0,894.273,100,1,read,2725.1,2095.2,200,11.0,26.2,32.5,52.4,,,
2026-09-11T17:59:38.794843Z,883.0,894.273,100,1,update,697.0,524.0,200,96.5,117.4,130.0,134.2,,,
2026-09-11T17:59:38.794843Z,884.0,895.273,100,1,read,2899.0,2096.1,200,9.4,23.1,31.5,48.2,,,
2026-09-11T17:59:38.794843Z,884.0,895.273,100,1,update,741.0,524.2,200,96.5,113.2,121.6,142.6,,,
2026-09-11T17:59:38.794843Z,885.0,896.272,100,1,read,2982.0,2097.1,200,8.4,19.9,26.2,35.7,,,
2026-09-11T17:59:38.794843Z,885.0,896.272,100,1,update,768.0,524.5,200,92.3,113.2,117.4,130.0,,,
2026-09-11T17:59:38.794843Z,886.0,897.273,100,1,read,2869.9,2097.9,200,9.4,22.0,27.3,37.7,,,
2026-09-11T17:59:38.794843Z,886.0,897.273,100,1,update,751.0,524.7,200,96.5,109.1,117.4,125.8,,,
2026-09-11T17:59:38.794843Z,887.0,898.273,100,1,read,2880.6,2098.8,200,9.4,21.0,29.4,44.0,,,
2026-09-11T17:59:38.794843Z,887.0,898.273,100,1,update,758.9,525.0,200,96.5,125.8,167.8,184.5,,,
2026-09-11T17:59:38.794843Z,888.0,899.272,100,1,read,3119.0,2100.0,200,9.4,22.0,27.3,39.8,,,
2026-09-11T17:59:38.794843Z,888.0,899.272,100,1,update,722.0,525.2,200,96.5,109.1,117.4,125.8,,,
2026-09-11T17:59:38.794843Z,889.0,900.272,100,1,read,2987.5,2101.0,200,8.9,21.0,26.2,62.9,,,
2026-09-11T17:59:38.794843Z,889.0,900.272,100,1,update,759.9,525.5,200,96.5,109.1,117.4,125.8,,,
2026-09-11T17:59:38.794843Z,890.0,901.271,100,1,read,2703.3,2101.6,200,10.5,32.5,50.3,75.5,,,
2026-09-11T17:59:38.794843Z,890.0,901.271,100,1,update,661.6,525.6,200,96.5,130.0,151.0,167.8,,,
2026-09-11T17:59:38.794843Z,891.0,902.273,100,1,read,2611.6,2102.2,200,10.5,29.4,37.7,50.3,,,
2026-09-11T17:59:38.794843Z,891.0,902.273,100,1,update,639.1,525.8,200,100.7,159.4,192.9,201.3,,,
2026-09-11T17:59:38.794843Z,892.0,903.269,100,1,read,2496.0,2102.7,200,11.0,30.4,44.0,58.7,,,
2026-09-11T17:59:38.794843Z,892.0,903.269,100,1,update,637.5,525.9,200,104.9,134.2,151.0,159.4,,,
2026-09-11T17:59:38.794843Z,893.0,904.277,100,1,read,2580.2,2103.2,200,11.5,30.4,41.9,58.7,,,
2026-09-11T17:59:38.794843Z,893.0,904.277,100,1,update,589.6,526.0,200,109.1,142.6,159.4,167.8,,,
2026-09-11T17:59:38.794843Z,894.0,905.272,100,1,read,2521.8,2103.7,200,12.1,30.4,44.0,58.7,,,
2026-09-11T17:59:38.794843Z,894.0,905.272,100,1,update,611.2,526.1,200,109.1,142.6,151.0,167.8,,,
2026-09-11T17:59:38.794843Z,895.0,906.269,100,1,read,2997.0,2104.7,200,8.9,22.0,29.4,46.1,,,
2026-09-11T17:59:38.794843Z,895.0,906.269,100,1,update,754.2,526.3,200,96.5,113.2,121.6,125.8,,,
2026-09-11T17:59:38.794843Z,896.0,907.273,100,1,read,2419.5,2105.0,200,12.6,39.8,58.7,88.1,,,
2026-09-11T17:59:38.794843Z,896.0,907.273,100,1,update,608.6,526.4,200,100.7,142.6,167.8,184.5,,,
2026-09-11T17:59:38.794843Z,897.0,908.273,100,1,read,2315.1,2105.2,200,16.3,32.5,41.9,62.9,,,
2026-09-11T17:59:38.794843Z,897.0,908.273,100,1,update,567.0,526.5,200,109.1,130.0,142.6,167.8,,,
2026-09-11T17:59:38.794843Z,898.0,909.273,100,1,read,2371.3,2105.5,200,16.3,31.5,39.8,54.5,,,
2026-09-11T17:59:38.794843Z,898.0,909.273,100,1,update,568.3,526.5,200,104.9,121.6,125.8,134.2,,,
2026-09-11T17:59:38.794843Z,899.0,910.273,100,1,read,2420.5,2105.9,200,14.2,31.5,41.9,60.8,,,
2026-09-11T17:59:38.794843Z,899.0,910.273,100,1,update,591.9,526.6,200,104.9,130.0,151.0,151.0,,,
2026-09-11T17:59:38.794843Z,900.0,911.272,100,1,read,2941.6,2106.8,200,9.4,22.0,28.3,62.9,,,
2026-09-11T17:59:38.794843Z,900.0,911.272,100,1,update,747.2,526.8,200,96.5,113.2,117.4,125.8,,,
2026-09-11T17:59:38.794843Z,901.0,912.273,100,1,read,2920.2,2107.7,200,10.0,23.1,30.4,46.1,,,
2026-09-11T17:59:38.794843Z,901.0,912.273,100,1,update,720.6,527.0,200,96.5,113.2,125.8,151.0,,,
2026-09-11T17:59:38.794843Z,902.0,913.279,100,1,read,2542.0,2108.2,200,12.1,30.4,39.8,56.6,,,
2026-09-11T17:59:38.794843Z,902.0,913.279,100,1,update,595.8,527.1,200,109.1,151.0,176.2,176.2,,,
2026-09-11T17:59:38.794843Z,903.0,914.277,100,1,read,2453.6,2108.6,200,12.6,31.5,41.9,75.5,,,
2026-09-11T17:59:38.794843Z,903.0,914.277,100,1,update,621.7,527.2,200,109.1,130.0,142.6,176.2,,,
2026-09-11T17:59:38.794843Z,904.0,915.273,100,1,read,2462.8,2109.0,200,11.5,33.6,48.2,65.0,,,
2026-09-11T17:59:38.794843Z,904.0,915.273,100,1,update,642.9,527.3,200,104.9,130.0,159.4,285.2,,,
2026-09-11T17:59:38.794843Z,905.0,916.279,100,1,read,2590.4,2109.5,200,10.5,28.3,35.7,71.3,,,
2026-09-11T17:59:38.794843Z,905.0,916.279,100,1,update,651.6,527.5,200,104.9,142.6,167.8,192.9,,,
2026-09-11T17:59:38.794843Z,906.0,917.272,100,1,read,2384.7,2109.8,200,10.5,35.7,54.5,121.6,,,
2026-09-11T17:59:38.794843Z,906.0,917.272,100,1,update,640.4,527.6,200,109.1,134.2,151.0,209.7,,,
2026-09-11T17:59:38.794843Z,907.0,918.277,100,1,read,2403.6,2110.1,200,11.5,29.4,37.7,50.3,,,
2026-09-11T17:59:38.794843Z,907.0,918.277,100,1,update,648.9,527.7,200,104.9,130.0,142.6,151.0,,,
2026-09-11T17:59:38.794843Z,908.0,919.273,100,1,read,2492.6,2110.6,200,10.0,30.4,41.9,75.5,,,
2026-09-11T17:59:38.794843Z,908.0,919.273,100,1,update,650.9,527.9,200,109.1,142.6,159.4,176.2,,,
2026-09-11T17:59:38.794843Z,909.0,920.273,100,1,read,2431.5,2110.9,200,10.5,33.6,50.3,92.3,,,
2026-09-11T17:59:38.794843Z,909.0,920.273,100,1,update,637.1,528.0,200,109.1,142.6,159.4,167.8,,,
2026-09-11T17:59:38.794843Z,910.0,921.273,100,1,read,2451.2,2111.3,200,11.5,32.5,50.3,96.5,,,
2026-09-11T17:59:38.794843Z,910.0,921.273,100,1,update,619.0,528.1,200,109.1,142.6,167.8,176.2,,,
2026-09-11T17:59:38.794843Z,911.0,922.277,100,1,read,2396.4,2111.6,200,13.6,29.4,37.7,52.4,,,
2026-09-11T17:59:38.794843Z,911.0,922.277,100,1,update,578.9,528.1,200,113.2,142.6,176.2,192.9,,,
2026-09-11T17:59:38.794843Z,912.0,923.272,100,1,read,2305.2,2111.8,200,15.2,32.5,39.8,83.9,,,
2026-09-11T17:59:38.794843Z,912.0,923.272,100,1,update,545.0,528.2,200,113.2,151.0,184.5,209.7,,,
2026-09-11T17:59:38.794843Z,913.0,924.274,100,1,read,2334.6,2112.1,200,14.2,32.5,44.0,65.0,,,
2026-09-11T17:59:38.794843Z,913.0,924.274,100,1,update,571.9,528.2,200,113.2,142.6,151.0,159.4,,,
2026-09-11T17:59:38.794843Z,914.0,925.274,100,1,read,2315.6,2112.3,200,14.7,32.5,46.1,58.7,,,
2026-09-11T17:59:38.794843Z,914.0,925.274,100,1,update,537.1,528.2,200,113.2,142.6,151.0,151.0,,,
2026-09-11T17:59:38.794843Z,915.0,926.273,100,1,read,2288.9,2112.5,200,13.1,30.4,44.0,67.1,,,
2026-09-11T17:59:38.794843Z,915.0,926.273,100,1,update,609.7,528.3,200,117.4,159.4,184.5,192.9,,,
2026-09-11T17:59:38.794843Z,916.0,927.273,100,1,read,2262.4,2112.6,200,13.6,31.5,48.2,65.0,,,
2026-09-11T17:59:38.794843Z,916.0,927.273,100,1,update,587.1,528.4,200,109.1,142.6,151.0,167.8,,,
2026-09-11T17:59:38.794843Z,917.0,928.279,100,1,read,2370.8,2112.9,200,11.0,37.7,58.7,125.8,,,
2026-09-11T17:59:38.794843Z,917.0,928.279,100,1,update,599.2,528.5,200,113.2,142.6,159.4,184.5,,,
2026-09-11T17:59:38.794843Z,918.0,929.272,100,1,read,2413.9,2113.2,200,10.5,44.0,88.1,167.8,,,
2026-09-11T17:59:38.794843Z,918.0,929.272,100,1,update,611.0,528.5,200,104.9,142.6,251.7,285.2,,,
2026-09-11T17:59:38.794843Z,919.0,930.273,100,1,read,2480.2,2113.6,200,13.6,31.5,44.0,65.0,,,
2026-09-11T17:59:38.794843Z,919.0,930.273,100,1,update,570.8,528.6,200,113.2,142.6,159.4,176.2,,,
2026-09-11T17:59:38.794843Z,920.0,931.272,100,1,read,2131.2,2113.7,200,14.2,39.8,58.7,159.4,,,
2026-09-11T17:59:38.794843Z,920.0,931.272,100,1,update,542.3,528.6,200,113.2,151.0,159.4,176.2,,,
2026-09-11T17:59:38.794843Z,921.0,932.278,100,1,read,2400.4,2114.0,200,11.0,46.1,104.9,167.8,,,
2026-09-11T17:59:38.794843Z,921.0,932.278,100,1,update,600.6,528.7,200,104.9,142.6,201.3,285.2,,,
2026-09-11T17:59:38.794843Z,922.0,933.272,100,1,read,2505.5,2114.4,200,13.1,31.5,41.9,71.3,,,
2026-09-11T17:59:38.794843Z,922.0,933.272,100,1,update,543.3,528.7,200,113.2,151.0,159.4,184.5,,,
2026-09-11T17:59:38.794843Z,923.0,934.273,100,1,read,2430.1,2114.7,200,11.5,29.4,41.9,79.7,,,
2026-09-11T17:59:38.794843Z,923.0,934.273,100,1,update,653.8,528.8,200,109.1,130.0,142.6,176.2,,,
2026-09-11T17:59:38.794843Z,924.0,935.273,100,1,read,2418.6,2115.1,200,12.6,29.4,41.9,65.0,,,
2026-09-11T17:59:38.794843Z,924.0,935.273,100,1,update,601.9,528.9,200,109.1,134.2,151.0,167.8,,,
2026-09-11T17:59:38.794843Z,925.0,936.274,100,1,read,2381.1,2115.4,200,10.5,33.6,46.1,67.1,,,
2026-09-11T17:59:38.794843Z,925.0,936.274,100,1,update,647.0,529.0,200,109.1,134.2,159.4,167.8,,,
2026-09-11T17:59:38.794843Z,926.0,937.273,100,1,read,2365.4,2115.6,200,12.6,31.5,44.0,54.5,,,
2026-09-11T17:59:38.794843Z,926.0,937.273,100,1,update,619.1,529.1,200,109.1,142.6,159.4,159.4,,,
2026-09-11T17:59:38.794843Z,927.0,938.286,100,1,read,2407.8,2115.9,200,14.7,31.5,39.8,50.3,,,
2026-09-11T17:59:38.794843Z,927.0,938.286,100,1,update,580.0,529.2,200,109.1,125.8,134.2,142.6,,,
2026-09-11T17:59:38.794843Z,928.0,939.274,100,1,read,2751.0,2116.6,200,11.5,27.3,35.7,60.8,,,
2026-09-11T17:59:38.794843Z,928.0,939.274,100,1,update,664.2,529.3,200,100.7,121.6,130.0,151.0,,,
2026-09-11T17:59:38.794843Z,929.0,940.274,100,1,read,2925.5,2117.5,200,8.9,19.9,27.3,41.9,,,
2026-09-11T17:59:38.794843Z,929.0,940.274,100,1,update,772.9,529.6,200,92.3,109.1,121.6,318.8,,,
2026-09-11T17:59:38.794843Z,930.0,941.281,100,1,read,2727.9,2118.2,200,10.5,25.2,37.7,62.9,,,
2026-09-11T17:59:38.794843Z,930.0,941.281,100,1,update,654.5,529.7,200,100.7,151.0,176.2,201.3,,,
2026-09-11T17:59:38.794843Z,931.0,942.273,100,1,read,2383.0,2118.4,200,11.5,32.5,48.2,65.0,,,
2026-09-11T17:59:38.794843Z,931.0,942.273,100,1,update,619.2,529.8,200,109.1,142.6,151.0,167.8,,,
2026-09-11T17:59:38.794843Z,932.0,943.346,100,1,read,2398.0,2118.7,200,12.6,30.4,35.7,46.1,,,
2026-09-11T17:59:38.794843Z,932.0,943.346,100,1,update,596.0,529.9,200,109.1,151.0,209.7,209.7,,,
2026-09-11T17:59:38.794843Z,933.0,944.278,100,1,read,2433.2,2119.1,200,12.6,27.3,35.7,52.4,,,
2026-09-11T17:59:38.794843Z,933.0,944.278,100,1,update,642.3,530.0,200,109.1,130.0,142.6,151.0,,,
2026-09-11T17:59:38.794843Z,934.0,945.274,100,1,read,2283.1,2119.3,200,15.2,32.5,39.8,56.6,,,
2026-09-11T17:59:38.794843Z,934.0,945.274,100,1,update,553.0,530.0,200,113.2,159.4,176.2,192.9,,,
2026-09-11T17:59:38.794843Z,935.0,946.275,100,1,read,2925.9,2120.1,200,10.5,25.2,35.7,50.3,,,
2026-09-11T17:59:38.794843Z,935.0,946.275,100,1,update,664.0,530.2,200,100.7,125.8,142.6,151.0,,,
2026-09-11T17:59:38.794843Z,936.0,947.273,100,1,read,2921.8,2121.0,200,9.4,24.1,31.5,54.5,,,
2026-09-11T17:59:38.794843Z,936.0,947.273,100,1,update,735.7,530.4,200,96.5,113.2,121.6,142.6,,,
2026-09-11T17:59:38.794843Z,937.0,948.274,100,1,read,3012.6,2121.9,200,8.9,22.0,28.3,41.9,,,
2026-09-11T17:59:38.794843Z,937.0,948.274,100,1,update,731.2,530.6,200,96.5,113.2,117.4,125.8,,,
2026-09-11T17:59:38.794843Z,938.0,949.278,100,1,read,3065.0,2122.9,200,9.4,22.0,29.4,39.8,,,
2026-09-11T17:59:38.794843Z,938.0,949.278,100,1,update,743.2,530.9,200,96.5,113.2,117.4,121.6,,,
2026-09-11T17:59:38.794843Z,939.0,950.273,100,1,read,2974.7,2123.8,200,9.4,22.0,29.4,50.3,,,
2026-09-11T17:59:38.794843Z,939.0,950.273,100,1,update,744.7,531.1,200,92.3,109.1,113.2,121.6,,,
2026-09-11T17:59:38.794843Z,940.0,951.271,100,1,read,2926.9,2124.7,200,8.9,21.0,29.4,39.8,,,
2026-09-11T17:59:38.794843Z,940.0,951.271,100,1,update,772.0,531.3,200,92.3,109.1,117.4,130.0,,,
2026-09-11T17:59:38.794843Z,941.0,952.272,100,1,read,2668.1,2125.3,200,11.5,25.2,35.7,41.9,,,
2026-09-11T17:59:38.794843Z,941.0,952.272,100,1,update,721.5,531.5,200,92.3,113.2,130.0,151.0,,,
2026-09-11T17:59:38.794843Z,942.0,953.272,100,1,read,2776.3,2126.0,200,13.6,27.3,35.7,52.4,,,
2026-09-11T17:59:38.794843Z,942.0,953.272,100,1,update,696.8,531.7,200,88.1,100.7,109.1,109.1,,,
2026-09-11T17:59:38.794843Z,943.0,954.269,100,1,read,2812.2,2126.7,200,12.6,25.2,31.5,48.2,,,
2026-09-11T17:59:38.794843Z,943.0,954.269,100,1,update,708.1,531.9,200,88.1,100.7,109.1,117.4,,,
2026-09-11T17:59:38.794843Z,944.0,955.274,100,1,read,2682.4,2127.3,200,12.6,26.2,31.5,46.1,,,
2026-09-11T17:59:38.794843Z,944.0,955.274,100,1,update,716.3,532.1,200,88.1,104.9,109.1,121.6,,,
2026-09-11T17:59:38.794843Z,945.0,956.274,100,1,read,2738.2,2127.9,200,13.6,27.3,32.5,48.2,,,
2026-09-11T17:59:38.794843Z,945.0,956.274,100,1,update,698.6,532.3,200,92.3,100.7,109.1,117.4,,,
2026-09-11T17:59:38.794843Z,946.0,957.273,100,1,read,2706.2,2128.5,200,12.6,25.2,32.5,50.3,,,
2026-09-11T17:59:38.794843Z,946.0,957.273,100,1,update,710.5,532.5,200,92.3,109.1,121.6,134.2,,,
2026-09-11T17:59:38.794843Z,947.0,958.274,100,1,read,2539.4,2129.0,200,13.6,31.5,46.1,60.8,,,
2026-09-11T17:59:38.794843Z,947.0,958.274,100,1,update,623.8,532.6,200,96.5,125.8,142.6,151.0,,,
2026-09-11T17:59:38.794843Z,948.0,959.275,100,1,read,2822.0,2129.7,200,13.1,25.2,31.5,44.0,,,
2026-09-11T17:59:38.794843Z,948.0,959.275,100,1,update,694.5,532.7,200,92.3,109.1,125.8,134.2,,,
2026-09-11T17:59:38.794843Z,949.0,960.283,100,1,read,2781.0,2130.4,200,13.6,27.3,33.6,46.1,,,
2026-09-11T17:59:38.794843Z,949.0,960.283,100,1,update,680.0,532.9,200,92.3,100.7,104.9,113.2,,,
2026-09-11T17:59:38.794843Z,950.0,961.273,100,1,read,2730.3,2131.0,200,14.2,28.3,35.7,46.1,,,
2026-09-11T17:59:38.794843Z,950.0,961.273,100,1,update,670.6,533.0,200,88.1,104.9,109.1,117.4,,,
2026-09-11T17:59:38.794843Z,951.0,962.275,100,1,read,2590.9,2131.5,200,11.5,26.2,32.5,58.7,,,
2026-09-11T17:59:38.794843Z,951.0,962.275,100,1,update,711.5,533.2,200,96.5,130.0,176.2,184.5,,,
2026-09-11T17:59:38.794843Z,952.0,963.273,100,1,read,2712.0,2132.1,200,13.1,26.2,33.6,46.1,,,
2026-09-11T17:59:38.794843Z,952.0,963.273,100,1,update,667.0,533.4,200,96.5,113.2,121.6,130.0,,,
2026-09-11T17:59:38.794843Z,953.0,964.294,100,1,read,2783.1,2132.8,200,13.6,26.2,33.6,46.1,,,
2026-09-11T17:59:38.794843Z,953.0,964.294,100,1,update,675.0,533.5,200,92.3,104.9,113.2,121.6,,,
2026-09-11T17:59:38.794843Z,954.0,965.284,100,1,read,2751.3,2133.4,200,13.1,28.3,41.9,56.6,,,
2026-09-11T17:59:38.794843Z,954.0,965.284,100,1,update,670.8,533.6,200,92.3,104.9,113.2,117.4,,,
2026-09-11T17:59:38.794843Z,955.0,966.273,100,1,read,2729.4,2134.1,200,14.2,28.3,35.7,62.9,,,
2026-09-11T17:59:38.794843Z,955.0,966.273,100,1,update,683.1,533.8,200,92.3,100.7,109.1,121.6,,,
2026-09-11T17:59:38.794843Z,956.0,967.271,100,1,read,2766.4,2134.7,200,13.1,27.3,35.7,52.4,,,
2026-09-11T17:59:38.794843Z,956.0,967.271,100,1,update,672.1,533.9,200,92.3,104.9,121.6,130.0,,,
2026-09-11T17:59:38.794843Z,957.0,968.272,100,1,read,2819.2,2135.4,200,13.6,27.3,32.5,44.0,,,
2026-09-11T17:59:38.794843Z,957.0,968.272,100,1,update,674.0,534.1,200,88.1,100.7,109.1,113.2,,,
2026-09-11T17:59:38.794843Z,958.0,969.276,100,1,read,2840.5,2136.2,200,12.6,25.2,29.4,44.0,,,
2026-09-11T17:59:38.794843Z,958.0,969.276,100,1,update,718.4,534.3,200,92.3,100.7,104.9,109.1,,,
2026-09-11T17:59:38.794843Z,959.0,970.274,100,1,read,2773.6,2136.8,200,12.6,25.2,30.4,37.7,,,
2026-09-11T17:59:38.794843Z,959.0,970.274,100,1,update,734.4,534.5,200,88.1,100.7,104.9,109.1,,,
2026-09-11T17:59:38.794843Z,960.0,971.274,100,1,read,2809.5,2137.5,200,12.6,25.2,32.5,58.7,,,
2026-09-11T17:59:38.794843Z,960.0,971.274,100,1,update,704.6,534.7,200,92.3,100.7,109.1,125.8,,,
2026-09-11T17:59:38.794843Z,961.0,972.27,100,1,read,2588.8,2138.0,200,10.5,33.6,41.9,192.9,,,
2026-09-11T17:59:38.794843Z,961.0,972.27,100,1,update,666.5,534.8,200,100.7,134.2,159.4,302.0,,,
2026-09-11T17:59:38.794843Z,962.0,973.274,100,1,read,2753.3,2138.7,200,12.1,24.1,30.4,48.2,,,
2026-09-11T17:59:38.794843Z,962.0,973.274,100,1,update,729.1,535.0,200,88.1,104.9,113.2,125.8,,,
2026-09-11T17:59:38.794843Z,963.0,974.272,100,1,read,2853.7,2139.4,200,14.2,28.3,35.7,52.4,,,
2026-09-11T17:59:38.794843Z,963.0,974.272,100,1,update,646.9,535.1,200,92.3,104.9,109.1,117.4,,,
2026-09-11T17:59:38.794843Z,964.0,975.274,100,1,read,2733.3,2140.0,200,12.6,25.2,30.4,41.9,,,
2026-09-11T17:59:38.794843Z,964.0,975.274,100,1,update,733.1,535.3,200,88.1,100.7,113.2,121.6,,,
2026-09-11T17:59:38.794843Z,965.0,976.273,100,1,read,2791.6,2140.7,200,13.1,25.2,31.5,41.9,,,
2026-09-11T17:59:38.794843Z,965.0,976.273,100,1,update,719.6,535.5,200,88.1,100.7,109.1,113.2,,,
2026-09-11T17:59:38.794843Z,966.0,977.273,100,1,read,2777.7,2141.3,200,13.1,27.3,35.7,50.3,,,
2026-09-11T17:59:38.794843Z,966.0,977.273,100,1,update,676.2,535.7,200,92.3,109.1,125.8,142.6,,,
2026-09-11T17:59:38.794843Z,967.0,978.274,100,1,read,2810.6,2142.0,200,13.1,25.2,31.5,44.0,,,
2026-09-11T17:59:38.794843Z,967.0,978.274,100,1,update,709.1,535.9,200,88.1,100.7,104.9,109.1,,,
2026-09-11T17:59:38.794843Z,968.0,979.273,100,1,read,2784.2,2142.7,200,13.6,27.3,33.6,44.0,,,
2026-09-11T17:59:38.794843Z,968.0,979.273,100,1,update,695.8,536.0,200,88.1,100.7,104.9,109.1,,,
2026-09-11T17:59:38.794843Z,969.0,980.273,100,1,read,2870.4,2143.5,200,13.1,25.2,31.5,54.5,,,
2026-09-11T17:59:38.794843Z,969.0,980.273,100,1,update,687.9,536.2,200,92.3,104.9,113.2,121.6,,,
2026-09-11T17:59:38.794843Z,970.0,981.272,100,1,read,2831.4,2144.2,200,13.1,27.3,35.7,50.3,,,
2026-09-11T17:59:38.794843Z,970.0,981.272,100,1,update,684.3,536.3,200,92.3,109.1,117.4,121.6,,,
2026-09-11T17:59:38.794843Z,971.0,982.272,100,1,read,2791.7,2144.8,200,12.6,26.2,33.6,56.6,,,
2026-09-11T17:59:38.794843Z,971.0,982.272,100,1,update,699.4,536.5,200,92.3,109.1,113.2,121.6,,,
2026-09-11T17:59:38.794843Z,972.0,983.279,100,1,read,2768.5,2145.5,200,12.6,24.1,29.4,39.8,,,
2026-09-11T17:59:38.794843Z,972.0,983.279,100,1,update,724.1,536.7,200,88.1,100.7,109.1,121.6,,,
2026-09-11T17:59:38.794843Z,973.0,984.278,100,1,read,2429.6,2145.8,200,13.6,31.5,41.9,52.4,,,
2026-09-11T17:59:38.794843Z,973.0,984.278,100,1,update,604.4,536.8,200,104.9,134.2,142.6,159.4,,,
2026-09-11T17:59:38.794843Z,974.0,985.272,100,1,read,2466.4,2146.1,200,11.5,32.5,46.1,71.3,,,
2026-09-11T17:59:38.794843Z,974.0,985.272,100,1,update,619.1,536.8,200,109.1,142.6,159.4,285.2,,,
2026-09-11T17:59:38.794843Z,975.0,986.273,100,1,read,2951.7,2146.9,200,11.0,25.2,32.5,46.1,,,
2026-09-11T17:59:38.794843Z,975.0,986.273,100,1,update,711.9,537.0,200,92.3,109.1,125.8,125.8,,,
2026-09-11T17:59:38.794843Z,976.0,987.277,100,1,read,2697.3,2147.5,200,13.6,27.3,35.7,44.0,,,
2026-09-11T17:59:38.794843Z,976.0,987.277,100,1,update,610.6,537.1,200,92.3,109.1,113.2,121.6,,,
2026-09-11T17:59:38.794843Z,977.0,988.273,100,1,read,2480.2,2147.8,200,12.1,33.6,44.0,71.3,,,
2026-09-11T17:59:38.794843Z,977.0,988.273,100,1,update,652.1,537.2,200,109.1,151.0,176.2,192.9,,,
2026-09-11T17:59:38.794843Z,978.0,989.273,100,1,read,2474.6,2148.2,200,11.0,32.5,46.1,62.9,,,
2026-09-11T17:59:38.794843Z,978.0,989.273,100,1,update,642.9,537.3,200,109.1,142.6,151.0,176.2,,,
2026-09-11T17:59:38.794843Z,979.0,990.276,100,1,read,2516.3,2148.5,200,11.0,30.4,41.9,58.7,,,
2026-09-11T17:59:38.794843Z,979.0,990.276,100,1,update,639.1,537.4,200,109.1,130.0,142.6,159.4,,,
2026-09-11T17:59:38.794843Z,980.0,991.275,100,1,read,2557.7,2148.9,200,12.6,30.4,39.8,67.1,,,
2026-09-11T17:59:38.794843Z,980.0,991.275,100,1,update,577.2,537.5,200,113.2,142.6,151.0,184.5,,,
2026-09-11T17:59:38.794843Z,981.0,992.271,100,1,read,2664.9,2149.5,200,10.0,28.3,48.2,100.7,,,
2026-09-11T17:59:38.794843Z,981.0,992.271,100,1,update,655.2,537.6,200,104.9,134.2,151.0,176.2,,,
2026-09-11T17:59:38.794843Z,982.0,993.274,100,1,read,3025.9,2150.4,200,9.4,21.0,28.3,37.7,,,
2026-09-11T17:59:38.794843Z,982.0,993.274,100,1,update,750.0,537.8,200,96.5,109.1,117.4,121.6,,,
2026-09-11T17:59:38.794843Z,983.0,994.273,100,1,read,2981.7,2151.2,200,8.9,21.0,27.3,32.5,,,
2026-09-11T17:59:38.794843Z,983.0,994.273,100,1,update,756.9,538.0,200,96.5,109.1,113.2,134.2,,,
2026-09-11T17:59:38.794843Z,984.0,995.279,100,1,read,2871.3,2151.9,200,10.0,22.0,28.3,37.7,,,
2026-09-11T17:59:38.794843Z,984.0,995.279,100,1,update,752.1,538.2,200,92.3,109.1,113.2,130.0,,,
2026-09-11T17:59:38.794843Z,985.0,996.281,100,1,read,2854.9,2152.7,200,13.1,27.3,31.5,44.0,,,
2026-09-11T17:59:38.794843Z,985.0,996.281,100,1,update,699.0,538.4,200,92.3,100.7,109.1,109.1,,,
2026-09-11T17:59:38.794843Z,986.0,997.273,100,1,read,2795.0,2153.3,200,13.1,26.2,32.5,52.4,,,
2026-09-11T17:59:38.794843Z,986.0,997.273,100,1,update,692.0,538.6,200,92.3,109.1,121.6,130.0,,,
2026-09-11T17:59:38.794843Z,987.0,998.276,100,1,read,2846.5,2154.0,200,13.6,26.2,31.5,46.1,,,
2026-09-11T17:59:38.794843Z,987.0,998.276,100,1,update,667.9,538.7,200,92.3,100.7,109.1,109.1,,,
2026-09-11T17:59:38.794843Z,988.0,999.284,100,1,read,2708.1,2154.6,200,10.5,31.5,41.9,60.8,,,
2026-09-11T17:59:38.794843Z,988.0,999.284,100,1,update,640.8,538.8,200,100.7,125.8,142.6,159.4,,,
2026-09-11T17:59:38.794843Z,989.0,1000.272,100,1,read,2837.6,2155.3,200,12.6,25.2,29.4,39.8,,,
2026-09-11T17:59:38.794843Z,989.0,1000.272,100,1,update,713.4,539.0,200,92.3,104.9,109.1,113.2,,,
2026-09-11T17:59:38.794843Z,990.0,1001.274,100,1,read,2789.1,2155.9,200,12.6,25.2,31.5,44.0,,,
2026-09-11T17:59:38.794843Z,990.0,1001.274,100,1,update,719.5,539.2,200,88.1,100.7,113.2,302.0,,,
2026-09-11T17:59:38.794843Z,991.0,1002.274,100,1,read,2786.6,2156.5,200,12.6,25.2,30.4,39.8,,,
2026-09-11T17:59:38.794843Z,991.0,1002.274,100,1,update,701.4,539.3,200,92.3,104.9,117.4,318.8,,,
2026-09-11T17:59:38.794843Z,992.0,1003.273,100,1,read,2772.2,2157.2,200,13.1,26.2,31.5,41.9,,,
2026-09-11T17:59:38.794843Z,992.0,1003.273,100,1,update,693.8,539.5,200,92.3,104.9,113.2,121.6,,,
2026-09-11T17:59:38.794843Z,993.0,1004.274,100,1,read,2796.5,2157.8,200,13.6,27.3,32.5,48.2,,,
2026-09-11T17:59:38.794843Z,993.0,1004.274,100,1,update,672.9,539.6,200,92.3,104.9,109.1,117.4,,,
2026-09-11T17:59:38.794843Z,994.0,1005.279,100,1,read,2907.8,2158.6,200,13.6,26.2,33.6,44.0,,,
2026-09-11T17:59:38.794843Z,994.0,1005.279,100,1,update,660.2,539.7,200,92.3,104.9,109.1,117.4,,,
2026-09-11T17:59:38.794843Z,995.0,1006.269,100,1,read,2832.4,2159.2,200,13.1,25.2,31.5,41.9,,,
2026-09-11T17:59:38.794843Z,995.0,1006.269,100,1,update,694.9,539.9,200,88.1,104.9,109.1,121.6,,,
2026-09-11T17:59:38.794843Z,996.0,1007.273,100,1,read,2878.6,2160.0,200,13.1,28.3,37.7,52.4,,,
2026-09-11T17:59:38.794843Z,996.0,1007.273,100,1,update,658.1,540.0,200,92.3,109.1,121.6,142.6,,,
2026-09-11T17:59:38.794843Z,997.0,1008.269,100,1,read,2792.7,2160.6,200,11.5,23.1,28.3,37.7,,,
2026-09-11T17:59:38.794843Z,997.0,1008.269,100,1,update,756.2,540.2,200,88.1,100.7,104.9,113.2,,,
2026-09-11T17:59:38.794843Z,998.0,1009.268,100,1,read,2842.8,2161.3,200,13.6,26.2,31.5,44.0,,,
2026-09-11T17:59:38.794843Z,998.0,1009.268,100,1,update,681.9,540.4,200,88.1,100.7,104.9,109.1,,,
2026-09-11T17:59:38.794843Z,999.0,1010.27,100,1,read,2737.7,2161.9,200,13.1,26.2,31.5,39.8,,,
2026-09-11T17:59:38.794843Z,999.0,1010.27,100,1,update,706.9,540.5,200,88.1,100.7,104.9,121.6,,,
2026-09-11T17:59:38.794843Z,1000.0,1011.273,100,1,read,2823.6,2162.5,200,13.1,26.2,32.5,44.0,,,
2026-09-11T17:59:38.794843Z,1000.0,1011.273,100,1,update,685.9,540.7,200,92.3,104.9,109.1,117.4,,,
2026-09-11T17:59:38.794843Z,1001.0,1012.275,100,1,read,2638.9,2163.0,200,13.6,33.6,44.0,65.0,,,
2026-09-11T17:59:38.794843Z,1001.0,1012.275,100,1,update,605.0,540.7,200,100.7,130.0,151.0,268.4,,,
2026-09-11T17:59:38.794843Z,1002.0,1013.27,100,1,read,2844.0,2163.7,200,11.5,26.2,33.6,46.1,,,
2026-09-11T17:59:38.794843Z,1002.0,1013.27,100,1,update,710.2,540.9,200,92.3,109.1,125.8,134.2,,,
2026-09-11T17:59:38.794843Z,1003.0,1014.268,100,1,read,2873.0,2164.4,200,13.1,25.2,31.5,46.1,,,
2026-09-11T17:59:38.794843Z,1003.0,1014.268,100,1,update,684.8,541.1,200,88.1,100.7,109.1,121.6,,,
2026-09-11T17:59:38.794843Z,1004.0,1015.268,100,1,read,2773.9,2165.0,200,12.6,24.1,29.4,39.8,,,
2026-09-11T17:59:38.794843Z,1004.0,1015.268,100,1,update,723.7,541.2,200,88.1,100.7,104.9,113.2,,,
2026-09-11T17:59:38.794843Z,1005.0,1016.269,100,1,read,2887.9,2165.7,200,13.1,26.2,33.6,56.6,,,
2026-09-11T17:59:38.794843Z,1005.0,1016.269,100,1,update,693.5,541.4,200,92.3,104.9,113.2,117.4,,,
