ts_utc,wall_offset_s,node,host,cpu_busy_pct,cpu_seconds_idle_cum,cpu_seconds_total_cum,mem_total_bytes,mem_available_bytes,disk_read_bytes_per_s,disk_write_bytes_per_s,disk_busy_pct,disk_read_bytes_cum,disk_write_bytes_cum,disk_io_time_seconds_cum,net_rx_bytes_per_s,net_tx_bytes_per_s,net_rx_bytes_cum,net_tx_bytes_cum,load1
2026-09-11T08:13:55.320778Z,1.236,linode-1,crdb-linode-1,,34442.32,40222.37,8322887680.0,5478375424.0,,,,4282988544.0,121723633664.0,4666.736,,,64938947016.0,4644661500.0,0.38
2026-09-11T08:13:55.696153Z,1.611,linode-2,crdb-linode-2,,34481.479999999996,40328.92,8322887680.0,5456084992.0,,,,4872955904.0,121564897280.0,4577.376,,,64797017806.0,4555650807.0,0.41
2026-09-11T08:13:54.651220Z,0.566,azure-1,crdb-azure-1,,53268.369999999995,59954.659999999996,8327364608.0,5363359744.0,,,,4414636544.0,109020566528.0,4303.849,,,63930408687.0,1664129937.0,0.99
2026-09-11T08:13:54.771965Z,0.687,azure-2,crdb-azure-2,,36505.59,42483.18,8327364608.0,5387395072.0,,,,4411744768.0,109649171456.0,3940.913,,,64095828813.0,1774979951.0,0.58
2026-09-11T08:13:55.585934Z,1.501,gcp-1,crdb-gcp-1,,28911.0,39489.31,8324030464.0,4991668224.0,,,,21049571328.0,119256568832.0,2236.991,,,31511321020.0,264611090323.0,2.21
2026-09-11T08:13:55.578974Z,1.494,client-1,crdb-client-1,,36936.64,40429.57,8324026368.0,7672164352.0,,,,571373568.0,6262813696.0,19.992,,,9062961453.0,19410181504.0,0.67
2026-09-11T08:14:00.341238Z,6.256,linode-1,crdb-linode-1,1.6409746394558944,34462.1,40242.479999999996,8322887680.0,5477978112.0,815.8551029159576,150117.3389365362,2.230853797037416,4282992640.0,121724387328.0,4666.848,23186.737469566335,79485.12160501158,64939063425.0,4645060555.0,0.35
2026-09-11T08:14:00.996043Z,6.911,linode-2,crdb-linode-2,2.2432701894174567,34501.09,40348.979999999996,8322887680.0,5455921152.0,2318.5241771839846,237262.3074651611,1.8868198056407328,4872968192.0,121566154752.0,4577.476,51353.19728644293,109459.13397533033,64797289974.0,4556230932.0,0.37
2026-09-11T08:13:59.675540Z,5.591,azure-1,crdb-azure-1,8.863983698445367,53286.259999999995,59974.29,8327364608.0,5363105792.0,890231.802068167,12730640.861809978,16.838014585597396,4419109376.0,109084529664.0,4304.695,9384414.261976212,216938.31290682196,63977559225.0,1665219910.0,0.91
2026-09-11T08:13:59.808977Z,5.724,azure-2,crdb-azure-2,1.2948207171052717,36525.41,42503.26,8327364608.0,5386854400.0,0.0,79691.51751218793,0.7544138795101271,4411744768.0,109649572864.0,3940.951,26214.29407322305,91451.0431240328,64095960855.0,1775440592.0,0.53
2026-09-11T08:14:00.615306Z,6.531,gcp-1,crdb-gcp-1,2.781992918577625,28930.22,39509.08,8324030464.0,4992237568.0,0.0,96914.8454034498,0.2187137480786286,21049571328.0,119257056256.0,2237.002,154415.08743485255,9063352.971670255,31512097636.0,264656673595.0,2.04
2026-09-11T08:14:00.611038Z,6.526,client-1,crdb-client-1,1.5453639082994575,36956.39,40449.630000000005,8324026368.0,7680905216.0,0.0,0.0,0.0,571373568.0,6262813696.0,19.992,54636.78120852281,70498.98919094892,9063236390.0,19410536261.0,0.61
2026-09-11T08:14:05.472105Z,11.387,linode-1,crdb-linode-1,1.7655713585119748,34482.13,40262.869999999995,8322887680.0,5477818368.0,0.0,165247.79411063058,9.35506080788498,4282992640.0,121725235200.0,4667.3279999999995,37161.419882555565,92553.90430869389,64939254097.0,4645535441.0,0.32
2026-09-11T08:14:05.847347Z,11.763,linode-2,crdb-linode-2,2.8698664027786314,34520.72,40369.19,8322887680.0,5455286272.0,0.0,173926.43589223517,9.81172532577398,4872968192.0,121566998528.0,4577.952,63893.91409562731,123553.32664992826,64797599945.0,4556830331.0,0.34
2026-09-11T08:14:04.877404Z,10.793,azure-1,crdb-azure-1,3.1538088306363954,53306.22,59994.9,8327364608.0,5379530752.0,296061.98190383276,6498403.023011521,6.901274433774777,4420649472.0,109118333952.0,4305.054,3020761.2538336767,96091.30751357821,63993273037.0,1665719771.0,0.84
2026-09-11T08:14:04.997560Z,10.913,azure-2,crdb-azure-2,2.3448949682617237,36545.4,42523.73,8327364608.0,5386407936.0,0.0,189459.06986915416,3.6425541387255893,4411744768.0,109650555904.0,3941.1400000000003,31403.634869068996,90221.24782278178,64096123798.0,1775908720.0,0.49
2026-09-11T08:14:05.855080Z,11.77,gcp-1,crdb-gcp-1,5.156172533470316,28949.35,39529.25,8324030464.0,4912168960.0,9380.50518718768,286105.40820922423,0.9351496463460115,21049620480.0,119258555392.0,2237.051,228697.90734808324,3664237.700508662,31513295968.0,264675873479.0,1.87
2026-09-11T08:14:05.851149Z,11.766,client-1,crdb-client-1,8.515936254978074,36974.759999999995,40469.71,8324026368.0,7436804096.0,0.0,39082.7301032605,0.03816672861644418,571373568.0,6263018496.0,19.994,144138.36812286908,221966.05278113435,9063991699.0,19411699400.0,0.57
2026-09-11T08:14:10.330715Z,16.246,linode-1,crdb-linode-1,21.462893753354983,34496.84,40281.6,8322887680.0,5473955840.0,267242.8886748707,25854274.163662255,81.58693029033596,4284291072.0,121850851328.0,4671.292,16655280.058746547,791313.1599516012,65020175796.0,4649380132.0,0.37
2026-09-11T08:14:11.634109Z,17.549,linode-2,crdb-linode-2,24.2535358826518,34535.18,40388.28,8322887680.0,5453328384.0,210929.7081315611,21848212.419117104,68.5007277548153,4874188800.0,121693429760.0,4581.916,14273477.11507068,656127.2393933494,64880197700.0,4560627208.0,0.48
2026-09-11T08:14:09.644691Z,15.56,azure-1,crdb-azure-1,11.294619073004696,53322.869999999995,60013.67,8327364608.0,5368143872.0,474283.8710573017,19772138.479656935,27.102031382959773,4422910464.0,109212591104.0,4306.3460000000005,13184984.507829333,184387.99925617062,64056128104.0,1666598780.0,0.77
2026-09-11T08:14:09.802405Z,15.718,azure-2,crdb-azure-2,21.936864633491872,36559.99,42542.42,8327364608.0,5384822784.0,293249.88355201285,23049952.329543244,57.525115124913874,4413153792.0,109761307648.0,3943.904,15739206.36760754,305318.91910228116,64171748447.0,1777375734.0,0.45
2026-09-11T08:14:10.613749Z,16.529,gcp-1,crdb-gcp-1,59.306167400872056,28956.74,39547.41,8324030464.0,4733702144.0,42176.248227526434,23763303.287052035,37.59432202599542,21049821184.0,119371637760.0,2238.84,3867068.802291281,77208649.38647655,31531698178.0,265043286073.0,2.28
2026-09-11T08:14:10.558243Z,16.474,client-1,crdb-client-1,40.67143643364255,36985.54,40487.88,8324026368.0,7442677760.0,0.0,39157.808979049565,0.04248894203453544,571373568.0,6263202816.0,19.996,10706903.648321433,2264324.3104657903,9114390241.0,19422357817.0,0.76
2026-09-11T08:14:15.354248Z,21.27,linode-1,crdb-linode-1,28.593831677964644,34510.5,40300.729999999996,8322887680.0,5440634880.0,3708227.8187004332,21975408.12876299,98.09722063267048,4302919680.0,121961246720.0,4676.22,22126733.840878487,991052.4521782254,65131331386.0,4654358771.0,0.42
2026-09-11T08:14:15.647191Z,21.563,linode-2,crdb-linode-2,31.525784157395044,34548.06,40407.090000000004,8322887680.0,5433155584.0,4733771.619507676,27393207.52392551,121.60079977477778,4893186048.0,121803362304.0,4586.796,27678436.652351316,1249372.2171859546,64991274906.0,4565641103.0,0.68
2026-09-11T08:14:14.658270Z,20.574,azure-1,crdb-azure-1,24.511819116120314,53337.56,60033.13,8327364608.0,5367713792.0,2731883.583002151,24288765.19325268,59.35658390474798,4436607488.0,109334369280.0,4309.322,25447410.697345663,291707.8917097401,64183715457.0,1668061335.0,0.71
2026-09-11T08:14:14.766700Z,20.682,azure-2,crdb-azure-2,33.71428571427513,36572.75,42561.67,8327364608.0,5384589312.0,3452138.028412387,20341541.814646028,89.65904784026345,4430291456.0,109862290432.0,3948.355,21885932.913478483,401212.0522229116,64280398148.0,1779367496.0,0.49
2026-09-11T08:14:15.650083Z,21.565,gcp-1,crdb-gcp-1,74.22003284072277,28961.45,39565.68,8324030464.0,4615225344.0,131751.54519315046,31270659.954794046,46.77955012945961,21050484736.0,119529128960.0,2241.196,4822942.62932264,104045158.34975187,31555988392.0,265567297938.0,2.34
2026-09-11T08:14:15.593075Z,21.508,client-1,crdb-client-1,51.28626163109211,36994.44,40506.15,8324026368.0,7441039360.0,0.0,37422.14498731442,0.03972289506980316,571373568.0,6263391232.0,19.998,12774669.345257608,2601845.456164945,9178709165.0,19435457796.0,1.02
2026-09-11T08:14:20.318089Z,26.233,linode-1,crdb-linode-1,28.197064989539644,34524.2,40319.81,8322887680.0,5474828288.0,3985530.728552051,29121604.652600203,94.36174631079045,4322703360.0,122105802752.0,4680.904,22987155.784610607,916857.930391793,65245436775.0,4658909940.0,0.39
2026-09-11T08:14:20.657327Z,26.573,linode-2,crdb-linode-2,28.51063829784336,34561.5,40425.89,8322887680.0,5444505600.0,4127757.188081683,29254835.258133285,92.37238861133933,4913866752.0,121949933568.0,4591.424,22661148.854174495,868746.1477257493,65104810778.0,4569993656.0,0.62
2026-09-11T08:14:19.666166Z,25.582,azure-1,crdb-azure-1,35.02066115701773,53350.14,60052.49,8327364608.0,5374160896.0,4662846.6726558255,22584666.755314033,83.92658191292765,4459958784.0,109447472128.0,4313.525,22662113.038957115,386845.83118310955,64297206152.0,1669998639.0,0.73
2026-09-11T08:14:19.802629Z,25.718,azure-2,crdb-azure-2,32.81733746129542,36585.770000000004,42581.05,8327364608.0,5386649600.0,4488066.565357347,22762419.517595273,83.9164567647246,4452893184.0,109976921088.0,3952.581,22585250.749321878,397369.4428319598,64394136589.0,1781368633.0,0.62
2026-09-11T08:14:20.645893Z,26.561,gcp-1,crdb-gcp-1,69.66413867822962,28967.05,39584.14,8324030464.0,4570513408.0,44273.64674217032,22784530.425276168,44.11671613667863,21050705920.0,119642956800.0,2243.4,4670106.0957633,103341028.57025534,31579319489.0,266083573053.0,2.63
2026-09-11T08:14:20.582017Z,26.497,client-1,crdb-client-1,48.082117774158284,37004.05,40524.659999999996,8324026368.0,7443881984.0,0.0,6568.057388611793,0.0,571373568.0,6263424000.0,19.998,12647963.073994163,2564309.4723865343,9241809779.0,19448251121.0,1.34
2026-09-11T08:14:25.446104Z,31.362,linode-1,crdb-linode-1,28.453608247404038,34538.08,40339.21,8322887680.0,5472964608.0,604648.88848295,39286202.87983342,91.80871007889596,4325804032.0,122307264512.0,4685.612,25045454.915670298,952270.2448329171,65373871214.0,4663793233.0,0.6
2026-09-11T08:14:25.981133Z,31.897,linode-2,crdb-linode-2,27.582534611291866,34575.1,40444.67,8322887680.0,5444792320.0,604722.5872754509,37699760.17695213,88.13160917547624,4917086208.0,122150641664.0,4596.116,24303528.86690833,808070.4974104138,65234199267.0,4574295707.0,0.65
2026-09-11T08:14:24.663784Z,30.579,azure-1,crdb-azure-1,36.58410732715212,53362.43,60071.87,8327364608.0,5366870016.0,884334.0215395102,41156364.435243785,83.95961145620294,4464378368.0,109653156864.0,4317.7210000000005,25514064.126230393,309313.7316821255,64424716286.0,1671544478.0,0.75
2026-09-11T08:14:24.792208Z,30.708,azure-2,crdb-azure-2,36.79050567594605,36598.020000000004,42600.43,8327364608.0,5384732672.0,891502.5387397595,40720158.31643373,87.96266767310414,4457341440.0,110180099072.0,3956.9700000000003,25516395.622760653,293973.07919249317,64521453624.0,1782835446.0,0.89
2026-09-11T08:14:25.966548Z,31.882,gcp-1,crdb-gcp-1,70.0650759219103,28972.57,39602.58,8324030464.0,4544700416.0,80061.5908616372,28819863.24122223,42.19366724674325,21051131904.0,119796298752.0,2245.645,4292294.108787753,108821786.80696562,31602157514.0,266662581533.0,2.58
2026-09-11T08:14:26.521316Z,32.437,client-1,crdb-client-1,48.76476906552346,37013.590000000004,40543.28,8324026368.0,7488602112.0,0.0,200684.7204342091,0.15153183425183486,571373568.0,6264615936.0,20.007,10718190.108789511,2176266.0246777106,9305468819.0,19461176718.0,1.23
2026-09-11T08:14:30.385703Z,36.301,linode-1,crdb-linode-1,26.756897449243368,34552.15,40358.42,8322887680.0,5474193408.0,689903.7109867411,43302237.60990217,95.14874507133946,4329211904.0,122521161728.0,4690.312,25428564.06822282,964613.118873954,65499479020.0,4668558069.0,0.71
2026-09-11T08:14:30.705639Z,36.621,linode-2,crdb-linode-2,29.030558482619117,34588.57,40463.65,8322887680.0,5444931584.0,690972.271574243,45274722.66769149,94.99378635536947,4920350720.0,122364542976.0,4600.604,26506042.760115262,981450.9092036611,65359427584.0,4578932591.0,0.92
2026-09-11T08:14:29.689529Z,35.605,azure-1,crdb-azure-1,37.82117163412596,53374.53,60091.33,8327364608.0,5375336448.0,805216.8483865043,36778361.0497346,86.03628434828623,4468425216.0,109837997056.0,4322.045,24853971.006631605,338106.28163468646,64549627039.0,1673243728.0,0.77
2026-09-11T08:14:29.787685Z,35.703,azure-2,crdb-azure-2,34.47028423775726,36610.7,42619.78,8327364608.0,5386096640.0,833056.207839269,36976708.46941684,87.07829282507095,4461502976.0,110364816384.0,3961.32,24859080.207984313,322274.9601257428,64645637270.0,1784445372.0,0.9
2026-09-11T08:14:30.679521Z,36.595,gcp-1,crdb-gcp-1,69.12858661000128,28978.379999999997,39621.4,8324030464.0,4529786880.0,85170.92268584948,35482380.20913445,45.44904844774231,21051533312.0,119963526144.0,2247.7870000000003,4879248.1598601,119210744.36838113,31625153264.0,267224418190.0,2.38
2026-09-11T08:14:30.604776Z,36.52,client-1,crdb-client-1,46.716899892393705,37023.49,40561.86,8324026368.0,7490080768.0,0.0,5015.33297854008,0.0,571373568.0,6264636416.0,20.007,15218491.37091132,3098270.1906863363,9367613188.0,19473828435.0,1.13
2026-09-11T08:14:35.379203Z,41.295,linode-1,crdb-linode-1,25.717266562340846,34566.39,40377.59,8322887680.0,5474656256.0,649647.8238627104,38664708.93108154,93.48107669072024,4332455936.0,122714234880.0,4694.9800000000005,24469146.438513998,936956.3458609525,65621666290.0,4673236783.0,0.65
2026-09-11T08:14:35.614120Z,41.53,linode-2,crdb-linode-2,27.999999999998472,34602.25,40482.65,8322887680.0,5445558272.0,660896.398148367,39194828.05685454,91.84006085184468,4923594752.0,122556932096.0,4605.112000000001,24785003.125272375,916975.3355242463,65481085598.0,4583433595.0,0.85
2026-09-11T08:14:34.695273Z,40.611,azure-1,crdb-azure-1,40.60730828615182,53386.07,60110.76,8327364608.0,5375119360.0,772430.4028333289,33104043.228207618,86.26011940738167,4472291840.0,110003708928.0,4326.363,23959153.09652933,280521.58405664767,64669561516.0,1674647960.0,0.79
2026-09-11T08:14:34.808754Z,40.724,azure-2,crdb-azure-2,33.16195372752143,36623.7,42639.23,8327364608.0,5386338304.0,840229.8030583584,39376594.75109413,84.08511805294725,4465721856.0,110562530304.0,3965.542,24334817.299179144,301755.8369554153,64767824883.0,1785960519.0,0.9
2026-09-11T08:14:35.654552Z,41.57,gcp-1,crdb-gcp-1,68.76332622600097,28984.239999999998,39640.159999999996,8324030464.0,4582985728.0,131728.31657788018,32782238.18436271,43.496715862198045,21052188672.0,120126620672.0,2249.951,4488193.350130472,107937671.45720321,31647482422.0,267761417631.0,2.75
2026-09-11T08:14:35.603250Z,41.519,client-1,crdb-client-1,46.53148345785545,37033.509999999995,40580.6,8324026368.0,7489105920.0,0.0,154055.71146375558,0.18005389315651138,571373568.0,6265406464.0,20.016000000000002,12245137.175368568,2504435.2195548834,9428820548.0,19486346863.0,1.12
2026-09-11T08:14:40.357615Z,46.273,linode-1,crdb-linode-1,27.67950052028817,34580.29,40396.81,8322887680.0,5475155968.0,1185574.6556132992,48723745.093737125,95.45120378565035,4338358272.0,122956804096.0,4699.732,29711630.303269226,958792.6788580273,65769584453.0,4678010094.0,0.84
2026-09-11T08:14:40.586821Z,46.502,linode-2,crdb-linode-2,30.057501306851997,34615.63,40501.78,8322887680.0,5442719744.0,1204235.9444743406,48820153.508203946,92.34346038819601,4929583104.0,122799702016.0,4609.704000000001,29938282.96437439,930234.6781699827,65629960889.0,4588059410.0,0.86
2026-09-11T08:14:39.669702Z,45.585,azure-1,crdb-azure-1,57.35963581182774,53394.5,60130.53,8327364608.0,5382668288.0,655430.4066655654,17057658.67397469,99.68910061337048,4475552256.0,110088561664.0,4331.322,13285442.003266858,85519.5383108244,64735649490.0,1675073374.0,0.97
2026-09-11T08:14:39.824276Z,45.74,azure-2,crdb-azure-2,35.43714433519518,36636.18,42658.56,8327364608.0,5384527872.0,1518977.4863108993,44648138.24279005,83.77886893952062,4473340416.0,110786466816.0,3969.744,29052088.501263004,316873.7335974668,64913538089.0,1787549826.0,0.99
2026-09-11T08:14:40.641730Z,46.557,gcp-1,crdb-gcp-1,68.22329575952544,28990.16,39658.79,8324030464.0,4570648576.0,83772.35949846343,39077341.81310676,44.553792989239405,21052606464.0,120321508352.0,2252.1730000000002,4374723.499300991,115952325.00968853,31669300173.0,268339698511.0,2.77
2026-09-11T08:14:40.616909Z,46.532,client-1,crdb-client-1,47.272727272715954,37043.369999999995,40599.299999999996,8324026368.0,7496241152.0,0.0,8986.591790972927,0.039890766117577886,571373568.0,6265451520.0,20.018,12511668.585036872,2545023.0996034867,9491550196.0,19499106824.0,1.51
2026-09-11T08:14:45.354690Z,51.27,linode-1,crdb-linode-1,27.855297157648952,34594.25,40416.16,8322887680.0,5475348480.0,1313936.858413024,47691071.88586711,94.45458057934903,4344924160.0,123195121664.0,4704.452,29710564.249537803,975404.0372224562,65918051433.0,4682884296.0,0.77
2026-09-11T08:14:45.588513Z,51.504,linode-2,crdb-linode-2,30.542635658897478,34629.07,40521.13,8322887680.0,5444866048.0,1314363.7931364172,47518550.44270015,91.56849585895965,4936157184.0,123037376512.0,4614.284000000001,29474803.793742333,902338.1505589196,65777385612.0,4592572653.0,0.87
2026-09-11T08:14:44.701112Z,50.617,azure-1,crdb-azure-1,59.296482412070596,53402.6,60150.43,8327364608.0,5375389696.0,643124.6644295487,16361417.095829202,99.01747546813169,4478788096.0,110170883072.0,4336.304,12564243.191959416,89120.49793218062,64798865664.0,1675521778.0,1.13
2026-09-11T08:14:44.966648Z,50.882,azure-2,crdb-azure-2,31.956633970064484,36649.36,42677.93,8327364608.0,5385191424.0,1640821.64565313,45961325.931612894,80.07935206499697,4481778176.0,111022818304.0,3973.862,29097109.486360893,355687.4740906054,65063167043.0,1789378913.0,0.99
2026-09-11T08:14:45.685155Z,51.601,gcp-1,crdb-gcp-1,66.95325094034786,28996.31,39677.4,8324030464.0,4561035264.0,167301.32913188083,37904308.89923855,43.343340588288875,21053450240.0,120512676864.0,2254.359,4417391.280493418,112999792.33049875,31691579068.0,268909607389.0,3.03
2026-09-11T08:14:45.601474Z,51.517,client-1,crdb-client-1,47.2864051585126,37053.18,40617.91,8324026368.0,7490334720.0,0.0,2465.1870445530044,0.0,571373568.0,6265463808.0,20.018,12667229.41537142,2568007.0912408475,9554691415.0,19511907342.0,1.39
2026-09-11T08:14:50.349373Z,56.265,linode-1,crdb-linode-1,25.80305423908362,34608.34,40435.15,8322887680.0,5475123200.0,1311281.0872544858,44850077.512842454,92.01685924647451,4351473664.0,123419136000.0,4709.048000000001,27334960.462757416,949178.7292598978,66054582368.0,4687625194.0,0.71
2026-09-11T08:14:50.594256Z,56.51,linode-2,crdb-linode-2,30.015471892727607,34642.64,40540.52,8322887680.0,5444374528.0,1346842.0306825985,45064385.174856275,90.2953356783002,4942899200.0,123262959616.0,4618.804,27491644.92155733,879311.3610053954,65915003169.0,4596974306.0,0.8
2026-09-11T08:14:49.650856Z,55.566,azure-1,crdb-azure-1,60.27397260272911,53410.43,60170.14,8327364608.0,5382397952.0,773722.3191572739,19564003.2829051,98.83255309255016,4482617856.0,110267720704.0,4341.196,10515082.204598943,89977.42301364991,64850913072.0,1675967147.0,1.28
2026-09-11T08:14:49.786702Z,55.702,azure-2,crdb-azure-2,32.06860706860139,36662.43,42697.17,8327364608.0,5386104832.0,1747136.1995435907,44218861.51724236,84.93594872063127,4490199552.0,111235957760.0,3977.956,27937593.446677737,368937.5708867244,65197829114.0,1791157230.0,0.99
2026-09-11T08:14:50.645154Z,56.561,gcp-1,crdb-gcp-1,67.82419967446252,29002.239999999998,39695.83,8324030464.0,4559224832.0,165985.58111854142,35631571.413446896,43.14476732472075,21054273536.0,120689411072.0,2256.4990000000003,4337032.574895501,106156937.50942169,31713090946.0,269436150607.0,2.86
2026-09-11T08:14:50.603418Z,56.519,client-1,crdb-client-1,46.11201740078015,37063.09,40636.3,8324026368.0,7488663552.0,0.0,6550.989758083747,0.019992034173863995,571373568.0,6265496576.0,20.019000000000002,12325074.873827826,2508197.00888376,9616341344.0,19524453324.0,1.68
2026-09-11T08:14:55.340886Z,61.257,linode-1,crdb-linode-1,26.4536406494986,34622.380000000005,40454.24,8322887680.0,5472681984.0,1697798.663801403,49648917.522783995,92.31626373979091,4359948288.0,123666960384.0,4713.656,31472246.672000762,958286.4915460385,66211677236.0,4692408516.0,0.66
2026-09-11T08:14:55.877747Z,61.793,linode-2,crdb-linode-2,29.192872117396217,34656.15,40559.6,8322887680.0,5447004160.0,1662888.8614440954,49742471.28470813,84.64041316535528,4951685120.0,123525775360.0,4623.276,29798290.176021535,844758.0724557036,66072443272.0,4601437609.0,0.74
2026-09-11T08:14:54.648795Z,60.564,azure-1,crdb-azure-1,28.9833080424727,53424.47,60189.909999999996,8327364608.0,5382774784.0,1891478.2145754388,49902079.70698138,58.60369006169549,4492071424.0,110517130240.0,4344.125,27546202.926906545,126756.24017184885,64988588410.0,1676600672.0,1.34
2026-09-11T08:14:54.783871Z,60.7,azure-2,crdb-azure-2,32.233109850439334,36675.57,42716.56,8327364608.0,5388259328.0,2145867.840480266,46799262.88008452,84.76749169916413,4500922880.0,111469822976.0,3982.192,30925076.83402868,318158.4509442792,65352367868.0,1792747131.0,1.16
2026-09-11T08:14:55.641175Z,61.557,gcp-1,crdb-gcp-1,67.34913793102334,29008.3,39714.39,8324030464.0,4557455360.0,159050.0824134767,39826468.57464882,44.35493801197139,21055068160.0,120888386560.0,2258.715,4363239.887396573,132952178.1135509,31734889961.0,270100387871.0,2.96
2026-09-11T08:14:55.611169Z,61.527,client-1,crdb-client-1,46.04626143087294,37073.119999999995,40654.89,8324026368.0,7488823296.0,0.0,93243.39313848194,0.09984429946467177,571373568.0,6265963520.0,20.024,12318730.75981697,2510141.801038647,9678031049.0,19537023605.0,1.55
2026-09-11T08:15:00.373863Z,66.29,linode-1,crdb-linode-1,33.76421923477163,34635.19,40473.58,8322887680.0,5471576064.0,7037124.192298481,39496439.37789174,95.68773770354586,4395366400.0,123865747456.0,4718.472,39833896.80827851,800215.9266872667,66412162744.0,4696436033.0,0.6
2026-09-11T08:15:00.608807Z,66.524,linode-2,crdb-linode-2,33.44051446947519,34668.57,40578.26,8322887680.0,5444587520.0,8152877.386317215,38359301.089047134,99.6809547235542,4990257152.0,123707256832.0,4627.992,42363491.59268725,995367.3861793214,66272868947.0,4606146786.0,0.76
2026-09-11T08:14:59.667038Z,65.583,azure-1,crdb-azure-1,17.150127226475163,53440.75,60209.56,8327364608.0,5381107712.0,2079715.2494410726,44439629.6982216,37.781816783189655,4502508032.0,110740141056.0,4346.021,28123814.162007853,156482.48097366394,65129721781.0,1677385946.0,1.47
2026-09-11T08:14:59.791317Z,65.707,azure-2,crdb-azure-2,35.97529593414891,36688.009999999995,42735.99,8327364608.0,5376712704.0,4568394.597991375,34961101.79279308,79.80056448973065,4523799040.0,111644890112.0,3986.188,38654533.52583489,283037.5847214202,65545929802.0,1794164437.0,1.3
2026-09-11T08:15:00.657313Z,66.573,gcp-1,crdb-gcp-1,71.10512129380193,29013.66,39732.94,8324030464.0,4555812864.0,210671.6138506915,43246472.917675674,46.31008499265004,21056124928.0,121105318912.0,2261.038,4282236.1451316485,159768872.20617294,31756370454.0,270901818251.0,3.2
2026-09-11T08:15:00.611468Z,66.527,client-1,crdb-client-1,47.414262384310746,37082.78,40673.26,8324026368.0,7487709184.0,0.0,6553.13925930739,0.01999859393101623,571373568.0,6265996288.0,20.025000000000002,12729780.589579264,2569799.321538514,9741684427.0,19549873505.0,1.58
2026-09-11T08:15:05.385303Z,71.301,linode-1,crdb-linode-1,30.732984293209775,34648.42,40492.68,8322887680.0,5472890880.0,2782992.4643070623,67860063.24053523,88.7564134863045,4409313280.0,124205826048.0,4722.92,44229366.94693073,900517.2234984343,66633816838.0,4700948947.0,0.71
2026-09-11T08:15:05.589145Z,71.505,linode-2,crdb-linode-2,30.749083289661694,34681.79,40597.35,8322887680.0,5447114752.0,2839842.989791043,69061724.69786367,87.30263227579597,5004400640.0,124051210240.0,4632.34,44640779.43502791,873852.9670474797,66495196847.0,4610498903.0,0.7
2026-09-11T08:15:04.650156Z,70.566,azure-1,crdb-azure-1,1.8639798488798265,53460.229999999996,60229.409999999996,8327364608.0,5381828608.0,120007.59458328108,1857651.8065631182,3.2308872551763232,4503106048.0,110749398016.0,4346.182,1828733.3588670304,93002.7953881466,65138834636.0,1677849393.0,1.35
2026-09-11T08:15:04.788487Z,70.704,azure-2,crdb-azure-2,40.364188163855744,36699.8,42755.76,8327364608.0,5387808768.0,2565525.2756765177,43655732.17501821,84.54710190049869,4536619520.0,111863047168.0,3990.413,29412577.19376327,98124.26585256006,65692910758.0,1794654785.0,1.28
2026-09-11T08:15:05.676409Z,71.592,gcp-1,crdb-gcp-1,68.99470899469637,29019.52,39751.84,8324030464.0,4556238848.0,13735432.96480085,46642204.008687995,43.9320105817937,21125064704.0,121339421696.0,2263.243,3960795.9105985807,129760994.22359192,31776250161.0,271553104155.0,3.9
2026-09-11T08:15:05.617506Z,71.533,client-1,crdb-client-1,43.26052210973217,37093.43,40692.03,8324026368.0,7487352832.0,0.0,7363.8787227862895,0.03995159897342778,571373568.0,6266033152.0,20.027,11999816.123568604,2442388.0673732213,9801756196.0,19562100240.0,1.45
2026-09-11T08:15:10.361224Z,76.277,linode-1,crdb-linode-1,15.563415866570661,34665.130000000005,40512.47,8322887680.0,5463535616.0,2800382.2879678197,50785533.6973729,55.38629036027885,4423247872.0,124458532864.0,4725.676,31088653.55995767,369762.97415607714,66788512754.0,4702788873.0,0.74
2026-09-11T08:15:10.599978Z,76.516,linode-2,crdb-linode-2,15.914850481494724,34698.380000000005,40617.08,8322887680.0,5437136896.0,2730185.977897211,50212534.20666763,48.69402152290087,5018081280.0,124302819328.0,4634.780000000001,30571601.858010333,340560.9973895481,66648387539.0,4612205414.0,0.64
2026-09-11T08:15:09.807064Z,75.723,azure-1,crdb-azure-1,1.1557788944883685,53479.899999999994,60249.31,8327364608.0,5379776512.0,14296.851380997025,220012.65736312087,0.9889586323192837,4503179776.0,110750532608.0,4346.233,208491.28929668834,90880.83829993669,65139909813.0,1678318060.0,1.25
2026-09-11T08:15:09.789913Z,75.706,azure-2,crdb-azure-2,39.54198473284224,36711.68,42775.41,8327364608.0,5385945088.0,2723870.3442720035,46800449.39680334,84.41555254702652,4550242816.0,112097117184.0,3994.635,31675286.970869847,115861.84543650139,65851333060.0,1795234262.0,1.26
2026-09-11T08:15:10.657845Z,76.574,gcp-1,crdb-gcp-1,95.49788135594102,29020.37,39770.72,8324030464.0,4552523776.0,22923376.582996793,28473532.32514064,58.85798841133939,21239257088.0,121481262080.0,2266.175,2048742.5914757808,101984827.41240032,31786455935.0,272061139720.0,6.47
2026-09-11T08:15:10.615816Z,76.532,client-1,crdb-client-1,29.361702127676704,37106.71,40710.83,8324026368.0,7487614976.0,0.0,34417.78626409515,0.10003309344798729,571373568.0,6266205184.0,20.032,7727322.591486075,1605023.7819905472,9840380027.0,19570122704.0,1.58
2026-09-11T08:15:15.400642Z,81.316,linode-1,crdb-linode-1,7.943690296640482,34683.44,40532.36,8322887680.0,5457928192.0,1432132.2727047699,23638310.378588434,29.288938829496047,4430465024.0,124577656832.0,4727.152,15883244.090372514,226623.7594969129,66868555491.0,4703930931.0,0.68
2026-09-11T08:15:15.630560Z,81.546,linode-2,crdb-linode-2,8.71536523931148,34716.5,40636.93,8322887680.0,5433810944.0,1433017.4310775732,23171729.017634463,26.00079345494295,5025290240.0,124419387392.0,4636.088000000001,15783525.833327973,219750.83448132573,66727788392.0,4613310896.0,0.59
2026-09-11T08:15:14.735212Z,80.651,azure-1,crdb-azure-1,1.2072434607540594,53499.54,60269.19,8327364608.0,5378818048.0,8311.36217336002,201966.10081264848,1.2174846933529493,4503220736.0,110751527936.0,4346.293,108392.86516424875,90587.76026615739,65140443994.0,1678764494.0,1.14
2026-09-11T08:15:14.864562Z,80.78,azure-2,crdb-azure-2,24.68703054579131,36726.72,42795.38,8327364608.0,5384208384.0,1690156.5095490725,30284795.79502901,56.43692081715754,4558819840.0,112250803200.0,3997.4990000000003,17474636.900499053,90041.12662676089,65940011463.0,1795691193.0,1.24
2026-09-11T08:15:15.616152Z,81.532,client-1,crdb-client-1,15.75695159628191,37123.07,40730.25,8324026368.0,7486406656.0,0.0,2457.4198917499984,0.0,571373568.0,6266217472.0,20.032,3991903.626972964,886089.6570661472,9860341008.0,19574553477.0,1.61
2026-09-11T08:15:20.405136Z,86.321,linode-1,crdb-linode-1,1.7068273092195607,34703.020000000004,40552.28,8322887680.0,5457207296.0,5729.23065843034,77753.84465012603,2.2379807259509508,4430493696.0,124578045952.0,4727.264,21537.167552232047,80600.07656623519,66868663274.0,4704334295.0,0.62
2026-09-11T08:15:20.629253Z,86.545,linode-2,crdb-linode-2,2.8098344204964376,34735.869999999995,40656.86,8322887680.0,5431181312.0,42609.190777388656,85218.38155477731,1.760445832894682,5025503232.0,124419813376.0,4636.176,42285.50880493047,105813.59729307811,66727999766.0,4613839830.0,0.54
2026-09-11T08:15:19.694107Z,85.61,azure-1,crdb-azure-1,1.163378856833397,53519.08,60288.96,8327364608.0,5378416640.0,0.0,79294.50524285351,0.725962877590775,4503220736.0,110751921152.0,4346.329,27769.290005931565,93123.08977916099,65140581700.0,1679226285.0,1.05
2026-09-11T08:15:19.833564Z,85.749,azure-2,crdb-azure-2,1.015228426417869,36746.22,42815.08,8327364608.0,5382717440.0,0.0,131064.14714989241,0.503114509439986,4558819840.0,112251454464.0,3997.5240000000003,20051.72939655958,83697.52605272025,65940111101.0,1796107090.0,1.14
2026-09-11T08:15:20.612189Z,86.528,client-1,crdb-client-1,0.45271629776920674,37142.86,40750.13,8324026368.0,7485894656.0,0.0,81984.33720890078,0.18014136593753297,571373568.0,6266627072.0,20.041,7444.642182978163,77503.82112388797,9860378202.0,19574940692.0,1.48
2026-09-11T08:15:25.402632Z,91.319,linode-1,crdb-linode-1,4.006009013534618,34722.19,40572.25,8322887680.0,5453185024.0,920411.0061285632,202441.2453372708,10.965354018216523,4435093504.0,124579057664.0,4727.812,20578.04757726006,81318.50512556423,66868766114.0,4704740689.0,0.57
2026-09-11T08:15:25.614020Z,91.53,linode-2,crdb-linode-2,2.1706208985010855,34755.25,40676.67,8322887680.0,5430505472.0,22185.87649755661,317997.5631316447,1.524637056762502,5025613824.0,124421398528.0,4636.252,38307.10788156401,98476.10688612268,66728190719.0,4614330713.0,0.5
2026-09-11T08:15:24.758817Z,90.675,azure-1,crdb-azure-1,1.10887096778427,53538.7,60308.8,8327364608.0,5378121728.0,0.0,932459.8516686244,0.829258967995096,4503220736.0,110756643840.0,4346.371,23787.293496729166,87846.75900333865,65140702177.0,1679671208.0,0.97
2026-09-11T08:15:24.832748Z,90.749,azure-2,crdb-azure-2,1.2543903662819655,36765.9,42835.01,8327364608.0,5382787072.0,0.0,181890.67643379213,0.6400995088403569,4558819840.0,112252363776.0,3997.556,17978.19486143363,81331.2436251197,65940200978.0,1796513683.0,1.04
2026-09-11T08:15:25.616872Z,91.533,client-1,crdb-client-1,0.9040683073845313,37162.590000000004,40770.04,8324026368.0,7485894656.0,0.0,12276.436517591148,0.03996235845567821,571373568.0,6266688512.0,20.043,25375.498183992888,80840.65416720536,9860505199.0,19575345276.0,1.36
2026-09-11T08:15:30.410241Z,96.326,linode-1,crdb-linode-1,3.861386138608658,34741.61,40592.45,8322887680.0,5447278592.0,1819122.7267304515,431878.0574252151,8.147557457647231,4444203008.0,124581220352.0,4728.22,27430.709192495553,90990.64363869611,66868903477.0,4705196337.0,0.53
2026-09-11T08:15:30.654374Z,96.57,linode-2,crdb-linode-2,4.002001000513755,34774.44,40696.66,8322887680.0,5411463168.0,2237186.1694071866,472141.36012552684,7.93589581750715,5036890112.0,124423778304.0,4636.652,35698.23855332032,99236.79001885367,66728370652.0,4614830905.0,0.46
2026-09-11T08:15:29.735334Z,95.651,azure-1,crdb-azure-1,1.8509254627082639,53558.32,60328.79,8327364608.0,5368725504.0,169550.86688392732,356386.04544048803,1.3463179897537219,4504064512.0,110758417408.0,4346.438,21600.366016203076,85167.07131689347,65140809672.0,1680095045.0,0.89
2026-09-11T08:15:29.876914Z,95.793,azure-2,crdb-azure-2,1.4572864321656165,36785.509999999995,42854.909999999996,8327364608.0,5380173824.0,169713.02058174057,423064.5154214681,1.0110650663568423,4559675904.0,112254497792.0,3997.607,26393.5561852028,89575.01218192751,65940334112.0,1796965516.0,0.96
2026-09-11T08:15:30.639582Z,96.555,client-1,crdb-client-1,1.7008504252317036,37182.24,40790.03,8324026368.0,7485632512.0,0.0,7339.373251647053,0.03981864828372408,571373568.0,6266725376.0,20.045,47788.549830894466,108981.84851324685,9860745230.0,19575892667.0,1.26
2026-09-11T08:15:35.431670Z,101.348,linode-1,crdb-linode-1,2.152152152153264,34761.16,40612.43,8322887680.0,5445881856.0,17129.599677332484,204739.5009052597,2.6287053076185334,4444289024.0,124582248448.0,4728.352,22610.051955050465,84325.48081484828,66869017013.0,4705619776.0,0.48
2026-09-11T08:15:35.652030Z,101.568,linode-2,crdb-linode-2,2.067574382230619,34793.86,40716.49,8322887680.0,5412417536.0,10654.5111074036,77859.88886179552,2.0009223083387844,5036943360.0,124424167424.0,4636.752,30583.497206154556,93427.66469730713,66728523499.0,4615297828.0,0.42
2026-09-11T08:15:34.715428Z,100.631,azure-1,crdb-azure-1,1.4134275618317482,53577.85,60348.6,8327364608.0,5374181376.0,0.0,125015.08912404321,0.6626326617010814,4504064512.0,110759040000.0,4346.4710000000005,25264.97860373164,85854.10121126121,65140935495.0,1680522610.0,0.82
2026-09-11T08:15:34.890505Z,100.806,azure-2,crdb-azure-2,1.4127144298624494,36805.05,42874.73,8327364608.0,5378289664.0,0.0,107023.32331666487,1.0172257963813476,4559675904.0,112255034368.0,3997.6580000000004,21294.126126793704,83723.06835459151,65940440873.0,1797385273.0,0.88
2026-09-11T08:15:35.619234Z,101.535,client-1,crdb-client-1,1.4120020171397463,37201.79,40809.86,8324026368.0,7484600320.0,0.0,21386.112270503956,0.04016322166183162,571373568.0,6266831872.0,20.047,54603.30556204852,102296.12720495845,9861017137.0,19576402069.0,1.15
2026-09-11T08:15:40.467477Z,106.383,linode-1,crdb-linode-1,3.0211480362829946,34780.42,40632.29,8322887680.0,5445386240.0,1188335.4002935835,753995.1513156412,8.419663358727524,4450273280.0,124586045440.0,4728.776,110619.6818382008,99967.02049671586,66869574075.0,4706123193.0,0.45
2026-09-11T08:15:41.376641Z,107.293,linode-2,crdb-linode-2,4.621635347909525,34812.64,40736.18,8322887680.0,5430829056.0,2560773.63412823,3144621.43671237,10.061715347826974,5051602944.0,124442169344.0,4637.3279999999995,39841.42317396814,269382.8639919727,66728751578.0,4616839956.0,0.39
2026-09-11T08:15:39.848970Z,105.765,azure-1,crdb-azure-1,1.2121212121107394,53597.41,60368.4,8327364608.0,5373407232.0,2393.6472121568045,77394.59319307002,0.7597024843224336,4504076800.0,110759437312.0,4346.51,22825.553334871245,78748.81157026028,65141052672.0,1680926874.0,0.75
2026-09-11T08:15:40.162032Z,106.078,azure-2,crdb-azure-2,1.820020222413854,36824.47,42894.509999999995,8327364608.0,5379403776.0,46619.80709851106,186479.22839404424,0.9295127554630632,4559921664.0,112256017408.0,3997.7070000000003,28028.224113876564,89535.79041122121,65940588626.0,1797857268.0,0.81
2026-09-11T08:15:41.671909Z,107.588,client-1,crdb-client-1,1.201802704045818,37221.520000000004,40829.83,8324026368.0,7483342848.0,0.0,8797.354355408019,0.016521473774449312,571373568.0,6266885120.0,20.048000000000002,30402.155180753492,75086.79401002548,9861201153.0,19576856549.0,1.06
2026-09-11T08:15:45.397184Z,111.313,linode-1,crdb-linode-1,4.761904761890867,34799.42,40652.24,8322887680.0,5446918144.0,126292.91010565934,6919522.0747363875,4.7061245799213856,4450895872.0,124620156928.0,4729.008000000001,6815332.736391469,193759.06011232716,66903171936.0,4707078376.0,0.41
2026-09-11T08:15:45.686865Z,111.603,linode-2,crdb-linode-2,13.111447302059076,34829.87,40756.01,8322887680.0,5400137728.0,3872431.6519166906,128341412.69929045,42.31760049066617,5068294144.0,124995354624.0,4639.152,161720.05113823095,7710589.527501781,66729448634.0,4650074627.0,0.36
2026-09-11T08:15:44.828060Z,110.744,azure-1,crdb-azure-1,1.3643254168977381,53616.93,60388.19,8327364608.0,5374771200.0,81440.76496152511,135734.60826920855,1.3054494462364223,4504482304.0,110760113152.0,4346.575,27237.70059994978,81455.22532462198,65141188292.0,1681332450.0,0.69
2026-09-11T08:15:44.848998Z,110.765,azure-2,crdb-azure-2,1.4120020171759173,36844.020000000004,42914.340000000004,8327364608.0,5378101248.0,0.0,131086.16664656717,0.9387681205129863,4559921664.0,112256631808.0,3997.751,27271.853970156502,102222.88735574539,65940716449.0,1798336386.0,0.75
2026-09-11T08:15:45.683795Z,111.6,client-1,crdb-client-1,0.5533199195201011,37241.29,40849.71,8324026368.0,7483092992.0,0.0,10209.641844373107,0.02492588340905594,571373568.0,6266926080.0,20.049,16280.590007496921,90606.33396863178,9861266469.0,19577220052.0,0.98
2026-09-11T08:15:50.472798Z,116.389,linode-1,crdb-linode-1,1.6369047619131383,34819.25,40672.4,8322887680.0,5446692864.0,25823.632063678986,122662.25230247519,1.8913793015301006,4451026944.0,124620779520.0,4729.104,18126.309362447035,80477.79524312945,66903263939.0,4707486854.0,0.38
2026-09-11T08:15:50.808842Z,116.725,linode-2,crdb-linode-2,2.4549098196656294,34849.34,40775.97,8322887680.0,5402025984.0,1599.3710548219785,113555.34489236047,1.3276029263700198,5068302336.0,124995936256.0,4639.22,73720.03337957825,2663761.277413606,66729826229.0,4663718448.0,0.33
2026-09-11T08:15:49.762922Z,115.679,azure-1,crdb-azure-1,1.4970059880384134,53636.67,60408.23,8327364608.0,5369589760.0,0.0,113711.08894348986,0.8308185031332176,4504482304.0,110760674304.0,4346.616,32085.602674896003,110236.44385247349,65141346631.0,1681876455.0,0.64
2026-09-11T08:15:49.882923Z,115.799,azure-2,crdb-azure-2,1.4999999999787184,36863.72,42934.34,8327364608.0,5381963776.0,30919.60972389974,154598.04861949867,0.8144685435540469,4560077312.0,112257410048.0,3997.792,674249.4404496442,98113.4632184439,65944110592.0,1798830285.0,0.69
2026-09-11T08:15:50.805751Z,116.722,client-1,crdb-client-1,0.34877927254464147,37261.29,40869.78,8324026368.0,7483101184.0,0.0,12794.972600352517,0.01952357879694848,571373568.0,6266991616.0,20.05,7171.010492110412,66169.70373011286,9861303199.0,19577558974.0,0.9
2026-09-11T08:15:55.434757Z,121.351,linode-1,crdb-linode-1,3.164239075828734,34838.53,40692.31,8322887680.0,5446553600.0,825.4729755141484,208019.18982956538,8.786772883884678,4451031040.0,124621811712.0,4729.54,42271.83423657694,99665.58368743712,66903473692.0,4707981395.0,0.35
2026-09-11T08:15:55.654482Z,121.571,linode-2,crdb-linode-2,7.253886010334176,34867.24,40795.27,8322887680.0,5387608064.0,68468.61738990575,172439.4808338367,12.299652767052232,5068634112.0,124996771840.0,4639.816000000001,607826.345415851,18935507.978084356,66732771552.0,4755473581.0,0.3
2026-09-11T08:15:54.711989Z,120.628,azure-1,crdb-azure-1,1.172273190601325,53656.06,60427.85,8327364608.0,5373407232.0,17380.12576998971,292151.6379431604,0.9900787792144676,4504568320.0,110762120192.0,4346.665,28489.41584346214,86757.97668298412,65141487628.0,1682305829.0,0.59
2026-09-11T08:15:54.865908Z,120.782,azure-2,crdb-azure-2,13.738508682339578,36880.61,42953.92,8327364608.0,5373566976.0,1407248.9954147039,28089906.495506234,22.11509623229765,4567089664.0,112397382656.0,3998.8940000000002,20411735.731036007,624019.7839808959,66045822710.0,1801939789.0,0.63
2026-09-11T08:15:55.657584Z,121.574,client-1,crdb-client-1,1.0595358223972284,37280.9,40889.6,8324026368.0,7482617856.0,0.0,341904.79272190563,0.3503798632976593,571373568.0,6268650496.0,20.067,17145.941663372472,84928.57506472235,9861386389.0,19577971037.0,0.83
2026-09-11T08:16:00.421631Z,126.338,linode-1,crdb-linode-1,3.85947550720368,34857.96,40712.520000000004,8322887680.0,5444976640.0,12320.257000362448,285008.611941718,23.180691882191343,4451092480.0,124623233024.0,4730.696,91179.32647844737,115043.40761612859,66903928395.0,4708555106.0,0.32
2026-09-11T08:16:00.639671Z,126.556,linode-2,crdb-linode-2,3.6372950819619776,34886.05,40814.79,8322887680.0,5375217664.0,332759.9434009222,444501.5540244417,18.133619600831953,5070292992.0,124998987776.0,4640.72,163939.55559356028,206838.8050966033,66733588826.0,4756504717.0,0.28
2026-09-11T08:15:59.739396Z,125.655,azure-1,crdb-azure-1,1.8054162487489478,53675.64,60447.79,8327364608.0,5370482688.0,0.0,142577.99298528937,0.676290703327294,4504568320.0,110762836992.0,4346.699,22659.31892424413,85383.88929528222,65141601546.0,1682735090.0,0.54
2026-09-11T08:15:59.855203Z,125.771,azure-2,crdb-azure-2,3.0823648307253926,36899.79,42973.71,8327364608.0,5372358656.0,0.0,303751.80643489904,5.992780703918667,4567089664.0,112398898176.0,3999.193,115137.55194559762,116006.20450649345,66046397170.0,1802518583.0,0.58
2026-09-11T08:16:00.665331Z,126.581,gcp-1,crdb-gcp-1,10.185185185183887,29197.88,39968.36,8324030464.0,5236568064.0,2376453.9609036003,10008152.375710003,10.40236763446565,21358098432.0,121981748224.0,2271.377,202349.4868126795,5116882.526002417,31796574997.0,272317023994.0,2.89
2026-09-11T08:16:00.649930Z,126.566,client-1,crdb-client-1,1.9451371571403309,37300.56,40909.65,8324026368.0,7481905152.0,0.0,12306.818664042386,0.020030629336030968,571373568.0,6268711936.0,20.068,49634.697656863915,106724.19463370937,9861634183.0,19578503842.0,0.84
2026-09-11T08:16:05.425597Z,131.342,linode-1,crdb-linode-1,3.957382039532631,34876.89,40732.229999999996,8322887680.0,5445259264.0,99862.49252901934,1246644.0665712822,26.139084158066357,4451592192.0,124629471232.0,4732.004,1827621.1832010415,193979.3825455878,66913073813.0,4709525779.0,0.29
2026-09-11T08:16:05.671570Z,131.588,linode-2,crdb-linode-2,10.840932117526037,34903.65,40834.53,8322887680.0,5322477568.0,1001220.4291659063,1423686.6102529839,43.32326075770863,5075331072.0,125006151680.0,4642.900000000001,253029.90191647137,3991458.262667571,66734862057.0,4776589491.0,0.58
2026-09-11T08:16:04.696474Z,130.613,azure-1,crdb-azure-1,0.759109311748174,53695.25,60467.55,8327364608.0,5370441728.0,0.0,80149.3002134783,0.40345773706924426,4504568320.0,110763234304.0,4346.719,18467.269269598884,78025.29695672363,65141693091.0,1683121873.0,0.5
2026-09-11T08:16:04.850922Z,130.767,azure-2,crdb-azure-2,5.236400610060632,36918.43,42993.38,8327364608.0,5366042624.0,42634.65757854516,1775897.467598631,11.009362637182713,4567302656.0,112407770112.0,3999.743,1675359.9679958285,143748.24710261717,66054766846.0,1803236713.0,0.53
2026-09-11T08:16:05.958036Z,131.874,gcp-1,crdb-gcp-1,1.0515773660628613,29217.64,39988.33,8324030464.0,5235638272.0,6191.107312502504,42563.86277345472,0.20783136119789075,21358131200.0,121981973504.0,2271.388,35238.18516640944,76092.54052520587,31796761504.0,272317426733.0,2.66
2026-09-11T08:16:05.666897Z,131.583,client-1,crdb-client-1,3.915662650596907,37319.7,40929.57,8324026368.0,7482998784.0,0.0,16328.449523959322,0.03986437872058172,571373568.0,6268793856.0,20.07,264607.9859556455,184435.93662306477,9862961724.0,19579429159.0,0.77
2026-09-11T08:16:10.418148Z,136.334,linode-1,crdb-linode-1,8.514851485152441,34895.37,40752.43,8322887680.0,5449166848.0,183773.5045554624,8662787.654469319,42.70336823734183,4452509696.0,124672720896.0,4734.136,4886635.759959914,231901.92311506462,66937470735.0,4710683568.0,0.27
2026-09-11T08:16:10.658780Z,136.575,linode-2,crdb-linode-2,15.628245067506331,34919.9,40853.79,8322887680.0,5252173824.0,1755934.4909427222,3623565.469616132,69.93863259792019,5084088320.0,125024223232.0,4646.388000000001,450046.87977005536,10542475.288319776,66737106544.0,4829167233.0,0.61
2026-09-11T08:16:09.745597Z,135.662,azure-1,crdb-azure-1,0.9552538964420987,53714.95,60487.44,8327364608.0,5369274368.0,0.0,108704.25258962464,0.4555222804877701,4504568320.0,110763783168.0,4346.742,16426.92564695197,77458.98910532915,65141776033.0,1683512975.0,0.45
2026-09-11T08:16:09.861719Z,135.778,azure-2,crdb-azure-2,8.214285714323367,36936.42,43012.98,8327364608.0,5350289408.0,174929.86402483797,8517613.00532155,21.673051476139936,4568179200.0,112450450432.0,4000.829,4680434.764521203,191065.71028682168,66078219714.0,1804194111.0,0.49
2026-09-11T08:16:10.670308Z,136.587,gcp-1,crdb-gcp-1,0.9027081243383139,29237.4,40008.27,8324030464.0,5234913280.0,18253.496127859922,9561.355114593292,0.14854733177100582,21358217216.0,121982018560.0,2271.395,24421.817974359463,86217.29578007795,31796876587.0,272317833015.0,2.45
2026-09-11T08:16:10.662688Z,136.579,client-1,crdb-client-1,5.840886203404749,37338.4,40949.43,8324026368.0,7485202432.0,0.0,1639.7595111775242,0.0,571373568.0,6268802048.0,20.07,734327.024520296,275855.50954310625,9866630315.0,19580807293.0,0.71
2026-09-11T08:16:15.422607Z,141.339,linode-1,crdb-linode-1,9.511826874681272,34913.350000000006,40772.3,8322887680.0,5447589888.0,305287.1087262353,11529703.755030766,54.351131538462944,4454037504.0,124730421248.0,4736.856,7416489.24905217,317615.8236703251,66974586523.0,4712273075.0,0.49
2026-09-11T08:16:15.722047Z,141.638,linode-2,crdb-linode-2,22.315789473673487,34934.66,40872.79,8322887680.0,5157326848.0,2663873.4133166242,4782514.308997232,81.1320294551085,5097576448.0,125048438784.0,4650.496,654005.5264349114,15840844.090821771,66740418004.0,4909374998.0,0.64
2026-09-11T08:16:14.754133Z,140.67,azure-1,crdb-azure-1,1.3561024610590167,53734.59,60507.35,8327364608.0,5368872960.0,0.0,89139.8842363064,0.85852723223627,4504568320.0,110764229632.0,4346.785,28752.476322808216,86453.89194436118,65141920042.0,1683945986.0,0.42
2026-09-11T08:16:14.884139Z,140.8,azure-2,crdb-azure-2,11.105424769660644,36953.79,43032.52,8327364608.0,5340360704.0,305010.17067142035,11181803.342448782,27.197780875117225,4569711104.0,112506610688.0,4002.195,7189493.452478204,248385.4262368675,66114328719.0,1805441619.0,0.53
2026-09-11T08:16:15.719440Z,141.636,gcp-1,crdb-gcp-1,18.70611835507907,29253.61,40028.21,8324030464.0,7252262912.0,2505871.075587318,35069215.47349943,42.502119164421394,21370869760.0,122159088640.0,2273.541,24628.254996895026,82045.1322597042,31797000939.0,272318247274.0,2.33
2026-09-11T08:16:15.655372Z,141.572,client-1,crdb-client-1,7.876016260177277,37356.53,40969.11,8324026368.0,7488905216.0,0.0,10665.148096454053,0.04005839879976015,571373568.0,6268855296.0,20.072,1162480.312146116,361728.14233001065,9872434243.0,19582613297.0,0.65
2026-09-11T08:16:20.455295Z,146.372,linode-1,crdb-linode-1,10.146390711773211,34931.15,40792.11,8322887680.0,5444739072.0,467978.4033909433,13886343.510706564,58.89470056261586,4456392704.0,124800307200.0,4739.82,9754483.660900509,359385.23887650226,67023678019.0,4714081757.0,0.45
2026-09-11T08:16:20.721178Z,146.637,linode-2,crdb-linode-2,28.283898305108714,34948.2,40891.67,8322887680.0,5078155264.0,3865631.740360228,6416227.672480064,95.69599558602226,5116901376.0,125080514560.0,4655.28,856765.2083078548,21794443.9413884,66744701114.0,5018329003.0,0.67
2026-09-11T08:16:19.833573Z,145.75,azure-1,crdb-azure-1,1.3045659809069576,53754.26,60527.28,8327364608.0,5369319424.0,0.0,133053.18068480713,0.7481091480357227,4504568320.0,110764905472.0,4346.823,515301.91231891664,96518.67982844502,65144537504.0,1684436250.0,0.38
2026-09-11T08:16:19.928745Z,145.845,azure-2,crdb-azure-2,12.646608873039922,36970.92,43052.13,8327364608.0,5333786624.0,470930.6910273785,13883523.941167492,32.35111158728073,4572086784.0,112576648192.0,4003.827,9537910.923283868,277741.8257111102,66162444131.0,1806842729.0,0.49
2026-09-11T08:16:20.709040Z,146.625,gcp-1,crdb-gcp-1,1.913393756299131,29273.09,40048.07,8324030464.0,7407808512.0,486792.79463833896,290598.0595311501,1.2225294645534952,21373298688.0,122160538624.0,2273.602,31641.46751879881,89037.42214787606,31797158819.0,272318691540.0,2.15
2026-09-11T08:16:20.953518Z,146.87,client-1,crdb-client-1,9.161091096236795,37374.18,40988.54,8324026368.0,7486582784.0,0.0,13915.738528753436,0.037748856686117736,571373568.0,6268929024.0,20.074,1620618.8157037515,435830.1798461734,9881020563.0,19584922401.0,0.6
2026-09-11T08:16:25.454365Z,151.371,linode-1,crdb-linode-1,10.928681375089166,34948.509999999995,40811.6,8322887680.0,5447421952.0,737410.7613674208,20713868.28681085,61.61092515766799,4460079104.0,124903858176.0,4742.900000000001,13031383.990239607,407429.6474645358,67088823385.0,4716118544.0,0.49
2026-09-11T08:16:25.698326Z,151.615,linode-2,crdb-linode-2,43.54923644021952,34958.92,40910.659999999996,8322887680.0,4989296640.0,35309009.00378516,8356314.588612855,99.25322414636801,5292640256.0,125122105344.0,4660.22,1686622.2938839828,66859436.64035872,66753095717.0,5351099671.0,0.62
2026-09-11T08:16:24.755649Z,150.672,azure-1,crdb-azure-1,1.8896833503707189,53773.47,60546.86,8327364608.0,5364862976.0,0.0,98195.15815055063,1.056456117542786,4504568320.0,110765388800.0,4346.875,1229710.2480406999,115423.92578139965,65150590281.0,1685004380.0,0.35
2026-09-11T08:16:24.889077Z,150.805,azure-2,crdb-azure-2,15.189217210990968,36987.28,43071.42,8327364608.0,5360594944.0,729957.739324914,21249697.357225493,37.860042090837176,4575707648.0,112682054656.0,4005.705,12825543.861014955,312008.074350532,66226063636.0,1808390406.0,0.45
2026-09-11T08:16:25.662510Z,151.579,gcp-1,crdb-gcp-1,11.788617886195695,29290.449999999997,40067.75,8324030464.0,7416090624.0,65324.02546207489,31421.683133656275,0.5248790613977194,21373622272.0,122160694272.0,2273.628,36319144.53469547,818049.4536258959,31977066502.0,272322743766.0,1.97
2026-09-11T08:16:25.659934Z,151.576,client-1,crdb-client-1,8.441896821273698,37391.75,41007.73,8324026368.0,7486001152.0,0.0,147079.32592023147,0.2337209610071932,571373568.0,6269621248.0,20.085,2101904.6583700594,507922.3924608677,9890913108.0,19587312921.0,0.55
2026-09-11T08:16:30.434798Z,156.351,linode-1,crdb-linode-1,9.999999999985077,34966.06,40831.1,8322887680.0,5452472320.0,818298.0766295486,21117024.83780595,58.14696602933987,4464154624.0,125009031168.0,4745.796,12906398.963897493,385675.0117525408,67153103491.0,4718039392.0,0.45
2026-09-11T08:16:30.709604Z,156.626,linode-2,crdb-linode-2,47.2851871375889,34968.92,40929.63,8322887680.0,4943585280.0,39993303.7583908,7922646.501738852,85.4074758852642,5493057536.0,125161807872.0,4664.5,2425906.761238806,115929379.51664045,66765252593.0,5932053199.0,0.65
2026-09-11T08:16:29.746186Z,155.663,azure-1,crdb-azure-1,3.450025367835219,53792.5,60566.57,8327364608.0,5361324032.0,151017.34564395473,2821726.2734995456,3.1258897758748256,4505321984.0,110779470848.0,4347.031,3814198.281115624,159145.6609489806,65169625339.0,1685798609.0,0.33
2026-09-11T08:16:29.980325Z,155.897,azure-2,crdb-azure-2,13.940329218100834,37004.01,43090.86,8327364608.0,5348454400.0,823822.8678632528,20134584.87696643,32.52627060846994,4579901952.0,112784565248.0,4007.3610000000003,12604788.78216412,289016.53789733164,66290238009.0,1809861867.0,0.41
2026-09-11T08:16:31.266438Z,157.183,gcp-1,crdb-gcp-1,20.88024564993821,29305.91,40087.29,8324030464.0,7406780416.0,0.0,173957.34711657173,1.9985908446311587,21373622272.0,122161669120.0,2273.7400000000002,75962558.95368136,1371365.585143915,32402756764.0,272330428828.0,2.14
2026-09-11T08:16:30.698606Z,156.615,client-1,crdb-client-1,8.307692307671532,37409.63,41027.229999999996,8324026368.0,7484121088.0,0.0,4064.521635015596,0.019846297045998846,571373568.0,6269641728.0,20.086000000000002,1987721.360751281,472014.6042559071,9900928686.0,19589691272.0,0.51
2026-09-11T08:16:35.471607Z,161.388,linode-1,crdb-linode-1,11.418511066416215,34983.67,40850.98,8322887680.0,5448155136.0,896154.4807984331,14644237.649925755,63.9288967717247,4468668416.0,125082791936.0,4749.016,10322173.099982252,388556.6579874778,67205094686.0,4719996492.0,0.42
2026-09-11T08:16:35.793865Z,161.71,linode-2,crdb-linode-2,44.35612082671678,34979.42,40948.5,8322887680.0,4913930240.0,38308419.63925771,6737325.736942972,91.96869052213553,5687830528.0,125196062720.0,4669.176,2012283.209284985,104672046.25825824,66775483723.0,6464241366.0,0.76
2026-09-11T08:16:34.745099Z,160.661,azure-1,crdb-azure-1,10.33958438922462,53810.19,60586.299999999996,8327364608.0,5371633664.0,847231.8270307002,19030760.555720545,21.484539859414095,4509557248.0,110874604544.0,4348.1050000000005,12203466.492514493,210955.77668503948,65230629778.0,1686853165.0,0.3
2026-09-11T08:16:34.895671Z,160.812,azure-2,crdb-azure-2,14.591836734697928,37020.75,43110.46,8327364608.0,5332881408.0,958295.4694235424,15016073.355662812,36.11104063829906,4584612352.0,112858375168.0,4009.136,10536423.897647345,297072.409291228,66342028686.0,1811322095.0,0.38
2026-09-11T08:16:35.696640Z,161.613,gcp-1,crdb-gcp-1,17.218200620469027,29321.92,40106.63,8324030464.0,7401943040.0,0.0,173816.01618253274,0.3160094210358205,21373622272.0,122162439168.0,2273.754,80643256.07452905,1250749.2622972871,32760026361.0,272335969957.0,1.97
2026-09-11T08:16:35.965144Z,161.882,client-1,crdb-client-1,9.49691991785545,37427.26,41046.71,8324026368.0,7487012864.0,0.0,0.0,0.0,571373568.0,6269641728.0,20.086000000000002,1871107.6118018853,451817.20084694546,9910782989.0,19592070795.0,0.47
2026-09-11T08:16:40.419646Z,166.336,linode-1,crdb-linode-1,11.589068825881599,35001.14,40870.74,8322887680.0,5449785344.0,884085.2338041998,18667608.71490497,65.47989080253272,4473042944.0,125175160832.0,4752.256,10777584.81874564,383979.7384219653,67258423081.0,4721896456.0,0.38
2026-09-11T08:16:40.812243Z,166.729,linode-2,crdb-linode-2,47.6067936181156,34989.6,40967.93,8322887680.0,4871307264.0,24983691.02996569,7034774.027679657,96.76359629709223,5813209088.0,125231366144.0,4674.032,1462731.2075718525,77120394.95337343,66782824317.0,6851263606.0,1.1
2026-09-11T08:16:39.734991Z,165.651,azure-1,crdb-azure-1,19.086294416286698,53826.13,60606.0,8327364608.0,5357772800.0,2019297.434973091,28743796.04896452,38.778071573614376,4519633408.0,111018034176.0,4350.04,25173814.23384026,310728.1865107771,65356245438.0,1688403678.0,0.35
2026-09-11T08:16:39.976385Z,165.893,azure-2,crdb-azure-2,14.53608247422421,37037.33,43129.86,8327364608.0,5338943488.0,936781.3191265764,18034249.66339201,37.081137158171266,4589371904.0,112950002688.0,4011.02,10309424.505646383,277118.1237914845,66394408298.0,1812730063.0,0.35
2026-09-11T08:16:40.674618Z,166.591,gcp-1,crdb-gcp-1,8.673469387740894,29339.82,40126.229999999996,8324030464.0,7388274688.0,0.0,16456.32472427971,0.24105944420675085,21373622272.0,122162521088.0,2273.766,28482989.313768122,425742.1153079324,32901815401.0,272338089312.0,1.81
2026-09-11T08:16:40.671207Z,166.588,client-1,crdb-client-1,10.43256997456875,37444.86,41066.36,8324026368.0,7484624896.0,0.0,6092.526690327772,0.0424980935429994,571373568.0,6269670400.0,20.088,2122314.4183497005,509094.01213245146,9920770799.0,19594466639.0,0.43
2026-09-11T08:16:45.438040Z,171.355,linode-1,crdb-linode-1,13.149999999986905,35018.51,40890.74,8322887680.0,5447720960.0,868427.0325010396,15099530.17036582,68.94580657391859,4477401088.0,125250936832.0,4755.715999999999,10517779.635807678,401188.6741669414,67311205867.0,4723909795.0,0.35
2026-09-11T08:16:45.795055Z,171.712,linode-2,crdb-linode-2,42.37726098190029,35000.75,40987.28,8322887680.0,4844838912.0,19626588.280674785,7152410.145340564,104.75959165601802,5911005184.0,125267005440.0,4679.252,1489662.9299721965,65200976.865235604,66790247065.0,7176149465.0,1.25
2026-09-11T08:16:44.746959Z,170.663,azure-1,crdb-azure-1,21.173469387726975,53841.58,60625.6,8327364608.0,5356634112.0,2273549.847005017,23357414.873202875,43.51540926041597,4531028480.0,111135101952.0,4352.2210000000005,27151571.890086044,385452.7514376043,65492329596.0,1690335574.0,0.41
2026-09-11T08:16:44.881182Z,170.798,azure-2,crdb-azure-2,15.66202988151193,37053.7,43149.27,8327364608.0,5332213760.0,936973.9273797639,15282195.072236791,39.450786939647045,4593967616.0,113024959488.0,4012.955,10650462.281325085,311155.18657420645,66446647166.0,1814256231.0,0.4
2026-09-11T08:16:45.667711Z,171.584,gcp-1,crdb-gcp-1,6.543967280193186,29358.1,40145.79,8324030464.0,7382466560.0,2460.983955313977,31992.7914190817,0.2803855417862962,21373634560.0,122162680832.0,2273.78,15409775.682600774,349930.36881400755,32978758334.0,272339836558.0,1.66
2026-09-11T08:16:45.664828Z,171.581,client-1,crdb-client-1,10.812182741105048,37462.43,41086.06,8324026368.0,7486558208.0,0.0,7382.193349315312,0.04005096218159299,571373568.0,6269707264.0,20.09,2015825.003043965,481921.21264272113,9930837099.0,19596873179.0,0.39
2026-09-11T08:16:50.428342Z,176.345,linode-1,crdb-linode-1,11.938775510219834,35035.770000000004,40910.340000000004,8322887680.0,5446942720.0,914358.2279968782,18242021.20038655,66.44858854367487,4481964032.0,125341970432.0,4759.032,10449207.070737552,374329.7874289767,67363350798.0,4725777822.0,0.32
2026-09-11T08:16:50.781435Z,176.698,linode-2,crdb-linode-2,38.880248833590784,35012.54,41006.57,8322887680.0,4819927040.0,15535704.118178234,8223334.950937571,97.30414996128272,5988472832.0,125308010496.0,4684.104,1649222.316456147,60609742.863224275,66798470791.0,7478375498.0,1.39
2026-09-11T08:16:49.775671Z,175.692,azure-1,crdb-azure-1,26.436197254690143,53856.05,60645.27,8327364608.0,5355126784.0,2176391.3780340143,39865755.84075479,66.67670783810382,4541972992.0,111335576576.0,4355.574,26602334.041150298,606975.3918836141,65626105886.0,1693387897.0,0.45
2026-09-11T08:16:49.996973Z,175.913,azure-2,crdb-azure-2,15.028306742142094,37070.21,43168.7,8327364608.0,5343342592.0,914345.2569341238,17798507.059234302,37.256929568568225,4598645248.0,113116013568.0,4014.8610000000003,10026504.351099653,289149.3493239142,66497941026.0,1815735469.0,0.61
2026-09-11T08:16:50.701471Z,176.618,gcp-1,crdb-gcp-1,5.1901336073918,29376.55,40165.25,8324030464.0,7386279936.0,0.0,11901168.49118359,2.8209307899653355,21373634560.0,122222588928.0,2273.922,11452458.724333985,295425.95012144075,33036407715.0,272341323673.0,1.69
2026-09-11T08:16:50.693913Z,176.61,client-1,crdb-client-1,10.325534079378185,37480.06,41105.72,8324026368.0,7489396736.0,0.0,95291.03115857816,0.15907290190733117,571373568.0,6270186496.0,20.098,1966264.9455971902,474835.5948103466,9940725722.0,19599261194.0,0.36
2026-09-11T08:16:55.483037Z,181.4,linode-1,crdb-linode-1,12.736318407985737,35053.31,40930.44,8322887680.0,5448175616.0,875163.858719445,14763528.094453303,67.26429397349244,4486387712.0,125416595456.0,4762.432000000001,10253060.126360757,400094.9448198249,67415176815.0,4727800177.0,0.38
2026-09-11T08:16:55.839929Z,181.756,linode-2,crdb-linode-2,36.32958801498142,35024.44,41025.26,8322887680.0,4828209152.0,14022747.257437173,6783842.044278129,96.86603054782721,6059407360.0,125342326784.0,4689.004,1481542.2149359318,49529505.13313666,66805965221.0,7728922128.0,1.28
2026-09-11T08:16:54.788592Z,180.705,azure-1,crdb-azure-1,35.65656565658541,53868.79,60665.07,8327364608.0,5346115584.0,1462580.6474179355,28007193.77181261,50.56905144146059,4549304832.0,111475975168.0,4358.109,18958530.08639862,461545.82708216686,65721144002.0,1695701602.0,0.42
2026-09-11T08:16:54.927601Z,180.844,azure-2,crdb-azure-2,14.869698518152552,37086.87,43188.270000000004,8327364608.0,5346856960.0,910470.3462451946,15915785.91579533,39.1834277732576,4603134464.0,113194488832.0,4016.793,10368836.288768986,306959.3631083714,66549066190.0,1817248980.0,0.56
2026-09-11T08:16:55.736523Z,181.653,gcp-1,crdb-gcp-1,15.684264479759047,29393.0,40184.76,8324030464.0,7379423232.0,0.0,109221825.47952022,39.26447593416313,21373634560.0,122772530176.0,2275.899,10234031.237502493,305029.566836058,33087936939.0,272342859523.0,1.63
2026-09-11T08:16:55.732518Z,181.649,client-1,crdb-client-1,10.67813765179082,37497.71,41125.479999999996,8324026368.0,7487393792.0,0.0,16258.352873805576,0.019846622160431454,571373568.0,6270268416.0,20.099,2004869.8482582248,479007.9506862863,9950827541.0,19601674743.0,0.33
2026-09-11T08:17:00.454811Z,186.371,linode-1,crdb-linode-1,11.518858307825164,35070.67,40950.06,8322887680.0,5417443328.0,974598.551368683,16208982.669635534,67.25852481641036,4491233280.0,125497184256.0,4765.776,10344013.761885116,387445.7089579239,67466605808.0,4729726503.0,0.35
2026-09-11T08:17:00.804483Z,186.721,linode-2,crdb-linode-2,34.90112239447577,35036.619999999995,41043.97,8322887680.0,4811198464.0,12370664.672263937,9298212.008564398,99.74616711439428,6120822784.0,125388488704.0,4693.956,1393500.0811475343,41559164.99345146,66812883394.0,7935246833.0,1.5
2026-09-11T08:16:59.754740Z,185.671,azure-1,crdb-azure-1,45.436002039792086,53879.49,60684.68,8327364608.0,5354848256.0,984787.6020971974,14051780.885200966,101.10404214533285,4554195456.0,111545758720.0,4363.13,8823405.73676041,318470.886437495,65764962547.0,1697283183.0,0.62
2026-09-11T08:16:59.896760Z,185.813,azure-2,crdb-azure-2,17.330574236934837,37102.85,43207.6,8327364608.0,5352902656.0,900110.1485246377,15177406.744307833,41.15346281132288,4607607296.0,113269908480.0,4018.838,10222067.172382176,294758.60848482867,66599861739.0,1818713696.0,0.52
2026-09-11T08:17:00.696589Z,186.613,gcp-1,crdb-gcp-1,4.419321685511923,29411.6,40204.22,8324030464.0,7395872768.0,10735.241191809771,74320.90055868303,0.28225168398186723,21373687808.0,122772898816.0,2275.913,9446825.357856136,273832.9226796516,33134794252.0,272344217765.0,1.5
2026-09-11T08:17:00.690773Z,186.607,client-1,crdb-client-1,9.580528223745965,37515.17,41144.79,8324026368.0,7487672320.0,0.0,35521.744191662496,0.0806725658422837,571373568.0,6270444544.0,20.103,2048163.9085055492,485944.5113241976,9960982983.0,19604084209.0,0.31
2026-09-11T08:17:05.555110Z,191.472,linode-1,crdb-linode-1,12.045105074312145,35087.83,40969.57,8322887680.0,5447622656.0,3442016.666364933,10656117.392906275,69.64241315592793,4508788736.0,125551534080.0,4769.3279999999995,10217563.902592015,389981.4363143386,67518718860.0,4731715541.0,0.32
2026-09-11T08:17:05.840155Z,191.757,linode-2,crdb-linode-2,35.91511936338101,35048.7,41062.82,8322887680.0,4789563392.0,10462634.65122755,11555017.325300364,102.70636500430696,6173509632.0,125446676480.0,4699.128,1394369.1744143306,39009235.527692124,66819905040.0,8131686232.0,1.86
2026-09-11T08:17:04.817521Z,190.734,azure-1,crdb-azure-1,45.58823529410463,53890.22,60704.4,8327364608.0,5340626944.0,1001582.3391554855,16408798.871366363,80.07368398611881,4559266304.0,111628833792.0,4367.184,12205655.154612593,432144.8733247702,65826757788.0,1699471062.0,0.82
2026-09-11T08:17:05.117242Z,191.034,azure-2,crdb-azure-2,17.695473251038663,37118.85,43227.04,8327364608.0,5344768000.0,2612709.647384711,10399055.155086175,39.70875489035046,4621246976.0,113324196864.0,4020.911,9784707.848546742,297754.17344648624,66650942916.0,1820268125.0,0.56
2026-09-11T08:17:05.734730Z,191.651,gcp-1,crdb-gcp-1,5.123053741804895,29430.49,40224.13,8324030464.0,7409696768.0,9755.899560815933,18698.80749156387,0.3374232839603012,21373736960.0,122772993024.0,2275.93,5722051.83725742,254490.59529401376,33163622992.0,272345499935.0,1.38
2026-09-11T08:17:05.725543Z,191.642,client-1,crdb-client-1,8.978328173365313,37532.81,41164.17,8324026368.0,7487205376.0,0.0,58574.66905025492,0.11917046925914944,571373568.0,6270739456.0,20.109,2020837.0061934767,482113.269790514,9971157502.0,19606511555.0,0.28
2026-09-11T08:17:10.457156Z,196.374,linode-1,crdb-linode-1,12.11964930379521,35104.869999999995,40988.96,8322887680.0,5447413760.0,3262878.829297003,10996862.55374593,69.4399678830255,4524783616.0,125605441536.0,4772.732,10352855.810480224,389586.3711620524,67569469346.0,4733625323.0,0.29
2026-09-11T08:17:12.321975Z,198.239,linode-2,crdb-linode-2,34.499461786844,35060.87,41081.4,8322887680.0,4773937152.0,8950483.261735244,8396291.379460335,78.06406017025985,6231525376.0,125501100032.0,4704.188,1103124.9313106409,34848544.856752,66827055337.0,8357569483.0,2.11
2026-09-11T08:17:09.769838Z,195.687,azure-1,crdb-azure-1,40.44154540895549,53902.09,60724.33,8327364608.0,5350576128.0,1311747.2320684167,24348377.531438913,67.60401272617646,4565762560.0,111749415936.0,4370.532,13138608.872763393,437914.8866889618,65891825024.0,1701639778.0,0.99
2026-09-11T08:17:09.887389Z,195.804,azure-2,crdb-azure-2,16.632653061198997,37135.19,43246.64,8327364608.0,5327257600.0,2624941.639493572,11505264.320436498,43.20582052171377,4633768448.0,113379079168.0,4022.972,10729269.126331268,316956.0964843072,66702123575.0,1821780066.0,0.59
2026-09-11T08:17:10.702061Z,196.619,gcp-1,crdb-gcp-1,4.520060944656934,29449.29,40243.82,8324030464.0,7410065408.0,0.0,61019.19739038143,0.7649946885673433,21373736960.0,122773296128.0,2275.968,7553123.31976882,242568.74345308982,33201142035.0,272346704860.0,1.27
2026-09-11T08:17:10.698431Z,196.615,client-1,crdb-client-1,8.625196027153192,37550.29,41183.299999999996,8324026368.0,7481733120.0,0.0,9060.284695709875,0.02010894152984899,571373568.0,6270784512.0,20.11,1973273.3397283799,478826.2732226834,9980970417.0,19608892716.0,0.26
2026-09-11T08:17:15.520258Z,201.437,linode-1,crdb-linode-1,13.008538422851446,35122.19,41008.869999999995,8322887680.0,5450768384.0,2766730.7271822356,14207404.979758602,64.94005441747449,4538791936.0,125677375488.0,4776.0199999999995,10082671.653851492,375358.64969550713,67620519233.0,4735525813.0,0.27
2026-09-11T08:17:15.897180Z,201.814,linode-2,crdb-linode-2,38.3034773445646,35072.58,41100.38,8322887680.0,4748197888.0,15315192.848746082,24207811.557002146,133.4739521133273,6286280704.0,125587648512.0,4708.96,2017426.0610203017,71401167.93220341,66834268098.0,8612845039.0,2.02
2026-09-11T08:17:14.795866Z,200.713,azure-1,crdb-azure-1,16.28498727733767,53918.54,60743.98,8327364608.0,5348384768.0,1469360.444160733,31963275.64083644,33.48549980071331,4573147648.0,111910065152.0,4372.215,22886923.877673063,478279.7803710211,66006855987.0,1704043639.0,0.91
2026-09-11T08:17:15.068785Z,200.985,azure-2,crdb-azure-2,15.934627170594185,37151.65,43266.22,8327364608.0,5351907328.0,1970761.2420151683,13626948.37138286,36.59233465872636,4643979776.0,113449686016.0,4024.868,9690116.113707358,277436.48086644075,66752332069.0,1823217579.0,0.54
2026-09-11T08:17:15.712912Z,201.63,gcp-1,crdb-gcp-1,4.977375565619058,29468.19,40263.71,8324030464.0,7413325824.0,0.0,20435.547408068785,0.2594356604614762,21373736960.0,122773398528.0,2275.981,6325195.865869394,246336.7539576759,33232836809.0,272347939223.0,1.17
2026-09-11T08:17:15.699865Z,201.617,client-1,crdb-client-1,10.122699386554068,37567.869999999995,41202.86,8324026368.0,7499177984.0,0.0,76163.14584039233,0.1599528432468451,571373568.0,6271165440.0,20.118000000000002,2015600.3675551743,477962.0888426303,9991051390.0,19611283231.0,0.24
2026-09-11T08:17:20.481184Z,206.398,linode-1,crdb-linode-1,12.935323383109786,35139.69,41028.97,8322887680.0,5451853824.0,846284.6310444333,15826761.065844627,65.79346979156666,4542990336.0,125755891712.0,4779.284,10147970.065812333,379493.26669989777,67670863096.0,4737408471.0,0.25
2026-09-11T08:17:20.844535Z,206.761,linode-2,crdb-linode-2,40.38954382369981,35084.21,41119.89,8322887680.0,4731383808.0,10703200.102921372,13660488.992744634,96.53541582230437,6339233792.0,125655232512.0,4713.736,1400399.6201973145,55133518.916820355,66841196445.0,8885613001.0,1.94
2026-09-11T08:17:19.799149Z,205.716,azure-1,crdb-azure-1,17.545638945227804,53934.8,60763.700000000004,8327364608.0,5353140224.0,1779760.581673097,40296759.48100039,36.71565263182977,4582052352.0,112111682560.0,4374.052,26878571.526895072,425489.44382423337,66141337965.0,1706172497.0,0.84
2026-09-11T08:17:19.926701Z,205.843,azure-2,crdb-azure-2,15.135967162634156,37168.19,43285.71,8327364608.0,5333716992.0,924091.3762485007,16609193.449561328,37.34063490184172,4648468992.0,113530373120.0,4026.6820000000002,10205684.816847816,291593.9236749685,66801911066.0,1824634136.0,0.5
2026-09-11T08:17:20.730338Z,206.647,gcp-1,crdb-gcp-1,4.598281960585215,29487.07,40283.5,8324030464.0,7415832576.0,0.0,20408.605933062197,0.19930279231034764,21373736960.0,122773500928.0,2275.991,6441383.736266738,249915.13851509322,33265156395.0,272349193170.0,1.08
2026-09-11T08:17:20.727647Z,206.644,client-1,crdb-client-1,10.964467005021628,37585.41,41222.56,8324026368.0,7498604544.0,0.0,5702.65862233011,0.03977858972047258,571373568.0,6271194112.0,20.12,2078036.709285817,484578.2054372477,10001499406.0,19613719608.0,0.3
2026-09-11T08:17:25.482194Z,211.399,linode-1,crdb-linode-1,11.63026917220863,35157.09,41048.66,8322887680.0,5450924032.0,886189.0535615024,19767257.678102456,64.46651682815806,4547422208.0,125854748672.0,4782.508,10135284.005373776,391014.41933510266,67721550115.0,4739363952.0,0.23
2026-09-11T08:17:25.835566Z,211.752,linode-2,crdb-linode-2,39.58013312850173,35096.01,41139.42,8322887680.0,4680196096.0,10676042.079561055,14106425.344421169,95.53063443184809,6392518656.0,125725638656.0,4718.504,1382890.885139665,55976903.34585599,66848098549.0,9164997595.0,1.94
2026-09-11T08:17:24.834161Z,210.751,azure-1,crdb-azure-1,16.666666666672814,53951.25,60783.44,8327364608.0,5353472000.0,2705683.945178247,41033494.85229584,37.67577570070384,4595675648.0,112318288896.0,4375.949,26792144.585573886,419019.96754305635,66276238169.0,1708282290.0,0.77
2026-09-11T08:17:24.934051Z,210.851,azure-2,crdb-azure-2,16.19537275065258,37184.49,43305.159999999996,8327364608.0,5339566080.0,886705.1243548257,20758225.037594475,38.86268693411657,4652909056.0,113634317312.0,4028.628,9986913.717192419,286658.4481056271,66851919276.0,1826069542.0,0.62
2026-09-11T08:17:25.689321Z,211.606,gcp-1,crdb-gcp-1,3.932584269664796,29505.88,40303.08,8324030464.0,7411298304.0,0.0,27257.123859498282,0.22181904182468384,21373736960.0,122773636096.0,2276.002,7109368.85275157,242841.23572648072,33300411735.0,272350397419.0,0.99
2026-09-11T08:17:25.694571Z,211.611,client-1,crdb-client-1,10.5798575788843,37602.99,41242.22,8324026368.0,7500775424.0,0.0,34635.252430366556,0.06039908696701986,571373568.0,6271366144.0,20.123,2039087.4704570952,484077.54236020736,10011627477.0,19616124003.0,0.27
2026-09-11T08:17:30.459759Z,216.377,linode-1,crdb-linode-1,11.866125760630675,35174.47,41068.380000000005,8322887680.0,5451685888.0,933976.3384069906,18339674.585089516,67.66313987978197,4552071168.0,125946036224.0,4785.876,10079832.793606058,380422.543670075,67771723484.0,4741257543.0,0.21
2026-09-11T08:17:30.816225Z,216.733,linode-2,crdb-linode-2,37.53910323255608,35107.99,41158.6,8322887680.0,4658655232.0,10358663.98319955,10946663.725021373,95.00706055714761,6444111872.0,125780160512.0,4723.236,1480680.2201663894,55632563.46491575,66855473347.0,9442085728.0,1.87
2026-09-11T08:17:29.765528Z,215.682,azure-1,crdb-azure-1,20.91469681397683,53966.64,60802.9,8327364608.0,5347622912.0,3177865.3387502865,40056386.25890521,46.01136021950667,4611346944.0,112515822592.0,4378.218,26290485.867109273,500379.5244722599,66405886830.0,1710749857.0,0.79
2026-09-11T08:17:29.894706Z,215.812,azure-2,crdb-azure-2,16.313887454842877,37200.7,43324.53,8327364608.0,5353877504.0,995780.4159202295,18261754.111863777,40.901418685829924,4657848832.0,113724908544.0,4030.657,9960507.603884384,287487.58525109396,66901330447.0,1827495684.0,0.57
2026-09-11T08:17:30.718897Z,216.636,gcp-1,crdb-gcp-1,3.5860655737748104,29524.699999999997,40322.6,8324030464.0,7415967744.0,0.0,4188336.0267278277,0.7555246560465566,21373736960.0,122794701824.0,2276.04,6689221.651735609,245119.43707350583,33334055961.0,272351630276.0,0.91
2026-09-11T08:17:30.982558Z,216.899,client-1,crdb-client-1,10.378323108342546,37620.520000000004,41261.78,8324026368.0,7498035200.0,0.0,17815.390032511066,0.018910697639764718,571373568.0,6271460352.0,20.124,1898871.9396131113,452914.4232920193,10021668735.0,19618519020.0,0.25
2026-09-11T08:17:35.468539Z,221.385,linode-1,crdb-linode-1,13.276123170104437,35191.65,41088.19,8322887680.0,5450432512.0,942056.3379102899,16926757.064587753,65.56432541099258,4556789760.0,126030819328.0,4789.16,10034388.612396017,365668.0549199842,67821983945.0,4743089109.0,0.35
2026-09-11T08:17:35.726348Z,221.643,linode-2,crdb-linode-2,36.304700162076855,35119.78,41177.11,8322887680.0,4646436864.0,10597497.936093621,13608909.109684458,91.97225629177991,6496147456.0,125846982656.0,4727.752,1436748.186054499,56741241.39778213,66862528034.0,9720695231.0,1.72
2026-09-11T08:17:34.793479Z,220.71,azure-1,crdb-azure-1,24.539877300594103,53981.4,60822.46,8327364608.0,5341888512.0,3346546.2988134283,36584724.375222065,54.09727121606622,4628173312.0,112699769856.0,4380.938,26603263.31512115,440803.0623619335,66539647507.0,1712966206.0,0.81
2026-09-11T08:17:34.898818Z,220.816,azure-2,crdb-azure-2,15.868109222056626,37217.03,43343.94,8327364608.0,5349761024.0,944573.7796954856,16876275.727696292,39.86695162064505,4662575616.0,113809359872.0,4032.652,9950909.626279518,297976.1876329474,66951126240.0,1828986800.0,0.68
2026-09-11T08:17:35.704922Z,221.622,gcp-1,crdb-gcp-1,3.4871794871623285,29543.52,40342.1,8324030464.0,7412817920.0,0.0,3511857.890336166,0.6818985761136248,21373736960.0,122812212224.0,2276.074,7689448.146011475,259638.69904819442,33372396155.0,272352924855.0,0.84
2026-09-11T08:17:35.701994Z,221.619,client-1,crdb-client-1,10.14788373281581,37638.14,41281.39,8324026368.0,7498915840.0,0.0,38187.21173261349,0.06356624822323598,571373568.0,6271640576.0,20.127,2101200.3454559823,505424.3507851754,10031585320.0,19620904363.0,0.23
2026-09-11T08:17:40.448115Z,226.365,linode-1,crdb-linode-1,12.082262210791239,35208.75,41107.64,8322887680.0,5451595776.0,871905.2099092877,19998708.838230673,71.49134330954774,4561131520.0,126130405376.0,4792.719999999999,9784731.38194864,356256.02345327346,67870708227.0,4744863130.0,0.32
2026-09-11T08:17:40.718959Z,226.636,linode-2,crdb-linode-2,36.27027027026555,35131.57,41195.61,8322887680.0,4718608384.0,12114962.149095466,15210360.821035413,95.26024293023971,6556633088.0,125922922496.0,4732.508,1361482.986695526,57442861.06283224,66869325427.0,10007486697.0,1.58
2026-09-11T08:17:39.786723Z,225.704,azure-1,crdb-azure-1,20.295767465594505,53997.03,60842.07,8327364608.0,5348818944.0,3432168.286503752,30207838.70709863,48.48548449559131,4645310976.0,112850605056.0,4383.359,27171022.983768545,417135.9838617483,66675319136.0,1715049069.0,0.82
2026-09-11T08:17:39.908436Z,225.825,azure-2,crdb-azure-2,15.975422427012443,37233.44,43363.47,8327364608.0,5360254976.0,881396.138266522,19881288.031622216,38.765167078103076,4666991104.0,113908958208.0,4034.594,9616276.38047775,271514.26435787324,66999300439.0,1830346992.0,0.63
2026-09-11T08:17:40.712930Z,226.63,gcp-1,crdb-gcp-1,5.93350383633412,29561.91,40361.65,8324030464.0,7400763392.0,0.0,20761999.094093226,6.309851445675446,21373736960.0,122916189184.0,2276.39,9707240.598436482,266023.7363075286,33421010422.0,272354257113.0,0.77
2026-09-11T08:17:40.705171Z,226.622,client-1,crdb-client-1,9.133367929398306,37655.65,41300.659999999996,8324026368.0,7498657792.0,0.0,4912.042825736951,0.0,571373568.0,6271665152.0,20.127,2066840.5555952077,481874.27935488813,10041926165.0,19623315283.0,0.21
2026-09-11T08:17:45.447797Z,231.365,linode-1,crdb-linode-1,11.608961303456732,35226.11,41127.28,8322887680.0,5448814592.0,866763.7856218882,16222737.696488308,72.48419683490219,4565465088.0,126211514368.0,4796.344,9951239.776768157,391497.06767963176,67920461545.0,4746820502.0,0.3
2026-09-11T08:17:45.738549Z,231.655,linode-2,crdb-linode-2,40.297713981900095,35142.8,41214.42,8322887680.0,4708405248.0,10895198.107428512,11647547.767033745,96.18251329730698,6611322880.0,125981388800.0,4737.336,1382969.4713228242,56169195.82854604,66876267413.0,10289434910.0,2.01
2026-09-11T08:17:44.787352Z,230.704,azure-1,crdb-azure-1,25.562372188142103,54011.59,60861.63,8327364608.0,5341437952.0,3276337.1629710016,39662518.6106362,56.61200261455294,4661694976.0,113048945664.0,4386.19,26787597.407048795,406082.0341695388,66809276044.0,1717079766.0,1.0
2026-09-11T08:17:44.909683Z,230.827,azure-2,crdb-azure-2,16.351558507942833,37249.81,43383.04,8327364608.0,5348556800.0,910715.3822431556,16115239.726977132,37.970201470456566,4671545856.0,113989555200.0,4036.493,9805504.207246734,294631.5678482198,67048340612.0,1831820530.0,0.74
2026-09-11T08:17:45.773529Z,231.69,gcp-1,crdb-gcp-1,4.211060375434528,29580.79,40381.36,8324030464.0,7415885824.0,0.0,18615.82939162575,0.19760348794191673,21373736960.0,122916283392.0,2276.4,7770045.790589681,246387.04662568728,33460331822.0,272355503989.0,0.71
2026-09-11T08:17:45.716910Z,231.634,client-1,crdb-client-1,8.38541666670569,37673.24,41319.86,8324026368.0,7498817536.0,0.0,80093.0382896579,0.17957722432212322,571373568.0,6272066560.0,20.136,2021886.3066356094,479992.7610115819,10052059397.0,19625720897.0,0.2
2026-09-11T08:17:50.452525Z,236.369,linode-1,crdb-linode-1,11.425682507594392,35243.63,41147.06,8322887680.0,5449060352.0,844610.3380603793,15704678.07852773,66.73646744417387,4569692160.0,126290112512.0,4799.684,9738530.001328701,371870.1827130626,67969200550.0,4748681623.0,0.27
2026-09-11T08:17:50.698571Z,236.616,linode-2,crdb-linode-2,41.11859140345712,35154.17,41233.73,8322887680.0,4707815424.0,10735355.178793851,11778336.224241285,92.66017954053008,6664570880.0,126039810048.0,4741.932000000001,1430767.122592295,56349442.44356494,66883364103.0,10568931495.0,1.93
2026-09-11T08:17:49.782062Z,235.699,azure-1,crdb-azure-1,22.860071758065924,54026.64,60881.14,8327364608.0,5339553792.0,3377002.390665476,42055078.581956685,52.975482101865886,4678562304.0,113259000832.0,4388.836,27014384.213053048,455539.49407457106,66944206502.0,1719355078.0,1.24
2026-09-11T08:17:49.885481Z,235.802,azure-2,crdb-azure-2,14.080901177676209,37266.59,43402.57,8327364608.0,5336977408.0,880804.8789811321,13918363.452161666,33.662843446388464,4675928576.0,114058810368.0,4038.168,9672997.766126508,282902.7372956176,67096471636.0,1833228201.0,1.0
2026-09-11T08:17:50.703603Z,236.621,gcp-1,crdb-gcp-1,4.5982819606036,29599.67,40401.15,8324030464.0,7417032704.0,0.0,13293.034517007669,0.1825520487262916,21373736960.0,122916348928.0,2276.409,8003021.979642823,259453.11342987092,33499787527.0,272356783119.0,0.65
2026-09-11T08:17:50.686081Z,236.603,client-1,crdb-client-1,9.05815748839287,37690.91,41339.29,8324026368.0,7498203136.0,0.0,3297.1363247004083,0.0,571373568.0,6272082944.0,20.136,1983309.605729444,475342.4528300521,10061914781.0,19628082950.0,0.18
2026-09-11T08:17:55.481069Z,241.398,linode-1,crdb-linode-1,12.449596774197047,35261.0,41166.9,8322887680.0,5448298496.0,863417.9262440384,16466031.489644563,70.47725186580463,4574033920.0,126372913152.0,4803.228,9747949.728215728,382286.5913875444,68018218826.0,4750603979.0,0.25
2026-09-11T08:17:55.735002Z,241.652,linode-2,crdb-linode-2,35.4602510459896,35166.51,41252.85,8322887680.0,4700803072.0,10435006.696479954,15137306.495330166,96.73409184414659,6717126656.0,126116048896.0,4746.804,1397213.5622819243,40479722.34191439,66890401151.0,10772807092.0,2.1
2026-09-11T08:17:54.973868Z,240.891,azure-1,crdb-azure-1,67.78989098116995,54033.14,60901.32,8327364608.0,5335408640.0,1293843.7023284615,13070188.180777818,96.40112498442996,4685279744.0,113326859264.0,4393.841,13016289.069466844,411754.7255858349,67011785098.0,1721492846.0,1.38
2026-09-11T08:17:54.970342Z,240.887,azure-2,crdb-azure-2,15.13157894735655,37283.36,43422.33,8327364608.0,5354139648.0,900570.210537421,16637994.363730261,36.06742662079413,4680507904.0,114143413248.0,4040.002,9645742.189948888,297094.31550417276,67145519469.0,1834738902.0,0.92
2026-09-11T08:17:55.717907Z,241.635,gcp-1,crdb-gcp-1,4.78348439072035,29618.58,40421.01,8324030464.0,7414562816.0,0.0,24505.743059035445,0.2592567218143713,21373736960.0,122916471808.0,2276.422,6866642.622639343,248927.1363058291,33534219172.0,272358031323.0,0.6
2026-09-11T08:17:55.732425Z,241.649,client-1,crdb-client-1,10.204081632653816,37708.51,41358.89,8324026368.0,7502381056.0,0.0,7304.9674716811005,0.039631984980957186,571373568.0,6272119808.0,20.138,2003272.9908318717,476499.318623964,10072024156.0,19630487570.0,0.16
2026-09-11T08:18:00.463699Z,246.381,linode-1,crdb-linode-1,11.486146095712858,35278.57,41186.75,8322887680.0,5451534336.0,847530.0766493853,14159753.22045166,63.82100309699349,4578256896.0,126443466752.0,4806.408,9640936.999721214,376031.3432976683,68066256585.0,4752477625.0,0.39
2026-09-11T08:18:00.729767Z,246.647,linode-2,crdb-linode-2,37.42105263158201,35178.4,41271.85,8322887680.0,4701347840.0,9787344.703270087,13456266.379217332,95.77974661832133,6766012416.0,126183260160.0,4751.588,1266096.1335340447,34463610.376033716,66896725039.0,10944945689.0,2.09
2026-09-11T08:17:59.772683Z,245.69,azure-1,crdb-azure-1,69.85105290192608,54039.009999999995,60920.79,8327364608.0,5323268096.0,1259821.5369724263,15110176.60502904,101.73268294500568,4691325440.0,113399370752.0,4398.723,8625356.970205154,316557.0175923802,67053176902.0,1723011956.0,1.59
2026-09-11T08:17:59.907997Z,245.825,azure-2,crdb-azure-2,14.359771902560647,37299.88,43441.62,8327364608.0,5337300992.0,894241.193976126,12868611.912942154,37.58840825792955,4684923392.0,114206954496.0,4041.858,9562303.118774844,284513.26437853003,67192735181.0,1836143741.0,0.85
2026-09-11T08:18:00.712629Z,246.63,gcp-1,crdb-gcp-1,4.2553191489373425,29637.48,40440.75,8324030464.0,7410266112.0,22961.595441284033,18861.310541054743,0.28029291310408816,21373851648.0,122916566016.0,2276.436,5748813.653990766,236952.62141327502,33562933202.0,272359214848.0,0.55
2026-09-11T08:18:00.709791Z,246.627,client-1,crdb-client-1,10.901681100388117,37726.0,41378.520000000004,8324026368.0,7502245888.0,0.0,38677.14268865495,0.060272309292911226,571373568.0,6272312320.0,20.141000000000002,2056635.4448009608,485375.3176281674,10082260874.0,19632903482.0,0.31
2026-09-11T08:18:05.478172Z,251.395,linode-1,crdb-linode-1,11.98786039451556,35295.97,41206.52,8322887680.0,5449986048.0,908312.9241355568,16049856.69634852,64.29331097309317,4582811648.0,126523949056.0,4809.6320000000005,10502461.314896235,399529.4828859031,68118921372.0,4754481073.0,0.36
2026-09-11T08:18:05.727865Z,251.645,linode-2,crdb-linode-2,36.07068607072617,35190.7,41291.090000000004,8322887680.0,4693696512.0,10516701.694751477,18211029.771742176,97.39619324411416,6818576384.0,126274281472.0,4756.456,1324859.9290862086,38500397.87147721,66903346877.0,11137376143.0,2.16
2026-09-11T08:18:04.792068Z,250.709,azure-1,crdb-azure-1,70.66262013149291,54044.81,60940.56,8327364608.0,5334409216.0,941700.9676815114,11865105.779973289,99.07537370609944,4696052224.0,113458926592.0,4403.696,8232858.339870324,321333.9307825963,67094501000.0,1724624863.0,1.78
2026-09-11T08:18:04.894155Z,250.811,azure-2,crdb-azure-2,15.07485802786711,37316.33,43460.990000000005,8327364608.0,5336322048.0,901971.3190073916,13500818.422483133,34.83615854100654,4689420800.0,114274272256.0,4043.5950000000003,10423358.0828605,303908.4811329577,67244708113.0,1837659089.0,0.94
2026-09-11T08:18:05.702814Z,251.62,gcp-1,crdb-gcp-1,4.0506329113887185,29656.43,40460.5,8324030464.0,7418216448.0,0.0,36936.265492854815,0.28054889154977003,21373851648.0,122916750336.0,2276.4500000000003,6593727.372159673,251729.70705516124,33595837336.0,272360471034.0,0.51
2026-09-11T08:18:05.705410Z,251.623,client-1,crdb-client-1,10.705225773722349,37743.6,41398.23,8324026368.0,7501520896.0,0.0,42635.32254740259,0.08006934072148994,571373568.0,6272525312.0,20.145,2009180.567245516,479980.66728903254,10092298077.0,19635301307.0,0.29
2026-09-11T08:18:10.515814Z,256.433,linode-1,crdb-linode-1,11.682476285586961,35313.66,41226.55,8322887680.0,5447438336.0,843974.0324486482,12875888.99600847,60.10736002260648,4587063296.0,126588813312.0,4812.66,10761454.597111842,391084.13117280044,68173133842.0,4756451219.0,0.33
2026-09-11T08:18:10.794837Z,256.712,linode-2,crdb-linode-2,36.23639191289604,35203.0,41310.380000000005,8322887680.0,4694642688.0,10575883.894446112,16891666.27366399,94.41490401546132,6872164352.0,126359871488.0,4761.240000000001,1349917.615140034,42913901.091887005,66910186905.0,11354820735.0,2.07
2026-09-11T08:18:09.813756Z,255.731,azure-1,crdb-azure-1,76.79197994985643,54049.44,60960.51,8327364608.0,5334388736.0,1673723.2689183906,15626311.104258541,99.4079061400763,4704457216.0,113537397760.0,4408.688,11446639.976238161,338514.1888399063,67151982974.0,1726324791.0,1.8
2026-09-11T08:18:10.062355Z,255.979,azure-2,crdb-azure-2,14.234693877524695,37333.14,43480.59,8327364608.0,5349986304.0,957381.563830548,14764916.005101912,36.64697673660876,4694368768.0,114350580736.0,4045.489,10282963.08116623,276624.6925093253,67297852830.0,1839088749.0,0.86
2026-09-11T08:18:10.773004Z,256.69,gcp-1,crdb-gcp-1,4.079551249358737,29675.24,40480.11,8324030464.0,7419580416.0,0.0,2749924.7570501803,0.6705794319035978,21373851648.0,122930693120.0,2276.484,7830419.5342355305,263720.74547988357,33635539458.0,272361808162.0,0.46
2026-09-11T08:18:10.770371Z,256.687,client-1,crdb-client-1,10.459828196023768,37761.32,41418.02,8324026368.0,7500206080.0,0.0,87338.52737975559,0.09871704935687059,571373568.0,6272967680.0,20.150000000000002,1996793.5877103144,476312.5272240389,10102411799.0,19637713821.0,0.26
2026-09-11T08:18:15.508492Z,261.426,linode-1,crdb-linode-1,11.507128309583015,35331.04,41246.19,8322887680.0,5452873728.0,877818.3142694928,17659735.544827197,66.33629930411409,4591446016.0,126676983808.0,4815.972000000001,10655544.476967828,395292.4394700257,68226334222.0,4758424812.0,0.3
2026-09-11T08:18:15.756329Z,261.673,linode-2,crdb-linode-2,35.945945945928614,35214.85,41328.88,8322887680.0,4690616320.0,11163950.4313956,20506731.399531666,98.35687583119672,6927554560.0,126461616128.0,4766.12,1506375.8635500376,45782211.47388113,66917660825.0,11581970276.0,1.9
2026-09-11T08:18:14.823673Z,260.741,azure-1,crdb-azure-1,64.69989827061858,54056.38,60980.17,8327364608.0,5330460672.0,1582825.163713004,21405748.15926336,97.98524372531587,4712387072.0,113644639232.0,4413.597,13720813.199067084,436352.5021851386,67220723398.0,1728510890.0,1.82
2026-09-11T08:18:14.967987Z,260.885,azure-2,crdb-azure-2,14.064115822133571,37349.76,43499.93,8327364608.0,5348069376.0,936814.0304437397,15015742.890820157,36.91637354851114,4698964480.0,114424243200.0,4047.3,10713667.512921495,301564.7797712063,67350410679.0,1840568130.0,0.95
2026-09-11T08:18:15.744715Z,261.662,gcp-1,crdb-gcp-1,4.426145136389959,29693.81,40499.54,8324030464.0,7405170688.0,0.0,3400884.2440188117,0.7844347429938715,21373851648.0,122947601408.0,2276.523,8798333.719840018,284224.84383874596,33679282423.0,272363221252.0,0.59
2026-09-11T08:18:15.740298Z,261.657,client-1,crdb-client-1,9.78372811534971,37778.840000000004,41437.44,8324026368.0,7502548992.0,0.0,10714.053424707086,0.040242087682921986,571373568.0,6273020928.0,20.152,1995815.7955262272,477262.70908130583,10112330846.0,19640085779.0,0.24
2026-09-11T08:18:20.735460Z,266.653,linode-1,crdb-linode-1,11.10537190080022,35348.25,41265.549999999996,8322887680.0,5449404416.0,790677.5797031571,10930784.498790227,59.69018212730358,4595578880.0,126734118912.0,4819.092000000001,9979435.871345894,366723.0869621246,68278496636.0,4760341670.0,0.28
2026-09-11T08:18:20.756908Z,266.674,linode-2,crdb-linode-2,36.60095897709711,35226.75,41347.65,8322887680.0,4686012416.0,12753332.61647691,15559557.250006126,98.06760915799947,6991329280.0,126539423744.0,4771.024,1329001.0807189744,42882426.805551335,66924306670.0,11796409501.0,1.75
2026-09-11T08:18:19.841976Z,265.759,azure-1,crdb-azure-1,71.92540322581327,54061.95,61000.01,8327364608.0,5317406720.0,1077388.1895606539,13858313.689810865,99.1559324554337,4717793792.0,113714185216.0,4418.573,9493279.441114405,319575.8240587899,67268364076.0,1730114636.0,1.99
2026-09-11T08:18:19.958284Z,265.875,azure-2,crdb-azure-2,14.607893388034466,37366.42,43519.44,8327364608.0,5334216704.0,878247.5001320331,14843203.544287559,35.74934151019549,4703347200.0,114498315264.0,4049.0840000000003,10376535.934984313,294835.680501324,67402192724.0,1842039449.0,1.04
2026-09-11T08:18:20.738466Z,266.656,gcp-1,crdb-gcp-1,5.512622359589281,29712.15,40518.95,8324030464.0,7380664320.0,0.0,3384216.050915997,0.8810926650349243,21373851648.0,122964501504.0,2276.567,12155792.702374224,318592.094019264,33739986013.0,272364812237.0,0.54
2026-09-11T08:18:20.724650Z,266.642,client-1,crdb-client-1,9.194805194826362,37796.32,41456.69,8324026368.0,7499653120.0,0.0,30405.140136479473,0.060187539860537556,571373568.0,6273172480.0,20.155,2012162.3469742124,481613.47145922,10122360309.0,19642486343.0,0.22
2026-09-11T08:18:25.502424Z,271.42,linode-1,crdb-linode-1,10.107747562856007,35365.770000000004,41285.04,8322887680.0,5448564736.0,864392.6563082341,15381205.706335686,69.30956585782413,4599699456.0,126807441408.0,4822.396,11101204.500148049,427377.3833996185,68331416286.0,4762378986.0,0.34
2026-09-11T08:18:25.805197Z,271.722,linode-2,crdb-linode-2,38.057324840786045,35238.42,41366.490000000005,8322887680.0,4687470592.0,15483142.702395512,15319248.407689026,97.69573086183573,7069493248.0,126616760320.0,4775.956,1451750.4391045782,53559693.884583145,66931635581.0,12066796352.0,1.61
2026-09-11T08:18:24.851003Z,270.768,azure-1,crdb-azure-1,66.17422312786397,54068.59,61019.64,8327364608.0,5324750848.0,1516050.4745676871,19998128.590090267,96.60500004257251,4725387776.0,113814356992.0,4423.412,12273552.060461631,340376.6077755459,67329843004.0,1731819602.0,2.23
2026-09-11T08:18:24.971046Z,270.888,azure-2,crdb-azure-2,14.586543400051987,37383.05,43538.909999999996,8327364608.0,5354442752.0,879203.1427567782,15073921.54049911,36.72576077974195,4707754496.0,114573878272.0,4050.925,10417886.841930306,302181.5944744411,67454415821.0,1843554234.0,0.96
2026-09-11T08:18:25.770729Z,271.688,gcp-1,crdb-gcp-1,7.222222222241004,29730.52,40538.75,8324030464.0,7405015040.0,0.0,3363218.2123565134,0.7551241883422273,21373851648.0,122981426176.0,2276.605,17801532.499340508,353540.0040047125,33829568395.0,272366591351.0,0.5
2026-09-11T08:18:25.773565Z,271.691,client-1,crdb-client-1,8.77645844087176,37813.990000000005,41476.060000000005,8324026368.0,7502843904.0,0.0,6490.0216387635755,0.03961194847875964,571373568.0,6273205248.0,20.157,2031434.012198551,481836.77039976337,10132616982.0,19644919128.0,0.2
2026-09-11T08:18:30.496094Z,276.413,linode-1,crdb-linode-1,11.195928753202045,35383.22,41304.69,8322887680.0,5453565952.0,833358.1409553746,19282070.05667219,64.8017209062108,4603860992.0,126903730176.0,4825.632,10499451.169725452,380579.9461750876,68383847338.0,4764279486.0,0.31
2026-09-11T08:18:30.762522Z,276.68,linode-2,crdb-linode-2,37.25806451609439,35250.090000000004,41385.090000000004,8322887680.0,4679352320.0,12949760.937385868,18850813.232084386,99.16571412648364,7133689856.0,126710210560.0,4780.871999999999,1393050.137784309,51209417.84792128,66938541430.0,12320659797.0,1.48
2026-09-11T08:18:29.810978Z,275.728,azure-1,crdb-azure-1,31.707317073159913,54082.03,61039.32,8327364608.0,5322260480.0,1990187.4461943475,28732195.774041466,65.16109052957316,4735259136.0,113956869120.0,4426.644,16464816.250444125,346909.0169736503,67411508743.0,1733540276.0,2.29
2026-09-11T08:18:29.915100Z,275.832,azure-2,crdb-azure-2,15.19379844965747,37399.46,43558.26,8327364608.0,5353082880.0,891427.2734864309,19219536.540531326,38.87470275744907,4712161792.0,114668901376.0,4052.847,10330220.272624008,284079.82319500844,67505489352.0,1844958750.0,0.88
2026-09-11T08:18:31.003249Z,276.921,gcp-1,crdb-gcp-1,6.784810126583018,29748.93,40558.5,8324030464.0,7382933504.0,0.0,3224315.38846591,0.668888640317721,21373851648.0,122998297600.0,2276.64,11325685.715661012,299695.74640664103,33888830726.0,272368159527.0,0.46
2026-09-11T08:18:31.012527Z,276.93,client-1,crdb-client-1,9.21874999998822,37831.42,41495.259999999995,8324026368.0,7501275136.0,0.0,3909.1524178538893,0.01908765829032552,571373568.0,6273225728.0,20.158,1906994.3034642965,452685.1945318017,10142607701.0,19647290740.0,0.19
2026-09-11T08:18:35.543453Z,281.461,linode-1,crdb-linode-1,11.606690319280643,35400.66,41324.42,8322887680.0,5452013568.0,830984.9119785514,14741055.591885144,65.30109095290983,4608055296.0,126978134016.0,4828.928,10243372.222863473,402177.0563510391,68435549621.0,4766309430.0,0.29
2026-09-11T08:18:36.165826Z,282.083,linode-2,crdb-linode-2,40.3935784567781,35261.6,41404.4,8322887680.0,4675182592.0,10740256.990291968,14297095.344219828,94.38790638608488,7191721984.0,126787461120.0,4785.972,1270898.73566386,39173497.790910736,66945408394.0,12532323395.0,1.44
2026-09-11T08:18:35.036209Z,280.954,azure-1,crdb-azure-1,16.785350966441115,54098.39,61058.98,8327364608.0,5310070784.0,863838.9081957317,15136777.964845354,41.28015923149151,4739772928.0,114035962880.0,4428.801,9892985.74778514,295287.8683711562,67463202270.0,1735083235.0,2.11
2026-09-11T08:18:35.049431Z,280.967,azure-2,crdb-azure-2,15.71940604198614,37415.92,43577.79,8327364608.0,5353533440.0,855199.6505107976,14060535.298743293,39.03107371825165,4716552704.0,114741093376.0,4054.851,10043089.473760543,293528.47656487196,67557054296.0,1846465834.0,0.89
2026-09-11T08:18:36.160937Z,282.078,gcp-1,crdb-gcp-1,5.824284304048232,29768.010000000002,40578.76,8324030464.0,7417266176.0,0.0,3271895.783370773,0.7755365839672608,21373851648.0,123015173120.0,2276.68,8880922.82959599,279236.794161316,33934636033.0,272369599752.0,0.42
2026-09-11T08:18:35.842655Z,281.76,client-1,crdb-client-1,10.82294264338124,37849.3,41515.31,8324026368.0,7503126528.0,0.0,3392.0115957744288,0.0,571373568.0,6273242112.0,20.158,2183416.1672508274,510301.6859000624,10153153977.0,19649755585.0,0.17
2026-09-11T08:18:40.503367Z,286.421,linode-1,crdb-linode-1,12.082912032353688,35418.05,41344.2,8322887680.0,5454548992.0,868753.4957465006,18169500.392979566,66.45200367001624,4612364288.0,127068254208.0,4832.224,10449932.216291383,393189.0056713495,68487380980.0,4768259636.0,0.26
2026-09-11T08:18:40.748055Z,286.665,linode-2,crdb-linode-2,37.99893560403984,35273.25,41423.19,8322887680.0,4678844416.0,12227096.252635876,21170154.81010513,103.1778565300241,7247751168.0,126884470784.0,4790.7,1394106.1141784845,44737898.732735634,66951796716.0,12737329384.0,1.57
2026-09-11T08:18:39.829304Z,285.747,azure-1,crdb-azure-1,17.229038854783973,54114.58,61078.54,8327364608.0,5323468800.0,936594.4847350516,21268214.905187923,43.91705345358466,4744262144.0,114137904128.0,4430.906,10648556.47612832,311925.40990195307,67514242150.0,1736578333.0,2.02
2026-09-11T08:18:39.944308Z,285.862,azure-2,crdb-azure-2,15.738375063845256,37432.41,43597.36,8327364608.0,5365260288.0,920465.6803368366,18087987.405600965,40.409293228567186,4721058304.0,114829632512.0,4056.829,10472102.048642812,293205.786651277,67608314331.0,1847901051.0,0.82
2026-09-11T08:18:40.742909Z,286.66,gcp-1,crdb-gcp-1,5.2467532467638245,29786.25,40598.01,8324030464.0,7407050752.0,0.0,3700853.7777400366,0.8075015437315464,21373851648.0,123032130560.0,2276.717,9582645.917415377,297457.5977130002,33978544048.0,272370962713.0,0.39
2026-09-11T08:18:40.740188Z,286.658,client-1,crdb-client-1,10.45548654246431,37866.6,41534.63,8324026368.0,7501586432.0,0.0,9199.696804998437,0.04083672232330139,571373568.0,6273287168.0,20.16,1957070.7190888426,475033.98916051316,10162738834.0,19652082089.0,0.16
2026-09-11T08:18:45.505015Z,291.422,linode-1,crdb-linode-1,11.337061515047541,35435.49,41363.87,8322887680.0,5442514944.0,837760.1126043994,13803797.124203086,65.41801954560586,4616554496.0,127137296384.0,4835.496,10427905.023939772,408096.07971830317,68539538024.0,4770300802.0,0.24
2026-09-11T08:18:45.758724Z,291.676,linode-2,crdb-linode-2,40.322580645136256,35284.72,41442.409999999996,8322887680.0,4673912832.0,13094763.066027623,14984712.014692076,97.23207971797298,7313364992.0,126959554560.0,4795.572,1354232.9194288682,44991372.81726575,66958582360.0,12962767294.0,1.6
2026-09-11T08:18:44.818886Z,290.736,azure-1,crdb-azure-1,16.572890025568732,54130.89,61098.09,8327364608.0,5309394944.0,914486.9319394354,14548879.618278828,41.3257768155608,4748825088.0,114210497536.0,4432.968,10358408.371390918,293344.0722904741,67565926691.0,1738042009.0,2.18
2026-09-11T08:18:44.953993Z,290.871,azure-2,crdb-azure-2,15.440414507792099,37448.729999999996,43616.659999999996,8327364608.0,5356036096.0,901008.0566918652,13705624.36871664,38.64492643337543,4725572096.0,114898293760.0,4058.7650000000003,10275141.396488538,292100.15163821477,67659789843.0,1849364389.0,0.83
2026-09-11T08:18:45.768865Z,291.686,gcp-1,crdb-gcp-1,5.487179487177995,29804.68,40617.51,8324030464.0,7473872896.0,12224.497403374358,3360106.852940832,0.7759690734516028,21373913088.0,123049018368.0,2276.756,11975937.795966236,316641.5421817523,34038734794.0,272372554145.0,0.36
2026-09-11T08:18:45.762198Z,291.68,client-1,crdb-client-1,10.652395514798696,37884.13,41554.25,8324026368.0,7490641920.0,0.0,6524.812418018254,0.019912147271808556,571373568.0,6273319936.0,20.161,2052621.0016639868,482102.754549331,10173047220.0,19654503238.0,0.15
2026-09-11T08:18:50.554780Z,296.472,linode-1,crdb-linode-1,13.05652826409991,35452.87,41383.86,8322887680.0,5452906496.0,2756190.175187406,6514926.276369996,62.81437406089397,4630472704.0,127170195456.0,4838.668,10304897.28051799,376968.227817058,68591575690.0,4772204416.0,0.22
2026-09-11T08:18:50.765010Z,296.682,linode-2,crdb-linode-2,38.96312132552461,35296.14,41461.12,8322887680.0,4669640704.0,13405591.589085326,17669854.229446188,98.51506730945259,7380477952.0,127048015872.0,4800.504,1367080.725366522,45448500.311600864,66965426432.0,13190297975.0,1.55
2026-09-11T08:18:49.861877Z,295.779,azure-1,crdb-azure-1,18.032786885263008,54146.89,61117.61,8327364608.0,5304700928.0,2580395.1105402373,7818345.399452415,44.95319535733417,4761838080.0,114249925632.0,4435.235,10205170.702386389,292197.55446653324,67617391602.0,1739515568.0,2.08
2026-09-11T08:18:49.976096Z,295.893,azure-2,crdb-azure-2,14.109799897379482,37465.47,43636.15,8327364608.0,5331865600.0,1012962.2610039376,6335499.873976318,36.97631479524194,4730659328.0,114930111488.0,4060.6220000000003,10298131.860333715,297405.85618713935,67711508439.0,1850858001.0,0.77
2026-09-11T08:18:50.753125Z,296.671,gcp-1,crdb-gcp-1,5.312499999984133,29822.86,40636.71,8324030464.0,7474167808.0,3287.11362072737,6796929.189259019,1.5849729982791025,21373929472.0,123082896384.0,2276.835,12945360.45675931,338277.37632055685,34103258510.0,272374240225.0,0.33
2026-09-11T08:18:50.741254Z,296.659,client-1,crdb-client-1,10.958904109570334,37901.68,41573.96,8324026368.0,7488716800.0,0.0,13984.919546133377,0.0,571373568.0,6273389568.0,20.161,2016298.7517068759,483885.80806377635,10183086528.0,19656912543.0,0.13
2026-09-11T08:18:55.634150Z,301.552,linode-1,crdb-linode-1,14.21319796956002,35469.77,41403.56,8322887680.0,5454778368.0,3451365.4974991977,6384219.776565689,67.56698116363616,4648003584.0,127202623488.0,4842.1,10078232.635813398,367197.79909500486,68642767106.0,4774069562.0,0.44
2026-09-11T08:18:55.808257Z,301.726,linode-2,crdb-linode-2,38.802779262439216,35307.59,41479.83,8322887680.0,4664832000.0,13041862.364842504,13889770.218180127,98.42829991994549,7446251520.0,127118065664.0,4805.468000000001,1343579.4073761767,44037394.22736395,66972202459.0,13412390224.0,1.51
2026-09-11T08:18:54.909395Z,300.827,azure-1,crdb-azure-1,17.7352637021697,54162.8,61136.950000000004,8327364608.0,5303775232.0,3162335.648982677,8063671.88707746,45.962706599488634,4777800192.0,114290627584.0,4437.555,9979374.516790336,291416.04109290335,67667763198.0,1740986511.0,1.92
2026-09-11T08:18:55.222487Z,301.14,azure-2,crdb-azure-2,15.960743801671951,37481.74,43655.51,8327364608.0,5313617920.0,3044011.52763927,6009170.74332892,38.12089647935656,4746629632.0,114961638400.0,4062.6220000000003,9582336.14774435,287233.3307926558,67761781843.0,1852364961.0,0.78
2026-09-11T08:18:55.811662Z,301.729,gcp-1,crdb-gcp-1,5.265875064553105,29841.21,40656.08,8324030464.0,7470952448.0,0.0,6656663.986673776,1.2849475355551387,21373929472.0,123116569600.0,2276.9,11766029.53651164,329554.2504440383,34162777821.0,272375907299.0,0.3
2026-09-11T08:18:55.793785Z,301.711,client-1,crdb-client-1,10.153846153862567,37919.2,41593.46,8324026368.0,7479410688.0,0.0,101334.56501891973,0.1781271650723266,571373568.0,6273901568.0,20.17,2013890.0927009364,478613.8382142623,10193261849.0,19659330773.0,0.12
2026-09-11T08:19:00.521058Z,306.439,linode-1,crdb-linode-1,12.677484787017512,35486.99,41423.28,8322887680.0,5455396864.0,3303152.07418813,6431130.643300056,65.39867605966057,4664145920.0,127234052096.0,4845.295999999999,10334353.017011976,381656.52400265686,68693270563.0,4775934698.0,0.41
2026-09-11T08:19:00.783172Z,306.701,linode-2,crdb-linode-2,37.125748502987136,35319.14,41498.200000000004,8322887680.0,4658843648.0,12220568.180131918,13075999.71952133,96.40264223860939,7507048448.0,127183118336.0,4810.264,1327634.6359985874,42785108.11348146,66978807398.0,13625244741.0,1.95
2026-09-11T08:18:59.818621Z,305.736,azure-1,crdb-azure-1,17.156105100438534,54178.880000000005,61156.36,8327364608.0,5300740096.0,3391603.252714564,7236254.615201333,44.9762885219222,4794450432.0,114326152192.0,4439.763,10220694.94249617,297111.5694426298,67717939180.0,1742445107.0,1.84
2026-09-11T08:18:59.928401Z,305.846,azure-2,crdb-azure-2,15.538461538455572,37498.21,43675.01,8327364608.0,5324312576.0,3344062.8385262317,7159880.5074744355,41.28857762004229,4762366464.0,114995332096.0,4064.565,10626572.12152511,305672.1113178916,67811789450.0,1853803424.0,0.72
2026-09-11T08:19:00.748230Z,306.666,gcp-1,crdb-gcp-1,5.64391995894643,29859.6,40675.57,8324030464.0,7469502464.0,0.0,6810343.132361055,1.2356672411914258,21373929472.0,123150189568.0,2276.9610000000002,10841167.054246506,313731.4560329316,34216296371.0,272377456067.0,0.28
2026-09-11T08:19:00.745120Z,306.663,client-1,crdb-client-1,8.981723237565308,37936.630000000005,41612.61,8324026368.0,7470084096.0,0.0,1654.4941467553456,0.0,571373568.0,6273909760.0,20.17,2044861.2557716935,486241.7326010929,10203386698.0,19661738332.0,0.11
2026-09-11T08:19:05.551710Z,311.469,linode-1,crdb-linode-1,11.782786885258357,35504.21,41442.8,8322887680.0,5455642624.0,3438370.634222922,6305172.197826736,65.91529218184401,4681443328.0,127265771520.0,4848.612,10296543.111643815,393593.2097989746,68745069373.0,4777914747.0,0.46
2026-09-11T08:19:05.803183Z,311.721,linode-2,crdb-linode-2,38.11563169163814,35330.7,41516.88,8322887680.0,4652716032.0,12451062.718151871,16193724.886445623,98.56475122839551,7569553408.0,127264411648.0,4815.2119999999995,1356251.9729088582,43386423.03046501,66985615851.0,13843046763.0,1.87
2026-09-11T08:19:04.874333Z,310.792,azure-1,crdb-azure-1,16.076014381122082,54195.22,61175.83,8327364608.0,5314584576.0,3548525.358955896,6189665.237996128,42.60490033261429,4812390912.0,114357445632.0,4441.917,10052579.949603224,297463.3000000273,67768762576.0,1743949009.0,1.7
2026-09-11T08:19:04.974251Z,310.892,azure-2,crdb-azure-2,16.59877800408418,37514.59,43694.65,8327364608.0,5346131968.0,3432870.263563103,6196050.773652676,37.456014265651255,4779688448.0,115026596864.0,4066.455,10115468.717127532,295444.51878878166,67862831282.0,1855294213.0,0.66
2026-09-11T08:19:06.313310Z,312.231,gcp-1,crdb-gcp-1,6.011207335694402,29878.05,40695.2,8324030464.0,7469432832.0,13248.228373238557,6055912.391944825,1.2039270033190643,21374003200.0,123183891456.0,2277.0280000000002,9805967.472972963,285115.4304507699,34270867771.0,272379042769.0,0.25
2026-09-11T08:19:05.775728Z,311.693,client-1,crdb-client-1,9.213250517630112,37954.17,41631.93,8324026368.0,7479492608.0,0.0,6513.644814135489,0.01987806644934176,571373568.0,6273942528.0,20.171,2039820.7862942645,483509.5163596325,10213648364.0,19664170709.0,0.1
2026-09-11T08:19:10.524549Z,316.442,linode-1,crdb-linode-1,12.110373019904852,35521.41,41462.37,8322887680.0,5455589376.0,3330095.8382311068,6375202.025206225,66.3600925437488,4698003456.0,127297474560.0,4851.912,10047104.623746896,376239.4036009976,68795032301.0,4779785736.0,0.58
2026-09-11T08:19:10.775192Z,316.693,linode-2,crdb-linode-2,38.51570964246,35342.05,41535.340000000004,8322887680.0,4653928448.0,13554053.691851934,14727151.148680303,99.75756331659929,7636944896.0,127337635840.0,4820.1720000000005,1385329.2592949583,46610328.27289573,66992503783.0,14074795836.0,1.72
2026-09-11T08:19:09.907638Z,315.825,azure-1,crdb-azure-1,15.94202898551652,54211.46,61195.15,8327364608.0,5304528896.0,2651273.0332736485,7017979.938290959,41.60256462813857,4825735680.0,114392769536.0,4444.011,9893584.37087942,298947.60559382214,67818560385.0,1745453715.0,1.56
2026-09-11T08:19:09.980915Z,315.898,azure-2,crdb-azure-2,15.321336760906789,37531.06,43714.1,8327364608.0,5328494592.0,2952536.3770407853,6340303.940722108,38.20879989478787,4794470912.0,115058340864.0,4068.368,9877161.32282405,292591.92442170583,67912283266.0,1856759133.0,0.61
2026-09-11T08:19:11.049861Z,316.967,gcp-1,crdb-gcp-1,7.793522267210095,29896.27,40714.96,8324030464.0,7460048896.0,0.0,3564532.078861956,0.7811533797615423,21374003200.0,123200775168.0,2277.065,15173149.850006687,363885.1011412857,34342736697.0,272380766342.0,0.23
2026-09-11T08:19:11.299354Z,317.217,client-1,crdb-client-1,10.696008188313277,37971.62,41651.47,8324026368.0,7496708096.0,0.0,2966.146638278417,0.018103922352795666,571373568.0,6273958912.0,20.172,1889099.3997844842,441512.4840450647,10224083116.0,19666609476.0,0.1
2026-09-11T08:19:15.515618Z,321.433,linode-1,crdb-linode-1,14.100000000003677,35538.59,41482.369999999995,8322887680.0,5455953920.0,3239960.656644389,7839752.824955382,67.72037351943916,4714174464.0,127336603648.0,4855.292,10046735.955573807,385422.892352758,68845176690.0,4781709425.0,0.53
2026-09-11T08:19:15.791529Z,321.709,linode-2,crdb-linode-2,42.06390780513517,35353.11,41554.43,8322887680.0,4642918400.0,17190394.97950792,17780745.787952524,99.35505101923097,7723177984.0,127426830336.0,4825.156,1439458.929517404,53751926.4415601,66999724617.0,14344434469.0,2.07
2026-09-11T08:19:14.859140Z,320.777,azure-1,crdb-azure-1,16.530194472854564,54227.770000000004,61214.69,8327364608.0,5308510208.0,3132679.69338117,6912244.921545565,42.310169592517234,4841247232.0,114426995712.0,4446.106,10018550.333410757,295581.672183319,67868167520.0,1746917296.0,1.6
2026-09-11T08:19:14.945320Z,320.863,azure-2,crdb-azure-2,15.162454873621146,37547.51,43733.49,8327364608.0,5332066304.0,3393514.626233955,6315914.0442064,38.453599281485644,4811317760.0,115089695744.0,4070.277,10009052.10616606,296925.4393465727,67961972452.0,1858233197.0,0.88
2026-09-11T08:19:15.763876Z,321.681,gcp-1,crdb-gcp-1,9.487569761537618,29914.11,40734.67,8324030464.0,7452393472.0,0.0,7156204.114069811,1.5485644801776932,21374003200.0,123234509824.0,2277.138,23545691.697133817,443577.1736665335,34453732107.0,272382857384.0,0.21
2026-09-11T08:19:15.752103Z,321.67,client-1,crdb-client-1,11.3751263902939,37989.15,41671.25,8324026368.0,7511666688.0,0.0,2759.6228272816,0.0,571373568.0,6273971200.0,20.172,2324687.1355984323,547197.4088082528,10234434442.0,19669046027.0,0.09
2026-09-11T08:19:20.509556Z,326.427,linode-1,crdb-linode-1,13.252402630258365,35555.74,41502.14,8322887680.0,5453848576.0,3136396.969903693,6367115.501402293,67.68148738763385,4729837568.0,127368400896.0,4858.672,9977005.549114116,371489.46715363703,68895001657.0,4783564636.0,0.57
2026-09-11T08:19:20.814052Z,326.732,linode-2,crdb-linode-2,40.742650850962825,35364.6,41573.82,8322887680.0,4642504704.0,13270924.702046387,14510512.088951722,98.51521366172376,7789832192.0,127499710464.0,4830.104,1342482.625193859,45439377.95242663,67006467336.0,14572657130.0,1.98
2026-09-11T08:19:19.824220Z,325.742,azure-1,crdb-azure-1,15.95470921255615,54244.1,61234.119999999995,8327364608.0,5309423616.0,2610160.258242143,7248886.911875383,40.321327620374554,4854206976.0,114462987264.0,4448.108,9865620.634107903,304662.0704666883,67917151454.0,1748429978.0,1.55
2026-09-11T08:19:19.987230Z,325.905,azure-2,crdb-azure-2,14.63917525775036,37564.07,43752.89,8327364608.0,5315305472.0,1652386.7686781704,6507999.21528064,36.454094850802896,4819649024.0,115122508800.0,4072.1150000000002,9756102.303661361,287394.92069607147,68011162306.0,1859682230.0,0.81
2026-09-11T08:19:20.776989Z,326.695,gcp-1,crdb-gcp-1,6.230847803886896,29932.47,40754.25,8324030464.0,7473291264.0,0.0,3367061.9072157615,0.6582675988469726,21374003200.0,123251389440.0,2277.171,13960740.905643431,315648.88844950066,34523719518.0,272384439782.0,0.2
2026-09-11T08:19:20.780456Z,326.698,client-1,crdb-client-1,11.099796334014034,38006.61,41690.89,8324026368.0,7511732224.0,0.0,13847.752267023992,0.019887052313650212,571373568.0,6274040832.0,20.173000000000002,2066702.449407155,484232.42210127803,10244826643.0,19671480940.0,0.08
2026-09-11T08:19:25.516229Z,331.434,linode-1,crdb-linode-1,14.40635866865765,35572.97,41522.270000000004,8322887680.0,5456535552.0,3551383.8765138085,6571000.989670332,65.11266708779108,4747618304.0,127401299968.0,4861.932000000001,10274578.535145923,399522.9365020273,68946443454.0,4785564930.0,0.52
2026-09-11T08:19:25.828246Z,331.746,linode-2,crdb-linode-2,40.706126687412656,35376.020000000004,41593.08,8322887680.0,4643758080.0,11767071.81418275,14876094.74544131,97.72175847940167,7848835072.0,127574302720.0,4835.004,1353716.3860846732,43844743.598413944,67013255190.0,14792505040.0,2.14
2026-09-11T08:19:24.829343Z,330.747,azure-1,crdb-azure-1,16.966580976874912,54260.25,61253.57,8327364608.0,5309972480.0,3387982.143850453,7474019.545842075,42.23629422895454,4871164416.0,114500396032.0,4450.222,10151432.3809883,300762.7731478429,67967961139.0,1749935348.0,1.5
2026-09-11T08:19:24.995964Z,330.914,azure-2,crdb-azure-2,15.637860082307142,37580.47,43772.33,8327364608.0,5319688192.0,3351195.9508177405,7167699.489730965,39.550538054059594,4836434432.0,115158410240.0,4074.096,10112946.801327942,297274.30213435984,68061815846.0,1861171212.0,0.75
2026-09-11T08:19:25.799117Z,331.717,gcp-1,crdb-gcp-1,4.6594982078848375,29951.09,40773.78,8324030464.0,7468793856.0,0.0,6703267.150899812,1.334081624627198,21374003200.0,123285054464.0,2277.238,11395927.141857926,299013.09067749203,34580951932.0,272385941480.0,0.18
2026-09-11T08:19:25.796566Z,331.714,client-1,crdb-client-1,11.139240506314374,38024.16,41710.64,8324026368.0,7510368256.0,0.0,4899.39780863268,0.019935700718673753,571373568.0,6274065408.0,20.174,2104073.6609558878,489382.57802817976,10255380943.0,19673935745.0,0.07
2026-09-11T08:19:30.519306Z,336.437,linode-1,crdb-linode-1,12.917933130678305,35590.16,41542.01,8322887680.0,5456470016.0,3166690.6674152743,6426711.928441029,65.63906366005081,4763461632.0,127433453568.0,4865.216,10135468.931743871,376454.2212400047,68997152404.0,4787448375.0,0.48
2026-09-11T08:19:30.785495Z,336.703,linode-2,crdb-linode-2,38.97216274093147,35387.42,41611.76,8322887680.0,4646944768.0,11924602.549360748,18460329.140647024,98.76404160743233,7907948544.0,127665815552.0,4839.900000000001,1347394.0858995726,43384885.63714042,67019934586.0,15007575623.0,2.05
2026-09-11T08:19:29.811604Z,335.729,azure-1,crdb-azure-1,16.760925449878172,54276.44,61273.020000000004,8327364608.0,5322878976.0,3215278.457189898,7247735.8421340175,41.928494307606385,4887183872.0,114536506368.0,4452.311,10069203.57595833,309776.9085010397,68018128851.0,1751478747.0,1.38
2026-09-11T08:19:30.198246Z,336.116,azure-2,crdb-azure-2,15.384615384598044,37596.86,43791.7,8327364608.0,5310701568.0,3199748.8300135233,8226125.929129255,37.21410637146152,4853080576.0,115201205248.0,4076.032,9619491.079239618,282880.45381288376,68111859597.0,1862642849.0,0.69
2026-09-11T08:19:30.798845Z,336.717,gcp-1,crdb-gcp-1,4.531250000031561,29969.42,40792.98,8324030464.0,7474102272.0,0.0,6771865.770342484,1.320069897715986,21374003200.0,123318912000.0,2277.304,10872528.300453698,305956.20038306684,34635311695.0,272387471180.0,0.17
2026-09-11T08:19:30.749519Z,336.667,client-1,crdb-client-1,11.340206185588663,38041.36,41730.04,8324026368.0,7510519808.0,0.0,4961.83354443749,0.020189752378106905,571373568.0,6274089984.0,20.175,2030176.3105300595,484253.22976354015,10265436422.0,19676334255.0,0.07
2026-09-11T08:19:35.566684Z,341.484,linode-1,crdb-linode-1,12.888436067239805,35607.26,41561.64,8322887680.0,5454172160.0,3055313.0656295926,6756583.422159891,67.99517062764643,4778883072.0,127467556864.0,4868.648,10155877.557621816,389171.7063110187,69048413356.0,4789412687.0,0.84
2026-09-11T08:19:35.820122Z,341.738,linode-2,crdb-linode-2,39.96789727124593,35398.64,41630.45,8322887680.0,4643082240.0,12340818.646959374,18345669.489678547,98.51644854837151,7970080768.0,127758180352.0,4844.860000000001,1339889.8413412434,42709725.306792445,67026680519.0,15222605946.0,2.29
2026-09-11T08:19:34.870480Z,340.788,azure-1,crdb-azure-1,17.237851662384116,54292.62,61292.57,8327364608.0,5313720320.0,3379518.441809789,6882105.116287304,42.47944592975577,4904280576.0,114571322368.0,4454.46,9975810.22284116,297870.06547947315,68068595649.0,1752985647.0,1.27
2026-09-11T08:19:34.956226Z,340.874,azure-2,crdb-azure-2,15.876288659801629,37613.18,43811.1,8327364608.0,5303267328.0,3336707.325965436,7670294.70442519,40.710273422349616,4868956672.0,115237700608.0,4077.969,10565712.334394127,313844.05180427927,68162131391.0,1864136123.0,0.63
2026-09-11T08:19:35.817388Z,341.735,gcp-1,crdb-gcp-1,5.005159958689465,29987.83,40812.36,8324030464.0,7478669312.0,11426.29447014048,3372389.19647289,1.67377360402115,21374060544.0,123335836672.0,2277.388,10986122.100355161,309630.58197343984,34690446646.0,272389025092.0,0.15
2026-09-11T08:19:35.813804Z,341.732,client-1,crdb-client-1,9.793814432996461,38058.86,41749.44,8324026368.0,7510450176.0,0.0,95438.03621854952,0.11847611090425525,571373568.0,6274573312.0,20.181,2055064.8991248014,482138.9282452182,10275843912.0,19678775957.0,0.06
2026-09-11T08:19:40.555171Z,346.473,linode-1,crdb-linode-1,16.481854838727074,35623.83,41581.48,8322887680.0,5461745664.0,2795797.0607041223,6046475.640242337,74.49108243261213,4792829952.0,127497719808.0,4872.3640000000005,9640024.484225875,327886.0504497499,69096502778.0,4791048352.0,0.78
2026-09-11T08:19:40.806744Z,346.725,linode-2,crdb-linode-2,36.486486486511474,35410.39,41648.950000000004,8322887680.0,4643172352.0,10180373.630049413,22338667.197258662,97.13962264052016,8020846592.0,127869575168.0,4849.704,1220477.539803626,36859758.55504302,67032766597.0,15406412168.0,2.1
2026-09-11T08:19:39.870479Z,345.788,azure-1,crdb-azure-1,16.340206185594287,54308.85,61311.97,8327364608.0,5307772928.0,3165369.3855251893,6890248.939351027,41.87974313480801,4920107520.0,114605773824.0,4456.554,9643931.849913811,291117.614459387,68116815604.0,1754441244.0,1.25
2026-09-11T08:19:40.100928Z,346.019,azure-2,crdb-azure-2,15.215163934466291,37629.729999999996,43830.62,8327364608.0,5321412608.0,3075543.1592786512,7474294.377247729,37.572407488750514,4884779520.0,115276153856.0,4079.902,9387160.261467973,282596.2076800816,68210425823.0,1865590005.0,0.58
2026-09-11T08:19:40.832393Z,346.75,gcp-1,crdb-gcp-1,4.628687690724275,30006.58,40832.02,8324030464.0,7509340160.0,0.0,6710454.86880221,1.355940067042294,21374060544.0,123369489408.0,2277.456,6177455.167550544,249576.12336558953,34721426404.0,272390276709.0,0.14
2026-09-11T08:19:40.793313Z,346.711,client-1,crdb-client-1,8.89808587684625,38076.47,41768.77,8324026368.0,7509319680.0,0.0,5757.953484562807,0.020082148034911568,571373568.0,6274601984.0,20.182000000000002,1989227.935807638,473880.85703699326,10285749366.0,19681135669.0,0.06
2026-09-11T08:19:45.575920Z,351.494,linode-1,crdb-linode-1,15.62974203340558,35640.509999999995,41601.25,8322887680.0,5466247168.0,3015229.6189432605,8355514.544701534,72.49864066616381,4807968768.0,127539671040.0,4876.004,9554508.21767577,344027.3613746047,69144473898.0,4792775639.0,0.79
2026-09-11T08:19:45.862117Z,351.78,linode-2,crdb-linode-2,35.64567769477597,35422.45,41667.69,8322887680.0,4639031296.0,9081750.001809388,17678988.762555167,97.79602156189141,8066758656.0,127958949888.0,4854.648,1199879.4462219246,35097516.494707026,67038832492.0,15583844868.0,2.1
2026-09-11T08:19:45.111057Z,351.029,azure-1,crdb-azure-1,16.11422743496238,54325.3,61331.58,8327364608.0,5308915712.0,3113843.8399814684,7581396.899553275,39.95712464678878,4936425984.0,114645505024.0,4458.648,9041480.99152587,276777.1252581027,68164198546.0,1755891727.0,1.15
2026-09-11T08:19:45.262949Z,351.181,azure-2,crdb-azure-2,14.263881813530354,37646.56,43850.25,8327364608.0,5315784704.0,1504444.1404380682,6745400.652881866,33.51381664624288,4892545536.0,115310973952.0,4081.632,9097197.672443422,290278.8574132704,68257386013.0,1867088439.0,0.53
2026-09-11T08:19:46.147115Z,352.065,gcp-1,crdb-gcp-1,4.038364462424782,30025.59,40851.83,8324030464.0,7508410368.0,0.0,9491622.966533504,2.333095604501823,21374060544.0,123419935744.0,2277.58,4622829.498284346,219147.6701312163,34745995944.0,272391441441.0,0.29
2026-09-11T08:19:45.853463Z,351.771,client-1,crdb-client-1,9.104938271624807,38094.14,41788.21,8324026368.0,7507922944.0,0.0,82564.33028451141,0.11857239528444631,571373568.0,6275019776.0,20.188,1988808.8574873558,472736.0851391622,10295813136.0,19683527808.0,0.05
2026-09-11T08:19:50.548625Z,356.466,linode-1,crdb-linode-1,13.103802672126152,35657.42,41620.71,8322887680.0,5464150016.0,3116030.168536158,10921343.908173649,68.8555767647549,4823463936.0,127593979904.0,4879.428,9793304.55162378,368330.6812118575,69193173330.0,4794607247.0,0.73
2026-09-11T08:19:50.796572Z,356.714,linode-2,crdb-linode-2,41.065662002111814,35433.4,41686.27,8322887680.0,4613398528.0,10009899.09843712,12417122.532011019,98.16633816197543,8116152320.0,128020221952.0,4859.492,1241863.5558189214,37481446.87632771,67044960445.0,15768796382.0,1.93
2026-09-11T08:19:49.849040Z,355.767,azure-1,crdb-azure-1,22.543950361951236,54340.28,61350.92,8327364608.0,5323591680.0,3217650.6986806793,10279711.031169252,57.006865698364095,4951671296.0,114694210560.0,4461.349,10058581.589077832,277618.79266689403,68211856365.0,1757207092.0,1.22
2026-09-11T08:19:49.985297Z,355.903,azure-2,crdb-azure-2,16.63233779606702,37662.75,43869.67,8327364608.0,5308284928.0,3591718.6409951714,11300773.285082368,41.03844561158263,4909507072.0,115364340736.0,4083.57,10232436.879226962,303830.39788186876,68305707684.0,1868523248.0,0.49
2026-09-11T08:19:50.789679Z,356.708,gcp-1,crdb-gcp-1,5.145185939880459,30044.21,40871.46,8324030464.0,7512506368.0,0.0,21174.442686352868,0.193857812680546,21374060544.0,123420034048.0,2277.589,6321539.569349454,272502.0501283493,34775344184.0,272392706553.0,0.35
2026-09-11T08:19:50.772286Z,356.69,client-1,crdb-client-1,10.474716202265789,38111.49,41807.59,8324026368.0,7512059904.0,0.0,6661.721516219537,0.06098988204546926,571373568.0,6275052544.0,20.191,2099400.4286560887,492707.77860233886,10306139769.0,19685951363.0,0.05
2026-09-11T08:19:55.540645Z,361.459,linode-1,crdb-linode-1,12.960161371656497,35674.68,41640.54,8322887680.0,5466038272.0,1203677.428340317,20483028.84873052,65.86457042539254,4829472768.0,127696232448.0,4882.716,9729807.007889042,385350.8053663551,69241745127.0,4796530942.0,0.99
2026-09-11T08:19:55.788112Z,361.706,linode-2,crdb-linode-2,34.422772799186674,35445.84,41705.24,8322887680.0,4633853952.0,9918406.636071853,10238434.648652976,95.68145207878781,8165660672.0,128071327744.0,4864.268,1088637.7582118064,31527990.065693162,67050394449.0,15926170332.0,1.77
2026-09-11T08:19:54.851686Z,360.77,azure-1,crdb-azure-1,67.2930421533694,54346.72,61370.61,8327364608.0,5329281024.0,765540.1903555117,9832483.57858753,98.60695602397367,4955501056.0,114743399424.0,4466.282,4758869.645027845,96426.92873348636,68235663513.0,1757689486.0,1.36
2026-09-11T08:19:54.956610Z,360.875,azure-2,crdb-azure-2,16.760925449878172,37678.94,43889.12,8327364608.0,5326811136.0,1266367.7741435468,20314615.380145278,39.345483386126325,4915802624.0,115465331712.0,4085.5260000000003,9609143.639628826,297044.7211763266,68353478059.0,1869999960.0,0.53
2026-09-11T08:19:55.777483Z,361.695,gcp-1,crdb-gcp-1,4.964539007072066,30062.97,40891.2,8324030464.0,7509577728.0,0.0,6763356.235205897,1.4234569123782623,21374060544.0,123453768704.0,2277.66,5813408.054504425,251574.95813981516,34804340634.0,272393961373.0,0.32
2026-09-11T08:19:55.772126Z,361.69,client-1,crdb-client-1,11.077235772354943,38128.990000000005,41827.270000000004,8324026368.0,7512719360.0,0.0,34407.331578586294,0.060001624544132943,571373568.0,6275224576.0,20.194,2094845.1179366703,486843.18128031894,10316613711.0,19688385513.0,0.04
2026-09-11T08:20:00.573027Z,366.491,linode-1,crdb-linode-1,12.893553223395715,35692.11,41660.55,8322887680.0,5463265280.0,791948.6902159238,18040639.9985981,65.17756033781305,4833458176.0,127787020288.0,4885.996,10121691.606159946,376989.98967505293,69292681597.0,4798428109.0,0.99
2026-09-11T08:20:00.793759Z,366.712,linode-2,crdb-linode-2,35.22434244453159,35458.4,41724.63,8322887680.0,4629716992.0,9522971.66753611,12613559.740081556,95.41101358290976,8213329920.0,128134467584.0,4869.044,1326262.8319816822,38566752.239087336,67057033338.0,16119224364.0,1.63
2026-09-11T08:19:59.856125Z,365.774,azure-1,crdb-azure-1,68.18642350557505,54353.0,61390.35,8327364608.0,5328031744.0,1083652.8362091184,11833423.493890813,97.13323655257932,4960924160.0,114802619392.0,4471.143,10356752.318011386,307058.9221977158,68287493530.0,1759226152.0,1.49
2026-09-11T08:19:59.978489Z,365.896,azure-2,crdb-azure-2,15.905592611589892,37695.33,43908.61,8327364608.0,5336141824.0,848253.8217348859,18089828.37717119,38.15294289090195,4920062464.0,115556176896.0,4087.442,9959574.44201629,284312.7036760088,68403493977.0,1871427748.0,0.57
2026-09-11T08:20:00.785528Z,366.703,gcp-1,crdb-gcp-1,4.147698533165478,30081.92,40910.97,8324030464.0,7510884352.0,0.0,6723021.50547688,1.3578182690068716,21374060544.0,123487437824.0,2277.728,5161202.023910218,225968.91504405122,34830188109.0,272395093033.0,0.29
2026-09-11T08:20:00.789864Z,366.708,client-1,crdb-client-1,10.902636916846454,38146.56,41846.99,8324026368.0,7512231936.0,0.0,8162.949287948194,0.019929075410054127,571373568.0,6275265536.0,20.195,2064254.8267154084,484695.64091959636,10326971717.0,19690817616.0,0.12
2026-09-11T08:20:05.560475Z,371.478,linode-1,crdb-linode-1,14.17797888382879,35709.18,41680.439999999995,8322887680.0,5464838144.0,1719715.0652786356,21356824.389957458,67.44905318670676,4842035200.0,127893536768.0,4889.36,10830143.090776013,397339.48508641776,69346696590.0,4800409827.0,0.91
2026-09-11T08:20:05.816001Z,371.734,linode-2,crdb-linode-2,30.63063063065877,35471.49,41743.5,8322887680.0,4623446016.0,8828524.447628643,15021948.43426069,96.37083737758894,8257669120.0,128209911808.0,4873.884,1204801.328599031,35505954.00842301,67063084171.0,16297544717.0,1.58
2026-09-11T08:20:04.855848Z,370.774,azure-1,crdb-azure-1,67.65893037334214,54359.41,61410.17,8327364608.0,5307637760.0,1146934.508070309,15617971.044180265,98.64468808946921,4966658560.0,114880705536.0,4476.075,10318252.175004905,341383.2242400575,68339082339.0,1760932987.0,1.69
2026-09-11T08:20:05.002553Z,370.921,azure-2,crdb-azure-2,16.73511293635268,37711.55,43928.090000000004,8327364608.0,5326721024.0,880489.7646739859,18198419.00653029,38.99195803034106,4924486144.0,115647607808.0,4089.4010000000003,10655799.120013451,299376.03410653066,68457029915.0,1872931847.0,0.6
2026-09-11T08:20:05.808034Z,371.726,gcp-1,crdb-gcp-1,3.1802120141214307,30101.1,40930.78,8324030464.0,7508496384.0,0.0,6704327.961346153,1.314058168508553,21374060544.0,123521111040.0,2277.794,3511586.9113750663,181193.88805840368,34847825436.0,272396003099.0,0.27
2026-09-11T08:20:05.800495Z,371.718,client-1,crdb-client-1,10.582822085885402,38164.05,41866.55,8324026368.0,7511273472.0,0.0,6539.65614519543,0.01995744673218818,571373568.0,6275298304.0,20.196,1994999.8613043346,478661.1985944222,10336967985.0,19693216025.0,0.11
2026-09-11T08:20:10.558880Z,376.476,linode-1,crdb-linode-1,11.241098677548377,35726.63,41700.1,8322887680.0,5464145920.0,811367.063678714,16910856.5575218,61.947414307865536,4846090240.0,127978053632.0,4892.456,10395875.407338295,383739.42065727944,69398652964.0,4802327675.0,0.84
2026-09-11T08:20:11.093484Z,377.011,linode-2,crdb-linode-2,34.60116217645436,35483.869999999995,41762.43,8322887680.0,4610555904.0,8305781.246641385,13837276.308656948,86.87231042503906,8301496320.0,128282927104.0,4878.468,1179060.409354332,39953586.99013299,67069305731.0,16508368214.0,1.53
2026-09-11T08:20:09.881144Z,375.799,azure-1,crdb-azure-1,59.422492401253116,54367.42,61429.91,8327364608.0,5326053376.0,1767261.9248303159,34133098.975285895,96.76017596283677,4975538688.0,115052217344.0,4480.937,14957238.35065287,331643.81150114967,68414239388.0,1762599429.0,1.88
2026-09-11T08:20:10.027870Z,375.945,azure-2,crdb-azure-2,15.84867075664066,37728.01,43947.65,8327364608.0,5336551424.0,877111.5408849595,20716461.617147177,37.135924959233996,4928893440.0,115751703552.0,4091.2670000000003,10227373.043245103,279393.5046241658,68508420255.0,1874335739.0,0.72
2026-09-11T08:20:10.798457Z,376.716,gcp-1,crdb-gcp-1,2.6449643946942936,30120.239999999998,40950.439999999995,8324030464.0,7508131840.0,0.0,3422301.099594638,0.8016528945957903,21374060544.0,123538187264.0,2277.834,3727426.625162413,187990.20915479123,34866424142.0,272396941112.0,0.25
2026-09-11T08:20:10.811092Z,376.728,client-1,crdb-client-1,10.091743119281027,38181.69,41886.170000000006,8324026368.0,7512395776.0,0.0,0.0,0.0,571373568.0,6275298304.0,20.196,1991042.5434287204,473940.23769429664,10346942862.0,19695590407.0,0.18
2026-09-11T08:20:15.585278Z,381.502,linode-1,crdb-linode-1,15.187969924771938,35743.55,41720.049999999996,8322887680.0,5464092672.0,845212.3543640495,18198554.916336063,76.65022085686536,4850337792.0,128069509120.0,4896.308,10628624.871777596,392093.1410542651,69452066330.0,4804298110.0,0.93
2026-09-11T08:20:15.870565Z,381.787,linode-2,crdb-linode-2,33.28017012227746,35496.42,41781.240000000005,8322887680.0,4614815744.0,10731886.810689505,14940083.117230453,102.42510863982962,8352753664.0,128354283520.0,4883.36,1153524.0521127486,38545682.38084383,67074815161.0,16692469047.0,1.73
2026-09-11T08:20:15.010343Z,380.927,azure-1,crdb-azure-1,66.0130718954136,54374.18,61449.8,8327364608.0,5327958016.0,658150.520889248,11710127.168394739,97.65677764635488,4978913792.0,115112268800.0,4485.945,6585429.225139639,91980.28244411117,68448010551.0,1763071119.0,1.97
2026-09-11T08:20:15.079330Z,380.996,azure-2,crdb-azure-2,16.692034500258845,37744.43,43967.36,8327364608.0,5314154496.0,836969.8070231151,17295753.97730131,39.12524647503968,4933120512.0,115839054848.0,4093.243,10461973.492087543,310762.36824329034,68561257902.0,1875905228.0,0.74
2026-09-11T08:20:15.828920Z,381.745,gcp-1,crdb-gcp-1,3.698074974685961,30139.25,40970.18,8324030464.0,7501029376.0,0.0,3365076.6345539065,0.7157761098361995,21374060544.0,123555111936.0,2277.87,6789793.722846241,248340.50957423964,34900573448.0,272398190142.0,0.23
2026-09-11T08:20:15.820849Z,381.737,client-1,crdb-client-1,9.810935104747042,38199.34,41905.74,8324026368.0,7511183360.0,0.0,4906.557099659701,0.01996483194843858,571373568.0,6275322880.0,20.197,2005765.4441663201,483102.2154465802,10356989355.0,19698010173.0,0.17
2026-09-11T08:20:20.567457Z,386.483,linode-1,crdb-linode-1,10.863942059004817,35760.78,41739.38,8322887680.0,5463867392.0,793465.3955689177,20317647.590163685,66.88761683421458,4854290432.0,128170721280.0,4899.64,10449556.482608495,393093.4252586865,69504120692.0,4806256301.0,1.1
2026-09-11T08:20:20.838408Z,386.754,linode-2,crdb-linode-2,37.26012793173048,35508.19,41800.0,8322887680.0,4632162304.0,17503224.678171962,13560752.371268157,97.92273299409875,8439695360.0,128421642240.0,4888.223999999999,1506656.2016384758,58362013.8913028,67082298996.0,16982363770.0,1.75
2026-09-11T08:20:19.860311Z,385.776,azure-1,crdb-azure-1,68.50998463900757,54380.33,61469.33,8327364608.0,5324697600.0,1498433.03703783,13348217.18393959,101.21114318616733,4986180096.0,115176997888.0,4490.853,13274199.214792812,358503.9743858227,68512380706.0,1764809601.0,2.05
2026-09-11T08:20:19.990058Z,385.906,azure-2,crdb-azure-2,16.926272066467774,37760.43,43986.62,8327364608.0,5306052608.0,870915.745967484,20654217.38928059,40.93659848957475,4937396736.0,115940467712.0,4095.253,10437261.74924764,295379.3502218437,68612505189.0,1877355550.0,0.68
2026-09-11T08:20:20.780904Z,386.697,gcp-1,crdb-gcp-1,7.7081192189109355,30157.21,40989.64,8324030464.0,7460564992.0,0.0,3407471.2701198347,0.605901067415986,21374060544.0,123571983360.0,2277.9,22802222.85909344,408928.89137401816,35013474171.0,272400214873.0,0.21
2026-09-11T08:20:20.773952Z,386.69,client-1,crdb-client-1,8.886565603746345,38216.770000000004,41924.87,8324026368.0,7509725184.0,0.0,0.0,0.0,571373568.0,6275322880.0,20.197,1994276.1801308678,478613.6510562634,10366865874.0,19700380475.0,0.15
2026-09-11T08:20:25.610247Z,391.525,linode-1,crdb-linode-1,11.139112903219283,35778.41,41759.22,8322887680.0,5459259392.0,1497118.2332030481,16309896.845496908,56.32343800729737,4861839360.0,128252960768.0,4902.48,9914903.152564064,366612.2328190694,69554114666.0,4808104872.0,1.01
2026-09-11T08:20:25.847821Z,391.763,linode-2,crdb-linode-2,38.265582655819976,35519.58,41818.45,8322887680.0,4632174592.0,18633032.478110343,13101836.494526636,87.76334826897482,8533026816.0,128487268352.0,4892.62,1330261.5716987774,55630731.44973857,67088962176.0,17261013913.0,1.85
2026-09-11T08:20:24.968545Z,390.884,azure-1,crdb-azure-1,69.97981836530182,54386.28,61489.15,8327364608.0,5314564096.0,1002403.3860481755,14068130.081154514,96.36385676032597,4991300096.0,115248854016.0,4495.775,7943165.620048861,232861.83065339524,68552952205.0,1765998995.0,2.21
2026-09-11T08:20:24.999233Z,390.914,azure-2,crdb-azure-2,14.613034623231691,37777.2,44006.26,8327364608.0,5303537664.0,853765.7858470338,16566654.492039476,33.94120223681954,4941672960.0,116023444480.0,4096.9529999999995,9898524.572186334,276668.71522157604,68662083550.0,1878741290.0,0.62
2026-09-11T08:20:26.067120Z,391.982,gcp-1,crdb-gcp-1,8.966565349528777,30175.18,41009.38,8324030464.0,7461011456.0,0.0,3224433.576358669,0.681080226622463,21374060544.0,123589026816.0,2277.936,24246887.229341723,385388.67866684205,35141636450.0,272402251930.0,0.19
2026-09-11T08:20:25.805642Z,391.721,client-1,crdb-client-1,8.894601542434245,38234.49,41944.32,8324026368.0,7511429120.0,0.0,4884.717207516462,0.019875965199879685,571373568.0,6275347456.0,20.198,1980211.2075962292,466461.4744086303,10376828717.0,19702727337.0,0.14
2026-09-11T08:20:35.624320Z,401.539,linode-1,crdb-linode-1,48.256834712826624,35799.04,41799.090000000004,8322887680.0,5452894208.0,513355.6052108341,10681478.023004392,90.47796671148147,4866979840.0,128359919616.0,4911.54,7605703.512321017,200393.8163354149,69630274284.0,4810111513.0,1.26
2026-09-11T08:20:36.934309Z,402.849,linode-2,crdb-linode-2,38.17704605105862,35545.490000000005,41860.36,8322887680.0,4620394496.0,17480804.726888906,10386802.132277243,91.46777637400892,8726816768.0,128602415104.0,4902.76,1202512.152589107,51947307.586415544,67102293071.0,17836895081.0,1.89
2026-09-11T08:20:34.881977Z,400.797,azure-1,crdb-azure-1,27.040816326510342,54414.880000000005,61528.35,8327364608.0,5306445824.0,1179280.0216228035,24938425.51682645,57.72326363942383,5002990080.0,115496064000.0,4501.497,10917930.311961092,238184.42479417645,68661179622.0,1768360073.0,2.02
2026-09-11T08:20:35.022865Z,400.937,azure-2,crdb-azure-2,14.852752880912378,37810.45,44045.31,8327364608.0,5330538496.0,758471.6299344371,17403164.241588328,35.37856003001935,4949275136.0,116197876736.0,4100.499,9323033.465711277,232132.74011167153,68755528497.0,1881067961.0,0.68
2026-09-11T08:20:36.055938Z,401.971,gcp-1,crdb-gcp-1,8.850892632647,30211.43,41049.15,8324030464.0,7484207104.0,5741.146277468215,1726034.6201331227,0.5206117578587284,21374117888.0,123606266880.0,2277.988,23802235.511919953,391584.2408522437,35379379111.0,272406163171.0,0.63
2026-09-11T08:20:35.778103Z,401.693,client-1,crdb-client-1,9.280447495553757,38270.17,41983.65,8324026368.0,7510802432.0,0.0,51344.38619026819,0.09025380385008422,571373568.0,6275859456.0,20.207,1828418.5185733666,406183.3332291218,10395061485.0,19706777748.0,0.34
2026-09-11T08:20:40.618150Z,406.533,linode-1,crdb-linode-1,28.70090634439538,35813.200000000004,41818.950000000004,8322887680.0,5450514432.0,1895576.2282692867,27312374.40454812,84.02660946688563,4876445696.0,128496308224.0,4915.736,12783539.022562664,293221.4271498128,69694110883.0,4811575760.0,1.16
2026-09-11T08:20:40.968752Z,406.883,linode-2,crdb-linode-2,44.06999351913663,35554.12,41875.79,8322887680.0,4632690688.0,19024451.491225604,11848401.585153313,87.05294518332738,8803567616.0,128650215424.0,4906.272,1469952.1869975429,60954259.04671911,67108223338.0,18082804461.0,2.3
2026-09-11T08:20:40.057762Z,405.972,azure-1,crdb-azure-1,15.345528455305036,54431.54,61548.03,8327364608.0,5309157376.0,743920.4236838546,13868576.068761563,35.08766958448653,5006840320.0,115567842304.0,4503.313,8760310.449123962,253915.12830122095,68706519549.0,1769674238.0,2.01
2026-09-11T08:20:40.034610Z,405.949,azure-2,crdb-azure-2,13.143148242491765,37827.5,44064.94,8327364608.0,5339107328.0,774811.694641783,14897144.259742385,31.646891989459046,4953158144.0,116272534528.0,4102.085,9026476.387052346,258122.70645080757,68800765140.0,1882361556.0,0.63
2026-09-11T08:20:40.814563Z,406.729,gcp-1,crdb-gcp-1,7.492195629564213,30229.21,41068.37,8324030464.0,7478902784.0,0.0,3658289.1466916143,1.2608992922964202,21374117888.0,123623674880.0,2278.0480000000002,26615958.97116202,516071.7901415034,35506031378.0,272408618903.0,0.58
2026-09-11T08:20:40.813250Z,406.728,client-1,crdb-client-1,8.933129147525843,38288.009999999995,42003.24,8324026368.0,7508930560.0,0.0,25218.596063172183,0.03972183099665796,571373568.0,6275986432.0,20.209,1853640.8918579642,440395.54304188094,10404394594.0,19708995146.0,0.31
2026-09-11T08:20:45.663904Z,411.578,linode-1,crdb-linode-1,12.744606121433833,35830.59,41838.88,8322887680.0,5462437888.0,860496.4845662777,19419619.720560845,66.59207759395254,4880787456.0,128594292736.0,4919.0960000000005,10330710.626142893,366453.0319481434,69746235984.0,4813424752.0,1.14
2026-09-11T08:20:46.184886Z,412.099,linode-2,crdb-linode-2,41.32706374087635,35565.35,41894.93,8322887680.0,4633550848.0,16621871.063517444,10591760.613441834,95.55175871281942,8890267648.0,128705462272.0,4911.256,1467590.658343575,52678956.23731304,67115878322.0,18357579014.0,2.11
2026-09-11T08:20:44.934278Z,410.849,azure-1,crdb-azure-1,18.695428864916288,54447.37,61567.5,8327364608.0,5300989952.0,861806.2093981382,19927378.666434143,45.1974466010975,5011042816.0,115665015808.0,4505.517,10559829.298979715,316988.928587453,68758013307.0,1771219997.0,2.01
2026-09-11T08:20:45.105954Z,411.02,azure-2,crdb-azure-2,16.410256410241487,37843.8,44084.44,8327364608.0,5329281024.0,828689.2184760959,19156774.740561444,40.38446483801192,4957360640.0,116369683456.0,4104.133,10232615.306277048,301301.43276268424,68852657362.0,1883889533.0,0.74
2026-09-11T08:20:45.888913Z,411.803,gcp-1,crdb-gcp-1,6.5871369294443705,30247.22,41087.65,8324030464.0,7483527168.0,29059.86705522056,30674.304113843922,0.25619728713347806,21374265344.0,123623830528.0,2278.061,21528793.490288816,426338.8908956269,35615273095.0,272410782238.0,0.53
2026-09-11T08:20:45.883991Z,411.798,client-1,crdb-client-1,10.654490106537995,38305.619999999995,42022.95,8324026368.0,7511199744.0,0.0,79163.6906079214,0.1380505207309183,571373568.0,6276387840.0,20.216,1988111.3029324138,476400.90857058275,10414475526.0,19711410788.0,0.29
2026-09-11T08:20:50.659642Z,416.574,linode-1,crdb-linode-1,15.61394643757641,35847.29,41858.67,8322887680.0,5461516288.0,939615.5837417205,16366201.28016447,68.9396046030951,4885481472.0,128676052992.0,4922.54,10270569.648253713,364349.6136157011,69797544433.0,4815244925.0,1.05
2026-09-11T08:20:51.148014Z,417.062,linode-2,crdb-linode-2,38.98395721926208,35576.759999999995,41913.63,8322887680.0,4635627520.0,16555466.268000219,10610023.646132143,98.97121417537112,8972433408.0,128758120448.0,4916.168000000001,1506870.7873981118,53019176.0250042,67123357011.0,18620716326.0,2.1
2026-09-11T08:20:50.002535Z,415.917,azure-1,crdb-azure-1,17.69505354415266,54463.509999999995,61587.11,8327364608.0,5322690560.0,858282.8497959645,16153820.717252107,44.749585819275076,5015392768.0,115746886656.0,4507.785,10068276.003778424,290472.75795189786,68809041377.0,1772692172.0,1.85
2026-09-11T08:20:50.248482Z,416.163,azure-2,crdb-azure-2,15.074092999511546,37860.42,44104.01,8327364608.0,5364322304.0,831555.9401260127,15078721.745714124,38.289239434327136,4961636864.0,116447224832.0,4106.102,9944593.275034605,284346.89849411545,68903796806.0,1885351769.0,0.76
2026-09-11T08:20:50.915614Z,416.83,gcp-1,crdb-gcp-1,6.810982048578218,30264.870000000003,41106.590000000004,8324030464.0,7482015744.0,0.0,6694096.774101295,1.2533288024985956,21374265344.0,123657479168.0,2278.1240000000003,20007564.47180608,426716.28174117237,35715843397.0,272412927176.0,0.49
2026-09-11T08:20:50.896666Z,416.811,client-1,crdb-client-1,10.097385955924953,38323.159999999996,42042.46,8324026368.0,7509721088.0,0.0,6537.101771089131,0.019949651400982347,571373568.0,6276420608.0,20.217,2009286.1968576268,478638.8192949603,10424547312.0,19713810022.0,0.26
2026-09-11T08:20:55.626347Z,421.541,linode-1,crdb-linode-1,11.773700305834044,35864.6,41878.29,8322887680.0,5461360640.0,866758.325525133,15962867.886645554,69.82556310119988,4889786368.0,128755335168.0,4926.008,10386923.988131855,376366.42941647104,69849132778.0,4817114210.0,0.97
2026-09-11T08:20:56.178256Z,422.092,linode-2,crdb-linode-2,40.37837837834534,35587.79,41932.13,8322887680.0,4636442624.0,15152157.222001556,9820239.472126976,97.72972953625614,9048651776.0,128807518208.0,4921.084,1497021.4524057228,49991468.677677125,67130887327.0,18872183368.0,2.26
2026-09-11T08:20:54.915525Z,420.83,azure-1,crdb-azure-1,17.601246105914115,54479.38,61606.37,8327364608.0,5325074432.0,870399.0200132332,15632166.30770893,45.675235930349174,5019668992.0,115823686656.0,4510.029,10434809.910876209,315500.8780134745,68860307042.0,1774242211.0,1.86
2026-09-11T08:20:55.027150Z,420.941,azure-2,crdb-azure-2,16.39854696417614,37876.53,44123.28,8327364608.0,5377556480.0,865717.8712334821,15909494.46333135,41.6435876526348,4965773824.0,116523250688.0,4108.092,10642035.356508495,311629.84814619756,68954651335.0,1886840938.0,1.02
2026-09-11T08:20:55.832751Z,421.747,gcp-1,crdb-gcp-1,8.61713106294365,30282.58,41125.97,8324030464.0,7477469184.0,0.0,10263479.082960077,2.3997759870340425,21374265344.0,123707945984.0,2278.242,17710546.901233334,417592.95096702065,35802928381.0,272414980533.0,0.53
2026-09-11T08:20:55.829787Z,421.744,client-1,crdb-client-1,9.218021750345805,38340.69,42061.77,8324026368.0,7510671360.0,0.0,4981.874670550707,0.02027129992902342,571373568.0,6276445184.0,20.218,2030434.4175012906,487174.47522964433,10434563613.0,19716213294.0,0.24
2026-09-11T08:21:00.635889Z,426.55,linode-1,crdb-linode-1,10.654490106537995,35882.21,41898.0,8322887680.0,5462056960.0,896955.6802645801,19108344.80199019,69.94690561543476,4894279680.0,128851058688.0,4929.512,10345145.743561763,363270.372186691,69900956930.0,4818934018.0,0.89
2026-09-11T08:21:01.099376Z,427.014,linode-2,crdb-linode-2,37.71186440678424,35599.55,41951.01,8322887680.0,4630392832.0,12852060.941567022,9498589.43495647,99.73370647307621,9111898112.0,128854261760.0,4925.992,1440727.7635498731,45748209.41209916,67137977299.0,19097315091.0,2.24
2026-09-11T08:21:00.009905Z,425.924,azure-1,crdb-azure-1,16.265984654699363,54495.75,61625.92,8327364608.0,5346189312.0,881214.8952274369,18148524.283826374,40.59400134299005,5024158208.0,115916141568.0,4512.097,10084018.09943,274016.3794233363,68911678547.0,1775638146.0,1.87
2026-09-11T08:21:00.127170Z,426.041,azure-2,crdb-azure-2,16.03247082697289,37893.08,44142.99,8327364608.0,5373104128.0,832053.5678535681,17852207.2454142,40.35310470151304,4970017280.0,116614296576.0,4110.15,10111225.484063279,283898.99359631777,69006218376.0,1888288817.0,1.02
2026-09-11T08:21:00.831966Z,426.746,gcp-1,crdb-gcp-1,7.201225740534289,30300.75,41145.549999999996,8324030464.0,7471124480.0,0.0,13454401.61670542,3.6406273405111667,21374265344.0,123775206400.0,2278.424,12151612.524522042,357333.17443672457,35863675974.0,272416766891.0,0.49
2026-09-11T08:21:00.825931Z,426.74,client-1,crdb-client-1,8.472803347292878,38358.19,42080.89,8324026368.0,7509352448.0,0.0,29514.157587402442,0.040031138220738505,571373568.0,6276592640.0,20.22,2031003.616157535,483032.9271611334,10444710732.0,19718626580.0,0.22
2026-09-11T08:21:05.659653Z,431.574,linode-1,crdb-linode-1,11.556006082104952,35899.659999999996,41917.729999999996,8322887680.0,5462220800.0,765590.1160086336,14923707.650076708,67.43947478404047,4898125824.0,128926031872.0,4932.900000000001,10153074.038294308,362731.4161481902,69951963577.0,4820756295.0,1.06
2026-09-11T08:21:07.817011Z,433.731,linode-2,crdb-linode-2,37.37811484291322,35611.11,41969.47,8322887680.0,4629635072.0,9796067.970160661,6846760.067031872,72.94241857468508,9177704448.0,128900255744.0,4930.892,1085557.2081614227,33343448.352621794,67145269668.0,19321303958.0,2.14
2026-09-11T08:21:04.933019Z,430.847,azure-1,crdb-azure-1,17.341640706144503,54511.67,61645.18,8327364608.0,5340860416.0,853627.3844618644,15056622.58928495,43.915387550797774,5028360704.0,115990266880.0,4514.259,10141432.853071144,318671.1363295481,68961605871.0,1777206997.0,1.8
2026-09-11T08:21:05.026732Z,430.941,azure-2,crdb-azure-2,16.67527103770142,37909.22,44162.36,8327364608.0,5364547584.0,834319.760559547,15988342.104911158,39.41162250381862,4974105088.0,116692632576.0,4112.081,10133309.62533825,302159.58238740725,69055867235.0,1889769269.0,1.18
2026-09-11T08:21:05.835812Z,431.75,gcp-1,crdb-gcp-1,7.822085889599817,30318.78,41165.11,8324030464.0,7473086464.0,0.0,13482579.370208621,3.7770686170595207,21374265344.0,123842671616.0,2278.613,12947267.825496176,378480.66116049705,35928462555.0,272418660763.0,0.45
2026-09-11T08:21:05.830052Z,431.744,client-1,crdb-client-1,9.710743801676658,38375.67,42100.25,8324026368.0,7511977984.0,0.0,18007.518737760198,0.019983485815187996,571373568.0,6276682752.0,20.221,2025965.5590780552,481306.25255537766,10454848931.0,19721035100.0,0.2
2026-09-11T08:21:10.660763Z,436.575,linode-1,crdb-linode-1,13.31346249378873,35917.11,41937.86,8322887680.0,5464547328.0,763322.856010927,20214132.413310826,67.42484739818339,4901943296.0,129027125248.0,4936.272,10072370.803864352,360154.0614248072,70002336749.0,4822557470.0,1.21
2026-09-11T08:21:11.322597Z,437.237,linode-2,crdb-linode-2,39.58333333333175,35622.71,41988.67,8322887680.0,4630433792.0,22556352.885735646,14521126.840918032,142.97173541214005,9256777728.0,128951160832.0,4935.9039999999995,2166280.5212706183,73330533.9931563,67152863755.0,19578370598.0,2.37
2026-09-11T08:21:10.020475Z,435.935,azure-1,crdb-azure-1,18.071065989838566,54527.81,61664.88,8327364608.0,5336707072.0,816388.5586077617,18324461.137980923,43.87258225691155,5032514048.0,116083491840.0,4516.491,9904728.02823956,306378.2420263422,69011995777.0,1778765684.0,1.66
2026-09-11T08:21:10.169824Z,436.084,azure-2,crdb-azure-2,16.2564102564013,37925.55,44181.86,8327364608.0,5363601408.0,802778.2666329313,18154894.212464586,38.7898434092836,4978233856.0,116786004992.0,4114.076,9770149.130164325,282927.8680740867,69106116078.0,1891224395.0,1.16
2026-09-11T08:21:10.876832Z,436.791,gcp-1,crdb-gcp-1,14.51694486593732,30335.68,41184.88,8324030464.0,7461388288.0,0.0,59938069.11451885,20.710051421004906,21374265344.0,124144821248.0,2279.657,18186623.501650658,424141.25798562873,36020141878.0,272420798872.0,0.49
2026-09-11T08:21:11.154608Z,437.069,client-1,crdb-client-1,10.50484446709643,38393.22,42119.86,8324026368.0,7510048768.0,0.0,0.0,0.0,571373568.0,6276682752.0,20.221,1908725.1937285608,453250.3918665878,10465012049.0,19723448458.0,0.19
2026-09-11T08:21:15.872065Z,441.786,linode-1,crdb-linode-1,10.75214538110869,35934.79,41957.67,8322887680.0,5460148224.0,701883.0119346376,13683181.808253199,61.251426407195076,4905601024.0,129098432512.0,4939.464,9272568.678381769,338829.7655789437,70050658953.0,4824323216.0,1.12
2026-09-11T08:21:16.243011Z,442.157,linode-2,crdb-linode-2,43.95661157025713,35633.56,42008.03,8322887680.0,4629905408.0,26034727.66410796,8629960.725621333,97.30830652334463,9384880128.0,128993624064.0,4940.692,1689933.72701313,71467496.75473456,67161178978.0,19930022360.0,2.26
2026-09-11T08:21:15.325087Z,441.239,azure-1,crdb-azure-1,16.196822142469948,54544.16,61684.39,8327364608.0,5326733312.0,755164.050970879,14206041.114276312,38.890339349302835,5036519936.0,116158850048.0,4518.554,9078263.34336492,280741.875775826,69060152871.0,1780254924.0,1.61
2026-09-11T08:21:15.146196Z,441.06,azure-2,crdb-azure-2,14.23414130996452,37942.18,44201.25,8327364608.0,5372641280.0,790166.6833247829,14218061.758075312,35.889630544487204,4982166016.0,116856759296.0,4115.862,9635708.293517336,290339.67596306594,69154066906.0,1892669232.0,1.07
2026-09-11T08:21:16.633626Z,442.548,gcp-1,crdb-gcp-1,11.37416366443177,30352.9,41204.31,8324030464.0,7434842112.0,0.0,49093.840874639434,0.20844871294785375,21374265344.0,124145103872.0,2279.669,33885231.352203,525087.3454386232,36215212776.0,272423821701.0,0.45
2026-09-11T08:21:16.362660Z,442.277,client-1,crdb-client-1,10.868461147786512,38410.770000000004,42139.55,8324026368.0,7508221952.0,0.0,4718.852933059379,0.038402123478652045,571373568.0,6276707328.0,20.223,1991751.2876122708,465993.06348998763,10475385180.0,19725875371.0,0.17
2026-09-11T08:21:20.667269Z,446.581,linode-1,crdb-linode-1,13.517587939709209,35952.0,41977.57,8322887680.0,5456601088.0,883224.938926844,16846191.726803888,70.1530930433223,4909836288.0,129179213824.0,4942.828,10675330.051533192,372401.14624229656,70101849583.0,4826108964.0,1.27
2026-09-11T08:21:21.267542Z,447.182,linode-2,crdb-linode-2,43.41692789967567,35644.39,42027.17,8322887680.0,4626911232.0,24747773.992690146,10522572.853865353,96.72512638605255,9509226496.0,129046495232.0,4945.552,1609590.886816781,68516926.41217779,67169266444.0,20274288917.0,2.4
2026-09-11T08:21:19.963998Z,445.878,azure-1,crdb-azure-1,17.774343122121305,54560.12,61703.8,8327364608.0,5328154624.0,953609.5690325601,16923037.96303523,46.56296723791483,5040943616.0,116237353984.0,4520.714,10803053.98092512,328416.3684235751,69110266938.0,1781778408.0,1.64
2026-09-11T08:21:20.071600Z,445.986,azure-2,crdb-azure-2,15.218508997427094,37958.67,44220.7,8327364608.0,5378043904.0,884824.7744314341,16060733.899054782,38.96105181778771,4986524160.0,116935865344.0,4117.781,10239796.426002696,301897.5976436199,69204502324.0,1894156208.0,0.98
2026-09-11T08:21:20.830633Z,446.745,gcp-1,crdb-gcp-1,8.580508474607296,30370.16,41223.19,8324030464.0,7459700736.0,0.0,22446.446345138178,0.1906118066056668,21374265344.0,124145198080.0,2279.677,44219435.20670224,651401.07663823,36400802267.0,272426555639.0,0.42
2026-09-11T08:21:20.821580Z,446.736,client-1,crdb-client-1,10.494141619996045,38428.34,42159.18,8324026368.0,7509921792.0,0.0,5511.6180712576515,0.022426831344663035,571373568.0,6276731904.0,20.224,2219010.4926377325,533831.9217408249,10485279625.0,19728255698.0,0.16
2026-09-11T08:21:25.618884Z,451.533,linode-1,crdb-linode-1,10.148641722209096,35969.53,41997.08,8322887680.0,5457514496.0,817275.8584901874,19386312.772850234,67.21018573109124,4913883136.0,129275207680.0,4946.156,9991982.8083068,365494.96783474623,70151326189.0,4827918760.0,1.17
2026-09-11T08:21:26.587749Z,452.502,linode-2,crdb-linode-2,43.197102948772844,35655.37,42046.5,8322887680.0,4626661376.0,22136706.511315905,10823912.525391795,91.65023689544086,9626998784.0,129104080896.0,4950.428,1532807.5447181545,62164272.880032524,67177421327.0,20605016916.0,2.2
2026-09-11T08:21:24.929183Z,450.843,azure-1,crdb-azure-1,17.680122636691188,54576.229999999996,61723.369999999995,8327364608.0,5320028160.0,901655.5322437009,19094803.847067654,44.106709234862926,5045420544.0,116332164096.0,4522.904,9970729.659948993,308105.1012543273,69159773914.0,1783308221.0,1.67
2026-09-11T08:21:25.031530Z,450.946,azure-2,crdb-azure-2,15.27347781220687,37975.09,44240.08,8327364608.0,5360058368.0,885274.8458199211,18817045.370198432,38.185929437491154,4990915072.0,117029196800.0,4119.674999999999,9917920.766027719,290793.71566157293,69253694637.0,1895598528.0,0.9
2026-09-11T08:21:26.120916Z,452.035,gcp-1,crdb-gcp-1,7.720979765693182,30387.49,41241.97,8324030464.0,7470178304.0,0.0,65810.77314044647,0.20792696017427514,21374265344.0,124145546240.0,2279.688,32854744.63590107,538012.1435995939,36574614355.0,272429401895.0,0.38
2026-09-11T08:21:26.093169Z,452.007,client-1,crdb-client-1,10.812182741105048,38445.909999999996,42178.88,8324026368.0,7509831680.0,0.0,5438.938417423366,0.01896951177954106,571373568.0,6276760576.0,20.225,1913357.718994775,455940.5622058952,10495366114.0,19730659242.0,0.31
2026-09-11T08:21:30.628532Z,456.543,linode-1,crdb-linode-1,11.399491094136371,35986.94,42016.73,8322887680.0,5455024128.0,805354.8396515296,15838100.100395715,67.46954706392414,4917917696.0,129354551296.0,4949.536,9871628.922544032,335054.56917561474,70200779768.0,4829597272.0,1.07
2026-09-11T08:21:31.161628Z,457.076,linode-2,crdb-linode-2,40.24851431660479,35666.43,42065.01,8322887680.0,4624588800.0,19405814.935046505,12163783.307002153,105.81771706729754,9715759104.0,129159716864.0,4955.268,1633209.6661698956,58189264.71628424,67184891470.0,20871168983.0,2.19
2026-09-11T08:21:30.077029Z,455.991,azure-1,crdb-azure-1,16.248077908754087,54592.57,61742.88,8327364608.0,5327351808.0,799644.8704000525,14929886.913618492,40.75459951461625,5049537024.0,116409021440.0,4525.002,9571532.582594162,302825.9055916601,69209047065.0,1784867134.0,1.61
2026-09-11T08:21:30.338358Z,456.253,azure-2,crdb-azure-2,14.558595766613891,37991.64,44259.45,8327364608.0,5365264384.0,751761.8074311452,14433981.068552203,35.444605639653936,4994904576.0,117105796096.0,4121.556,9185264.911207907,276647.12558395596,69302439666.0,1897066659.0,0.83
2026-09-11T08:21:30.836175Z,456.75,gcp-1,crdb-gcp-1,6.997389033961787,30405.3,41261.12,8324030464.0,7474053120.0,0.0,20847.938238867016,0.19086857518524833,21374265344.0,124145644544.0,2279.697,23909134.68029351,477262.2065736595,36687352773.0,272431652323.0,0.43
2026-09-11T08:21:30.832927Z,456.747,client-1,crdb-client-1,10.240655401942522,38463.44,42198.41,8324026368.0,7507021824.0,0.0,95059.17159665968,0.168784040477005,571373568.0,6277211136.0,20.233,2153012.3850256717,510654.42662283004,10505570929.0,19733079634.0,0.28
2026-09-11T08:21:35.627616Z,461.542,linode-1,crdb-linode-1,11.348600508888474,36004.36,42036.38,8322887680.0,5415608320.0,996321.6144670435,13972263.562094156,66.81169594855199,4922898432.0,129424400384.0,4952.876,9942375.096269863,366658.58666528115,70250482941.0,4831430244.0,0.99
2026-09-11T08:21:35.907233Z,461.822,linode-2,crdb-linode-2,41.06175514627359,35677.31,42083.47,8322887680.0,4626526208.0,17578106.02076489,11824612.220587203,100.89288341156457,9799178240.0,129215832064.0,4960.056,1590251.1655484084,54383859.39015016,67192438209.0,21129254499.0,2.25
2026-09-11T08:21:34.941032Z,460.855,azure-1,crdb-azure-1,17.781233799897024,54608.43,61762.17,8327364608.0,5328666624.0,874942.2418089486,14846228.799895825,43.56471184340243,5053792768.0,116481233920.0,4527.121,10102816.626207205,319950.4279229889,69258187453.0,1786423382.0,1.48
2026-09-11T08:21:35.220791Z,461.135,azure-2,crdb-azure-2,16.35897435901751,38007.95,44278.950000000004,8327364608.0,5361299456.0,913585.4974152517,15293538.675739245,39.44733350959271,4999365120.0,117180466176.0,4123.482,10157882.952793032,305753.7013661137,69352035116.0,1898559489.0,0.76
2026-09-11T08:21:35.863915Z,461.778,gcp-1,crdb-gcp-1,7.30828615543937,30423.309999999998,41280.55,8324030464.0,7463071744.0,0.0,73320.71807499496,0.29834276560210193,21374265344.0,124146013184.0,2279.712,20563317.483972143,433085.49668160325,36790740486.0,272433829779.0,0.72
2026-09-11T08:21:35.866624Z,461.781,client-1,crdb-client-1,9.006211180117207,38481.02,42217.729999999996,8324026368.0,7511191552.0,0.0,7323.370059888686,0.019865912705885516,571373568.0,6277248000.0,20.234,2021358.0084352703,480698.4696306302,10515745936.0,19735499349.0,0.26
2026-09-11T08:21:40.673805Z,466.588,linode-1,crdb-linode-1,13.116420945644624,36021.45,42056.05,8322887680.0,5432557568.0,3017072.3843288594,5616933.252503553,67.06000400246718,4938123264.0,129452744704.0,4956.26,9736078.14492624,322286.7329472222,70299613401.0,4833056576.0,1.07
2026-09-11T08:21:40.921174Z,466.835,linode-2,crdb-linode-2,40.08483563095142,35688.61,42102.33,8322887680.0,4626677760.0,16526190.592385009,14972418.248998143,98.04575621583173,9882040320.0,129290903552.0,4964.972,1471143.4646232002,51621260.57233726,67199814501.0,21388082751.0,2.15
2026-09-11T08:21:40.032568Z,465.947,azure-1,crdb-azure-1,15.936863543775326,54624.94,61781.81,8327364608.0,5327601664.0,3205013.3848846904,5706114.442516845,40.40032525553344,5070111232.0,116510286848.0,4529.178,9696258.753109453,299039.7901099897,69307556373.0,1787945956.0,1.44
2026-09-11T08:21:40.229586Z,466.144,azure-2,crdb-azure-2,15.125191619790467,38024.56,44298.52,8327364608.0,5362573312.0,3209770.7190438993,5793125.03788713,38.05373575896639,5015441920.0,117209482240.0,4125.388,9796082.753921542,290375.35968793806,69401100821.0,1900013894.0,0.78
2026-09-11T08:21:40.906791Z,466.821,gcp-1,crdb-gcp-1,8.032536858132232,30441.4,41300.22,8324030464.0,7476862976.0,0.0,3344770.701089727,0.7733652736415471,21374265344.0,124162880512.0,2279.751,19685546.24509002,417870.8719141324,36890012632.0,272435937058.0,0.66
2026-09-11T08:21:40.881440Z,466.796,client-1,crdb-client-1,9.283135636904017,38498.61,42237.119999999995,8324026368.0,7510224896.0,0.0,50640.22640818903,0.09970432681801868,571373568.0,6277501952.0,20.239,2080501.6722745397,486633.6877950242,10526179293.0,19737939733.0,0.24
2026-09-11T08:21:45.630847Z,471.545,linode-1,crdb-linode-1,14.987341772147477,36038.24,42075.8,8322887680.0,5453459456.0,2783794.579471324,5797299.723826301,71.25197729043336,4951922688.0,129481482240.0,4959.7919999999995,10166442.728703506,307210.2028102435,70350009021.0,4834579434.0,0.98
2026-09-11T08:21:45.862347Z,471.777,linode-2,crdb-linode-2,40.50701186624425,35699.64,42120.87,8322887680.0,4628529152.0,17068844.81074215,14521491.107502356,96.0898363056878,9966381056.0,129362657280.0,4969.72,1426879.021886838,53699533.42599846,67206865009.0,21653423389.0,2.38
2026-09-11T08:21:45.000769Z,470.915,azure-1,crdb-azure-1,16.38065522625173,54641.02,61801.04,8327364608.0,5327347712.0,3387599.8530241414,6154400.803802681,42.08720147391458,5086941696.0,116540863488.0,4531.269,9983545.317198517,301656.34324320464,69357157184.0,1789444662.0,1.33
2026-09-11T08:21:45.174717Z,471.089,azure-2,crdb-azure-2,15.364718054841674,38040.92,44317.85,8327364608.0,5363294208.0,3484505.3419405255,5880672.195811203,38.15755815874667,5032673792.0,117238563840.0,4127.275,10045974.701107135,291295.04163929366,69450781029.0,1901454431.0,0.96
2026-09-11T08:21:45.827819Z,471.742,gcp-1,crdb-gcp-1,10.020449897747241,30459.0,41319.78,8324030464.0,7462752256.0,0.0,17103003.3907167,5.161507864731484,21374265344.0,124247045120.0,2280.005,21779492.48975995,421747.41725427983,36997190442.0,272438012495.0,0.61
2026-09-11T08:21:45.819745Z,471.734,client-1,crdb-client-1,10.015487867847527,38516.04,42256.49,8324026368.0,7510024192.0,0.0,11612.010735738815,0.04049947940754876,571373568.0,6277559296.0,20.241,1992547.8596934914,479685.55397833115,10536019162.0,19740308581.0,0.38
2026-09-11T08:21:50.668468Z,476.583,linode-1,crdb-linode-1,13.134328358207014,36055.7,42095.9,8322887680.0,5464444928.0,2866903.05838791,13945052.284291277,68.12680644944827,4966365184.0,129551732736.0,4963.224,9813285.737063259,349602.2752208871,70399445063.0,4836340613.0,0.9
2026-09-11T08:21:50.951412Z,476.866,linode-2,crdb-linode-2,40.15873015874708,35710.95,42139.770000000004,8322887680.0,4628504576.0,16890780.97684771,9451464.834228659,95.73426196799433,10052339712.0,129410756608.0,4974.592000000001,1454695.0795306987,51960586.35004165,67214268079.0,21917855340.0,2.83
2026-09-11T08:21:50.080523Z,475.995,azure-1,crdb-azure-1,18.69254341162354,54656.94,61820.62,8327364608.0,5321039872.0,2968919.450889833,13202096.189413154,45.13970719097839,5102023168.0,116607927296.0,4533.562,9568831.670714194,291608.2173569838,69405764790.0,1790925969.0,1.3
2026-09-11T08:21:50.074075Z,475.988,azure-2,crdb-azure-2,16.394279877420026,38057.29,44337.43,8327364608.0,5384282112.0,3217848.0321888993,13922271.571847687,41.57657402877594,5048439296.0,117306774528.0,4129.312,9931868.74570887,295311.64938821143,69499441163.0,1902901279.0,0.88
2026-09-11T08:21:51.488425Z,477.403,gcp-1,crdb-gcp-1,10.607569721119692,30476.95,41339.86,8324030464.0,7467429888.0,0.0,16602792.779953819,4.91109045665386,21374265344.0,124341027840.0,2280.283,19017194.55302125,377065.92897117056,37104840263.0,272440146936.0,0.56
2026-09-11T08:21:51.471368Z,477.386,client-1,crdb-client-1,10.69626639759158,38533.74,42276.31,8324026368.0,7510372352.0,0.0,1449.4822180720378,0.0,571373568.0,6277567488.0,20.241,1792160.551645454,427420.8464001699,10546147868.0,19742724224.0,0.43
2026-09-11T08:21:55.678217Z,481.593,linode-1,crdb-linode-1,11.206896551719048,36073.21,42115.62,8322887680.0,5462777856.0,777538.9621948375,14247522.560680587,65.47198970242233,4970260480.0,129623109632.0,4966.504,9660231.993593954,350089.1086445639,70447840661.0,4838094481.0,0.83
2026-09-11T08:21:55.879379Z,481.794,linode-2,crdb-linode-2,41.097308488565666,35722.33,42159.09,8322887680.0,4624814080.0,17127825.72273372,9250039.912083447,96.34700669108183,10136745984.0,129456340992.0,4979.34,1487229.2783311745,52088905.47889129,67221597175.0,22174550521.0,2.68
2026-09-11T08:21:54.970883Z,480.885,azure-1,crdb-azure-1,17.239610056443986,54673.07,61840.11,8327364608.0,5319299072.0,874416.9752436614,14820697.679058034,42.85972811787023,5106299392.0,116680406016.0,4535.658,9938447.283653073,307187.2860798552,69454367491.0,1792428229.0,1.28
2026-09-11T08:21:55.152595Z,481.067,azure-2,crdb-azure-2,15.089514066516251,38073.89,44356.98,8327364608.0,5366210560.0,835566.4494253788,14304639.524139497,35.40388956705673,5052682752.0,117379421184.0,4131.11,9573128.053432416,288209.7146667095,69548058658.0,1904364963.0,0.97
2026-09-11T08:21:55.876802Z,481.791,gcp-1,crdb-gcp-1,7.359752959342614,30494.95,41359.29,8324030464.0,7475716096.0,0.0,1617525.8429782533,0.7975552198017777,21374265344.0,124348126208.0,2280.318,23232233.46739178,462045.1588815623,37206792849.0,272442174580.0,0.51
2026-09-11T08:21:55.873312Z,481.788,client-1,crdb-client-1,11.438739196743096,38551.16,42295.98,8324026368.0,7505567744.0,0.0,7443.94135199355,0.04543421235353178,571373568.0,6277600256.0,20.243000000000002,2325781.646624623,548126.7431616229,10556385887.0,19745137061.0,0.47
2026-09-11T08:22:01.414470Z,487.329,linode-1,crdb-linode-1,10.931989924425256,36090.89,42135.47,8322887680.0,5463748608.0,655499.5114282577,13838323.019040996,56.203683088575914,4974020608.0,129702490112.0,4969.728,8894890.069254426,312750.1362963031,70498864231.0,4839888503.0,1.0
2026-09-11T08:22:01.219572Z,487.134,linode-2,crdb-linode-2,40.53774560497544,35733.83,42178.43,8322887680.0,4627042304.0,14849295.523140153,12250668.806590626,89.43445557966625,10216044544.0,129521762304.0,4984.116,1382888.8832719857,47858772.02417433,67228982111.0,22430127070.0,2.55
2026-09-11T08:22:00.446657Z,486.361,azure-1,crdb-azure-1,17.227319062172185,54689.31,61859.729999999996,8327364608.0,5321048064.0,712110.2770848989,13443325.524968281,36.59721811190232,5110198784.0,116754019328.0,4537.662,9163252.743170379,277453.6642255413,69504543869.0,1793947517.0,1.18
2026-09-11T08:22:00.560014Z,486.474,azure-2,crdb-azure-2,14.27099433280442,38090.53,44376.39,8327364608.0,5368102912.0,716569.3045452946,13583002.927173598,34.52641084341039,5056557568.0,117452870656.0,4132.977,9217342.068765823,264716.59944787837,69597901017.0,1905796406.0,0.9
2026-09-11T08:22:01.212078Z,487.127,gcp-1,crdb-gcp-1,7.194244604305656,30513.010000000002,41378.75,8324030464.0,7466266624.0,0.0,18888110.234667107,5.866577762132329,21374265344.0,124448900096.0,2280.631,17559304.506119918,374636.46957000264,37300477149.0,272444173381.0,0.47
2026-09-11T08:22:01.203108Z,487.118,client-1,crdb-client-1,10.723318158841488,38568.81,42315.75,8324026368.0,7507607552.0,0.0,12296.180034636112,0.01876248174225991,571373568.0,6277665792.0,20.244,1959259.2098276552,459117.92823417,10566828318.0,19747584061.0,0.44
2026-09-11T08:22:05.934180Z,491.849,linode-1,crdb-linode-1,11.755802219952095,36108.380000000005,42155.29,8322887680.0,5465018368.0,822868.5923275327,21009430.14970175,74.51724200034667,4977739776.0,129797447680.0,4973.0960000000005,11795024.042726122,410316.7587844798,70552174901.0,4841743036.0,1.08
2026-09-11T08:22:05.913415Z,491.828,linode-2,crdb-linode-2,39.641539272554624,35745.28,42197.4,8322887680.0,4623224832.0,13578109.547647376,15033654.967022428,105.07341209589131,10279778304.0,129592328192.0,4989.048000000001,1520683.0522381468,48596583.0513205,67236119986.0,22658232680.0,2.42
2026-09-11T08:22:05.127466Z,491.042,azure-1,crdb-azure-1,17.765190525249142,54705.28,61879.15,8327364608.0,5332676608.0,887306.8139759921,19890898.607976604,47.10689807579141,5114352128.0,116847125504.0,4539.867,11268097.133581629,327818.29234816204,69557288064.0,1795481983.0,1.16
2026-09-11T08:22:05.074386Z,490.989,azure-2,crdb-azure-2,16.451112260734625,38106.68,44395.72,8327364608.0,5365395456.0,863765.3311476107,21764708.785261434,44.98925441609239,5060456960.0,117551125504.0,4135.008,11730505.063349746,330808.8009343918,69650857342.0,1907289813.0,0.9
2026-09-11T08:22:05.886977Z,491.801,gcp-1,crdb-gcp-1,5.208870551841505,30531.39,41398.14,8324030464.0,7480848384.0,20151.754208739214,10824120.499772359,2.7594007864880017,21374359552.0,124499502080.0,2280.76,12615851.623751217,359719.3368522504,37359455347.0,272445855043.0,0.43
2026-09-11T08:22:05.870932Z,491.785,client-1,crdb-client-1,10.674157303351993,38586.3,42335.33,8324026368.0,7507312640.0,0.0,7897.3539653013495,0.021422943699302845,571373568.0,6277702656.0,20.245,2180296.958214687,517381.44292192784,10577005710.0,19749999142.0,0.4
2026-09-11T08:22:10.698086Z,496.613,linode-1,crdb-linode-1,12.030075187978973,36125.93,42175.24,8322887680.0,5462818816.0,784130.5425274967,16174412.024152705,70.61379804275694,4981475328.0,129874501632.0,4976.46,11148996.365445586,386782.25084418734,70605288067.0,4843585644.0,1.0
2026-09-11T08:22:11.275094Z,497.19,linode-2,crdb-linode-2,38.97136797454039,35756.79,42216.26,8322887680.0,4625489920.0,12157211.902272196,13983773.021936193,92.50737581943665,10344962048.0,129667305472.0,4994.008,1349066.581225311,42333874.739196844,67243353323.0,22885215682.0,2.31
2026-09-11T08:22:10.111576Z,496.026,azure-1,crdb-azure-1,16.692189892789088,54721.6,61898.74,8327364608.0,5334568960.0,808658.843033185,15256039.392345576,42.01331701043678,5118382592.0,116923163648.0,4541.961,10484068.534335932,314166.3151902569,69609542066.0,1797047830.0,1.15
2026-09-11T08:22:10.235503Z,496.15,azure-2,crdb-azure-2,15.30612244898073,38123.28,44415.32,8327364608.0,5364916224.0,739656.7544007521,14763771.032314582,37.41421529084026,5064274432.0,117627323392.0,4136.938999999999,10167096.386475516,289099.5059234324,69703331149.0,1908781896.0,0.83
2026-09-11T08:22:11.272572Z,497.187,gcp-1,crdb-gcp-1,5.265848670751316,30549.92,41417.7,8324030464.0,7480471552.0,0.0,9383532.860978343,2.2838457936354764,21374359552.0,124550038528.0,2280.8830000000003,10848095.02441944,319696.63344188704,37417879418.0,272447576818.0,0.4
2026-09-11T08:22:11.266814Z,497.181,client-1,crdb-client-1,10.137544574621637,38603.94,42354.96,8324026368.0,7508533248.0,0.0,759.092541200188,0.0,571373568.0,6277706752.0,20.245,1938421.1965681876,452960.4898367685,10587465269.0,19752443279.0,0.37
2026-09-11T08:22:15.741028Z,501.656,linode-1,crdb-linode-1,10.912799592041578,36143.4,42194.85,8322887680.0,5468078080.0,774856.5719409586,18445485.061613385,65.51685424274936,4985382912.0,129967521792.0,4979.764,10436176.53959825,359608.60815833637,70657917467.0,4845399142.0,0.92
2026-09-11T08:22:15.936551Z,501.851,linode-2,crdb-linode-2,39.15171288746381,35767.979999999996,42234.65,8322887680.0,4626169856.0,11975660.985380726,14539677.329598274,104.34439372030991,10400786432.0,129735081984.0,4998.872,1487862.6706311314,45262687.017536834,67250288975.0,23096207094.0,2.2
2026-09-11T08:22:14.984849Z,500.899,azure-1,crdb-azure-1,17.61363636361629,54737.55,61918.1,8327364608.0,5324955648.0,880838.8863607232,18979220.317663636,45.24638039218421,5122675200.0,117015655424.0,4544.166,10747454.814157488,315684.71419279376,69661917831.0,1798586262.0,1.06
2026-09-11T08:22:15.121641Z,501.036,azure-2,crdb-azure-2,15.987622485810405,38139.57,44434.71,8327364608.0,5360750592.0,831577.4264307171,18825336.96104296,41.05461655697432,5068337664.0,117719307264.0,4138.945,10663224.436985385,296698.3983796985,69755433519.0,1910231616.0,0.93
2026-09-11T08:22:15.929379Z,501.844,gcp-1,crdb-gcp-1,5.394190871390981,30568.16,41436.98,8324030464.0,7498547200.0,0.0,10869698.023665667,2.6627538741121173,21374359552.0,124600656896.0,2281.007,9763342.685933242,341167.4875033321,37463345674.0,272449165578.0,0.37
2026-09-11T08:22:15.926637Z,501.841,client-1,crdb-client-1,8.94266175699202,38621.25,42373.97,8324026368.0,7506137088.0,0.0,137123.415738237,0.2575184340036099,571373568.0,6278345728.0,20.257,2195178.550490759,516297.6353403429,10597694495.0,19754849154.0,0.34
2026-09-11T08:22:20.700297Z,506.615,linode-1,crdb-linode-1,10.9303507880104,36160.92,42214.52,8322887680.0,5469106176.0,774715.8516364596,15097873.953000512,68.88069459804447,4989224960.0,130042396672.0,4983.18,10451338.970767079,364276.6422451795,70709748788.0,4847205699.0,0.84
2026-09-11T08:22:20.957372Z,506.872,linode-2,crdb-linode-2,39.43436499462618,35779.33,42253.39,8322887680.0,4628303872.0,11657751.192890389,14129618.660662109,99.82370104675219,10459318272.0,129806024704.0,5003.884,1395077.0518545276,42380357.62304785,67257293450.0,23308992585.0,2.11
2026-09-11T08:22:20.037628Z,505.952,azure-1,crdb-azure-1,17.15459681563217,54753.68,61937.57,8327364608.0,5327151104.0,833335.8304600716,15882019.056783777,43.045351050726325,5126885888.0,117095904256.0,4546.341,10323411.381321387,307394.6692847811,69714080072.0,1800139469.0,1.05
2026-09-11T08:22:20.209392Z,506.124,azure-2,crdb-azure-2,16.829143150329294,38155.78,44454.2,8327364608.0,5366243328.0,797015.8422024449,14708565.087917848,39.034718834190464,5072392704.0,117794141184.0,4140.931,10166945.719709674,285322.17423952225,69807160686.0,1911683272.0,1.01
2026-09-11T08:22:20.970854Z,506.885,gcp-1,crdb-gcp-1,5.995934959350979,30586.66,41456.66,8324030464.0,7482544128.0,0.0,9993234.804542882,2.3207421718857333,21374359552.0,124651037696.0,2281.1240000000003,9469066.423688726,316987.9913630102,37511083884.0,272450763670.0,0.34
2026-09-11T08:22:20.954642Z,506.869,client-1,crdb-client-1,9.180497925332887,38638.759999999995,42393.25,8324026368.0,7507476480.0,0.0,5702.43358290222,0.019888509984964182,571373568.0,6278374400.0,20.258,2047430.4169258035,482180.8148934925,10607989034.0,19757273573.0,0.31
2026-09-11T08:22:25.699941Z,511.615,linode-1,crdb-linode-1,11.037639877913874,36178.41,42234.18,8322887680.0,5467652096.0,778290.0504384072,18266057.857447084,64.24413142497198,4993116160.0,130133721088.0,4986.392000000001,10349966.587803582,366175.3480804297,70761495293.0,4849036458.0,0.78
2026-09-11T08:22:25.953504Z,511.868,linode-2,crdb-linode-2,38.882921589711174,35790.71,42272.01,8322887680.0,4625416192.0,11623588.881270923,13997824.55627167,98.55606722924355,10517391360.0,129875959808.0,5008.808,1403509.4521857554,42692771.19840232,67264305581.0,23522291686.0,1.94
2026-09-11T08:22:25.114996Z,511.03,azure-1,crdb-azure-1,16.985028394426582,54769.76,61956.94,8327364608.0,5330132992.0,826071.688961987,17655668.93029497,43.05345325638416,5131080192.0,117185549312.0,4548.527,9974262.645652162,300442.39837864717,69764723485.0,1801664938.0,1.05
2026-09-11T08:22:25.299511Z,511.214,azure-2,crdb-azure-2,15.781409601652241,38172.27,44473.78,8327364608.0,5375389696.0,817565.4725737958,17847228.95296675,37.93596709340984,5076554240.0,117884986368.0,4142.862,10022520.624994569,288449.88795815746,69858176882.0,1913151527.0,0.93
2026-09-11T08:22:25.956239Z,511.871,gcp-1,crdb-gcp-1,6.6329113924117,30605.1,41476.41,8324030464.0,7504969728.0,0.0,10159819.282923857,2.4671860702107344,21374359552.0,124701688832.0,2281.247,10026799.24098202,325285.4453831951,37561071857.0,272452385360.0,0.31
2026-09-11T08:22:25.890029Z,511.805,client-1,crdb-client-1,9.634209170504926,38656.3,42412.66,8324026368.0,7509708800.0,0.0,1659.8399309798115,0.0,571373568.0,6278382592.0,20.258,2054350.5723094726,486791.01460179355,10618128108.0,19759676089.0,0.29
2026-09-11T08:22:30.735786Z,516.65,linode-1,crdb-linode-1,11.861861861877387,36196.02,42254.159999999996,8322887680.0,5471014912.0,800349.7967083922,15028519.505874963,67.35667432915909,4997146624.0,130209402880.0,4989.784,10523396.93818229,365730.6570242531,70814489837.0,4850878233.0,1.03
2026-09-11T08:22:30.948347Z,516.863,linode-2,crdb-linode-2,39.069037656881314,35802.36,42291.13,8322887680.0,4630634496.0,9760081.5712222,12773717.915890455,100.90300261165963,10566141952.0,129939763200.0,5013.848,1384421.0283268515,39754099.31024028,67271220620.0,23720859276.0,2.1
2026-09-11T08:22:29.984619Z,515.899,azure-1,crdb-azure-1,18.15384615385063,54785.72,61976.44,8327364608.0,5314859008.0,894960.3721522496,15341336.680154962,46.18401496073161,5135438336.0,117260256256.0,4550.776,10717512.412702689,325231.1600811242,69816914022.0,1803248700.0,1.2
2026-09-11T08:22:30.128196Z,516.043,azure-2,crdb-azure-2,16.231438812038746,38188.630000000005,44493.31,8327364608.0,5365284864.0,895759.1691435608,15504437.58864205,42.682061573481825,5080879616.0,117959853056.0,4144.923,10838390.092230663,305244.87415756145,69910512503.0,1914625471.0,1.1
2026-09-11T08:22:30.915737Z,516.83,gcp-1,crdb-gcp-1,5.497251374288825,30624.01,41496.42,8324030464.0,7518724096.0,0.0,10169117.675852532,2.318767933768564,21374359552.0,124752122880.0,2281.362,6062400.011049981,282256.36182527425,37591138514.0,272453785219.0,0.29
2026-09-11T08:22:30.911676Z,516.826,client-1,crdb-client-1,11.07754279958626,38673.96,42432.52,8324026368.0,7508353024.0,0.0,8972.281682014465,0.01991362234114309,571373568.0,6278427648.0,20.259,2046034.287704523,485033.51059172506,10628402654.0,19762111776.0,0.26
2026-09-11T08:22:35.658175Z,521.573,linode-1,crdb-linode-1,11.955420466058541,36213.4,42273.9,8322887680.0,5471436800.0,817967.09974463,19341635.062527142,69.23440370900003,5001172992.0,130304610304.0,4993.192,10353934.78388268,376095.78604239214,70865456131.0,4852729530.0,0.95
2026-09-11T08:22:35.957273Z,521.872,linode-2,crdb-linode-2,38.5983263598517,35814.1,42310.25,8322887680.0,4627554304.0,10069614.680277148,12688008.88250611,97.0264237838585,10616580096.0,130003316736.0,5018.7080000000005,1340584.9495657077,37428230.06103334,67277935536.0,23908335214.0,2.34
2026-09-11T08:22:34.985624Z,520.9,azure-1,crdb-azure-1,18.930041152269695,54801.479999999996,61995.88,8327364608.0,5315555328.0,884555.0938014514,18148941.040320706,45.41071275552623,5139862016.0,117351019520.0,4553.0470000000005,10248231.266605595,304635.89690272964,69868165658.0,1804772191.0,1.19
2026-09-11T08:22:35.154167Z,521.069,azure-2,crdb-azure-2,18.01848049285799,38204.6,44512.79,8327364608.0,5385830400.0,880160.7776422431,18854184.80625305,44.8468784542628,5085303296.0,118054614016.0,4147.177,10039574.220599283,280259.56409434363,69960971311.0,1916034053.0,1.41
2026-09-11T08:22:35.875783Z,521.79,gcp-1,crdb-gcp-1,4.920553562270769,30642.56,41515.93,8324030464.0,7512764416.0,9909.540979275049,6825196.34947569,1.9556182352441982,21374408704.0,124785976320.0,2281.459,5525716.257570434,291741.74926612905,37618546444.0,272455232278.0,0.26
2026-09-11T08:22:35.905910Z,521.821,client-1,crdb-client-1,10.787321063394927,38691.41,42452.08,8324026368.0,7510429696.0,0.0,10661.836589815359,0.04004596074898381,571373568.0,6278480896.0,20.261,1925931.9921403755,468624.4402683918,10638021262.0,19764452209.0,0.24
2026-09-11T08:22:40.667777Z,526.583,linode-1,crdb-linode-1,11.915535444960723,36230.92,42293.79,8322887680.0,5470470144.0,809445.4263114767,15279713.259503916,67.86898401642061,5005228032.0,130381156352.0,4996.592000000001,10375561.756178424,368810.63872209063,70917434086.0,4854577143.0,1.04
2026-09-11T08:22:41.055403Z,526.97,linode-2,crdb-linode-2,38.625715773027544,35825.89,42329.46,8322887680.0,4628377600.0,9184756.302429795,13358549.95105845,95.4067364339961,10663405568.0,130071420928.0,5023.572,1289847.0971774699,37254834.94350398,67284511399.0,24098266789.0,2.47
2026-09-11T08:22:40.106918Z,526.022,azure-1,crdb-azure-1,18.602261048311554,54817.32,62015.340000000004,8327364608.0,5341040640.0,887767.9650196758,14257073.643640308,43.758094242879906,5144408576.0,117424034816.0,4555.2880000000005,9929486.576462973,287131.9838650393,69919017917.0,1806242691.0,1.09
2026-09-11T08:22:40.071722Z,525.986,azure-2,crdb-azure-2,16.294758692267465,38220.729999999996,44532.06,8327364608.0,5375262720.0,924547.3224242243,15111767.631299732,43.313753623920036,5089849856.0,118128927744.0,4149.307,10435744.731322436,289358.2428129289,70012290198.0,1917457003.0,1.38
2026-09-11T08:22:41.285717Z,527.2,gcp-1,crdb-gcp-1,3.174603174598145,30661.47,41535.46,8324030464.0,7517257728.0,0.0,6269706.5858988175,1.1090617687174225,21374408704.0,124819895296.0,2281.5190000000002,4591353.614597646,228229.93966664563,37643385567.0,272456466997.0,0.24
2026-09-11T08:22:40.994083Z,526.909,client-1,crdb-client-1,11.29113924052254,38708.93,42471.83,8324026368.0,7506161664.0,0.0,4829.985491386733,0.019653261276825502,571373568.0,6278505472.0,20.262,1962903.470162557,472359.64921170234,10648008935.0,19766855676.0,0.3
2026-09-11T08:22:45.658716Z,531.573,linode-1,crdb-linode-1,13.665835411464133,36248.229999999996,42313.84,8322887680.0,5475295232.0,782931.7860373004,19334475.835694715,69.16500132563307,5009135616.0,130477654016.0,5000.044,10341170.310196456,357158.6898987626,70969046490.0,4856359709.0,0.95
2026-09-11T08:22:45.964719Z,531.879,linode-2,crdb-linode-2,35.36650615302172,35837.97,42348.15,8322887680.0,4623122432.0,8774594.73832723,12706767.886728505,101.19448223154033,10706483200.0,130133803008.0,5028.54,1248260.6220563063,36256134.473243475,67290639558.0,24276261154.0,2.35
2026-09-11T08:22:44.978173Z,530.893,azure-1,crdb-azure-1,17.232510288025317,54833.41,62034.78,8327364608.0,5342494720.0,914839.9983840678,15236122.03191113,43.335572110089785,5148865024.0,117498254336.0,4557.399,10553703.406471867,294078.14843685244,69970428033.0,1807675230.0,1.0
2026-09-11T08:22:45.073621Z,530.988,azure-2,crdb-azure-2,17.079463364276968,38236.8,44551.44,8327364608.0,5377744896.0,840174.4656851838,15506377.857909005,42.56354883963427,5094052352.0,118206489600.0,4151.436,10203991.873536179,289637.6526741438,70063329877.0,1918905751.0,1.35
2026-09-11T08:22:45.917434Z,531.832,gcp-1,crdb-gcp-1,2.380952380958523,30680.739999999998,41555.2,8324030464.0,7513993216.0,0.0,3642569.08921082,0.8636067919832984,21374408704.0,124836766720.0,2281.559,3053110.1712098215,193428.92205501112,37657526772.0,272457362909.0,0.22
2026-09-11T08:22:45.935556Z,531.85,client-1,crdb-client-1,10.845213849274149,38726.44,42491.47,8324026368.0,7507775488.0,0.0,8288.946133028721,0.020236684895114387,571373568.0,6278546432.0,20.263,2058985.7543547247,487134.4432918639,10658183456.0,19769262861.0,0.28
2026-09-11T08:22:50.637473Z,536.552,linode-1,crdb-linode-1,12.493702770793325,36265.6,42333.69,8322887680.0,5471801344.0,807059.8307229347,15421342.0253837,69.01284509100041,5013153792.0,130554433536.0,5003.48,10178743.688668111,352299.32646163413,71019724249.0,4858113731.0,1.28
2026-09-11T08:22:50.929170Z,536.844,linode-2,crdb-linode-2,35.85106382978472,35850.03,42366.95,8322887680.0,4630421504.0,8692835.615142016,12071457.658043168,98.78163691898531,10749638656.0,130193731584.0,5033.4439999999995,1285147.8877316543,36227569.105038635,67297019656.0,24456112394.0,2.24
2026-09-11T08:22:50.011387Z,535.926,azure-1,crdb-azure-1,17.59918616483107,54849.61,62054.44,8327364608.0,5342908416.0,846339.1254258098,19371400.520803824,42.83511010784449,5153124864.0,117595755520.0,4559.555,10081082.234200608,318280.3650335203,70021168683.0,1809277216.0,0.92
2026-09-11T08:22:50.112530Z,536.027,azure-2,crdb-azure-2,17.84615384613961,38252.82,44570.939999999995,8327364608.0,5382262784.0,838881.6648988025,18351349.289491635,44.037064294397766,5098279424.0,118298960896.0,4153.655,10026184.357000193,284430.02015924646,70113851190.0,1920338976.0,1.32
2026-09-11T08:22:51.176172Z,537.091,gcp-1,crdb-gcp-1,3.2961460446319313,30699.809999999998,41574.92,8324030464.0,7515291648.0,0.0,6397788.079127512,1.255044542203214,21374408704.0,124870411264.0,2281.625,3533022.2661363445,200778.60301351635,37676106150.0,272458418759.0,0.2
2026-09-11T08:22:50.926192Z,536.841,client-1,crdb-client-1,9.809964047269537,38744.0,42510.94,8324026368.0,7507652608.0,0.0,5745.139772454812,0.0,571373568.0,6278575104.0,20.263,1995382.301045816,477126.72476755426,10668141717.0,19771644035.0,0.26
2026-09-11T08:22:55.691334Z,541.606,linode-1,crdb-linode-1,10.619918699169084,36283.19,42353.37,8322887680.0,5471096832.0,732658.2314009804,15011389.117266547,66.16667690596,5016856576.0,130630299648.0,5006.8240000000005,10257735.035846476,362336.75613131805,71071565852.0,4859944946.0,1.25
2026-09-11T08:22:55.946465Z,541.861,linode-2,crdb-linode-2,35.75184016825159,35862.25,42385.97,8322887680.0,4630593536.0,8384943.78040876,10764664.461928723,97.58181396671363,10791708672.0,130247741440.0,5038.34,1256927.7076267723,35189410.63493666,67303326075.0,24632669221.0,2.22
2026-09-11T08:22:55.016028Z,540.931,azure-1,crdb-azure-1,16.993801652896558,54865.68,62073.8,8327364608.0,5345296384.0,826619.1317768007,14748194.806552425,41.86086114131769,5157261824.0,117669565440.0,4561.65,10256745.59927753,328976.41527594184,70072500360.0,1810923636.0,0.93
2026-09-11T08:22:55.129093Z,541.044,azure-2,crdb-azure-2,17.39353514625851,38268.92,44590.43,8327364608.0,5383479296.0,821387.7478188024,14621681.697752597,43.774644472278105,5102400000.0,118372312064.0,4155.851,10212792.796730496,285673.01088515494,70165084714.0,1921772084.0,1.37
2026-09-11T08:22:55.932621Z,541.847,gcp-1,crdb-gcp-1,2.176113360325138,30719.14,41594.68,8324030464.0,7517589504.0,0.0,3558235.2847953825,0.7989102584810114,21374408704.0,124887335936.0,2281.663,2557981.98105594,170794.39889068884,37688273138.0,272459231139.0,0.19
2026-09-11T08:22:55.911256Z,541.826,client-1,crdb-client-1,8.44629822733365,38761.56,42530.12,8324026368.0,7509368832.0,0.0,109279.20832900578,0.12035862054563769,571373568.0,6279119872.0,20.269000000000002,2062492.602957293,485035.21091385605,10678423453.0,19774061985.0,0.24
2026-09-11T08:23:00.697066Z,546.612,linode-1,crdb-linode-1,11.184210526310224,36300.740000000005,42373.130000000005,8322887680.0,5470466048.0,841170.226143343,18137528.43647212,67.36253083949319,5021067264.0,130721091584.0,5010.196,10315956.904987827,367589.0603025191,71123204955.0,4861785005.0,1.15
2026-09-11T08:23:01.317531Z,547.232,linode-2,crdb-linode-2,35.11250654107233,35874.65,42405.08,8322887680.0,4630671360.0,7654218.035862446,9804750.551667178,91.6013891580736,10832820224.0,130300403712.0,5043.26,1161820.2615724804,32828605.371931538,67309566325.0,24808994864.0,2.13
2026-09-11T08:23:00.122195Z,546.037,azure-1,crdb-azure-1,17.98561151076151,54881.64,62093.259999999995,8327364608.0,5336203264.0,871148.7198910656,17885020.127708286,43.37867277779959,5161710080.0,117760889856.0,4563.865,10024440.748705506,307033.46255920874,70123687118.0,1812491409.0,0.94
2026-09-11T08:23:00.152580Z,546.067,azure-2,crdb-azure-2,17.82985226690368,38285.05,44610.06,8327364608.0,5386694656.0,916470.1443582488,17871167.814985853,46.8795003102608,5107003904.0,118462088192.0,4158.206,10193241.263535924,280081.6243695208,70216290642.0,1923179079.0,1.26
2026-09-11T08:23:01.004656Z,546.92,gcp-1,crdb-gcp-1,2.8514257128370635,30738.56,41614.67,8324030464.0,7512317952.0,0.0,3361061.813888902,0.6506215077566774,21374408704.0,124904383488.0,2281.696,2448865.6180992103,164257.08879693563,37700693964.0,272460064263.0,0.17
2026-09-11T08:23:01.262945Z,547.178,client-1,crdb-client-1,9.067490984003634,38779.21,42549.53,8324026368.0,7507177472.0,0.0,12245.755778005834,0.0,571373568.0,6279185408.0,20.269000000000002,1869057.0580232656,447628.9380528717,10688426145.0,19776457575.0,0.22
2026-09-11T08:23:05.732183Z,551.647,linode-1,crdb-linode-1,12.036108324985207,36318.28,42393.07,8322887680.0,5471195136.0,736197.3851430913,14929757.579592437,64.58568652035223,5024774144.0,130796265472.0,5013.448,9778452.674869835,357964.1815092866,71172441140.0,4863587416.0,1.14
2026-09-11T08:23:05.943913Z,551.859,linode-2,crdb-linode-2,35.85722011897302,35886.51,42423.57,8322887680.0,4634415104.0,9751245.105263375,10484314.920694469,106.51867411721192,10877933568.0,130348908544.0,5048.188,1411930.098812877,38702209.303571776,67316098505.0,24988047494.0,2.44
2026-09-11T08:23:05.105284Z,551.02,azure-1,crdb-azure-1,16.14906832298909,54897.840000000004,62112.58,8327364608.0,5331050496.0,794028.5284152121,14297445.365687577,41.29946277635154,5165666816.0,117832135680.0,4565.923,9809477.89825532,323903.57917739387,70172568881.0,1814105458.0,0.86
2026-09-11T08:23:05.164456Z,551.079,azure-2,crdb-azure-2,18.65443425081692,38301.009999999995,44629.68,8327364608.0,5371731968.0,828694.5181868159,14999861.130967278,45.73105034602806,5111157248.0,118537266176.0,4160.498,9722312.562632255,287995.2800472288,70265018017.0,1924622486.0,1.32
2026-09-11T08:23:06.200903Z,552.116,gcp-1,crdb-gcp-1,4.9363867684719125,30757.239999999998,41634.32,8324030464.0,7516962816.0,0.0,11521928.885510534,2.9444109643275125,21374408704.0,124964254720.0,2281.849,4494769.388619179,225204.3310546115,37724050069.0,272461234489.0,0.16
2026-09-11T08:23:05.908770Z,551.824,client-1,crdb-client-1,9.40748440750756,38796.64,42568.770000000004,8324026368.0,7507681280.0,0.0,8816.470693254585,0.021524586653403413,571373568.0,6279226368.0,20.27,2162005.6805096306,514328.06087147444,10698470499.0,19778847066.0,0.2
2026-09-11T08:23:10.938328Z,556.853,linode-1,crdb-linode-1,12.090680100763883,36335.729999999996,42412.92,8322887680.0,5470326784.0,712799.9080183584,16919163.379618984,63.693338221231734,5028485120.0,130884349952.0,5016.764,9647247.319352036,348081.59635433287,71222666600.0,4865399597.0,1.05
2026-09-11T08:23:10.934500Z,556.849,linode-2,crdb-linode-2,37.460978147783194,35898.53,42442.79,8322887680.0,4636254208.0,9367084.922189914,10457025.233822983,100.58851797076281,10924681216.0,130401095680.0,5053.208,1342823.0518201306,36757908.434024885,67322800037.0,25171492587.0,2.24
2026-09-11T08:23:10.040189Z,555.955,azure-1,crdb-azure-1,17.246673490288988,54914.01,62132.12,8327364608.0,5342650368.0,776880.9393606968,14521697.558819178,41.68242344692904,5169500672.0,117903799296.0,4567.9800000000005,10109143.52711819,338957.33367625106,70222456835.0,1815778190.0,0.79
2026-09-11T08:23:10.105727Z,556.021,azure-2,crdb-azure-2,17.15610510046959,38317.09,44649.090000000004,8327364608.0,5383204864.0,817329.0681088099,14402730.78944277,45.7370891189071,5115195904.0,118608434176.0,4162.758,10069747.105916316,290542.02535682195,70314775509.0,1926058137.0,1.46
2026-09-11T08:23:10.931875Z,556.847,gcp-1,crdb-gcp-1,4.599999999991267,30776.32,41654.32,8324030464.0,7517200384.0,0.0,21644.435839543414,0.10568572187507747,21374408704.0,124964357120.0,2281.8540000000003,4770169.867473574,252079.2587250512,37746617781.0,272462427078.0,0.14
2026-09-11T08:23:10.940906Z,556.856,client-1,crdb-client-1,9.039256198346834,38814.25,42588.130000000005,8324026368.0,7508885504.0,0.0,90349.4893301474,0.11923232861348028,571373568.0,6279681024.0,20.276,2026150.7298273777,477458.5072723992,10708666479.0,19781249729.0,0.5
2026-09-11T08:23:15.734942Z,561.65,linode-1,crdb-linode-1,12.432165762227765,36353.479999999996,42433.19,8322887680.0,5471797248.0,797572.8665883981,14662019.399703208,69.0484405881095,5032310784.0,130954678272.0,5020.076,10260224.259006869,379890.2601117557,71271881126.0,4867221791.0,0.96
2026-09-11T08:23:15.979698Z,561.895,linode-2,crdb-linode-2,38.457583547542654,35910.5,42462.24,8322887680.0,4638482432.0,8559430.870022992,8906906.5801975,97.67680229060106,10967865344.0,130446032896.0,5058.136,1283066.2614913462,34659867.833290234,67329273376.0,25346358906.0,2.54
2026-09-11T08:23:15.026416Z,560.941,azure-1,crdb-azure-1,17.32042791642706,54930.240000000005,62151.75,8327364608.0,5341237248.0,854311.9687430229,17463286.676449925,42.79742293836443,5173760512.0,117990876160.0,4570.1140000000005,9759784.841636801,321366.33016477164,70271121870.0,1817380613.0,0.81
2026-09-11T08:23:15.165495Z,561.08,azure-2,crdb-azure-2,16.332819722619483,38333.38,44668.56,8327364608.0,5374181376.0,864562.0301907731,17124480.511849824,44.171534334129184,5119570432.0,118695080960.0,4164.9929999999995,9558201.631989468,283733.8250314415,70363138286.0,1927493779.0,1.42
2026-09-11T08:23:15.953792Z,561.869,gcp-1,crdb-gcp-1,3.2405063291109815,30795.43,41674.07,8324030464.0,7514075136.0,0.0,63618.525669378956,0.1792138455893198,21374408704.0,124964676608.0,2281.863,3539699.2600076376,204733.6980847575,37764393915.0,272463455237.0,0.13
2026-09-11T08:23:15.956128Z,561.871,client-1,crdb-client-1,8.389786347023042,38831.83,42607.32,8324026368.0,7507611648.0,0.0,1633.4140037615196,0.0,571373568.0,6279689216.0,20.276,1981518.4150477736,477459.75410293974,10718604314.0,19783644315.0,0.62
2026-09-11T08:23:20.736216Z,566.651,linode-1,crdb-linode-1,11.63141993956498,36371.03,42453.05,8322887680.0,5471678464.0,737089.272107838,14334748.366337208,65.50305054864255,5035997184.0,131026370560.0,5023.352,10011797.365350297,360879.2195432858,71321953066.0,4869026654.0,0.89
2026-09-11T08:23:21.655566Z,567.571,linode-2,crdb-linode-2,40.213523131679054,35922.26,42481.91,8322887680.0,4634087424.0,8601313.442859963,9804299.390443448,86.89365681766577,11016685568.0,130501681152.0,5063.067999999999,1174133.9765086249,32888967.03585778,67335937647.0,25533033505.0,2.58
2026-09-11T08:23:20.050648Z,565.966,azure-1,crdb-azure-1,16.61538461541148,54946.5,62171.25,8327364608.0,5341396992.0,813614.309493916,15233664.315834984,40.463688392426484,5177848320.0,118067414016.0,4572.147,9851497.76597885,312738.33433296805,70320618334.0,1818951891.0,0.74
2026-09-11T08:23:20.192483Z,566.107,azure-2,crdb-azure-2,15.93237704917998,38349.79,44688.08,8327364608.0,5387558912.0,834351.5332876624,14249974.575847587,42.2914352362094,5123764736.0,118766715904.0,4167.119,9902792.394114327,274263.14030530426,70412919847.0,1928872506.0,1.47
2026-09-11T08:23:21.195224Z,567.11,gcp-1,crdb-gcp-1,3.637295081963332,30814.239999999998,41693.59,8324030464.0,7515287552.0,0.0,52357.85630664678,0.20986489162896818,21374408704.0,124964951040.0,2281.8740000000003,5457603.281794732,254646.43455378347,37792999765.0,272464789958.0,0.12
2026-09-11T08:23:20.901160Z,566.816,client-1,crdb-client-1,7.833859095679352,38849.36,42626.34,8324026368.0,7506677760.0,0.0,14081.22316419487,0.020222344847501263,571373568.0,6279758848.0,20.277,2060024.385011031,485222.8289848428,10728791186.0,19786043754.0,0.81
