ts_utc,elapsed_s,wall_offset_s,concurrency,repetition,op,tps,tps_cum,errors_cum,p50_ms,p95_ms,p99_ms,pmax_ms,gateway_cpu_pct,gateway_disk_iops,gateway_rss_bytes
2026-09-11T08:23:24.712018Z,1.0,12.312,100,1,read,1372.6,3851.5,0,1.0,3.8,18.9,29.4,,,
2026-09-11T08:23:24.712018Z,1.0,12.312,100,1,update,295.0,827.9,0,75.5,385.9,385.9,385.9,,,
2026-09-11T08:23:24.712018Z,2.0,13.312,100,1,read,4377.9,4114.8,0,1.0,3.1,4.7,7.6,,,
2026-09-11T08:23:24.712018Z,2.0,13.312,100,1,update,1186.0,1006.9,0,75.5,130.0,167.8,176.2,,,
2026-09-11T08:23:24.712018Z,3.0,14.328,100,1,read,4846.2,4358.4,0,1.0,2.1,4.7,6.3,,,
2026-09-11T08:23:24.712018Z,3.0,14.328,100,1,update,1252.8,1088.8,0,75.5,79.7,113.2,121.6,,,
2026-09-11T08:23:24.712018Z,4.0,15.314,100,1,read,5213.6,4572.3,0,1.0,2.0,2.8,5.0,,,
2026-09-11T08:23:24.712018Z,4.0,15.314,100,1,update,1296.1,1140.7,0,75.5,79.7,79.7,79.7,,,
2026-09-11T08:23:24.712018Z,5.0,16.312,100,1,read,4948.3,4647.4,0,1.0,3.0,4.5,6.0,,,
2026-09-11T08:23:24.712018Z,5.0,16.312,100,1,update,1249.1,1162.4,0,75.5,83.9,121.6,125.8,,,
2026-09-11T08:23:24.712018Z,6.0,17.317,100,1,read,5342.8,4763.3,0,1.0,1.6,2.6,5.5,,,
2026-09-11T08:23:24.712018Z,6.0,17.317,100,1,update,1280.9,1182.1,0,75.5,75.5,79.7,79.7,,,
2026-09-11T08:23:24.712018Z,7.0,18.312,100,1,read,5225.5,4829.4,0,0.9,1.6,2.1,3.8,,,
2026-09-11T08:23:24.712018Z,7.0,18.312,100,1,update,1293.1,1198.0,0,75.5,75.5,75.5,79.7,,,
2026-09-11T08:23:24.712018Z,8.0,19.317,100,1,read,4918.9,4840.5,0,0.9,1.4,1.6,2.9,,,
2026-09-11T08:23:24.712018Z,8.0,19.317,100,1,update,1298.0,1210.5,0,75.5,75.5,75.5,79.7,,,
2026-09-11T08:23:24.712018Z,9.0,20.314,100,1,read,4910.2,4848.2,0,0.9,1.4,1.8,5.8,,,
2026-09-11T08:23:24.712018Z,9.0,20.314,100,1,update,1303.0,1220.8,0,75.5,75.5,79.7,79.7,,,
2026-09-11T08:23:24.712018Z,10.0,21.315,100,1,read,5041.4,4867.6,0,1.0,1.8,3.0,4.7,,,
2026-09-11T08:23:24.712018Z,10.0,21.315,100,1,update,1285.1,1227.2,0,75.5,75.5,79.7,79.7,,,
2026-09-11T08:23:24.712018Z,11.0,22.316,100,1,read,4928.4,4873.1,0,1.0,2.8,4.7,6.3,,,
2026-09-11T08:23:24.712018Z,11.0,22.316,100,1,update,1207.4,1225.4,0,75.5,109.1,159.4,167.8,,,
2026-09-11T08:23:24.712018Z,12.0,23.313,100,1,read,4774.6,4864.9,0,1.0,3.1,5.5,8.1,,,
2026-09-11T08:23:24.712018Z,12.0,23.313,100,1,update,1188.2,1222.3,0,75.5,125.8,159.4,167.8,,,
2026-09-11T08:23:24.712018Z,13.0,24.317,100,1,read,5138.4,4886.0,0,1.0,2.4,3.5,4.5,,,
2026-09-11T08:23:24.712018Z,13.0,24.317,100,1,update,1252.1,1224.6,0,75.5,79.7,104.9,113.2,,,
2026-09-11T08:23:24.712018Z,14.0,25.323,100,1,read,5221.7,4910.0,0,0.9,1.4,1.8,2.9,,,
2026-09-11T08:23:24.712018Z,14.0,25.323,100,1,update,1286.2,1229.0,0,75.5,79.7,83.9,83.9,,,
2026-09-11T08:23:24.712018Z,15.0,26.314,100,1,read,5025.3,4917.6,0,1.0,2.8,5.0,8.4,,,
2026-09-11T08:23:24.712018Z,15.0,26.314,100,1,update,1242.8,1229.9,0,75.5,83.9,117.4,125.8,,,
2026-09-11T08:23:24.712018Z,16.0,27.311,100,1,read,4881.9,4915.4,0,1.0,2.4,4.7,6.0,,,
2026-09-11T08:23:24.712018Z,16.0,27.311,100,1,update,1241.2,1230.6,0,75.5,83.9,117.4,121.6,,,
2026-09-11T08:23:24.712018Z,17.0,28.312,100,1,read,4973.8,4918.8,0,1.0,1.8,2.5,6.0,,,
2026-09-11T08:23:24.712018Z,17.0,28.312,100,1,update,1295.2,1234.4,0,75.5,79.7,79.7,83.9,,,
2026-09-11T08:23:24.712018Z,18.0,29.321,100,1,read,4856.6,4915.4,0,1.0,2.8,3.5,5.0,,,
2026-09-11T08:23:24.712018Z,18.0,29.321,100,1,update,1246.6,1235.1,0,75.5,83.9,117.4,125.8,,,
2026-09-11T08:23:24.712018Z,19.0,30.323,100,1,read,5143.4,4927.4,0,1.0,3.1,4.5,6.8,,,
2026-09-11T08:23:24.712018Z,19.0,30.323,100,1,update,1230.3,1234.8,0,75.5,88.1,117.4,125.8,,,
2026-09-11T08:23:24.712018Z,20.0,31.404,100,1,read,4997.6,4930.9,0,1.0,2.9,4.7,8.4,,,
2026-09-11T08:23:24.712018Z,20.0,31.404,100,1,update,1226.2,1234.4,0,75.5,83.9,117.4,125.8,,,
2026-09-11T08:23:24.712018Z,21.0,32.313,100,1,read,5174.7,4942.5,0,1.0,1.6,2.2,3.3,,,
2026-09-11T08:23:24.712018Z,21.0,32.313,100,1,update,1303.7,1237.7,0,75.5,75.5,79.7,83.9,,,
2026-09-11T08:23:24.712018Z,22.0,33.312,100,1,read,5073.0,4948.4,0,1.0,2.6,4.1,5.8,,,
2026-09-11T08:23:24.712018Z,22.0,33.312,100,1,update,1232.2,1237.5,0,75.5,83.9,113.2,125.8,,,
2026-09-11T08:23:24.712018Z,23.0,34.312,100,1,read,4685.7,4937.0,0,1.0,2.2,3.8,6.8,,,
2026-09-11T08:23:24.712018Z,23.0,34.312,100,1,update,1249.9,1238.0,0,75.5,83.9,117.4,125.8,,,
2026-09-11T08:23:24.712018Z,24.0,35.311,100,1,read,4864.8,4934.0,0,1.0,3.5,5.2,7.3,,,
2026-09-11T08:23:24.712018Z,24.0,35.311,100,1,update,1211.0,1236.9,0,75.5,125.8,159.4,167.8,,,
2026-09-11T08:23:24.712018Z,25.0,36.316,100,1,read,4824.3,4929.6,0,1.0,2.8,3.9,5.5,,,
2026-09-11T08:23:24.712018Z,25.0,36.316,100,1,update,1235.8,1236.8,0,75.5,79.7,117.4,121.6,,,
2026-09-11T08:23:24.712018Z,26.0,37.312,100,1,read,4789.5,4924.2,0,1.0,2.8,4.1,7.3,,,
2026-09-11T08:23:24.712018Z,26.0,37.312,100,1,update,1232.1,1236.6,0,75.5,83.9,121.6,130.0,,,
2026-09-11T08:23:24.712018Z,27.0,38.337,100,1,read,5063.6,4929.4,0,1.0,1.6,2.0,3.0,,,
2026-09-11T08:23:24.712018Z,27.0,38.337,100,1,update,1296.1,1238.8,0,75.5,75.5,79.7,79.7,,,
2026-09-11T08:23:24.712018Z,28.0,39.321,100,1,read,4579.1,4916.9,0,1.1,3.8,5.8,8.9,,,
2026-09-11T08:23:24.712018Z,28.0,39.321,100,1,update,1174.5,1236.6,0,75.5,121.6,159.4,167.8,,,
2026-09-11T08:23:24.712018Z,29.0,40.312,100,1,read,4631.3,4907.0,0,1.0,2.9,4.5,6.8,,,
2026-09-11T08:23:24.712018Z,29.0,40.312,100,1,update,1219.1,1235.9,0,75.5,92.3,121.6,125.8,,,
2026-09-11T08:23:24.712018Z,30.0,41.313,100,1,read,4869.1,4905.7,0,0.9,1.6,2.4,5.5,,,
2026-09-11T08:23:24.712018Z,30.0,41.313,100,1,update,1232.8,1235.8,0,75.5,75.5,79.7,83.9,,,
2026-09-11T08:23:24.712018Z,31.0,42.311,100,1,read,5006.7,4909.0,0,1.0,3.0,4.7,7.9,,,
2026-09-11T08:23:24.712018Z,31.0,42.311,100,1,update,1285.2,1237.4,0,75.5,88.1,121.6,130.0,,,
2026-09-11T08:23:24.712018Z,32.0,43.315,100,1,read,4847.7,4907.1,0,1.0,3.0,5.0,6.8,,,
2026-09-11T08:23:24.712018Z,32.0,43.315,100,1,update,1234.2,1237.3,0,75.5,83.9,121.6,130.0,,,
2026-09-11T08:23:24.712018Z,33.0,44.315,100,1,read,5108.5,4913.2,0,1.0,2.8,3.9,6.6,,,
2026-09-11T08:23:24.712018Z,33.0,44.315,100,1,update,1238.9,1237.4,0,75.5,79.7,113.2,121.6,,,
2026-09-11T08:23:24.712018Z,34.0,45.312,100,1,read,4878.4,4912.2,0,1.0,3.1,5.8,11.5,,,
2026-09-11T08:23:24.712018Z,34.0,45.312,100,1,update,1244.4,1237.6,0,75.5,83.9,121.6,125.8,,,
2026-09-11T08:23:24.712018Z,35.0,46.313,100,1,read,4868.0,4910.9,0,1.0,3.1,5.2,7.9,,,
2026-09-11T08:23:24.712018Z,35.0,46.313,100,1,update,1176.0,1235.8,0,75.5,142.6,167.8,167.8,,,
2026-09-11T08:23:24.712018Z,36.0,47.312,100,1,read,4872.8,4909.8,0,1.0,2.6,3.5,8.4,,,
2026-09-11T08:23:24.712018Z,36.0,47.312,100,1,update,1205.9,1235.0,0,75.5,83.9,117.4,125.8,,,
2026-09-11T08:23:24.712018Z,37.0,48.311,100,1,read,5129.9,4915.8,0,1.0,2.0,2.8,8.9,,,
2026-09-11T08:23:24.712018Z,37.0,48.311,100,1,update,1285.0,1236.3,0,75.5,79.7,83.9,83.9,,,
2026-09-11T08:23:24.712018Z,38.0,49.311,100,1,read,5111.4,4921.0,0,1.0,2.8,4.1,6.8,,,
2026-09-11T08:23:24.712018Z,38.0,49.311,100,1,update,1242.6,1236.5,0,75.5,88.1,117.4,125.8,,,
2026-09-11T08:23:24.712018Z,39.0,50.31,100,1,read,4850.9,4919.1,0,1.0,2.0,3.7,10.0,,,
2026-09-11T08:23:24.712018Z,39.0,50.31,100,1,update,1260.5,1237.1,0,75.5,79.7,104.9,113.2,,,
2026-09-11T08:23:24.712018Z,40.0,51.314,100,1,read,5006.5,4921.3,0,1.0,2.6,3.8,8.1,,,
2026-09-11T08:23:24.712018Z,40.0,51.314,100,1,update,1252.1,1237.5,0,75.5,83.9,113.2,121.6,,,
2026-09-11T08:23:24.712018Z,41.0,52.315,100,1,read,4893.0,4920.6,0,0.9,2.4,4.1,5.8,,,
2026-09-11T08:23:24.712018Z,41.0,52.315,100,1,update,1223.7,1237.2,0,75.5,88.1,117.4,125.8,,,
2026-09-11T08:23:24.712018Z,42.0,53.323,100,1,read,4637.3,4913.9,0,1.0,2.9,8.9,14.7,,,
2026-09-11T08:23:24.712018Z,42.0,53.323,100,1,update,1234.1,1237.1,0,75.5,130.0,159.4,167.8,,,
2026-09-11T08:23:24.712018Z,43.0,54.353,100,1,read,4844.2,4912.3,0,1.1,2.6,4.5,9.4,,,
2026-09-11T08:23:24.712018Z,43.0,54.353,100,1,update,1197.8,1236.2,0,75.5,83.9,104.9,130.0,,,
2026-09-11T08:23:24.712018Z,44.0,55.311,100,1,read,4921.6,4912.5,0,1.0,2.4,4.5,8.9,,,
2026-09-11T08:23:24.712018Z,44.0,55.311,100,1,update,1245.2,1236.4,0,75.5,83.9,117.4,125.8,,,
2026-09-11T08:23:24.712018Z,45.0,56.312,100,1,read,4971.5,4913.8,0,1.0,2.9,7.9,15.2,,,
2026-09-11T08:23:24.712018Z,45.0,56.312,100,1,update,1231.9,1236.3,0,75.5,88.1,109.1,125.8,,,
2026-09-11T08:23:24.712018Z,46.0,57.315,100,1,read,5113.3,4918.1,0,1.0,2.2,3.7,9.4,,,
2026-09-11T08:23:24.712018Z,46.0,57.315,100,1,update,1271.1,1237.0,0,75.5,83.9,117.4,121.6,,,
2026-09-11T08:23:24.712018Z,47.0,58.311,100,1,read,4854.2,4916.8,0,1.0,2.2,4.2,11.0,,,
2026-09-11T08:23:24.712018Z,47.0,58.311,100,1,update,1261.1,1237.5,0,75.5,79.7,79.7,83.9,,,
2026-09-11T08:23:24.712018Z,48.0,59.311,100,1,read,5050.4,4919.6,0,1.0,3.3,5.0,7.6,,,
2026-09-11T08:23:24.712018Z,48.0,59.311,100,1,update,1227.9,1237.3,0,75.5,83.9,117.4,125.8,,,
2026-09-11T08:23:24.712018Z,49.0,60.312,100,1,read,4342.9,4907.8,0,1.1,4.7,8.9,13.1,,,
2026-09-11T08:23:24.712018Z,49.0,60.312,100,1,update,1158.2,1235.7,0,75.5,117.4,142.6,176.2,,,
2026-09-11T08:23:24.712018Z,50.0,61.311,100,1,read,5067.0,4911.0,0,1.0,3.9,6.3,218.1,,,
2026-09-11T08:23:24.712018Z,50.0,61.311,100,1,update,1220.8,1235.4,0,75.5,83.9,113.2,121.6,,,
2026-09-11T08:23:24.712018Z,51.0,62.312,100,1,read,4738.2,4907.6,0,1.0,4.2,6.0,8.9,,,
2026-09-11T08:23:24.712018Z,51.0,62.312,100,1,update,1146.8,1233.7,0,75.5,134.2,167.8,176.2,,,
2026-09-11T08:23:24.712018Z,52.0,63.316,100,1,read,5155.9,4912.4,0,1.0,1.8,3.3,6.0,,,
2026-09-11T08:23:24.712018Z,52.0,63.316,100,1,update,1275.5,1234.5,0,75.5,79.7,79.7,83.9,,,
2026-09-11T08:23:24.712018Z,53.0,64.315,100,1,read,5337.8,4920.4,0,1.0,2.0,3.1,6.8,,,
2026-09-11T08:23:24.712018Z,53.0,64.315,100,1,update,1264.5,1235.1,0,75.5,79.7,83.9,92.3,,,
2026-09-11T08:23:24.712018Z,54.0,65.312,100,1,read,4933.7,4920.6,0,1.0,3.0,5.2,11.5,,,
2026-09-11T08:23:24.712018Z,54.0,65.312,100,1,update,1236.9,1235.1,0,75.5,83.9,113.2,121.6,,,
2026-09-11T08:23:24.712018Z,55.0,66.333,100,1,read,4889.3,4920.1,0,1.1,2.9,5.0,13.6,,,
2026-09-11T08:23:24.712018Z,55.0,66.333,100,1,update,1211.6,1234.7,0,75.5,88.1,121.6,121.6,,,
2026-09-11T08:23:24.712018Z,56.0,67.316,100,1,read,4813.6,4918.2,0,1.1,3.9,6.8,10.5,,,
2026-09-11T08:23:24.712018Z,56.0,67.316,100,1,update,1212.9,1234.3,0,75.5,109.1,130.0,134.2,,,
2026-09-11T08:23:24.712018Z,57.0,68.313,100,1,read,4387.6,4908.9,0,1.3,4.2,7.1,10.0,,,
2026-09-11T08:23:24.712018Z,57.0,68.313,100,1,update,1123.9,1232.3,0,79.7,125.8,151.0,159.4,,,
2026-09-11T08:23:24.712018Z,58.0,69.315,100,1,read,4955.9,4909.7,0,1.4,3.3,4.7,14.7,,,
2026-09-11T08:23:24.712018Z,58.0,69.315,100,1,update,1232.2,1232.3,0,75.5,96.5,113.2,121.6,,,
2026-09-11T08:23:24.712018Z,59.0,70.312,100,1,read,4641.6,4905.1,0,1.5,3.7,6.8,10.0,,,
2026-09-11T08:23:24.712018Z,59.0,70.312,100,1,update,1172.6,1231.3,0,75.5,88.1,113.2,121.6,,,
2026-09-11T08:23:24.712018Z,60.0,71.316,100,1,read,3618.6,4883.7,0,1.9,17.8,23.1,33.6,,,
2026-09-11T08:23:24.712018Z,60.0,71.316,100,1,update,884.9,1225.6,0,79.7,130.0,142.6,142.6,,,
2026-09-11T08:23:24.712018Z,61.0,72.313,100,1,read,3010.9,4853.0,0,6.3,14.7,17.8,23.1,,,
2026-09-11T08:23:24.712018Z,61.0,72.313,100,1,update,757.7,1217.9,0,104.9,142.6,151.0,151.0,,,
2026-09-11T08:23:24.712018Z,62.0,73.312,100,1,read,2940.2,4822.1,0,6.0,16.8,21.0,22.0,,,
2026-09-11T08:23:24.712018Z,62.0,73.312,100,1,update,784.3,1210.9,0,109.1,142.6,167.8,176.2,,,
2026-09-11T08:23:24.712018Z,63.0,74.312,100,1,read,2973.0,4792.8,0,6.0,15.2,19.9,32.5,,,
2026-09-11T08:23:24.712018Z,63.0,74.312,100,1,update,772.3,1203.9,0,104.9,159.4,192.9,209.7,,,
2026-09-11T08:23:24.712018Z,64.0,75.312,100,1,read,3425.2,4771.4,0,6.0,15.7,19.9,25.2,,,
2026-09-11T08:23:24.712018Z,64.0,75.312,100,1,update,761.6,1197.0,0,100.7,134.2,151.0,159.4,,,
2026-09-11T08:23:24.712018Z,65.0,76.313,100,1,read,3044.2,4744.9,0,5.2,15.2,17.8,21.0,,,
2026-09-11T08:23:24.712018Z,65.0,76.313,100,1,update,815.3,1191.2,0,100.7,134.2,151.0,159.4,,,
2026-09-11T08:23:24.712018Z,66.0,77.385,100,1,read,2864.0,4716.4,0,5.8,15.7,17.8,30.4,,,
2026-09-11T08:23:24.712018Z,66.0,77.385,100,1,update,761.7,1184.6,0,104.9,142.6,159.4,159.4,,,
2026-09-11T08:23:24.712018Z,67.0,78.316,100,1,read,2687.8,4686.1,0,6.6,13.6,17.8,21.0,,,
2026-09-11T08:23:24.712018Z,67.0,78.316,100,1,update,702.7,1177.4,0,104.9,130.0,151.0,151.0,,,
2026-09-11T08:23:24.712018Z,68.0,79.417,100,1,read,0.0,4617.2,0,0.0,0.0,0.0,0.0,,,
2026-09-11T08:23:24.712018Z,68.0,79.417,100,1,update,0.0,1160.1,0,0.0,0.0,0.0,0.0,,,
2026-09-11T08:23:24.712018Z,69.0,80.324,100,1,read,0.0,4550.2,0,0.0,0.0,0.0,0.0,,,
2026-09-11T08:23:24.712018Z,69.0,80.324,100,1,update,0.0,1143.3,0,0.0,0.0,0.0,0.0,,,
2026-09-11T08:23:24.712018Z,70.0,81.317,100,1,read,0.0,4485.3,0,0.0,0.0,0.0,0.0,,,
2026-09-11T08:23:24.712018Z,70.0,81.317,100,1,update,0.0,1127.0,0,0.0,0.0,0.0,0.0,,,
2026-09-11T08:23:24.712018Z,71.0,82.314,100,1,read,0.0,4422.1,0,0.0,0.0,0.0,0.0,,,
2026-09-11T08:23:24.712018Z,71.0,82.314,100,1,update,0.0,1111.1,0,0.0,0.0,0.0,0.0,,,
2026-09-11T08:23:24.712018Z,72.0,83.318,100,1,read,0.0,4360.7,0,0.0,0.0,0.0,0.0,,,
2026-09-11T08:23:24.712018Z,72.0,83.318,100,1,update,0.0,1095.7,0,0.0,0.0,0.0,0.0,,,
2026-09-11T08:23:24.712018Z,73.0,84.321,100,1,read,0.0,4301.0,0,0.0,0.0,0.0,0.0,,,
2026-09-11T08:23:24.712018Z,73.0,84.321,100,1,update,0.0,1080.7,0,0.0,0.0,0.0,0.0,,,
2026-09-11T08:23:24.712018Z,74.0,85.313,100,1,read,0.0,4242.8,0,0.0,0.0,0.0,0.0,,,
2026-09-11T08:23:24.712018Z,74.0,85.313,100,1,update,0.0,1066.1,0,0.0,0.0,0.0,0.0,,,
2026-09-11T08:23:24.712018Z,75.0,86.317,100,1,read,0.0,4186.2,0,0.0,0.0,0.0,0.0,,,
2026-09-11T08:23:24.712018Z,75.0,86.317,100,1,update,0.0,1051.9,0,0.0,0.0,0.0,0.0,,,
2026-09-11T08:23:24.712018Z,76.0,87.319,100,1,read,0.0,4131.2,0,0.0,0.0,0.0,0.0,,,
2026-09-11T08:23:24.712018Z,76.0,87.319,100,1,update,0.0,1038.0,0,0.0,0.0,0.0,0.0,,,
2026-09-11T08:23:24.712018Z,77.0,88.315,100,1,read,0.0,4077.5,0,0.0,0.0,0.0,0.0,,,
2026-09-11T08:23:24.712018Z,77.0,88.315,100,1,update,0.0,1024.5,0,0.0,0.0,0.0,0.0,,,
2026-09-11T08:23:24.712018Z,78.0,89.318,100,1,read,0.0,4025.2,0,0.0,0.0,0.0,0.0,,,
2026-09-11T08:23:24.712018Z,78.0,89.318,100,1,update,0.0,1011.4,0,0.0,0.0,0.0,0.0,,,
2026-09-11T08:23:24.712018Z,79.0,90.31,100,1,read,0.0,3974.3,0,0.0,0.0,0.0,0.0,,,
2026-09-11T08:23:24.712018Z,79.0,90.31,100,1,update,0.0,998.6,0,0.0,0.0,0.0,0.0,,,
2026-09-11T08:23:24.712018Z,80.0,91.322,100,1,read,0.0,3924.6,0,0.0,0.0,0.0,0.0,,,
2026-09-11T08:23:24.712018Z,80.0,91.322,100,1,update,0.0,986.1,0,0.0,0.0,0.0,0.0,,,
2026-09-11T08:23:24.712018Z,81.0,92.311,100,1,read,0.0,3876.2,0,0.0,0.0,0.0,0.0,,,
2026-09-11T08:23:24.712018Z,81.0,92.311,100,1,update,0.0,973.9,0,0.0,0.0,0.0,0.0,,,
2026-09-11T08:23:24.712018Z,82.0,93.316,100,1,read,0.0,3828.9,0,0.0,0.0,0.0,0.0,,,
2026-09-11T08:23:24.712018Z,82.0,93.316,100,1,update,0.0,962.1,0,0.0,0.0,0.0,0.0,,,
2026-09-11T08:23:24.712018Z,83.0,94.427,100,1,read,0.0,3782.7,100,0.0,0.0,0.0,0.0,,,
2026-09-11T08:23:24.712018Z,83.0,94.427,100,1,update,0.0,950.5,100,0.0,0.0,0.0,0.0,,,
2026-09-11T08:23:24.712018Z,84.0,95.316,100,1,read,0.0,3737.7,100,0.0,0.0,0.0,0.0,,,
2026-09-11T08:23:24.712018Z,84.0,95.316,100,1,update,0.0,939.2,100,0.0,0.0,0.0,0.0,,,
2026-09-11T08:23:24.712018Z,85.0,96.313,100,1,read,0.0,3693.7,100,0.0,0.0,0.0,0.0,,,
2026-09-11T08:23:24.712018Z,85.0,96.313,100,1,update,0.0,928.1,100,0.0,0.0,0.0,0.0,,,
2026-09-11T08:23:24.712018Z,86.0,97.314,100,1,read,0.0,3650.8,100,0.0,0.0,0.0,0.0,,,
2026-09-11T08:23:24.712018Z,86.0,97.314,100,1,update,0.0,917.3,100,0.0,0.0,0.0,0.0,,,
2026-09-11T08:23:24.712018Z,87.0,98.322,100,1,read,0.0,3608.8,100,0.0,0.0,0.0,0.0,,,
2026-09-11T08:23:24.712018Z,87.0,98.322,100,1,update,0.0,906.8,100,0.0,0.0,0.0,0.0,,,
2026-09-11T08:23:24.712018Z,88.0,99.322,100,1,read,0.0,3567.8,100,0.0,0.0,0.0,0.0,,,
2026-09-11T08:23:24.712018Z,88.0,99.322,100,1,update,0.0,896.5,100,0.0,0.0,0.0,0.0,,,
2026-09-11T08:23:24.712018Z,89.0,100.312,100,1,read,0.0,3527.7,100,0.0,0.0,0.0,0.0,,,
2026-09-11T08:23:24.712018Z,89.0,100.312,100,1,update,0.0,886.4,100,0.0,0.0,0.0,0.0,,,
2026-09-11T08:23:24.712018Z,90.0,101.318,100,1,read,0.0,3488.5,100,0.0,0.0,0.0,0.0,,,
2026-09-11T08:23:24.712018Z,90.0,101.318,100,1,update,0.0,876.5,100,0.0,0.0,0.0,0.0,,,
2026-09-11T08:23:24.712018Z,91.0,102.312,100,1,read,0.0,3450.2,100,0.0,0.0,0.0,0.0,,,
2026-09-11T08:23:24.712018Z,91.0,102.312,100,1,update,0.0,866.9,100,0.0,0.0,0.0,0.0,,,
2026-09-11T08:23:24.712018Z,92.0,103.503,100,1,read,0.0,3412.7,100,0.0,0.0,0.0,0.0,,,
2026-09-11T08:23:24.712018Z,92.0,103.503,100,1,update,0.0,857.5,100,0.0,0.0,0.0,0.0,,,
2026-09-11T08:23:24.712018Z,93.0,104.347,100,1,read,0.0,3376.0,100,0.0,0.0,0.0,0.0,,,
2026-09-11T08:23:24.712018Z,93.0,104.347,100,1,update,0.0,848.3,100,0.0,0.0,0.0,0.0,,,
2026-09-11T08:23:24.712018Z,94.0,105.316,100,1,read,0.0,3340.1,100,0.0,0.0,0.0,0.0,,,
2026-09-11T08:23:24.712018Z,94.0,105.316,100,1,update,0.0,839.2,100,0.0,0.0,0.0,0.0,,,
2026-09-11T08:23:24.712018Z,95.0,106.322,100,1,read,0.0,3304.9,100,0.0,0.0,0.0,0.0,,,
2026-09-11T08:23:24.712018Z,95.0,106.322,100,1,update,0.0,830.4,100,0.0,0.0,0.0,0.0,,,
2026-09-11T08:23:24.712018Z,96.0,107.364,100,1,read,0.0,3270.5,100,0.0,0.0,0.0,0.0,,,
2026-09-11T08:23:24.712018Z,96.0,107.364,100,1,update,0.0,821.8,100,0.0,0.0,0.0,0.0,,,
2026-09-11T08:23:24.712018Z,97.0,108.361,100,1,read,0.0,3236.8,100,0.0,0.0,0.0,0.0,,,
2026-09-11T08:23:24.712018Z,97.0,108.361,100,1,update,0.0,813.3,100,0.0,0.0,0.0,0.0,,,
2026-09-11T08:23:24.712018Z,98.0,109.319,100,1,read,0.0,3203.8,100,0.0,0.0,0.0,0.0,,,
2026-09-11T08:23:24.712018Z,98.0,109.319,100,1,update,0.0,805.0,100,0.0,0.0,0.0,0.0,,,
2026-09-11T08:23:24.712018Z,99.0,110.314,100,1,read,0.0,3171.4,100,0.0,0.0,0.0,0.0,,,
2026-09-11T08:23:24.712018Z,99.0,110.314,100,1,update,0.0,796.9,100,0.0,0.0,0.0,0.0,,,
2026-09-11T08:23:24.712018Z,100.0,111.314,100,1,read,0.0,3139.7,100,0.0,0.0,0.0,0.0,,,
2026-09-11T08:23:24.712018Z,100.0,111.314,100,1,update,0.0,788.9,100,0.0,0.0,0.0,0.0,,,
2026-09-11T08:23:24.712018Z,101.0,112.316,100,1,read,0.0,3108.6,100,0.0,0.0,0.0,0.0,,,
2026-09-11T08:23:24.712018Z,101.0,112.316,100,1,update,0.0,781.1,100,0.0,0.0,0.0,0.0,,,
2026-09-11T08:23:24.712018Z,102.0,113.315,100,1,read,0.0,3078.1,100,0.0,0.0,0.0,0.0,,,
2026-09-11T08:23:24.712018Z,102.0,113.315,100,1,update,0.0,773.4,100,0.0,0.0,0.0,0.0,,,
2026-09-11T08:23:24.712018Z,103.0,114.317,100,1,read,0.0,3048.2,100,0.0,0.0,0.0,0.0,,,
2026-09-11T08:23:24.712018Z,103.0,114.317,100,1,update,0.0,765.9,100,0.0,0.0,0.0,0.0,,,
2026-09-11T08:23:24.712018Z,104.0,115.32,100,1,read,0.0,3018.9,100,0.0,0.0,0.0,0.0,,,
2026-09-11T08:23:24.712018Z,104.0,115.32,100,1,update,0.0,758.6,100,0.0,0.0,0.0,0.0,,,
2026-09-11T08:23:24.712018Z,105.0,116.311,100,1,read,0.0,2990.2,100,0.0,0.0,0.0,0.0,,,
2026-09-11T08:23:24.712018Z,105.0,116.311,100,1,update,0.0,751.3,100,0.0,0.0,0.0,0.0,,,
2026-09-11T08:23:24.712018Z,106.0,117.317,100,1,read,0.0,2962.0,100,0.0,0.0,0.0,0.0,,,
2026-09-11T08:23:24.712018Z,106.0,117.317,100,1,update,0.0,744.2,100,0.0,0.0,0.0,0.0,,,
2026-09-11T08:23:24.712018Z,107.0,118.317,100,1,read,0.0,2934.3,100,0.0,0.0,0.0,0.0,,,
2026-09-11T08:23:24.712018Z,107.0,118.317,100,1,update,0.0,737.3,100,0.0,0.0,0.0,0.0,,,
2026-09-11T08:23:24.712018Z,108.0,119.324,100,1,read,0.0,2907.1,100,0.0,0.0,0.0,0.0,,,
2026-09-11T08:23:24.712018Z,108.0,119.324,100,1,update,0.0,730.5,100,0.0,0.0,0.0,0.0,,,
2026-09-11T08:23:24.712018Z,109.0,120.316,100,1,read,0.0,2880.4,100,0.0,0.0,0.0,0.0,,,
2026-09-11T08:23:24.712018Z,109.0,120.316,100,1,update,0.0,723.8,100,0.0,0.0,0.0,0.0,,,
2026-09-11T08:23:24.712018Z,110.0,121.351,100,1,read,0.0,2854.3,100,0.0,0.0,0.0,0.0,,,
2026-09-11T08:23:24.712018Z,110.0,121.351,100,1,update,0.0,717.2,100,0.0,0.0,0.0,0.0,,,
2026-09-11T08:23:24.712018Z,111.0,122.406,100,1,read,0.0,2828.6,100,0.0,0.0,0.0,0.0,,,
2026-09-11T08:23:24.712018Z,111.0,122.406,100,1,update,0.0,710.7,100,0.0,0.0,0.0,0.0,,,
2026-09-11T08:23:24.712018Z,112.0,123.312,100,1,read,0.0,2803.3,100,0.0,0.0,0.0,0.0,,,
2026-09-11T08:23:24.712018Z,112.0,123.312,100,1,update,0.0,704.4,100,0.0,0.0,0.0,0.0,,,
2026-09-11T08:23:24.712018Z,113.0,124.314,100,1,read,0.0,2778.5,100,0.0,0.0,0.0,0.0,,,
2026-09-11T08:23:24.712018Z,113.0,124.314,100,1,update,0.0,698.1,100,0.0,0.0,0.0,0.0,,,
2026-09-11T08:23:24.712018Z,114.0,125.316,100,1,read,0.0,2754.1,100,0.0,0.0,0.0,0.0,,,
2026-09-11T08:23:24.712018Z,114.0,125.316,100,1,update,0.0,692.0,100,0.0,0.0,0.0,0.0,,,
2026-09-11T08:23:24.712018Z,115.0,126.313,100,1,read,1.0,2730.2,100,79.7,79.7,79.7,79.7,,,
2026-09-11T08:23:24.712018Z,115.0,126.313,100,1,update,0.0,686.0,100,0.0,0.0,0.0,0.0,,,
2026-09-11T08:23:24.712018Z,116.0,127.315,100,1,read,33.0,2706.9,100,71.3,75.5,75.5,75.5,,,
2026-09-11T08:23:24.712018Z,116.0,127.315,100,1,update,4.0,680.1,100,226.5,234.9,234.9,234.9,,,
2026-09-11T08:23:24.712018Z,117.0,128.315,100,1,read,63.9,2684.3,100,71.3,75.5,75.5,75.5,,,
2026-09-11T08:23:24.712018Z,117.0,128.315,100,1,update,15.0,674.4,100,226.5,226.5,226.5,226.5,,,
2026-09-11T08:23:24.712018Z,118.0,129.313,100,1,read,93.1,2662.4,100,71.3,75.5,75.5,75.5,,,
2026-09-11T08:23:24.712018Z,118.0,129.313,100,1,update,26.0,668.9,100,226.5,226.5,234.9,234.9,,,
2026-09-11T08:23:24.712018Z,119.0,130.315,100,1,read,139.0,2641.2,100,71.3,71.3,71.3,75.5,,,
2026-09-11T08:23:24.712018Z,119.0,130.315,100,1,update,36.0,663.6,100,226.5,226.5,226.5,226.5,,,
2026-09-11T08:23:24.712018Z,120.0,131.316,100,1,read,165.0,2620.5,100,71.3,71.3,75.5,75.5,,,
2026-09-11T08:23:24.712018Z,120.0,131.316,100,1,update,44.0,658.5,100,226.5,226.5,234.9,234.9,,,
2026-09-11T08:23:24.712018Z,121.0,132.315,100,1,read,215.1,2600.7,100,71.3,71.3,75.5,75.5,,,
2026-09-11T08:23:24.712018Z,121.0,132.315,100,1,update,54.0,653.5,100,226.5,226.5,226.5,234.9,,,
2026-09-11T08:23:24.712018Z,122.0,133.312,100,1,read,227.0,2581.2,100,71.3,71.3,71.3,75.5,,,
2026-09-11T08:23:24.712018Z,122.0,133.312,100,1,update,68.0,648.7,100,226.5,318.8,335.5,352.3,,,
2026-09-11T08:23:24.712018Z,123.0,134.313,100,1,read,293.0,2562.6,100,71.3,71.3,71.3,75.5,,,
2026-09-11T08:23:24.712018Z,123.0,134.313,100,1,update,69.0,643.9,100,226.5,226.5,234.9,234.9,,,
2026-09-11T08:23:24.712018Z,124.0,135.312,100,1,read,329.1,2544.6,100,71.3,71.3,75.5,75.5,,,
2026-09-11T08:23:24.712018Z,124.0,135.312,100,1,update,80.0,639.4,100,226.5,226.5,226.5,226.5,,,
2026-09-11T08:23:24.712018Z,125.0,136.313,100,1,read,359.9,2527.1,100,71.3,71.3,71.3,75.5,,,
2026-09-11T08:23:24.712018Z,125.0,136.313,100,1,update,91.0,635.0,100,226.5,226.5,234.9,234.9,,,
2026-09-11T08:23:24.712018Z,126.0,137.314,100,1,read,365.1,2509.9,100,71.3,71.3,75.5,75.5,,,
2026-09-11T08:23:24.712018Z,126.0,137.314,100,1,update,103.0,630.8,100,226.5,226.5,226.5,234.9,,,
2026-09-11T08:23:24.712018Z,127.0,138.316,100,1,read,437.9,2493.6,100,71.3,71.3,71.3,75.5,,,
2026-09-11T08:23:24.712018Z,127.0,138.316,100,1,update,112.0,626.7,100,226.5,226.5,226.5,226.5,,,
2026-09-11T08:23:24.712018Z,128.0,139.325,100,1,read,427.0,2477.5,100,71.3,71.3,75.5,75.5,,,
2026-09-11T08:23:24.712018Z,128.0,139.325,100,1,update,129.0,622.8,100,226.5,260.0,318.8,318.8,,,
2026-09-11T08:23:24.712018Z,129.0,140.314,100,1,read,479.8,2462.0,100,71.3,71.3,71.3,369.1,,,
2026-09-11T08:23:24.712018Z,129.0,140.314,100,1,update,136.9,619.0,100,226.5,226.5,234.9,234.9,,,
2026-09-11T08:23:24.712018Z,130.0,141.313,100,1,read,547.0,2447.3,100,71.3,71.3,75.5,75.5,,,
2026-09-11T08:23:24.712018Z,130.0,141.313,100,1,update,134.0,615.3,100,226.5,226.5,234.9,234.9,,,
2026-09-11T08:23:24.712018Z,131.0,142.312,100,1,read,620.6,2433.3,100,71.3,71.3,71.3,75.5,,,
2026-09-11T08:23:24.712018Z,131.0,142.312,100,1,update,135.1,611.7,100,226.5,234.9,234.9,234.9,,,
2026-09-11T08:23:24.712018Z,132.0,143.314,100,1,read,617.5,2419.6,100,71.3,71.3,71.3,385.9,,,
2026-09-11T08:23:24.712018Z,132.0,143.314,100,1,update,148.9,608.1,100,226.5,243.3,285.2,302.0,,,
2026-09-11T08:23:24.712018Z,133.0,144.317,100,1,read,668.4,2406.4,100,71.3,71.3,71.3,75.5,,,
2026-09-11T08:23:24.712018Z,133.0,144.317,100,1,update,168.1,604.8,100,226.5,226.5,234.9,234.9,,,
2026-09-11T08:23:24.712018Z,134.0,145.34,100,1,read,721.5,2393.8,100,71.3,71.3,75.5,79.7,,,
2026-09-11T08:23:24.712018Z,134.0,145.34,100,1,update,165.9,601.6,100,226.5,226.5,234.9,234.9,,,
2026-09-11T08:23:24.712018Z,135.0,146.317,100,1,read,763.2,2381.7,100,71.3,71.3,75.5,369.1,,,
2026-09-11T08:23:24.712018Z,135.0,146.317,100,1,update,167.0,598.3,100,226.5,226.5,234.9,234.9,,,
2026-09-11T08:23:24.712018Z,136.0,147.312,100,1,read,741.4,2369.7,100,71.3,75.5,79.7,369.1,,,
2026-09-11T08:23:24.712018Z,136.0,147.312,100,1,update,194.1,595.4,100,226.5,285.2,335.5,520.1,,,
2026-09-11T08:23:24.712018Z,137.0,148.317,100,1,read,800.7,2358.2,100,71.3,71.3,71.3,75.5,,,
2026-09-11T08:23:24.712018Z,137.0,148.317,100,1,update,203.9,592.5,100,226.5,234.9,234.9,243.3,,,
2026-09-11T08:23:24.712018Z,138.0,149.316,100,1,read,801.2,2347.0,100,71.3,79.7,88.1,88.1,,,
2026-09-11T08:23:24.712018Z,138.0,149.316,100,1,update,171.0,589.5,100,226.5,234.9,234.9,243.3,,,
2026-09-11T08:23:24.712018Z,139.0,150.312,100,1,read,745.7,2335.4,100,71.3,83.9,88.1,88.1,,,
2026-09-11T08:23:24.712018Z,139.0,150.312,100,1,update,220.9,586.8,100,226.5,302.0,352.3,369.1,,,
2026-09-11T08:23:24.712018Z,140.0,151.313,100,1,read,738.4,2324.0,100,71.3,83.9,88.1,92.3,,,
2026-09-11T08:23:24.712018Z,140.0,151.313,100,1,update,203.1,584.1,100,226.5,243.3,243.3,251.7,,,
2026-09-11T08:23:24.712018Z,141.0,152.317,100,1,read,776.7,2313.0,100,71.3,83.9,88.1,92.3,,,
2026-09-11T08:23:24.712018Z,141.0,152.317,100,1,update,182.9,581.2,100,234.9,318.8,352.3,352.3,,,
2026-09-11T08:23:24.712018Z,142.0,153.313,100,1,read,780.7,2302.3,100,71.3,79.7,83.9,88.1,,,
2026-09-11T08:23:24.712018Z,142.0,153.313,100,1,update,193.9,578.5,100,226.5,243.3,243.3,251.7,,,
2026-09-11T08:23:24.712018Z,143.0,154.322,100,1,read,805.1,2291.8,100,71.3,79.7,83.9,83.9,,,
2026-09-11T08:23:24.712018Z,143.0,154.322,100,1,update,192.0,575.8,100,226.5,234.9,243.3,243.3,,,
2026-09-11T08:23:24.712018Z,144.0,155.314,100,1,read,814.4,2281.5,100,71.3,75.5,75.5,83.9,,,
2026-09-11T08:23:24.712018Z,144.0,155.314,100,1,update,179.1,573.0,100,226.5,285.2,285.2,318.8,,,
2026-09-11T08:23:24.712018Z,145.0,156.317,100,1,read,739.9,2270.9,100,71.3,75.5,79.7,79.7,,,
2026-09-11T08:23:24.712018Z,145.0,156.317,100,1,update,215.0,570.6,100,226.5,234.9,234.9,243.3,,,
2026-09-11T08:23:24.712018Z,146.0,157.313,100,1,read,783.3,2260.7,100,71.3,75.5,83.9,88.1,,,
2026-09-11T08:23:24.712018Z,146.0,157.313,100,1,update,204.1,568.1,100,226.5,234.9,234.9,234.9,,,
2026-09-11T08:23:24.712018Z,147.0,158.317,100,1,read,811.3,2250.8,100,71.3,79.7,79.7,83.9,,,
2026-09-11T08:23:24.712018Z,147.0,158.317,100,1,update,182.9,565.4,100,226.5,285.2,352.3,352.3,,,
2026-09-11T08:23:24.712018Z,148.0,159.313,100,1,read,773.5,2240.9,100,71.3,71.3,75.5,75.5,,,
2026-09-11T08:23:24.712018Z,148.0,159.313,100,1,update,199.1,563.0,100,226.5,234.9,234.9,243.3,,,
2026-09-11T08:23:24.712018Z,149.0,160.313,100,1,read,780.9,2231.1,100,71.3,75.5,75.5,79.7,,,
2026-09-11T08:23:24.712018Z,149.0,160.313,100,1,update,201.0,560.5,100,226.5,234.9,234.9,234.9,,,
2026-09-11T08:23:24.712018Z,150.0,161.317,100,1,read,742.0,2221.1,100,71.3,75.5,75.5,79.7,,,
2026-09-11T08:23:24.712018Z,150.0,161.317,100,1,update,218.0,558.3,100,226.5,226.5,234.9,234.9,,,
2026-09-11T08:23:24.712018Z,151.0,162.313,100,1,read,788.1,2211.7,100,71.3,75.5,75.5,79.7,,,
2026-09-11T08:23:24.712018Z,151.0,162.313,100,1,update,196.0,555.9,100,226.5,318.8,335.5,352.3,,,
2026-09-11T08:23:24.712018Z,152.0,163.316,100,1,read,750.1,2202.0,100,71.3,75.5,75.5,79.7,,,
2026-09-11T08:23:24.712018Z,152.0,163.316,100,1,update,210.0,553.6,100,226.5,234.9,234.9,234.9,,,
2026-09-11T08:23:24.712018Z,153.0,164.318,100,1,read,778.7,2192.7,100,71.3,71.3,75.5,79.7,,,
2026-09-11T08:23:24.712018Z,153.0,164.318,100,1,update,208.9,551.3,100,226.5,226.5,234.9,234.9,,,
2026-09-11T08:23:24.712018Z,154.0,165.313,100,1,read,793.1,2183.6,100,71.3,71.3,75.5,75.5,,,
2026-09-11T08:23:24.712018Z,154.0,165.313,100,1,update,189.0,549.0,100,226.5,302.0,318.8,352.3,,,
2026-09-11T08:23:24.712018Z,155.0,166.314,100,1,read,779.5,2174.6,100,71.3,71.3,75.5,75.5,,,
2026-09-11T08:23:24.712018Z,155.0,166.314,100,1,update,202.9,546.7,100,226.5,226.5,234.9,234.9,,,
2026-09-11T08:23:24.712018Z,156.0,167.401,100,1,read,840.8,2166.0,100,71.3,71.3,71.3,71.3,,,
2026-09-11T08:23:24.712018Z,156.0,167.401,100,1,update,187.2,544.4,100,226.5,226.5,234.9,234.9,,,
2026-09-11T08:23:24.712018Z,157.0,168.316,100,1,read,778.4,2157.2,100,71.3,71.3,75.5,75.5,,,
2026-09-11T08:23:24.712018Z,157.0,168.316,100,1,update,183.8,542.1,100,226.5,226.5,234.9,234.9,,,
2026-09-11T08:23:24.712018Z,158.0,169.313,100,1,read,749.1,2148.3,100,71.3,75.5,79.7,369.1,,,
2026-09-11T08:23:24.712018Z,158.0,169.313,100,1,update,225.0,540.1,100,226.5,318.8,352.3,369.1,,,
2026-09-11T08:23:24.712018Z,159.0,170.317,100,1,read,772.3,2139.6,100,71.3,71.3,75.5,79.7,,,
2026-09-11T08:23:24.712018Z,159.0,170.317,100,1,update,210.1,538.1,100,226.5,226.5,234.9,234.9,,,
2026-09-11T08:23:24.712018Z,160.0,171.316,100,1,read,780.2,2131.1,100,71.3,71.3,75.5,75.5,,,
2026-09-11T08:23:24.712018Z,160.0,171.316,100,1,update,200.1,535.9,100,226.5,226.5,234.9,234.9,,,
2026-09-11T08:23:24.712018Z,161.0,172.315,100,1,read,784.0,2122.8,100,71.3,75.5,75.5,79.7,,,
2026-09-11T08:23:24.712018Z,161.0,172.315,100,1,update,195.0,533.8,100,226.5,302.0,335.5,335.5,,,
2026-09-11T08:23:24.712018Z,162.0,173.319,100,1,read,757.1,2114.3,100,71.3,71.3,75.5,369.1,,,
2026-09-11T08:23:24.712018Z,162.0,173.319,100,1,update,208.0,531.8,100,226.5,234.9,234.9,234.9,,,
2026-09-11T08:23:24.712018Z,163.0,174.329,100,1,read,731.8,2105.9,100,71.3,75.5,79.7,79.7,,,
2026-09-11T08:23:24.712018Z,163.0,174.329,100,1,update,220.9,529.9,100,226.5,226.5,234.9,234.9,,,
2026-09-11T08:23:24.712018Z,164.0,175.316,100,1,read,815.1,2098.0,100,71.3,75.5,75.5,75.5,,,
2026-09-11T08:23:24.712018Z,164.0,175.316,100,1,update,196.0,527.9,100,226.5,285.2,302.0,318.8,,,
2026-09-11T08:23:24.712018Z,165.0,176.319,100,1,read,764.0,2089.9,100,71.3,75.5,75.5,83.9,,,
2026-09-11T08:23:24.712018Z,165.0,176.319,100,1,update,197.0,525.9,100,226.5,234.9,234.9,234.9,,,
2026-09-11T08:23:24.712018Z,166.0,177.313,100,1,read,764.6,2081.9,100,71.3,71.3,75.5,369.1,,,
2026-09-11T08:23:24.712018Z,166.0,177.313,100,1,update,212.9,524.0,100,226.5,226.5,234.9,243.3,,,
2026-09-11T08:23:24.712018Z,167.0,178.314,100,1,read,770.3,2074.1,100,71.3,71.3,75.5,79.7,,,
2026-09-11T08:23:24.712018Z,167.0,178.314,100,1,update,203.1,522.1,100,226.5,226.5,234.9,234.9,,,
2026-09-11T08:23:24.712018Z,168.0,179.316,100,1,read,761.6,2066.2,100,71.3,75.5,79.7,385.9,,,
2026-09-11T08:23:24.712018Z,168.0,179.316,100,1,update,200.9,520.1,100,226.5,335.5,352.3,369.1,,,
2026-09-11T08:23:24.712018Z,169.0,180.317,100,1,read,820.9,2058.9,100,71.3,71.3,71.3,75.5,,,
2026-09-11T08:23:24.712018Z,169.0,180.317,100,1,update,192.0,518.2,100,226.5,226.5,234.9,234.9,,,
2026-09-11T08:23:24.712018Z,170.0,181.312,100,1,read,802.8,2051.5,100,71.3,75.5,75.5,83.9,,,
2026-09-11T08:23:24.712018Z,170.0,181.312,100,1,update,195.2,516.3,100,226.5,234.9,234.9,234.9,,,
2026-09-11T08:23:24.712018Z,171.0,182.317,100,1,read,762.8,2044.0,100,71.3,75.5,75.5,79.7,,,
2026-09-11T08:23:24.712018Z,171.0,182.317,100,1,update,214.0,514.5,100,226.5,302.0,335.5,352.3,,,
2026-09-11T08:23:24.712018Z,172.0,183.313,100,1,read,859.9,2037.1,100,71.3,71.3,75.5,75.5,,,
2026-09-11T08:23:24.712018Z,172.0,183.313,100,1,update,169.0,512.5,100,226.5,234.9,234.9,234.9,,,
2026-09-11T08:23:24.712018Z,173.0,184.317,100,1,read,772.8,2029.8,100,71.3,71.3,71.3,385.9,,,
2026-09-11T08:23:24.712018Z,173.0,184.317,100,1,update,206.9,510.8,100,226.5,226.5,234.9,234.9,,,
2026-09-11T08:23:24.712018Z,174.0,185.313,100,1,read,800.5,2022.7,100,71.3,71.3,71.3,75.5,,,
2026-09-11T08:23:24.712018Z,174.0,185.313,100,1,update,201.1,509.0,100,226.5,226.5,234.9,234.9,,,
2026-09-11T08:23:24.712018Z,175.0,186.317,100,1,read,794.4,2015.7,100,71.3,71.3,75.5,79.7,,,
2026-09-11T08:23:24.712018Z,175.0,186.317,100,1,update,194.9,507.2,100,226.5,226.5,234.9,234.9,,,
2026-09-11T08:23:24.712018Z,176.0,187.314,100,1,read,779.0,2008.7,100,71.3,71.3,75.5,79.7,,,
2026-09-11T08:23:24.712018Z,176.0,187.314,100,1,update,209.0,505.5,100,226.5,234.9,234.9,234.9,,,
2026-09-11T08:23:24.712018Z,177.0,188.314,100,1,read,767.1,2001.6,100,71.3,71.3,75.5,79.7,,,
2026-09-11T08:23:24.712018Z,177.0,188.314,100,1,update,205.0,503.8,100,226.5,234.9,234.9,234.9,,,
2026-09-11T08:23:24.712018Z,178.0,189.313,100,1,read,759.4,1994.7,100,71.3,71.3,71.3,75.5,,,
2026-09-11T08:23:24.712018Z,178.0,189.313,100,1,update,212.1,502.2,100,226.5,226.5,234.9,234.9,,,
2026-09-11T08:23:24.712018Z,179.0,190.324,100,1,read,824.6,1988.1,100,71.3,71.3,79.7,79.7,,,
2026-09-11T08:23:24.712018Z,179.0,190.324,100,1,update,195.9,500.4,100,226.5,226.5,234.9,234.9,,,
2026-09-11T08:23:24.712018Z,180.0,191.317,100,1,read,767.5,1981.3,100,71.3,71.3,75.5,79.7,,,
2026-09-11T08:23:24.712018Z,180.0,191.317,100,1,update,207.9,498.8,100,226.5,234.9,243.3,243.3,,,
2026-09-11T08:23:24.712018Z,181.0,192.312,100,1,read,788.5,1974.8,100,71.3,71.3,75.5,79.7,,,
2026-09-11T08:23:24.712018Z,181.0,192.312,100,1,update,198.1,497.2,100,226.5,234.9,234.9,234.9,,,
2026-09-11T08:23:24.712018Z,182.0,193.315,100,1,read,733.2,1967.9,100,71.3,71.3,79.7,88.1,,,
2026-09-11T08:23:24.712018Z,182.0,193.315,100,1,update,221.0,495.6,100,226.5,234.9,243.3,251.7,,,
2026-09-11T08:23:24.712018Z,183.0,194.328,100,1,read,746.7,1961.3,100,71.3,71.3,79.7,79.7,,,
2026-09-11T08:23:24.712018Z,183.0,194.328,100,1,update,215.9,494.1,100,226.5,226.5,234.9,234.9,,,
2026-09-11T08:23:24.712018Z,184.0,195.312,100,1,read,796.1,1954.9,100,71.3,71.3,75.5,79.7,,,
2026-09-11T08:23:24.712018Z,184.0,195.312,100,1,update,197.0,492.5,100,226.5,234.9,234.9,234.9,,,
2026-09-11T08:23:24.712018Z,185.0,196.322,100,1,read,811.3,1948.7,100,71.3,75.5,79.7,96.5,,,
2026-09-11T08:23:24.712018Z,185.0,196.322,100,1,update,191.1,490.9,100,226.5,243.3,260.0,268.4,,,
2026-09-11T08:23:24.712018Z,186.0,197.319,100,1,read,794.0,1942.5,100,71.3,71.3,75.5,369.1,,,
2026-09-11T08:23:24.712018Z,186.0,197.319,100,1,update,189.0,489.2,100,226.5,226.5,234.9,520.1,,,
2026-09-11T08:23:24.712018Z,187.0,198.318,100,1,read,847.6,1936.7,100,71.3,71.3,83.9,88.1,,,
2026-09-11T08:23:24.712018Z,187.0,198.318,100,1,update,191.9,487.7,100,226.5,234.9,243.3,243.3,,,
2026-09-11T08:23:24.712018Z,188.0,199.319,100,1,read,788.6,1930.6,100,71.3,71.3,75.5,75.5,,,
2026-09-11T08:23:24.712018Z,188.0,199.319,100,1,update,195.9,486.1,100,226.5,234.9,234.9,234.9,,,
2026-09-11T08:23:24.712018Z,189.0,200.319,100,1,read,740.7,1924.3,100,71.3,75.5,88.1,96.5,,,
2026-09-11T08:23:24.712018Z,189.0,200.319,100,1,update,196.2,484.6,100,226.5,369.1,402.7,402.7,,,
2026-09-11T08:23:24.712018Z,190.0,201.315,100,1,read,779.4,1918.2,100,71.3,71.3,75.5,75.5,,,
2026-09-11T08:23:24.712018Z,190.0,201.315,100,1,update,206.8,483.1,100,226.5,226.5,234.9,234.9,,,
2026-09-11T08:23:24.712018Z,191.0,202.314,100,1,read,800.6,1912.4,100,71.3,71.3,71.3,75.5,,,
2026-09-11T08:23:24.712018Z,191.0,202.314,100,1,update,198.1,481.6,100,226.5,226.5,234.9,243.3,,,
2026-09-11T08:23:24.712018Z,192.0,203.315,100,1,read,855.1,1906.9,100,71.3,75.5,79.7,92.3,,,
2026-09-11T08:23:24.712018Z,192.0,203.315,100,1,update,179.0,480.0,100,226.5,234.9,243.3,251.7,,,
2026-09-11T08:23:24.712018Z,193.0,204.314,100,1,read,783.9,1901.1,100,71.3,75.5,75.5,75.5,,,
2026-09-11T08:23:24.712018Z,193.0,204.314,100,1,update,195.0,478.6,100,226.5,318.8,369.1,369.1,,,
2026-09-11T08:23:24.712018Z,194.0,205.314,100,1,read,823.1,1895.5,100,71.3,71.3,75.5,79.7,,,
2026-09-11T08:23:24.712018Z,194.0,205.314,100,1,update,187.0,477.1,100,226.5,234.9,234.9,503.3,,,
2026-09-11T08:23:24.712018Z,195.0,206.313,100,1,read,811.8,1890.0,100,71.3,75.5,79.7,79.7,,,
2026-09-11T08:23:24.712018Z,195.0,206.313,100,1,update,198.9,475.6,100,226.5,234.9,234.9,243.3,,,
2026-09-11T08:23:24.712018Z,196.0,207.312,100,1,read,797.4,1884.4,100,71.3,75.5,75.5,79.7,,,
2026-09-11T08:23:24.712018Z,196.0,207.312,100,1,update,187.1,474.2,100,226.5,352.3,369.1,369.1,,,
2026-09-11T08:23:24.712018Z,197.0,208.316,100,1,read,735.8,1878.6,100,71.3,71.3,75.5,79.7,,,
2026-09-11T08:23:24.712018Z,197.0,208.316,100,1,update,209.0,472.8,100,226.5,234.9,234.9,234.9,,,
2026-09-11T08:23:24.712018Z,198.0,209.314,100,1,read,827.7,1873.2,100,71.3,71.3,75.5,75.5,,,
2026-09-11T08:23:24.712018Z,198.0,209.314,100,1,update,191.9,471.4,100,226.5,226.5,234.9,234.9,,,
2026-09-11T08:23:24.712018Z,199.0,210.326,100,1,read,792.3,1867.8,100,71.3,71.3,75.5,75.5,,,
2026-09-11T08:23:24.712018Z,199.0,210.326,100,1,update,195.1,470.0,100,226.5,234.9,234.9,243.3,,,
2026-09-11T08:23:24.712018Z,200.0,211.318,100,1,read,817.9,1862.6,100,71.3,75.5,75.5,79.7,,,
2026-09-11T08:23:24.712018Z,200.0,211.318,100,1,update,191.0,468.6,100,226.5,268.4,369.1,385.9,,,
2026-09-11T08:23:24.712018Z,201.0,212.317,100,1,read,779.9,1857.2,100,71.3,71.3,75.5,79.7,,,
2026-09-11T08:23:24.712018Z,201.0,212.317,100,1,update,207.0,467.3,100,226.5,234.9,234.9,234.9,,,
2026-09-11T08:23:24.712018Z,202.0,213.313,100,1,read,801.3,1852.0,100,71.3,71.3,75.5,75.5,,,
2026-09-11T08:23:24.712018Z,202.0,213.313,100,1,update,187.1,465.9,100,226.5,234.9,268.4,285.2,,,
2026-09-11T08:23:24.712018Z,203.0,214.314,100,1,read,738.7,1846.5,100,71.3,75.5,75.5,79.7,,,
2026-09-11T08:23:24.712018Z,203.0,214.314,100,1,update,210.9,464.7,100,226.5,318.8,352.3,352.3,,,
2026-09-11T08:23:24.712018Z,204.0,215.312,100,1,read,814.4,1841.4,100,71.3,71.3,75.5,79.7,,,
2026-09-11T08:23:24.712018Z,204.0,215.312,100,1,update,191.9,463.3,100,226.5,234.9,243.3,251.7,,,
2026-09-11T08:23:24.712018Z,205.0,216.331,100,1,read,807.2,1836.4,100,71.3,71.3,75.5,75.5,,,
2026-09-11T08:23:24.712018Z,205.0,216.331,100,1,update,199.1,462.0,100,226.5,234.9,234.9,234.9,,,
2026-09-11T08:23:24.712018Z,206.0,217.319,100,1,read,739.9,1831.0,100,71.3,71.3,75.5,79.7,,,
2026-09-11T08:23:24.712018Z,206.0,217.319,100,1,update,211.0,460.8,100,226.5,226.5,234.9,234.9,,,
2026-09-11T08:23:24.712018Z,207.0,218.315,100,1,read,752.0,1825.8,100,71.3,75.5,88.1,369.1,,,
2026-09-11T08:23:24.712018Z,207.0,218.315,100,1,update,204.0,459.6,100,226.5,369.1,402.7,402.7,,,
2026-09-11T08:23:24.712018Z,208.0,219.319,100,1,read,802.9,1820.9,100,71.3,71.3,75.5,75.5,,,
2026-09-11T08:23:24.712018Z,208.0,219.319,100,1,update,198.0,458.3,100,226.5,226.5,234.9,234.9,,,
2026-09-11T08:23:24.712018Z,209.0,220.322,100,1,read,779.4,1815.9,100,71.3,71.3,79.7,83.9,,,
2026-09-11T08:23:24.712018Z,209.0,220.322,100,1,update,202.1,457.1,100,226.5,234.9,234.9,243.3,,,
2026-09-11T08:23:24.712018Z,210.0,221.319,100,1,read,808.4,1811.1,100,71.3,71.3,75.5,79.7,,,
2026-09-11T08:23:24.712018Z,210.0,221.319,100,1,update,194.1,455.8,100,226.5,234.9,234.9,234.9,,,
2026-09-11T08:23:24.712018Z,211.0,222.314,100,1,read,798.8,1806.3,100,71.3,71.3,75.5,352.3,,,
2026-09-11T08:23:24.712018Z,211.0,222.314,100,1,update,183.0,454.6,100,226.5,335.5,369.1,385.9,,,
2026-09-11T08:23:24.712018Z,212.0,223.316,100,1,read,823.5,1801.7,100,71.3,71.3,75.5,75.5,,,
2026-09-11T08:23:24.712018Z,212.0,223.316,100,1,update,190.9,453.3,100,226.5,226.5,234.9,234.9,,,
2026-09-11T08:23:24.712018Z,213.0,224.318,100,1,read,814.5,1797.1,100,71.3,71.3,75.5,83.9,,,
2026-09-11T08:23:24.712018Z,213.0,224.318,100,1,update,192.1,452.1,100,226.5,234.9,260.0,260.0,,,
2026-09-11T08:23:24.712018Z,214.0,225.317,100,1,read,785.1,1792.3,100,71.3,75.5,75.5,79.7,,,
2026-09-11T08:23:24.712018Z,214.0,225.317,100,1,update,188.0,450.9,100,226.5,352.3,385.9,402.7,,,
2026-09-11T08:23:24.712018Z,215.0,226.315,100,1,read,806.9,1787.8,100,71.3,75.5,83.9,88.1,,,
2026-09-11T08:23:24.712018Z,215.0,226.315,100,1,update,191.0,449.6,100,226.5,234.9,243.3,243.3,,,
2026-09-11T08:23:24.712018Z,216.0,227.313,100,1,read,768.1,1783.0,100,71.3,75.5,79.7,92.3,,,
2026-09-11T08:23:24.712018Z,216.0,227.313,100,1,update,214.0,448.6,100,226.5,234.9,243.3,243.3,,,
2026-09-11T08:23:24.712018Z,217.0,228.436,100,1,read,794.1,1778.5,100,71.3,71.3,75.5,352.3,,,
2026-09-11T08:23:24.712018Z,217.0,228.436,100,1,update,201.0,447.4,100,226.5,226.5,234.9,234.9,,,
2026-09-11T08:23:24.712018Z,218.0,229.32,100,1,read,804.3,1774.0,100,71.3,71.3,75.5,75.5,,,
2026-09-11T08:23:24.712018Z,218.0,229.32,100,1,update,178.9,446.2,100,226.5,318.8,352.3,385.9,,,
2026-09-11T08:23:24.712018Z,219.0,230.312,100,1,read,809.1,1769.6,100,71.3,75.5,83.9,88.1,,,
2026-09-11T08:23:24.712018Z,219.0,230.312,100,1,update,200.0,445.1,100,226.5,234.9,243.3,243.3,,,
2026-09-11T08:23:24.712018Z,220.0,231.346,100,1,read,789.1,1765.1,100,71.3,71.3,75.5,75.5,,,
2026-09-11T08:23:24.712018Z,220.0,231.346,100,1,update,197.0,443.9,100,226.5,234.9,234.9,234.9,,,
2026-09-11T08:23:24.712018Z,221.0,232.313,100,1,read,711.4,1760.4,100,71.3,113.2,134.2,151.0,,,
2026-09-11T08:23:24.712018Z,221.0,232.313,100,1,update,188.1,442.8,100,234.9,285.2,318.8,318.8,,,
2026-09-11T08:23:24.712018Z,222.0,233.326,100,1,read,784.6,1756.0,100,71.3,75.5,79.7,83.9,,,
2026-09-11T08:23:24.712018Z,222.0,233.326,100,1,update,188.9,441.6,100,226.5,335.5,385.9,385.9,,,
2026-09-11T08:23:24.712018Z,223.0,234.313,100,1,read,797.0,1751.7,100,71.3,71.3,75.5,79.7,,,
2026-09-11T08:23:24.712018Z,223.0,234.313,100,1,update,202.0,440.6,100,226.5,226.5,243.3,243.3,,,
2026-09-11T08:23:24.712018Z,224.0,235.317,100,1,read,776.3,1747.3,100,71.3,71.3,79.7,83.9,,,
2026-09-11T08:23:24.712018Z,224.0,235.317,100,1,update,207.1,439.5,100,226.5,226.5,234.9,234.9,,,
2026-09-11T08:23:24.712018Z,225.0,236.314,100,1,read,782.5,1743.0,100,71.3,75.5,75.5,79.7,,,
2026-09-11T08:23:24.712018Z,225.0,236.314,100,1,update,191.9,438.4,100,226.5,335.5,369.1,369.1,,,
2026-09-11T08:23:24.712018Z,226.0,237.332,100,1,read,785.2,1738.8,100,71.3,71.3,75.5,79.7,,,
2026-09-11T08:23:24.712018Z,226.0,237.332,100,1,update,202.0,437.4,100,226.5,234.9,234.9,234.9,,,
2026-09-11T08:23:24.712018Z,227.0,238.314,100,1,read,746.0,1734.4,100,71.3,71.3,75.5,83.9,,,
2026-09-11T08:23:24.712018Z,227.0,238.314,100,1,update,220.0,436.4,100,226.5,226.5,234.9,234.9,,,
2026-09-11T08:23:24.712018Z,228.0,239.314,100,1,read,818.6,1730.4,100,71.3,71.3,79.7,369.1,,,
2026-09-11T08:23:24.712018Z,228.0,239.314,100,1,update,188.9,435.3,100,226.5,226.5,234.9,234.9,,,
2026-09-11T08:23:24.712018Z,229.0,240.34,100,1,read,806.5,1726.4,100,71.3,75.5,75.5,79.7,,,
2026-09-11T08:23:24.712018Z,229.0,240.34,100,1,update,184.1,434.2,100,226.5,318.8,352.3,369.1,,,
2026-09-11T08:23:24.712018Z,230.0,241.314,100,1,read,797.7,1722.3,100,71.3,71.3,75.5,79.7,,,
2026-09-11T08:23:24.712018Z,230.0,241.314,100,1,update,198.9,433.2,100,226.5,234.9,234.9,234.9,,,
2026-09-11T08:23:24.712018Z,231.0,242.313,100,1,read,790.2,1718.3,100,71.3,71.3,75.5,88.1,,,
2026-09-11T08:23:24.712018Z,231.0,242.313,100,1,update,208.1,432.2,100,226.5,226.5,234.9,243.3,,,
2026-09-11T08:23:24.712018Z,232.0,243.317,100,1,read,790.2,1714.3,100,71.3,71.3,75.5,79.7,,,
2026-09-11T08:23:24.712018Z,232.0,243.317,100,1,update,204.1,431.2,100,226.5,226.5,234.9,234.9,,,
2026-09-11T08:23:24.712018Z,233.0,244.317,100,1,read,803.7,1710.4,100,71.3,75.5,88.1,88.1,,,
2026-09-11T08:23:24.712018Z,233.0,244.317,100,1,update,169.9,430.1,100,226.5,352.3,385.9,402.7,,,
2026-09-11T08:23:24.712018Z,234.0,245.313,100,1,read,842.3,1706.7,100,71.3,71.3,75.5,75.5,,,
2026-09-11T08:23:24.712018Z,234.0,245.313,100,1,update,196.1,429.1,100,226.5,226.5,234.9,234.9,,,
2026-09-11T08:23:24.712018Z,235.0,246.314,100,1,read,794.4,1702.8,100,71.3,71.3,75.5,79.7,,,
2026-09-11T08:23:24.712018Z,235.0,246.314,100,1,update,200.8,428.1,100,226.5,226.5,226.5,234.9,,,
2026-09-11T08:23:24.712018Z,236.0,247.316,100,1,read,769.7,1698.8,100,71.3,71.3,75.5,75.5,,,
2026-09-11T08:23:24.712018Z,236.0,247.316,100,1,update,184.2,427.1,100,226.5,226.5,234.9,234.9,,,
2026-09-11T08:23:24.712018Z,237.0,248.317,100,1,read,765.7,1694.9,100,71.3,71.3,79.7,88.1,,,
2026-09-11T08:23:24.712018Z,237.0,248.317,100,1,update,216.9,426.2,100,226.5,302.0,369.1,369.1,,,
2026-09-11T08:23:24.712018Z,238.0,249.318,100,1,read,772.0,1691.0,100,71.3,71.3,75.5,83.9,,,
2026-09-11T08:23:24.712018Z,238.0,249.318,100,1,update,209.0,425.3,100,226.5,234.9,234.9,243.3,,,
2026-09-11T08:23:24.712018Z,239.0,250.314,100,1,read,844.3,1687.5,100,71.3,71.3,75.5,79.7,,,
2026-09-11T08:23:24.712018Z,239.0,250.314,100,1,update,188.1,424.3,100,226.5,226.5,226.5,234.9,,,
2026-09-11T08:23:24.712018Z,240.0,251.314,100,1,read,785.9,1683.7,100,71.3,75.5,79.7,83.9,,,
2026-09-11T08:23:24.712018Z,240.0,251.314,100,1,update,185.0,423.3,100,226.5,352.3,369.1,385.9,,,
2026-09-11T08:23:24.712018Z,241.0,252.317,100,1,read,802.0,1680.1,100,71.3,75.5,79.7,79.7,,,
2026-09-11T08:23:24.712018Z,241.0,252.317,100,1,update,199.0,422.4,100,226.5,234.9,234.9,234.9,,,
2026-09-11T08:23:24.712018Z,242.0,253.313,100,1,read,780.5,1676.4,100,71.3,71.3,71.3,75.5,,,
2026-09-11T08:23:24.712018Z,242.0,253.313,100,1,update,204.9,421.5,100,226.5,226.5,234.9,234.9,,,
2026-09-11T08:23:24.712018Z,243.0,254.32,100,1,read,756.9,1672.6,100,71.3,71.3,75.5,75.5,,,
2026-09-11T08:23:24.712018Z,243.0,254.32,100,1,update,197.0,420.6,100,226.5,318.8,352.3,369.1,,,
2026-09-11T08:23:24.712018Z,244.0,255.316,100,1,read,754.1,1668.8,100,71.3,71.3,75.5,75.5,,,
2026-09-11T08:23:24.712018Z,244.0,255.316,100,1,update,211.0,419.7,100,226.5,234.9,234.9,234.9,,,
2026-09-11T08:23:24.712018Z,245.0,256.317,100,1,read,767.0,1665.1,100,71.3,75.5,75.5,369.1,,,
2026-09-11T08:23:24.712018Z,245.0,256.317,100,1,update,208.0,418.8,100,226.5,234.9,243.3,520.1,,,
2026-09-11T08:23:24.712018Z,246.0,257.313,100,1,read,790.6,1661.6,100,71.3,71.3,75.5,369.1,,,
2026-09-11T08:23:24.712018Z,246.0,257.313,100,1,update,193.2,417.9,100,226.5,226.5,234.9,520.1,,,
2026-09-11T08:23:24.712018Z,247.0,258.313,100,1,read,767.1,1658.0,100,71.3,75.5,79.7,83.9,,,
2026-09-11T08:23:24.712018Z,247.0,258.313,100,1,update,195.0,417.0,100,226.5,385.9,402.7,419.4,,,
2026-09-11T08:23:24.712018Z,248.0,259.316,100,1,read,722.8,1654.2,100,71.3,71.3,75.5,75.5,,,
2026-09-11T08:23:24.712018Z,248.0,259.316,100,1,update,222.9,416.2,100,226.5,226.5,234.9,234.9,,,
2026-09-11T08:23:24.712018Z,249.0,260.314,100,1,read,809.1,1650.8,100,71.3,71.3,75.5,79.7,,,
2026-09-11T08:23:24.712018Z,249.0,260.314,100,1,update,196.0,415.4,100,226.5,226.5,234.9,234.9,,,
2026-09-11T08:23:24.712018Z,250.0,261.314,100,1,read,762.5,1647.2,100,71.3,75.5,79.7,79.7,,,
2026-09-11T08:23:24.712018Z,250.0,261.314,100,1,update,196.9,414.5,100,226.5,335.5,369.1,369.1,,,
2026-09-11T08:23:24.712018Z,251.0,262.319,100,1,read,798.6,1643.9,100,71.3,71.3,71.3,71.3,,,
2026-09-11T08:23:24.712018Z,251.0,262.319,100,1,update,201.2,413.6,100,226.5,226.5,226.5,234.9,,,
2026-09-11T08:23:24.712018Z,252.0,263.317,100,1,read,792.8,1640.5,100,71.3,71.3,71.3,352.3,,,
2026-09-11T08:23:24.712018Z,252.0,263.317,100,1,update,204.9,412.8,100,226.5,226.5,234.9,234.9,,,
2026-09-11T08:23:24.712018Z,253.0,264.322,100,1,read,751.5,1637.0,100,71.3,75.5,75.5,79.7,,,
2026-09-11T08:23:24.712018Z,253.0,264.322,100,1,update,204.9,412.0,100,226.5,318.8,352.3,369.1,,,
2026-09-11T08:23:24.712018Z,254.0,265.325,100,1,read,800.4,1633.7,100,71.3,75.5,75.5,75.5,,,
2026-09-11T08:23:24.712018Z,254.0,265.325,100,1,update,190.1,411.1,100,226.5,234.9,234.9,234.9,,,
2026-09-11T08:23:24.712018Z,255.0,266.32,100,1,read,841.6,1630.6,100,71.3,71.3,75.5,75.5,,,
2026-09-11T08:23:24.712018Z,255.0,266.32,100,1,update,183.9,410.2,100,226.5,226.5,234.9,234.9,,,
2026-09-11T08:23:24.712018Z,256.0,267.321,100,1,read,847.6,1627.5,100,71.3,71.3,79.7,79.7,,,
2026-09-11T08:23:24.712018Z,256.0,267.321,100,1,update,186.1,409.3,100,226.5,234.9,234.9,234.9,,,
2026-09-11T08:23:24.712018Z,257.0,268.326,100,1,read,787.1,1624.2,100,71.3,71.3,75.5,79.7,,,
2026-09-11T08:23:24.712018Z,257.0,268.326,100,1,update,196.0,408.5,100,226.5,285.2,352.3,385.9,,,
2026-09-11T08:23:24.712018Z,258.0,269.321,100,1,read,765.7,1620.9,100,71.3,71.3,71.3,75.5,,,
2026-09-11T08:23:24.712018Z,258.0,269.321,100,1,update,210.9,407.8,100,226.5,226.5,226.5,234.9,,,
2026-09-11T08:23:24.712018Z,259.0,270.321,100,1,read,784.2,1617.7,100,71.3,75.5,75.5,79.7,,,
2026-09-11T08:23:24.712018Z,259.0,270.321,100,1,update,196.1,406.9,100,226.5,226.5,234.9,234.9,,,
2026-09-11T08:23:24.712018Z,260.0,271.32,100,1,read,748.7,1614.3,100,71.3,75.5,75.5,75.5,,,
2026-09-11T08:23:24.712018Z,260.0,271.32,100,1,update,204.9,406.2,100,226.5,352.3,419.4,419.4,,,
2026-09-11T08:23:24.712018Z,261.0,272.326,100,1,read,810.6,1611.3,100,71.3,71.3,75.5,79.7,,,
2026-09-11T08:23:24.712018Z,261.0,272.326,100,1,update,190.9,405.3,100,226.5,226.5,234.9,234.9,,,
2026-09-11T08:23:24.712018Z,262.0,273.316,100,1,read,824.2,1608.2,100,71.3,75.5,75.5,79.7,,,
2026-09-11T08:23:24.712018Z,262.0,273.316,100,1,update,192.0,404.5,100,226.5,226.5,234.9,234.9,,,
2026-09-11T08:23:24.712018Z,263.0,274.32,100,1,read,786.3,1605.1,100,71.3,71.3,75.5,75.5,,,
2026-09-11T08:23:24.712018Z,263.0,274.32,100,1,update,202.1,403.7,100,226.5,226.5,234.9,234.9,,,
2026-09-11T08:23:24.712018Z,264.0,275.314,100,1,read,787.8,1602.0,100,71.3,71.3,75.5,75.5,,,
2026-09-11T08:23:24.712018Z,264.0,275.314,100,1,update,190.0,402.9,100,226.5,369.1,402.7,402.7,,,
2026-09-11T08:23:24.712018Z,265.0,276.313,100,1,read,793.1,1599.0,100,71.3,71.3,75.5,75.5,,,
2026-09-11T08:23:24.712018Z,265.0,276.313,100,1,update,203.0,402.2,100,226.5,226.5,234.9,234.9,,,
2026-09-11T08:23:24.712018Z,266.0,277.315,100,1,read,823.0,1596.1,100,71.3,71.3,71.3,75.5,,,
2026-09-11T08:23:24.712018Z,266.0,277.315,100,1,update,190.0,401.4,100,226.5,234.9,234.9,234.9,,,
2026-09-11T08:23:24.712018Z,267.0,278.315,100,1,read,798.2,1593.1,100,71.3,75.5,83.9,92.3,,,
2026-09-11T08:23:24.712018Z,267.0,278.315,100,1,update,177.0,400.5,100,226.5,369.1,385.9,402.7,,,
2026-09-11T08:23:24.712018Z,268.0,279.313,100,1,read,800.0,1590.1,100,71.3,75.5,75.5,369.1,,,
2026-09-11T08:23:24.712018Z,268.0,279.313,100,1,update,195.0,399.8,100,226.5,234.9,243.3,520.1,,,
2026-09-11T08:23:24.712018Z,269.0,280.321,100,1,read,800.1,1587.2,100,71.3,71.3,75.5,75.5,,,
2026-09-11T08:23:24.712018Z,269.0,280.321,100,1,update,203.0,399.0,100,226.5,234.9,234.9,234.9,,,
2026-09-11T08:23:24.712018Z,270.0,281.337,100,1,read,767.3,1584.1,100,71.3,71.3,75.5,352.3,,,
2026-09-11T08:23:24.712018Z,270.0,281.337,100,1,update,198.8,398.3,100,226.5,234.9,234.9,536.9,,,
2026-09-11T08:23:24.712018Z,271.0,282.318,100,1,read,714.1,1580.9,100,71.3,75.5,75.5,352.3,,,
2026-09-11T08:23:24.712018Z,271.0,282.318,100,1,update,210.0,397.6,100,226.5,335.5,369.1,369.1,,,
2026-09-11T08:23:24.712018Z,272.0,283.316,100,1,read,818.9,1578.1,100,71.3,71.3,71.3,79.7,,,
2026-09-11T08:23:24.712018Z,272.0,283.316,100,1,update,196.0,396.9,100,226.5,226.5,234.9,234.9,,,
2026-09-11T08:23:24.712018Z,273.0,284.317,100,1,read,784.5,1575.2,100,71.3,71.3,71.3,79.7,,,
2026-09-11T08:23:24.712018Z,273.0,284.317,100,1,update,203.1,396.2,100,226.5,226.5,234.9,234.9,,,
2026-09-11T08:23:24.712018Z,274.0,285.32,100,1,read,743.1,1572.2,100,71.3,75.5,75.5,83.9,,,
2026-09-11T08:23:24.712018Z,274.0,285.32,100,1,update,188.0,395.4,100,226.5,369.1,419.4,419.4,,,
2026-09-11T08:23:24.712018Z,275.0,286.313,100,1,read,797.3,1569.4,100,71.3,71.3,75.5,75.5,,,
2026-09-11T08:23:24.712018Z,275.0,286.313,100,1,update,206.8,394.7,100,226.5,234.9,234.9,234.9,,,
2026-09-11T08:23:24.712018Z,276.0,287.32,100,1,read,815.0,1566.6,100,71.3,71.3,75.5,79.7,,,
2026-09-11T08:23:24.712018Z,276.0,287.32,100,1,update,192.0,394.0,100,226.5,226.5,234.9,234.9,,,
2026-09-11T08:23:24.712018Z,277.0,288.314,100,1,read,803.5,1563.9,100,71.3,71.3,75.5,75.5,,,
2026-09-11T08:23:24.712018Z,277.0,288.314,100,1,update,201.1,393.3,100,226.5,226.5,234.9,234.9,,,
2026-09-11T08:23:24.712018Z,278.0,289.316,100,1,read,792.1,1561.1,100,71.3,71.3,75.5,369.1,,,
2026-09-11T08:23:24.712018Z,278.0,289.316,100,1,update,182.0,392.5,100,226.5,352.3,520.1,637.5,,,
2026-09-11T08:23:24.712018Z,279.0,290.313,100,1,read,788.4,1558.3,100,71.3,71.3,71.3,75.5,,,
2026-09-11T08:23:24.712018Z,279.0,290.313,100,1,update,199.8,391.8,100,226.5,226.5,234.9,234.9,,,
2026-09-11T08:23:24.712018Z,280.0,291.314,100,1,read,812.0,1555.7,100,71.3,71.3,71.3,75.5,,,
2026-09-11T08:23:24.712018Z,280.0,291.314,100,1,update,194.0,391.1,100,226.5,234.9,234.9,234.9,,,
2026-09-11T08:23:24.712018Z,281.0,292.317,100,1,read,805.3,1553.0,100,71.3,71.3,75.5,75.5,,,
2026-09-11T08:23:24.712018Z,281.0,292.317,100,1,update,189.1,390.4,100,226.5,251.7,285.2,285.2,,,
2026-09-11T08:23:24.712018Z,282.0,293.317,100,1,read,761.9,1550.2,100,71.3,71.3,71.3,75.5,,,
2026-09-11T08:23:24.712018Z,282.0,293.317,100,1,update,216.0,389.8,100,226.5,226.5,234.9,234.9,,,
2026-09-11T08:23:24.712018Z,283.0,294.314,100,1,read,767.0,1547.4,100,71.3,71.3,71.3,352.3,,,
2026-09-11T08:23:24.712018Z,283.0,294.314,100,1,update,206.0,389.1,100,226.5,226.5,234.9,234.9,,,
2026-09-11T08:23:24.712018Z,284.0,295.313,100,1,read,764.7,1544.7,100,71.3,71.3,71.3,75.5,,,
2026-09-11T08:23:24.712018Z,284.0,295.313,100,1,update,209.9,388.5,100,226.5,234.9,234.9,234.9,,,
2026-09-11T08:23:24.712018Z,285.0,296.313,100,1,read,828.7,1542.2,100,71.3,71.3,75.5,75.5,,,
2026-09-11T08:23:24.712018Z,285.0,296.313,100,1,update,188.2,387.8,100,226.5,234.9,285.2,285.2,,,
2026-09-11T08:23:24.712018Z,286.0,297.316,100,1,read,829.0,1539.7,100,71.3,71.3,71.3,75.5,,,
2026-09-11T08:23:24.712018Z,286.0,297.316,100,1,update,189.0,387.1,100,226.5,226.5,226.5,234.9,,,
2026-09-11T08:23:24.712018Z,287.0,298.316,100,1,read,746.9,1536.9,100,71.3,71.3,71.3,75.5,,,
2026-09-11T08:23:24.712018Z,287.0,298.316,100,1,update,216.0,386.5,100,226.5,226.5,234.9,234.9,,,
2026-09-11T08:23:24.712018Z,288.0,299.316,100,1,read,824.1,1534.4,100,71.3,71.3,71.3,75.5,,,
2026-09-11T08:23:24.712018Z,288.0,299.316,100,1,update,187.0,385.8,100,226.5,243.3,285.2,285.2,,,
2026-09-11T08:23:24.712018Z,289.0,300.314,100,1,read,782.8,1531.8,100,71.3,71.3,71.3,75.5,,,
2026-09-11T08:23:24.712018Z,289.0,300.314,100,1,update,204.0,385.2,100,226.5,226.5,234.9,234.9,,,
2026-09-11T08:23:24.712018Z,290.0,301.319,100,1,read,781.2,1529.2,100,71.3,71.3,75.5,79.7,,,
2026-09-11T08:23:24.712018Z,290.0,301.319,100,1,update,203.0,384.6,100,226.5,226.5,234.9,234.9,,,
2026-09-11T08:23:24.712018Z,291.0,302.316,100,1,read,793.4,1526.7,100,71.3,71.3,75.5,75.5,,,
2026-09-11T08:23:24.712018Z,291.0,302.316,100,1,update,202.8,383.9,100,226.5,226.5,234.9,234.9,,,
2026-09-11T08:23:24.712018Z,292.0,303.317,100,1,read,809.2,1524.2,100,71.3,71.3,75.5,75.5,,,
2026-09-11T08:23:24.712018Z,292.0,303.317,100,1,update,193.1,383.3,100,226.5,251.7,285.2,302.0,,,
2026-09-11T08:23:24.712018Z,293.0,304.323,100,1,read,764.8,1521.7,100,71.3,71.3,71.3,369.1,,,
2026-09-11T08:23:24.712018Z,293.0,304.323,100,1,update,202.9,382.7,100,226.5,226.5,234.9,520.1,,,
2026-09-11T08:23:24.712018Z,294.0,305.314,100,1,read,796.9,1519.2,100,71.3,71.3,71.3,75.5,,,
2026-09-11T08:23:24.712018Z,294.0,305.314,100,1,update,198.0,382.0,100,226.5,226.5,234.9,234.9,,,
2026-09-11T08:23:24.712018Z,295.0,306.319,100,1,read,778.3,1516.7,100,71.3,71.3,75.5,79.7,,,
2026-09-11T08:23:24.712018Z,295.0,306.319,100,1,update,201.1,381.4,100,226.5,260.0,302.0,302.0,,,
2026-09-11T08:23:24.712018Z,296.0,307.315,100,1,read,820.8,1514.3,100,71.3,71.3,71.3,75.5,,,
2026-09-11T08:23:24.712018Z,296.0,307.315,100,1,update,192.0,380.8,100,226.5,226.5,234.9,234.9,,,
2026-09-11T08:23:24.712018Z,297.0,308.314,100,1,read,836.5,1512.0,100,71.3,71.3,71.3,369.1,,,
2026-09-11T08:23:24.712018Z,297.0,308.314,100,1,update,189.1,380.1,100,226.5,226.5,234.9,234.9,,,
2026-09-11T08:23:24.712018Z,298.0,309.314,100,1,read,773.8,1509.6,100,71.3,71.3,71.3,75.5,,,
2026-09-11T08:23:24.712018Z,298.0,309.314,100,1,update,206.9,379.6,100,226.5,226.5,226.5,234.9,,,
2026-09-11T08:23:24.712018Z,299.0,310.317,100,1,read,795.0,1507.2,100,71.3,71.3,71.3,79.7,,,
2026-09-11T08:23:24.712018Z,299.0,310.317,100,1,update,200.0,379.0,100,226.5,234.9,285.2,285.2,,,
2026-09-11T08:23:24.712018Z,300.0,311.316,100,1,read,798.9,1504.8,100,71.3,71.3,75.5,79.7,,,
2026-09-11T08:23:24.712018Z,300.0,311.316,100,1,update,198.0,378.4,100,226.5,226.5,234.9,234.9,,,
2026-09-11T08:23:24.712018Z,301.0,312.314,100,1,read,799.2,1502.5,100,71.3,71.3,71.3,75.5,,,
2026-09-11T08:23:24.712018Z,301.0,312.314,100,1,update,196.1,377.8,100,226.5,226.5,226.5,234.9,,,
2026-09-11T08:23:24.712018Z,302.0,313.316,100,1,read,851.0,1500.3,100,71.3,71.3,75.5,75.5,,,
2026-09-11T08:23:24.712018Z,302.0,313.316,100,1,update,183.0,377.1,100,226.5,234.9,268.4,285.2,,,
2026-09-11T08:23:24.712018Z,303.0,314.317,100,1,read,811.5,1498.0,100,71.3,71.3,71.3,75.5,,,
2026-09-11T08:23:24.712018Z,303.0,314.317,100,1,update,188.9,376.5,100,226.5,226.5,234.9,234.9,,,
2026-09-11T08:23:24.712018Z,304.0,315.316,100,1,read,782.3,1495.7,100,71.3,71.3,71.3,75.5,,,
2026-09-11T08:23:24.712018Z,304.0,315.316,100,1,update,205.1,375.9,100,226.5,226.5,234.9,234.9,,,
2026-09-11T08:23:24.712018Z,305.0,316.316,100,1,read,806.4,1493.4,100,71.3,71.3,75.5,75.5,,,
2026-09-11T08:23:24.712018Z,305.0,316.316,100,1,update,198.1,375.3,100,226.5,226.5,234.9,234.9,,,
2026-09-11T08:23:24.712018Z,306.0,317.317,100,1,read,839.4,1491.3,100,71.3,71.3,71.3,75.5,,,
2026-09-11T08:23:24.712018Z,306.0,317.317,100,1,update,189.9,374.7,100,226.5,234.9,268.4,285.2,,,
2026-09-11T08:23:24.712018Z,307.0,318.327,100,1,read,840.6,1489.2,100,71.3,71.3,71.3,75.5,,,
2026-09-11T08:23:24.712018Z,307.0,318.327,100,1,update,182.1,374.1,100,226.5,226.5,234.9,234.9,,,
2026-09-11T08:23:24.712018Z,308.0,319.32,100,1,read,781.9,1486.9,100,71.3,71.3,71.3,352.3,,,
2026-09-11T08:23:24.712018Z,308.0,319.32,100,1,update,202.0,373.5,100,226.5,226.5,226.5,234.9,,,
2026-09-11T08:23:24.712018Z,309.0,320.315,100,1,read,824.1,1484.7,100,71.3,71.3,75.5,352.3,,,
2026-09-11T08:23:24.712018Z,309.0,320.315,100,1,update,187.0,372.9,100,226.5,234.9,285.2,285.2,,,
2026-09-11T08:23:24.712018Z,310.0,321.314,100,1,read,803.9,1482.5,100,71.3,71.3,75.5,79.7,,,
2026-09-11T08:23:24.712018Z,310.0,321.314,100,1,update,205.0,372.4,100,226.5,226.5,234.9,234.9,,,
2026-09-11T08:23:24.712018Z,311.0,322.315,100,1,read,830.9,1480.4,100,71.3,71.3,75.5,75.5,,,
2026-09-11T08:23:24.712018Z,311.0,322.315,100,1,update,185.0,371.8,100,226.5,226.5,234.9,234.9,,,
2026-09-11T08:23:24.712018Z,312.0,323.316,100,1,read,818.1,1478.3,100,71.3,71.3,71.3,75.5,,,
2026-09-11T08:23:24.712018Z,312.0,323.316,100,1,update,193.0,371.2,100,226.5,234.9,243.3,243.3,,,
2026-09-11T08:23:24.712018Z,313.0,324.316,100,1,read,794.5,1476.1,100,71.3,71.3,71.3,75.5,,,
2026-09-11T08:23:24.712018Z,313.0,324.316,100,1,update,193.9,370.7,100,226.5,260.0,285.2,285.2,,,
2026-09-11T08:23:24.712018Z,314.0,325.313,100,1,read,834.7,1474.1,100,71.3,71.3,71.3,75.5,,,
2026-09-11T08:23:24.712018Z,314.0,325.313,100,1,update,188.2,370.1,100,226.5,226.5,234.9,234.9,,,
2026-09-11T08:23:24.712018Z,315.0,326.316,100,1,read,775.3,1471.9,100,71.3,75.5,75.5,79.7,,,
2026-09-11T08:23:24.712018Z,315.0,326.316,100,1,update,211.8,369.6,100,226.5,234.9,234.9,234.9,,,
2026-09-11T08:23:24.712018Z,316.0,327.321,100,1,read,882.6,1470.0,100,71.3,71.3,71.3,75.5,,,
2026-09-11T08:23:24.712018Z,316.0,327.321,100,1,update,167.1,368.9,100,226.5,234.9,234.9,243.3,,,
2026-09-11T08:23:24.712018Z,317.0,328.32,100,1,read,806.0,1467.9,100,71.3,71.3,75.5,79.7,,,
2026-09-11T08:23:24.712018Z,317.0,328.32,100,1,update,194.0,368.4,100,226.5,234.9,268.4,285.2,,,
2026-09-11T08:23:24.712018Z,318.0,329.32,100,1,read,839.9,1465.9,100,71.3,71.3,71.3,71.3,,,
2026-09-11T08:23:24.712018Z,318.0,329.32,100,1,update,183.0,367.8,100,226.5,226.5,234.9,234.9,,,
2026-09-11T08:23:24.712018Z,319.0,330.313,100,1,read,801.2,1463.9,100,71.3,71.3,71.3,385.9,,,
2026-09-11T08:23:24.712018Z,319.0,330.313,100,1,update,202.1,367.3,100,226.5,234.9,234.9,234.9,,,
2026-09-11T08:23:24.712018Z,320.0,331.317,100,1,read,780.7,1461.7,100,71.3,71.3,75.5,75.5,,,
2026-09-11T08:23:24.712018Z,320.0,331.317,100,1,update,191.9,366.7,100,226.5,285.2,318.8,318.8,,,
2026-09-11T08:23:24.712018Z,321.0,332.314,100,1,read,766.2,1459.6,100,71.3,71.3,71.3,75.5,,,
2026-09-11T08:23:24.712018Z,321.0,332.314,100,1,update,221.1,366.3,100,226.5,226.5,234.9,234.9,,,
2026-09-11T08:23:24.712018Z,322.0,333.318,100,1,read,797.9,1457.5,100,71.3,71.3,75.5,75.5,,,
2026-09-11T08:23:24.712018Z,322.0,333.318,100,1,update,195.0,365.7,100,226.5,234.9,234.9,234.9,,,
2026-09-11T08:23:24.712018Z,323.0,334.317,100,1,read,849.2,1455.6,100,71.3,71.3,71.3,75.5,,,
2026-09-11T08:23:24.712018Z,323.0,334.317,100,1,update,180.1,365.2,100,226.5,226.5,234.9,234.9,,,
2026-09-11T08:23:24.712018Z,324.0,335.314,100,1,read,743.6,1453.4,100,71.3,71.3,75.5,369.1,,,
2026-09-11T08:23:24.712018Z,324.0,335.314,100,1,update,209.9,364.7,100,226.5,251.7,268.4,285.2,,,
2026-09-11T08:23:24.712018Z,325.0,336.317,100,1,read,862.2,1451.6,100,71.3,71.3,75.5,75.5,,,
2026-09-11T08:23:24.712018Z,325.0,336.317,100,1,update,181.0,364.1,100,226.5,234.9,234.9,234.9,,,
2026-09-11T08:23:24.712018Z,326.0,337.316,100,1,read,823.1,1449.7,100,71.3,71.3,71.3,75.5,,,
2026-09-11T08:23:24.712018Z,326.0,337.316,100,1,update,188.0,363.6,100,226.5,226.5,234.9,234.9,,,
2026-09-11T08:23:24.712018Z,327.0,338.327,100,1,read,824.1,1447.8,100,71.3,71.3,71.3,75.5,,,
2026-09-11T08:23:24.712018Z,327.0,338.327,100,1,update,191.0,363.1,100,226.5,234.9,285.2,285.2,,,
2026-09-11T08:23:24.712018Z,328.0,339.317,100,1,read,811.5,1445.8,100,71.3,71.3,71.3,75.5,,,
2026-09-11T08:23:24.712018Z,328.0,339.317,100,1,update,198.9,362.6,100,226.5,226.5,234.9,234.9,,,
2026-09-11T08:23:24.712018Z,329.0,340.318,100,1,read,813.5,1443.9,100,71.3,71.3,75.5,75.5,,,
2026-09-11T08:23:24.712018Z,329.0,340.318,100,1,update,188.1,362.0,100,226.5,234.9,234.9,234.9,,,
2026-09-11T08:23:24.712018Z,330.0,341.316,100,1,read,762.1,1441.8,100,71.3,71.3,75.5,75.5,,,
2026-09-11T08:23:24.712018Z,330.0,341.316,100,1,update,214.0,361.6,100,226.5,234.9,234.9,234.9,,,
2026-09-11T08:23:24.712018Z,331.0,342.314,100,1,read,828.0,1440.0,100,71.3,71.3,75.5,75.5,,,
2026-09-11T08:23:24.712018Z,331.0,342.314,100,1,update,185.0,361.0,100,226.5,243.3,268.4,285.2,,,
2026-09-11T08:23:24.712018Z,332.0,343.337,100,1,read,717.8,1437.8,100,71.3,71.3,75.5,75.5,,,
2026-09-11T08:23:24.712018Z,332.0,343.337,100,1,update,227.9,360.6,100,226.5,226.5,234.9,234.9,,,
2026-09-11T08:23:24.712018Z,333.0,344.317,100,1,read,853.2,1436.0,100,71.3,71.3,71.3,75.5,,,
2026-09-11T08:23:24.712018Z,333.0,344.317,100,1,update,182.0,360.1,100,226.5,226.5,234.9,234.9,,,
2026-09-11T08:23:24.712018Z,334.0,345.314,100,1,read,706.0,1433.9,100,71.3,71.3,75.5,75.5,,,
2026-09-11T08:23:24.712018Z,334.0,345.314,100,1,update,194.0,359.6,100,226.5,335.5,335.5,637.5,,,
2026-09-11T08:23:24.712018Z,335.0,346.32,100,1,read,722.2,1431.7,100,71.3,71.3,75.5,75.5,,,
2026-09-11T08:23:24.712018Z,335.0,346.32,100,1,update,161.1,359.0,100,335.5,335.5,335.5,335.5,,,
2026-09-11T08:23:24.712018Z,336.0,347.315,100,1,read,764.6,1429.7,100,71.3,71.3,75.5,75.5,,,
2026-09-11T08:23:24.712018Z,336.0,347.315,100,1,update,199.9,358.5,100,226.5,335.5,335.5,335.5,,,
2026-09-11T08:23:24.712018Z,337.0,348.335,100,1,read,776.9,1427.8,100,71.3,71.3,71.3,75.5,,,
2026-09-11T08:23:24.712018Z,337.0,348.335,100,1,update,204.0,358.1,100,226.5,226.5,234.9,234.9,,,
2026-09-11T08:23:24.712018Z,338.0,349.348,100,1,read,791.2,1425.9,100,71.3,71.3,71.3,75.5,,,
2026-09-11T08:23:24.712018Z,338.0,349.348,100,1,update,205.1,357.6,100,226.5,234.9,268.4,285.2,,,
2026-09-11T08:23:24.712018Z,339.0,350.314,100,1,read,802.8,1424.1,100,71.3,71.3,71.3,75.5,,,
2026-09-11T08:23:24.712018Z,339.0,350.314,100,1,update,194.9,357.2,100,226.5,226.5,226.5,234.9,,,
2026-09-11T08:23:24.712018Z,340.0,351.314,100,1,read,786.8,1422.2,100,71.3,71.3,75.5,75.5,,,
2026-09-11T08:23:24.712018Z,340.0,351.314,100,1,update,207.0,356.7,100,226.5,226.5,234.9,234.9,,,
2026-09-11T08:23:24.712018Z,341.0,352.335,100,1,read,804.7,1420.4,100,71.3,71.3,71.3,75.5,,,
2026-09-11T08:23:24.712018Z,341.0,352.335,100,1,update,199.2,356.3,100,226.5,234.9,234.9,234.9,,,
2026-09-11T08:23:24.712018Z,342.0,353.323,100,1,read,877.8,1418.8,100,71.3,71.3,75.5,352.3,,,
2026-09-11T08:23:24.712018Z,342.0,353.323,100,1,update,168.0,355.7,100,226.5,234.9,260.0,260.0,,,
2026-09-11T08:23:24.712018Z,343.0,354.314,100,1,read,812.4,1417.0,100,71.3,71.3,71.3,75.5,,,
2026-09-11T08:23:24.712018Z,343.0,354.314,100,1,update,190.9,355.2,100,226.5,226.5,234.9,234.9,,,
2026-09-11T08:23:24.712018Z,344.0,355.322,100,1,read,804.5,1415.3,100,71.3,71.3,71.3,75.5,,,
2026-09-11T08:23:24.712018Z,344.0,355.322,100,1,update,202.1,354.8,100,226.5,243.3,285.2,285.2,,,
2026-09-11T08:23:24.712018Z,345.0,356.316,100,1,read,796.7,1413.5,100,71.3,71.3,71.3,75.5,,,
2026-09-11T08:23:24.712018Z,345.0,356.316,100,1,update,196.9,354.3,100,226.5,234.9,234.9,234.9,,,
2026-09-11T08:23:24.712018Z,346.0,357.312,100,1,read,838.7,1411.8,100,71.3,75.5,75.5,75.5,,,
2026-09-11T08:23:24.712018Z,346.0,357.312,100,1,update,175.1,353.8,100,226.5,302.0,335.5,352.3,,,
2026-09-11T08:23:24.712018Z,347.0,358.317,100,1,read,814.5,1410.1,100,71.3,71.3,75.5,79.7,,,
2026-09-11T08:23:24.712018Z,347.0,358.317,100,1,update,189.9,353.3,100,226.5,234.9,234.9,243.3,,,
2026-09-11T08:23:24.712018Z,348.0,359.312,100,1,read,862.6,1408.5,100,71.3,71.3,71.3,75.5,,,
2026-09-11T08:23:24.712018Z,348.0,359.312,100,1,update,188.1,352.9,100,226.5,226.5,234.9,234.9,,,
2026-09-11T08:23:24.712018Z,349.0,360.318,100,1,read,832.1,1406.9,100,71.3,71.3,71.3,75.5,,,
2026-09-11T08:23:24.712018Z,349.0,360.318,100,1,update,182.8,352.4,100,226.5,226.5,226.5,234.9,,,
2026-09-11T08:23:24.712018Z,350.0,361.312,100,1,read,784.6,1405.1,100,71.3,75.5,75.5,79.7,,,
2026-09-11T08:23:24.712018Z,350.0,361.312,100,1,update,201.2,351.9,100,226.5,260.0,302.0,318.8,,,
2026-09-11T08:23:24.712018Z,351.0,362.318,100,1,read,807.1,1403.4,100,71.3,71.3,75.5,79.7,,,
2026-09-11T08:23:24.712018Z,351.0,362.318,100,1,update,194.0,351.5,100,226.5,226.5,234.9,234.9,,,
2026-09-11T08:23:24.712018Z,352.0,363.314,100,1,read,833.1,1401.8,100,71.3,71.3,71.3,71.3,,,
2026-09-11T08:23:24.712018Z,352.0,363.314,100,1,update,191.0,351.0,100,226.5,226.5,234.9,234.9,,,
2026-09-11T08:23:24.712018Z,353.0,364.322,100,1,read,786.3,1400.0,100,71.3,71.3,75.5,75.5,,,
2026-09-11T08:23:24.712018Z,353.0,364.322,100,1,update,194.8,350.6,100,226.5,302.0,318.8,352.3,,,
2026-09-11T08:23:24.712018Z,354.0,365.317,100,1,read,800.0,1398.3,100,71.3,71.3,75.5,75.5,,,
2026-09-11T08:23:24.712018Z,354.0,365.317,100,1,update,203.0,350.2,100,226.5,234.9,234.9,243.3,,,
2026-09-11T08:23:24.712018Z,355.0,366.314,100,1,read,858.8,1396.8,100,71.3,71.3,79.7,83.9,,,
2026-09-11T08:23:24.712018Z,355.0,366.314,100,1,update,171.2,349.7,100,226.5,234.9,234.9,234.9,,,
2026-09-11T08:23:24.712018Z,356.0,367.319,100,1,read,780.5,1395.1,100,71.3,71.3,71.3,79.7,,,
2026-09-11T08:23:24.712018Z,356.0,367.319,100,1,update,202.9,349.3,100,226.5,234.9,234.9,234.9,,,
2026-09-11T08:23:24.712018Z,357.0,368.314,100,1,read,726.1,1393.2,100,71.3,75.5,75.5,79.7,,,
2026-09-11T08:23:24.712018Z,357.0,368.314,100,1,update,206.0,348.9,100,226.5,318.8,352.3,352.3,,,
2026-09-11T08:23:24.712018Z,358.0,369.313,100,1,read,756.4,1391.4,100,71.3,71.3,75.5,75.5,,,
2026-09-11T08:23:24.712018Z,358.0,369.313,100,1,update,215.1,348.5,100,226.5,234.9,243.3,251.7,,,
2026-09-11T08:23:24.712018Z,359.0,370.314,100,1,read,827.4,1389.8,100,71.3,71.3,71.3,71.3,,,
2026-09-11T08:23:24.712018Z,359.0,370.314,100,1,update,192.9,348.0,100,226.5,234.9,234.9,234.9,,,
2026-09-11T08:23:24.712018Z,360.0,371.315,100,1,read,756.3,1388.1,100,71.3,75.5,75.5,75.5,,,
2026-09-11T08:23:24.712018Z,360.0,371.315,100,1,update,209.1,347.7,100,226.5,285.2,335.5,335.5,,,
2026-09-11T08:23:24.712018Z,361.0,372.319,100,1,read,691.8,1386.2,100,71.3,184.5,226.5,234.9,,,
2026-09-11T08:23:24.712018Z,361.0,372.319,100,1,update,186.0,347.2,100,226.5,352.3,385.9,402.7,,,
2026-09-11T08:23:24.712018Z,362.0,373.32,100,1,read,852.8,1384.7,100,71.3,71.3,75.5,79.7,,,
2026-09-11T08:23:24.712018Z,362.0,373.32,100,1,update,187.0,346.8,100,226.5,226.5,234.9,234.9,,,
2026-09-11T08:23:24.712018Z,363.0,374.318,100,1,read,788.3,1383.0,100,71.3,71.3,75.5,75.5,,,
2026-09-11T08:23:24.712018Z,363.0,374.318,100,1,update,180.1,346.3,100,226.5,226.5,234.9,234.9,,,
2026-09-11T08:23:24.712018Z,364.0,375.318,100,1,read,778.3,1381.4,100,71.3,71.3,71.3,75.5,,,
2026-09-11T08:23:24.712018Z,364.0,375.318,100,1,update,223.1,346.0,100,226.5,260.0,302.0,318.8,,,
2026-09-11T08:23:24.712018Z,365.0,376.314,100,1,read,792.6,1379.8,100,71.3,71.3,71.3,75.5,,,
2026-09-11T08:23:24.712018Z,365.0,376.314,100,1,update,201.9,345.6,100,226.5,226.5,226.5,234.9,,,
2026-09-11T08:23:24.712018Z,366.0,377.314,100,1,read,802.9,1378.2,100,71.3,71.3,71.3,75.5,,,
2026-09-11T08:23:24.712018Z,366.0,377.314,100,1,update,192.0,345.2,100,226.5,226.5,234.9,234.9,,,
2026-09-11T08:23:24.712018Z,367.0,378.314,100,1,read,752.7,1376.5,100,71.3,71.3,75.5,369.1,,,
2026-09-11T08:23:24.712018Z,367.0,378.314,100,1,update,207.9,344.8,100,226.5,260.0,302.0,318.8,,,
2026-09-11T08:23:24.712018Z,368.0,379.316,100,1,read,780.7,1374.9,100,71.3,71.3,71.3,75.5,,,
2026-09-11T08:23:24.712018Z,368.0,379.316,100,1,update,210.2,344.4,100,226.5,226.5,226.5,234.9,,,
2026-09-11T08:23:24.712018Z,369.0,380.327,100,1,read,726.9,1373.1,100,71.3,71.3,71.3,75.5,,,
2026-09-11T08:23:24.712018Z,369.0,380.327,100,1,update,219.0,344.1,100,226.5,226.5,234.9,234.9,,,
2026-09-11T08:23:24.712018Z,370.0,381.311,100,1,read,774.1,1371.5,100,71.3,71.3,75.5,385.9,,,
2026-09-11T08:23:24.712018Z,370.0,381.311,100,1,update,199.0,343.7,100,226.5,268.4,302.0,318.8,,,
2026-09-11T08:23:24.712018Z,371.0,382.311,100,1,read,752.9,1369.8,100,71.3,75.5,79.7,79.7,,,
2026-09-11T08:23:24.712018Z,371.0,382.311,100,1,update,213.0,343.3,100,226.5,234.9,234.9,234.9,,,
2026-09-11T08:23:24.712018Z,372.0,383.312,100,1,read,791.3,1368.3,100,71.3,71.3,71.3,385.9,,,
2026-09-11T08:23:24.712018Z,372.0,383.312,100,1,update,200.1,342.9,100,226.5,226.5,234.9,234.9,,,
2026-09-11T08:23:24.712018Z,373.0,384.315,100,1,read,771.3,1366.7,100,71.3,71.3,75.5,75.5,,,
2026-09-11T08:23:24.712018Z,373.0,384.315,100,1,update,208.8,342.6,100,226.5,226.5,234.9,234.9,,,
2026-09-11T08:23:24.712018Z,374.0,385.311,100,1,read,792.1,1365.1,100,71.3,75.5,75.5,79.7,,,
2026-09-11T08:23:24.712018Z,374.0,385.311,100,1,update,192.0,342.2,100,226.5,302.0,318.8,352.3,,,
2026-09-11T08:23:24.712018Z,375.0,386.312,100,1,read,859.1,1363.8,100,71.3,71.3,75.5,79.7,,,
2026-09-11T08:23:24.712018Z,375.0,386.312,100,1,update,182.0,341.8,100,226.5,234.9,234.9,234.9,,,
2026-09-11T08:23:24.712018Z,376.0,387.308,100,1,read,697.3,1362.0,100,71.3,218.1,251.7,260.0,,,
2026-09-11T08:23:24.712018Z,376.0,387.308,100,1,update,168.1,341.3,100,226.5,385.9,402.7,402.7,,,
2026-09-11T08:23:24.712018Z,377.0,388.312,100,1,read,859.9,1360.7,100,71.3,75.5,75.5,79.7,,,
2026-09-11T08:23:24.712018Z,377.0,388.312,100,1,update,182.0,340.9,100,226.5,251.7,318.8,335.5,,,
2026-09-11T08:23:24.712018Z,378.0,389.31,100,1,read,752.1,1359.1,100,71.3,176.2,209.7,218.1,,,
2026-09-11T08:23:24.712018Z,378.0,389.31,100,1,update,178.0,340.4,100,226.5,352.3,369.1,385.9,,,
2026-09-11T08:23:24.712018Z,379.0,390.312,100,1,read,751.5,1357.5,100,71.3,71.3,75.5,75.5,,,
2026-09-11T08:23:24.712018Z,379.0,390.312,100,1,update,203.9,340.1,100,226.5,226.5,234.9,234.9,,,
2026-09-11T08:23:24.712018Z,380.0,391.313,100,1,read,773.5,1355.9,100,71.3,75.5,79.7,79.7,,,
2026-09-11T08:23:24.712018Z,380.0,391.313,100,1,update,203.1,339.7,100,226.5,234.9,234.9,243.3,,,
2026-09-11T08:23:24.712018Z,381.0,392.312,100,1,read,769.5,1354.4,100,71.3,75.5,75.5,385.9,,,
2026-09-11T08:23:24.712018Z,381.0,392.312,100,1,update,196.9,339.3,100,226.5,285.2,352.3,536.9,,,
2026-09-11T08:23:24.712018Z,382.0,395.316,100,1,read,790.1,1352.9,100,71.3,71.3,75.5,79.7,,,
2026-09-11T08:23:24.712018Z,382.0,395.316,100,1,update,205.0,339.0,100,226.5,226.5,234.9,234.9,,,
2026-09-11T08:23:24.712018Z,383.0,397.484,100,1,read,655.9,1351.1,100,71.3,285.2,318.8,335.5,,,
2026-09-11T08:23:24.712018Z,383.0,397.484,100,1,update,153.0,338.5,100,226.5,469.8,486.5,503.3,,,
2026-09-11T08:23:24.712018Z,384.0,397.485,100,1,read,816.5,1349.7,100,71.3,75.5,75.5,79.7,,,
2026-09-11T08:23:24.712018Z,384.0,397.485,100,1,update,199.1,338.1,100,226.5,234.9,234.9,234.9,,,
2026-09-11T08:23:24.712018Z,385.0,397.485,100,1,read,825.7,1348.3,100,71.3,71.3,75.5,75.5,,,
2026-09-11T08:23:24.712018Z,385.0,397.485,100,1,update,156.9,337.7,100,226.5,335.5,369.1,385.9,,,
2026-09-11T08:23:24.712018Z,386.0,397.485,100,1,read,694.2,1346.6,100,71.3,71.3,71.3,352.3,,,
2026-09-11T08:23:24.712018Z,386.0,397.485,100,1,update,165.1,337.2,100,335.5,335.5,335.5,352.3,,,
2026-09-11T08:23:24.712018Z,387.0,398.316,100,1,read,686.8,1344.9,100,71.3,71.3,71.3,75.5,,,
2026-09-11T08:23:24.712018Z,387.0,398.316,100,1,update,155.0,336.8,100,335.5,335.5,335.5,335.5,,,
2026-09-11T08:23:24.712018Z,388.0,399.316,100,1,read,633.8,1343.1,100,71.3,71.3,71.3,71.3,,,
2026-09-11T08:23:24.712018Z,388.0,399.316,100,1,update,169.9,336.3,100,335.5,335.5,335.5,335.5,,,
2026-09-11T08:23:24.712018Z,389.0,400.31,100,1,read,637.6,1341.3,100,71.3,71.3,75.5,75.5,,,
2026-09-11T08:23:24.712018Z,389.0,400.31,100,1,update,162.2,335.9,100,335.5,402.7,453.0,469.8,,,
2026-09-11T08:23:24.712018Z,390.0,401.31,100,1,read,635.6,1339.5,100,71.3,218.1,260.0,260.0,,,
2026-09-11T08:23:24.712018Z,390.0,401.31,100,1,update,147.9,335.4,100,335.5,469.8,520.1,520.1,,,
2026-09-11T08:23:24.712018Z,391.0,402.31,100,1,read,644.0,1337.7,100,71.3,75.5,75.5,75.5,,,
2026-09-11T08:23:24.712018Z,391.0,402.31,100,1,update,163.0,335.0,100,335.5,335.5,335.5,335.5,,,
2026-09-11T08:23:24.712018Z,392.0,403.313,100,1,read,618.4,1335.9,100,71.3,285.2,335.5,335.5,,,
2026-09-11T08:23:24.712018Z,392.0,403.313,100,1,update,168.1,334.5,100,226.5,335.5,335.5,352.3,,,
2026-09-11T08:23:24.712018Z,393.0,404.328,100,1,read,795.5,1334.5,100,71.3,75.5,79.7,83.9,,,
2026-09-11T08:23:24.712018Z,393.0,404.328,100,1,update,185.9,334.2,100,226.5,453.0,486.5,503.3,,,
2026-09-11T08:23:24.712018Z,394.0,405.31,100,1,read,794.4,1333.1,100,71.3,75.5,79.7,79.7,,,
2026-09-11T08:23:24.712018Z,394.0,405.31,100,1,update,201.1,333.8,100,226.5,234.9,234.9,243.3,,,
2026-09-11T08:23:24.712018Z,395.0,406.322,100,1,read,801.3,1331.8,100,71.3,71.3,75.5,75.5,,,
2026-09-11T08:23:24.712018Z,395.0,406.322,100,1,update,199.8,333.5,100,226.5,226.5,234.9,234.9,,,
2026-09-11T08:23:24.712018Z,396.0,407.316,100,1,read,752.2,1330.3,100,71.3,71.3,75.5,75.5,,,
2026-09-11T08:23:24.712018Z,396.0,407.316,100,1,update,204.1,333.1,100,226.5,268.4,318.8,318.8,,,
2026-09-11T08:23:24.712018Z,397.0,408.333,100,1,read,764.5,1328.9,100,71.3,71.3,71.3,75.5,,,
2026-09-11T08:23:24.712018Z,397.0,408.333,100,1,update,213.1,332.8,100,226.5,226.5,234.9,234.9,,,
2026-09-11T08:23:24.712018Z,398.0,409.315,100,1,read,849.9,1327.7,100,71.3,71.3,71.3,75.5,,,
2026-09-11T08:23:24.712018Z,398.0,409.315,100,1,update,182.0,332.5,100,226.5,234.9,234.9,234.9,,,
2026-09-11T08:23:24.712018Z,399.0,410.311,100,1,read,767.0,1326.3,100,71.3,71.3,75.5,79.7,,,
2026-09-11T08:23:24.712018Z,399.0,410.311,100,1,update,203.0,332.1,100,226.5,234.9,234.9,234.9,,,
2026-09-11T08:23:24.712018Z,400.0,411.311,100,1,read,730.2,1324.8,100,71.3,75.5,75.5,79.7,,,
2026-09-11T08:23:24.712018Z,400.0,411.311,100,1,update,215.0,331.8,100,226.5,302.0,335.5,335.5,,,
2026-09-11T08:23:24.712018Z,401.0,412.312,100,1,read,845.7,1323.6,100,71.3,71.3,71.3,369.1,,,
2026-09-11T08:23:24.712018Z,401.0,412.312,100,1,update,180.9,331.5,100,226.5,226.5,234.9,234.9,,,
2026-09-11T08:23:24.712018Z,402.0,413.332,100,1,read,772.1,1322.2,100,71.3,71.3,71.3,75.5,,,
2026-09-11T08:23:24.712018Z,402.0,413.332,100,1,update,207.0,331.2,100,226.5,226.5,234.9,234.9,,,
2026-09-11T08:23:24.712018Z,403.0,414.329,100,1,read,748.0,1320.8,100,71.3,71.3,75.5,352.3,,,
2026-09-11T08:23:24.712018Z,403.0,414.329,100,1,update,205.0,330.9,100,226.5,352.3,369.1,369.1,,,
2026-09-11T08:23:24.712018Z,404.0,415.322,100,1,read,808.9,1319.5,100,71.3,71.3,75.5,75.5,,,
2026-09-11T08:23:24.712018Z,404.0,415.322,100,1,update,198.0,330.5,100,226.5,234.9,234.9,234.9,,,
2026-09-11T08:23:24.712018Z,405.0,416.312,100,1,read,837.0,1318.3,100,71.3,71.3,71.3,75.5,,,
2026-09-11T08:23:24.712018Z,405.0,416.312,100,1,update,187.0,330.2,100,226.5,226.5,234.9,234.9,,,
2026-09-11T08:23:24.712018Z,406.0,417.318,100,1,read,795.0,1317.1,100,71.3,71.3,71.3,75.5,,,
2026-09-11T08:23:24.712018Z,406.0,417.318,100,1,update,205.0,329.9,100,226.5,226.5,226.5,234.9,,,
2026-09-11T08:23:24.712018Z,407.0,418.407,100,1,read,765.0,1315.7,100,71.3,71.3,75.5,79.7,,,
2026-09-11T08:23:24.712018Z,407.0,418.407,100,1,update,196.0,329.5,100,226.5,268.4,318.8,335.5,,,
2026-09-11T08:23:24.712018Z,408.0,419.315,100,1,read,733.2,1314.3,100,71.3,71.3,71.3,75.5,,,
2026-09-11T08:23:24.712018Z,408.0,419.315,100,1,update,218.1,329.3,100,226.5,226.5,234.9,234.9,,,
2026-09-11T08:23:24.712018Z,409.0,420.312,100,1,read,806.2,1313.0,100,71.3,71.3,71.3,75.5,,,
2026-09-11T08:23:24.712018Z,409.0,420.312,100,1,update,200.0,328.9,100,226.5,226.5,234.9,234.9,,,
2026-09-11T08:23:24.712018Z,410.0,421.313,100,1,read,770.9,1311.7,100,71.3,71.3,75.5,75.5,,,
2026-09-11T08:23:24.712018Z,410.0,421.313,100,1,update,201.0,328.6,100,226.5,318.8,352.3,369.1,,,
2026-09-11T08:23:24.712018Z,411.0,422.311,100,1,read,792.9,1310.4,100,71.3,71.3,75.5,75.5,,,
2026-09-11T08:23:24.712018Z,411.0,422.311,100,1,update,195.0,328.3,100,226.5,226.5,234.9,234.9,,,
2026-09-11T08:23:24.712018Z,412.0,423.322,100,1,read,768.8,1309.1,100,71.3,71.3,71.3,75.5,,,
2026-09-11T08:23:24.712018Z,412.0,423.322,100,1,update,207.9,328.0,100,226.5,226.5,234.9,234.9,,,
2026-09-11T08:23:24.712018Z,413.0,424.31,100,1,read,791.1,1307.9,100,71.3,71.3,71.3,75.5,,,
2026-09-11T08:23:24.712018Z,413.0,424.31,100,1,update,209.0,327.7,100,226.5,234.9,234.9,243.3,,,
2026-09-11T08:23:24.712018Z,414.0,425.328,100,1,read,831.6,1306.7,100,71.3,71.3,71.3,75.5,,,
2026-09-11T08:23:24.712018Z,414.0,425.328,100,1,update,180.9,327.4,100,226.5,260.0,302.0,318.8,,,
2026-09-11T08:23:24.712018Z,415.0,426.314,100,1,read,826.5,1305.6,100,71.3,71.3,75.5,79.7,,,
2026-09-11T08:23:24.712018Z,415.0,426.314,100,1,update,190.1,327.0,100,226.5,234.9,234.9,234.9,,,
2026-09-11T08:23:24.712018Z,416.0,427.312,100,1,read,781.9,1304.3,100,71.3,71.3,71.3,75.5,,,
2026-09-11T08:23:24.712018Z,416.0,427.312,100,1,update,208.0,326.8,100,226.5,226.5,234.9,234.9,,,
2026-09-11T08:23:24.712018Z,417.0,428.313,100,1,read,765.9,1303.0,100,71.3,71.3,71.3,75.5,,,
2026-09-11T08:23:24.712018Z,417.0,428.313,100,1,update,199.0,326.4,100,226.5,318.8,335.5,352.3,,,
2026-09-11T08:23:24.712018Z,418.0,429.315,100,1,read,795.8,1301.8,100,71.3,71.3,75.5,75.5,,,
2026-09-11T08:23:24.712018Z,418.0,429.315,100,1,update,198.0,326.1,100,226.5,234.9,234.9,243.3,,,
2026-09-11T08:23:24.712018Z,419.0,430.312,100,1,read,802.3,1300.6,100,71.3,71.3,71.3,75.5,,,
2026-09-11T08:23:24.712018Z,419.0,430.312,100,1,update,198.1,325.8,100,226.5,234.9,234.9,243.3,,,
2026-09-11T08:23:24.712018Z,420.0,431.312,100,1,read,785.5,1299.4,100,71.3,71.3,75.5,75.5,,,
2026-09-11T08:23:24.712018Z,420.0,431.312,100,1,update,206.9,325.5,100,226.5,226.5,234.9,234.9,,,
2026-09-11T08:23:24.712018Z,421.0,432.311,100,1,read,770.4,1298.1,100,71.3,71.3,71.3,75.5,,,
2026-09-11T08:23:24.712018Z,421.0,432.311,100,1,update,203.1,325.3,100,226.5,243.3,302.0,302.0,,,
2026-09-11T08:23:24.712018Z,422.0,433.316,100,1,read,790.7,1296.9,100,71.3,71.3,71.3,369.1,,,
2026-09-11T08:23:24.712018Z,422.0,433.316,100,1,update,198.9,325.0,100,226.5,234.9,234.9,234.9,,,
2026-09-11T08:23:24.712018Z,423.0,434.312,100,1,read,793.0,1295.7,100,71.3,71.3,71.3,75.5,,,
2026-09-11T08:23:24.712018Z,423.0,434.312,100,1,update,196.0,324.7,100,226.5,234.9,243.3,243.3,,,
2026-09-11T08:23:24.712018Z,424.0,435.314,100,1,read,815.4,1294.6,100,71.3,71.3,71.3,75.5,,,
2026-09-11T08:23:24.712018Z,424.0,435.314,100,1,update,176.1,324.3,100,226.5,234.9,234.9,234.9,,,
2026-09-11T08:23:24.712018Z,425.0,436.312,100,1,read,775.5,1293.4,100,71.3,71.3,75.5,75.5,,,
2026-09-11T08:23:24.712018Z,425.0,436.312,100,1,update,214.9,324.0,100,226.5,285.2,318.8,335.5,,,
2026-09-11T08:23:24.712018Z,426.0,437.355,100,1,read,821.4,1292.3,100,71.3,71.3,71.3,75.5,,,
2026-09-11T08:23:24.712018Z,426.0,437.355,100,1,update,196.1,323.7,100,226.5,226.5,234.9,234.9,,,
2026-09-11T08:23:24.712018Z,427.0,438.312,100,1,read,824.7,1291.2,100,71.3,75.5,88.1,96.5,,,
2026-09-11T08:23:24.712018Z,427.0,438.312,100,1,update,186.9,323.4,100,226.5,234.9,243.3,251.7,,,
2026-09-11T08:23:24.712018Z,428.0,439.312,100,1,read,847.4,1290.1,100,71.3,71.3,75.5,385.9,,,
2026-09-11T08:23:24.712018Z,428.0,439.312,100,1,update,170.1,323.1,100,226.5,260.0,302.0,318.8,,,
2026-09-11T08:23:24.712018Z,429.0,440.312,100,1,read,779.5,1289.0,100,71.3,75.5,79.7,88.1,,,
2026-09-11T08:23:24.712018Z,429.0,440.312,100,1,update,199.9,322.8,100,226.5,234.9,234.9,243.3,,,
2026-09-11T08:23:24.712018Z,430.0,441.428,100,1,read,824.4,1287.9,100,71.3,75.5,75.5,79.7,,,
2026-09-11T08:23:24.712018Z,430.0,441.428,100,1,update,190.1,322.5,100,226.5,234.9,234.9,520.1,,,
2026-09-11T08:23:24.712018Z,431.0,442.314,100,1,read,764.5,1286.7,100,71.3,71.3,71.3,75.5,,,
2026-09-11T08:23:24.712018Z,431.0,442.314,100,1,update,211.9,322.2,100,226.5,226.5,234.9,234.9,,,
2026-09-11T08:23:24.712018Z,432.0,443.312,100,1,read,772.0,1285.5,100,71.3,75.5,79.7,88.1,,,
2026-09-11T08:23:24.712018Z,432.0,443.312,100,1,update,198.0,321.9,100,226.5,302.0,335.5,352.3,,,
2026-09-11T08:23:24.712018Z,433.0,444.312,100,1,read,770.6,1284.3,100,71.3,71.3,71.3,75.5,,,
2026-09-11T08:23:24.712018Z,433.0,444.312,100,1,update,205.1,321.7,100,226.5,234.9,234.9,234.9,,,
2026-09-11T08:23:24.712018Z,434.0,445.312,100,1,read,779.9,1283.1,100,71.3,71.3,75.5,75.5,,,
2026-09-11T08:23:24.712018Z,434.0,445.312,100,1,update,209.0,321.4,100,226.5,226.5,234.9,234.9,,,
2026-09-11T08:23:24.712018Z,435.0,446.312,100,1,read,755.1,1281.9,100,71.3,79.7,88.1,96.5,,,
2026-09-11T08:23:24.712018Z,435.0,446.312,100,1,update,201.0,321.1,100,226.5,318.8,352.3,369.1,,,
2026-09-11T08:23:24.712018Z,436.0,447.321,100,1,read,790.8,1280.8,100,71.3,75.5,75.5,369.1,,,
2026-09-11T08:23:24.712018Z,436.0,447.321,100,1,update,187.9,320.8,100,226.5,234.9,243.3,536.9,,,
2026-09-11T08:23:24.712018Z,437.0,448.311,100,1,read,813.9,1279.7,100,71.3,71.3,75.5,75.5,,,
2026-09-11T08:23:24.712018Z,437.0,448.311,100,1,update,193.0,320.5,100,226.5,226.5,234.9,234.9,,,
2026-09-11T08:23:24.712018Z,438.0,449.321,100,1,read,780.8,1278.6,100,71.3,71.3,71.3,369.1,,,
2026-09-11T08:23:24.712018Z,438.0,449.321,100,1,update,207.0,320.3,100,226.5,226.5,226.5,234.9,,,
2026-09-11T08:23:24.712018Z,439.0,450.311,100,1,read,762.4,1277.4,100,71.3,71.3,75.5,75.5,,,
2026-09-11T08:23:24.712018Z,439.0,450.311,100,1,update,203.1,320.0,100,226.5,268.4,318.8,520.1,,,
2026-09-11T08:23:24.712018Z,440.0,451.311,100,1,read,789.2,1276.3,100,71.3,71.3,75.5,75.5,,,
2026-09-11T08:23:24.712018Z,440.0,451.311,100,1,update,196.1,319.7,100,226.5,226.5,234.9,234.9,,,
2026-09-11T08:23:24.712018Z,441.0,452.31,100,1,read,773.9,1275.1,100,71.3,71.3,71.3,385.9,,,
2026-09-11T08:23:24.712018Z,441.0,452.31,100,1,update,209.0,319.5,100,226.5,226.5,234.9,234.9,,,
2026-09-11T08:23:24.712018Z,442.0,453.319,100,1,read,794.1,1274.1,100,71.3,71.3,71.3,79.7,,,
2026-09-11T08:23:24.712018Z,442.0,453.319,100,1,update,202.0,319.2,100,226.5,226.5,234.9,234.9,,,
2026-09-11T08:23:24.712018Z,443.0,454.328,100,1,read,778.0,1272.9,100,71.3,71.3,75.5,75.5,,,
2026-09-11T08:23:24.712018Z,443.0,454.328,100,1,update,201.0,318.9,100,226.5,302.0,335.5,352.3,,,
2026-09-11T08:23:24.712018Z,444.0,455.319,100,1,read,827.5,1271.9,100,71.3,71.3,71.3,79.7,,,
2026-09-11T08:23:24.712018Z,444.0,455.319,100,1,update,190.9,318.6,100,226.5,226.5,234.9,234.9,,,
2026-09-11T08:23:24.712018Z,445.0,456.31,100,1,read,808.2,1270.9,100,71.3,71.3,79.7,88.1,,,
2026-09-11T08:23:24.712018Z,445.0,456.31,100,1,update,190.0,318.4,100,226.5,234.9,234.9,243.3,,,
2026-09-11T08:23:24.712018Z,446.0,457.315,100,1,read,782.1,1269.8,100,71.3,71.3,75.5,75.5,,,
2026-09-11T08:23:24.712018Z,446.0,457.315,100,1,update,200.0,318.1,100,226.5,285.2,318.8,318.8,,,
2026-09-11T08:23:24.712018Z,447.0,458.312,100,1,read,760.0,1268.7,100,71.3,71.3,75.5,369.1,,,
2026-09-11T08:23:24.712018Z,447.0,458.312,100,1,update,215.0,317.9,100,226.5,226.5,234.9,234.9,,,
2026-09-11T08:23:24.712018Z,448.0,459.315,100,1,read,811.6,1267.6,100,71.3,75.5,79.7,92.3,,,
2026-09-11T08:23:24.712018Z,448.0,459.315,100,1,update,189.9,317.6,100,226.5,234.9,251.7,251.7,,,
2026-09-11T08:23:24.712018Z,449.0,460.316,100,1,read,811.9,1266.6,100,71.3,71.3,75.5,75.5,,,
2026-09-11T08:23:24.712018Z,449.0,460.316,100,1,update,194.0,317.3,100,226.5,226.5,234.9,234.9,,,
2026-09-11T08:23:24.712018Z,450.0,461.312,100,1,read,827.4,1265.6,100,71.3,75.5,83.9,88.1,,,
2026-09-11T08:23:24.712018Z,450.0,461.312,100,1,update,189.1,317.0,100,226.5,234.9,243.3,243.3,,,
2026-09-11T08:23:24.712018Z,451.0,462.316,100,1,read,805.3,1264.6,100,71.3,71.3,75.5,79.7,,,
2026-09-11T08:23:24.712018Z,451.0,462.316,100,1,update,187.1,316.7,100,226.5,234.9,234.9,234.9,,,
2026-09-11T08:23:24.712018Z,452.0,463.321,100,1,read,796.8,1263.6,100,71.3,71.3,71.3,75.5,,,
2026-09-11T08:23:24.712018Z,452.0,463.321,100,1,update,200.9,316.5,100,226.5,226.5,234.9,234.9,,,
2026-09-11T08:23:24.712018Z,453.0,464.489,100,1,read,857.0,1262.7,100,71.3,75.5,83.9,88.1,,,
2026-09-11T08:23:24.712018Z,453.0,464.489,100,1,update,182.0,316.2,100,226.5,251.7,302.0,302.0,,,
2026-09-11T08:23:24.712018Z,454.0,465.321,100,1,read,796.6,1261.7,100,71.3,71.3,75.5,75.5,,,
2026-09-11T08:23:24.712018Z,454.0,465.321,100,1,update,189.9,315.9,100,226.5,234.9,243.3,243.3,,,
2026-09-11T08:23:24.712018Z,455.0,466.316,100,1,read,813.8,1260.7,100,71.3,71.3,75.5,75.5,,,
2026-09-11T08:23:24.712018Z,455.0,466.316,100,1,update,196.0,315.6,100,226.5,234.9,234.9,234.9,,,
2026-09-11T08:23:24.712018Z,456.0,467.311,100,1,read,765.4,1259.6,100,71.3,71.3,83.9,88.1,,,
2026-09-11T08:23:24.712018Z,456.0,467.311,100,1,update,205.1,315.4,100,226.5,234.9,234.9,243.3,,,
2026-09-11T08:23:24.712018Z,457.0,468.31,100,1,read,797.4,1258.6,100,71.3,75.5,79.7,92.3,,,
2026-09-11T08:23:24.712018Z,457.0,468.31,100,1,update,188.1,315.1,100,226.5,318.8,318.8,318.8,,,
2026-09-11T08:23:24.712018Z,458.0,469.313,100,1,read,769.9,1257.5,100,71.3,71.3,75.5,352.3,,,
2026-09-11T08:23:24.712018Z,458.0,469.313,100,1,update,210.0,314.9,100,226.5,234.9,243.3,536.9,,,
2026-09-11T08:23:24.712018Z,459.0,470.312,100,1,read,756.8,1256.4,100,71.3,71.3,79.7,92.3,,,
2026-09-11T08:23:24.712018Z,459.0,470.312,100,1,update,207.9,314.6,100,226.5,234.9,243.3,243.3,,,
2026-09-11T08:23:24.712018Z,460.0,471.312,100,1,read,766.3,1255.4,100,71.3,71.3,71.3,75.5,,,
2026-09-11T08:23:24.712018Z,460.0,471.312,100,1,update,206.1,314.4,100,226.5,226.5,234.9,234.9,,,
2026-09-11T08:23:24.712018Z,461.0,472.313,100,1,read,811.9,1254.4,100,71.3,71.3,71.3,385.9,,,
2026-09-11T08:23:24.712018Z,461.0,472.313,100,1,update,193.0,314.1,100,226.5,226.5,234.9,234.9,,,
2026-09-11T08:23:24.712018Z,462.0,473.312,100,1,read,801.3,1253.4,100,71.3,75.5,88.1,369.1,,,
2026-09-11T08:23:24.712018Z,462.0,473.312,100,1,update,190.8,313.9,100,226.5,234.9,234.9,243.3,,,
2026-09-11T08:23:24.712018Z,463.0,474.339,100,1,read,810.1,1252.5,100,71.3,71.3,75.5,75.5,,,
2026-09-11T08:23:24.712018Z,463.0,474.339,100,1,update,194.0,313.6,100,226.5,226.5,234.9,234.9,,,
2026-09-11T08:23:24.712018Z,464.0,475.313,100,1,read,761.0,1251.4,100,71.3,71.3,83.9,385.9,,,
2026-09-11T08:23:24.712018Z,464.0,475.313,100,1,update,172.0,313.3,100,226.5,234.9,234.9,536.9,,,
2026-09-11T08:23:24.712018Z,465.0,476.318,100,1,read,769.1,1250.4,100,71.3,75.5,79.7,88.1,,,
2026-09-11T08:23:24.712018Z,465.0,476.318,100,1,update,233.0,313.1,100,226.5,302.0,352.3,352.3,,,
2026-09-11T08:23:24.712018Z,466.0,477.342,100,1,read,782.5,1249.4,100,71.3,71.3,75.5,79.7,,,
2026-09-11T08:23:24.712018Z,466.0,477.342,100,1,update,201.1,312.9,100,226.5,226.5,226.5,234.9,,,
2026-09-11T08:23:24.712018Z,467.0,478.317,100,1,read,804.0,1248.4,100,71.3,71.3,75.5,83.9,,,
2026-09-11T08:23:24.712018Z,467.0,478.317,100,1,update,197.0,312.7,100,226.5,234.9,234.9,234.9,,,
2026-09-11T08:23:24.712018Z,468.0,479.317,100,1,read,793.0,1247.4,100,71.3,71.3,71.3,75.5,,,
2026-09-11T08:23:24.712018Z,468.0,479.317,100,1,update,198.0,312.4,100,226.5,285.2,352.3,369.1,,,
2026-09-11T08:23:24.712018Z,469.0,480.315,100,1,read,801.8,1246.5,100,71.3,71.3,83.9,352.3,,,
2026-09-11T08:23:24.712018Z,469.0,480.315,100,1,update,188.0,312.1,100,226.5,226.5,243.3,520.1,,,
2026-09-11T08:23:24.712018Z,470.0,481.319,100,1,read,838.3,1245.6,100,71.3,71.3,83.9,88.1,,,
2026-09-11T08:23:24.712018Z,470.0,481.319,100,1,update,183.1,311.9,100,226.5,234.9,243.3,243.3,,,
2026-09-11T08:23:24.712018Z,471.0,482.315,100,1,read,823.8,1244.7,100,71.3,71.3,75.5,75.5,,,
2026-09-11T08:23:24.712018Z,471.0,482.315,100,1,update,191.9,311.6,100,226.5,226.5,234.9,234.9,,,
2026-09-11T08:23:24.712018Z,472.0,483.327,100,1,read,810.0,1243.8,100,71.3,75.5,75.5,79.7,,,
2026-09-11T08:23:24.712018Z,472.0,483.327,100,1,update,196.0,311.4,100,226.5,285.2,302.0,318.8,,,
2026-09-11T08:23:24.712018Z,473.0,484.326,100,1,read,836.2,1242.9,100,71.3,75.5,79.7,92.3,,,
2026-09-11T08:23:24.712018Z,473.0,484.326,100,1,update,185.0,311.1,100,226.5,234.9,234.9,243.3,,,
2026-09-11T08:23:24.712018Z,474.0,485.316,100,1,read,789.4,1242.0,100,71.3,71.3,75.5,79.7,,,
2026-09-11T08:23:24.712018Z,474.0,485.316,100,1,update,195.8,310.9,100,226.5,226.5,234.9,234.9,,,
2026-09-11T08:23:24.712018Z,475.0,486.461,100,1,read,791.1,1241.0,100,71.3,75.5,75.5,79.7,,,
2026-09-11T08:23:24.712018Z,475.0,486.461,100,1,update,202.0,310.6,100,226.5,260.0,318.8,318.8,,,
2026-09-11T08:23:24.712018Z,476.0,487.318,100,1,read,776.9,1240.1,100,71.3,71.3,79.7,83.9,,,
2026-09-11T08:23:24.712018Z,476.0,487.318,100,1,update,202.0,310.4,100,226.5,234.9,234.9,234.9,,,
2026-09-11T08:23:24.712018Z,477.0,488.326,100,1,read,814.0,1239.2,100,71.3,71.3,71.3,75.5,,,
2026-09-11T08:23:24.712018Z,477.0,488.326,100,1,update,196.0,310.2,100,226.5,226.5,234.9,234.9,,,
2026-09-11T08:23:24.712018Z,478.0,489.316,100,1,read,822.7,1238.3,100,71.3,71.3,75.5,369.1,,,
2026-09-11T08:23:24.712018Z,478.0,489.316,100,1,update,188.2,309.9,100,226.5,226.5,234.9,234.9,,,
2026-09-11T08:23:24.712018Z,479.0,490.32,100,1,read,765.9,1237.3,100,71.3,75.5,83.9,352.3,,,
2026-09-11T08:23:24.712018Z,479.0,490.32,100,1,update,201.0,309.7,100,226.5,285.2,318.8,335.5,,,
2026-09-11T08:23:24.712018Z,480.0,491.315,100,1,read,814.7,1236.4,100,71.3,71.3,71.3,79.7,,,
2026-09-11T08:23:24.712018Z,480.0,491.315,100,1,update,195.9,309.4,100,226.5,226.5,234.9,234.9,,,
2026-09-11T08:23:24.712018Z,481.0,492.316,100,1,read,814.8,1235.5,100,71.3,71.3,71.3,75.5,,,
2026-09-11T08:23:24.712018Z,481.0,492.316,100,1,update,193.9,309.2,100,226.5,234.9,234.9,234.9,,,
2026-09-11T08:23:24.712018Z,482.0,493.315,100,1,read,845.4,1234.7,100,71.3,75.5,75.5,88.1,,,
2026-09-11T08:23:24.712018Z,482.0,493.315,100,1,update,179.1,308.9,100,226.5,302.0,335.5,335.5,,,
2026-09-11T08:23:24.712018Z,483.0,494.32,100,1,read,797.0,1233.8,100,71.3,71.3,75.5,75.5,,,
2026-09-11T08:23:24.712018Z,483.0,494.32,100,1,update,195.0,308.7,100,226.5,234.9,234.9,234.9,,,
2026-09-11T08:23:24.712018Z,484.0,495.333,100,1,read,804.8,1232.9,100,71.3,71.3,75.5,83.9,,,
2026-09-11T08:23:24.712018Z,484.0,495.333,100,1,update,197.9,308.5,100,226.5,226.5,234.9,234.9,,,
2026-09-11T08:23:24.712018Z,485.0,496.317,100,1,read,808.1,1232.1,100,71.3,71.3,75.5,75.5,,,
2026-09-11T08:23:24.712018Z,485.0,496.317,100,1,update,189.0,308.2,100,226.5,234.9,234.9,234.9,,,
2026-09-11T08:23:24.712018Z,486.0,497.317,100,1,read,805.0,1231.2,100,71.3,71.3,75.5,75.5,,,
2026-09-11T08:23:24.712018Z,486.0,497.317,100,1,update,193.0,308.0,100,226.5,285.2,335.5,352.3,,,
2026-09-11T08:23:24.712018Z,487.0,498.318,100,1,read,804.1,1230.3,100,71.3,71.3,71.3,79.7,,,
2026-09-11T08:23:24.712018Z,487.0,498.318,100,1,update,199.0,307.8,100,226.5,234.9,234.9,234.9,,,
2026-09-11T08:23:24.712018Z,488.0,499.315,100,1,read,827.7,1229.5,100,71.3,71.3,75.5,75.5,,,
2026-09-11T08:23:24.712018Z,488.0,499.315,100,1,update,191.9,307.5,100,226.5,226.5,234.9,234.9,,,
2026-09-11T08:23:24.712018Z,489.0,500.317,100,1,read,817.1,1228.6,100,71.3,71.3,75.5,75.5,,,
2026-09-11T08:23:24.712018Z,489.0,500.317,100,1,update,187.0,307.3,100,226.5,302.0,335.5,335.5,,,
2026-09-11T08:23:24.712018Z,490.0,501.319,100,1,read,795.3,1227.8,100,71.3,71.3,79.7,83.9,,,
2026-09-11T08:23:24.712018Z,490.0,501.319,100,1,update,195.1,307.0,100,226.5,234.9,234.9,234.9,,,
2026-09-11T08:23:24.712018Z,491.0,502.317,100,1,read,802.6,1226.9,100,71.3,71.3,71.3,75.5,,,
2026-09-11T08:23:24.712018Z,491.0,502.317,100,1,update,197.9,306.8,100,226.5,234.9,234.9,243.3,,,
2026-09-11T08:23:24.712018Z,492.0,503.318,100,1,read,826.2,1226.1,100,71.3,71.3,75.5,75.5,,,
2026-09-11T08:23:24.712018Z,492.0,503.318,100,1,update,188.1,306.6,100,226.5,285.2,318.8,335.5,,,
2026-09-11T08:23:24.712018Z,493.0,504.352,100,1,read,785.9,1225.2,100,71.3,71.3,75.5,79.7,,,
2026-09-11T08:23:24.712018Z,493.0,504.352,100,1,update,204.0,306.4,100,226.5,234.9,234.9,234.9,,,
2026-09-11T08:23:24.712018Z,494.0,505.314,100,1,read,806.4,1224.3,100,71.3,71.3,75.5,75.5,,,
2026-09-11T08:23:24.712018Z,494.0,505.314,100,1,update,187.1,306.1,100,226.5,234.9,234.9,243.3,,,
2026-09-11T08:23:24.712018Z,495.0,506.318,100,1,read,787.2,1223.5,100,71.3,71.3,75.5,79.7,,,
2026-09-11T08:23:24.712018Z,495.0,506.318,100,1,update,202.8,305.9,100,226.5,234.9,234.9,234.9,,,
2026-09-11T08:23:24.712018Z,496.0,507.325,100,1,read,764.6,1222.5,100,71.3,71.3,75.5,75.5,,,
2026-09-11T08:23:24.712018Z,496.0,507.325,100,1,update,204.2,305.7,100,226.5,285.2,318.8,520.1,,,
2026-09-11T08:23:24.712018Z,497.0,508.315,100,1,read,805.9,1221.7,100,71.3,75.5,79.7,369.1,,,
2026-09-11T08:23:24.712018Z,497.0,508.315,100,1,update,195.0,305.5,100,226.5,234.9,234.9,243.3,,,
2026-09-11T08:23:24.712018Z,498.0,509.315,100,1,read,821.3,1220.9,100,71.3,71.3,79.7,88.1,,,
2026-09-11T08:23:24.712018Z,498.0,509.315,100,1,update,192.1,305.3,100,226.5,234.9,234.9,234.9,,,
2026-09-11T08:23:24.712018Z,499.0,510.318,100,1,read,765.8,1220.0,100,71.3,71.3,75.5,75.5,,,
2026-09-11T08:23:24.712018Z,499.0,510.318,100,1,update,200.0,305.1,100,226.5,302.0,335.5,352.3,,,
2026-09-11T08:23:24.712018Z,500.0,511.315,100,1,read,790.9,1219.1,100,71.3,71.3,75.5,352.3,,,
2026-09-11T08:23:24.712018Z,500.0,511.315,100,1,update,198.0,304.8,100,226.5,234.9,234.9,234.9,,,
2026-09-11T08:23:24.712018Z,501.0,512.317,100,1,read,829.3,1218.3,100,71.3,71.3,71.3,75.5,,,
2026-09-11T08:23:24.712018Z,501.0,512.317,100,1,update,190.1,304.6,100,226.5,226.5,226.5,234.9,,,
2026-09-11T08:23:24.712018Z,502.0,513.321,100,1,read,819.5,1217.5,100,71.3,71.3,71.3,75.5,,,
2026-09-11T08:23:24.712018Z,502.0,513.321,100,1,update,188.9,304.4,100,226.5,226.5,234.9,234.9,,,
2026-09-11T08:23:24.712018Z,503.0,514.314,100,1,read,755.0,1216.6,100,71.3,71.3,75.5,79.7,,,
2026-09-11T08:23:24.712018Z,503.0,514.314,100,1,update,211.0,304.2,100,226.5,251.7,302.0,318.8,,,
2026-09-11T08:23:24.712018Z,504.0,515.319,100,1,read,816.5,1215.8,100,71.3,71.3,71.3,75.5,,,
2026-09-11T08:23:24.712018Z,504.0,515.319,100,1,update,191.1,304.0,100,226.5,226.5,226.5,234.9,,,
2026-09-11T08:23:24.712018Z,505.0,516.318,100,1,read,795.3,1215.0,100,71.3,71.3,75.5,75.5,,,
2026-09-11T08:23:24.712018Z,505.0,516.318,100,1,update,200.8,303.8,100,226.5,226.5,234.9,234.9,,,
2026-09-11T08:23:24.712018Z,506.0,517.318,100,1,read,716.5,1214.0,100,71.3,71.3,75.5,79.7,,,
2026-09-11T08:23:24.712018Z,506.0,517.318,100,1,update,208.1,303.6,100,226.5,335.5,369.1,402.7,,,
2026-09-11T08:23:24.712018Z,507.0,518.334,100,1,read,789.9,1213.2,100,71.3,71.3,75.5,369.1,,,
2026-09-11T08:23:24.712018Z,507.0,518.334,100,1,update,201.0,303.4,100,226.5,234.9,234.9,234.9,,,
2026-09-11T08:23:24.712018Z,508.0,519.319,100,1,read,764.2,1212.3,100,71.3,71.3,71.3,75.5,,,
2026-09-11T08:23:24.712018Z,508.0,519.319,100,1,update,210.1,303.2,100,226.5,226.5,234.9,234.9,,,
2026-09-11T08:23:24.712018Z,509.0,520.322,100,1,read,785.3,1211.5,100,71.3,71.3,75.5,79.7,,,
2026-09-11T08:23:24.712018Z,509.0,520.322,100,1,update,198.8,303.0,100,226.5,234.9,234.9,234.9,,,
2026-09-11T08:23:24.712018Z,510.0,521.315,100,1,read,708.0,1210.5,100,71.3,75.5,75.5,79.7,,,
2026-09-11T08:23:24.712018Z,510.0,521.315,100,1,update,217.0,302.8,100,226.5,335.5,385.9,385.9,,,
2026-09-11T08:23:24.712018Z,511.0,522.317,100,1,read,815.6,1209.7,100,71.3,71.3,71.3,75.5,,,
2026-09-11T08:23:24.712018Z,511.0,522.317,100,1,update,193.1,302.6,100,226.5,226.5,234.9,234.9,,,
2026-09-11T08:23:24.712018Z,512.0,523.32,100,1,read,763.9,1208.8,100,71.3,71.3,75.5,79.7,,,
2026-09-11T08:23:24.712018Z,512.0,523.32,100,1,update,212.0,302.4,100,226.5,226.5,234.9,234.9,,,
2026-09-11T08:23:24.712018Z,513.0,524.314,100,1,read,769.1,1208.0,100,71.3,71.3,75.5,385.9,,,
2026-09-11T08:23:24.712018Z,513.0,524.314,100,1,update,194.0,302.2,100,226.5,302.0,318.8,318.8,,,
2026-09-11T08:23:24.712018Z,514.0,525.315,100,1,read,761.9,1207.1,100,71.3,71.3,71.3,75.5,,,
2026-09-11T08:23:24.712018Z,514.0,525.315,100,1,update,214.0,302.0,100,226.5,226.5,234.9,234.9,,,
2026-09-11T08:23:24.712018Z,515.0,526.319,100,1,read,813.1,1206.3,100,71.3,71.3,75.5,79.7,,,
2026-09-11T08:23:24.712018Z,515.0,526.319,100,1,update,192.0,301.8,100,226.5,226.5,234.9,234.9,,,
2026-09-11T08:23:24.712018Z,516.0,527.319,100,1,read,802.0,1205.5,100,71.3,71.3,71.3,75.5,,,
2026-09-11T08:23:24.712018Z,516.0,527.319,100,1,update,195.0,301.6,100,226.5,226.5,234.9,234.9,,,
2026-09-11T08:23:24.712018Z,517.0,528.316,100,1,read,760.8,1204.7,100,71.3,71.3,75.5,369.1,,,
2026-09-11T08:23:24.712018Z,517.0,528.316,100,1,update,188.9,301.4,100,226.5,352.3,402.7,520.1,,,
2026-09-11T08:23:24.712018Z,518.0,529.315,100,1,read,787.3,1203.9,100,71.3,71.3,75.5,369.1,,,
2026-09-11T08:23:24.712018Z,518.0,529.315,100,1,update,207.1,301.2,100,226.5,234.9,234.9,243.3,,,
2026-09-11T08:23:24.712018Z,519.0,530.326,100,1,read,847.6,1203.2,100,71.3,71.3,75.5,75.5,,,
2026-09-11T08:23:24.712018Z,519.0,530.326,100,1,update,177.9,301.0,100,226.5,234.9,234.9,234.9,,,
2026-09-11T08:23:24.712018Z,520.0,531.321,100,1,read,723.0,1202.3,100,71.3,71.3,75.5,75.5,,,
2026-09-11T08:23:24.712018Z,520.0,531.321,100,1,update,220.0,300.8,100,226.5,285.2,352.3,352.3,,,
2026-09-11T08:23:24.712018Z,521.0,532.314,100,1,read,820.1,1201.5,100,71.3,71.3,75.5,79.7,,,
2026-09-11T08:23:24.712018Z,521.0,532.314,100,1,update,186.0,300.6,100,226.5,234.9,234.9,234.9,,,
2026-09-11T08:23:24.712018Z,522.0,533.322,100,1,read,793.8,1200.8,100,71.3,71.3,71.3,75.5,,,
2026-09-11T08:23:24.712018Z,522.0,533.322,100,1,update,203.0,300.4,100,226.5,226.5,234.9,234.9,,,
2026-09-11T08:23:24.712018Z,523.0,534.316,100,1,read,770.3,1199.9,100,71.3,71.3,71.3,352.3,,,
2026-09-11T08:23:24.712018Z,523.0,534.316,100,1,update,203.1,300.2,100,226.5,234.9,503.3,536.9,,,
2026-09-11T08:23:24.712018Z,524.0,535.315,100,1,read,749.9,1199.1,100,71.3,75.5,75.5,79.7,,,
2026-09-11T08:23:24.712018Z,524.0,535.315,100,1,update,192.0,300.0,100,226.5,369.1,385.9,402.7,,,
2026-09-11T08:23:24.712018Z,525.0,536.315,100,1,read,820.6,1198.4,100,71.3,71.3,75.5,75.5,,,
2026-09-11T08:23:24.712018Z,525.0,536.315,100,1,update,193.9,299.8,100,226.5,226.5,234.9,234.9,,,
2026-09-11T08:23:24.712018Z,526.0,537.317,100,1,read,801.1,1197.6,100,71.3,71.3,75.5,75.5,,,
2026-09-11T08:23:24.712018Z,526.0,537.317,100,1,update,199.0,299.6,100,226.5,226.5,234.9,234.9,,,
2026-09-11T08:23:24.712018Z,527.0,538.332,100,1,read,773.9,1196.8,100,71.3,71.3,75.5,79.7,,,
2026-09-11T08:23:24.712018Z,527.0,538.332,100,1,update,187.0,299.4,100,226.5,369.1,402.7,419.4,,,
2026-09-11T08:23:24.712018Z,528.0,539.325,100,1,read,823.9,1196.1,100,71.3,71.3,75.5,385.9,,,
2026-09-11T08:23:24.712018Z,528.0,539.325,100,1,update,186.0,299.2,100,226.5,234.9,234.9,536.9,,,
2026-09-11T08:23:24.712018Z,529.0,540.316,100,1,read,798.5,1195.3,100,71.3,71.3,71.3,369.1,,,
2026-09-11T08:23:24.712018Z,529.0,540.316,100,1,update,200.1,299.0,100,226.5,234.9,234.9,234.9,,,
2026-09-11T08:23:24.712018Z,530.0,541.321,100,1,read,765.7,1194.5,100,71.3,71.3,75.5,75.5,,,
2026-09-11T08:23:24.712018Z,530.0,541.321,100,1,update,204.9,298.8,100,226.5,234.9,234.9,243.3,,,
2026-09-11T08:23:24.712018Z,531.0,542.317,100,1,read,747.2,1193.7,100,71.3,71.3,75.5,75.5,,,
2026-09-11T08:23:24.712018Z,531.0,542.317,100,1,update,207.1,298.7,100,226.5,318.8,369.1,385.9,,,
2026-09-11T08:23:24.712018Z,532.0,543.315,100,1,read,758.0,1192.9,100,71.3,71.3,71.3,75.5,,,
2026-09-11T08:23:24.712018Z,532.0,543.315,100,1,update,203.0,298.5,100,226.5,234.9,234.9,234.9,,,
2026-09-11T08:23:24.712018Z,533.0,544.315,100,1,read,783.8,1192.1,100,71.3,71.3,71.3,79.7,,,
2026-09-11T08:23:24.712018Z,533.0,544.315,100,1,update,211.0,298.3,100,226.5,234.9,234.9,234.9,,,
2026-09-11T08:23:24.712018Z,534.0,545.318,100,1,read,797.2,1191.4,100,71.3,71.3,75.5,75.5,,,
2026-09-11T08:23:24.712018Z,534.0,545.318,100,1,update,187.0,298.1,100,226.5,302.0,335.5,352.3,,,
2026-09-11T08:23:24.712018Z,535.0,546.317,100,1,read,813.9,1190.7,100,71.3,71.3,71.3,352.3,,,
2026-09-11T08:23:24.712018Z,535.0,546.317,100,1,update,189.0,297.9,100,226.5,234.9,234.9,234.9,,,
2026-09-11T08:23:24.712018Z,536.0,547.314,100,1,read,794.3,1189.9,100,71.3,71.3,75.5,369.1,,,
2026-09-11T08:23:24.712018Z,536.0,547.314,100,1,update,191.1,297.7,100,226.5,234.9,234.9,536.9,,,
2026-09-11T08:23:24.712018Z,537.0,548.316,100,1,read,818.7,1189.2,100,71.3,71.3,71.3,75.5,,,
2026-09-11T08:23:24.712018Z,537.0,548.316,100,1,update,193.9,297.5,100,226.5,234.9,243.3,243.3,,,
2026-09-11T08:23:24.712018Z,538.0,549.317,100,1,read,780.2,1188.5,100,71.3,71.3,75.5,369.1,,,
2026-09-11T08:23:24.712018Z,538.0,549.317,100,1,update,190.1,297.3,100,226.5,318.8,369.1,385.9,,,
2026-09-11T08:23:24.712018Z,539.0,550.321,100,1,read,771.9,1187.7,100,71.3,71.3,75.5,75.5,,,
2026-09-11T08:23:24.712018Z,539.0,550.321,100,1,update,206.0,297.2,100,226.5,226.5,234.9,234.9,,,
2026-09-11T08:23:24.712018Z,540.0,551.32,100,1,read,777.5,1186.9,100,71.3,71.3,75.5,79.7,,,
2026-09-11T08:23:24.712018Z,540.0,551.32,100,1,update,204.9,297.0,100,226.5,234.9,234.9,234.9,,,
2026-09-11T08:23:24.712018Z,541.0,552.316,100,1,read,839.2,1186.3,100,71.3,71.3,71.3,75.5,,,
2026-09-11T08:23:24.712018Z,541.0,552.316,100,1,update,177.1,296.8,100,226.5,234.9,234.9,234.9,,,
2026-09-11T08:23:24.712018Z,542.0,553.374,100,1,read,741.5,1185.5,100,71.3,75.5,75.5,75.5,,,
2026-09-11T08:23:24.712018Z,542.0,553.374,100,1,update,209.1,296.6,100,226.5,369.1,385.9,402.7,,,
2026-09-11T08:23:24.712018Z,543.0,554.415,100,1,read,754.5,1184.7,100,71.3,71.3,71.3,71.3,,,
2026-09-11T08:23:24.712018Z,543.0,554.415,100,1,update,209.8,296.4,100,226.5,226.5,234.9,234.9,,,
2026-09-11T08:23:24.712018Z,544.0,555.315,100,1,read,833.1,1184.0,100,71.3,71.3,71.3,75.5,,,
2026-09-11T08:23:24.712018Z,544.0,555.315,100,1,update,186.0,296.2,100,226.5,226.5,234.9,234.9,,,
2026-09-11T08:23:24.712018Z,545.0,556.316,100,1,read,814.9,1183.3,100,71.3,71.3,75.5,75.5,,,
2026-09-11T08:23:24.712018Z,545.0,556.316,100,1,update,190.0,296.0,100,226.5,285.2,318.8,318.8,,,
2026-09-11T08:23:24.712018Z,546.0,557.321,100,1,read,782.7,1182.6,100,71.3,71.3,71.3,352.3,,,
2026-09-11T08:23:24.712018Z,546.0,557.321,100,1,update,192.9,295.9,100,226.5,234.9,234.9,234.9,,,
2026-09-11T08:23:24.712018Z,547.0,558.326,100,1,read,739.4,1181.8,100,71.3,71.3,71.3,385.9,,,
2026-09-11T08:23:24.712018Z,547.0,558.326,100,1,update,215.1,295.7,100,226.5,226.5,234.9,234.9,,,
2026-09-11T08:23:24.712018Z,548.0,559.321,100,1,read,782.1,1181.1,100,71.3,71.3,71.3,75.5,,,
2026-09-11T08:23:24.712018Z,548.0,559.321,100,1,update,202.0,295.5,100,226.5,226.5,234.9,234.9,,,
2026-09-11T08:23:24.712018Z,549.0,560.316,100,1,read,772.1,1180.3,100,71.3,75.5,75.5,352.3,,,
2026-09-11T08:23:24.712018Z,549.0,560.316,100,1,update,194.0,295.4,100,226.5,318.8,369.1,369.1,,,
2026-09-11T08:23:24.712018Z,550.0,561.314,100,1,read,757.3,1179.6,100,71.3,71.3,75.5,369.1,,,
2026-09-11T08:23:24.712018Z,550.0,561.314,100,1,update,213.1,295.2,100,226.5,234.9,234.9,234.9,,,
2026-09-11T08:23:24.712018Z,551.0,562.318,100,1,read,816.3,1178.9,100,71.3,71.3,75.5,79.7,,,
2026-09-11T08:23:24.712018Z,551.0,562.318,100,1,update,187.8,295.0,100,226.5,226.5,234.9,243.3,,,
2026-09-11T08:23:24.712018Z,552.0,563.32,100,1,read,771.4,1178.2,100,71.3,71.3,75.5,369.1,,,
2026-09-11T08:23:24.712018Z,552.0,563.32,100,1,update,163.1,294.8,100,226.5,234.9,234.9,243.3,,,
2026-09-11T08:23:24.712018Z,553.0,564.314,100,1,read,781.2,1177.4,100,71.3,75.5,79.7,79.7,,,
2026-09-11T08:23:24.712018Z,553.0,564.314,100,1,update,229.0,294.6,100,226.5,369.1,402.7,419.4,,,
2026-09-11T08:23:24.712018Z,554.0,565.314,100,1,read,830.4,1176.8,100,71.3,71.3,75.5,75.5,,,
2026-09-11T08:23:24.712018Z,554.0,565.314,100,1,update,188.9,294.5,100,226.5,234.9,243.3,260.0,,,
2026-09-11T08:23:24.712018Z,555.0,566.329,100,1,read,794.3,1176.1,100,71.3,71.3,75.5,369.1,,,
2026-09-11T08:23:24.712018Z,555.0,566.329,100,1,update,192.1,294.3,100,226.5,226.5,234.9,234.9,,,
